snapshot_date,source_id,category,race_id,chamber,state,district,quantity,value,unit
2026-08-19,polymarket,market,NATL_SENATE_2026,national,,,win_prob_D,0.505,prob
2026-08-19,polymarket,market,NATL_SENATE_2026,national,,,win_prob_R,0.495,prob
2026-08-19,polymarket,market,NATL_HOUSE_2026,national,,,win_prob_D,0.875,prob
2026-08-19,polymarket,market,NATL_HOUSE_2026,national,,,win_prob_R,0.125,prob
2026-08-19,polymarket,market,SEN_OF_2026,senate,OF,,win_prob_D,0.475,prob
2026-08-19,polymarket,market,SEN_OF_2026,senate,OF,,win_prob_D,0.011,prob
2026-08-19,polymarket,market,SEN_OF_2026,senate,OF,,win_prob_D,0.395,prob
2026-08-19,polymarket,market,SEN_OF_2026,senate,OF,,win_prob_D,0.125,prob
2026-08-19,polymarket,market,GOV_IN_2026,governor,IN,,win_prob_D,0.0005,prob
2026-08-19,polymarket,market,GOV_IN_2026,governor,IN,,win_prob_D,0.0005,prob
2026-08-19,polymarket,market,GOV_IN_2026,governor,IN,,win_prob_D,0.0005,prob
2026-08-19,polymarket,market,GOV_IN_2026,governor,IN,,win_prob_D,0.0005,prob
2026-08-19,polymarket,market,GOV_IN_2026,governor,IN,,win_prob_D,0.053,prob
2026-08-19,polymarket,market,GOV_IN_2026,governor,IN,,win_prob_D,0.946,prob
2026-08-19,polymarket,market,GOV_IN_2026,governor,IN,,win_prob_D,0.0005,prob
2026-08-19,polymarket,market,GOV_IN_2026,governor,IN,,win_prob_D,0.0005,prob
2026-08-19,polymarket,market,GOV_IN_2026,governor,IN,,win_prob_D,0.0005,prob
2026-08-19,polymarket,market,GOV_IN_2026,governor,IN,,win_prob_D,0.0005,prob
2026-08-19,polymarket,market,GOV_IN_2026,governor,IN,,win_prob_D,0.0005,prob
2026-08-19,polymarket,market,GOV_IN_2026,governor,IN,,win_prob_D,0.0005,prob
2026-08-19,polymarket,market,GOV_IN_2026,governor,IN,,win_prob_D,0.0005,prob
2026-08-19,polymarket,market,GOV_IN_2026,governor,IN,,win_prob_D,0.0005,prob
2026-08-19,polymarket,market,GOV_IN_2026,governor,IN,,win_prob_D,0.0005,prob
2026-08-19,polymarket,market,GOV_IN_2026,governor,IN,,win_prob_D,0.0005,prob
2026-08-19,polymarket,market,GOV_IN_2026,governor,IN,,win_prob_D,0.0005,prob
2026-08-19,polymarket,market,GOV_IN_2026,governor,IN,,win_prob_D,0.0005,prob
2026-08-19,polymarket,market,GOV_IN_2026,governor,IN,,win_prob_D,0.0005,prob
2026-08-19,polymarket,market,GOV_IN_2026,governor,IN,,win_prob_D,0.0015,prob
2026-08-19,polymarket,market,GOV_IN_2026,governor,IN,,win_prob_D,0.0005,prob
2026-08-19,polymarket,market,GOV_IN_2026,governor,IN,,win_prob_D,0.0005,prob
2026-08-19,polymarket,market,GOV_IN_2026,governor,IN,,win_prob_D,0.0005,prob
2026-08-19,polymarket,market,GOV_IN_2026,governor,IN,,win_prob_D,0.875,prob
2026-08-19,polymarket,market,GOV_IN_2026,governor,IN,,win_prob_R,0.12,prob
2026-08-19,polymarket,market,GOV_IN_2026,governor,IN,,win_prob_D,0.058,prob
2026-08-19,polymarket,market,GOV_IN_2026,governor,IN,,win_prob_R,0.946,prob
2026-08-19,polymarket,market,GOV_IN_2026,governor,IN,,win_prob_D,0.0075,prob
2026-08-19,polymarket,market,GOV_IN_2026,governor,IN,,win_prob_R,0.966,prob
2026-08-19,polymarket,market,GOV_IN_2026,governor,IN,,win_prob_D,0.9595,prob
2026-08-19,polymarket,market,GOV_IN_2026,governor,IN,,win_prob_R,0.0375,prob
2026-08-19,polymarket,market,GOV_IN_2026,governor,IN,,win_prob_D,0.9935,prob
2026-08-19,polymarket,market,GOV_IN_2026,governor,IN,,win_prob_R,0.0075,prob
2026-08-19,polymarket,market,GOV_IN_2026,governor,IN,,win_prob_D,0.17,prob
2026-08-19,polymarket,market,GOV_IN_2026,governor,IN,,win_prob_R,0.83,prob
2026-08-19,polymarket,market,GOV_IN_2026,governor,IN,,win_prob_D,0.595,prob
2026-08-19,polymarket,market,GOV_IN_2026,governor,IN,,win_prob_R,0.41,prob
2026-08-19,polymarket,market,GOV_IN_2026,governor,IN,,win_prob_D,0.9695,prob
2026-08-19,polymarket,market,GOV_IN_2026,governor,IN,,win_prob_R,0.016,prob
2026-08-19,polymarket,market,GOV_IN_2026,governor,IN,,win_prob_D,0.024,prob
2026-08-19,polymarket,market,GOV_IN_2026,governor,IN,,win_prob_R,0.9595,prob
2026-08-19,polymarket,market,GOV_IN_2026,governor,IN,,win_prob_D,0.955,prob
2026-08-19,polymarket,market,GOV_IN_2026,governor,IN,,win_prob_R,0.055,prob
2026-08-19,polymarket,market,GOV_IN_2026,governor,IN,,win_prob_D,0.775,prob
2026-08-19,polymarket,market,GOV_IN_2026,governor,IN,,win_prob_R,0.235,prob
2026-08-19,polymarket,market,GOV_IN_2026,governor,IN,,win_prob_D,0.345,prob
2026-08-19,polymarket,market,GOV_IN_2026,governor,IN,,win_prob_R,0.66,prob
2026-08-19,polymarket,market,GOV_IN_2026,governor,IN,,win_prob_D,0.9595,prob
2026-08-19,polymarket,market,GOV_IN_2026,governor,IN,,win_prob_R,0.041,prob
2026-08-19,polymarket,market,GOV_IN_2026,governor,IN,,win_prob_D,0.962,prob
2026-08-19,polymarket,market,GOV_IN_2026,governor,IN,,win_prob_R,0.0305,prob
2026-08-19,polymarket,market,GOV_IN_2026,governor,IN,,win_prob_D,0.9615,prob
2026-08-19,polymarket,market,GOV_IN_2026,governor,IN,,win_prob_R,0.034,prob
2026-08-19,polymarket,market,GOV_IN_2026,governor,IN,,win_prob_D,0.865,prob
2026-08-19,polymarket,market,GOV_IN_2026,governor,IN,,win_prob_R,0.135,prob
2026-08-19,polymarket,market,GOV_IN_2026,governor,IN,,win_prob_D,0.0035,prob
2026-08-19,polymarket,market,GOV_IN_2026,governor,IN,,win_prob_D,0.945,prob
2026-08-19,polymarket,market,GOV_IN_2026,governor,IN,,win_prob_R,0.054,prob
2026-08-19,polymarket,market,GOV_IN_2026,governor,IN,,win_prob_D,0.085,prob
2026-08-19,polymarket,market,GOV_IN_2026,governor,IN,,win_prob_R,0.925,prob
2026-08-19,polymarket,market,GOV_IN_2026,governor,IN,,win_prob_D,0.435,prob
2026-08-19,polymarket,market,GOV_IN_2026,governor,IN,,win_prob_R,0.555,prob
2026-08-19,polymarket,market,GOV_IN_2026,governor,IN,,win_prob_D,0.165,prob
2026-08-19,polymarket,market,GOV_IN_2026,governor,IN,,win_prob_R,0.83,prob
2026-08-19,polymarket,market,GOV_IN_2026,governor,IN,,win_prob_D,0.915,prob
2026-08-19,polymarket,market,GOV_IN_2026,governor,IN,,win_prob_R,0.095,prob
2026-08-19,polymarket,market,GOV_IN_2026,governor,IN,,win_prob_D,0.945,prob
2026-08-19,polymarket,market,GOV_IN_2026,governor,IN,,win_prob_R,0.055,prob
2026-08-19,polymarket,market,GOV_IN_2026,governor,IN,,win_prob_D,0.48,prob
2026-08-19,polymarket,market,GOV_IN_2026,governor,IN,,win_prob_R,0.485,prob
2026-08-19,polymarket,market,SEN_OF_2026,senate,OF,,win_prob_D,0.475,prob
2026-08-19,polymarket,market,SEN_OF_2026,senate,OF,,win_prob_D,0.011,prob
2026-08-19,polymarket,market,SEN_OF_2026,senate,OF,,win_prob_D,0.395,prob
2026-08-19,polymarket,market,SEN_OF_2026,senate,OF,,win_prob_D,0.125,prob
2026-08-19,polymarket,market,NATL_SENATE_2026,national,,,win_prob_D,0.505,prob
2026-08-19,polymarket,market,NATL_SENATE_2026,national,,,win_prob_R,0.495,prob
2026-08-19,polymarket,market,NATL_HOUSE_2026,national,,,win_prob_D,0.875,prob
2026-08-19,polymarket,market,NATL_HOUSE_2026,national,,,win_prob_R,0.125,prob
2026-08-19,polymarket,market,SEN_OF_2026,senate,OF,,win_prob_D,0.475,prob
2026-08-19,polymarket,market,SEN_OF_2026,senate,OF,,win_prob_D,0.011,prob
2026-08-19,polymarket,market,SEN_OF_2026,senate,OF,,win_prob_D,0.395,prob
2026-08-19,polymarket,market,SEN_OF_2026,senate,OF,,win_prob_D,0.125,prob
2026-08-19,polymarket,market,GOV_IN_2026,governor,IN,,win_prob_D,0.0005,prob
2026-08-19,polymarket,market,GOV_IN_2026,governor,IN,,win_prob_D,0.0005,prob
2026-08-19,polymarket,market,GOV_IN_2026,governor,IN,,win_prob_D,0.0005,prob
2026-08-19,polymarket,market,GOV_IN_2026,governor,IN,,win_prob_D,0.0005,prob
2026-08-19,polymarket,market,GOV_IN_2026,governor,IN,,win_prob_D,0.053,prob
2026-08-19,polymarket,market,GOV_IN_2026,governor,IN,,win_prob_D,0.946,prob
2026-08-19,polymarket,market,GOV_IN_2026,governor,IN,,win_prob_D,0.0005,prob
2026-08-19,polymarket,market,GOV_IN_2026,governor,IN,,win_prob_D,0.0005,prob
2026-08-19,polymarket,market,GOV_IN_2026,governor,IN,,win_prob_D,0.0005,prob
2026-08-19,polymarket,market,GOV_IN_2026,governor,IN,,win_prob_D,0.0005,prob
2026-08-19,polymarket,market,GOV_IN_2026,governor,IN,,win_prob_D,0.0005,prob
2026-08-19,polymarket,market,GOV_IN_2026,governor,IN,,win_prob_D,0.0005,prob
2026-08-19,polymarket,market,GOV_IN_2026,governor,IN,,win_prob_D,0.0005,prob
2026-08-19,polymarket,market,GOV_IN_2026,governor,IN,,win_prob_D,0.0005,prob
2026-08-19,polymarket,market,GOV_IN_2026,governor,IN,,win_prob_D,0.0005,prob
2026-08-19,polymarket,market,GOV_IN_2026,governor,IN,,win_prob_D,0.0005,prob
2026-08-19,polymarket,market,GOV_IN_2026,governor,IN,,win_prob_D,0.0005,prob
2026-08-19,polymarket,market,GOV_IN_2026,governor,IN,,win_prob_D,0.0005,prob
2026-08-19,polymarket,market,GOV_IN_2026,governor,IN,,win_prob_D,0.0005,prob
2026-08-19,polymarket,market,GOV_IN_2026,governor,IN,,win_prob_D,0.0015,prob
2026-08-19,polymarket,market,GOV_IN_2026,governor,IN,,win_prob_D,0.0005,prob
2026-08-19,polymarket,market,GOV_IN_2026,governor,IN,,win_prob_D,0.0005,prob
2026-08-19,polymarket,market,GOV_IN_2026,governor,IN,,win_prob_D,0.0005,prob
2026-08-19,polymarket,market,GOV_IN_2026,governor,IN,,win_prob_D,0.875,prob
2026-08-19,polymarket,market,GOV_IN_2026,governor,IN,,win_prob_R,0.125,prob
2026-08-19,polymarket,market,GOV_IN_2026,governor,IN,,win_prob_D,0.058,prob
2026-08-19,polymarket,market,GOV_IN_2026,governor,IN,,win_prob_R,0.946,prob
2026-08-19,polymarket,market,GOV_IN_2026,governor,IN,,win_prob_D,0.0075,prob
2026-08-19,polymarket,market,GOV_IN_2026,governor,IN,,win_prob_R,0.9655,prob
2026-08-19,polymarket,market,GOV_IN_2026,governor,IN,,win_prob_D,0.9595,prob
2026-08-19,polymarket,market,GOV_IN_2026,governor,IN,,win_prob_R,0.038,prob
2026-08-19,polymarket,market,GOV_IN_2026,governor,IN,,win_prob_D,0.9935,prob
2026-08-19,polymarket,market,GOV_IN_2026,governor,IN,,win_prob_R,0.009,prob
2026-08-19,polymarket,market,GOV_IN_2026,governor,IN,,win_prob_D,0.17,prob
2026-08-19,polymarket,market,GOV_IN_2026,governor,IN,,win_prob_R,0.83,prob
2026-08-19,polymarket,market,GOV_IN_2026,governor,IN,,win_prob_D,0.6,prob
2026-08-19,polymarket,market,GOV_IN_2026,governor,IN,,win_prob_R,0.41,prob
2026-08-19,polymarket,market,GOV_IN_2026,governor,IN,,win_prob_D,0.9665,prob
2026-08-19,polymarket,market,GOV_IN_2026,governor,IN,,win_prob_R,0.016,prob
2026-08-19,polymarket,market,GOV_IN_2026,governor,IN,,win_prob_D,0.0225,prob
2026-08-19,polymarket,market,GOV_IN_2026,governor,IN,,win_prob_R,0.9595,prob
2026-08-19,polymarket,market,GOV_IN_2026,governor,IN,,win_prob_D,0.955,prob
2026-08-19,polymarket,market,GOV_IN_2026,governor,IN,,win_prob_R,0.055,prob
2026-08-19,polymarket,market,GOV_IN_2026,governor,IN,,win_prob_D,0.775,prob
2026-08-19,polymarket,market,GOV_IN_2026,governor,IN,,win_prob_R,0.235,prob
2026-08-19,polymarket,market,GOV_IN_2026,governor,IN,,win_prob_D,0.345,prob
2026-08-19,polymarket,market,GOV_IN_2026,governor,IN,,win_prob_R,0.66,prob
2026-08-19,polymarket,market,GOV_IN_2026,governor,IN,,win_prob_D,0.96,prob
2026-08-19,polymarket,market,GOV_IN_2026,governor,IN,,win_prob_R,0.042,prob
2026-08-19,polymarket,market,GOV_IN_2026,governor,IN,,win_prob_D,0.962,prob
2026-08-19,polymarket,market,GOV_IN_2026,governor,IN,,win_prob_R,0.0305,prob
2026-08-19,polymarket,market,GOV_IN_2026,governor,IN,,win_prob_D,0.9615,prob
2026-08-19,polymarket,market,GOV_IN_2026,governor,IN,,win_prob_R,0.034,prob
2026-08-19,polymarket,market,GOV_IN_2026,governor,IN,,win_prob_D,0.865,prob
2026-08-19,polymarket,market,GOV_IN_2026,governor,IN,,win_prob_R,0.135,prob
2026-08-19,polymarket,market,GOV_IN_2026,governor,IN,,win_prob_D,0.0035,prob
2026-08-19,polymarket,market,GOV_IN_2026,governor,IN,,win_prob_D,0.945,prob
2026-08-19,polymarket,market,GOV_IN_2026,governor,IN,,win_prob_R,0.054,prob
2026-08-19,polymarket,market,GOV_IN_2026,governor,IN,,win_prob_D,0.085,prob
2026-08-19,polymarket,market,GOV_IN_2026,governor,IN,,win_prob_R,0.925,prob
2026-08-19,polymarket,market,GOV_IN_2026,governor,IN,,win_prob_D,0.435,prob
2026-08-19,polymarket,market,GOV_IN_2026,governor,IN,,win_prob_R,0.565,prob
2026-08-19,polymarket,market,GOV_IN_2026,governor,IN,,win_prob_D,0.1625,prob
2026-08-19,polymarket,market,GOV_IN_2026,governor,IN,,win_prob_R,0.83,prob
2026-08-19,polymarket,market,GOV_IN_2026,governor,IN,,win_prob_D,0.915,prob
2026-08-19,polymarket,market,GOV_IN_2026,governor,IN,,win_prob_R,0.095,prob
2026-08-19,polymarket,market,GOV_IN_2026,governor,IN,,win_prob_D,0.945,prob
2026-08-19,polymarket,market,GOV_IN_2026,governor,IN,,win_prob_R,0.055,prob
2026-08-19,polymarket,market,GOV_IN_2026,governor,IN,,win_prob_D,0.48,prob
2026-08-19,polymarket,market,GOV_IN_2026,governor,IN,,win_prob_R,0.485,prob
2026-08-19,polymarket,market,NATL_SENATE_2026,national,,,win_prob_D,0.505,prob
2026-08-19,polymarket,market,NATL_SENATE_2026,national,,,win_prob_R,0.495,prob
2026-08-19,polymarket,market,NATL_HOUSE_2026,national,,,win_prob_D,0.875,prob
2026-08-19,polymarket,market,NATL_HOUSE_2026,national,,,win_prob_R,0.125,prob
2026-08-19,polymarket,market,SEN_OF_2026,senate,OF,,win_prob_D,0.475,prob
2026-08-19,polymarket,market,SEN_OF_2026,senate,OF,,win_prob_D,0.011,prob
2026-08-19,polymarket,market,SEN_OF_2026,senate,OF,,win_prob_D,0.395,prob
2026-08-19,polymarket,market,SEN_OF_2026,senate,OF,,win_prob_D,0.125,prob
2026-08-19,polymarket,market,GOV_IN_2026,governor,IN,,win_prob_D,0.0005,prob
2026-08-19,polymarket,market,GOV_IN_2026,governor,IN,,win_prob_D,0.0005,prob
2026-08-19,polymarket,market,GOV_IN_2026,governor,IN,,win_prob_D,0.0005,prob
2026-08-19,polymarket,market,GOV_IN_2026,governor,IN,,win_prob_D,0.0005,prob
2026-08-19,polymarket,market,GOV_IN_2026,governor,IN,,win_prob_D,0.053,prob
2026-08-19,polymarket,market,GOV_IN_2026,governor,IN,,win_prob_D,0.946,prob
2026-08-19,polymarket,market,GOV_IN_2026,governor,IN,,win_prob_D,0.0005,prob
2026-08-19,polymarket,market,GOV_IN_2026,governor,IN,,win_prob_D,0.0005,prob
2026-08-19,polymarket,market,GOV_IN_2026,governor,IN,,win_prob_D,0.0005,prob
2026-08-19,polymarket,market,GOV_IN_2026,governor,IN,,win_prob_D,0.0005,prob
2026-08-19,polymarket,market,GOV_IN_2026,governor,IN,,win_prob_D,0.0005,prob
2026-08-19,polymarket,market,GOV_IN_2026,governor,IN,,win_prob_D,0.0005,prob
2026-08-19,polymarket,market,GOV_IN_2026,governor,IN,,win_prob_D,0.0005,prob
2026-08-19,polymarket,market,GOV_IN_2026,governor,IN,,win_prob_D,0.0005,prob
2026-08-19,polymarket,market,GOV_IN_2026,governor,IN,,win_prob_D,0.0005,prob
2026-08-19,polymarket,market,GOV_IN_2026,governor,IN,,win_prob_D,0.0005,prob
2026-08-19,polymarket,market,GOV_IN_2026,governor,IN,,win_prob_D,0.0005,prob
2026-08-19,polymarket,market,GOV_IN_2026,governor,IN,,win_prob_D,0.0005,prob
2026-08-19,polymarket,market,GOV_IN_2026,governor,IN,,win_prob_D,0.0005,prob
2026-08-19,polymarket,market,GOV_IN_2026,governor,IN,,win_prob_D,0.0015,prob
2026-08-19,polymarket,market,GOV_IN_2026,governor,IN,,win_prob_D,0.0005,prob
2026-08-19,polymarket,market,GOV_IN_2026,governor,IN,,win_prob_D,0.0005,prob
2026-08-19,polymarket,market,GOV_IN_2026,governor,IN,,win_prob_D,0.0005,prob
2026-08-19,polymarket,market,GOV_IN_2026,governor,IN,,win_prob_D,0.875,prob
2026-08-19,polymarket,market,GOV_IN_2026,governor,IN,,win_prob_R,0.125,prob
2026-08-19,polymarket,market,GOV_IN_2026,governor,IN,,win_prob_D,0.058,prob
2026-08-19,polymarket,market,GOV_IN_2026,governor,IN,,win_prob_R,0.946,prob
2026-08-19,polymarket,market,GOV_IN_2026,governor,IN,,win_prob_D,0.0075,prob
2026-08-19,polymarket,market,GOV_IN_2026,governor,IN,,win_prob_R,0.9655,prob
2026-08-19,polymarket,market,GOV_IN_2026,governor,IN,,win_prob_D,0.9595,prob
2026-08-19,polymarket,market,GOV_IN_2026,governor,IN,,win_prob_R,0.038,prob
2026-08-19,polymarket,market,GOV_IN_2026,governor,IN,,win_prob_D,0.9935,prob
2026-08-19,polymarket,market,GOV_IN_2026,governor,IN,,win_prob_R,0.009,prob
2026-08-19,polymarket,market,GOV_IN_2026,governor,IN,,win_prob_D,0.17,prob
2026-08-19,polymarket,market,GOV_IN_2026,governor,IN,,win_prob_R,0.83,prob
2026-08-19,polymarket,market,GOV_IN_2026,governor,IN,,win_prob_D,0.6,prob
2026-08-19,polymarket,market,GOV_IN_2026,governor,IN,,win_prob_R,0.41,prob
2026-08-19,polymarket,market,GOV_IN_2026,governor,IN,,win_prob_D,0.9665,prob
2026-08-19,polymarket,market,GOV_IN_2026,governor,IN,,win_prob_R,0.016,prob
2026-08-19,polymarket,market,GOV_IN_2026,governor,IN,,win_prob_D,0.0225,prob
2026-08-19,polymarket,market,GOV_IN_2026,governor,IN,,win_prob_R,0.9595,prob
2026-08-19,polymarket,market,GOV_IN_2026,governor,IN,,win_prob_D,0.955,prob
2026-08-19,polymarket,market,GOV_IN_2026,governor,IN,,win_prob_R,0.055,prob
2026-08-19,polymarket,market,GOV_IN_2026,governor,IN,,win_prob_D,0.775,prob
2026-08-19,polymarket,market,GOV_IN_2026,governor,IN,,win_prob_R,0.235,prob
2026-08-19,polymarket,market,GOV_IN_2026,governor,IN,,win_prob_D,0.345,prob
2026-08-19,polymarket,market,GOV_IN_2026,governor,IN,,win_prob_R,0.66,prob
2026-08-19,polymarket,market,GOV_IN_2026,governor,IN,,win_prob_D,0.96,prob
2026-08-19,polymarket,market,GOV_IN_2026,governor,IN,,win_prob_R,0.042,prob
2026-08-19,polymarket,market,GOV_IN_2026,governor,IN,,win_prob_D,0.962,prob
2026-08-19,polymarket,market,GOV_IN_2026,governor,IN,,win_prob_R,0.0305,prob
2026-08-19,polymarket,market,GOV_IN_2026,governor,IN,,win_prob_D,0.9615,prob
2026-08-19,polymarket,market,GOV_IN_2026,governor,IN,,win_prob_R,0.034,prob
2026-08-19,polymarket,market,GOV_IN_2026,governor,IN,,win_prob_D,0.865,prob
2026-08-19,polymarket,market,GOV_IN_2026,governor,IN,,win_prob_R,0.135,prob
2026-08-19,polymarket,market,GOV_IN_2026,governor,IN,,win_prob_D,0.0035,prob
2026-08-19,polymarket,market,GOV_IN_2026,governor,IN,,win_prob_D,0.945,prob
2026-08-19,polymarket,market,GOV_IN_2026,governor,IN,,win_prob_R,0.054,prob
2026-08-19,polymarket,market,GOV_IN_2026,governor,IN,,win_prob_D,0.085,prob
2026-08-19,polymarket,market,GOV_IN_2026,governor,IN,,win_prob_R,0.925,prob
2026-08-19,polymarket,market,GOV_IN_2026,governor,IN,,win_prob_D,0.435,prob
2026-08-19,polymarket,market,GOV_IN_2026,governor,IN,,win_prob_R,0.565,prob
2026-08-19,polymarket,market,GOV_IN_2026,governor,IN,,win_prob_D,0.1625,prob
2026-08-19,polymarket,market,GOV_IN_2026,governor,IN,,win_prob_R,0.83,prob
2026-08-19,polymarket,market,GOV_IN_2026,governor,IN,,win_prob_D,0.915,prob
2026-08-19,polymarket,market,GOV_IN_2026,governor,IN,,win_prob_R,0.095,prob
2026-08-19,polymarket,market,GOV_IN_2026,governor,IN,,win_prob_D,0.945,prob
2026-08-19,polymarket,market,GOV_IN_2026,governor,IN,,win_prob_R,0.055,prob
2026-08-19,polymarket,market,GOV_IN_2026,governor,IN,,win_prob_D,0.48,prob
2026-08-19,polymarket,market,GOV_IN_2026,governor,IN,,win_prob_R,0.485,prob
2026-08-19,polymarket,market,NATL_SENATE_2026,national,,,win_prob_D,0.505,prob
2026-08-19,polymarket,market,NATL_SENATE_2026,national,,,win_prob_R,0.495,prob
2026-08-19,polymarket,market,NATL_HOUSE_2026,national,,,win_prob_D,0.875,prob
2026-08-19,polymarket,market,NATL_HOUSE_2026,national,,,win_prob_R,0.125,prob
2026-08-19,polymarket,market,SEN_OF_2026,senate,OF,,win_prob_D,0.475,prob
2026-08-19,polymarket,market,SEN_OF_2026,senate,OF,,win_prob_D,0.011,prob
2026-08-19,polymarket,market,SEN_OF_2026,senate,OF,,win_prob_D,0.395,prob
2026-08-19,polymarket,market,SEN_OF_2026,senate,OF,,win_prob_D,0.125,prob
2026-08-19,polymarket,market,GOV_IN_2026,governor,IN,,win_prob_D,0.0005,prob
2026-08-19,polymarket,market,GOV_IN_2026,governor,IN,,win_prob_D,0.0005,prob
2026-08-19,polymarket,market,GOV_IN_2026,governor,IN,,win_prob_D,0.0005,prob
2026-08-19,polymarket,market,GOV_IN_2026,governor,IN,,win_prob_D,0.0005,prob
2026-08-19,polymarket,market,GOV_IN_2026,governor,IN,,win_prob_D,0.053,prob
2026-08-19,polymarket,market,GOV_IN_2026,governor,IN,,win_prob_D,0.946,prob
2026-08-19,polymarket,market,GOV_IN_2026,governor,IN,,win_prob_D,0.0005,prob
2026-08-19,polymarket,market,GOV_IN_2026,governor,IN,,win_prob_D,0.0005,prob
2026-08-19,polymarket,market,GOV_IN_2026,governor,IN,,win_prob_D,0.0005,prob
2026-08-19,polymarket,market,GOV_IN_2026,governor,IN,,win_prob_D,0.0005,prob
2026-08-19,polymarket,market,GOV_IN_2026,governor,IN,,win_prob_D,0.0005,prob
2026-08-19,polymarket,market,GOV_IN_2026,governor,IN,,win_prob_D,0.0005,prob
2026-08-19,polymarket,market,GOV_IN_2026,governor,IN,,win_prob_D,0.0005,prob
2026-08-19,polymarket,market,GOV_IN_2026,governor,IN,,win_prob_D,0.0005,prob
2026-08-19,polymarket,market,GOV_IN_2026,governor,IN,,win_prob_D,0.0005,prob
2026-08-19,polymarket,market,GOV_IN_2026,governor,IN,,win_prob_D,0.0005,prob
2026-08-19,polymarket,market,GOV_IN_2026,governor,IN,,win_prob_D,0.0005,prob
2026-08-19,polymarket,market,GOV_IN_2026,governor,IN,,win_prob_D,0.0005,prob
2026-08-19,polymarket,market,GOV_IN_2026,governor,IN,,win_prob_D,0.0005,prob
2026-08-19,polymarket,market,GOV_IN_2026,governor,IN,,win_prob_D,0.0015,prob
2026-08-19,polymarket,market,GOV_IN_2026,governor,IN,,win_prob_D,0.0005,prob
2026-08-19,polymarket,market,GOV_IN_2026,governor,IN,,win_prob_D,0.0005,prob
2026-08-19,polymarket,market,GOV_IN_2026,governor,IN,,win_prob_D,0.0005,prob
2026-08-19,polymarket,market,GOV_IN_2026,governor,IN,,win_prob_D,0.875,prob
2026-08-19,polymarket,market,GOV_IN_2026,governor,IN,,win_prob_R,0.125,prob
2026-08-19,polymarket,market,GOV_IN_2026,governor,IN,,win_prob_D,0.058,prob
2026-08-19,polymarket,market,GOV_IN_2026,governor,IN,,win_prob_R,0.946,prob
2026-08-19,polymarket,market,GOV_IN_2026,governor,IN,,win_prob_D,0.0075,prob
2026-08-19,polymarket,market,GOV_IN_2026,governor,IN,,win_prob_R,0.9655,prob
2026-08-19,polymarket,market,GOV_IN_2026,governor,IN,,win_prob_D,0.9595,prob
2026-08-19,polymarket,market,GOV_IN_2026,governor,IN,,win_prob_R,0.038,prob
2026-08-19,polymarket,market,GOV_IN_2026,governor,IN,,win_prob_D,0.9935,prob
2026-08-19,polymarket,market,GOV_IN_2026,governor,IN,,win_prob_R,0.009,prob
2026-08-19,polymarket,market,GOV_IN_2026,governor,IN,,win_prob_D,0.17,prob
2026-08-19,polymarket,market,GOV_IN_2026,governor,IN,,win_prob_R,0.83,prob
2026-08-19,polymarket,market,GOV_IN_2026,governor,IN,,win_prob_D,0.6,prob
2026-08-19,polymarket,market,GOV_IN_2026,governor,IN,,win_prob_R,0.41,prob
2026-08-19,polymarket,market,GOV_IN_2026,governor,IN,,win_prob_D,0.9665,prob
2026-08-19,polymarket,market,GOV_IN_2026,governor,IN,,win_prob_R,0.016,prob
2026-08-19,polymarket,market,GOV_IN_2026,governor,IN,,win_prob_D,0.0225,prob
2026-08-19,polymarket,market,GOV_IN_2026,governor,IN,,win_prob_R,0.9595,prob
2026-08-19,polymarket,market,GOV_IN_2026,governor,IN,,win_prob_D,0.955,prob
2026-08-19,polymarket,market,GOV_IN_2026,governor,IN,,win_prob_R,0.055,prob
2026-08-19,polymarket,market,GOV_IN_2026,governor,IN,,win_prob_D,0.775,prob
2026-08-19,polymarket,market,GOV_IN_2026,governor,IN,,win_prob_R,0.235,prob
2026-08-19,polymarket,market,GOV_IN_2026,governor,IN,,win_prob_D,0.345,prob
2026-08-19,polymarket,market,GOV_IN_2026,governor,IN,,win_prob_R,0.66,prob
2026-08-19,polymarket,market,GOV_IN_2026,governor,IN,,win_prob_D,0.96,prob
2026-08-19,polymarket,market,GOV_IN_2026,governor,IN,,win_prob_R,0.042,prob
2026-08-19,polymarket,market,GOV_IN_2026,governor,IN,,win_prob_D,0.962,prob
2026-08-19,polymarket,market,GOV_IN_2026,governor,IN,,win_prob_R,0.0305,prob
2026-08-19,polymarket,market,GOV_IN_2026,governor,IN,,win_prob_D,0.9615,prob
2026-08-19,polymarket,market,GOV_IN_2026,governor,IN,,win_prob_R,0.034,prob
2026-08-19,polymarket,market,GOV_IN_2026,governor,IN,,win_prob_D,0.865,prob
2026-08-19,polymarket,market,GOV_IN_2026,governor,IN,,win_prob_R,0.135,prob
2026-08-19,polymarket,market,GOV_IN_2026,governor,IN,,win_prob_D,0.0035,prob
2026-08-19,polymarket,market,GOV_IN_2026,governor,IN,,win_prob_D,0.945,prob
2026-08-19,polymarket,market,GOV_IN_2026,governor,IN,,win_prob_R,0.054,prob
2026-08-19,polymarket,market,GOV_IN_2026,governor,IN,,win_prob_D,0.085,prob
2026-08-19,polymarket,market,GOV_IN_2026,governor,IN,,win_prob_R,0.925,prob
2026-08-19,polymarket,market,GOV_IN_2026,governor,IN,,win_prob_D,0.435,prob
2026-08-19,polymarket,market,GOV_IN_2026,governor,IN,,win_prob_R,0.565,prob
2026-08-19,polymarket,market,GOV_IN_2026,governor,IN,,win_prob_D,0.1625,prob
2026-08-19,polymarket,market,GOV_IN_2026,governor,IN,,win_prob_R,0.83,prob
2026-08-19,polymarket,market,GOV_IN_2026,governor,IN,,win_prob_D,0.915,prob
2026-08-19,polymarket,market,GOV_IN_2026,governor,IN,,win_prob_R,0.095,prob
2026-08-19,polymarket,market,GOV_IN_2026,governor,IN,,win_prob_D,0.945,prob
2026-08-19,polymarket,market,GOV_IN_2026,governor,IN,,win_prob_R,0.055,prob
2026-08-19,polymarket,market,GOV_IN_2026,governor,IN,,win_prob_D,0.48,prob
2026-08-19,polymarket,market,GOV_IN_2026,governor,IN,,win_prob_R,0.485,prob
2026-08-19,grant_williams,professional,NATL_HOUSE_2026,national,,,margin_D,5.73,pct
2026-08-19,grant_williams,professional,NATL_HOUSE_2026,national,,,win_prob_D,0.8686,prob
2026-08-19,grant_williams,professional,NATL_HOUSE_2026,national,,,seats_D,250.79,seats
2026-08-19,grant_williams,professional,HOU_PA_10_2026,house,PA,10,win_prob_D,0.4994,prob
2026-08-19,grant_williams,professional,HOU_PA_10_2026,house,PA,10,margin_D,0.0,pct
2026-08-19,grant_williams,professional,HOU_CO_05_2026,house,CO,05,win_prob_D,0.5077,prob
2026-08-19,grant_williams,professional,HOU_CO_05_2026,house,CO,05,margin_D,0.14,pct
2026-08-19,grant_williams,professional,HOU_CO_03_2026,house,CO,03,win_prob_D,0.5089,prob
2026-08-19,grant_williams,professional,HOU_CO_03_2026,house,CO,03,margin_D,0.19,pct
2026-08-19,grant_williams,professional,HOU_MI_04_2026,house,MI,04,win_prob_D,0.4839,prob
2026-08-19,grant_williams,professional,HOU_MI_04_2026,house,MI,04,margin_D,-0.2,pct
2026-08-19,grant_williams,professional,HOU_ME_02_2026,house,ME,02,win_prob_D,0.5196,prob
2026-08-19,grant_williams,professional,HOU_ME_02_2026,house,ME,02,margin_D,0.22,pct
2026-08-19,grant_williams,professional,HOU_WI_03_2026,house,WI,03,win_prob_D,0.5229,prob
2026-08-19,grant_williams,professional,HOU_WI_03_2026,house,WI,03,margin_D,0.25,pct
2026-08-19,grant_williams,professional,HOU_NC_11_2026,house,NC,11,win_prob_D,0.5312,prob
2026-08-19,grant_williams,professional,HOU_NC_11_2026,house,NC,11,margin_D,0.48,pct
2026-08-19,grant_williams,professional,HOU_FL_16_2026,house,FL,16,win_prob_D,0.4673,prob
2026-08-19,grant_williams,professional,HOU_FL_16_2026,house,FL,16,margin_D,-0.5,pct
2026-08-19,grant_williams,professional,HOU_MO_05_2026,house,MO,05,win_prob_D,0.4673,prob
2026-08-19,grant_williams,professional,HOU_MO_05_2026,house,MO,05,margin_D,-0.45,pct
2026-08-19,grant_williams,professional,HOU_NY_01_2026,house,NY,01,win_prob_D,0.4493,prob
2026-08-19,grant_williams,professional,HOU_NY_01_2026,house,NY,01,margin_D,-0.74,pct
2026-08-19,grant_williams,professional,HOU_IA_01_2026,house,IA,01,win_prob_D,0.4475,prob
2026-08-19,grant_williams,professional,HOU_IA_01_2026,house,IA,01,margin_D,-0.82,pct
2026-08-19,grant_williams,professional,HOU_TX_23_2026,house,TX,23,win_prob_D,0.4474,prob
2026-08-19,grant_williams,professional,HOU_TX_23_2026,house,TX,23,margin_D,-0.84,pct
2026-08-19,grant_williams,professional,HOU_MT_01_2026,house,MT,01,win_prob_D,0.5534,prob
2026-08-19,grant_williams,professional,HOU_MT_01_2026,house,MT,01,margin_D,0.96,pct
2026-08-19,grant_williams,professional,HOU_PA_08_2026,house,PA,08,win_prob_D,0.444,prob
2026-08-19,grant_williams,professional,HOU_PA_08_2026,house,PA,08,margin_D,-0.84,pct
2026-08-19,grant_williams,professional,HOU_OH_10_2026,house,OH,10,win_prob_D,0.4439,prob
2026-08-19,grant_williams,professional,HOU_OH_10_2026,house,OH,10,margin_D,-0.83,pct
2026-08-19,grant_williams,professional,HOU_WI_01_2026,house,WI,01,win_prob_D,0.5638,prob
2026-08-19,grant_williams,professional,HOU_WI_01_2026,house,WI,01,margin_D,1.04,pct
2026-08-19,grant_williams,professional,HOU_CA_22_2026,house,CA,22,win_prob_D,0.5668,prob
2026-08-19,grant_williams,professional,HOU_CA_22_2026,house,CA,22,margin_D,0.95,pct
2026-08-19,grant_williams,professional,HOU_AZ_05_2026,house,AZ,05,win_prob_D,0.4314,prob
2026-08-19,grant_williams,professional,HOU_AZ_05_2026,house,AZ,05,margin_D,-1.04,pct
2026-08-19,grant_williams,professional,HOU_IA_03_2026,house,IA,03,win_prob_D,0.571,prob
2026-08-19,grant_williams,professional,HOU_IA_03_2026,house,IA,03,margin_D,1.1,pct
2026-08-19,grant_williams,professional,HOU_FL_09_2026,house,FL,09,win_prob_D,0.5741,prob
2026-08-19,grant_williams,professional,HOU_FL_09_2026,house,FL,09,margin_D,1.2,pct
2026-08-19,grant_williams,professional,HOU_SC_01_2026,house,SC,01,win_prob_D,0.4243,prob
2026-08-19,grant_williams,professional,HOU_SC_01_2026,house,SC,01,margin_D,-1.11,pct
2026-08-19,grant_williams,professional,HOU_VA_01_2026,house,VA,01,win_prob_D,0.4232,prob
2026-08-19,grant_williams,professional,HOU_VA_01_2026,house,VA,01,margin_D,-1.21,pct
2026-08-19,grant_williams,professional,HOU_FL_22_2026,house,FL,22,win_prob_D,0.5915,prob
2026-08-19,grant_williams,professional,HOU_FL_22_2026,house,FL,22,margin_D,1.47,pct
2026-08-19,grant_williams,professional,HOU_AL_02_2026,house,AL,02,win_prob_D,0.5916,prob
2026-08-19,grant_williams,professional,HOU_AL_02_2026,house,AL,02,margin_D,1.47,pct
2026-08-19,grant_williams,professional,HOU_FL_11_2026,house,FL,11,win_prob_D,0.4083,prob
2026-08-19,grant_williams,professional,HOU_FL_11_2026,house,FL,11,margin_D,-1.35,pct
2026-08-19,grant_williams,professional,HOU_AZ_02_2026,house,AZ,02,win_prob_D,0.3932,prob
2026-08-19,grant_williams,professional,HOU_AZ_02_2026,house,AZ,02,margin_D,-1.7,pct
2026-08-19,grant_williams,professional,HOU_VA_02_2026,house,VA,02,win_prob_D,0.6068,prob
2026-08-19,grant_williams,professional,HOU_VA_02_2026,house,VA,02,margin_D,1.77,pct
2026-08-19,grant_williams,professional,HOU_NJ_02_2026,house,NJ,02,win_prob_D,0.3882,prob
2026-08-19,grant_williams,professional,HOU_NJ_02_2026,house,NJ,02,margin_D,-1.58,pct
2026-08-19,grant_williams,professional,HOU_TX_32_2026,house,TX,32,win_prob_D,0.3829,prob
2026-08-19,grant_williams,professional,HOU_TX_32_2026,house,TX,32,margin_D,-1.81,pct
2026-08-19,grant_williams,professional,HOU_TX_35_2026,house,TX,35,win_prob_D,0.6179,prob
2026-08-19,grant_williams,professional,HOU_TX_35_2026,house,TX,35,margin_D,1.94,pct
2026-08-19,grant_williams,professional,HOU_NV_02_2026,house,NV,02,win_prob_D,0.6193,prob
2026-08-19,grant_williams,professional,HOU_NV_02_2026,house,NV,02,margin_D,1.93,pct
2026-08-19,grant_williams,professional,HOU_OH_15_2026,house,OH,15,win_prob_D,0.3797,prob
2026-08-19,grant_williams,professional,HOU_OH_15_2026,house,OH,15,margin_D,-1.75,pct
2026-08-19,grant_williams,professional,HOU_PA_07_2026,house,PA,07,win_prob_D,0.6241,prob
2026-08-19,grant_williams,professional,HOU_PA_07_2026,house,PA,07,margin_D,2.02,pct
2026-08-19,grant_williams,professional,HOU_FL_02_2026,house,FL,02,win_prob_D,0.3523,prob
2026-08-19,grant_williams,professional,HOU_FL_02_2026,house,FL,02,margin_D,-2.36,pct
2026-08-19,grant_williams,professional,HOU_GA_01_2026,house,GA,01,win_prob_D,0.3505,prob
2026-08-19,grant_williams,professional,HOU_GA_01_2026,house,GA,01,margin_D,-2.37,pct
2026-08-19,grant_williams,professional,HOU_NY_02_2026,house,NY,02,win_prob_D,0.3371,prob
2026-08-19,grant_williams,professional,HOU_NY_02_2026,house,NY,02,margin_D,-2.65,pct
2026-08-19,grant_williams,professional,HOU_AZ_08_2026,house,AZ,08,win_prob_D,0.3357,prob
2026-08-19,grant_williams,professional,HOU_AZ_08_2026,house,AZ,08,margin_D,-2.67,pct
2026-08-19,grant_williams,professional,HOU_IA_02_2026,house,IA,02,win_prob_D,0.6654,prob
2026-08-19,grant_williams,professional,HOU_IA_02_2026,house,IA,02,margin_D,2.7,pct
2026-08-19,grant_williams,professional,HOU_MN_01_2026,house,MN,01,win_prob_D,0.3324,prob
2026-08-19,grant_williams,professional,HOU_MN_01_2026,house,MN,01,margin_D,-2.7,pct
2026-08-19,grant_williams,professional,HOU_NE_01_2026,house,NE,01,win_prob_D,0.3306,prob
2026-08-19,grant_williams,professional,HOU_NE_01_2026,house,NE,01,margin_D,-2.81,pct
2026-08-19,grant_williams,professional,HOU_OH_07_2026,house,OH,07,win_prob_D,0.6696,prob
2026-08-19,grant_williams,professional,HOU_OH_07_2026,house,OH,07,margin_D,1.87,pct
2026-08-19,grant_williams,professional,HOU_TX_09_2026,house,TX,09,win_prob_D,0.33,prob
2026-08-19,grant_williams,professional,HOU_TX_09_2026,house,TX,09,margin_D,-2.78,pct
2026-08-19,grant_williams,professional,HOU_NY_21_2026,house,NY,21,win_prob_D,0.318,prob
2026-08-19,grant_williams,professional,HOU_NY_21_2026,house,NY,21,margin_D,-2.91,pct
2026-08-19,grant_williams,professional,HOU_MI_07_2026,house,MI,07,win_prob_D,0.6867,prob
2026-08-19,grant_williams,professional,HOU_MI_07_2026,house,MI,07,margin_D,2.99,pct
2026-08-19,grant_williams,professional,HOU_NJ_07_2026,house,NJ,07,win_prob_D,0.6868,prob
2026-08-19,grant_williams,professional,HOU_NJ_07_2026,house,NJ,07,margin_D,3.02,pct
2026-08-19,grant_williams,professional,HOU_FL_04_2026,house,FL,04,win_prob_D,0.3081,prob
2026-08-19,grant_williams,professional,HOU_FL_04_2026,house,FL,04,margin_D,-3.06,pct
2026-08-19,grant_williams,professional,HOU_FL_07_2026,house,FL,07,win_prob_D,0.3073,prob
2026-08-19,grant_williams,professional,HOU_FL_07_2026,house,FL,07,margin_D,-3.1,pct
2026-08-19,grant_williams,professional,HOU_CO_04_2026,house,CO,04,win_prob_D,0.2833,prob
2026-08-19,grant_williams,professional,HOU_CO_04_2026,house,CO,04,margin_D,-3.61,pct
2026-08-19,grant_williams,professional,HOU_MI_10_2026,house,MI,10,win_prob_D,0.7188,prob
2026-08-19,grant_williams,professional,HOU_MI_10_2026,house,MI,10,margin_D,3.65,pct
2026-08-19,grant_williams,professional,HOU_AK_01_2026,house,AK,01,win_prob_D,0.2785,prob
2026-08-19,grant_williams,professional,HOU_AK_01_2026,house,AK,01,margin_D,-3.61,pct
2026-08-19,grant_williams,professional,HOU_TX_38_2026,house,TX,38,win_prob_D,0.2778,prob
2026-08-19,grant_williams,professional,HOU_TX_38_2026,house,TX,38,margin_D,-3.68,pct
2026-08-19,grant_williams,professional,HOU_TX_10_2026,house,TX,10,win_prob_D,0.2766,prob
2026-08-19,grant_williams,professional,HOU_TX_10_2026,house,TX,10,margin_D,-3.67,pct
2026-08-19,grant_williams,professional,HOU_MN_08_2026,house,MN,08,win_prob_D,0.2723,prob
2026-08-19,grant_williams,professional,HOU_MN_08_2026,house,MN,08,margin_D,-3.78,pct
2026-08-19,grant_williams,professional,HOU_TX_21_2026,house,TX,21,win_prob_D,0.2682,prob
2026-08-19,grant_williams,professional,HOU_TX_21_2026,house,TX,21,margin_D,-3.78,pct
2026-08-19,grant_williams,professional,HOU_PA_01_2026,house,PA,01,win_prob_D,0.7348,prob
2026-08-19,grant_williams,professional,HOU_PA_01_2026,house,PA,01,margin_D,3.98,pct
2026-08-19,grant_williams,professional,HOU_VA_05_2026,house,VA,05,win_prob_D,0.2636,prob
2026-08-19,grant_williams,professional,HOU_VA_05_2026,house,VA,05,margin_D,-3.98,pct
2026-08-19,grant_williams,professional,HOU_NC_01_2026,house,NC,01,win_prob_D,0.7371,prob
2026-08-19,grant_williams,professional,HOU_NC_01_2026,house,NC,01,margin_D,2.7,pct
2026-08-19,grant_williams,professional,HOU_TN_09_2026,house,TN,09,win_prob_D,0.2618,prob
2026-08-19,grant_williams,professional,HOU_TN_09_2026,house,TN,09,margin_D,-3.94,pct
2026-08-19,grant_williams,professional,HOU_NY_17_2026,house,NY,17,win_prob_D,0.7402,prob
2026-08-19,grant_williams,professional,HOU_NY_17_2026,house,NY,17,margin_D,4.06,pct
2026-08-19,grant_williams,professional,HOU_FL_27_2026,house,FL,27,win_prob_D,0.2559,prob
2026-08-19,grant_williams,professional,HOU_FL_27_2026,house,FL,27,margin_D,-4.1,pct
2026-08-19,grant_williams,professional,HOU_NC_03_2026,house,NC,03,win_prob_D,0.2554,prob
2026-08-19,grant_williams,professional,HOU_NC_03_2026,house,NC,03,margin_D,-4.02,pct
2026-08-19,grant_williams,professional,HOU_WI_07_2026,house,WI,07,win_prob_D,0.2503,prob
2026-08-19,grant_williams,professional,HOU_WI_07_2026,house,WI,07,margin_D,-4.19,pct
2026-08-19,grant_williams,professional,HOU_TX_15_2026,house,TX,15,win_prob_D,0.2354,prob
2026-08-19,grant_williams,professional,HOU_TX_15_2026,house,TX,15,margin_D,-4.4,pct
2026-08-19,grant_williams,professional,HOU_MD_01_2026,house,MD,01,win_prob_D,0.2311,prob
2026-08-19,grant_williams,professional,HOU_MD_01_2026,house,MD,01,margin_D,-4.57,pct
2026-08-19,grant_williams,professional,HOU_IN_05_2026,house,IN,05,win_prob_D,0.231,prob
2026-08-19,grant_williams,professional,HOU_IN_05_2026,house,IN,05,margin_D,-4.69,pct
2026-08-19,grant_williams,professional,HOU_WI_06_2026,house,WI,06,win_prob_D,0.2307,prob
2026-08-19,grant_williams,professional,HOU_WI_06_2026,house,WI,06,margin_D,-4.67,pct
2026-08-19,grant_williams,professional,HOU_TX_22_2026,house,TX,22,win_prob_D,0.2272,prob
2026-08-19,grant_williams,professional,HOU_TX_22_2026,house,TX,22,margin_D,-4.72,pct
2026-08-19,grant_williams,professional,HOU_MO_02_2026,house,MO,02,win_prob_D,0.2266,prob
2026-08-19,grant_williams,professional,HOU_MO_02_2026,house,MO,02,margin_D,-4.68,pct
2026-08-19,grant_williams,professional,HOU_OH_08_2026,house,OH,08,win_prob_D,0.2264,prob
2026-08-19,grant_williams,professional,HOU_OH_08_2026,house,OH,08,margin_D,-4.68,pct
2026-08-19,grant_williams,professional,HOU_OK_01_2026,house,OK,01,win_prob_D,0.222,prob
2026-08-19,grant_williams,professional,HOU_OK_01_2026,house,OK,01,margin_D,-4.76,pct
2026-08-19,grant_williams,professional,HOU_TX_02_2026,house,TX,02,win_prob_D,0.222,prob
2026-08-19,grant_williams,professional,HOU_TX_02_2026,house,TX,02,margin_D,-4.72,pct
2026-08-19,grant_williams,professional,HOU_WA_05_2026,house,WA,05,win_prob_D,0.2208,prob
2026-08-19,grant_williams,professional,HOU_WA_05_2026,house,WA,05,margin_D,-4.82,pct
2026-08-19,grant_williams,professional,HOU_WI_08_2026,house,WI,08,win_prob_D,0.2193,prob
2026-08-19,grant_williams,professional,HOU_WI_08_2026,house,WI,08,margin_D,-4.79,pct
2026-08-19,grant_williams,professional,HOU_CO_08_2026,house,CO,08,win_prob_D,0.7845,prob
2026-08-19,grant_williams,professional,HOU_CO_08_2026,house,CO,08,margin_D,5.05,pct
2026-08-19,grant_williams,professional,HOU_FL_21_2026,house,FL,21,win_prob_D,0.2137,prob
2026-08-19,grant_williams,professional,HOU_FL_21_2026,house,FL,21,margin_D,-5.0,pct
2026-08-19,grant_williams,professional,HOU_GA_12_2026,house,GA,12,win_prob_D,0.2135,prob
2026-08-19,grant_williams,professional,HOU_GA_12_2026,house,GA,12,margin_D,-4.95,pct
2026-08-19,grant_williams,professional,HOU_NC_07_2026,house,NC,07,win_prob_D,0.2133,prob
2026-08-19,grant_williams,professional,HOU_NC_07_2026,house,NC,07,margin_D,-4.93,pct
2026-08-19,grant_williams,professional,HOU_TN_05_2026,house,TN,05,win_prob_D,0.2127,prob
2026-08-19,grant_williams,professional,HOU_TN_05_2026,house,TN,05,margin_D,-4.97,pct
2026-08-19,grant_williams,professional,HOU_FL_26_2026,house,FL,26,win_prob_D,0.2124,prob
2026-08-19,grant_williams,professional,HOU_FL_26_2026,house,FL,26,margin_D,-5.0,pct
2026-08-19,grant_williams,professional,HOU_AZ_06_2026,house,AZ,06,win_prob_D,0.7918,prob
2026-08-19,grant_williams,professional,HOU_AZ_06_2026,house,AZ,06,margin_D,5.05,pct
2026-08-19,grant_williams,professional,HOU_FL_14_2026,house,FL,14,win_prob_D,0.7921,prob
2026-08-19,grant_williams,professional,HOU_FL_14_2026,house,FL,14,margin_D,5.08,pct
2026-08-19,grant_williams,professional,HOU_FL_12_2026,house,FL,12,win_prob_D,0.2075,prob
2026-08-19,grant_williams,professional,HOU_FL_12_2026,house,FL,12,margin_D,-5.02,pct
2026-08-19,grant_williams,professional,HOU_OH_09_2026,house,OH,09,win_prob_D,0.7949,prob
2026-08-19,grant_williams,professional,HOU_OH_09_2026,house,OH,09,margin_D,5.18,pct
2026-08-19,grant_williams,professional,HOU_GA_10_2026,house,GA,10,win_prob_D,0.203,prob
2026-08-19,grant_williams,professional,HOU_GA_10_2026,house,GA,10,margin_D,-5.24,pct
2026-08-19,grant_williams,professional,HOU_WA_03_2026,house,WA,03,win_prob_D,0.7978,prob
2026-08-19,grant_williams,professional,HOU_WA_03_2026,house,WA,03,margin_D,5.15,pct
2026-08-19,grant_williams,professional,HOU_KY_06_2026,house,KY,06,win_prob_D,0.1988,prob
2026-08-19,grant_williams,professional,HOU_KY_06_2026,house,KY,06,margin_D,-3.48,pct
2026-08-19,grant_williams,professional,HOU_TX_24_2026,house,TX,24,win_prob_D,0.1972,prob
2026-08-19,grant_williams,professional,HOU_TX_24_2026,house,TX,24,margin_D,-5.41,pct
2026-08-19,grant_williams,professional,HOU_CA_48_2026,house,CA,48,win_prob_D,0.8097,prob
2026-08-19,grant_williams,professional,HOU_CA_48_2026,house,CA,48,margin_D,5.45,pct
2026-08-19,grant_williams,professional,HOU_SC_02_2026,house,SC,02,win_prob_D,0.1882,prob
2026-08-19,grant_williams,professional,HOU_SC_02_2026,house,SC,02,margin_D,-5.68,pct
2026-08-19,grant_williams,professional,HOU_CA_40_2026,house,CA,40,win_prob_D,0.1755,prob
2026-08-19,grant_williams,professional,HOU_CA_40_2026,house,CA,40,margin_D,-5.84,pct
2026-08-19,grant_williams,professional,HOU_NC_13_2026,house,NC,13,win_prob_D,0.1754,prob
2026-08-19,grant_williams,professional,HOU_NC_13_2026,house,NC,13,margin_D,-5.9,pct
2026-08-19,grant_williams,professional,HOU_NC_09_2026,house,NC,09,win_prob_D,0.175,prob
2026-08-19,grant_williams,professional,HOU_NC_09_2026,house,NC,09,margin_D,-5.93,pct
2026-08-19,grant_williams,professional,HOU_NC_14_2026,house,NC,14,win_prob_D,0.1732,prob
2026-08-19,grant_williams,professional,HOU_NC_14_2026,house,NC,14,margin_D,-5.91,pct
2026-08-19,grant_williams,professional,HOU_SC_05_2026,house,SC,05,win_prob_D,0.1712,prob
2026-08-19,grant_williams,professional,HOU_SC_05_2026,house,SC,05,margin_D,-5.95,pct
2026-08-19,grant_williams,professional,HOU_FL_18_2026,house,FL,18,win_prob_D,0.1709,prob
2026-08-19,grant_williams,professional,HOU_FL_18_2026,house,FL,18,margin_D,-5.92,pct
2026-08-19,grant_williams,professional,HOU_WA_04_2026,house,WA,04,win_prob_D,0.1707,prob
2026-08-19,grant_williams,professional,HOU_WA_04_2026,house,WA,04,margin_D,-5.98,pct
2026-08-19,grant_williams,professional,HOU_FL_08_2026,house,FL,08,win_prob_D,0.1705,prob
2026-08-19,grant_williams,professional,HOU_FL_08_2026,house,FL,08,margin_D,-5.92,pct
2026-08-19,grant_williams,professional,HOU_FL_25_2026,house,FL,25,win_prob_D,0.8311,prob
2026-08-19,grant_williams,professional,HOU_FL_25_2026,house,FL,25,margin_D,6.01,pct
2026-08-19,grant_williams,professional,HOU_OK_05_2026,house,OK,05,win_prob_D,0.1628,prob
2026-08-19,grant_williams,professional,HOU_OK_05_2026,house,OK,05,margin_D,-6.26,pct
2026-08-19,grant_williams,professional,HOU_GA_11_2026,house,GA,11,win_prob_D,0.1596,prob
2026-08-19,grant_williams,professional,HOU_GA_11_2026,house,GA,11,margin_D,-6.31,pct
2026-08-19,grant_williams,professional,HOU_NY_11_2026,house,NY,11,win_prob_D,0.1596,prob
2026-08-19,grant_williams,professional,HOU_NY_11_2026,house,NY,11,margin_D,-6.48,pct
2026-08-19,grant_williams,professional,HOU_NY_23_2026,house,NY,23,win_prob_D,0.1512,prob
2026-08-19,grant_williams,professional,HOU_NY_23_2026,house,NY,23,margin_D,-6.54,pct
2026-08-19,grant_williams,professional,HOU_TX_08_2026,house,TX,08,win_prob_D,0.1509,prob
2026-08-19,grant_williams,professional,HOU_TX_08_2026,house,TX,08,margin_D,-6.6,pct
2026-08-19,grant_williams,professional,HOU_TX_34_2026,house,TX,34,win_prob_D,0.8495,prob
2026-08-19,grant_williams,professional,HOU_TX_34_2026,house,TX,34,margin_D,6.62,pct
2026-08-19,grant_williams,professional,HOU_MN_06_2026,house,MN,06,win_prob_D,0.1504,prob
2026-08-19,grant_williams,professional,HOU_MN_06_2026,house,MN,06,margin_D,-6.64,pct
2026-08-19,grant_williams,professional,HOU_OH_14_2026,house,OH,14,win_prob_D,0.1504,prob
2026-08-19,grant_williams,professional,HOU_OH_14_2026,house,OH,14,margin_D,-6.56,pct
2026-08-19,grant_williams,professional,HOU_AR_02_2026,house,AR,02,win_prob_D,0.1501,prob
2026-08-19,grant_williams,professional,HOU_AR_02_2026,house,AR,02,margin_D,-6.63,pct
2026-08-19,grant_williams,professional,HOU_TX_28_2026,house,TX,28,win_prob_D,0.852,prob
2026-08-19,grant_williams,professional,HOU_TX_28_2026,house,TX,28,margin_D,6.59,pct
2026-08-19,grant_williams,professional,HOU_KS_02_2026,house,KS,02,win_prob_D,0.1465,prob
2026-08-19,grant_williams,professional,HOU_KS_02_2026,house,KS,02,margin_D,-6.71,pct
2026-08-19,grant_williams,professional,HOU_FL_15_2026,house,FL,15,win_prob_D,0.1454,prob
2026-08-19,grant_williams,professional,HOU_FL_15_2026,house,FL,15,margin_D,-6.79,pct
2026-08-19,grant_williams,professional,HOU_CA_01_2026,house,CA,01,win_prob_D,0.8567,prob
2026-08-19,grant_williams,professional,HOU_CA_01_2026,house,CA,01,margin_D,6.69,pct
2026-08-19,grant_williams,professional,HOU_NC_10_2026,house,NC,10,win_prob_D,0.1411,prob
2026-08-19,grant_williams,professional,HOU_NC_10_2026,house,NC,10,margin_D,-6.87,pct
2026-08-19,grant_williams,professional,HOU_NC_05_2026,house,NC,05,win_prob_D,0.1393,prob
2026-08-19,grant_williams,professional,HOU_NC_05_2026,house,NC,05,margin_D,-6.84,pct
2026-08-19,grant_williams,professional,HOU_NC_06_2026,house,NC,06,win_prob_D,0.1361,prob
2026-08-19,grant_williams,professional,HOU_NC_06_2026,house,NC,06,margin_D,-6.9,pct
2026-08-19,grant_williams,professional,HOU_FL_13_2026,house,FL,13,win_prob_D,0.1311,prob
2026-08-19,grant_williams,professional,HOU_FL_13_2026,house,FL,13,margin_D,-4.83,pct
2026-08-19,grant_williams,professional,HOU_TX_17_2026,house,TX,17,win_prob_D,0.1302,prob
2026-08-19,grant_williams,professional,HOU_TX_17_2026,house,TX,17,margin_D,-7.28,pct
2026-08-19,grant_williams,professional,HOU_TX_05_2026,house,TX,05,win_prob_D,0.1252,prob
2026-08-19,grant_williams,professional,HOU_TX_05_2026,house,TX,05,margin_D,-7.29,pct
2026-08-19,grant_williams,professional,HOU_TX_27_2026,house,TX,27,win_prob_D,0.1247,prob
2026-08-19,grant_williams,professional,HOU_TX_27_2026,house,TX,27,margin_D,-7.32,pct
2026-08-19,grant_williams,professional,HOU_PA_16_2026,house,PA,16,win_prob_D,0.123,prob
2026-08-19,grant_williams,professional,HOU_PA_16_2026,house,PA,16,margin_D,-7.54,pct
2026-08-19,grant_williams,professional,HOU_NY_24_2026,house,NY,24,win_prob_D,0.1224,prob
2026-08-19,grant_williams,professional,HOU_NY_24_2026,house,NY,24,margin_D,-7.4,pct
2026-08-19,grant_williams,professional,HOU_MI_01_2026,house,MI,01,win_prob_D,0.1188,prob
2026-08-19,grant_williams,professional,HOU_MI_01_2026,house,MI,01,margin_D,-7.6,pct
2026-08-19,grant_williams,professional,HOU_IL_16_2026,house,IL,16,win_prob_D,0.1184,prob
2026-08-19,grant_williams,professional,HOU_IL_16_2026,house,IL,16,margin_D,-7.46,pct
2026-08-19,grant_williams,professional,HOU_WI_05_2026,house,WI,05,win_prob_D,0.117,prob
2026-08-19,grant_williams,professional,HOU_WI_05_2026,house,WI,05,margin_D,-7.6,pct
2026-08-19,grant_williams,professional,HOU_FL_05_2026,house,FL,05,win_prob_D,0.115,prob
2026-08-19,grant_williams,professional,HOU_FL_05_2026,house,FL,05,margin_D,-7.8,pct
2026-08-19,grant_williams,professional,HOU_SD_01_2026,house,SD,01,win_prob_D,0.1145,prob
2026-08-19,grant_williams,professional,HOU_SD_01_2026,house,SD,01,margin_D,-7.88,pct
2026-08-19,grant_williams,professional,HOU_AZ_01_2026,house,AZ,01,win_prob_D,0.8856,prob
2026-08-19,grant_williams,professional,HOU_AZ_01_2026,house,AZ,01,margin_D,7.58,pct
2026-08-19,grant_williams,professional,HOU_PA_11_2026,house,PA,11,win_prob_D,0.1128,prob
2026-08-19,grant_williams,professional,HOU_PA_11_2026,house,PA,11,margin_D,-7.61,pct
2026-08-19,grant_williams,professional,HOU_MO_06_2026,house,MO,06,win_prob_D,0.1111,prob
2026-08-19,grant_williams,professional,HOU_MO_06_2026,house,MO,06,margin_D,-7.8,pct
2026-08-19,grant_williams,professional,HOU_FL_03_2026,house,FL,03,win_prob_D,0.1108,prob
2026-08-19,grant_williams,professional,HOU_FL_03_2026,house,FL,03,margin_D,-7.88,pct
2026-08-19,grant_williams,professional,HOU_FL_17_2026,house,FL,17,win_prob_D,0.1103,prob
2026-08-19,grant_williams,professional,HOU_FL_17_2026,house,FL,17,margin_D,-7.78,pct
2026-08-19,grant_williams,professional,HOU_IA_04_2026,house,IA,04,win_prob_D,0.1099,prob
2026-08-19,grant_williams,professional,HOU_IA_04_2026,house,IA,04,margin_D,-7.84,pct
2026-08-19,grant_williams,professional,HOU_FL_28_2026,house,FL,28,win_prob_D,0.1096,prob
2026-08-19,grant_williams,professional,HOU_FL_28_2026,house,FL,28,margin_D,-7.88,pct
2026-08-19,grant_williams,professional,HOU_TX_31_2026,house,TX,31,win_prob_D,0.1081,prob
2026-08-19,grant_williams,professional,HOU_TX_31_2026,house,TX,31,margin_D,-8.18,pct
2026-08-19,grant_williams,professional,HOU_NC_08_2026,house,NC,08,win_prob_D,0.1073,prob
2026-08-19,grant_williams,professional,HOU_NC_08_2026,house,NC,08,margin_D,-7.87,pct
2026-08-19,grant_williams,professional,HOU_TN_06_2026,house,TN,06,win_prob_D,0.1071,prob
2026-08-19,grant_williams,professional,HOU_TN_06_2026,house,TN,06,margin_D,-7.95,pct
2026-08-19,grant_williams,professional,HOU_TX_26_2026,house,TX,26,win_prob_D,0.1021,prob
2026-08-19,grant_williams,professional,HOU_TX_26_2026,house,TX,26,margin_D,-8.26,pct
2026-08-19,grant_williams,professional,HOU_TX_12_2026,house,TX,12,win_prob_D,0.1012,prob
2026-08-19,grant_williams,professional,HOU_TX_12_2026,house,TX,12,margin_D,-8.25,pct
2026-08-19,grant_williams,professional,HOU_TX_06_2026,house,TX,06,win_prob_D,0.1006,prob
2026-08-19,grant_williams,professional,HOU_TX_06_2026,house,TX,06,margin_D,-8.17,pct
2026-08-19,grant_williams,professional,HOU_TX_03_2026,house,TX,03,win_prob_D,0.1005,prob
2026-08-19,grant_williams,professional,HOU_TX_03_2026,house,TX,03,margin_D,-8.24,pct
2026-08-19,grant_williams,professional,HOU_FL_19_2026,house,FL,19,win_prob_D,0.0997,prob
2026-08-19,grant_williams,professional,HOU_FL_19_2026,house,FL,19,margin_D,-8.13,pct
2026-08-19,grant_williams,professional,HOU_KS_04_2026,house,KS,04,win_prob_D,0.0988,prob
2026-08-19,grant_williams,professional,HOU_KS_04_2026,house,KS,04,margin_D,-8.56,pct
2026-08-19,grant_williams,professional,HOU_TX_25_2026,house,TX,25,win_prob_D,0.0983,prob
2026-08-19,grant_williams,professional,HOU_TX_25_2026,house,TX,25,margin_D,-8.18,pct
2026-08-19,grant_williams,professional,HOU_OH_05_2026,house,OH,05,win_prob_D,0.098,prob
2026-08-19,grant_williams,professional,HOU_OH_05_2026,house,OH,05,margin_D,-8.54,pct
2026-08-19,grant_williams,professional,HOU_GA_07_2026,house,GA,07,win_prob_D,0.0919,prob
2026-08-19,grant_williams,professional,HOU_GA_07_2026,house,GA,07,margin_D,-8.89,pct
2026-08-19,grant_williams,professional,HOU_TN_08_2026,house,TN,08,win_prob_D,0.0912,prob
2026-08-19,grant_williams,professional,HOU_TN_08_2026,house,TN,08,margin_D,-8.49,pct
2026-08-19,grant_williams,professional,HOU_MO_04_2026,house,MO,04,win_prob_D,0.0905,prob
2026-08-19,grant_williams,professional,HOU_MO_04_2026,house,MO,04,margin_D,-8.59,pct
2026-08-19,grant_williams,professional,HOU_MO_03_2026,house,MO,03,win_prob_D,0.0901,prob
2026-08-19,grant_williams,professional,HOU_MO_03_2026,house,MO,03,margin_D,-8.58,pct
2026-08-19,grant_williams,professional,HOU_CA_41_2026,house,CA,41,win_prob_D,0.9108,prob
2026-08-19,grant_williams,professional,HOU_CA_41_2026,house,CA,41,margin_D,8.59,pct
2026-08-19,grant_williams,professional,HOU_CA_23_2026,house,CA,23,win_prob_D,0.0854,prob
2026-08-19,grant_williams,professional,HOU_CA_23_2026,house,CA,23,margin_D,-8.67,pct
2026-08-19,grant_williams,professional,HOU_TX_04_2026,house,TX,04,win_prob_D,0.0806,prob
2026-08-19,grant_williams,professional,HOU_TX_04_2026,house,TX,04,margin_D,-9.18,pct
2026-08-19,grant_williams,professional,HOU_TX_36_2026,house,TX,36,win_prob_D,0.0784,prob
2026-08-19,grant_williams,professional,HOU_TX_36_2026,house,TX,36,margin_D,-9.17,pct
2026-08-19,grant_williams,professional,HOU_CA_13_2026,house,CA,13,win_prob_D,0.9217,prob
2026-08-19,grant_williams,professional,HOU_CA_13_2026,house,CA,13,margin_D,9.06,pct
2026-08-19,grant_williams,professional,HOU_TX_14_2026,house,TX,14,win_prob_D,0.0783,prob
2026-08-19,grant_williams,professional,HOU_TX_14_2026,house,TX,14,margin_D,-9.18,pct
2026-08-19,grant_williams,professional,HOU_AZ_09_2026,house,AZ,09,win_prob_D,0.078,prob
2026-08-19,grant_williams,professional,HOU_AZ_09_2026,house,AZ,09,margin_D,-9.36,pct
2026-08-19,grant_williams,professional,HOU_SC_04_2026,house,SC,04,win_prob_D,0.0767,prob
2026-08-19,grant_williams,professional,HOU_SC_04_2026,house,SC,04,margin_D,-9.47,pct
2026-08-19,grant_williams,professional,HOU_LA_06_2026,house,LA,06,win_prob_D,0.0753,prob
2026-08-19,grant_williams,professional,HOU_LA_06_2026,house,LA,06,margin_D,-9.53,pct
2026-08-19,grant_williams,professional,HOU_OH_01_2026,house,OH,01,win_prob_D,0.9251,prob
2026-08-19,grant_williams,professional,HOU_OH_01_2026,house,OH,01,margin_D,9.08,pct
2026-08-19,grant_williams,professional,HOU_NE_02_2026,house,NE,02,win_prob_D,0.926,prob
2026-08-19,grant_williams,professional,HOU_NE_02_2026,house,NE,02,margin_D,9.29,pct
2026-08-19,grant_williams,professional,HOU_MI_08_2026,house,MI,08,win_prob_D,0.9266,prob
2026-08-19,grant_williams,professional,HOU_MI_08_2026,house,MI,08,margin_D,9.23,pct
2026-08-19,grant_williams,professional,HOU_MI_05_2026,house,MI,05,win_prob_D,0.0718,prob
2026-08-19,grant_williams,professional,HOU_MI_05_2026,house,MI,05,margin_D,-9.5,pct
2026-08-19,grant_williams,professional,HOU_IN_02_2026,house,IN,02,win_prob_D,0.07,prob
2026-08-19,grant_williams,professional,HOU_IN_02_2026,house,IN,02,margin_D,-9.55,pct
2026-08-19,grant_williams,professional,HOU_TN_04_2026,house,TN,04,win_prob_D,0.0692,prob
2026-08-19,grant_williams,professional,HOU_TN_04_2026,house,TN,04,margin_D,-9.55,pct
2026-08-19,grant_williams,professional,HOU_CA_05_2026,house,CA,05,win_prob_D,0.0685,prob
2026-08-19,grant_williams,professional,HOU_CA_05_2026,house,CA,05,margin_D,-9.58,pct
2026-08-19,grant_williams,professional,HOU_TN_07_2026,house,TN,07,win_prob_D,0.0681,prob
2026-08-19,grant_williams,professional,HOU_TN_07_2026,house,TN,07,margin_D,-9.57,pct
2026-08-19,grant_williams,professional,HOU_MN_02_2026,house,MN,02,win_prob_D,0.9328,prob
2026-08-19,grant_williams,professional,HOU_MN_02_2026,house,MN,02,margin_D,9.41,pct
2026-08-19,grant_williams,professional,HOU_VA_06_2026,house,VA,06,win_prob_D,0.0665,prob
2026-08-19,grant_williams,professional,HOU_VA_06_2026,house,VA,06,margin_D,-9.79,pct
2026-08-19,grant_williams,professional,HOU_ID_02_2026,house,ID,02,win_prob_D,0.0638,prob
2026-08-19,grant_williams,professional,HOU_ID_02_2026,house,ID,02,margin_D,-10.24,pct
2026-08-19,grant_williams,professional,HOU_NH_01_2026,house,NH,01,win_prob_D,0.9391,prob
2026-08-19,grant_williams,professional,HOU_NH_01_2026,house,NH,01,margin_D,9.87,pct
2026-08-19,grant_williams,professional,HOU_WA_08_2026,house,WA,08,win_prob_D,0.9393,prob
2026-08-19,grant_williams,professional,HOU_WA_08_2026,house,WA,08,margin_D,9.94,pct
2026-08-19,grant_williams,professional,HOU_CA_45_2026,house,CA,45,win_prob_D,0.9411,prob
2026-08-19,grant_williams,professional,HOU_CA_45_2026,house,CA,45,margin_D,10.0,pct
2026-08-19,grant_williams,professional,HOU_NJ_04_2026,house,NJ,04,win_prob_D,0.0569,prob
2026-08-19,grant_williams,professional,HOU_NJ_04_2026,house,NJ,04,margin_D,-10.36,pct
2026-08-19,grant_williams,professional,HOU_LA_05_2026,house,LA,05,win_prob_D,0.0552,prob
2026-08-19,grant_williams,professional,HOU_LA_05_2026,house,LA,05,margin_D,-10.45,pct
2026-08-19,grant_williams,professional,HOU_NY_03_2026,house,NY,03,win_prob_D,0.9449,prob
2026-08-19,grant_williams,professional,HOU_NY_03_2026,house,NY,03,margin_D,10.29,pct
2026-08-19,grant_williams,professional,HOU_SC_07_2026,house,SC,07,win_prob_D,0.053,prob
2026-08-19,grant_williams,professional,HOU_SC_07_2026,house,SC,07,margin_D,-10.44,pct
2026-08-19,grant_williams,professional,HOU_VA_07_2026,house,VA,07,win_prob_D,0.9501,prob
2026-08-19,grant_williams,professional,HOU_VA_07_2026,house,VA,07,margin_D,10.73,pct
2026-08-19,grant_williams,professional,HOU_CA_25_2026,house,CA,25,win_prob_D,0.9536,prob
2026-08-19,grant_williams,professional,HOU_CA_25_2026,house,CA,25,margin_D,10.9,pct
2026-08-19,grant_williams,professional,HOU_IN_09_2026,house,IN,09,win_prob_D,0.0464,prob
2026-08-19,grant_williams,professional,HOU_IN_09_2026,house,IN,09,margin_D,-11.28,pct
2026-08-19,grant_williams,professional,HOU_IN_01_2026,house,IN,01,win_prob_D,0.9548,prob
2026-08-19,grant_williams,professional,HOU_IN_01_2026,house,IN,01,margin_D,11.03,pct
2026-08-19,grant_williams,professional,HOU_OR_05_2026,house,OR,05,win_prob_D,0.956,prob
2026-08-19,grant_williams,professional,HOU_OR_05_2026,house,OR,05,margin_D,10.92,pct
2026-08-19,grant_williams,professional,HOU_IL_08_2026,house,IL,08,win_prob_D,0.9561,prob
2026-08-19,grant_williams,professional,HOU_IL_08_2026,house,IL,08,margin_D,11.31,pct
2026-08-19,grant_williams,professional,HOU_OH_12_2026,house,OH,12,win_prob_D,0.0438,prob
2026-08-19,grant_williams,professional,HOU_OH_12_2026,house,OH,12,margin_D,-11.42,pct
2026-08-19,grant_williams,professional,HOU_AR_03_2026,house,AR,03,win_prob_D,0.0431,prob
2026-08-19,grant_williams,professional,HOU_AR_03_2026,house,AR,03,margin_D,-11.36,pct
2026-08-19,grant_williams,professional,HOU_MI_02_2026,house,MI,02,win_prob_D,0.0427,prob
2026-08-19,grant_williams,professional,HOU_MI_02_2026,house,MI,02,margin_D,-11.47,pct
2026-08-19,grant_williams,professional,HOU_IN_04_2026,house,IN,04,win_prob_D,0.0419,prob
2026-08-19,grant_williams,professional,HOU_IN_04_2026,house,IN,04,margin_D,-11.43,pct
2026-08-19,grant_williams,professional,HOU_NY_19_2026,house,NY,19,win_prob_D,0.9586,prob
2026-08-19,grant_williams,professional,HOU_NY_19_2026,house,NY,19,margin_D,11.23,pct
2026-08-19,grant_williams,professional,HOU_FL_06_2026,house,FL,06,win_prob_D,0.0406,prob
2026-08-19,grant_williams,professional,HOU_FL_06_2026,house,FL,06,margin_D,-11.62,pct
2026-08-19,grant_williams,professional,HOU_AL_01_2026,house,AL,01,win_prob_D,0.0382,prob
2026-08-19,grant_williams,professional,HOU_AL_01_2026,house,AL,01,margin_D,-11.71,pct
2026-08-19,grant_williams,professional,HOU_CA_38_2026,house,CA,38,win_prob_D,0.963,prob
2026-08-19,grant_williams,professional,HOU_CA_38_2026,house,CA,38,margin_D,11.23,pct
2026-08-19,grant_williams,professional,HOU_IN_03_2026,house,IN,03,win_prob_D,0.0356,prob
2026-08-19,grant_williams,professional,HOU_IN_03_2026,house,IN,03,margin_D,-12.32,pct
2026-08-19,grant_williams,professional,HOU_KS_03_2026,house,KS,03,win_prob_D,0.9645,prob
2026-08-19,grant_williams,professional,HOU_KS_03_2026,house,KS,03,margin_D,12.02,pct
2026-08-19,grant_williams,professional,HOU_NY_04_2026,house,NY,04,win_prob_D,0.965,prob
2026-08-19,grant_williams,professional,HOU_NY_04_2026,house,NY,04,margin_D,12.12,pct
2026-08-19,grant_williams,professional,HOU_MS_03_2026,house,MS,03,win_prob_D,0.0346,prob
2026-08-19,grant_williams,professional,HOU_MS_03_2026,house,MS,03,margin_D,-12.37,pct
2026-08-19,grant_williams,professional,HOU_MT_02_2026,house,MT,02,win_prob_D,0.0345,prob
2026-08-19,grant_williams,professional,HOU_MT_02_2026,house,MT,02,margin_D,-12.24,pct
2026-08-19,grant_williams,professional,HOU_KS_01_2026,house,KS,01,win_prob_D,0.0342,prob
2026-08-19,grant_williams,professional,HOU_KS_01_2026,house,KS,01,margin_D,-12.42,pct
2026-08-19,grant_williams,professional,HOU_IN_06_2026,house,IN,06,win_prob_D,0.034,prob
2026-08-19,grant_williams,professional,HOU_IN_06_2026,house,IN,06,margin_D,-12.38,pct
2026-08-19,grant_williams,professional,HOU_UT_02_2026,house,UT,02,win_prob_D,0.0336,prob
2026-08-19,grant_williams,professional,HOU_UT_02_2026,house,UT,02,margin_D,-12.3,pct
2026-08-19,grant_williams,professional,HOU_OH_13_2026,house,OH,13,win_prob_D,0.9664,prob
2026-08-19,grant_williams,professional,HOU_OH_13_2026,house,OH,13,margin_D,12.0,pct
2026-08-19,grant_williams,professional,HOU_CA_21_2026,house,CA,21,win_prob_D,0.9671,prob
2026-08-19,grant_williams,professional,HOU_CA_21_2026,house,CA,21,margin_D,11.92,pct
2026-08-19,grant_williams,professional,HOU_CA_06_2026,house,CA,06,win_prob_D,0.9682,prob
2026-08-19,grant_williams,professional,HOU_CA_06_2026,house,CA,06,margin_D,11.92,pct
2026-08-19,grant_williams,professional,HOU_GA_03_2026,house,GA,03,win_prob_D,0.0316,prob
2026-08-19,grant_williams,professional,HOU_GA_03_2026,house,GA,03,margin_D,-12.68,pct
2026-08-19,grant_williams,professional,HOU_GA_08_2026,house,GA,08,win_prob_D,0.0315,prob
2026-08-19,grant_williams,professional,HOU_GA_08_2026,house,GA,08,margin_D,-12.6,pct
2026-08-19,grant_williams,professional,HOU_NY_18_2026,house,NY,18,win_prob_D,0.9687,prob
2026-08-19,grant_williams,professional,HOU_NY_18_2026,house,NY,18,margin_D,12.25,pct
2026-08-19,grant_williams,professional,HOU_MI_09_2026,house,MI,09,win_prob_D,0.0311,prob
2026-08-19,grant_williams,professional,HOU_MI_09_2026,house,MI,09,margin_D,-12.39,pct
2026-08-19,grant_williams,professional,HOU_NJ_05_2026,house,NJ,05,win_prob_D,0.969,prob
2026-08-19,grant_williams,professional,HOU_NJ_05_2026,house,NJ,05,margin_D,12.16,pct
2026-08-19,grant_williams,professional,HOU_CA_26_2026,house,CA,26,win_prob_D,0.97,prob
2026-08-19,grant_williams,professional,HOU_CA_26_2026,house,CA,26,margin_D,12.24,pct
2026-08-19,grant_williams,professional,HOU_NM_02_2026,house,NM,02,win_prob_D,0.97,prob
2026-08-19,grant_williams,professional,HOU_NM_02_2026,house,NM,02,margin_D,12.08,pct
2026-08-19,grant_williams,professional,HOU_NJ_09_2026,house,NJ,09,win_prob_D,0.9701,prob
2026-08-19,grant_williams,professional,HOU_NJ_09_2026,house,NJ,09,margin_D,12.17,pct
2026-08-19,grant_williams,professional,HOU_OH_06_2026,house,OH,06,win_prob_D,0.0298,prob
2026-08-19,grant_williams,professional,HOU_OH_06_2026,house,OH,06,margin_D,-13.27,pct
2026-08-19,grant_williams,professional,HOU_GA_02_2026,house,GA,02,win_prob_D,0.9708,prob
2026-08-19,grant_williams,professional,HOU_GA_02_2026,house,GA,02,margin_D,12.58,pct
2026-08-19,grant_williams,professional,HOU_CA_35_2026,house,CA,35,win_prob_D,0.9715,prob
2026-08-19,grant_williams,professional,HOU_CA_35_2026,house,CA,35,margin_D,12.85,pct
2026-08-19,grant_williams,professional,HOU_PA_14_2026,house,PA,14,win_prob_D,0.0283,prob
2026-08-19,grant_williams,professional,HOU_PA_14_2026,house,PA,14,margin_D,-13.24,pct
2026-08-19,grant_williams,professional,HOU_KY_04_2026,house,KY,04,win_prob_D,0.0281,prob
2026-08-19,grant_williams,professional,HOU_KY_04_2026,house,KY,04,margin_D,-12.65,pct
2026-08-19,grant_williams,professional,HOU_CA_03_2026,house,CA,03,win_prob_D,0.9721,prob
2026-08-19,grant_williams,professional,HOU_CA_03_2026,house,CA,03,margin_D,12.82,pct
2026-08-19,grant_williams,professional,HOU_CA_27_2026,house,CA,27,win_prob_D,0.9728,prob
2026-08-19,grant_williams,professional,HOU_CA_27_2026,house,CA,27,margin_D,12.8,pct
2026-08-19,grant_williams,professional,HOU_IL_06_2026,house,IL,06,win_prob_D,0.9737,prob
2026-08-19,grant_williams,professional,HOU_IL_06_2026,house,IL,06,margin_D,13.01,pct
2026-08-19,grant_williams,professional,HOU_OR_04_2026,house,OR,04,win_prob_D,0.9738,prob
2026-08-19,grant_williams,professional,HOU_OR_04_2026,house,OR,04,margin_D,12.87,pct
2026-08-19,grant_williams,professional,HOU_PA_17_2026,house,PA,17,win_prob_D,0.9746,prob
2026-08-19,grant_williams,professional,HOU_PA_17_2026,house,PA,17,margin_D,12.97,pct
2026-08-19,grant_williams,professional,HOU_IL_17_2026,house,IL,17,win_prob_D,0.9748,prob
2026-08-19,grant_williams,professional,HOU_IL_17_2026,house,IL,17,margin_D,12.95,pct
2026-08-19,grant_williams,professional,HOU_OR_06_2026,house,OR,06,win_prob_D,0.9752,prob
2026-08-19,grant_williams,professional,HOU_OR_06_2026,house,OR,06,margin_D,12.9,pct
2026-08-19,grant_williams,professional,HOU_CA_47_2026,house,CA,47,win_prob_D,0.9758,prob
2026-08-19,grant_williams,professional,HOU_CA_47_2026,house,CA,47,margin_D,12.87,pct
2026-08-19,grant_williams,professional,HOU_NV_03_2026,house,NV,03,win_prob_D,0.9759,prob
2026-08-19,grant_williams,professional,HOU_NV_03_2026,house,NV,03,margin_D,13.08,pct
2026-08-19,grant_williams,professional,HOU_CT_05_2026,house,CT,05,win_prob_D,0.9761,prob
2026-08-19,grant_williams,professional,HOU_CT_05_2026,house,CT,05,margin_D,13.15,pct
2026-08-19,grant_williams,professional,HOU_AL_05_2026,house,AL,05,win_prob_D,0.0239,prob
2026-08-19,grant_williams,professional,HOU_AL_05_2026,house,AL,05,margin_D,-13.27,pct
2026-08-19,grant_williams,professional,HOU_OR_02_2026,house,OR,02,win_prob_D,0.0233,prob
2026-08-19,grant_williams,professional,HOU_OR_02_2026,house,OR,02,margin_D,-13.48,pct
2026-08-19,grant_williams,professional,HOU_LA_04_2026,house,LA,04,win_prob_D,0.0232,prob
2026-08-19,grant_williams,professional,HOU_LA_04_2026,house,LA,04,margin_D,-14.04,pct
2026-08-19,grant_williams,professional,HOU_IL_14_2026,house,IL,14,win_prob_D,0.9777,prob
2026-08-19,grant_williams,professional,HOU_IL_14_2026,house,IL,14,margin_D,12.95,pct
2026-08-19,grant_williams,professional,HOU_CA_33_2026,house,CA,33,win_prob_D,0.9781,prob
2026-08-19,grant_williams,professional,HOU_CA_33_2026,house,CA,33,margin_D,13.78,pct
2026-08-19,grant_williams,professional,HOU_MD_06_2026,house,MD,06,win_prob_D,0.9782,prob
2026-08-19,grant_williams,professional,HOU_MD_06_2026,house,MD,06,margin_D,13.22,pct
2026-08-19,grant_williams,professional,HOU_OK_04_2026,house,OK,04,win_prob_D,0.0215,prob
2026-08-19,grant_williams,professional,HOU_OK_04_2026,house,OK,04,margin_D,-14.01,pct
2026-08-19,grant_williams,professional,HOU_UT_04_2026,house,UT,04,win_prob_D,0.0213,prob
2026-08-19,grant_williams,professional,HOU_UT_04_2026,house,UT,04,margin_D,-14.16,pct
2026-08-19,grant_williams,professional,HOU_TX_11_2026,house,TX,11,win_prob_D,0.0212,prob
2026-08-19,grant_williams,professional,HOU_TX_11_2026,house,TX,11,margin_D,-14.02,pct
2026-08-19,grant_williams,professional,HOU_MN_07_2026,house,MN,07,win_prob_D,0.0211,prob
2026-08-19,grant_williams,professional,HOU_MN_07_2026,house,MN,07,margin_D,-14.24,pct
2026-08-19,grant_williams,professional,HOU_ND_01_2026,house,ND,01,win_prob_D,0.02,prob
2026-08-19,grant_williams,professional,HOU_ND_01_2026,house,ND,01,margin_D,-14.39,pct
2026-08-19,grant_williams,professional,HOU_CA_07_2026,house,CA,07,win_prob_D,0.9803,prob
2026-08-19,grant_williams,professional,HOU_CA_07_2026,house,CA,07,margin_D,13.81,pct
2026-08-19,grant_williams,professional,HOU_IN_08_2026,house,IN,08,win_prob_D,0.0196,prob
2026-08-19,grant_williams,professional,HOU_IN_08_2026,house,IN,08,margin_D,-14.32,pct
2026-08-19,grant_williams,professional,HOU_NV_04_2026,house,NV,04,win_prob_D,0.9807,prob
2026-08-19,grant_williams,professional,HOU_NV_04_2026,house,NV,04,margin_D,14.03,pct
2026-08-19,grant_williams,professional,HOU_GA_09_2026,house,GA,09,win_prob_D,0.0187,prob
2026-08-19,grant_williams,professional,HOU_GA_09_2026,house,GA,09,margin_D,-14.6,pct
2026-08-19,grant_williams,professional,HOU_MI_03_2026,house,MI,03,win_prob_D,0.9816,prob
2026-08-19,grant_williams,professional,HOU_MI_03_2026,house,MI,03,margin_D,13.96,pct
2026-08-19,grant_williams,professional,HOU_NY_22_2026,house,NY,22,win_prob_D,0.9822,prob
2026-08-19,grant_williams,professional,HOU_NY_22_2026,house,NY,22,margin_D,14.1,pct
2026-08-19,grant_williams,professional,HOU_CA_09_2026,house,CA,09,win_prob_D,0.9824,prob
2026-08-19,grant_williams,professional,HOU_CA_09_2026,house,CA,09,margin_D,14.69,pct
2026-08-19,grant_williams,professional,HOU_CA_39_2026,house,CA,39,win_prob_D,0.9825,prob
2026-08-19,grant_williams,professional,HOU_CA_39_2026,house,CA,39,margin_D,13.88,pct
2026-08-19,grant_williams,professional,HOU_CA_49_2026,house,CA,49,win_prob_D,0.9827,prob
2026-08-19,grant_williams,professional,HOU_CA_49_2026,house,CA,49,margin_D,13.85,pct
2026-08-19,grant_williams,professional,HOU_CT_02_2026,house,CT,02,win_prob_D,0.9829,prob
2026-08-19,grant_williams,professional,HOU_CT_02_2026,house,CT,02,margin_D,14.13,pct
2026-08-19,grant_williams,professional,HOU_RI_02_2026,house,RI,02,win_prob_D,0.9829,prob
2026-08-19,grant_williams,professional,HOU_RI_02_2026,house,RI,02,margin_D,14.09,pct
2026-08-19,grant_williams,professional,HOU_CA_42_2026,house,CA,42,win_prob_D,0.9835,prob
2026-08-19,grant_williams,professional,HOU_CA_42_2026,house,CA,42,margin_D,14.7,pct
2026-08-19,grant_williams,professional,HOU_LA_03_2026,house,LA,03,win_prob_D,0.0162,prob
2026-08-19,grant_williams,professional,HOU_LA_03_2026,house,LA,03,margin_D,-14.9,pct
2026-08-19,grant_williams,professional,HOU_IL_13_2026,house,IL,13,win_prob_D,0.9847,prob
2026-08-19,grant_williams,professional,HOU_IL_13_2026,house,IL,13,margin_D,14.81,pct
2026-08-19,grant_williams,professional,HOU_VA_10_2026,house,VA,10,win_prob_D,0.9847,prob
2026-08-19,grant_williams,professional,HOU_VA_10_2026,house,VA,10,margin_D,14.66,pct
2026-08-19,grant_williams,professional,HOU_PA_09_2026,house,PA,09,win_prob_D,0.0152,prob
2026-08-19,grant_williams,professional,HOU_PA_09_2026,house,PA,09,margin_D,-15.22,pct
2026-08-19,grant_williams,professional,HOU_CA_04_2026,house,CA,04,win_prob_D,0.9849,prob
2026-08-19,grant_williams,professional,HOU_CA_04_2026,house,CA,04,margin_D,14.69,pct
2026-08-19,grant_williams,professional,HOU_NM_03_2026,house,NM,03,win_prob_D,0.9849,prob
2026-08-19,grant_williams,professional,HOU_NM_03_2026,house,NM,03,margin_D,15.04,pct
2026-08-19,grant_williams,professional,HOU_NV_01_2026,house,NV,01,win_prob_D,0.9849,prob
2026-08-19,grant_williams,professional,HOU_NV_01_2026,house,NV,01,margin_D,14.04,pct
2026-08-19,grant_williams,professional,HOU_CA_31_2026,house,CA,31,win_prob_D,0.985,prob
2026-08-19,grant_williams,professional,HOU_CA_31_2026,house,CA,31,margin_D,14.76,pct
2026-08-19,grant_williams,professional,HOU_CA_20_2026,house,CA,20,win_prob_D,0.0147,prob
2026-08-19,grant_williams,professional,HOU_CA_20_2026,house,CA,20,margin_D,-15.39,pct
2026-08-19,grant_williams,professional,HOU_AL_06_2026,house,AL,06,win_prob_D,0.0146,prob
2026-08-19,grant_williams,professional,HOU_AL_06_2026,house,AL,06,margin_D,-15.12,pct
2026-08-19,grant_williams,professional,HOU_PA_15_2026,house,PA,15,win_prob_D,0.0146,prob
2026-08-19,grant_williams,professional,HOU_PA_15_2026,house,PA,15,margin_D,-15.26,pct
2026-08-19,grant_williams,professional,HOU_FL_01_2026,house,FL,01,win_prob_D,0.0142,prob
2026-08-19,grant_williams,professional,HOU_FL_01_2026,house,FL,01,margin_D,-15.45,pct
2026-08-19,grant_williams,professional,HOU_NJ_11_2026,house,NJ,11,win_prob_D,0.9859,prob
2026-08-19,grant_williams,professional,HOU_NJ_11_2026,house,NJ,11,margin_D,15.0,pct
2026-08-19,grant_williams,professional,HOU_TN_02_2026,house,TN,02,win_prob_D,0.0138,prob
2026-08-19,grant_williams,professional,HOU_TN_02_2026,house,TN,02,margin_D,-15.26,pct
2026-08-19,grant_williams,professional,HOU_NJ_03_2026,house,NJ,03,win_prob_D,0.9866,prob
2026-08-19,grant_williams,professional,HOU_NJ_03_2026,house,NJ,03,margin_D,15.15,pct
2026-08-19,grant_williams,professional,HOU_NJ_06_2026,house,NJ,06,win_prob_D,0.9872,prob
2026-08-19,grant_williams,professional,HOU_NJ_06_2026,house,NJ,06,margin_D,15.11,pct
2026-08-19,grant_williams,professional,HOU_IL_15_2026,house,IL,15,win_prob_D,0.0124,prob
2026-08-19,grant_williams,professional,HOU_IL_15_2026,house,IL,15,margin_D,-16.18,pct
2026-08-19,grant_williams,professional,HOU_WY_01_2026,house,WY,01,win_prob_D,0.0124,prob
2026-08-19,grant_williams,professional,HOU_WY_01_2026,house,WY,01,margin_D,-16.36,pct
2026-08-19,grant_williams,professional,HOU_MI_11_2026,house,MI,11,win_prob_D,0.988,prob
2026-08-19,grant_williams,professional,HOU_MI_11_2026,house,MI,11,margin_D,15.18,pct
2026-08-19,grant_williams,professional,HOU_LA_01_2026,house,LA,01,win_prob_D,0.0117,prob
2026-08-19,grant_williams,professional,HOU_LA_01_2026,house,LA,01,margin_D,-16.85,pct
2026-08-19,grant_williams,professional,HOU_NY_06_2026,house,NY,06,win_prob_D,0.9885,prob
2026-08-19,grant_williams,professional,HOU_NY_06_2026,house,NY,06,margin_D,15.96,pct
2026-08-19,grant_williams,professional,HOU_GA_14_2026,house,GA,14,win_prob_D,0.0114,prob
2026-08-19,grant_williams,professional,HOU_GA_14_2026,house,GA,14,margin_D,-16.41,pct
2026-08-19,grant_williams,professional,HOU_CA_51_2026,house,CA,51,win_prob_D,0.9893,prob
2026-08-19,grant_williams,professional,HOU_CA_51_2026,house,CA,51,margin_D,16.59,pct
2026-08-19,grant_williams,professional,HOU_PA_06_2026,house,PA,06,win_prob_D,0.9893,prob
2026-08-19,grant_williams,professional,HOU_PA_06_2026,house,PA,06,margin_D,15.89,pct
2026-08-19,grant_williams,professional,HOU_TN_03_2026,house,TN,03,win_prob_D,0.0107,prob
2026-08-19,grant_williams,professional,HOU_TN_03_2026,house,TN,03,margin_D,-16.27,pct
2026-08-19,grant_williams,professional,HOU_WA_10_2026,house,WA,10,win_prob_D,0.9896,prob
2026-08-19,grant_williams,professional,HOU_WA_10_2026,house,WA,10,margin_D,15.71,pct
2026-08-19,grant_williams,professional,HOU_AZ_04_2026,house,AZ,04,win_prob_D,0.9898,prob
2026-08-19,grant_williams,professional,HOU_AZ_04_2026,house,AZ,04,margin_D,15.97,pct
2026-08-19,grant_williams,professional,HOU_IL_11_2026,house,IL,11,win_prob_D,0.9899,prob
2026-08-19,grant_williams,professional,HOU_IL_11_2026,house,IL,11,margin_D,15.79,pct
2026-08-19,grant_williams,professional,HOU_OH_04_2026,house,OH,04,win_prob_D,0.0098,prob
2026-08-19,grant_williams,professional,HOU_OH_04_2026,house,OH,04,margin_D,-17.12,pct
2026-08-19,grant_williams,professional,HOU_CA_46_2026,house,CA,46,win_prob_D,0.9909,prob
2026-08-19,grant_williams,professional,HOU_CA_46_2026,house,CA,46,margin_D,16.63,pct
2026-08-19,grant_williams,professional,HOU_MA_09_2026,house,MA,09,win_prob_D,0.9909,prob
2026-08-19,grant_williams,professional,HOU_MA_09_2026,house,MA,09,margin_D,17.18,pct
2026-08-19,grant_williams,professional,HOU_CA_50_2026,house,CA,50,win_prob_D,0.9914,prob
2026-08-19,grant_williams,professional,HOU_CA_50_2026,house,CA,50,margin_D,16.62,pct
2026-08-19,grant_williams,professional,HOU_MS_01_2026,house,MS,01,win_prob_D,0.0085,prob
2026-08-19,grant_williams,professional,HOU_MS_01_2026,house,MS,01,margin_D,-16.15,pct
2026-08-19,grant_williams,professional,HOU_WV_02_2026,house,WV,02,win_prob_D,0.0083,prob
2026-08-19,grant_williams,professional,HOU_WV_02_2026,house,WV,02,margin_D,-18.16,pct
2026-08-19,grant_williams,professional,HOU_UT_03_2026,house,UT,03,win_prob_D,0.0079,prob
2026-08-19,grant_williams,professional,HOU_UT_03_2026,house,UT,03,margin_D,-18.02,pct
2026-08-19,grant_williams,professional,HOU_UT_01_2026,house,UT,01,win_prob_D,0.9922,prob
2026-08-19,grant_williams,professional,HOU_UT_01_2026,house,UT,01,margin_D,17.27,pct
2026-08-19,grant_williams,professional,HOU_KY_02_2026,house,KY,02,win_prob_D,0.0076,prob
2026-08-19,grant_williams,professional,HOU_KY_02_2026,house,KY,02,margin_D,-18.05,pct
2026-08-19,grant_williams,professional,HOU_OH_02_2026,house,OH,02,win_prob_D,0.0076,prob
2026-08-19,grant_williams,professional,HOU_OH_02_2026,house,OH,02,margin_D,-17.21,pct
2026-08-19,grant_williams,professional,HOU_KY_03_2026,house,KY,03,win_prob_D,0.9925,prob
2026-08-19,grant_williams,professional,HOU_KY_03_2026,house,KY,03,margin_D,17.75,pct
2026-08-19,grant_williams,professional,HOU_WA_06_2026,house,WA,06,win_prob_D,0.9925,prob
2026-08-19,grant_williams,professional,HOU_WA_06_2026,house,WA,06,margin_D,16.64,pct
2026-08-19,grant_williams,professional,HOU_FL_23_2026,house,FL,23,win_prob_D,0.9928,prob
2026-08-19,grant_williams,professional,HOU_FL_23_2026,house,FL,23,margin_D,17.42,pct
2026-08-19,grant_williams,professional,HOU_AL_07_2026,house,AL,07,win_prob_D,0.9929,prob
2026-08-19,grant_williams,professional,HOU_AL_07_2026,house,AL,07,margin_D,17.8,pct
2026-08-19,grant_williams,professional,HOU_IL_12_2026,house,IL,12,win_prob_D,0.0071,prob
2026-08-19,grant_williams,professional,HOU_IL_12_2026,house,IL,12,margin_D,-18.17,pct
2026-08-19,grant_williams,professional,HOU_DE_01_2026,house,DE,01,win_prob_D,0.993,prob
2026-08-19,grant_williams,professional,HOU_DE_01_2026,house,DE,01,margin_D,17.91,pct
2026-08-19,grant_williams,professional,HOU_AR_04_2026,house,AR,04,win_prob_D,0.0068,prob
2026-08-19,grant_williams,professional,HOU_AR_04_2026,house,AR,04,margin_D,-18.02,pct
2026-08-19,grant_williams,professional,HOU_CA_52_2026,house,CA,52,win_prob_D,0.9933,prob
2026-08-19,grant_williams,professional,HOU_CA_52_2026,house,CA,52,margin_D,17.64,pct
2026-08-19,grant_williams,professional,HOU_ID_01_2026,house,ID,01,win_prob_D,0.0067,prob
2026-08-19,grant_williams,professional,HOU_ID_01_2026,house,ID,01,margin_D,-18.91,pct
2026-08-19,grant_williams,professional,HOU_TX_19_2026,house,TX,19,win_prob_D,0.0066,prob
2026-08-19,grant_williams,professional,HOU_TX_19_2026,house,TX,19,margin_D,-18.08,pct
2026-08-19,grant_williams,professional,HOU_PA_13_2026,house,PA,13,win_prob_D,0.0065,prob
2026-08-19,grant_williams,professional,HOU_PA_13_2026,house,PA,13,margin_D,-19.09,pct
2026-08-19,grant_williams,professional,HOU_MO_07_2026,house,MO,07,win_prob_D,0.006,prob
2026-08-19,grant_williams,professional,HOU_MO_07_2026,house,MO,07,margin_D,-19.06,pct
2026-08-19,grant_williams,professional,HOU_MS_02_2026,house,MS,02,win_prob_D,0.9941,prob
2026-08-19,grant_williams,professional,HOU_MS_02_2026,house,MS,02,margin_D,18.69,pct
2026-08-19,grant_williams,professional,HOU_MS_04_2026,house,MS,04,win_prob_D,0.0056,prob
2026-08-19,grant_williams,professional,HOU_MS_04_2026,house,MS,04,margin_D,-19.14,pct
2026-08-19,grant_williams,professional,HOU_TX_13_2026,house,TX,13,win_prob_D,0.0055,prob
2026-08-19,grant_williams,professional,HOU_TX_13_2026,house,TX,13,margin_D,-19.64,pct
2026-08-19,grant_williams,professional,HOU_CO_07_2026,house,CO,07,win_prob_D,0.9945,prob
2026-08-19,grant_williams,professional,HOU_CO_07_2026,house,CO,07,margin_D,19.76,pct
2026-08-19,grant_williams,professional,HOU_PA_04_2026,house,PA,04,win_prob_D,0.9946,prob
2026-08-19,grant_williams,professional,HOU_PA_04_2026,house,PA,04,margin_D,17.76,pct
2026-08-19,grant_williams,professional,HOU_CT_03_2026,house,CT,03,win_prob_D,0.9947,prob
2026-08-19,grant_williams,professional,HOU_CT_03_2026,house,CT,03,margin_D,17.88,pct
2026-08-19,grant_williams,professional,HOU_MA_06_2026,house,MA,06,win_prob_D,0.9948,prob
2026-08-19,grant_williams,professional,HOU_MA_06_2026,house,MA,06,margin_D,18.35,pct
2026-08-19,grant_williams,professional,HOU_NY_20_2026,house,NY,20,win_prob_D,0.995,prob
2026-08-19,grant_williams,professional,HOU_NY_20_2026,house,NY,20,margin_D,18.01,pct
2026-08-19,grant_williams,professional,HOU_MA_01_2026,house,MA,01,win_prob_D,0.9951,prob
2026-08-19,grant_williams,professional,HOU_MA_01_2026,house,MA,01,margin_D,19.06,pct
2026-08-19,grant_williams,professional,HOU_MD_02_2026,house,MD,02,win_prob_D,0.9951,prob
2026-08-19,grant_williams,professional,HOU_MD_02_2026,house,MD,02,margin_D,19.78,pct
2026-08-19,grant_williams,professional,HOU_HI_01_2026,house,HI,01,win_prob_D,0.9952,prob
2026-08-19,grant_williams,professional,HOU_HI_01_2026,house,HI,01,margin_D,19.46,pct
2026-08-19,grant_williams,professional,HOU_VA_09_2026,house,VA,09,win_prob_D,0.0048,prob
2026-08-19,grant_williams,professional,HOU_VA_09_2026,house,VA,09,margin_D,-19.34,pct
2026-08-19,grant_williams,professional,HOU_WA_02_2026,house,WA,02,win_prob_D,0.9952,prob
2026-08-19,grant_williams,professional,HOU_WA_02_2026,house,WA,02,margin_D,18.6,pct
2026-08-19,grant_williams,professional,HOU_NY_25_2026,house,NY,25,win_prob_D,0.9955,prob
2026-08-19,grant_williams,professional,HOU_NY_25_2026,house,NY,25,margin_D,19.72,pct
2026-08-19,grant_williams,professional,HOU_OK_03_2026,house,OK,03,win_prob_D,0.0043,prob
2026-08-19,grant_williams,professional,HOU_OK_03_2026,house,OK,03,margin_D,-19.82,pct
2026-08-19,grant_williams,professional,HOU_NM_01_2026,house,NM,01,win_prob_D,0.9957,prob
2026-08-19,grant_williams,professional,HOU_NM_01_2026,house,NM,01,margin_D,18.81,pct
2026-08-19,grant_williams,professional,HOU_HI_02_2026,house,HI,02,win_prob_D,0.9958,prob
2026-08-19,grant_williams,professional,HOU_HI_02_2026,house,HI,02,margin_D,18.69,pct
2026-08-19,grant_williams,professional,HOU_NJ_12_2026,house,NJ,12,win_prob_D,0.9958,prob
2026-08-19,grant_williams,professional,HOU_NJ_12_2026,house,NJ,12,margin_D,19.13,pct
2026-08-19,grant_williams,professional,HOU_PA_12_2026,house,PA,12,win_prob_D,0.996,prob
2026-08-19,grant_williams,professional,HOU_PA_12_2026,house,PA,12,margin_D,19.7,pct
2026-08-19,grant_williams,professional,HOU_TX_01_2026,house,TX,01,win_prob_D,0.004,prob
2026-08-19,grant_williams,professional,HOU_TX_01_2026,house,TX,01,margin_D,-20.71,pct
2026-08-19,grant_williams,professional,HOU_CA_24_2026,house,CA,24,win_prob_D,0.9962,prob
2026-08-19,grant_williams,professional,HOU_CA_24_2026,house,CA,24,margin_D,19.64,pct
2026-08-19,grant_williams,professional,HOU_NJ_01_2026,house,NJ,01,win_prob_D,0.9962,prob
2026-08-19,grant_williams,professional,HOU_NJ_01_2026,house,NJ,01,margin_D,19.85,pct
2026-08-19,grant_williams,professional,HOU_SC_03_2026,house,SC,03,win_prob_D,0.0038,prob
2026-08-19,grant_williams,professional,HOU_SC_03_2026,house,SC,03,margin_D,-19.11,pct
2026-08-19,grant_williams,professional,HOU_KY_01_2026,house,KY,01,win_prob_D,0.0037,prob
2026-08-19,grant_williams,professional,HOU_KY_01_2026,house,KY,01,margin_D,-20.94,pct
2026-08-19,grant_williams,professional,HOU_NY_26_2026,house,NY,26,win_prob_D,0.9964,prob
2026-08-19,grant_williams,professional,HOU_NY_26_2026,house,NY,26,margin_D,20.8,pct
2026-08-19,grant_williams,professional,HOU_WV_01_2026,house,WV,01,win_prob_D,0.0035,prob
2026-08-19,grant_williams,professional,HOU_WV_01_2026,house,WV,01,margin_D,-20.08,pct
2026-08-19,grant_williams,professional,HOU_TX_16_2026,house,TX,16,win_prob_D,0.9965,prob
2026-08-19,grant_williams,professional,HOU_TX_16_2026,house,TX,16,margin_D,20.03,pct
2026-08-19,grant_williams,professional,HOU_AR_01_2026,house,AR,01,win_prob_D,0.0033,prob
2026-08-19,grant_williams,professional,HOU_AR_01_2026,house,AR,01,margin_D,-20.94,pct
2026-08-19,grant_williams,professional,HOU_CA_28_2026,house,CA,28,win_prob_D,0.9969,prob
2026-08-19,grant_williams,professional,HOU_CA_28_2026,house,CA,28,margin_D,20.57,pct
2026-08-19,grant_williams,professional,HOU_MD_03_2026,house,MD,03,win_prob_D,0.9969,prob
2026-08-19,grant_williams,professional,HOU_MD_03_2026,house,MD,03,margin_D,21.67,pct
2026-08-19,grant_williams,professional,HOU_SC_06_2026,house,SC,06,win_prob_D,0.9969,prob
2026-08-19,grant_williams,professional,HOU_SC_06_2026,house,SC,06,margin_D,20.62,pct
2026-08-19,grant_williams,professional,HOU_CA_14_2026,house,CA,14,win_prob_D,0.997,prob
2026-08-19,grant_williams,professional,HOU_CA_14_2026,house,CA,14,margin_D,21.74,pct
2026-08-19,grant_williams,professional,HOU_FL_10_2026,house,FL,10,win_prob_D,0.9971,prob
2026-08-19,grant_williams,professional,HOU_FL_10_2026,house,FL,10,margin_D,21.26,pct
2026-08-19,grant_williams,professional,HOU_MA_04_2026,house,MA,04,win_prob_D,0.9972,prob
2026-08-19,grant_williams,professional,HOU_MA_04_2026,house,MA,04,margin_D,21.97,pct
2026-08-19,grant_williams,professional,HOU_MN_03_2026,house,MN,03,win_prob_D,0.9972,prob
2026-08-19,grant_williams,professional,HOU_MN_03_2026,house,MN,03,margin_D,20.71,pct
2026-08-19,grant_williams,professional,HOU_RI_01_2026,house,RI,01,win_prob_D,0.9972,prob
2026-08-19,grant_williams,professional,HOU_RI_01_2026,house,RI,01,margin_D,21.73,pct
2026-08-19,grant_williams,professional,HOU_AL_03_2026,house,AL,03,win_prob_D,0.0027,prob
2026-08-19,grant_williams,professional,HOU_AL_03_2026,house,AL,03,margin_D,-20.94,pct
2026-08-19,grant_williams,professional,HOU_WA_01_2026,house,WA,01,win_prob_D,0.9974,prob
2026-08-19,grant_williams,professional,HOU_WA_01_2026,house,WA,01,margin_D,21.51,pct
2026-08-19,grant_williams,professional,HOU_IL_10_2026,house,IL,10,win_prob_D,0.9975,prob
2026-08-19,grant_williams,professional,HOU_IL_10_2026,house,IL,10,margin_D,21.56,pct
2026-08-19,grant_williams,professional,HOU_CA_32_2026,house,CA,32,win_prob_D,0.9976,prob
2026-08-19,grant_williams,professional,HOU_CA_32_2026,house,CA,32,margin_D,20.58,pct
2026-08-19,grant_williams,professional,HOU_CA_02_2026,house,CA,02,win_prob_D,0.9977,prob
2026-08-19,grant_williams,professional,HOU_CA_02_2026,house,CA,02,margin_D,19.55,pct
2026-08-19,grant_williams,professional,HOU_MD_05_2026,house,MD,05,win_prob_D,0.9977,prob
2026-08-19,grant_williams,professional,HOU_MD_05_2026,house,MD,05,margin_D,22.93,pct
2026-08-19,grant_williams,professional,HOU_TX_33_2026,house,TX,33,win_prob_D,0.9977,prob
2026-08-19,grant_williams,professional,HOU_TX_33_2026,house,TX,33,margin_D,23.08,pct
2026-08-19,grant_williams,professional,HOU_CT_01_2026,house,CT,01,win_prob_D,0.9978,prob
2026-08-19,grant_williams,professional,HOU_CT_01_2026,house,CT,01,margin_D,21.81,pct
2026-08-19,grant_williams,professional,HOU_IL_04_2026,house,IL,04,win_prob_D,0.9978,prob
2026-08-19,grant_williams,professional,HOU_IL_04_2026,house,IL,04,margin_D,22.79,pct
2026-08-19,grant_williams,professional,HOU_MA_03_2026,house,MA,03,win_prob_D,0.9978,prob
2026-08-19,grant_williams,professional,HOU_MA_03_2026,house,MA,03,margin_D,22.0,pct
2026-08-19,grant_williams,professional,HOU_MI_06_2026,house,MI,06,win_prob_D,0.9978,prob
2026-08-19,grant_williams,professional,HOU_MI_06_2026,house,MI,06,margin_D,21.61,pct
2026-08-19,grant_williams,professional,HOU_OK_02_2026,house,OK,02,win_prob_D,0.0022,prob
2026-08-19,grant_williams,professional,HOU_OK_02_2026,house,OK,02,margin_D,-24.47,pct
2026-08-19,grant_williams,professional,HOU_CT_04_2026,house,CT,04,win_prob_D,0.9979,prob
2026-08-19,grant_williams,professional,HOU_CT_04_2026,house,CT,04,margin_D,22.71,pct
2026-08-19,grant_williams,professional,HOU_ME_01_2026,house,ME,01,win_prob_D,0.9979,prob
2026-08-19,grant_williams,professional,HOU_ME_01_2026,house,ME,01,margin_D,22.06,pct
2026-08-19,grant_williams,professional,HOU_NE_03_2026,house,NE,03,win_prob_D,0.0021,prob
2026-08-19,grant_williams,professional,HOU_NE_03_2026,house,NE,03,margin_D,-22.98,pct
2026-08-19,grant_williams,professional,HOU_NJ_08_2026,house,NJ,08,win_prob_D,0.9979,prob
2026-08-19,grant_williams,professional,HOU_NJ_08_2026,house,NJ,08,margin_D,24.54,pct
2026-08-19,grant_williams,professional,HOU_CA_10_2026,house,CA,10,win_prob_D,0.998,prob
2026-08-19,grant_williams,professional,HOU_CA_10_2026,house,CA,10,margin_D,24.28,pct
2026-08-19,grant_williams,professional,HOU_CA_19_2026,house,CA,19,win_prob_D,0.998,prob
2026-08-19,grant_williams,professional,HOU_CA_19_2026,house,CA,19,margin_D,24.4,pct
2026-08-19,grant_williams,professional,HOU_NH_02_2026,house,NH,02,win_prob_D,0.998,prob
2026-08-19,grant_williams,professional,HOU_NH_02_2026,house,NH,02,margin_D,15.44,pct
2026-08-19,grant_williams,professional,HOU_IL_02_2026,house,IL,02,win_prob_D,0.9981,prob
2026-08-19,grant_williams,professional,HOU_IL_02_2026,house,IL,02,margin_D,23.8,pct
2026-08-19,grant_williams,professional,HOU_TX_07_2026,house,TX,07,win_prob_D,0.9981,prob
2026-08-19,grant_williams,professional,HOU_TX_07_2026,house,TX,07,margin_D,21.92,pct
2026-08-19,grant_williams,professional,HOU_TN_01_2026,house,TN,01,win_prob_D,0.0018,prob
2026-08-19,grant_williams,professional,HOU_TN_01_2026,house,TN,01,margin_D,-26.68,pct
2026-08-19,grant_williams,professional,HOU_TX_20_2026,house,TX,20,win_prob_D,0.9982,prob
2026-08-19,grant_williams,professional,HOU_TX_20_2026,house,TX,20,margin_D,24.66,pct
2026-08-19,grant_williams,professional,HOU_CA_08_2026,house,CA,08,win_prob_D,0.9983,prob
2026-08-19,grant_williams,professional,HOU_CA_08_2026,house,CA,08,margin_D,25.32,pct
2026-08-19,grant_williams,professional,HOU_CO_06_2026,house,CO,06,win_prob_D,0.9983,prob
2026-08-19,grant_williams,professional,HOU_CO_06_2026,house,CO,06,margin_D,22.6,pct
2026-08-19,grant_williams,professional,HOU_MA_02_2026,house,MA,02,win_prob_D,0.9983,prob
2026-08-19,grant_williams,professional,HOU_MA_02_2026,house,MA,02,margin_D,23.93,pct
2026-08-19,grant_williams,professional,HOU_PA_05_2026,house,PA,05,win_prob_D,0.9983,prob
2026-08-19,grant_williams,professional,HOU_PA_05_2026,house,PA,05,margin_D,24.56,pct
2026-08-19,grant_williams,professional,HOU_CA_18_2026,house,CA,18,win_prob_D,0.9986,prob
2026-08-19,grant_williams,professional,HOU_CA_18_2026,house,CA,18,margin_D,22.46,pct
2026-08-19,grant_williams,professional,HOU_VA_04_2026,house,VA,04,win_prob_D,0.9986,prob
2026-08-19,grant_williams,professional,HOU_VA_04_2026,house,VA,04,margin_D,25.13,pct
2026-08-19,grant_williams,professional,HOU_MO_08_2026,house,MO,08,win_prob_D,0.0013,prob
2026-08-19,grant_williams,professional,HOU_MO_08_2026,house,MO,08,margin_D,-24.83,pct
2026-08-19,grant_williams,professional,HOU_IL_09_2026,house,IL,09,win_prob_D,0.9987,prob
2026-08-19,grant_williams,professional,HOU_IL_09_2026,house,IL,09,margin_D,24.68,pct
2026-08-19,grant_williams,professional,HOU_CA_29_2026,house,CA,29,win_prob_D,0.9988,prob
2026-08-19,grant_williams,professional,HOU_CA_29_2026,house,CA,29,margin_D,25.37,pct
2026-08-19,grant_williams,professional,HOU_FL_24_2026,house,FL,24,win_prob_D,0.9989,prob
2026-08-19,grant_williams,professional,HOU_FL_24_2026,house,FL,24,margin_D,26.4,pct
2026-08-19,grant_williams,professional,HOU_TX_29_2026,house,TX,29,win_prob_D,0.9989,prob
2026-08-19,grant_williams,professional,HOU_TX_29_2026,house,TX,29,margin_D,25.71,pct
2026-08-19,grant_williams,professional,HOU_VA_11_2026,house,VA,11,win_prob_D,0.9989,prob
2026-08-19,grant_williams,professional,HOU_VA_11_2026,house,VA,11,margin_D,26.11,pct
2026-08-19,grant_williams,professional,HOU_CA_44_2026,house,CA,44,win_prob_D,0.999,prob
2026-08-19,grant_williams,professional,HOU_CA_44_2026,house,CA,44,margin_D,26.2,pct
2026-08-19,grant_williams,professional,HOU_GA_13_2026,house,GA,13,win_prob_D,0.999,prob
2026-08-19,grant_williams,professional,HOU_GA_13_2026,house,GA,13,margin_D,25.42,pct
2026-08-19,grant_williams,professional,HOU_IL_03_2026,house,IL,03,win_prob_D,0.999,prob
2026-08-19,grant_williams,professional,HOU_IL_03_2026,house,IL,03,margin_D,26.3,pct
2026-08-19,grant_williams,professional,HOU_MA_08_2026,house,MA,08,win_prob_D,0.999,prob
2026-08-19,grant_williams,professional,HOU_MA_08_2026,house,MA,08,margin_D,25.85,pct
2026-08-19,grant_williams,professional,HOU_NC_02_2026,house,NC,02,win_prob_D,0.9991,prob
2026-08-19,grant_williams,professional,HOU_NC_02_2026,house,NC,02,margin_D,25.16,pct
2026-08-19,grant_williams,professional,HOU_WA_09_2026,house,WA,09,win_prob_D,0.9991,prob
2026-08-19,grant_williams,professional,HOU_WA_09_2026,house,WA,09,margin_D,28.17,pct
2026-08-19,grant_williams,professional,HOU_PA_02_2026,house,PA,02,win_prob_D,0.9992,prob
2026-08-19,grant_williams,professional,HOU_PA_02_2026,house,PA,02,margin_D,28.37,pct
2026-08-19,grant_williams,professional,HOU_VA_03_2026,house,VA,03,win_prob_D,0.9992,prob
2026-08-19,grant_williams,professional,HOU_VA_03_2026,house,VA,03,margin_D,26.13,pct
2026-08-19,grant_williams,professional,HOU_AZ_07_2026,house,AZ,07,win_prob_D,0.9993,prob
2026-08-19,grant_williams,professional,HOU_AZ_07_2026,house,AZ,07,margin_D,24.57,pct
2026-08-19,grant_williams,professional,HOU_CA_36_2026,house,CA,36,win_prob_D,0.9993,prob
2026-08-19,grant_williams,professional,HOU_CA_36_2026,house,CA,36,margin_D,27.21,pct
2026-08-19,grant_williams,professional,HOU_NY_14_2026,house,NY,14,win_prob_D,0.9993,prob
2026-08-19,grant_williams,professional,HOU_NY_14_2026,house,NY,14,margin_D,28.49,pct
2026-08-19,grant_williams,professional,HOU_OH_03_2026,house,OH,03,win_prob_D,0.9993,prob
2026-08-19,grant_williams,professional,HOU_OH_03_2026,house,OH,03,margin_D,30.23,pct
2026-08-19,grant_williams,professional,HOU_OR_01_2026,house,OR,01,win_prob_D,0.9993,prob
2026-08-19,grant_williams,professional,HOU_OR_01_2026,house,OR,01,margin_D,26.34,pct
2026-08-19,grant_williams,professional,HOU_VT_01_2026,house,VT,01,win_prob_D,0.9993,prob
2026-08-19,grant_williams,professional,HOU_VT_01_2026,house,VT,01,margin_D,27.79,pct
2026-08-19,grant_williams,professional,HOU_CA_30_2026,house,CA,30,win_prob_D,0.9994,prob
2026-08-19,grant_williams,professional,HOU_CA_30_2026,house,CA,30,margin_D,27.25,pct
2026-08-19,grant_williams,professional,HOU_FL_20_2026,house,FL,20,win_prob_D,0.9994,prob
2026-08-19,grant_williams,professional,HOU_FL_20_2026,house,FL,20,margin_D,28.01,pct
2026-08-19,grant_williams,professional,HOU_IL_01_2026,house,IL,01,win_prob_D,0.9994,prob
2026-08-19,grant_williams,professional,HOU_IL_01_2026,house,IL,01,margin_D,27.37,pct
2026-08-19,grant_williams,professional,HOU_MN_04_2026,house,MN,04,win_prob_D,0.9994,prob
2026-08-19,grant_williams,professional,HOU_MN_04_2026,house,MN,04,margin_D,27.24,pct
2026-08-19,grant_williams,professional,HOU_TX_30_2026,house,TX,30,win_prob_D,0.9994,prob
2026-08-19,grant_williams,professional,HOU_TX_30_2026,house,TX,30,margin_D,29.88,pct
2026-08-19,grant_williams,professional,HOU_KY_05_2026,house,KY,05,win_prob_D,0.0005,prob
2026-08-19,grant_williams,professional,HOU_KY_05_2026,house,KY,05,margin_D,-29.58,pct
2026-08-19,grant_williams,professional,HOU_CO_02_2026,house,CO,02,win_prob_D,0.9995,prob
2026-08-19,grant_williams,professional,HOU_CO_02_2026,house,CO,02,margin_D,31.41,pct
2026-08-19,grant_williams,professional,HOU_NY_07_2026,house,NY,07,win_prob_D,0.9995,prob
2026-08-19,grant_williams,professional,HOU_NY_07_2026,house,NY,07,margin_D,30.75,pct
2026-08-19,grant_williams,professional,HOU_AZ_03_2026,house,AZ,03,win_prob_D,0.9996,prob
2026-08-19,grant_williams,professional,HOU_AZ_03_2026,house,AZ,03,margin_D,33.17,pct
2026-08-19,grant_williams,professional,HOU_CA_15_2026,house,CA,15,win_prob_D,0.9996,prob
2026-08-19,grant_williams,professional,HOU_CA_15_2026,house,CA,15,margin_D,32.08,pct
2026-08-19,grant_williams,professional,HOU_CA_17_2026,house,CA,17,win_prob_D,0.9996,prob
2026-08-19,grant_williams,professional,HOU_CA_17_2026,house,CA,17,margin_D,27.2,pct
2026-08-19,grant_williams,professional,HOU_CA_43_2026,house,CA,43,win_prob_D,0.9996,prob
2026-08-19,grant_williams,professional,HOU_CA_43_2026,house,CA,43,margin_D,33.1,pct
2026-08-19,grant_williams,professional,HOU_GA_04_2026,house,GA,04,win_prob_D,0.9996,prob
2026-08-19,grant_williams,professional,HOU_GA_04_2026,house,GA,04,margin_D,34.75,pct
2026-08-19,grant_williams,professional,HOU_GA_06_2026,house,GA,06,win_prob_D,0.9996,prob
2026-08-19,grant_williams,professional,HOU_GA_06_2026,house,GA,06,margin_D,32.72,pct
2026-08-19,grant_williams,professional,HOU_IL_05_2026,house,IL,05,win_prob_D,0.9996,prob
2026-08-19,grant_williams,professional,HOU_IL_05_2026,house,IL,05,margin_D,28.41,pct
2026-08-19,grant_williams,professional,HOU_IN_07_2026,house,IN,07,win_prob_D,0.9996,prob
2026-08-19,grant_williams,professional,HOU_IN_07_2026,house,IN,07,margin_D,30.18,pct
2026-08-19,grant_williams,professional,HOU_LA_02_2026,house,LA,02,win_prob_D,0.9996,prob
2026-08-19,grant_williams,professional,HOU_LA_02_2026,house,LA,02,margin_D,33.39,pct
2026-08-19,grant_williams,professional,HOU_MI_13_2026,house,MI,13,win_prob_D,0.9996,prob
2026-08-19,grant_williams,professional,HOU_MI_13_2026,house,MI,13,margin_D,27.58,pct
2026-08-19,grant_williams,professional,HOU_NC_04_2026,house,NC,04,win_prob_D,0.9996,prob
2026-08-19,grant_williams,professional,HOU_NC_04_2026,house,NC,04,margin_D,30.87,pct
2026-08-19,grant_williams,professional,HOU_NY_05_2026,house,NY,05,win_prob_D,0.9996,prob
2026-08-19,grant_williams,professional,HOU_NY_05_2026,house,NY,05,margin_D,33.35,pct
2026-08-19,grant_williams,professional,HOU_NY_09_2026,house,NY,09,win_prob_D,0.9996,prob
2026-08-19,grant_williams,professional,HOU_NY_09_2026,house,NY,09,margin_D,31.34,pct
2026-08-19,grant_williams,professional,HOU_NY_10_2026,house,NY,10,win_prob_D,0.9996,prob
2026-08-19,grant_williams,professional,HOU_NY_10_2026,house,NY,10,margin_D,37.33,pct
2026-08-19,grant_williams,professional,HOU_NY_16_2026,house,NY,16,win_prob_D,0.9996,prob
2026-08-19,grant_williams,professional,HOU_NY_16_2026,house,NY,16,margin_D,27.59,pct
2026-08-19,grant_williams,professional,HOU_AL_04_2026,house,AL,04,win_prob_D,0.0003,prob
2026-08-19,grant_williams,professional,HOU_AL_04_2026,house,AL,04,margin_D,-30.65,pct
2026-08-19,grant_williams,professional,HOU_CA_16_2026,house,CA,16,win_prob_D,0.9997,prob
2026-08-19,grant_williams,professional,HOU_CA_16_2026,house,CA,16,margin_D,31.04,pct
2026-08-19,grant_williams,professional,HOU_MI_12_2026,house,MI,12,win_prob_D,0.9997,prob
2026-08-19,grant_williams,professional,HOU_MI_12_2026,house,MI,12,margin_D,30.2,pct
2026-08-19,grant_williams,professional,HOU_NC_12_2026,house,NC,12,win_prob_D,0.9997,prob
2026-08-19,grant_williams,professional,HOU_NC_12_2026,house,NC,12,margin_D,31.97,pct
2026-08-19,grant_williams,professional,HOU_TX_37_2026,house,TX,37,win_prob_D,0.9997,prob
2026-08-19,grant_williams,professional,HOU_TX_37_2026,house,TX,37,margin_D,38.21,pct
2026-08-19,grant_williams,professional,HOU_WI_02_2026,house,WI,02,win_prob_D,0.9997,prob
2026-08-19,grant_williams,professional,HOU_WI_02_2026,house,WI,02,margin_D,30.17,pct
2026-08-19,grant_williams,professional,HOU_WI_04_2026,house,WI,04,win_prob_D,0.9997,prob
2026-08-19,grant_williams,professional,HOU_WI_04_2026,house,WI,04,margin_D,35.05,pct
2026-08-19,grant_williams,professional,HOU_CA_11_2026,house,CA,11,win_prob_D,0.9998,prob
2026-08-19,grant_williams,professional,HOU_CA_11_2026,house,CA,11,margin_D,37.92,pct
2026-08-19,grant_williams,professional,HOU_CA_12_2026,house,CA,12,win_prob_D,0.9998,prob
2026-08-19,grant_williams,professional,HOU_CA_12_2026,house,CA,12,margin_D,44.47,pct
2026-08-19,grant_williams,professional,HOU_CA_37_2026,house,CA,37,win_prob_D,0.9998,prob
2026-08-19,grant_williams,professional,HOU_CA_37_2026,house,CA,37,margin_D,38.63,pct
2026-08-19,grant_williams,professional,HOU_MO_01_2026,house,MO,01,win_prob_D,0.9998,prob
2026-08-19,grant_williams,professional,HOU_MO_01_2026,house,MO,01,margin_D,35.9,pct
2026-08-19,grant_williams,professional,HOU_NJ_10_2026,house,NJ,10,win_prob_D,0.9998,prob
2026-08-19,grant_williams,professional,HOU_NJ_10_2026,house,NJ,10,margin_D,36.13,pct
2026-08-19,grant_williams,professional,HOU_TX_18_2026,house,TX,18,win_prob_D,0.9998,prob
2026-08-19,grant_williams,professional,HOU_TX_18_2026,house,TX,18,margin_D,37.25,pct
2026-08-19,grant_williams,professional,HOU_CA_34_2026,house,CA,34,win_prob_D,0.9999,prob
2026-08-19,grant_williams,professional,HOU_CA_34_2026,house,CA,34,margin_D,33.95,pct
2026-08-19,grant_williams,professional,HOU_GA_05_2026,house,GA,05,win_prob_D,0.9999,prob
2026-08-19,grant_williams,professional,HOU_GA_05_2026,house,GA,05,margin_D,43.35,pct
2026-08-19,grant_williams,professional,HOU_MA_05_2026,house,MA,05,win_prob_D,0.9999,prob
2026-08-19,grant_williams,professional,HOU_MA_05_2026,house,MA,05,margin_D,34.41,pct
2026-08-19,grant_williams,professional,HOU_MD_07_2026,house,MD,07,win_prob_D,0.9999,prob
2026-08-19,grant_williams,professional,HOU_MD_07_2026,house,MD,07,margin_D,39.8,pct
2026-08-19,grant_williams,professional,HOU_MD_08_2026,house,MD,08,win_prob_D,0.9999,prob
2026-08-19,grant_williams,professional,HOU_MD_08_2026,house,MD,08,margin_D,38.98,pct
2026-08-19,grant_williams,professional,HOU_MN_05_2026,house,MN,05,win_prob_D,0.9999,prob
2026-08-19,grant_williams,professional,HOU_MN_05_2026,house,MN,05,margin_D,40.77,pct
2026-08-19,grant_williams,professional,HOU_NY_08_2026,house,NY,08,win_prob_D,0.9999,prob
2026-08-19,grant_williams,professional,HOU_NY_08_2026,house,NY,08,margin_D,33.14,pct
2026-08-19,grant_williams,professional,HOU_NY_13_2026,house,NY,13,win_prob_D,0.9999,prob
2026-08-19,grant_williams,professional,HOU_NY_13_2026,house,NY,13,margin_D,37.4,pct
2026-08-19,grant_williams,professional,HOU_NY_15_2026,house,NY,15,win_prob_D,0.9999,prob
2026-08-19,grant_williams,professional,HOU_NY_15_2026,house,NY,15,margin_D,36.1,pct
2026-08-19,grant_williams,professional,HOU_OH_11_2026,house,OH,11,win_prob_D,0.9999,prob
2026-08-19,grant_williams,professional,HOU_OH_11_2026,house,OH,11,margin_D,36.94,pct
2026-08-19,grant_williams,professional,HOU_OR_03_2026,house,OR,03,win_prob_D,0.9999,prob
2026-08-19,grant_williams,professional,HOU_OR_03_2026,house,OR,03,margin_D,30.11,pct
2026-08-19,grant_williams,professional,HOU_PA_03_2026,house,PA,03,win_prob_D,0.9999,prob
2026-08-19,grant_williams,professional,HOU_PA_03_2026,house,PA,03,margin_D,44.83,pct
2026-08-19,grant_williams,professional,HOU_VA_08_2026,house,VA,08,win_prob_D,0.9999,prob
2026-08-19,grant_williams,professional,HOU_VA_08_2026,house,VA,08,margin_D,33.77,pct
2026-08-19,grant_williams,professional,HOU_WA_07_2026,house,WA,07,win_prob_D,0.9999,prob
2026-08-19,grant_williams,professional,HOU_WA_07_2026,house,WA,07,margin_D,44.6,pct
2026-08-19,grant_williams,professional,HOU_CO_01_2026,house,CO,01,win_prob_D,1.0,prob
2026-08-19,grant_williams,professional,HOU_CO_01_2026,house,CO,01,margin_D,36.35,pct
2026-08-19,grant_williams,professional,HOU_IL_07_2026,house,IL,07,win_prob_D,1.0,prob
2026-08-19,grant_williams,professional,HOU_IL_07_2026,house,IL,07,margin_D,39.14,pct
2026-08-19,grant_williams,professional,HOU_MA_07_2026,house,MA,07,win_prob_D,1.0,prob
2026-08-19,grant_williams,professional,HOU_MA_07_2026,house,MA,07,margin_D,44.13,pct
2026-08-19,grant_williams,professional,HOU_MD_04_2026,house,MD,04,win_prob_D,1.0,prob
2026-08-19,grant_williams,professional,HOU_MD_04_2026,house,MD,04,margin_D,47.6,pct
2026-08-19,grant_williams,professional,HOU_NY_12_2026,house,NY,12,win_prob_D,1.0,prob
2026-08-19,grant_williams,professional,HOU_NY_12_2026,house,NY,12,margin_D,38.33,pct
2026-08-19,grant_williams,professional,NATL_SENATE_2026,national,,,margin_D,6.42,pct
2026-08-19,grant_williams,professional,NATL_SENATE_2026,national,,,seats_D,51.43,seats
