snapshot_date,category,race_id,chamber,state,district,quantity,unit,n_sources,n_gated,partial,n_withheld,mean,min,max,sd,tier,display,sole_source,oldest_as_of,n_carried
2025-12-23,fundamentals,NATL_HOUSE_2026,national,,,margin_D,margin,1,0,0,0,-1.68,-1.68,-1.68,,open,single,fair,2025-12-23,0
2026-02-20,fundamentals,NATL_HOUSE_2026,national,,,margin_D,margin,1,0,0,0,1.36,1.36,1.36,,open,single,fair,2026-02-20,0
2026-04-30,fundamentals,NATL_HOUSE_2026,national,,,margin_D,margin,1,0,0,0,1.32,1.32,1.32,,open,single,fair,2026-04-30,0
2026-07-31,fundamentals,NATL_HOUSE_2026,national,,,margin_D,margin,1,0,0,0,1.78,1.78,1.78,,open,single,fair,2026-07-31,0
2026-08-19,fundamentals,NATL_HOUSE_2026,national,,,margin_D,margin,1,0,0,0,1.78,1.78,1.78,,open,single,fair,2026-07-31,1
2026-08-19,market,GOV_AL_2026,governor,AL,,win_prob_D,prob,1,0,0,0,0.058,0.058,0.058,,open,single,polymarket,2026-08-19,0
2026-08-19,market,GOV_AL_2026,governor,AL,,win_prob_R,prob,1,0,0,0,0.9464,0.9464,0.9464,,open,single,polymarket,2026-08-19,0
2026-08-19,market,GOV_AR_2026,governor,AR,,win_prob_D,prob,1,0,0,0,0.0075,0.0075,0.0075,,open,single,polymarket,2026-08-19,0
2026-08-19,market,GOV_AR_2026,governor,AR,,win_prob_R,prob,1,0,0,0,0.9656,0.9656,0.9656,,open,single,polymarket,2026-08-19,0
2026-08-19,market,GOV_AZ_2026,governor,AZ,,win_prob_D,prob,1,0,0,0,0.875,0.875,0.875,,open,single,polymarket,2026-08-19,0
2026-08-19,market,GOV_AZ_2026,governor,AZ,,win_prob_R,prob,1,0,0,0,0.125,0.125,0.125,,open,single,polymarket,2026-08-19,0
2026-08-19,market,GOV_CO_2026,governor,CO,,win_prob_D,prob,1,0,0,0,0.9595,0.9595,0.9595,,open,single,polymarket,2026-08-19,0
2026-08-19,market,GOV_CO_2026,governor,CO,,win_prob_R,prob,1,0,0,0,0.038,0.038,0.038,,open,single,polymarket,2026-08-19,0
2026-08-19,market,GOV_CT_2026,governor,CT,,win_prob_D,prob,1,0,0,0,0.9868,0.9868,0.9868,,open,single,polymarket,2026-08-19,0
2026-08-19,market,GOV_CT_2026,governor,CT,,win_prob_R,prob,1,0,0,0,0.0096,0.0096,0.0096,,open,single,polymarket,2026-08-19,0
2026-08-19,market,GOV_FL_2026,governor,FL,,win_prob_D,prob,1,0,0,0,0.1713,0.1713,0.1713,,open,single,polymarket,2026-08-19,0
2026-08-19,market,GOV_FL_2026,governor,FL,,win_prob_R,prob,1,0,0,0,0.83,0.83,0.83,,open,single,polymarket,2026-08-19,0
2026-08-19,market,GOV_GA_2026,governor,GA,,win_prob_D,prob,1,0,0,0,0.6,0.6,0.6,,open,single,polymarket,2026-08-19,0
2026-08-19,market,GOV_GA_2026,governor,GA,,win_prob_R,prob,1,0,0,0,0.41,0.41,0.41,,open,single,polymarket,2026-08-19,0
2026-08-19,market,GOV_HI_2026,governor,HI,,win_prob_D,prob,1,0,0,0,0.9673,0.9673,0.9673,,open,single,polymarket,2026-08-19,0
2026-08-19,market,GOV_HI_2026,governor,HI,,win_prob_R,prob,1,0,0,0,0.016,0.016,0.016,,open,single,polymarket,2026-08-19,0
2026-08-19,market,GOV_IA_2026,governor,IA,,win_prob_D,prob,1,0,0,0,0.775,0.775,0.775,,open,single,polymarket,2026-08-19,0
2026-08-19,market,GOV_IA_2026,governor,IA,,win_prob_R,prob,1,0,0,0,0.235,0.235,0.235,,open,single,polymarket,2026-08-19,0
2026-08-19,market,GOV_ID_2026,governor,ID,,win_prob_D,prob,1,0,0,0,0.0222,0.0222,0.0222,,open,single,polymarket,2026-08-19,0
2026-08-19,market,GOV_ID_2026,governor,ID,,win_prob_R,prob,1,0,0,0,0.96,0.96,0.96,,open,single,polymarket,2026-08-19,0
2026-08-19,market,GOV_IL_2026,governor,IL,,win_prob_D,prob,1,0,0,0,0.955,0.955,0.955,,open,single,polymarket,2026-08-19,0
2026-08-19,market,GOV_IL_2026,governor,IL,,win_prob_R,prob,1,0,0,0,0.055,0.055,0.055,,open,single,polymarket,2026-08-19,0
2026-08-19,market,GOV_KS_2026,governor,KS,,win_prob_D,prob,1,0,0,0,0.345,0.345,0.345,,open,single,polymarket,2026-08-19,0
2026-08-19,market,GOV_KS_2026,governor,KS,,win_prob_R,prob,1,0,0,0,0.66,0.66,0.66,,open,single,polymarket,2026-08-19,0
2026-08-19,market,GOV_MA_2026,governor,MA,,win_prob_D,prob,1,0,0,0,0.9611,0.9611,0.9611,,open,single,polymarket,2026-08-19,0
2026-08-19,market,GOV_MA_2026,governor,MA,,win_prob_R,prob,1,0,0,0,0.034,0.034,0.034,,open,single,polymarket,2026-08-19,0
2026-08-19,market,GOV_MD_2026,governor,MD,,win_prob_D,prob,1,0,0,0,0.962,0.962,0.962,,open,single,polymarket,2026-08-19,0
2026-08-19,market,GOV_MD_2026,governor,MD,,win_prob_R,prob,1,0,0,0,0.0306,0.0306,0.0306,,open,single,polymarket,2026-08-19,0
2026-08-19,market,GOV_ME_2026,governor,ME,,win_prob_D,prob,1,0,0,0,0.9599,0.9599,0.9599,,open,single,polymarket,2026-08-19,0
2026-08-19,market,GOV_ME_2026,governor,ME,,win_prob_R,prob,1,0,0,0,0.0416,0.0416,0.0416,,open,single,polymarket,2026-08-19,0
2026-08-19,market,GOV_MI_2026,governor,MI,,win_prob_D,prob,1,0,0,0,0.8688,0.8688,0.8688,,open,single,polymarket,2026-08-19,0
2026-08-19,market,GOV_MI_2026,governor,MI,,win_prob_R,prob,1,0,0,0,0.1325,0.1325,0.1325,,open,single,polymarket,2026-08-19,0
2026-08-19,market,GOV_MN_2026,governor,MN,,win_prob_D,prob,1,0,0,0,0.945,0.945,0.945,,open,single,polymarket,2026-08-19,0
2026-08-19,market,GOV_MN_2026,governor,MN,,win_prob_R,prob,1,0,0,0,0.054,0.054,0.054,,open,single,polymarket,2026-08-19,0
2026-08-19,market,GOV_NE_2026,governor,NE,,win_prob_D,prob,1,0,0,0,0.085,0.085,0.085,,open,single,polymarket,2026-08-19,0
2026-08-19,market,GOV_NE_2026,governor,NE,,win_prob_R,prob,1,0,0,0,0.925,0.925,0.925,,open,single,polymarket,2026-08-19,0
2026-08-19,market,GOV_NH_2026,governor,NH,,win_prob_D,prob,1,0,0,0,0.1635,0.1635,0.1635,,open,single,polymarket,2026-08-19,0
2026-08-19,market,GOV_NH_2026,governor,NH,,win_prob_R,prob,1,0,0,0,0.83,0.83,0.83,,open,single,polymarket,2026-08-19,0
2026-08-19,market,GOV_NM_2026,governor,NM,,win_prob_D,prob,1,0,0,0,0.915,0.915,0.915,,open,single,polymarket,2026-08-19,0
2026-08-19,market,GOV_NM_2026,governor,NM,,win_prob_R,prob,1,0,0,0,0.095,0.095,0.095,,open,single,polymarket,2026-08-19,0
2026-08-19,market,GOV_NV_2026,governor,NV,,win_prob_D,prob,1,0,0,0,0.435,0.435,0.435,,open,single,polymarket,2026-08-19,0
2026-08-19,market,GOV_NV_2026,governor,NV,,win_prob_R,prob,1,0,0,0,0.5625,0.5625,0.5625,,open,single,polymarket,2026-08-19,0
2026-08-19,market,GOV_NY_2026,governor,NY,,win_prob_D,prob,1,0,0,0,0.945,0.945,0.945,,open,single,polymarket,2026-08-19,0
2026-08-19,market,GOV_NY_2026,governor,NY,,win_prob_R,prob,1,0,0,0,0.055,0.055,0.055,,open,single,polymarket,2026-08-19,0
2026-08-19,market,GOV_OH_2026,governor,OH,,win_prob_D,prob,1,0,0,0,0.48,0.48,0.48,,open,single,polymarket,2026-08-19,0
2026-08-19,market,GOV_OH_2026,governor,OH,,win_prob_R,prob,1,0,0,0,0.485,0.485,0.485,,open,single,polymarket,2026-08-19,0
2026-08-19,market,GOV_OK_2026,governor,OK,,win_prob_D,prob,1,0,0,0,0.045,0.045,0.045,,open,single,polymarket,2026-08-19,0
2026-08-19,market,GOV_OK_2026,governor,OK,,win_prob_R,prob,1,0,0,0,0.96,0.96,0.96,,open,single,polymarket,2026-08-19,0
2026-08-19,market,NATL_HOUSE_2026,national,,,win_prob_D,prob,1,0,0,0,0.875,0.875,0.875,,open,single,polymarket,2026-08-19,0
2026-08-19,market,NATL_HOUSE_2026,national,,,win_prob_R,prob,1,0,0,0,0.125,0.125,0.125,,open,single,polymarket,2026-08-19,0
2026-08-19,market,NATL_SENATE_2026,national,,,win_prob_D,prob,1,0,0,0,0.505,0.505,0.505,,open,single,polymarket,2026-08-19,0
2026-08-19,market,NATL_SENATE_2026,national,,,win_prob_R,prob,1,0,0,0,0.495,0.495,0.495,,open,single,polymarket,2026-08-19,0
2026-08-19,polling,NATL_HOUSE_2026,national,,,margin_D,pct,4,4,0,0,6.4841,6.1365,6.8,0.3168,gated,ok,,2026-08-19,0
2026-08-19,professional,HOU_AK_01_2026,house,AK,01,margin_D,pct,1,0,0,0,-3.61,-3.61,-3.61,,open,single,grant_williams,2026-08-19,0
2026-08-19,professional,HOU_AK_01_2026,house,AK,01,win_prob_D,prob,1,0,0,0,0.2785,0.2785,0.2785,,open,single,grant_williams,2026-08-19,0
2026-08-19,professional,HOU_AL_01_2026,house,AL,01,margin_D,pct,1,0,0,0,-11.71,-11.71,-11.71,,open,single,grant_williams,2026-08-19,0
2026-08-19,professional,HOU_AL_01_2026,house,AL,01,win_prob_D,prob,1,0,0,0,0.0382,0.0382,0.0382,,open,single,grant_williams,2026-08-19,0
2026-08-19,professional,HOU_AL_02_2026,house,AL,02,margin_D,pct,1,0,0,0,1.47,1.47,1.47,,open,single,grant_williams,2026-08-19,0
2026-08-19,professional,HOU_AL_02_2026,house,AL,02,win_prob_D,prob,1,0,0,0,0.5916,0.5916,0.5916,,open,single,grant_williams,2026-08-19,0
2026-08-19,professional,HOU_AL_03_2026,house,AL,03,margin_D,pct,1,0,0,0,-20.94,-20.94,-20.94,,open,single,grant_williams,2026-08-19,0
2026-08-19,professional,HOU_AL_03_2026,house,AL,03,win_prob_D,prob,1,0,0,0,0.0027,0.0027,0.0027,,open,single,grant_williams,2026-08-19,0
2026-08-19,professional,HOU_AL_04_2026,house,AL,04,margin_D,pct,1,0,0,0,-30.65,-30.65,-30.65,,open,single,grant_williams,2026-08-19,0
2026-08-19,professional,HOU_AL_04_2026,house,AL,04,win_prob_D,prob,1,0,0,0,0.0003,0.0003,0.0003,,open,single,grant_williams,2026-08-19,0
2026-08-19,professional,HOU_AL_05_2026,house,AL,05,margin_D,pct,1,0,0,0,-13.27,-13.27,-13.27,,open,single,grant_williams,2026-08-19,0
2026-08-19,professional,HOU_AL_05_2026,house,AL,05,win_prob_D,prob,1,0,0,0,0.0239,0.0239,0.0239,,open,single,grant_williams,2026-08-19,0
2026-08-19,professional,HOU_AL_06_2026,house,AL,06,margin_D,pct,1,0,0,0,-15.12,-15.12,-15.12,,open,single,grant_williams,2026-08-19,0
2026-08-19,professional,HOU_AL_06_2026,house,AL,06,win_prob_D,prob,1,0,0,0,0.0146,0.0146,0.0146,,open,single,grant_williams,2026-08-19,0
2026-08-19,professional,HOU_AL_07_2026,house,AL,07,margin_D,pct,1,0,0,0,17.8,17.8,17.8,,open,single,grant_williams,2026-08-19,0
2026-08-19,professional,HOU_AL_07_2026,house,AL,07,win_prob_D,prob,1,0,0,0,0.9929,0.9929,0.9929,,open,single,grant_williams,2026-08-19,0
2026-08-19,professional,HOU_AR_01_2026,house,AR,01,margin_D,pct,1,0,0,0,-20.94,-20.94,-20.94,,open,single,grant_williams,2026-08-19,0
2026-08-19,professional,HOU_AR_01_2026,house,AR,01,win_prob_D,prob,1,0,0,0,0.0033,0.0033,0.0033,,open,single,grant_williams,2026-08-19,0
2026-08-19,professional,HOU_AR_02_2026,house,AR,02,margin_D,pct,1,0,0,0,-6.63,-6.63,-6.63,,open,single,grant_williams,2026-08-19,0
2026-08-19,professional,HOU_AR_02_2026,house,AR,02,win_prob_D,prob,1,0,0,0,0.1501,0.1501,0.1501,,open,single,grant_williams,2026-08-19,0
2026-08-19,professional,HOU_AR_03_2026,house,AR,03,margin_D,pct,1,0,0,0,-11.36,-11.36,-11.36,,open,single,grant_williams,2026-08-19,0
2026-08-19,professional,HOU_AR_03_2026,house,AR,03,win_prob_D,prob,1,0,0,0,0.0431,0.0431,0.0431,,open,single,grant_williams,2026-08-19,0
2026-08-19,professional,HOU_AR_04_2026,house,AR,04,margin_D,pct,1,0,0,0,-18.02,-18.02,-18.02,,open,single,grant_williams,2026-08-19,0
2026-08-19,professional,HOU_AR_04_2026,house,AR,04,win_prob_D,prob,1,0,0,0,0.0068,0.0068,0.0068,,open,single,grant_williams,2026-08-19,0
2026-08-19,professional,HOU_AZ_01_2026,house,AZ,01,margin_D,pct,1,0,0,0,7.58,7.58,7.58,,open,single,grant_williams,2026-08-19,0
2026-08-19,professional,HOU_AZ_01_2026,house,AZ,01,win_prob_D,prob,1,0,0,0,0.8856,0.8856,0.8856,,open,single,grant_williams,2026-08-19,0
2026-08-19,professional,HOU_AZ_02_2026,house,AZ,02,margin_D,pct,1,0,0,0,-1.7,-1.7,-1.7,,open,single,grant_williams,2026-08-19,0
2026-08-19,professional,HOU_AZ_02_2026,house,AZ,02,win_prob_D,prob,1,0,0,0,0.3932,0.3932,0.3932,,open,single,grant_williams,2026-08-19,0
2026-08-19,professional,HOU_AZ_03_2026,house,AZ,03,margin_D,pct,1,0,0,0,33.17,33.17,33.17,,open,single,grant_williams,2026-08-19,0
2026-08-19,professional,HOU_AZ_03_2026,house,AZ,03,win_prob_D,prob,1,0,0,0,0.9996,0.9996,0.9996,,open,single,grant_williams,2026-08-19,0
2026-08-19,professional,HOU_AZ_04_2026,house,AZ,04,margin_D,pct,1,0,0,0,15.97,15.97,15.97,,open,single,grant_williams,2026-08-19,0
2026-08-19,professional,HOU_AZ_04_2026,house,AZ,04,win_prob_D,prob,1,0,0,0,0.9898,0.9898,0.9898,,open,single,grant_williams,2026-08-19,0
2026-08-19,professional,HOU_AZ_05_2026,house,AZ,05,margin_D,pct,1,0,0,0,-1.04,-1.04,-1.04,,open,single,grant_williams,2026-08-19,0
2026-08-19,professional,HOU_AZ_05_2026,house,AZ,05,win_prob_D,prob,1,0,0,0,0.4314,0.4314,0.4314,,open,single,grant_williams,2026-08-19,0
2026-08-19,professional,HOU_AZ_06_2026,house,AZ,06,margin_D,pct,1,0,0,0,5.05,5.05,5.05,,open,single,grant_williams,2026-08-19,0
2026-08-19,professional,HOU_AZ_06_2026,house,AZ,06,win_prob_D,prob,1,0,0,0,0.7918,0.7918,0.7918,,open,single,grant_williams,2026-08-19,0
2026-08-19,professional,HOU_AZ_07_2026,house,AZ,07,margin_D,pct,1,0,0,0,24.57,24.57,24.57,,open,single,grant_williams,2026-08-19,0
2026-08-19,professional,HOU_AZ_07_2026,house,AZ,07,win_prob_D,prob,1,0,0,0,0.9993,0.9993,0.9993,,open,single,grant_williams,2026-08-19,0
2026-08-19,professional,HOU_AZ_08_2026,house,AZ,08,margin_D,pct,1,0,0,0,-2.67,-2.67,-2.67,,open,single,grant_williams,2026-08-19,0
2026-08-19,professional,HOU_AZ_08_2026,house,AZ,08,win_prob_D,prob,1,0,0,0,0.3357,0.3357,0.3357,,open,single,grant_williams,2026-08-19,0
2026-08-19,professional,HOU_AZ_09_2026,house,AZ,09,margin_D,pct,1,0,0,0,-9.36,-9.36,-9.36,,open,single,grant_williams,2026-08-19,0
2026-08-19,professional,HOU_AZ_09_2026,house,AZ,09,win_prob_D,prob,1,0,0,0,0.078,0.078,0.078,,open,single,grant_williams,2026-08-19,0
2026-08-19,professional,HOU_CA_01_2026,house,CA,01,margin_D,pct,1,0,0,0,6.69,6.69,6.69,,open,single,grant_williams,2026-08-19,0
2026-08-19,professional,HOU_CA_01_2026,house,CA,01,win_prob_D,prob,1,0,0,0,0.8567,0.8567,0.8567,,open,single,grant_williams,2026-08-19,0
2026-08-19,professional,HOU_CA_02_2026,house,CA,02,margin_D,pct,1,0,0,0,19.55,19.55,19.55,,open,single,grant_williams,2026-08-19,0
2026-08-19,professional,HOU_CA_02_2026,house,CA,02,win_prob_D,prob,1,0,0,0,0.9977,0.9977,0.9977,,open,single,grant_williams,2026-08-19,0
2026-08-19,professional,HOU_CA_03_2026,house,CA,03,margin_D,pct,1,0,0,0,12.82,12.82,12.82,,open,single,grant_williams,2026-08-19,0
2026-08-19,professional,HOU_CA_03_2026,house,CA,03,win_prob_D,prob,1,0,0,0,0.9721,0.9721,0.9721,,open,single,grant_williams,2026-08-19,0
2026-08-19,professional,HOU_CA_04_2026,house,CA,04,margin_D,pct,1,0,0,0,14.69,14.69,14.69,,open,single,grant_williams,2026-08-19,0
2026-08-19,professional,HOU_CA_04_2026,house,CA,04,win_prob_D,prob,1,0,0,0,0.9849,0.9849,0.9849,,open,single,grant_williams,2026-08-19,0
2026-08-19,professional,HOU_CA_05_2026,house,CA,05,margin_D,pct,1,0,0,0,-9.58,-9.58,-9.58,,open,single,grant_williams,2026-08-19,0
2026-08-19,professional,HOU_CA_05_2026,house,CA,05,win_prob_D,prob,1,0,0,0,0.0685,0.0685,0.0685,,open,single,grant_williams,2026-08-19,0
2026-08-19,professional,HOU_CA_06_2026,house,CA,06,margin_D,pct,1,0,0,0,11.92,11.92,11.92,,open,single,grant_williams,2026-08-19,0
2026-08-19,professional,HOU_CA_06_2026,house,CA,06,win_prob_D,prob,1,0,0,0,0.9682,0.9682,0.9682,,open,single,grant_williams,2026-08-19,0
2026-08-19,professional,HOU_CA_07_2026,house,CA,07,margin_D,pct,1,0,0,0,13.81,13.81,13.81,,open,single,grant_williams,2026-08-19,0
2026-08-19,professional,HOU_CA_07_2026,house,CA,07,win_prob_D,prob,1,0,0,0,0.9803,0.9803,0.9803,,open,single,grant_williams,2026-08-19,0
2026-08-19,professional,HOU_CA_08_2026,house,CA,08,margin_D,pct,1,0,0,0,25.32,25.32,25.32,,open,single,grant_williams,2026-08-19,0
2026-08-19,professional,HOU_CA_08_2026,house,CA,08,win_prob_D,prob,1,0,0,0,0.9983,0.9983,0.9983,,open,single,grant_williams,2026-08-19,0
2026-08-19,professional,HOU_CA_09_2026,house,CA,09,margin_D,pct,1,0,0,0,14.69,14.69,14.69,,open,single,grant_williams,2026-08-19,0
2026-08-19,professional,HOU_CA_09_2026,house,CA,09,win_prob_D,prob,1,0,0,0,0.9824,0.9824,0.9824,,open,single,grant_williams,2026-08-19,0
2026-08-19,professional,HOU_CA_10_2026,house,CA,10,margin_D,pct,1,0,0,0,24.28,24.28,24.28,,open,single,grant_williams,2026-08-19,0
2026-08-19,professional,HOU_CA_10_2026,house,CA,10,win_prob_D,prob,1,0,0,0,0.998,0.998,0.998,,open,single,grant_williams,2026-08-19,0
2026-08-19,professional,HOU_CA_11_2026,house,CA,11,margin_D,pct,1,0,0,0,37.92,37.92,37.92,,open,single,grant_williams,2026-08-19,0
2026-08-19,professional,HOU_CA_11_2026,house,CA,11,win_prob_D,prob,1,0,0,0,0.9998,0.9998,0.9998,,open,single,grant_williams,2026-08-19,0
2026-08-19,professional,HOU_CA_12_2026,house,CA,12,margin_D,pct,1,0,0,0,44.47,44.47,44.47,,open,single,grant_williams,2026-08-19,0
2026-08-19,professional,HOU_CA_12_2026,house,CA,12,win_prob_D,prob,1,0,0,0,0.9998,0.9998,0.9998,,open,single,grant_williams,2026-08-19,0
2026-08-19,professional,HOU_CA_13_2026,house,CA,13,margin_D,pct,1,0,0,0,9.06,9.06,9.06,,open,single,grant_williams,2026-08-19,0
2026-08-19,professional,HOU_CA_13_2026,house,CA,13,win_prob_D,prob,1,0,0,0,0.9217,0.9217,0.9217,,open,single,grant_williams,2026-08-19,0
2026-08-19,professional,HOU_CA_14_2026,house,CA,14,margin_D,pct,1,0,0,0,21.74,21.74,21.74,,open,single,grant_williams,2026-08-19,0
2026-08-19,professional,HOU_CA_14_2026,house,CA,14,win_prob_D,prob,1,0,0,0,0.997,0.997,0.997,,open,single,grant_williams,2026-08-19,0
2026-08-19,professional,HOU_CA_15_2026,house,CA,15,margin_D,pct,1,0,0,0,32.08,32.08,32.08,,open,single,grant_williams,2026-08-19,0
2026-08-19,professional,HOU_CA_15_2026,house,CA,15,win_prob_D,prob,1,0,0,0,0.9996,0.9996,0.9996,,open,single,grant_williams,2026-08-19,0
2026-08-19,professional,HOU_CA_16_2026,house,CA,16,margin_D,pct,1,0,0,0,31.04,31.04,31.04,,open,single,grant_williams,2026-08-19,0
2026-08-19,professional,HOU_CA_16_2026,house,CA,16,win_prob_D,prob,1,0,0,0,0.9997,0.9997,0.9997,,open,single,grant_williams,2026-08-19,0
2026-08-19,professional,HOU_CA_17_2026,house,CA,17,margin_D,pct,1,0,0,0,27.2,27.2,27.2,,open,single,grant_williams,2026-08-19,0
2026-08-19,professional,HOU_CA_17_2026,house,CA,17,win_prob_D,prob,1,0,0,0,0.9996,0.9996,0.9996,,open,single,grant_williams,2026-08-19,0
2026-08-19,professional,HOU_CA_18_2026,house,CA,18,margin_D,pct,1,0,0,0,22.46,22.46,22.46,,open,single,grant_williams,2026-08-19,0
2026-08-19,professional,HOU_CA_18_2026,house,CA,18,win_prob_D,prob,1,0,0,0,0.9986,0.9986,0.9986,,open,single,grant_williams,2026-08-19,0
2026-08-19,professional,HOU_CA_19_2026,house,CA,19,margin_D,pct,1,0,0,0,24.4,24.4,24.4,,open,single,grant_williams,2026-08-19,0
2026-08-19,professional,HOU_CA_19_2026,house,CA,19,win_prob_D,prob,1,0,0,0,0.998,0.998,0.998,,open,single,grant_williams,2026-08-19,0
2026-08-19,professional,HOU_CA_20_2026,house,CA,20,margin_D,pct,1,0,0,0,-15.39,-15.39,-15.39,,open,single,grant_williams,2026-08-19,0
2026-08-19,professional,HOU_CA_20_2026,house,CA,20,win_prob_D,prob,1,0,0,0,0.0147,0.0147,0.0147,,open,single,grant_williams,2026-08-19,0
2026-08-19,professional,HOU_CA_21_2026,house,CA,21,margin_D,pct,1,0,0,0,11.92,11.92,11.92,,open,single,grant_williams,2026-08-19,0
2026-08-19,professional,HOU_CA_21_2026,house,CA,21,win_prob_D,prob,1,0,0,0,0.9671,0.9671,0.9671,,open,single,grant_williams,2026-08-19,0
2026-08-19,professional,HOU_CA_22_2026,house,CA,22,margin_D,pct,1,0,0,0,0.95,0.95,0.95,,open,single,grant_williams,2026-08-19,0
2026-08-19,professional,HOU_CA_22_2026,house,CA,22,win_prob_D,prob,1,0,0,0,0.5668,0.5668,0.5668,,open,single,grant_williams,2026-08-19,0
2026-08-19,professional,HOU_CA_23_2026,house,CA,23,margin_D,pct,1,0,0,0,-8.67,-8.67,-8.67,,open,single,grant_williams,2026-08-19,0
2026-08-19,professional,HOU_CA_23_2026,house,CA,23,win_prob_D,prob,1,0,0,0,0.0854,0.0854,0.0854,,open,single,grant_williams,2026-08-19,0
2026-08-19,professional,HOU_CA_24_2026,house,CA,24,margin_D,pct,1,0,0,0,19.64,19.64,19.64,,open,single,grant_williams,2026-08-19,0
2026-08-19,professional,HOU_CA_24_2026,house,CA,24,win_prob_D,prob,1,0,0,0,0.9962,0.9962,0.9962,,open,single,grant_williams,2026-08-19,0
2026-08-19,professional,HOU_CA_25_2026,house,CA,25,margin_D,pct,1,0,0,0,10.9,10.9,10.9,,open,single,grant_williams,2026-08-19,0
2026-08-19,professional,HOU_CA_25_2026,house,CA,25,win_prob_D,prob,1,0,0,0,0.9536,0.9536,0.9536,,open,single,grant_williams,2026-08-19,0
2026-08-19,professional,HOU_CA_26_2026,house,CA,26,margin_D,pct,1,0,0,0,12.24,12.24,12.24,,open,single,grant_williams,2026-08-19,0
2026-08-19,professional,HOU_CA_26_2026,house,CA,26,win_prob_D,prob,1,0,0,0,0.97,0.97,0.97,,open,single,grant_williams,2026-08-19,0
2026-08-19,professional,HOU_CA_27_2026,house,CA,27,margin_D,pct,1,0,0,0,12.8,12.8,12.8,,open,single,grant_williams,2026-08-19,0
2026-08-19,professional,HOU_CA_27_2026,house,CA,27,win_prob_D,prob,1,0,0,0,0.9728,0.9728,0.9728,,open,single,grant_williams,2026-08-19,0
2026-08-19,professional,HOU_CA_28_2026,house,CA,28,margin_D,pct,1,0,0,0,20.57,20.57,20.57,,open,single,grant_williams,2026-08-19,0
2026-08-19,professional,HOU_CA_28_2026,house,CA,28,win_prob_D,prob,1,0,0,0,0.9969,0.9969,0.9969,,open,single,grant_williams,2026-08-19,0
2026-08-19,professional,HOU_CA_29_2026,house,CA,29,margin_D,pct,1,0,0,0,25.37,25.37,25.37,,open,single,grant_williams,2026-08-19,0
2026-08-19,professional,HOU_CA_29_2026,house,CA,29,win_prob_D,prob,1,0,0,0,0.9988,0.9988,0.9988,,open,single,grant_williams,2026-08-19,0
2026-08-19,professional,HOU_CA_30_2026,house,CA,30,margin_D,pct,1,0,0,0,27.25,27.25,27.25,,open,single,grant_williams,2026-08-19,0
2026-08-19,professional,HOU_CA_30_2026,house,CA,30,win_prob_D,prob,1,0,0,0,0.9994,0.9994,0.9994,,open,single,grant_williams,2026-08-19,0
2026-08-19,professional,HOU_CA_31_2026,house,CA,31,margin_D,pct,1,0,0,0,14.76,14.76,14.76,,open,single,grant_williams,2026-08-19,0
2026-08-19,professional,HOU_CA_31_2026,house,CA,31,win_prob_D,prob,1,0,0,0,0.985,0.985,0.985,,open,single,grant_williams,2026-08-19,0
2026-08-19,professional,HOU_CA_32_2026,house,CA,32,margin_D,pct,1,0,0,0,20.58,20.58,20.58,,open,single,grant_williams,2026-08-19,0
2026-08-19,professional,HOU_CA_32_2026,house,CA,32,win_prob_D,prob,1,0,0,0,0.9976,0.9976,0.9976,,open,single,grant_williams,2026-08-19,0
2026-08-19,professional,HOU_CA_33_2026,house,CA,33,margin_D,pct,1,0,0,0,13.78,13.78,13.78,,open,single,grant_williams,2026-08-19,0
2026-08-19,professional,HOU_CA_33_2026,house,CA,33,win_prob_D,prob,1,0,0,0,0.9781,0.9781,0.9781,,open,single,grant_williams,2026-08-19,0
2026-08-19,professional,HOU_CA_34_2026,house,CA,34,margin_D,pct,1,0,0,0,33.95,33.95,33.95,,open,single,grant_williams,2026-08-19,0
2026-08-19,professional,HOU_CA_34_2026,house,CA,34,win_prob_D,prob,1,0,0,0,0.9999,0.9999,0.9999,,open,single,grant_williams,2026-08-19,0
2026-08-19,professional,HOU_CA_35_2026,house,CA,35,margin_D,pct,1,0,0,0,12.85,12.85,12.85,,open,single,grant_williams,2026-08-19,0
2026-08-19,professional,HOU_CA_35_2026,house,CA,35,win_prob_D,prob,1,0,0,0,0.9715,0.9715,0.9715,,open,single,grant_williams,2026-08-19,0
2026-08-19,professional,HOU_CA_36_2026,house,CA,36,margin_D,pct,1,0,0,0,27.21,27.21,27.21,,open,single,grant_williams,2026-08-19,0
2026-08-19,professional,HOU_CA_36_2026,house,CA,36,win_prob_D,prob,1,0,0,0,0.9993,0.9993,0.9993,,open,single,grant_williams,2026-08-19,0
2026-08-19,professional,HOU_CA_37_2026,house,CA,37,margin_D,pct,1,0,0,0,38.63,38.63,38.63,,open,single,grant_williams,2026-08-19,0
2026-08-19,professional,HOU_CA_37_2026,house,CA,37,win_prob_D,prob,1,0,0,0,0.9998,0.9998,0.9998,,open,single,grant_williams,2026-08-19,0
2026-08-19,professional,HOU_CA_38_2026,house,CA,38,margin_D,pct,1,0,0,0,11.23,11.23,11.23,,open,single,grant_williams,2026-08-19,0
2026-08-19,professional,HOU_CA_38_2026,house,CA,38,win_prob_D,prob,1,0,0,0,0.963,0.963,0.963,,open,single,grant_williams,2026-08-19,0
2026-08-19,professional,HOU_CA_39_2026,house,CA,39,margin_D,pct,1,0,0,0,13.88,13.88,13.88,,open,single,grant_williams,2026-08-19,0
2026-08-19,professional,HOU_CA_39_2026,house,CA,39,win_prob_D,prob,1,0,0,0,0.9825,0.9825,0.9825,,open,single,grant_williams,2026-08-19,0
2026-08-19,professional,HOU_CA_40_2026,house,CA,40,margin_D,pct,1,0,0,0,-5.84,-5.84,-5.84,,open,single,grant_williams,2026-08-19,0
2026-08-19,professional,HOU_CA_40_2026,house,CA,40,win_prob_D,prob,1,0,0,0,0.1755,0.1755,0.1755,,open,single,grant_williams,2026-08-19,0
2026-08-19,professional,HOU_CA_41_2026,house,CA,41,margin_D,pct,1,0,0,0,8.59,8.59,8.59,,open,single,grant_williams,2026-08-19,0
2026-08-19,professional,HOU_CA_41_2026,house,CA,41,win_prob_D,prob,1,0,0,0,0.9108,0.9108,0.9108,,open,single,grant_williams,2026-08-19,0
2026-08-19,professional,HOU_CA_42_2026,house,CA,42,margin_D,pct,1,0,0,0,14.7,14.7,14.7,,open,single,grant_williams,2026-08-19,0
2026-08-19,professional,HOU_CA_42_2026,house,CA,42,win_prob_D,prob,1,0,0,0,0.9835,0.9835,0.9835,,open,single,grant_williams,2026-08-19,0
2026-08-19,professional,HOU_CA_43_2026,house,CA,43,margin_D,pct,1,0,0,0,33.1,33.1,33.1,,open,single,grant_williams,2026-08-19,0
2026-08-19,professional,HOU_CA_43_2026,house,CA,43,win_prob_D,prob,1,0,0,0,0.9996,0.9996,0.9996,,open,single,grant_williams,2026-08-19,0
2026-08-19,professional,HOU_CA_44_2026,house,CA,44,margin_D,pct,1,0,0,0,26.2,26.2,26.2,,open,single,grant_williams,2026-08-19,0
2026-08-19,professional,HOU_CA_44_2026,house,CA,44,win_prob_D,prob,1,0,0,0,0.999,0.999,0.999,,open,single,grant_williams,2026-08-19,0
2026-08-19,professional,HOU_CA_45_2026,house,CA,45,margin_D,pct,1,0,0,0,10.0,10.0,10.0,,open,single,grant_williams,2026-08-19,0
2026-08-19,professional,HOU_CA_45_2026,house,CA,45,win_prob_D,prob,1,0,0,0,0.9411,0.9411,0.9411,,open,single,grant_williams,2026-08-19,0
2026-08-19,professional,HOU_CA_46_2026,house,CA,46,margin_D,pct,1,0,0,0,16.63,16.63,16.63,,open,single,grant_williams,2026-08-19,0
2026-08-19,professional,HOU_CA_46_2026,house,CA,46,win_prob_D,prob,1,0,0,0,0.9909,0.9909,0.9909,,open,single,grant_williams,2026-08-19,0
2026-08-19,professional,HOU_CA_47_2026,house,CA,47,margin_D,pct,1,0,0,0,12.87,12.87,12.87,,open,single,grant_williams,2026-08-19,0
2026-08-19,professional,HOU_CA_47_2026,house,CA,47,win_prob_D,prob,1,0,0,0,0.9758,0.9758,0.9758,,open,single,grant_williams,2026-08-19,0
2026-08-19,professional,HOU_CA_48_2026,house,CA,48,margin_D,pct,1,0,0,0,5.45,5.45,5.45,,open,single,grant_williams,2026-08-19,0
2026-08-19,professional,HOU_CA_48_2026,house,CA,48,win_prob_D,prob,1,0,0,0,0.8097,0.8097,0.8097,,open,single,grant_williams,2026-08-19,0
2026-08-19,professional,HOU_CA_49_2026,house,CA,49,margin_D,pct,1,0,0,0,13.85,13.85,13.85,,open,single,grant_williams,2026-08-19,0
2026-08-19,professional,HOU_CA_49_2026,house,CA,49,win_prob_D,prob,1,0,0,0,0.9827,0.9827,0.9827,,open,single,grant_williams,2026-08-19,0
2026-08-19,professional,HOU_CA_50_2026,house,CA,50,margin_D,pct,1,0,0,0,16.62,16.62,16.62,,open,single,grant_williams,2026-08-19,0
2026-08-19,professional,HOU_CA_50_2026,house,CA,50,win_prob_D,prob,1,0,0,0,0.9914,0.9914,0.9914,,open,single,grant_williams,2026-08-19,0
2026-08-19,professional,HOU_CA_51_2026,house,CA,51,margin_D,pct,1,0,0,0,16.59,16.59,16.59,,open,single,grant_williams,2026-08-19,0
2026-08-19,professional,HOU_CA_51_2026,house,CA,51,win_prob_D,prob,1,0,0,0,0.9893,0.9893,0.9893,,open,single,grant_williams,2026-08-19,0
2026-08-19,professional,HOU_CA_52_2026,house,CA,52,margin_D,pct,1,0,0,0,17.64,17.64,17.64,,open,single,grant_williams,2026-08-19,0
2026-08-19,professional,HOU_CA_52_2026,house,CA,52,win_prob_D,prob,1,0,0,0,0.9933,0.9933,0.9933,,open,single,grant_williams,2026-08-19,0
2026-08-19,professional,HOU_CO_01_2026,house,CO,01,margin_D,pct,1,0,0,0,36.35,36.35,36.35,,open,single,grant_williams,2026-08-19,0
2026-08-19,professional,HOU_CO_01_2026,house,CO,01,win_prob_D,prob,1,0,0,0,1.0,1.0,1.0,,open,single,grant_williams,2026-08-19,0
2026-08-19,professional,HOU_CO_02_2026,house,CO,02,margin_D,pct,1,0,0,0,31.41,31.41,31.41,,open,single,grant_williams,2026-08-19,0
2026-08-19,professional,HOU_CO_02_2026,house,CO,02,win_prob_D,prob,1,0,0,0,0.9995,0.9995,0.9995,,open,single,grant_williams,2026-08-19,0
2026-08-19,professional,HOU_CO_03_2026,house,CO,03,margin_D,pct,1,0,0,0,0.19,0.19,0.19,,open,single,grant_williams,2026-08-19,0
2026-08-19,professional,HOU_CO_03_2026,house,CO,03,win_prob_D,prob,1,0,0,0,0.5089,0.5089,0.5089,,open,single,grant_williams,2026-08-19,0
2026-08-19,professional,HOU_CO_04_2026,house,CO,04,margin_D,pct,1,0,0,0,-3.61,-3.61,-3.61,,open,single,grant_williams,2026-08-19,0
2026-08-19,professional,HOU_CO_04_2026,house,CO,04,win_prob_D,prob,1,0,0,0,0.2833,0.2833,0.2833,,open,single,grant_williams,2026-08-19,0
2026-08-19,professional,HOU_CO_05_2026,house,CO,05,margin_D,pct,1,0,0,0,0.14,0.14,0.14,,open,single,grant_williams,2026-08-19,0
2026-08-19,professional,HOU_CO_05_2026,house,CO,05,win_prob_D,prob,1,0,0,0,0.5077,0.5077,0.5077,,open,single,grant_williams,2026-08-19,0
2026-08-19,professional,HOU_CO_06_2026,house,CO,06,margin_D,pct,1,0,0,0,22.6,22.6,22.6,,open,single,grant_williams,2026-08-19,0
2026-08-19,professional,HOU_CO_06_2026,house,CO,06,win_prob_D,prob,1,0,0,0,0.9983,0.9983,0.9983,,open,single,grant_williams,2026-08-19,0
2026-08-19,professional,HOU_CO_07_2026,house,CO,07,margin_D,pct,1,0,0,0,19.76,19.76,19.76,,open,single,grant_williams,2026-08-19,0
2026-08-19,professional,HOU_CO_07_2026,house,CO,07,win_prob_D,prob,1,0,0,0,0.9945,0.9945,0.9945,,open,single,grant_williams,2026-08-19,0
2026-08-19,professional,HOU_CO_08_2026,house,CO,08,margin_D,pct,1,0,0,0,5.05,5.05,5.05,,open,single,grant_williams,2026-08-19,0
2026-08-19,professional,HOU_CO_08_2026,house,CO,08,win_prob_D,prob,1,0,0,0,0.7845,0.7845,0.7845,,open,single,grant_williams,2026-08-19,0
2026-08-19,professional,HOU_CT_01_2026,house,CT,01,margin_D,pct,1,0,0,0,21.81,21.81,21.81,,open,single,grant_williams,2026-08-19,0
2026-08-19,professional,HOU_CT_01_2026,house,CT,01,win_prob_D,prob,1,0,0,0,0.9978,0.9978,0.9978,,open,single,grant_williams,2026-08-19,0
2026-08-19,professional,HOU_CT_02_2026,house,CT,02,margin_D,pct,1,0,0,0,14.13,14.13,14.13,,open,single,grant_williams,2026-08-19,0
2026-08-19,professional,HOU_CT_02_2026,house,CT,02,win_prob_D,prob,1,0,0,0,0.9829,0.9829,0.9829,,open,single,grant_williams,2026-08-19,0
2026-08-19,professional,HOU_CT_03_2026,house,CT,03,margin_D,pct,1,0,0,0,17.88,17.88,17.88,,open,single,grant_williams,2026-08-19,0
2026-08-19,professional,HOU_CT_03_2026,house,CT,03,win_prob_D,prob,1,0,0,0,0.9947,0.9947,0.9947,,open,single,grant_williams,2026-08-19,0
2026-08-19,professional,HOU_CT_04_2026,house,CT,04,margin_D,pct,1,0,0,0,22.71,22.71,22.71,,open,single,grant_williams,2026-08-19,0
2026-08-19,professional,HOU_CT_04_2026,house,CT,04,win_prob_D,prob,1,0,0,0,0.9979,0.9979,0.9979,,open,single,grant_williams,2026-08-19,0
2026-08-19,professional,HOU_CT_05_2026,house,CT,05,margin_D,pct,1,0,0,0,13.15,13.15,13.15,,open,single,grant_williams,2026-08-19,0
2026-08-19,professional,HOU_CT_05_2026,house,CT,05,win_prob_D,prob,1,0,0,0,0.9761,0.9761,0.9761,,open,single,grant_williams,2026-08-19,0
2026-08-19,professional,HOU_DE_01_2026,house,DE,01,margin_D,pct,1,0,0,0,17.91,17.91,17.91,,open,single,grant_williams,2026-08-19,0
2026-08-19,professional,HOU_DE_01_2026,house,DE,01,win_prob_D,prob,1,0,0,0,0.993,0.993,0.993,,open,single,grant_williams,2026-08-19,0
2026-08-19,professional,HOU_FL_01_2026,house,FL,01,margin_D,pct,1,0,0,0,-15.45,-15.45,-15.45,,open,single,grant_williams,2026-08-19,0
2026-08-19,professional,HOU_FL_01_2026,house,FL,01,win_prob_D,prob,1,0,0,0,0.0142,0.0142,0.0142,,open,single,grant_williams,2026-08-19,0
2026-08-19,professional,HOU_FL_02_2026,house,FL,02,margin_D,pct,1,0,0,0,-2.36,-2.36,-2.36,,open,single,grant_williams,2026-08-19,0
2026-08-19,professional,HOU_FL_02_2026,house,FL,02,win_prob_D,prob,1,0,0,0,0.3523,0.3523,0.3523,,open,single,grant_williams,2026-08-19,0
2026-08-19,professional,HOU_FL_03_2026,house,FL,03,margin_D,pct,1,0,0,0,-7.88,-7.88,-7.88,,open,single,grant_williams,2026-08-19,0
2026-08-19,professional,HOU_FL_03_2026,house,FL,03,win_prob_D,prob,1,0,0,0,0.1108,0.1108,0.1108,,open,single,grant_williams,2026-08-19,0
2026-08-19,professional,HOU_FL_04_2026,house,FL,04,margin_D,pct,1,0,0,0,-3.06,-3.06,-3.06,,open,single,grant_williams,2026-08-19,0
2026-08-19,professional,HOU_FL_04_2026,house,FL,04,win_prob_D,prob,1,0,0,0,0.3081,0.3081,0.3081,,open,single,grant_williams,2026-08-19,0
2026-08-19,professional,HOU_FL_05_2026,house,FL,05,margin_D,pct,1,0,0,0,-7.8,-7.8,-7.8,,open,single,grant_williams,2026-08-19,0
2026-08-19,professional,HOU_FL_05_2026,house,FL,05,win_prob_D,prob,1,0,0,0,0.115,0.115,0.115,,open,single,grant_williams,2026-08-19,0
2026-08-19,professional,HOU_FL_06_2026,house,FL,06,margin_D,pct,1,0,0,0,-11.62,-11.62,-11.62,,open,single,grant_williams,2026-08-19,0
2026-08-19,professional,HOU_FL_06_2026,house,FL,06,win_prob_D,prob,1,0,0,0,0.0406,0.0406,0.0406,,open,single,grant_williams,2026-08-19,0
2026-08-19,professional,HOU_FL_07_2026,house,FL,07,margin_D,pct,1,0,0,0,-3.1,-3.1,-3.1,,open,single,grant_williams,2026-08-19,0
2026-08-19,professional,HOU_FL_07_2026,house,FL,07,win_prob_D,prob,1,0,0,0,0.3073,0.3073,0.3073,,open,single,grant_williams,2026-08-19,0
2026-08-19,professional,HOU_FL_08_2026,house,FL,08,margin_D,pct,1,0,0,0,-5.92,-5.92,-5.92,,open,single,grant_williams,2026-08-19,0
2026-08-19,professional,HOU_FL_08_2026,house,FL,08,win_prob_D,prob,1,0,0,0,0.1705,0.1705,0.1705,,open,single,grant_williams,2026-08-19,0
2026-08-19,professional,HOU_FL_09_2026,house,FL,09,margin_D,pct,1,0,0,0,1.2,1.2,1.2,,open,single,grant_williams,2026-08-19,0
2026-08-19,professional,HOU_FL_09_2026,house,FL,09,win_prob_D,prob,1,0,0,0,0.5741,0.5741,0.5741,,open,single,grant_williams,2026-08-19,0
2026-08-19,professional,HOU_FL_10_2026,house,FL,10,margin_D,pct,1,0,0,0,21.26,21.26,21.26,,open,single,grant_williams,2026-08-19,0
2026-08-19,professional,HOU_FL_10_2026,house,FL,10,win_prob_D,prob,1,0,0,0,0.9971,0.9971,0.9971,,open,single,grant_williams,2026-08-19,0
2026-08-19,professional,HOU_FL_11_2026,house,FL,11,margin_D,pct,1,0,0,0,-1.35,-1.35,-1.35,,open,single,grant_williams,2026-08-19,0
2026-08-19,professional,HOU_FL_11_2026,house,FL,11,win_prob_D,prob,1,0,0,0,0.4083,0.4083,0.4083,,open,single,grant_williams,2026-08-19,0
2026-08-19,professional,HOU_FL_12_2026,house,FL,12,margin_D,pct,1,0,0,0,-5.02,-5.02,-5.02,,open,single,grant_williams,2026-08-19,0
2026-08-19,professional,HOU_FL_12_2026,house,FL,12,win_prob_D,prob,1,0,0,0,0.2075,0.2075,0.2075,,open,single,grant_williams,2026-08-19,0
2026-08-19,professional,HOU_FL_13_2026,house,FL,13,margin_D,pct,1,0,0,0,-4.83,-4.83,-4.83,,open,single,grant_williams,2026-08-19,0
2026-08-19,professional,HOU_FL_13_2026,house,FL,13,win_prob_D,prob,1,0,0,0,0.1311,0.1311,0.1311,,open,single,grant_williams,2026-08-19,0
2026-08-19,professional,HOU_FL_14_2026,house,FL,14,margin_D,pct,1,0,0,0,5.08,5.08,5.08,,open,single,grant_williams,2026-08-19,0
2026-08-19,professional,HOU_FL_14_2026,house,FL,14,win_prob_D,prob,1,0,0,0,0.7921,0.7921,0.7921,,open,single,grant_williams,2026-08-19,0
2026-08-19,professional,HOU_FL_15_2026,house,FL,15,margin_D,pct,1,0,0,0,-6.79,-6.79,-6.79,,open,single,grant_williams,2026-08-19,0
2026-08-19,professional,HOU_FL_15_2026,house,FL,15,win_prob_D,prob,1,0,0,0,0.1454,0.1454,0.1454,,open,single,grant_williams,2026-08-19,0
2026-08-19,professional,HOU_FL_16_2026,house,FL,16,margin_D,pct,1,0,0,0,-0.5,-0.5,-0.5,,open,single,grant_williams,2026-08-19,0
2026-08-19,professional,HOU_FL_16_2026,house,FL,16,win_prob_D,prob,1,0,0,0,0.4673,0.4673,0.4673,,open,single,grant_williams,2026-08-19,0
2026-08-19,professional,HOU_FL_17_2026,house,FL,17,margin_D,pct,1,0,0,0,-7.78,-7.78,-7.78,,open,single,grant_williams,2026-08-19,0
2026-08-19,professional,HOU_FL_17_2026,house,FL,17,win_prob_D,prob,1,0,0,0,0.1103,0.1103,0.1103,,open,single,grant_williams,2026-08-19,0
2026-08-19,professional,HOU_FL_18_2026,house,FL,18,margin_D,pct,1,0,0,0,-5.92,-5.92,-5.92,,open,single,grant_williams,2026-08-19,0
2026-08-19,professional,HOU_FL_18_2026,house,FL,18,win_prob_D,prob,1,0,0,0,0.1709,0.1709,0.1709,,open,single,grant_williams,2026-08-19,0
2026-08-19,professional,HOU_FL_19_2026,house,FL,19,margin_D,pct,1,0,0,0,-8.13,-8.13,-8.13,,open,single,grant_williams,2026-08-19,0
2026-08-19,professional,HOU_FL_19_2026,house,FL,19,win_prob_D,prob,1,0,0,0,0.0997,0.0997,0.0997,,open,single,grant_williams,2026-08-19,0
2026-08-19,professional,HOU_FL_20_2026,house,FL,20,margin_D,pct,1,0,0,0,28.01,28.01,28.01,,open,single,grant_williams,2026-08-19,0
2026-08-19,professional,HOU_FL_20_2026,house,FL,20,win_prob_D,prob,1,0,0,0,0.9994,0.9994,0.9994,,open,single,grant_williams,2026-08-19,0
2026-08-19,professional,HOU_FL_21_2026,house,FL,21,margin_D,pct,1,0,0,0,-5.0,-5.0,-5.0,,open,single,grant_williams,2026-08-19,0
2026-08-19,professional,HOU_FL_21_2026,house,FL,21,win_prob_D,prob,1,0,0,0,0.2137,0.2137,0.2137,,open,single,grant_williams,2026-08-19,0
2026-08-19,professional,HOU_FL_22_2026,house,FL,22,margin_D,pct,1,0,0,0,1.47,1.47,1.47,,open,single,grant_williams,2026-08-19,0
2026-08-19,professional,HOU_FL_22_2026,house,FL,22,win_prob_D,prob,1,0,0,0,0.5915,0.5915,0.5915,,open,single,grant_williams,2026-08-19,0
2026-08-19,professional,HOU_FL_23_2026,house,FL,23,margin_D,pct,1,0,0,0,17.42,17.42,17.42,,open,single,grant_williams,2026-08-19,0
2026-08-19,professional,HOU_FL_23_2026,house,FL,23,win_prob_D,prob,1,0,0,0,0.9928,0.9928,0.9928,,open,single,grant_williams,2026-08-19,0
2026-08-19,professional,HOU_FL_24_2026,house,FL,24,margin_D,pct,1,0,0,0,26.4,26.4,26.4,,open,single,grant_williams,2026-08-19,0
2026-08-19,professional,HOU_FL_24_2026,house,FL,24,win_prob_D,prob,1,0,0,0,0.9989,0.9989,0.9989,,open,single,grant_williams,2026-08-19,0
2026-08-19,professional,HOU_FL_25_2026,house,FL,25,margin_D,pct,1,0,0,0,6.01,6.01,6.01,,open,single,grant_williams,2026-08-19,0
2026-08-19,professional,HOU_FL_25_2026,house,FL,25,win_prob_D,prob,1,0,0,0,0.8311,0.8311,0.8311,,open,single,grant_williams,2026-08-19,0
2026-08-19,professional,HOU_FL_26_2026,house,FL,26,margin_D,pct,1,0,0,0,-5.0,-5.0,-5.0,,open,single,grant_williams,2026-08-19,0
2026-08-19,professional,HOU_FL_26_2026,house,FL,26,win_prob_D,prob,1,0,0,0,0.2124,0.2124,0.2124,,open,single,grant_williams,2026-08-19,0
2026-08-19,professional,HOU_FL_27_2026,house,FL,27,margin_D,pct,1,0,0,0,-4.1,-4.1,-4.1,,open,single,grant_williams,2026-08-19,0
2026-08-19,professional,HOU_FL_27_2026,house,FL,27,win_prob_D,prob,1,0,0,0,0.2559,0.2559,0.2559,,open,single,grant_williams,2026-08-19,0
2026-08-19,professional,HOU_FL_28_2026,house,FL,28,margin_D,pct,1,0,0,0,-7.88,-7.88,-7.88,,open,single,grant_williams,2026-08-19,0
2026-08-19,professional,HOU_FL_28_2026,house,FL,28,win_prob_D,prob,1,0,0,0,0.1096,0.1096,0.1096,,open,single,grant_williams,2026-08-19,0
2026-08-19,professional,HOU_GA_01_2026,house,GA,01,margin_D,pct,1,0,0,0,-2.37,-2.37,-2.37,,open,single,grant_williams,2026-08-19,0
2026-08-19,professional,HOU_GA_01_2026,house,GA,01,win_prob_D,prob,1,0,0,0,0.3505,0.3505,0.3505,,open,single,grant_williams,2026-08-19,0
2026-08-19,professional,HOU_GA_02_2026,house,GA,02,margin_D,pct,1,0,0,0,12.58,12.58,12.58,,open,single,grant_williams,2026-08-19,0
2026-08-19,professional,HOU_GA_02_2026,house,GA,02,win_prob_D,prob,1,0,0,0,0.9708,0.9708,0.9708,,open,single,grant_williams,2026-08-19,0
2026-08-19,professional,HOU_GA_03_2026,house,GA,03,margin_D,pct,1,0,0,0,-12.68,-12.68,-12.68,,open,single,grant_williams,2026-08-19,0
2026-08-19,professional,HOU_GA_03_2026,house,GA,03,win_prob_D,prob,1,0,0,0,0.0316,0.0316,0.0316,,open,single,grant_williams,2026-08-19,0
2026-08-19,professional,HOU_GA_04_2026,house,GA,04,margin_D,pct,1,0,0,0,34.75,34.75,34.75,,open,single,grant_williams,2026-08-19,0
2026-08-19,professional,HOU_GA_04_2026,house,GA,04,win_prob_D,prob,1,0,0,0,0.9996,0.9996,0.9996,,open,single,grant_williams,2026-08-19,0
2026-08-19,professional,HOU_GA_05_2026,house,GA,05,margin_D,pct,1,0,0,0,43.35,43.35,43.35,,open,single,grant_williams,2026-08-19,0
2026-08-19,professional,HOU_GA_05_2026,house,GA,05,win_prob_D,prob,1,0,0,0,0.9999,0.9999,0.9999,,open,single,grant_williams,2026-08-19,0
2026-08-19,professional,HOU_GA_06_2026,house,GA,06,margin_D,pct,1,0,0,0,32.72,32.72,32.72,,open,single,grant_williams,2026-08-19,0
2026-08-19,professional,HOU_GA_06_2026,house,GA,06,win_prob_D,prob,1,0,0,0,0.9996,0.9996,0.9996,,open,single,grant_williams,2026-08-19,0
2026-08-19,professional,HOU_GA_07_2026,house,GA,07,margin_D,pct,1,0,0,0,-8.89,-8.89,-8.89,,open,single,grant_williams,2026-08-19,0
2026-08-19,professional,HOU_GA_07_2026,house,GA,07,win_prob_D,prob,1,0,0,0,0.0919,0.0919,0.0919,,open,single,grant_williams,2026-08-19,0
2026-08-19,professional,HOU_GA_08_2026,house,GA,08,margin_D,pct,1,0,0,0,-12.6,-12.6,-12.6,,open,single,grant_williams,2026-08-19,0
2026-08-19,professional,HOU_GA_08_2026,house,GA,08,win_prob_D,prob,1,0,0,0,0.0315,0.0315,0.0315,,open,single,grant_williams,2026-08-19,0
2026-08-19,professional,HOU_GA_09_2026,house,GA,09,margin_D,pct,1,0,0,0,-14.6,-14.6,-14.6,,open,single,grant_williams,2026-08-19,0
2026-08-19,professional,HOU_GA_09_2026,house,GA,09,win_prob_D,prob,1,0,0,0,0.0187,0.0187,0.0187,,open,single,grant_williams,2026-08-19,0
2026-08-19,professional,HOU_GA_10_2026,house,GA,10,margin_D,pct,1,0,0,0,-5.24,-5.24,-5.24,,open,single,grant_williams,2026-08-19,0
2026-08-19,professional,HOU_GA_10_2026,house,GA,10,win_prob_D,prob,1,0,0,0,0.203,0.203,0.203,,open,single,grant_williams,2026-08-19,0
2026-08-19,professional,HOU_GA_11_2026,house,GA,11,margin_D,pct,1,0,0,0,-6.31,-6.31,-6.31,,open,single,grant_williams,2026-08-19,0
2026-08-19,professional,HOU_GA_11_2026,house,GA,11,win_prob_D,prob,1,0,0,0,0.1596,0.1596,0.1596,,open,single,grant_williams,2026-08-19,0
2026-08-19,professional,HOU_GA_12_2026,house,GA,12,margin_D,pct,1,0,0,0,-4.95,-4.95,-4.95,,open,single,grant_williams,2026-08-19,0
2026-08-19,professional,HOU_GA_12_2026,house,GA,12,win_prob_D,prob,1,0,0,0,0.2135,0.2135,0.2135,,open,single,grant_williams,2026-08-19,0
2026-08-19,professional,HOU_GA_13_2026,house,GA,13,margin_D,pct,1,0,0,0,25.42,25.42,25.42,,open,single,grant_williams,2026-08-19,0
2026-08-19,professional,HOU_GA_13_2026,house,GA,13,win_prob_D,prob,1,0,0,0,0.999,0.999,0.999,,open,single,grant_williams,2026-08-19,0
2026-08-19,professional,HOU_GA_14_2026,house,GA,14,margin_D,pct,1,0,0,0,-16.41,-16.41,-16.41,,open,single,grant_williams,2026-08-19,0
2026-08-19,professional,HOU_GA_14_2026,house,GA,14,win_prob_D,prob,1,0,0,0,0.0114,0.0114,0.0114,,open,single,grant_williams,2026-08-19,0
2026-08-19,professional,HOU_HI_01_2026,house,HI,01,margin_D,pct,1,0,0,0,19.46,19.46,19.46,,open,single,grant_williams,2026-08-19,0
2026-08-19,professional,HOU_HI_01_2026,house,HI,01,win_prob_D,prob,1,0,0,0,0.9952,0.9952,0.9952,,open,single,grant_williams,2026-08-19,0
2026-08-19,professional,HOU_HI_02_2026,house,HI,02,margin_D,pct,1,0,0,0,18.69,18.69,18.69,,open,single,grant_williams,2026-08-19,0
2026-08-19,professional,HOU_HI_02_2026,house,HI,02,win_prob_D,prob,1,0,0,0,0.9958,0.9958,0.9958,,open,single,grant_williams,2026-08-19,0
2026-08-19,professional,HOU_IA_01_2026,house,IA,01,margin_D,pct,1,0,0,0,-0.82,-0.82,-0.82,,open,single,grant_williams,2026-08-19,0
2026-08-19,professional,HOU_IA_01_2026,house,IA,01,win_prob_D,prob,1,0,0,0,0.4475,0.4475,0.4475,,open,single,grant_williams,2026-08-19,0
2026-08-19,professional,HOU_IA_02_2026,house,IA,02,margin_D,pct,1,0,0,0,2.7,2.7,2.7,,open,single,grant_williams,2026-08-19,0
2026-08-19,professional,HOU_IA_02_2026,house,IA,02,win_prob_D,prob,1,0,0,0,0.6654,0.6654,0.6654,,open,single,grant_williams,2026-08-19,0
2026-08-19,professional,HOU_IA_03_2026,house,IA,03,margin_D,pct,1,0,0,0,1.1,1.1,1.1,,open,single,grant_williams,2026-08-19,0
2026-08-19,professional,HOU_IA_03_2026,house,IA,03,win_prob_D,prob,1,0,0,0,0.571,0.571,0.571,,open,single,grant_williams,2026-08-19,0
2026-08-19,professional,HOU_IA_04_2026,house,IA,04,margin_D,pct,1,0,0,0,-7.84,-7.84,-7.84,,open,single,grant_williams,2026-08-19,0
2026-08-19,professional,HOU_IA_04_2026,house,IA,04,win_prob_D,prob,1,0,0,0,0.1099,0.1099,0.1099,,open,single,grant_williams,2026-08-19,0
2026-08-19,professional,HOU_ID_01_2026,house,ID,01,margin_D,pct,1,0,0,0,-18.91,-18.91,-18.91,,open,single,grant_williams,2026-08-19,0
2026-08-19,professional,HOU_ID_01_2026,house,ID,01,win_prob_D,prob,1,0,0,0,0.0067,0.0067,0.0067,,open,single,grant_williams,2026-08-19,0
2026-08-19,professional,HOU_ID_02_2026,house,ID,02,margin_D,pct,1,0,0,0,-10.24,-10.24,-10.24,,open,single,grant_williams,2026-08-19,0
2026-08-19,professional,HOU_ID_02_2026,house,ID,02,win_prob_D,prob,1,0,0,0,0.0638,0.0638,0.0638,,open,single,grant_williams,2026-08-19,0
2026-08-19,professional,HOU_IL_01_2026,house,IL,01,margin_D,pct,1,0,0,0,27.37,27.37,27.37,,open,single,grant_williams,2026-08-19,0
2026-08-19,professional,HOU_IL_01_2026,house,IL,01,win_prob_D,prob,1,0,0,0,0.9994,0.9994,0.9994,,open,single,grant_williams,2026-08-19,0
2026-08-19,professional,HOU_IL_02_2026,house,IL,02,margin_D,pct,1,0,0,0,23.8,23.8,23.8,,open,single,grant_williams,2026-08-19,0
2026-08-19,professional,HOU_IL_02_2026,house,IL,02,win_prob_D,prob,1,0,0,0,0.9981,0.9981,0.9981,,open,single,grant_williams,2026-08-19,0
2026-08-19,professional,HOU_IL_03_2026,house,IL,03,margin_D,pct,1,0,0,0,26.3,26.3,26.3,,open,single,grant_williams,2026-08-19,0
2026-08-19,professional,HOU_IL_03_2026,house,IL,03,win_prob_D,prob,1,0,0,0,0.999,0.999,0.999,,open,single,grant_williams,2026-08-19,0
2026-08-19,professional,HOU_IL_04_2026,house,IL,04,margin_D,pct,1,0,0,0,22.79,22.79,22.79,,open,single,grant_williams,2026-08-19,0
2026-08-19,professional,HOU_IL_04_2026,house,IL,04,win_prob_D,prob,1,0,0,0,0.9978,0.9978,0.9978,,open,single,grant_williams,2026-08-19,0
2026-08-19,professional,HOU_IL_05_2026,house,IL,05,margin_D,pct,1,0,0,0,28.41,28.41,28.41,,open,single,grant_williams,2026-08-19,0
2026-08-19,professional,HOU_IL_05_2026,house,IL,05,win_prob_D,prob,1,0,0,0,0.9996,0.9996,0.9996,,open,single,grant_williams,2026-08-19,0
2026-08-19,professional,HOU_IL_06_2026,house,IL,06,margin_D,pct,1,0,0,0,13.01,13.01,13.01,,open,single,grant_williams,2026-08-19,0
2026-08-19,professional,HOU_IL_06_2026,house,IL,06,win_prob_D,prob,1,0,0,0,0.9737,0.9737,0.9737,,open,single,grant_williams,2026-08-19,0
2026-08-19,professional,HOU_IL_07_2026,house,IL,07,margin_D,pct,1,0,0,0,39.14,39.14,39.14,,open,single,grant_williams,2026-08-19,0
2026-08-19,professional,HOU_IL_07_2026,house,IL,07,win_prob_D,prob,1,0,0,0,1.0,1.0,1.0,,open,single,grant_williams,2026-08-19,0
2026-08-19,professional,HOU_IL_08_2026,house,IL,08,margin_D,pct,1,0,0,0,11.31,11.31,11.31,,open,single,grant_williams,2026-08-19,0
2026-08-19,professional,HOU_IL_08_2026,house,IL,08,win_prob_D,prob,1,0,0,0,0.9561,0.9561,0.9561,,open,single,grant_williams,2026-08-19,0
2026-08-19,professional,HOU_IL_09_2026,house,IL,09,margin_D,pct,1,0,0,0,24.68,24.68,24.68,,open,single,grant_williams,2026-08-19,0
2026-08-19,professional,HOU_IL_09_2026,house,IL,09,win_prob_D,prob,1,0,0,0,0.9987,0.9987,0.9987,,open,single,grant_williams,2026-08-19,0
2026-08-19,professional,HOU_IL_10_2026,house,IL,10,margin_D,pct,1,0,0,0,21.56,21.56,21.56,,open,single,grant_williams,2026-08-19,0
2026-08-19,professional,HOU_IL_10_2026,house,IL,10,win_prob_D,prob,1,0,0,0,0.9975,0.9975,0.9975,,open,single,grant_williams,2026-08-19,0
2026-08-19,professional,HOU_IL_11_2026,house,IL,11,margin_D,pct,1,0,0,0,15.79,15.79,15.79,,open,single,grant_williams,2026-08-19,0
2026-08-19,professional,HOU_IL_11_2026,house,IL,11,win_prob_D,prob,1,0,0,0,0.9899,0.9899,0.9899,,open,single,grant_williams,2026-08-19,0
2026-08-19,professional,HOU_IL_12_2026,house,IL,12,margin_D,pct,1,0,0,0,-18.17,-18.17,-18.17,,open,single,grant_williams,2026-08-19,0
2026-08-19,professional,HOU_IL_12_2026,house,IL,12,win_prob_D,prob,1,0,0,0,0.0071,0.0071,0.0071,,open,single,grant_williams,2026-08-19,0
2026-08-19,professional,HOU_IL_13_2026,house,IL,13,margin_D,pct,1,0,0,0,14.81,14.81,14.81,,open,single,grant_williams,2026-08-19,0
2026-08-19,professional,HOU_IL_13_2026,house,IL,13,win_prob_D,prob,1,0,0,0,0.9847,0.9847,0.9847,,open,single,grant_williams,2026-08-19,0
2026-08-19,professional,HOU_IL_14_2026,house,IL,14,margin_D,pct,1,0,0,0,12.95,12.95,12.95,,open,single,grant_williams,2026-08-19,0
2026-08-19,professional,HOU_IL_14_2026,house,IL,14,win_prob_D,prob,1,0,0,0,0.9777,0.9777,0.9777,,open,single,grant_williams,2026-08-19,0
2026-08-19,professional,HOU_IL_15_2026,house,IL,15,margin_D,pct,1,0,0,0,-16.18,-16.18,-16.18,,open,single,grant_williams,2026-08-19,0
2026-08-19,professional,HOU_IL_15_2026,house,IL,15,win_prob_D,prob,1,0,0,0,0.0124,0.0124,0.0124,,open,single,grant_williams,2026-08-19,0
2026-08-19,professional,HOU_IL_16_2026,house,IL,16,margin_D,pct,1,0,0,0,-7.46,-7.46,-7.46,,open,single,grant_williams,2026-08-19,0
2026-08-19,professional,HOU_IL_16_2026,house,IL,16,win_prob_D,prob,1,0,0,0,0.1184,0.1184,0.1184,,open,single,grant_williams,2026-08-19,0
2026-08-19,professional,HOU_IL_17_2026,house,IL,17,margin_D,pct,1,0,0,0,12.95,12.95,12.95,,open,single,grant_williams,2026-08-19,0
2026-08-19,professional,HOU_IL_17_2026,house,IL,17,win_prob_D,prob,1,0,0,0,0.9748,0.9748,0.9748,,open,single,grant_williams,2026-08-19,0
2026-08-19,professional,HOU_IN_01_2026,house,IN,01,margin_D,pct,1,0,0,0,11.03,11.03,11.03,,open,single,grant_williams,2026-08-19,0
2026-08-19,professional,HOU_IN_01_2026,house,IN,01,win_prob_D,prob,1,0,0,0,0.9548,0.9548,0.9548,,open,single,grant_williams,2026-08-19,0
2026-08-19,professional,HOU_IN_02_2026,house,IN,02,margin_D,pct,1,0,0,0,-9.55,-9.55,-9.55,,open,single,grant_williams,2026-08-19,0
2026-08-19,professional,HOU_IN_02_2026,house,IN,02,win_prob_D,prob,1,0,0,0,0.07,0.07,0.07,,open,single,grant_williams,2026-08-19,0
2026-08-19,professional,HOU_IN_03_2026,house,IN,03,margin_D,pct,1,0,0,0,-12.32,-12.32,-12.32,,open,single,grant_williams,2026-08-19,0
2026-08-19,professional,HOU_IN_03_2026,house,IN,03,win_prob_D,prob,1,0,0,0,0.0356,0.0356,0.0356,,open,single,grant_williams,2026-08-19,0
2026-08-19,professional,HOU_IN_04_2026,house,IN,04,margin_D,pct,1,0,0,0,-11.43,-11.43,-11.43,,open,single,grant_williams,2026-08-19,0
2026-08-19,professional,HOU_IN_04_2026,house,IN,04,win_prob_D,prob,1,0,0,0,0.0419,0.0419,0.0419,,open,single,grant_williams,2026-08-19,0
2026-08-19,professional,HOU_IN_05_2026,house,IN,05,margin_D,pct,1,0,0,0,-4.69,-4.69,-4.69,,open,single,grant_williams,2026-08-19,0
2026-08-19,professional,HOU_IN_05_2026,house,IN,05,win_prob_D,prob,1,0,0,0,0.231,0.231,0.231,,open,single,grant_williams,2026-08-19,0
2026-08-19,professional,HOU_IN_06_2026,house,IN,06,margin_D,pct,1,0,0,0,-12.38,-12.38,-12.38,,open,single,grant_williams,2026-08-19,0
2026-08-19,professional,HOU_IN_06_2026,house,IN,06,win_prob_D,prob,1,0,0,0,0.034,0.034,0.034,,open,single,grant_williams,2026-08-19,0
2026-08-19,professional,HOU_IN_07_2026,house,IN,07,margin_D,pct,1,0,0,0,30.18,30.18,30.18,,open,single,grant_williams,2026-08-19,0
2026-08-19,professional,HOU_IN_07_2026,house,IN,07,win_prob_D,prob,1,0,0,0,0.9996,0.9996,0.9996,,open,single,grant_williams,2026-08-19,0
2026-08-19,professional,HOU_IN_08_2026,house,IN,08,margin_D,pct,1,0,0,0,-14.32,-14.32,-14.32,,open,single,grant_williams,2026-08-19,0
2026-08-19,professional,HOU_IN_08_2026,house,IN,08,win_prob_D,prob,1,0,0,0,0.0196,0.0196,0.0196,,open,single,grant_williams,2026-08-19,0
2026-08-19,professional,HOU_IN_09_2026,house,IN,09,margin_D,pct,1,0,0,0,-11.28,-11.28,-11.28,,open,single,grant_williams,2026-08-19,0
2026-08-19,professional,HOU_IN_09_2026,house,IN,09,win_prob_D,prob,1,0,0,0,0.0464,0.0464,0.0464,,open,single,grant_williams,2026-08-19,0
2026-08-19,professional,HOU_KS_01_2026,house,KS,01,margin_D,pct,1,0,0,0,-12.42,-12.42,-12.42,,open,single,grant_williams,2026-08-19,0
2026-08-19,professional,HOU_KS_01_2026,house,KS,01,win_prob_D,prob,1,0,0,0,0.0342,0.0342,0.0342,,open,single,grant_williams,2026-08-19,0
2026-08-19,professional,HOU_KS_02_2026,house,KS,02,margin_D,pct,1,0,0,0,-6.71,-6.71,-6.71,,open,single,grant_williams,2026-08-19,0
2026-08-19,professional,HOU_KS_02_2026,house,KS,02,win_prob_D,prob,1,0,0,0,0.1465,0.1465,0.1465,,open,single,grant_williams,2026-08-19,0
2026-08-19,professional,HOU_KS_03_2026,house,KS,03,margin_D,pct,1,0,0,0,12.02,12.02,12.02,,open,single,grant_williams,2026-08-19,0
2026-08-19,professional,HOU_KS_03_2026,house,KS,03,win_prob_D,prob,1,0,0,0,0.9645,0.9645,0.9645,,open,single,grant_williams,2026-08-19,0
2026-08-19,professional,HOU_KS_04_2026,house,KS,04,margin_D,pct,1,0,0,0,-8.56,-8.56,-8.56,,open,single,grant_williams,2026-08-19,0
2026-08-19,professional,HOU_KS_04_2026,house,KS,04,win_prob_D,prob,1,0,0,0,0.0988,0.0988,0.0988,,open,single,grant_williams,2026-08-19,0
2026-08-19,professional,HOU_KY_01_2026,house,KY,01,margin_D,pct,1,0,0,0,-20.94,-20.94,-20.94,,open,single,grant_williams,2026-08-19,0
2026-08-19,professional,HOU_KY_01_2026,house,KY,01,win_prob_D,prob,1,0,0,0,0.0037,0.0037,0.0037,,open,single,grant_williams,2026-08-19,0
2026-08-19,professional,HOU_KY_02_2026,house,KY,02,margin_D,pct,1,0,0,0,-18.05,-18.05,-18.05,,open,single,grant_williams,2026-08-19,0
2026-08-19,professional,HOU_KY_02_2026,house,KY,02,win_prob_D,prob,1,0,0,0,0.0076,0.0076,0.0076,,open,single,grant_williams,2026-08-19,0
2026-08-19,professional,HOU_KY_03_2026,house,KY,03,margin_D,pct,1,0,0,0,17.75,17.75,17.75,,open,single,grant_williams,2026-08-19,0
2026-08-19,professional,HOU_KY_03_2026,house,KY,03,win_prob_D,prob,1,0,0,0,0.9925,0.9925,0.9925,,open,single,grant_williams,2026-08-19,0
2026-08-19,professional,HOU_KY_04_2026,house,KY,04,margin_D,pct,1,0,0,0,-12.65,-12.65,-12.65,,open,single,grant_williams,2026-08-19,0
2026-08-19,professional,HOU_KY_04_2026,house,KY,04,win_prob_D,prob,1,0,0,0,0.0281,0.0281,0.0281,,open,single,grant_williams,2026-08-19,0
2026-08-19,professional,HOU_KY_05_2026,house,KY,05,margin_D,pct,1,0,0,0,-29.58,-29.58,-29.58,,open,single,grant_williams,2026-08-19,0
2026-08-19,professional,HOU_KY_05_2026,house,KY,05,win_prob_D,prob,1,0,0,0,0.0005,0.0005,0.0005,,open,single,grant_williams,2026-08-19,0
2026-08-19,professional,HOU_KY_06_2026,house,KY,06,margin_D,pct,1,0,0,0,-3.48,-3.48,-3.48,,open,single,grant_williams,2026-08-19,0
2026-08-19,professional,HOU_KY_06_2026,house,KY,06,win_prob_D,prob,1,0,0,0,0.1988,0.1988,0.1988,,open,single,grant_williams,2026-08-19,0
2026-08-19,professional,HOU_LA_01_2026,house,LA,01,margin_D,pct,1,0,0,0,-16.85,-16.85,-16.85,,open,single,grant_williams,2026-08-19,0
2026-08-19,professional,HOU_LA_01_2026,house,LA,01,win_prob_D,prob,1,0,0,0,0.0117,0.0117,0.0117,,open,single,grant_williams,2026-08-19,0
2026-08-19,professional,HOU_LA_02_2026,house,LA,02,margin_D,pct,1,0,0,0,33.39,33.39,33.39,,open,single,grant_williams,2026-08-19,0
2026-08-19,professional,HOU_LA_02_2026,house,LA,02,win_prob_D,prob,1,0,0,0,0.9996,0.9996,0.9996,,open,single,grant_williams,2026-08-19,0
2026-08-19,professional,HOU_LA_03_2026,house,LA,03,margin_D,pct,1,0,0,0,-14.9,-14.9,-14.9,,open,single,grant_williams,2026-08-19,0
2026-08-19,professional,HOU_LA_03_2026,house,LA,03,win_prob_D,prob,1,0,0,0,0.0162,0.0162,0.0162,,open,single,grant_williams,2026-08-19,0
2026-08-19,professional,HOU_LA_04_2026,house,LA,04,margin_D,pct,1,0,0,0,-14.04,-14.04,-14.04,,open,single,grant_williams,2026-08-19,0
2026-08-19,professional,HOU_LA_04_2026,house,LA,04,win_prob_D,prob,1,0,0,0,0.0232,0.0232,0.0232,,open,single,grant_williams,2026-08-19,0
2026-08-19,professional,HOU_LA_05_2026,house,LA,05,margin_D,pct,1,0,0,0,-10.45,-10.45,-10.45,,open,single,grant_williams,2026-08-19,0
2026-08-19,professional,HOU_LA_05_2026,house,LA,05,win_prob_D,prob,1,0,0,0,0.0552,0.0552,0.0552,,open,single,grant_williams,2026-08-19,0
2026-08-19,professional,HOU_LA_06_2026,house,LA,06,margin_D,pct,1,0,0,0,-9.53,-9.53,-9.53,,open,single,grant_williams,2026-08-19,0
2026-08-19,professional,HOU_LA_06_2026,house,LA,06,win_prob_D,prob,1,0,0,0,0.0753,0.0753,0.0753,,open,single,grant_williams,2026-08-19,0
2026-08-19,professional,HOU_MA_01_2026,house,MA,01,margin_D,pct,1,0,0,0,19.06,19.06,19.06,,open,single,grant_williams,2026-08-19,0
2026-08-19,professional,HOU_MA_01_2026,house,MA,01,win_prob_D,prob,1,0,0,0,0.9951,0.9951,0.9951,,open,single,grant_williams,2026-08-19,0
2026-08-19,professional,HOU_MA_02_2026,house,MA,02,margin_D,pct,1,0,0,0,23.93,23.93,23.93,,open,single,grant_williams,2026-08-19,0
2026-08-19,professional,HOU_MA_02_2026,house,MA,02,win_prob_D,prob,1,0,0,0,0.9983,0.9983,0.9983,,open,single,grant_williams,2026-08-19,0
2026-08-19,professional,HOU_MA_03_2026,house,MA,03,margin_D,pct,1,0,0,0,22.0,22.0,22.0,,open,single,grant_williams,2026-08-19,0
2026-08-19,professional,HOU_MA_03_2026,house,MA,03,win_prob_D,prob,1,0,0,0,0.9978,0.9978,0.9978,,open,single,grant_williams,2026-08-19,0
2026-08-19,professional,HOU_MA_04_2026,house,MA,04,margin_D,pct,1,0,0,0,21.97,21.97,21.97,,open,single,grant_williams,2026-08-19,0
2026-08-19,professional,HOU_MA_04_2026,house,MA,04,win_prob_D,prob,1,0,0,0,0.9972,0.9972,0.9972,,open,single,grant_williams,2026-08-19,0
2026-08-19,professional,HOU_MA_05_2026,house,MA,05,margin_D,pct,1,0,0,0,34.41,34.41,34.41,,open,single,grant_williams,2026-08-19,0
2026-08-19,professional,HOU_MA_05_2026,house,MA,05,win_prob_D,prob,1,0,0,0,0.9999,0.9999,0.9999,,open,single,grant_williams,2026-08-19,0
2026-08-19,professional,HOU_MA_06_2026,house,MA,06,margin_D,pct,1,0,0,0,18.35,18.35,18.35,,open,single,grant_williams,2026-08-19,0
2026-08-19,professional,HOU_MA_06_2026,house,MA,06,win_prob_D,prob,1,0,0,0,0.9948,0.9948,0.9948,,open,single,grant_williams,2026-08-19,0
2026-08-19,professional,HOU_MA_07_2026,house,MA,07,margin_D,pct,1,0,0,0,44.13,44.13,44.13,,open,single,grant_williams,2026-08-19,0
2026-08-19,professional,HOU_MA_07_2026,house,MA,07,win_prob_D,prob,1,0,0,0,1.0,1.0,1.0,,open,single,grant_williams,2026-08-19,0
2026-08-19,professional,HOU_MA_08_2026,house,MA,08,margin_D,pct,1,0,0,0,25.85,25.85,25.85,,open,single,grant_williams,2026-08-19,0
2026-08-19,professional,HOU_MA_08_2026,house,MA,08,win_prob_D,prob,1,0,0,0,0.999,0.999,0.999,,open,single,grant_williams,2026-08-19,0
2026-08-19,professional,HOU_MA_09_2026,house,MA,09,margin_D,pct,1,0,0,0,17.18,17.18,17.18,,open,single,grant_williams,2026-08-19,0
2026-08-19,professional,HOU_MA_09_2026,house,MA,09,win_prob_D,prob,1,0,0,0,0.9909,0.9909,0.9909,,open,single,grant_williams,2026-08-19,0
2026-08-19,professional,HOU_MD_01_2026,house,MD,01,margin_D,pct,1,0,0,0,-4.57,-4.57,-4.57,,open,single,grant_williams,2026-08-19,0
2026-08-19,professional,HOU_MD_01_2026,house,MD,01,win_prob_D,prob,1,0,0,0,0.2311,0.2311,0.2311,,open,single,grant_williams,2026-08-19,0
2026-08-19,professional,HOU_MD_02_2026,house,MD,02,margin_D,pct,1,0,0,0,19.78,19.78,19.78,,open,single,grant_williams,2026-08-19,0
2026-08-19,professional,HOU_MD_02_2026,house,MD,02,win_prob_D,prob,1,0,0,0,0.9951,0.9951,0.9951,,open,single,grant_williams,2026-08-19,0
2026-08-19,professional,HOU_MD_03_2026,house,MD,03,margin_D,pct,1,0,0,0,21.67,21.67,21.67,,open,single,grant_williams,2026-08-19,0
2026-08-19,professional,HOU_MD_03_2026,house,MD,03,win_prob_D,prob,1,0,0,0,0.9969,0.9969,0.9969,,open,single,grant_williams,2026-08-19,0
2026-08-19,professional,HOU_MD_04_2026,house,MD,04,margin_D,pct,1,0,0,0,47.6,47.6,47.6,,open,single,grant_williams,2026-08-19,0
2026-08-19,professional,HOU_MD_04_2026,house,MD,04,win_prob_D,prob,1,0,0,0,1.0,1.0,1.0,,open,single,grant_williams,2026-08-19,0
2026-08-19,professional,HOU_MD_05_2026,house,MD,05,margin_D,pct,1,0,0,0,22.93,22.93,22.93,,open,single,grant_williams,2026-08-19,0
2026-08-19,professional,HOU_MD_05_2026,house,MD,05,win_prob_D,prob,1,0,0,0,0.9977,0.9977,0.9977,,open,single,grant_williams,2026-08-19,0
2026-08-19,professional,HOU_MD_06_2026,house,MD,06,margin_D,pct,1,0,0,0,13.22,13.22,13.22,,open,single,grant_williams,2026-08-19,0
2026-08-19,professional,HOU_MD_06_2026,house,MD,06,win_prob_D,prob,1,0,0,0,0.9782,0.9782,0.9782,,open,single,grant_williams,2026-08-19,0
2026-08-19,professional,HOU_MD_07_2026,house,MD,07,margin_D,pct,1,0,0,0,39.8,39.8,39.8,,open,single,grant_williams,2026-08-19,0
2026-08-19,professional,HOU_MD_07_2026,house,MD,07,win_prob_D,prob,1,0,0,0,0.9999,0.9999,0.9999,,open,single,grant_williams,2026-08-19,0
2026-08-19,professional,HOU_MD_08_2026,house,MD,08,margin_D,pct,1,0,0,0,38.98,38.98,38.98,,open,single,grant_williams,2026-08-19,0
2026-08-19,professional,HOU_MD_08_2026,house,MD,08,win_prob_D,prob,1,0,0,0,0.9999,0.9999,0.9999,,open,single,grant_williams,2026-08-19,0
2026-08-19,professional,HOU_ME_01_2026,house,ME,01,margin_D,pct,1,0,0,0,22.06,22.06,22.06,,open,single,grant_williams,2026-08-19,0
2026-08-19,professional,HOU_ME_01_2026,house,ME,01,win_prob_D,prob,1,0,0,0,0.9979,0.9979,0.9979,,open,single,grant_williams,2026-08-19,0
2026-08-19,professional,HOU_ME_02_2026,house,ME,02,margin_D,pct,1,0,0,0,0.22,0.22,0.22,,open,single,grant_williams,2026-08-19,0
2026-08-19,professional,HOU_ME_02_2026,house,ME,02,win_prob_D,prob,1,0,0,0,0.5196,0.5196,0.5196,,open,single,grant_williams,2026-08-19,0
2026-08-19,professional,HOU_MI_01_2026,house,MI,01,margin_D,pct,1,0,0,0,-7.6,-7.6,-7.6,,open,single,grant_williams,2026-08-19,0
2026-08-19,professional,HOU_MI_01_2026,house,MI,01,win_prob_D,prob,1,0,0,0,0.1188,0.1188,0.1188,,open,single,grant_williams,2026-08-19,0
2026-08-19,professional,HOU_MI_02_2026,house,MI,02,margin_D,pct,1,0,0,0,-11.47,-11.47,-11.47,,open,single,grant_williams,2026-08-19,0
2026-08-19,professional,HOU_MI_02_2026,house,MI,02,win_prob_D,prob,1,0,0,0,0.0427,0.0427,0.0427,,open,single,grant_williams,2026-08-19,0
2026-08-19,professional,HOU_MI_03_2026,house,MI,03,margin_D,pct,1,0,0,0,13.96,13.96,13.96,,open,single,grant_williams,2026-08-19,0
2026-08-19,professional,HOU_MI_03_2026,house,MI,03,win_prob_D,prob,1,0,0,0,0.9816,0.9816,0.9816,,open,single,grant_williams,2026-08-19,0
2026-08-19,professional,HOU_MI_04_2026,house,MI,04,margin_D,pct,1,0,0,0,-0.2,-0.2,-0.2,,open,single,grant_williams,2026-08-19,0
2026-08-19,professional,HOU_MI_04_2026,house,MI,04,win_prob_D,prob,1,0,0,0,0.4839,0.4839,0.4839,,open,single,grant_williams,2026-08-19,0
2026-08-19,professional,HOU_MI_05_2026,house,MI,05,margin_D,pct,1,0,0,0,-9.5,-9.5,-9.5,,open,single,grant_williams,2026-08-19,0
2026-08-19,professional,HOU_MI_05_2026,house,MI,05,win_prob_D,prob,1,0,0,0,0.0718,0.0718,0.0718,,open,single,grant_williams,2026-08-19,0
2026-08-19,professional,HOU_MI_06_2026,house,MI,06,margin_D,pct,1,0,0,0,21.61,21.61,21.61,,open,single,grant_williams,2026-08-19,0
2026-08-19,professional,HOU_MI_06_2026,house,MI,06,win_prob_D,prob,1,0,0,0,0.9978,0.9978,0.9978,,open,single,grant_williams,2026-08-19,0
2026-08-19,professional,HOU_MI_07_2026,house,MI,07,margin_D,pct,1,0,0,0,2.99,2.99,2.99,,open,single,grant_williams,2026-08-19,0
2026-08-19,professional,HOU_MI_07_2026,house,MI,07,win_prob_D,prob,1,0,0,0,0.6867,0.6867,0.6867,,open,single,grant_williams,2026-08-19,0
2026-08-19,professional,HOU_MI_08_2026,house,MI,08,margin_D,pct,1,0,0,0,9.23,9.23,9.23,,open,single,grant_williams,2026-08-19,0
2026-08-19,professional,HOU_MI_08_2026,house,MI,08,win_prob_D,prob,1,0,0,0,0.9266,0.9266,0.9266,,open,single,grant_williams,2026-08-19,0
2026-08-19,professional,HOU_MI_09_2026,house,MI,09,margin_D,pct,1,0,0,0,-12.39,-12.39,-12.39,,open,single,grant_williams,2026-08-19,0
2026-08-19,professional,HOU_MI_09_2026,house,MI,09,win_prob_D,prob,1,0,0,0,0.0311,0.0311,0.0311,,open,single,grant_williams,2026-08-19,0
2026-08-19,professional,HOU_MI_10_2026,house,MI,10,margin_D,pct,1,0,0,0,3.65,3.65,3.65,,open,single,grant_williams,2026-08-19,0
2026-08-19,professional,HOU_MI_10_2026,house,MI,10,win_prob_D,prob,1,0,0,0,0.7188,0.7188,0.7188,,open,single,grant_williams,2026-08-19,0
2026-08-19,professional,HOU_MI_11_2026,house,MI,11,margin_D,pct,1,0,0,0,15.18,15.18,15.18,,open,single,grant_williams,2026-08-19,0
2026-08-19,professional,HOU_MI_11_2026,house,MI,11,win_prob_D,prob,1,0,0,0,0.988,0.988,0.988,,open,single,grant_williams,2026-08-19,0
2026-08-19,professional,HOU_MI_12_2026,house,MI,12,margin_D,pct,1,0,0,0,30.2,30.2,30.2,,open,single,grant_williams,2026-08-19,0
2026-08-19,professional,HOU_MI_12_2026,house,MI,12,win_prob_D,prob,1,0,0,0,0.9997,0.9997,0.9997,,open,single,grant_williams,2026-08-19,0
2026-08-19,professional,HOU_MI_13_2026,house,MI,13,margin_D,pct,1,0,0,0,27.58,27.58,27.58,,open,single,grant_williams,2026-08-19,0
2026-08-19,professional,HOU_MI_13_2026,house,MI,13,win_prob_D,prob,1,0,0,0,0.9996,0.9996,0.9996,,open,single,grant_williams,2026-08-19,0
2026-08-19,professional,HOU_MN_01_2026,house,MN,01,margin_D,pct,1,0,0,0,-2.7,-2.7,-2.7,,open,single,grant_williams,2026-08-19,0
2026-08-19,professional,HOU_MN_01_2026,house,MN,01,win_prob_D,prob,1,0,0,0,0.3324,0.3324,0.3324,,open,single,grant_williams,2026-08-19,0
2026-08-19,professional,HOU_MN_02_2026,house,MN,02,margin_D,pct,1,0,0,0,9.41,9.41,9.41,,open,single,grant_williams,2026-08-19,0
2026-08-19,professional,HOU_MN_02_2026,house,MN,02,win_prob_D,prob,1,0,0,0,0.9328,0.9328,0.9328,,open,single,grant_williams,2026-08-19,0
2026-08-19,professional,HOU_MN_03_2026,house,MN,03,margin_D,pct,1,0,0,0,20.71,20.71,20.71,,open,single,grant_williams,2026-08-19,0
2026-08-19,professional,HOU_MN_03_2026,house,MN,03,win_prob_D,prob,1,0,0,0,0.9972,0.9972,0.9972,,open,single,grant_williams,2026-08-19,0
2026-08-19,professional,HOU_MN_04_2026,house,MN,04,margin_D,pct,1,0,0,0,27.24,27.24,27.24,,open,single,grant_williams,2026-08-19,0
2026-08-19,professional,HOU_MN_04_2026,house,MN,04,win_prob_D,prob,1,0,0,0,0.9994,0.9994,0.9994,,open,single,grant_williams,2026-08-19,0
2026-08-19,professional,HOU_MN_05_2026,house,MN,05,margin_D,pct,1,0,0,0,40.77,40.77,40.77,,open,single,grant_williams,2026-08-19,0
2026-08-19,professional,HOU_MN_05_2026,house,MN,05,win_prob_D,prob,1,0,0,0,0.9999,0.9999,0.9999,,open,single,grant_williams,2026-08-19,0
2026-08-19,professional,HOU_MN_06_2026,house,MN,06,margin_D,pct,1,0,0,0,-6.64,-6.64,-6.64,,open,single,grant_williams,2026-08-19,0
2026-08-19,professional,HOU_MN_06_2026,house,MN,06,win_prob_D,prob,1,0,0,0,0.1504,0.1504,0.1504,,open,single,grant_williams,2026-08-19,0
2026-08-19,professional,HOU_MN_07_2026,house,MN,07,margin_D,pct,1,0,0,0,-14.24,-14.24,-14.24,,open,single,grant_williams,2026-08-19,0
2026-08-19,professional,HOU_MN_07_2026,house,MN,07,win_prob_D,prob,1,0,0,0,0.0211,0.0211,0.0211,,open,single,grant_williams,2026-08-19,0
2026-08-19,professional,HOU_MN_08_2026,house,MN,08,margin_D,pct,1,0,0,0,-3.78,-3.78,-3.78,,open,single,grant_williams,2026-08-19,0
2026-08-19,professional,HOU_MN_08_2026,house,MN,08,win_prob_D,prob,1,0,0,0,0.2723,0.2723,0.2723,,open,single,grant_williams,2026-08-19,0
2026-08-19,professional,HOU_MO_01_2026,house,MO,01,margin_D,pct,1,0,0,0,35.9,35.9,35.9,,open,single,grant_williams,2026-08-19,0
2026-08-19,professional,HOU_MO_01_2026,house,MO,01,win_prob_D,prob,1,0,0,0,0.9998,0.9998,0.9998,,open,single,grant_williams,2026-08-19,0
2026-08-19,professional,HOU_MO_02_2026,house,MO,02,margin_D,pct,1,0,0,0,-4.68,-4.68,-4.68,,open,single,grant_williams,2026-08-19,0
2026-08-19,professional,HOU_MO_02_2026,house,MO,02,win_prob_D,prob,1,0,0,0,0.2266,0.2266,0.2266,,open,single,grant_williams,2026-08-19,0
2026-08-19,professional,HOU_MO_03_2026,house,MO,03,margin_D,pct,1,0,0,0,-8.58,-8.58,-8.58,,open,single,grant_williams,2026-08-19,0
2026-08-19,professional,HOU_MO_03_2026,house,MO,03,win_prob_D,prob,1,0,0,0,0.0901,0.0901,0.0901,,open,single,grant_williams,2026-08-19,0
2026-08-19,professional,HOU_MO_04_2026,house,MO,04,margin_D,pct,1,0,0,0,-8.59,-8.59,-8.59,,open,single,grant_williams,2026-08-19,0
2026-08-19,professional,HOU_MO_04_2026,house,MO,04,win_prob_D,prob,1,0,0,0,0.0905,0.0905,0.0905,,open,single,grant_williams,2026-08-19,0
2026-08-19,professional,HOU_MO_05_2026,house,MO,05,margin_D,pct,1,0,0,0,-0.45,-0.45,-0.45,,open,single,grant_williams,2026-08-19,0
2026-08-19,professional,HOU_MO_05_2026,house,MO,05,win_prob_D,prob,1,0,0,0,0.4673,0.4673,0.4673,,open,single,grant_williams,2026-08-19,0
2026-08-19,professional,HOU_MO_06_2026,house,MO,06,margin_D,pct,1,0,0,0,-7.8,-7.8,-7.8,,open,single,grant_williams,2026-08-19,0
2026-08-19,professional,HOU_MO_06_2026,house,MO,06,win_prob_D,prob,1,0,0,0,0.1111,0.1111,0.1111,,open,single,grant_williams,2026-08-19,0
2026-08-19,professional,HOU_MO_07_2026,house,MO,07,margin_D,pct,1,0,0,0,-19.06,-19.06,-19.06,,open,single,grant_williams,2026-08-19,0
2026-08-19,professional,HOU_MO_07_2026,house,MO,07,win_prob_D,prob,1,0,0,0,0.006,0.006,0.006,,open,single,grant_williams,2026-08-19,0
2026-08-19,professional,HOU_MO_08_2026,house,MO,08,margin_D,pct,1,0,0,0,-24.83,-24.83,-24.83,,open,single,grant_williams,2026-08-19,0
2026-08-19,professional,HOU_MO_08_2026,house,MO,08,win_prob_D,prob,1,0,0,0,0.0013,0.0013,0.0013,,open,single,grant_williams,2026-08-19,0
2026-08-19,professional,HOU_MS_01_2026,house,MS,01,margin_D,pct,1,0,0,0,-16.15,-16.15,-16.15,,open,single,grant_williams,2026-08-19,0
2026-08-19,professional,HOU_MS_01_2026,house,MS,01,win_prob_D,prob,1,0,0,0,0.0085,0.0085,0.0085,,open,single,grant_williams,2026-08-19,0
2026-08-19,professional,HOU_MS_02_2026,house,MS,02,margin_D,pct,1,0,0,0,18.69,18.69,18.69,,open,single,grant_williams,2026-08-19,0
2026-08-19,professional,HOU_MS_02_2026,house,MS,02,win_prob_D,prob,1,0,0,0,0.9941,0.9941,0.9941,,open,single,grant_williams,2026-08-19,0
2026-08-19,professional,HOU_MS_03_2026,house,MS,03,margin_D,pct,1,0,0,0,-12.37,-12.37,-12.37,,open,single,grant_williams,2026-08-19,0
2026-08-19,professional,HOU_MS_03_2026,house,MS,03,win_prob_D,prob,1,0,0,0,0.0346,0.0346,0.0346,,open,single,grant_williams,2026-08-19,0
2026-08-19,professional,HOU_MS_04_2026,house,MS,04,margin_D,pct,1,0,0,0,-19.14,-19.14,-19.14,,open,single,grant_williams,2026-08-19,0
2026-08-19,professional,HOU_MS_04_2026,house,MS,04,win_prob_D,prob,1,0,0,0,0.0056,0.0056,0.0056,,open,single,grant_williams,2026-08-19,0
2026-08-19,professional,HOU_MT_01_2026,house,MT,01,margin_D,pct,1,0,0,0,0.96,0.96,0.96,,open,single,grant_williams,2026-08-19,0
2026-08-19,professional,HOU_MT_01_2026,house,MT,01,win_prob_D,prob,1,0,0,0,0.5534,0.5534,0.5534,,open,single,grant_williams,2026-08-19,0
2026-08-19,professional,HOU_MT_02_2026,house,MT,02,margin_D,pct,1,0,0,0,-12.24,-12.24,-12.24,,open,single,grant_williams,2026-08-19,0
2026-08-19,professional,HOU_MT_02_2026,house,MT,02,win_prob_D,prob,1,0,0,0,0.0345,0.0345,0.0345,,open,single,grant_williams,2026-08-19,0
2026-08-19,professional,HOU_NC_01_2026,house,NC,01,margin_D,pct,1,0,0,0,2.7,2.7,2.7,,open,single,grant_williams,2026-08-19,0
2026-08-19,professional,HOU_NC_01_2026,house,NC,01,win_prob_D,prob,1,0,0,0,0.7371,0.7371,0.7371,,open,single,grant_williams,2026-08-19,0
2026-08-19,professional,HOU_NC_02_2026,house,NC,02,margin_D,pct,1,0,0,0,25.16,25.16,25.16,,open,single,grant_williams,2026-08-19,0
2026-08-19,professional,HOU_NC_02_2026,house,NC,02,win_prob_D,prob,1,0,0,0,0.9991,0.9991,0.9991,,open,single,grant_williams,2026-08-19,0
2026-08-19,professional,HOU_NC_03_2026,house,NC,03,margin_D,pct,1,0,0,0,-4.02,-4.02,-4.02,,open,single,grant_williams,2026-08-19,0
2026-08-19,professional,HOU_NC_03_2026,house,NC,03,win_prob_D,prob,1,0,0,0,0.2554,0.2554,0.2554,,open,single,grant_williams,2026-08-19,0
2026-08-19,professional,HOU_NC_04_2026,house,NC,04,margin_D,pct,1,0,0,0,30.87,30.87,30.87,,open,single,grant_williams,2026-08-19,0
2026-08-19,professional,HOU_NC_04_2026,house,NC,04,win_prob_D,prob,1,0,0,0,0.9996,0.9996,0.9996,,open,single,grant_williams,2026-08-19,0
2026-08-19,professional,HOU_NC_05_2026,house,NC,05,margin_D,pct,1,0,0,0,-6.84,-6.84,-6.84,,open,single,grant_williams,2026-08-19,0
2026-08-19,professional,HOU_NC_05_2026,house,NC,05,win_prob_D,prob,1,0,0,0,0.1393,0.1393,0.1393,,open,single,grant_williams,2026-08-19,0
2026-08-19,professional,HOU_NC_06_2026,house,NC,06,margin_D,pct,1,0,0,0,-6.9,-6.9,-6.9,,open,single,grant_williams,2026-08-19,0
2026-08-19,professional,HOU_NC_06_2026,house,NC,06,win_prob_D,prob,1,0,0,0,0.1361,0.1361,0.1361,,open,single,grant_williams,2026-08-19,0
2026-08-19,professional,HOU_NC_07_2026,house,NC,07,margin_D,pct,1,0,0,0,-4.93,-4.93,-4.93,,open,single,grant_williams,2026-08-19,0
2026-08-19,professional,HOU_NC_07_2026,house,NC,07,win_prob_D,prob,1,0,0,0,0.2133,0.2133,0.2133,,open,single,grant_williams,2026-08-19,0
2026-08-19,professional,HOU_NC_08_2026,house,NC,08,margin_D,pct,1,0,0,0,-7.87,-7.87,-7.87,,open,single,grant_williams,2026-08-19,0
2026-08-19,professional,HOU_NC_08_2026,house,NC,08,win_prob_D,prob,1,0,0,0,0.1073,0.1073,0.1073,,open,single,grant_williams,2026-08-19,0
2026-08-19,professional,HOU_NC_09_2026,house,NC,09,margin_D,pct,1,0,0,0,-5.93,-5.93,-5.93,,open,single,grant_williams,2026-08-19,0
2026-08-19,professional,HOU_NC_09_2026,house,NC,09,win_prob_D,prob,1,0,0,0,0.175,0.175,0.175,,open,single,grant_williams,2026-08-19,0
2026-08-19,professional,HOU_NC_10_2026,house,NC,10,margin_D,pct,1,0,0,0,-6.87,-6.87,-6.87,,open,single,grant_williams,2026-08-19,0
2026-08-19,professional,HOU_NC_10_2026,house,NC,10,win_prob_D,prob,1,0,0,0,0.1411,0.1411,0.1411,,open,single,grant_williams,2026-08-19,0
2026-08-19,professional,HOU_NC_11_2026,house,NC,11,margin_D,pct,1,0,0,0,0.48,0.48,0.48,,open,single,grant_williams,2026-08-19,0
2026-08-19,professional,HOU_NC_11_2026,house,NC,11,win_prob_D,prob,1,0,0,0,0.5312,0.5312,0.5312,,open,single,grant_williams,2026-08-19,0
2026-08-19,professional,HOU_NC_12_2026,house,NC,12,margin_D,pct,1,0,0,0,31.97,31.97,31.97,,open,single,grant_williams,2026-08-19,0
2026-08-19,professional,HOU_NC_12_2026,house,NC,12,win_prob_D,prob,1,0,0,0,0.9997,0.9997,0.9997,,open,single,grant_williams,2026-08-19,0
2026-08-19,professional,HOU_NC_13_2026,house,NC,13,margin_D,pct,1,0,0,0,-5.9,-5.9,-5.9,,open,single,grant_williams,2026-08-19,0
2026-08-19,professional,HOU_NC_13_2026,house,NC,13,win_prob_D,prob,1,0,0,0,0.1754,0.1754,0.1754,,open,single,grant_williams,2026-08-19,0
2026-08-19,professional,HOU_NC_14_2026,house,NC,14,margin_D,pct,1,0,0,0,-5.91,-5.91,-5.91,,open,single,grant_williams,2026-08-19,0
2026-08-19,professional,HOU_NC_14_2026,house,NC,14,win_prob_D,prob,1,0,0,0,0.1732,0.1732,0.1732,,open,single,grant_williams,2026-08-19,0
2026-08-19,professional,HOU_ND_01_2026,house,ND,01,margin_D,pct,1,0,0,0,-14.39,-14.39,-14.39,,open,single,grant_williams,2026-08-19,0
2026-08-19,professional,HOU_ND_01_2026,house,ND,01,win_prob_D,prob,1,0,0,0,0.02,0.02,0.02,,open,single,grant_williams,2026-08-19,0
2026-08-19,professional,HOU_NE_01_2026,house,NE,01,margin_D,pct,1,0,0,0,-2.81,-2.81,-2.81,,open,single,grant_williams,2026-08-19,0
2026-08-19,professional,HOU_NE_01_2026,house,NE,01,win_prob_D,prob,1,0,0,0,0.3306,0.3306,0.3306,,open,single,grant_williams,2026-08-19,0
2026-08-19,professional,HOU_NE_02_2026,house,NE,02,margin_D,pct,1,0,0,0,9.29,9.29,9.29,,open,single,grant_williams,2026-08-19,0
2026-08-19,professional,HOU_NE_02_2026,house,NE,02,win_prob_D,prob,1,0,0,0,0.926,0.926,0.926,,open,single,grant_williams,2026-08-19,0
2026-08-19,professional,HOU_NE_03_2026,house,NE,03,margin_D,pct,1,0,0,0,-22.98,-22.98,-22.98,,open,single,grant_williams,2026-08-19,0
2026-08-19,professional,HOU_NE_03_2026,house,NE,03,win_prob_D,prob,1,0,0,0,0.0021,0.0021,0.0021,,open,single,grant_williams,2026-08-19,0
2026-08-19,professional,HOU_NH_01_2026,house,NH,01,margin_D,pct,1,0,0,0,9.87,9.87,9.87,,open,single,grant_williams,2026-08-19,0
2026-08-19,professional,HOU_NH_01_2026,house,NH,01,win_prob_D,prob,1,0,0,0,0.9391,0.9391,0.9391,,open,single,grant_williams,2026-08-19,0
2026-08-19,professional,HOU_NH_02_2026,house,NH,02,margin_D,pct,1,0,0,0,15.44,15.44,15.44,,open,single,grant_williams,2026-08-19,0
2026-08-19,professional,HOU_NH_02_2026,house,NH,02,win_prob_D,prob,1,0,0,0,0.998,0.998,0.998,,open,single,grant_williams,2026-08-19,0
2026-08-19,professional,HOU_NJ_01_2026,house,NJ,01,margin_D,pct,1,0,0,0,19.85,19.85,19.85,,open,single,grant_williams,2026-08-19,0
2026-08-19,professional,HOU_NJ_01_2026,house,NJ,01,win_prob_D,prob,1,0,0,0,0.9962,0.9962,0.9962,,open,single,grant_williams,2026-08-19,0
2026-08-19,professional,HOU_NJ_02_2026,house,NJ,02,margin_D,pct,1,0,0,0,-1.58,-1.58,-1.58,,open,single,grant_williams,2026-08-19,0
2026-08-19,professional,HOU_NJ_02_2026,house,NJ,02,win_prob_D,prob,1,0,0,0,0.3882,0.3882,0.3882,,open,single,grant_williams,2026-08-19,0
2026-08-19,professional,HOU_NJ_03_2026,house,NJ,03,margin_D,pct,1,0,0,0,15.15,15.15,15.15,,open,single,grant_williams,2026-08-19,0
2026-08-19,professional,HOU_NJ_03_2026,house,NJ,03,win_prob_D,prob,1,0,0,0,0.9866,0.9866,0.9866,,open,single,grant_williams,2026-08-19,0
2026-08-19,professional,HOU_NJ_04_2026,house,NJ,04,margin_D,pct,1,0,0,0,-10.36,-10.36,-10.36,,open,single,grant_williams,2026-08-19,0
2026-08-19,professional,HOU_NJ_04_2026,house,NJ,04,win_prob_D,prob,1,0,0,0,0.0569,0.0569,0.0569,,open,single,grant_williams,2026-08-19,0
2026-08-19,professional,HOU_NJ_05_2026,house,NJ,05,margin_D,pct,1,0,0,0,12.16,12.16,12.16,,open,single,grant_williams,2026-08-19,0
2026-08-19,professional,HOU_NJ_05_2026,house,NJ,05,win_prob_D,prob,1,0,0,0,0.969,0.969,0.969,,open,single,grant_williams,2026-08-19,0
2026-08-19,professional,HOU_NJ_06_2026,house,NJ,06,margin_D,pct,1,0,0,0,15.11,15.11,15.11,,open,single,grant_williams,2026-08-19,0
2026-08-19,professional,HOU_NJ_06_2026,house,NJ,06,win_prob_D,prob,1,0,0,0,0.9872,0.9872,0.9872,,open,single,grant_williams,2026-08-19,0
2026-08-19,professional,HOU_NJ_07_2026,house,NJ,07,margin_D,pct,1,0,0,0,3.02,3.02,3.02,,open,single,grant_williams,2026-08-19,0
2026-08-19,professional,HOU_NJ_07_2026,house,NJ,07,win_prob_D,prob,1,0,0,0,0.6868,0.6868,0.6868,,open,single,grant_williams,2026-08-19,0
2026-08-19,professional,HOU_NJ_08_2026,house,NJ,08,margin_D,pct,1,0,0,0,24.54,24.54,24.54,,open,single,grant_williams,2026-08-19,0
2026-08-19,professional,HOU_NJ_08_2026,house,NJ,08,win_prob_D,prob,1,0,0,0,0.9979,0.9979,0.9979,,open,single,grant_williams,2026-08-19,0
2026-08-19,professional,HOU_NJ_09_2026,house,NJ,09,margin_D,pct,1,0,0,0,12.17,12.17,12.17,,open,single,grant_williams,2026-08-19,0
2026-08-19,professional,HOU_NJ_09_2026,house,NJ,09,win_prob_D,prob,1,0,0,0,0.9701,0.9701,0.9701,,open,single,grant_williams,2026-08-19,0
2026-08-19,professional,HOU_NJ_10_2026,house,NJ,10,margin_D,pct,1,0,0,0,36.13,36.13,36.13,,open,single,grant_williams,2026-08-19,0
2026-08-19,professional,HOU_NJ_10_2026,house,NJ,10,win_prob_D,prob,1,0,0,0,0.9998,0.9998,0.9998,,open,single,grant_williams,2026-08-19,0
2026-08-19,professional,HOU_NJ_11_2026,house,NJ,11,margin_D,pct,1,0,0,0,15.0,15.0,15.0,,open,single,grant_williams,2026-08-19,0
2026-08-19,professional,HOU_NJ_11_2026,house,NJ,11,win_prob_D,prob,1,0,0,0,0.9859,0.9859,0.9859,,open,single,grant_williams,2026-08-19,0
2026-08-19,professional,HOU_NJ_12_2026,house,NJ,12,margin_D,pct,1,0,0,0,19.13,19.13,19.13,,open,single,grant_williams,2026-08-19,0
2026-08-19,professional,HOU_NJ_12_2026,house,NJ,12,win_prob_D,prob,1,0,0,0,0.9958,0.9958,0.9958,,open,single,grant_williams,2026-08-19,0
2026-08-19,professional,HOU_NM_01_2026,house,NM,01,margin_D,pct,1,0,0,0,18.81,18.81,18.81,,open,single,grant_williams,2026-08-19,0
2026-08-19,professional,HOU_NM_01_2026,house,NM,01,win_prob_D,prob,1,0,0,0,0.9957,0.9957,0.9957,,open,single,grant_williams,2026-08-19,0
2026-08-19,professional,HOU_NM_02_2026,house,NM,02,margin_D,pct,1,0,0,0,12.08,12.08,12.08,,open,single,grant_williams,2026-08-19,0
2026-08-19,professional,HOU_NM_02_2026,house,NM,02,win_prob_D,prob,1,0,0,0,0.97,0.97,0.97,,open,single,grant_williams,2026-08-19,0
2026-08-19,professional,HOU_NM_03_2026,house,NM,03,margin_D,pct,1,0,0,0,15.04,15.04,15.04,,open,single,grant_williams,2026-08-19,0
2026-08-19,professional,HOU_NM_03_2026,house,NM,03,win_prob_D,prob,1,0,0,0,0.9849,0.9849,0.9849,,open,single,grant_williams,2026-08-19,0
2026-08-19,professional,HOU_NV_01_2026,house,NV,01,margin_D,pct,1,0,0,0,14.04,14.04,14.04,,open,single,grant_williams,2026-08-19,0
2026-08-19,professional,HOU_NV_01_2026,house,NV,01,win_prob_D,prob,1,0,0,0,0.9849,0.9849,0.9849,,open,single,grant_williams,2026-08-19,0
2026-08-19,professional,HOU_NV_02_2026,house,NV,02,margin_D,pct,1,0,0,0,1.93,1.93,1.93,,open,single,grant_williams,2026-08-19,0
2026-08-19,professional,HOU_NV_02_2026,house,NV,02,win_prob_D,prob,1,0,0,0,0.6193,0.6193,0.6193,,open,single,grant_williams,2026-08-19,0
2026-08-19,professional,HOU_NV_03_2026,house,NV,03,margin_D,pct,1,0,0,0,13.08,13.08,13.08,,open,single,grant_williams,2026-08-19,0
2026-08-19,professional,HOU_NV_03_2026,house,NV,03,win_prob_D,prob,1,0,0,0,0.9759,0.9759,0.9759,,open,single,grant_williams,2026-08-19,0
2026-08-19,professional,HOU_NV_04_2026,house,NV,04,margin_D,pct,1,0,0,0,14.03,14.03,14.03,,open,single,grant_williams,2026-08-19,0
2026-08-19,professional,HOU_NV_04_2026,house,NV,04,win_prob_D,prob,1,0,0,0,0.9807,0.9807,0.9807,,open,single,grant_williams,2026-08-19,0
2026-08-19,professional,HOU_NY_01_2026,house,NY,01,margin_D,pct,1,0,0,0,-0.74,-0.74,-0.74,,open,single,grant_williams,2026-08-19,0
2026-08-19,professional,HOU_NY_01_2026,house,NY,01,win_prob_D,prob,1,0,0,0,0.4493,0.4493,0.4493,,open,single,grant_williams,2026-08-19,0
2026-08-19,professional,HOU_NY_02_2026,house,NY,02,margin_D,pct,1,0,0,0,-2.65,-2.65,-2.65,,open,single,grant_williams,2026-08-19,0
2026-08-19,professional,HOU_NY_02_2026,house,NY,02,win_prob_D,prob,1,0,0,0,0.3371,0.3371,0.3371,,open,single,grant_williams,2026-08-19,0
2026-08-19,professional,HOU_NY_03_2026,house,NY,03,margin_D,pct,1,0,0,0,10.29,10.29,10.29,,open,single,grant_williams,2026-08-19,0
2026-08-19,professional,HOU_NY_03_2026,house,NY,03,win_prob_D,prob,1,0,0,0,0.9449,0.9449,0.9449,,open,single,grant_williams,2026-08-19,0
2026-08-19,professional,HOU_NY_04_2026,house,NY,04,margin_D,pct,1,0,0,0,12.12,12.12,12.12,,open,single,grant_williams,2026-08-19,0
2026-08-19,professional,HOU_NY_04_2026,house,NY,04,win_prob_D,prob,1,0,0,0,0.965,0.965,0.965,,open,single,grant_williams,2026-08-19,0
2026-08-19,professional,HOU_NY_05_2026,house,NY,05,margin_D,pct,1,0,0,0,33.35,33.35,33.35,,open,single,grant_williams,2026-08-19,0
2026-08-19,professional,HOU_NY_05_2026,house,NY,05,win_prob_D,prob,1,0,0,0,0.9996,0.9996,0.9996,,open,single,grant_williams,2026-08-19,0
2026-08-19,professional,HOU_NY_06_2026,house,NY,06,margin_D,pct,1,0,0,0,15.96,15.96,15.96,,open,single,grant_williams,2026-08-19,0
2026-08-19,professional,HOU_NY_06_2026,house,NY,06,win_prob_D,prob,1,0,0,0,0.9885,0.9885,0.9885,,open,single,grant_williams,2026-08-19,0
2026-08-19,professional,HOU_NY_07_2026,house,NY,07,margin_D,pct,1,0,0,0,30.75,30.75,30.75,,open,single,grant_williams,2026-08-19,0
2026-08-19,professional,HOU_NY_07_2026,house,NY,07,win_prob_D,prob,1,0,0,0,0.9995,0.9995,0.9995,,open,single,grant_williams,2026-08-19,0
2026-08-19,professional,HOU_NY_08_2026,house,NY,08,margin_D,pct,1,0,0,0,33.14,33.14,33.14,,open,single,grant_williams,2026-08-19,0
2026-08-19,professional,HOU_NY_08_2026,house,NY,08,win_prob_D,prob,1,0,0,0,0.9999,0.9999,0.9999,,open,single,grant_williams,2026-08-19,0
2026-08-19,professional,HOU_NY_09_2026,house,NY,09,margin_D,pct,1,0,0,0,31.34,31.34,31.34,,open,single,grant_williams,2026-08-19,0
2026-08-19,professional,HOU_NY_09_2026,house,NY,09,win_prob_D,prob,1,0,0,0,0.9996,0.9996,0.9996,,open,single,grant_williams,2026-08-19,0
2026-08-19,professional,HOU_NY_10_2026,house,NY,10,margin_D,pct,1,0,0,0,37.33,37.33,37.33,,open,single,grant_williams,2026-08-19,0
2026-08-19,professional,HOU_NY_10_2026,house,NY,10,win_prob_D,prob,1,0,0,0,0.9996,0.9996,0.9996,,open,single,grant_williams,2026-08-19,0
2026-08-19,professional,HOU_NY_11_2026,house,NY,11,margin_D,pct,1,0,0,0,-6.48,-6.48,-6.48,,open,single,grant_williams,2026-08-19,0
2026-08-19,professional,HOU_NY_11_2026,house,NY,11,win_prob_D,prob,1,0,0,0,0.1596,0.1596,0.1596,,open,single,grant_williams,2026-08-19,0
2026-08-19,professional,HOU_NY_12_2026,house,NY,12,margin_D,pct,1,0,0,0,38.33,38.33,38.33,,open,single,grant_williams,2026-08-19,0
2026-08-19,professional,HOU_NY_12_2026,house,NY,12,win_prob_D,prob,1,0,0,0,1.0,1.0,1.0,,open,single,grant_williams,2026-08-19,0
2026-08-19,professional,HOU_NY_13_2026,house,NY,13,margin_D,pct,1,0,0,0,37.4,37.4,37.4,,open,single,grant_williams,2026-08-19,0
2026-08-19,professional,HOU_NY_13_2026,house,NY,13,win_prob_D,prob,1,0,0,0,0.9999,0.9999,0.9999,,open,single,grant_williams,2026-08-19,0
2026-08-19,professional,HOU_NY_14_2026,house,NY,14,margin_D,pct,1,0,0,0,28.49,28.49,28.49,,open,single,grant_williams,2026-08-19,0
2026-08-19,professional,HOU_NY_14_2026,house,NY,14,win_prob_D,prob,1,0,0,0,0.9993,0.9993,0.9993,,open,single,grant_williams,2026-08-19,0
2026-08-19,professional,HOU_NY_15_2026,house,NY,15,margin_D,pct,1,0,0,0,36.1,36.1,36.1,,open,single,grant_williams,2026-08-19,0
2026-08-19,professional,HOU_NY_15_2026,house,NY,15,win_prob_D,prob,1,0,0,0,0.9999,0.9999,0.9999,,open,single,grant_williams,2026-08-19,0
2026-08-19,professional,HOU_NY_16_2026,house,NY,16,margin_D,pct,1,0,0,0,27.59,27.59,27.59,,open,single,grant_williams,2026-08-19,0
2026-08-19,professional,HOU_NY_16_2026,house,NY,16,win_prob_D,prob,1,0,0,0,0.9996,0.9996,0.9996,,open,single,grant_williams,2026-08-19,0
2026-08-19,professional,HOU_NY_17_2026,house,NY,17,margin_D,pct,1,0,0,0,4.06,4.06,4.06,,open,single,grant_williams,2026-08-19,0
2026-08-19,professional,HOU_NY_17_2026,house,NY,17,win_prob_D,prob,1,0,0,0,0.7402,0.7402,0.7402,,open,single,grant_williams,2026-08-19,0
2026-08-19,professional,HOU_NY_18_2026,house,NY,18,margin_D,pct,1,0,0,0,12.25,12.25,12.25,,open,single,grant_williams,2026-08-19,0
2026-08-19,professional,HOU_NY_18_2026,house,NY,18,win_prob_D,prob,1,0,0,0,0.9687,0.9687,0.9687,,open,single,grant_williams,2026-08-19,0
2026-08-19,professional,HOU_NY_19_2026,house,NY,19,margin_D,pct,1,0,0,0,11.23,11.23,11.23,,open,single,grant_williams,2026-08-19,0
2026-08-19,professional,HOU_NY_19_2026,house,NY,19,win_prob_D,prob,1,0,0,0,0.9586,0.9586,0.9586,,open,single,grant_williams,2026-08-19,0
2026-08-19,professional,HOU_NY_20_2026,house,NY,20,margin_D,pct,1,0,0,0,18.01,18.01,18.01,,open,single,grant_williams,2026-08-19,0
2026-08-19,professional,HOU_NY_20_2026,house,NY,20,win_prob_D,prob,1,0,0,0,0.995,0.995,0.995,,open,single,grant_williams,2026-08-19,0
2026-08-19,professional,HOU_NY_21_2026,house,NY,21,margin_D,pct,1,0,0,0,-2.91,-2.91,-2.91,,open,single,grant_williams,2026-08-19,0
2026-08-19,professional,HOU_NY_21_2026,house,NY,21,win_prob_D,prob,1,0,0,0,0.318,0.318,0.318,,open,single,grant_williams,2026-08-19,0
2026-08-19,professional,HOU_NY_22_2026,house,NY,22,margin_D,pct,1,0,0,0,14.1,14.1,14.1,,open,single,grant_williams,2026-08-19,0
2026-08-19,professional,HOU_NY_22_2026,house,NY,22,win_prob_D,prob,1,0,0,0,0.9822,0.9822,0.9822,,open,single,grant_williams,2026-08-19,0
2026-08-19,professional,HOU_NY_23_2026,house,NY,23,margin_D,pct,1,0,0,0,-6.54,-6.54,-6.54,,open,single,grant_williams,2026-08-19,0
2026-08-19,professional,HOU_NY_23_2026,house,NY,23,win_prob_D,prob,1,0,0,0,0.1512,0.1512,0.1512,,open,single,grant_williams,2026-08-19,0
2026-08-19,professional,HOU_NY_24_2026,house,NY,24,margin_D,pct,1,0,0,0,-7.4,-7.4,-7.4,,open,single,grant_williams,2026-08-19,0
2026-08-19,professional,HOU_NY_24_2026,house,NY,24,win_prob_D,prob,1,0,0,0,0.1224,0.1224,0.1224,,open,single,grant_williams,2026-08-19,0
2026-08-19,professional,HOU_NY_25_2026,house,NY,25,margin_D,pct,1,0,0,0,19.72,19.72,19.72,,open,single,grant_williams,2026-08-19,0
2026-08-19,professional,HOU_NY_25_2026,house,NY,25,win_prob_D,prob,1,0,0,0,0.9955,0.9955,0.9955,,open,single,grant_williams,2026-08-19,0
2026-08-19,professional,HOU_NY_26_2026,house,NY,26,margin_D,pct,1,0,0,0,20.8,20.8,20.8,,open,single,grant_williams,2026-08-19,0
2026-08-19,professional,HOU_NY_26_2026,house,NY,26,win_prob_D,prob,1,0,0,0,0.9964,0.9964,0.9964,,open,single,grant_williams,2026-08-19,0
2026-08-19,professional,HOU_OH_01_2026,house,OH,01,margin_D,pct,1,0,0,0,9.08,9.08,9.08,,open,single,grant_williams,2026-08-19,0
2026-08-19,professional,HOU_OH_01_2026,house,OH,01,win_prob_D,prob,1,0,0,0,0.9251,0.9251,0.9251,,open,single,grant_williams,2026-08-19,0
2026-08-19,professional,HOU_OH_02_2026,house,OH,02,margin_D,pct,1,0,0,0,-17.21,-17.21,-17.21,,open,single,grant_williams,2026-08-19,0
2026-08-19,professional,HOU_OH_02_2026,house,OH,02,win_prob_D,prob,1,0,0,0,0.0076,0.0076,0.0076,,open,single,grant_williams,2026-08-19,0
2026-08-19,professional,HOU_OH_03_2026,house,OH,03,margin_D,pct,1,0,0,0,30.23,30.23,30.23,,open,single,grant_williams,2026-08-19,0
2026-08-19,professional,HOU_OH_03_2026,house,OH,03,win_prob_D,prob,1,0,0,0,0.9993,0.9993,0.9993,,open,single,grant_williams,2026-08-19,0
2026-08-19,professional,HOU_OH_04_2026,house,OH,04,margin_D,pct,1,0,0,0,-17.12,-17.12,-17.12,,open,single,grant_williams,2026-08-19,0
2026-08-19,professional,HOU_OH_04_2026,house,OH,04,win_prob_D,prob,1,0,0,0,0.0098,0.0098,0.0098,,open,single,grant_williams,2026-08-19,0
2026-08-19,professional,HOU_OH_05_2026,house,OH,05,margin_D,pct,1,0,0,0,-8.54,-8.54,-8.54,,open,single,grant_williams,2026-08-19,0
2026-08-19,professional,HOU_OH_05_2026,house,OH,05,win_prob_D,prob,1,0,0,0,0.098,0.098,0.098,,open,single,grant_williams,2026-08-19,0
2026-08-19,professional,HOU_OH_06_2026,house,OH,06,margin_D,pct,1,0,0,0,-13.27,-13.27,-13.27,,open,single,grant_williams,2026-08-19,0
2026-08-19,professional,HOU_OH_06_2026,house,OH,06,win_prob_D,prob,1,0,0,0,0.0298,0.0298,0.0298,,open,single,grant_williams,2026-08-19,0
2026-08-19,professional,HOU_OH_07_2026,house,OH,07,margin_D,pct,1,0,0,0,1.87,1.87,1.87,,open,single,grant_williams,2026-08-19,0
2026-08-19,professional,HOU_OH_07_2026,house,OH,07,win_prob_D,prob,1,0,0,0,0.6696,0.6696,0.6696,,open,single,grant_williams,2026-08-19,0
2026-08-19,professional,HOU_OH_08_2026,house,OH,08,margin_D,pct,1,0,0,0,-4.68,-4.68,-4.68,,open,single,grant_williams,2026-08-19,0
2026-08-19,professional,HOU_OH_08_2026,house,OH,08,win_prob_D,prob,1,0,0,0,0.2264,0.2264,0.2264,,open,single,grant_williams,2026-08-19,0
2026-08-19,professional,HOU_OH_09_2026,house,OH,09,margin_D,pct,1,0,0,0,5.18,5.18,5.18,,open,single,grant_williams,2026-08-19,0
2026-08-19,professional,HOU_OH_09_2026,house,OH,09,win_prob_D,prob,1,0,0,0,0.7949,0.7949,0.7949,,open,single,grant_williams,2026-08-19,0
2026-08-19,professional,HOU_OH_10_2026,house,OH,10,margin_D,pct,1,0,0,0,-0.83,-0.83,-0.83,,open,single,grant_williams,2026-08-19,0
2026-08-19,professional,HOU_OH_10_2026,house,OH,10,win_prob_D,prob,1,0,0,0,0.4439,0.4439,0.4439,,open,single,grant_williams,2026-08-19,0
2026-08-19,professional,HOU_OH_11_2026,house,OH,11,margin_D,pct,1,0,0,0,36.94,36.94,36.94,,open,single,grant_williams,2026-08-19,0
2026-08-19,professional,HOU_OH_11_2026,house,OH,11,win_prob_D,prob,1,0,0,0,0.9999,0.9999,0.9999,,open,single,grant_williams,2026-08-19,0
2026-08-19,professional,HOU_OH_12_2026,house,OH,12,margin_D,pct,1,0,0,0,-11.42,-11.42,-11.42,,open,single,grant_williams,2026-08-19,0
2026-08-19,professional,HOU_OH_12_2026,house,OH,12,win_prob_D,prob,1,0,0,0,0.0438,0.0438,0.0438,,open,single,grant_williams,2026-08-19,0
2026-08-19,professional,HOU_OH_13_2026,house,OH,13,margin_D,pct,1,0,0,0,12.0,12.0,12.0,,open,single,grant_williams,2026-08-19,0
2026-08-19,professional,HOU_OH_13_2026,house,OH,13,win_prob_D,prob,1,0,0,0,0.9664,0.9664,0.9664,,open,single,grant_williams,2026-08-19,0
2026-08-19,professional,HOU_OH_14_2026,house,OH,14,margin_D,pct,1,0,0,0,-6.56,-6.56,-6.56,,open,single,grant_williams,2026-08-19,0
2026-08-19,professional,HOU_OH_14_2026,house,OH,14,win_prob_D,prob,1,0,0,0,0.1504,0.1504,0.1504,,open,single,grant_williams,2026-08-19,0
2026-08-19,professional,HOU_OH_15_2026,house,OH,15,margin_D,pct,1,0,0,0,-1.75,-1.75,-1.75,,open,single,grant_williams,2026-08-19,0
2026-08-19,professional,HOU_OH_15_2026,house,OH,15,win_prob_D,prob,1,0,0,0,0.3797,0.3797,0.3797,,open,single,grant_williams,2026-08-19,0
2026-08-19,professional,HOU_OK_01_2026,house,OK,01,margin_D,pct,1,0,0,0,-4.76,-4.76,-4.76,,open,single,grant_williams,2026-08-19,0
2026-08-19,professional,HOU_OK_01_2026,house,OK,01,win_prob_D,prob,1,0,0,0,0.222,0.222,0.222,,open,single,grant_williams,2026-08-19,0
2026-08-19,professional,HOU_OK_02_2026,house,OK,02,margin_D,pct,1,0,0,0,-24.47,-24.47,-24.47,,open,single,grant_williams,2026-08-19,0
2026-08-19,professional,HOU_OK_02_2026,house,OK,02,win_prob_D,prob,1,0,0,0,0.0022,0.0022,0.0022,,open,single,grant_williams,2026-08-19,0
2026-08-19,professional,HOU_OK_03_2026,house,OK,03,margin_D,pct,1,0,0,0,-19.82,-19.82,-19.82,,open,single,grant_williams,2026-08-19,0
2026-08-19,professional,HOU_OK_03_2026,house,OK,03,win_prob_D,prob,1,0,0,0,0.0043,0.0043,0.0043,,open,single,grant_williams,2026-08-19,0
2026-08-19,professional,HOU_OK_04_2026,house,OK,04,margin_D,pct,1,0,0,0,-14.01,-14.01,-14.01,,open,single,grant_williams,2026-08-19,0
2026-08-19,professional,HOU_OK_04_2026,house,OK,04,win_prob_D,prob,1,0,0,0,0.0215,0.0215,0.0215,,open,single,grant_williams,2026-08-19,0
2026-08-19,professional,HOU_OK_05_2026,house,OK,05,margin_D,pct,1,0,0,0,-6.26,-6.26,-6.26,,open,single,grant_williams,2026-08-19,0
2026-08-19,professional,HOU_OK_05_2026,house,OK,05,win_prob_D,prob,1,0,0,0,0.1628,0.1628,0.1628,,open,single,grant_williams,2026-08-19,0
2026-08-19,professional,HOU_OR_01_2026,house,OR,01,margin_D,pct,1,0,0,0,26.34,26.34,26.34,,open,single,grant_williams,2026-08-19,0
2026-08-19,professional,HOU_OR_01_2026,house,OR,01,win_prob_D,prob,1,0,0,0,0.9993,0.9993,0.9993,,open,single,grant_williams,2026-08-19,0
2026-08-19,professional,HOU_OR_02_2026,house,OR,02,margin_D,pct,1,0,0,0,-13.48,-13.48,-13.48,,open,single,grant_williams,2026-08-19,0
2026-08-19,professional,HOU_OR_02_2026,house,OR,02,win_prob_D,prob,1,0,0,0,0.0233,0.0233,0.0233,,open,single,grant_williams,2026-08-19,0
2026-08-19,professional,HOU_OR_03_2026,house,OR,03,margin_D,pct,1,0,0,0,30.11,30.11,30.11,,open,single,grant_williams,2026-08-19,0
2026-08-19,professional,HOU_OR_03_2026,house,OR,03,win_prob_D,prob,1,0,0,0,0.9999,0.9999,0.9999,,open,single,grant_williams,2026-08-19,0
2026-08-19,professional,HOU_OR_04_2026,house,OR,04,margin_D,pct,1,0,0,0,12.87,12.87,12.87,,open,single,grant_williams,2026-08-19,0
2026-08-19,professional,HOU_OR_04_2026,house,OR,04,win_prob_D,prob,1,0,0,0,0.9738,0.9738,0.9738,,open,single,grant_williams,2026-08-19,0
2026-08-19,professional,HOU_OR_05_2026,house,OR,05,margin_D,pct,1,0,0,0,10.92,10.92,10.92,,open,single,grant_williams,2026-08-19,0
2026-08-19,professional,HOU_OR_05_2026,house,OR,05,win_prob_D,prob,1,0,0,0,0.956,0.956,0.956,,open,single,grant_williams,2026-08-19,0
2026-08-19,professional,HOU_OR_06_2026,house,OR,06,margin_D,pct,1,0,0,0,12.9,12.9,12.9,,open,single,grant_williams,2026-08-19,0
2026-08-19,professional,HOU_OR_06_2026,house,OR,06,win_prob_D,prob,1,0,0,0,0.9752,0.9752,0.9752,,open,single,grant_williams,2026-08-19,0
2026-08-19,professional,HOU_PA_01_2026,house,PA,01,margin_D,pct,1,0,0,0,3.98,3.98,3.98,,open,single,grant_williams,2026-08-19,0
2026-08-19,professional,HOU_PA_01_2026,house,PA,01,win_prob_D,prob,1,0,0,0,0.7348,0.7348,0.7348,,open,single,grant_williams,2026-08-19,0
2026-08-19,professional,HOU_PA_02_2026,house,PA,02,margin_D,pct,1,0,0,0,28.37,28.37,28.37,,open,single,grant_williams,2026-08-19,0
2026-08-19,professional,HOU_PA_02_2026,house,PA,02,win_prob_D,prob,1,0,0,0,0.9992,0.9992,0.9992,,open,single,grant_williams,2026-08-19,0
2026-08-19,professional,HOU_PA_03_2026,house,PA,03,margin_D,pct,1,0,0,0,44.83,44.83,44.83,,open,single,grant_williams,2026-08-19,0
2026-08-19,professional,HOU_PA_03_2026,house,PA,03,win_prob_D,prob,1,0,0,0,0.9999,0.9999,0.9999,,open,single,grant_williams,2026-08-19,0
2026-08-19,professional,HOU_PA_04_2026,house,PA,04,margin_D,pct,1,0,0,0,17.76,17.76,17.76,,open,single,grant_williams,2026-08-19,0
2026-08-19,professional,HOU_PA_04_2026,house,PA,04,win_prob_D,prob,1,0,0,0,0.9946,0.9946,0.9946,,open,single,grant_williams,2026-08-19,0
2026-08-19,professional,HOU_PA_05_2026,house,PA,05,margin_D,pct,1,0,0,0,24.56,24.56,24.56,,open,single,grant_williams,2026-08-19,0
2026-08-19,professional,HOU_PA_05_2026,house,PA,05,win_prob_D,prob,1,0,0,0,0.9983,0.9983,0.9983,,open,single,grant_williams,2026-08-19,0
2026-08-19,professional,HOU_PA_06_2026,house,PA,06,margin_D,pct,1,0,0,0,15.89,15.89,15.89,,open,single,grant_williams,2026-08-19,0
2026-08-19,professional,HOU_PA_06_2026,house,PA,06,win_prob_D,prob,1,0,0,0,0.9893,0.9893,0.9893,,open,single,grant_williams,2026-08-19,0
2026-08-19,professional,HOU_PA_07_2026,house,PA,07,margin_D,pct,1,0,0,0,2.02,2.02,2.02,,open,single,grant_williams,2026-08-19,0
2026-08-19,professional,HOU_PA_07_2026,house,PA,07,win_prob_D,prob,1,0,0,0,0.6241,0.6241,0.6241,,open,single,grant_williams,2026-08-19,0
2026-08-19,professional,HOU_PA_08_2026,house,PA,08,margin_D,pct,1,0,0,0,-0.84,-0.84,-0.84,,open,single,grant_williams,2026-08-19,0
2026-08-19,professional,HOU_PA_08_2026,house,PA,08,win_prob_D,prob,1,0,0,0,0.444,0.444,0.444,,open,single,grant_williams,2026-08-19,0
2026-08-19,professional,HOU_PA_09_2026,house,PA,09,margin_D,pct,1,0,0,0,-15.22,-15.22,-15.22,,open,single,grant_williams,2026-08-19,0
2026-08-19,professional,HOU_PA_09_2026,house,PA,09,win_prob_D,prob,1,0,0,0,0.0152,0.0152,0.0152,,open,single,grant_williams,2026-08-19,0
2026-08-19,professional,HOU_PA_10_2026,house,PA,10,margin_D,pct,1,0,0,0,0.0,0.0,0.0,,open,single,grant_williams,2026-08-19,0
2026-08-19,professional,HOU_PA_10_2026,house,PA,10,win_prob_D,prob,1,0,0,0,0.4994,0.4994,0.4994,,open,single,grant_williams,2026-08-19,0
2026-08-19,professional,HOU_PA_11_2026,house,PA,11,margin_D,pct,1,0,0,0,-7.61,-7.61,-7.61,,open,single,grant_williams,2026-08-19,0
2026-08-19,professional,HOU_PA_11_2026,house,PA,11,win_prob_D,prob,1,0,0,0,0.1128,0.1128,0.1128,,open,single,grant_williams,2026-08-19,0
2026-08-19,professional,HOU_PA_12_2026,house,PA,12,margin_D,pct,1,0,0,0,19.7,19.7,19.7,,open,single,grant_williams,2026-08-19,0
2026-08-19,professional,HOU_PA_12_2026,house,PA,12,win_prob_D,prob,1,0,0,0,0.996,0.996,0.996,,open,single,grant_williams,2026-08-19,0
2026-08-19,professional,HOU_PA_13_2026,house,PA,13,margin_D,pct,1,0,0,0,-19.09,-19.09,-19.09,,open,single,grant_williams,2026-08-19,0
2026-08-19,professional,HOU_PA_13_2026,house,PA,13,win_prob_D,prob,1,0,0,0,0.0065,0.0065,0.0065,,open,single,grant_williams,2026-08-19,0
2026-08-19,professional,HOU_PA_14_2026,house,PA,14,margin_D,pct,1,0,0,0,-13.24,-13.24,-13.24,,open,single,grant_williams,2026-08-19,0
2026-08-19,professional,HOU_PA_14_2026,house,PA,14,win_prob_D,prob,1,0,0,0,0.0283,0.0283,0.0283,,open,single,grant_williams,2026-08-19,0
2026-08-19,professional,HOU_PA_15_2026,house,PA,15,margin_D,pct,1,0,0,0,-15.26,-15.26,-15.26,,open,single,grant_williams,2026-08-19,0
2026-08-19,professional,HOU_PA_15_2026,house,PA,15,win_prob_D,prob,1,0,0,0,0.0146,0.0146,0.0146,,open,single,grant_williams,2026-08-19,0
2026-08-19,professional,HOU_PA_16_2026,house,PA,16,margin_D,pct,1,0,0,0,-7.54,-7.54,-7.54,,open,single,grant_williams,2026-08-19,0
2026-08-19,professional,HOU_PA_16_2026,house,PA,16,win_prob_D,prob,1,0,0,0,0.123,0.123,0.123,,open,single,grant_williams,2026-08-19,0
2026-08-19,professional,HOU_PA_17_2026,house,PA,17,margin_D,pct,1,0,0,0,12.97,12.97,12.97,,open,single,grant_williams,2026-08-19,0
2026-08-19,professional,HOU_PA_17_2026,house,PA,17,win_prob_D,prob,1,0,0,0,0.9746,0.9746,0.9746,,open,single,grant_williams,2026-08-19,0
2026-08-19,professional,HOU_RI_01_2026,house,RI,01,margin_D,pct,1,0,0,0,21.73,21.73,21.73,,open,single,grant_williams,2026-08-19,0
2026-08-19,professional,HOU_RI_01_2026,house,RI,01,win_prob_D,prob,1,0,0,0,0.9972,0.9972,0.9972,,open,single,grant_williams,2026-08-19,0
2026-08-19,professional,HOU_RI_02_2026,house,RI,02,margin_D,pct,1,0,0,0,14.09,14.09,14.09,,open,single,grant_williams,2026-08-19,0
2026-08-19,professional,HOU_RI_02_2026,house,RI,02,win_prob_D,prob,1,0,0,0,0.9829,0.9829,0.9829,,open,single,grant_williams,2026-08-19,0
2026-08-19,professional,HOU_SC_01_2026,house,SC,01,margin_D,pct,1,0,0,0,-1.11,-1.11,-1.11,,open,single,grant_williams,2026-08-19,0
2026-08-19,professional,HOU_SC_01_2026,house,SC,01,win_prob_D,prob,1,0,0,0,0.4243,0.4243,0.4243,,open,single,grant_williams,2026-08-19,0
2026-08-19,professional,HOU_SC_02_2026,house,SC,02,margin_D,pct,1,0,0,0,-5.68,-5.68,-5.68,,open,single,grant_williams,2026-08-19,0
2026-08-19,professional,HOU_SC_02_2026,house,SC,02,win_prob_D,prob,1,0,0,0,0.1882,0.1882,0.1882,,open,single,grant_williams,2026-08-19,0
2026-08-19,professional,HOU_SC_03_2026,house,SC,03,margin_D,pct,1,0,0,0,-19.11,-19.11,-19.11,,open,single,grant_williams,2026-08-19,0
2026-08-19,professional,HOU_SC_03_2026,house,SC,03,win_prob_D,prob,1,0,0,0,0.0038,0.0038,0.0038,,open,single,grant_williams,2026-08-19,0
2026-08-19,professional,HOU_SC_04_2026,house,SC,04,margin_D,pct,1,0,0,0,-9.47,-9.47,-9.47,,open,single,grant_williams,2026-08-19,0
2026-08-19,professional,HOU_SC_04_2026,house,SC,04,win_prob_D,prob,1,0,0,0,0.0767,0.0767,0.0767,,open,single,grant_williams,2026-08-19,0
2026-08-19,professional,HOU_SC_05_2026,house,SC,05,margin_D,pct,1,0,0,0,-5.95,-5.95,-5.95,,open,single,grant_williams,2026-08-19,0
2026-08-19,professional,HOU_SC_05_2026,house,SC,05,win_prob_D,prob,1,0,0,0,0.1712,0.1712,0.1712,,open,single,grant_williams,2026-08-19,0
2026-08-19,professional,HOU_SC_06_2026,house,SC,06,margin_D,pct,1,0,0,0,20.62,20.62,20.62,,open,single,grant_williams,2026-08-19,0
2026-08-19,professional,HOU_SC_06_2026,house,SC,06,win_prob_D,prob,1,0,0,0,0.9969,0.9969,0.9969,,open,single,grant_williams,2026-08-19,0
2026-08-19,professional,HOU_SC_07_2026,house,SC,07,margin_D,pct,1,0,0,0,-10.44,-10.44,-10.44,,open,single,grant_williams,2026-08-19,0
2026-08-19,professional,HOU_SC_07_2026,house,SC,07,win_prob_D,prob,1,0,0,0,0.053,0.053,0.053,,open,single,grant_williams,2026-08-19,0
2026-08-19,professional,HOU_SD_01_2026,house,SD,01,margin_D,pct,1,0,0,0,-7.88,-7.88,-7.88,,open,single,grant_williams,2026-08-19,0
2026-08-19,professional,HOU_SD_01_2026,house,SD,01,win_prob_D,prob,1,0,0,0,0.1145,0.1145,0.1145,,open,single,grant_williams,2026-08-19,0
2026-08-19,professional,HOU_TN_01_2026,house,TN,01,margin_D,pct,1,0,0,0,-26.68,-26.68,-26.68,,open,single,grant_williams,2026-08-19,0
2026-08-19,professional,HOU_TN_01_2026,house,TN,01,win_prob_D,prob,1,0,0,0,0.0018,0.0018,0.0018,,open,single,grant_williams,2026-08-19,0
2026-08-19,professional,HOU_TN_02_2026,house,TN,02,margin_D,pct,1,0,0,0,-15.26,-15.26,-15.26,,open,single,grant_williams,2026-08-19,0
2026-08-19,professional,HOU_TN_02_2026,house,TN,02,win_prob_D,prob,1,0,0,0,0.0138,0.0138,0.0138,,open,single,grant_williams,2026-08-19,0
2026-08-19,professional,HOU_TN_03_2026,house,TN,03,margin_D,pct,1,0,0,0,-16.27,-16.27,-16.27,,open,single,grant_williams,2026-08-19,0
2026-08-19,professional,HOU_TN_03_2026,house,TN,03,win_prob_D,prob,1,0,0,0,0.0107,0.0107,0.0107,,open,single,grant_williams,2026-08-19,0
2026-08-19,professional,HOU_TN_04_2026,house,TN,04,margin_D,pct,1,0,0,0,-9.55,-9.55,-9.55,,open,single,grant_williams,2026-08-19,0
2026-08-19,professional,HOU_TN_04_2026,house,TN,04,win_prob_D,prob,1,0,0,0,0.0692,0.0692,0.0692,,open,single,grant_williams,2026-08-19,0
2026-08-19,professional,HOU_TN_05_2026,house,TN,05,margin_D,pct,1,0,0,0,-4.97,-4.97,-4.97,,open,single,grant_williams,2026-08-19,0
2026-08-19,professional,HOU_TN_05_2026,house,TN,05,win_prob_D,prob,1,0,0,0,0.2127,0.2127,0.2127,,open,single,grant_williams,2026-08-19,0
2026-08-19,professional,HOU_TN_06_2026,house,TN,06,margin_D,pct,1,0,0,0,-7.95,-7.95,-7.95,,open,single,grant_williams,2026-08-19,0
2026-08-19,professional,HOU_TN_06_2026,house,TN,06,win_prob_D,prob,1,0,0,0,0.1071,0.1071,0.1071,,open,single,grant_williams,2026-08-19,0
2026-08-19,professional,HOU_TN_07_2026,house,TN,07,margin_D,pct,1,0,0,0,-9.57,-9.57,-9.57,,open,single,grant_williams,2026-08-19,0
2026-08-19,professional,HOU_TN_07_2026,house,TN,07,win_prob_D,prob,1,0,0,0,0.0681,0.0681,0.0681,,open,single,grant_williams,2026-08-19,0
2026-08-19,professional,HOU_TN_08_2026,house,TN,08,margin_D,pct,1,0,0,0,-8.49,-8.49,-8.49,,open,single,grant_williams,2026-08-19,0
2026-08-19,professional,HOU_TN_08_2026,house,TN,08,win_prob_D,prob,1,0,0,0,0.0912,0.0912,0.0912,,open,single,grant_williams,2026-08-19,0
2026-08-19,professional,HOU_TN_09_2026,house,TN,09,margin_D,pct,1,0,0,0,-3.94,-3.94,-3.94,,open,single,grant_williams,2026-08-19,0
2026-08-19,professional,HOU_TN_09_2026,house,TN,09,win_prob_D,prob,1,0,0,0,0.2618,0.2618,0.2618,,open,single,grant_williams,2026-08-19,0
2026-08-19,professional,HOU_TX_01_2026,house,TX,01,margin_D,pct,1,0,0,0,-20.71,-20.71,-20.71,,open,single,grant_williams,2026-08-19,0
2026-08-19,professional,HOU_TX_01_2026,house,TX,01,win_prob_D,prob,1,0,0,0,0.004,0.004,0.004,,open,single,grant_williams,2026-08-19,0
2026-08-19,professional,HOU_TX_02_2026,house,TX,02,margin_D,pct,1,0,0,0,-4.72,-4.72,-4.72,,open,single,grant_williams,2026-08-19,0
2026-08-19,professional,HOU_TX_02_2026,house,TX,02,win_prob_D,prob,1,0,0,0,0.222,0.222,0.222,,open,single,grant_williams,2026-08-19,0
2026-08-19,professional,HOU_TX_03_2026,house,TX,03,margin_D,pct,1,0,0,0,-8.24,-8.24,-8.24,,open,single,grant_williams,2026-08-19,0
2026-08-19,professional,HOU_TX_03_2026,house,TX,03,win_prob_D,prob,1,0,0,0,0.1005,0.1005,0.1005,,open,single,grant_williams,2026-08-19,0
2026-08-19,professional,HOU_TX_04_2026,house,TX,04,margin_D,pct,1,0,0,0,-9.18,-9.18,-9.18,,open,single,grant_williams,2026-08-19,0
2026-08-19,professional,HOU_TX_04_2026,house,TX,04,win_prob_D,prob,1,0,0,0,0.0806,0.0806,0.0806,,open,single,grant_williams,2026-08-19,0
2026-08-19,professional,HOU_TX_05_2026,house,TX,05,margin_D,pct,1,0,0,0,-7.29,-7.29,-7.29,,open,single,grant_williams,2026-08-19,0
2026-08-19,professional,HOU_TX_05_2026,house,TX,05,win_prob_D,prob,1,0,0,0,0.1252,0.1252,0.1252,,open,single,grant_williams,2026-08-19,0
2026-08-19,professional,HOU_TX_06_2026,house,TX,06,margin_D,pct,1,0,0,0,-8.17,-8.17,-8.17,,open,single,grant_williams,2026-08-19,0
2026-08-19,professional,HOU_TX_06_2026,house,TX,06,win_prob_D,prob,1,0,0,0,0.1006,0.1006,0.1006,,open,single,grant_williams,2026-08-19,0
2026-08-19,professional,HOU_TX_07_2026,house,TX,07,margin_D,pct,1,0,0,0,21.92,21.92,21.92,,open,single,grant_williams,2026-08-19,0
2026-08-19,professional,HOU_TX_07_2026,house,TX,07,win_prob_D,prob,1,0,0,0,0.9981,0.9981,0.9981,,open,single,grant_williams,2026-08-19,0
2026-08-19,professional,HOU_TX_08_2026,house,TX,08,margin_D,pct,1,0,0,0,-6.6,-6.6,-6.6,,open,single,grant_williams,2026-08-19,0
2026-08-19,professional,HOU_TX_08_2026,house,TX,08,win_prob_D,prob,1,0,0,0,0.1509,0.1509,0.1509,,open,single,grant_williams,2026-08-19,0
2026-08-19,professional,HOU_TX_09_2026,house,TX,09,margin_D,pct,1,0,0,0,-2.78,-2.78,-2.78,,open,single,grant_williams,2026-08-19,0
2026-08-19,professional,HOU_TX_09_2026,house,TX,09,win_prob_D,prob,1,0,0,0,0.33,0.33,0.33,,open,single,grant_williams,2026-08-19,0
2026-08-19,professional,HOU_TX_10_2026,house,TX,10,margin_D,pct,1,0,0,0,-3.67,-3.67,-3.67,,open,single,grant_williams,2026-08-19,0
2026-08-19,professional,HOU_TX_10_2026,house,TX,10,win_prob_D,prob,1,0,0,0,0.2766,0.2766,0.2766,,open,single,grant_williams,2026-08-19,0
2026-08-19,professional,HOU_TX_11_2026,house,TX,11,margin_D,pct,1,0,0,0,-14.02,-14.02,-14.02,,open,single,grant_williams,2026-08-19,0
2026-08-19,professional,HOU_TX_11_2026,house,TX,11,win_prob_D,prob,1,0,0,0,0.0212,0.0212,0.0212,,open,single,grant_williams,2026-08-19,0
2026-08-19,professional,HOU_TX_12_2026,house,TX,12,margin_D,pct,1,0,0,0,-8.25,-8.25,-8.25,,open,single,grant_williams,2026-08-19,0
2026-08-19,professional,HOU_TX_12_2026,house,TX,12,win_prob_D,prob,1,0,0,0,0.1012,0.1012,0.1012,,open,single,grant_williams,2026-08-19,0
2026-08-19,professional,HOU_TX_13_2026,house,TX,13,margin_D,pct,1,0,0,0,-19.64,-19.64,-19.64,,open,single,grant_williams,2026-08-19,0
2026-08-19,professional,HOU_TX_13_2026,house,TX,13,win_prob_D,prob,1,0,0,0,0.0055,0.0055,0.0055,,open,single,grant_williams,2026-08-19,0
2026-08-19,professional,HOU_TX_14_2026,house,TX,14,margin_D,pct,1,0,0,0,-9.18,-9.18,-9.18,,open,single,grant_williams,2026-08-19,0
2026-08-19,professional,HOU_TX_14_2026,house,TX,14,win_prob_D,prob,1,0,0,0,0.0783,0.0783,0.0783,,open,single,grant_williams,2026-08-19,0
2026-08-19,professional,HOU_TX_15_2026,house,TX,15,margin_D,pct,1,0,0,0,-4.4,-4.4,-4.4,,open,single,grant_williams,2026-08-19,0
2026-08-19,professional,HOU_TX_15_2026,house,TX,15,win_prob_D,prob,1,0,0,0,0.2354,0.2354,0.2354,,open,single,grant_williams,2026-08-19,0
2026-08-19,professional,HOU_TX_16_2026,house,TX,16,margin_D,pct,1,0,0,0,20.03,20.03,20.03,,open,single,grant_williams,2026-08-19,0
2026-08-19,professional,HOU_TX_16_2026,house,TX,16,win_prob_D,prob,1,0,0,0,0.9965,0.9965,0.9965,,open,single,grant_williams,2026-08-19,0
2026-08-19,professional,HOU_TX_17_2026,house,TX,17,margin_D,pct,1,0,0,0,-7.28,-7.28,-7.28,,open,single,grant_williams,2026-08-19,0
2026-08-19,professional,HOU_TX_17_2026,house,TX,17,win_prob_D,prob,1,0,0,0,0.1302,0.1302,0.1302,,open,single,grant_williams,2026-08-19,0
2026-08-19,professional,HOU_TX_18_2026,house,TX,18,margin_D,pct,1,0,0,0,37.25,37.25,37.25,,open,single,grant_williams,2026-08-19,0
2026-08-19,professional,HOU_TX_18_2026,house,TX,18,win_prob_D,prob,1,0,0,0,0.9998,0.9998,0.9998,,open,single,grant_williams,2026-08-19,0
2026-08-19,professional,HOU_TX_19_2026,house,TX,19,margin_D,pct,1,0,0,0,-18.08,-18.08,-18.08,,open,single,grant_williams,2026-08-19,0
2026-08-19,professional,HOU_TX_19_2026,house,TX,19,win_prob_D,prob,1,0,0,0,0.0066,0.0066,0.0066,,open,single,grant_williams,2026-08-19,0
2026-08-19,professional,HOU_TX_20_2026,house,TX,20,margin_D,pct,1,0,0,0,24.66,24.66,24.66,,open,single,grant_williams,2026-08-19,0
2026-08-19,professional,HOU_TX_20_2026,house,TX,20,win_prob_D,prob,1,0,0,0,0.9982,0.9982,0.9982,,open,single,grant_williams,2026-08-19,0
2026-08-19,professional,HOU_TX_21_2026,house,TX,21,margin_D,pct,1,0,0,0,-3.78,-3.78,-3.78,,open,single,grant_williams,2026-08-19,0
2026-08-19,professional,HOU_TX_21_2026,house,TX,21,win_prob_D,prob,1,0,0,0,0.2682,0.2682,0.2682,,open,single,grant_williams,2026-08-19,0
2026-08-19,professional,HOU_TX_22_2026,house,TX,22,margin_D,pct,1,0,0,0,-4.72,-4.72,-4.72,,open,single,grant_williams,2026-08-19,0
2026-08-19,professional,HOU_TX_22_2026,house,TX,22,win_prob_D,prob,1,0,0,0,0.2272,0.2272,0.2272,,open,single,grant_williams,2026-08-19,0
2026-08-19,professional,HOU_TX_23_2026,house,TX,23,margin_D,pct,1,0,0,0,-0.84,-0.84,-0.84,,open,single,grant_williams,2026-08-19,0
2026-08-19,professional,HOU_TX_23_2026,house,TX,23,win_prob_D,prob,1,0,0,0,0.4474,0.4474,0.4474,,open,single,grant_williams,2026-08-19,0
2026-08-19,professional,HOU_TX_24_2026,house,TX,24,margin_D,pct,1,0,0,0,-5.41,-5.41,-5.41,,open,single,grant_williams,2026-08-19,0
2026-08-19,professional,HOU_TX_24_2026,house,TX,24,win_prob_D,prob,1,0,0,0,0.1972,0.1972,0.1972,,open,single,grant_williams,2026-08-19,0
2026-08-19,professional,HOU_TX_25_2026,house,TX,25,margin_D,pct,1,0,0,0,-8.18,-8.18,-8.18,,open,single,grant_williams,2026-08-19,0
2026-08-19,professional,HOU_TX_25_2026,house,TX,25,win_prob_D,prob,1,0,0,0,0.0983,0.0983,0.0983,,open,single,grant_williams,2026-08-19,0
2026-08-19,professional,HOU_TX_26_2026,house,TX,26,margin_D,pct,1,0,0,0,-8.26,-8.26,-8.26,,open,single,grant_williams,2026-08-19,0
2026-08-19,professional,HOU_TX_26_2026,house,TX,26,win_prob_D,prob,1,0,0,0,0.1021,0.1021,0.1021,,open,single,grant_williams,2026-08-19,0
2026-08-19,professional,HOU_TX_27_2026,house,TX,27,margin_D,pct,1,0,0,0,-7.32,-7.32,-7.32,,open,single,grant_williams,2026-08-19,0
2026-08-19,professional,HOU_TX_27_2026,house,TX,27,win_prob_D,prob,1,0,0,0,0.1247,0.1247,0.1247,,open,single,grant_williams,2026-08-19,0
2026-08-19,professional,HOU_TX_28_2026,house,TX,28,margin_D,pct,1,0,0,0,6.59,6.59,6.59,,open,single,grant_williams,2026-08-19,0
2026-08-19,professional,HOU_TX_28_2026,house,TX,28,win_prob_D,prob,1,0,0,0,0.852,0.852,0.852,,open,single,grant_williams,2026-08-19,0
2026-08-19,professional,HOU_TX_29_2026,house,TX,29,margin_D,pct,1,0,0,0,25.71,25.71,25.71,,open,single,grant_williams,2026-08-19,0
2026-08-19,professional,HOU_TX_29_2026,house,TX,29,win_prob_D,prob,1,0,0,0,0.9989,0.9989,0.9989,,open,single,grant_williams,2026-08-19,0
2026-08-19,professional,HOU_TX_30_2026,house,TX,30,margin_D,pct,1,0,0,0,29.88,29.88,29.88,,open,single,grant_williams,2026-08-19,0
2026-08-19,professional,HOU_TX_30_2026,house,TX,30,win_prob_D,prob,1,0,0,0,0.9994,0.9994,0.9994,,open,single,grant_williams,2026-08-19,0
2026-08-19,professional,HOU_TX_31_2026,house,TX,31,margin_D,pct,1,0,0,0,-8.18,-8.18,-8.18,,open,single,grant_williams,2026-08-19,0
2026-08-19,professional,HOU_TX_31_2026,house,TX,31,win_prob_D,prob,1,0,0,0,0.1081,0.1081,0.1081,,open,single,grant_williams,2026-08-19,0
2026-08-19,professional,HOU_TX_32_2026,house,TX,32,margin_D,pct,1,0,0,0,-1.81,-1.81,-1.81,,open,single,grant_williams,2026-08-19,0
2026-08-19,professional,HOU_TX_32_2026,house,TX,32,win_prob_D,prob,1,0,0,0,0.3829,0.3829,0.3829,,open,single,grant_williams,2026-08-19,0
2026-08-19,professional,HOU_TX_33_2026,house,TX,33,margin_D,pct,1,0,0,0,23.08,23.08,23.08,,open,single,grant_williams,2026-08-19,0
2026-08-19,professional,HOU_TX_33_2026,house,TX,33,win_prob_D,prob,1,0,0,0,0.9977,0.9977,0.9977,,open,single,grant_williams,2026-08-19,0
2026-08-19,professional,HOU_TX_34_2026,house,TX,34,margin_D,pct,1,0,0,0,6.62,6.62,6.62,,open,single,grant_williams,2026-08-19,0
2026-08-19,professional,HOU_TX_34_2026,house,TX,34,win_prob_D,prob,1,0,0,0,0.8495,0.8495,0.8495,,open,single,grant_williams,2026-08-19,0
2026-08-19,professional,HOU_TX_35_2026,house,TX,35,margin_D,pct,1,0,0,0,1.94,1.94,1.94,,open,single,grant_williams,2026-08-19,0
2026-08-19,professional,HOU_TX_35_2026,house,TX,35,win_prob_D,prob,1,0,0,0,0.6179,0.6179,0.6179,,open,single,grant_williams,2026-08-19,0
2026-08-19,professional,HOU_TX_36_2026,house,TX,36,margin_D,pct,1,0,0,0,-9.17,-9.17,-9.17,,open,single,grant_williams,2026-08-19,0
2026-08-19,professional,HOU_TX_36_2026,house,TX,36,win_prob_D,prob,1,0,0,0,0.0784,0.0784,0.0784,,open,single,grant_williams,2026-08-19,0
2026-08-19,professional,HOU_TX_37_2026,house,TX,37,margin_D,pct,1,0,0,0,38.21,38.21,38.21,,open,single,grant_williams,2026-08-19,0
2026-08-19,professional,HOU_TX_37_2026,house,TX,37,win_prob_D,prob,1,0,0,0,0.9997,0.9997,0.9997,,open,single,grant_williams,2026-08-19,0
2026-08-19,professional,HOU_TX_38_2026,house,TX,38,margin_D,pct,1,0,0,0,-3.68,-3.68,-3.68,,open,single,grant_williams,2026-08-19,0
2026-08-19,professional,HOU_TX_38_2026,house,TX,38,win_prob_D,prob,1,0,0,0,0.2778,0.2778,0.2778,,open,single,grant_williams,2026-08-19,0
2026-08-19,professional,HOU_UT_01_2026,house,UT,01,margin_D,pct,1,0,0,0,17.27,17.27,17.27,,open,single,grant_williams,2026-08-19,0
2026-08-19,professional,HOU_UT_01_2026,house,UT,01,win_prob_D,prob,1,0,0,0,0.9922,0.9922,0.9922,,open,single,grant_williams,2026-08-19,0
2026-08-19,professional,HOU_UT_02_2026,house,UT,02,margin_D,pct,1,0,0,0,-12.3,-12.3,-12.3,,open,single,grant_williams,2026-08-19,0
2026-08-19,professional,HOU_UT_02_2026,house,UT,02,win_prob_D,prob,1,0,0,0,0.0336,0.0336,0.0336,,open,single,grant_williams,2026-08-19,0
2026-08-19,professional,HOU_UT_03_2026,house,UT,03,margin_D,pct,1,0,0,0,-18.02,-18.02,-18.02,,open,single,grant_williams,2026-08-19,0
2026-08-19,professional,HOU_UT_03_2026,house,UT,03,win_prob_D,prob,1,0,0,0,0.0079,0.0079,0.0079,,open,single,grant_williams,2026-08-19,0
2026-08-19,professional,HOU_UT_04_2026,house,UT,04,margin_D,pct,1,0,0,0,-14.16,-14.16,-14.16,,open,single,grant_williams,2026-08-19,0
2026-08-19,professional,HOU_UT_04_2026,house,UT,04,win_prob_D,prob,1,0,0,0,0.0213,0.0213,0.0213,,open,single,grant_williams,2026-08-19,0
2026-08-19,professional,HOU_VA_01_2026,house,VA,01,margin_D,pct,1,0,0,0,-1.21,-1.21,-1.21,,open,single,grant_williams,2026-08-19,0
2026-08-19,professional,HOU_VA_01_2026,house,VA,01,win_prob_D,prob,1,0,0,0,0.4232,0.4232,0.4232,,open,single,grant_williams,2026-08-19,0
2026-08-19,professional,HOU_VA_02_2026,house,VA,02,margin_D,pct,1,0,0,0,1.77,1.77,1.77,,open,single,grant_williams,2026-08-19,0
2026-08-19,professional,HOU_VA_02_2026,house,VA,02,win_prob_D,prob,1,0,0,0,0.6068,0.6068,0.6068,,open,single,grant_williams,2026-08-19,0
2026-08-19,professional,HOU_VA_03_2026,house,VA,03,margin_D,pct,1,0,0,0,26.13,26.13,26.13,,open,single,grant_williams,2026-08-19,0
2026-08-19,professional,HOU_VA_03_2026,house,VA,03,win_prob_D,prob,1,0,0,0,0.9992,0.9992,0.9992,,open,single,grant_williams,2026-08-19,0
2026-08-19,professional,HOU_VA_04_2026,house,VA,04,margin_D,pct,1,0,0,0,25.13,25.13,25.13,,open,single,grant_williams,2026-08-19,0
2026-08-19,professional,HOU_VA_04_2026,house,VA,04,win_prob_D,prob,1,0,0,0,0.9986,0.9986,0.9986,,open,single,grant_williams,2026-08-19,0
2026-08-19,professional,HOU_VA_05_2026,house,VA,05,margin_D,pct,1,0,0,0,-3.98,-3.98,-3.98,,open,single,grant_williams,2026-08-19,0
2026-08-19,professional,HOU_VA_05_2026,house,VA,05,win_prob_D,prob,1,0,0,0,0.2636,0.2636,0.2636,,open,single,grant_williams,2026-08-19,0
2026-08-19,professional,HOU_VA_06_2026,house,VA,06,margin_D,pct,1,0,0,0,-9.79,-9.79,-9.79,,open,single,grant_williams,2026-08-19,0
2026-08-19,professional,HOU_VA_06_2026,house,VA,06,win_prob_D,prob,1,0,0,0,0.0665,0.0665,0.0665,,open,single,grant_williams,2026-08-19,0
2026-08-19,professional,HOU_VA_07_2026,house,VA,07,margin_D,pct,1,0,0,0,10.73,10.73,10.73,,open,single,grant_williams,2026-08-19,0
2026-08-19,professional,HOU_VA_07_2026,house,VA,07,win_prob_D,prob,1,0,0,0,0.9501,0.9501,0.9501,,open,single,grant_williams,2026-08-19,0
2026-08-19,professional,HOU_VA_08_2026,house,VA,08,margin_D,pct,1,0,0,0,33.77,33.77,33.77,,open,single,grant_williams,2026-08-19,0
2026-08-19,professional,HOU_VA_08_2026,house,VA,08,win_prob_D,prob,1,0,0,0,0.9999,0.9999,0.9999,,open,single,grant_williams,2026-08-19,0
2026-08-19,professional,HOU_VA_09_2026,house,VA,09,margin_D,pct,1,0,0,0,-19.34,-19.34,-19.34,,open,single,grant_williams,2026-08-19,0
2026-08-19,professional,HOU_VA_09_2026,house,VA,09,win_prob_D,prob,1,0,0,0,0.0048,0.0048,0.0048,,open,single,grant_williams,2026-08-19,0
2026-08-19,professional,HOU_VA_10_2026,house,VA,10,margin_D,pct,1,0,0,0,14.66,14.66,14.66,,open,single,grant_williams,2026-08-19,0
2026-08-19,professional,HOU_VA_10_2026,house,VA,10,win_prob_D,prob,1,0,0,0,0.9847,0.9847,0.9847,,open,single,grant_williams,2026-08-19,0
2026-08-19,professional,HOU_VA_11_2026,house,VA,11,margin_D,pct,1,0,0,0,26.11,26.11,26.11,,open,single,grant_williams,2026-08-19,0
2026-08-19,professional,HOU_VA_11_2026,house,VA,11,win_prob_D,prob,1,0,0,0,0.9989,0.9989,0.9989,,open,single,grant_williams,2026-08-19,0
2026-08-19,professional,HOU_VT_01_2026,house,VT,01,margin_D,pct,1,0,0,0,27.79,27.79,27.79,,open,single,grant_williams,2026-08-19,0
2026-08-19,professional,HOU_VT_01_2026,house,VT,01,win_prob_D,prob,1,0,0,0,0.9993,0.9993,0.9993,,open,single,grant_williams,2026-08-19,0
2026-08-19,professional,HOU_WA_01_2026,house,WA,01,margin_D,pct,1,0,0,0,21.51,21.51,21.51,,open,single,grant_williams,2026-08-19,0
2026-08-19,professional,HOU_WA_01_2026,house,WA,01,win_prob_D,prob,1,0,0,0,0.9974,0.9974,0.9974,,open,single,grant_williams,2026-08-19,0
2026-08-19,professional,HOU_WA_02_2026,house,WA,02,margin_D,pct,1,0,0,0,18.6,18.6,18.6,,open,single,grant_williams,2026-08-19,0
2026-08-19,professional,HOU_WA_02_2026,house,WA,02,win_prob_D,prob,1,0,0,0,0.9952,0.9952,0.9952,,open,single,grant_williams,2026-08-19,0
2026-08-19,professional,HOU_WA_03_2026,house,WA,03,margin_D,pct,1,0,0,0,5.15,5.15,5.15,,open,single,grant_williams,2026-08-19,0
2026-08-19,professional,HOU_WA_03_2026,house,WA,03,win_prob_D,prob,1,0,0,0,0.7978,0.7978,0.7978,,open,single,grant_williams,2026-08-19,0
2026-08-19,professional,HOU_WA_04_2026,house,WA,04,margin_D,pct,1,0,0,0,-5.98,-5.98,-5.98,,open,single,grant_williams,2026-08-19,0
2026-08-19,professional,HOU_WA_04_2026,house,WA,04,win_prob_D,prob,1,0,0,0,0.1707,0.1707,0.1707,,open,single,grant_williams,2026-08-19,0
2026-08-19,professional,HOU_WA_05_2026,house,WA,05,margin_D,pct,1,0,0,0,-4.82,-4.82,-4.82,,open,single,grant_williams,2026-08-19,0
2026-08-19,professional,HOU_WA_05_2026,house,WA,05,win_prob_D,prob,1,0,0,0,0.2208,0.2208,0.2208,,open,single,grant_williams,2026-08-19,0
2026-08-19,professional,HOU_WA_06_2026,house,WA,06,margin_D,pct,1,0,0,0,16.64,16.64,16.64,,open,single,grant_williams,2026-08-19,0
2026-08-19,professional,HOU_WA_06_2026,house,WA,06,win_prob_D,prob,1,0,0,0,0.9925,0.9925,0.9925,,open,single,grant_williams,2026-08-19,0
2026-08-19,professional,HOU_WA_07_2026,house,WA,07,margin_D,pct,1,0,0,0,44.6,44.6,44.6,,open,single,grant_williams,2026-08-19,0
2026-08-19,professional,HOU_WA_07_2026,house,WA,07,win_prob_D,prob,1,0,0,0,0.9999,0.9999,0.9999,,open,single,grant_williams,2026-08-19,0
2026-08-19,professional,HOU_WA_08_2026,house,WA,08,margin_D,pct,1,0,0,0,9.94,9.94,9.94,,open,single,grant_williams,2026-08-19,0
2026-08-19,professional,HOU_WA_08_2026,house,WA,08,win_prob_D,prob,1,0,0,0,0.9393,0.9393,0.9393,,open,single,grant_williams,2026-08-19,0
2026-08-19,professional,HOU_WA_09_2026,house,WA,09,margin_D,pct,1,0,0,0,28.17,28.17,28.17,,open,single,grant_williams,2026-08-19,0
2026-08-19,professional,HOU_WA_09_2026,house,WA,09,win_prob_D,prob,1,0,0,0,0.9991,0.9991,0.9991,,open,single,grant_williams,2026-08-19,0
2026-08-19,professional,HOU_WA_10_2026,house,WA,10,margin_D,pct,1,0,0,0,15.71,15.71,15.71,,open,single,grant_williams,2026-08-19,0
2026-08-19,professional,HOU_WA_10_2026,house,WA,10,win_prob_D,prob,1,0,0,0,0.9896,0.9896,0.9896,,open,single,grant_williams,2026-08-19,0
2026-08-19,professional,HOU_WI_01_2026,house,WI,01,margin_D,pct,1,0,0,0,1.04,1.04,1.04,,open,single,grant_williams,2026-08-19,0
2026-08-19,professional,HOU_WI_01_2026,house,WI,01,win_prob_D,prob,1,0,0,0,0.5638,0.5638,0.5638,,open,single,grant_williams,2026-08-19,0
2026-08-19,professional,HOU_WI_02_2026,house,WI,02,margin_D,pct,1,0,0,0,30.17,30.17,30.17,,open,single,grant_williams,2026-08-19,0
2026-08-19,professional,HOU_WI_02_2026,house,WI,02,win_prob_D,prob,1,0,0,0,0.9997,0.9997,0.9997,,open,single,grant_williams,2026-08-19,0
2026-08-19,professional,HOU_WI_03_2026,house,WI,03,margin_D,pct,1,0,0,0,0.25,0.25,0.25,,open,single,grant_williams,2026-08-19,0
2026-08-19,professional,HOU_WI_03_2026,house,WI,03,win_prob_D,prob,1,0,0,0,0.5229,0.5229,0.5229,,open,single,grant_williams,2026-08-19,0
2026-08-19,professional,HOU_WI_04_2026,house,WI,04,margin_D,pct,1,0,0,0,35.05,35.05,35.05,,open,single,grant_williams,2026-08-19,0
2026-08-19,professional,HOU_WI_04_2026,house,WI,04,win_prob_D,prob,1,0,0,0,0.9997,0.9997,0.9997,,open,single,grant_williams,2026-08-19,0
2026-08-19,professional,HOU_WI_05_2026,house,WI,05,margin_D,pct,1,0,0,0,-7.6,-7.6,-7.6,,open,single,grant_williams,2026-08-19,0
2026-08-19,professional,HOU_WI_05_2026,house,WI,05,win_prob_D,prob,1,0,0,0,0.117,0.117,0.117,,open,single,grant_williams,2026-08-19,0
2026-08-19,professional,HOU_WI_06_2026,house,WI,06,margin_D,pct,1,0,0,0,-4.67,-4.67,-4.67,,open,single,grant_williams,2026-08-19,0
2026-08-19,professional,HOU_WI_06_2026,house,WI,06,win_prob_D,prob,1,0,0,0,0.2307,0.2307,0.2307,,open,single,grant_williams,2026-08-19,0
2026-08-19,professional,HOU_WI_07_2026,house,WI,07,margin_D,pct,1,0,0,0,-4.19,-4.19,-4.19,,open,single,grant_williams,2026-08-19,0
2026-08-19,professional,HOU_WI_07_2026,house,WI,07,win_prob_D,prob,1,0,0,0,0.2503,0.2503,0.2503,,open,single,grant_williams,2026-08-19,0
2026-08-19,professional,HOU_WI_08_2026,house,WI,08,margin_D,pct,1,0,0,0,-4.79,-4.79,-4.79,,open,single,grant_williams,2026-08-19,0
2026-08-19,professional,HOU_WI_08_2026,house,WI,08,win_prob_D,prob,1,0,0,0,0.2193,0.2193,0.2193,,open,single,grant_williams,2026-08-19,0
2026-08-19,professional,HOU_WV_01_2026,house,WV,01,margin_D,pct,1,0,0,0,-20.08,-20.08,-20.08,,open,single,grant_williams,2026-08-19,0
2026-08-19,professional,HOU_WV_01_2026,house,WV,01,win_prob_D,prob,1,0,0,0,0.0035,0.0035,0.0035,,open,single,grant_williams,2026-08-19,0
2026-08-19,professional,HOU_WV_02_2026,house,WV,02,margin_D,pct,1,0,0,0,-18.16,-18.16,-18.16,,open,single,grant_williams,2026-08-19,0
2026-08-19,professional,HOU_WV_02_2026,house,WV,02,win_prob_D,prob,1,0,0,0,0.0083,0.0083,0.0083,,open,single,grant_williams,2026-08-19,0
2026-08-19,professional,HOU_WY_01_2026,house,WY,01,margin_D,pct,1,0,0,0,-16.36,-16.36,-16.36,,open,single,grant_williams,2026-08-19,0
2026-08-19,professional,HOU_WY_01_2026,house,WY,01,win_prob_D,prob,1,0,0,0,0.0124,0.0124,0.0124,,open,single,grant_williams,2026-08-19,0
2026-08-19,professional,NATL_HOUSE_2026,national,,,margin_D,pct,1,0,0,0,5.73,5.73,5.73,,open,single,grant_williams,2026-08-19,0
2026-08-19,professional,NATL_HOUSE_2026,national,,,seats_D,seats,1,0,0,0,250.79,250.79,250.79,,open,single,grant_williams,2026-08-19,0
2026-08-19,professional,NATL_HOUSE_2026,national,,,win_prob_D,prob,1,0,0,0,0.8686,0.8686,0.8686,,open,single,grant_williams,2026-08-19,0
2026-08-19,professional,NATL_SENATE_2026,national,,,margin_D,pct,1,0,0,0,6.42,6.42,6.42,,open,single,grant_williams,2026-08-19,0
2026-08-19,professional,NATL_SENATE_2026,national,,,seats_D,seats,1,0,0,0,51.43,51.43,51.43,,open,single,grant_williams,2026-08-19,0
2026-08-19,professional,NATL_SENATE_2026,national,,,win_prob_D,prob,1,0,0,0,0.6203,0.6203,0.6203,,open,single,grant_williams,2026-08-19,0
2026-08-19,professional,SEN_AK_2026,senate,AK,,margin_D,pct,1,0,0,0,-0.16,-0.16,-0.16,,open,single,grant_williams,2026-08-19,0
2026-08-19,professional,SEN_AK_2026,senate,AK,,win_prob_D,prob,1,0,0,0,0.486,0.486,0.486,,open,single,grant_williams,2026-08-19,0
2026-08-19,professional,SEN_AL_2026,senate,AL,,margin_D,pct,1,0,0,0,-13.78,-13.78,-13.78,,open,single,grant_williams,2026-08-19,0
2026-08-19,professional,SEN_AL_2026,senate,AL,,win_prob_D,prob,1,0,0,0,0.103,0.103,0.103,,open,single,grant_williams,2026-08-19,0
2026-08-19,professional,SEN_AR_2026,senate,AR,,margin_D,pct,1,0,0,0,-15.5,-15.5,-15.5,,open,single,grant_williams,2026-08-19,0
2026-08-19,professional,SEN_AR_2026,senate,AR,,win_prob_D,prob,1,0,0,0,0.0805,0.0805,0.0805,,open,single,grant_williams,2026-08-19,0
2026-08-19,professional,SEN_CO_2026,senate,CO,,margin_D,pct,1,0,0,0,16.23,16.23,16.23,,open,single,grant_williams,2026-08-19,0
2026-08-19,professional,SEN_CO_2026,senate,CO,,win_prob_D,prob,1,0,0,0,0.9316,0.9316,0.9316,,open,single,grant_williams,2026-08-19,0
2026-08-19,professional,SEN_DE_2026,senate,DE,,margin_D,pct,1,0,0,0,13.26,13.26,13.26,,open,single,grant_williams,2026-08-19,0
2026-08-19,professional,SEN_DE_2026,senate,DE,,win_prob_D,prob,1,0,0,0,0.8939,0.8939,0.8939,,open,single,grant_williams,2026-08-19,0
2026-08-19,professional,SEN_FL_2026,senate,FL,,margin_D,pct,1,0,0,0,-5.84,-5.84,-5.84,,open,single,grant_williams,2026-08-19,0
2026-08-19,professional,SEN_FL_2026,senate,FL,,win_prob_D,prob,1,0,0,0,0.1067,0.1067,0.1067,,open,single,grant_williams,2026-08-19,0
2026-08-19,professional,SEN_GA_2026,senate,GA,,margin_D,pct,1,0,0,0,11.39,11.39,11.39,,open,single,grant_williams,2026-08-19,0
2026-08-19,professional,SEN_GA_2026,senate,GA,,win_prob_D,prob,1,0,0,0,0.8664,0.8664,0.8664,,open,single,grant_williams,2026-08-19,0
2026-08-19,professional,SEN_IA_2026,senate,IA,,margin_D,pct,1,0,0,0,-0.19,-0.19,-0.19,,open,single,grant_williams,2026-08-19,0
2026-08-19,professional,SEN_IA_2026,senate,IA,,win_prob_D,prob,1,0,0,0,0.4835,0.4835,0.4835,,open,single,grant_williams,2026-08-19,0
2026-08-19,professional,SEN_ID_2026,senate,ID,,margin_D,pct,1,0,0,0,-20.52,-20.52,-20.52,,open,single,grant_williams,2026-08-19,0
2026-08-19,professional,SEN_ID_2026,senate,ID,,win_prob_D,prob,1,0,0,0,0.0415,0.0415,0.0415,,open,single,grant_williams,2026-08-19,0
2026-08-19,professional,SEN_IL_2026,senate,IL,,margin_D,pct,1,0,0,0,14.56,14.56,14.56,,open,single,grant_williams,2026-08-19,0
2026-08-19,professional,SEN_IL_2026,senate,IL,,win_prob_D,prob,1,0,0,0,0.9148,0.9148,0.9148,,open,single,grant_williams,2026-08-19,0
2026-08-19,professional,SEN_KS_2026,senate,KS,,margin_D,pct,1,0,0,0,-8.69,-8.69,-8.69,,open,single,grant_williams,2026-08-19,0
2026-08-19,professional,SEN_KS_2026,senate,KS,,win_prob_D,prob,1,0,0,0,0.2072,0.2072,0.2072,,open,single,grant_williams,2026-08-19,0
2026-08-19,professional,SEN_KY_2026,senate,KY,,margin_D,pct,1,0,0,0,-9.57,-9.57,-9.57,,open,single,grant_williams,2026-08-19,0
2026-08-19,professional,SEN_KY_2026,senate,KY,,win_prob_D,prob,1,0,0,0,0.1824,0.1824,0.1824,,open,single,grant_williams,2026-08-19,0
2026-08-19,professional,SEN_LA_2026,senate,LA,,margin_D,pct,1,0,0,0,-10.4,-10.4,-10.4,,open,single,grant_williams,2026-08-19,0
2026-08-19,professional,SEN_LA_2026,senate,LA,,win_prob_D,prob,1,0,0,0,0.167,0.167,0.167,,open,single,grant_williams,2026-08-19,0
2026-08-19,professional,SEN_MA_2026,senate,MA,,margin_D,pct,1,0,0,0,24.29,24.29,24.29,,open,single,grant_williams,2026-08-19,0
2026-08-19,professional,SEN_MA_2026,senate,MA,,win_prob_D,prob,1,0,0,0,0.9991,0.9991,0.9991,,open,single,grant_williams,2026-08-19,0
2026-08-19,professional,SEN_ME_2026,senate,ME,,margin_D,pct,1,0,0,0,3.44,3.44,3.44,,open,single,grant_williams,2026-08-19,0
2026-08-19,professional,SEN_ME_2026,senate,ME,,win_prob_D,prob,1,0,0,0,0.7672,0.7672,0.7672,,open,single,grant_williams,2026-08-19,0
2026-08-19,professional,SEN_MI_2026,senate,MI,,margin_D,pct,1,0,0,0,0.72,0.72,0.72,,open,single,grant_williams,2026-08-19,0
2026-08-19,professional,SEN_MI_2026,senate,MI,,win_prob_D,prob,1,0,0,0,0.5569,0.5569,0.5569,,open,single,grant_williams,2026-08-19,0
2026-08-19,professional,SEN_MN_2026,senate,MN,,margin_D,pct,1,0,0,0,9.51,9.51,9.51,,open,single,grant_williams,2026-08-19,0
2026-08-19,professional,SEN_MN_2026,senate,MN,,win_prob_D,prob,1,0,0,0,0.8232,0.8232,0.8232,,open,single,grant_williams,2026-08-19,0
2026-08-19,professional,SEN_MS_2026,senate,MS,,margin_D,pct,1,0,0,0,-8.58,-8.58,-8.58,,open,single,grant_williams,2026-08-19,0
2026-08-19,professional,SEN_MS_2026,senate,MS,,win_prob_D,prob,1,0,0,0,0.2031,0.2031,0.2031,,open,single,grant_williams,2026-08-19,0
2026-08-19,professional,SEN_MT_2026,senate,MT,,margin_D,pct,1,0,0,0,-10.56,-10.56,-10.56,,open,single,grant_williams,2026-08-19,0
2026-08-19,professional,SEN_MT_2026,senate,MT,,win_prob_D,prob,1,0,0,0,0.1587,0.1587,0.1587,,open,single,grant_williams,2026-08-19,0
2026-08-19,professional,SEN_NC_2026,senate,NC,,margin_D,pct,1,0,0,0,8.32,8.32,8.32,,open,single,grant_williams,2026-08-19,0
2026-08-19,professional,SEN_NC_2026,senate,NC,,win_prob_D,prob,1,0,0,0,0.9497,0.9497,0.9497,,open,single,grant_williams,2026-08-19,0
2026-08-19,professional,SEN_NE_2026,senate,NE,,margin_D,pct,1,0,0,0,-12.73,-12.73,-12.73,,open,single,grant_williams,2026-08-19,0
2026-08-19,professional,SEN_NE_2026,senate,NE,,win_prob_D,prob,1,0,0,0,0.1224,0.1224,0.1224,,open,single,grant_williams,2026-08-19,0
2026-08-19,professional,SEN_NH_2026,senate,NH,,margin_D,pct,1,0,0,0,6.14,6.14,6.14,,open,single,grant_williams,2026-08-19,0
2026-08-19,professional,SEN_NH_2026,senate,NH,,win_prob_D,prob,1,0,0,0,0.8938,0.8938,0.8938,,open,single,grant_williams,2026-08-19,0
2026-08-19,professional,SEN_NJ_2026,senate,NJ,,margin_D,pct,1,0,0,0,18.43,18.43,18.43,,open,single,grant_williams,2026-08-19,0
2026-08-19,professional,SEN_NJ_2026,senate,NJ,,win_prob_D,prob,1,0,0,0,0.95,0.95,0.95,,open,single,grant_williams,2026-08-19,0
2026-08-19,professional,SEN_NM_2026,senate,NM,,margin_D,pct,1,0,0,0,16.51,16.51,16.51,,open,single,grant_williams,2026-08-19,0
2026-08-19,professional,SEN_NM_2026,senate,NM,,win_prob_D,prob,1,0,0,0,0.9369,0.9369,0.9369,,open,single,grant_williams,2026-08-19,0
2026-08-19,professional,SEN_OH_2026,senate,OH,,margin_D,pct,1,0,0,0,1.55,1.55,1.55,,open,single,grant_williams,2026-08-19,0
2026-08-19,professional,SEN_OH_2026,senate,OH,,win_prob_D,prob,1,0,0,0,0.6346,0.6346,0.6346,,open,single,grant_williams,2026-08-19,0
2026-08-19,professional,SEN_OK_2026,senate,OK,,margin_D,pct,1,0,0,0,-18.56,-18.56,-18.56,,open,single,grant_williams,2026-08-19,0
2026-08-19,professional,SEN_OK_2026,senate,OK,,win_prob_D,prob,1,0,0,0,0.0566,0.0566,0.0566,,open,single,grant_williams,2026-08-19,0
2026-08-19,professional,SEN_OR_2026,senate,OR,,margin_D,pct,1,0,0,0,17.25,17.25,17.25,,open,single,grant_williams,2026-08-19,0
2026-08-19,professional,SEN_OR_2026,senate,OR,,win_prob_D,prob,1,0,0,0,0.9408,0.9408,0.9408,,open,single,grant_williams,2026-08-19,0
2026-08-19,professional,SEN_RI_2026,senate,RI,,margin_D,pct,1,0,0,0,23.56,23.56,23.56,,open,single,grant_williams,2026-08-19,0
2026-08-19,professional,SEN_RI_2026,senate,RI,,win_prob_D,prob,1,0,0,0,0.9758,0.9758,0.9758,,open,single,grant_williams,2026-08-19,0
2026-08-19,professional,SEN_SC_2026,senate,SC,,margin_D,pct,1,0,0,0,-6.69,-6.69,-6.69,,open,single,grant_williams,2026-08-19,0
2026-08-19,professional,SEN_SC_2026,senate,SC,,win_prob_D,prob,1,0,0,0,0.2563,0.2563,0.2563,,open,single,grant_williams,2026-08-19,0
2026-08-19,professional,SEN_SD_2026,senate,SD,,margin_D,pct,1,0,0,0,-16.49,-16.49,-16.49,,open,single,grant_williams,2026-08-19,0
2026-08-19,professional,SEN_SD_2026,senate,SD,,win_prob_D,prob,1,0,0,0,0.0697,0.0697,0.0697,,open,single,grant_williams,2026-08-19,0
2026-08-19,professional,SEN_TN_2026,senate,TN,,margin_D,pct,1,0,0,0,-13.53,-13.53,-13.53,,open,single,grant_williams,2026-08-19,0
2026-08-19,professional,SEN_TN_2026,senate,TN,,win_prob_D,prob,1,0,0,0,0.1101,0.1101,0.1101,,open,single,grant_williams,2026-08-19,0
2026-08-19,professional,SEN_TX_2026,senate,TX,,margin_D,pct,1,0,0,0,1.52,1.52,1.52,,open,single,grant_williams,2026-08-19,0
2026-08-19,professional,SEN_TX_2026,senate,TX,,win_prob_D,prob,1,0,0,0,0.6298,0.6298,0.6298,,open,single,grant_williams,2026-08-19,0
2026-08-19,professional,SEN_VA_2026,senate,VA,,margin_D,pct,1,0,0,0,14.44,14.44,14.44,,open,single,grant_williams,2026-08-19,0
2026-08-19,professional,SEN_VA_2026,senate,VA,,win_prob_D,prob,1,0,0,0,0.9092,0.9092,0.9092,,open,single,grant_williams,2026-08-19,0
2026-08-19,professional,SEN_WV_2026,senate,WV,,margin_D,pct,1,0,0,0,-26.54,-26.54,-26.54,,open,single,grant_williams,2026-08-19,0
2026-08-19,professional,SEN_WV_2026,senate,WV,,win_prob_D,prob,1,0,0,0,0.0193,0.0193,0.0193,,open,single,grant_williams,2026-08-19,0
2026-08-19,professional,SEN_WY_2026,senate,WY,,margin_D,pct,1,0,0,0,-38.55,-38.55,-38.55,,open,single,grant_williams,2026-08-19,0
2026-08-19,professional,SEN_WY_2026,senate,WY,,win_prob_D,prob,1,0,0,0,0.0046,0.0046,0.0046,,open,single,grant_williams,2026-08-19,0
2026-08-20,fundamentals,NATL_HOUSE_2026,national,,,margin_D,margin,2,0,0,0,6.13,1.78,10.48,6.1518,open,thin,,2026-07-31,1
2026-08-20,fundamentals,NATL_HOUSE_2026,national,,,seats_D,seats,1,0,0,0,250.13,250.13,250.13,,open,single,class_fundamentals,2026-08-20,0
2026-08-20,fundamentals,NATL_HOUSE_2026,national,,,win_prob_D,prob,1,0,0,0,0.9491,0.9491,0.9491,,open,single,class_fundamentals,2026-08-20,0
2026-08-20,fundamentals,NATL_SENATE_2026,national,,,seats_D,seats,1,0,0,0,51.47,51.47,51.47,,open,single,class_fundamentals,2026-08-20,0
2026-08-20,fundamentals,NATL_SENATE_2026,national,,,win_prob_D,prob,1,0,0,0,0.6209,0.6209,0.6209,,open,single,class_fundamentals,2026-08-20,0
2026-08-20,fundamentals,SEN_AK_2026,senate,AK,,margin_D,margin,1,0,0,0,-2.42,-2.42,-2.42,,open,single,class_fundamentals,2026-08-20,0
2026-08-20,fundamentals,SEN_AK_2026,senate,AK,,win_prob_D,prob,1,0,0,0,0.3559,0.3559,0.3559,,open,single,class_fundamentals,2026-08-20,0
2026-08-20,fundamentals,SEN_AL_2026,senate,AL,,margin_D,margin,1,0,0,0,-19.14,-19.14,-19.14,,open,single,class_fundamentals,2026-08-20,0
2026-08-20,fundamentals,SEN_AL_2026,senate,AL,,win_prob_D,prob,1,0,0,0,0.0017,0.0017,0.0017,,open,single,class_fundamentals,2026-08-20,0
2026-08-20,fundamentals,SEN_AR_2026,senate,AR,,margin_D,margin,1,0,0,0,-20.14,-20.14,-20.14,,open,single,class_fundamentals,2026-08-20,0
2026-08-20,fundamentals,SEN_AR_2026,senate,AR,,win_prob_D,prob,1,0,0,0,0.0011,0.0011,0.0011,,open,single,class_fundamentals,2026-08-20,0
2026-08-20,fundamentals,SEN_CO_2026,senate,CO,,margin_D,margin,1,0,0,0,22.42,22.42,22.42,,open,single,class_fundamentals,2026-08-20,0
2026-08-20,fundamentals,SEN_CO_2026,senate,CO,,win_prob_D,prob,1,0,0,0,0.9997,0.9997,0.9997,,open,single,class_fundamentals,2026-08-20,0
2026-08-20,fundamentals,SEN_DE_2026,senate,DE,,margin_D,margin,1,0,0,0,26.5,26.5,26.5,,open,single,class_fundamentals,2026-08-20,0
2026-08-20,fundamentals,SEN_DE_2026,senate,DE,,win_prob_D,prob,1,0,0,0,1.0,1.0,1.0,,open,single,class_fundamentals,2026-08-20,0
2026-08-20,fundamentals,SEN_FL_2026,senate,FL,,margin_D,margin,1,0,0,0,-0.3,-0.3,-0.3,,open,single,class_fundamentals,2026-08-20,0
2026-08-20,fundamentals,SEN_FL_2026,senate,FL,,win_prob_D,prob,1,0,0,0,0.4817,0.4817,0.4817,,open,single,class_fundamentals,2026-08-20,0
2026-08-20,fundamentals,SEN_GA_2026,senate,GA,,margin_D,margin,1,0,0,0,8.88,8.88,8.88,,open,single,class_fundamentals,2026-08-20,0
2026-08-20,fundamentals,SEN_GA_2026,senate,GA,,win_prob_D,prob,1,0,0,0,0.9124,0.9124,0.9124,,open,single,class_fundamentals,2026-08-20,0
2026-08-20,fundamentals,SEN_IA_2026,senate,IA,,margin_D,margin,1,0,0,0,-1.7,-1.7,-1.7,,open,single,class_fundamentals,2026-08-20,0
2026-08-20,fundamentals,SEN_IA_2026,senate,IA,,win_prob_D,prob,1,0,0,0,0.3976,0.3976,0.3976,,open,single,class_fundamentals,2026-08-20,0
2026-08-20,fundamentals,SEN_ID_2026,senate,ID,,margin_D,margin,1,0,0,0,-25.6,-25.6,-25.6,,open,single,class_fundamentals,2026-08-20,0
2026-08-20,fundamentals,SEN_ID_2026,senate,ID,,win_prob_D,prob,1,0,0,0,0.0,0.0,0.0,,open,single,class_fundamentals,2026-08-20,0
2026-08-20,fundamentals,SEN_IL_2026,senate,IL,,margin_D,margin,1,0,0,0,23.16,23.16,23.16,,open,single,class_fundamentals,2026-08-20,0
2026-08-20,fundamentals,SEN_IL_2026,senate,IL,,win_prob_D,prob,1,0,0,0,0.9998,0.9998,0.9998,,open,single,class_fundamentals,2026-08-20,0
2026-08-20,fundamentals,SEN_KS_2026,senate,KS,,margin_D,margin,1,0,0,0,-5.58,-5.58,-5.58,,open,single,class_fundamentals,2026-08-20,0
2026-08-20,fundamentals,SEN_KS_2026,senate,KS,,win_prob_D,prob,1,0,0,0,0.1971,0.1971,0.1971,,open,single,class_fundamentals,2026-08-20,0
2026-08-20,fundamentals,SEN_KY_2026,senate,KY,,margin_D,margin,1,0,0,0,-19.4,-19.4,-19.4,,open,single,class_fundamentals,2026-08-20,0
2026-08-20,fundamentals,SEN_KY_2026,senate,KY,,win_prob_D,prob,1,0,0,0,0.0015,0.0015,0.0015,,open,single,class_fundamentals,2026-08-20,0
2026-08-20,fundamentals,SEN_LA_2026,senate,LA,,margin_D,margin,1,0,0,0,-11.02,-11.02,-11.02,,open,single,class_fundamentals,2026-08-20,0
2026-08-20,fundamentals,SEN_LA_2026,senate,LA,,win_prob_D,prob,1,0,0,0,0.0462,0.0462,0.0462,,open,single,class_fundamentals,2026-08-20,0
2026-08-20,fundamentals,SEN_MA_2026,senate,MA,,margin_D,margin,1,0,0,0,38.46,38.46,38.46,,open,single,class_fundamentals,2026-08-20,0
2026-08-20,fundamentals,SEN_MA_2026,senate,MA,,win_prob_D,prob,1,0,0,0,1.0,1.0,1.0,,open,single,class_fundamentals,2026-08-20,0
2026-08-20,fundamentals,SEN_ME_2026,senate,ME,,margin_D,margin,1,0,0,0,18.12,18.12,18.12,,open,single,class_fundamentals,2026-08-20,0
2026-08-20,fundamentals,SEN_ME_2026,senate,ME,,win_prob_D,prob,1,0,0,0,0.9972,0.9972,0.9972,,open,single,class_fundamentals,2026-08-20,0
2026-08-20,fundamentals,SEN_MI_2026,senate,MI,,margin_D,margin,1,0,0,0,10.1,10.1,10.1,,open,single,class_fundamentals,2026-08-20,0
2026-08-20,fundamentals,SEN_MI_2026,senate,MI,,win_prob_D,prob,1,0,0,0,0.9385,0.9385,0.9385,,open,single,class_fundamentals,2026-08-20,0
2026-08-20,fundamentals,SEN_MN_2026,senate,MN,,margin_D,margin,1,0,0,0,15.54,15.54,15.54,,open,single,class_fundamentals,2026-08-20,0
2026-08-20,fundamentals,SEN_MN_2026,senate,MN,,win_prob_D,prob,1,0,0,0,0.9912,0.9912,0.9912,,open,single,class_fundamentals,2026-08-20,0
2026-08-20,fundamentals,SEN_MS_2026,senate,MS,,margin_D,margin,1,0,0,0,-11.08,-11.08,-11.08,,open,single,class_fundamentals,2026-08-20,0
2026-08-20,fundamentals,SEN_MS_2026,senate,MS,,win_prob_D,prob,1,0,0,0,0.0454,0.0454,0.0454,,open,single,class_fundamentals,2026-08-20,0
2026-08-20,fundamentals,SEN_MT_2026,senate,MT,,margin_D,margin,1,0,0,0,-9.16,-9.16,-9.16,,open,single,class_fundamentals,2026-08-20,0
2026-08-20,fundamentals,SEN_MT_2026,senate,MT,,win_prob_D,prob,1,0,0,0,0.081,0.081,0.081,,open,single,class_fundamentals,2026-08-20,0
2026-08-20,fundamentals,SEN_NC_2026,senate,NC,,margin_D,margin,1,0,0,0,7.68,7.68,7.68,,open,single,class_fundamentals,2026-08-20,0
2026-08-20,fundamentals,SEN_NC_2026,senate,NC,,win_prob_D,prob,1,0,0,0,0.8795,0.8795,0.8795,,open,single,class_fundamentals,2026-08-20,0
2026-08-20,fundamentals,SEN_NE_2026,senate,NE,,margin_D,margin,1,0,0,0,-10.06,-10.06,-10.06,,open,single,class_fundamentals,2026-08-20,0
2026-08-20,fundamentals,SEN_NE_2026,senate,NE,,win_prob_D,prob,1,0,0,0,0.0623,0.0623,0.0623,,open,single,class_fundamentals,2026-08-20,0
2026-08-20,fundamentals,SEN_NH_2026,senate,NH,,margin_D,margin,1,0,0,0,14.46,14.46,14.46,,open,single,class_fundamentals,2026-08-20,0
2026-08-20,fundamentals,SEN_NH_2026,senate,NH,,win_prob_D,prob,1,0,0,0,0.9864,0.9864,0.9864,,open,single,class_fundamentals,2026-08-20,0
2026-08-20,fundamentals,SEN_NJ_2026,senate,NJ,,margin_D,margin,1,0,0,0,19.02,19.02,19.02,,open,single,class_fundamentals,2026-08-20,0
2026-08-20,fundamentals,SEN_NJ_2026,senate,NJ,,win_prob_D,prob,1,0,0,0,0.9982,0.9982,0.9982,,open,single,class_fundamentals,2026-08-20,0
2026-08-20,fundamentals,SEN_NM_2026,senate,NM,,margin_D,margin,1,0,0,0,17.84,17.84,17.84,,open,single,class_fundamentals,2026-08-20,0
2026-08-20,fundamentals,SEN_NM_2026,senate,NM,,win_prob_D,prob,1,0,0,0,0.9968,0.9968,0.9968,,open,single,class_fundamentals,2026-08-20,0
2026-08-20,fundamentals,SEN_OH_2026,senate,OH,,margin_D,margin,1,0,0,0,-0.06,-0.06,-0.06,,open,single,class_fundamentals,2026-08-20,0
2026-08-20,fundamentals,SEN_OH_2026,senate,OH,,win_prob_D,prob,1,0,0,0,0.4963,0.4963,0.4963,,open,single,class_fundamentals,2026-08-20,0
2026-08-20,fundamentals,SEN_OK_2026,senate,OK,,margin_D,margin,1,0,0,0,-24.2,-24.2,-24.2,,open,single,class_fundamentals,2026-08-20,0
2026-08-20,fundamentals,SEN_OK_2026,senate,OK,,win_prob_D,prob,1,0,0,0,0.0001,0.0001,0.0001,,open,single,class_fundamentals,2026-08-20,0
2026-08-20,fundamentals,SEN_OR_2026,senate,OR,,margin_D,margin,1,0,0,0,25.78,25.78,25.78,,open,single,class_fundamentals,2026-08-20,0
2026-08-20,fundamentals,SEN_OR_2026,senate,OR,,win_prob_D,prob,1,0,0,0,1.0,1.0,1.0,,open,single,class_fundamentals,2026-08-20,0
2026-08-20,fundamentals,SEN_RI_2026,senate,RI,,margin_D,margin,1,0,0,0,26.4,26.4,26.4,,open,single,class_fundamentals,2026-08-20,0
2026-08-20,fundamentals,SEN_RI_2026,senate,RI,,win_prob_D,prob,1,0,0,0,1.0,1.0,1.0,,open,single,class_fundamentals,2026-08-20,0
2026-08-20,fundamentals,SEN_SC_2026,senate,SC,,margin_D,margin,1,0,0,0,-6.08,-6.08,-6.08,,open,single,class_fundamentals,2026-08-20,0
2026-08-20,fundamentals,SEN_SC_2026,senate,SC,,win_prob_D,prob,1,0,0,0,0.1766,0.1766,0.1766,,open,single,class_fundamentals,2026-08-20,0
2026-08-20,fundamentals,SEN_SD_2026,senate,SD,,margin_D,margin,1,0,0,0,-18.66,-18.66,-18.66,,open,single,class_fundamentals,2026-08-20,0
2026-08-20,fundamentals,SEN_SD_2026,senate,SD,,win_prob_D,prob,1,0,0,0,0.0022,0.0022,0.0022,,open,single,class_fundamentals,2026-08-20,0
2026-08-20,fundamentals,SEN_TN_2026,senate,TN,,margin_D,margin,1,0,0,0,-18.04,-18.04,-18.04,,open,single,class_fundamentals,2026-08-20,0
2026-08-20,fundamentals,SEN_TN_2026,senate,TN,,win_prob_D,prob,1,0,0,0,0.0029,0.0029,0.0029,,open,single,class_fundamentals,2026-08-20,0
2026-08-20,fundamentals,SEN_TX_2026,senate,TX,,margin_D,margin,1,0,0,0,-1.36,-1.36,-1.36,,open,single,class_fundamentals,2026-08-20,0
2026-08-20,fundamentals,SEN_TX_2026,senate,TX,,win_prob_D,prob,1,0,0,0,0.4178,0.4178,0.4178,,open,single,class_fundamentals,2026-08-20,0
2026-08-20,fundamentals,SEN_VA_2026,senate,VA,,margin_D,margin,1,0,0,0,17.46,17.46,17.46,,open,single,class_fundamentals,2026-08-20,0
2026-08-20,fundamentals,SEN_VA_2026,senate,VA,,win_prob_D,prob,1,0,0,0,0.9962,0.9962,0.9962,,open,single,class_fundamentals,2026-08-20,0
2026-08-20,fundamentals,SEN_WV_2026,senate,WV,,margin_D,margin,1,0,0,0,-31.44,-31.44,-31.44,,open,single,class_fundamentals,2026-08-20,0
2026-08-20,fundamentals,SEN_WV_2026,senate,WV,,win_prob_D,prob,1,0,0,0,0.0,0.0,0.0,,open,single,class_fundamentals,2026-08-20,0
2026-08-20,fundamentals,SEN_WY_2026,senate,WY,,margin_D,margin,1,0,0,0,-35.98,-35.98,-35.98,,open,single,class_fundamentals,2026-08-20,0
2026-08-20,fundamentals,SEN_WY_2026,senate,WY,,win_prob_D,prob,1,0,0,0,0.0,0.0,0.0,,open,single,class_fundamentals,2026-08-20,0
2026-08-20,market,GOV_AL_2026,governor,AL,,win_prob_D,prob,1,0,0,0,0.049,0.049,0.049,,open,single,polymarket,2026-08-20,0
2026-08-20,market,GOV_AL_2026,governor,AL,,win_prob_R,prob,1,0,0,0,0.952,0.952,0.952,,open,single,polymarket,2026-08-20,0
2026-08-20,market,GOV_AR_2026,governor,AR,,win_prob_D,prob,1,0,0,0,0.0075,0.0075,0.0075,,open,single,polymarket,2026-08-20,0
2026-08-20,market,GOV_AR_2026,governor,AR,,win_prob_R,prob,1,0,0,0,0.967,0.967,0.967,,open,single,polymarket,2026-08-20,0
2026-08-20,market,GOV_AZ_2026,governor,AZ,,win_prob_D,prob,1,0,0,0,0.875,0.875,0.875,,open,single,polymarket,2026-08-20,0
2026-08-20,market,GOV_AZ_2026,governor,AZ,,win_prob_R,prob,1,0,0,0,0.125,0.125,0.125,,open,single,polymarket,2026-08-20,0
2026-08-20,market,GOV_CO_2026,governor,CO,,win_prob_D,prob,1,0,0,0,0.96,0.96,0.96,,open,single,polymarket,2026-08-20,0
2026-08-20,market,GOV_CO_2026,governor,CO,,win_prob_R,prob,1,0,0,0,0.0465,0.0465,0.0465,,open,single,polymarket,2026-08-20,0
2026-08-20,market,GOV_CT_2026,governor,CT,,win_prob_D,prob,1,0,0,0,0.967,0.967,0.967,,open,single,polymarket,2026-08-20,0
2026-08-20,market,GOV_CT_2026,governor,CT,,win_prob_R,prob,1,0,0,0,0.018,0.018,0.018,,open,single,polymarket,2026-08-20,0
2026-08-20,market,GOV_FL_2026,governor,FL,,win_prob_D,prob,1,0,0,0,0.175,0.175,0.175,,open,single,polymarket,2026-08-20,0
2026-08-20,market,GOV_FL_2026,governor,FL,,win_prob_R,prob,1,0,0,0,0.825,0.825,0.825,,open,single,polymarket,2026-08-20,0
2026-08-20,market,GOV_GA_2026,governor,GA,,win_prob_D,prob,1,0,0,0,0.595,0.595,0.595,,open,single,polymarket,2026-08-20,0
2026-08-20,market,GOV_GA_2026,governor,GA,,win_prob_R,prob,1,0,0,0,0.41,0.41,0.41,,open,single,polymarket,2026-08-20,0
2026-08-20,market,GOV_HI_2026,governor,HI,,win_prob_D,prob,1,0,0,0,0.9695,0.9695,0.9695,,open,single,polymarket,2026-08-20,0
2026-08-20,market,GOV_HI_2026,governor,HI,,win_prob_R,prob,1,0,0,0,0.019,0.019,0.019,,open,single,polymarket,2026-08-20,0
2026-08-20,market,GOV_IA_2026,governor,IA,,win_prob_D,prob,1,0,0,0,0.735,0.735,0.735,,open,single,polymarket,2026-08-20,0
2026-08-20,market,GOV_IA_2026,governor,IA,,win_prob_R,prob,1,0,0,0,0.255,0.255,0.255,,open,single,polymarket,2026-08-20,0
2026-08-20,market,GOV_ID_2026,governor,ID,,win_prob_D,prob,1,0,0,0,0.019,0.019,0.019,,open,single,polymarket,2026-08-20,0
2026-08-20,market,GOV_ID_2026,governor,ID,,win_prob_R,prob,1,0,0,0,0.9615,0.9615,0.9615,,open,single,polymarket,2026-08-20,0
2026-08-20,market,GOV_IL_2026,governor,IL,,win_prob_D,prob,1,0,0,0,0.955,0.955,0.955,,open,single,polymarket,2026-08-20,0
2026-08-20,market,GOV_IL_2026,governor,IL,,win_prob_R,prob,1,0,0,0,0.045,0.045,0.045,,open,single,polymarket,2026-08-20,0
2026-08-20,market,GOV_KS_2026,governor,KS,,win_prob_D,prob,1,0,0,0,0.355,0.355,0.355,,open,single,polymarket,2026-08-20,0
2026-08-20,market,GOV_KS_2026,governor,KS,,win_prob_R,prob,1,0,0,0,0.65,0.65,0.65,,open,single,polymarket,2026-08-20,0
2026-08-20,market,GOV_MA_2026,governor,MA,,win_prob_D,prob,1,0,0,0,0.962,0.962,0.962,,open,single,polymarket,2026-08-20,0
2026-08-20,market,GOV_MA_2026,governor,MA,,win_prob_R,prob,1,0,0,0,0.034,0.034,0.034,,open,single,polymarket,2026-08-20,0
2026-08-20,market,GOV_MD_2026,governor,MD,,win_prob_D,prob,1,0,0,0,0.962,0.962,0.962,,open,single,polymarket,2026-08-20,0
2026-08-20,market,GOV_MD_2026,governor,MD,,win_prob_R,prob,1,0,0,0,0.031,0.031,0.031,,open,single,polymarket,2026-08-20,0
2026-08-20,market,GOV_ME_2026,governor,ME,,win_prob_D,prob,1,0,0,0,0.963,0.963,0.963,,open,single,polymarket,2026-08-20,0
2026-08-20,market,GOV_ME_2026,governor,ME,,win_prob_R,prob,1,0,0,0,0.0345,0.0345,0.0345,,open,single,polymarket,2026-08-20,0
2026-08-20,market,GOV_MI_2026,governor,MI,,win_prob_D,prob,1,0,0,0,0.88,0.88,0.88,,open,single,polymarket,2026-08-20,0
2026-08-20,market,GOV_MI_2026,governor,MI,,win_prob_R,prob,1,0,0,0,0.13,0.13,0.13,,open,single,polymarket,2026-08-20,0
2026-08-20,market,GOV_MN_2026,governor,MN,,win_prob_D,prob,1,0,0,0,0.945,0.945,0.945,,open,single,polymarket,2026-08-20,0
2026-08-20,market,GOV_MN_2026,governor,MN,,win_prob_R,prob,1,0,0,0,0.0515,0.0515,0.0515,,open,single,polymarket,2026-08-20,0
2026-08-20,market,GOV_NE_2026,governor,NE,,win_prob_D,prob,1,0,0,0,0.075,0.075,0.075,,open,single,polymarket,2026-08-20,0
2026-08-20,market,GOV_NE_2026,governor,NE,,win_prob_R,prob,1,0,0,0,0.925,0.925,0.925,,open,single,polymarket,2026-08-20,0
2026-08-20,market,GOV_NH_2026,governor,NH,,win_prob_D,prob,1,0,0,0,0.1785,0.1785,0.1785,,open,single,polymarket,2026-08-20,0
2026-08-20,market,GOV_NH_2026,governor,NH,,win_prob_R,prob,1,0,0,0,0.83,0.83,0.83,,open,single,polymarket,2026-08-20,0
2026-08-20,market,GOV_NM_2026,governor,NM,,win_prob_D,prob,1,0,0,0,0.915,0.915,0.915,,open,single,polymarket,2026-08-20,0
2026-08-20,market,GOV_NM_2026,governor,NM,,win_prob_R,prob,1,0,0,0,0.095,0.095,0.095,,open,single,polymarket,2026-08-20,0
2026-08-20,market,GOV_NV_2026,governor,NV,,win_prob_D,prob,1,0,0,0,0.45,0.45,0.45,,open,single,polymarket,2026-08-20,0
2026-08-20,market,GOV_NV_2026,governor,NV,,win_prob_R,prob,1,0,0,0,0.56,0.56,0.56,,open,single,polymarket,2026-08-20,0
2026-08-20,market,GOV_NY_2026,governor,NY,,win_prob_D,prob,1,0,0,0,0.945,0.945,0.945,,open,single,polymarket,2026-08-20,0
2026-08-20,market,GOV_NY_2026,governor,NY,,win_prob_R,prob,1,0,0,0,0.055,0.055,0.055,,open,single,polymarket,2026-08-20,0
2026-08-20,market,GOV_OH_2026,governor,OH,,win_prob_D,prob,1,0,0,0,0.495,0.495,0.495,,open,single,polymarket,2026-08-20,0
2026-08-20,market,GOV_OH_2026,governor,OH,,win_prob_R,prob,1,0,0,0,0.485,0.485,0.485,,open,single,polymarket,2026-08-20,0
2026-08-20,market,GOV_OK_2026,governor,OK,,win_prob_D,prob,1,0,0,0,0.045,0.045,0.045,,open,single,polymarket,2026-08-20,0
2026-08-20,market,GOV_OK_2026,governor,OK,,win_prob_R,prob,1,0,0,0,0.955,0.955,0.955,,open,single,polymarket,2026-08-20,0
2026-08-20,market,NATL_HOUSE_2026,national,,,win_prob_D,prob,1,0,0,0,0.885,0.885,0.885,,open,single,polymarket,2026-08-20,0
2026-08-20,market,NATL_HOUSE_2026,national,,,win_prob_R,prob,1,0,0,0,0.115,0.115,0.115,,open,single,polymarket,2026-08-20,0
2026-08-20,market,NATL_SENATE_2026,national,,,win_prob_D,prob,1,0,0,0,0.505,0.505,0.505,,open,single,polymarket,2026-08-20,0
2026-08-20,market,NATL_SENATE_2026,national,,,win_prob_R,prob,1,0,0,0,0.495,0.495,0.495,,open,single,polymarket,2026-08-20,0
2026-08-20,polling,NATL_HOUSE_2026,national,,,margin_D,pct,3,3,0,0,6.3968,6.0905,6.8,0.3645,gated,ok,,2026-08-20,0
2026-08-20,polling,NATL_HOUSE_2026,national,,,seats_D,seats,1,0,0,0,226.38,226.38,226.38,,open,single,class_polling,2026-08-20,0
2026-08-20,polling,NATL_HOUSE_2026,national,,,win_prob_D,prob,1,0,0,0,0.6763,0.6763,0.6763,,open,single,class_polling,2026-08-20,0
2026-08-20,polling,NATL_SENATE_2026,national,,,seats_D,seats,1,0,0,0,49.04,49.04,49.04,,open,single,class_polling,2026-08-20,0
2026-08-20,polling,NATL_SENATE_2026,national,,,win_prob_D,prob,1,0,0,0,0.23,0.23,0.23,,open,single,class_polling,2026-08-20,0
2026-08-20,polling,SEN_AK_2026,senate,AK,,margin_D,margin,1,0,0,0,-7.23,-7.23,-7.23,,open,single,class_polling,2026-08-20,0
2026-08-20,polling,SEN_AK_2026,senate,AK,,win_prob_D,prob,1,0,0,0,0.135,0.135,0.135,,open,single,class_polling,2026-08-20,0
2026-08-20,polling,SEN_AL_2026,senate,AL,,margin_D,margin,1,0,0,0,-23.95,-23.95,-23.95,,open,single,class_polling,2026-08-20,0
2026-08-20,polling,SEN_AL_2026,senate,AL,,win_prob_D,prob,1,0,0,0,0.0001,0.0001,0.0001,,open,single,class_polling,2026-08-20,0
2026-08-20,polling,SEN_AR_2026,senate,AR,,margin_D,margin,1,0,0,0,-24.95,-24.95,-24.95,,open,single,class_polling,2026-08-20,0
2026-08-20,polling,SEN_AR_2026,senate,AR,,win_prob_D,prob,1,0,0,0,0.0001,0.0001,0.0001,,open,single,class_polling,2026-08-20,0
2026-08-20,polling,SEN_CO_2026,senate,CO,,margin_D,margin,1,0,0,0,17.61,17.61,17.61,,open,single,class_polling,2026-08-20,0
2026-08-20,polling,SEN_CO_2026,senate,CO,,win_prob_D,prob,1,0,0,0,0.9964,0.9964,0.9964,,open,single,class_polling,2026-08-20,0
2026-08-20,polling,SEN_DE_2026,senate,DE,,margin_D,margin,1,0,0,0,21.69,21.69,21.69,,open,single,class_polling,2026-08-20,0
2026-08-20,polling,SEN_DE_2026,senate,DE,,win_prob_D,prob,1,0,0,0,0.9995,0.9995,0.9995,,open,single,class_polling,2026-08-20,0
2026-08-20,polling,SEN_FL_2026,senate,FL,,margin_D,margin,1,0,0,0,-5.11,-5.11,-5.11,,open,single,class_polling,2026-08-20,0
2026-08-20,polling,SEN_FL_2026,senate,FL,,win_prob_D,prob,1,0,0,0,0.2178,0.2178,0.2178,,open,single,class_polling,2026-08-20,0
2026-08-20,polling,SEN_GA_2026,senate,GA,,margin_D,margin,1,0,0,0,4.07,4.07,4.07,,open,single,class_polling,2026-08-20,0
2026-08-20,polling,SEN_GA_2026,senate,GA,,win_prob_D,prob,1,0,0,0,0.733,0.733,0.733,,open,single,class_polling,2026-08-20,0
2026-08-20,polling,SEN_IA_2026,senate,IA,,margin_D,margin,1,0,0,0,-6.51,-6.51,-6.51,,open,single,class_polling,2026-08-20,0
2026-08-20,polling,SEN_IA_2026,senate,IA,,win_prob_D,prob,1,0,0,0,0.1603,0.1603,0.1603,,open,single,class_polling,2026-08-20,0
2026-08-20,polling,SEN_ID_2026,senate,ID,,margin_D,margin,1,0,0,0,-30.41,-30.41,-30.41,,open,single,class_polling,2026-08-20,0
2026-08-20,polling,SEN_ID_2026,senate,ID,,win_prob_D,prob,1,0,0,0,0.0,0.0,0.0,,open,single,class_polling,2026-08-20,0
2026-08-20,polling,SEN_IL_2026,senate,IL,,margin_D,margin,1,0,0,0,18.35,18.35,18.35,,open,single,class_polling,2026-08-20,0
2026-08-20,polling,SEN_IL_2026,senate,IL,,win_prob_D,prob,1,0,0,0,0.9975,0.9975,0.9975,,open,single,class_polling,2026-08-20,0
2026-08-20,polling,SEN_KS_2026,senate,KS,,margin_D,margin,1,0,0,0,-10.39,-10.39,-10.39,,open,single,class_polling,2026-08-20,0
2026-08-20,polling,SEN_KS_2026,senate,KS,,win_prob_D,prob,1,0,0,0,0.0564,0.0564,0.0564,,open,single,class_polling,2026-08-20,0
2026-08-20,polling,SEN_KY_2026,senate,KY,,margin_D,margin,1,0,0,0,-24.21,-24.21,-24.21,,open,single,class_polling,2026-08-20,0
2026-08-20,polling,SEN_KY_2026,senate,KY,,win_prob_D,prob,1,0,0,0,0.0001,0.0001,0.0001,,open,single,class_polling,2026-08-20,0
2026-08-20,polling,SEN_LA_2026,senate,LA,,margin_D,margin,1,0,0,0,-15.83,-15.83,-15.83,,open,single,class_polling,2026-08-20,0
2026-08-20,polling,SEN_LA_2026,senate,LA,,win_prob_D,prob,1,0,0,0,0.0078,0.0078,0.0078,,open,single,class_polling,2026-08-20,0
2026-08-20,polling,SEN_MA_2026,senate,MA,,margin_D,margin,1,0,0,0,33.65,33.65,33.65,,open,single,class_polling,2026-08-20,0
2026-08-20,polling,SEN_MA_2026,senate,MA,,win_prob_D,prob,1,0,0,0,1.0,1.0,1.0,,open,single,class_polling,2026-08-20,0
2026-08-20,polling,SEN_ME_2026,senate,ME,,margin_D,margin,1,0,0,0,13.31,13.31,13.31,,open,single,class_polling,2026-08-20,0
2026-08-20,polling,SEN_ME_2026,senate,ME,,win_prob_D,prob,1,0,0,0,0.979,0.979,0.979,,open,single,class_polling,2026-08-20,0
2026-08-20,polling,SEN_MI_2026,senate,MI,,margin_D,margin,1,0,0,0,5.29,5.29,5.29,,open,single,class_polling,2026-08-20,0
2026-08-20,polling,SEN_MI_2026,senate,MI,,win_prob_D,prob,1,0,0,0,0.7905,0.7905,0.7905,,open,single,class_polling,2026-08-20,0
2026-08-20,polling,SEN_MN_2026,senate,MN,,margin_D,margin,1,0,0,0,10.73,10.73,10.73,,open,single,class_polling,2026-08-20,0
2026-08-20,polling,SEN_MN_2026,senate,MN,,win_prob_D,prob,1,0,0,0,0.9494,0.9494,0.9494,,open,single,class_polling,2026-08-20,0
2026-08-20,polling,SEN_MS_2026,senate,MS,,margin_D,margin,1,0,0,0,-15.89,-15.89,-15.89,,open,single,class_polling,2026-08-20,0
2026-08-20,polling,SEN_MS_2026,senate,MS,,win_prob_D,prob,1,0,0,0,0.0076,0.0076,0.0076,,open,single,class_polling,2026-08-20,0
2026-08-20,polling,SEN_MT_2026,senate,MT,,margin_D,margin,1,0,0,0,-13.97,-13.97,-13.97,,open,single,class_polling,2026-08-20,0
2026-08-20,polling,SEN_MT_2026,senate,MT,,win_prob_D,prob,1,0,0,0,0.0165,0.0165,0.0165,,open,single,class_polling,2026-08-20,0
2026-08-20,polling,SEN_NC_2026,senate,NC,,margin_D,margin,1,0,0,0,2.87,2.87,2.87,,open,single,class_polling,2026-08-20,0
2026-08-20,polling,SEN_NC_2026,senate,NC,,win_prob_D,prob,1,0,0,0,0.6696,0.6696,0.6696,,open,single,class_polling,2026-08-20,0
2026-08-20,polling,SEN_NE_2026,senate,NE,,margin_D,margin,1,0,0,0,-14.87,-14.87,-14.87,,open,single,class_polling,2026-08-20,0
2026-08-20,polling,SEN_NE_2026,senate,NE,,win_prob_D,prob,1,0,0,0,0.0116,0.0116,0.0116,,open,single,class_polling,2026-08-20,0
2026-08-20,polling,SEN_NH_2026,senate,NH,,margin_D,margin,1,0,0,0,9.65,9.65,9.65,,open,single,class_polling,2026-08-20,0
2026-08-20,polling,SEN_NH_2026,senate,NH,,win_prob_D,prob,1,0,0,0,0.9297,0.9297,0.9297,,open,single,class_polling,2026-08-20,0
2026-08-20,polling,SEN_NJ_2026,senate,NJ,,margin_D,margin,1,0,0,0,14.21,14.21,14.21,,open,single,class_polling,2026-08-20,0
2026-08-20,polling,SEN_NJ_2026,senate,NJ,,win_prob_D,prob,1,0,0,0,0.985,0.985,0.985,,open,single,class_polling,2026-08-20,0
2026-08-20,polling,SEN_NM_2026,senate,NM,,margin_D,margin,1,0,0,0,13.03,13.03,13.03,,open,single,class_polling,2026-08-20,0
2026-08-20,polling,SEN_NM_2026,senate,NM,,win_prob_D,prob,1,0,0,0,0.9767,0.9767,0.9767,,open,single,class_polling,2026-08-20,0
2026-08-20,polling,SEN_OH_2026,senate,OH,,margin_D,margin,1,0,0,0,-4.87,-4.87,-4.87,,open,single,class_polling,2026-08-20,0
2026-08-20,polling,SEN_OH_2026,senate,OH,,win_prob_D,prob,1,0,0,0,0.2288,0.2288,0.2288,,open,single,class_polling,2026-08-20,0
2026-08-20,polling,SEN_OK_2026,senate,OK,,margin_D,margin,1,0,0,0,-29.01,-29.01,-29.01,,open,single,class_polling,2026-08-20,0
2026-08-20,polling,SEN_OK_2026,senate,OK,,win_prob_D,prob,1,0,0,0,0.0,0.0,0.0,,open,single,class_polling,2026-08-20,0
2026-08-20,polling,SEN_OR_2026,senate,OR,,margin_D,margin,1,0,0,0,20.97,20.97,20.97,,open,single,class_polling,2026-08-20,0
2026-08-20,polling,SEN_OR_2026,senate,OR,,win_prob_D,prob,1,0,0,0,0.9993,0.9993,0.9993,,open,single,class_polling,2026-08-20,0
2026-08-20,polling,SEN_RI_2026,senate,RI,,margin_D,margin,1,0,0,0,21.59,21.59,21.59,,open,single,class_polling,2026-08-20,0
2026-08-20,polling,SEN_RI_2026,senate,RI,,win_prob_D,prob,1,0,0,0,0.9995,0.9995,0.9995,,open,single,class_polling,2026-08-20,0
2026-08-20,polling,SEN_SC_2026,senate,SC,,margin_D,margin,1,0,0,0,-10.89,-10.89,-10.89,,open,single,class_polling,2026-08-20,0
2026-08-20,polling,SEN_SC_2026,senate,SC,,win_prob_D,prob,1,0,0,0,0.0483,0.0483,0.0483,,open,single,class_polling,2026-08-20,0
2026-08-20,polling,SEN_SD_2026,senate,SD,,margin_D,margin,1,0,0,0,-23.47,-23.47,-23.47,,open,single,class_polling,2026-08-20,0
2026-08-20,polling,SEN_SD_2026,senate,SD,,win_prob_D,prob,1,0,0,0,0.0002,0.0002,0.0002,,open,single,class_polling,2026-08-20,0
2026-08-20,polling,SEN_TN_2026,senate,TN,,margin_D,margin,1,0,0,0,-22.85,-22.85,-22.85,,open,single,class_polling,2026-08-20,0
2026-08-20,polling,SEN_TN_2026,senate,TN,,win_prob_D,prob,1,0,0,0,0.0002,0.0002,0.0002,,open,single,class_polling,2026-08-20,0
2026-08-20,polling,SEN_TX_2026,senate,TX,,margin_D,margin,1,0,0,0,-6.17,-6.17,-6.17,,open,single,class_polling,2026-08-20,0
2026-08-20,polling,SEN_TX_2026,senate,TX,,win_prob_D,prob,1,0,0,0,0.1733,0.1733,0.1733,,open,single,class_polling,2026-08-20,0
2026-08-20,polling,SEN_VA_2026,senate,VA,,margin_D,margin,1,0,0,0,12.65,12.65,12.65,,open,single,class_polling,2026-08-20,0
2026-08-20,polling,SEN_VA_2026,senate,VA,,win_prob_D,prob,1,0,0,0,0.9733,0.9733,0.9733,,open,single,class_polling,2026-08-20,0
2026-08-20,polling,SEN_WV_2026,senate,WV,,margin_D,margin,1,0,0,0,-36.25,-36.25,-36.25,,open,single,class_polling,2026-08-20,0
2026-08-20,polling,SEN_WV_2026,senate,WV,,win_prob_D,prob,1,0,0,0,0.0,0.0,0.0,,open,single,class_polling,2026-08-20,0
2026-08-20,polling,SEN_WY_2026,senate,WY,,margin_D,margin,1,0,0,0,-40.79,-40.79,-40.79,,open,single,class_polling,2026-08-20,0
2026-08-20,polling,SEN_WY_2026,senate,WY,,win_prob_D,prob,1,0,0,0,0.0,0.0,0.0,,open,single,class_polling,2026-08-20,0
2026-08-20,professional,HOU_AK_01_2026,house,AK,01,margin_D,pct,1,0,0,0,-3.65,-3.65,-3.65,,open,single,grant_williams,2026-08-20,0
2026-08-20,professional,HOU_AK_01_2026,house,AK,01,win_prob_D,prob,1,0,0,0,0.2771,0.2771,0.2771,,open,single,grant_williams,2026-08-20,0
2026-08-20,professional,HOU_AL_01_2026,house,AL,01,margin_D,pct,1,0,0,0,-11.74,-11.74,-11.74,,open,single,grant_williams,2026-08-20,0
2026-08-20,professional,HOU_AL_01_2026,house,AL,01,win_prob_D,prob,1,0,0,0,0.0379,0.0379,0.0379,,open,single,grant_williams,2026-08-20,0
2026-08-20,professional,HOU_AL_02_2026,house,AL,02,margin_D,pct,1,0,0,0,1.43,1.43,1.43,,open,single,grant_williams,2026-08-20,0
2026-08-20,professional,HOU_AL_02_2026,house,AL,02,win_prob_D,prob,1,0,0,0,0.5897,0.5897,0.5897,,open,single,grant_williams,2026-08-20,0
2026-08-20,professional,HOU_AL_03_2026,house,AL,03,margin_D,pct,1,0,0,0,-20.98,-20.98,-20.98,,open,single,grant_williams,2026-08-20,0
2026-08-20,professional,HOU_AL_03_2026,house,AL,03,win_prob_D,prob,1,0,0,0,0.0027,0.0027,0.0027,,open,single,grant_williams,2026-08-20,0
2026-08-20,professional,HOU_AL_04_2026,house,AL,04,margin_D,pct,1,0,0,0,-30.69,-30.69,-30.69,,open,single,grant_williams,2026-08-20,0
2026-08-20,professional,HOU_AL_04_2026,house,AL,04,win_prob_D,prob,1,0,0,0,0.0003,0.0003,0.0003,,open,single,grant_williams,2026-08-20,0
2026-08-20,professional,HOU_AL_05_2026,house,AL,05,margin_D,pct,1,0,0,0,-13.31,-13.31,-13.31,,open,single,grant_williams,2026-08-20,0
2026-08-20,professional,HOU_AL_05_2026,house,AL,05,win_prob_D,prob,1,0,0,0,0.0237,0.0237,0.0237,,open,single,grant_williams,2026-08-20,0
2026-08-20,professional,HOU_AL_06_2026,house,AL,06,margin_D,pct,1,0,0,0,-15.16,-15.16,-15.16,,open,single,grant_williams,2026-08-20,0
2026-08-20,professional,HOU_AL_06_2026,house,AL,06,win_prob_D,prob,1,0,0,0,0.0143,0.0143,0.0143,,open,single,grant_williams,2026-08-20,0
2026-08-20,professional,HOU_AL_07_2026,house,AL,07,margin_D,pct,1,0,0,0,17.76,17.76,17.76,,open,single,grant_williams,2026-08-20,0
2026-08-20,professional,HOU_AL_07_2026,house,AL,07,win_prob_D,prob,1,0,0,0,0.9929,0.9929,0.9929,,open,single,grant_williams,2026-08-20,0
2026-08-20,professional,HOU_AR_01_2026,house,AR,01,margin_D,pct,1,0,0,0,-20.98,-20.98,-20.98,,open,single,grant_williams,2026-08-20,0
2026-08-20,professional,HOU_AR_01_2026,house,AR,01,win_prob_D,prob,1,0,0,0,0.0033,0.0033,0.0033,,open,single,grant_williams,2026-08-20,0
2026-08-20,professional,HOU_AR_02_2026,house,AR,02,margin_D,pct,1,0,0,0,-6.67,-6.67,-6.67,,open,single,grant_williams,2026-08-20,0
2026-08-20,professional,HOU_AR_02_2026,house,AR,02,win_prob_D,prob,1,0,0,0,0.1491,0.1491,0.1491,,open,single,grant_williams,2026-08-20,0
2026-08-20,professional,HOU_AR_03_2026,house,AR,03,margin_D,pct,1,0,0,0,-11.4,-11.4,-11.4,,open,single,grant_williams,2026-08-20,0
2026-08-20,professional,HOU_AR_03_2026,house,AR,03,win_prob_D,prob,1,0,0,0,0.0422,0.0422,0.0422,,open,single,grant_williams,2026-08-20,0
2026-08-20,professional,HOU_AR_04_2026,house,AR,04,margin_D,pct,1,0,0,0,-18.06,-18.06,-18.06,,open,single,grant_williams,2026-08-20,0
2026-08-20,professional,HOU_AR_04_2026,house,AR,04,win_prob_D,prob,1,0,0,0,0.0068,0.0068,0.0068,,open,single,grant_williams,2026-08-20,0
2026-08-20,professional,HOU_AZ_01_2026,house,AZ,01,margin_D,pct,1,0,0,0,7.54,7.54,7.54,,open,single,grant_williams,2026-08-20,0
2026-08-20,professional,HOU_AZ_01_2026,house,AZ,01,win_prob_D,prob,1,0,0,0,0.8843,0.8843,0.8843,,open,single,grant_williams,2026-08-20,0
2026-08-20,professional,HOU_AZ_02_2026,house,AZ,02,margin_D,pct,1,0,0,0,-1.73,-1.73,-1.73,,open,single,grant_williams,2026-08-20,0
2026-08-20,professional,HOU_AZ_02_2026,house,AZ,02,win_prob_D,prob,1,0,0,0,0.3906,0.3906,0.3906,,open,single,grant_williams,2026-08-20,0
2026-08-20,professional,HOU_AZ_03_2026,house,AZ,03,margin_D,pct,1,0,0,0,33.13,33.13,33.13,,open,single,grant_williams,2026-08-20,0
2026-08-20,professional,HOU_AZ_03_2026,house,AZ,03,win_prob_D,prob,1,0,0,0,0.9996,0.9996,0.9996,,open,single,grant_williams,2026-08-20,0
2026-08-20,professional,HOU_AZ_04_2026,house,AZ,04,margin_D,pct,1,0,0,0,15.93,15.93,15.93,,open,single,grant_williams,2026-08-20,0
2026-08-20,professional,HOU_AZ_04_2026,house,AZ,04,win_prob_D,prob,1,0,0,0,0.9898,0.9898,0.9898,,open,single,grant_williams,2026-08-20,0
2026-08-20,professional,HOU_AZ_05_2026,house,AZ,05,margin_D,pct,1,0,0,0,-1.08,-1.08,-1.08,,open,single,grant_williams,2026-08-20,0
2026-08-20,professional,HOU_AZ_05_2026,house,AZ,05,win_prob_D,prob,1,0,0,0,0.4288,0.4288,0.4288,,open,single,grant_williams,2026-08-20,0
2026-08-20,professional,HOU_AZ_06_2026,house,AZ,06,margin_D,pct,1,0,0,0,5.01,5.01,5.01,,open,single,grant_williams,2026-08-20,0
2026-08-20,professional,HOU_AZ_06_2026,house,AZ,06,win_prob_D,prob,1,0,0,0,0.7895,0.7895,0.7895,,open,single,grant_williams,2026-08-20,0
2026-08-20,professional,HOU_AZ_07_2026,house,AZ,07,margin_D,pct,1,0,0,0,24.53,24.53,24.53,,open,single,grant_williams,2026-08-20,0
2026-08-20,professional,HOU_AZ_07_2026,house,AZ,07,win_prob_D,prob,1,0,0,0,0.9993,0.9993,0.9993,,open,single,grant_williams,2026-08-20,0
2026-08-20,professional,HOU_AZ_08_2026,house,AZ,08,margin_D,pct,1,0,0,0,-2.71,-2.71,-2.71,,open,single,grant_williams,2026-08-20,0
2026-08-20,professional,HOU_AZ_08_2026,house,AZ,08,win_prob_D,prob,1,0,0,0,0.3329,0.3329,0.3329,,open,single,grant_williams,2026-08-20,0
2026-08-20,professional,HOU_AZ_09_2026,house,AZ,09,margin_D,pct,1,0,0,0,-9.39,-9.39,-9.39,,open,single,grant_williams,2026-08-20,0
2026-08-20,professional,HOU_AZ_09_2026,house,AZ,09,win_prob_D,prob,1,0,0,0,0.0769,0.0769,0.0769,,open,single,grant_williams,2026-08-20,0
2026-08-20,professional,HOU_CA_01_2026,house,CA,01,margin_D,pct,1,0,0,0,6.66,6.66,6.66,,open,single,grant_williams,2026-08-20,0
2026-08-20,professional,HOU_CA_01_2026,house,CA,01,win_prob_D,prob,1,0,0,0,0.8559,0.8559,0.8559,,open,single,grant_williams,2026-08-20,0
2026-08-20,professional,HOU_CA_02_2026,house,CA,02,margin_D,pct,1,0,0,0,19.51,19.51,19.51,,open,single,grant_williams,2026-08-20,0
2026-08-20,professional,HOU_CA_02_2026,house,CA,02,win_prob_D,prob,1,0,0,0,0.9977,0.9977,0.9977,,open,single,grant_williams,2026-08-20,0
2026-08-20,professional,HOU_CA_03_2026,house,CA,03,margin_D,pct,1,0,0,0,12.78,12.78,12.78,,open,single,grant_williams,2026-08-20,0
2026-08-20,professional,HOU_CA_03_2026,house,CA,03,win_prob_D,prob,1,0,0,0,0.9718,0.9718,0.9718,,open,single,grant_williams,2026-08-20,0
2026-08-20,professional,HOU_CA_04_2026,house,CA,04,margin_D,pct,1,0,0,0,14.65,14.65,14.65,,open,single,grant_williams,2026-08-20,0
2026-08-20,professional,HOU_CA_04_2026,house,CA,04,win_prob_D,prob,1,0,0,0,0.9846,0.9846,0.9846,,open,single,grant_williams,2026-08-20,0
2026-08-20,professional,HOU_CA_05_2026,house,CA,05,margin_D,pct,1,0,0,0,-9.61,-9.61,-9.61,,open,single,grant_williams,2026-08-20,0
2026-08-20,professional,HOU_CA_05_2026,house,CA,05,win_prob_D,prob,1,0,0,0,0.0675,0.0675,0.0675,,open,single,grant_williams,2026-08-20,0
2026-08-20,professional,HOU_CA_06_2026,house,CA,06,margin_D,pct,1,0,0,0,11.88,11.88,11.88,,open,single,grant_williams,2026-08-20,0
2026-08-20,professional,HOU_CA_06_2026,house,CA,06,win_prob_D,prob,1,0,0,0,0.9673,0.9673,0.9673,,open,single,grant_williams,2026-08-20,0
2026-08-20,professional,HOU_CA_07_2026,house,CA,07,margin_D,pct,1,0,0,0,13.77,13.77,13.77,,open,single,grant_williams,2026-08-20,0
2026-08-20,professional,HOU_CA_07_2026,house,CA,07,win_prob_D,prob,1,0,0,0,0.9802,0.9802,0.9802,,open,single,grant_williams,2026-08-20,0
2026-08-20,professional,HOU_CA_08_2026,house,CA,08,margin_D,pct,1,0,0,0,25.28,25.28,25.28,,open,single,grant_williams,2026-08-20,0
2026-08-20,professional,HOU_CA_08_2026,house,CA,08,win_prob_D,prob,1,0,0,0,0.9983,0.9983,0.9983,,open,single,grant_williams,2026-08-20,0
2026-08-20,professional,HOU_CA_09_2026,house,CA,09,margin_D,pct,1,0,0,0,14.65,14.65,14.65,,open,single,grant_williams,2026-08-20,0
2026-08-20,professional,HOU_CA_09_2026,house,CA,09,win_prob_D,prob,1,0,0,0,0.9823,0.9823,0.9823,,open,single,grant_williams,2026-08-20,0
2026-08-20,professional,HOU_CA_10_2026,house,CA,10,margin_D,pct,1,0,0,0,24.24,24.24,24.24,,open,single,grant_williams,2026-08-20,0
2026-08-20,professional,HOU_CA_10_2026,house,CA,10,win_prob_D,prob,1,0,0,0,0.9979,0.9979,0.9979,,open,single,grant_williams,2026-08-20,0
2026-08-20,professional,HOU_CA_11_2026,house,CA,11,margin_D,pct,1,0,0,0,37.88,37.88,37.88,,open,single,grant_williams,2026-08-20,0
2026-08-20,professional,HOU_CA_11_2026,house,CA,11,win_prob_D,prob,1,0,0,0,0.9998,0.9998,0.9998,,open,single,grant_williams,2026-08-20,0
2026-08-20,professional,HOU_CA_12_2026,house,CA,12,margin_D,pct,1,0,0,0,44.43,44.43,44.43,,open,single,grant_williams,2026-08-20,0
2026-08-20,professional,HOU_CA_12_2026,house,CA,12,win_prob_D,prob,1,0,0,0,0.9998,0.9998,0.9998,,open,single,grant_williams,2026-08-20,0
2026-08-20,professional,HOU_CA_13_2026,house,CA,13,margin_D,pct,1,0,0,0,9.02,9.02,9.02,,open,single,grant_williams,2026-08-20,0
2026-08-20,professional,HOU_CA_13_2026,house,CA,13,win_prob_D,prob,1,0,0,0,0.9214,0.9214,0.9214,,open,single,grant_williams,2026-08-20,0
2026-08-20,professional,HOU_CA_14_2026,house,CA,14,margin_D,pct,1,0,0,0,21.7,21.7,21.7,,open,single,grant_williams,2026-08-20,0
2026-08-20,professional,HOU_CA_14_2026,house,CA,14,win_prob_D,prob,1,0,0,0,0.997,0.997,0.997,,open,single,grant_williams,2026-08-20,0
2026-08-20,professional,HOU_CA_15_2026,house,CA,15,margin_D,pct,1,0,0,0,32.04,32.04,32.04,,open,single,grant_williams,2026-08-20,0
2026-08-20,professional,HOU_CA_15_2026,house,CA,15,win_prob_D,prob,1,0,0,0,0.9996,0.9996,0.9996,,open,single,grant_williams,2026-08-20,0
2026-08-20,professional,HOU_CA_16_2026,house,CA,16,margin_D,pct,1,0,0,0,31.0,31.0,31.0,,open,single,grant_williams,2026-08-20,0
2026-08-20,professional,HOU_CA_16_2026,house,CA,16,win_prob_D,prob,1,0,0,0,0.9997,0.9997,0.9997,,open,single,grant_williams,2026-08-20,0
2026-08-20,professional,HOU_CA_17_2026,house,CA,17,margin_D,pct,1,0,0,0,27.16,27.16,27.16,,open,single,grant_williams,2026-08-20,0
2026-08-20,professional,HOU_CA_17_2026,house,CA,17,win_prob_D,prob,1,0,0,0,0.9996,0.9996,0.9996,,open,single,grant_williams,2026-08-20,0
2026-08-20,professional,HOU_CA_18_2026,house,CA,18,margin_D,pct,1,0,0,0,22.43,22.43,22.43,,open,single,grant_williams,2026-08-20,0
2026-08-20,professional,HOU_CA_18_2026,house,CA,18,win_prob_D,prob,1,0,0,0,0.9986,0.9986,0.9986,,open,single,grant_williams,2026-08-20,0
2026-08-20,professional,HOU_CA_19_2026,house,CA,19,margin_D,pct,1,0,0,0,24.36,24.36,24.36,,open,single,grant_williams,2026-08-20,0
2026-08-20,professional,HOU_CA_19_2026,house,CA,19,win_prob_D,prob,1,0,0,0,0.998,0.998,0.998,,open,single,grant_williams,2026-08-20,0
2026-08-20,professional,HOU_CA_20_2026,house,CA,20,margin_D,pct,1,0,0,0,-15.43,-15.43,-15.43,,open,single,grant_williams,2026-08-20,0
2026-08-20,professional,HOU_CA_20_2026,house,CA,20,win_prob_D,prob,1,0,0,0,0.0145,0.0145,0.0145,,open,single,grant_williams,2026-08-20,0
2026-08-20,professional,HOU_CA_21_2026,house,CA,21,margin_D,pct,1,0,0,0,11.88,11.88,11.88,,open,single,grant_williams,2026-08-20,0
2026-08-20,professional,HOU_CA_21_2026,house,CA,21,win_prob_D,prob,1,0,0,0,0.9669,0.9669,0.9669,,open,single,grant_williams,2026-08-20,0
2026-08-20,professional,HOU_CA_22_2026,house,CA,22,margin_D,pct,1,0,0,0,0.91,0.91,0.91,,open,single,grant_williams,2026-08-20,0
2026-08-20,professional,HOU_CA_22_2026,house,CA,22,win_prob_D,prob,1,0,0,0,0.5637,0.5637,0.5637,,open,single,grant_williams,2026-08-20,0
2026-08-20,professional,HOU_CA_23_2026,house,CA,23,margin_D,pct,1,0,0,0,-8.71,-8.71,-8.71,,open,single,grant_williams,2026-08-20,0
2026-08-20,professional,HOU_CA_23_2026,house,CA,23,win_prob_D,prob,1,0,0,0,0.0847,0.0847,0.0847,,open,single,grant_williams,2026-08-20,0
2026-08-20,professional,HOU_CA_24_2026,house,CA,24,margin_D,pct,1,0,0,0,19.6,19.6,19.6,,open,single,grant_williams,2026-08-20,0
2026-08-20,professional,HOU_CA_24_2026,house,CA,24,win_prob_D,prob,1,0,0,0,0.9962,0.9962,0.9962,,open,single,grant_williams,2026-08-20,0
2026-08-20,professional,HOU_CA_25_2026,house,CA,25,margin_D,pct,1,0,0,0,10.86,10.86,10.86,,open,single,grant_williams,2026-08-20,0
2026-08-20,professional,HOU_CA_25_2026,house,CA,25,win_prob_D,prob,1,0,0,0,0.9533,0.9533,0.9533,,open,single,grant_williams,2026-08-20,0
2026-08-20,professional,HOU_CA_26_2026,house,CA,26,margin_D,pct,1,0,0,0,12.2,12.2,12.2,,open,single,grant_williams,2026-08-20,0
2026-08-20,professional,HOU_CA_26_2026,house,CA,26,win_prob_D,prob,1,0,0,0,0.9698,0.9698,0.9698,,open,single,grant_williams,2026-08-20,0
2026-08-20,professional,HOU_CA_27_2026,house,CA,27,margin_D,pct,1,0,0,0,12.76,12.76,12.76,,open,single,grant_williams,2026-08-20,0
2026-08-20,professional,HOU_CA_27_2026,house,CA,27,win_prob_D,prob,1,0,0,0,0.9727,0.9727,0.9727,,open,single,grant_williams,2026-08-20,0
2026-08-20,professional,HOU_CA_28_2026,house,CA,28,margin_D,pct,1,0,0,0,20.53,20.53,20.53,,open,single,grant_williams,2026-08-20,0
2026-08-20,professional,HOU_CA_28_2026,house,CA,28,win_prob_D,prob,1,0,0,0,0.9969,0.9969,0.9969,,open,single,grant_williams,2026-08-20,0
2026-08-20,professional,HOU_CA_29_2026,house,CA,29,margin_D,pct,1,0,0,0,25.34,25.34,25.34,,open,single,grant_williams,2026-08-20,0
2026-08-20,professional,HOU_CA_29_2026,house,CA,29,win_prob_D,prob,1,0,0,0,0.9988,0.9988,0.9988,,open,single,grant_williams,2026-08-20,0
2026-08-20,professional,HOU_CA_30_2026,house,CA,30,margin_D,pct,1,0,0,0,27.21,27.21,27.21,,open,single,grant_williams,2026-08-20,0
2026-08-20,professional,HOU_CA_30_2026,house,CA,30,win_prob_D,prob,1,0,0,0,0.9994,0.9994,0.9994,,open,single,grant_williams,2026-08-20,0
2026-08-20,professional,HOU_CA_31_2026,house,CA,31,margin_D,pct,1,0,0,0,14.72,14.72,14.72,,open,single,grant_williams,2026-08-20,0
2026-08-20,professional,HOU_CA_31_2026,house,CA,31,win_prob_D,prob,1,0,0,0,0.985,0.985,0.985,,open,single,grant_williams,2026-08-20,0
2026-08-20,professional,HOU_CA_32_2026,house,CA,32,margin_D,pct,1,0,0,0,20.54,20.54,20.54,,open,single,grant_williams,2026-08-20,0
2026-08-20,professional,HOU_CA_32_2026,house,CA,32,win_prob_D,prob,1,0,0,0,0.9976,0.9976,0.9976,,open,single,grant_williams,2026-08-20,0
2026-08-20,professional,HOU_CA_33_2026,house,CA,33,margin_D,pct,1,0,0,0,13.74,13.74,13.74,,open,single,grant_williams,2026-08-20,0
2026-08-20,professional,HOU_CA_33_2026,house,CA,33,win_prob_D,prob,1,0,0,0,0.978,0.978,0.978,,open,single,grant_williams,2026-08-20,0
2026-08-20,professional,HOU_CA_34_2026,house,CA,34,margin_D,pct,1,0,0,0,33.92,33.92,33.92,,open,single,grant_williams,2026-08-20,0
2026-08-20,professional,HOU_CA_34_2026,house,CA,34,win_prob_D,prob,1,0,0,0,0.9999,0.9999,0.9999,,open,single,grant_williams,2026-08-20,0
2026-08-20,professional,HOU_CA_35_2026,house,CA,35,margin_D,pct,1,0,0,0,12.81,12.81,12.81,,open,single,grant_williams,2026-08-20,0
2026-08-20,professional,HOU_CA_35_2026,house,CA,35,win_prob_D,prob,1,0,0,0,0.9711,0.9711,0.9711,,open,single,grant_williams,2026-08-20,0
2026-08-20,professional,HOU_CA_36_2026,house,CA,36,margin_D,pct,1,0,0,0,27.17,27.17,27.17,,open,single,grant_williams,2026-08-20,0
2026-08-20,professional,HOU_CA_36_2026,house,CA,36,win_prob_D,prob,1,0,0,0,0.9993,0.9993,0.9993,,open,single,grant_williams,2026-08-20,0
2026-08-20,professional,HOU_CA_37_2026,house,CA,37,margin_D,pct,1,0,0,0,38.59,38.59,38.59,,open,single,grant_williams,2026-08-20,0
2026-08-20,professional,HOU_CA_37_2026,house,CA,37,win_prob_D,prob,1,0,0,0,0.9998,0.9998,0.9998,,open,single,grant_williams,2026-08-20,0
2026-08-20,professional,HOU_CA_38_2026,house,CA,38,margin_D,pct,1,0,0,0,11.19,11.19,11.19,,open,single,grant_williams,2026-08-20,0
2026-08-20,professional,HOU_CA_38_2026,house,CA,38,win_prob_D,prob,1,0,0,0,0.9627,0.9627,0.9627,,open,single,grant_williams,2026-08-20,0
2026-08-20,professional,HOU_CA_39_2026,house,CA,39,margin_D,pct,1,0,0,0,13.84,13.84,13.84,,open,single,grant_williams,2026-08-20,0
2026-08-20,professional,HOU_CA_39_2026,house,CA,39,win_prob_D,prob,1,0,0,0,0.9822,0.9822,0.9822,,open,single,grant_williams,2026-08-20,0
2026-08-20,professional,HOU_CA_40_2026,house,CA,40,margin_D,pct,1,0,0,0,-5.88,-5.88,-5.88,,open,single,grant_williams,2026-08-20,0
2026-08-20,professional,HOU_CA_40_2026,house,CA,40,win_prob_D,prob,1,0,0,0,0.1743,0.1743,0.1743,,open,single,grant_williams,2026-08-20,0
2026-08-20,professional,HOU_CA_41_2026,house,CA,41,margin_D,pct,1,0,0,0,8.55,8.55,8.55,,open,single,grant_williams,2026-08-20,0
2026-08-20,professional,HOU_CA_41_2026,house,CA,41,win_prob_D,prob,1,0,0,0,0.9099,0.9099,0.9099,,open,single,grant_williams,2026-08-20,0
2026-08-20,professional,HOU_CA_42_2026,house,CA,42,margin_D,pct,1,0,0,0,14.67,14.67,14.67,,open,single,grant_williams,2026-08-20,0
2026-08-20,professional,HOU_CA_42_2026,house,CA,42,win_prob_D,prob,1,0,0,0,0.9833,0.9833,0.9833,,open,single,grant_williams,2026-08-20,0
2026-08-20,professional,HOU_CA_43_2026,house,CA,43,margin_D,pct,1,0,0,0,33.07,33.07,33.07,,open,single,grant_williams,2026-08-20,0
2026-08-20,professional,HOU_CA_43_2026,house,CA,43,win_prob_D,prob,1,0,0,0,0.9996,0.9996,0.9996,,open,single,grant_williams,2026-08-20,0
2026-08-20,professional,HOU_CA_44_2026,house,CA,44,margin_D,pct,1,0,0,0,26.16,26.16,26.16,,open,single,grant_williams,2026-08-20,0
2026-08-20,professional,HOU_CA_44_2026,house,CA,44,win_prob_D,prob,1,0,0,0,0.9989,0.9989,0.9989,,open,single,grant_williams,2026-08-20,0
2026-08-20,professional,HOU_CA_45_2026,house,CA,45,margin_D,pct,1,0,0,0,9.96,9.96,9.96,,open,single,grant_williams,2026-08-20,0
2026-08-20,professional,HOU_CA_45_2026,house,CA,45,win_prob_D,prob,1,0,0,0,0.9407,0.9407,0.9407,,open,single,grant_williams,2026-08-20,0
2026-08-20,professional,HOU_CA_46_2026,house,CA,46,margin_D,pct,1,0,0,0,16.6,16.6,16.6,,open,single,grant_williams,2026-08-20,0
2026-08-20,professional,HOU_CA_46_2026,house,CA,46,win_prob_D,prob,1,0,0,0,0.9909,0.9909,0.9909,,open,single,grant_williams,2026-08-20,0
2026-08-20,professional,HOU_CA_47_2026,house,CA,47,margin_D,pct,1,0,0,0,12.83,12.83,12.83,,open,single,grant_williams,2026-08-20,0
2026-08-20,professional,HOU_CA_47_2026,house,CA,47,win_prob_D,prob,1,0,0,0,0.9756,0.9756,0.9756,,open,single,grant_williams,2026-08-20,0
2026-08-20,professional,HOU_CA_48_2026,house,CA,48,margin_D,pct,1,0,0,0,5.41,5.41,5.41,,open,single,grant_williams,2026-08-20,0
2026-08-20,professional,HOU_CA_48_2026,house,CA,48,win_prob_D,prob,1,0,0,0,0.8086,0.8086,0.8086,,open,single,grant_williams,2026-08-20,0
2026-08-20,professional,HOU_CA_49_2026,house,CA,49,margin_D,pct,1,0,0,0,13.81,13.81,13.81,,open,single,grant_williams,2026-08-20,0
2026-08-20,professional,HOU_CA_49_2026,house,CA,49,win_prob_D,prob,1,0,0,0,0.9826,0.9826,0.9826,,open,single,grant_williams,2026-08-20,0
2026-08-20,professional,HOU_CA_50_2026,house,CA,50,margin_D,pct,1,0,0,0,16.58,16.58,16.58,,open,single,grant_williams,2026-08-20,0
2026-08-20,professional,HOU_CA_50_2026,house,CA,50,win_prob_D,prob,1,0,0,0,0.9913,0.9913,0.9913,,open,single,grant_williams,2026-08-20,0
2026-08-20,professional,HOU_CA_51_2026,house,CA,51,margin_D,pct,1,0,0,0,16.56,16.56,16.56,,open,single,grant_williams,2026-08-20,0
2026-08-20,professional,HOU_CA_51_2026,house,CA,51,win_prob_D,prob,1,0,0,0,0.9893,0.9893,0.9893,,open,single,grant_williams,2026-08-20,0
2026-08-20,professional,HOU_CA_52_2026,house,CA,52,margin_D,pct,1,0,0,0,17.6,17.6,17.6,,open,single,grant_williams,2026-08-20,0
2026-08-20,professional,HOU_CA_52_2026,house,CA,52,win_prob_D,prob,1,0,0,0,0.9931,0.9931,0.9931,,open,single,grant_williams,2026-08-20,0
2026-08-20,professional,HOU_CO_01_2026,house,CO,01,margin_D,pct,1,0,0,0,36.31,36.31,36.31,,open,single,grant_williams,2026-08-20,0
2026-08-20,professional,HOU_CO_01_2026,house,CO,01,win_prob_D,prob,1,0,0,0,1.0,1.0,1.0,,open,single,grant_williams,2026-08-20,0
2026-08-20,professional,HOU_CO_02_2026,house,CO,02,margin_D,pct,1,0,0,0,31.37,31.37,31.37,,open,single,grant_williams,2026-08-20,0
2026-08-20,professional,HOU_CO_02_2026,house,CO,02,win_prob_D,prob,1,0,0,0,0.9995,0.9995,0.9995,,open,single,grant_williams,2026-08-20,0
2026-08-20,professional,HOU_CO_03_2026,house,CO,03,margin_D,pct,1,0,0,0,0.15,0.15,0.15,,open,single,grant_williams,2026-08-20,0
2026-08-20,professional,HOU_CO_03_2026,house,CO,03,win_prob_D,prob,1,0,0,0,0.5063,0.5063,0.5063,,open,single,grant_williams,2026-08-20,0
2026-08-20,professional,HOU_CO_04_2026,house,CO,04,margin_D,pct,1,0,0,0,-3.64,-3.64,-3.64,,open,single,grant_williams,2026-08-20,0
2026-08-20,professional,HOU_CO_04_2026,house,CO,04,win_prob_D,prob,1,0,0,0,0.2816,0.2816,0.2816,,open,single,grant_williams,2026-08-20,0
2026-08-20,professional,HOU_CO_05_2026,house,CO,05,margin_D,pct,1,0,0,0,0.1,0.1,0.1,,open,single,grant_williams,2026-08-20,0
2026-08-20,professional,HOU_CO_05_2026,house,CO,05,win_prob_D,prob,1,0,0,0,0.5053,0.5053,0.5053,,open,single,grant_williams,2026-08-20,0
2026-08-20,professional,HOU_CO_06_2026,house,CO,06,margin_D,pct,1,0,0,0,22.56,22.56,22.56,,open,single,grant_williams,2026-08-20,0
2026-08-20,professional,HOU_CO_06_2026,house,CO,06,win_prob_D,prob,1,0,0,0,0.9983,0.9983,0.9983,,open,single,grant_williams,2026-08-20,0
2026-08-20,professional,HOU_CO_07_2026,house,CO,07,margin_D,pct,1,0,0,0,19.72,19.72,19.72,,open,single,grant_williams,2026-08-20,0
2026-08-20,professional,HOU_CO_07_2026,house,CO,07,win_prob_D,prob,1,0,0,0,0.9945,0.9945,0.9945,,open,single,grant_williams,2026-08-20,0
2026-08-20,professional,HOU_CO_08_2026,house,CO,08,margin_D,pct,1,0,0,0,5.02,5.02,5.02,,open,single,grant_williams,2026-08-20,0
2026-08-20,professional,HOU_CO_08_2026,house,CO,08,win_prob_D,prob,1,0,0,0,0.7826,0.7826,0.7826,,open,single,grant_williams,2026-08-20,0
2026-08-20,professional,HOU_CT_01_2026,house,CT,01,margin_D,pct,1,0,0,0,21.77,21.77,21.77,,open,single,grant_williams,2026-08-20,0
2026-08-20,professional,HOU_CT_01_2026,house,CT,01,win_prob_D,prob,1,0,0,0,0.9978,0.9978,0.9978,,open,single,grant_williams,2026-08-20,0
2026-08-20,professional,HOU_CT_02_2026,house,CT,02,margin_D,pct,1,0,0,0,14.09,14.09,14.09,,open,single,grant_williams,2026-08-20,0
2026-08-20,professional,HOU_CT_02_2026,house,CT,02,win_prob_D,prob,1,0,0,0,0.9828,0.9828,0.9828,,open,single,grant_williams,2026-08-20,0
2026-08-20,professional,HOU_CT_03_2026,house,CT,03,margin_D,pct,1,0,0,0,17.84,17.84,17.84,,open,single,grant_williams,2026-08-20,0
2026-08-20,professional,HOU_CT_03_2026,house,CT,03,win_prob_D,prob,1,0,0,0,0.9947,0.9947,0.9947,,open,single,grant_williams,2026-08-20,0
2026-08-20,professional,HOU_CT_04_2026,house,CT,04,margin_D,pct,1,0,0,0,22.67,22.67,22.67,,open,single,grant_williams,2026-08-20,0
2026-08-20,professional,HOU_CT_04_2026,house,CT,04,win_prob_D,prob,1,0,0,0,0.9979,0.9979,0.9979,,open,single,grant_williams,2026-08-20,0
2026-08-20,professional,HOU_CT_05_2026,house,CT,05,margin_D,pct,1,0,0,0,13.12,13.12,13.12,,open,single,grant_williams,2026-08-20,0
2026-08-20,professional,HOU_CT_05_2026,house,CT,05,win_prob_D,prob,1,0,0,0,0.9755,0.9755,0.9755,,open,single,grant_williams,2026-08-20,0
2026-08-20,professional,HOU_DE_01_2026,house,DE,01,margin_D,pct,1,0,0,0,17.87,17.87,17.87,,open,single,grant_williams,2026-08-20,0
2026-08-20,professional,HOU_DE_01_2026,house,DE,01,win_prob_D,prob,1,0,0,0,0.993,0.993,0.993,,open,single,grant_williams,2026-08-20,0
2026-08-20,professional,HOU_FL_01_2026,house,FL,01,margin_D,pct,1,0,0,0,-15.48,-15.48,-15.48,,open,single,grant_williams,2026-08-20,0
2026-08-20,professional,HOU_FL_01_2026,house,FL,01,win_prob_D,prob,1,0,0,0,0.0139,0.0139,0.0139,,open,single,grant_williams,2026-08-20,0
2026-08-20,professional,HOU_FL_02_2026,house,FL,02,margin_D,pct,1,0,0,0,-2.4,-2.4,-2.4,,open,single,grant_williams,2026-08-20,0
2026-08-20,professional,HOU_FL_02_2026,house,FL,02,win_prob_D,prob,1,0,0,0,0.3501,0.3501,0.3501,,open,single,grant_williams,2026-08-20,0
2026-08-20,professional,HOU_FL_03_2026,house,FL,03,margin_D,pct,1,0,0,0,-7.91,-7.91,-7.91,,open,single,grant_williams,2026-08-20,0
2026-08-20,professional,HOU_FL_03_2026,house,FL,03,win_prob_D,prob,1,0,0,0,0.1096,0.1096,0.1096,,open,single,grant_williams,2026-08-20,0
2026-08-20,professional,HOU_FL_04_2026,house,FL,04,margin_D,pct,1,0,0,0,-3.1,-3.1,-3.1,,open,single,grant_williams,2026-08-20,0
2026-08-20,professional,HOU_FL_04_2026,house,FL,04,win_prob_D,prob,1,0,0,0,0.3065,0.3065,0.3065,,open,single,grant_williams,2026-08-20,0
2026-08-20,professional,HOU_FL_05_2026,house,FL,05,margin_D,pct,1,0,0,0,-7.84,-7.84,-7.84,,open,single,grant_williams,2026-08-20,0
2026-08-20,professional,HOU_FL_05_2026,house,FL,05,win_prob_D,prob,1,0,0,0,0.1141,0.1141,0.1141,,open,single,grant_williams,2026-08-20,0
2026-08-20,professional,HOU_FL_06_2026,house,FL,06,margin_D,pct,1,0,0,0,-11.65,-11.65,-11.65,,open,single,grant_williams,2026-08-20,0
2026-08-20,professional,HOU_FL_06_2026,house,FL,06,win_prob_D,prob,1,0,0,0,0.0403,0.0403,0.0403,,open,single,grant_williams,2026-08-20,0
2026-08-20,professional,HOU_FL_07_2026,house,FL,07,margin_D,pct,1,0,0,0,-3.14,-3.14,-3.14,,open,single,grant_williams,2026-08-20,0
2026-08-20,professional,HOU_FL_07_2026,house,FL,07,win_prob_D,prob,1,0,0,0,0.3047,0.3047,0.3047,,open,single,grant_williams,2026-08-20,0
2026-08-20,professional,HOU_FL_08_2026,house,FL,08,margin_D,pct,1,0,0,0,-5.96,-5.96,-5.96,,open,single,grant_williams,2026-08-20,0
2026-08-20,professional,HOU_FL_08_2026,house,FL,08,win_prob_D,prob,1,0,0,0,0.1688,0.1688,0.1688,,open,single,grant_williams,2026-08-20,0
2026-08-20,professional,HOU_FL_09_2026,house,FL,09,margin_D,pct,1,0,0,0,1.17,1.17,1.17,,open,single,grant_williams,2026-08-20,0
2026-08-20,professional,HOU_FL_09_2026,house,FL,09,win_prob_D,prob,1,0,0,0,0.5722,0.5722,0.5722,,open,single,grant_williams,2026-08-20,0
2026-08-20,professional,HOU_FL_10_2026,house,FL,10,margin_D,pct,1,0,0,0,21.22,21.22,21.22,,open,single,grant_williams,2026-08-20,0
2026-08-20,professional,HOU_FL_10_2026,house,FL,10,win_prob_D,prob,1,0,0,0,0.997,0.997,0.997,,open,single,grant_williams,2026-08-20,0
2026-08-20,professional,HOU_FL_11_2026,house,FL,11,margin_D,pct,1,0,0,0,-1.39,-1.39,-1.39,,open,single,grant_williams,2026-08-20,0
2026-08-20,professional,HOU_FL_11_2026,house,FL,11,win_prob_D,prob,1,0,0,0,0.4063,0.4063,0.4063,,open,single,grant_williams,2026-08-20,0
2026-08-20,professional,HOU_FL_12_2026,house,FL,12,margin_D,pct,1,0,0,0,-5.06,-5.06,-5.06,,open,single,grant_williams,2026-08-20,0
2026-08-20,professional,HOU_FL_12_2026,house,FL,12,win_prob_D,prob,1,0,0,0,0.2054,0.2054,0.2054,,open,single,grant_williams,2026-08-20,0
2026-08-20,professional,HOU_FL_13_2026,house,FL,13,margin_D,pct,1,0,0,0,-4.85,-4.85,-4.85,,open,single,grant_williams,2026-08-20,0
2026-08-20,professional,HOU_FL_13_2026,house,FL,13,win_prob_D,prob,1,0,0,0,0.1303,0.1303,0.1303,,open,single,grant_williams,2026-08-20,0
2026-08-20,professional,HOU_FL_14_2026,house,FL,14,margin_D,pct,1,0,0,0,5.04,5.04,5.04,,open,single,grant_williams,2026-08-20,0
2026-08-20,professional,HOU_FL_14_2026,house,FL,14,win_prob_D,prob,1,0,0,0,0.7912,0.7912,0.7912,,open,single,grant_williams,2026-08-20,0
2026-08-20,professional,HOU_FL_15_2026,house,FL,15,margin_D,pct,1,0,0,0,-6.82,-6.82,-6.82,,open,single,grant_williams,2026-08-20,0
2026-08-20,professional,HOU_FL_15_2026,house,FL,15,win_prob_D,prob,1,0,0,0,0.1437,0.1437,0.1437,,open,single,grant_williams,2026-08-20,0
2026-08-20,professional,HOU_FL_16_2026,house,FL,16,margin_D,pct,1,0,0,0,-0.54,-0.54,-0.54,,open,single,grant_williams,2026-08-20,0
2026-08-20,professional,HOU_FL_16_2026,house,FL,16,win_prob_D,prob,1,0,0,0,0.4642,0.4642,0.4642,,open,single,grant_williams,2026-08-20,0
2026-08-20,professional,HOU_FL_17_2026,house,FL,17,margin_D,pct,1,0,0,0,-7.82,-7.82,-7.82,,open,single,grant_williams,2026-08-20,0
2026-08-20,professional,HOU_FL_17_2026,house,FL,17,win_prob_D,prob,1,0,0,0,0.1082,0.1082,0.1082,,open,single,grant_williams,2026-08-20,0
2026-08-20,professional,HOU_FL_18_2026,house,FL,18,margin_D,pct,1,0,0,0,-5.95,-5.95,-5.95,,open,single,grant_williams,2026-08-20,0
2026-08-20,professional,HOU_FL_18_2026,house,FL,18,win_prob_D,prob,1,0,0,0,0.1692,0.1692,0.1692,,open,single,grant_williams,2026-08-20,0
2026-08-20,professional,HOU_FL_19_2026,house,FL,19,margin_D,pct,1,0,0,0,-8.17,-8.17,-8.17,,open,single,grant_williams,2026-08-20,0
2026-08-20,professional,HOU_FL_19_2026,house,FL,19,win_prob_D,prob,1,0,0,0,0.0988,0.0988,0.0988,,open,single,grant_williams,2026-08-20,0
2026-08-20,professional,HOU_FL_20_2026,house,FL,20,margin_D,pct,1,0,0,0,27.97,27.97,27.97,,open,single,grant_williams,2026-08-20,0
2026-08-20,professional,HOU_FL_20_2026,house,FL,20,win_prob_D,prob,1,0,0,0,0.9994,0.9994,0.9994,,open,single,grant_williams,2026-08-20,0
2026-08-20,professional,HOU_FL_21_2026,house,FL,21,margin_D,pct,1,0,0,0,-5.04,-5.04,-5.04,,open,single,grant_williams,2026-08-20,0
2026-08-20,professional,HOU_FL_21_2026,house,FL,21,win_prob_D,prob,1,0,0,0,0.2119,0.2119,0.2119,,open,single,grant_williams,2026-08-20,0
2026-08-20,professional,HOU_FL_22_2026,house,FL,22,margin_D,pct,1,0,0,0,1.43,1.43,1.43,,open,single,grant_williams,2026-08-20,0
2026-08-20,professional,HOU_FL_22_2026,house,FL,22,win_prob_D,prob,1,0,0,0,0.5898,0.5898,0.5898,,open,single,grant_williams,2026-08-20,0
2026-08-20,professional,HOU_FL_23_2026,house,FL,23,margin_D,pct,1,0,0,0,17.39,17.39,17.39,,open,single,grant_williams,2026-08-20,0
2026-08-20,professional,HOU_FL_23_2026,house,FL,23,win_prob_D,prob,1,0,0,0,0.9926,0.9926,0.9926,,open,single,grant_williams,2026-08-20,0
2026-08-20,professional,HOU_FL_24_2026,house,FL,24,margin_D,pct,1,0,0,0,26.36,26.36,26.36,,open,single,grant_williams,2026-08-20,0
2026-08-20,professional,HOU_FL_24_2026,house,FL,24,win_prob_D,prob,1,0,0,0,0.9989,0.9989,0.9989,,open,single,grant_williams,2026-08-20,0
2026-08-20,professional,HOU_FL_25_2026,house,FL,25,margin_D,pct,1,0,0,0,5.97,5.97,5.97,,open,single,grant_williams,2026-08-20,0
2026-08-20,professional,HOU_FL_25_2026,house,FL,25,win_prob_D,prob,1,0,0,0,0.83,0.83,0.83,,open,single,grant_williams,2026-08-20,0
2026-08-20,professional,HOU_FL_26_2026,house,FL,26,margin_D,pct,1,0,0,0,-5.04,-5.04,-5.04,,open,single,grant_williams,2026-08-20,0
2026-08-20,professional,HOU_FL_26_2026,house,FL,26,win_prob_D,prob,1,0,0,0,0.2102,0.2102,0.2102,,open,single,grant_williams,2026-08-20,0
2026-08-20,professional,HOU_FL_27_2026,house,FL,27,margin_D,pct,1,0,0,0,-4.13,-4.13,-4.13,,open,single,grant_williams,2026-08-20,0
2026-08-20,professional,HOU_FL_27_2026,house,FL,27,win_prob_D,prob,1,0,0,0,0.2532,0.2532,0.2532,,open,single,grant_williams,2026-08-20,0
2026-08-20,professional,HOU_FL_28_2026,house,FL,28,margin_D,pct,1,0,0,0,-7.92,-7.92,-7.92,,open,single,grant_williams,2026-08-20,0
2026-08-20,professional,HOU_FL_28_2026,house,FL,28,win_prob_D,prob,1,0,0,0,0.1085,0.1085,0.1085,,open,single,grant_williams,2026-08-20,0
2026-08-20,professional,HOU_GA_01_2026,house,GA,01,margin_D,pct,1,0,0,0,-2.41,-2.41,-2.41,,open,single,grant_williams,2026-08-20,0
2026-08-20,professional,HOU_GA_01_2026,house,GA,01,win_prob_D,prob,1,0,0,0,0.3488,0.3488,0.3488,,open,single,grant_williams,2026-08-20,0
2026-08-20,professional,HOU_GA_02_2026,house,GA,02,margin_D,pct,1,0,0,0,12.54,12.54,12.54,,open,single,grant_williams,2026-08-20,0
2026-08-20,professional,HOU_GA_02_2026,house,GA,02,win_prob_D,prob,1,0,0,0,0.9704,0.9704,0.9704,,open,single,grant_williams,2026-08-20,0
2026-08-20,professional,HOU_GA_03_2026,house,GA,03,margin_D,pct,1,0,0,0,-12.72,-12.72,-12.72,,open,single,grant_williams,2026-08-20,0
2026-08-20,professional,HOU_GA_03_2026,house,GA,03,win_prob_D,prob,1,0,0,0,0.0309,0.0309,0.0309,,open,single,grant_williams,2026-08-20,0
2026-08-20,professional,HOU_GA_04_2026,house,GA,04,margin_D,pct,1,0,0,0,34.72,34.72,34.72,,open,single,grant_williams,2026-08-20,0
2026-08-20,professional,HOU_GA_04_2026,house,GA,04,win_prob_D,prob,1,0,0,0,0.9996,0.9996,0.9996,,open,single,grant_williams,2026-08-20,0
2026-08-20,professional,HOU_GA_05_2026,house,GA,05,margin_D,pct,1,0,0,0,43.31,43.31,43.31,,open,single,grant_williams,2026-08-20,0
2026-08-20,professional,HOU_GA_05_2026,house,GA,05,win_prob_D,prob,1,0,0,0,0.9999,0.9999,0.9999,,open,single,grant_williams,2026-08-20,0
2026-08-20,professional,HOU_GA_06_2026,house,GA,06,margin_D,pct,1,0,0,0,32.68,32.68,32.68,,open,single,grant_williams,2026-08-20,0
2026-08-20,professional,HOU_GA_06_2026,house,GA,06,win_prob_D,prob,1,0,0,0,0.9996,0.9996,0.9996,,open,single,grant_williams,2026-08-20,0
2026-08-20,professional,HOU_GA_07_2026,house,GA,07,margin_D,pct,1,0,0,0,-8.93,-8.93,-8.93,,open,single,grant_williams,2026-08-20,0
2026-08-20,professional,HOU_GA_07_2026,house,GA,07,win_prob_D,prob,1,0,0,0,0.0907,0.0907,0.0907,,open,single,grant_williams,2026-08-20,0
2026-08-20,professional,HOU_GA_08_2026,house,GA,08,margin_D,pct,1,0,0,0,-12.64,-12.64,-12.64,,open,single,grant_williams,2026-08-20,0
2026-08-20,professional,HOU_GA_08_2026,house,GA,08,win_prob_D,prob,1,0,0,0,0.0311,0.0311,0.0311,,open,single,grant_williams,2026-08-20,0
2026-08-20,professional,HOU_GA_09_2026,house,GA,09,margin_D,pct,1,0,0,0,-14.63,-14.63,-14.63,,open,single,grant_williams,2026-08-20,0
2026-08-20,professional,HOU_GA_09_2026,house,GA,09,win_prob_D,prob,1,0,0,0,0.0182,0.0182,0.0182,,open,single,grant_williams,2026-08-20,0
2026-08-20,professional,HOU_GA_10_2026,house,GA,10,margin_D,pct,1,0,0,0,-5.27,-5.27,-5.27,,open,single,grant_williams,2026-08-20,0
2026-08-20,professional,HOU_GA_10_2026,house,GA,10,win_prob_D,prob,1,0,0,0,0.2012,0.2012,0.2012,,open,single,grant_williams,2026-08-20,0
2026-08-20,professional,HOU_GA_11_2026,house,GA,11,margin_D,pct,1,0,0,0,-6.34,-6.34,-6.34,,open,single,grant_williams,2026-08-20,0
2026-08-20,professional,HOU_GA_11_2026,house,GA,11,win_prob_D,prob,1,0,0,0,0.1583,0.1583,0.1583,,open,single,grant_williams,2026-08-20,0
2026-08-20,professional,HOU_GA_12_2026,house,GA,12,margin_D,pct,1,0,0,0,-4.98,-4.98,-4.98,,open,single,grant_williams,2026-08-20,0
2026-08-20,professional,HOU_GA_12_2026,house,GA,12,win_prob_D,prob,1,0,0,0,0.2122,0.2122,0.2122,,open,single,grant_williams,2026-08-20,0
2026-08-20,professional,HOU_GA_13_2026,house,GA,13,margin_D,pct,1,0,0,0,25.39,25.39,25.39,,open,single,grant_williams,2026-08-20,0
2026-08-20,professional,HOU_GA_13_2026,house,GA,13,win_prob_D,prob,1,0,0,0,0.999,0.999,0.999,,open,single,grant_williams,2026-08-20,0
2026-08-20,professional,HOU_GA_14_2026,house,GA,14,margin_D,pct,1,0,0,0,-16.44,-16.44,-16.44,,open,single,grant_williams,2026-08-20,0
2026-08-20,professional,HOU_GA_14_2026,house,GA,14,win_prob_D,prob,1,0,0,0,0.0114,0.0114,0.0114,,open,single,grant_williams,2026-08-20,0
2026-08-20,professional,HOU_HI_01_2026,house,HI,01,margin_D,pct,1,0,0,0,19.42,19.42,19.42,,open,single,grant_williams,2026-08-20,0
2026-08-20,professional,HOU_HI_01_2026,house,HI,01,win_prob_D,prob,1,0,0,0,0.995,0.995,0.995,,open,single,grant_williams,2026-08-20,0
2026-08-20,professional,HOU_HI_02_2026,house,HI,02,margin_D,pct,1,0,0,0,18.65,18.65,18.65,,open,single,grant_williams,2026-08-20,0
2026-08-20,professional,HOU_HI_02_2026,house,HI,02,win_prob_D,prob,1,0,0,0,0.9956,0.9956,0.9956,,open,single,grant_williams,2026-08-20,0
2026-08-20,professional,HOU_IA_01_2026,house,IA,01,margin_D,pct,1,0,0,0,-0.85,-0.85,-0.85,,open,single,grant_williams,2026-08-20,0
2026-08-20,professional,HOU_IA_01_2026,house,IA,01,win_prob_D,prob,1,0,0,0,0.444,0.444,0.444,,open,single,grant_williams,2026-08-20,0
2026-08-20,professional,HOU_IA_02_2026,house,IA,02,margin_D,pct,1,0,0,0,2.67,2.67,2.67,,open,single,grant_williams,2026-08-20,0
2026-08-20,professional,HOU_IA_02_2026,house,IA,02,win_prob_D,prob,1,0,0,0,0.6628,0.6628,0.6628,,open,single,grant_williams,2026-08-20,0
2026-08-20,professional,HOU_IA_03_2026,house,IA,03,margin_D,pct,1,0,0,0,1.06,1.06,1.06,,open,single,grant_williams,2026-08-20,0
2026-08-20,professional,HOU_IA_03_2026,house,IA,03,win_prob_D,prob,1,0,0,0,0.5696,0.5696,0.5696,,open,single,grant_williams,2026-08-20,0
2026-08-20,professional,HOU_IA_04_2026,house,IA,04,margin_D,pct,1,0,0,0,-7.88,-7.88,-7.88,,open,single,grant_williams,2026-08-20,0
2026-08-20,professional,HOU_IA_04_2026,house,IA,04,win_prob_D,prob,1,0,0,0,0.1093,0.1093,0.1093,,open,single,grant_williams,2026-08-20,0
2026-08-20,professional,HOU_ID_01_2026,house,ID,01,margin_D,pct,1,0,0,0,-18.94,-18.94,-18.94,,open,single,grant_williams,2026-08-20,0
2026-08-20,professional,HOU_ID_01_2026,house,ID,01,win_prob_D,prob,1,0,0,0,0.0066,0.0066,0.0066,,open,single,grant_williams,2026-08-20,0
2026-08-20,professional,HOU_ID_02_2026,house,ID,02,margin_D,pct,1,0,0,0,-10.27,-10.27,-10.27,,open,single,grant_williams,2026-08-20,0
2026-08-20,professional,HOU_ID_02_2026,house,ID,02,win_prob_D,prob,1,0,0,0,0.0629,0.0629,0.0629,,open,single,grant_williams,2026-08-20,0
2026-08-20,professional,HOU_IL_01_2026,house,IL,01,margin_D,pct,1,0,0,0,27.33,27.33,27.33,,open,single,grant_williams,2026-08-20,0
2026-08-20,professional,HOU_IL_01_2026,house,IL,01,win_prob_D,prob,1,0,0,0,0.9994,0.9994,0.9994,,open,single,grant_williams,2026-08-20,0
2026-08-20,professional,HOU_IL_02_2026,house,IL,02,margin_D,pct,1,0,0,0,23.77,23.77,23.77,,open,single,grant_williams,2026-08-20,0
2026-08-20,professional,HOU_IL_02_2026,house,IL,02,win_prob_D,prob,1,0,0,0,0.9981,0.9981,0.9981,,open,single,grant_williams,2026-08-20,0
2026-08-20,professional,HOU_IL_03_2026,house,IL,03,margin_D,pct,1,0,0,0,26.27,26.27,26.27,,open,single,grant_williams,2026-08-20,0
2026-08-20,professional,HOU_IL_03_2026,house,IL,03,win_prob_D,prob,1,0,0,0,0.999,0.999,0.999,,open,single,grant_williams,2026-08-20,0
2026-08-20,professional,HOU_IL_04_2026,house,IL,04,margin_D,pct,1,0,0,0,22.75,22.75,22.75,,open,single,grant_williams,2026-08-20,0
2026-08-20,professional,HOU_IL_04_2026,house,IL,04,win_prob_D,prob,1,0,0,0,0.9978,0.9978,0.9978,,open,single,grant_williams,2026-08-20,0
2026-08-20,professional,HOU_IL_05_2026,house,IL,05,margin_D,pct,1,0,0,0,28.37,28.37,28.37,,open,single,grant_williams,2026-08-20,0
2026-08-20,professional,HOU_IL_05_2026,house,IL,05,win_prob_D,prob,1,0,0,0,0.9996,0.9996,0.9996,,open,single,grant_williams,2026-08-20,0
2026-08-20,professional,HOU_IL_06_2026,house,IL,06,margin_D,pct,1,0,0,0,12.97,12.97,12.97,,open,single,grant_williams,2026-08-20,0
2026-08-20,professional,HOU_IL_06_2026,house,IL,06,win_prob_D,prob,1,0,0,0,0.9735,0.9735,0.9735,,open,single,grant_williams,2026-08-20,0
2026-08-20,professional,HOU_IL_07_2026,house,IL,07,margin_D,pct,1,0,0,0,39.1,39.1,39.1,,open,single,grant_williams,2026-08-20,0
2026-08-20,professional,HOU_IL_07_2026,house,IL,07,win_prob_D,prob,1,0,0,0,1.0,1.0,1.0,,open,single,grant_williams,2026-08-20,0
2026-08-20,professional,HOU_IL_08_2026,house,IL,08,margin_D,pct,1,0,0,0,11.27,11.27,11.27,,open,single,grant_williams,2026-08-20,0
2026-08-20,professional,HOU_IL_08_2026,house,IL,08,win_prob_D,prob,1,0,0,0,0.9558,0.9558,0.9558,,open,single,grant_williams,2026-08-20,0
2026-08-20,professional,HOU_IL_09_2026,house,IL,09,margin_D,pct,1,0,0,0,24.64,24.64,24.64,,open,single,grant_williams,2026-08-20,0
2026-08-20,professional,HOU_IL_09_2026,house,IL,09,win_prob_D,prob,1,0,0,0,0.9987,0.9987,0.9987,,open,single,grant_williams,2026-08-20,0
2026-08-20,professional,HOU_IL_10_2026,house,IL,10,margin_D,pct,1,0,0,0,21.52,21.52,21.52,,open,single,grant_williams,2026-08-20,0
2026-08-20,professional,HOU_IL_10_2026,house,IL,10,win_prob_D,prob,1,0,0,0,0.9975,0.9975,0.9975,,open,single,grant_williams,2026-08-20,0
2026-08-20,professional,HOU_IL_11_2026,house,IL,11,margin_D,pct,1,0,0,0,15.75,15.75,15.75,,open,single,grant_williams,2026-08-20,0
2026-08-20,professional,HOU_IL_11_2026,house,IL,11,win_prob_D,prob,1,0,0,0,0.9898,0.9898,0.9898,,open,single,grant_williams,2026-08-20,0
2026-08-20,professional,HOU_IL_12_2026,house,IL,12,margin_D,pct,1,0,0,0,-18.21,-18.21,-18.21,,open,single,grant_williams,2026-08-20,0
2026-08-20,professional,HOU_IL_12_2026,house,IL,12,win_prob_D,prob,1,0,0,0,0.007,0.007,0.007,,open,single,grant_williams,2026-08-20,0
2026-08-20,professional,HOU_IL_13_2026,house,IL,13,margin_D,pct,1,0,0,0,14.77,14.77,14.77,,open,single,grant_williams,2026-08-20,0
2026-08-20,professional,HOU_IL_13_2026,house,IL,13,win_prob_D,prob,1,0,0,0,0.9847,0.9847,0.9847,,open,single,grant_williams,2026-08-20,0
2026-08-20,professional,HOU_IL_14_2026,house,IL,14,margin_D,pct,1,0,0,0,12.91,12.91,12.91,,open,single,grant_williams,2026-08-20,0
2026-08-20,professional,HOU_IL_14_2026,house,IL,14,win_prob_D,prob,1,0,0,0,0.9776,0.9776,0.9776,,open,single,grant_williams,2026-08-20,0
2026-08-20,professional,HOU_IL_15_2026,house,IL,15,margin_D,pct,1,0,0,0,-16.22,-16.22,-16.22,,open,single,grant_williams,2026-08-20,0
2026-08-20,professional,HOU_IL_15_2026,house,IL,15,win_prob_D,prob,1,0,0,0,0.0122,0.0122,0.0122,,open,single,grant_williams,2026-08-20,0
2026-08-20,professional,HOU_IL_16_2026,house,IL,16,margin_D,pct,1,0,0,0,-7.5,-7.5,-7.5,,open,single,grant_williams,2026-08-20,0
2026-08-20,professional,HOU_IL_16_2026,house,IL,16,win_prob_D,prob,1,0,0,0,0.1177,0.1177,0.1177,,open,single,grant_williams,2026-08-20,0
2026-08-20,professional,HOU_IL_17_2026,house,IL,17,margin_D,pct,1,0,0,0,12.91,12.91,12.91,,open,single,grant_williams,2026-08-20,0
2026-08-20,professional,HOU_IL_17_2026,house,IL,17,win_prob_D,prob,1,0,0,0,0.9744,0.9744,0.9744,,open,single,grant_williams,2026-08-20,0
2026-08-20,professional,HOU_IN_01_2026,house,IN,01,margin_D,pct,1,0,0,0,10.99,10.99,10.99,,open,single,grant_williams,2026-08-20,0
2026-08-20,professional,HOU_IN_01_2026,house,IN,01,win_prob_D,prob,1,0,0,0,0.9543,0.9543,0.9543,,open,single,grant_williams,2026-08-20,0
2026-08-20,professional,HOU_IN_02_2026,house,IN,02,margin_D,pct,1,0,0,0,-9.59,-9.59,-9.59,,open,single,grant_williams,2026-08-20,0
2026-08-20,professional,HOU_IN_02_2026,house,IN,02,win_prob_D,prob,1,0,0,0,0.0686,0.0686,0.0686,,open,single,grant_williams,2026-08-20,0
2026-08-20,professional,HOU_IN_03_2026,house,IN,03,margin_D,pct,1,0,0,0,-12.36,-12.36,-12.36,,open,single,grant_williams,2026-08-20,0
2026-08-20,professional,HOU_IN_03_2026,house,IN,03,win_prob_D,prob,1,0,0,0,0.0351,0.0351,0.0351,,open,single,grant_williams,2026-08-20,0
2026-08-20,professional,HOU_IN_04_2026,house,IN,04,margin_D,pct,1,0,0,0,-11.47,-11.47,-11.47,,open,single,grant_williams,2026-08-20,0
2026-08-20,professional,HOU_IN_04_2026,house,IN,04,win_prob_D,prob,1,0,0,0,0.0412,0.0412,0.0412,,open,single,grant_williams,2026-08-20,0
2026-08-20,professional,HOU_IN_05_2026,house,IN,05,margin_D,pct,1,0,0,0,-4.73,-4.73,-4.73,,open,single,grant_williams,2026-08-20,0
2026-08-20,professional,HOU_IN_05_2026,house,IN,05,win_prob_D,prob,1,0,0,0,0.2288,0.2288,0.2288,,open,single,grant_williams,2026-08-20,0
2026-08-20,professional,HOU_IN_06_2026,house,IN,06,margin_D,pct,1,0,0,0,-12.42,-12.42,-12.42,,open,single,grant_williams,2026-08-20,0
2026-08-20,professional,HOU_IN_06_2026,house,IN,06,win_prob_D,prob,1,0,0,0,0.0338,0.0338,0.0338,,open,single,grant_williams,2026-08-20,0
2026-08-20,professional,HOU_IN_07_2026,house,IN,07,margin_D,pct,1,0,0,0,30.14,30.14,30.14,,open,single,grant_williams,2026-08-20,0
2026-08-20,professional,HOU_IN_07_2026,house,IN,07,win_prob_D,prob,1,0,0,0,0.9996,0.9996,0.9996,,open,single,grant_williams,2026-08-20,0
2026-08-20,professional,HOU_IN_08_2026,house,IN,08,margin_D,pct,1,0,0,0,-14.36,-14.36,-14.36,,open,single,grant_williams,2026-08-20,0
2026-08-20,professional,HOU_IN_08_2026,house,IN,08,win_prob_D,prob,1,0,0,0,0.0193,0.0193,0.0193,,open,single,grant_williams,2026-08-20,0
2026-08-20,professional,HOU_IN_09_2026,house,IN,09,margin_D,pct,1,0,0,0,-11.32,-11.32,-11.32,,open,single,grant_williams,2026-08-20,0
2026-08-20,professional,HOU_IN_09_2026,house,IN,09,win_prob_D,prob,1,0,0,0,0.0457,0.0457,0.0457,,open,single,grant_williams,2026-08-20,0
2026-08-20,professional,HOU_KS_01_2026,house,KS,01,margin_D,pct,1,0,0,0,-12.46,-12.46,-12.46,,open,single,grant_williams,2026-08-20,0
2026-08-20,professional,HOU_KS_01_2026,house,KS,01,win_prob_D,prob,1,0,0,0,0.0337,0.0337,0.0337,,open,single,grant_williams,2026-08-20,0
2026-08-20,professional,HOU_KS_02_2026,house,KS,02,margin_D,pct,1,0,0,0,-6.75,-6.75,-6.75,,open,single,grant_williams,2026-08-20,0
2026-08-20,professional,HOU_KS_02_2026,house,KS,02,win_prob_D,prob,1,0,0,0,0.1452,0.1452,0.1452,,open,single,grant_williams,2026-08-20,0
2026-08-20,professional,HOU_KS_03_2026,house,KS,03,margin_D,pct,1,0,0,0,11.99,11.99,11.99,,open,single,grant_williams,2026-08-20,0
2026-08-20,professional,HOU_KS_03_2026,house,KS,03,win_prob_D,prob,1,0,0,0,0.9642,0.9642,0.9642,,open,single,grant_williams,2026-08-20,0
2026-08-20,professional,HOU_KS_04_2026,house,KS,04,margin_D,pct,1,0,0,0,-8.6,-8.6,-8.6,,open,single,grant_williams,2026-08-20,0
2026-08-20,professional,HOU_KS_04_2026,house,KS,04,win_prob_D,prob,1,0,0,0,0.0977,0.0977,0.0977,,open,single,grant_williams,2026-08-20,0
2026-08-20,professional,HOU_KY_01_2026,house,KY,01,margin_D,pct,1,0,0,0,-20.98,-20.98,-20.98,,open,single,grant_williams,2026-08-20,0
2026-08-20,professional,HOU_KY_01_2026,house,KY,01,win_prob_D,prob,1,0,0,0,0.0036,0.0036,0.0036,,open,single,grant_williams,2026-08-20,0
2026-08-20,professional,HOU_KY_02_2026,house,KY,02,margin_D,pct,1,0,0,0,-18.09,-18.09,-18.09,,open,single,grant_williams,2026-08-20,0
2026-08-20,professional,HOU_KY_02_2026,house,KY,02,win_prob_D,prob,1,0,0,0,0.0076,0.0076,0.0076,,open,single,grant_williams,2026-08-20,0
2026-08-20,professional,HOU_KY_03_2026,house,KY,03,margin_D,pct,1,0,0,0,17.72,17.72,17.72,,open,single,grant_williams,2026-08-20,0
2026-08-20,professional,HOU_KY_03_2026,house,KY,03,win_prob_D,prob,1,0,0,0,0.9925,0.9925,0.9925,,open,single,grant_williams,2026-08-20,0
2026-08-20,professional,HOU_KY_04_2026,house,KY,04,margin_D,pct,1,0,0,0,-12.69,-12.69,-12.69,,open,single,grant_williams,2026-08-20,0
2026-08-20,professional,HOU_KY_04_2026,house,KY,04,win_prob_D,prob,1,0,0,0,0.0278,0.0278,0.0278,,open,single,grant_williams,2026-08-20,0
2026-08-20,professional,HOU_KY_05_2026,house,KY,05,margin_D,pct,1,0,0,0,-29.62,-29.62,-29.62,,open,single,grant_williams,2026-08-20,0
2026-08-20,professional,HOU_KY_05_2026,house,KY,05,win_prob_D,prob,1,0,0,0,0.0005,0.0005,0.0005,,open,single,grant_williams,2026-08-20,0
2026-08-20,professional,HOU_KY_06_2026,house,KY,06,margin_D,pct,1,0,0,0,-3.49,-3.49,-3.49,,open,single,grant_williams,2026-08-20,0
2026-08-20,professional,HOU_KY_06_2026,house,KY,06,win_prob_D,prob,1,0,0,0,0.1979,0.1979,0.1979,,open,single,grant_williams,2026-08-20,0
2026-08-20,professional,HOU_LA_01_2026,house,LA,01,margin_D,pct,1,0,0,0,-16.89,-16.89,-16.89,,open,single,grant_williams,2026-08-20,0
2026-08-20,professional,HOU_LA_01_2026,house,LA,01,win_prob_D,prob,1,0,0,0,0.0114,0.0114,0.0114,,open,single,grant_williams,2026-08-20,0
2026-08-20,professional,HOU_LA_02_2026,house,LA,02,margin_D,pct,1,0,0,0,33.35,33.35,33.35,,open,single,grant_williams,2026-08-20,0
2026-08-20,professional,HOU_LA_02_2026,house,LA,02,win_prob_D,prob,1,0,0,0,0.9996,0.9996,0.9996,,open,single,grant_williams,2026-08-20,0
2026-08-20,professional,HOU_LA_03_2026,house,LA,03,margin_D,pct,1,0,0,0,-14.94,-14.94,-14.94,,open,single,grant_williams,2026-08-20,0
2026-08-20,professional,HOU_LA_03_2026,house,LA,03,win_prob_D,prob,1,0,0,0,0.0159,0.0159,0.0159,,open,single,grant_williams,2026-08-20,0
2026-08-20,professional,HOU_LA_04_2026,house,LA,04,margin_D,pct,1,0,0,0,-14.08,-14.08,-14.08,,open,single,grant_williams,2026-08-20,0
2026-08-20,professional,HOU_LA_04_2026,house,LA,04,win_prob_D,prob,1,0,0,0,0.0232,0.0232,0.0232,,open,single,grant_williams,2026-08-20,0
2026-08-20,professional,HOU_LA_05_2026,house,LA,05,margin_D,pct,1,0,0,0,-10.49,-10.49,-10.49,,open,single,grant_williams,2026-08-20,0
2026-08-20,professional,HOU_LA_05_2026,house,LA,05,win_prob_D,prob,1,0,0,0,0.0548,0.0548,0.0548,,open,single,grant_williams,2026-08-20,0
2026-08-20,professional,HOU_LA_06_2026,house,LA,06,margin_D,pct,1,0,0,0,-9.57,-9.57,-9.57,,open,single,grant_williams,2026-08-20,0
2026-08-20,professional,HOU_LA_06_2026,house,LA,06,win_prob_D,prob,1,0,0,0,0.0746,0.0746,0.0746,,open,single,grant_williams,2026-08-20,0
2026-08-20,professional,HOU_MA_01_2026,house,MA,01,margin_D,pct,1,0,0,0,19.02,19.02,19.02,,open,single,grant_williams,2026-08-20,0
2026-08-20,professional,HOU_MA_01_2026,house,MA,01,win_prob_D,prob,1,0,0,0,0.9951,0.9951,0.9951,,open,single,grant_williams,2026-08-20,0
2026-08-20,professional,HOU_MA_02_2026,house,MA,02,margin_D,pct,1,0,0,0,23.89,23.89,23.89,,open,single,grant_williams,2026-08-20,0
2026-08-20,professional,HOU_MA_02_2026,house,MA,02,win_prob_D,prob,1,0,0,0,0.9983,0.9983,0.9983,,open,single,grant_williams,2026-08-20,0
2026-08-20,professional,HOU_MA_03_2026,house,MA,03,margin_D,pct,1,0,0,0,21.96,21.96,21.96,,open,single,grant_williams,2026-08-20,0
2026-08-20,professional,HOU_MA_03_2026,house,MA,03,win_prob_D,prob,1,0,0,0,0.9978,0.9978,0.9978,,open,single,grant_williams,2026-08-20,0
2026-08-20,professional,HOU_MA_04_2026,house,MA,04,margin_D,pct,1,0,0,0,21.93,21.93,21.93,,open,single,grant_williams,2026-08-20,0
2026-08-20,professional,HOU_MA_04_2026,house,MA,04,win_prob_D,prob,1,0,0,0,0.9972,0.9972,0.9972,,open,single,grant_williams,2026-08-20,0
2026-08-20,professional,HOU_MA_05_2026,house,MA,05,margin_D,pct,1,0,0,0,34.38,34.38,34.38,,open,single,grant_williams,2026-08-20,0
2026-08-20,professional,HOU_MA_05_2026,house,MA,05,win_prob_D,prob,1,0,0,0,0.9999,0.9999,0.9999,,open,single,grant_williams,2026-08-20,0
2026-08-20,professional,HOU_MA_06_2026,house,MA,06,margin_D,pct,1,0,0,0,18.31,18.31,18.31,,open,single,grant_williams,2026-08-20,0
2026-08-20,professional,HOU_MA_06_2026,house,MA,06,win_prob_D,prob,1,0,0,0,0.9947,0.9947,0.9947,,open,single,grant_williams,2026-08-20,0
2026-08-20,professional,HOU_MA_07_2026,house,MA,07,margin_D,pct,1,0,0,0,44.09,44.09,44.09,,open,single,grant_williams,2026-08-20,0
2026-08-20,professional,HOU_MA_07_2026,house,MA,07,win_prob_D,prob,1,0,0,0,1.0,1.0,1.0,,open,single,grant_williams,2026-08-20,0
2026-08-20,professional,HOU_MA_08_2026,house,MA,08,margin_D,pct,1,0,0,0,25.81,25.81,25.81,,open,single,grant_williams,2026-08-20,0
2026-08-20,professional,HOU_MA_08_2026,house,MA,08,win_prob_D,prob,1,0,0,0,0.999,0.999,0.999,,open,single,grant_williams,2026-08-20,0
2026-08-20,professional,HOU_MA_09_2026,house,MA,09,margin_D,pct,1,0,0,0,17.14,17.14,17.14,,open,single,grant_williams,2026-08-20,0
2026-08-20,professional,HOU_MA_09_2026,house,MA,09,win_prob_D,prob,1,0,0,0,0.9909,0.9909,0.9909,,open,single,grant_williams,2026-08-20,0
2026-08-20,professional,HOU_MD_01_2026,house,MD,01,margin_D,pct,1,0,0,0,-4.61,-4.61,-4.61,,open,single,grant_williams,2026-08-20,0
2026-08-20,professional,HOU_MD_01_2026,house,MD,01,win_prob_D,prob,1,0,0,0,0.229,0.229,0.229,,open,single,grant_williams,2026-08-20,0
2026-08-20,professional,HOU_MD_02_2026,house,MD,02,margin_D,pct,1,0,0,0,19.75,19.75,19.75,,open,single,grant_williams,2026-08-20,0
2026-08-20,professional,HOU_MD_02_2026,house,MD,02,win_prob_D,prob,1,0,0,0,0.9951,0.9951,0.9951,,open,single,grant_williams,2026-08-20,0
2026-08-20,professional,HOU_MD_03_2026,house,MD,03,margin_D,pct,1,0,0,0,21.63,21.63,21.63,,open,single,grant_williams,2026-08-20,0
2026-08-20,professional,HOU_MD_03_2026,house,MD,03,win_prob_D,prob,1,0,0,0,0.9969,0.9969,0.9969,,open,single,grant_williams,2026-08-20,0
2026-08-20,professional,HOU_MD_04_2026,house,MD,04,margin_D,pct,1,0,0,0,47.56,47.56,47.56,,open,single,grant_williams,2026-08-20,0
2026-08-20,professional,HOU_MD_04_2026,house,MD,04,win_prob_D,prob,1,0,0,0,1.0,1.0,1.0,,open,single,grant_williams,2026-08-20,0
2026-08-20,professional,HOU_MD_05_2026,house,MD,05,margin_D,pct,1,0,0,0,22.89,22.89,22.89,,open,single,grant_williams,2026-08-20,0
2026-08-20,professional,HOU_MD_05_2026,house,MD,05,win_prob_D,prob,1,0,0,0,0.9977,0.9977,0.9977,,open,single,grant_williams,2026-08-20,0
2026-08-20,professional,HOU_MD_06_2026,house,MD,06,margin_D,pct,1,0,0,0,13.18,13.18,13.18,,open,single,grant_williams,2026-08-20,0
2026-08-20,professional,HOU_MD_06_2026,house,MD,06,win_prob_D,prob,1,0,0,0,0.9781,0.9781,0.9781,,open,single,grant_williams,2026-08-20,0
2026-08-20,professional,HOU_MD_07_2026,house,MD,07,margin_D,pct,1,0,0,0,39.76,39.76,39.76,,open,single,grant_williams,2026-08-20,0
2026-08-20,professional,HOU_MD_07_2026,house,MD,07,win_prob_D,prob,1,0,0,0,0.9999,0.9999,0.9999,,open,single,grant_williams,2026-08-20,0
2026-08-20,professional,HOU_MD_08_2026,house,MD,08,margin_D,pct,1,0,0,0,38.94,38.94,38.94,,open,single,grant_williams,2026-08-20,0
2026-08-20,professional,HOU_MD_08_2026,house,MD,08,win_prob_D,prob,1,0,0,0,0.9999,0.9999,0.9999,,open,single,grant_williams,2026-08-20,0
2026-08-20,professional,HOU_ME_01_2026,house,ME,01,margin_D,pct,1,0,0,0,22.02,22.02,22.02,,open,single,grant_williams,2026-08-20,0
2026-08-20,professional,HOU_ME_01_2026,house,ME,01,win_prob_D,prob,1,0,0,0,0.9979,0.9979,0.9979,,open,single,grant_williams,2026-08-20,0
2026-08-20,professional,HOU_ME_02_2026,house,ME,02,margin_D,pct,1,0,0,0,0.23,0.23,0.23,,open,single,grant_williams,2026-08-20,0
2026-08-20,professional,HOU_ME_02_2026,house,ME,02,win_prob_D,prob,1,0,0,0,0.5214,0.5214,0.5214,,open,single,grant_williams,2026-08-20,0
2026-08-20,professional,HOU_MI_01_2026,house,MI,01,margin_D,pct,1,0,0,0,-7.63,-7.63,-7.63,,open,single,grant_williams,2026-08-20,0
2026-08-20,professional,HOU_MI_01_2026,house,MI,01,win_prob_D,prob,1,0,0,0,0.1174,0.1174,0.1174,,open,single,grant_williams,2026-08-20,0
2026-08-20,professional,HOU_MI_02_2026,house,MI,02,margin_D,pct,1,0,0,0,-11.51,-11.51,-11.51,,open,single,grant_williams,2026-08-20,0
2026-08-20,professional,HOU_MI_02_2026,house,MI,02,win_prob_D,prob,1,0,0,0,0.0421,0.0421,0.0421,,open,single,grant_williams,2026-08-20,0
2026-08-20,professional,HOU_MI_03_2026,house,MI,03,margin_D,pct,1,0,0,0,13.92,13.92,13.92,,open,single,grant_williams,2026-08-20,0
2026-08-20,professional,HOU_MI_03_2026,house,MI,03,win_prob_D,prob,1,0,0,0,0.9816,0.9816,0.9816,,open,single,grant_williams,2026-08-20,0
2026-08-20,professional,HOU_MI_04_2026,house,MI,04,margin_D,pct,1,0,0,0,-0.2,-0.2,-0.2,,open,single,grant_williams,2026-08-20,0
2026-08-20,professional,HOU_MI_04_2026,house,MI,04,win_prob_D,prob,1,0,0,0,0.4845,0.4845,0.4845,,open,single,grant_williams,2026-08-20,0
2026-08-20,professional,HOU_MI_05_2026,house,MI,05,margin_D,pct,1,0,0,0,-9.54,-9.54,-9.54,,open,single,grant_williams,2026-08-20,0
2026-08-20,professional,HOU_MI_05_2026,house,MI,05,win_prob_D,prob,1,0,0,0,0.071,0.071,0.071,,open,single,grant_williams,2026-08-20,0
2026-08-20,professional,HOU_MI_06_2026,house,MI,06,margin_D,pct,1,0,0,0,21.58,21.58,21.58,,open,single,grant_williams,2026-08-20,0
2026-08-20,professional,HOU_MI_06_2026,house,MI,06,win_prob_D,prob,1,0,0,0,0.9978,0.9978,0.9978,,open,single,grant_williams,2026-08-20,0
2026-08-20,professional,HOU_MI_07_2026,house,MI,07,margin_D,pct,1,0,0,0,2.96,2.96,2.96,,open,single,grant_williams,2026-08-20,0
2026-08-20,professional,HOU_MI_07_2026,house,MI,07,win_prob_D,prob,1,0,0,0,0.6848,0.6848,0.6848,,open,single,grant_williams,2026-08-20,0
2026-08-20,professional,HOU_MI_08_2026,house,MI,08,margin_D,pct,1,0,0,0,9.19,9.19,9.19,,open,single,grant_williams,2026-08-20,0
2026-08-20,professional,HOU_MI_08_2026,house,MI,08,win_prob_D,prob,1,0,0,0,0.9252,0.9252,0.9252,,open,single,grant_williams,2026-08-20,0
2026-08-20,professional,HOU_MI_09_2026,house,MI,09,margin_D,pct,1,0,0,0,-12.43,-12.43,-12.43,,open,single,grant_williams,2026-08-20,0
2026-08-20,professional,HOU_MI_09_2026,house,MI,09,win_prob_D,prob,1,0,0,0,0.0306,0.0306,0.0306,,open,single,grant_williams,2026-08-20,0
2026-08-20,professional,HOU_MI_10_2026,house,MI,10,margin_D,pct,1,0,0,0,3.61,3.61,3.61,,open,single,grant_williams,2026-08-20,0
2026-08-20,professional,HOU_MI_10_2026,house,MI,10,win_prob_D,prob,1,0,0,0,0.7169,0.7169,0.7169,,open,single,grant_williams,2026-08-20,0
2026-08-20,professional,HOU_MI_11_2026,house,MI,11,margin_D,pct,1,0,0,0,15.14,15.14,15.14,,open,single,grant_williams,2026-08-20,0
2026-08-20,professional,HOU_MI_11_2026,house,MI,11,win_prob_D,prob,1,0,0,0,0.9878,0.9878,0.9878,,open,single,grant_williams,2026-08-20,0
2026-08-20,professional,HOU_MI_12_2026,house,MI,12,margin_D,pct,1,0,0,0,30.16,30.16,30.16,,open,single,grant_williams,2026-08-20,0
2026-08-20,professional,HOU_MI_12_2026,house,MI,12,win_prob_D,prob,1,0,0,0,0.9996,0.9996,0.9996,,open,single,grant_williams,2026-08-20,0
2026-08-20,professional,HOU_MI_13_2026,house,MI,13,margin_D,pct,1,0,0,0,27.54,27.54,27.54,,open,single,grant_williams,2026-08-20,0
2026-08-20,professional,HOU_MI_13_2026,house,MI,13,win_prob_D,prob,1,0,0,0,0.9996,0.9996,0.9996,,open,single,grant_williams,2026-08-20,0
2026-08-20,professional,HOU_MN_01_2026,house,MN,01,margin_D,pct,1,0,0,0,-2.74,-2.74,-2.74,,open,single,grant_williams,2026-08-20,0
2026-08-20,professional,HOU_MN_01_2026,house,MN,01,win_prob_D,prob,1,0,0,0,0.3301,0.3301,0.3301,,open,single,grant_williams,2026-08-20,0
2026-08-20,professional,HOU_MN_02_2026,house,MN,02,margin_D,pct,1,0,0,0,9.37,9.37,9.37,,open,single,grant_williams,2026-08-20,0
2026-08-20,professional,HOU_MN_02_2026,house,MN,02,win_prob_D,prob,1,0,0,0,0.9322,0.9322,0.9322,,open,single,grant_williams,2026-08-20,0
2026-08-20,professional,HOU_MN_03_2026,house,MN,03,margin_D,pct,1,0,0,0,20.67,20.67,20.67,,open,single,grant_williams,2026-08-20,0
2026-08-20,professional,HOU_MN_03_2026,house,MN,03,win_prob_D,prob,1,0,0,0,0.9972,0.9972,0.9972,,open,single,grant_williams,2026-08-20,0
2026-08-20,professional,HOU_MN_04_2026,house,MN,04,margin_D,pct,1,0,0,0,27.21,27.21,27.21,,open,single,grant_williams,2026-08-20,0
2026-08-20,professional,HOU_MN_04_2026,house,MN,04,win_prob_D,prob,1,0,0,0,0.9994,0.9994,0.9994,,open,single,grant_williams,2026-08-20,0
2026-08-20,professional,HOU_MN_05_2026,house,MN,05,margin_D,pct,1,0,0,0,40.73,40.73,40.73,,open,single,grant_williams,2026-08-20,0
2026-08-20,professional,HOU_MN_05_2026,house,MN,05,win_prob_D,prob,1,0,0,0,0.9999,0.9999,0.9999,,open,single,grant_williams,2026-08-20,0
2026-08-20,professional,HOU_MN_06_2026,house,MN,06,margin_D,pct,1,0,0,0,-6.68,-6.68,-6.68,,open,single,grant_williams,2026-08-20,0
2026-08-20,professional,HOU_MN_06_2026,house,MN,06,win_prob_D,prob,1,0,0,0,0.1493,0.1493,0.1493,,open,single,grant_williams,2026-08-20,0
2026-08-20,professional,HOU_MN_07_2026,house,MN,07,margin_D,pct,1,0,0,0,-14.27,-14.27,-14.27,,open,single,grant_williams,2026-08-20,0
2026-08-20,professional,HOU_MN_07_2026,house,MN,07,win_prob_D,prob,1,0,0,0,0.0209,0.0209,0.0209,,open,single,grant_williams,2026-08-20,0
2026-08-20,professional,HOU_MN_08_2026,house,MN,08,margin_D,pct,1,0,0,0,-3.81,-3.81,-3.81,,open,single,grant_williams,2026-08-20,0
2026-08-20,professional,HOU_MN_08_2026,house,MN,08,win_prob_D,prob,1,0,0,0,0.2705,0.2705,0.2705,,open,single,grant_williams,2026-08-20,0
2026-08-20,professional,HOU_MO_01_2026,house,MO,01,margin_D,pct,1,0,0,0,35.86,35.86,35.86,,open,single,grant_williams,2026-08-20,0
2026-08-20,professional,HOU_MO_01_2026,house,MO,01,win_prob_D,prob,1,0,0,0,0.9998,0.9998,0.9998,,open,single,grant_williams,2026-08-20,0
2026-08-20,professional,HOU_MO_02_2026,house,MO,02,margin_D,pct,1,0,0,0,-4.72,-4.72,-4.72,,open,single,grant_williams,2026-08-20,0
2026-08-20,professional,HOU_MO_02_2026,house,MO,02,win_prob_D,prob,1,0,0,0,0.225,0.225,0.225,,open,single,grant_williams,2026-08-20,0
2026-08-20,professional,HOU_MO_03_2026,house,MO,03,margin_D,pct,1,0,0,0,-8.62,-8.62,-8.62,,open,single,grant_williams,2026-08-20,0
2026-08-20,professional,HOU_MO_03_2026,house,MO,03,win_prob_D,prob,1,0,0,0,0.0894,0.0894,0.0894,,open,single,grant_williams,2026-08-20,0
2026-08-20,professional,HOU_MO_04_2026,house,MO,04,margin_D,pct,1,0,0,0,-8.63,-8.63,-8.63,,open,single,grant_williams,2026-08-20,0
2026-08-20,professional,HOU_MO_04_2026,house,MO,04,win_prob_D,prob,1,0,0,0,0.0896,0.0896,0.0896,,open,single,grant_williams,2026-08-20,0
2026-08-20,professional,HOU_MO_05_2026,house,MO,05,margin_D,pct,1,0,0,0,-0.49,-0.49,-0.49,,open,single,grant_williams,2026-08-20,0
2026-08-20,professional,HOU_MO_05_2026,house,MO,05,win_prob_D,prob,1,0,0,0,0.4641,0.4641,0.4641,,open,single,grant_williams,2026-08-20,0
2026-08-20,professional,HOU_MO_06_2026,house,MO,06,margin_D,pct,1,0,0,0,-7.84,-7.84,-7.84,,open,single,grant_williams,2026-08-20,0
2026-08-20,professional,HOU_MO_06_2026,house,MO,06,win_prob_D,prob,1,0,0,0,0.1101,0.1101,0.1101,,open,single,grant_williams,2026-08-20,0
2026-08-20,professional,HOU_MO_07_2026,house,MO,07,margin_D,pct,1,0,0,0,-19.1,-19.1,-19.1,,open,single,grant_williams,2026-08-20,0
2026-08-20,professional,HOU_MO_07_2026,house,MO,07,win_prob_D,prob,1,0,0,0,0.006,0.006,0.006,,open,single,grant_williams,2026-08-20,0
2026-08-20,professional,HOU_MO_08_2026,house,MO,08,margin_D,pct,1,0,0,0,-24.87,-24.87,-24.87,,open,single,grant_williams,2026-08-20,0
2026-08-20,professional,HOU_MO_08_2026,house,MO,08,win_prob_D,prob,1,0,0,0,0.0013,0.0013,0.0013,,open,single,grant_williams,2026-08-20,0
2026-08-20,professional,HOU_MS_01_2026,house,MS,01,margin_D,pct,1,0,0,0,-16.19,-16.19,-16.19,,open,single,grant_williams,2026-08-20,0
2026-08-20,professional,HOU_MS_01_2026,house,MS,01,win_prob_D,prob,1,0,0,0,0.0085,0.0085,0.0085,,open,single,grant_williams,2026-08-20,0
2026-08-20,professional,HOU_MS_02_2026,house,MS,02,margin_D,pct,1,0,0,0,18.65,18.65,18.65,,open,single,grant_williams,2026-08-20,0
2026-08-20,professional,HOU_MS_02_2026,house,MS,02,win_prob_D,prob,1,0,0,0,0.9941,0.9941,0.9941,,open,single,grant_williams,2026-08-20,0
2026-08-20,professional,HOU_MS_03_2026,house,MS,03,margin_D,pct,1,0,0,0,-12.41,-12.41,-12.41,,open,single,grant_williams,2026-08-20,0
2026-08-20,professional,HOU_MS_03_2026,house,MS,03,win_prob_D,prob,1,0,0,0,0.0341,0.0341,0.0341,,open,single,grant_williams,2026-08-20,0
2026-08-20,professional,HOU_MS_04_2026,house,MS,04,margin_D,pct,1,0,0,0,-19.18,-19.18,-19.18,,open,single,grant_williams,2026-08-20,0
2026-08-20,professional,HOU_MS_04_2026,house,MS,04,win_prob_D,prob,1,0,0,0,0.0054,0.0054,0.0054,,open,single,grant_williams,2026-08-20,0
2026-08-20,professional,HOU_MT_01_2026,house,MT,01,margin_D,pct,1,0,0,0,0.92,0.92,0.92,,open,single,grant_williams,2026-08-20,0
2026-08-20,professional,HOU_MT_01_2026,house,MT,01,win_prob_D,prob,1,0,0,0,0.5519,0.5519,0.5519,,open,single,grant_williams,2026-08-20,0
2026-08-20,professional,HOU_MT_02_2026,house,MT,02,margin_D,pct,1,0,0,0,-12.28,-12.28,-12.28,,open,single,grant_williams,2026-08-20,0
2026-08-20,professional,HOU_MT_02_2026,house,MT,02,win_prob_D,prob,1,0,0,0,0.0343,0.0343,0.0343,,open,single,grant_williams,2026-08-20,0
2026-08-20,professional,HOU_NC_01_2026,house,NC,01,margin_D,pct,1,0,0,0,2.71,2.71,2.71,,open,single,grant_williams,2026-08-20,0
2026-08-20,professional,HOU_NC_01_2026,house,NC,01,win_prob_D,prob,1,0,0,0,0.7395,0.7395,0.7395,,open,single,grant_williams,2026-08-20,0
2026-08-20,professional,HOU_NC_02_2026,house,NC,02,margin_D,pct,1,0,0,0,25.12,25.12,25.12,,open,single,grant_williams,2026-08-20,0
2026-08-20,professional,HOU_NC_02_2026,house,NC,02,win_prob_D,prob,1,0,0,0,0.9991,0.9991,0.9991,,open,single,grant_williams,2026-08-20,0
2026-08-20,professional,HOU_NC_03_2026,house,NC,03,margin_D,pct,1,0,0,0,-4.06,-4.06,-4.06,,open,single,grant_williams,2026-08-20,0
2026-08-20,professional,HOU_NC_03_2026,house,NC,03,win_prob_D,prob,1,0,0,0,0.2536,0.2536,0.2536,,open,single,grant_williams,2026-08-20,0
2026-08-20,professional,HOU_NC_04_2026,house,NC,04,margin_D,pct,1,0,0,0,30.83,30.83,30.83,,open,single,grant_williams,2026-08-20,0
2026-08-20,professional,HOU_NC_04_2026,house,NC,04,win_prob_D,prob,1,0,0,0,0.9996,0.9996,0.9996,,open,single,grant_williams,2026-08-20,0
2026-08-20,professional,HOU_NC_05_2026,house,NC,05,margin_D,pct,1,0,0,0,-6.88,-6.88,-6.88,,open,single,grant_williams,2026-08-20,0
2026-08-20,professional,HOU_NC_05_2026,house,NC,05,win_prob_D,prob,1,0,0,0,0.1382,0.1382,0.1382,,open,single,grant_williams,2026-08-20,0
2026-08-20,professional,HOU_NC_06_2026,house,NC,06,margin_D,pct,1,0,0,0,-6.93,-6.93,-6.93,,open,single,grant_williams,2026-08-20,0
2026-08-20,professional,HOU_NC_06_2026,house,NC,06,win_prob_D,prob,1,0,0,0,0.1347,0.1347,0.1347,,open,single,grant_williams,2026-08-20,0
2026-08-20,professional,HOU_NC_07_2026,house,NC,07,margin_D,pct,1,0,0,0,-4.97,-4.97,-4.97,,open,single,grant_williams,2026-08-20,0
2026-08-20,professional,HOU_NC_07_2026,house,NC,07,win_prob_D,prob,1,0,0,0,0.2115,0.2115,0.2115,,open,single,grant_williams,2026-08-20,0
2026-08-20,professional,HOU_NC_08_2026,house,NC,08,margin_D,pct,1,0,0,0,-7.91,-7.91,-7.91,,open,single,grant_williams,2026-08-20,0
2026-08-20,professional,HOU_NC_08_2026,house,NC,08,win_prob_D,prob,1,0,0,0,0.1065,0.1065,0.1065,,open,single,grant_williams,2026-08-20,0
2026-08-20,professional,HOU_NC_09_2026,house,NC,09,margin_D,pct,1,0,0,0,-5.97,-5.97,-5.97,,open,single,grant_williams,2026-08-20,0
2026-08-20,professional,HOU_NC_09_2026,house,NC,09,win_prob_D,prob,1,0,0,0,0.1735,0.1735,0.1735,,open,single,grant_williams,2026-08-20,0
2026-08-20,professional,HOU_NC_10_2026,house,NC,10,margin_D,pct,1,0,0,0,-6.91,-6.91,-6.91,,open,single,grant_williams,2026-08-20,0
2026-08-20,professional,HOU_NC_10_2026,house,NC,10,win_prob_D,prob,1,0,0,0,0.1397,0.1397,0.1397,,open,single,grant_williams,2026-08-20,0
2026-08-20,professional,HOU_NC_11_2026,house,NC,11,margin_D,pct,1,0,0,0,0.45,0.45,0.45,,open,single,grant_williams,2026-08-20,0
2026-08-20,professional,HOU_NC_11_2026,house,NC,11,win_prob_D,prob,1,0,0,0,0.5285,0.5285,0.5285,,open,single,grant_williams,2026-08-20,0
2026-08-20,professional,HOU_NC_12_2026,house,NC,12,margin_D,pct,1,0,0,0,31.93,31.93,31.93,,open,single,grant_williams,2026-08-20,0
2026-08-20,professional,HOU_NC_12_2026,house,NC,12,win_prob_D,prob,1,0,0,0,0.9997,0.9997,0.9997,,open,single,grant_williams,2026-08-20,0
2026-08-20,professional,HOU_NC_13_2026,house,NC,13,margin_D,pct,1,0,0,0,-5.93,-5.93,-5.93,,open,single,grant_williams,2026-08-20,0
2026-08-20,professional,HOU_NC_13_2026,house,NC,13,win_prob_D,prob,1,0,0,0,0.1732,0.1732,0.1732,,open,single,grant_williams,2026-08-20,0
2026-08-20,professional,HOU_NC_14_2026,house,NC,14,margin_D,pct,1,0,0,0,-5.95,-5.95,-5.95,,open,single,grant_williams,2026-08-20,0
2026-08-20,professional,HOU_NC_14_2026,house,NC,14,win_prob_D,prob,1,0,0,0,0.1715,0.1715,0.1715,,open,single,grant_williams,2026-08-20,0
2026-08-20,professional,HOU_ND_01_2026,house,ND,01,margin_D,pct,1,0,0,0,-14.43,-14.43,-14.43,,open,single,grant_williams,2026-08-20,0
2026-08-20,professional,HOU_ND_01_2026,house,ND,01,win_prob_D,prob,1,0,0,0,0.0195,0.0195,0.0195,,open,single,grant_williams,2026-08-20,0
2026-08-20,professional,HOU_NE_01_2026,house,NE,01,margin_D,pct,1,0,0,0,-2.85,-2.85,-2.85,,open,single,grant_williams,2026-08-20,0
2026-08-20,professional,HOU_NE_01_2026,house,NE,01,win_prob_D,prob,1,0,0,0,0.3288,0.3288,0.3288,,open,single,grant_williams,2026-08-20,0
2026-08-20,professional,HOU_NE_02_2026,house,NE,02,margin_D,pct,1,0,0,0,9.26,9.26,9.26,,open,single,grant_williams,2026-08-20,0
2026-08-20,professional,HOU_NE_02_2026,house,NE,02,win_prob_D,prob,1,0,0,0,0.9254,0.9254,0.9254,,open,single,grant_williams,2026-08-20,0
2026-08-20,professional,HOU_NE_03_2026,house,NE,03,margin_D,pct,1,0,0,0,-23.02,-23.02,-23.02,,open,single,grant_williams,2026-08-20,0
2026-08-20,professional,HOU_NE_03_2026,house,NE,03,win_prob_D,prob,1,0,0,0,0.0021,0.0021,0.0021,,open,single,grant_williams,2026-08-20,0
2026-08-20,professional,HOU_NH_01_2026,house,NH,01,margin_D,pct,1,0,0,0,9.83,9.83,9.83,,open,single,grant_williams,2026-08-20,0
2026-08-20,professional,HOU_NH_01_2026,house,NH,01,win_prob_D,prob,1,0,0,0,0.9383,0.9383,0.9383,,open,single,grant_williams,2026-08-20,0
2026-08-20,professional,HOU_NH_02_2026,house,NH,02,margin_D,pct,1,0,0,0,15.37,15.37,15.37,,open,single,grant_williams,2026-08-20,0
2026-08-20,professional,HOU_NH_02_2026,house,NH,02,win_prob_D,prob,1,0,0,0,0.9978,0.9978,0.9978,,open,single,grant_williams,2026-08-20,0
2026-08-20,professional,HOU_NJ_01_2026,house,NJ,01,margin_D,pct,1,0,0,0,19.81,19.81,19.81,,open,single,grant_williams,2026-08-20,0
2026-08-20,professional,HOU_NJ_01_2026,house,NJ,01,win_prob_D,prob,1,0,0,0,0.9962,0.9962,0.9962,,open,single,grant_williams,2026-08-20,0
2026-08-20,professional,HOU_NJ_02_2026,house,NJ,02,margin_D,pct,1,0,0,0,-1.62,-1.62,-1.62,,open,single,grant_williams,2026-08-20,0
2026-08-20,professional,HOU_NJ_02_2026,house,NJ,02,win_prob_D,prob,1,0,0,0,0.3856,0.3856,0.3856,,open,single,grant_williams,2026-08-20,0
2026-08-20,professional,HOU_NJ_03_2026,house,NJ,03,margin_D,pct,1,0,0,0,15.11,15.11,15.11,,open,single,grant_williams,2026-08-20,0
2026-08-20,professional,HOU_NJ_03_2026,house,NJ,03,win_prob_D,prob,1,0,0,0,0.9864,0.9864,0.9864,,open,single,grant_williams,2026-08-20,0
2026-08-20,professional,HOU_NJ_04_2026,house,NJ,04,margin_D,pct,1,0,0,0,-10.4,-10.4,-10.4,,open,single,grant_williams,2026-08-20,0
2026-08-20,professional,HOU_NJ_04_2026,house,NJ,04,win_prob_D,prob,1,0,0,0,0.0564,0.0564,0.0564,,open,single,grant_williams,2026-08-20,0
2026-08-20,professional,HOU_NJ_05_2026,house,NJ,05,margin_D,pct,1,0,0,0,12.12,12.12,12.12,,open,single,grant_williams,2026-08-20,0
2026-08-20,professional,HOU_NJ_05_2026,house,NJ,05,win_prob_D,prob,1,0,0,0,0.9688,0.9688,0.9688,,open,single,grant_williams,2026-08-20,0
2026-08-20,professional,HOU_NJ_06_2026,house,NJ,06,margin_D,pct,1,0,0,0,15.08,15.08,15.08,,open,single,grant_williams,2026-08-20,0
2026-08-20,professional,HOU_NJ_06_2026,house,NJ,06,win_prob_D,prob,1,0,0,0,0.9872,0.9872,0.9872,,open,single,grant_williams,2026-08-20,0
2026-08-20,professional,HOU_NJ_07_2026,house,NJ,07,margin_D,pct,1,0,0,0,2.98,2.98,2.98,,open,single,grant_williams,2026-08-20,0
2026-08-20,professional,HOU_NJ_07_2026,house,NJ,07,win_prob_D,prob,1,0,0,0,0.6852,0.6852,0.6852,,open,single,grant_williams,2026-08-20,0
2026-08-20,professional,HOU_NJ_08_2026,house,NJ,08,margin_D,pct,1,0,0,0,24.5,24.5,24.5,,open,single,grant_williams,2026-08-20,0
2026-08-20,professional,HOU_NJ_08_2026,house,NJ,08,win_prob_D,prob,1,0,0,0,0.9979,0.9979,0.9979,,open,single,grant_williams,2026-08-20,0
2026-08-20,professional,HOU_NJ_09_2026,house,NJ,09,margin_D,pct,1,0,0,0,12.14,12.14,12.14,,open,single,grant_williams,2026-08-20,0
2026-08-20,professional,HOU_NJ_09_2026,house,NJ,09,win_prob_D,prob,1,0,0,0,0.9699,0.9699,0.9699,,open,single,grant_williams,2026-08-20,0
2026-08-20,professional,HOU_NJ_10_2026,house,NJ,10,margin_D,pct,1,0,0,0,36.09,36.09,36.09,,open,single,grant_williams,2026-08-20,0
2026-08-20,professional,HOU_NJ_10_2026,house,NJ,10,win_prob_D,prob,1,0,0,0,0.9998,0.9998,0.9998,,open,single,grant_williams,2026-08-20,0
2026-08-20,professional,HOU_NJ_11_2026,house,NJ,11,margin_D,pct,1,0,0,0,14.96,14.96,14.96,,open,single,grant_williams,2026-08-20,0
2026-08-20,professional,HOU_NJ_11_2026,house,NJ,11,win_prob_D,prob,1,0,0,0,0.9859,0.9859,0.9859,,open,single,grant_williams,2026-08-20,0
2026-08-20,professional,HOU_NJ_12_2026,house,NJ,12,margin_D,pct,1,0,0,0,19.09,19.09,19.09,,open,single,grant_williams,2026-08-20,0
2026-08-20,professional,HOU_NJ_12_2026,house,NJ,12,win_prob_D,prob,1,0,0,0,0.9958,0.9958,0.9958,,open,single,grant_williams,2026-08-20,0
2026-08-20,professional,HOU_NM_01_2026,house,NM,01,margin_D,pct,1,0,0,0,18.77,18.77,18.77,,open,single,grant_williams,2026-08-20,0
2026-08-20,professional,HOU_NM_01_2026,house,NM,01,win_prob_D,prob,1,0,0,0,0.9956,0.9956,0.9956,,open,single,grant_williams,2026-08-20,0
2026-08-20,professional,HOU_NM_02_2026,house,NM,02,margin_D,pct,1,0,0,0,12.04,12.04,12.04,,open,single,grant_williams,2026-08-20,0
2026-08-20,professional,HOU_NM_02_2026,house,NM,02,win_prob_D,prob,1,0,0,0,0.97,0.97,0.97,,open,single,grant_williams,2026-08-20,0
2026-08-20,professional,HOU_NM_03_2026,house,NM,03,margin_D,pct,1,0,0,0,15.0,15.0,15.0,,open,single,grant_williams,2026-08-20,0
2026-08-20,professional,HOU_NM_03_2026,house,NM,03,win_prob_D,prob,1,0,0,0,0.9848,0.9848,0.9848,,open,single,grant_williams,2026-08-20,0
2026-08-20,professional,HOU_NV_01_2026,house,NV,01,margin_D,pct,1,0,0,0,14.0,14.0,14.0,,open,single,grant_williams,2026-08-20,0
2026-08-20,professional,HOU_NV_01_2026,house,NV,01,win_prob_D,prob,1,0,0,0,0.9849,0.9849,0.9849,,open,single,grant_williams,2026-08-20,0
2026-08-20,professional,HOU_NV_02_2026,house,NV,02,margin_D,pct,1,0,0,0,1.89,1.89,1.89,,open,single,grant_williams,2026-08-20,0
2026-08-20,professional,HOU_NV_02_2026,house,NV,02,win_prob_D,prob,1,0,0,0,0.6176,0.6176,0.6176,,open,single,grant_williams,2026-08-20,0
2026-08-20,professional,HOU_NV_03_2026,house,NV,03,margin_D,pct,1,0,0,0,13.04,13.04,13.04,,open,single,grant_williams,2026-08-20,0
2026-08-20,professional,HOU_NV_03_2026,house,NV,03,win_prob_D,prob,1,0,0,0,0.9754,0.9754,0.9754,,open,single,grant_williams,2026-08-20,0
2026-08-20,professional,HOU_NV_04_2026,house,NV,04,margin_D,pct,1,0,0,0,14.0,14.0,14.0,,open,single,grant_williams,2026-08-20,0
2026-08-20,professional,HOU_NV_04_2026,house,NV,04,win_prob_D,prob,1,0,0,0,0.9807,0.9807,0.9807,,open,single,grant_williams,2026-08-20,0
2026-08-20,professional,HOU_NY_01_2026,house,NY,01,margin_D,pct,1,0,0,0,-0.78,-0.78,-0.78,,open,single,grant_williams,2026-08-20,0
2026-08-20,professional,HOU_NY_01_2026,house,NY,01,win_prob_D,prob,1,0,0,0,0.447,0.447,0.447,,open,single,grant_williams,2026-08-20,0
2026-08-20,professional,HOU_NY_02_2026,house,NY,02,margin_D,pct,1,0,0,0,-2.69,-2.69,-2.69,,open,single,grant_williams,2026-08-20,0
2026-08-20,professional,HOU_NY_02_2026,house,NY,02,win_prob_D,prob,1,0,0,0,0.335,0.335,0.335,,open,single,grant_williams,2026-08-20,0
2026-08-20,professional,HOU_NY_03_2026,house,NY,03,margin_D,pct,1,0,0,0,10.25,10.25,10.25,,open,single,grant_williams,2026-08-20,0
2026-08-20,professional,HOU_NY_03_2026,house,NY,03,win_prob_D,prob,1,0,0,0,0.9443,0.9443,0.9443,,open,single,grant_williams,2026-08-20,0
2026-08-20,professional,HOU_NY_04_2026,house,NY,04,margin_D,pct,1,0,0,0,12.08,12.08,12.08,,open,single,grant_williams,2026-08-20,0
2026-08-20,professional,HOU_NY_04_2026,house,NY,04,win_prob_D,prob,1,0,0,0,0.9647,0.9647,0.9647,,open,single,grant_williams,2026-08-20,0
2026-08-20,professional,HOU_NY_05_2026,house,NY,05,margin_D,pct,1,0,0,0,33.32,33.32,33.32,,open,single,grant_williams,2026-08-20,0
2026-08-20,professional,HOU_NY_05_2026,house,NY,05,win_prob_D,prob,1,0,0,0,0.9996,0.9996,0.9996,,open,single,grant_williams,2026-08-20,0
2026-08-20,professional,HOU_NY_06_2026,house,NY,06,margin_D,pct,1,0,0,0,15.93,15.93,15.93,,open,single,grant_williams,2026-08-20,0
2026-08-20,professional,HOU_NY_06_2026,house,NY,06,win_prob_D,prob,1,0,0,0,0.9885,0.9885,0.9885,,open,single,grant_williams,2026-08-20,0
2026-08-20,professional,HOU_NY_07_2026,house,NY,07,margin_D,pct,1,0,0,0,30.71,30.71,30.71,,open,single,grant_williams,2026-08-20,0
2026-08-20,professional,HOU_NY_07_2026,house,NY,07,win_prob_D,prob,1,0,0,0,0.9995,0.9995,0.9995,,open,single,grant_williams,2026-08-20,0
2026-08-20,professional,HOU_NY_08_2026,house,NY,08,margin_D,pct,1,0,0,0,33.1,33.1,33.1,,open,single,grant_williams,2026-08-20,0
2026-08-20,professional,HOU_NY_08_2026,house,NY,08,win_prob_D,prob,1,0,0,0,0.9999,0.9999,0.9999,,open,single,grant_williams,2026-08-20,0
2026-08-20,professional,HOU_NY_09_2026,house,NY,09,margin_D,pct,1,0,0,0,31.31,31.31,31.31,,open,single,grant_williams,2026-08-20,0
2026-08-20,professional,HOU_NY_09_2026,house,NY,09,win_prob_D,prob,1,0,0,0,0.9996,0.9996,0.9996,,open,single,grant_williams,2026-08-20,0
2026-08-20,professional,HOU_NY_10_2026,house,NY,10,margin_D,pct,1,0,0,0,37.29,37.29,37.29,,open,single,grant_williams,2026-08-20,0
2026-08-20,professional,HOU_NY_10_2026,house,NY,10,win_prob_D,prob,1,0,0,0,0.9996,0.9996,0.9996,,open,single,grant_williams,2026-08-20,0
2026-08-20,professional,HOU_NY_11_2026,house,NY,11,margin_D,pct,1,0,0,0,-6.52,-6.52,-6.52,,open,single,grant_williams,2026-08-20,0
2026-08-20,professional,HOU_NY_11_2026,house,NY,11,win_prob_D,prob,1,0,0,0,0.1579,0.1579,0.1579,,open,single,grant_williams,2026-08-20,0
2026-08-20,professional,HOU_NY_12_2026,house,NY,12,margin_D,pct,1,0,0,0,38.29,38.29,38.29,,open,single,grant_williams,2026-08-20,0
2026-08-20,professional,HOU_NY_12_2026,house,NY,12,win_prob_D,prob,1,0,0,0,1.0,1.0,1.0,,open,single,grant_williams,2026-08-20,0
2026-08-20,professional,HOU_NY_13_2026,house,NY,13,margin_D,pct,1,0,0,0,37.36,37.36,37.36,,open,single,grant_williams,2026-08-20,0
2026-08-20,professional,HOU_NY_13_2026,house,NY,13,win_prob_D,prob,1,0,0,0,0.9999,0.9999,0.9999,,open,single,grant_williams,2026-08-20,0
2026-08-20,professional,HOU_NY_14_2026,house,NY,14,margin_D,pct,1,0,0,0,28.45,28.45,28.45,,open,single,grant_williams,2026-08-20,0
2026-08-20,professional,HOU_NY_14_2026,house,NY,14,win_prob_D,prob,1,0,0,0,0.9993,0.9993,0.9993,,open,single,grant_williams,2026-08-20,0
2026-08-20,professional,HOU_NY_15_2026,house,NY,15,margin_D,pct,1,0,0,0,36.06,36.06,36.06,,open,single,grant_williams,2026-08-20,0
2026-08-20,professional,HOU_NY_15_2026,house,NY,15,win_prob_D,prob,1,0,0,0,0.9999,0.9999,0.9999,,open,single,grant_williams,2026-08-20,0
2026-08-20,professional,HOU_NY_16_2026,house,NY,16,margin_D,pct,1,0,0,0,27.56,27.56,27.56,,open,single,grant_williams,2026-08-20,0
2026-08-20,professional,HOU_NY_16_2026,house,NY,16,win_prob_D,prob,1,0,0,0,0.9996,0.9996,0.9996,,open,single,grant_williams,2026-08-20,0
2026-08-20,professional,HOU_NY_17_2026,house,NY,17,margin_D,pct,1,0,0,0,4.02,4.02,4.02,,open,single,grant_williams,2026-08-20,0
2026-08-20,professional,HOU_NY_17_2026,house,NY,17,win_prob_D,prob,1,0,0,0,0.7384,0.7384,0.7384,,open,single,grant_williams,2026-08-20,0
2026-08-20,professional,HOU_NY_18_2026,house,NY,18,margin_D,pct,1,0,0,0,12.21,12.21,12.21,,open,single,grant_williams,2026-08-20,0
2026-08-20,professional,HOU_NY_18_2026,house,NY,18,win_prob_D,prob,1,0,0,0,0.9683,0.9683,0.9683,,open,single,grant_williams,2026-08-20,0
2026-08-20,professional,HOU_NY_19_2026,house,NY,19,margin_D,pct,1,0,0,0,11.19,11.19,11.19,,open,single,grant_williams,2026-08-20,0
2026-08-20,professional,HOU_NY_19_2026,house,NY,19,win_prob_D,prob,1,0,0,0,0.958,0.958,0.958,,open,single,grant_williams,2026-08-20,0
2026-08-20,professional,HOU_NY_20_2026,house,NY,20,margin_D,pct,1,0,0,0,17.97,17.97,17.97,,open,single,grant_williams,2026-08-20,0
2026-08-20,professional,HOU_NY_20_2026,house,NY,20,win_prob_D,prob,1,0,0,0,0.9948,0.9948,0.9948,,open,single,grant_williams,2026-08-20,0
2026-08-20,professional,HOU_NY_21_2026,house,NY,21,margin_D,pct,1,0,0,0,-2.95,-2.95,-2.95,,open,single,grant_williams,2026-08-20,0
2026-08-20,professional,HOU_NY_21_2026,house,NY,21,win_prob_D,prob,1,0,0,0,0.3163,0.3163,0.3163,,open,single,grant_williams,2026-08-20,0
2026-08-20,professional,HOU_NY_22_2026,house,NY,22,margin_D,pct,1,0,0,0,14.06,14.06,14.06,,open,single,grant_williams,2026-08-20,0
2026-08-20,professional,HOU_NY_22_2026,house,NY,22,win_prob_D,prob,1,0,0,0,0.9819,0.9819,0.9819,,open,single,grant_williams,2026-08-20,0
2026-08-20,professional,HOU_NY_23_2026,house,NY,23,margin_D,pct,1,0,0,0,-6.58,-6.58,-6.58,,open,single,grant_williams,2026-08-20,0
2026-08-20,professional,HOU_NY_23_2026,house,NY,23,win_prob_D,prob,1,0,0,0,0.15,0.15,0.15,,open,single,grant_williams,2026-08-20,0
2026-08-20,professional,HOU_NY_24_2026,house,NY,24,margin_D,pct,1,0,0,0,-7.43,-7.43,-7.43,,open,single,grant_williams,2026-08-20,0
2026-08-20,professional,HOU_NY_24_2026,house,NY,24,win_prob_D,prob,1,0,0,0,0.1217,0.1217,0.1217,,open,single,grant_williams,2026-08-20,0
2026-08-20,professional,HOU_NY_25_2026,house,NY,25,margin_D,pct,1,0,0,0,19.69,19.69,19.69,,open,single,grant_williams,2026-08-20,0
2026-08-20,professional,HOU_NY_25_2026,house,NY,25,win_prob_D,prob,1,0,0,0,0.9954,0.9954,0.9954,,open,single,grant_williams,2026-08-20,0
2026-08-20,professional,HOU_NY_26_2026,house,NY,26,margin_D,pct,1,0,0,0,20.77,20.77,20.77,,open,single,grant_williams,2026-08-20,0
2026-08-20,professional,HOU_NY_26_2026,house,NY,26,win_prob_D,prob,1,0,0,0,0.9964,0.9964,0.9964,,open,single,grant_williams,2026-08-20,0
2026-08-20,professional,HOU_OH_01_2026,house,OH,01,margin_D,pct,1,0,0,0,9.04,9.04,9.04,,open,single,grant_williams,2026-08-20,0
2026-08-20,professional,HOU_OH_01_2026,house,OH,01,win_prob_D,prob,1,0,0,0,0.9244,0.9244,0.9244,,open,single,grant_williams,2026-08-20,0
2026-08-20,professional,HOU_OH_02_2026,house,OH,02,margin_D,pct,1,0,0,0,-17.25,-17.25,-17.25,,open,single,grant_williams,2026-08-20,0
2026-08-20,professional,HOU_OH_02_2026,house,OH,02,win_prob_D,prob,1,0,0,0,0.0076,0.0076,0.0076,,open,single,grant_williams,2026-08-20,0
2026-08-20,professional,HOU_OH_03_2026,house,OH,03,margin_D,pct,1,0,0,0,30.19,30.19,30.19,,open,single,grant_williams,2026-08-20,0
2026-08-20,professional,HOU_OH_03_2026,house,OH,03,win_prob_D,prob,1,0,0,0,0.9993,0.9993,0.9993,,open,single,grant_williams,2026-08-20,0
2026-08-20,professional,HOU_OH_04_2026,house,OH,04,margin_D,pct,1,0,0,0,-17.16,-17.16,-17.16,,open,single,grant_williams,2026-08-20,0
2026-08-20,professional,HOU_OH_04_2026,house,OH,04,win_prob_D,prob,1,0,0,0,0.0095,0.0095,0.0095,,open,single,grant_williams,2026-08-20,0
2026-08-20,professional,HOU_OH_05_2026,house,OH,05,margin_D,pct,1,0,0,0,-8.58,-8.58,-8.58,,open,single,grant_williams,2026-08-20,0
2026-08-20,professional,HOU_OH_05_2026,house,OH,05,win_prob_D,prob,1,0,0,0,0.0973,0.0973,0.0973,,open,single,grant_williams,2026-08-20,0
2026-08-20,professional,HOU_OH_06_2026,house,OH,06,margin_D,pct,1,0,0,0,-13.31,-13.31,-13.31,,open,single,grant_williams,2026-08-20,0
2026-08-20,professional,HOU_OH_06_2026,house,OH,06,win_prob_D,prob,1,0,0,0,0.0295,0.0295,0.0295,,open,single,grant_williams,2026-08-20,0
2026-08-20,professional,HOU_OH_07_2026,house,OH,07,margin_D,pct,1,0,0,0,1.86,1.86,1.86,,open,single,grant_williams,2026-08-20,0
2026-08-20,professional,HOU_OH_07_2026,house,OH,07,win_prob_D,prob,1,0,0,0,0.669,0.669,0.669,,open,single,grant_williams,2026-08-20,0
2026-08-20,professional,HOU_OH_08_2026,house,OH,08,margin_D,pct,1,0,0,0,-4.71,-4.71,-4.71,,open,single,grant_williams,2026-08-20,0
2026-08-20,professional,HOU_OH_08_2026,house,OH,08,win_prob_D,prob,1,0,0,0,0.2248,0.2248,0.2248,,open,single,grant_williams,2026-08-20,0
2026-08-20,professional,HOU_OH_09_2026,house,OH,09,margin_D,pct,1,0,0,0,5.14,5.14,5.14,,open,single,grant_williams,2026-08-20,0
2026-08-20,professional,HOU_OH_09_2026,house,OH,09,win_prob_D,prob,1,0,0,0,0.7933,0.7933,0.7933,,open,single,grant_williams,2026-08-20,0
2026-08-20,professional,HOU_OH_10_2026,house,OH,10,margin_D,pct,1,0,0,0,-0.87,-0.87,-0.87,,open,single,grant_williams,2026-08-20,0
2026-08-20,professional,HOU_OH_10_2026,house,OH,10,win_prob_D,prob,1,0,0,0,0.4418,0.4418,0.4418,,open,single,grant_williams,2026-08-20,0
2026-08-20,professional,HOU_OH_11_2026,house,OH,11,margin_D,pct,1,0,0,0,36.9,36.9,36.9,,open,single,grant_williams,2026-08-20,0
2026-08-20,professional,HOU_OH_11_2026,house,OH,11,win_prob_D,prob,1,0,0,0,0.9999,0.9999,0.9999,,open,single,grant_williams,2026-08-20,0
2026-08-20,professional,HOU_OH_12_2026,house,OH,12,margin_D,pct,1,0,0,0,-11.46,-11.46,-11.46,,open,single,grant_williams,2026-08-20,0
2026-08-20,professional,HOU_OH_12_2026,house,OH,12,win_prob_D,prob,1,0,0,0,0.0431,0.0431,0.0431,,open,single,grant_williams,2026-08-20,0
2026-08-20,professional,HOU_OH_13_2026,house,OH,13,margin_D,pct,1,0,0,0,11.96,11.96,11.96,,open,single,grant_williams,2026-08-20,0
2026-08-20,professional,HOU_OH_13_2026,house,OH,13,win_prob_D,prob,1,0,0,0,0.9658,0.9658,0.9658,,open,single,grant_williams,2026-08-20,0
2026-08-20,professional,HOU_OH_14_2026,house,OH,14,margin_D,pct,1,0,0,0,-6.6,-6.6,-6.6,,open,single,grant_williams,2026-08-20,0
2026-08-20,professional,HOU_OH_14_2026,house,OH,14,win_prob_D,prob,1,0,0,0,0.1484,0.1484,0.1484,,open,single,grant_williams,2026-08-20,0
2026-08-20,professional,HOU_OH_15_2026,house,OH,15,margin_D,pct,1,0,0,0,-1.79,-1.79,-1.79,,open,single,grant_williams,2026-08-20,0
2026-08-20,professional,HOU_OH_15_2026,house,OH,15,win_prob_D,prob,1,0,0,0,0.3772,0.3772,0.3772,,open,single,grant_williams,2026-08-20,0
2026-08-20,professional,HOU_OK_01_2026,house,OK,01,margin_D,pct,1,0,0,0,-4.8,-4.8,-4.8,,open,single,grant_williams,2026-08-20,0
2026-08-20,professional,HOU_OK_01_2026,house,OK,01,win_prob_D,prob,1,0,0,0,0.2203,0.2203,0.2203,,open,single,grant_williams,2026-08-20,0
2026-08-20,professional,HOU_OK_02_2026,house,OK,02,margin_D,pct,1,0,0,0,-24.5,-24.5,-24.5,,open,single,grant_williams,2026-08-20,0
2026-08-20,professional,HOU_OK_02_2026,house,OK,02,win_prob_D,prob,1,0,0,0,0.0022,0.0022,0.0022,,open,single,grant_williams,2026-08-20,0
2026-08-20,professional,HOU_OK_03_2026,house,OK,03,margin_D,pct,1,0,0,0,-19.86,-19.86,-19.86,,open,single,grant_williams,2026-08-20,0
2026-08-20,professional,HOU_OK_03_2026,house,OK,03,win_prob_D,prob,1,0,0,0,0.0043,0.0043,0.0043,,open,single,grant_williams,2026-08-20,0
2026-08-20,professional,HOU_OK_04_2026,house,OK,04,margin_D,pct,1,0,0,0,-14.05,-14.05,-14.05,,open,single,grant_williams,2026-08-20,0
2026-08-20,professional,HOU_OK_04_2026,house,OK,04,win_prob_D,prob,1,0,0,0,0.021,0.021,0.021,,open,single,grant_williams,2026-08-20,0
2026-08-20,professional,HOU_OK_05_2026,house,OK,05,margin_D,pct,1,0,0,0,-6.29,-6.29,-6.29,,open,single,grant_williams,2026-08-20,0
2026-08-20,professional,HOU_OK_05_2026,house,OK,05,win_prob_D,prob,1,0,0,0,0.1608,0.1608,0.1608,,open,single,grant_williams,2026-08-20,0
2026-08-20,professional,HOU_OR_01_2026,house,OR,01,margin_D,pct,1,0,0,0,26.3,26.3,26.3,,open,single,grant_williams,2026-08-20,0
2026-08-20,professional,HOU_OR_01_2026,house,OR,01,win_prob_D,prob,1,0,0,0,0.9993,0.9993,0.9993,,open,single,grant_williams,2026-08-20,0
2026-08-20,professional,HOU_OR_02_2026,house,OR,02,margin_D,pct,1,0,0,0,-13.51,-13.51,-13.51,,open,single,grant_williams,2026-08-20,0
2026-08-20,professional,HOU_OR_02_2026,house,OR,02,win_prob_D,prob,1,0,0,0,0.0231,0.0231,0.0231,,open,single,grant_williams,2026-08-20,0
2026-08-20,professional,HOU_OR_03_2026,house,OR,03,margin_D,pct,1,0,0,0,30.07,30.07,30.07,,open,single,grant_williams,2026-08-20,0
2026-08-20,professional,HOU_OR_03_2026,house,OR,03,win_prob_D,prob,1,0,0,0,0.9999,0.9999,0.9999,,open,single,grant_williams,2026-08-20,0
2026-08-20,professional,HOU_OR_04_2026,house,OR,04,margin_D,pct,1,0,0,0,12.83,12.83,12.83,,open,single,grant_williams,2026-08-20,0
2026-08-20,professional,HOU_OR_04_2026,house,OR,04,win_prob_D,prob,1,0,0,0,0.9736,0.9736,0.9736,,open,single,grant_williams,2026-08-20,0
2026-08-20,professional,HOU_OR_05_2026,house,OR,05,margin_D,pct,1,0,0,0,10.88,10.88,10.88,,open,single,grant_williams,2026-08-20,0
2026-08-20,professional,HOU_OR_05_2026,house,OR,05,win_prob_D,prob,1,0,0,0,0.9551,0.9551,0.9551,,open,single,grant_williams,2026-08-20,0
2026-08-20,professional,HOU_OR_06_2026,house,OR,06,margin_D,pct,1,0,0,0,12.87,12.87,12.87,,open,single,grant_williams,2026-08-20,0
2026-08-20,professional,HOU_OR_06_2026,house,OR,06,win_prob_D,prob,1,0,0,0,0.975,0.975,0.975,,open,single,grant_williams,2026-08-20,0
2026-08-20,professional,HOU_PA_01_2026,house,PA,01,margin_D,pct,1,0,0,0,3.94,3.94,3.94,,open,single,grant_williams,2026-08-20,0
2026-08-20,professional,HOU_PA_01_2026,house,PA,01,win_prob_D,prob,1,0,0,0,0.7335,0.7335,0.7335,,open,single,grant_williams,2026-08-20,0
2026-08-20,professional,HOU_PA_02_2026,house,PA,02,margin_D,pct,1,0,0,0,28.34,28.34,28.34,,open,single,grant_williams,2026-08-20,0
2026-08-20,professional,HOU_PA_02_2026,house,PA,02,win_prob_D,prob,1,0,0,0,0.9992,0.9992,0.9992,,open,single,grant_williams,2026-08-20,0
2026-08-20,professional,HOU_PA_03_2026,house,PA,03,margin_D,pct,1,0,0,0,44.79,44.79,44.79,,open,single,grant_williams,2026-08-20,0
2026-08-20,professional,HOU_PA_03_2026,house,PA,03,win_prob_D,prob,1,0,0,0,0.9999,0.9999,0.9999,,open,single,grant_williams,2026-08-20,0
2026-08-20,professional,HOU_PA_04_2026,house,PA,04,margin_D,pct,1,0,0,0,17.73,17.73,17.73,,open,single,grant_williams,2026-08-20,0
2026-08-20,professional,HOU_PA_04_2026,house,PA,04,win_prob_D,prob,1,0,0,0,0.9946,0.9946,0.9946,,open,single,grant_williams,2026-08-20,0
2026-08-20,professional,HOU_PA_05_2026,house,PA,05,margin_D,pct,1,0,0,0,24.52,24.52,24.52,,open,single,grant_williams,2026-08-20,0
2026-08-20,professional,HOU_PA_05_2026,house,PA,05,win_prob_D,prob,1,0,0,0,0.9983,0.9983,0.9983,,open,single,grant_williams,2026-08-20,0
2026-08-20,professional,HOU_PA_06_2026,house,PA,06,margin_D,pct,1,0,0,0,15.85,15.85,15.85,,open,single,grant_williams,2026-08-20,0
2026-08-20,professional,HOU_PA_06_2026,house,PA,06,win_prob_D,prob,1,0,0,0,0.9891,0.9891,0.9891,,open,single,grant_williams,2026-08-20,0
2026-08-20,professional,HOU_PA_07_2026,house,PA,07,margin_D,pct,1,0,0,0,1.98,1.98,1.98,,open,single,grant_williams,2026-08-20,0
2026-08-20,professional,HOU_PA_07_2026,house,PA,07,win_prob_D,prob,1,0,0,0,0.6211,0.6211,0.6211,,open,single,grant_williams,2026-08-20,0
2026-08-20,professional,HOU_PA_08_2026,house,PA,08,margin_D,pct,1,0,0,0,-0.88,-0.88,-0.88,,open,single,grant_williams,2026-08-20,0
2026-08-20,professional,HOU_PA_08_2026,house,PA,08,win_prob_D,prob,1,0,0,0,0.4418,0.4418,0.4418,,open,single,grant_williams,2026-08-20,0
2026-08-20,professional,HOU_PA_09_2026,house,PA,09,margin_D,pct,1,0,0,0,-15.26,-15.26,-15.26,,open,single,grant_williams,2026-08-20,0
2026-08-20,professional,HOU_PA_09_2026,house,PA,09,win_prob_D,prob,1,0,0,0,0.0151,0.0151,0.0151,,open,single,grant_williams,2026-08-20,0
2026-08-20,professional,HOU_PA_10_2026,house,PA,10,margin_D,pct,1,0,0,0,-0.04,-0.04,-0.04,,open,single,grant_williams,2026-08-20,0
2026-08-20,professional,HOU_PA_10_2026,house,PA,10,win_prob_D,prob,1,0,0,0,0.4977,0.4977,0.4977,,open,single,grant_williams,2026-08-20,0
2026-08-20,professional,HOU_PA_11_2026,house,PA,11,margin_D,pct,1,0,0,0,-7.65,-7.65,-7.65,,open,single,grant_williams,2026-08-20,0
2026-08-20,professional,HOU_PA_11_2026,house,PA,11,win_prob_D,prob,1,0,0,0,0.1118,0.1118,0.1118,,open,single,grant_williams,2026-08-20,0
2026-08-20,professional,HOU_PA_12_2026,house,PA,12,margin_D,pct,1,0,0,0,19.66,19.66,19.66,,open,single,grant_williams,2026-08-20,0
2026-08-20,professional,HOU_PA_12_2026,house,PA,12,win_prob_D,prob,1,0,0,0,0.996,0.996,0.996,,open,single,grant_williams,2026-08-20,0
2026-08-20,professional,HOU_PA_13_2026,house,PA,13,margin_D,pct,1,0,0,0,-19.13,-19.13,-19.13,,open,single,grant_williams,2026-08-20,0
2026-08-20,professional,HOU_PA_13_2026,house,PA,13,win_prob_D,prob,1,0,0,0,0.0062,0.0062,0.0062,,open,single,grant_williams,2026-08-20,0
2026-08-20,professional,HOU_PA_14_2026,house,PA,14,margin_D,pct,1,0,0,0,-13.28,-13.28,-13.28,,open,single,grant_williams,2026-08-20,0
2026-08-20,professional,HOU_PA_14_2026,house,PA,14,win_prob_D,prob,1,0,0,0,0.0276,0.0276,0.0276,,open,single,grant_williams,2026-08-20,0
2026-08-20,professional,HOU_PA_15_2026,house,PA,15,margin_D,pct,1,0,0,0,-15.3,-15.3,-15.3,,open,single,grant_williams,2026-08-20,0
2026-08-20,professional,HOU_PA_15_2026,house,PA,15,win_prob_D,prob,1,0,0,0,0.0144,0.0144,0.0144,,open,single,grant_williams,2026-08-20,0
2026-08-20,professional,HOU_PA_16_2026,house,PA,16,margin_D,pct,1,0,0,0,-7.58,-7.58,-7.58,,open,single,grant_williams,2026-08-20,0
2026-08-20,professional,HOU_PA_16_2026,house,PA,16,win_prob_D,prob,1,0,0,0,0.1218,0.1218,0.1218,,open,single,grant_williams,2026-08-20,0
2026-08-20,professional,HOU_PA_17_2026,house,PA,17,margin_D,pct,1,0,0,0,12.93,12.93,12.93,,open,single,grant_williams,2026-08-20,0
2026-08-20,professional,HOU_PA_17_2026,house,PA,17,win_prob_D,prob,1,0,0,0,0.9746,0.9746,0.9746,,open,single,grant_williams,2026-08-20,0
2026-08-20,professional,HOU_RI_01_2026,house,RI,01,margin_D,pct,1,0,0,0,21.7,21.7,21.7,,open,single,grant_williams,2026-08-20,0
2026-08-20,professional,HOU_RI_01_2026,house,RI,01,win_prob_D,prob,1,0,0,0,0.9972,0.9972,0.9972,,open,single,grant_williams,2026-08-20,0
2026-08-20,professional,HOU_RI_02_2026,house,RI,02,margin_D,pct,1,0,0,0,14.05,14.05,14.05,,open,single,grant_williams,2026-08-20,0
2026-08-20,professional,HOU_RI_02_2026,house,RI,02,win_prob_D,prob,1,0,0,0,0.9827,0.9827,0.9827,,open,single,grant_williams,2026-08-20,0
2026-08-20,professional,HOU_SC_01_2026,house,SC,01,margin_D,pct,1,0,0,0,-1.15,-1.15,-1.15,,open,single,grant_williams,2026-08-20,0
2026-08-20,professional,HOU_SC_01_2026,house,SC,01,win_prob_D,prob,1,0,0,0,0.4212,0.4212,0.4212,,open,single,grant_williams,2026-08-20,0
2026-08-20,professional,HOU_SC_02_2026,house,SC,02,margin_D,pct,1,0,0,0,-5.72,-5.72,-5.72,,open,single,grant_williams,2026-08-20,0
2026-08-20,professional,HOU_SC_02_2026,house,SC,02,win_prob_D,prob,1,0,0,0,0.1864,0.1864,0.1864,,open,single,grant_williams,2026-08-20,0
2026-08-20,professional,HOU_SC_03_2026,house,SC,03,margin_D,pct,1,0,0,0,-19.15,-19.15,-19.15,,open,single,grant_williams,2026-08-20,0
2026-08-20,professional,HOU_SC_03_2026,house,SC,03,win_prob_D,prob,1,0,0,0,0.0038,0.0038,0.0038,,open,single,grant_williams,2026-08-20,0
2026-08-20,professional,HOU_SC_04_2026,house,SC,04,margin_D,pct,1,0,0,0,-9.51,-9.51,-9.51,,open,single,grant_williams,2026-08-20,0
2026-08-20,professional,HOU_SC_04_2026,house,SC,04,win_prob_D,prob,1,0,0,0,0.0764,0.0764,0.0764,,open,single,grant_williams,2026-08-20,0
2026-08-20,professional,HOU_SC_05_2026,house,SC,05,margin_D,pct,1,0,0,0,-5.99,-5.99,-5.99,,open,single,grant_williams,2026-08-20,0
2026-08-20,professional,HOU_SC_05_2026,house,SC,05,win_prob_D,prob,1,0,0,0,0.1695,0.1695,0.1695,,open,single,grant_williams,2026-08-20,0
2026-08-20,professional,HOU_SC_06_2026,house,SC,06,margin_D,pct,1,0,0,0,20.58,20.58,20.58,,open,single,grant_williams,2026-08-20,0
2026-08-20,professional,HOU_SC_06_2026,house,SC,06,win_prob_D,prob,1,0,0,0,0.9969,0.9969,0.9969,,open,single,grant_williams,2026-08-20,0
2026-08-20,professional,HOU_SC_07_2026,house,SC,07,margin_D,pct,1,0,0,0,-10.48,-10.48,-10.48,,open,single,grant_williams,2026-08-20,0
2026-08-20,professional,HOU_SC_07_2026,house,SC,07,win_prob_D,prob,1,0,0,0,0.0521,0.0521,0.0521,,open,single,grant_williams,2026-08-20,0
2026-08-20,professional,HOU_SD_01_2026,house,SD,01,margin_D,pct,1,0,0,0,-7.92,-7.92,-7.92,,open,single,grant_williams,2026-08-20,0
2026-08-20,professional,HOU_SD_01_2026,house,SD,01,win_prob_D,prob,1,0,0,0,0.1138,0.1138,0.1138,,open,single,grant_williams,2026-08-20,0
2026-08-20,professional,HOU_TN_01_2026,house,TN,01,margin_D,pct,1,0,0,0,-26.72,-26.72,-26.72,,open,single,grant_williams,2026-08-20,0
2026-08-20,professional,HOU_TN_01_2026,house,TN,01,win_prob_D,prob,1,0,0,0,0.0018,0.0018,0.0018,,open,single,grant_williams,2026-08-20,0
2026-08-20,professional,HOU_TN_02_2026,house,TN,02,margin_D,pct,1,0,0,0,-15.3,-15.3,-15.3,,open,single,grant_williams,2026-08-20,0
2026-08-20,professional,HOU_TN_02_2026,house,TN,02,win_prob_D,prob,1,0,0,0,0.0137,0.0137,0.0137,,open,single,grant_williams,2026-08-20,0
2026-08-20,professional,HOU_TN_03_2026,house,TN,03,margin_D,pct,1,0,0,0,-16.3,-16.3,-16.3,,open,single,grant_williams,2026-08-20,0
2026-08-20,professional,HOU_TN_03_2026,house,TN,03,win_prob_D,prob,1,0,0,0,0.0106,0.0106,0.0106,,open,single,grant_williams,2026-08-20,0
2026-08-20,professional,HOU_TN_04_2026,house,TN,04,margin_D,pct,1,0,0,0,-9.59,-9.59,-9.59,,open,single,grant_williams,2026-08-20,0
2026-08-20,professional,HOU_TN_04_2026,house,TN,04,win_prob_D,prob,1,0,0,0,0.0683,0.0683,0.0683,,open,single,grant_williams,2026-08-20,0
2026-08-20,professional,HOU_TN_05_2026,house,TN,05,margin_D,pct,1,0,0,0,-5.01,-5.01,-5.01,,open,single,grant_williams,2026-08-20,0
2026-08-20,professional,HOU_TN_05_2026,house,TN,05,win_prob_D,prob,1,0,0,0,0.211,0.211,0.211,,open,single,grant_williams,2026-08-20,0
2026-08-20,professional,HOU_TN_06_2026,house,TN,06,margin_D,pct,1,0,0,0,-7.99,-7.99,-7.99,,open,single,grant_williams,2026-08-20,0
2026-08-20,professional,HOU_TN_06_2026,house,TN,06,win_prob_D,prob,1,0,0,0,0.1065,0.1065,0.1065,,open,single,grant_williams,2026-08-20,0
2026-08-20,professional,HOU_TN_07_2026,house,TN,07,margin_D,pct,1,0,0,0,-9.61,-9.61,-9.61,,open,single,grant_williams,2026-08-20,0
2026-08-20,professional,HOU_TN_07_2026,house,TN,07,win_prob_D,prob,1,0,0,0,0.0674,0.0674,0.0674,,open,single,grant_williams,2026-08-20,0
2026-08-20,professional,HOU_TN_08_2026,house,TN,08,margin_D,pct,1,0,0,0,-8.52,-8.52,-8.52,,open,single,grant_williams,2026-08-20,0
2026-08-20,professional,HOU_TN_08_2026,house,TN,08,win_prob_D,prob,1,0,0,0,0.0897,0.0897,0.0897,,open,single,grant_williams,2026-08-20,0
2026-08-20,professional,HOU_TN_09_2026,house,TN,09,margin_D,pct,1,0,0,0,-3.98,-3.98,-3.98,,open,single,grant_williams,2026-08-20,0
2026-08-20,professional,HOU_TN_09_2026,house,TN,09,win_prob_D,prob,1,0,0,0,0.2599,0.2599,0.2599,,open,single,grant_williams,2026-08-20,0
2026-08-20,professional,HOU_TX_01_2026,house,TX,01,margin_D,pct,1,0,0,0,-20.75,-20.75,-20.75,,open,single,grant_williams,2026-08-20,0
2026-08-20,professional,HOU_TX_01_2026,house,TX,01,win_prob_D,prob,1,0,0,0,0.004,0.004,0.004,,open,single,grant_williams,2026-08-20,0
2026-08-20,professional,HOU_TX_02_2026,house,TX,02,margin_D,pct,1,0,0,0,-4.76,-4.76,-4.76,,open,single,grant_williams,2026-08-20,0
2026-08-20,professional,HOU_TX_02_2026,house,TX,02,win_prob_D,prob,1,0,0,0,0.2208,0.2208,0.2208,,open,single,grant_williams,2026-08-20,0
2026-08-20,professional,HOU_TX_03_2026,house,TX,03,margin_D,pct,1,0,0,0,-8.27,-8.27,-8.27,,open,single,grant_williams,2026-08-20,0
2026-08-20,professional,HOU_TX_03_2026,house,TX,03,win_prob_D,prob,1,0,0,0,0.0988,0.0988,0.0988,,open,single,grant_williams,2026-08-20,0
2026-08-20,professional,HOU_TX_04_2026,house,TX,04,margin_D,pct,1,0,0,0,-9.22,-9.22,-9.22,,open,single,grant_williams,2026-08-20,0
2026-08-20,professional,HOU_TX_04_2026,house,TX,04,win_prob_D,prob,1,0,0,0,0.0792,0.0792,0.0792,,open,single,grant_williams,2026-08-20,0
2026-08-20,professional,HOU_TX_05_2026,house,TX,05,margin_D,pct,1,0,0,0,-7.33,-7.33,-7.33,,open,single,grant_williams,2026-08-20,0
2026-08-20,professional,HOU_TX_05_2026,house,TX,05,win_prob_D,prob,1,0,0,0,0.1244,0.1244,0.1244,,open,single,grant_williams,2026-08-20,0
2026-08-20,professional,HOU_TX_06_2026,house,TX,06,margin_D,pct,1,0,0,0,-8.21,-8.21,-8.21,,open,single,grant_williams,2026-08-20,0
2026-08-20,professional,HOU_TX_06_2026,house,TX,06,win_prob_D,prob,1,0,0,0,0.0999,0.0999,0.0999,,open,single,grant_williams,2026-08-20,0
2026-08-20,professional,HOU_TX_07_2026,house,TX,07,margin_D,pct,1,0,0,0,21.89,21.89,21.89,,open,single,grant_williams,2026-08-20,0
2026-08-20,professional,HOU_TX_07_2026,house,TX,07,win_prob_D,prob,1,0,0,0,0.998,0.998,0.998,,open,single,grant_williams,2026-08-20,0
2026-08-20,professional,HOU_TX_08_2026,house,TX,08,margin_D,pct,1,0,0,0,-6.64,-6.64,-6.64,,open,single,grant_williams,2026-08-20,0
2026-08-20,professional,HOU_TX_08_2026,house,TX,08,win_prob_D,prob,1,0,0,0,0.1497,0.1497,0.1497,,open,single,grant_williams,2026-08-20,0
2026-08-20,professional,HOU_TX_09_2026,house,TX,09,margin_D,pct,1,0,0,0,-2.82,-2.82,-2.82,,open,single,grant_williams,2026-08-20,0
2026-08-20,professional,HOU_TX_09_2026,house,TX,09,win_prob_D,prob,1,0,0,0,0.327,0.327,0.327,,open,single,grant_williams,2026-08-20,0
2026-08-20,professional,HOU_TX_10_2026,house,TX,10,margin_D,pct,1,0,0,0,-3.71,-3.71,-3.71,,open,single,grant_williams,2026-08-20,0
2026-08-20,professional,HOU_TX_10_2026,house,TX,10,win_prob_D,prob,1,0,0,0,0.2748,0.2748,0.2748,,open,single,grant_williams,2026-08-20,0
2026-08-20,professional,HOU_TX_11_2026,house,TX,11,margin_D,pct,1,0,0,0,-14.06,-14.06,-14.06,,open,single,grant_williams,2026-08-20,0
2026-08-20,professional,HOU_TX_11_2026,house,TX,11,win_prob_D,prob,1,0,0,0,0.0206,0.0206,0.0206,,open,single,grant_williams,2026-08-20,0
2026-08-20,professional,HOU_TX_12_2026,house,TX,12,margin_D,pct,1,0,0,0,-8.29,-8.29,-8.29,,open,single,grant_williams,2026-08-20,0
2026-08-20,professional,HOU_TX_12_2026,house,TX,12,win_prob_D,prob,1,0,0,0,0.1002,0.1002,0.1002,,open,single,grant_williams,2026-08-20,0
2026-08-20,professional,HOU_TX_13_2026,house,TX,13,margin_D,pct,1,0,0,0,-19.68,-19.68,-19.68,,open,single,grant_williams,2026-08-20,0
2026-08-20,professional,HOU_TX_13_2026,house,TX,13,win_prob_D,prob,1,0,0,0,0.0054,0.0054,0.0054,,open,single,grant_williams,2026-08-20,0
2026-08-20,professional,HOU_TX_14_2026,house,TX,14,margin_D,pct,1,0,0,0,-9.22,-9.22,-9.22,,open,single,grant_williams,2026-08-20,0
2026-08-20,professional,HOU_TX_14_2026,house,TX,14,win_prob_D,prob,1,0,0,0,0.0777,0.0777,0.0777,,open,single,grant_williams,2026-08-20,0
2026-08-20,professional,HOU_TX_15_2026,house,TX,15,margin_D,pct,1,0,0,0,-4.44,-4.44,-4.44,,open,single,grant_williams,2026-08-20,0
2026-08-20,professional,HOU_TX_15_2026,house,TX,15,win_prob_D,prob,1,0,0,0,0.2335,0.2335,0.2335,,open,single,grant_williams,2026-08-20,0
2026-08-20,professional,HOU_TX_16_2026,house,TX,16,margin_D,pct,1,0,0,0,19.99,19.99,19.99,,open,single,grant_williams,2026-08-20,0
2026-08-20,professional,HOU_TX_16_2026,house,TX,16,win_prob_D,prob,1,0,0,0,0.9965,0.9965,0.9965,,open,single,grant_williams,2026-08-20,0
2026-08-20,professional,HOU_TX_17_2026,house,TX,17,margin_D,pct,1,0,0,0,-7.32,-7.32,-7.32,,open,single,grant_williams,2026-08-20,0
2026-08-20,professional,HOU_TX_17_2026,house,TX,17,win_prob_D,prob,1,0,0,0,0.1288,0.1288,0.1288,,open,single,grant_williams,2026-08-20,0
2026-08-20,professional,HOU_TX_18_2026,house,TX,18,margin_D,pct,1,0,0,0,37.21,37.21,37.21,,open,single,grant_williams,2026-08-20,0
2026-08-20,professional,HOU_TX_18_2026,house,TX,18,win_prob_D,prob,1,0,0,0,0.9998,0.9998,0.9998,,open,single,grant_williams,2026-08-20,0
2026-08-20,professional,HOU_TX_19_2026,house,TX,19,margin_D,pct,1,0,0,0,-18.12,-18.12,-18.12,,open,single,grant_williams,2026-08-20,0
2026-08-20,professional,HOU_TX_19_2026,house,TX,19,win_prob_D,prob,1,0,0,0,0.0065,0.0065,0.0065,,open,single,grant_williams,2026-08-20,0
2026-08-20,professional,HOU_TX_20_2026,house,TX,20,margin_D,pct,1,0,0,0,24.62,24.62,24.62,,open,single,grant_williams,2026-08-20,0
2026-08-20,professional,HOU_TX_20_2026,house,TX,20,win_prob_D,prob,1,0,0,0,0.9982,0.9982,0.9982,,open,single,grant_williams,2026-08-20,0
2026-08-20,professional,HOU_TX_21_2026,house,TX,21,margin_D,pct,1,0,0,0,-3.81,-3.81,-3.81,,open,single,grant_williams,2026-08-20,0
2026-08-20,professional,HOU_TX_21_2026,house,TX,21,win_prob_D,prob,1,0,0,0,0.2661,0.2661,0.2661,,open,single,grant_williams,2026-08-20,0
2026-08-20,professional,HOU_TX_22_2026,house,TX,22,margin_D,pct,1,0,0,0,-4.75,-4.75,-4.75,,open,single,grant_williams,2026-08-20,0
2026-08-20,professional,HOU_TX_22_2026,house,TX,22,win_prob_D,prob,1,0,0,0,0.2251,0.2251,0.2251,,open,single,grant_williams,2026-08-20,0
2026-08-20,professional,HOU_TX_23_2026,house,TX,23,margin_D,pct,1,0,0,0,-0.88,-0.88,-0.88,,open,single,grant_williams,2026-08-20,0
2026-08-20,professional,HOU_TX_23_2026,house,TX,23,win_prob_D,prob,1,0,0,0,0.444,0.444,0.444,,open,single,grant_williams,2026-08-20,0
2026-08-20,professional,HOU_TX_24_2026,house,TX,24,margin_D,pct,1,0,0,0,-5.45,-5.45,-5.45,,open,single,grant_williams,2026-08-20,0
2026-08-20,professional,HOU_TX_24_2026,house,TX,24,win_prob_D,prob,1,0,0,0,0.1961,0.1961,0.1961,,open,single,grant_williams,2026-08-20,0
2026-08-20,professional,HOU_TX_25_2026,house,TX,25,margin_D,pct,1,0,0,0,-8.21,-8.21,-8.21,,open,single,grant_williams,2026-08-20,0
2026-08-20,professional,HOU_TX_25_2026,house,TX,25,win_prob_D,prob,1,0,0,0,0.0974,0.0974,0.0974,,open,single,grant_williams,2026-08-20,0
2026-08-20,professional,HOU_TX_26_2026,house,TX,26,margin_D,pct,1,0,0,0,-8.29,-8.29,-8.29,,open,single,grant_williams,2026-08-20,0
2026-08-20,professional,HOU_TX_26_2026,house,TX,26,win_prob_D,prob,1,0,0,0,0.1011,0.1011,0.1011,,open,single,grant_williams,2026-08-20,0
2026-08-20,professional,HOU_TX_27_2026,house,TX,27,margin_D,pct,1,0,0,0,-7.36,-7.36,-7.36,,open,single,grant_williams,2026-08-20,0
2026-08-20,professional,HOU_TX_27_2026,house,TX,27,win_prob_D,prob,1,0,0,0,0.1234,0.1234,0.1234,,open,single,grant_williams,2026-08-20,0
2026-08-20,professional,HOU_TX_28_2026,house,TX,28,margin_D,pct,1,0,0,0,6.56,6.56,6.56,,open,single,grant_williams,2026-08-20,0
2026-08-20,professional,HOU_TX_28_2026,house,TX,28,win_prob_D,prob,1,0,0,0,0.8511,0.8511,0.8511,,open,single,grant_williams,2026-08-20,0
2026-08-20,professional,HOU_TX_29_2026,house,TX,29,margin_D,pct,1,0,0,0,25.67,25.67,25.67,,open,single,grant_williams,2026-08-20,0
2026-08-20,professional,HOU_TX_29_2026,house,TX,29,win_prob_D,prob,1,0,0,0,0.9989,0.9989,0.9989,,open,single,grant_williams,2026-08-20,0
2026-08-20,professional,HOU_TX_30_2026,house,TX,30,margin_D,pct,1,0,0,0,29.84,29.84,29.84,,open,single,grant_williams,2026-08-20,0
2026-08-20,professional,HOU_TX_30_2026,house,TX,30,win_prob_D,prob,1,0,0,0,0.9994,0.9994,0.9994,,open,single,grant_williams,2026-08-20,0
2026-08-20,professional,HOU_TX_31_2026,house,TX,31,margin_D,pct,1,0,0,0,-8.22,-8.22,-8.22,,open,single,grant_williams,2026-08-20,0
2026-08-20,professional,HOU_TX_31_2026,house,TX,31,win_prob_D,prob,1,0,0,0,0.1071,0.1071,0.1071,,open,single,grant_williams,2026-08-20,0
2026-08-20,professional,HOU_TX_32_2026,house,TX,32,margin_D,pct,1,0,0,0,-1.85,-1.85,-1.85,,open,single,grant_williams,2026-08-20,0
2026-08-20,professional,HOU_TX_32_2026,house,TX,32,win_prob_D,prob,1,0,0,0,0.3802,0.3802,0.3802,,open,single,grant_williams,2026-08-20,0
2026-08-20,professional,HOU_TX_33_2026,house,TX,33,margin_D,pct,1,0,0,0,23.04,23.04,23.04,,open,single,grant_williams,2026-08-20,0
2026-08-20,professional,HOU_TX_33_2026,house,TX,33,win_prob_D,prob,1,0,0,0,0.9977,0.9977,0.9977,,open,single,grant_williams,2026-08-20,0
2026-08-20,professional,HOU_TX_34_2026,house,TX,34,margin_D,pct,1,0,0,0,6.59,6.59,6.59,,open,single,grant_williams,2026-08-20,0
2026-08-20,professional,HOU_TX_34_2026,house,TX,34,win_prob_D,prob,1,0,0,0,0.848,0.848,0.848,,open,single,grant_williams,2026-08-20,0
2026-08-20,professional,HOU_TX_35_2026,house,TX,35,margin_D,pct,1,0,0,0,1.9,1.9,1.9,,open,single,grant_williams,2026-08-20,0
2026-08-20,professional,HOU_TX_35_2026,house,TX,35,win_prob_D,prob,1,0,0,0,0.6155,0.6155,0.6155,,open,single,grant_williams,2026-08-20,0
2026-08-20,professional,HOU_TX_36_2026,house,TX,36,margin_D,pct,1,0,0,0,-9.21,-9.21,-9.21,,open,single,grant_williams,2026-08-20,0
2026-08-20,professional,HOU_TX_36_2026,house,TX,36,win_prob_D,prob,1,0,0,0,0.0773,0.0773,0.0773,,open,single,grant_williams,2026-08-20,0
2026-08-20,professional,HOU_TX_37_2026,house,TX,37,margin_D,pct,1,0,0,0,38.17,38.17,38.17,,open,single,grant_williams,2026-08-20,0
2026-08-20,professional,HOU_TX_37_2026,house,TX,37,win_prob_D,prob,1,0,0,0,0.9997,0.9997,0.9997,,open,single,grant_williams,2026-08-20,0
2026-08-20,professional,HOU_TX_38_2026,house,TX,38,margin_D,pct,1,0,0,0,-3.72,-3.72,-3.72,,open,single,grant_williams,2026-08-20,0
2026-08-20,professional,HOU_TX_38_2026,house,TX,38,win_prob_D,prob,1,0,0,0,0.2755,0.2755,0.2755,,open,single,grant_williams,2026-08-20,0
2026-08-20,professional,HOU_UT_01_2026,house,UT,01,margin_D,pct,1,0,0,0,17.23,17.23,17.23,,open,single,grant_williams,2026-08-20,0
2026-08-20,professional,HOU_UT_01_2026,house,UT,01,win_prob_D,prob,1,0,0,0,0.9921,0.9921,0.9921,,open,single,grant_williams,2026-08-20,0
2026-08-20,professional,HOU_UT_02_2026,house,UT,02,margin_D,pct,1,0,0,0,-12.33,-12.33,-12.33,,open,single,grant_williams,2026-08-20,0
2026-08-20,professional,HOU_UT_02_2026,house,UT,02,win_prob_D,prob,1,0,0,0,0.0333,0.0333,0.0333,,open,single,grant_williams,2026-08-20,0
2026-08-20,professional,HOU_UT_03_2026,house,UT,03,margin_D,pct,1,0,0,0,-18.06,-18.06,-18.06,,open,single,grant_williams,2026-08-20,0
2026-08-20,professional,HOU_UT_03_2026,house,UT,03,win_prob_D,prob,1,0,0,0,0.0078,0.0078,0.0078,,open,single,grant_williams,2026-08-20,0
2026-08-20,professional,HOU_UT_04_2026,house,UT,04,margin_D,pct,1,0,0,0,-14.2,-14.2,-14.2,,open,single,grant_williams,2026-08-20,0
2026-08-20,professional,HOU_UT_04_2026,house,UT,04,win_prob_D,prob,1,0,0,0,0.0208,0.0208,0.0208,,open,single,grant_williams,2026-08-20,0
2026-08-20,professional,HOU_VA_01_2026,house,VA,01,margin_D,pct,1,0,0,0,-1.25,-1.25,-1.25,,open,single,grant_williams,2026-08-20,0
2026-08-20,professional,HOU_VA_01_2026,house,VA,01,win_prob_D,prob,1,0,0,0,0.4213,0.4213,0.4213,,open,single,grant_williams,2026-08-20,0
2026-08-20,professional,HOU_VA_02_2026,house,VA,02,margin_D,pct,1,0,0,0,1.74,1.74,1.74,,open,single,grant_williams,2026-08-20,0
2026-08-20,professional,HOU_VA_02_2026,house,VA,02,win_prob_D,prob,1,0,0,0,0.6048,0.6048,0.6048,,open,single,grant_williams,2026-08-20,0
2026-08-20,professional,HOU_VA_03_2026,house,VA,03,margin_D,pct,1,0,0,0,26.1,26.1,26.1,,open,single,grant_williams,2026-08-20,0
2026-08-20,professional,HOU_VA_03_2026,house,VA,03,win_prob_D,prob,1,0,0,0,0.9992,0.9992,0.9992,,open,single,grant_williams,2026-08-20,0
2026-08-20,professional,HOU_VA_04_2026,house,VA,04,margin_D,pct,1,0,0,0,25.09,25.09,25.09,,open,single,grant_williams,2026-08-20,0
2026-08-20,professional,HOU_VA_04_2026,house,VA,04,win_prob_D,prob,1,0,0,0,0.9985,0.9985,0.9985,,open,single,grant_williams,2026-08-20,0
2026-08-20,professional,HOU_VA_05_2026,house,VA,05,margin_D,pct,1,0,0,0,-4.01,-4.01,-4.01,,open,single,grant_williams,2026-08-20,0
2026-08-20,professional,HOU_VA_05_2026,house,VA,05,win_prob_D,prob,1,0,0,0,0.2622,0.2622,0.2622,,open,single,grant_williams,2026-08-20,0
2026-08-20,professional,HOU_VA_06_2026,house,VA,06,margin_D,pct,1,0,0,0,-9.83,-9.83,-9.83,,open,single,grant_williams,2026-08-20,0
2026-08-20,professional,HOU_VA_06_2026,house,VA,06,win_prob_D,prob,1,0,0,0,0.0658,0.0658,0.0658,,open,single,grant_williams,2026-08-20,0
2026-08-20,professional,HOU_VA_07_2026,house,VA,07,margin_D,pct,1,0,0,0,10.7,10.7,10.7,,open,single,grant_williams,2026-08-20,0
2026-08-20,professional,HOU_VA_07_2026,house,VA,07,win_prob_D,prob,1,0,0,0,0.9497,0.9497,0.9497,,open,single,grant_williams,2026-08-20,0
2026-08-20,professional,HOU_VA_08_2026,house,VA,08,margin_D,pct,1,0,0,0,33.73,33.73,33.73,,open,single,grant_williams,2026-08-20,0
2026-08-20,professional,HOU_VA_08_2026,house,VA,08,win_prob_D,prob,1,0,0,0,0.9999,0.9999,0.9999,,open,single,grant_williams,2026-08-20,0
2026-08-20,professional,HOU_VA_09_2026,house,VA,09,margin_D,pct,1,0,0,0,-19.38,-19.38,-19.38,,open,single,grant_williams,2026-08-20,0
2026-08-20,professional,HOU_VA_09_2026,house,VA,09,win_prob_D,prob,1,0,0,0,0.0048,0.0048,0.0048,,open,single,grant_williams,2026-08-20,0
2026-08-20,professional,HOU_VA_10_2026,house,VA,10,margin_D,pct,1,0,0,0,14.62,14.62,14.62,,open,single,grant_williams,2026-08-20,0
2026-08-20,professional,HOU_VA_10_2026,house,VA,10,win_prob_D,prob,1,0,0,0,0.9846,0.9846,0.9846,,open,single,grant_williams,2026-08-20,0
2026-08-20,professional,HOU_VA_11_2026,house,VA,11,margin_D,pct,1,0,0,0,26.07,26.07,26.07,,open,single,grant_williams,2026-08-20,0
2026-08-20,professional,HOU_VA_11_2026,house,VA,11,win_prob_D,prob,1,0,0,0,0.9989,0.9989,0.9989,,open,single,grant_williams,2026-08-20,0
2026-08-20,professional,HOU_VT_01_2026,house,VT,01,margin_D,pct,1,0,0,0,27.75,27.75,27.75,,open,single,grant_williams,2026-08-20,0
2026-08-20,professional,HOU_VT_01_2026,house,VT,01,win_prob_D,prob,1,0,0,0,0.9993,0.9993,0.9993,,open,single,grant_williams,2026-08-20,0
2026-08-20,professional,HOU_WA_01_2026,house,WA,01,margin_D,pct,1,0,0,0,21.47,21.47,21.47,,open,single,grant_williams,2026-08-20,0
2026-08-20,professional,HOU_WA_01_2026,house,WA,01,win_prob_D,prob,1,0,0,0,0.9974,0.9974,0.9974,,open,single,grant_williams,2026-08-20,0
2026-08-20,professional,HOU_WA_02_2026,house,WA,02,margin_D,pct,1,0,0,0,18.56,18.56,18.56,,open,single,grant_williams,2026-08-20,0
2026-08-20,professional,HOU_WA_02_2026,house,WA,02,win_prob_D,prob,1,0,0,0,0.9951,0.9951,0.9951,,open,single,grant_williams,2026-08-20,0
2026-08-20,professional,HOU_WA_03_2026,house,WA,03,margin_D,pct,1,0,0,0,5.11,5.11,5.11,,open,single,grant_williams,2026-08-20,0
2026-08-20,professional,HOU_WA_03_2026,house,WA,03,win_prob_D,prob,1,0,0,0,0.7954,0.7954,0.7954,,open,single,grant_williams,2026-08-20,0
2026-08-20,professional,HOU_WA_04_2026,house,WA,04,margin_D,pct,1,0,0,0,-6.02,-6.02,-6.02,,open,single,grant_williams,2026-08-20,0
2026-08-20,professional,HOU_WA_04_2026,house,WA,04,win_prob_D,prob,1,0,0,0,0.1698,0.1698,0.1698,,open,single,grant_williams,2026-08-20,0
2026-08-20,professional,HOU_WA_05_2026,house,WA,05,margin_D,pct,1,0,0,0,-4.86,-4.86,-4.86,,open,single,grant_williams,2026-08-20,0
2026-08-20,professional,HOU_WA_05_2026,house,WA,05,win_prob_D,prob,1,0,0,0,0.2194,0.2194,0.2194,,open,single,grant_williams,2026-08-20,0
2026-08-20,professional,HOU_WA_06_2026,house,WA,06,margin_D,pct,1,0,0,0,16.6,16.6,16.6,,open,single,grant_williams,2026-08-20,0
2026-08-20,professional,HOU_WA_06_2026,house,WA,06,win_prob_D,prob,1,0,0,0,0.9925,0.9925,0.9925,,open,single,grant_williams,2026-08-20,0
2026-08-20,professional,HOU_WA_07_2026,house,WA,07,margin_D,pct,1,0,0,0,44.56,44.56,44.56,,open,single,grant_williams,2026-08-20,0
2026-08-20,professional,HOU_WA_07_2026,house,WA,07,win_prob_D,prob,1,0,0,0,0.9999,0.9999,0.9999,,open,single,grant_williams,2026-08-20,0
2026-08-20,professional,HOU_WA_08_2026,house,WA,08,margin_D,pct,1,0,0,0,9.9,9.9,9.9,,open,single,grant_williams,2026-08-20,0
2026-08-20,professional,HOU_WA_08_2026,house,WA,08,win_prob_D,prob,1,0,0,0,0.939,0.939,0.939,,open,single,grant_williams,2026-08-20,0
2026-08-20,professional,HOU_WA_09_2026,house,WA,09,margin_D,pct,1,0,0,0,28.13,28.13,28.13,,open,single,grant_williams,2026-08-20,0
2026-08-20,professional,HOU_WA_09_2026,house,WA,09,win_prob_D,prob,1,0,0,0,0.9991,0.9991,0.9991,,open,single,grant_williams,2026-08-20,0
2026-08-20,professional,HOU_WA_10_2026,house,WA,10,margin_D,pct,1,0,0,0,15.67,15.67,15.67,,open,single,grant_williams,2026-08-20,0
2026-08-20,professional,HOU_WA_10_2026,house,WA,10,win_prob_D,prob,1,0,0,0,0.9895,0.9895,0.9895,,open,single,grant_williams,2026-08-20,0
2026-08-20,professional,HOU_WI_01_2026,house,WI,01,margin_D,pct,1,0,0,0,1.0,1.0,1.0,,open,single,grant_williams,2026-08-20,0
2026-08-20,professional,HOU_WI_01_2026,house,WI,01,win_prob_D,prob,1,0,0,0,0.5617,0.5617,0.5617,,open,single,grant_williams,2026-08-20,0
2026-08-20,professional,HOU_WI_02_2026,house,WI,02,margin_D,pct,1,0,0,0,30.13,30.13,30.13,,open,single,grant_williams,2026-08-20,0
2026-08-20,professional,HOU_WI_02_2026,house,WI,02,win_prob_D,prob,1,0,0,0,0.9997,0.9997,0.9997,,open,single,grant_williams,2026-08-20,0
2026-08-20,professional,HOU_WI_03_2026,house,WI,03,margin_D,pct,1,0,0,0,0.25,0.25,0.25,,open,single,grant_williams,2026-08-20,0
2026-08-20,professional,HOU_WI_03_2026,house,WI,03,win_prob_D,prob,1,0,0,0,0.5235,0.5235,0.5235,,open,single,grant_williams,2026-08-20,0
2026-08-20,professional,HOU_WI_04_2026,house,WI,04,margin_D,pct,1,0,0,0,35.02,35.02,35.02,,open,single,grant_williams,2026-08-20,0
2026-08-20,professional,HOU_WI_04_2026,house,WI,04,win_prob_D,prob,1,0,0,0,0.9997,0.9997,0.9997,,open,single,grant_williams,2026-08-20,0
2026-08-20,professional,HOU_WI_05_2026,house,WI,05,margin_D,pct,1,0,0,0,-7.64,-7.64,-7.64,,open,single,grant_williams,2026-08-20,0
2026-08-20,professional,HOU_WI_05_2026,house,WI,05,win_prob_D,prob,1,0,0,0,0.1165,0.1165,0.1165,,open,single,grant_williams,2026-08-20,0
2026-08-20,professional,HOU_WI_06_2026,house,WI,06,margin_D,pct,1,0,0,0,-4.7,-4.7,-4.7,,open,single,grant_williams,2026-08-20,0
2026-08-20,professional,HOU_WI_06_2026,house,WI,06,win_prob_D,prob,1,0,0,0,0.2299,0.2299,0.2299,,open,single,grant_williams,2026-08-20,0
2026-08-20,professional,HOU_WI_07_2026,house,WI,07,margin_D,pct,1,0,0,0,-4.23,-4.23,-4.23,,open,single,grant_williams,2026-08-20,0
2026-08-20,professional,HOU_WI_07_2026,house,WI,07,win_prob_D,prob,1,0,0,0,0.2475,0.2475,0.2475,,open,single,grant_williams,2026-08-20,0
2026-08-20,professional,HOU_WI_08_2026,house,WI,08,margin_D,pct,1,0,0,0,-4.83,-4.83,-4.83,,open,single,grant_williams,2026-08-20,0
2026-08-20,professional,HOU_WI_08_2026,house,WI,08,win_prob_D,prob,1,0,0,0,0.2167,0.2167,0.2167,,open,single,grant_williams,2026-08-20,0
2026-08-20,professional,HOU_WV_01_2026,house,WV,01,margin_D,pct,1,0,0,0,-20.12,-20.12,-20.12,,open,single,grant_williams,2026-08-20,0
2026-08-20,professional,HOU_WV_01_2026,house,WV,01,win_prob_D,prob,1,0,0,0,0.0035,0.0035,0.0035,,open,single,grant_williams,2026-08-20,0
2026-08-20,professional,HOU_WV_02_2026,house,WV,02,margin_D,pct,1,0,0,0,-18.2,-18.2,-18.2,,open,single,grant_williams,2026-08-20,0
2026-08-20,professional,HOU_WV_02_2026,house,WV,02,win_prob_D,prob,1,0,0,0,0.0083,0.0083,0.0083,,open,single,grant_williams,2026-08-20,0
2026-08-20,professional,HOU_WY_01_2026,house,WY,01,margin_D,pct,1,0,0,0,-16.4,-16.4,-16.4,,open,single,grant_williams,2026-08-20,0
2026-08-20,professional,HOU_WY_01_2026,house,WY,01,win_prob_D,prob,1,0,0,0,0.0118,0.0118,0.0118,,open,single,grant_williams,2026-08-20,0
2026-08-20,professional,NATL_HOUSE_2026,national,,,margin_D,pct,1,0,0,0,5.68,5.68,5.68,,open,single,grant_williams,2026-08-20,0
2026-08-20,professional,NATL_HOUSE_2026,national,,,seats_D,seats,1,0,1,1,250.5,250.5,250.5,,open,single,grant_williams,2026-08-20,0
2026-08-20,professional,NATL_HOUSE_2026,national,,,win_prob_D,prob,1,0,1,1,0.8676,0.8676,0.8676,,open,single,grant_williams,2026-08-20,0
2026-08-20,professional,NATL_SENATE_2026,national,,,margin_D,pct,1,0,0,0,6.4,6.4,6.4,,open,single,grant_williams,2026-08-20,0
2026-08-20,professional,NATL_SENATE_2026,national,,,seats_D,seats,1,0,0,0,51.49,51.49,51.49,,open,single,grant_williams,2026-08-20,0
2026-08-20,professional,NATL_SENATE_2026,national,,,win_prob_D,prob,1,0,1,1,0.6387,0.6387,0.6387,,open,single,grant_williams,2026-08-20,0
2026-08-20,professional,SEN_AK_2026,senate,AK,,margin_D,pct,1,0,1,1,-0.16,-0.16,-0.16,,open,single,grant_williams,2026-08-20,0
2026-08-20,professional,SEN_AK_2026,senate,AK,,win_prob_D,prob,1,0,0,0,0.4859,0.4859,0.4859,,open,single,grant_williams,2026-08-20,0
2026-08-20,professional,SEN_AL_2026,senate,AL,,margin_D,pct,1,0,1,1,-13.8,-13.8,-13.8,,open,single,grant_williams,2026-08-20,0
2026-08-20,professional,SEN_AL_2026,senate,AL,,win_prob_D,prob,1,0,0,0,0.1028,0.1028,0.1028,,open,single,grant_williams,2026-08-20,0
2026-08-20,professional,SEN_AR_2026,senate,AR,,margin_D,pct,1,0,1,1,-13.77,-13.77,-13.77,,open,single,grant_williams,2026-08-20,0
2026-08-20,professional,SEN_AR_2026,senate,AR,,win_prob_D,prob,1,0,0,0,0.0106,0.0106,0.0106,,open,single,grant_williams,2026-08-20,0
2026-08-20,professional,SEN_CO_2026,senate,CO,,margin_D,pct,1,0,1,1,16.21,16.21,16.21,,open,single,grant_williams,2026-08-20,0
2026-08-20,professional,SEN_CO_2026,senate,CO,,win_prob_D,prob,1,0,0,0,0.9316,0.9316,0.9316,,open,single,grant_williams,2026-08-20,0
2026-08-20,professional,SEN_DE_2026,senate,DE,,margin_D,pct,1,0,1,1,13.24,13.24,13.24,,open,single,grant_williams,2026-08-20,0
2026-08-20,professional,SEN_DE_2026,senate,DE,,win_prob_D,prob,1,0,0,0,0.8936,0.8936,0.8936,,open,single,grant_williams,2026-08-20,0
2026-08-20,professional,SEN_FL_2026,senate,FL,,margin_D,pct,1,0,1,1,-8.75,-8.75,-8.75,,open,single,grant_williams,2026-08-20,0
2026-08-20,professional,SEN_FL_2026,senate,FL,,win_prob_D,prob,1,0,0,0,0.042,0.042,0.042,,open,single,grant_williams,2026-08-20,0
2026-08-20,professional,SEN_GA_2026,senate,GA,,margin_D,pct,1,0,1,1,11.37,11.37,11.37,,open,single,grant_williams,2026-08-20,0
2026-08-20,professional,SEN_GA_2026,senate,GA,,win_prob_D,prob,1,0,0,0,0.8659,0.8659,0.8659,,open,single,grant_williams,2026-08-20,0
2026-08-20,professional,SEN_IA_2026,senate,IA,,margin_D,pct,1,0,1,1,-0.2,-0.2,-0.2,,open,single,grant_williams,2026-08-20,0
2026-08-20,professional,SEN_IA_2026,senate,IA,,win_prob_D,prob,1,0,0,0,0.4823,0.4823,0.4823,,open,single,grant_williams,2026-08-20,0
2026-08-20,professional,SEN_ID_2026,senate,ID,,margin_D,pct,1,0,1,1,-20.54,-20.54,-20.54,,open,single,grant_williams,2026-08-20,0
2026-08-20,professional,SEN_ID_2026,senate,ID,,win_prob_D,prob,1,0,0,0,0.0415,0.0415,0.0415,,open,single,grant_williams,2026-08-20,0
2026-08-20,professional,SEN_IL_2026,senate,IL,,margin_D,pct,1,0,1,1,14.54,14.54,14.54,,open,single,grant_williams,2026-08-20,0
2026-08-20,professional,SEN_IL_2026,senate,IL,,win_prob_D,prob,1,0,0,0,0.9143,0.9143,0.9143,,open,single,grant_williams,2026-08-20,0
2026-08-20,professional,SEN_KS_2026,senate,KS,,margin_D,pct,1,0,1,1,-8.71,-8.71,-8.71,,open,single,grant_williams,2026-08-20,0
2026-08-20,professional,SEN_KS_2026,senate,KS,,win_prob_D,prob,1,0,0,0,0.2069,0.2069,0.2069,,open,single,grant_williams,2026-08-20,0
2026-08-20,professional,SEN_KY_2026,senate,KY,,margin_D,pct,1,0,1,1,-9.59,-9.59,-9.59,,open,single,grant_williams,2026-08-20,0
2026-08-20,professional,SEN_KY_2026,senate,KY,,win_prob_D,prob,1,0,0,0,0.1817,0.1817,0.1817,,open,single,grant_williams,2026-08-20,0
2026-08-20,professional,SEN_LA_2026,senate,LA,,margin_D,pct,1,0,1,1,-10.42,-10.42,-10.42,,open,single,grant_williams,2026-08-20,0
2026-08-20,professional,SEN_LA_2026,senate,LA,,win_prob_D,prob,1,0,0,0,0.1667,0.1667,0.1667,,open,single,grant_williams,2026-08-20,0
2026-08-20,professional,SEN_MA_2026,senate,MA,,margin_D,pct,1,0,1,1,24.19,24.19,24.19,,open,single,grant_williams,2026-08-20,0
2026-08-20,professional,SEN_MA_2026,senate,MA,,win_prob_D,prob,1,0,0,0,0.9989,0.9989,0.9989,,open,single,grant_williams,2026-08-20,0
2026-08-20,professional,SEN_ME_2026,senate,ME,,margin_D,pct,1,0,1,1,3.36,3.36,3.36,,open,single,grant_williams,2026-08-20,0
2026-08-20,professional,SEN_ME_2026,senate,ME,,win_prob_D,prob,1,0,0,0,0.7626,0.7626,0.7626,,open,single,grant_williams,2026-08-20,0
2026-08-20,professional,SEN_MI_2026,senate,MI,,margin_D,pct,1,0,1,1,2.41,2.41,2.41,,open,single,grant_williams,2026-08-20,0
2026-08-20,professional,SEN_MI_2026,senate,MI,,win_prob_D,prob,1,0,0,0,0.6954,0.6954,0.6954,,open,single,grant_williams,2026-08-20,0
2026-08-20,professional,SEN_MN_2026,senate,MN,,margin_D,pct,1,0,1,1,6.1,6.1,6.1,,open,single,grant_williams,2026-08-20,0
2026-08-20,professional,SEN_MN_2026,senate,MN,,win_prob_D,prob,1,0,0,0,0.8908,0.8908,0.8908,,open,single,grant_williams,2026-08-20,0
2026-08-20,professional,SEN_MS_2026,senate,MS,,margin_D,pct,1,0,1,1,-8.6,-8.6,-8.6,,open,single,grant_williams,2026-08-20,0
2026-08-20,professional,SEN_MS_2026,senate,MS,,win_prob_D,prob,1,0,0,0,0.2024,0.2024,0.2024,,open,single,grant_williams,2026-08-20,0
2026-08-20,professional,SEN_MT_2026,senate,MT,,margin_D,pct,1,0,1,1,-10.58,-10.58,-10.58,,open,single,grant_williams,2026-08-20,0
2026-08-20,professional,SEN_MT_2026,senate,MT,,win_prob_D,prob,1,0,0,0,0.1582,0.1582,0.1582,,open,single,grant_williams,2026-08-20,0
2026-08-20,professional,SEN_NC_2026,senate,NC,,margin_D,pct,1,0,1,1,8.28,8.28,8.28,,open,single,grant_williams,2026-08-20,0
2026-08-20,professional,SEN_NC_2026,senate,NC,,win_prob_D,prob,1,0,0,0,0.9495,0.9495,0.9495,,open,single,grant_williams,2026-08-20,0
2026-08-20,professional,SEN_NE_2026,senate,NE,,margin_D,pct,1,0,1,1,-12.75,-12.75,-12.75,,open,single,grant_williams,2026-08-20,0
2026-08-20,professional,SEN_NE_2026,senate,NE,,win_prob_D,prob,1,0,0,0,0.122,0.122,0.122,,open,single,grant_williams,2026-08-20,0
2026-08-20,professional,SEN_NH_2026,senate,NH,,margin_D,pct,1,0,1,1,6.12,6.12,6.12,,open,single,grant_williams,2026-08-20,0
2026-08-20,professional,SEN_NH_2026,senate,NH,,win_prob_D,prob,1,0,0,0,0.8931,0.8931,0.8931,,open,single,grant_williams,2026-08-20,0
2026-08-20,professional,SEN_NJ_2026,senate,NJ,,margin_D,pct,1,0,1,1,18.41,18.41,18.41,,open,single,grant_williams,2026-08-20,0
2026-08-20,professional,SEN_NJ_2026,senate,NJ,,win_prob_D,prob,1,0,0,0,0.9499,0.9499,0.9499,,open,single,grant_williams,2026-08-20,0
2026-08-20,professional,SEN_NM_2026,senate,NM,,margin_D,pct,1,0,1,1,16.49,16.49,16.49,,open,single,grant_williams,2026-08-20,0
2026-08-20,professional,SEN_NM_2026,senate,NM,,win_prob_D,prob,1,0,0,0,0.9368,0.9368,0.9368,,open,single,grant_williams,2026-08-20,0
2026-08-20,professional,SEN_OH_2026,senate,OH,,margin_D,pct,1,0,1,1,1.51,1.51,1.51,,open,single,grant_williams,2026-08-20,0
2026-08-20,professional,SEN_OH_2026,senate,OH,,win_prob_D,prob,1,0,0,0,0.6307,0.6307,0.6307,,open,single,grant_williams,2026-08-20,0
2026-08-20,professional,SEN_OK_2026,senate,OK,,margin_D,pct,1,0,1,1,-18.58,-18.58,-18.58,,open,single,grant_williams,2026-08-20,0
2026-08-20,professional,SEN_OK_2026,senate,OK,,win_prob_D,prob,1,0,0,0,0.0565,0.0565,0.0565,,open,single,grant_williams,2026-08-20,0
2026-08-20,professional,SEN_OR_2026,senate,OR,,margin_D,pct,1,0,1,1,17.23,17.23,17.23,,open,single,grant_williams,2026-08-20,0
2026-08-20,professional,SEN_OR_2026,senate,OR,,win_prob_D,prob,1,0,0,0,0.9408,0.9408,0.9408,,open,single,grant_williams,2026-08-20,0
2026-08-20,professional,SEN_RI_2026,senate,RI,,margin_D,pct,1,0,1,1,23.54,23.54,23.54,,open,single,grant_williams,2026-08-20,0
2026-08-20,professional,SEN_RI_2026,senate,RI,,win_prob_D,prob,1,0,0,0,0.9757,0.9757,0.9757,,open,single,grant_williams,2026-08-20,0
2026-08-20,professional,SEN_SC_2026,senate,SC,,margin_D,pct,1,0,1,1,-6.71,-6.71,-6.71,,open,single,grant_williams,2026-08-20,0
2026-08-20,professional,SEN_SC_2026,senate,SC,,win_prob_D,prob,1,0,0,0,0.2558,0.2558,0.2558,,open,single,grant_williams,2026-08-20,0
2026-08-20,professional,SEN_SD_2026,senate,SD,,margin_D,pct,1,0,1,1,-16.51,-16.51,-16.51,,open,single,grant_williams,2026-08-20,0
2026-08-20,professional,SEN_SD_2026,senate,SD,,win_prob_D,prob,1,0,0,0,0.0695,0.0695,0.0695,,open,single,grant_williams,2026-08-20,0
2026-08-20,professional,SEN_TN_2026,senate,TN,,margin_D,pct,1,0,1,1,-13.55,-13.55,-13.55,,open,single,grant_williams,2026-08-20,0
2026-08-20,professional,SEN_TN_2026,senate,TN,,win_prob_D,prob,1,0,0,0,0.1099,0.1099,0.1099,,open,single,grant_williams,2026-08-20,0
2026-08-20,professional,SEN_TX_2026,senate,TX,,margin_D,pct,1,0,1,1,1.54,1.54,1.54,,open,single,grant_williams,2026-08-20,0
2026-08-20,professional,SEN_TX_2026,senate,TX,,win_prob_D,prob,1,0,0,0,0.6308,0.6308,0.6308,,open,single,grant_williams,2026-08-20,0
2026-08-20,professional,SEN_VA_2026,senate,VA,,margin_D,pct,1,0,1,1,14.42,14.42,14.42,,open,single,grant_williams,2026-08-20,0
2026-08-20,professional,SEN_VA_2026,senate,VA,,win_prob_D,prob,1,0,0,0,0.9088,0.9088,0.9088,,open,single,grant_williams,2026-08-20,0
2026-08-20,professional,SEN_WV_2026,senate,WV,,margin_D,pct,1,0,1,1,-26.56,-26.56,-26.56,,open,single,grant_williams,2026-08-20,0
2026-08-20,professional,SEN_WV_2026,senate,WV,,win_prob_D,prob,1,0,0,0,0.0192,0.0192,0.0192,,open,single,grant_williams,2026-08-20,0
2026-08-20,professional,SEN_WY_2026,senate,WY,,margin_D,pct,1,0,1,1,-38.57,-38.57,-38.57,,open,single,grant_williams,2026-08-20,0
2026-08-20,professional,SEN_WY_2026,senate,WY,,win_prob_D,prob,1,0,0,0,0.0046,0.0046,0.0046,,open,single,grant_williams,2026-08-20,0
2026-08-21,fundamentals,NATL_HOUSE_2026,national,,,margin_D,margin,2,0,0,0,6.13,1.78,10.48,6.1518,open,thin,,2026-07-31,1
2026-08-21,fundamentals,NATL_HOUSE_2026,national,,,seats_D,seats,2,0,0,0,230.18,210.23,250.13,28.2136,open,thin,,2026-07-31,1
2026-08-21,fundamentals,NATL_HOUSE_2026,national,,,win_prob_D,prob,2,0,0,0,0.6307,0.3123,0.9491,0.4503,open,thin,,2026-07-31,1
2026-08-21,fundamentals,NATL_SENATE_2026,national,,,seats_D,seats,2,0,0,0,49.345,47.22,51.47,3.0052,open,thin,,2026-07-31,1
2026-08-21,fundamentals,NATL_SENATE_2026,national,,,win_prob_D,prob,2,0,0,0,0.3389,0.0569,0.6209,0.3988,open,thin,,2026-07-31,1
2026-08-21,fundamentals,SEN_AK_2026,senate,AK,,margin_D,margin,2,0,0,0,-6.77,-11.12,-2.42,6.1518,open,thin,,2026-07-31,1
2026-08-21,fundamentals,SEN_AK_2026,senate,AK,,win_prob_D,prob,2,0,0,0,0.2004,0.0448,0.3559,0.22,open,thin,,2026-07-31,1
2026-08-21,fundamentals,SEN_AL_2026,senate,AL,,margin_D,margin,2,0,0,0,-23.49,-27.84,-19.14,6.1518,open,thin,,2026-07-31,1
2026-08-21,fundamentals,SEN_AL_2026,senate,AL,,win_prob_D,prob,2,0,0,0,0.0008,0.0,0.0017,0.0012,open,thin,,2026-07-31,1
2026-08-21,fundamentals,SEN_AR_2026,senate,AR,,margin_D,margin,2,0,0,0,-24.49,-28.84,-20.14,6.1518,open,thin,,2026-07-31,1
2026-08-21,fundamentals,SEN_AR_2026,senate,AR,,win_prob_D,prob,2,0,0,0,0.0006,0.0,0.0011,0.0008,open,thin,,2026-07-31,1
2026-08-21,fundamentals,SEN_CO_2026,senate,CO,,margin_D,margin,2,0,0,0,18.07,13.72,22.42,6.1518,open,thin,,2026-07-31,1
2026-08-21,fundamentals,SEN_CO_2026,senate,CO,,win_prob_D,prob,2,0,0,0,0.9908,0.9819,0.9997,0.0126,open,thin,,2026-07-31,1
2026-08-21,fundamentals,SEN_DE_2026,senate,DE,,margin_D,margin,2,0,0,0,22.15,17.8,26.5,6.1518,open,thin,,2026-07-31,1
2026-08-21,fundamentals,SEN_DE_2026,senate,DE,,win_prob_D,prob,2,0,0,0,0.9984,0.9967,1.0,0.0023,open,thin,,2026-07-31,1
2026-08-21,fundamentals,SEN_FL_2026,senate,FL,,margin_D,margin,2,0,0,0,-4.65,-9.0,-0.3,6.1518,open,thin,,2026-07-31,1
2026-08-21,fundamentals,SEN_FL_2026,senate,FL,,win_prob_D,prob,2,0,0,0,0.2832,0.0847,0.4817,0.2807,open,thin,,2026-07-31,1
2026-08-21,fundamentals,SEN_GA_2026,senate,GA,,margin_D,margin,2,0,0,0,4.53,0.18,8.88,6.1518,open,thin,,2026-07-31,1
2026-08-21,fundamentals,SEN_GA_2026,senate,GA,,win_prob_D,prob,2,0,0,0,0.7117,0.511,0.9124,0.2838,open,thin,,2026-07-31,1
2026-08-21,fundamentals,SEN_IA_2026,senate,IA,,margin_D,margin,2,0,0,0,-6.05,-10.4,-1.7,6.1518,open,thin,,2026-07-31,1
2026-08-21,fundamentals,SEN_IA_2026,senate,IA,,win_prob_D,prob,2,0,0,0,0.2269,0.0562,0.3976,0.2414,open,thin,,2026-07-31,1
2026-08-21,fundamentals,SEN_ID_2026,senate,ID,,margin_D,margin,2,0,0,0,-29.95,-34.3,-25.6,6.1518,open,thin,,2026-07-31,1
2026-08-21,fundamentals,SEN_ID_2026,senate,ID,,win_prob_D,prob,2,0,0,0,0.0,0.0,0.0,0.0,open,thin,,2026-07-31,1
2026-08-21,fundamentals,SEN_IL_2026,senate,IL,,margin_D,margin,2,0,0,0,18.81,14.46,23.16,6.1518,open,thin,,2026-07-31,1
2026-08-21,fundamentals,SEN_IL_2026,senate,IL,,win_prob_D,prob,2,0,0,0,0.9931,0.9864,0.9998,0.0095,open,thin,,2026-07-31,1
2026-08-21,fundamentals,SEN_KS_2026,senate,KS,,margin_D,margin,2,0,0,0,-9.93,-14.28,-5.58,6.1518,open,thin,,2026-07-31,1
2026-08-21,fundamentals,SEN_KS_2026,senate,KS,,win_prob_D,prob,2,0,0,0,0.1058,0.0146,0.1971,0.129,open,thin,,2026-07-31,1
2026-08-21,fundamentals,SEN_KY_2026,senate,KY,,margin_D,margin,2,0,0,0,-23.75,-28.1,-19.4,6.1518,open,thin,,2026-07-31,1
2026-08-21,fundamentals,SEN_KY_2026,senate,KY,,win_prob_D,prob,2,0,0,0,0.0008,0.0,0.0015,0.0011,open,thin,,2026-07-31,1
2026-08-21,fundamentals,SEN_LA_2026,senate,LA,,margin_D,margin,2,0,0,0,-15.37,-19.72,-11.02,6.1518,open,thin,,2026-07-31,1
2026-08-21,fundamentals,SEN_LA_2026,senate,LA,,win_prob_D,prob,2,0,0,0,0.0238,0.0013,0.0462,0.0317,open,thin,,2026-07-31,1
2026-08-21,fundamentals,SEN_MA_2026,senate,MA,,margin_D,margin,2,0,0,0,34.11,29.76,38.46,6.1518,open,thin,,2026-07-31,1
2026-08-21,fundamentals,SEN_MA_2026,senate,MA,,win_prob_D,prob,2,0,0,0,1.0,1.0,1.0,0.0,open,thin,,2026-07-31,1
2026-08-21,fundamentals,SEN_ME_2026,senate,ME,,margin_D,margin,2,0,0,0,13.77,9.42,18.12,6.1518,open,thin,,2026-07-31,1
2026-08-21,fundamentals,SEN_ME_2026,senate,ME,,win_prob_D,prob,2,0,0,0,0.961,0.9248,0.9972,0.0512,open,thin,,2026-07-31,1
2026-08-21,fundamentals,SEN_MI_2026,senate,MI,,margin_D,margin,2,0,0,0,5.75,1.4,10.1,6.1518,open,thin,,2026-07-31,1
2026-08-21,fundamentals,SEN_MI_2026,senate,MI,,win_prob_D,prob,2,0,0,0,0.7615,0.5846,0.9385,0.2502,open,thin,,2026-07-31,1
2026-08-21,fundamentals,SEN_MN_2026,senate,MN,,margin_D,margin,2,0,0,0,11.19,6.84,15.54,6.1518,open,thin,,2026-07-31,1
2026-08-21,fundamentals,SEN_MN_2026,senate,MN,,win_prob_D,prob,2,0,0,0,0.9215,0.8518,0.9912,0.0986,open,thin,,2026-07-31,1
2026-08-21,fundamentals,SEN_MS_2026,senate,MS,,margin_D,margin,2,0,0,0,-15.43,-19.78,-11.08,6.1518,open,thin,,2026-07-31,1
2026-08-21,fundamentals,SEN_MS_2026,senate,MS,,win_prob_D,prob,2,0,0,0,0.0234,0.0013,0.0454,0.0312,open,thin,,2026-07-31,1
2026-08-21,fundamentals,SEN_MT_2026,senate,MT,,margin_D,margin,2,0,0,0,-13.51,-17.86,-9.16,6.1518,open,thin,,2026-07-31,1
2026-08-21,fundamentals,SEN_MT_2026,senate,MT,,win_prob_D,prob,2,0,0,0,0.0421,0.0032,0.081,0.055,open,thin,,2026-07-31,1
2026-08-21,fundamentals,SEN_NC_2026,senate,NC,,margin_D,margin,2,0,0,0,3.33,-1.02,7.68,6.1518,open,thin,,2026-07-31,1
2026-08-21,fundamentals,SEN_NC_2026,senate,NC,,win_prob_D,prob,2,0,0,0,0.6588,0.4381,0.8795,0.3121,open,thin,,2026-07-31,1
2026-08-21,fundamentals,SEN_NE_2026,senate,NE,,margin_D,margin,2,0,0,0,-14.41,-18.76,-10.06,6.1518,open,thin,,2026-07-31,1
2026-08-21,fundamentals,SEN_NE_2026,senate,NE,,win_prob_D,prob,2,0,0,0,0.0322,0.0021,0.0623,0.0426,open,thin,,2026-07-31,1
2026-08-21,fundamentals,SEN_NH_2026,senate,NH,,margin_D,margin,2,0,0,0,10.11,5.76,14.46,6.1518,open,thin,,2026-07-31,1
2026-08-21,fundamentals,SEN_NH_2026,senate,NH,,win_prob_D,prob,2,0,0,0,0.8984,0.8104,0.9864,0.1245,open,thin,,2026-07-31,1
2026-08-21,fundamentals,SEN_NJ_2026,senate,NJ,,margin_D,margin,2,0,0,0,14.67,10.32,19.02,6.1518,open,thin,,2026-07-31,1
2026-08-21,fundamentals,SEN_NJ_2026,senate,NJ,,win_prob_D,prob,2,0,0,0,0.9703,0.9424,0.9982,0.0395,open,thin,,2026-07-31,1
2026-08-21,fundamentals,SEN_NM_2026,senate,NM,,margin_D,margin,2,0,0,0,13.49,9.14,17.84,6.1518,open,thin,,2026-07-31,1
2026-08-21,fundamentals,SEN_NM_2026,senate,NM,,win_prob_D,prob,2,0,0,0,0.9577,0.9186,0.9968,0.0553,open,thin,,2026-07-31,1
2026-08-21,fundamentals,SEN_OH_2026,senate,OH,,margin_D,margin,2,0,0,0,-4.41,-8.76,-0.06,6.1518,open,thin,,2026-07-31,1
2026-08-21,fundamentals,SEN_OH_2026,senate,OH,,win_prob_D,prob,2,0,0,0,0.2934,0.0905,0.4963,0.2869,open,thin,,2026-07-31,1
2026-08-21,fundamentals,SEN_OK_2026,senate,OK,,margin_D,margin,2,0,0,0,-28.55,-32.9,-24.2,6.1518,open,thin,,2026-07-31,1
2026-08-21,fundamentals,SEN_OK_2026,senate,OK,,win_prob_D,prob,2,0,0,0,0.0001,0.0,0.0001,0.0001,open,thin,,2026-07-31,1
2026-08-21,fundamentals,SEN_OR_2026,senate,OR,,margin_D,margin,2,0,0,0,21.43,17.08,25.78,6.1518,open,thin,,2026-07-31,1
2026-08-21,fundamentals,SEN_OR_2026,senate,OR,,win_prob_D,prob,2,0,0,0,0.9977,0.9954,1.0,0.0033,open,thin,,2026-07-31,1
2026-08-21,fundamentals,SEN_RI_2026,senate,RI,,margin_D,margin,2,0,0,0,22.05,17.7,26.4,6.1518,open,thin,,2026-07-31,1
2026-08-21,fundamentals,SEN_RI_2026,senate,RI,,win_prob_D,prob,2,0,0,0,0.9983,0.9966,1.0,0.0024,open,thin,,2026-07-31,1
2026-08-21,fundamentals,SEN_SC_2026,senate,SC,,margin_D,margin,2,0,0,0,-10.43,-14.78,-6.08,6.1518,open,thin,,2026-07-31,1
2026-08-21,fundamentals,SEN_SC_2026,senate,SC,,win_prob_D,prob,2,0,0,0,0.0943,0.012,0.1766,0.1164,open,thin,,2026-07-31,1
2026-08-21,fundamentals,SEN_SD_2026,senate,SD,,margin_D,margin,2,0,0,0,-23.01,-27.36,-18.66,6.1518,open,thin,,2026-07-31,1
2026-08-21,fundamentals,SEN_SD_2026,senate,SD,,win_prob_D,prob,2,0,0,0,0.0011,0.0,0.0022,0.0016,open,thin,,2026-07-31,1
2026-08-21,fundamentals,SEN_TN_2026,senate,TN,,margin_D,margin,2,0,0,0,-22.39,-26.74,-18.04,6.1518,open,thin,,2026-07-31,1
2026-08-21,fundamentals,SEN_TN_2026,senate,TN,,win_prob_D,prob,2,0,0,0,0.0014,0.0,0.0029,0.0021,open,thin,,2026-07-31,1
2026-08-21,fundamentals,SEN_TX_2026,senate,TX,,margin_D,margin,2,0,0,0,-5.71,-10.06,-1.36,6.1518,open,thin,,2026-07-31,1
2026-08-21,fundamentals,SEN_TX_2026,senate,TX,,win_prob_D,prob,2,0,0,0,0.2401,0.0623,0.4178,0.2514,open,thin,,2026-07-31,1
2026-08-21,fundamentals,SEN_VA_2026,senate,VA,,margin_D,margin,2,0,0,0,13.11,8.76,17.46,6.1518,open,thin,,2026-07-31,1
2026-08-21,fundamentals,SEN_VA_2026,senate,VA,,win_prob_D,prob,2,0,0,0,0.9528,0.9095,0.9962,0.0613,open,thin,,2026-07-31,1
2026-08-21,fundamentals,SEN_WV_2026,senate,WV,,margin_D,margin,2,0,0,0,-35.79,-40.14,-31.44,6.1518,open,thin,,2026-07-31,1
2026-08-21,fundamentals,SEN_WV_2026,senate,WV,,win_prob_D,prob,2,0,0,0,0.0,0.0,0.0,0.0,open,thin,,2026-07-31,1
2026-08-21,fundamentals,SEN_WY_2026,senate,WY,,margin_D,margin,2,0,0,0,-40.33,-44.68,-35.98,6.1518,open,thin,,2026-07-31,1
2026-08-21,fundamentals,SEN_WY_2026,senate,WY,,win_prob_D,prob,2,0,0,0,0.0,0.0,0.0,0.0,open,thin,,2026-07-31,1
2026-08-21,market,GOV_AL_2026,governor,AL,,win_prob_D,prob,2,0,0,0,0.0882,0.0465,0.13,0.059,open,thin,,2026-08-21,0
2026-08-21,market,GOV_AL_2026,governor,AL,,win_prob_R,prob,2,0,0,0,0.9338,0.91,0.9575,0.0336,open,thin,,2026-08-21,0
2026-08-21,market,GOV_AR_2026,governor,AR,,win_prob_D,prob,1,0,0,0,0.0075,0.0075,0.0075,,open,single,polymarket,2026-08-21,0
2026-08-21,market,GOV_AR_2026,governor,AR,,win_prob_R,prob,1,0,0,0,0.9665,0.9665,0.9665,,open,single,polymarket,2026-08-21,0
2026-08-21,market,GOV_AZ_2026,governor,AZ,,win_prob_D,prob,2,0,0,0,0.8575,0.84,0.875,0.0247,open,thin,,2026-08-21,0
2026-08-21,market,GOV_AZ_2026,governor,AZ,,win_prob_R,prob,2,0,0,0,0.175,0.13,0.22,0.0636,open,thin,,2026-08-21,0
2026-08-21,market,GOV_CO_2026,governor,CO,,win_prob_D,prob,2,0,0,0,0.965,0.96,0.97,0.0071,open,thin,,2026-08-21,0
2026-08-21,market,GOV_CO_2026,governor,CO,,win_prob_R,prob,2,0,0,0,0.053,0.046,0.06,0.0099,open,thin,,2026-08-21,0
2026-08-21,market,GOV_CT_2026,governor,CT,,win_prob_D,prob,2,0,0,0,0.9517,0.94,0.9635,0.0166,open,thin,,2026-08-21,0
2026-08-21,market,GOV_CT_2026,governor,CT,,win_prob_R,prob,2,0,0,0,0.0287,0.0275,0.03,0.0018,open,thin,,2026-08-21,0
2026-08-21,market,GOV_FL_2026,governor,FL,,win_prob_D,prob,2,0,0,0,0.165,0.14,0.19,0.0354,open,thin,,2026-08-21,0
2026-08-21,market,GOV_FL_2026,governor,FL,,win_prob_R,prob,2,0,0,0,0.845,0.81,0.88,0.0495,open,thin,,2026-08-21,0
2026-08-21,market,GOV_GA_2026,governor,GA,,win_prob_D,prob,2,0,0,0,0.5925,0.59,0.595,0.0035,open,thin,,2026-08-21,0
2026-08-21,market,GOV_GA_2026,governor,GA,,win_prob_R,prob,2,0,0,0,0.4325,0.415,0.45,0.0247,open,thin,,2026-08-21,0
2026-08-21,market,GOV_HI_2026,governor,HI,,win_prob_D,prob,1,0,0,0,0.965,0.965,0.965,,open,single,polymarket,2026-08-21,0
2026-08-21,market,GOV_HI_2026,governor,HI,,win_prob_R,prob,1,0,0,0,0.023,0.023,0.023,,open,single,polymarket,2026-08-21,0
2026-08-21,market,GOV_IA_2026,governor,IA,,win_prob_D,prob,2,0,0,0,0.745,0.74,0.75,0.0071,open,thin,,2026-08-21,0
2026-08-21,market,GOV_IA_2026,governor,IA,,win_prob_R,prob,2,0,0,0,0.285,0.26,0.31,0.0354,open,thin,,2026-08-21,0
2026-08-21,market,GOV_ID_2026,governor,ID,,win_prob_D,prob,1,0,0,0,0.0245,0.0245,0.0245,,open,single,polymarket,2026-08-21,0
2026-08-21,market,GOV_ID_2026,governor,ID,,win_prob_R,prob,1,0,0,0,0.955,0.955,0.955,,open,single,polymarket,2026-08-21,0
2026-08-21,market,GOV_IL_2026,governor,IL,,win_prob_D,prob,1,0,0,0,0.9575,0.9575,0.9575,,open,single,polymarket,2026-08-21,0
2026-08-21,market,GOV_IL_2026,governor,IL,,win_prob_R,prob,1,0,0,0,0.032,0.032,0.032,,open,single,polymarket,2026-08-21,0
2026-08-21,market,GOV_KS_2026,governor,KS,,win_prob_D,prob,2,0,0,0,0.255,0.17,0.34,0.1202,open,thin,,2026-08-21,0
2026-08-21,market,GOV_KS_2026,governor,KS,,win_prob_R,prob,2,0,0,0,0.765,0.66,0.87,0.1485,open,thin,,2026-08-21,0
2026-08-21,market,GOV_MA_2026,governor,MA,,win_prob_D,prob,2,0,0,0,0.9545,0.95,0.959,0.0064,open,thin,,2026-08-21,0
2026-08-21,market,GOV_MA_2026,governor,MA,,win_prob_R,prob,2,0,0,0,0.0423,0.0345,0.05,0.011,open,thin,,2026-08-21,0
2026-08-21,market,GOV_MD_2026,governor,MD,,win_prob_D,prob,2,0,0,0,0.8628,0.76,0.9655,0.1453,open,thin,,2026-08-21,0
2026-08-21,market,GOV_MD_2026,governor,MD,,win_prob_R,prob,2,0,0,0,0.0377,0.0355,0.04,0.0032,open,thin,,2026-08-21,0
2026-08-21,market,GOV_ME_2026,governor,ME,,win_prob_D,prob,1,0,0,0,0.955,0.955,0.955,,open,single,polymarket,2026-08-21,0
2026-08-21,market,GOV_ME_2026,governor,ME,,win_prob_R,prob,1,0,0,0,0.043,0.043,0.043,,open,single,polymarket,2026-08-21,0
2026-08-21,market,GOV_MI_2026,governor,MI,,win_prob_D,prob,2,0,0,0,0.85,0.82,0.88,0.0424,open,thin,,2026-08-21,0
2026-08-21,market,GOV_MI_2026,governor,MI,,win_prob_R,prob,2,0,0,0,0.155,0.13,0.18,0.0354,open,thin,,2026-08-21,0
2026-08-21,market,GOV_MN_2026,governor,MN,,win_prob_D,prob,2,0,0,0,0.9375,0.93,0.945,0.0106,open,thin,,2026-08-21,0
2026-08-21,market,GOV_MN_2026,governor,MN,,win_prob_R,prob,2,0,0,0,0.0688,0.0475,0.09,0.0301,open,thin,,2026-08-21,0
2026-08-21,market,GOV_NE_2026,governor,NE,,win_prob_D,prob,2,0,0,0,0.1075,0.085,0.13,0.0318,open,thin,,2026-08-21,0
2026-08-21,market,GOV_NE_2026,governor,NE,,win_prob_R,prob,2,0,0,0,0.9475,0.925,0.97,0.0318,open,thin,,2026-08-21,0
2026-08-21,market,GOV_NH_2026,governor,NH,,win_prob_D,prob,1,0,0,0,0.168,0.168,0.168,,open,single,polymarket,2026-08-21,0
2026-08-21,market,GOV_NH_2026,governor,NH,,win_prob_R,prob,1,0,0,0,0.825,0.825,0.825,,open,single,polymarket,2026-08-21,0
2026-08-21,market,GOV_NM_2026,governor,NM,,win_prob_D,prob,2,0,0,0,0.9125,0.91,0.915,0.0035,open,thin,,2026-08-21,0
2026-08-21,market,GOV_NM_2026,governor,NM,,win_prob_R,prob,2,0,0,0,0.1025,0.095,0.11,0.0106,open,thin,,2026-08-21,0
2026-08-21,market,GOV_NV_2026,governor,NV,,win_prob_D,prob,2,0,0,0,0.4025,0.4,0.405,0.0035,open,thin,,2026-08-21,0
2026-08-21,market,GOV_NV_2026,governor,NV,,win_prob_R,prob,2,0,0,0,0.5975,0.595,0.6,0.0035,open,thin,,2026-08-21,0
2026-08-21,market,GOV_NY_2026,governor,NY,,win_prob_D,prob,2,0,0,0,0.9325,0.92,0.945,0.0177,open,thin,,2026-08-21,0
2026-08-21,market,GOV_NY_2026,governor,NY,,win_prob_R,prob,2,0,0,0,0.0525,0.045,0.06,0.0106,open,thin,,2026-08-21,0
2026-08-21,market,GOV_OH_2026,governor,OH,,win_prob_D,prob,2,0,0,0,0.49,0.49,0.49,0.0,open,thin,,2026-08-21,0
2026-08-21,market,GOV_OH_2026,governor,OH,,win_prob_R,prob,2,0,0,0,0.5025,0.495,0.51,0.0106,open,thin,,2026-08-21,0
2026-08-21,market,GOV_OK_2026,governor,OK,,win_prob_D,prob,1,0,0,0,0.045,0.045,0.045,,open,single,polymarket,2026-08-21,0
2026-08-21,market,GOV_OK_2026,governor,OK,,win_prob_R,prob,1,0,0,0,0.955,0.955,0.955,,open,single,polymarket,2026-08-21,0
2026-08-21,market,GOV_OR_2026,governor,OR,,win_prob_D,prob,1,0,0,0,0.86,0.86,0.86,,open,single,polymarket,2026-08-21,0
2026-08-21,market,GOV_OR_2026,governor,OR,,win_prob_R,prob,1,0,0,0,0.135,0.135,0.135,,open,single,polymarket,2026-08-21,0
2026-08-21,market,GOV_PA_2026,governor,PA,,win_prob_D,prob,2,0,0,0,0.9425,0.93,0.955,0.0177,open,thin,,2026-08-21,0
2026-08-21,market,GOV_PA_2026,governor,PA,,win_prob_R,prob,2,0,0,0,0.0575,0.045,0.07,0.0177,open,thin,,2026-08-21,0
2026-08-21,market,GOV_RI_2026,governor,RI,,win_prob_D,prob,2,0,0,0,0.9475,0.935,0.96,0.0177,open,thin,,2026-08-21,0
2026-08-21,market,GOV_RI_2026,governor,RI,,win_prob_R,prob,2,0,0,0,0.037,0.03,0.044,0.0099,open,thin,,2026-08-21,0
2026-08-21,market,GOV_SC_2026,governor,SC,,win_prob_D,prob,1,0,0,0,0.071,0.071,0.071,,open,single,polymarket,2026-08-21,0
2026-08-21,market,GOV_SC_2026,governor,SC,,win_prob_R,prob,1,0,0,0,0.92,0.92,0.92,,open,single,polymarket,2026-08-21,0
2026-08-21,market,GOV_SD_2026,governor,SD,,win_prob_D,prob,1,0,0,0,0.045,0.045,0.045,,open,single,polymarket,2026-08-21,0
2026-08-21,market,GOV_SD_2026,governor,SD,,win_prob_R,prob,1,0,0,0,0.9535,0.9535,0.9535,,open,single,polymarket,2026-08-21,0
2026-08-21,market,GOV_TN_2026,governor,TN,,win_prob_D,prob,1,0,0,0,0.038,0.038,0.038,,open,single,polymarket,2026-08-21,0
2026-08-21,market,GOV_TN_2026,governor,TN,,win_prob_R,prob,1,0,0,0,0.9625,0.9625,0.9625,,open,single,polymarket,2026-08-21,0
2026-08-21,market,GOV_TX_2026,governor,TX,,win_prob_D,prob,2,0,0,0,0.13,0.11,0.15,0.0283,open,thin,,2026-08-21,0
2026-08-21,market,GOV_TX_2026,governor,TX,,win_prob_R,prob,2,0,0,0,0.8842,0.8785,0.89,0.0081,open,thin,,2026-08-21,0
2026-08-21,market,GOV_VT_2026,governor,VT,,win_prob_D,prob,2,0,0,0,0.0995,0.079,0.12,0.029,open,thin,,2026-08-21,0
2026-08-21,market,GOV_VT_2026,governor,VT,,win_prob_R,prob,2,0,0,0,0.895,0.88,0.91,0.0212,open,thin,,2026-08-21,0
2026-08-21,market,GOV_WI_2026,governor,WI,,win_prob_D,prob,2,0,0,0,0.7725,0.73,0.815,0.0601,open,thin,,2026-08-21,0
2026-08-21,market,GOV_WI_2026,governor,WI,,win_prob_R,prob,2,0,0,0,0.2275,0.195,0.26,0.046,open,thin,,2026-08-21,0
2026-08-21,market,GOV_WY_2026,governor,WY,,win_prob_D,prob,1,0,0,0,0.032,0.032,0.032,,open,single,polymarket,2026-08-21,0
2026-08-21,market,GOV_WY_2026,governor,WY,,win_prob_R,prob,1,0,0,0,0.961,0.961,0.961,,open,single,polymarket,2026-08-21,0
2026-08-21,market,HOU_AZ_01_2026,house,AZ,01,win_prob_D,prob,1,0,0,0,0.75,0.75,0.75,,open,single,polymarket,2026-08-21,0
2026-08-21,market,HOU_AZ_01_2026,house,AZ,01,win_prob_R,prob,1,0,0,0,0.26,0.26,0.26,,open,single,polymarket,2026-08-21,0
2026-08-21,market,HOU_AZ_02_2026,house,AZ,02,win_prob_D,prob,1,0,0,0,0.37,0.37,0.37,,open,single,polymarket,2026-08-21,0
2026-08-21,market,HOU_AZ_02_2026,house,AZ,02,win_prob_R,prob,1,0,0,0,0.635,0.635,0.635,,open,single,polymarket,2026-08-21,0
2026-08-21,market,HOU_AZ_06_2026,house,AZ,06,win_prob_D,prob,1,0,0,0,0.825,0.825,0.825,,open,single,polymarket,2026-08-21,0
2026-08-21,market,HOU_AZ_06_2026,house,AZ,06,win_prob_R,prob,1,0,0,0,0.175,0.175,0.175,,open,single,polymarket,2026-08-21,0
2026-08-21,market,HOU_CA_13_2026,house,CA,13,win_prob_D,prob,1,0,0,0,0.895,0.895,0.895,,open,single,polymarket,2026-08-21,0
2026-08-21,market,HOU_CA_13_2026,house,CA,13,win_prob_R,prob,1,0,0,0,0.105,0.105,0.105,,open,single,polymarket,2026-08-21,0
2026-08-21,market,HOU_CA_17_2026,house,CA,17,win_prob_D,prob,1,0,0,0,0.973,0.973,0.973,,open,single,polymarket,2026-08-21,0
2026-08-21,market,HOU_CA_17_2026,house,CA,17,win_prob_R,prob,1,0,0,0,0.0255,0.0255,0.0255,,open,single,polymarket,2026-08-21,0
2026-08-21,market,HOU_CA_22_2026,house,CA,22,win_prob_D,prob,1,0,0,0,0.83,0.83,0.83,,open,single,polymarket,2026-08-21,0
2026-08-21,market,HOU_CA_22_2026,house,CA,22,win_prob_R,prob,1,0,0,0,0.155,0.155,0.155,,open,single,polymarket,2026-08-21,0
2026-08-21,market,HOU_CA_27_2026,house,CA,27,win_prob_D,prob,1,0,0,0,0.945,0.945,0.945,,open,single,polymarket,2026-08-21,0
2026-08-21,market,HOU_CA_27_2026,house,CA,27,win_prob_R,prob,1,0,0,0,0.0545,0.0545,0.0545,,open,single,polymarket,2026-08-21,0
2026-08-21,market,HOU_CO_03_2026,house,CO,03,win_prob_D,prob,1,0,0,0,0.385,0.385,0.385,,open,single,polymarket,2026-08-21,0
2026-08-21,market,HOU_CO_03_2026,house,CO,03,win_prob_R,prob,1,0,0,0,0.62,0.62,0.62,,open,single,polymarket,2026-08-21,0
2026-08-21,market,HOU_CO_08_2026,house,CO,08,win_prob_D,prob,1,0,0,0,0.725,0.725,0.725,,open,single,polymarket,2026-08-21,0
2026-08-21,market,HOU_CO_08_2026,house,CO,08,win_prob_R,prob,1,0,0,0,0.285,0.285,0.285,,open,single,polymarket,2026-08-21,0
2026-08-21,market,HOU_CT_05_2026,house,CT,05,win_prob_D,prob,1,0,0,0,0.9415,0.9415,0.9415,,open,single,polymarket,2026-08-21,0
2026-08-21,market,HOU_CT_05_2026,house,CT,05,win_prob_R,prob,1,0,0,0,0.048,0.048,0.048,,open,single,polymarket,2026-08-21,0
2026-08-21,market,HOU_FL_13_2026,house,FL,13,win_prob_D,prob,1,0,0,0,0.24,0.24,0.24,,open,single,polymarket,2026-08-21,0
2026-08-21,market,HOU_FL_13_2026,house,FL,13,win_prob_R,prob,1,0,0,0,0.765,0.765,0.765,,open,single,polymarket,2026-08-21,0
2026-08-21,market,HOU_FL_23_2026,house,FL,23,win_prob_D,prob,1,0,0,0,0.93,0.93,0.93,,open,single,polymarket,2026-08-21,0
2026-08-21,market,HOU_FL_23_2026,house,FL,23,win_prob_R,prob,1,0,0,0,0.065,0.065,0.065,,open,single,polymarket,2026-08-21,0
2026-08-21,market,HOU_IA_01_2026,house,IA,01,win_prob_D,prob,1,0,0,0,0.715,0.715,0.715,,open,single,polymarket,2026-08-21,0
2026-08-21,market,HOU_IA_01_2026,house,IA,01,win_prob_R,prob,1,0,0,0,0.28,0.28,0.28,,open,single,polymarket,2026-08-21,0
2026-08-21,market,HOU_IA_03_2026,house,IA,03,win_prob_D,prob,1,0,0,0,0.77,0.77,0.77,,open,single,polymarket,2026-08-21,0
2026-08-21,market,HOU_IA_03_2026,house,IA,03,win_prob_R,prob,1,0,0,0,0.21,0.21,0.21,,open,single,polymarket,2026-08-21,0
2026-08-21,market,HOU_IL_17_2026,house,IL,17,win_prob_D,prob,1,0,0,0,0.935,0.935,0.935,,open,single,polymarket,2026-08-21,0
2026-08-21,market,HOU_IL_17_2026,house,IL,17,win_prob_R,prob,1,0,0,0,0.0605,0.0605,0.0605,,open,single,polymarket,2026-08-21,0
2026-08-21,market,HOU_IN_01_2026,house,IN,01,win_prob_D,prob,1,0,0,0,0.88,0.88,0.88,,open,single,polymarket,2026-08-21,0
2026-08-21,market,HOU_IN_01_2026,house,IN,01,win_prob_R,prob,1,0,0,0,0.115,0.115,0.115,,open,single,polymarket,2026-08-21,0
2026-08-21,market,HOU_MI_03_2026,house,MI,03,win_prob_D,prob,1,0,0,0,0.905,0.905,0.905,,open,single,polymarket,2026-08-21,0
2026-08-21,market,HOU_MI_03_2026,house,MI,03,win_prob_R,prob,1,0,0,0,0.0745,0.0745,0.0745,,open,single,polymarket,2026-08-21,0
2026-08-21,market,HOU_MI_04_2026,house,MI,04,win_prob_D,prob,1,0,0,0,0.485,0.485,0.485,,open,single,polymarket,2026-08-21,0
2026-08-21,market,HOU_MI_04_2026,house,MI,04,win_prob_R,prob,1,0,0,0,0.49,0.49,0.49,,open,single,polymarket,2026-08-21,0
2026-08-21,market,HOU_MI_07_2026,house,MI,07,win_prob_D,prob,1,0,0,0,0.61,0.61,0.61,,open,single,polymarket,2026-08-21,0
2026-08-21,market,HOU_MI_07_2026,house,MI,07,win_prob_R,prob,1,0,0,0,0.375,0.375,0.375,,open,single,polymarket,2026-08-21,0
2026-08-21,market,HOU_MI_08_2026,house,MI,08,win_prob_D,prob,1,0,0,0,0.935,0.935,0.935,,open,single,polymarket,2026-08-21,0
2026-08-21,market,HOU_MI_08_2026,house,MI,08,win_prob_R,prob,1,0,0,0,0.0725,0.0725,0.0725,,open,single,polymarket,2026-08-21,0
2026-08-21,market,HOU_MI_10_2026,house,MI,10,win_prob_D,prob,1,0,0,0,0.62,0.62,0.62,,open,single,polymarket,2026-08-21,0
2026-08-21,market,HOU_MI_10_2026,house,MI,10,win_prob_R,prob,1,0,0,0,0.355,0.355,0.355,,open,single,polymarket,2026-08-21,0
2026-08-21,market,HOU_MN_02_2026,house,MN,02,win_prob_D,prob,1,0,0,0,0.915,0.915,0.915,,open,single,polymarket,2026-08-21,0
2026-08-21,market,HOU_MN_02_2026,house,MN,02,win_prob_R,prob,1,0,0,0,0.0875,0.0875,0.0875,,open,single,polymarket,2026-08-21,0
2026-08-21,market,HOU_MO_05_2026,house,MO,05,win_prob_D,prob,1,0,0,0,0.16,0.16,0.16,,open,single,polymarket,2026-08-21,0
2026-08-21,market,HOU_MO_05_2026,house,MO,05,win_prob_R,prob,1,0,0,0,0.835,0.835,0.835,,open,single,polymarket,2026-08-21,0
2026-08-21,market,HOU_MT_01_2026,house,MT,01,win_prob_D,prob,1,0,0,0,0.405,0.405,0.405,,open,single,polymarket,2026-08-21,0
2026-08-21,market,HOU_MT_01_2026,house,MT,01,win_prob_R,prob,1,0,0,0,0.605,0.605,0.605,,open,single,polymarket,2026-08-21,0
2026-08-21,market,HOU_NC_01_2026,house,NC,01,win_prob_D,prob,1,0,0,0,0.58,0.58,0.58,,open,single,polymarket,2026-08-21,0
2026-08-21,market,HOU_NC_01_2026,house,NC,01,win_prob_R,prob,1,0,0,0,0.43,0.43,0.43,,open,single,polymarket,2026-08-21,0
2026-08-21,market,HOU_NC_11_2026,house,NC,11,win_prob_D,prob,1,0,0,0,0.61,0.61,0.61,,open,single,polymarket,2026-08-21,0
2026-08-21,market,HOU_NC_11_2026,house,NC,11,win_prob_R,prob,1,0,0,0,0.365,0.365,0.365,,open,single,polymarket,2026-08-21,0
2026-08-21,market,HOU_NE_02_2026,house,NE,02,win_prob_D,prob,1,0,0,0,0.785,0.785,0.785,,open,single,polymarket,2026-08-21,0
2026-08-21,market,HOU_NE_02_2026,house,NE,02,win_prob_R,prob,1,0,0,0,0.1655,0.1655,0.1655,,open,single,polymarket,2026-08-21,0
2026-08-21,market,HOU_NH_01_2026,house,NH,01,win_prob_D,prob,1,0,0,0,0.8705,0.8705,0.8705,,open,single,polymarket,2026-08-21,0
2026-08-21,market,HOU_NH_01_2026,house,NH,01,win_prob_R,prob,1,0,0,0,0.125,0.125,0.125,,open,single,polymarket,2026-08-21,0
2026-08-21,market,HOU_NH_02_2026,house,NH,02,win_prob_D,prob,1,0,0,0,0.924,0.924,0.924,,open,single,polymarket,2026-08-21,0
2026-08-21,market,HOU_NH_02_2026,house,NH,02,win_prob_R,prob,1,0,0,0,0.078,0.078,0.078,,open,single,polymarket,2026-08-21,0
2026-08-21,market,HOU_NJ_05_2026,house,NJ,05,win_prob_D,prob,1,0,0,0,0.915,0.915,0.915,,open,single,polymarket,2026-08-21,0
2026-08-21,market,HOU_NJ_05_2026,house,NJ,05,win_prob_R,prob,1,0,0,0,0.085,0.085,0.085,,open,single,polymarket,2026-08-21,0
2026-08-21,market,HOU_NJ_07_2026,house,NJ,07,win_prob_D,prob,1,0,0,0,0.815,0.815,0.815,,open,single,polymarket,2026-08-21,0
2026-08-21,market,HOU_NJ_07_2026,house,NJ,07,win_prob_R,prob,1,0,0,0,0.165,0.165,0.165,,open,single,polymarket,2026-08-21,0
2026-08-21,market,HOU_NJ_09_2026,house,NJ,09,win_prob_D,prob,1,0,0,0,0.906,0.906,0.906,,open,single,polymarket,2026-08-21,0
2026-08-21,market,HOU_NJ_09_2026,house,NJ,09,win_prob_R,prob,1,0,0,0,0.087,0.087,0.087,,open,single,polymarket,2026-08-21,0
2026-08-21,market,HOU_NM_02_2026,house,NM,02,win_prob_D,prob,1,0,0,0,0.885,0.885,0.885,,open,single,polymarket,2026-08-21,0
2026-08-21,market,HOU_NM_02_2026,house,NM,02,win_prob_R,prob,1,0,0,0,0.12,0.12,0.12,,open,single,polymarket,2026-08-21,0
2026-08-21,market,HOU_NV_01_2026,house,NV,01,win_prob_D,prob,1,0,0,0,0.9,0.9,0.9,,open,single,polymarket,2026-08-21,0
2026-08-21,market,HOU_NV_01_2026,house,NV,01,win_prob_R,prob,1,0,0,0,0.0915,0.0915,0.0915,,open,single,polymarket,2026-08-21,0
2026-08-21,market,HOU_NV_03_2026,house,NV,03,win_prob_D,prob,1,0,0,0,0.895,0.895,0.895,,open,single,polymarket,2026-08-21,0
2026-08-21,market,HOU_NV_03_2026,house,NV,03,win_prob_R,prob,1,0,0,0,0.08,0.08,0.08,,open,single,polymarket,2026-08-21,0
2026-08-21,market,HOU_NV_04_2026,house,NV,04,win_prob_D,prob,1,0,0,0,0.875,0.875,0.875,,open,single,polymarket,2026-08-21,0
2026-08-21,market,HOU_NV_04_2026,house,NV,04,win_prob_R,prob,1,0,0,0,0.11,0.11,0.11,,open,single,polymarket,2026-08-21,0
2026-08-21,market,HOU_NY_03_2026,house,NY,03,win_prob_D,prob,1,0,0,0,0.855,0.855,0.855,,open,single,polymarket,2026-08-21,0
2026-08-21,market,HOU_NY_03_2026,house,NY,03,win_prob_R,prob,1,0,0,0,0.155,0.155,0.155,,open,single,polymarket,2026-08-21,0
2026-08-21,market,HOU_NY_04_2026,house,NY,04,win_prob_D,prob,1,0,0,0,0.865,0.865,0.865,,open,single,polymarket,2026-08-21,0
2026-08-21,market,HOU_NY_04_2026,house,NY,04,win_prob_R,prob,1,0,0,0,0.145,0.145,0.145,,open,single,polymarket,2026-08-21,0
2026-08-21,market,HOU_NY_17_2026,house,NY,17,win_prob_D,prob,1,0,0,0,0.67,0.67,0.67,,open,single,polymarket,2026-08-21,0
2026-08-21,market,HOU_NY_17_2026,house,NY,17,win_prob_R,prob,1,0,0,0,0.325,0.325,0.325,,open,single,polymarket,2026-08-21,0
2026-08-21,market,HOU_NY_18_2026,house,NY,18,win_prob_D,prob,1,0,0,0,0.9105,0.9105,0.9105,,open,single,polymarket,2026-08-21,0
2026-08-21,market,HOU_NY_18_2026,house,NY,18,win_prob_R,prob,1,0,0,0,0.094,0.094,0.094,,open,single,polymarket,2026-08-21,0
2026-08-21,market,HOU_NY_19_2026,house,NY,19,win_prob_D,prob,1,0,0,0,0.895,0.895,0.895,,open,single,polymarket,2026-08-21,0
2026-08-21,market,HOU_NY_19_2026,house,NY,19,win_prob_R,prob,1,0,0,0,0.095,0.095,0.095,,open,single,polymarket,2026-08-21,0
2026-08-21,market,HOU_NY_22_2026,house,NY,22,win_prob_D,prob,1,0,0,0,0.92,0.92,0.92,,open,single,polymarket,2026-08-21,0
2026-08-21,market,HOU_NY_22_2026,house,NY,22,win_prob_R,prob,1,0,0,0,0.085,0.085,0.085,,open,single,polymarket,2026-08-21,0
2026-08-21,market,HOU_OH_01_2026,house,OH,01,win_prob_D,prob,1,0,0,0,0.911,0.911,0.911,,open,single,polymarket,2026-08-21,0
2026-08-21,market,HOU_OH_01_2026,house,OH,01,win_prob_R,prob,1,0,0,0,0.084,0.084,0.084,,open,single,polymarket,2026-08-21,0
2026-08-21,market,HOU_OH_09_2026,house,OH,09,win_prob_D,prob,1,0,0,0,0.705,0.705,0.705,,open,single,polymarket,2026-08-21,0
2026-08-21,market,HOU_OH_09_2026,house,OH,09,win_prob_R,prob,1,0,0,0,0.305,0.305,0.305,,open,single,polymarket,2026-08-21,0
2026-08-21,market,HOU_OH_13_2026,house,OH,13,win_prob_D,prob,1,0,0,0,0.9295,0.9295,0.9295,,open,single,polymarket,2026-08-21,0
2026-08-21,market,HOU_OH_13_2026,house,OH,13,win_prob_R,prob,1,0,0,0,0.075,0.075,0.075,,open,single,polymarket,2026-08-21,0
2026-08-21,market,HOU_OR_05_2026,house,OR,05,win_prob_D,prob,1,0,0,0,0.915,0.915,0.915,,open,single,polymarket,2026-08-21,0
2026-08-21,market,HOU_OR_05_2026,house,OR,05,win_prob_R,prob,1,0,0,0,0.074,0.074,0.074,,open,single,polymarket,2026-08-21,0
2026-08-21,market,HOU_PA_01_2026,house,PA,01,win_prob_D,prob,1,0,0,0,0.505,0.505,0.505,,open,single,polymarket,2026-08-21,0
2026-08-21,market,HOU_PA_01_2026,house,PA,01,win_prob_R,prob,1,0,0,0,0.505,0.505,0.505,,open,single,polymarket,2026-08-21,0
2026-08-21,market,HOU_PA_07_2026,house,PA,07,win_prob_D,prob,1,0,0,0,0.76,0.76,0.76,,open,single,polymarket,2026-08-21,0
2026-08-21,market,HOU_PA_07_2026,house,PA,07,win_prob_R,prob,1,0,0,0,0.245,0.245,0.245,,open,single,polymarket,2026-08-21,0
2026-08-21,market,HOU_PA_08_2026,house,PA,08,win_prob_D,prob,1,0,0,0,0.685,0.685,0.685,,open,single,polymarket,2026-08-21,0
2026-08-21,market,HOU_PA_08_2026,house,PA,08,win_prob_R,prob,1,0,0,0,0.31,0.31,0.31,,open,single,polymarket,2026-08-21,0
2026-08-21,market,HOU_PA_10_2026,house,PA,10,win_prob_D,prob,1,0,0,0,0.78,0.78,0.78,,open,single,polymarket,2026-08-21,0
2026-08-21,market,HOU_PA_10_2026,house,PA,10,win_prob_R,prob,1,0,0,0,0.23,0.23,0.23,,open,single,polymarket,2026-08-21,0
2026-08-21,market,HOU_PA_17_2026,house,PA,17,win_prob_D,prob,1,0,0,0,0.89,0.89,0.89,,open,single,polymarket,2026-08-21,0
2026-08-21,market,HOU_PA_17_2026,house,PA,17,win_prob_R,prob,1,0,0,0,0.115,0.115,0.115,,open,single,polymarket,2026-08-21,0
2026-08-21,market,HOU_TX_09_2026,house,TX,09,win_prob_D,prob,1,0,0,0,0.17,0.17,0.17,,open,single,polymarket,2026-08-21,0
2026-08-21,market,HOU_TX_09_2026,house,TX,09,win_prob_R,prob,1,0,0,0,0.8,0.8,0.8,,open,single,polymarket,2026-08-21,0
2026-08-21,market,HOU_TX_15_2026,house,TX,15,win_prob_D,prob,1,0,0,0,0.52,0.52,0.52,,open,single,polymarket,2026-08-21,0
2026-08-21,market,HOU_TX_15_2026,house,TX,15,win_prob_R,prob,1,0,0,0,0.475,0.475,0.475,,open,single,polymarket,2026-08-21,0
2026-08-21,market,HOU_TX_18_2026,house,TX,18,win_prob_D,prob,1,0,0,0,0.975,0.975,0.975,,open,single,polymarket,2026-08-21,0
2026-08-21,market,HOU_TX_18_2026,house,TX,18,win_prob_R,prob,1,0,0,0,0.0285,0.0285,0.0285,,open,single,polymarket,2026-08-21,0
2026-08-21,market,HOU_TX_28_2026,house,TX,28,win_prob_D,prob,1,0,0,0,0.82,0.82,0.82,,open,single,polymarket,2026-08-21,0
2026-08-21,market,HOU_TX_28_2026,house,TX,28,win_prob_R,prob,1,0,0,0,0.175,0.175,0.175,,open,single,polymarket,2026-08-21,0
2026-08-21,market,HOU_TX_32_2026,house,TX,32,win_prob_D,prob,1,0,0,0,0.22,0.22,0.22,,open,single,polymarket,2026-08-21,0
2026-08-21,market,HOU_TX_32_2026,house,TX,32,win_prob_R,prob,1,0,0,0,0.765,0.765,0.765,,open,single,polymarket,2026-08-21,0
2026-08-21,market,HOU_TX_34_2026,house,TX,34,win_prob_D,prob,1,0,0,0,0.73,0.73,0.73,,open,single,polymarket,2026-08-21,0
2026-08-21,market,HOU_TX_34_2026,house,TX,34,win_prob_R,prob,1,0,0,0,0.24,0.24,0.24,,open,single,polymarket,2026-08-21,0
2026-08-21,market,HOU_TX_35_2026,house,TX,35,win_prob_D,prob,1,0,0,0,0.54,0.54,0.54,,open,single,polymarket,2026-08-21,0
2026-08-21,market,HOU_TX_35_2026,house,TX,35,win_prob_R,prob,1,0,0,0,0.445,0.445,0.445,,open,single,polymarket,2026-08-21,0
2026-08-21,market,HOU_UT_01_2026,house,UT,01,win_prob_D,prob,1,0,0,0,0.945,0.945,0.945,,open,single,polymarket,2026-08-21,0
2026-08-21,market,HOU_UT_01_2026,house,UT,01,win_prob_R,prob,1,0,0,0,0.059,0.059,0.059,,open,single,polymarket,2026-08-21,0
2026-08-21,market,HOU_UT_02_2026,house,UT,02,win_prob_D,prob,1,0,0,0,0.055,0.055,0.055,,open,single,polymarket,2026-08-21,0
2026-08-21,market,HOU_UT_02_2026,house,UT,02,win_prob_R,prob,1,0,0,0,0.945,0.945,0.945,,open,single,polymarket,2026-08-21,0
2026-08-21,market,HOU_UT_03_2026,house,UT,03,win_prob_D,prob,1,0,0,0,0.055,0.055,0.055,,open,single,polymarket,2026-08-21,0
2026-08-21,market,HOU_UT_03_2026,house,UT,03,win_prob_R,prob,1,0,0,0,0.935,0.935,0.935,,open,single,polymarket,2026-08-21,0
2026-08-21,market,HOU_VA_01_2026,house,VA,01,win_prob_D,prob,1,0,0,0,0.545,0.545,0.545,,open,single,polymarket,2026-08-21,0
2026-08-21,market,HOU_VA_01_2026,house,VA,01,win_prob_R,prob,1,0,0,0,0.455,0.455,0.455,,open,single,polymarket,2026-08-21,0
2026-08-21,market,HOU_VA_02_2026,house,VA,02,win_prob_D,prob,1,0,0,0,0.835,0.835,0.835,,open,single,polymarket,2026-08-21,0
2026-08-21,market,HOU_VA_02_2026,house,VA,02,win_prob_R,prob,1,0,0,0,0.165,0.165,0.165,,open,single,polymarket,2026-08-21,0
2026-08-21,market,HOU_VA_07_2026,house,VA,07,win_prob_D,prob,1,0,0,0,0.895,0.895,0.895,,open,single,polymarket,2026-08-21,0
2026-08-21,market,HOU_VA_07_2026,house,VA,07,win_prob_R,prob,1,0,0,0,0.108,0.108,0.108,,open,single,polymarket,2026-08-21,0
2026-08-21,market,HOU_VA_10_2026,house,VA,10,win_prob_D,prob,1,0,0,0,0.945,0.945,0.945,,open,single,polymarket,2026-08-21,0
2026-08-21,market,HOU_VA_10_2026,house,VA,10,win_prob_R,prob,1,0,0,0,0.0445,0.0445,0.0445,,open,single,polymarket,2026-08-21,0
2026-08-21,market,HOU_WA_03_2026,house,WA,03,win_prob_D,prob,1,0,0,0,0.86,0.86,0.86,,open,single,polymarket,2026-08-21,0
2026-08-21,market,HOU_WA_03_2026,house,WA,03,win_prob_R,prob,1,0,0,0,0.13,0.13,0.13,,open,single,polymarket,2026-08-21,0
2026-08-21,market,HOU_WA_08_2026,house,WA,08,win_prob_D,prob,1,0,0,0,0.9525,0.9525,0.9525,,open,single,polymarket,2026-08-21,0
2026-08-21,market,HOU_WA_08_2026,house,WA,08,win_prob_R,prob,1,0,0,0,0.042,0.042,0.042,,open,single,polymarket,2026-08-21,0
2026-08-21,market,HOU_WI_01_2026,house,WI,01,win_prob_D,prob,1,0,0,0,0.315,0.315,0.315,,open,single,polymarket,2026-08-21,0
2026-08-21,market,HOU_WI_01_2026,house,WI,01,win_prob_R,prob,1,0,0,0,0.645,0.645,0.645,,open,single,polymarket,2026-08-21,0
2026-08-21,market,HOU_WI_03_2026,house,WI,03,win_prob_D,prob,1,0,0,0,0.705,0.705,0.705,,open,single,polymarket,2026-08-21,0
2026-08-21,market,HOU_WI_03_2026,house,WI,03,win_prob_R,prob,1,0,0,0,0.3,0.3,0.3,,open,single,polymarket,2026-08-21,0
2026-08-21,market,NATL_HOUSE_2026,national,,,margin_D,margin,2,0,0,0,7.7204,7.6082,7.8327,0.1587,open,thin,,2026-08-21,0
2026-08-21,market,NATL_HOUSE_2026,national,,,seats_D,seats,1,0,0,0,229.97,229.97,229.97,,open,single,kalshi,2026-08-21,0
2026-08-21,market,NATL_HOUSE_2026,national,,,win_prob_D,prob,3,0,0,0,0.8285,0.7976,0.878,0.0433,open,ok,,2026-08-21,0
2026-08-21,market,NATL_HOUSE_2026,national,,,win_prob_R,prob,2,0,0,0,0.1456,0.0912,0.2,0.0769,open,thin,,2026-08-21,0
2026-08-21,market,NATL_SENATE_2026,national,,,seats_D,seats,1,0,0,0,49.87,49.87,49.87,,open,single,kalshi,2026-08-21,0
2026-08-21,market,NATL_SENATE_2026,national,,,win_prob_D,prob,3,0,0,0,0.4817,0.47,0.505,0.0201,open,ok,,2026-08-21,0
2026-08-21,market,NATL_SENATE_2026,national,,,win_prob_R,prob,2,0,0,0,0.4014,0.2627,0.54,0.196,open,thin,,2026-08-21,0
2026-08-21,market,SEN_AK_2026,senate,AK,,win_prob_D,prob,1,0,0,0,0.6,0.6,0.6,,open,single,predictit,2026-08-21,0
2026-08-21,market,SEN_AK_2026,senate,AK,,win_prob_R,prob,1,0,0,0,0.46,0.46,0.46,,open,single,predictit,2026-08-21,0
2026-08-21,market,SEN_AL_2026,senate,AL,,win_prob_D,prob,2,0,0,0,0.0325,0.02,0.045,0.0177,open,thin,,2026-08-21,0
2026-08-21,market,SEN_AL_2026,senate,AL,,win_prob_R,prob,2,0,0,0,0.9675,0.955,0.98,0.0177,open,thin,,2026-08-21,0
2026-08-21,market,SEN_AR_2026,senate,AR,,win_prob_D,prob,2,0,0,0,0.0707,0.0515,0.09,0.0272,open,thin,,2026-08-21,0
2026-08-21,market,SEN_AR_2026,senate,AR,,win_prob_R,prob,2,0,0,0,0.939,0.938,0.94,0.0014,open,thin,,2026-08-21,0
2026-08-21,market,SEN_CO_2026,senate,CO,,win_prob_D,prob,2,0,0,0,0.936,0.91,0.962,0.0368,open,thin,,2026-08-21,0
2026-08-21,market,SEN_CO_2026,senate,CO,,win_prob_R,prob,2,0,0,0,0.0403,0.0305,0.05,0.0138,open,thin,,2026-08-21,0
2026-08-21,market,SEN_DE_2026,senate,DE,,win_prob_D,prob,2,0,0,0,0.96,0.96,0.96,0.0,open,thin,,2026-08-21,0
2026-08-21,market,SEN_DE_2026,senate,DE,,win_prob_R,prob,2,0,0,0,0.0475,0.045,0.05,0.0035,open,thin,,2026-08-21,0
2026-08-21,market,SEN_FL_2026,senate,FL,,win_prob_D,prob,2,0,0,0,0.0925,0.075,0.11,0.0247,open,thin,,2026-08-21,0
2026-08-21,market,SEN_FL_2026,senate,FL,,win_prob_R,prob,2,0,0,0,0.9125,0.89,0.935,0.0318,open,thin,,2026-08-21,0
2026-08-21,market,SEN_GA_2026,senate,GA,,win_prob_D,prob,2,0,0,0,0.91,0.89,0.93,0.0283,open,thin,,2026-08-21,0
2026-08-21,market,SEN_GA_2026,senate,GA,,win_prob_R,prob,2,0,0,0,0.0973,0.0745,0.12,0.0322,open,thin,,2026-08-21,0
2026-08-21,market,SEN_IA_2026,senate,IA,,win_prob_D,prob,2,0,0,0,0.4125,0.405,0.42,0.0106,open,thin,,2026-08-21,0
2026-08-21,market,SEN_IA_2026,senate,IA,,win_prob_R,prob,2,0,0,0,0.6025,0.6,0.605,0.0035,open,thin,,2026-08-21,0
2026-08-21,market,SEN_ID_2026,senate,ID,,win_prob_D,prob,2,0,0,0,0.043,0.04,0.046,0.0042,open,thin,,2026-08-21,0
2026-08-21,market,SEN_ID_2026,senate,ID,,win_prob_R,prob,2,0,0,0,0.9203,0.9,0.9405,0.0286,open,thin,,2026-08-21,0
2026-08-21,market,SEN_IL_2026,senate,IL,,win_prob_D,prob,2,0,0,0,0.9647,0.9595,0.97,0.0074,open,thin,,2026-08-21,0
2026-08-21,market,SEN_IL_2026,senate,IL,,win_prob_R,prob,2,0,0,0,0.034,0.03,0.038,0.0057,open,thin,,2026-08-21,0
2026-08-21,market,SEN_KS_2026,senate,KS,,win_prob_D,prob,2,0,0,0,0.195,0.19,0.2,0.0071,open,thin,,2026-08-21,0
2026-08-21,market,SEN_KS_2026,senate,KS,,win_prob_R,prob,2,0,0,0,0.8075,0.8,0.815,0.0106,open,thin,,2026-08-21,0
2026-08-21,market,SEN_KY_2026,senate,KY,,win_prob_D,prob,2,0,0,0,0.06,0.05,0.07,0.0141,open,thin,,2026-08-21,0
2026-08-21,market,SEN_KY_2026,senate,KY,,win_prob_R,prob,2,0,0,0,0.9297,0.9195,0.94,0.0145,open,thin,,2026-08-21,0
2026-08-21,market,SEN_LA_2026,senate,LA,,win_prob_D,prob,2,0,0,0,0.0575,0.05,0.065,0.0106,open,thin,,2026-08-21,0
2026-08-21,market,SEN_LA_2026,senate,LA,,win_prob_R,prob,2,0,0,0,0.9325,0.93,0.935,0.0035,open,thin,,2026-08-21,0
2026-08-21,market,SEN_MA_2026,senate,MA,,win_prob_D,prob,2,0,0,0,0.9657,0.95,0.9815,0.0223,open,thin,,2026-08-21,0
2026-08-21,market,SEN_MA_2026,senate,MA,,win_prob_R,prob,2,0,0,0,0.0312,0.0125,0.05,0.0265,open,thin,,2026-08-21,0
2026-08-21,market,SEN_ME_2026,senate,ME,,win_prob_D,prob,2,0,0,0,0.6625,0.63,0.695,0.046,open,thin,,2026-08-21,0
2026-08-21,market,SEN_ME_2026,senate,ME,,win_prob_R,prob,2,0,0,0,0.3425,0.305,0.38,0.053,open,thin,,2026-08-21,0
2026-08-21,market,SEN_MI_2026,senate,MI,,win_prob_D,prob,2,0,0,0,0.62,0.6,0.64,0.0283,open,thin,,2026-08-21,0
2026-08-21,market,SEN_MI_2026,senate,MI,,win_prob_R,prob,2,0,0,0,0.3775,0.365,0.39,0.0177,open,thin,,2026-08-21,0
2026-08-21,market,SEN_MN_2026,senate,MN,,win_prob_D,prob,2,0,0,0,0.8925,0.88,0.905,0.0177,open,thin,,2026-08-21,0
2026-08-21,market,SEN_MN_2026,senate,MN,,win_prob_R,prob,2,0,0,0,0.1125,0.095,0.13,0.0247,open,thin,,2026-08-21,0
2026-08-21,market,SEN_MS_2026,senate,MS,,win_prob_D,prob,2,0,0,0,0.0775,0.075,0.08,0.0035,open,thin,,2026-08-21,0
2026-08-21,market,SEN_MS_2026,senate,MS,,win_prob_R,prob,2,0,0,0,0.9225,0.92,0.925,0.0035,open,thin,,2026-08-21,0
2026-08-21,market,SEN_MT_2026,senate,MT,,win_prob_D,prob,2,0,0,0,0.0088,0.0075,0.01,0.0018,open,thin,,2026-08-21,0
2026-08-21,market,SEN_MT_2026,senate,MT,,win_prob_R,prob,2,0,0,0,0.9125,0.9,0.925,0.0177,open,thin,,2026-08-21,0
2026-08-21,market,SEN_NC_2026,senate,NC,,win_prob_D,prob,2,0,0,0,0.9075,0.9,0.915,0.0106,open,thin,,2026-08-21,0
2026-08-21,market,SEN_NC_2026,senate,NC,,win_prob_R,prob,2,0,0,0,0.0925,0.085,0.1,0.0106,open,thin,,2026-08-21,0
2026-08-21,market,SEN_NE_2026,senate,NE,,win_prob_D,prob,2,0,0,0,0.0063,0.0025,0.01,0.0053,open,thin,,2026-08-21,0
2026-08-21,market,SEN_NE_2026,senate,NE,,win_prob_R,prob,2,0,0,0,0.7225,0.705,0.74,0.0247,open,thin,,2026-08-21,0
2026-08-21,market,SEN_NH_2026,senate,NH,,win_prob_D,prob,2,0,0,0,0.8675,0.86,0.875,0.0106,open,thin,,2026-08-21,0
2026-08-21,market,SEN_NH_2026,senate,NH,,win_prob_R,prob,2,0,0,0,0.1475,0.125,0.17,0.0318,open,thin,,2026-08-21,0
2026-08-21,market,SEN_NJ_2026,senate,NJ,,win_prob_D,prob,2,0,0,0,0.9632,0.96,0.9665,0.0046,open,thin,,2026-08-21,0
2026-08-21,market,SEN_NJ_2026,senate,NJ,,win_prob_R,prob,2,0,0,0,0.041,0.032,0.05,0.0127,open,thin,,2026-08-21,0
2026-08-21,market,SEN_NM_2026,senate,NM,,win_prob_D,prob,2,0,0,0,0.955,0.95,0.96,0.0071,open,thin,,2026-08-21,0
2026-08-21,market,SEN_NM_2026,senate,NM,,win_prob_R,prob,2,0,0,0,0.0333,0.03,0.0365,0.0046,open,thin,,2026-08-21,0
2026-08-21,market,SEN_OH_2026,senate,OH,,win_prob_D,prob,2,0,0,0,0.5275,0.52,0.535,0.0106,open,thin,,2026-08-21,0
2026-08-21,market,SEN_OH_2026,senate,OH,,win_prob_R,prob,2,0,0,0,0.4825,0.475,0.49,0.0106,open,thin,,2026-08-21,0
2026-08-21,market,SEN_OK_2026,senate,OK,,win_prob_D,prob,2,0,0,0,0.0573,0.0345,0.08,0.0322,open,thin,,2026-08-21,0
2026-08-21,market,SEN_OK_2026,senate,OK,,win_prob_R,prob,2,0,0,0,0.9525,0.95,0.955,0.0035,open,thin,,2026-08-21,0
2026-08-21,market,SEN_OR_2026,senate,OR,,win_prob_D,prob,2,0,0,0,0.962,0.96,0.964,0.0028,open,thin,,2026-08-21,0
2026-08-21,market,SEN_OR_2026,senate,OR,,win_prob_R,prob,2,0,0,0,0.0305,0.021,0.04,0.0134,open,thin,,2026-08-21,0
2026-08-21,market,SEN_RI_2026,senate,RI,,win_prob_D,prob,2,0,0,0,0.9575,0.955,0.96,0.0035,open,thin,,2026-08-21,0
2026-08-21,market,SEN_RI_2026,senate,RI,,win_prob_R,prob,2,0,0,0,0.0348,0.03,0.0395,0.0067,open,thin,,2026-08-21,0
2026-08-21,market,SEN_SC_2026,senate,SC,,win_prob_D,prob,2,0,0,0,0.105,0.1,0.11,0.0071,open,thin,,2026-08-21,0
2026-08-21,market,SEN_SC_2026,senate,SC,,win_prob_R,prob,2,0,0,0,0.885,0.88,0.89,0.0071,open,thin,,2026-08-21,0
2026-08-21,market,SEN_SD_2026,senate,SD,,win_prob_D,prob,2,0,0,0,0.0265,0.02,0.033,0.0092,open,thin,,2026-08-21,0
2026-08-21,market,SEN_SD_2026,senate,SD,,win_prob_R,prob,2,0,0,0,0.962,0.954,0.97,0.0113,open,thin,,2026-08-21,0
2026-08-21,market,SEN_TN_2026,senate,TN,,win_prob_D,prob,2,0,0,0,0.0403,0.0305,0.05,0.0138,open,thin,,2026-08-21,0
2026-08-21,market,SEN_TN_2026,senate,TN,,win_prob_R,prob,2,0,0,0,0.9635,0.96,0.967,0.0049,open,thin,,2026-08-21,0
2026-08-21,market,SEN_TX_2026,senate,TX,,win_prob_D,prob,2,0,0,0,0.4925,0.47,0.515,0.0318,open,thin,,2026-08-21,0
2026-08-21,market,SEN_TX_2026,senate,TX,,win_prob_R,prob,2,0,0,0,0.5225,0.485,0.56,0.053,open,thin,,2026-08-21,0
2026-08-21,market,SEN_VA_2026,senate,VA,,win_prob_D,prob,2,0,0,0,0.955,0.95,0.96,0.0071,open,thin,,2026-08-21,0
2026-08-21,market,SEN_VA_2026,senate,VA,,win_prob_R,prob,2,0,0,0,0.0475,0.045,0.05,0.0035,open,thin,,2026-08-21,0
2026-08-21,market,SEN_WV_2026,senate,WV,,win_prob_D,prob,2,0,0,0,0.031,0.022,0.04,0.0127,open,thin,,2026-08-21,0
2026-08-21,market,SEN_WV_2026,senate,WV,,win_prob_R,prob,2,0,0,0,0.9563,0.95,0.9625,0.0088,open,thin,,2026-08-21,0
2026-08-21,market,SEN_WY_2026,senate,WY,,win_prob_D,prob,2,0,0,0,0.0287,0.0275,0.03,0.0018,open,thin,,2026-08-21,0
2026-08-21,market,SEN_WY_2026,senate,WY,,win_prob_R,prob,2,0,0,0,0.9723,0.9645,0.98,0.011,open,thin,,2026-08-21,0
2026-08-21,polling,NATL_HOUSE_2026,national,,,margin_D,pct,3,3,0,0,6.1197,5.9,6.4,0.2555,gated,ok,,2026-08-21,0
2026-08-21,polling,NATL_HOUSE_2026,national,,,seats_D,seats,1,0,0,0,230.09,230.09,230.09,,open,single,class_polling,2026-08-21,0
2026-08-21,polling,NATL_HOUSE_2026,national,,,win_prob_D,prob,1,0,0,0,0.7452,0.7452,0.7452,,open,single,class_polling,2026-08-21,0
2026-08-21,polling,NATL_SENATE_2026,national,,,seats_D,seats,1,0,0,0,49.44,49.44,49.44,,open,single,class_polling,2026-08-21,0
2026-08-21,polling,NATL_SENATE_2026,national,,,win_prob_D,prob,1,0,0,0,0.2903,0.2903,0.2903,,open,single,class_polling,2026-08-21,0
2026-08-21,polling,SEN_AK_2026,senate,AK,,margin_D,margin,1,0,0,0,-6.4,-6.4,-6.4,,open,single,class_polling,2026-08-21,0
2026-08-21,polling,SEN_AK_2026,senate,AK,,win_prob_D,prob,1,0,0,0,0.1643,0.1643,0.1643,,open,single,class_polling,2026-08-21,0
2026-08-21,polling,SEN_AL_2026,senate,AL,,margin_D,margin,1,0,0,0,-23.12,-23.12,-23.12,,open,single,class_polling,2026-08-21,0
2026-08-21,polling,SEN_AL_2026,senate,AL,,win_prob_D,prob,1,0,0,0,0.0002,0.0002,0.0002,,open,single,class_polling,2026-08-21,0
2026-08-21,polling,SEN_AR_2026,senate,AR,,margin_D,margin,1,0,0,0,-24.12,-24.12,-24.12,,open,single,class_polling,2026-08-21,0
2026-08-21,polling,SEN_AR_2026,senate,AR,,win_prob_D,prob,1,0,0,0,0.0001,0.0001,0.0001,,open,single,class_polling,2026-08-21,0
2026-08-21,polling,SEN_CO_2026,senate,CO,,margin_D,margin,1,0,0,0,18.44,18.44,18.44,,open,single,class_polling,2026-08-21,0
2026-08-21,polling,SEN_CO_2026,senate,CO,,win_prob_D,prob,1,0,0,0,0.9976,0.9976,0.9976,,open,single,class_polling,2026-08-21,0
2026-08-21,polling,SEN_DE_2026,senate,DE,,margin_D,margin,1,0,0,0,22.52,22.52,22.52,,open,single,class_polling,2026-08-21,0
2026-08-21,polling,SEN_DE_2026,senate,DE,,win_prob_D,prob,1,0,0,0,0.9997,0.9997,0.9997,,open,single,class_polling,2026-08-21,0
2026-08-21,polling,SEN_FL_2026,senate,FL,,margin_D,margin,1,0,0,0,-4.28,-4.28,-4.28,,open,single,class_polling,2026-08-21,0
2026-08-21,polling,SEN_FL_2026,senate,FL,,win_prob_D,prob,1,0,0,0,0.2567,0.2567,0.2567,,open,single,class_polling,2026-08-21,0
2026-08-21,polling,SEN_GA_2026,senate,GA,,margin_D,margin,1,0,0,0,4.9,4.9,4.9,,open,single,class_polling,2026-08-21,0
2026-08-21,polling,SEN_GA_2026,senate,GA,,win_prob_D,prob,1,0,0,0,0.7728,0.7728,0.7728,,open,single,class_polling,2026-08-21,0
2026-08-21,polling,SEN_IA_2026,senate,IA,,margin_D,margin,1,0,0,0,-5.68,-5.68,-5.68,,open,single,class_polling,2026-08-21,0
2026-08-21,polling,SEN_IA_2026,senate,IA,,win_prob_D,prob,1,0,0,0,0.1929,0.1929,0.1929,,open,single,class_polling,2026-08-21,0
2026-08-21,polling,SEN_ID_2026,senate,ID,,margin_D,margin,1,0,0,0,-29.58,-29.58,-29.58,,open,single,class_polling,2026-08-21,0
2026-08-21,polling,SEN_ID_2026,senate,ID,,win_prob_D,prob,1,0,0,0,0.0,0.0,0.0,,open,single,class_polling,2026-08-21,0
2026-08-21,polling,SEN_IL_2026,senate,IL,,margin_D,margin,1,0,0,0,19.18,19.18,19.18,,open,single,class_polling,2026-08-21,0
2026-08-21,polling,SEN_IL_2026,senate,IL,,win_prob_D,prob,1,0,0,0,0.9983,0.9983,0.9983,,open,single,class_polling,2026-08-21,0
2026-08-21,polling,SEN_KS_2026,senate,KS,,margin_D,margin,1,0,0,0,-9.56,-9.56,-9.56,,open,single,class_polling,2026-08-21,0
2026-08-21,polling,SEN_KS_2026,senate,KS,,win_prob_D,prob,1,0,0,0,0.0722,0.0722,0.0722,,open,single,class_polling,2026-08-21,0
2026-08-21,polling,SEN_KY_2026,senate,KY,,margin_D,margin,1,0,0,0,-23.38,-23.38,-23.38,,open,single,class_polling,2026-08-21,0
2026-08-21,polling,SEN_KY_2026,senate,KY,,win_prob_D,prob,1,0,0,0,0.0002,0.0002,0.0002,,open,single,class_polling,2026-08-21,0
2026-08-21,polling,SEN_LA_2026,senate,LA,,margin_D,margin,1,0,0,0,-15.0,-15.0,-15.0,,open,single,class_polling,2026-08-21,0
2026-08-21,polling,SEN_LA_2026,senate,LA,,win_prob_D,prob,1,0,0,0,0.011,0.011,0.011,,open,single,class_polling,2026-08-21,0
2026-08-21,polling,SEN_MA_2026,senate,MA,,margin_D,margin,1,0,0,0,34.48,34.48,34.48,,open,single,class_polling,2026-08-21,0
2026-08-21,polling,SEN_MA_2026,senate,MA,,win_prob_D,prob,1,0,0,0,1.0,1.0,1.0,,open,single,class_polling,2026-08-21,0
2026-08-21,polling,SEN_ME_2026,senate,ME,,margin_D,margin,1,0,0,0,14.14,14.14,14.14,,open,single,class_polling,2026-08-21,0
2026-08-21,polling,SEN_ME_2026,senate,ME,,win_prob_D,prob,1,0,0,0,0.9846,0.9846,0.9846,,open,single,class_polling,2026-08-21,0
2026-08-21,polling,SEN_MI_2026,senate,MI,,margin_D,margin,1,0,0,0,6.12,6.12,6.12,,open,single,class_polling,2026-08-21,0
2026-08-21,polling,SEN_MI_2026,senate,MI,,win_prob_D,prob,1,0,0,0,0.8249,0.8249,0.8249,,open,single,class_polling,2026-08-21,0
2026-08-21,polling,SEN_MN_2026,senate,MN,,margin_D,margin,1,0,0,0,11.56,11.56,11.56,,open,single,class_polling,2026-08-21,0
2026-08-21,polling,SEN_MN_2026,senate,MN,,win_prob_D,prob,1,0,0,0,0.9612,0.9612,0.9612,,open,single,class_polling,2026-08-21,0
2026-08-21,polling,SEN_MS_2026,senate,MS,,margin_D,margin,1,0,0,0,-15.06,-15.06,-15.06,,open,single,class_polling,2026-08-21,0
2026-08-21,polling,SEN_MS_2026,senate,MS,,win_prob_D,prob,1,0,0,0,0.0107,0.0107,0.0107,,open,single,class_polling,2026-08-21,0
2026-08-21,polling,SEN_MT_2026,senate,MT,,margin_D,margin,1,0,0,0,-13.14,-13.14,-13.14,,open,single,class_polling,2026-08-21,0
2026-08-21,polling,SEN_MT_2026,senate,MT,,win_prob_D,prob,1,0,0,0,0.0224,0.0224,0.0224,,open,single,class_polling,2026-08-21,0
2026-08-21,polling,SEN_NC_2026,senate,NC,,margin_D,margin,1,0,0,0,3.7,3.7,3.7,,open,single,class_polling,2026-08-21,0
2026-08-21,polling,SEN_NC_2026,senate,NC,,win_prob_D,prob,1,0,0,0,0.7139,0.7139,0.7139,,open,single,class_polling,2026-08-21,0
2026-08-21,polling,SEN_NE_2026,senate,NE,,margin_D,margin,1,0,0,0,-14.04,-14.04,-14.04,,open,single,class_polling,2026-08-21,0
2026-08-21,polling,SEN_NE_2026,senate,NE,,win_prob_D,prob,1,0,0,0,0.016,0.016,0.016,,open,single,class_polling,2026-08-21,0
2026-08-21,polling,SEN_NH_2026,senate,NH,,margin_D,margin,1,0,0,0,10.48,10.48,10.48,,open,single,class_polling,2026-08-21,0
2026-08-21,polling,SEN_NH_2026,senate,NH,,win_prob_D,prob,1,0,0,0,0.9452,0.9452,0.9452,,open,single,class_polling,2026-08-21,0
2026-08-21,polling,SEN_NJ_2026,senate,NJ,,margin_D,margin,1,0,0,0,15.04,15.04,15.04,,open,single,class_polling,2026-08-21,0
2026-08-21,polling,SEN_NJ_2026,senate,NJ,,win_prob_D,prob,1,0,0,0,0.9892,0.9892,0.9892,,open,single,class_polling,2026-08-21,0
2026-08-21,polling,SEN_NM_2026,senate,NM,,margin_D,margin,1,0,0,0,13.86,13.86,13.86,,open,single,class_polling,2026-08-21,0
2026-08-21,polling,SEN_NM_2026,senate,NM,,win_prob_D,prob,1,0,0,0,0.9828,0.9828,0.9828,,open,single,class_polling,2026-08-21,0
2026-08-21,polling,SEN_OH_2026,senate,OH,,margin_D,margin,1,0,0,0,-4.04,-4.04,-4.04,,open,single,class_polling,2026-08-21,0
2026-08-21,polling,SEN_OH_2026,senate,OH,,win_prob_D,prob,1,0,0,0,0.2687,0.2687,0.2687,,open,single,class_polling,2026-08-21,0
2026-08-21,polling,SEN_OK_2026,senate,OK,,margin_D,margin,1,0,0,0,-28.18,-28.18,-28.18,,open,single,class_polling,2026-08-21,0
2026-08-21,polling,SEN_OK_2026,senate,OK,,win_prob_D,prob,1,0,0,0,0.0,0.0,0.0,,open,single,class_polling,2026-08-21,0
2026-08-21,polling,SEN_OR_2026,senate,OR,,margin_D,margin,1,0,0,0,21.8,21.8,21.8,,open,single,class_polling,2026-08-21,0
2026-08-21,polling,SEN_OR_2026,senate,OR,,win_prob_D,prob,1,0,0,0,0.9996,0.9996,0.9996,,open,single,class_polling,2026-08-21,0
2026-08-21,polling,SEN_RI_2026,senate,RI,,margin_D,margin,1,0,0,0,22.42,22.42,22.42,,open,single,class_polling,2026-08-21,0
2026-08-21,polling,SEN_RI_2026,senate,RI,,win_prob_D,prob,1,0,0,0,0.9997,0.9997,0.9997,,open,single,class_polling,2026-08-21,0
2026-08-21,polling,SEN_SC_2026,senate,SC,,margin_D,margin,1,0,0,0,-10.06,-10.06,-10.06,,open,single,class_polling,2026-08-21,0
2026-08-21,polling,SEN_SC_2026,senate,SC,,win_prob_D,prob,1,0,0,0,0.0623,0.0623,0.0623,,open,single,class_polling,2026-08-21,0
2026-08-21,polling,SEN_SD_2026,senate,SD,,margin_D,margin,1,0,0,0,-22.64,-22.64,-22.64,,open,single,class_polling,2026-08-21,0
2026-08-21,polling,SEN_SD_2026,senate,SD,,win_prob_D,prob,1,0,0,0,0.0003,0.0003,0.0003,,open,single,class_polling,2026-08-21,0
2026-08-21,polling,SEN_TN_2026,senate,TN,,margin_D,margin,1,0,0,0,-22.02,-22.02,-22.02,,open,single,class_polling,2026-08-21,0
2026-08-21,polling,SEN_TN_2026,senate,TN,,win_prob_D,prob,1,0,0,0,0.0004,0.0004,0.0004,,open,single,class_polling,2026-08-21,0
2026-08-21,polling,SEN_TX_2026,senate,TX,,margin_D,margin,1,0,0,0,-5.34,-5.34,-5.34,,open,single,class_polling,2026-08-21,0
2026-08-21,polling,SEN_TX_2026,senate,TX,,win_prob_D,prob,1,0,0,0,0.2075,0.2075,0.2075,,open,single,class_polling,2026-08-21,0
2026-08-21,polling,SEN_VA_2026,senate,VA,,margin_D,margin,1,0,0,0,13.48,13.48,13.48,,open,single,class_polling,2026-08-21,0
2026-08-21,polling,SEN_VA_2026,senate,VA,,win_prob_D,prob,1,0,0,0,0.9802,0.9802,0.9802,,open,single,class_polling,2026-08-21,0
2026-08-21,polling,SEN_WV_2026,senate,WV,,margin_D,margin,1,0,0,0,-35.42,-35.42,-35.42,,open,single,class_polling,2026-08-21,0
2026-08-21,polling,SEN_WV_2026,senate,WV,,win_prob_D,prob,1,0,0,0,0.0,0.0,0.0,,open,single,class_polling,2026-08-21,0
2026-08-21,polling,SEN_WY_2026,senate,WY,,margin_D,margin,1,0,0,0,-39.96,-39.96,-39.96,,open,single,class_polling,2026-08-21,0
2026-08-21,polling,SEN_WY_2026,senate,WY,,win_prob_D,prob,1,0,0,0,0.0,0.0,0.0,,open,single,class_polling,2026-08-21,0
2026-08-21,professional,HOU_AK_01_2026,house,AK,01,margin_D,pct,1,0,0,0,-3.65,-3.65,-3.65,,open,single,grant_williams,2026-08-21,0
2026-08-21,professional,HOU_AK_01_2026,house,AK,01,win_prob_D,prob,1,0,0,0,0.2772,0.2772,0.2772,,open,single,grant_williams,2026-08-21,0
2026-08-21,professional,HOU_AL_01_2026,house,AL,01,margin_D,pct,1,0,0,0,-11.74,-11.74,-11.74,,open,single,grant_williams,2026-08-21,0
2026-08-21,professional,HOU_AL_01_2026,house,AL,01,win_prob_D,prob,1,0,0,0,0.0379,0.0379,0.0379,,open,single,grant_williams,2026-08-21,0
2026-08-21,professional,HOU_AL_02_2026,house,AL,02,margin_D,pct,1,0,0,0,1.44,1.44,1.44,,open,single,grant_williams,2026-08-21,0
2026-08-21,professional,HOU_AL_02_2026,house,AL,02,win_prob_D,prob,1,0,0,0,0.5899,0.5899,0.5899,,open,single,grant_williams,2026-08-21,0
2026-08-21,professional,HOU_AL_03_2026,house,AL,03,margin_D,pct,1,0,0,0,-20.97,-20.97,-20.97,,open,single,grant_williams,2026-08-21,0
2026-08-21,professional,HOU_AL_03_2026,house,AL,03,win_prob_D,prob,1,0,0,0,0.0027,0.0027,0.0027,,open,single,grant_williams,2026-08-21,0
2026-08-21,professional,HOU_AL_04_2026,house,AL,04,margin_D,pct,1,0,0,0,-30.68,-30.68,-30.68,,open,single,grant_williams,2026-08-21,0
2026-08-21,professional,HOU_AL_04_2026,house,AL,04,win_prob_D,prob,1,0,0,0,0.0003,0.0003,0.0003,,open,single,grant_williams,2026-08-21,0
2026-08-21,professional,HOU_AL_05_2026,house,AL,05,margin_D,pct,1,0,0,0,-13.31,-13.31,-13.31,,open,single,grant_williams,2026-08-21,0
2026-08-21,professional,HOU_AL_05_2026,house,AL,05,win_prob_D,prob,1,0,0,0,0.0237,0.0237,0.0237,,open,single,grant_williams,2026-08-21,0
2026-08-21,professional,HOU_AL_06_2026,house,AL,06,margin_D,pct,1,0,0,0,-15.16,-15.16,-15.16,,open,single,grant_williams,2026-08-21,0
2026-08-21,professional,HOU_AL_06_2026,house,AL,06,win_prob_D,prob,1,0,0,0,0.0143,0.0143,0.0143,,open,single,grant_williams,2026-08-21,0
2026-08-21,professional,HOU_AL_07_2026,house,AL,07,margin_D,pct,1,0,0,0,17.77,17.77,17.77,,open,single,grant_williams,2026-08-21,0
2026-08-21,professional,HOU_AL_07_2026,house,AL,07,win_prob_D,prob,1,0,0,0,0.9929,0.9929,0.9929,,open,single,grant_williams,2026-08-21,0
2026-08-21,professional,HOU_AR_01_2026,house,AR,01,margin_D,pct,1,0,0,0,-20.97,-20.97,-20.97,,open,single,grant_williams,2026-08-21,0
2026-08-21,professional,HOU_AR_01_2026,house,AR,01,win_prob_D,prob,1,0,0,0,0.0033,0.0033,0.0033,,open,single,grant_williams,2026-08-21,0
2026-08-21,professional,HOU_AR_02_2026,house,AR,02,margin_D,pct,1,0,0,0,-6.67,-6.67,-6.67,,open,single,grant_williams,2026-08-21,0
2026-08-21,professional,HOU_AR_02_2026,house,AR,02,win_prob_D,prob,1,0,0,0,0.1492,0.1492,0.1492,,open,single,grant_williams,2026-08-21,0
2026-08-21,professional,HOU_AR_03_2026,house,AR,03,margin_D,pct,1,0,0,0,-11.4,-11.4,-11.4,,open,single,grant_williams,2026-08-21,0
2026-08-21,professional,HOU_AR_03_2026,house,AR,03,win_prob_D,prob,1,0,0,0,0.0423,0.0423,0.0423,,open,single,grant_williams,2026-08-21,0
2026-08-21,professional,HOU_AR_04_2026,house,AR,04,margin_D,pct,1,0,0,0,-18.06,-18.06,-18.06,,open,single,grant_williams,2026-08-21,0
2026-08-21,professional,HOU_AR_04_2026,house,AR,04,win_prob_D,prob,1,0,0,0,0.0068,0.0068,0.0068,,open,single,grant_williams,2026-08-21,0
2026-08-21,professional,HOU_AZ_01_2026,house,AZ,01,margin_D,pct,1,0,0,0,7.54,7.54,7.54,,open,single,grant_williams,2026-08-21,0
2026-08-21,professional,HOU_AZ_01_2026,house,AZ,01,win_prob_D,prob,1,0,0,0,0.8846,0.8846,0.8846,,open,single,grant_williams,2026-08-21,0
2026-08-21,professional,HOU_AZ_02_2026,house,AZ,02,margin_D,pct,1,0,0,0,-1.73,-1.73,-1.73,,open,single,grant_williams,2026-08-21,0
2026-08-21,professional,HOU_AZ_02_2026,house,AZ,02,win_prob_D,prob,1,0,0,0,0.3907,0.3907,0.3907,,open,single,grant_williams,2026-08-21,0
2026-08-21,professional,HOU_AZ_03_2026,house,AZ,03,margin_D,pct,1,0,0,0,33.13,33.13,33.13,,open,single,grant_williams,2026-08-21,0
2026-08-21,professional,HOU_AZ_03_2026,house,AZ,03,win_prob_D,prob,1,0,0,0,0.9996,0.9996,0.9996,,open,single,grant_williams,2026-08-21,0
2026-08-21,professional,HOU_AZ_04_2026,house,AZ,04,margin_D,pct,1,0,0,0,15.93,15.93,15.93,,open,single,grant_williams,2026-08-21,0
2026-08-21,professional,HOU_AZ_04_2026,house,AZ,04,win_prob_D,prob,1,0,0,0,0.9898,0.9898,0.9898,,open,single,grant_williams,2026-08-21,0
2026-08-21,professional,HOU_AZ_05_2026,house,AZ,05,margin_D,pct,1,0,0,0,-1.07,-1.07,-1.07,,open,single,grant_williams,2026-08-21,0
2026-08-21,professional,HOU_AZ_05_2026,house,AZ,05,win_prob_D,prob,1,0,0,0,0.4292,0.4292,0.4292,,open,single,grant_williams,2026-08-21,0
2026-08-21,professional,HOU_AZ_06_2026,house,AZ,06,margin_D,pct,1,0,0,0,5.02,5.02,5.02,,open,single,grant_williams,2026-08-21,0
2026-08-21,professional,HOU_AZ_06_2026,house,AZ,06,win_prob_D,prob,1,0,0,0,0.7895,0.7895,0.7895,,open,single,grant_williams,2026-08-21,0
2026-08-21,professional,HOU_AZ_07_2026,house,AZ,07,margin_D,pct,1,0,0,0,24.53,24.53,24.53,,open,single,grant_williams,2026-08-21,0
2026-08-21,professional,HOU_AZ_07_2026,house,AZ,07,win_prob_D,prob,1,0,0,0,0.9993,0.9993,0.9993,,open,single,grant_williams,2026-08-21,0
2026-08-21,professional,HOU_AZ_08_2026,house,AZ,08,margin_D,pct,1,0,0,0,-2.71,-2.71,-2.71,,open,single,grant_williams,2026-08-21,0
2026-08-21,professional,HOU_AZ_08_2026,house,AZ,08,win_prob_D,prob,1,0,0,0,0.3331,0.3331,0.3331,,open,single,grant_williams,2026-08-21,0
2026-08-21,professional,HOU_AZ_09_2026,house,AZ,09,margin_D,pct,1,0,0,0,-9.39,-9.39,-9.39,,open,single,grant_williams,2026-08-21,0
2026-08-21,professional,HOU_AZ_09_2026,house,AZ,09,win_prob_D,prob,1,0,0,0,0.077,0.077,0.077,,open,single,grant_williams,2026-08-21,0
2026-08-21,professional,HOU_CA_01_2026,house,CA,01,margin_D,pct,1,0,0,0,6.66,6.66,6.66,,open,single,grant_williams,2026-08-21,0
2026-08-21,professional,HOU_CA_01_2026,house,CA,01,win_prob_D,prob,1,0,0,0,0.856,0.856,0.856,,open,single,grant_williams,2026-08-21,0
2026-08-21,professional,HOU_CA_02_2026,house,CA,02,margin_D,pct,1,0,0,0,19.52,19.52,19.52,,open,single,grant_williams,2026-08-21,0
2026-08-21,professional,HOU_CA_02_2026,house,CA,02,win_prob_D,prob,1,0,0,0,0.9977,0.9977,0.9977,,open,single,grant_williams,2026-08-21,0
2026-08-21,professional,HOU_CA_03_2026,house,CA,03,margin_D,pct,1,0,0,0,12.78,12.78,12.78,,open,single,grant_williams,2026-08-21,0
2026-08-21,professional,HOU_CA_03_2026,house,CA,03,win_prob_D,prob,1,0,0,0,0.9718,0.9718,0.9718,,open,single,grant_williams,2026-08-21,0
2026-08-21,professional,HOU_CA_04_2026,house,CA,04,margin_D,pct,1,0,0,0,14.66,14.66,14.66,,open,single,grant_williams,2026-08-21,0
2026-08-21,professional,HOU_CA_04_2026,house,CA,04,win_prob_D,prob,1,0,0,0,0.9846,0.9846,0.9846,,open,single,grant_williams,2026-08-21,0
2026-08-21,professional,HOU_CA_05_2026,house,CA,05,margin_D,pct,1,0,0,0,-9.61,-9.61,-9.61,,open,single,grant_williams,2026-08-21,0
2026-08-21,professional,HOU_CA_05_2026,house,CA,05,win_prob_D,prob,1,0,0,0,0.0675,0.0675,0.0675,,open,single,grant_williams,2026-08-21,0
2026-08-21,professional,HOU_CA_06_2026,house,CA,06,margin_D,pct,1,0,0,0,11.89,11.89,11.89,,open,single,grant_williams,2026-08-21,0
2026-08-21,professional,HOU_CA_06_2026,house,CA,06,win_prob_D,prob,1,0,0,0,0.9673,0.9673,0.9673,,open,single,grant_williams,2026-08-21,0
2026-08-21,professional,HOU_CA_07_2026,house,CA,07,margin_D,pct,1,0,0,0,13.77,13.77,13.77,,open,single,grant_williams,2026-08-21,0
2026-08-21,professional,HOU_CA_07_2026,house,CA,07,win_prob_D,prob,1,0,0,0,0.9802,0.9802,0.9802,,open,single,grant_williams,2026-08-21,0
2026-08-21,professional,HOU_CA_08_2026,house,CA,08,margin_D,pct,1,0,0,0,25.28,25.28,25.28,,open,single,grant_williams,2026-08-21,0
2026-08-21,professional,HOU_CA_08_2026,house,CA,08,win_prob_D,prob,1,0,0,0,0.9983,0.9983,0.9983,,open,single,grant_williams,2026-08-21,0
2026-08-21,professional,HOU_CA_09_2026,house,CA,09,margin_D,pct,1,0,0,0,14.65,14.65,14.65,,open,single,grant_williams,2026-08-21,0
2026-08-21,professional,HOU_CA_09_2026,house,CA,09,win_prob_D,prob,1,0,0,0,0.9823,0.9823,0.9823,,open,single,grant_williams,2026-08-21,0
2026-08-21,professional,HOU_CA_10_2026,house,CA,10,margin_D,pct,1,0,0,0,24.25,24.25,24.25,,open,single,grant_williams,2026-08-21,0
2026-08-21,professional,HOU_CA_10_2026,house,CA,10,win_prob_D,prob,1,0,0,0,0.9979,0.9979,0.9979,,open,single,grant_williams,2026-08-21,0
2026-08-21,professional,HOU_CA_11_2026,house,CA,11,margin_D,pct,1,0,0,0,37.88,37.88,37.88,,open,single,grant_williams,2026-08-21,0
2026-08-21,professional,HOU_CA_11_2026,house,CA,11,win_prob_D,prob,1,0,0,0,0.9998,0.9998,0.9998,,open,single,grant_williams,2026-08-21,0
2026-08-21,professional,HOU_CA_12_2026,house,CA,12,margin_D,pct,1,0,0,0,44.43,44.43,44.43,,open,single,grant_williams,2026-08-21,0
2026-08-21,professional,HOU_CA_12_2026,house,CA,12,win_prob_D,prob,1,0,0,0,0.9998,0.9998,0.9998,,open,single,grant_williams,2026-08-21,0
2026-08-21,professional,HOU_CA_13_2026,house,CA,13,margin_D,pct,1,0,0,0,9.02,9.02,9.02,,open,single,grant_williams,2026-08-21,0
2026-08-21,professional,HOU_CA_13_2026,house,CA,13,win_prob_D,prob,1,0,0,0,0.9214,0.9214,0.9214,,open,single,grant_williams,2026-08-21,0
2026-08-21,professional,HOU_CA_14_2026,house,CA,14,margin_D,pct,1,0,0,0,21.71,21.71,21.71,,open,single,grant_williams,2026-08-21,0
2026-08-21,professional,HOU_CA_14_2026,house,CA,14,win_prob_D,prob,1,0,0,0,0.997,0.997,0.997,,open,single,grant_williams,2026-08-21,0
2026-08-21,professional,HOU_CA_15_2026,house,CA,15,margin_D,pct,1,0,0,0,32.04,32.04,32.04,,open,single,grant_williams,2026-08-21,0
2026-08-21,professional,HOU_CA_15_2026,house,CA,15,win_prob_D,prob,1,0,0,0,0.9996,0.9996,0.9996,,open,single,grant_williams,2026-08-21,0
2026-08-21,professional,HOU_CA_16_2026,house,CA,16,margin_D,pct,1,0,0,0,31.0,31.0,31.0,,open,single,grant_williams,2026-08-21,0
2026-08-21,professional,HOU_CA_16_2026,house,CA,16,win_prob_D,prob,1,0,0,0,0.9997,0.9997,0.9997,,open,single,grant_williams,2026-08-21,0
2026-08-21,professional,HOU_CA_17_2026,house,CA,17,margin_D,pct,1,0,0,0,27.16,27.16,27.16,,open,single,grant_williams,2026-08-21,0
2026-08-21,professional,HOU_CA_17_2026,house,CA,17,win_prob_D,prob,1,0,0,0,0.9996,0.9996,0.9996,,open,single,grant_williams,2026-08-21,0
2026-08-21,professional,HOU_CA_18_2026,house,CA,18,margin_D,pct,1,0,0,0,22.43,22.43,22.43,,open,single,grant_williams,2026-08-21,0
2026-08-21,professional,HOU_CA_18_2026,house,CA,18,win_prob_D,prob,1,0,0,0,0.9986,0.9986,0.9986,,open,single,grant_williams,2026-08-21,0
2026-08-21,professional,HOU_CA_19_2026,house,CA,19,margin_D,pct,1,0,0,0,24.36,24.36,24.36,,open,single,grant_williams,2026-08-21,0
2026-08-21,professional,HOU_CA_19_2026,house,CA,19,win_prob_D,prob,1,0,0,0,0.998,0.998,0.998,,open,single,grant_williams,2026-08-21,0
2026-08-21,professional,HOU_CA_20_2026,house,CA,20,margin_D,pct,1,0,0,0,-15.43,-15.43,-15.43,,open,single,grant_williams,2026-08-21,0
2026-08-21,professional,HOU_CA_20_2026,house,CA,20,win_prob_D,prob,1,0,0,0,0.0146,0.0146,0.0146,,open,single,grant_williams,2026-08-21,0
2026-08-21,professional,HOU_CA_21_2026,house,CA,21,margin_D,pct,1,0,0,0,11.88,11.88,11.88,,open,single,grant_williams,2026-08-21,0
2026-08-21,professional,HOU_CA_21_2026,house,CA,21,win_prob_D,prob,1,0,0,0,0.9669,0.9669,0.9669,,open,single,grant_williams,2026-08-21,0
2026-08-21,professional,HOU_CA_22_2026,house,CA,22,margin_D,pct,1,0,0,0,0.91,0.91,0.91,,open,single,grant_williams,2026-08-21,0
2026-08-21,professional,HOU_CA_22_2026,house,CA,22,win_prob_D,prob,1,0,0,0,0.564,0.564,0.564,,open,single,grant_williams,2026-08-21,0
2026-08-21,professional,HOU_CA_23_2026,house,CA,23,margin_D,pct,1,0,0,0,-8.71,-8.71,-8.71,,open,single,grant_williams,2026-08-21,0
2026-08-21,professional,HOU_CA_23_2026,house,CA,23,win_prob_D,prob,1,0,0,0,0.0847,0.0847,0.0847,,open,single,grant_williams,2026-08-21,0
2026-08-21,professional,HOU_CA_24_2026,house,CA,24,margin_D,pct,1,0,0,0,19.6,19.6,19.6,,open,single,grant_williams,2026-08-21,0
2026-08-21,professional,HOU_CA_24_2026,house,CA,24,win_prob_D,prob,1,0,0,0,0.9962,0.9962,0.9962,,open,single,grant_williams,2026-08-21,0
2026-08-21,professional,HOU_CA_25_2026,house,CA,25,margin_D,pct,1,0,0,0,10.86,10.86,10.86,,open,single,grant_williams,2026-08-21,0
2026-08-21,professional,HOU_CA_25_2026,house,CA,25,win_prob_D,prob,1,0,0,0,0.9533,0.9533,0.9533,,open,single,grant_williams,2026-08-21,0
2026-08-21,professional,HOU_CA_26_2026,house,CA,26,margin_D,pct,1,0,0,0,12.2,12.2,12.2,,open,single,grant_williams,2026-08-21,0
2026-08-21,professional,HOU_CA_26_2026,house,CA,26,win_prob_D,prob,1,0,0,0,0.9699,0.9699,0.9699,,open,single,grant_williams,2026-08-21,0
2026-08-21,professional,HOU_CA_27_2026,house,CA,27,margin_D,pct,1,0,0,0,12.77,12.77,12.77,,open,single,grant_williams,2026-08-21,0
2026-08-21,professional,HOU_CA_27_2026,house,CA,27,win_prob_D,prob,1,0,0,0,0.9727,0.9727,0.9727,,open,single,grant_williams,2026-08-21,0
2026-08-21,professional,HOU_CA_28_2026,house,CA,28,margin_D,pct,1,0,0,0,20.53,20.53,20.53,,open,single,grant_williams,2026-08-21,0
2026-08-21,professional,HOU_CA_28_2026,house,CA,28,win_prob_D,prob,1,0,0,0,0.9969,0.9969,0.9969,,open,single,grant_williams,2026-08-21,0
2026-08-21,professional,HOU_CA_29_2026,house,CA,29,margin_D,pct,1,0,0,0,25.34,25.34,25.34,,open,single,grant_williams,2026-08-21,0
2026-08-21,professional,HOU_CA_29_2026,house,CA,29,win_prob_D,prob,1,0,0,0,0.9988,0.9988,0.9988,,open,single,grant_williams,2026-08-21,0
2026-08-21,professional,HOU_CA_30_2026,house,CA,30,margin_D,pct,1,0,0,0,27.21,27.21,27.21,,open,single,grant_williams,2026-08-21,0
2026-08-21,professional,HOU_CA_30_2026,house,CA,30,win_prob_D,prob,1,0,0,0,0.9994,0.9994,0.9994,,open,single,grant_williams,2026-08-21,0
2026-08-21,professional,HOU_CA_31_2026,house,CA,31,margin_D,pct,1,0,0,0,14.72,14.72,14.72,,open,single,grant_williams,2026-08-21,0
2026-08-21,professional,HOU_CA_31_2026,house,CA,31,win_prob_D,prob,1,0,0,0,0.985,0.985,0.985,,open,single,grant_williams,2026-08-21,0
2026-08-21,professional,HOU_CA_32_2026,house,CA,32,margin_D,pct,1,0,0,0,20.54,20.54,20.54,,open,single,grant_williams,2026-08-21,0
2026-08-21,professional,HOU_CA_32_2026,house,CA,32,win_prob_D,prob,1,0,0,0,0.9976,0.9976,0.9976,,open,single,grant_williams,2026-08-21,0
2026-08-21,professional,HOU_CA_33_2026,house,CA,33,margin_D,pct,1,0,0,0,13.74,13.74,13.74,,open,single,grant_williams,2026-08-21,0
2026-08-21,professional,HOU_CA_33_2026,house,CA,33,win_prob_D,prob,1,0,0,0,0.9781,0.9781,0.9781,,open,single,grant_williams,2026-08-21,0
2026-08-21,professional,HOU_CA_34_2026,house,CA,34,margin_D,pct,1,0,0,0,33.92,33.92,33.92,,open,single,grant_williams,2026-08-21,0
2026-08-21,professional,HOU_CA_34_2026,house,CA,34,win_prob_D,prob,1,0,0,0,0.9999,0.9999,0.9999,,open,single,grant_williams,2026-08-21,0
2026-08-21,professional,HOU_CA_35_2026,house,CA,35,margin_D,pct,1,0,0,0,12.82,12.82,12.82,,open,single,grant_williams,2026-08-21,0
2026-08-21,professional,HOU_CA_35_2026,house,CA,35,win_prob_D,prob,1,0,0,0,0.9711,0.9711,0.9711,,open,single,grant_williams,2026-08-21,0
2026-08-21,professional,HOU_CA_36_2026,house,CA,36,margin_D,pct,1,0,0,0,27.17,27.17,27.17,,open,single,grant_williams,2026-08-21,0
2026-08-21,professional,HOU_CA_36_2026,house,CA,36,win_prob_D,prob,1,0,0,0,0.9993,0.9993,0.9993,,open,single,grant_williams,2026-08-21,0
2026-08-21,professional,HOU_CA_37_2026,house,CA,37,margin_D,pct,1,0,0,0,38.6,38.6,38.6,,open,single,grant_williams,2026-08-21,0
2026-08-21,professional,HOU_CA_37_2026,house,CA,37,win_prob_D,prob,1,0,0,0,0.9998,0.9998,0.9998,,open,single,grant_williams,2026-08-21,0
2026-08-21,professional,HOU_CA_38_2026,house,CA,38,margin_D,pct,1,0,0,0,11.2,11.2,11.2,,open,single,grant_williams,2026-08-21,0
2026-08-21,professional,HOU_CA_38_2026,house,CA,38,win_prob_D,prob,1,0,0,0,0.9628,0.9628,0.9628,,open,single,grant_williams,2026-08-21,0
2026-08-21,professional,HOU_CA_39_2026,house,CA,39,margin_D,pct,1,0,0,0,13.85,13.85,13.85,,open,single,grant_williams,2026-08-21,0
2026-08-21,professional,HOU_CA_39_2026,house,CA,39,win_prob_D,prob,1,0,0,0,0.9822,0.9822,0.9822,,open,single,grant_williams,2026-08-21,0
2026-08-21,professional,HOU_CA_40_2026,house,CA,40,margin_D,pct,1,0,0,0,-5.88,-5.88,-5.88,,open,single,grant_williams,2026-08-21,0
2026-08-21,professional,HOU_CA_40_2026,house,CA,40,win_prob_D,prob,1,0,0,0,0.1745,0.1745,0.1745,,open,single,grant_williams,2026-08-21,0
2026-08-21,professional,HOU_CA_41_2026,house,CA,41,margin_D,pct,1,0,0,0,8.56,8.56,8.56,,open,single,grant_williams,2026-08-21,0
2026-08-21,professional,HOU_CA_41_2026,house,CA,41,win_prob_D,prob,1,0,0,0,0.91,0.91,0.91,,open,single,grant_williams,2026-08-21,0
2026-08-21,professional,HOU_CA_42_2026,house,CA,42,margin_D,pct,1,0,0,0,14.67,14.67,14.67,,open,single,grant_williams,2026-08-21,0
2026-08-21,professional,HOU_CA_42_2026,house,CA,42,win_prob_D,prob,1,0,0,0,0.9833,0.9833,0.9833,,open,single,grant_williams,2026-08-21,0
2026-08-21,professional,HOU_CA_43_2026,house,CA,43,margin_D,pct,1,0,0,0,33.07,33.07,33.07,,open,single,grant_williams,2026-08-21,0
2026-08-21,professional,HOU_CA_43_2026,house,CA,43,win_prob_D,prob,1,0,0,0,0.9996,0.9996,0.9996,,open,single,grant_williams,2026-08-21,0
2026-08-21,professional,HOU_CA_44_2026,house,CA,44,margin_D,pct,1,0,0,0,26.16,26.16,26.16,,open,single,grant_williams,2026-08-21,0
2026-08-21,professional,HOU_CA_44_2026,house,CA,44,win_prob_D,prob,1,0,0,0,0.9989,0.9989,0.9989,,open,single,grant_williams,2026-08-21,0
2026-08-21,professional,HOU_CA_45_2026,house,CA,45,margin_D,pct,1,0,0,0,9.97,9.97,9.97,,open,single,grant_williams,2026-08-21,0
2026-08-21,professional,HOU_CA_45_2026,house,CA,45,win_prob_D,prob,1,0,0,0,0.9407,0.9407,0.9407,,open,single,grant_williams,2026-08-21,0
2026-08-21,professional,HOU_CA_46_2026,house,CA,46,margin_D,pct,1,0,0,0,16.6,16.6,16.6,,open,single,grant_williams,2026-08-21,0
2026-08-21,professional,HOU_CA_46_2026,house,CA,46,win_prob_D,prob,1,0,0,0,0.9909,0.9909,0.9909,,open,single,grant_williams,2026-08-21,0
2026-08-21,professional,HOU_CA_47_2026,house,CA,47,margin_D,pct,1,0,0,0,12.83,12.83,12.83,,open,single,grant_williams,2026-08-21,0
2026-08-21,professional,HOU_CA_47_2026,house,CA,47,win_prob_D,prob,1,0,0,0,0.9756,0.9756,0.9756,,open,single,grant_williams,2026-08-21,0
2026-08-21,professional,HOU_CA_48_2026,house,CA,48,margin_D,pct,1,0,0,0,5.42,5.42,5.42,,open,single,grant_williams,2026-08-21,0
2026-08-21,professional,HOU_CA_48_2026,house,CA,48,win_prob_D,prob,1,0,0,0,0.8088,0.8088,0.8088,,open,single,grant_williams,2026-08-21,0
2026-08-21,professional,HOU_CA_49_2026,house,CA,49,margin_D,pct,1,0,0,0,13.82,13.82,13.82,,open,single,grant_williams,2026-08-21,0
2026-08-21,professional,HOU_CA_49_2026,house,CA,49,win_prob_D,prob,1,0,0,0,0.9826,0.9826,0.9826,,open,single,grant_williams,2026-08-21,0
2026-08-21,professional,HOU_CA_50_2026,house,CA,50,margin_D,pct,1,0,0,0,16.58,16.58,16.58,,open,single,grant_williams,2026-08-21,0
2026-08-21,professional,HOU_CA_50_2026,house,CA,50,win_prob_D,prob,1,0,0,0,0.9913,0.9913,0.9913,,open,single,grant_williams,2026-08-21,0
2026-08-21,professional,HOU_CA_51_2026,house,CA,51,margin_D,pct,1,0,0,0,16.56,16.56,16.56,,open,single,grant_williams,2026-08-21,0
2026-08-21,professional,HOU_CA_51_2026,house,CA,51,win_prob_D,prob,1,0,0,0,0.9893,0.9893,0.9893,,open,single,grant_williams,2026-08-21,0
2026-08-21,professional,HOU_CA_52_2026,house,CA,52,margin_D,pct,1,0,0,0,17.6,17.6,17.6,,open,single,grant_williams,2026-08-21,0
2026-08-21,professional,HOU_CA_52_2026,house,CA,52,win_prob_D,prob,1,0,0,0,0.9931,0.9931,0.9931,,open,single,grant_williams,2026-08-21,0
2026-08-21,professional,HOU_CO_01_2026,house,CO,01,margin_D,pct,1,0,0,0,36.32,36.32,36.32,,open,single,grant_williams,2026-08-21,0
2026-08-21,professional,HOU_CO_01_2026,house,CO,01,win_prob_D,prob,1,0,0,0,1.0,1.0,1.0,,open,single,grant_williams,2026-08-21,0
2026-08-21,professional,HOU_CO_02_2026,house,CO,02,margin_D,pct,1,0,0,0,31.37,31.37,31.37,,open,single,grant_williams,2026-08-21,0
2026-08-21,professional,HOU_CO_02_2026,house,CO,02,win_prob_D,prob,1,0,0,0,0.9995,0.9995,0.9995,,open,single,grant_williams,2026-08-21,0
2026-08-21,professional,HOU_CO_03_2026,house,CO,03,margin_D,pct,1,0,0,0,0.15,0.15,0.15,,open,single,grant_williams,2026-08-21,0
2026-08-21,professional,HOU_CO_03_2026,house,CO,03,win_prob_D,prob,1,0,0,0,0.5068,0.5068,0.5068,,open,single,grant_williams,2026-08-21,0
2026-08-21,professional,HOU_CO_04_2026,house,CO,04,margin_D,pct,1,0,0,0,-3.64,-3.64,-3.64,,open,single,grant_williams,2026-08-21,0
2026-08-21,professional,HOU_CO_04_2026,house,CO,04,win_prob_D,prob,1,0,0,0,0.282,0.282,0.282,,open,single,grant_williams,2026-08-21,0
2026-08-21,professional,HOU_CO_05_2026,house,CO,05,margin_D,pct,1,0,0,0,0.11,0.11,0.11,,open,single,grant_williams,2026-08-21,0
2026-08-21,professional,HOU_CO_05_2026,house,CO,05,win_prob_D,prob,1,0,0,0,0.5057,0.5057,0.5057,,open,single,grant_williams,2026-08-21,0
2026-08-21,professional,HOU_CO_06_2026,house,CO,06,margin_D,pct,1,0,0,0,22.57,22.57,22.57,,open,single,grant_williams,2026-08-21,0
2026-08-21,professional,HOU_CO_06_2026,house,CO,06,win_prob_D,prob,1,0,0,0,0.9983,0.9983,0.9983,,open,single,grant_williams,2026-08-21,0
2026-08-21,professional,HOU_CO_07_2026,house,CO,07,margin_D,pct,1,0,0,0,19.73,19.73,19.73,,open,single,grant_williams,2026-08-21,0
2026-08-21,professional,HOU_CO_07_2026,house,CO,07,win_prob_D,prob,1,0,0,0,0.9945,0.9945,0.9945,,open,single,grant_williams,2026-08-21,0
2026-08-21,professional,HOU_CO_08_2026,house,CO,08,margin_D,pct,1,0,0,0,5.02,5.02,5.02,,open,single,grant_williams,2026-08-21,0
2026-08-21,professional,HOU_CO_08_2026,house,CO,08,win_prob_D,prob,1,0,0,0,0.7829,0.7829,0.7829,,open,single,grant_williams,2026-08-21,0
2026-08-21,professional,HOU_CT_01_2026,house,CT,01,margin_D,pct,1,0,0,0,21.77,21.77,21.77,,open,single,grant_williams,2026-08-21,0
2026-08-21,professional,HOU_CT_01_2026,house,CT,01,win_prob_D,prob,1,0,0,0,0.9978,0.9978,0.9978,,open,single,grant_williams,2026-08-21,0
2026-08-21,professional,HOU_CT_02_2026,house,CT,02,margin_D,pct,1,0,0,0,14.1,14.1,14.1,,open,single,grant_williams,2026-08-21,0
2026-08-21,professional,HOU_CT_02_2026,house,CT,02,win_prob_D,prob,1,0,0,0,0.9828,0.9828,0.9828,,open,single,grant_williams,2026-08-21,0
2026-08-21,professional,HOU_CT_03_2026,house,CT,03,margin_D,pct,1,0,0,0,17.84,17.84,17.84,,open,single,grant_williams,2026-08-21,0
2026-08-21,professional,HOU_CT_03_2026,house,CT,03,win_prob_D,prob,1,0,0,0,0.9947,0.9947,0.9947,,open,single,grant_williams,2026-08-21,0
2026-08-21,professional,HOU_CT_04_2026,house,CT,04,margin_D,pct,1,0,0,0,22.67,22.67,22.67,,open,single,grant_williams,2026-08-21,0
2026-08-21,professional,HOU_CT_04_2026,house,CT,04,win_prob_D,prob,1,0,0,0,0.9979,0.9979,0.9979,,open,single,grant_williams,2026-08-21,0
2026-08-21,professional,HOU_CT_05_2026,house,CT,05,margin_D,pct,1,0,0,0,13.12,13.12,13.12,,open,single,grant_williams,2026-08-21,0
2026-08-21,professional,HOU_CT_05_2026,house,CT,05,win_prob_D,prob,1,0,0,0,0.9757,0.9757,0.9757,,open,single,grant_williams,2026-08-21,0
2026-08-21,professional,HOU_DE_01_2026,house,DE,01,margin_D,pct,1,0,0,0,17.88,17.88,17.88,,open,single,grant_williams,2026-08-21,0
2026-08-21,professional,HOU_DE_01_2026,house,DE,01,win_prob_D,prob,1,0,0,0,0.993,0.993,0.993,,open,single,grant_williams,2026-08-21,0
2026-08-21,professional,HOU_FL_01_2026,house,FL,01,margin_D,pct,1,0,0,0,-15.48,-15.48,-15.48,,open,single,grant_williams,2026-08-21,0
2026-08-21,professional,HOU_FL_01_2026,house,FL,01,win_prob_D,prob,1,0,0,0,0.014,0.014,0.014,,open,single,grant_williams,2026-08-21,0
2026-08-21,professional,HOU_FL_02_2026,house,FL,02,margin_D,pct,1,0,0,0,-2.39,-2.39,-2.39,,open,single,grant_williams,2026-08-21,0
2026-08-21,professional,HOU_FL_02_2026,house,FL,02,win_prob_D,prob,1,0,0,0,0.3503,0.3503,0.3503,,open,single,grant_williams,2026-08-21,0
2026-08-21,professional,HOU_FL_03_2026,house,FL,03,margin_D,pct,1,0,0,0,-7.91,-7.91,-7.91,,open,single,grant_williams,2026-08-21,0
2026-08-21,professional,HOU_FL_03_2026,house,FL,03,win_prob_D,prob,1,0,0,0,0.1097,0.1097,0.1097,,open,single,grant_williams,2026-08-21,0
2026-08-21,professional,HOU_FL_04_2026,house,FL,04,margin_D,pct,1,0,0,0,-3.09,-3.09,-3.09,,open,single,grant_williams,2026-08-21,0
2026-08-21,professional,HOU_FL_04_2026,house,FL,04,win_prob_D,prob,1,0,0,0,0.3066,0.3066,0.3066,,open,single,grant_williams,2026-08-21,0
2026-08-21,professional,HOU_FL_05_2026,house,FL,05,margin_D,pct,1,0,0,0,-7.83,-7.83,-7.83,,open,single,grant_williams,2026-08-21,0
2026-08-21,professional,HOU_FL_05_2026,house,FL,05,win_prob_D,prob,1,0,0,0,0.1141,0.1141,0.1141,,open,single,grant_williams,2026-08-21,0
2026-08-21,professional,HOU_FL_06_2026,house,FL,06,margin_D,pct,1,0,0,0,-11.65,-11.65,-11.65,,open,single,grant_williams,2026-08-21,0
2026-08-21,professional,HOU_FL_06_2026,house,FL,06,win_prob_D,prob,1,0,0,0,0.0403,0.0403,0.0403,,open,single,grant_williams,2026-08-21,0
2026-08-21,professional,HOU_FL_07_2026,house,FL,07,margin_D,pct,1,0,0,0,-3.13,-3.13,-3.13,,open,single,grant_williams,2026-08-21,0
2026-08-21,professional,HOU_FL_07_2026,house,FL,07,win_prob_D,prob,1,0,0,0,0.3049,0.3049,0.3049,,open,single,grant_williams,2026-08-21,0
2026-08-21,professional,HOU_FL_08_2026,house,FL,08,margin_D,pct,1,0,0,0,-5.95,-5.95,-5.95,,open,single,grant_williams,2026-08-21,0
2026-08-21,professional,HOU_FL_08_2026,house,FL,08,win_prob_D,prob,1,0,0,0,0.1689,0.1689,0.1689,,open,single,grant_williams,2026-08-21,0
2026-08-21,professional,HOU_FL_09_2026,house,FL,09,margin_D,pct,1,0,0,0,1.17,1.17,1.17,,open,single,grant_williams,2026-08-21,0
2026-08-21,professional,HOU_FL_09_2026,house,FL,09,win_prob_D,prob,1,0,0,0,0.5722,0.5722,0.5722,,open,single,grant_williams,2026-08-21,0
2026-08-21,professional,HOU_FL_10_2026,house,FL,10,margin_D,pct,1,0,0,0,21.22,21.22,21.22,,open,single,grant_williams,2026-08-21,0
2026-08-21,professional,HOU_FL_10_2026,house,FL,10,win_prob_D,prob,1,0,0,0,0.997,0.997,0.997,,open,single,grant_williams,2026-08-21,0
2026-08-21,professional,HOU_FL_11_2026,house,FL,11,margin_D,pct,1,0,0,0,-1.38,-1.38,-1.38,,open,single,grant_williams,2026-08-21,0
2026-08-21,professional,HOU_FL_11_2026,house,FL,11,win_prob_D,prob,1,0,0,0,0.4067,0.4067,0.4067,,open,single,grant_williams,2026-08-21,0
2026-08-21,professional,HOU_FL_12_2026,house,FL,12,margin_D,pct,1,0,0,0,-5.06,-5.06,-5.06,,open,single,grant_williams,2026-08-21,0
2026-08-21,professional,HOU_FL_12_2026,house,FL,12,win_prob_D,prob,1,0,0,0,0.2054,0.2054,0.2054,,open,single,grant_williams,2026-08-21,0
2026-08-21,professional,HOU_FL_13_2026,house,FL,13,margin_D,pct,1,0,0,0,-4.88,-4.88,-4.88,,open,single,grant_williams,2026-08-21,0
2026-08-21,professional,HOU_FL_13_2026,house,FL,13,win_prob_D,prob,1,0,0,0,0.1293,0.1293,0.1293,,open,single,grant_williams,2026-08-21,0
2026-08-21,professional,HOU_FL_14_2026,house,FL,14,margin_D,pct,1,0,0,0,5.05,5.05,5.05,,open,single,grant_williams,2026-08-21,0
2026-08-21,professional,HOU_FL_14_2026,house,FL,14,win_prob_D,prob,1,0,0,0,0.7913,0.7913,0.7913,,open,single,grant_williams,2026-08-21,0
2026-08-21,professional,HOU_FL_15_2026,house,FL,15,margin_D,pct,1,0,0,0,-6.82,-6.82,-6.82,,open,single,grant_williams,2026-08-21,0
2026-08-21,professional,HOU_FL_15_2026,house,FL,15,win_prob_D,prob,1,0,0,0,0.1437,0.1437,0.1437,,open,single,grant_williams,2026-08-21,0
2026-08-21,professional,HOU_FL_16_2026,house,FL,16,margin_D,pct,1,0,0,0,-0.53,-0.53,-0.53,,open,single,grant_williams,2026-08-21,0
2026-08-21,professional,HOU_FL_16_2026,house,FL,16,win_prob_D,prob,1,0,0,0,0.4647,0.4647,0.4647,,open,single,grant_williams,2026-08-21,0
2026-08-21,professional,HOU_FL_17_2026,house,FL,17,margin_D,pct,1,0,0,0,-7.82,-7.82,-7.82,,open,single,grant_williams,2026-08-21,0
2026-08-21,professional,HOU_FL_17_2026,house,FL,17,win_prob_D,prob,1,0,0,0,0.1084,0.1084,0.1084,,open,single,grant_williams,2026-08-21,0
2026-08-21,professional,HOU_FL_18_2026,house,FL,18,margin_D,pct,1,0,0,0,-5.95,-5.95,-5.95,,open,single,grant_williams,2026-08-21,0
2026-08-21,professional,HOU_FL_18_2026,house,FL,18,win_prob_D,prob,1,0,0,0,0.1693,0.1693,0.1693,,open,single,grant_williams,2026-08-21,0
2026-08-21,professional,HOU_FL_19_2026,house,FL,19,margin_D,pct,1,0,0,0,-8.16,-8.16,-8.16,,open,single,grant_williams,2026-08-21,0
2026-08-21,professional,HOU_FL_19_2026,house,FL,19,win_prob_D,prob,1,0,0,0,0.0988,0.0988,0.0988,,open,single,grant_williams,2026-08-21,0
2026-08-21,professional,HOU_FL_20_2026,house,FL,20,margin_D,pct,1,0,0,0,27.98,27.98,27.98,,open,single,grant_williams,2026-08-21,0
2026-08-21,professional,HOU_FL_20_2026,house,FL,20,win_prob_D,prob,1,0,0,0,0.9994,0.9994,0.9994,,open,single,grant_williams,2026-08-21,0
2026-08-21,professional,HOU_FL_21_2026,house,FL,21,margin_D,pct,1,0,0,0,-5.04,-5.04,-5.04,,open,single,grant_williams,2026-08-21,0
2026-08-21,professional,HOU_FL_21_2026,house,FL,21,win_prob_D,prob,1,0,0,0,0.2119,0.2119,0.2119,,open,single,grant_williams,2026-08-21,0
2026-08-21,professional,HOU_FL_22_2026,house,FL,22,margin_D,pct,1,0,0,0,1.43,1.43,1.43,,open,single,grant_williams,2026-08-21,0
2026-08-21,professional,HOU_FL_22_2026,house,FL,22,win_prob_D,prob,1,0,0,0,0.59,0.59,0.59,,open,single,grant_williams,2026-08-21,0
2026-08-21,professional,HOU_FL_23_2026,house,FL,23,margin_D,pct,1,0,0,0,17.39,17.39,17.39,,open,single,grant_williams,2026-08-21,0
2026-08-21,professional,HOU_FL_23_2026,house,FL,23,win_prob_D,prob,1,0,0,0,0.9926,0.9926,0.9926,,open,single,grant_williams,2026-08-21,0
2026-08-21,professional,HOU_FL_24_2026,house,FL,24,margin_D,pct,1,0,0,0,26.36,26.36,26.36,,open,single,grant_williams,2026-08-21,0
2026-08-21,professional,HOU_FL_24_2026,house,FL,24,win_prob_D,prob,1,0,0,0,0.9989,0.9989,0.9989,,open,single,grant_williams,2026-08-21,0
2026-08-21,professional,HOU_FL_25_2026,house,FL,25,margin_D,pct,1,0,0,0,5.97,5.97,5.97,,open,single,grant_williams,2026-08-21,0
2026-08-21,professional,HOU_FL_25_2026,house,FL,25,win_prob_D,prob,1,0,0,0,0.83,0.83,0.83,,open,single,grant_williams,2026-08-21,0
2026-08-21,professional,HOU_FL_26_2026,house,FL,26,margin_D,pct,1,0,0,0,-5.03,-5.03,-5.03,,open,single,grant_williams,2026-08-21,0
2026-08-21,professional,HOU_FL_26_2026,house,FL,26,win_prob_D,prob,1,0,0,0,0.2105,0.2105,0.2105,,open,single,grant_williams,2026-08-21,0
2026-08-21,professional,HOU_FL_27_2026,house,FL,27,margin_D,pct,1,0,0,0,-4.13,-4.13,-4.13,,open,single,grant_williams,2026-08-21,0
2026-08-21,professional,HOU_FL_27_2026,house,FL,27,win_prob_D,prob,1,0,0,0,0.2536,0.2536,0.2536,,open,single,grant_williams,2026-08-21,0
2026-08-21,professional,HOU_FL_28_2026,house,FL,28,margin_D,pct,1,0,0,0,-7.91,-7.91,-7.91,,open,single,grant_williams,2026-08-21,0
2026-08-21,professional,HOU_FL_28_2026,house,FL,28,win_prob_D,prob,1,0,0,0,0.1086,0.1086,0.1086,,open,single,grant_williams,2026-08-21,0
2026-08-21,professional,HOU_GA_01_2026,house,GA,01,margin_D,pct,1,0,0,0,-2.4,-2.4,-2.4,,open,single,grant_williams,2026-08-21,0
2026-08-21,professional,HOU_GA_01_2026,house,GA,01,win_prob_D,prob,1,0,0,0,0.3489,0.3489,0.3489,,open,single,grant_williams,2026-08-21,0
2026-08-21,professional,HOU_GA_02_2026,house,GA,02,margin_D,pct,1,0,0,0,12.54,12.54,12.54,,open,single,grant_williams,2026-08-21,0
2026-08-21,professional,HOU_GA_02_2026,house,GA,02,win_prob_D,prob,1,0,0,0,0.9704,0.9704,0.9704,,open,single,grant_williams,2026-08-21,0
2026-08-21,professional,HOU_GA_03_2026,house,GA,03,margin_D,pct,1,0,0,0,-12.72,-12.72,-12.72,,open,single,grant_williams,2026-08-21,0
2026-08-21,professional,HOU_GA_03_2026,house,GA,03,win_prob_D,prob,1,0,0,0,0.0309,0.0309,0.0309,,open,single,grant_williams,2026-08-21,0
2026-08-21,professional,HOU_GA_04_2026,house,GA,04,margin_D,pct,1,0,0,0,34.72,34.72,34.72,,open,single,grant_williams,2026-08-21,0
2026-08-21,professional,HOU_GA_04_2026,house,GA,04,win_prob_D,prob,1,0,0,0,0.9996,0.9996,0.9996,,open,single,grant_williams,2026-08-21,0
2026-08-21,professional,HOU_GA_05_2026,house,GA,05,margin_D,pct,1,0,0,0,43.31,43.31,43.31,,open,single,grant_williams,2026-08-21,0
2026-08-21,professional,HOU_GA_05_2026,house,GA,05,win_prob_D,prob,1,0,0,0,0.9999,0.9999,0.9999,,open,single,grant_williams,2026-08-21,0
2026-08-21,professional,HOU_GA_06_2026,house,GA,06,margin_D,pct,1,0,0,0,32.68,32.68,32.68,,open,single,grant_williams,2026-08-21,0
2026-08-21,professional,HOU_GA_06_2026,house,GA,06,win_prob_D,prob,1,0,0,0,0.9996,0.9996,0.9996,,open,single,grant_williams,2026-08-21,0
2026-08-21,professional,HOU_GA_07_2026,house,GA,07,margin_D,pct,1,0,0,0,-8.92,-8.92,-8.92,,open,single,grant_williams,2026-08-21,0
2026-08-21,professional,HOU_GA_07_2026,house,GA,07,win_prob_D,prob,1,0,0,0,0.0907,0.0907,0.0907,,open,single,grant_williams,2026-08-21,0
2026-08-21,professional,HOU_GA_08_2026,house,GA,08,margin_D,pct,1,0,0,0,-12.64,-12.64,-12.64,,open,single,grant_williams,2026-08-21,0
2026-08-21,professional,HOU_GA_08_2026,house,GA,08,win_prob_D,prob,1,0,0,0,0.0311,0.0311,0.0311,,open,single,grant_williams,2026-08-21,0
2026-08-21,professional,HOU_GA_09_2026,house,GA,09,margin_D,pct,1,0,0,0,-14.63,-14.63,-14.63,,open,single,grant_williams,2026-08-21,0
2026-08-21,professional,HOU_GA_09_2026,house,GA,09,win_prob_D,prob,1,0,0,0,0.0182,0.0182,0.0182,,open,single,grant_williams,2026-08-21,0
2026-08-21,professional,HOU_GA_10_2026,house,GA,10,margin_D,pct,1,0,0,0,-5.27,-5.27,-5.27,,open,single,grant_williams,2026-08-21,0
2026-08-21,professional,HOU_GA_10_2026,house,GA,10,win_prob_D,prob,1,0,0,0,0.2014,0.2014,0.2014,,open,single,grant_williams,2026-08-21,0
2026-08-21,professional,HOU_GA_11_2026,house,GA,11,margin_D,pct,1,0,0,0,-6.34,-6.34,-6.34,,open,single,grant_williams,2026-08-21,0
2026-08-21,professional,HOU_GA_11_2026,house,GA,11,win_prob_D,prob,1,0,0,0,0.1583,0.1583,0.1583,,open,single,grant_williams,2026-08-21,0
2026-08-21,professional,HOU_GA_12_2026,house,GA,12,margin_D,pct,1,0,0,0,-4.98,-4.98,-4.98,,open,single,grant_williams,2026-08-21,0
2026-08-21,professional,HOU_GA_12_2026,house,GA,12,win_prob_D,prob,1,0,0,0,0.2123,0.2123,0.2123,,open,single,grant_williams,2026-08-21,0
2026-08-21,professional,HOU_GA_13_2026,house,GA,13,margin_D,pct,1,0,0,0,25.39,25.39,25.39,,open,single,grant_williams,2026-08-21,0
2026-08-21,professional,HOU_GA_13_2026,house,GA,13,win_prob_D,prob,1,0,0,0,0.999,0.999,0.999,,open,single,grant_williams,2026-08-21,0
2026-08-21,professional,HOU_GA_14_2026,house,GA,14,margin_D,pct,1,0,0,0,-16.44,-16.44,-16.44,,open,single,grant_williams,2026-08-21,0
2026-08-21,professional,HOU_GA_14_2026,house,GA,14,win_prob_D,prob,1,0,0,0,0.0114,0.0114,0.0114,,open,single,grant_williams,2026-08-21,0
2026-08-21,professional,HOU_HI_01_2026,house,HI,01,margin_D,pct,1,0,0,0,19.42,19.42,19.42,,open,single,grant_williams,2026-08-21,0
2026-08-21,professional,HOU_HI_01_2026,house,HI,01,win_prob_D,prob,1,0,0,0,0.995,0.995,0.995,,open,single,grant_williams,2026-08-21,0
2026-08-21,professional,HOU_HI_02_2026,house,HI,02,margin_D,pct,1,0,0,0,18.66,18.66,18.66,,open,single,grant_williams,2026-08-21,0
2026-08-21,professional,HOU_HI_02_2026,house,HI,02,win_prob_D,prob,1,0,0,0,0.9956,0.9956,0.9956,,open,single,grant_williams,2026-08-21,0
2026-08-21,professional,HOU_IA_01_2026,house,IA,01,margin_D,pct,1,0,0,0,-0.85,-0.85,-0.85,,open,single,grant_williams,2026-08-21,0
2026-08-21,professional,HOU_IA_01_2026,house,IA,01,win_prob_D,prob,1,0,0,0,0.4445,0.4445,0.4445,,open,single,grant_williams,2026-08-21,0
2026-08-21,professional,HOU_IA_02_2026,house,IA,02,margin_D,pct,1,0,0,0,2.67,2.67,2.67,,open,single,grant_williams,2026-08-21,0
2026-08-21,professional,HOU_IA_02_2026,house,IA,02,win_prob_D,prob,1,0,0,0,0.6632,0.6632,0.6632,,open,single,grant_williams,2026-08-21,0
2026-08-21,professional,HOU_IA_03_2026,house,IA,03,margin_D,pct,1,0,0,0,1.06,1.06,1.06,,open,single,grant_williams,2026-08-21,0
2026-08-21,professional,HOU_IA_03_2026,house,IA,03,win_prob_D,prob,1,0,0,0,0.5697,0.5697,0.5697,,open,single,grant_williams,2026-08-21,0
2026-08-21,professional,HOU_IA_04_2026,house,IA,04,margin_D,pct,1,0,0,0,-7.87,-7.87,-7.87,,open,single,grant_williams,2026-08-21,0
2026-08-21,professional,HOU_IA_04_2026,house,IA,04,win_prob_D,prob,1,0,0,0,0.1093,0.1093,0.1093,,open,single,grant_williams,2026-08-21,0
2026-08-21,professional,HOU_ID_01_2026,house,ID,01,margin_D,pct,1,0,0,0,-18.94,-18.94,-18.94,,open,single,grant_williams,2026-08-21,0
2026-08-21,professional,HOU_ID_01_2026,house,ID,01,win_prob_D,prob,1,0,0,0,0.0066,0.0066,0.0066,,open,single,grant_williams,2026-08-21,0
2026-08-21,professional,HOU_ID_02_2026,house,ID,02,margin_D,pct,1,0,0,0,-10.27,-10.27,-10.27,,open,single,grant_williams,2026-08-21,0
2026-08-21,professional,HOU_ID_02_2026,house,ID,02,win_prob_D,prob,1,0,0,0,0.0632,0.0632,0.0632,,open,single,grant_williams,2026-08-21,0
2026-08-21,professional,HOU_IL_01_2026,house,IL,01,margin_D,pct,1,0,0,0,27.34,27.34,27.34,,open,single,grant_williams,2026-08-21,0
2026-08-21,professional,HOU_IL_01_2026,house,IL,01,win_prob_D,prob,1,0,0,0,0.9994,0.9994,0.9994,,open,single,grant_williams,2026-08-21,0
2026-08-21,professional,HOU_IL_02_2026,house,IL,02,margin_D,pct,1,0,0,0,23.77,23.77,23.77,,open,single,grant_williams,2026-08-21,0
2026-08-21,professional,HOU_IL_02_2026,house,IL,02,win_prob_D,prob,1,0,0,0,0.9981,0.9981,0.9981,,open,single,grant_williams,2026-08-21,0
2026-08-21,professional,HOU_IL_03_2026,house,IL,03,margin_D,pct,1,0,0,0,26.27,26.27,26.27,,open,single,grant_williams,2026-08-21,0
2026-08-21,professional,HOU_IL_03_2026,house,IL,03,win_prob_D,prob,1,0,0,0,0.999,0.999,0.999,,open,single,grant_williams,2026-08-21,0
2026-08-21,professional,HOU_IL_04_2026,house,IL,04,margin_D,pct,1,0,0,0,22.76,22.76,22.76,,open,single,grant_williams,2026-08-21,0
2026-08-21,professional,HOU_IL_04_2026,house,IL,04,win_prob_D,prob,1,0,0,0,0.9978,0.9978,0.9978,,open,single,grant_williams,2026-08-21,0
2026-08-21,professional,HOU_IL_05_2026,house,IL,05,margin_D,pct,1,0,0,0,28.38,28.38,28.38,,open,single,grant_williams,2026-08-21,0
2026-08-21,professional,HOU_IL_05_2026,house,IL,05,win_prob_D,prob,1,0,0,0,0.9996,0.9996,0.9996,,open,single,grant_williams,2026-08-21,0
2026-08-21,professional,HOU_IL_06_2026,house,IL,06,margin_D,pct,1,0,0,0,12.98,12.98,12.98,,open,single,grant_williams,2026-08-21,0
2026-08-21,professional,HOU_IL_06_2026,house,IL,06,win_prob_D,prob,1,0,0,0,0.9735,0.9735,0.9735,,open,single,grant_williams,2026-08-21,0
2026-08-21,professional,HOU_IL_07_2026,house,IL,07,margin_D,pct,1,0,0,0,39.11,39.11,39.11,,open,single,grant_williams,2026-08-21,0
2026-08-21,professional,HOU_IL_07_2026,house,IL,07,win_prob_D,prob,1,0,0,0,1.0,1.0,1.0,,open,single,grant_williams,2026-08-21,0
2026-08-21,professional,HOU_IL_08_2026,house,IL,08,margin_D,pct,1,0,0,0,11.28,11.28,11.28,,open,single,grant_williams,2026-08-21,0
2026-08-21,professional,HOU_IL_08_2026,house,IL,08,win_prob_D,prob,1,0,0,0,0.9558,0.9558,0.9558,,open,single,grant_williams,2026-08-21,0
2026-08-21,professional,HOU_IL_09_2026,house,IL,09,margin_D,pct,1,0,0,0,24.64,24.64,24.64,,open,single,grant_williams,2026-08-21,0
2026-08-21,professional,HOU_IL_09_2026,house,IL,09,win_prob_D,prob,1,0,0,0,0.9987,0.9987,0.9987,,open,single,grant_williams,2026-08-21,0
2026-08-21,professional,HOU_IL_10_2026,house,IL,10,margin_D,pct,1,0,0,0,21.52,21.52,21.52,,open,single,grant_williams,2026-08-21,0
2026-08-21,professional,HOU_IL_10_2026,house,IL,10,win_prob_D,prob,1,0,0,0,0.9975,0.9975,0.9975,,open,single,grant_williams,2026-08-21,0
2026-08-21,professional,HOU_IL_11_2026,house,IL,11,margin_D,pct,1,0,0,0,15.75,15.75,15.75,,open,single,grant_williams,2026-08-21,0
2026-08-21,professional,HOU_IL_11_2026,house,IL,11,win_prob_D,prob,1,0,0,0,0.9898,0.9898,0.9898,,open,single,grant_williams,2026-08-21,0
2026-08-21,professional,HOU_IL_12_2026,house,IL,12,margin_D,pct,1,0,0,0,-18.21,-18.21,-18.21,,open,single,grant_williams,2026-08-21,0
2026-08-21,professional,HOU_IL_12_2026,house,IL,12,win_prob_D,prob,1,0,0,0,0.0071,0.0071,0.0071,,open,single,grant_williams,2026-08-21,0
2026-08-21,professional,HOU_IL_13_2026,house,IL,13,margin_D,pct,1,0,0,0,14.78,14.78,14.78,,open,single,grant_williams,2026-08-21,0
2026-08-21,professional,HOU_IL_13_2026,house,IL,13,win_prob_D,prob,1,0,0,0,0.9847,0.9847,0.9847,,open,single,grant_williams,2026-08-21,0
2026-08-21,professional,HOU_IL_14_2026,house,IL,14,margin_D,pct,1,0,0,0,12.92,12.92,12.92,,open,single,grant_williams,2026-08-21,0
2026-08-21,professional,HOU_IL_14_2026,house,IL,14,win_prob_D,prob,1,0,0,0,0.9776,0.9776,0.9776,,open,single,grant_williams,2026-08-21,0
2026-08-21,professional,HOU_IL_15_2026,house,IL,15,margin_D,pct,1,0,0,0,-16.21,-16.21,-16.21,,open,single,grant_williams,2026-08-21,0
2026-08-21,professional,HOU_IL_15_2026,house,IL,15,win_prob_D,prob,1,0,0,0,0.0122,0.0122,0.0122,,open,single,grant_williams,2026-08-21,0
2026-08-21,professional,HOU_IL_16_2026,house,IL,16,margin_D,pct,1,0,0,0,-7.5,-7.5,-7.5,,open,single,grant_williams,2026-08-21,0
2026-08-21,professional,HOU_IL_16_2026,house,IL,16,win_prob_D,prob,1,0,0,0,0.1177,0.1177,0.1177,,open,single,grant_williams,2026-08-21,0
2026-08-21,professional,HOU_IL_17_2026,house,IL,17,margin_D,pct,1,0,0,0,12.91,12.91,12.91,,open,single,grant_williams,2026-08-21,0
2026-08-21,professional,HOU_IL_17_2026,house,IL,17,win_prob_D,prob,1,0,0,0,0.9744,0.9744,0.9744,,open,single,grant_williams,2026-08-21,0
2026-08-21,professional,HOU_IN_01_2026,house,IN,01,margin_D,pct,1,0,0,0,10.99,10.99,10.99,,open,single,grant_williams,2026-08-21,0
2026-08-21,professional,HOU_IN_01_2026,house,IN,01,win_prob_D,prob,1,0,0,0,0.9543,0.9543,0.9543,,open,single,grant_williams,2026-08-21,0
2026-08-21,professional,HOU_IN_02_2026,house,IN,02,margin_D,pct,1,0,0,0,-9.58,-9.58,-9.58,,open,single,grant_williams,2026-08-21,0
2026-08-21,professional,HOU_IN_02_2026,house,IN,02,win_prob_D,prob,1,0,0,0,0.0688,0.0688,0.0688,,open,single,grant_williams,2026-08-21,0
2026-08-21,professional,HOU_IN_03_2026,house,IN,03,margin_D,pct,1,0,0,0,-12.35,-12.35,-12.35,,open,single,grant_williams,2026-08-21,0
2026-08-21,professional,HOU_IN_03_2026,house,IN,03,win_prob_D,prob,1,0,0,0,0.0351,0.0351,0.0351,,open,single,grant_williams,2026-08-21,0
2026-08-21,professional,HOU_IN_04_2026,house,IN,04,margin_D,pct,1,0,0,0,-11.46,-11.46,-11.46,,open,single,grant_williams,2026-08-21,0
2026-08-21,professional,HOU_IN_04_2026,house,IN,04,win_prob_D,prob,1,0,0,0,0.0413,0.0413,0.0413,,open,single,grant_williams,2026-08-21,0
2026-08-21,professional,HOU_IN_05_2026,house,IN,05,margin_D,pct,1,0,0,0,-4.72,-4.72,-4.72,,open,single,grant_williams,2026-08-21,0
2026-08-21,professional,HOU_IN_05_2026,house,IN,05,win_prob_D,prob,1,0,0,0,0.2293,0.2293,0.2293,,open,single,grant_williams,2026-08-21,0
2026-08-21,professional,HOU_IN_06_2026,house,IN,06,margin_D,pct,1,0,0,0,-12.42,-12.42,-12.42,,open,single,grant_williams,2026-08-21,0
2026-08-21,professional,HOU_IN_06_2026,house,IN,06,win_prob_D,prob,1,0,0,0,0.0338,0.0338,0.0338,,open,single,grant_williams,2026-08-21,0
2026-08-21,professional,HOU_IN_07_2026,house,IN,07,margin_D,pct,1,0,0,0,30.15,30.15,30.15,,open,single,grant_williams,2026-08-21,0
2026-08-21,professional,HOU_IN_07_2026,house,IN,07,win_prob_D,prob,1,0,0,0,0.9996,0.9996,0.9996,,open,single,grant_williams,2026-08-21,0
2026-08-21,professional,HOU_IN_08_2026,house,IN,08,margin_D,pct,1,0,0,0,-14.36,-14.36,-14.36,,open,single,grant_williams,2026-08-21,0
2026-08-21,professional,HOU_IN_08_2026,house,IN,08,win_prob_D,prob,1,0,0,0,0.0193,0.0193,0.0193,,open,single,grant_williams,2026-08-21,0
2026-08-21,professional,HOU_IN_09_2026,house,IN,09,margin_D,pct,1,0,0,0,-11.32,-11.32,-11.32,,open,single,grant_williams,2026-08-21,0
2026-08-21,professional,HOU_IN_09_2026,house,IN,09,win_prob_D,prob,1,0,0,0,0.0457,0.0457,0.0457,,open,single,grant_williams,2026-08-21,0
2026-08-21,professional,HOU_KS_01_2026,house,KS,01,margin_D,pct,1,0,0,0,-12.46,-12.46,-12.46,,open,single,grant_williams,2026-08-21,0
2026-08-21,professional,HOU_KS_01_2026,house,KS,01,win_prob_D,prob,1,0,0,0,0.0338,0.0338,0.0338,,open,single,grant_williams,2026-08-21,0
2026-08-21,professional,HOU_KS_02_2026,house,KS,02,margin_D,pct,1,0,0,0,-6.74,-6.74,-6.74,,open,single,grant_williams,2026-08-21,0
2026-08-21,professional,HOU_KS_02_2026,house,KS,02,win_prob_D,prob,1,0,0,0,0.1452,0.1452,0.1452,,open,single,grant_williams,2026-08-21,0
2026-08-21,professional,HOU_KS_03_2026,house,KS,03,margin_D,pct,1,0,0,0,11.99,11.99,11.99,,open,single,grant_williams,2026-08-21,0
2026-08-21,professional,HOU_KS_03_2026,house,KS,03,win_prob_D,prob,1,0,0,0,0.9645,0.9645,0.9645,,open,single,grant_williams,2026-08-21,0
2026-08-21,professional,HOU_KS_04_2026,house,KS,04,margin_D,pct,1,0,0,0,-8.6,-8.6,-8.6,,open,single,grant_williams,2026-08-21,0
2026-08-21,professional,HOU_KS_04_2026,house,KS,04,win_prob_D,prob,1,0,0,0,0.0978,0.0978,0.0978,,open,single,grant_williams,2026-08-21,0
2026-08-21,professional,HOU_KY_01_2026,house,KY,01,margin_D,pct,1,0,0,0,-20.97,-20.97,-20.97,,open,single,grant_williams,2026-08-21,0
2026-08-21,professional,HOU_KY_01_2026,house,KY,01,win_prob_D,prob,1,0,0,0,0.0036,0.0036,0.0036,,open,single,grant_williams,2026-08-21,0
2026-08-21,professional,HOU_KY_02_2026,house,KY,02,margin_D,pct,1,0,0,0,-18.09,-18.09,-18.09,,open,single,grant_williams,2026-08-21,0
2026-08-21,professional,HOU_KY_02_2026,house,KY,02,win_prob_D,prob,1,0,0,0,0.0076,0.0076,0.0076,,open,single,grant_williams,2026-08-21,0
2026-08-21,professional,HOU_KY_03_2026,house,KY,03,margin_D,pct,1,0,0,0,17.72,17.72,17.72,,open,single,grant_williams,2026-08-21,0
2026-08-21,professional,HOU_KY_03_2026,house,KY,03,win_prob_D,prob,1,0,0,0,0.9925,0.9925,0.9925,,open,single,grant_williams,2026-08-21,0
2026-08-21,professional,HOU_KY_04_2026,house,KY,04,margin_D,pct,1,0,0,0,-12.68,-12.68,-12.68,,open,single,grant_williams,2026-08-21,0
2026-08-21,professional,HOU_KY_04_2026,house,KY,04,win_prob_D,prob,1,0,0,0,0.0279,0.0279,0.0279,,open,single,grant_williams,2026-08-21,0
2026-08-21,professional,HOU_KY_05_2026,house,KY,05,margin_D,pct,1,0,0,0,-29.62,-29.62,-29.62,,open,single,grant_williams,2026-08-21,0
2026-08-21,professional,HOU_KY_05_2026,house,KY,05,win_prob_D,prob,1,0,0,0,0.0005,0.0005,0.0005,,open,single,grant_williams,2026-08-21,0
2026-08-21,professional,HOU_KY_06_2026,house,KY,06,margin_D,pct,1,0,0,0,-3.55,-3.55,-3.55,,open,single,grant_williams,2026-08-21,0
2026-08-21,professional,HOU_KY_06_2026,house,KY,06,win_prob_D,prob,1,0,0,0,0.1942,0.1942,0.1942,,open,single,grant_williams,2026-08-21,0
2026-08-21,professional,HOU_LA_01_2026,house,LA,01,margin_D,pct,1,0,0,0,-16.88,-16.88,-16.88,,open,single,grant_williams,2026-08-21,0
2026-08-21,professional,HOU_LA_01_2026,house,LA,01,win_prob_D,prob,1,0,0,0,0.0114,0.0114,0.0114,,open,single,grant_williams,2026-08-21,0
2026-08-21,professional,HOU_LA_02_2026,house,LA,02,margin_D,pct,1,0,0,0,33.36,33.36,33.36,,open,single,grant_williams,2026-08-21,0
2026-08-21,professional,HOU_LA_02_2026,house,LA,02,win_prob_D,prob,1,0,0,0,0.9996,0.9996,0.9996,,open,single,grant_williams,2026-08-21,0
2026-08-21,professional,HOU_LA_03_2026,house,LA,03,margin_D,pct,1,0,0,0,-14.94,-14.94,-14.94,,open,single,grant_williams,2026-08-21,0
2026-08-21,professional,HOU_LA_03_2026,house,LA,03,win_prob_D,prob,1,0,0,0,0.0159,0.0159,0.0159,,open,single,grant_williams,2026-08-21,0
2026-08-21,professional,HOU_LA_04_2026,house,LA,04,margin_D,pct,1,0,0,0,-14.07,-14.07,-14.07,,open,single,grant_williams,2026-08-21,0
2026-08-21,professional,HOU_LA_04_2026,house,LA,04,win_prob_D,prob,1,0,0,0,0.0232,0.0232,0.0232,,open,single,grant_williams,2026-08-21,0
2026-08-21,professional,HOU_LA_05_2026,house,LA,05,margin_D,pct,1,0,0,0,-10.49,-10.49,-10.49,,open,single,grant_williams,2026-08-21,0
2026-08-21,professional,HOU_LA_05_2026,house,LA,05,win_prob_D,prob,1,0,0,0,0.0548,0.0548,0.0548,,open,single,grant_williams,2026-08-21,0
2026-08-21,professional,HOU_LA_06_2026,house,LA,06,margin_D,pct,1,0,0,0,-9.57,-9.57,-9.57,,open,single,grant_williams,2026-08-21,0
2026-08-21,professional,HOU_LA_06_2026,house,LA,06,win_prob_D,prob,1,0,0,0,0.0747,0.0747,0.0747,,open,single,grant_williams,2026-08-21,0
2026-08-21,professional,HOU_MA_01_2026,house,MA,01,margin_D,pct,1,0,0,0,19.02,19.02,19.02,,open,single,grant_williams,2026-08-21,0
2026-08-21,professional,HOU_MA_01_2026,house,MA,01,win_prob_D,prob,1,0,0,0,0.9951,0.9951,0.9951,,open,single,grant_williams,2026-08-21,0
2026-08-21,professional,HOU_MA_02_2026,house,MA,02,margin_D,pct,1,0,0,0,23.9,23.9,23.9,,open,single,grant_williams,2026-08-21,0
2026-08-21,professional,HOU_MA_02_2026,house,MA,02,win_prob_D,prob,1,0,0,0,0.9983,0.9983,0.9983,,open,single,grant_williams,2026-08-21,0
2026-08-21,professional,HOU_MA_03_2026,house,MA,03,margin_D,pct,1,0,0,0,21.96,21.96,21.96,,open,single,grant_williams,2026-08-21,0
2026-08-21,professional,HOU_MA_03_2026,house,MA,03,win_prob_D,prob,1,0,0,0,0.9978,0.9978,0.9978,,open,single,grant_williams,2026-08-21,0
2026-08-21,professional,HOU_MA_04_2026,house,MA,04,margin_D,pct,1,0,0,0,21.94,21.94,21.94,,open,single,grant_williams,2026-08-21,0
2026-08-21,professional,HOU_MA_04_2026,house,MA,04,win_prob_D,prob,1,0,0,0,0.9972,0.9972,0.9972,,open,single,grant_williams,2026-08-21,0
2026-08-21,professional,HOU_MA_05_2026,house,MA,05,margin_D,pct,1,0,0,0,34.38,34.38,34.38,,open,single,grant_williams,2026-08-21,0
2026-08-21,professional,HOU_MA_05_2026,house,MA,05,win_prob_D,prob,1,0,0,0,0.9999,0.9999,0.9999,,open,single,grant_williams,2026-08-21,0
2026-08-21,professional,HOU_MA_06_2026,house,MA,06,margin_D,pct,1,0,0,0,18.31,18.31,18.31,,open,single,grant_williams,2026-08-21,0
2026-08-21,professional,HOU_MA_06_2026,house,MA,06,win_prob_D,prob,1,0,0,0,0.9947,0.9947,0.9947,,open,single,grant_williams,2026-08-21,0
2026-08-21,professional,HOU_MA_07_2026,house,MA,07,margin_D,pct,1,0,0,0,44.1,44.1,44.1,,open,single,grant_williams,2026-08-21,0
2026-08-21,professional,HOU_MA_07_2026,house,MA,07,win_prob_D,prob,1,0,0,0,1.0,1.0,1.0,,open,single,grant_williams,2026-08-21,0
2026-08-21,professional,HOU_MA_08_2026,house,MA,08,margin_D,pct,1,0,0,0,25.81,25.81,25.81,,open,single,grant_williams,2026-08-21,0
2026-08-21,professional,HOU_MA_08_2026,house,MA,08,win_prob_D,prob,1,0,0,0,0.999,0.999,0.999,,open,single,grant_williams,2026-08-21,0
2026-08-21,professional,HOU_MA_09_2026,house,MA,09,margin_D,pct,1,0,0,0,17.14,17.14,17.14,,open,single,grant_williams,2026-08-21,0
2026-08-21,professional,HOU_MA_09_2026,house,MA,09,win_prob_D,prob,1,0,0,0,0.9909,0.9909,0.9909,,open,single,grant_williams,2026-08-21,0
2026-08-21,professional,HOU_MD_01_2026,house,MD,01,margin_D,pct,1,0,0,0,-4.6,-4.6,-4.6,,open,single,grant_williams,2026-08-21,0
2026-08-21,professional,HOU_MD_01_2026,house,MD,01,win_prob_D,prob,1,0,0,0,0.2292,0.2292,0.2292,,open,single,grant_williams,2026-08-21,0
2026-08-21,professional,HOU_MD_02_2026,house,MD,02,margin_D,pct,1,0,0,0,19.75,19.75,19.75,,open,single,grant_williams,2026-08-21,0
2026-08-21,professional,HOU_MD_02_2026,house,MD,02,win_prob_D,prob,1,0,0,0,0.9951,0.9951,0.9951,,open,single,grant_williams,2026-08-21,0
2026-08-21,professional,HOU_MD_03_2026,house,MD,03,margin_D,pct,1,0,0,0,21.63,21.63,21.63,,open,single,grant_williams,2026-08-21,0
2026-08-21,professional,HOU_MD_03_2026,house,MD,03,win_prob_D,prob,1,0,0,0,0.9969,0.9969,0.9969,,open,single,grant_williams,2026-08-21,0
2026-08-21,professional,HOU_MD_04_2026,house,MD,04,margin_D,pct,1,0,0,0,47.56,47.56,47.56,,open,single,grant_williams,2026-08-21,0
2026-08-21,professional,HOU_MD_04_2026,house,MD,04,win_prob_D,prob,1,0,0,0,1.0,1.0,1.0,,open,single,grant_williams,2026-08-21,0
2026-08-21,professional,HOU_MD_05_2026,house,MD,05,margin_D,pct,1,0,0,0,22.9,22.9,22.9,,open,single,grant_williams,2026-08-21,0
2026-08-21,professional,HOU_MD_05_2026,house,MD,05,win_prob_D,prob,1,0,0,0,0.9977,0.9977,0.9977,,open,single,grant_williams,2026-08-21,0
2026-08-21,professional,HOU_MD_06_2026,house,MD,06,margin_D,pct,1,0,0,0,13.18,13.18,13.18,,open,single,grant_williams,2026-08-21,0
2026-08-21,professional,HOU_MD_06_2026,house,MD,06,win_prob_D,prob,1,0,0,0,0.9781,0.9781,0.9781,,open,single,grant_williams,2026-08-21,0
2026-08-21,professional,HOU_MD_07_2026,house,MD,07,margin_D,pct,1,0,0,0,39.77,39.77,39.77,,open,single,grant_williams,2026-08-21,0
2026-08-21,professional,HOU_MD_07_2026,house,MD,07,win_prob_D,prob,1,0,0,0,0.9999,0.9999,0.9999,,open,single,grant_williams,2026-08-21,0
2026-08-21,professional,HOU_MD_08_2026,house,MD,08,margin_D,pct,1,0,0,0,38.95,38.95,38.95,,open,single,grant_williams,2026-08-21,0
2026-08-21,professional,HOU_MD_08_2026,house,MD,08,win_prob_D,prob,1,0,0,0,0.9999,0.9999,0.9999,,open,single,grant_williams,2026-08-21,0
2026-08-21,professional,HOU_ME_01_2026,house,ME,01,margin_D,pct,1,0,0,0,22.03,22.03,22.03,,open,single,grant_williams,2026-08-21,0
2026-08-21,professional,HOU_ME_01_2026,house,ME,01,win_prob_D,prob,1,0,0,0,0.9979,0.9979,0.9979,,open,single,grant_williams,2026-08-21,0
2026-08-21,professional,HOU_ME_02_2026,house,ME,02,margin_D,pct,1,0,0,0,0.14,0.14,0.14,,open,single,grant_williams,2026-08-21,0
2026-08-21,professional,HOU_ME_02_2026,house,ME,02,win_prob_D,prob,1,0,0,0,0.5111,0.5111,0.5111,,open,single,grant_williams,2026-08-21,0
2026-08-21,professional,HOU_MI_01_2026,house,MI,01,margin_D,pct,1,0,0,0,-7.63,-7.63,-7.63,,open,single,grant_williams,2026-08-21,0
2026-08-21,professional,HOU_MI_01_2026,house,MI,01,win_prob_D,prob,1,0,0,0,0.1175,0.1175,0.1175,,open,single,grant_williams,2026-08-21,0
2026-08-21,professional,HOU_MI_02_2026,house,MI,02,margin_D,pct,1,0,0,0,-11.51,-11.51,-11.51,,open,single,grant_williams,2026-08-21,0
2026-08-21,professional,HOU_MI_02_2026,house,MI,02,win_prob_D,prob,1,0,0,0,0.0421,0.0421,0.0421,,open,single,grant_williams,2026-08-21,0
2026-08-21,professional,HOU_MI_03_2026,house,MI,03,margin_D,pct,1,0,0,0,13.92,13.92,13.92,,open,single,grant_williams,2026-08-21,0
2026-08-21,professional,HOU_MI_03_2026,house,MI,03,win_prob_D,prob,1,0,0,0,0.9816,0.9816,0.9816,,open,single,grant_williams,2026-08-21,0
2026-08-21,professional,HOU_MI_04_2026,house,MI,04,margin_D,pct,1,0,0,0,-0.3,-0.3,-0.3,,open,single,grant_williams,2026-08-21,0
2026-08-21,professional,HOU_MI_04_2026,house,MI,04,win_prob_D,prob,1,0,0,0,0.4751,0.4751,0.4751,,open,single,grant_williams,2026-08-21,0
2026-08-21,professional,HOU_MI_05_2026,house,MI,05,margin_D,pct,1,0,0,0,-9.54,-9.54,-9.54,,open,single,grant_williams,2026-08-21,0
2026-08-21,professional,HOU_MI_05_2026,house,MI,05,win_prob_D,prob,1,0,0,0,0.0711,0.0711,0.0711,,open,single,grant_williams,2026-08-21,0
2026-08-21,professional,HOU_MI_06_2026,house,MI,06,margin_D,pct,1,0,0,0,21.58,21.58,21.58,,open,single,grant_williams,2026-08-21,0
2026-08-21,professional,HOU_MI_06_2026,house,MI,06,win_prob_D,prob,1,0,0,0,0.9978,0.9978,0.9978,,open,single,grant_williams,2026-08-21,0
2026-08-21,professional,HOU_MI_07_2026,house,MI,07,margin_D,pct,1,0,0,0,2.96,2.96,2.96,,open,single,grant_williams,2026-08-21,0
2026-08-21,professional,HOU_MI_07_2026,house,MI,07,win_prob_D,prob,1,0,0,0,0.685,0.685,0.685,,open,single,grant_williams,2026-08-21,0
2026-08-21,professional,HOU_MI_08_2026,house,MI,08,margin_D,pct,1,0,0,0,9.19,9.19,9.19,,open,single,grant_williams,2026-08-21,0
2026-08-21,professional,HOU_MI_08_2026,house,MI,08,win_prob_D,prob,1,0,0,0,0.9256,0.9256,0.9256,,open,single,grant_williams,2026-08-21,0
2026-08-21,professional,HOU_MI_09_2026,house,MI,09,margin_D,pct,1,0,0,0,-12.43,-12.43,-12.43,,open,single,grant_williams,2026-08-21,0
2026-08-21,professional,HOU_MI_09_2026,house,MI,09,win_prob_D,prob,1,0,0,0,0.0306,0.0306,0.0306,,open,single,grant_williams,2026-08-21,0
2026-08-21,professional,HOU_MI_10_2026,house,MI,10,margin_D,pct,1,0,0,0,3.62,3.62,3.62,,open,single,grant_williams,2026-08-21,0
2026-08-21,professional,HOU_MI_10_2026,house,MI,10,win_prob_D,prob,1,0,0,0,0.7171,0.7171,0.7171,,open,single,grant_williams,2026-08-21,0
2026-08-21,professional,HOU_MI_11_2026,house,MI,11,margin_D,pct,1,0,0,0,15.14,15.14,15.14,,open,single,grant_williams,2026-08-21,0
2026-08-21,professional,HOU_MI_11_2026,house,MI,11,win_prob_D,prob,1,0,0,0,0.9878,0.9878,0.9878,,open,single,grant_williams,2026-08-21,0
2026-08-21,professional,HOU_MI_12_2026,house,MI,12,margin_D,pct,1,0,0,0,30.17,30.17,30.17,,open,single,grant_williams,2026-08-21,0
2026-08-21,professional,HOU_MI_12_2026,house,MI,12,win_prob_D,prob,1,0,0,0,0.9996,0.9996,0.9996,,open,single,grant_williams,2026-08-21,0
2026-08-21,professional,HOU_MI_13_2026,house,MI,13,margin_D,pct,1,0,0,0,27.54,27.54,27.54,,open,single,grant_williams,2026-08-21,0
2026-08-21,professional,HOU_MI_13_2026,house,MI,13,win_prob_D,prob,1,0,0,0,0.9996,0.9996,0.9996,,open,single,grant_williams,2026-08-21,0
2026-08-21,professional,HOU_MN_01_2026,house,MN,01,margin_D,pct,1,0,0,0,-2.73,-2.73,-2.73,,open,single,grant_williams,2026-08-21,0
2026-08-21,professional,HOU_MN_01_2026,house,MN,01,win_prob_D,prob,1,0,0,0,0.3302,0.3302,0.3302,,open,single,grant_williams,2026-08-21,0
2026-08-21,professional,HOU_MN_02_2026,house,MN,02,margin_D,pct,1,0,0,0,9.37,9.37,9.37,,open,single,grant_williams,2026-08-21,0
2026-08-21,professional,HOU_MN_02_2026,house,MN,02,win_prob_D,prob,1,0,0,0,0.9322,0.9322,0.9322,,open,single,grant_williams,2026-08-21,0
2026-08-21,professional,HOU_MN_03_2026,house,MN,03,margin_D,pct,1,0,0,0,20.68,20.68,20.68,,open,single,grant_williams,2026-08-21,0
2026-08-21,professional,HOU_MN_03_2026,house,MN,03,win_prob_D,prob,1,0,0,0,0.9972,0.9972,0.9972,,open,single,grant_williams,2026-08-21,0
2026-08-21,professional,HOU_MN_04_2026,house,MN,04,margin_D,pct,1,0,0,0,27.21,27.21,27.21,,open,single,grant_williams,2026-08-21,0
2026-08-21,professional,HOU_MN_04_2026,house,MN,04,win_prob_D,prob,1,0,0,0,0.9994,0.9994,0.9994,,open,single,grant_williams,2026-08-21,0
2026-08-21,professional,HOU_MN_05_2026,house,MN,05,margin_D,pct,1,0,0,0,40.74,40.74,40.74,,open,single,grant_williams,2026-08-21,0
2026-08-21,professional,HOU_MN_05_2026,house,MN,05,win_prob_D,prob,1,0,0,0,0.9999,0.9999,0.9999,,open,single,grant_williams,2026-08-21,0
2026-08-21,professional,HOU_MN_06_2026,house,MN,06,margin_D,pct,1,0,0,0,-6.67,-6.67,-6.67,,open,single,grant_williams,2026-08-21,0
2026-08-21,professional,HOU_MN_06_2026,house,MN,06,win_prob_D,prob,1,0,0,0,0.1493,0.1493,0.1493,,open,single,grant_williams,2026-08-21,0
2026-08-21,professional,HOU_MN_07_2026,house,MN,07,margin_D,pct,1,0,0,0,-14.27,-14.27,-14.27,,open,single,grant_williams,2026-08-21,0
2026-08-21,professional,HOU_MN_07_2026,house,MN,07,win_prob_D,prob,1,0,0,0,0.021,0.021,0.021,,open,single,grant_williams,2026-08-21,0
2026-08-21,professional,HOU_MN_08_2026,house,MN,08,margin_D,pct,1,0,0,0,-3.81,-3.81,-3.81,,open,single,grant_williams,2026-08-21,0
2026-08-21,professional,HOU_MN_08_2026,house,MN,08,win_prob_D,prob,1,0,0,0,0.2707,0.2707,0.2707,,open,single,grant_williams,2026-08-21,0
2026-08-21,professional,HOU_MO_01_2026,house,MO,01,margin_D,pct,1,0,0,0,35.87,35.87,35.87,,open,single,grant_williams,2026-08-21,0
2026-08-21,professional,HOU_MO_01_2026,house,MO,01,win_prob_D,prob,1,0,0,0,0.9998,0.9998,0.9998,,open,single,grant_williams,2026-08-21,0
2026-08-21,professional,HOU_MO_02_2026,house,MO,02,margin_D,pct,1,0,0,0,-4.71,-4.71,-4.71,,open,single,grant_williams,2026-08-21,0
2026-08-21,professional,HOU_MO_02_2026,house,MO,02,win_prob_D,prob,1,0,0,0,0.2251,0.2251,0.2251,,open,single,grant_williams,2026-08-21,0
2026-08-21,professional,HOU_MO_03_2026,house,MO,03,margin_D,pct,1,0,0,0,-8.62,-8.62,-8.62,,open,single,grant_williams,2026-08-21,0
2026-08-21,professional,HOU_MO_03_2026,house,MO,03,win_prob_D,prob,1,0,0,0,0.0894,0.0894,0.0894,,open,single,grant_williams,2026-08-21,0
2026-08-21,professional,HOU_MO_04_2026,house,MO,04,margin_D,pct,1,0,0,0,-8.63,-8.63,-8.63,,open,single,grant_williams,2026-08-21,0
2026-08-21,professional,HOU_MO_04_2026,house,MO,04,win_prob_D,prob,1,0,0,0,0.0898,0.0898,0.0898,,open,single,grant_williams,2026-08-21,0
2026-08-21,professional,HOU_MO_05_2026,house,MO,05,margin_D,pct,1,0,0,0,-0.48,-0.48,-0.48,,open,single,grant_williams,2026-08-21,0
2026-08-21,professional,HOU_MO_05_2026,house,MO,05,win_prob_D,prob,1,0,0,0,0.4642,0.4642,0.4642,,open,single,grant_williams,2026-08-21,0
2026-08-21,professional,HOU_MO_06_2026,house,MO,06,margin_D,pct,1,0,0,0,-7.84,-7.84,-7.84,,open,single,grant_williams,2026-08-21,0
2026-08-21,professional,HOU_MO_06_2026,house,MO,06,win_prob_D,prob,1,0,0,0,0.1102,0.1102,0.1102,,open,single,grant_williams,2026-08-21,0
2026-08-21,professional,HOU_MO_07_2026,house,MO,07,margin_D,pct,1,0,0,0,-19.1,-19.1,-19.1,,open,single,grant_williams,2026-08-21,0
2026-08-21,professional,HOU_MO_07_2026,house,MO,07,win_prob_D,prob,1,0,0,0,0.006,0.006,0.006,,open,single,grant_williams,2026-08-21,0
2026-08-21,professional,HOU_MO_08_2026,house,MO,08,margin_D,pct,1,0,0,0,-24.86,-24.86,-24.86,,open,single,grant_williams,2026-08-21,0
2026-08-21,professional,HOU_MO_08_2026,house,MO,08,win_prob_D,prob,1,0,0,0,0.0013,0.0013,0.0013,,open,single,grant_williams,2026-08-21,0
2026-08-21,professional,HOU_MS_01_2026,house,MS,01,margin_D,pct,1,0,0,0,-16.18,-16.18,-16.18,,open,single,grant_williams,2026-08-21,0
2026-08-21,professional,HOU_MS_01_2026,house,MS,01,win_prob_D,prob,1,0,0,0,0.0085,0.0085,0.0085,,open,single,grant_williams,2026-08-21,0
2026-08-21,professional,HOU_MS_02_2026,house,MS,02,margin_D,pct,1,0,0,0,18.65,18.65,18.65,,open,single,grant_williams,2026-08-21,0
2026-08-21,professional,HOU_MS_02_2026,house,MS,02,win_prob_D,prob,1,0,0,0,0.9941,0.9941,0.9941,,open,single,grant_williams,2026-08-21,0
2026-08-21,professional,HOU_MS_03_2026,house,MS,03,margin_D,pct,1,0,0,0,-12.41,-12.41,-12.41,,open,single,grant_williams,2026-08-21,0
2026-08-21,professional,HOU_MS_03_2026,house,MS,03,win_prob_D,prob,1,0,0,0,0.0341,0.0341,0.0341,,open,single,grant_williams,2026-08-21,0
2026-08-21,professional,HOU_MS_04_2026,house,MS,04,margin_D,pct,1,0,0,0,-19.18,-19.18,-19.18,,open,single,grant_williams,2026-08-21,0
2026-08-21,professional,HOU_MS_04_2026,house,MS,04,win_prob_D,prob,1,0,0,0,0.0054,0.0054,0.0054,,open,single,grant_williams,2026-08-21,0
2026-08-21,professional,HOU_MT_01_2026,house,MT,01,margin_D,pct,1,0,0,0,0.92,0.92,0.92,,open,single,grant_williams,2026-08-21,0
2026-08-21,professional,HOU_MT_01_2026,house,MT,01,win_prob_D,prob,1,0,0,0,0.5521,0.5521,0.5521,,open,single,grant_williams,2026-08-21,0
2026-08-21,professional,HOU_MT_02_2026,house,MT,02,margin_D,pct,1,0,0,0,-12.27,-12.27,-12.27,,open,single,grant_williams,2026-08-21,0
2026-08-21,professional,HOU_MT_02_2026,house,MT,02,win_prob_D,prob,1,0,0,0,0.0343,0.0343,0.0343,,open,single,grant_williams,2026-08-21,0
2026-08-21,professional,HOU_NC_01_2026,house,NC,01,margin_D,pct,1,0,0,0,2.62,2.62,2.62,,open,single,grant_williams,2026-08-21,0
2026-08-21,professional,HOU_NC_01_2026,house,NC,01,win_prob_D,prob,1,0,0,0,0.7299,0.7299,0.7299,,open,single,grant_williams,2026-08-21,0
2026-08-21,professional,HOU_NC_02_2026,house,NC,02,margin_D,pct,1,0,0,0,25.12,25.12,25.12,,open,single,grant_williams,2026-08-21,0
2026-08-21,professional,HOU_NC_02_2026,house,NC,02,win_prob_D,prob,1,0,0,0,0.9991,0.9991,0.9991,,open,single,grant_williams,2026-08-21,0
2026-08-21,professional,HOU_NC_03_2026,house,NC,03,margin_D,pct,1,0,0,0,-4.06,-4.06,-4.06,,open,single,grant_williams,2026-08-21,0
2026-08-21,professional,HOU_NC_03_2026,house,NC,03,win_prob_D,prob,1,0,0,0,0.2538,0.2538,0.2538,,open,single,grant_williams,2026-08-21,0
2026-08-21,professional,HOU_NC_04_2026,house,NC,04,margin_D,pct,1,0,0,0,30.84,30.84,30.84,,open,single,grant_williams,2026-08-21,0
2026-08-21,professional,HOU_NC_04_2026,house,NC,04,win_prob_D,prob,1,0,0,0,0.9996,0.9996,0.9996,,open,single,grant_williams,2026-08-21,0
2026-08-21,professional,HOU_NC_05_2026,house,NC,05,margin_D,pct,1,0,0,0,-6.87,-6.87,-6.87,,open,single,grant_williams,2026-08-21,0
2026-08-21,professional,HOU_NC_05_2026,house,NC,05,win_prob_D,prob,1,0,0,0,0.1384,0.1384,0.1384,,open,single,grant_williams,2026-08-21,0
2026-08-21,professional,HOU_NC_06_2026,house,NC,06,margin_D,pct,1,0,0,0,-6.93,-6.93,-6.93,,open,single,grant_williams,2026-08-21,0
2026-08-21,professional,HOU_NC_06_2026,house,NC,06,win_prob_D,prob,1,0,0,0,0.1349,0.1349,0.1349,,open,single,grant_williams,2026-08-21,0
2026-08-21,professional,HOU_NC_07_2026,house,NC,07,margin_D,pct,1,0,0,0,-4.97,-4.97,-4.97,,open,single,grant_williams,2026-08-21,0
2026-08-21,professional,HOU_NC_07_2026,house,NC,07,win_prob_D,prob,1,0,0,0,0.2116,0.2116,0.2116,,open,single,grant_williams,2026-08-21,0
2026-08-21,professional,HOU_NC_08_2026,house,NC,08,margin_D,pct,1,0,0,0,-7.9,-7.9,-7.9,,open,single,grant_williams,2026-08-21,0
2026-08-21,professional,HOU_NC_08_2026,house,NC,08,win_prob_D,prob,1,0,0,0,0.1065,0.1065,0.1065,,open,single,grant_williams,2026-08-21,0
2026-08-21,professional,HOU_NC_09_2026,house,NC,09,margin_D,pct,1,0,0,0,-5.97,-5.97,-5.97,,open,single,grant_williams,2026-08-21,0
2026-08-21,professional,HOU_NC_09_2026,house,NC,09,win_prob_D,prob,1,0,0,0,0.1741,0.1741,0.1741,,open,single,grant_williams,2026-08-21,0
2026-08-21,professional,HOU_NC_10_2026,house,NC,10,margin_D,pct,1,0,0,0,-6.91,-6.91,-6.91,,open,single,grant_williams,2026-08-21,0
2026-08-21,professional,HOU_NC_10_2026,house,NC,10,win_prob_D,prob,1,0,0,0,0.1397,0.1397,0.1397,,open,single,grant_williams,2026-08-21,0
2026-08-21,professional,HOU_NC_11_2026,house,NC,11,margin_D,pct,1,0,0,0,0.45,0.45,0.45,,open,single,grant_williams,2026-08-21,0
2026-08-21,professional,HOU_NC_11_2026,house,NC,11,win_prob_D,prob,1,0,0,0,0.5286,0.5286,0.5286,,open,single,grant_williams,2026-08-21,0
2026-08-21,professional,HOU_NC_12_2026,house,NC,12,margin_D,pct,1,0,0,0,31.93,31.93,31.93,,open,single,grant_williams,2026-08-21,0
2026-08-21,professional,HOU_NC_12_2026,house,NC,12,win_prob_D,prob,1,0,0,0,0.9997,0.9997,0.9997,,open,single,grant_williams,2026-08-21,0
2026-08-21,professional,HOU_NC_13_2026,house,NC,13,margin_D,pct,1,0,0,0,-5.93,-5.93,-5.93,,open,single,grant_williams,2026-08-21,0
2026-08-21,professional,HOU_NC_13_2026,house,NC,13,win_prob_D,prob,1,0,0,0,0.1734,0.1734,0.1734,,open,single,grant_williams,2026-08-21,0
2026-08-21,professional,HOU_NC_14_2026,house,NC,14,margin_D,pct,1,0,0,0,-5.95,-5.95,-5.95,,open,single,grant_williams,2026-08-21,0
2026-08-21,professional,HOU_NC_14_2026,house,NC,14,win_prob_D,prob,1,0,0,0,0.1715,0.1715,0.1715,,open,single,grant_williams,2026-08-21,0
2026-08-21,professional,HOU_ND_01_2026,house,ND,01,margin_D,pct,1,0,0,0,-14.43,-14.43,-14.43,,open,single,grant_williams,2026-08-21,0
2026-08-21,professional,HOU_ND_01_2026,house,ND,01,win_prob_D,prob,1,0,0,0,0.0195,0.0195,0.0195,,open,single,grant_williams,2026-08-21,0
2026-08-21,professional,HOU_NE_01_2026,house,NE,01,margin_D,pct,1,0,0,0,-2.85,-2.85,-2.85,,open,single,grant_williams,2026-08-21,0
2026-08-21,professional,HOU_NE_01_2026,house,NE,01,win_prob_D,prob,1,0,0,0,0.329,0.329,0.329,,open,single,grant_williams,2026-08-21,0
2026-08-21,professional,HOU_NE_02_2026,house,NE,02,margin_D,pct,1,0,0,0,9.26,9.26,9.26,,open,single,grant_williams,2026-08-21,0
2026-08-21,professional,HOU_NE_02_2026,house,NE,02,win_prob_D,prob,1,0,0,0,0.9255,0.9255,0.9255,,open,single,grant_williams,2026-08-21,0
2026-08-21,professional,HOU_NE_03_2026,house,NE,03,margin_D,pct,1,0,0,0,-23.01,-23.01,-23.01,,open,single,grant_williams,2026-08-21,0
2026-08-21,professional,HOU_NE_03_2026,house,NE,03,win_prob_D,prob,1,0,0,0,0.0021,0.0021,0.0021,,open,single,grant_williams,2026-08-21,0
2026-08-21,professional,HOU_NH_01_2026,house,NH,01,margin_D,pct,1,0,0,0,9.83,9.83,9.83,,open,single,grant_williams,2026-08-21,0
2026-08-21,professional,HOU_NH_01_2026,house,NH,01,win_prob_D,prob,1,0,0,0,0.9383,0.9383,0.9383,,open,single,grant_williams,2026-08-21,0
2026-08-21,professional,HOU_NH_02_2026,house,NH,02,margin_D,pct,1,0,0,0,15.27,15.27,15.27,,open,single,grant_williams,2026-08-21,0
2026-08-21,professional,HOU_NH_02_2026,house,NH,02,win_prob_D,prob,1,0,0,0,0.9978,0.9978,0.9978,,open,single,grant_williams,2026-08-21,0
2026-08-21,professional,HOU_NJ_01_2026,house,NJ,01,margin_D,pct,1,0,0,0,19.82,19.82,19.82,,open,single,grant_williams,2026-08-21,0
2026-08-21,professional,HOU_NJ_01_2026,house,NJ,01,win_prob_D,prob,1,0,0,0,0.9962,0.9962,0.9962,,open,single,grant_williams,2026-08-21,0
2026-08-21,professional,HOU_NJ_02_2026,house,NJ,02,margin_D,pct,1,0,0,0,-1.61,-1.61,-1.61,,open,single,grant_williams,2026-08-21,0
2026-08-21,professional,HOU_NJ_02_2026,house,NJ,02,win_prob_D,prob,1,0,0,0,0.3858,0.3858,0.3858,,open,single,grant_williams,2026-08-21,0
2026-08-21,professional,HOU_NJ_03_2026,house,NJ,03,margin_D,pct,1,0,0,0,15.12,15.12,15.12,,open,single,grant_williams,2026-08-21,0
2026-08-21,professional,HOU_NJ_03_2026,house,NJ,03,win_prob_D,prob,1,0,0,0,0.9864,0.9864,0.9864,,open,single,grant_williams,2026-08-21,0
2026-08-21,professional,HOU_NJ_04_2026,house,NJ,04,margin_D,pct,1,0,0,0,-10.39,-10.39,-10.39,,open,single,grant_williams,2026-08-21,0
2026-08-21,professional,HOU_NJ_04_2026,house,NJ,04,win_prob_D,prob,1,0,0,0,0.0564,0.0564,0.0564,,open,single,grant_williams,2026-08-21,0
2026-08-21,professional,HOU_NJ_05_2026,house,NJ,05,margin_D,pct,1,0,0,0,12.13,12.13,12.13,,open,single,grant_williams,2026-08-21,0
2026-08-21,professional,HOU_NJ_05_2026,house,NJ,05,win_prob_D,prob,1,0,0,0,0.9688,0.9688,0.9688,,open,single,grant_williams,2026-08-21,0
2026-08-21,professional,HOU_NJ_06_2026,house,NJ,06,margin_D,pct,1,0,0,0,15.08,15.08,15.08,,open,single,grant_williams,2026-08-21,0
2026-08-21,professional,HOU_NJ_06_2026,house,NJ,06,win_prob_D,prob,1,0,0,0,0.9872,0.9872,0.9872,,open,single,grant_williams,2026-08-21,0
2026-08-21,professional,HOU_NJ_07_2026,house,NJ,07,margin_D,pct,1,0,0,0,2.99,2.99,2.99,,open,single,grant_williams,2026-08-21,0
2026-08-21,professional,HOU_NJ_07_2026,house,NJ,07,win_prob_D,prob,1,0,0,0,0.6856,0.6856,0.6856,,open,single,grant_williams,2026-08-21,0
2026-08-21,professional,HOU_NJ_08_2026,house,NJ,08,margin_D,pct,1,0,0,0,24.51,24.51,24.51,,open,single,grant_williams,2026-08-21,0
2026-08-21,professional,HOU_NJ_08_2026,house,NJ,08,win_prob_D,prob,1,0,0,0,0.9979,0.9979,0.9979,,open,single,grant_williams,2026-08-21,0
2026-08-21,professional,HOU_NJ_09_2026,house,NJ,09,margin_D,pct,1,0,0,0,12.14,12.14,12.14,,open,single,grant_williams,2026-08-21,0
2026-08-21,professional,HOU_NJ_09_2026,house,NJ,09,win_prob_D,prob,1,0,0,0,0.9699,0.9699,0.9699,,open,single,grant_williams,2026-08-21,0
2026-08-21,professional,HOU_NJ_10_2026,house,NJ,10,margin_D,pct,1,0,0,0,36.09,36.09,36.09,,open,single,grant_williams,2026-08-21,0
2026-08-21,professional,HOU_NJ_10_2026,house,NJ,10,win_prob_D,prob,1,0,0,0,0.9998,0.9998,0.9998,,open,single,grant_williams,2026-08-21,0
2026-08-21,professional,HOU_NJ_11_2026,house,NJ,11,margin_D,pct,1,0,0,0,14.96,14.96,14.96,,open,single,grant_williams,2026-08-21,0
2026-08-21,professional,HOU_NJ_11_2026,house,NJ,11,win_prob_D,prob,1,0,0,0,0.9859,0.9859,0.9859,,open,single,grant_williams,2026-08-21,0
2026-08-21,professional,HOU_NJ_12_2026,house,NJ,12,margin_D,pct,1,0,0,0,19.1,19.1,19.1,,open,single,grant_williams,2026-08-21,0
2026-08-21,professional,HOU_NJ_12_2026,house,NJ,12,win_prob_D,prob,1,0,0,0,0.9958,0.9958,0.9958,,open,single,grant_williams,2026-08-21,0
2026-08-21,professional,HOU_NM_01_2026,house,NM,01,margin_D,pct,1,0,0,0,18.78,18.78,18.78,,open,single,grant_williams,2026-08-21,0
2026-08-21,professional,HOU_NM_01_2026,house,NM,01,win_prob_D,prob,1,0,0,0,0.9956,0.9956,0.9956,,open,single,grant_williams,2026-08-21,0
2026-08-21,professional,HOU_NM_02_2026,house,NM,02,margin_D,pct,1,0,0,0,12.04,12.04,12.04,,open,single,grant_williams,2026-08-21,0
2026-08-21,professional,HOU_NM_02_2026,house,NM,02,win_prob_D,prob,1,0,0,0,0.97,0.97,0.97,,open,single,grant_williams,2026-08-21,0
2026-08-21,professional,HOU_NM_03_2026,house,NM,03,margin_D,pct,1,0,0,0,15.0,15.0,15.0,,open,single,grant_williams,2026-08-21,0
2026-08-21,professional,HOU_NM_03_2026,house,NM,03,win_prob_D,prob,1,0,0,0,0.9848,0.9848,0.9848,,open,single,grant_williams,2026-08-21,0
2026-08-21,professional,HOU_NV_01_2026,house,NV,01,margin_D,pct,1,0,0,0,14.01,14.01,14.01,,open,single,grant_williams,2026-08-21,0
2026-08-21,professional,HOU_NV_01_2026,house,NV,01,win_prob_D,prob,1,0,0,0,0.9849,0.9849,0.9849,,open,single,grant_williams,2026-08-21,0
2026-08-21,professional,HOU_NV_02_2026,house,NV,02,margin_D,pct,1,0,0,0,1.89,1.89,1.89,,open,single,grant_williams,2026-08-21,0
2026-08-21,professional,HOU_NV_02_2026,house,NV,02,win_prob_D,prob,1,0,0,0,0.6177,0.6177,0.6177,,open,single,grant_williams,2026-08-21,0
2026-08-21,professional,HOU_NV_03_2026,house,NV,03,margin_D,pct,1,0,0,0,13.04,13.04,13.04,,open,single,grant_williams,2026-08-21,0
2026-08-21,professional,HOU_NV_03_2026,house,NV,03,win_prob_D,prob,1,0,0,0,0.9754,0.9754,0.9754,,open,single,grant_williams,2026-08-21,0
2026-08-21,professional,HOU_NV_04_2026,house,NV,04,margin_D,pct,1,0,0,0,14.0,14.0,14.0,,open,single,grant_williams,2026-08-21,0
2026-08-21,professional,HOU_NV_04_2026,house,NV,04,win_prob_D,prob,1,0,0,0,0.9807,0.9807,0.9807,,open,single,grant_williams,2026-08-21,0
2026-08-21,professional,HOU_NY_01_2026,house,NY,01,margin_D,pct,1,0,0,0,-0.77,-0.77,-0.77,,open,single,grant_williams,2026-08-21,0
2026-08-21,professional,HOU_NY_01_2026,house,NY,01,win_prob_D,prob,1,0,0,0,0.4473,0.4473,0.4473,,open,single,grant_williams,2026-08-21,0
2026-08-21,professional,HOU_NY_02_2026,house,NY,02,margin_D,pct,1,0,0,0,-2.69,-2.69,-2.69,,open,single,grant_williams,2026-08-21,0
2026-08-21,professional,HOU_NY_02_2026,house,NY,02,win_prob_D,prob,1,0,0,0,0.3352,0.3352,0.3352,,open,single,grant_williams,2026-08-21,0
2026-08-21,professional,HOU_NY_03_2026,house,NY,03,margin_D,pct,1,0,0,0,10.25,10.25,10.25,,open,single,grant_williams,2026-08-21,0
2026-08-21,professional,HOU_NY_03_2026,house,NY,03,win_prob_D,prob,1,0,0,0,0.9444,0.9444,0.9444,,open,single,grant_williams,2026-08-21,0
2026-08-21,professional,HOU_NY_04_2026,house,NY,04,margin_D,pct,1,0,0,0,12.09,12.09,12.09,,open,single,grant_williams,2026-08-21,0
2026-08-21,professional,HOU_NY_04_2026,house,NY,04,win_prob_D,prob,1,0,0,0,0.9648,0.9648,0.9648,,open,single,grant_williams,2026-08-21,0
2026-08-21,professional,HOU_NY_05_2026,house,NY,05,margin_D,pct,1,0,0,0,33.32,33.32,33.32,,open,single,grant_williams,2026-08-21,0
2026-08-21,professional,HOU_NY_05_2026,house,NY,05,win_prob_D,prob,1,0,0,0,0.9996,0.9996,0.9996,,open,single,grant_williams,2026-08-21,0
2026-08-21,professional,HOU_NY_06_2026,house,NY,06,margin_D,pct,1,0,0,0,15.93,15.93,15.93,,open,single,grant_williams,2026-08-21,0
2026-08-21,professional,HOU_NY_06_2026,house,NY,06,win_prob_D,prob,1,0,0,0,0.9885,0.9885,0.9885,,open,single,grant_williams,2026-08-21,0
2026-08-21,professional,HOU_NY_07_2026,house,NY,07,margin_D,pct,1,0,0,0,30.72,30.72,30.72,,open,single,grant_williams,2026-08-21,0
2026-08-21,professional,HOU_NY_07_2026,house,NY,07,win_prob_D,prob,1,0,0,0,0.9995,0.9995,0.9995,,open,single,grant_williams,2026-08-21,0
2026-08-21,professional,HOU_NY_08_2026,house,NY,08,margin_D,pct,1,0,0,0,33.1,33.1,33.1,,open,single,grant_williams,2026-08-21,0
2026-08-21,professional,HOU_NY_08_2026,house,NY,08,win_prob_D,prob,1,0,0,0,0.9999,0.9999,0.9999,,open,single,grant_williams,2026-08-21,0
2026-08-21,professional,HOU_NY_09_2026,house,NY,09,margin_D,pct,1,0,0,0,31.31,31.31,31.31,,open,single,grant_williams,2026-08-21,0
2026-08-21,professional,HOU_NY_09_2026,house,NY,09,win_prob_D,prob,1,0,0,0,0.9996,0.9996,0.9996,,open,single,grant_williams,2026-08-21,0
2026-08-21,professional,HOU_NY_10_2026,house,NY,10,margin_D,pct,1,0,0,0,37.3,37.3,37.3,,open,single,grant_williams,2026-08-21,0
2026-08-21,professional,HOU_NY_10_2026,house,NY,10,win_prob_D,prob,1,0,0,0,0.9996,0.9996,0.9996,,open,single,grant_williams,2026-08-21,0
2026-08-21,professional,HOU_NY_11_2026,house,NY,11,margin_D,pct,1,0,0,0,-6.51,-6.51,-6.51,,open,single,grant_williams,2026-08-21,0
2026-08-21,professional,HOU_NY_11_2026,house,NY,11,win_prob_D,prob,1,0,0,0,0.158,0.158,0.158,,open,single,grant_williams,2026-08-21,0
2026-08-21,professional,HOU_NY_12_2026,house,NY,12,margin_D,pct,1,0,0,0,38.29,38.29,38.29,,open,single,grant_williams,2026-08-21,0
2026-08-21,professional,HOU_NY_12_2026,house,NY,12,win_prob_D,prob,1,0,0,0,1.0,1.0,1.0,,open,single,grant_williams,2026-08-21,0
2026-08-21,professional,HOU_NY_13_2026,house,NY,13,margin_D,pct,1,0,0,0,37.37,37.37,37.37,,open,single,grant_williams,2026-08-21,0
2026-08-21,professional,HOU_NY_13_2026,house,NY,13,win_prob_D,prob,1,0,0,0,0.9999,0.9999,0.9999,,open,single,grant_williams,2026-08-21,0
2026-08-21,professional,HOU_NY_14_2026,house,NY,14,margin_D,pct,1,0,0,0,28.45,28.45,28.45,,open,single,grant_williams,2026-08-21,0
2026-08-21,professional,HOU_NY_14_2026,house,NY,14,win_prob_D,prob,1,0,0,0,0.9993,0.9993,0.9993,,open,single,grant_williams,2026-08-21,0
2026-08-21,professional,HOU_NY_15_2026,house,NY,15,margin_D,pct,1,0,0,0,36.06,36.06,36.06,,open,single,grant_williams,2026-08-21,0
2026-08-21,professional,HOU_NY_15_2026,house,NY,15,win_prob_D,prob,1,0,0,0,0.9999,0.9999,0.9999,,open,single,grant_williams,2026-08-21,0
2026-08-21,professional,HOU_NY_16_2026,house,NY,16,margin_D,pct,1,0,0,0,27.56,27.56,27.56,,open,single,grant_williams,2026-08-21,0
2026-08-21,professional,HOU_NY_16_2026,house,NY,16,win_prob_D,prob,1,0,0,0,0.9996,0.9996,0.9996,,open,single,grant_williams,2026-08-21,0
2026-08-21,professional,HOU_NY_17_2026,house,NY,17,margin_D,pct,1,0,0,0,4.02,4.02,4.02,,open,single,grant_williams,2026-08-21,0
2026-08-21,professional,HOU_NY_17_2026,house,NY,17,win_prob_D,prob,1,0,0,0,0.7385,0.7385,0.7385,,open,single,grant_williams,2026-08-21,0
2026-08-21,professional,HOU_NY_18_2026,house,NY,18,margin_D,pct,1,0,0,0,12.21,12.21,12.21,,open,single,grant_williams,2026-08-21,0
2026-08-21,professional,HOU_NY_18_2026,house,NY,18,win_prob_D,prob,1,0,0,0,0.9683,0.9683,0.9683,,open,single,grant_williams,2026-08-21,0
2026-08-21,professional,HOU_NY_19_2026,house,NY,19,margin_D,pct,1,0,0,0,11.2,11.2,11.2,,open,single,grant_williams,2026-08-21,0
2026-08-21,professional,HOU_NY_19_2026,house,NY,19,win_prob_D,prob,1,0,0,0,0.958,0.958,0.958,,open,single,grant_williams,2026-08-21,0
2026-08-21,professional,HOU_NY_20_2026,house,NY,20,margin_D,pct,1,0,0,0,17.98,17.98,17.98,,open,single,grant_williams,2026-08-21,0
2026-08-21,professional,HOU_NY_20_2026,house,NY,20,win_prob_D,prob,1,0,0,0,0.9948,0.9948,0.9948,,open,single,grant_williams,2026-08-21,0
2026-08-21,professional,HOU_NY_21_2026,house,NY,21,margin_D,pct,1,0,0,0,-3.7,-3.7,-3.7,,open,single,grant_williams,2026-08-21,0
2026-08-21,professional,HOU_NY_21_2026,house,NY,21,win_prob_D,prob,1,0,0,0,0.1894,0.1894,0.1894,,open,single,grant_williams,2026-08-21,0
2026-08-21,professional,HOU_NY_22_2026,house,NY,22,margin_D,pct,1,0,0,0,14.06,14.06,14.06,,open,single,grant_williams,2026-08-21,0
2026-08-21,professional,HOU_NY_22_2026,house,NY,22,win_prob_D,prob,1,0,0,0,0.9819,0.9819,0.9819,,open,single,grant_williams,2026-08-21,0
2026-08-21,professional,HOU_NY_23_2026,house,NY,23,margin_D,pct,1,0,0,0,-6.58,-6.58,-6.58,,open,single,grant_williams,2026-08-21,0
2026-08-21,professional,HOU_NY_23_2026,house,NY,23,win_prob_D,prob,1,0,0,0,0.1502,0.1502,0.1502,,open,single,grant_williams,2026-08-21,0
2026-08-21,professional,HOU_NY_24_2026,house,NY,24,margin_D,pct,1,0,0,0,-7.43,-7.43,-7.43,,open,single,grant_williams,2026-08-21,0
2026-08-21,professional,HOU_NY_24_2026,house,NY,24,win_prob_D,prob,1,0,0,0,0.1217,0.1217,0.1217,,open,single,grant_williams,2026-08-21,0
2026-08-21,professional,HOU_NY_25_2026,house,NY,25,margin_D,pct,1,0,0,0,19.69,19.69,19.69,,open,single,grant_williams,2026-08-21,0
2026-08-21,professional,HOU_NY_25_2026,house,NY,25,win_prob_D,prob,1,0,0,0,0.9954,0.9954,0.9954,,open,single,grant_williams,2026-08-21,0
2026-08-21,professional,HOU_NY_26_2026,house,NY,26,margin_D,pct,1,0,0,0,20.77,20.77,20.77,,open,single,grant_williams,2026-08-21,0
2026-08-21,professional,HOU_NY_26_2026,house,NY,26,win_prob_D,prob,1,0,0,0,0.9964,0.9964,0.9964,,open,single,grant_williams,2026-08-21,0
2026-08-21,professional,HOU_OH_01_2026,house,OH,01,margin_D,pct,1,0,0,0,9.05,9.05,9.05,,open,single,grant_williams,2026-08-21,0
2026-08-21,professional,HOU_OH_01_2026,house,OH,01,win_prob_D,prob,1,0,0,0,0.9244,0.9244,0.9244,,open,single,grant_williams,2026-08-21,0
2026-08-21,professional,HOU_OH_02_2026,house,OH,02,margin_D,pct,1,0,0,0,-17.25,-17.25,-17.25,,open,single,grant_williams,2026-08-21,0
2026-08-21,professional,HOU_OH_02_2026,house,OH,02,win_prob_D,prob,1,0,0,0,0.0076,0.0076,0.0076,,open,single,grant_williams,2026-08-21,0
2026-08-21,professional,HOU_OH_03_2026,house,OH,03,margin_D,pct,1,0,0,0,30.19,30.19,30.19,,open,single,grant_williams,2026-08-21,0
2026-08-21,professional,HOU_OH_03_2026,house,OH,03,win_prob_D,prob,1,0,0,0,0.9993,0.9993,0.9993,,open,single,grant_williams,2026-08-21,0
2026-08-21,professional,HOU_OH_04_2026,house,OH,04,margin_D,pct,1,0,0,0,-17.15,-17.15,-17.15,,open,single,grant_williams,2026-08-21,0
2026-08-21,professional,HOU_OH_04_2026,house,OH,04,win_prob_D,prob,1,0,0,0,0.0095,0.0095,0.0095,,open,single,grant_williams,2026-08-21,0
2026-08-21,professional,HOU_OH_05_2026,house,OH,05,margin_D,pct,1,0,0,0,-8.58,-8.58,-8.58,,open,single,grant_williams,2026-08-21,0
2026-08-21,professional,HOU_OH_05_2026,house,OH,05,win_prob_D,prob,1,0,0,0,0.0973,0.0973,0.0973,,open,single,grant_williams,2026-08-21,0
2026-08-21,professional,HOU_OH_06_2026,house,OH,06,margin_D,pct,1,0,0,0,-13.3,-13.3,-13.3,,open,single,grant_williams,2026-08-21,0
2026-08-21,professional,HOU_OH_06_2026,house,OH,06,win_prob_D,prob,1,0,0,0,0.0295,0.0295,0.0295,,open,single,grant_williams,2026-08-21,0
2026-08-21,professional,HOU_OH_07_2026,house,OH,07,margin_D,pct,1,0,0,0,1.83,1.83,1.83,,open,single,grant_williams,2026-08-21,0
2026-08-21,professional,HOU_OH_07_2026,house,OH,07,win_prob_D,prob,1,0,0,0,0.6659,0.6659,0.6659,,open,single,grant_williams,2026-08-21,0
2026-08-21,professional,HOU_OH_08_2026,house,OH,08,margin_D,pct,1,0,0,0,-4.71,-4.71,-4.71,,open,single,grant_williams,2026-08-21,0
2026-08-21,professional,HOU_OH_08_2026,house,OH,08,win_prob_D,prob,1,0,0,0,0.2248,0.2248,0.2248,,open,single,grant_williams,2026-08-21,0
2026-08-21,professional,HOU_OH_09_2026,house,OH,09,margin_D,pct,1,0,0,0,5.14,5.14,5.14,,open,single,grant_williams,2026-08-21,0
2026-08-21,professional,HOU_OH_09_2026,house,OH,09,win_prob_D,prob,1,0,0,0,0.7933,0.7933,0.7933,,open,single,grant_williams,2026-08-21,0
2026-08-21,professional,HOU_OH_10_2026,house,OH,10,margin_D,pct,1,0,0,0,-0.86,-0.86,-0.86,,open,single,grant_williams,2026-08-21,0
2026-08-21,professional,HOU_OH_10_2026,house,OH,10,win_prob_D,prob,1,0,0,0,0.4418,0.4418,0.4418,,open,single,grant_williams,2026-08-21,0
2026-08-21,professional,HOU_OH_11_2026,house,OH,11,margin_D,pct,1,0,0,0,36.91,36.91,36.91,,open,single,grant_williams,2026-08-21,0
2026-08-21,professional,HOU_OH_11_2026,house,OH,11,win_prob_D,prob,1,0,0,0,0.9999,0.9999,0.9999,,open,single,grant_williams,2026-08-21,0
2026-08-21,professional,HOU_OH_12_2026,house,OH,12,margin_D,pct,1,0,0,0,-11.46,-11.46,-11.46,,open,single,grant_williams,2026-08-21,0
2026-08-21,professional,HOU_OH_12_2026,house,OH,12,win_prob_D,prob,1,0,0,0,0.0432,0.0432,0.0432,,open,single,grant_williams,2026-08-21,0
2026-08-21,professional,HOU_OH_13_2026,house,OH,13,margin_D,pct,1,0,0,0,11.97,11.97,11.97,,open,single,grant_williams,2026-08-21,0
2026-08-21,professional,HOU_OH_13_2026,house,OH,13,win_prob_D,prob,1,0,0,0,0.9658,0.9658,0.9658,,open,single,grant_williams,2026-08-21,0
2026-08-21,professional,HOU_OH_14_2026,house,OH,14,margin_D,pct,1,0,0,0,-6.6,-6.6,-6.6,,open,single,grant_williams,2026-08-21,0
2026-08-21,professional,HOU_OH_14_2026,house,OH,14,win_prob_D,prob,1,0,0,0,0.1484,0.1484,0.1484,,open,single,grant_williams,2026-08-21,0
2026-08-21,professional,HOU_OH_15_2026,house,OH,15,margin_D,pct,1,0,0,0,-1.78,-1.78,-1.78,,open,single,grant_williams,2026-08-21,0
2026-08-21,professional,HOU_OH_15_2026,house,OH,15,win_prob_D,prob,1,0,0,0,0.3775,0.3775,0.3775,,open,single,grant_williams,2026-08-21,0
2026-08-21,professional,HOU_OK_01_2026,house,OK,01,margin_D,pct,1,0,0,0,-4.8,-4.8,-4.8,,open,single,grant_williams,2026-08-21,0
2026-08-21,professional,HOU_OK_01_2026,house,OK,01,win_prob_D,prob,1,0,0,0,0.2205,0.2205,0.2205,,open,single,grant_williams,2026-08-21,0
2026-08-21,professional,HOU_OK_02_2026,house,OK,02,margin_D,pct,1,0,0,0,-24.5,-24.5,-24.5,,open,single,grant_williams,2026-08-21,0
2026-08-21,professional,HOU_OK_02_2026,house,OK,02,win_prob_D,prob,1,0,0,0,0.0022,0.0022,0.0022,,open,single,grant_williams,2026-08-21,0
2026-08-21,professional,HOU_OK_03_2026,house,OK,03,margin_D,pct,1,0,0,0,-19.86,-19.86,-19.86,,open,single,grant_williams,2026-08-21,0
2026-08-21,professional,HOU_OK_03_2026,house,OK,03,win_prob_D,prob,1,0,0,0,0.0043,0.0043,0.0043,,open,single,grant_williams,2026-08-21,0
2026-08-21,professional,HOU_OK_04_2026,house,OK,04,margin_D,pct,1,0,0,0,-14.05,-14.05,-14.05,,open,single,grant_williams,2026-08-21,0
2026-08-21,professional,HOU_OK_04_2026,house,OK,04,win_prob_D,prob,1,0,0,0,0.021,0.021,0.021,,open,single,grant_williams,2026-08-21,0
2026-08-21,professional,HOU_OK_05_2026,house,OK,05,margin_D,pct,1,0,0,0,-6.29,-6.29,-6.29,,open,single,grant_williams,2026-08-21,0
2026-08-21,professional,HOU_OK_05_2026,house,OK,05,win_prob_D,prob,1,0,0,0,0.161,0.161,0.161,,open,single,grant_williams,2026-08-21,0
2026-08-21,professional,HOU_OR_01_2026,house,OR,01,margin_D,pct,1,0,0,0,26.31,26.31,26.31,,open,single,grant_williams,2026-08-21,0
2026-08-21,professional,HOU_OR_01_2026,house,OR,01,win_prob_D,prob,1,0,0,0,0.9993,0.9993,0.9993,,open,single,grant_williams,2026-08-21,0
2026-08-21,professional,HOU_OR_02_2026,house,OR,02,margin_D,pct,1,0,0,0,-13.51,-13.51,-13.51,,open,single,grant_williams,2026-08-21,0
2026-08-21,professional,HOU_OR_02_2026,house,OR,02,win_prob_D,prob,1,0,0,0,0.0231,0.0231,0.0231,,open,single,grant_williams,2026-08-21,0
2026-08-21,professional,HOU_OR_03_2026,house,OR,03,margin_D,pct,1,0,0,0,30.07,30.07,30.07,,open,single,grant_williams,2026-08-21,0
2026-08-21,professional,HOU_OR_03_2026,house,OR,03,win_prob_D,prob,1,0,0,0,0.9999,0.9999,0.9999,,open,single,grant_williams,2026-08-21,0
2026-08-21,professional,HOU_OR_04_2026,house,OR,04,margin_D,pct,1,0,0,0,12.84,12.84,12.84,,open,single,grant_williams,2026-08-21,0
2026-08-21,professional,HOU_OR_04_2026,house,OR,04,win_prob_D,prob,1,0,0,0,0.9736,0.9736,0.9736,,open,single,grant_williams,2026-08-21,0
2026-08-21,professional,HOU_OR_05_2026,house,OR,05,margin_D,pct,1,0,0,0,10.89,10.89,10.89,,open,single,grant_williams,2026-08-21,0
2026-08-21,professional,HOU_OR_05_2026,house,OR,05,win_prob_D,prob,1,0,0,0,0.9552,0.9552,0.9552,,open,single,grant_williams,2026-08-21,0
2026-08-21,professional,HOU_OR_06_2026,house,OR,06,margin_D,pct,1,0,0,0,12.87,12.87,12.87,,open,single,grant_williams,2026-08-21,0
2026-08-21,professional,HOU_OR_06_2026,house,OR,06,win_prob_D,prob,1,0,0,0,0.975,0.975,0.975,,open,single,grant_williams,2026-08-21,0
2026-08-21,professional,HOU_PA_01_2026,house,PA,01,margin_D,pct,1,0,0,0,3.95,3.95,3.95,,open,single,grant_williams,2026-08-21,0
2026-08-21,professional,HOU_PA_01_2026,house,PA,01,win_prob_D,prob,1,0,0,0,0.7337,0.7337,0.7337,,open,single,grant_williams,2026-08-21,0
2026-08-21,professional,HOU_PA_02_2026,house,PA,02,margin_D,pct,1,0,0,0,28.34,28.34,28.34,,open,single,grant_williams,2026-08-21,0
2026-08-21,professional,HOU_PA_02_2026,house,PA,02,win_prob_D,prob,1,0,0,0,0.9992,0.9992,0.9992,,open,single,grant_williams,2026-08-21,0
2026-08-21,professional,HOU_PA_03_2026,house,PA,03,margin_D,pct,1,0,0,0,44.8,44.8,44.8,,open,single,grant_williams,2026-08-21,0
2026-08-21,professional,HOU_PA_03_2026,house,PA,03,win_prob_D,prob,1,0,0,0,0.9999,0.9999,0.9999,,open,single,grant_williams,2026-08-21,0
2026-08-21,professional,HOU_PA_04_2026,house,PA,04,margin_D,pct,1,0,0,0,17.73,17.73,17.73,,open,single,grant_williams,2026-08-21,0
2026-08-21,professional,HOU_PA_04_2026,house,PA,04,win_prob_D,prob,1,0,0,0,0.9946,0.9946,0.9946,,open,single,grant_williams,2026-08-21,0
2026-08-21,professional,HOU_PA_05_2026,house,PA,05,margin_D,pct,1,0,0,0,24.52,24.52,24.52,,open,single,grant_williams,2026-08-21,0
2026-08-21,professional,HOU_PA_05_2026,house,PA,05,win_prob_D,prob,1,0,0,0,0.9983,0.9983,0.9983,,open,single,grant_williams,2026-08-21,0
2026-08-21,professional,HOU_PA_06_2026,house,PA,06,margin_D,pct,1,0,0,0,15.86,15.86,15.86,,open,single,grant_williams,2026-08-21,0
2026-08-21,professional,HOU_PA_06_2026,house,PA,06,win_prob_D,prob,1,0,0,0,0.9891,0.9891,0.9891,,open,single,grant_williams,2026-08-21,0
2026-08-21,professional,HOU_PA_07_2026,house,PA,07,margin_D,pct,1,0,0,0,1.98,1.98,1.98,,open,single,grant_williams,2026-08-21,0
2026-08-21,professional,HOU_PA_07_2026,house,PA,07,win_prob_D,prob,1,0,0,0,0.6214,0.6214,0.6214,,open,single,grant_williams,2026-08-21,0
2026-08-21,professional,HOU_PA_08_2026,house,PA,08,margin_D,pct,1,0,0,0,-0.87,-0.87,-0.87,,open,single,grant_williams,2026-08-21,0
2026-08-21,professional,HOU_PA_08_2026,house,PA,08,win_prob_D,prob,1,0,0,0,0.4421,0.4421,0.4421,,open,single,grant_williams,2026-08-21,0
2026-08-21,professional,HOU_PA_09_2026,house,PA,09,margin_D,pct,1,0,0,0,-15.26,-15.26,-15.26,,open,single,grant_williams,2026-08-21,0
2026-08-21,professional,HOU_PA_09_2026,house,PA,09,win_prob_D,prob,1,0,0,0,0.0151,0.0151,0.0151,,open,single,grant_williams,2026-08-21,0
2026-08-21,professional,HOU_PA_10_2026,house,PA,10,margin_D,pct,1,0,0,0,-0.03,-0.03,-0.03,,open,single,grant_williams,2026-08-21,0
2026-08-21,professional,HOU_PA_10_2026,house,PA,10,win_prob_D,prob,1,0,0,0,0.498,0.498,0.498,,open,single,grant_williams,2026-08-21,0
2026-08-21,professional,HOU_PA_11_2026,house,PA,11,margin_D,pct,1,0,0,0,-7.65,-7.65,-7.65,,open,single,grant_williams,2026-08-21,0
2026-08-21,professional,HOU_PA_11_2026,house,PA,11,win_prob_D,prob,1,0,0,0,0.1118,0.1118,0.1118,,open,single,grant_williams,2026-08-21,0
2026-08-21,professional,HOU_PA_12_2026,house,PA,12,margin_D,pct,1,0,0,0,19.66,19.66,19.66,,open,single,grant_williams,2026-08-21,0
2026-08-21,professional,HOU_PA_12_2026,house,PA,12,win_prob_D,prob,1,0,0,0,0.996,0.996,0.996,,open,single,grant_williams,2026-08-21,0
2026-08-21,professional,HOU_PA_13_2026,house,PA,13,margin_D,pct,1,0,0,0,-19.13,-19.13,-19.13,,open,single,grant_williams,2026-08-21,0
2026-08-21,professional,HOU_PA_13_2026,house,PA,13,win_prob_D,prob,1,0,0,0,0.0062,0.0062,0.0062,,open,single,grant_williams,2026-08-21,0
2026-08-21,professional,HOU_PA_14_2026,house,PA,14,margin_D,pct,1,0,0,0,-13.28,-13.28,-13.28,,open,single,grant_williams,2026-08-21,0
2026-08-21,professional,HOU_PA_14_2026,house,PA,14,win_prob_D,prob,1,0,0,0,0.0277,0.0277,0.0277,,open,single,grant_williams,2026-08-21,0
2026-08-21,professional,HOU_PA_15_2026,house,PA,15,margin_D,pct,1,0,0,0,-15.3,-15.3,-15.3,,open,single,grant_williams,2026-08-21,0
2026-08-21,professional,HOU_PA_15_2026,house,PA,15,win_prob_D,prob,1,0,0,0,0.0144,0.0144,0.0144,,open,single,grant_williams,2026-08-21,0
2026-08-21,professional,HOU_PA_16_2026,house,PA,16,margin_D,pct,1,0,0,0,-7.57,-7.57,-7.57,,open,single,grant_williams,2026-08-21,0
2026-08-21,professional,HOU_PA_16_2026,house,PA,16,win_prob_D,prob,1,0,0,0,0.1218,0.1218,0.1218,,open,single,grant_williams,2026-08-21,0
2026-08-21,professional,HOU_PA_17_2026,house,PA,17,margin_D,pct,1,0,0,0,12.93,12.93,12.93,,open,single,grant_williams,2026-08-21,0
2026-08-21,professional,HOU_PA_17_2026,house,PA,17,win_prob_D,prob,1,0,0,0,0.9746,0.9746,0.9746,,open,single,grant_williams,2026-08-21,0
2026-08-21,professional,HOU_RI_01_2026,house,RI,01,margin_D,pct,1,0,0,0,21.7,21.7,21.7,,open,single,grant_williams,2026-08-21,0
2026-08-21,professional,HOU_RI_01_2026,house,RI,01,win_prob_D,prob,1,0,0,0,0.9972,0.9972,0.9972,,open,single,grant_williams,2026-08-21,0
2026-08-21,professional,HOU_RI_02_2026,house,RI,02,margin_D,pct,1,0,0,0,14.06,14.06,14.06,,open,single,grant_williams,2026-08-21,0
2026-08-21,professional,HOU_RI_02_2026,house,RI,02,win_prob_D,prob,1,0,0,0,0.9827,0.9827,0.9827,,open,single,grant_williams,2026-08-21,0
2026-08-21,professional,HOU_SC_01_2026,house,SC,01,margin_D,pct,1,0,0,0,-1.15,-1.15,-1.15,,open,single,grant_williams,2026-08-21,0
2026-08-21,professional,HOU_SC_01_2026,house,SC,01,win_prob_D,prob,1,0,0,0,0.4214,0.4214,0.4214,,open,single,grant_williams,2026-08-21,0
2026-08-21,professional,HOU_SC_02_2026,house,SC,02,margin_D,pct,1,0,0,0,-5.71,-5.71,-5.71,,open,single,grant_williams,2026-08-21,0
2026-08-21,professional,HOU_SC_02_2026,house,SC,02,win_prob_D,prob,1,0,0,0,0.1867,0.1867,0.1867,,open,single,grant_williams,2026-08-21,0
2026-08-21,professional,HOU_SC_03_2026,house,SC,03,margin_D,pct,1,0,0,0,-19.14,-19.14,-19.14,,open,single,grant_williams,2026-08-21,0
2026-08-21,professional,HOU_SC_03_2026,house,SC,03,win_prob_D,prob,1,0,0,0,0.0038,0.0038,0.0038,,open,single,grant_williams,2026-08-21,0
2026-08-21,professional,HOU_SC_04_2026,house,SC,04,margin_D,pct,1,0,0,0,-9.51,-9.51,-9.51,,open,single,grant_williams,2026-08-21,0
2026-08-21,professional,HOU_SC_04_2026,house,SC,04,win_prob_D,prob,1,0,0,0,0.0765,0.0765,0.0765,,open,single,grant_williams,2026-08-21,0
2026-08-21,professional,HOU_SC_05_2026,house,SC,05,margin_D,pct,1,0,0,0,-5.98,-5.98,-5.98,,open,single,grant_williams,2026-08-21,0
2026-08-21,professional,HOU_SC_05_2026,house,SC,05,win_prob_D,prob,1,0,0,0,0.1697,0.1697,0.1697,,open,single,grant_williams,2026-08-21,0
2026-08-21,professional,HOU_SC_06_2026,house,SC,06,margin_D,pct,1,0,0,0,20.58,20.58,20.58,,open,single,grant_williams,2026-08-21,0
2026-08-21,professional,HOU_SC_06_2026,house,SC,06,win_prob_D,prob,1,0,0,0,0.9969,0.9969,0.9969,,open,single,grant_williams,2026-08-21,0
2026-08-21,professional,HOU_SC_07_2026,house,SC,07,margin_D,pct,1,0,0,0,-10.47,-10.47,-10.47,,open,single,grant_williams,2026-08-21,0
2026-08-21,professional,HOU_SC_07_2026,house,SC,07,win_prob_D,prob,1,0,0,0,0.0521,0.0521,0.0521,,open,single,grant_williams,2026-08-21,0
2026-08-21,professional,HOU_SD_01_2026,house,SD,01,margin_D,pct,1,0,0,0,-7.92,-7.92,-7.92,,open,single,grant_williams,2026-08-21,0
2026-08-21,professional,HOU_SD_01_2026,house,SD,01,win_prob_D,prob,1,0,0,0,0.1138,0.1138,0.1138,,open,single,grant_williams,2026-08-21,0
2026-08-21,professional,HOU_TN_01_2026,house,TN,01,margin_D,pct,1,0,0,0,-26.72,-26.72,-26.72,,open,single,grant_williams,2026-08-21,0
2026-08-21,professional,HOU_TN_01_2026,house,TN,01,win_prob_D,prob,1,0,0,0,0.0018,0.0018,0.0018,,open,single,grant_williams,2026-08-21,0
2026-08-21,professional,HOU_TN_02_2026,house,TN,02,margin_D,pct,1,0,0,0,-15.29,-15.29,-15.29,,open,single,grant_williams,2026-08-21,0
2026-08-21,professional,HOU_TN_02_2026,house,TN,02,win_prob_D,prob,1,0,0,0,0.0137,0.0137,0.0137,,open,single,grant_williams,2026-08-21,0
2026-08-21,professional,HOU_TN_03_2026,house,TN,03,margin_D,pct,1,0,0,0,-16.3,-16.3,-16.3,,open,single,grant_williams,2026-08-21,0
2026-08-21,professional,HOU_TN_03_2026,house,TN,03,win_prob_D,prob,1,0,0,0,0.0106,0.0106,0.0106,,open,single,grant_williams,2026-08-21,0
2026-08-21,professional,HOU_TN_04_2026,house,TN,04,margin_D,pct,1,0,0,0,-9.59,-9.59,-9.59,,open,single,grant_williams,2026-08-21,0
2026-08-21,professional,HOU_TN_04_2026,house,TN,04,win_prob_D,prob,1,0,0,0,0.0683,0.0683,0.0683,,open,single,grant_williams,2026-08-21,0
2026-08-21,professional,HOU_TN_05_2026,house,TN,05,margin_D,pct,1,0,0,0,-5.0,-5.0,-5.0,,open,single,grant_williams,2026-08-21,0
2026-08-21,professional,HOU_TN_05_2026,house,TN,05,win_prob_D,prob,1,0,0,0,0.211,0.211,0.211,,open,single,grant_williams,2026-08-21,0
2026-08-21,professional,HOU_TN_06_2026,house,TN,06,margin_D,pct,1,0,0,0,-7.98,-7.98,-7.98,,open,single,grant_williams,2026-08-21,0
2026-08-21,professional,HOU_TN_06_2026,house,TN,06,win_prob_D,prob,1,0,0,0,0.1067,0.1067,0.1067,,open,single,grant_williams,2026-08-21,0
2026-08-21,professional,HOU_TN_07_2026,house,TN,07,margin_D,pct,1,0,0,0,-9.61,-9.61,-9.61,,open,single,grant_williams,2026-08-21,0
2026-08-21,professional,HOU_TN_07_2026,house,TN,07,win_prob_D,prob,1,0,0,0,0.0674,0.0674,0.0674,,open,single,grant_williams,2026-08-21,0
2026-08-21,professional,HOU_TN_08_2026,house,TN,08,margin_D,pct,1,0,0,0,-8.52,-8.52,-8.52,,open,single,grant_williams,2026-08-21,0
2026-08-21,professional,HOU_TN_08_2026,house,TN,08,win_prob_D,prob,1,0,0,0,0.0897,0.0897,0.0897,,open,single,grant_williams,2026-08-21,0
2026-08-21,professional,HOU_TN_09_2026,house,TN,09,margin_D,pct,1,0,0,0,-3.98,-3.98,-3.98,,open,single,grant_williams,2026-08-21,0
2026-08-21,professional,HOU_TN_09_2026,house,TN,09,win_prob_D,prob,1,0,0,0,0.2602,0.2602,0.2602,,open,single,grant_williams,2026-08-21,0
2026-08-21,professional,HOU_TX_01_2026,house,TX,01,margin_D,pct,1,0,0,0,-20.74,-20.74,-20.74,,open,single,grant_williams,2026-08-21,0
2026-08-21,professional,HOU_TX_01_2026,house,TX,01,win_prob_D,prob,1,0,0,0,0.004,0.004,0.004,,open,single,grant_williams,2026-08-21,0
2026-08-21,professional,HOU_TX_02_2026,house,TX,02,margin_D,pct,1,0,0,0,-4.76,-4.76,-4.76,,open,single,grant_williams,2026-08-21,0
2026-08-21,professional,HOU_TX_02_2026,house,TX,02,win_prob_D,prob,1,0,0,0,0.221,0.221,0.221,,open,single,grant_williams,2026-08-21,0
2026-08-21,professional,HOU_TX_03_2026,house,TX,03,margin_D,pct,1,0,0,0,-8.27,-8.27,-8.27,,open,single,grant_williams,2026-08-21,0
2026-08-21,professional,HOU_TX_03_2026,house,TX,03,win_prob_D,prob,1,0,0,0,0.0989,0.0989,0.0989,,open,single,grant_williams,2026-08-21,0
2026-08-21,professional,HOU_TX_04_2026,house,TX,04,margin_D,pct,1,0,0,0,-9.21,-9.21,-9.21,,open,single,grant_williams,2026-08-21,0
2026-08-21,professional,HOU_TX_04_2026,house,TX,04,win_prob_D,prob,1,0,0,0,0.0793,0.0793,0.0793,,open,single,grant_williams,2026-08-21,0
2026-08-21,professional,HOU_TX_05_2026,house,TX,05,margin_D,pct,1,0,0,0,-7.33,-7.33,-7.33,,open,single,grant_williams,2026-08-21,0
2026-08-21,professional,HOU_TX_05_2026,house,TX,05,win_prob_D,prob,1,0,0,0,0.1245,0.1245,0.1245,,open,single,grant_williams,2026-08-21,0
2026-08-21,professional,HOU_TX_06_2026,house,TX,06,margin_D,pct,1,0,0,0,-8.2,-8.2,-8.2,,open,single,grant_williams,2026-08-21,0
2026-08-21,professional,HOU_TX_06_2026,house,TX,06,win_prob_D,prob,1,0,0,0,0.0999,0.0999,0.0999,,open,single,grant_williams,2026-08-21,0
2026-08-21,professional,HOU_TX_07_2026,house,TX,07,margin_D,pct,1,0,0,0,21.89,21.89,21.89,,open,single,grant_williams,2026-08-21,0
2026-08-21,professional,HOU_TX_07_2026,house,TX,07,win_prob_D,prob,1,0,0,0,0.998,0.998,0.998,,open,single,grant_williams,2026-08-21,0
2026-08-21,professional,HOU_TX_08_2026,house,TX,08,margin_D,pct,1,0,0,0,-6.64,-6.64,-6.64,,open,single,grant_williams,2026-08-21,0
2026-08-21,professional,HOU_TX_08_2026,house,TX,08,win_prob_D,prob,1,0,0,0,0.1499,0.1499,0.1499,,open,single,grant_williams,2026-08-21,0
2026-08-21,professional,HOU_TX_09_2026,house,TX,09,margin_D,pct,1,0,0,0,-2.82,-2.82,-2.82,,open,single,grant_williams,2026-08-21,0
2026-08-21,professional,HOU_TX_09_2026,house,TX,09,win_prob_D,prob,1,0,0,0,0.3275,0.3275,0.3275,,open,single,grant_williams,2026-08-21,0
2026-08-21,professional,HOU_TX_10_2026,house,TX,10,margin_D,pct,1,0,0,0,-3.7,-3.7,-3.7,,open,single,grant_williams,2026-08-21,0
2026-08-21,professional,HOU_TX_10_2026,house,TX,10,win_prob_D,prob,1,0,0,0,0.2752,0.2752,0.2752,,open,single,grant_williams,2026-08-21,0
2026-08-21,professional,HOU_TX_11_2026,house,TX,11,margin_D,pct,1,0,0,0,-14.06,-14.06,-14.06,,open,single,grant_williams,2026-08-21,0
2026-08-21,professional,HOU_TX_11_2026,house,TX,11,win_prob_D,prob,1,0,0,0,0.0206,0.0206,0.0206,,open,single,grant_williams,2026-08-21,0
2026-08-21,professional,HOU_TX_12_2026,house,TX,12,margin_D,pct,1,0,0,0,-8.29,-8.29,-8.29,,open,single,grant_williams,2026-08-21,0
2026-08-21,professional,HOU_TX_12_2026,house,TX,12,win_prob_D,prob,1,0,0,0,0.1004,0.1004,0.1004,,open,single,grant_williams,2026-08-21,0
2026-08-21,professional,HOU_TX_13_2026,house,TX,13,margin_D,pct,1,0,0,0,-19.68,-19.68,-19.68,,open,single,grant_williams,2026-08-21,0
2026-08-21,professional,HOU_TX_13_2026,house,TX,13,win_prob_D,prob,1,0,0,0,0.0054,0.0054,0.0054,,open,single,grant_williams,2026-08-21,0
2026-08-21,professional,HOU_TX_14_2026,house,TX,14,margin_D,pct,1,0,0,0,-9.21,-9.21,-9.21,,open,single,grant_williams,2026-08-21,0
2026-08-21,professional,HOU_TX_14_2026,house,TX,14,win_prob_D,prob,1,0,0,0,0.0777,0.0777,0.0777,,open,single,grant_williams,2026-08-21,0
2026-08-21,professional,HOU_TX_15_2026,house,TX,15,margin_D,pct,1,0,0,0,-4.44,-4.44,-4.44,,open,single,grant_williams,2026-08-21,0
2026-08-21,professional,HOU_TX_15_2026,house,TX,15,win_prob_D,prob,1,0,0,0,0.2339,0.2339,0.2339,,open,single,grant_williams,2026-08-21,0
2026-08-21,professional,HOU_TX_16_2026,house,TX,16,margin_D,pct,1,0,0,0,20.0,20.0,20.0,,open,single,grant_williams,2026-08-21,0
2026-08-21,professional,HOU_TX_16_2026,house,TX,16,win_prob_D,prob,1,0,0,0,0.9965,0.9965,0.9965,,open,single,grant_williams,2026-08-21,0
2026-08-21,professional,HOU_TX_17_2026,house,TX,17,margin_D,pct,1,0,0,0,-7.31,-7.31,-7.31,,open,single,grant_williams,2026-08-21,0
2026-08-21,professional,HOU_TX_17_2026,house,TX,17,win_prob_D,prob,1,0,0,0,0.129,0.129,0.129,,open,single,grant_williams,2026-08-21,0
2026-08-21,professional,HOU_TX_18_2026,house,TX,18,margin_D,pct,1,0,0,0,37.21,37.21,37.21,,open,single,grant_williams,2026-08-21,0
2026-08-21,professional,HOU_TX_18_2026,house,TX,18,win_prob_D,prob,1,0,0,0,0.9998,0.9998,0.9998,,open,single,grant_williams,2026-08-21,0
2026-08-21,professional,HOU_TX_19_2026,house,TX,19,margin_D,pct,1,0,0,0,-18.12,-18.12,-18.12,,open,single,grant_williams,2026-08-21,0
2026-08-21,professional,HOU_TX_19_2026,house,TX,19,win_prob_D,prob,1,0,0,0,0.0065,0.0065,0.0065,,open,single,grant_williams,2026-08-21,0
2026-08-21,professional,HOU_TX_20_2026,house,TX,20,margin_D,pct,1,0,0,0,24.62,24.62,24.62,,open,single,grant_williams,2026-08-21,0
2026-08-21,professional,HOU_TX_20_2026,house,TX,20,win_prob_D,prob,1,0,0,0,0.9982,0.9982,0.9982,,open,single,grant_williams,2026-08-21,0
2026-08-21,professional,HOU_TX_21_2026,house,TX,21,margin_D,pct,1,0,0,0,-3.81,-3.81,-3.81,,open,single,grant_williams,2026-08-21,0
2026-08-21,professional,HOU_TX_21_2026,house,TX,21,win_prob_D,prob,1,0,0,0,0.2663,0.2663,0.2663,,open,single,grant_williams,2026-08-21,0
2026-08-21,professional,HOU_TX_22_2026,house,TX,22,margin_D,pct,1,0,0,0,-4.75,-4.75,-4.75,,open,single,grant_williams,2026-08-21,0
2026-08-21,professional,HOU_TX_22_2026,house,TX,22,win_prob_D,prob,1,0,0,0,0.2255,0.2255,0.2255,,open,single,grant_williams,2026-08-21,0
2026-08-21,professional,HOU_TX_23_2026,house,TX,23,margin_D,pct,1,0,0,0,-0.87,-0.87,-0.87,,open,single,grant_williams,2026-08-21,0
2026-08-21,professional,HOU_TX_23_2026,house,TX,23,win_prob_D,prob,1,0,0,0,0.4443,0.4443,0.4443,,open,single,grant_williams,2026-08-21,0
2026-08-21,professional,HOU_TX_24_2026,house,TX,24,margin_D,pct,1,0,0,0,-5.45,-5.45,-5.45,,open,single,grant_williams,2026-08-21,0
2026-08-21,professional,HOU_TX_24_2026,house,TX,24,win_prob_D,prob,1,0,0,0,0.1963,0.1963,0.1963,,open,single,grant_williams,2026-08-21,0
2026-08-21,professional,HOU_TX_25_2026,house,TX,25,margin_D,pct,1,0,0,0,-8.21,-8.21,-8.21,,open,single,grant_williams,2026-08-21,0
2026-08-21,professional,HOU_TX_25_2026,house,TX,25,win_prob_D,prob,1,0,0,0,0.0976,0.0976,0.0976,,open,single,grant_williams,2026-08-21,0
2026-08-21,professional,HOU_TX_26_2026,house,TX,26,margin_D,pct,1,0,0,0,-8.29,-8.29,-8.29,,open,single,grant_williams,2026-08-21,0
2026-08-21,professional,HOU_TX_26_2026,house,TX,26,win_prob_D,prob,1,0,0,0,0.1012,0.1012,0.1012,,open,single,grant_williams,2026-08-21,0
2026-08-21,professional,HOU_TX_27_2026,house,TX,27,margin_D,pct,1,0,0,0,-7.35,-7.35,-7.35,,open,single,grant_williams,2026-08-21,0
2026-08-21,professional,HOU_TX_27_2026,house,TX,27,win_prob_D,prob,1,0,0,0,0.1235,0.1235,0.1235,,open,single,grant_williams,2026-08-21,0
2026-08-21,professional,HOU_TX_28_2026,house,TX,28,margin_D,pct,1,0,0,0,6.56,6.56,6.56,,open,single,grant_williams,2026-08-21,0
2026-08-21,professional,HOU_TX_28_2026,house,TX,28,win_prob_D,prob,1,0,0,0,0.8511,0.8511,0.8511,,open,single,grant_williams,2026-08-21,0
2026-08-21,professional,HOU_TX_29_2026,house,TX,29,margin_D,pct,1,0,0,0,25.68,25.68,25.68,,open,single,grant_williams,2026-08-21,0
2026-08-21,professional,HOU_TX_29_2026,house,TX,29,win_prob_D,prob,1,0,0,0,0.9989,0.9989,0.9989,,open,single,grant_williams,2026-08-21,0
2026-08-21,professional,HOU_TX_30_2026,house,TX,30,margin_D,pct,1,0,0,0,29.85,29.85,29.85,,open,single,grant_williams,2026-08-21,0
2026-08-21,professional,HOU_TX_30_2026,house,TX,30,win_prob_D,prob,1,0,0,0,0.9994,0.9994,0.9994,,open,single,grant_williams,2026-08-21,0
2026-08-21,professional,HOU_TX_31_2026,house,TX,31,margin_D,pct,1,0,0,0,-8.21,-8.21,-8.21,,open,single,grant_williams,2026-08-21,0
2026-08-21,professional,HOU_TX_31_2026,house,TX,31,win_prob_D,prob,1,0,0,0,0.1072,0.1072,0.1072,,open,single,grant_williams,2026-08-21,0
2026-08-21,professional,HOU_TX_32_2026,house,TX,32,margin_D,pct,1,0,0,0,-1.84,-1.84,-1.84,,open,single,grant_williams,2026-08-21,0
2026-08-21,professional,HOU_TX_32_2026,house,TX,32,win_prob_D,prob,1,0,0,0,0.3804,0.3804,0.3804,,open,single,grant_williams,2026-08-21,0
2026-08-21,professional,HOU_TX_33_2026,house,TX,33,margin_D,pct,1,0,0,0,23.04,23.04,23.04,,open,single,grant_williams,2026-08-21,0
2026-08-21,professional,HOU_TX_33_2026,house,TX,33,win_prob_D,prob,1,0,0,0,0.9977,0.9977,0.9977,,open,single,grant_williams,2026-08-21,0
2026-08-21,professional,HOU_TX_34_2026,house,TX,34,margin_D,pct,1,0,0,0,6.59,6.59,6.59,,open,single,grant_williams,2026-08-21,0
2026-08-21,professional,HOU_TX_34_2026,house,TX,34,win_prob_D,prob,1,0,0,0,0.8484,0.8484,0.8484,,open,single,grant_williams,2026-08-21,0
2026-08-21,professional,HOU_TX_35_2026,house,TX,35,margin_D,pct,1,0,0,0,1.9,1.9,1.9,,open,single,grant_williams,2026-08-21,0
2026-08-21,professional,HOU_TX_35_2026,house,TX,35,win_prob_D,prob,1,0,0,0,0.6157,0.6157,0.6157,,open,single,grant_williams,2026-08-21,0
2026-08-21,professional,HOU_TX_36_2026,house,TX,36,margin_D,pct,1,0,0,0,-9.2,-9.2,-9.2,,open,single,grant_williams,2026-08-21,0
2026-08-21,professional,HOU_TX_36_2026,house,TX,36,win_prob_D,prob,1,0,0,0,0.0773,0.0773,0.0773,,open,single,grant_williams,2026-08-21,0
2026-08-21,professional,HOU_TX_37_2026,house,TX,37,margin_D,pct,1,0,0,0,38.18,38.18,38.18,,open,single,grant_williams,2026-08-21,0
2026-08-21,professional,HOU_TX_37_2026,house,TX,37,win_prob_D,prob,1,0,0,0,0.9997,0.9997,0.9997,,open,single,grant_williams,2026-08-21,0
2026-08-21,professional,HOU_TX_38_2026,house,TX,38,margin_D,pct,1,0,0,0,-3.72,-3.72,-3.72,,open,single,grant_williams,2026-08-21,0
2026-08-21,professional,HOU_TX_38_2026,house,TX,38,win_prob_D,prob,1,0,0,0,0.2758,0.2758,0.2758,,open,single,grant_williams,2026-08-21,0
2026-08-21,professional,HOU_UT_01_2026,house,UT,01,margin_D,pct,1,0,0,0,17.23,17.23,17.23,,open,single,grant_williams,2026-08-21,0
2026-08-21,professional,HOU_UT_01_2026,house,UT,01,win_prob_D,prob,1,0,0,0,0.9921,0.9921,0.9921,,open,single,grant_williams,2026-08-21,0
2026-08-21,professional,HOU_UT_02_2026,house,UT,02,margin_D,pct,1,0,0,0,-12.33,-12.33,-12.33,,open,single,grant_williams,2026-08-21,0
2026-08-21,professional,HOU_UT_02_2026,house,UT,02,win_prob_D,prob,1,0,0,0,0.0333,0.0333,0.0333,,open,single,grant_williams,2026-08-21,0
2026-08-21,professional,HOU_UT_03_2026,house,UT,03,margin_D,pct,1,0,0,0,-18.05,-18.05,-18.05,,open,single,grant_williams,2026-08-21,0
2026-08-21,professional,HOU_UT_03_2026,house,UT,03,win_prob_D,prob,1,0,0,0,0.0078,0.0078,0.0078,,open,single,grant_williams,2026-08-21,0
2026-08-21,professional,HOU_UT_04_2026,house,UT,04,margin_D,pct,1,0,0,0,-14.19,-14.19,-14.19,,open,single,grant_williams,2026-08-21,0
2026-08-21,professional,HOU_UT_04_2026,house,UT,04,win_prob_D,prob,1,0,0,0,0.021,0.021,0.021,,open,single,grant_williams,2026-08-21,0
2026-08-21,professional,HOU_VA_01_2026,house,VA,01,margin_D,pct,1,0,0,0,-1.24,-1.24,-1.24,,open,single,grant_williams,2026-08-21,0
2026-08-21,professional,HOU_VA_01_2026,house,VA,01,win_prob_D,prob,1,0,0,0,0.4215,0.4215,0.4215,,open,single,grant_williams,2026-08-21,0
2026-08-21,professional,HOU_VA_02_2026,house,VA,02,margin_D,pct,1,0,0,0,1.74,1.74,1.74,,open,single,grant_williams,2026-08-21,0
2026-08-21,professional,HOU_VA_02_2026,house,VA,02,win_prob_D,prob,1,0,0,0,0.6048,0.6048,0.6048,,open,single,grant_williams,2026-08-21,0
2026-08-21,professional,HOU_VA_03_2026,house,VA,03,margin_D,pct,1,0,0,0,26.1,26.1,26.1,,open,single,grant_williams,2026-08-21,0
2026-08-21,professional,HOU_VA_03_2026,house,VA,03,win_prob_D,prob,1,0,0,0,0.9992,0.9992,0.9992,,open,single,grant_williams,2026-08-21,0
2026-08-21,professional,HOU_VA_04_2026,house,VA,04,margin_D,pct,1,0,0,0,25.09,25.09,25.09,,open,single,grant_williams,2026-08-21,0
2026-08-21,professional,HOU_VA_04_2026,house,VA,04,win_prob_D,prob,1,0,0,0,0.9985,0.9985,0.9985,,open,single,grant_williams,2026-08-21,0
2026-08-21,professional,HOU_VA_05_2026,house,VA,05,margin_D,pct,1,0,0,0,-4.01,-4.01,-4.01,,open,single,grant_williams,2026-08-21,0
2026-08-21,professional,HOU_VA_05_2026,house,VA,05,win_prob_D,prob,1,0,0,0,0.2623,0.2623,0.2623,,open,single,grant_williams,2026-08-21,0
2026-08-21,professional,HOU_VA_06_2026,house,VA,06,margin_D,pct,1,0,0,0,-9.82,-9.82,-9.82,,open,single,grant_williams,2026-08-21,0
2026-08-21,professional,HOU_VA_06_2026,house,VA,06,win_prob_D,prob,1,0,0,0,0.066,0.066,0.066,,open,single,grant_williams,2026-08-21,0
2026-08-21,professional,HOU_VA_07_2026,house,VA,07,margin_D,pct,1,0,0,0,10.7,10.7,10.7,,open,single,grant_williams,2026-08-21,0
2026-08-21,professional,HOU_VA_07_2026,house,VA,07,win_prob_D,prob,1,0,0,0,0.9498,0.9498,0.9498,,open,single,grant_williams,2026-08-21,0
2026-08-21,professional,HOU_VA_08_2026,house,VA,08,margin_D,pct,1,0,0,0,33.73,33.73,33.73,,open,single,grant_williams,2026-08-21,0
2026-08-21,professional,HOU_VA_08_2026,house,VA,08,win_prob_D,prob,1,0,0,0,0.9999,0.9999,0.9999,,open,single,grant_williams,2026-08-21,0
2026-08-21,professional,HOU_VA_09_2026,house,VA,09,margin_D,pct,1,0,0,0,-19.38,-19.38,-19.38,,open,single,grant_williams,2026-08-21,0
2026-08-21,professional,HOU_VA_09_2026,house,VA,09,win_prob_D,prob,1,0,0,0,0.0048,0.0048,0.0048,,open,single,grant_williams,2026-08-21,0
2026-08-21,professional,HOU_VA_10_2026,house,VA,10,margin_D,pct,1,0,0,0,14.63,14.63,14.63,,open,single,grant_williams,2026-08-21,0
2026-08-21,professional,HOU_VA_10_2026,house,VA,10,win_prob_D,prob,1,0,0,0,0.9847,0.9847,0.9847,,open,single,grant_williams,2026-08-21,0
2026-08-21,professional,HOU_VA_11_2026,house,VA,11,margin_D,pct,1,0,0,0,26.08,26.08,26.08,,open,single,grant_williams,2026-08-21,0
2026-08-21,professional,HOU_VA_11_2026,house,VA,11,win_prob_D,prob,1,0,0,0,0.9989,0.9989,0.9989,,open,single,grant_williams,2026-08-21,0
2026-08-21,professional,HOU_VT_01_2026,house,VT,01,margin_D,pct,1,0,0,0,27.75,27.75,27.75,,open,single,grant_williams,2026-08-21,0
2026-08-21,professional,HOU_VT_01_2026,house,VT,01,win_prob_D,prob,1,0,0,0,0.9993,0.9993,0.9993,,open,single,grant_williams,2026-08-21,0
2026-08-21,professional,HOU_WA_01_2026,house,WA,01,margin_D,pct,1,0,0,0,21.47,21.47,21.47,,open,single,grant_williams,2026-08-21,0
2026-08-21,professional,HOU_WA_01_2026,house,WA,01,win_prob_D,prob,1,0,0,0,0.9974,0.9974,0.9974,,open,single,grant_williams,2026-08-21,0
2026-08-21,professional,HOU_WA_02_2026,house,WA,02,margin_D,pct,1,0,0,0,18.57,18.57,18.57,,open,single,grant_williams,2026-08-21,0
2026-08-21,professional,HOU_WA_02_2026,house,WA,02,win_prob_D,prob,1,0,0,0,0.9951,0.9951,0.9951,,open,single,grant_williams,2026-08-21,0
2026-08-21,professional,HOU_WA_03_2026,house,WA,03,margin_D,pct,1,0,0,0,5.12,5.12,5.12,,open,single,grant_williams,2026-08-21,0
2026-08-21,professional,HOU_WA_03_2026,house,WA,03,win_prob_D,prob,1,0,0,0,0.7955,0.7955,0.7955,,open,single,grant_williams,2026-08-21,0
2026-08-21,professional,HOU_WA_04_2026,house,WA,04,margin_D,pct,1,0,0,0,-6.01,-6.01,-6.01,,open,single,grant_williams,2026-08-21,0
2026-08-21,professional,HOU_WA_04_2026,house,WA,04,win_prob_D,prob,1,0,0,0,0.1698,0.1698,0.1698,,open,single,grant_williams,2026-08-21,0
2026-08-21,professional,HOU_WA_05_2026,house,WA,05,margin_D,pct,1,0,0,0,-4.86,-4.86,-4.86,,open,single,grant_williams,2026-08-21,0
2026-08-21,professional,HOU_WA_05_2026,house,WA,05,win_prob_D,prob,1,0,0,0,0.2194,0.2194,0.2194,,open,single,grant_williams,2026-08-21,0
2026-08-21,professional,HOU_WA_06_2026,house,WA,06,margin_D,pct,1,0,0,0,16.61,16.61,16.61,,open,single,grant_williams,2026-08-21,0
2026-08-21,professional,HOU_WA_06_2026,house,WA,06,win_prob_D,prob,1,0,0,0,0.9925,0.9925,0.9925,,open,single,grant_williams,2026-08-21,0
2026-08-21,professional,HOU_WA_07_2026,house,WA,07,margin_D,pct,1,0,0,0,44.57,44.57,44.57,,open,single,grant_williams,2026-08-21,0
2026-08-21,professional,HOU_WA_07_2026,house,WA,07,win_prob_D,prob,1,0,0,0,0.9999,0.9999,0.9999,,open,single,grant_williams,2026-08-21,0
2026-08-21,professional,HOU_WA_08_2026,house,WA,08,margin_D,pct,1,0,0,0,9.91,9.91,9.91,,open,single,grant_williams,2026-08-21,0
2026-08-21,professional,HOU_WA_08_2026,house,WA,08,win_prob_D,prob,1,0,0,0,0.939,0.939,0.939,,open,single,grant_williams,2026-08-21,0
2026-08-21,professional,HOU_WA_09_2026,house,WA,09,margin_D,pct,1,0,0,0,28.14,28.14,28.14,,open,single,grant_williams,2026-08-21,0
2026-08-21,professional,HOU_WA_09_2026,house,WA,09,win_prob_D,prob,1,0,0,0,0.9991,0.9991,0.9991,,open,single,grant_williams,2026-08-21,0
2026-08-21,professional,HOU_WA_10_2026,house,WA,10,margin_D,pct,1,0,0,0,15.67,15.67,15.67,,open,single,grant_williams,2026-08-21,0
2026-08-21,professional,HOU_WA_10_2026,house,WA,10,win_prob_D,prob,1,0,0,0,0.9895,0.9895,0.9895,,open,single,grant_williams,2026-08-21,0
2026-08-21,professional,HOU_WI_01_2026,house,WI,01,margin_D,pct,1,0,0,0,1.0,1.0,1.0,,open,single,grant_williams,2026-08-21,0
2026-08-21,professional,HOU_WI_01_2026,house,WI,01,win_prob_D,prob,1,0,0,0,0.5618,0.5618,0.5618,,open,single,grant_williams,2026-08-21,0
2026-08-21,professional,HOU_WI_02_2026,house,WI,02,margin_D,pct,1,0,0,0,30.14,30.14,30.14,,open,single,grant_williams,2026-08-21,0
2026-08-21,professional,HOU_WI_02_2026,house,WI,02,win_prob_D,prob,1,0,0,0,0.9997,0.9997,0.9997,,open,single,grant_williams,2026-08-21,0
2026-08-21,professional,HOU_WI_03_2026,house,WI,03,margin_D,pct,1,0,0,0,0.16,0.16,0.16,,open,single,grant_williams,2026-08-21,0
2026-08-21,professional,HOU_WI_03_2026,house,WI,03,win_prob_D,prob,1,0,0,0,0.5154,0.5154,0.5154,,open,single,grant_williams,2026-08-21,0
2026-08-21,professional,HOU_WI_04_2026,house,WI,04,margin_D,pct,1,0,0,0,35.02,35.02,35.02,,open,single,grant_williams,2026-08-21,0
2026-08-21,professional,HOU_WI_04_2026,house,WI,04,win_prob_D,prob,1,0,0,0,0.9997,0.9997,0.9997,,open,single,grant_williams,2026-08-21,0
2026-08-21,professional,HOU_WI_05_2026,house,WI,05,margin_D,pct,1,0,0,0,-7.64,-7.64,-7.64,,open,single,grant_williams,2026-08-21,0
2026-08-21,professional,HOU_WI_05_2026,house,WI,05,win_prob_D,prob,1,0,0,0,0.1165,0.1165,0.1165,,open,single,grant_williams,2026-08-21,0
2026-08-21,professional,HOU_WI_06_2026,house,WI,06,margin_D,pct,1,0,0,0,-4.7,-4.7,-4.7,,open,single,grant_williams,2026-08-21,0
2026-08-21,professional,HOU_WI_06_2026,house,WI,06,win_prob_D,prob,1,0,0,0,0.2299,0.2299,0.2299,,open,single,grant_williams,2026-08-21,0
2026-08-21,professional,HOU_WI_07_2026,house,WI,07,margin_D,pct,1,0,0,0,-4.23,-4.23,-4.23,,open,single,grant_williams,2026-08-21,0
2026-08-21,professional,HOU_WI_07_2026,house,WI,07,win_prob_D,prob,1,0,0,0,0.248,0.248,0.248,,open,single,grant_williams,2026-08-21,0
2026-08-21,professional,HOU_WI_08_2026,house,WI,08,margin_D,pct,1,0,0,0,-4.83,-4.83,-4.83,,open,single,grant_williams,2026-08-21,0
2026-08-21,professional,HOU_WI_08_2026,house,WI,08,win_prob_D,prob,1,0,0,0,0.2169,0.2169,0.2169,,open,single,grant_williams,2026-08-21,0
2026-08-21,professional,HOU_WV_01_2026,house,WV,01,margin_D,pct,1,0,0,0,-20.11,-20.11,-20.11,,open,single,grant_williams,2026-08-21,0
2026-08-21,professional,HOU_WV_01_2026,house,WV,01,win_prob_D,prob,1,0,0,0,0.0035,0.0035,0.0035,,open,single,grant_williams,2026-08-21,0
2026-08-21,professional,HOU_WV_02_2026,house,WV,02,margin_D,pct,1,0,0,0,-18.19,-18.19,-18.19,,open,single,grant_williams,2026-08-21,0
2026-08-21,professional,HOU_WV_02_2026,house,WV,02,win_prob_D,prob,1,0,0,0,0.0083,0.0083,0.0083,,open,single,grant_williams,2026-08-21,0
2026-08-21,professional,HOU_WY_01_2026,house,WY,01,margin_D,pct,1,0,0,0,-16.4,-16.4,-16.4,,open,single,grant_williams,2026-08-21,0
2026-08-21,professional,HOU_WY_01_2026,house,WY,01,win_prob_D,prob,1,0,0,0,0.0118,0.0118,0.0118,,open,single,grant_williams,2026-08-21,0
2026-08-21,professional,NATL_HOUSE_2026,national,,,margin_D,pct,1,0,0,0,5.68,5.68,5.68,,open,single,grant_williams,2026-08-21,0
2026-08-21,professional,NATL_HOUSE_2026,national,,,seats_D,seats,1,0,0,0,250.35,250.35,250.35,,open,single,grant_williams,2026-08-21,0
2026-08-21,professional,NATL_HOUSE_2026,national,,,win_prob_D,prob,1,0,0,0,0.8665,0.8665,0.8665,,open,single,grant_williams,2026-08-21,0
2026-08-21,professional,NATL_SENATE_2026,national,,,margin_D,pct,1,0,0,0,6.21,6.21,6.21,,open,single,grant_williams,2026-08-21,0
2026-08-21,professional,NATL_SENATE_2026,national,,,seats_D,seats,1,0,1,1,51.38,51.38,51.38,,open,single,grant_williams,2026-08-21,0
2026-08-21,professional,NATL_SENATE_2026,national,,,win_prob_D,prob,1,0,0,0,0.6222,0.6222,0.6222,,open,single,grant_williams,2026-08-21,0
2026-08-21,professional,SEN_AK_2026,senate,AK,,margin_D,pct,1,0,0,0,-0.27,-0.27,-0.27,,open,single,grant_williams,2026-08-21,0
2026-08-21,professional,SEN_AK_2026,senate,AK,,win_prob_D,prob,1,0,0,0,0.4749,0.4749,0.4749,,open,single,grant_williams,2026-08-21,0
2026-08-21,professional,SEN_AL_2026,senate,AL,,margin_D,pct,1,0,0,0,-13.99,-13.99,-13.99,,open,single,grant_williams,2026-08-21,0
2026-08-21,professional,SEN_AL_2026,senate,AL,,win_prob_D,prob,1,0,0,0,0.0995,0.0995,0.0995,,open,single,grant_williams,2026-08-21,0
2026-08-21,professional,SEN_AR_2026,senate,AR,,margin_D,pct,1,0,0,0,-9.26,-9.26,-9.26,,open,single,grant_williams,2026-08-21,0
2026-08-21,professional,SEN_AR_2026,senate,AR,,win_prob_D,prob,1,0,0,0,0.0382,0.0382,0.0382,,open,single,grant_williams,2026-08-21,0
2026-08-21,professional,SEN_CO_2026,senate,CO,,margin_D,pct,1,0,0,0,16.02,16.02,16.02,,open,single,grant_williams,2026-08-21,0
2026-08-21,professional,SEN_CO_2026,senate,CO,,win_prob_D,prob,1,0,0,0,0.9301,0.9301,0.9301,,open,single,grant_williams,2026-08-21,0
2026-08-21,professional,SEN_DE_2026,senate,DE,,margin_D,pct,1,0,0,0,13.05,13.05,13.05,,open,single,grant_williams,2026-08-21,0
2026-08-21,professional,SEN_DE_2026,senate,DE,,win_prob_D,prob,1,0,0,0,0.8904,0.8904,0.8904,,open,single,grant_williams,2026-08-21,0
2026-08-21,professional,SEN_FL_2026,senate,FL,,margin_D,pct,1,0,0,0,-8.9,-8.9,-8.9,,open,single,grant_williams,2026-08-21,0
2026-08-21,professional,SEN_FL_2026,senate,FL,,win_prob_D,prob,1,0,0,0,0.0395,0.0395,0.0395,,open,single,grant_williams,2026-08-21,0
2026-08-21,professional,SEN_GA_2026,senate,GA,,margin_D,pct,1,0,0,0,11.19,11.19,11.19,,open,single,grant_williams,2026-08-21,0
2026-08-21,professional,SEN_GA_2026,senate,GA,,win_prob_D,prob,1,0,0,0,0.8624,0.8624,0.8624,,open,single,grant_williams,2026-08-21,0
2026-08-21,professional,SEN_IA_2026,senate,IA,,margin_D,pct,1,0,0,0,-0.35,-0.35,-0.35,,open,single,grant_williams,2026-08-21,0
2026-08-21,professional,SEN_IA_2026,senate,IA,,win_prob_D,prob,1,0,0,0,0.469,0.469,0.469,,open,single,grant_williams,2026-08-21,0
2026-08-21,professional,SEN_ID_2026,senate,ID,,margin_D,pct,1,0,0,0,-20.73,-20.73,-20.73,,open,single,grant_williams,2026-08-21,0
2026-08-21,professional,SEN_ID_2026,senate,ID,,win_prob_D,prob,1,0,0,0,0.0404,0.0404,0.0404,,open,single,grant_williams,2026-08-21,0
2026-08-21,professional,SEN_IL_2026,senate,IL,,margin_D,pct,1,0,0,0,14.35,14.35,14.35,,open,single,grant_williams,2026-08-21,0
2026-08-21,professional,SEN_IL_2026,senate,IL,,win_prob_D,prob,1,0,0,0,0.9118,0.9118,0.9118,,open,single,grant_williams,2026-08-21,0
2026-08-21,professional,SEN_KS_2026,senate,KS,,margin_D,pct,1,0,0,0,-8.89,-8.89,-8.89,,open,single,grant_williams,2026-08-21,0
2026-08-21,professional,SEN_KS_2026,senate,KS,,win_prob_D,prob,1,0,0,0,0.2026,0.2026,0.2026,,open,single,grant_williams,2026-08-21,0
2026-08-21,professional,SEN_KY_2026,senate,KY,,margin_D,pct,1,0,0,0,-9.78,-9.78,-9.78,,open,single,grant_williams,2026-08-21,0
2026-08-21,professional,SEN_KY_2026,senate,KY,,win_prob_D,prob,1,0,0,0,0.1787,0.1787,0.1787,,open,single,grant_williams,2026-08-21,0
2026-08-21,professional,SEN_LA_2026,senate,LA,,margin_D,pct,1,0,0,0,-10.61,-10.61,-10.61,,open,single,grant_williams,2026-08-21,0
2026-08-21,professional,SEN_LA_2026,senate,LA,,win_prob_D,prob,1,0,0,0,0.1614,0.1614,0.1614,,open,single,grant_williams,2026-08-21,0
2026-08-21,professional,SEN_MA_2026,senate,MA,,margin_D,pct,1,0,0,0,24.08,24.08,24.08,,open,single,grant_williams,2026-08-21,0
2026-08-21,professional,SEN_MA_2026,senate,MA,,win_prob_D,prob,1,0,0,0,0.9989,0.9989,0.9989,,open,single,grant_williams,2026-08-21,0
2026-08-21,professional,SEN_ME_2026,senate,ME,,margin_D,pct,1,0,0,0,3.25,3.25,3.25,,open,single,grant_williams,2026-08-21,0
2026-08-21,professional,SEN_ME_2026,senate,ME,,win_prob_D,prob,1,0,0,0,0.7569,0.7569,0.7569,,open,single,grant_williams,2026-08-21,0
2026-08-21,professional,SEN_MI_2026,senate,MI,,margin_D,pct,1,0,0,0,2.3,2.3,2.3,,open,single,grant_williams,2026-08-21,0
2026-08-21,professional,SEN_MI_2026,senate,MI,,win_prob_D,prob,1,0,0,0,0.6877,0.6877,0.6877,,open,single,grant_williams,2026-08-21,0
2026-08-21,professional,SEN_MN_2026,senate,MN,,margin_D,pct,1,0,0,0,5.97,5.97,5.97,,open,single,grant_williams,2026-08-21,0
2026-08-21,professional,SEN_MN_2026,senate,MN,,win_prob_D,prob,1,0,0,0,0.887,0.887,0.887,,open,single,grant_williams,2026-08-21,0
2026-08-21,professional,SEN_MS_2026,senate,MS,,margin_D,pct,1,0,0,0,-8.79,-8.79,-8.79,,open,single,grant_williams,2026-08-21,0
2026-08-21,professional,SEN_MS_2026,senate,MS,,win_prob_D,prob,1,0,0,0,0.1968,0.1968,0.1968,,open,single,grant_williams,2026-08-21,0
2026-08-21,professional,SEN_MT_2026,senate,MT,,margin_D,pct,1,0,0,0,-10.77,-10.77,-10.77,,open,single,grant_williams,2026-08-21,0
2026-08-21,professional,SEN_MT_2026,senate,MT,,win_prob_D,prob,1,0,0,0,0.1541,0.1541,0.1541,,open,single,grant_williams,2026-08-21,0
2026-08-21,professional,SEN_NC_2026,senate,NC,,margin_D,pct,1,0,0,0,8.17,8.17,8.17,,open,single,grant_williams,2026-08-21,0
2026-08-21,professional,SEN_NC_2026,senate,NC,,win_prob_D,prob,1,0,0,0,0.9477,0.9477,0.9477,,open,single,grant_williams,2026-08-21,0
2026-08-21,professional,SEN_NE_2026,senate,NE,,margin_D,pct,1,0,0,0,-12.94,-12.94,-12.94,,open,single,grant_williams,2026-08-21,0
2026-08-21,professional,SEN_NE_2026,senate,NE,,win_prob_D,prob,1,0,0,0,0.1182,0.1182,0.1182,,open,single,grant_williams,2026-08-21,0
2026-08-21,professional,SEN_NH_2026,senate,NH,,margin_D,pct,1,0,0,0,5.93,5.93,5.93,,open,single,grant_williams,2026-08-21,0
2026-08-21,professional,SEN_NH_2026,senate,NH,,win_prob_D,prob,1,0,0,0,0.8867,0.8867,0.8867,,open,single,grant_williams,2026-08-21,0
2026-08-21,professional,SEN_NJ_2026,senate,NJ,,margin_D,pct,1,0,0,0,18.22,18.22,18.22,,open,single,grant_williams,2026-08-21,0
2026-08-21,professional,SEN_NJ_2026,senate,NJ,,win_prob_D,prob,1,0,0,0,0.9488,0.9488,0.9488,,open,single,grant_williams,2026-08-21,0
2026-08-21,professional,SEN_NM_2026,senate,NM,,margin_D,pct,1,0,0,0,16.3,16.3,16.3,,open,single,grant_williams,2026-08-21,0
2026-08-21,professional,SEN_NM_2026,senate,NM,,win_prob_D,prob,1,0,0,0,0.9346,0.9346,0.9346,,open,single,grant_williams,2026-08-21,0
2026-08-21,professional,SEN_OH_2026,senate,OH,,margin_D,pct,1,0,0,0,1.41,1.41,1.41,,open,single,grant_williams,2026-08-21,0
2026-08-21,professional,SEN_OH_2026,senate,OH,,win_prob_D,prob,1,0,0,0,0.6225,0.6225,0.6225,,open,single,grant_williams,2026-08-21,0
2026-08-21,professional,SEN_OK_2026,senate,OK,,margin_D,pct,1,0,0,0,-18.77,-18.77,-18.77,,open,single,grant_williams,2026-08-21,0
2026-08-21,professional,SEN_OK_2026,senate,OK,,win_prob_D,prob,1,0,0,0,0.0546,0.0546,0.0546,,open,single,grant_williams,2026-08-21,0
2026-08-21,professional,SEN_OR_2026,senate,OR,,margin_D,pct,1,0,0,0,17.04,17.04,17.04,,open,single,grant_williams,2026-08-21,0
2026-08-21,professional,SEN_OR_2026,senate,OR,,win_prob_D,prob,1,0,0,0,0.9387,0.9387,0.9387,,open,single,grant_williams,2026-08-21,0
2026-08-21,professional,SEN_RI_2026,senate,RI,,margin_D,pct,1,0,0,0,23.36,23.36,23.36,,open,single,grant_williams,2026-08-21,0
2026-08-21,professional,SEN_RI_2026,senate,RI,,win_prob_D,prob,1,0,0,0,0.9747,0.9747,0.9747,,open,single,grant_williams,2026-08-21,0
2026-08-21,professional,SEN_SC_2026,senate,SC,,margin_D,pct,1,0,0,0,-6.89,-6.89,-6.89,,open,single,grant_williams,2026-08-21,0
2026-08-21,professional,SEN_SC_2026,senate,SC,,win_prob_D,prob,1,0,0,0,0.2486,0.2486,0.2486,,open,single,grant_williams,2026-08-21,0
2026-08-21,professional,SEN_SD_2026,senate,SD,,margin_D,pct,1,0,0,0,-16.7,-16.7,-16.7,,open,single,grant_williams,2026-08-21,0
2026-08-21,professional,SEN_SD_2026,senate,SD,,win_prob_D,prob,1,0,0,0,0.0678,0.0678,0.0678,,open,single,grant_williams,2026-08-21,0
2026-08-21,professional,SEN_TN_2026,senate,TN,,margin_D,pct,1,0,0,0,-13.74,-13.74,-13.74,,open,single,grant_williams,2026-08-21,0
2026-08-21,professional,SEN_TN_2026,senate,TN,,win_prob_D,prob,1,0,0,0,0.1067,0.1067,0.1067,,open,single,grant_williams,2026-08-21,0
2026-08-21,professional,SEN_TX_2026,senate,TX,,margin_D,pct,1,0,0,0,1.42,1.42,1.42,,open,single,grant_williams,2026-08-21,0
2026-08-21,professional,SEN_TX_2026,senate,TX,,win_prob_D,prob,1,0,0,0,0.6204,0.6204,0.6204,,open,single,grant_williams,2026-08-21,0
2026-08-21,professional,SEN_VA_2026,senate,VA,,margin_D,pct,1,0,0,0,14.23,14.23,14.23,,open,single,grant_williams,2026-08-21,0
2026-08-21,professional,SEN_VA_2026,senate,VA,,win_prob_D,prob,1,0,0,0,0.906,0.906,0.906,,open,single,grant_williams,2026-08-21,0
2026-08-21,professional,SEN_WV_2026,senate,WV,,margin_D,pct,1,0,0,0,-26.75,-26.75,-26.75,,open,single,grant_williams,2026-08-21,0
2026-08-21,professional,SEN_WV_2026,senate,WV,,win_prob_D,prob,1,0,0,0,0.0187,0.0187,0.0187,,open,single,grant_williams,2026-08-21,0
2026-08-21,professional,SEN_WY_2026,senate,WY,,margin_D,pct,1,0,0,0,-38.75,-38.75,-38.75,,open,single,grant_williams,2026-08-21,0
2026-08-21,professional,SEN_WY_2026,senate,WY,,win_prob_D,prob,1,0,0,0,0.0044,0.0044,0.0044,,open,single,grant_williams,2026-08-21,0
2026-08-22,fundamentals,NATL_HOUSE_2026,national,,,margin_D,margin,2,0,0,0,6.13,1.78,10.48,6.1518,open,thin,,2026-07-31,1
2026-08-22,fundamentals,NATL_HOUSE_2026,national,,,seats_D,seats,2,0,0,0,230.18,210.23,250.13,28.2136,open,thin,,2026-07-31,1
2026-08-22,fundamentals,NATL_HOUSE_2026,national,,,win_prob_D,prob,2,0,0,0,0.6307,0.3123,0.9491,0.4503,open,thin,,2026-07-31,1
2026-08-22,fundamentals,NATL_SENATE_2026,national,,,seats_D,seats,2,0,0,0,49.345,47.22,51.47,3.0052,open,thin,,2026-07-31,1
2026-08-22,fundamentals,NATL_SENATE_2026,national,,,win_prob_D,prob,2,0,0,0,0.3389,0.0569,0.6209,0.3988,open,thin,,2026-07-31,1
2026-08-22,fundamentals,SEN_AK_2026,senate,AK,,margin_D,margin,2,0,0,0,-6.77,-11.12,-2.42,6.1518,open,thin,,2026-07-31,1
2026-08-22,fundamentals,SEN_AK_2026,senate,AK,,win_prob_D,prob,2,0,0,0,0.2004,0.0448,0.3559,0.22,open,thin,,2026-07-31,1
2026-08-22,fundamentals,SEN_AL_2026,senate,AL,,margin_D,margin,2,0,0,0,-23.49,-27.84,-19.14,6.1518,open,thin,,2026-07-31,1
2026-08-22,fundamentals,SEN_AL_2026,senate,AL,,win_prob_D,prob,2,0,0,0,0.0008,0.0,0.0017,0.0012,open,thin,,2026-07-31,1
2026-08-22,fundamentals,SEN_AR_2026,senate,AR,,margin_D,margin,2,0,0,0,-24.49,-28.84,-20.14,6.1518,open,thin,,2026-07-31,1
2026-08-22,fundamentals,SEN_AR_2026,senate,AR,,win_prob_D,prob,2,0,0,0,0.0006,0.0,0.0011,0.0008,open,thin,,2026-07-31,1
2026-08-22,fundamentals,SEN_CO_2026,senate,CO,,margin_D,margin,2,0,0,0,18.07,13.72,22.42,6.1518,open,thin,,2026-07-31,1
2026-08-22,fundamentals,SEN_CO_2026,senate,CO,,win_prob_D,prob,2,0,0,0,0.9908,0.9819,0.9997,0.0126,open,thin,,2026-07-31,1
2026-08-22,fundamentals,SEN_DE_2026,senate,DE,,margin_D,margin,2,0,0,0,22.15,17.8,26.5,6.1518,open,thin,,2026-07-31,1
2026-08-22,fundamentals,SEN_DE_2026,senate,DE,,win_prob_D,prob,2,0,0,0,0.9984,0.9967,1.0,0.0023,open,thin,,2026-07-31,1
2026-08-22,fundamentals,SEN_FL_2026,senate,FL,,margin_D,margin,2,0,0,0,-4.65,-9.0,-0.3,6.1518,open,thin,,2026-07-31,1
2026-08-22,fundamentals,SEN_FL_2026,senate,FL,,win_prob_D,prob,2,0,0,0,0.2832,0.0847,0.4817,0.2807,open,thin,,2026-07-31,1
2026-08-22,fundamentals,SEN_GA_2026,senate,GA,,margin_D,margin,2,0,0,0,4.53,0.18,8.88,6.1518,open,thin,,2026-07-31,1
2026-08-22,fundamentals,SEN_GA_2026,senate,GA,,win_prob_D,prob,2,0,0,0,0.7117,0.511,0.9124,0.2838,open,thin,,2026-07-31,1
2026-08-22,fundamentals,SEN_IA_2026,senate,IA,,margin_D,margin,2,0,0,0,-6.05,-10.4,-1.7,6.1518,open,thin,,2026-07-31,1
2026-08-22,fundamentals,SEN_IA_2026,senate,IA,,win_prob_D,prob,2,0,0,0,0.2269,0.0562,0.3976,0.2414,open,thin,,2026-07-31,1
2026-08-22,fundamentals,SEN_ID_2026,senate,ID,,margin_D,margin,2,0,0,0,-29.95,-34.3,-25.6,6.1518,open,thin,,2026-07-31,1
2026-08-22,fundamentals,SEN_ID_2026,senate,ID,,win_prob_D,prob,2,0,0,0,0.0,0.0,0.0,0.0,open,thin,,2026-07-31,1
2026-08-22,fundamentals,SEN_IL_2026,senate,IL,,margin_D,margin,2,0,0,0,18.81,14.46,23.16,6.1518,open,thin,,2026-07-31,1
2026-08-22,fundamentals,SEN_IL_2026,senate,IL,,win_prob_D,prob,2,0,0,0,0.9931,0.9864,0.9998,0.0095,open,thin,,2026-07-31,1
2026-08-22,fundamentals,SEN_KS_2026,senate,KS,,margin_D,margin,2,0,0,0,-9.93,-14.28,-5.58,6.1518,open,thin,,2026-07-31,1
2026-08-22,fundamentals,SEN_KS_2026,senate,KS,,win_prob_D,prob,2,0,0,0,0.1058,0.0146,0.1971,0.129,open,thin,,2026-07-31,1
2026-08-22,fundamentals,SEN_KY_2026,senate,KY,,margin_D,margin,2,0,0,0,-23.75,-28.1,-19.4,6.1518,open,thin,,2026-07-31,1
2026-08-22,fundamentals,SEN_KY_2026,senate,KY,,win_prob_D,prob,2,0,0,0,0.0008,0.0,0.0015,0.0011,open,thin,,2026-07-31,1
2026-08-22,fundamentals,SEN_LA_2026,senate,LA,,margin_D,margin,2,0,0,0,-15.37,-19.72,-11.02,6.1518,open,thin,,2026-07-31,1
2026-08-22,fundamentals,SEN_LA_2026,senate,LA,,win_prob_D,prob,2,0,0,0,0.0238,0.0013,0.0462,0.0317,open,thin,,2026-07-31,1
2026-08-22,fundamentals,SEN_MA_2026,senate,MA,,margin_D,margin,2,0,0,0,34.11,29.76,38.46,6.1518,open,thin,,2026-07-31,1
2026-08-22,fundamentals,SEN_MA_2026,senate,MA,,win_prob_D,prob,2,0,0,0,1.0,1.0,1.0,0.0,open,thin,,2026-07-31,1
2026-08-22,fundamentals,SEN_ME_2026,senate,ME,,margin_D,margin,2,0,0,0,13.77,9.42,18.12,6.1518,open,thin,,2026-07-31,1
2026-08-22,fundamentals,SEN_ME_2026,senate,ME,,win_prob_D,prob,2,0,0,0,0.961,0.9248,0.9972,0.0512,open,thin,,2026-07-31,1
2026-08-22,fundamentals,SEN_MI_2026,senate,MI,,margin_D,margin,2,0,0,0,5.75,1.4,10.1,6.1518,open,thin,,2026-07-31,1
2026-08-22,fundamentals,SEN_MI_2026,senate,MI,,win_prob_D,prob,2,0,0,0,0.7615,0.5846,0.9385,0.2502,open,thin,,2026-07-31,1
2026-08-22,fundamentals,SEN_MN_2026,senate,MN,,margin_D,margin,2,0,0,0,11.19,6.84,15.54,6.1518,open,thin,,2026-07-31,1
2026-08-22,fundamentals,SEN_MN_2026,senate,MN,,win_prob_D,prob,2,0,0,0,0.9215,0.8518,0.9912,0.0986,open,thin,,2026-07-31,1
2026-08-22,fundamentals,SEN_MS_2026,senate,MS,,margin_D,margin,2,0,0,0,-15.43,-19.78,-11.08,6.1518,open,thin,,2026-07-31,1
2026-08-22,fundamentals,SEN_MS_2026,senate,MS,,win_prob_D,prob,2,0,0,0,0.0234,0.0013,0.0454,0.0312,open,thin,,2026-07-31,1
2026-08-22,fundamentals,SEN_MT_2026,senate,MT,,margin_D,margin,2,0,0,0,-13.51,-17.86,-9.16,6.1518,open,thin,,2026-07-31,1
2026-08-22,fundamentals,SEN_MT_2026,senate,MT,,win_prob_D,prob,2,0,0,0,0.0421,0.0032,0.081,0.055,open,thin,,2026-07-31,1
2026-08-22,fundamentals,SEN_NC_2026,senate,NC,,margin_D,margin,2,0,0,0,3.33,-1.02,7.68,6.1518,open,thin,,2026-07-31,1
2026-08-22,fundamentals,SEN_NC_2026,senate,NC,,win_prob_D,prob,2,0,0,0,0.6588,0.4381,0.8795,0.3121,open,thin,,2026-07-31,1
2026-08-22,fundamentals,SEN_NE_2026,senate,NE,,margin_D,margin,2,0,0,0,-14.41,-18.76,-10.06,6.1518,open,thin,,2026-07-31,1
2026-08-22,fundamentals,SEN_NE_2026,senate,NE,,win_prob_D,prob,2,0,0,0,0.0322,0.0021,0.0623,0.0426,open,thin,,2026-07-31,1
2026-08-22,fundamentals,SEN_NH_2026,senate,NH,,margin_D,margin,2,0,0,0,10.11,5.76,14.46,6.1518,open,thin,,2026-07-31,1
2026-08-22,fundamentals,SEN_NH_2026,senate,NH,,win_prob_D,prob,2,0,0,0,0.8984,0.8104,0.9864,0.1245,open,thin,,2026-07-31,1
2026-08-22,fundamentals,SEN_NJ_2026,senate,NJ,,margin_D,margin,2,0,0,0,14.67,10.32,19.02,6.1518,open,thin,,2026-07-31,1
2026-08-22,fundamentals,SEN_NJ_2026,senate,NJ,,win_prob_D,prob,2,0,0,0,0.9703,0.9424,0.9982,0.0395,open,thin,,2026-07-31,1
2026-08-22,fundamentals,SEN_NM_2026,senate,NM,,margin_D,margin,2,0,0,0,13.49,9.14,17.84,6.1518,open,thin,,2026-07-31,1
2026-08-22,fundamentals,SEN_NM_2026,senate,NM,,win_prob_D,prob,2,0,0,0,0.9577,0.9186,0.9968,0.0553,open,thin,,2026-07-31,1
2026-08-22,fundamentals,SEN_OH_2026,senate,OH,,margin_D,margin,2,0,0,0,-4.41,-8.76,-0.06,6.1518,open,thin,,2026-07-31,1
2026-08-22,fundamentals,SEN_OH_2026,senate,OH,,win_prob_D,prob,2,0,0,0,0.2934,0.0905,0.4963,0.2869,open,thin,,2026-07-31,1
2026-08-22,fundamentals,SEN_OK_2026,senate,OK,,margin_D,margin,2,0,0,0,-28.55,-32.9,-24.2,6.1518,open,thin,,2026-07-31,1
2026-08-22,fundamentals,SEN_OK_2026,senate,OK,,win_prob_D,prob,2,0,0,0,0.0001,0.0,0.0001,0.0001,open,thin,,2026-07-31,1
2026-08-22,fundamentals,SEN_OR_2026,senate,OR,,margin_D,margin,2,0,0,0,21.43,17.08,25.78,6.1518,open,thin,,2026-07-31,1
2026-08-22,fundamentals,SEN_OR_2026,senate,OR,,win_prob_D,prob,2,0,0,0,0.9977,0.9954,1.0,0.0033,open,thin,,2026-07-31,1
2026-08-22,fundamentals,SEN_RI_2026,senate,RI,,margin_D,margin,2,0,0,0,22.05,17.7,26.4,6.1518,open,thin,,2026-07-31,1
2026-08-22,fundamentals,SEN_RI_2026,senate,RI,,win_prob_D,prob,2,0,0,0,0.9983,0.9966,1.0,0.0024,open,thin,,2026-07-31,1
2026-08-22,fundamentals,SEN_SC_2026,senate,SC,,margin_D,margin,2,0,0,0,-10.43,-14.78,-6.08,6.1518,open,thin,,2026-07-31,1
2026-08-22,fundamentals,SEN_SC_2026,senate,SC,,win_prob_D,prob,2,0,0,0,0.0943,0.012,0.1766,0.1164,open,thin,,2026-07-31,1
2026-08-22,fundamentals,SEN_SD_2026,senate,SD,,margin_D,margin,2,0,0,0,-23.01,-27.36,-18.66,6.1518,open,thin,,2026-07-31,1
2026-08-22,fundamentals,SEN_SD_2026,senate,SD,,win_prob_D,prob,2,0,0,0,0.0011,0.0,0.0022,0.0016,open,thin,,2026-07-31,1
2026-08-22,fundamentals,SEN_TN_2026,senate,TN,,margin_D,margin,2,0,0,0,-22.39,-26.74,-18.04,6.1518,open,thin,,2026-07-31,1
2026-08-22,fundamentals,SEN_TN_2026,senate,TN,,win_prob_D,prob,2,0,0,0,0.0014,0.0,0.0029,0.0021,open,thin,,2026-07-31,1
2026-08-22,fundamentals,SEN_TX_2026,senate,TX,,margin_D,margin,2,0,0,0,-5.71,-10.06,-1.36,6.1518,open,thin,,2026-07-31,1
2026-08-22,fundamentals,SEN_TX_2026,senate,TX,,win_prob_D,prob,2,0,0,0,0.2401,0.0623,0.4178,0.2514,open,thin,,2026-07-31,1
2026-08-22,fundamentals,SEN_VA_2026,senate,VA,,margin_D,margin,2,0,0,0,13.11,8.76,17.46,6.1518,open,thin,,2026-07-31,1
2026-08-22,fundamentals,SEN_VA_2026,senate,VA,,win_prob_D,prob,2,0,0,0,0.9528,0.9095,0.9962,0.0613,open,thin,,2026-07-31,1
2026-08-22,fundamentals,SEN_WV_2026,senate,WV,,margin_D,margin,2,0,0,0,-35.79,-40.14,-31.44,6.1518,open,thin,,2026-07-31,1
2026-08-22,fundamentals,SEN_WV_2026,senate,WV,,win_prob_D,prob,2,0,0,0,0.0,0.0,0.0,0.0,open,thin,,2026-07-31,1
2026-08-22,fundamentals,SEN_WY_2026,senate,WY,,margin_D,margin,2,0,0,0,-40.33,-44.68,-35.98,6.1518,open,thin,,2026-07-31,1
2026-08-22,fundamentals,SEN_WY_2026,senate,WY,,win_prob_D,prob,2,0,0,0,0.0,0.0,0.0,0.0,open,thin,,2026-07-31,1
2026-08-22,market,GOV_AL_2026,governor,AL,,win_prob_D,prob,2,0,0,0,0.088,0.046,0.13,0.0594,open,thin,,2026-08-22,0
2026-08-22,market,GOV_AL_2026,governor,AL,,win_prob_R,prob,2,0,0,0,0.9338,0.91,0.9575,0.0336,open,thin,,2026-08-22,0
2026-08-22,market,GOV_AR_2026,governor,AR,,win_prob_D,prob,1,0,0,0,0.0075,0.0075,0.0075,,open,single,polymarket,2026-08-22,0
2026-08-22,market,GOV_AR_2026,governor,AR,,win_prob_R,prob,1,0,0,0,0.9655,0.9655,0.9655,,open,single,polymarket,2026-08-22,0
2026-08-22,market,GOV_AZ_2026,governor,AZ,,win_prob_D,prob,2,0,0,0,0.8575,0.84,0.875,0.0247,open,thin,,2026-08-22,0
2026-08-22,market,GOV_AZ_2026,governor,AZ,,win_prob_R,prob,2,0,0,0,0.175,0.13,0.22,0.0636,open,thin,,2026-08-22,0
2026-08-22,market,GOV_CO_2026,governor,CO,,win_prob_D,prob,2,0,0,0,0.965,0.96,0.97,0.0071,open,thin,,2026-08-22,0
2026-08-22,market,GOV_CO_2026,governor,CO,,win_prob_R,prob,2,0,0,0,0.049,0.038,0.06,0.0156,open,thin,,2026-08-22,0
2026-08-22,market,GOV_CT_2026,governor,CT,,win_prob_D,prob,2,0,0,0,0.9515,0.94,0.963,0.0163,open,thin,,2026-08-22,0
2026-08-22,market,GOV_CT_2026,governor,CT,,win_prob_R,prob,2,0,0,0,0.0287,0.0275,0.03,0.0018,open,thin,,2026-08-22,0
2026-08-22,market,GOV_FL_2026,governor,FL,,win_prob_D,prob,2,0,0,0,0.1625,0.14,0.185,0.0318,open,thin,,2026-08-22,0
2026-08-22,market,GOV_FL_2026,governor,FL,,win_prob_R,prob,2,0,0,0,0.8425,0.805,0.88,0.053,open,thin,,2026-08-22,0
2026-08-22,market,GOV_GA_2026,governor,GA,,win_prob_D,prob,2,0,0,0,0.59,0.59,0.59,0.0,open,thin,,2026-08-22,0
2026-08-22,market,GOV_GA_2026,governor,GA,,win_prob_R,prob,2,0,0,0,0.43,0.41,0.45,0.0283,open,thin,,2026-08-22,0
2026-08-22,market,GOV_HI_2026,governor,HI,,win_prob_D,prob,1,0,0,0,0.964,0.964,0.964,,open,single,polymarket,2026-08-22,0
2026-08-22,market,GOV_HI_2026,governor,HI,,win_prob_R,prob,1,0,0,0,0.0215,0.0215,0.0215,,open,single,polymarket,2026-08-22,0
2026-08-22,market,GOV_IA_2026,governor,IA,,win_prob_D,prob,2,0,0,0,0.7375,0.735,0.74,0.0035,open,thin,,2026-08-22,0
2026-08-22,market,GOV_IA_2026,governor,IA,,win_prob_R,prob,2,0,0,0,0.27,0.26,0.28,0.0141,open,thin,,2026-08-22,0
2026-08-22,market,GOV_ID_2026,governor,ID,,win_prob_D,prob,1,0,0,0,0.025,0.025,0.025,,open,single,polymarket,2026-08-22,0
2026-08-22,market,GOV_ID_2026,governor,ID,,win_prob_R,prob,1,0,0,0,0.956,0.956,0.956,,open,single,polymarket,2026-08-22,0
2026-08-22,market,GOV_IL_2026,governor,IL,,win_prob_D,prob,1,0,0,0,0.9565,0.9565,0.9565,,open,single,polymarket,2026-08-22,0
2026-08-22,market,GOV_IL_2026,governor,IL,,win_prob_R,prob,1,0,0,0,0.0375,0.0375,0.0375,,open,single,polymarket,2026-08-22,0
2026-08-22,market,GOV_KS_2026,governor,KS,,win_prob_D,prob,2,0,0,0,0.255,0.17,0.34,0.1202,open,thin,,2026-08-22,0
2026-08-22,market,GOV_KS_2026,governor,KS,,win_prob_R,prob,2,0,0,0,0.765,0.66,0.87,0.1485,open,thin,,2026-08-22,0
2026-08-22,market,GOV_MA_2026,governor,MA,,win_prob_D,prob,2,0,0,0,0.9545,0.95,0.959,0.0064,open,thin,,2026-08-22,0
2026-08-22,market,GOV_MA_2026,governor,MA,,win_prob_R,prob,2,0,0,0,0.0423,0.0345,0.05,0.011,open,thin,,2026-08-22,0
2026-08-22,market,GOV_MD_2026,governor,MD,,win_prob_D,prob,2,0,0,0,0.8622,0.76,0.9645,0.1446,open,thin,,2026-08-22,0
2026-08-22,market,GOV_MD_2026,governor,MD,,win_prob_R,prob,2,0,0,0,0.0328,0.03,0.0355,0.0039,open,thin,,2026-08-22,0
2026-08-22,market,GOV_ME_2026,governor,ME,,win_prob_D,prob,1,0,0,0,0.955,0.955,0.955,,open,single,polymarket,2026-08-22,0
2026-08-22,market,GOV_ME_2026,governor,ME,,win_prob_R,prob,1,0,0,0,0.043,0.043,0.043,,open,single,polymarket,2026-08-22,0
2026-08-22,market,GOV_MI_2026,governor,MI,,win_prob_D,prob,2,0,0,0,0.8475,0.82,0.875,0.0389,open,thin,,2026-08-22,0
2026-08-22,market,GOV_MI_2026,governor,MI,,win_prob_R,prob,2,0,0,0,0.1575,0.135,0.18,0.0318,open,thin,,2026-08-22,0
2026-08-22,market,GOV_MN_2026,governor,MN,,win_prob_D,prob,2,0,0,0,0.9375,0.93,0.945,0.0106,open,thin,,2026-08-22,0
2026-08-22,market,GOV_MN_2026,governor,MN,,win_prob_R,prob,2,0,0,0,0.0688,0.0475,0.09,0.0301,open,thin,,2026-08-22,0
2026-08-22,market,GOV_NE_2026,governor,NE,,win_prob_D,prob,2,0,0,0,0.1075,0.085,0.13,0.0318,open,thin,,2026-08-22,0
2026-08-22,market,GOV_NE_2026,governor,NE,,win_prob_R,prob,2,0,0,0,0.9475,0.925,0.97,0.0318,open,thin,,2026-08-22,0
2026-08-22,market,GOV_NH_2026,governor,NH,,win_prob_D,prob,1,0,0,0,0.1705,0.1705,0.1705,,open,single,polymarket,2026-08-22,0
2026-08-22,market,GOV_NH_2026,governor,NH,,win_prob_R,prob,1,0,0,0,0.815,0.815,0.815,,open,single,polymarket,2026-08-22,0
2026-08-22,market,GOV_NM_2026,governor,NM,,win_prob_D,prob,2,0,0,0,0.9125,0.91,0.915,0.0035,open,thin,,2026-08-22,0
2026-08-22,market,GOV_NM_2026,governor,NM,,win_prob_R,prob,2,0,0,0,0.0775,0.045,0.11,0.046,open,thin,,2026-08-22,0
2026-08-22,market,GOV_NV_2026,governor,NV,,win_prob_D,prob,2,0,0,0,0.405,0.4,0.41,0.0071,open,thin,,2026-08-22,0
2026-08-22,market,GOV_NV_2026,governor,NV,,win_prob_R,prob,2,0,0,0,0.5975,0.595,0.6,0.0035,open,thin,,2026-08-22,0
2026-08-22,market,GOV_NY_2026,governor,NY,,win_prob_D,prob,2,0,0,0,0.9325,0.92,0.945,0.0177,open,thin,,2026-08-22,0
2026-08-22,market,GOV_NY_2026,governor,NY,,win_prob_R,prob,2,0,0,0,0.0575,0.055,0.06,0.0035,open,thin,,2026-08-22,0
2026-08-22,market,GOV_OH_2026,governor,OH,,win_prob_D,prob,2,0,0,0,0.49,0.49,0.49,0.0,open,thin,,2026-08-22,0
2026-08-22,market,GOV_OH_2026,governor,OH,,win_prob_R,prob,2,0,0,0,0.5,0.5,0.5,0.0,open,thin,,2026-08-22,0
2026-08-22,market,GOV_OK_2026,governor,OK,,win_prob_D,prob,1,0,0,0,0.045,0.045,0.045,,open,single,polymarket,2026-08-22,0
2026-08-22,market,GOV_OK_2026,governor,OK,,win_prob_R,prob,1,0,0,0,0.96,0.96,0.96,,open,single,polymarket,2026-08-22,0
2026-08-22,market,GOV_OR_2026,governor,OR,,win_prob_D,prob,1,0,0,0,0.86,0.86,0.86,,open,single,polymarket,2026-08-22,0
2026-08-22,market,GOV_OR_2026,governor,OR,,win_prob_R,prob,1,0,0,0,0.135,0.135,0.135,,open,single,polymarket,2026-08-22,0
2026-08-22,market,GOV_PA_2026,governor,PA,,win_prob_D,prob,2,0,0,0,0.9425,0.93,0.955,0.0177,open,thin,,2026-08-22,0
2026-08-22,market,GOV_PA_2026,governor,PA,,win_prob_R,prob,2,0,0,0,0.0575,0.045,0.07,0.0177,open,thin,,2026-08-22,0
2026-08-22,market,GOV_RI_2026,governor,RI,,win_prob_D,prob,2,0,0,0,0.9575,0.955,0.96,0.0035,open,thin,,2026-08-22,0
2026-08-22,market,GOV_RI_2026,governor,RI,,win_prob_R,prob,2,0,0,0,0.029,0.028,0.03,0.0014,open,thin,,2026-08-22,0
2026-08-22,market,GOV_SC_2026,governor,SC,,win_prob_D,prob,1,0,0,0,0.0705,0.0705,0.0705,,open,single,polymarket,2026-08-22,0
2026-08-22,market,GOV_SC_2026,governor,SC,,win_prob_R,prob,1,0,0,0,0.925,0.925,0.925,,open,single,polymarket,2026-08-22,0
2026-08-22,market,GOV_SD_2026,governor,SD,,win_prob_D,prob,1,0,0,0,0.045,0.045,0.045,,open,single,polymarket,2026-08-22,0
2026-08-22,market,GOV_SD_2026,governor,SD,,win_prob_R,prob,1,0,0,0,0.9535,0.9535,0.9535,,open,single,polymarket,2026-08-22,0
2026-08-22,market,GOV_TN_2026,governor,TN,,win_prob_D,prob,1,0,0,0,0.039,0.039,0.039,,open,single,polymarket,2026-08-22,0
2026-08-22,market,GOV_TN_2026,governor,TN,,win_prob_R,prob,1,0,0,0,0.962,0.962,0.962,,open,single,polymarket,2026-08-22,0
2026-08-22,market,GOV_TX_2026,governor,TX,,win_prob_D,prob,2,0,0,0,0.1325,0.115,0.15,0.0247,open,thin,,2026-08-22,0
2026-08-22,market,GOV_TX_2026,governor,TX,,win_prob_R,prob,2,0,0,0,0.8887,0.8775,0.9,0.0159,open,thin,,2026-08-22,0
2026-08-22,market,GOV_VT_2026,governor,VT,,win_prob_D,prob,2,0,0,0,0.118,0.116,0.12,0.0028,open,thin,,2026-08-22,0
2026-08-22,market,GOV_VT_2026,governor,VT,,win_prob_R,prob,2,0,0,0,0.8825,0.88,0.885,0.0035,open,thin,,2026-08-22,0
2026-08-22,market,GOV_WI_2026,governor,WI,,win_prob_D,prob,2,0,0,0,0.7625,0.73,0.795,0.046,open,thin,,2026-08-22,0
2026-08-22,market,GOV_WI_2026,governor,WI,,win_prob_R,prob,2,0,0,0,0.2275,0.195,0.26,0.046,open,thin,,2026-08-22,0
2026-08-22,market,GOV_WY_2026,governor,WY,,win_prob_D,prob,1,0,0,0,0.033,0.033,0.033,,open,single,polymarket,2026-08-22,0
2026-08-22,market,GOV_WY_2026,governor,WY,,win_prob_R,prob,1,0,0,0,0.961,0.961,0.961,,open,single,polymarket,2026-08-22,0
2026-08-22,market,HOU_AZ_01_2026,house,AZ,01,win_prob_D,prob,1,0,0,0,0.745,0.745,0.745,,open,single,polymarket,2026-08-22,0
2026-08-22,market,HOU_AZ_01_2026,house,AZ,01,win_prob_R,prob,1,0,0,0,0.26,0.26,0.26,,open,single,polymarket,2026-08-22,0
2026-08-22,market,HOU_AZ_02_2026,house,AZ,02,win_prob_D,prob,1,0,0,0,0.37,0.37,0.37,,open,single,polymarket,2026-08-22,0
2026-08-22,market,HOU_AZ_02_2026,house,AZ,02,win_prob_R,prob,1,0,0,0,0.635,0.635,0.635,,open,single,polymarket,2026-08-22,0
2026-08-22,market,HOU_AZ_06_2026,house,AZ,06,win_prob_D,prob,1,0,0,0,0.825,0.825,0.825,,open,single,polymarket,2026-08-22,0
2026-08-22,market,HOU_AZ_06_2026,house,AZ,06,win_prob_R,prob,1,0,0,0,0.175,0.175,0.175,,open,single,polymarket,2026-08-22,0
2026-08-22,market,HOU_CA_13_2026,house,CA,13,win_prob_D,prob,1,0,0,0,0.895,0.895,0.895,,open,single,polymarket,2026-08-22,0
2026-08-22,market,HOU_CA_13_2026,house,CA,13,win_prob_R,prob,1,0,0,0,0.105,0.105,0.105,,open,single,polymarket,2026-08-22,0
2026-08-22,market,HOU_CA_17_2026,house,CA,17,win_prob_D,prob,1,0,0,0,0.973,0.973,0.973,,open,single,polymarket,2026-08-22,0
2026-08-22,market,HOU_CA_17_2026,house,CA,17,win_prob_R,prob,1,0,0,0,0.024,0.024,0.024,,open,single,polymarket,2026-08-22,0
2026-08-22,market,HOU_CA_22_2026,house,CA,22,win_prob_D,prob,1,0,0,0,0.835,0.835,0.835,,open,single,polymarket,2026-08-22,0
2026-08-22,market,HOU_CA_22_2026,house,CA,22,win_prob_R,prob,1,0,0,0,0.155,0.155,0.155,,open,single,polymarket,2026-08-22,0
2026-08-22,market,HOU_CA_27_2026,house,CA,27,win_prob_D,prob,1,0,0,0,0.945,0.945,0.945,,open,single,polymarket,2026-08-22,0
2026-08-22,market,HOU_CA_27_2026,house,CA,27,win_prob_R,prob,1,0,0,0,0.0545,0.0545,0.0545,,open,single,polymarket,2026-08-22,0
2026-08-22,market,HOU_CO_03_2026,house,CO,03,win_prob_D,prob,1,0,0,0,0.385,0.385,0.385,,open,single,polymarket,2026-08-22,0
2026-08-22,market,HOU_CO_03_2026,house,CO,03,win_prob_R,prob,1,0,0,0,0.62,0.62,0.62,,open,single,polymarket,2026-08-22,0
2026-08-22,market,HOU_CO_08_2026,house,CO,08,win_prob_D,prob,1,0,0,0,0.725,0.725,0.725,,open,single,polymarket,2026-08-22,0
2026-08-22,market,HOU_CO_08_2026,house,CO,08,win_prob_R,prob,1,0,0,0,0.285,0.285,0.285,,open,single,polymarket,2026-08-22,0
2026-08-22,market,HOU_CT_05_2026,house,CT,05,win_prob_D,prob,1,0,0,0,0.9415,0.9415,0.9415,,open,single,polymarket,2026-08-22,0
2026-08-22,market,HOU_CT_05_2026,house,CT,05,win_prob_R,prob,1,0,0,0,0.048,0.048,0.048,,open,single,polymarket,2026-08-22,0
2026-08-22,market,HOU_FL_13_2026,house,FL,13,win_prob_D,prob,1,0,0,0,0.24,0.24,0.24,,open,single,polymarket,2026-08-22,0
2026-08-22,market,HOU_FL_13_2026,house,FL,13,win_prob_R,prob,1,0,0,0,0.765,0.765,0.765,,open,single,polymarket,2026-08-22,0
2026-08-22,market,HOU_FL_23_2026,house,FL,23,win_prob_D,prob,1,0,0,0,0.93,0.93,0.93,,open,single,polymarket,2026-08-22,0
2026-08-22,market,HOU_FL_23_2026,house,FL,23,win_prob_R,prob,1,0,0,0,0.065,0.065,0.065,,open,single,polymarket,2026-08-22,0
2026-08-22,market,HOU_IA_01_2026,house,IA,01,win_prob_D,prob,1,0,0,0,0.72,0.72,0.72,,open,single,polymarket,2026-08-22,0
2026-08-22,market,HOU_IA_01_2026,house,IA,01,win_prob_R,prob,1,0,0,0,0.28,0.28,0.28,,open,single,polymarket,2026-08-22,0
2026-08-22,market,HOU_IA_03_2026,house,IA,03,win_prob_D,prob,1,0,0,0,0.765,0.765,0.765,,open,single,polymarket,2026-08-22,0
2026-08-22,market,HOU_IA_03_2026,house,IA,03,win_prob_R,prob,1,0,0,0,0.21,0.21,0.21,,open,single,polymarket,2026-08-22,0
2026-08-22,market,HOU_IL_17_2026,house,IL,17,win_prob_D,prob,1,0,0,0,0.935,0.935,0.935,,open,single,polymarket,2026-08-22,0
2026-08-22,market,HOU_IL_17_2026,house,IL,17,win_prob_R,prob,1,0,0,0,0.0605,0.0605,0.0605,,open,single,polymarket,2026-08-22,0
2026-08-22,market,HOU_IN_01_2026,house,IN,01,win_prob_D,prob,1,0,0,0,0.88,0.88,0.88,,open,single,polymarket,2026-08-22,0
2026-08-22,market,HOU_IN_01_2026,house,IN,01,win_prob_R,prob,1,0,0,0,0.115,0.115,0.115,,open,single,polymarket,2026-08-22,0
2026-08-22,market,HOU_MI_03_2026,house,MI,03,win_prob_D,prob,1,0,0,0,0.92,0.92,0.92,,open,single,polymarket,2026-08-22,0
2026-08-22,market,HOU_MI_03_2026,house,MI,03,win_prob_R,prob,1,0,0,0,0.0715,0.0715,0.0715,,open,single,polymarket,2026-08-22,0
2026-08-22,market,HOU_MI_04_2026,house,MI,04,win_prob_D,prob,1,0,0,0,0.485,0.485,0.485,,open,single,polymarket,2026-08-22,0
2026-08-22,market,HOU_MI_04_2026,house,MI,04,win_prob_R,prob,1,0,0,0,0.485,0.485,0.485,,open,single,polymarket,2026-08-22,0
2026-08-22,market,HOU_MI_07_2026,house,MI,07,win_prob_D,prob,1,0,0,0,0.61,0.61,0.61,,open,single,polymarket,2026-08-22,0
2026-08-22,market,HOU_MI_07_2026,house,MI,07,win_prob_R,prob,1,0,0,0,0.38,0.38,0.38,,open,single,polymarket,2026-08-22,0
2026-08-22,market,HOU_MI_08_2026,house,MI,08,win_prob_D,prob,1,0,0,0,0.935,0.935,0.935,,open,single,polymarket,2026-08-22,0
2026-08-22,market,HOU_MI_08_2026,house,MI,08,win_prob_R,prob,1,0,0,0,0.0725,0.0725,0.0725,,open,single,polymarket,2026-08-22,0
2026-08-22,market,HOU_MI_10_2026,house,MI,10,win_prob_D,prob,1,0,0,0,0.625,0.625,0.625,,open,single,polymarket,2026-08-22,0
2026-08-22,market,HOU_MI_10_2026,house,MI,10,win_prob_R,prob,1,0,0,0,0.35,0.35,0.35,,open,single,polymarket,2026-08-22,0
2026-08-22,market,HOU_MN_02_2026,house,MN,02,win_prob_D,prob,1,0,0,0,0.915,0.915,0.915,,open,single,polymarket,2026-08-22,0
2026-08-22,market,HOU_MN_02_2026,house,MN,02,win_prob_R,prob,1,0,0,0,0.082,0.082,0.082,,open,single,polymarket,2026-08-22,0
2026-08-22,market,HOU_MO_05_2026,house,MO,05,win_prob_D,prob,1,0,0,0,0.16,0.16,0.16,,open,single,polymarket,2026-08-22,0
2026-08-22,market,HOU_MO_05_2026,house,MO,05,win_prob_R,prob,1,0,0,0,0.835,0.835,0.835,,open,single,polymarket,2026-08-22,0
2026-08-22,market,HOU_MT_01_2026,house,MT,01,win_prob_D,prob,1,0,0,0,0.41,0.41,0.41,,open,single,polymarket,2026-08-22,0
2026-08-22,market,HOU_MT_01_2026,house,MT,01,win_prob_R,prob,1,0,0,0,0.6,0.6,0.6,,open,single,polymarket,2026-08-22,0
2026-08-22,market,HOU_NC_01_2026,house,NC,01,win_prob_D,prob,1,0,0,0,0.58,0.58,0.58,,open,single,polymarket,2026-08-22,0
2026-08-22,market,HOU_NC_01_2026,house,NC,01,win_prob_R,prob,1,0,0,0,0.43,0.43,0.43,,open,single,polymarket,2026-08-22,0
2026-08-22,market,HOU_NC_11_2026,house,NC,11,win_prob_D,prob,1,0,0,0,0.59,0.59,0.59,,open,single,polymarket,2026-08-22,0
2026-08-22,market,HOU_NC_11_2026,house,NC,11,win_prob_R,prob,1,0,0,0,0.375,0.375,0.375,,open,single,polymarket,2026-08-22,0
2026-08-22,market,HOU_NE_02_2026,house,NE,02,win_prob_D,prob,1,0,0,0,0.775,0.775,0.775,,open,single,polymarket,2026-08-22,0
2026-08-22,market,HOU_NE_02_2026,house,NE,02,win_prob_R,prob,1,0,0,0,0.1665,0.1665,0.1665,,open,single,polymarket,2026-08-22,0
2026-08-22,market,HOU_NH_01_2026,house,NH,01,win_prob_D,prob,1,0,0,0,0.871,0.871,0.871,,open,single,polymarket,2026-08-22,0
2026-08-22,market,HOU_NH_01_2026,house,NH,01,win_prob_R,prob,1,0,0,0,0.125,0.125,0.125,,open,single,polymarket,2026-08-22,0
2026-08-22,market,HOU_NH_02_2026,house,NH,02,win_prob_D,prob,1,0,0,0,0.924,0.924,0.924,,open,single,polymarket,2026-08-22,0
2026-08-22,market,HOU_NH_02_2026,house,NH,02,win_prob_R,prob,1,0,0,0,0.078,0.078,0.078,,open,single,polymarket,2026-08-22,0
2026-08-22,market,HOU_NJ_05_2026,house,NJ,05,win_prob_D,prob,1,0,0,0,0.915,0.915,0.915,,open,single,polymarket,2026-08-22,0
2026-08-22,market,HOU_NJ_05_2026,house,NJ,05,win_prob_R,prob,1,0,0,0,0.085,0.085,0.085,,open,single,polymarket,2026-08-22,0
2026-08-22,market,HOU_NJ_07_2026,house,NJ,07,win_prob_D,prob,1,0,0,0,0.815,0.815,0.815,,open,single,polymarket,2026-08-22,0
2026-08-22,market,HOU_NJ_07_2026,house,NJ,07,win_prob_R,prob,1,0,0,0,0.165,0.165,0.165,,open,single,polymarket,2026-08-22,0
2026-08-22,market,HOU_NJ_09_2026,house,NJ,09,win_prob_D,prob,1,0,0,0,0.909,0.909,0.909,,open,single,polymarket,2026-08-22,0
2026-08-22,market,HOU_NJ_09_2026,house,NJ,09,win_prob_R,prob,1,0,0,0,0.0875,0.0875,0.0875,,open,single,polymarket,2026-08-22,0
2026-08-22,market,HOU_NM_02_2026,house,NM,02,win_prob_D,prob,1,0,0,0,0.885,0.885,0.885,,open,single,polymarket,2026-08-22,0
2026-08-22,market,HOU_NM_02_2026,house,NM,02,win_prob_R,prob,1,0,0,0,0.125,0.125,0.125,,open,single,polymarket,2026-08-22,0
2026-08-22,market,HOU_NV_01_2026,house,NV,01,win_prob_D,prob,1,0,0,0,0.9,0.9,0.9,,open,single,polymarket,2026-08-22,0
2026-08-22,market,HOU_NV_01_2026,house,NV,01,win_prob_R,prob,1,0,0,0,0.094,0.094,0.094,,open,single,polymarket,2026-08-22,0
2026-08-22,market,HOU_NV_03_2026,house,NV,03,win_prob_D,prob,1,0,0,0,0.895,0.895,0.895,,open,single,polymarket,2026-08-22,0
2026-08-22,market,HOU_NV_03_2026,house,NV,03,win_prob_R,prob,1,0,0,0,0.08,0.08,0.08,,open,single,polymarket,2026-08-22,0
2026-08-22,market,HOU_NV_04_2026,house,NV,04,win_prob_D,prob,1,0,0,0,0.875,0.875,0.875,,open,single,polymarket,2026-08-22,0
2026-08-22,market,HOU_NV_04_2026,house,NV,04,win_prob_R,prob,1,0,0,0,0.11,0.11,0.11,,open,single,polymarket,2026-08-22,0
2026-08-22,market,HOU_NY_03_2026,house,NY,03,win_prob_D,prob,1,0,0,0,0.855,0.855,0.855,,open,single,polymarket,2026-08-22,0
2026-08-22,market,HOU_NY_03_2026,house,NY,03,win_prob_R,prob,1,0,0,0,0.15,0.15,0.15,,open,single,polymarket,2026-08-22,0
2026-08-22,market,HOU_NY_04_2026,house,NY,04,win_prob_D,prob,1,0,0,0,0.865,0.865,0.865,,open,single,polymarket,2026-08-22,0
2026-08-22,market,HOU_NY_04_2026,house,NY,04,win_prob_R,prob,1,0,0,0,0.145,0.145,0.145,,open,single,polymarket,2026-08-22,0
2026-08-22,market,HOU_NY_17_2026,house,NY,17,win_prob_D,prob,1,0,0,0,0.67,0.67,0.67,,open,single,polymarket,2026-08-22,0
2026-08-22,market,HOU_NY_17_2026,house,NY,17,win_prob_R,prob,1,0,0,0,0.33,0.33,0.33,,open,single,polymarket,2026-08-22,0
2026-08-22,market,HOU_NY_18_2026,house,NY,18,win_prob_D,prob,1,0,0,0,0.9105,0.9105,0.9105,,open,single,polymarket,2026-08-22,0
2026-08-22,market,HOU_NY_18_2026,house,NY,18,win_prob_R,prob,1,0,0,0,0.0755,0.0755,0.0755,,open,single,polymarket,2026-08-22,0
2026-08-22,market,HOU_NY_19_2026,house,NY,19,win_prob_D,prob,1,0,0,0,0.895,0.895,0.895,,open,single,polymarket,2026-08-22,0
2026-08-22,market,HOU_NY_19_2026,house,NY,19,win_prob_R,prob,1,0,0,0,0.095,0.095,0.095,,open,single,polymarket,2026-08-22,0
2026-08-22,market,HOU_NY_22_2026,house,NY,22,win_prob_D,prob,1,0,0,0,0.92,0.92,0.92,,open,single,polymarket,2026-08-22,0
2026-08-22,market,HOU_NY_22_2026,house,NY,22,win_prob_R,prob,1,0,0,0,0.08,0.08,0.08,,open,single,polymarket,2026-08-22,0
2026-08-22,market,HOU_OH_01_2026,house,OH,01,win_prob_D,prob,1,0,0,0,0.911,0.911,0.911,,open,single,polymarket,2026-08-22,0
2026-08-22,market,HOU_OH_01_2026,house,OH,01,win_prob_R,prob,1,0,0,0,0.084,0.084,0.084,,open,single,polymarket,2026-08-22,0
2026-08-22,market,HOU_OH_09_2026,house,OH,09,win_prob_D,prob,1,0,0,0,0.705,0.705,0.705,,open,single,polymarket,2026-08-22,0
2026-08-22,market,HOU_OH_09_2026,house,OH,09,win_prob_R,prob,1,0,0,0,0.305,0.305,0.305,,open,single,polymarket,2026-08-22,0
2026-08-22,market,HOU_OH_13_2026,house,OH,13,win_prob_D,prob,1,0,0,0,0.9295,0.9295,0.9295,,open,single,polymarket,2026-08-22,0
2026-08-22,market,HOU_OH_13_2026,house,OH,13,win_prob_R,prob,1,0,0,0,0.075,0.075,0.075,,open,single,polymarket,2026-08-22,0
2026-08-22,market,HOU_OR_05_2026,house,OR,05,win_prob_D,prob,1,0,0,0,0.915,0.915,0.915,,open,single,polymarket,2026-08-22,0
2026-08-22,market,HOU_OR_05_2026,house,OR,05,win_prob_R,prob,1,0,0,0,0.0745,0.0745,0.0745,,open,single,polymarket,2026-08-22,0
2026-08-22,market,HOU_PA_01_2026,house,PA,01,win_prob_D,prob,1,0,0,0,0.65,0.65,0.65,,open,single,polymarket,2026-08-22,0
2026-08-22,market,HOU_PA_01_2026,house,PA,01,win_prob_R,prob,1,0,0,0,0.33,0.33,0.33,,open,single,polymarket,2026-08-22,0
2026-08-22,market,HOU_PA_07_2026,house,PA,07,win_prob_D,prob,1,0,0,0,0.76,0.76,0.76,,open,single,polymarket,2026-08-22,0
2026-08-22,market,HOU_PA_07_2026,house,PA,07,win_prob_R,prob,1,0,0,0,0.245,0.245,0.245,,open,single,polymarket,2026-08-22,0
2026-08-22,market,HOU_PA_08_2026,house,PA,08,win_prob_D,prob,1,0,0,0,0.7,0.7,0.7,,open,single,polymarket,2026-08-22,0
2026-08-22,market,HOU_PA_08_2026,house,PA,08,win_prob_R,prob,1,0,0,0,0.315,0.315,0.315,,open,single,polymarket,2026-08-22,0
2026-08-22,market,HOU_PA_10_2026,house,PA,10,win_prob_D,prob,1,0,0,0,0.77,0.77,0.77,,open,single,polymarket,2026-08-22,0
2026-08-22,market,HOU_PA_10_2026,house,PA,10,win_prob_R,prob,1,0,0,0,0.235,0.235,0.235,,open,single,polymarket,2026-08-22,0
2026-08-22,market,HOU_PA_17_2026,house,PA,17,win_prob_D,prob,1,0,0,0,0.895,0.895,0.895,,open,single,polymarket,2026-08-22,0
2026-08-22,market,HOU_PA_17_2026,house,PA,17,win_prob_R,prob,1,0,0,0,0.085,0.085,0.085,,open,single,polymarket,2026-08-22,0
2026-08-22,market,HOU_TX_09_2026,house,TX,09,win_prob_D,prob,1,0,0,0,0.14,0.14,0.14,,open,single,polymarket,2026-08-22,0
2026-08-22,market,HOU_TX_09_2026,house,TX,09,win_prob_R,prob,1,0,0,0,0.855,0.855,0.855,,open,single,polymarket,2026-08-22,0
2026-08-22,market,HOU_TX_15_2026,house,TX,15,win_prob_D,prob,1,0,0,0,0.53,0.53,0.53,,open,single,polymarket,2026-08-22,0
2026-08-22,market,HOU_TX_15_2026,house,TX,15,win_prob_R,prob,1,0,0,0,0.465,0.465,0.465,,open,single,polymarket,2026-08-22,0
2026-08-22,market,HOU_TX_18_2026,house,TX,18,win_prob_D,prob,1,0,0,0,0.9745,0.9745,0.9745,,open,single,polymarket,2026-08-22,0
2026-08-22,market,HOU_TX_18_2026,house,TX,18,win_prob_R,prob,1,0,0,0,0.029,0.029,0.029,,open,single,polymarket,2026-08-22,0
2026-08-22,market,HOU_TX_28_2026,house,TX,28,win_prob_D,prob,1,0,0,0,0.825,0.825,0.825,,open,single,polymarket,2026-08-22,0
2026-08-22,market,HOU_TX_28_2026,house,TX,28,win_prob_R,prob,1,0,0,0,0.175,0.175,0.175,,open,single,polymarket,2026-08-22,0
2026-08-22,market,HOU_TX_32_2026,house,TX,32,win_prob_D,prob,1,0,0,0,0.23,0.23,0.23,,open,single,polymarket,2026-08-22,0
2026-08-22,market,HOU_TX_32_2026,house,TX,32,win_prob_R,prob,1,0,0,0,0.765,0.765,0.765,,open,single,polymarket,2026-08-22,0
2026-08-22,market,HOU_TX_34_2026,house,TX,34,win_prob_D,prob,1,0,0,0,0.73,0.73,0.73,,open,single,polymarket,2026-08-22,0
2026-08-22,market,HOU_TX_34_2026,house,TX,34,win_prob_R,prob,1,0,0,0,0.24,0.24,0.24,,open,single,polymarket,2026-08-22,0
2026-08-22,market,HOU_TX_35_2026,house,TX,35,win_prob_D,prob,1,0,0,0,0.545,0.545,0.545,,open,single,polymarket,2026-08-22,0
2026-08-22,market,HOU_TX_35_2026,house,TX,35,win_prob_R,prob,1,0,0,0,0.445,0.445,0.445,,open,single,polymarket,2026-08-22,0
2026-08-22,market,HOU_UT_01_2026,house,UT,01,win_prob_D,prob,1,0,0,0,0.945,0.945,0.945,,open,single,polymarket,2026-08-22,0
2026-08-22,market,HOU_UT_01_2026,house,UT,01,win_prob_R,prob,1,0,0,0,0.059,0.059,0.059,,open,single,polymarket,2026-08-22,0
2026-08-22,market,HOU_UT_02_2026,house,UT,02,win_prob_D,prob,1,0,0,0,0.045,0.045,0.045,,open,single,polymarket,2026-08-22,0
2026-08-22,market,HOU_UT_02_2026,house,UT,02,win_prob_R,prob,1,0,0,0,0.945,0.945,0.945,,open,single,polymarket,2026-08-22,0
2026-08-22,market,HOU_UT_03_2026,house,UT,03,win_prob_D,prob,1,0,0,0,0.055,0.055,0.055,,open,single,polymarket,2026-08-22,0
2026-08-22,market,HOU_UT_03_2026,house,UT,03,win_prob_R,prob,1,0,0,0,0.935,0.935,0.935,,open,single,polymarket,2026-08-22,0
2026-08-22,market,HOU_VA_01_2026,house,VA,01,win_prob_D,prob,1,0,0,0,0.545,0.545,0.545,,open,single,polymarket,2026-08-22,0
2026-08-22,market,HOU_VA_01_2026,house,VA,01,win_prob_R,prob,1,0,0,0,0.455,0.455,0.455,,open,single,polymarket,2026-08-22,0
2026-08-22,market,HOU_VA_02_2026,house,VA,02,win_prob_D,prob,1,0,0,0,0.835,0.835,0.835,,open,single,polymarket,2026-08-22,0
2026-08-22,market,HOU_VA_02_2026,house,VA,02,win_prob_R,prob,1,0,0,0,0.165,0.165,0.165,,open,single,polymarket,2026-08-22,0
2026-08-22,market,HOU_VA_07_2026,house,VA,07,win_prob_D,prob,1,0,0,0,0.915,0.915,0.915,,open,single,polymarket,2026-08-22,0
2026-08-22,market,HOU_VA_07_2026,house,VA,07,win_prob_R,prob,1,0,0,0,0.082,0.082,0.082,,open,single,polymarket,2026-08-22,0
2026-08-22,market,HOU_VA_10_2026,house,VA,10,win_prob_D,prob,1,0,0,0,0.945,0.945,0.945,,open,single,polymarket,2026-08-22,0
2026-08-22,market,HOU_VA_10_2026,house,VA,10,win_prob_R,prob,1,0,0,0,0.0445,0.0445,0.0445,,open,single,polymarket,2026-08-22,0
2026-08-22,market,HOU_WA_03_2026,house,WA,03,win_prob_D,prob,1,0,0,0,0.86,0.86,0.86,,open,single,polymarket,2026-08-22,0
2026-08-22,market,HOU_WA_03_2026,house,WA,03,win_prob_R,prob,1,0,0,0,0.13,0.13,0.13,,open,single,polymarket,2026-08-22,0
2026-08-22,market,HOU_WA_08_2026,house,WA,08,win_prob_D,prob,1,0,0,0,0.954,0.954,0.954,,open,single,polymarket,2026-08-22,0
2026-08-22,market,HOU_WA_08_2026,house,WA,08,win_prob_R,prob,1,0,0,0,0.042,0.042,0.042,,open,single,polymarket,2026-08-22,0
2026-08-22,market,HOU_WI_01_2026,house,WI,01,win_prob_D,prob,1,0,0,0,0.335,0.335,0.335,,open,single,polymarket,2026-08-22,0
2026-08-22,market,HOU_WI_01_2026,house,WI,01,win_prob_R,prob,1,0,0,0,0.63,0.63,0.63,,open,single,polymarket,2026-08-22,0
2026-08-22,market,HOU_WI_03_2026,house,WI,03,win_prob_D,prob,1,0,0,0,0.705,0.705,0.705,,open,single,polymarket,2026-08-22,0
2026-08-22,market,HOU_WI_03_2026,house,WI,03,win_prob_R,prob,1,0,0,0,0.3,0.3,0.3,,open,single,polymarket,2026-08-22,0
2026-08-22,market,NATL_HOUSE_2026,national,,,margin_D,margin,2,0,0,0,7.7122,7.6375,7.7868,0.1056,open,thin,,2026-08-22,0
2026-08-22,market,NATL_HOUSE_2026,national,,,seats_D,seats,1,0,0,0,230.01,230.01,230.01,,open,single,kalshi,2026-08-22,0
2026-08-22,market,NATL_HOUSE_2026,national,,,win_prob_D,prob,3,0,0,0,0.8274,0.7991,0.8732,0.04,open,ok,,2026-08-22,0
2026-08-22,market,NATL_HOUSE_2026,national,,,win_prob_R,prob,2,0,0,0,0.1411,0.0921,0.19,0.0692,open,thin,,2026-08-22,0
2026-08-22,market,NATL_SENATE_2026,national,,,seats_D,seats,1,0,0,0,49.87,49.87,49.87,,open,single,kalshi,2026-08-22,0
2026-08-22,market,NATL_SENATE_2026,national,,,win_prob_D,prob,3,0,0,0,0.4851,0.4702,0.505,0.0179,open,ok,,2026-08-22,0
2026-08-22,market,NATL_SENATE_2026,national,,,win_prob_R,prob,2,0,0,0,0.4014,0.2627,0.54,0.196,open,thin,,2026-08-22,0
2026-08-22,market,SEN_AK_2026,senate,AK,,win_prob_D,prob,1,0,0,0,0.6,0.6,0.6,,open,single,predictit,2026-08-22,0
2026-08-22,market,SEN_AK_2026,senate,AK,,win_prob_R,prob,1,0,0,0,0.46,0.46,0.46,,open,single,predictit,2026-08-22,0
2026-08-22,market,SEN_AL_2026,senate,AL,,win_prob_D,prob,2,0,0,0,0.0325,0.02,0.045,0.0177,open,thin,,2026-08-22,0
2026-08-22,market,SEN_AL_2026,senate,AL,,win_prob_R,prob,2,0,0,0,0.9675,0.955,0.98,0.0177,open,thin,,2026-08-22,0
2026-08-22,market,SEN_AR_2026,senate,AR,,win_prob_D,prob,2,0,0,0,0.0615,0.053,0.07,0.012,open,thin,,2026-08-22,0
2026-08-22,market,SEN_AR_2026,senate,AR,,win_prob_R,prob,2,0,0,0,0.939,0.938,0.94,0.0014,open,thin,,2026-08-22,0
2026-08-22,market,SEN_CO_2026,senate,CO,,win_prob_D,prob,2,0,0,0,0.936,0.91,0.962,0.0368,open,thin,,2026-08-22,0
2026-08-22,market,SEN_CO_2026,senate,CO,,win_prob_R,prob,2,0,0,0,0.0403,0.0305,0.05,0.0138,open,thin,,2026-08-22,0
2026-08-22,market,SEN_DE_2026,senate,DE,,win_prob_D,prob,2,0,0,0,0.96,0.96,0.96,0.0,open,thin,,2026-08-22,0
2026-08-22,market,SEN_DE_2026,senate,DE,,win_prob_R,prob,2,0,0,0,0.0475,0.045,0.05,0.0035,open,thin,,2026-08-22,0
2026-08-22,market,SEN_FL_2026,senate,FL,,win_prob_D,prob,2,0,0,0,0.0975,0.085,0.11,0.0177,open,thin,,2026-08-22,0
2026-08-22,market,SEN_FL_2026,senate,FL,,win_prob_R,prob,2,0,0,0,0.905,0.89,0.92,0.0212,open,thin,,2026-08-22,0
2026-08-22,market,SEN_GA_2026,senate,GA,,win_prob_D,prob,2,0,0,0,0.915,0.9,0.93,0.0212,open,thin,,2026-08-22,0
2026-08-22,market,SEN_GA_2026,senate,GA,,win_prob_R,prob,2,0,0,0,0.0973,0.0745,0.12,0.0322,open,thin,,2026-08-22,0
2026-08-22,market,SEN_IA_2026,senate,IA,,win_prob_D,prob,2,0,0,0,0.4125,0.405,0.42,0.0106,open,thin,,2026-08-22,0
2026-08-22,market,SEN_IA_2026,senate,IA,,win_prob_R,prob,2,0,0,0,0.6025,0.6,0.605,0.0035,open,thin,,2026-08-22,0
2026-08-22,market,SEN_ID_2026,senate,ID,,win_prob_D,prob,2,0,0,0,0.0405,0.04,0.041,0.0007,open,thin,,2026-08-22,0
2026-08-22,market,SEN_ID_2026,senate,ID,,win_prob_R,prob,2,0,0,0,0.9278,0.9,0.9555,0.0392,open,thin,,2026-08-22,0
2026-08-22,market,SEN_IL_2026,senate,IL,,win_prob_D,prob,2,0,0,0,0.9647,0.9595,0.97,0.0074,open,thin,,2026-08-22,0
2026-08-22,market,SEN_IL_2026,senate,IL,,win_prob_R,prob,2,0,0,0,0.034,0.03,0.038,0.0057,open,thin,,2026-08-22,0
2026-08-22,market,SEN_KS_2026,senate,KS,,win_prob_D,prob,2,0,0,0,0.195,0.19,0.2,0.0071,open,thin,,2026-08-22,0
2026-08-22,market,SEN_KS_2026,senate,KS,,win_prob_R,prob,2,0,0,0,0.8075,0.8,0.815,0.0106,open,thin,,2026-08-22,0
2026-08-22,market,SEN_KY_2026,senate,KY,,win_prob_D,prob,2,0,0,0,0.0575,0.045,0.07,0.0177,open,thin,,2026-08-22,0
2026-08-22,market,SEN_KY_2026,senate,KY,,win_prob_R,prob,2,0,0,0,0.9463,0.94,0.9525,0.0088,open,thin,,2026-08-22,0
2026-08-22,market,SEN_LA_2026,senate,LA,,win_prob_D,prob,2,0,0,0,0.0575,0.05,0.065,0.0106,open,thin,,2026-08-22,0
2026-08-22,market,SEN_LA_2026,senate,LA,,win_prob_R,prob,2,0,0,0,0.9275,0.925,0.93,0.0035,open,thin,,2026-08-22,0
2026-08-22,market,SEN_MA_2026,senate,MA,,win_prob_D,prob,2,0,0,0,0.9657,0.95,0.9815,0.0223,open,thin,,2026-08-22,0
2026-08-22,market,SEN_MA_2026,senate,MA,,win_prob_R,prob,2,0,0,0,0.0312,0.0125,0.05,0.0265,open,thin,,2026-08-22,0
2026-08-22,market,SEN_ME_2026,senate,ME,,win_prob_D,prob,2,0,0,0,0.6675,0.64,0.695,0.0389,open,thin,,2026-08-22,0
2026-08-22,market,SEN_ME_2026,senate,ME,,win_prob_R,prob,2,0,0,0,0.345,0.31,0.38,0.0495,open,thin,,2026-08-22,0
2026-08-22,market,SEN_MI_2026,senate,MI,,win_prob_D,prob,2,0,0,0,0.62,0.6,0.64,0.0283,open,thin,,2026-08-22,0
2026-08-22,market,SEN_MI_2026,senate,MI,,win_prob_R,prob,2,0,0,0,0.3825,0.365,0.4,0.0247,open,thin,,2026-08-22,0
2026-08-22,market,SEN_MN_2026,senate,MN,,win_prob_D,prob,2,0,0,0,0.8925,0.88,0.905,0.0177,open,thin,,2026-08-22,0
2026-08-22,market,SEN_MN_2026,senate,MN,,win_prob_R,prob,2,0,0,0,0.11,0.09,0.13,0.0283,open,thin,,2026-08-22,0
2026-08-22,market,SEN_MS_2026,senate,MS,,win_prob_D,prob,2,0,0,0,0.0775,0.075,0.08,0.0035,open,thin,,2026-08-22,0
2026-08-22,market,SEN_MS_2026,senate,MS,,win_prob_R,prob,2,0,0,0,0.9225,0.92,0.925,0.0035,open,thin,,2026-08-22,0
2026-08-22,market,SEN_MT_2026,senate,MT,,win_prob_D,prob,2,0,0,0,0.0088,0.0075,0.01,0.0018,open,thin,,2026-08-22,0
2026-08-22,market,SEN_MT_2026,senate,MT,,win_prob_R,prob,2,0,0,0,0.9125,0.9,0.925,0.0177,open,thin,,2026-08-22,0
2026-08-22,market,SEN_NC_2026,senate,NC,,win_prob_D,prob,2,0,0,0,0.9075,0.9,0.915,0.0106,open,thin,,2026-08-22,0
2026-08-22,market,SEN_NC_2026,senate,NC,,win_prob_R,prob,2,0,0,0,0.095,0.09,0.1,0.0071,open,thin,,2026-08-22,0
2026-08-22,market,SEN_NE_2026,senate,NE,,win_prob_D,prob,2,0,0,0,0.0063,0.0025,0.01,0.0053,open,thin,,2026-08-22,0
2026-08-22,market,SEN_NE_2026,senate,NE,,win_prob_R,prob,2,0,0,0,0.7225,0.705,0.74,0.0247,open,thin,,2026-08-22,0
2026-08-22,market,SEN_NH_2026,senate,NH,,win_prob_D,prob,2,0,0,0,0.8775,0.86,0.895,0.0247,open,thin,,2026-08-22,0
2026-08-22,market,SEN_NH_2026,senate,NH,,win_prob_R,prob,2,0,0,0,0.1325,0.105,0.16,0.0389,open,thin,,2026-08-22,0
2026-08-22,market,SEN_NJ_2026,senate,NJ,,win_prob_D,prob,2,0,0,0,0.9632,0.96,0.9665,0.0046,open,thin,,2026-08-22,0
2026-08-22,market,SEN_NJ_2026,senate,NJ,,win_prob_R,prob,2,0,0,0,0.041,0.032,0.05,0.0127,open,thin,,2026-08-22,0
2026-08-22,market,SEN_NM_2026,senate,NM,,win_prob_D,prob,2,0,0,0,0.9557,0.95,0.9615,0.0081,open,thin,,2026-08-22,0
2026-08-22,market,SEN_NM_2026,senate,NM,,win_prob_R,prob,2,0,0,0,0.0335,0.03,0.037,0.0049,open,thin,,2026-08-22,0
2026-08-22,market,SEN_OH_2026,senate,OH,,win_prob_D,prob,2,0,0,0,0.5275,0.52,0.535,0.0106,open,thin,,2026-08-22,0
2026-08-22,market,SEN_OH_2026,senate,OH,,win_prob_R,prob,2,0,0,0,0.4825,0.475,0.49,0.0106,open,thin,,2026-08-22,0
2026-08-22,market,SEN_OK_2026,senate,OK,,win_prob_D,prob,2,0,0,0,0.0573,0.0345,0.08,0.0322,open,thin,,2026-08-22,0
2026-08-22,market,SEN_OK_2026,senate,OK,,win_prob_R,prob,2,0,0,0,0.9525,0.95,0.955,0.0035,open,thin,,2026-08-22,0
2026-08-22,market,SEN_OR_2026,senate,OR,,win_prob_D,prob,2,0,0,0,0.9617,0.96,0.9635,0.0025,open,thin,,2026-08-22,0
2026-08-22,market,SEN_OR_2026,senate,OR,,win_prob_R,prob,2,0,0,0,0.0302,0.0205,0.04,0.0138,open,thin,,2026-08-22,0
2026-08-22,market,SEN_RI_2026,senate,RI,,win_prob_D,prob,2,0,0,0,0.96,0.96,0.96,0.0,open,thin,,2026-08-22,0
2026-08-22,market,SEN_RI_2026,senate,RI,,win_prob_R,prob,2,0,0,0,0.0348,0.03,0.0395,0.0067,open,thin,,2026-08-22,0
2026-08-22,market,SEN_SC_2026,senate,SC,,win_prob_D,prob,2,0,0,0,0.105,0.1,0.11,0.0071,open,thin,,2026-08-22,0
2026-08-22,market,SEN_SC_2026,senate,SC,,win_prob_R,prob,2,0,0,0,0.885,0.88,0.89,0.0071,open,thin,,2026-08-22,0
2026-08-22,market,SEN_SD_2026,senate,SD,,win_prob_D,prob,2,0,0,0,0.0258,0.02,0.0315,0.0081,open,thin,,2026-08-22,0
2026-08-22,market,SEN_SD_2026,senate,SD,,win_prob_R,prob,2,0,0,0,0.962,0.954,0.97,0.0113,open,thin,,2026-08-22,0
2026-08-22,market,SEN_TN_2026,senate,TN,,win_prob_D,prob,2,0,0,0,0.0403,0.0305,0.05,0.0138,open,thin,,2026-08-22,0
2026-08-22,market,SEN_TN_2026,senate,TN,,win_prob_R,prob,2,0,0,0,0.9635,0.96,0.967,0.0049,open,thin,,2026-08-22,0
2026-08-22,market,SEN_TX_2026,senate,TX,,win_prob_D,prob,2,0,0,0,0.4925,0.47,0.515,0.0318,open,thin,,2026-08-22,0
2026-08-22,market,SEN_TX_2026,senate,TX,,win_prob_R,prob,2,0,0,0,0.5075,0.485,0.53,0.0318,open,thin,,2026-08-22,0
2026-08-22,market,SEN_VA_2026,senate,VA,,win_prob_D,prob,2,0,0,0,0.955,0.95,0.96,0.0071,open,thin,,2026-08-22,0
2026-08-22,market,SEN_VA_2026,senate,VA,,win_prob_R,prob,2,0,0,0,0.0475,0.045,0.05,0.0035,open,thin,,2026-08-22,0
2026-08-22,market,SEN_WV_2026,senate,WV,,win_prob_D,prob,2,0,0,0,0.031,0.022,0.04,0.0127,open,thin,,2026-08-22,0
2026-08-22,market,SEN_WV_2026,senate,WV,,win_prob_R,prob,2,0,0,0,0.9563,0.95,0.9625,0.0088,open,thin,,2026-08-22,0
2026-08-22,market,SEN_WY_2026,senate,WY,,win_prob_D,prob,2,0,0,0,0.0287,0.0275,0.03,0.0018,open,thin,,2026-08-22,0
2026-08-22,market,SEN_WY_2026,senate,WY,,win_prob_R,prob,2,0,0,0,0.972,0.964,0.98,0.0113,open,thin,,2026-08-22,0
2026-08-22,polling,NATL_HOUSE_2026,national,,,margin_D,pct,4,4,0,0,6.1898,5.9,6.4,0.2513,gated,ok,,2026-08-22,0
2026-08-22,polling,NATL_HOUSE_2026,national,,,seats_D,seats,4,3,0,0,229.18,227.37,230.09,1.226,gated,ok,,2026-08-22,0
2026-08-22,polling,NATL_HOUSE_2026,national,,,win_prob_D,prob,4,3,0,0,0.729,0.6966,0.7452,0.022,gated,ok,,2026-08-22,0
2026-08-22,polling,NATL_SENATE_2026,national,,,seats_D,seats,4,3,0,0,49.3425,49.15,49.44,0.1305,gated,ok,,2026-08-22,0
2026-08-22,polling,NATL_SENATE_2026,national,,,win_prob_D,prob,4,3,0,0,0.2752,0.2457,0.2903,0.02,gated,ok,,2026-08-22,0
2026-08-22,polling,SEN_AK_2026,senate,AK,,margin_D,margin,4,3,0,0,-6.6,-7.0,-6.4,0.2708,gated,ok,,2026-08-22,0
2026-08-22,polling,SEN_AK_2026,senate,AK,,win_prob_D,prob,4,3,0,0,0.157,0.1426,0.1643,0.0097,gated,ok,,2026-08-22,0
2026-08-22,polling,SEN_AL_2026,senate,AL,,margin_D,margin,4,3,0,0,-23.32,-23.72,-23.12,0.2708,gated,ok,,2026-08-22,0
2026-08-22,polling,SEN_AL_2026,senate,AL,,win_prob_D,prob,4,3,0,0,0.0002,0.0001,0.0002,0.0001,gated,ok,,2026-08-22,0
2026-08-22,polling,SEN_AR_2026,senate,AR,,margin_D,margin,4,3,0,0,-24.32,-24.72,-24.12,0.2708,gated,ok,,2026-08-22,0
2026-08-22,polling,SEN_AR_2026,senate,AR,,win_prob_D,prob,4,3,0,0,0.0001,0.0001,0.0001,0.0,gated,ok,,2026-08-22,0
2026-08-22,polling,SEN_CO_2026,senate,CO,,margin_D,margin,4,3,0,0,18.24,17.84,18.44,0.2708,gated,ok,,2026-08-22,0
2026-08-22,polling,SEN_CO_2026,senate,CO,,win_prob_D,prob,4,3,0,0,0.9973,0.9968,0.9976,0.0003,gated,ok,,2026-08-22,0
2026-08-22,polling,SEN_DE_2026,senate,DE,,margin_D,margin,4,3,0,0,22.32,21.92,22.52,0.2708,gated,ok,,2026-08-22,0
2026-08-22,polling,SEN_DE_2026,senate,DE,,win_prob_D,prob,4,3,0,0,0.9997,0.9996,0.9997,0.0,gated,ok,,2026-08-22,0
2026-08-22,polling,SEN_FL_2026,senate,FL,,margin_D,margin,4,3,0,0,-4.48,-4.88,-4.28,0.2708,gated,ok,,2026-08-22,0
2026-08-22,polling,SEN_FL_2026,senate,FL,,win_prob_D,prob,4,3,0,0,0.2471,0.2281,0.2567,0.0129,gated,ok,,2026-08-22,0
2026-08-22,polling,SEN_GA_2026,senate,GA,,margin_D,margin,4,3,0,0,4.7,4.3,4.9,0.2708,gated,ok,,2026-08-22,0
2026-08-22,polling,SEN_GA_2026,senate,GA,,win_prob_D,prob,4,3,0,0,0.7633,0.7442,0.7728,0.0129,gated,ok,,2026-08-22,0
2026-08-22,polling,SEN_IA_2026,senate,IA,,margin_D,margin,4,3,0,0,-5.88,-6.28,-5.68,0.2708,gated,ok,,2026-08-22,0
2026-08-22,polling,SEN_IA_2026,senate,IA,,win_prob_D,prob,4,3,0,0,0.1848,0.1688,0.1929,0.0109,gated,ok,,2026-08-22,0
2026-08-22,polling,SEN_ID_2026,senate,ID,,margin_D,margin,4,3,0,0,-29.78,-30.18,-29.58,0.2708,gated,ok,,2026-08-22,0
2026-08-22,polling,SEN_ID_2026,senate,ID,,win_prob_D,prob,4,3,0,0,0.0,0.0,0.0,0.0,gated,ok,,2026-08-22,0
2026-08-22,polling,SEN_IL_2026,senate,IL,,margin_D,margin,4,3,0,0,18.98,18.58,19.18,0.2708,gated,ok,,2026-08-22,0
2026-08-22,polling,SEN_IL_2026,senate,IL,,win_prob_D,prob,4,3,0,0,0.9981,0.9977,0.9983,0.0003,gated,ok,,2026-08-22,0
2026-08-22,polling,SEN_KS_2026,senate,KS,,margin_D,margin,4,3,0,0,-9.76,-10.16,-9.56,0.2708,gated,ok,,2026-08-22,0
2026-08-22,polling,SEN_KS_2026,senate,KS,,win_prob_D,prob,4,3,0,0,0.0682,0.0604,0.0722,0.0053,gated,ok,,2026-08-22,0
2026-08-22,polling,SEN_KY_2026,senate,KY,,margin_D,margin,4,3,0,0,-23.58,-23.98,-23.38,0.2708,gated,ok,,2026-08-22,0
2026-08-22,polling,SEN_KY_2026,senate,KY,,win_prob_D,prob,4,3,0,0,0.0002,0.0001,0.0002,0.0001,gated,ok,,2026-08-22,0
2026-08-22,polling,SEN_LA_2026,senate,LA,,margin_D,margin,4,3,0,0,-15.2,-15.6,-15.0,0.2708,gated,ok,,2026-08-22,0
2026-08-22,polling,SEN_LA_2026,senate,LA,,win_prob_D,prob,4,3,0,0,0.0102,0.0086,0.011,0.0011,gated,ok,,2026-08-22,0
2026-08-22,polling,SEN_MA_2026,senate,MA,,margin_D,margin,4,3,0,0,34.28,33.88,34.48,0.2708,gated,ok,,2026-08-22,0
2026-08-22,polling,SEN_MA_2026,senate,MA,,win_prob_D,prob,4,3,0,0,1.0,1.0,1.0,0.0,gated,ok,,2026-08-22,0
2026-08-22,polling,SEN_ME_2026,senate,ME,,margin_D,margin,4,3,0,0,13.94,13.54,14.14,0.2708,gated,ok,,2026-08-22,0
2026-08-22,polling,SEN_ME_2026,senate,ME,,win_prob_D,prob,4,3,0,0,0.9833,0.9806,0.9846,0.0018,gated,ok,,2026-08-22,0
2026-08-22,polling,SEN_MI_2026,senate,MI,,margin_D,margin,4,3,0,0,5.92,5.52,6.12,0.2708,gated,ok,,2026-08-22,0
2026-08-22,polling,SEN_MI_2026,senate,MI,,win_prob_D,prob,4,3,0,0,0.8168,0.8003,0.8249,0.0112,gated,ok,,2026-08-22,0
2026-08-22,polling,SEN_MN_2026,senate,MN,,margin_D,margin,4,3,0,0,11.36,10.96,11.56,0.2708,gated,ok,,2026-08-22,0
2026-08-22,polling,SEN_MN_2026,senate,MN,,win_prob_D,prob,4,3,0,0,0.9585,0.9529,0.9612,0.0038,gated,ok,,2026-08-22,0
2026-08-22,polling,SEN_MS_2026,senate,MS,,margin_D,margin,4,3,0,0,-15.26,-15.66,-15.06,0.2708,gated,ok,,2026-08-22,0
2026-08-22,polling,SEN_MS_2026,senate,MS,,win_prob_D,prob,4,3,0,0,0.0099,0.0084,0.0107,0.001,gated,ok,,2026-08-22,0
2026-08-22,polling,SEN_MT_2026,senate,MT,,margin_D,margin,4,3,0,0,-13.34,-13.74,-13.14,0.2708,gated,ok,,2026-08-22,0
2026-08-22,polling,SEN_MT_2026,senate,MT,,win_prob_D,prob,4,3,0,0,0.0209,0.018,0.0224,0.002,gated,ok,,2026-08-22,0
2026-08-22,polling,SEN_NC_2026,senate,NC,,margin_D,margin,4,3,0,0,3.5,3.1,3.7,0.2708,gated,ok,,2026-08-22,0
2026-08-22,polling,SEN_NC_2026,senate,NC,,win_prob_D,prob,4,3,0,0,0.7033,0.682,0.7139,0.0144,gated,ok,,2026-08-22,0
2026-08-22,polling,SEN_NE_2026,senate,NE,,margin_D,margin,4,3,0,0,-14.24,-14.64,-14.04,0.2708,gated,ok,,2026-08-22,0
2026-08-22,polling,SEN_NE_2026,senate,NE,,win_prob_D,prob,4,3,0,0,0.0149,0.0127,0.016,0.0015,gated,ok,,2026-08-22,0
2026-08-22,polling,SEN_NH_2026,senate,NH,,margin_D,margin,4,3,0,0,10.28,9.88,10.48,0.2708,gated,ok,,2026-08-22,0
2026-08-22,polling,SEN_NH_2026,senate,NH,,win_prob_D,prob,4,3,0,0,0.9416,0.9343,0.9452,0.0049,gated,ok,,2026-08-22,0
2026-08-22,polling,SEN_NJ_2026,senate,NJ,,margin_D,margin,4,3,0,0,14.84,14.44,15.04,0.2708,gated,ok,,2026-08-22,0
2026-08-22,polling,SEN_NJ_2026,senate,NJ,,win_prob_D,prob,4,3,0,0,0.9882,0.9863,0.9892,0.0013,gated,ok,,2026-08-22,0
2026-08-22,polling,SEN_NM_2026,senate,NM,,margin_D,margin,4,3,0,0,13.66,13.26,13.86,0.2708,gated,ok,,2026-08-22,0
2026-08-22,polling,SEN_NM_2026,senate,NM,,win_prob_D,prob,4,3,0,0,0.9814,0.9785,0.9828,0.002,gated,ok,,2026-08-22,0
2026-08-22,polling,SEN_OH_2026,senate,OH,,margin_D,margin,4,3,0,0,-4.24,-4.64,-4.04,0.2708,gated,ok,,2026-08-22,0
2026-08-22,polling,SEN_OH_2026,senate,OH,,win_prob_D,prob,4,3,0,0,0.2589,0.2393,0.2687,0.0132,gated,ok,,2026-08-22,0
2026-08-22,polling,SEN_OK_2026,senate,OK,,margin_D,margin,4,3,0,0,-28.38,-28.78,-28.18,0.2708,gated,ok,,2026-08-22,0
2026-08-22,polling,SEN_OK_2026,senate,OK,,win_prob_D,prob,4,3,0,0,0.0,0.0,0.0,0.0,gated,ok,,2026-08-22,0
2026-08-22,polling,SEN_OR_2026,senate,OR,,margin_D,margin,4,3,0,0,21.6,21.2,21.8,0.2708,gated,ok,,2026-08-22,0
2026-08-22,polling,SEN_OR_2026,senate,OR,,win_prob_D,prob,4,3,0,0,0.9995,0.9994,0.9996,0.0001,gated,ok,,2026-08-22,0
2026-08-22,polling,SEN_RI_2026,senate,RI,,margin_D,margin,4,3,0,0,22.22,21.82,22.42,0.2708,gated,ok,,2026-08-22,0
2026-08-22,polling,SEN_RI_2026,senate,RI,,win_prob_D,prob,4,3,0,0,0.9997,0.9996,0.9997,0.0,gated,ok,,2026-08-22,0
2026-08-22,polling,SEN_SC_2026,senate,SC,,margin_D,margin,4,3,0,0,-10.26,-10.66,-10.06,0.2708,gated,ok,,2026-08-22,0
2026-08-22,polling,SEN_SC_2026,senate,SC,,win_prob_D,prob,4,3,0,0,0.0587,0.0518,0.0623,0.0047,gated,ok,,2026-08-22,0
2026-08-22,polling,SEN_SD_2026,senate,SD,,margin_D,margin,4,3,0,0,-22.84,-23.24,-22.64,0.2708,gated,ok,,2026-08-22,0
2026-08-22,polling,SEN_SD_2026,senate,SD,,win_prob_D,prob,4,3,0,0,0.0003,0.0002,0.0003,0.0,gated,ok,,2026-08-22,0
2026-08-22,polling,SEN_TN_2026,senate,TN,,margin_D,margin,4,3,0,0,-22.22,-22.62,-22.02,0.2708,gated,ok,,2026-08-22,0
2026-08-22,polling,SEN_TN_2026,senate,TN,,win_prob_D,prob,4,3,0,0,0.0004,0.0003,0.0004,0.0001,gated,ok,,2026-08-22,0
2026-08-22,polling,SEN_TX_2026,senate,TX,,margin_D,margin,4,3,0,0,-5.54,-5.94,-5.34,0.2708,gated,ok,,2026-08-22,0
2026-08-22,polling,SEN_TX_2026,senate,TX,,win_prob_D,prob,4,3,0,0,0.199,0.1822,0.2075,0.0114,gated,ok,,2026-08-22,0
2026-08-22,polling,SEN_VA_2026,senate,VA,,margin_D,margin,4,3,0,0,13.28,12.88,13.48,0.2708,gated,ok,,2026-08-22,0
2026-08-22,polling,SEN_VA_2026,senate,VA,,win_prob_D,prob,4,3,0,0,0.9787,0.9754,0.9802,0.0022,gated,ok,,2026-08-22,0
2026-08-22,polling,SEN_WV_2026,senate,WV,,margin_D,margin,4,3,0,0,-35.62,-36.02,-35.42,0.2708,gated,ok,,2026-08-22,0
2026-08-22,polling,SEN_WV_2026,senate,WV,,win_prob_D,prob,4,3,0,0,0.0,0.0,0.0,0.0,gated,ok,,2026-08-22,0
2026-08-22,polling,SEN_WY_2026,senate,WY,,margin_D,margin,4,3,0,0,-40.16,-40.56,-39.96,0.2708,gated,ok,,2026-08-22,0
2026-08-22,polling,SEN_WY_2026,senate,WY,,win_prob_D,prob,4,3,0,0,0.0,0.0,0.0,0.0,gated,ok,,2026-08-22,0
2026-08-22,professional,HOU_AK_01_2026,house,AK,01,margin_D,pct,1,0,0,0,-3.64,-3.64,-3.64,,open,single,grant_williams,2026-08-22,0
2026-08-22,professional,HOU_AK_01_2026,house,AK,01,win_prob_D,prob,1,0,1,1,0.2772,0.2772,0.2772,,open,single,grant_williams,2026-08-22,0
2026-08-22,professional,HOU_AL_01_2026,house,AL,01,margin_D,pct,1,0,0,0,-11.74,-11.74,-11.74,,open,single,grant_williams,2026-08-22,0
2026-08-22,professional,HOU_AL_01_2026,house,AL,01,win_prob_D,prob,1,0,1,1,0.0379,0.0379,0.0379,,open,single,grant_williams,2026-08-22,0
2026-08-22,professional,HOU_AL_02_2026,house,AL,02,margin_D,pct,1,0,0,0,1.44,1.44,1.44,,open,single,grant_williams,2026-08-22,0
2026-08-22,professional,HOU_AL_02_2026,house,AL,02,win_prob_D,prob,1,0,1,1,0.5899,0.5899,0.5899,,open,single,grant_williams,2026-08-22,0
2026-08-22,professional,HOU_AL_03_2026,house,AL,03,margin_D,pct,1,0,0,0,-20.97,-20.97,-20.97,,open,single,grant_williams,2026-08-22,0
2026-08-22,professional,HOU_AL_03_2026,house,AL,03,win_prob_D,prob,1,0,1,1,0.0027,0.0027,0.0027,,open,single,grant_williams,2026-08-22,0
2026-08-22,professional,HOU_AL_04_2026,house,AL,04,margin_D,pct,1,0,0,0,-30.68,-30.68,-30.68,,open,single,grant_williams,2026-08-22,0
2026-08-22,professional,HOU_AL_04_2026,house,AL,04,win_prob_D,prob,1,0,1,1,0.0003,0.0003,0.0003,,open,single,grant_williams,2026-08-22,0
2026-08-22,professional,HOU_AL_05_2026,house,AL,05,margin_D,pct,1,0,0,0,-13.3,-13.3,-13.3,,open,single,grant_williams,2026-08-22,0
2026-08-22,professional,HOU_AL_05_2026,house,AL,05,win_prob_D,prob,1,0,1,1,0.0238,0.0238,0.0238,,open,single,grant_williams,2026-08-22,0
2026-08-22,professional,HOU_AL_06_2026,house,AL,06,margin_D,pct,1,0,0,0,-15.16,-15.16,-15.16,,open,single,grant_williams,2026-08-22,0
2026-08-22,professional,HOU_AL_06_2026,house,AL,06,win_prob_D,prob,1,0,1,1,0.0143,0.0143,0.0143,,open,single,grant_williams,2026-08-22,0
2026-08-22,professional,HOU_AL_07_2026,house,AL,07,margin_D,pct,1,0,0,0,17.77,17.77,17.77,,open,single,grant_williams,2026-08-22,0
2026-08-22,professional,HOU_AL_07_2026,house,AL,07,win_prob_D,prob,1,0,1,1,0.9929,0.9929,0.9929,,open,single,grant_williams,2026-08-22,0
2026-08-22,professional,HOU_AR_01_2026,house,AR,01,margin_D,pct,1,0,0,0,-20.97,-20.97,-20.97,,open,single,grant_williams,2026-08-22,0
2026-08-22,professional,HOU_AR_01_2026,house,AR,01,win_prob_D,prob,1,0,1,1,0.0033,0.0033,0.0033,,open,single,grant_williams,2026-08-22,0
2026-08-22,professional,HOU_AR_02_2026,house,AR,02,margin_D,pct,1,0,0,0,-6.67,-6.67,-6.67,,open,single,grant_williams,2026-08-22,0
2026-08-22,professional,HOU_AR_02_2026,house,AR,02,win_prob_D,prob,1,0,1,1,0.1492,0.1492,0.1492,,open,single,grant_williams,2026-08-22,0
2026-08-22,professional,HOU_AR_03_2026,house,AR,03,margin_D,pct,1,0,0,0,-11.39,-11.39,-11.39,,open,single,grant_williams,2026-08-22,0
2026-08-22,professional,HOU_AR_03_2026,house,AR,03,win_prob_D,prob,1,0,1,1,0.0423,0.0423,0.0423,,open,single,grant_williams,2026-08-22,0
2026-08-22,professional,HOU_AR_04_2026,house,AR,04,margin_D,pct,1,0,0,0,-18.06,-18.06,-18.06,,open,single,grant_williams,2026-08-22,0
2026-08-22,professional,HOU_AR_04_2026,house,AR,04,win_prob_D,prob,1,0,1,1,0.0068,0.0068,0.0068,,open,single,grant_williams,2026-08-22,0
2026-08-22,professional,HOU_AZ_01_2026,house,AZ,01,margin_D,pct,1,0,0,0,7.55,7.55,7.55,,open,single,grant_williams,2026-08-22,0
2026-08-22,professional,HOU_AZ_01_2026,house,AZ,01,win_prob_D,prob,1,0,1,1,0.8847,0.8847,0.8847,,open,single,grant_williams,2026-08-22,0
2026-08-22,professional,HOU_AZ_02_2026,house,AZ,02,margin_D,pct,1,0,0,0,-1.73,-1.73,-1.73,,open,single,grant_williams,2026-08-22,0
2026-08-22,professional,HOU_AZ_02_2026,house,AZ,02,win_prob_D,prob,1,0,1,1,0.3908,0.3908,0.3908,,open,single,grant_williams,2026-08-22,0
2026-08-22,professional,HOU_AZ_03_2026,house,AZ,03,margin_D,pct,1,0,0,0,33.14,33.14,33.14,,open,single,grant_williams,2026-08-22,0
2026-08-22,professional,HOU_AZ_03_2026,house,AZ,03,win_prob_D,prob,1,0,1,1,0.9996,0.9996,0.9996,,open,single,grant_williams,2026-08-22,0
2026-08-22,professional,HOU_AZ_04_2026,house,AZ,04,margin_D,pct,1,0,0,0,15.93,15.93,15.93,,open,single,grant_williams,2026-08-22,0
2026-08-22,professional,HOU_AZ_04_2026,house,AZ,04,win_prob_D,prob,1,0,1,1,0.9898,0.9898,0.9898,,open,single,grant_williams,2026-08-22,0
2026-08-22,professional,HOU_AZ_05_2026,house,AZ,05,margin_D,pct,1,0,0,0,-1.07,-1.07,-1.07,,open,single,grant_williams,2026-08-22,0
2026-08-22,professional,HOU_AZ_05_2026,house,AZ,05,win_prob_D,prob,1,0,1,1,0.4293,0.4293,0.4293,,open,single,grant_williams,2026-08-22,0
2026-08-22,professional,HOU_AZ_06_2026,house,AZ,06,margin_D,pct,1,0,0,0,5.02,5.02,5.02,,open,single,grant_williams,2026-08-22,0
2026-08-22,professional,HOU_AZ_06_2026,house,AZ,06,win_prob_D,prob,1,0,1,1,0.7899,0.7899,0.7899,,open,single,grant_williams,2026-08-22,0
2026-08-22,professional,HOU_AZ_07_2026,house,AZ,07,margin_D,pct,1,0,0,0,24.53,24.53,24.53,,open,single,grant_williams,2026-08-22,0
2026-08-22,professional,HOU_AZ_07_2026,house,AZ,07,win_prob_D,prob,1,0,1,1,0.9993,0.9993,0.9993,,open,single,grant_williams,2026-08-22,0
2026-08-22,professional,HOU_AZ_08_2026,house,AZ,08,margin_D,pct,1,0,0,0,-2.71,-2.71,-2.71,,open,single,grant_williams,2026-08-22,0
2026-08-22,professional,HOU_AZ_08_2026,house,AZ,08,win_prob_D,prob,1,0,1,1,0.3332,0.3332,0.3332,,open,single,grant_williams,2026-08-22,0
2026-08-22,professional,HOU_AZ_09_2026,house,AZ,09,margin_D,pct,1,0,0,0,-9.39,-9.39,-9.39,,open,single,grant_williams,2026-08-22,0
2026-08-22,professional,HOU_AZ_09_2026,house,AZ,09,win_prob_D,prob,1,0,1,1,0.0771,0.0771,0.0771,,open,single,grant_williams,2026-08-22,0
2026-08-22,professional,HOU_CA_01_2026,house,CA,01,margin_D,pct,1,0,0,0,6.66,6.66,6.66,,open,single,grant_williams,2026-08-22,0
2026-08-22,professional,HOU_CA_01_2026,house,CA,01,win_prob_D,prob,1,0,1,1,0.8561,0.8561,0.8561,,open,single,grant_williams,2026-08-22,0
2026-08-22,professional,HOU_CA_02_2026,house,CA,02,margin_D,pct,1,0,0,0,19.52,19.52,19.52,,open,single,grant_williams,2026-08-22,0
2026-08-22,professional,HOU_CA_02_2026,house,CA,02,win_prob_D,prob,1,0,1,1,0.9977,0.9977,0.9977,,open,single,grant_williams,2026-08-22,0
2026-08-22,professional,HOU_CA_03_2026,house,CA,03,margin_D,pct,1,0,0,0,12.78,12.78,12.78,,open,single,grant_williams,2026-08-22,0
2026-08-22,professional,HOU_CA_03_2026,house,CA,03,win_prob_D,prob,1,0,1,1,0.9718,0.9718,0.9718,,open,single,grant_williams,2026-08-22,0
2026-08-22,professional,HOU_CA_04_2026,house,CA,04,margin_D,pct,1,0,0,0,14.66,14.66,14.66,,open,single,grant_williams,2026-08-22,0
2026-08-22,professional,HOU_CA_04_2026,house,CA,04,win_prob_D,prob,1,0,1,1,0.9846,0.9846,0.9846,,open,single,grant_williams,2026-08-22,0
2026-08-22,professional,HOU_CA_05_2026,house,CA,05,margin_D,pct,1,0,0,0,-9.61,-9.61,-9.61,,open,single,grant_williams,2026-08-22,0
2026-08-22,professional,HOU_CA_05_2026,house,CA,05,win_prob_D,prob,1,0,1,1,0.0676,0.0676,0.0676,,open,single,grant_williams,2026-08-22,0
2026-08-22,professional,HOU_CA_06_2026,house,CA,06,margin_D,pct,1,0,0,0,11.89,11.89,11.89,,open,single,grant_williams,2026-08-22,0
2026-08-22,professional,HOU_CA_06_2026,house,CA,06,win_prob_D,prob,1,0,1,1,0.9675,0.9675,0.9675,,open,single,grant_williams,2026-08-22,0
2026-08-22,professional,HOU_CA_07_2026,house,CA,07,margin_D,pct,1,0,0,0,13.78,13.78,13.78,,open,single,grant_williams,2026-08-22,0
2026-08-22,professional,HOU_CA_07_2026,house,CA,07,win_prob_D,prob,1,0,1,1,0.9802,0.9802,0.9802,,open,single,grant_williams,2026-08-22,0
2026-08-22,professional,HOU_CA_08_2026,house,CA,08,margin_D,pct,1,0,0,0,25.29,25.29,25.29,,open,single,grant_williams,2026-08-22,0
2026-08-22,professional,HOU_CA_08_2026,house,CA,08,win_prob_D,prob,1,0,1,1,0.9983,0.9983,0.9983,,open,single,grant_williams,2026-08-22,0
2026-08-22,professional,HOU_CA_09_2026,house,CA,09,margin_D,pct,1,0,0,0,14.66,14.66,14.66,,open,single,grant_williams,2026-08-22,0
2026-08-22,professional,HOU_CA_09_2026,house,CA,09,win_prob_D,prob,1,0,1,1,0.9823,0.9823,0.9823,,open,single,grant_williams,2026-08-22,0
2026-08-22,professional,HOU_CA_10_2026,house,CA,10,margin_D,pct,1,0,0,0,24.25,24.25,24.25,,open,single,grant_williams,2026-08-22,0
2026-08-22,professional,HOU_CA_10_2026,house,CA,10,win_prob_D,prob,1,0,1,1,0.9979,0.9979,0.9979,,open,single,grant_williams,2026-08-22,0
2026-08-22,professional,HOU_CA_11_2026,house,CA,11,margin_D,pct,1,0,0,0,37.89,37.89,37.89,,open,single,grant_williams,2026-08-22,0
2026-08-22,professional,HOU_CA_11_2026,house,CA,11,win_prob_D,prob,1,0,1,1,0.9998,0.9998,0.9998,,open,single,grant_williams,2026-08-22,0
2026-08-22,professional,HOU_CA_12_2026,house,CA,12,margin_D,pct,1,0,0,0,44.43,44.43,44.43,,open,single,grant_williams,2026-08-22,0
2026-08-22,professional,HOU_CA_12_2026,house,CA,12,win_prob_D,prob,1,0,1,1,0.9998,0.9998,0.9998,,open,single,grant_williams,2026-08-22,0
2026-08-22,professional,HOU_CA_13_2026,house,CA,13,margin_D,pct,1,0,0,0,9.02,9.02,9.02,,open,single,grant_williams,2026-08-22,0
2026-08-22,professional,HOU_CA_13_2026,house,CA,13,win_prob_D,prob,1,0,1,1,0.9214,0.9214,0.9214,,open,single,grant_williams,2026-08-22,0
2026-08-22,professional,HOU_CA_14_2026,house,CA,14,margin_D,pct,1,0,0,0,21.71,21.71,21.71,,open,single,grant_williams,2026-08-22,0
2026-08-22,professional,HOU_CA_14_2026,house,CA,14,win_prob_D,prob,1,0,1,1,0.997,0.997,0.997,,open,single,grant_williams,2026-08-22,0
2026-08-22,professional,HOU_CA_15_2026,house,CA,15,margin_D,pct,1,0,0,0,32.05,32.05,32.05,,open,single,grant_williams,2026-08-22,0
2026-08-22,professional,HOU_CA_15_2026,house,CA,15,win_prob_D,prob,1,0,1,1,0.9996,0.9996,0.9996,,open,single,grant_williams,2026-08-22,0
2026-08-22,professional,HOU_CA_16_2026,house,CA,16,margin_D,pct,1,0,0,0,31.0,31.0,31.0,,open,single,grant_williams,2026-08-22,0
2026-08-22,professional,HOU_CA_16_2026,house,CA,16,win_prob_D,prob,1,0,1,1,0.9997,0.9997,0.9997,,open,single,grant_williams,2026-08-22,0
2026-08-22,professional,HOU_CA_17_2026,house,CA,17,margin_D,pct,1,0,0,0,27.17,27.17,27.17,,open,single,grant_williams,2026-08-22,0
2026-08-22,professional,HOU_CA_17_2026,house,CA,17,win_prob_D,prob,1,0,1,1,0.9996,0.9996,0.9996,,open,single,grant_williams,2026-08-22,0
2026-08-22,professional,HOU_CA_18_2026,house,CA,18,margin_D,pct,1,0,0,0,22.43,22.43,22.43,,open,single,grant_williams,2026-08-22,0
2026-08-22,professional,HOU_CA_18_2026,house,CA,18,win_prob_D,prob,1,0,1,1,0.9986,0.9986,0.9986,,open,single,grant_williams,2026-08-22,0
2026-08-22,professional,HOU_CA_19_2026,house,CA,19,margin_D,pct,1,0,0,0,24.36,24.36,24.36,,open,single,grant_williams,2026-08-22,0
2026-08-22,professional,HOU_CA_19_2026,house,CA,19,win_prob_D,prob,1,0,1,1,0.998,0.998,0.998,,open,single,grant_williams,2026-08-22,0
2026-08-22,professional,HOU_CA_20_2026,house,CA,20,margin_D,pct,1,0,0,0,-15.43,-15.43,-15.43,,open,single,grant_williams,2026-08-22,0
2026-08-22,professional,HOU_CA_20_2026,house,CA,20,win_prob_D,prob,1,0,1,1,0.0146,0.0146,0.0146,,open,single,grant_williams,2026-08-22,0
2026-08-22,professional,HOU_CA_21_2026,house,CA,21,margin_D,pct,1,0,0,0,11.88,11.88,11.88,,open,single,grant_williams,2026-08-22,0
2026-08-22,professional,HOU_CA_21_2026,house,CA,21,win_prob_D,prob,1,0,1,1,0.9669,0.9669,0.9669,,open,single,grant_williams,2026-08-22,0
2026-08-22,professional,HOU_CA_22_2026,house,CA,22,margin_D,pct,1,0,0,0,0.92,0.92,0.92,,open,single,grant_williams,2026-08-22,0
2026-08-22,professional,HOU_CA_22_2026,house,CA,22,win_prob_D,prob,1,0,1,1,0.5642,0.5642,0.5642,,open,single,grant_williams,2026-08-22,0
2026-08-22,professional,HOU_CA_23_2026,house,CA,23,margin_D,pct,1,0,0,0,-8.7,-8.7,-8.7,,open,single,grant_williams,2026-08-22,0
2026-08-22,professional,HOU_CA_23_2026,house,CA,23,win_prob_D,prob,1,0,1,1,0.0847,0.0847,0.0847,,open,single,grant_williams,2026-08-22,0
2026-08-22,professional,HOU_CA_24_2026,house,CA,24,margin_D,pct,1,0,0,0,19.6,19.6,19.6,,open,single,grant_williams,2026-08-22,0
2026-08-22,professional,HOU_CA_24_2026,house,CA,24,win_prob_D,prob,1,0,1,1,0.9962,0.9962,0.9962,,open,single,grant_williams,2026-08-22,0
2026-08-22,professional,HOU_CA_25_2026,house,CA,25,margin_D,pct,1,0,0,0,10.87,10.87,10.87,,open,single,grant_williams,2026-08-22,0
2026-08-22,professional,HOU_CA_25_2026,house,CA,25,win_prob_D,prob,1,0,1,1,0.9533,0.9533,0.9533,,open,single,grant_williams,2026-08-22,0
2026-08-22,professional,HOU_CA_26_2026,house,CA,26,margin_D,pct,1,0,0,0,12.21,12.21,12.21,,open,single,grant_williams,2026-08-22,0
2026-08-22,professional,HOU_CA_26_2026,house,CA,26,win_prob_D,prob,1,0,1,1,0.9699,0.9699,0.9699,,open,single,grant_williams,2026-08-22,0
2026-08-22,professional,HOU_CA_27_2026,house,CA,27,margin_D,pct,1,0,0,0,12.77,12.77,12.77,,open,single,grant_williams,2026-08-22,0
2026-08-22,professional,HOU_CA_27_2026,house,CA,27,win_prob_D,prob,1,0,1,1,0.9727,0.9727,0.9727,,open,single,grant_williams,2026-08-22,0
2026-08-22,professional,HOU_CA_28_2026,house,CA,28,margin_D,pct,1,0,0,0,20.54,20.54,20.54,,open,single,grant_williams,2026-08-22,0
2026-08-22,professional,HOU_CA_28_2026,house,CA,28,win_prob_D,prob,1,0,1,1,0.9969,0.9969,0.9969,,open,single,grant_williams,2026-08-22,0
2026-08-22,professional,HOU_CA_29_2026,house,CA,29,margin_D,pct,1,0,0,0,25.34,25.34,25.34,,open,single,grant_williams,2026-08-22,0
2026-08-22,professional,HOU_CA_29_2026,house,CA,29,win_prob_D,prob,1,0,1,1,0.9988,0.9988,0.9988,,open,single,grant_williams,2026-08-22,0
2026-08-22,professional,HOU_CA_30_2026,house,CA,30,margin_D,pct,1,0,0,0,27.22,27.22,27.22,,open,single,grant_williams,2026-08-22,0
2026-08-22,professional,HOU_CA_30_2026,house,CA,30,win_prob_D,prob,1,0,1,1,0.9994,0.9994,0.9994,,open,single,grant_williams,2026-08-22,0
2026-08-22,professional,HOU_CA_31_2026,house,CA,31,margin_D,pct,1,0,0,0,14.73,14.73,14.73,,open,single,grant_williams,2026-08-22,0
2026-08-22,professional,HOU_CA_31_2026,house,CA,31,win_prob_D,prob,1,0,1,1,0.985,0.985,0.985,,open,single,grant_williams,2026-08-22,0
2026-08-22,professional,HOU_CA_32_2026,house,CA,32,margin_D,pct,1,0,0,0,20.54,20.54,20.54,,open,single,grant_williams,2026-08-22,0
2026-08-22,professional,HOU_CA_32_2026,house,CA,32,win_prob_D,prob,1,0,1,1,0.9976,0.9976,0.9976,,open,single,grant_williams,2026-08-22,0
2026-08-22,professional,HOU_CA_33_2026,house,CA,33,margin_D,pct,1,0,0,0,13.74,13.74,13.74,,open,single,grant_williams,2026-08-22,0
2026-08-22,professional,HOU_CA_33_2026,house,CA,33,win_prob_D,prob,1,0,1,1,0.9781,0.9781,0.9781,,open,single,grant_williams,2026-08-22,0
2026-08-22,professional,HOU_CA_34_2026,house,CA,34,margin_D,pct,1,0,0,0,33.92,33.92,33.92,,open,single,grant_williams,2026-08-22,0
2026-08-22,professional,HOU_CA_34_2026,house,CA,34,win_prob_D,prob,1,0,1,1,0.9999,0.9999,0.9999,,open,single,grant_williams,2026-08-22,0
2026-08-22,professional,HOU_CA_35_2026,house,CA,35,margin_D,pct,1,0,0,0,12.82,12.82,12.82,,open,single,grant_williams,2026-08-22,0
2026-08-22,professional,HOU_CA_35_2026,house,CA,35,win_prob_D,prob,1,0,1,1,0.9711,0.9711,0.9711,,open,single,grant_williams,2026-08-22,0
2026-08-22,professional,HOU_CA_36_2026,house,CA,36,margin_D,pct,1,0,0,0,27.18,27.18,27.18,,open,single,grant_williams,2026-08-22,0
2026-08-22,professional,HOU_CA_36_2026,house,CA,36,win_prob_D,prob,1,0,1,1,0.9993,0.9993,0.9993,,open,single,grant_williams,2026-08-22,0
2026-08-22,professional,HOU_CA_37_2026,house,CA,37,margin_D,pct,1,0,0,0,38.6,38.6,38.6,,open,single,grant_williams,2026-08-22,0
2026-08-22,professional,HOU_CA_37_2026,house,CA,37,win_prob_D,prob,1,0,1,1,0.9998,0.9998,0.9998,,open,single,grant_williams,2026-08-22,0
2026-08-22,professional,HOU_CA_38_2026,house,CA,38,margin_D,pct,1,0,0,0,11.2,11.2,11.2,,open,single,grant_williams,2026-08-22,0
2026-08-22,professional,HOU_CA_38_2026,house,CA,38,win_prob_D,prob,1,0,1,1,0.9628,0.9628,0.9628,,open,single,grant_williams,2026-08-22,0
2026-08-22,professional,HOU_CA_39_2026,house,CA,39,margin_D,pct,1,0,0,0,13.85,13.85,13.85,,open,single,grant_williams,2026-08-22,0
2026-08-22,professional,HOU_CA_39_2026,house,CA,39,win_prob_D,prob,1,0,1,1,0.9822,0.9822,0.9822,,open,single,grant_williams,2026-08-22,0
2026-08-22,professional,HOU_CA_40_2026,house,CA,40,margin_D,pct,1,0,0,0,-5.87,-5.87,-5.87,,open,single,grant_williams,2026-08-22,0
2026-08-22,professional,HOU_CA_40_2026,house,CA,40,win_prob_D,prob,1,0,0,0,0.1745,0.1745,0.1745,,open,single,grant_williams,2026-08-22,0
2026-08-22,professional,HOU_CA_41_2026,house,CA,41,margin_D,pct,1,0,0,0,8.56,8.56,8.56,,open,single,grant_williams,2026-08-22,0
2026-08-22,professional,HOU_CA_41_2026,house,CA,41,win_prob_D,prob,1,0,1,1,0.91,0.91,0.91,,open,single,grant_williams,2026-08-22,0
2026-08-22,professional,HOU_CA_42_2026,house,CA,42,margin_D,pct,1,0,0,0,14.67,14.67,14.67,,open,single,grant_williams,2026-08-22,0
2026-08-22,professional,HOU_CA_42_2026,house,CA,42,win_prob_D,prob,1,0,1,1,0.9833,0.9833,0.9833,,open,single,grant_williams,2026-08-22,0
2026-08-22,professional,HOU_CA_43_2026,house,CA,43,margin_D,pct,1,0,0,0,33.07,33.07,33.07,,open,single,grant_williams,2026-08-22,0
2026-08-22,professional,HOU_CA_43_2026,house,CA,43,win_prob_D,prob,1,0,1,1,0.9996,0.9996,0.9996,,open,single,grant_williams,2026-08-22,0
2026-08-22,professional,HOU_CA_44_2026,house,CA,44,margin_D,pct,1,0,0,0,26.17,26.17,26.17,,open,single,grant_williams,2026-08-22,0
2026-08-22,professional,HOU_CA_44_2026,house,CA,44,win_prob_D,prob,1,0,1,1,0.9989,0.9989,0.9989,,open,single,grant_williams,2026-08-22,0
2026-08-22,professional,HOU_CA_45_2026,house,CA,45,margin_D,pct,1,0,0,0,9.97,9.97,9.97,,open,single,grant_williams,2026-08-22,0
2026-08-22,professional,HOU_CA_45_2026,house,CA,45,win_prob_D,prob,1,0,1,1,0.9407,0.9407,0.9407,,open,single,grant_williams,2026-08-22,0
2026-08-22,professional,HOU_CA_46_2026,house,CA,46,margin_D,pct,1,0,0,0,16.6,16.6,16.6,,open,single,grant_williams,2026-08-22,0
2026-08-22,professional,HOU_CA_46_2026,house,CA,46,win_prob_D,prob,1,0,1,1,0.9909,0.9909,0.9909,,open,single,grant_williams,2026-08-22,0
2026-08-22,professional,HOU_CA_47_2026,house,CA,47,margin_D,pct,1,0,0,0,12.84,12.84,12.84,,open,single,grant_williams,2026-08-22,0
2026-08-22,professional,HOU_CA_47_2026,house,CA,47,win_prob_D,prob,1,0,1,1,0.9756,0.9756,0.9756,,open,single,grant_williams,2026-08-22,0
2026-08-22,professional,HOU_CA_48_2026,house,CA,48,margin_D,pct,1,0,0,0,5.42,5.42,5.42,,open,single,grant_williams,2026-08-22,0
2026-08-22,professional,HOU_CA_48_2026,house,CA,48,win_prob_D,prob,1,0,1,1,0.8088,0.8088,0.8088,,open,single,grant_williams,2026-08-22,0
2026-08-22,professional,HOU_CA_49_2026,house,CA,49,margin_D,pct,1,0,0,0,13.82,13.82,13.82,,open,single,grant_williams,2026-08-22,0
2026-08-22,professional,HOU_CA_49_2026,house,CA,49,win_prob_D,prob,1,0,1,1,0.9826,0.9826,0.9826,,open,single,grant_williams,2026-08-22,0
2026-08-22,professional,HOU_CA_50_2026,house,CA,50,margin_D,pct,1,0,0,0,16.58,16.58,16.58,,open,single,grant_williams,2026-08-22,0
2026-08-22,professional,HOU_CA_50_2026,house,CA,50,win_prob_D,prob,1,0,1,1,0.9913,0.9913,0.9913,,open,single,grant_williams,2026-08-22,0
2026-08-22,professional,HOU_CA_51_2026,house,CA,51,margin_D,pct,1,0,0,0,16.56,16.56,16.56,,open,single,grant_williams,2026-08-22,0
2026-08-22,professional,HOU_CA_51_2026,house,CA,51,win_prob_D,prob,1,0,1,1,0.9893,0.9893,0.9893,,open,single,grant_williams,2026-08-22,0
2026-08-22,professional,HOU_CA_52_2026,house,CA,52,margin_D,pct,1,0,0,0,17.61,17.61,17.61,,open,single,grant_williams,2026-08-22,0
2026-08-22,professional,HOU_CA_52_2026,house,CA,52,win_prob_D,prob,1,0,1,1,0.9931,0.9931,0.9931,,open,single,grant_williams,2026-08-22,0
2026-08-22,professional,HOU_CO_01_2026,house,CO,01,margin_D,pct,1,0,0,0,36.32,36.32,36.32,,open,single,grant_williams,2026-08-22,0
2026-08-22,professional,HOU_CO_01_2026,house,CO,01,win_prob_D,prob,1,0,1,1,1.0,1.0,1.0,,open,single,grant_williams,2026-08-22,0
2026-08-22,professional,HOU_CO_02_2026,house,CO,02,margin_D,pct,1,0,0,0,31.38,31.38,31.38,,open,single,grant_williams,2026-08-22,0
2026-08-22,professional,HOU_CO_02_2026,house,CO,02,win_prob_D,prob,1,0,1,1,0.9995,0.9995,0.9995,,open,single,grant_williams,2026-08-22,0
2026-08-22,professional,HOU_CO_03_2026,house,CO,03,margin_D,pct,1,0,0,0,0.15,0.15,0.15,,open,single,grant_williams,2026-08-22,0
2026-08-22,professional,HOU_CO_03_2026,house,CO,03,win_prob_D,prob,1,0,1,1,0.5069,0.5069,0.5069,,open,single,grant_williams,2026-08-22,0
2026-08-22,professional,HOU_CO_04_2026,house,CO,04,margin_D,pct,1,0,0,0,-3.64,-3.64,-3.64,,open,single,grant_williams,2026-08-22,0
2026-08-22,professional,HOU_CO_04_2026,house,CO,04,win_prob_D,prob,1,0,1,1,0.2821,0.2821,0.2821,,open,single,grant_williams,2026-08-22,0
2026-08-22,professional,HOU_CO_05_2026,house,CO,05,margin_D,pct,1,0,0,0,0.11,0.11,0.11,,open,single,grant_williams,2026-08-22,0
2026-08-22,professional,HOU_CO_05_2026,house,CO,05,win_prob_D,prob,1,0,1,1,0.5058,0.5058,0.5058,,open,single,grant_williams,2026-08-22,0
2026-08-22,professional,HOU_CO_06_2026,house,CO,06,margin_D,pct,1,0,0,0,22.57,22.57,22.57,,open,single,grant_williams,2026-08-22,0
2026-08-22,professional,HOU_CO_06_2026,house,CO,06,win_prob_D,prob,1,0,1,1,0.9983,0.9983,0.9983,,open,single,grant_williams,2026-08-22,0
2026-08-22,professional,HOU_CO_07_2026,house,CO,07,margin_D,pct,1,0,0,0,19.73,19.73,19.73,,open,single,grant_williams,2026-08-22,0
2026-08-22,professional,HOU_CO_07_2026,house,CO,07,win_prob_D,prob,1,0,1,1,0.9945,0.9945,0.9945,,open,single,grant_williams,2026-08-22,0
2026-08-22,professional,HOU_CO_08_2026,house,CO,08,margin_D,pct,1,0,0,0,5.02,5.02,5.02,,open,single,grant_williams,2026-08-22,0
2026-08-22,professional,HOU_CO_08_2026,house,CO,08,win_prob_D,prob,1,0,1,1,0.7829,0.7829,0.7829,,open,single,grant_williams,2026-08-22,0
2026-08-22,professional,HOU_CT_01_2026,house,CT,01,margin_D,pct,1,0,0,0,21.77,21.77,21.77,,open,single,grant_williams,2026-08-22,0
2026-08-22,professional,HOU_CT_01_2026,house,CT,01,win_prob_D,prob,1,0,1,1,0.9978,0.9978,0.9978,,open,single,grant_williams,2026-08-22,0
2026-08-22,professional,HOU_CT_02_2026,house,CT,02,margin_D,pct,1,0,0,0,14.1,14.1,14.1,,open,single,grant_williams,2026-08-22,0
2026-08-22,professional,HOU_CT_02_2026,house,CT,02,win_prob_D,prob,1,0,1,1,0.9828,0.9828,0.9828,,open,single,grant_williams,2026-08-22,0
2026-08-22,professional,HOU_CT_03_2026,house,CT,03,margin_D,pct,1,0,0,0,17.84,17.84,17.84,,open,single,grant_williams,2026-08-22,0
2026-08-22,professional,HOU_CT_03_2026,house,CT,03,win_prob_D,prob,1,0,1,1,0.9947,0.9947,0.9947,,open,single,grant_williams,2026-08-22,0
2026-08-22,professional,HOU_CT_04_2026,house,CT,04,margin_D,pct,1,0,0,0,22.67,22.67,22.67,,open,single,grant_williams,2026-08-22,0
2026-08-22,professional,HOU_CT_04_2026,house,CT,04,win_prob_D,prob,1,0,1,1,0.9979,0.9979,0.9979,,open,single,grant_williams,2026-08-22,0
2026-08-22,professional,HOU_CT_05_2026,house,CT,05,margin_D,pct,1,0,0,0,13.12,13.12,13.12,,open,single,grant_williams,2026-08-22,0
2026-08-22,professional,HOU_CT_05_2026,house,CT,05,win_prob_D,prob,1,0,1,1,0.9757,0.9757,0.9757,,open,single,grant_williams,2026-08-22,0
2026-08-22,professional,HOU_DE_01_2026,house,DE,01,margin_D,pct,1,0,0,0,17.88,17.88,17.88,,open,single,grant_williams,2026-08-22,0
2026-08-22,professional,HOU_DE_01_2026,house,DE,01,win_prob_D,prob,1,0,1,1,0.993,0.993,0.993,,open,single,grant_williams,2026-08-22,0
2026-08-22,professional,HOU_FL_01_2026,house,FL,01,margin_D,pct,1,0,0,0,-15.48,-15.48,-15.48,,open,single,grant_williams,2026-08-22,0
2026-08-22,professional,HOU_FL_01_2026,house,FL,01,win_prob_D,prob,1,0,1,1,0.0141,0.0141,0.0141,,open,single,grant_williams,2026-08-22,0
2026-08-22,professional,HOU_FL_02_2026,house,FL,02,margin_D,pct,1,0,0,0,-2.39,-2.39,-2.39,,open,single,grant_williams,2026-08-22,0
2026-08-22,professional,HOU_FL_02_2026,house,FL,02,win_prob_D,prob,1,0,1,1,0.3505,0.3505,0.3505,,open,single,grant_williams,2026-08-22,0
2026-08-22,professional,HOU_FL_03_2026,house,FL,03,margin_D,pct,1,0,0,0,-7.91,-7.91,-7.91,,open,single,grant_williams,2026-08-22,0
2026-08-22,professional,HOU_FL_03_2026,house,FL,03,win_prob_D,prob,1,0,1,1,0.1098,0.1098,0.1098,,open,single,grant_williams,2026-08-22,0
2026-08-22,professional,HOU_FL_04_2026,house,FL,04,margin_D,pct,1,0,0,0,-3.09,-3.09,-3.09,,open,single,grant_williams,2026-08-22,0
2026-08-22,professional,HOU_FL_04_2026,house,FL,04,win_prob_D,prob,1,0,1,1,0.3067,0.3067,0.3067,,open,single,grant_williams,2026-08-22,0
2026-08-22,professional,HOU_FL_05_2026,house,FL,05,margin_D,pct,1,0,0,0,-7.83,-7.83,-7.83,,open,single,grant_williams,2026-08-22,0
2026-08-22,professional,HOU_FL_05_2026,house,FL,05,win_prob_D,prob,1,0,1,1,0.1142,0.1142,0.1142,,open,single,grant_williams,2026-08-22,0
2026-08-22,professional,HOU_FL_06_2026,house,FL,06,margin_D,pct,1,0,0,0,-11.65,-11.65,-11.65,,open,single,grant_williams,2026-08-22,0
2026-08-22,professional,HOU_FL_06_2026,house,FL,06,win_prob_D,prob,1,0,1,1,0.0403,0.0403,0.0403,,open,single,grant_williams,2026-08-22,0
2026-08-22,professional,HOU_FL_07_2026,house,FL,07,margin_D,pct,1,0,0,0,-3.13,-3.13,-3.13,,open,single,grant_williams,2026-08-22,0
2026-08-22,professional,HOU_FL_07_2026,house,FL,07,win_prob_D,prob,1,0,1,1,0.3051,0.3051,0.3051,,open,single,grant_williams,2026-08-22,0
2026-08-22,professional,HOU_FL_08_2026,house,FL,08,margin_D,pct,1,0,0,0,-5.95,-5.95,-5.95,,open,single,grant_williams,2026-08-22,0
2026-08-22,professional,HOU_FL_08_2026,house,FL,08,win_prob_D,prob,1,0,1,1,0.169,0.169,0.169,,open,single,grant_williams,2026-08-22,0
2026-08-22,professional,HOU_FL_09_2026,house,FL,09,margin_D,pct,1,0,0,0,1.17,1.17,1.17,,open,single,grant_williams,2026-08-22,0
2026-08-22,professional,HOU_FL_09_2026,house,FL,09,win_prob_D,prob,1,0,1,1,0.5722,0.5722,0.5722,,open,single,grant_williams,2026-08-22,0
2026-08-22,professional,HOU_FL_10_2026,house,FL,10,margin_D,pct,1,0,0,0,21.23,21.23,21.23,,open,single,grant_williams,2026-08-22,0
2026-08-22,professional,HOU_FL_10_2026,house,FL,10,win_prob_D,prob,1,0,1,1,0.997,0.997,0.997,,open,single,grant_williams,2026-08-22,0
2026-08-22,professional,HOU_FL_11_2026,house,FL,11,margin_D,pct,1,0,0,0,-1.38,-1.38,-1.38,,open,single,grant_williams,2026-08-22,0
2026-08-22,professional,HOU_FL_11_2026,house,FL,11,win_prob_D,prob,1,0,1,1,0.4067,0.4067,0.4067,,open,single,grant_williams,2026-08-22,0
2026-08-22,professional,HOU_FL_12_2026,house,FL,12,margin_D,pct,1,0,0,0,-5.05,-5.05,-5.05,,open,single,grant_williams,2026-08-22,0
2026-08-22,professional,HOU_FL_12_2026,house,FL,12,win_prob_D,prob,1,0,1,1,0.2055,0.2055,0.2055,,open,single,grant_williams,2026-08-22,0
2026-08-22,professional,HOU_FL_13_2026,house,FL,13,margin_D,pct,1,0,0,0,-4.88,-4.88,-4.88,,open,single,grant_williams,2026-08-22,0
2026-08-22,professional,HOU_FL_13_2026,house,FL,13,win_prob_D,prob,1,0,1,1,0.1293,0.1293,0.1293,,open,single,grant_williams,2026-08-22,0
2026-08-22,professional,HOU_FL_14_2026,house,FL,14,margin_D,pct,1,0,0,0,5.05,5.05,5.05,,open,single,grant_williams,2026-08-22,0
2026-08-22,professional,HOU_FL_14_2026,house,FL,14,win_prob_D,prob,1,0,1,1,0.7913,0.7913,0.7913,,open,single,grant_williams,2026-08-22,0
2026-08-22,professional,HOU_FL_15_2026,house,FL,15,margin_D,pct,1,0,0,0,-6.82,-6.82,-6.82,,open,single,grant_williams,2026-08-22,0
2026-08-22,professional,HOU_FL_15_2026,house,FL,15,win_prob_D,prob,1,0,1,1,0.144,0.144,0.144,,open,single,grant_williams,2026-08-22,0
2026-08-22,professional,HOU_FL_16_2026,house,FL,16,margin_D,pct,1,0,0,0,-0.53,-0.53,-0.53,,open,single,grant_williams,2026-08-22,0
2026-08-22,professional,HOU_FL_16_2026,house,FL,16,win_prob_D,prob,1,0,1,1,0.4647,0.4647,0.4647,,open,single,grant_williams,2026-08-22,0
2026-08-22,professional,HOU_FL_17_2026,house,FL,17,margin_D,pct,1,0,0,0,-7.81,-7.81,-7.81,,open,single,grant_williams,2026-08-22,0
2026-08-22,professional,HOU_FL_17_2026,house,FL,17,win_prob_D,prob,1,0,1,1,0.1085,0.1085,0.1085,,open,single,grant_williams,2026-08-22,0
2026-08-22,professional,HOU_FL_18_2026,house,FL,18,margin_D,pct,1,0,0,0,-5.95,-5.95,-5.95,,open,single,grant_williams,2026-08-22,0
2026-08-22,professional,HOU_FL_18_2026,house,FL,18,win_prob_D,prob,1,0,1,1,0.1694,0.1694,0.1694,,open,single,grant_williams,2026-08-22,0
2026-08-22,professional,HOU_FL_19_2026,house,FL,19,margin_D,pct,1,0,0,0,-8.16,-8.16,-8.16,,open,single,grant_williams,2026-08-22,0
2026-08-22,professional,HOU_FL_19_2026,house,FL,19,win_prob_D,prob,1,0,1,1,0.0988,0.0988,0.0988,,open,single,grant_williams,2026-08-22,0
2026-08-22,professional,HOU_FL_20_2026,house,FL,20,margin_D,pct,1,0,0,0,27.98,27.98,27.98,,open,single,grant_williams,2026-08-22,0
2026-08-22,professional,HOU_FL_20_2026,house,FL,20,win_prob_D,prob,1,0,1,1,0.9994,0.9994,0.9994,,open,single,grant_williams,2026-08-22,0
2026-08-22,professional,HOU_FL_21_2026,house,FL,21,margin_D,pct,1,0,0,0,-5.03,-5.03,-5.03,,open,single,grant_williams,2026-08-22,0
2026-08-22,professional,HOU_FL_21_2026,house,FL,21,win_prob_D,prob,1,0,1,1,0.212,0.212,0.212,,open,single,grant_williams,2026-08-22,0
2026-08-22,professional,HOU_FL_22_2026,house,FL,22,margin_D,pct,1,0,0,0,1.44,1.44,1.44,,open,single,grant_williams,2026-08-22,0
2026-08-22,professional,HOU_FL_22_2026,house,FL,22,win_prob_D,prob,1,0,1,1,0.59,0.59,0.59,,open,single,grant_williams,2026-08-22,0
2026-08-22,professional,HOU_FL_23_2026,house,FL,23,margin_D,pct,1,0,0,0,17.39,17.39,17.39,,open,single,grant_williams,2026-08-22,0
2026-08-22,professional,HOU_FL_23_2026,house,FL,23,win_prob_D,prob,1,0,1,1,0.9926,0.9926,0.9926,,open,single,grant_williams,2026-08-22,0
2026-08-22,professional,HOU_FL_24_2026,house,FL,24,margin_D,pct,1,0,0,0,26.37,26.37,26.37,,open,single,grant_williams,2026-08-22,0
2026-08-22,professional,HOU_FL_24_2026,house,FL,24,win_prob_D,prob,1,0,1,1,0.9989,0.9989,0.9989,,open,single,grant_williams,2026-08-22,0
2026-08-22,professional,HOU_FL_25_2026,house,FL,25,margin_D,pct,1,0,0,0,5.97,5.97,5.97,,open,single,grant_williams,2026-08-22,0
2026-08-22,professional,HOU_FL_25_2026,house,FL,25,win_prob_D,prob,1,0,1,1,0.83,0.83,0.83,,open,single,grant_williams,2026-08-22,0
2026-08-22,professional,HOU_FL_26_2026,house,FL,26,margin_D,pct,1,0,0,0,-5.03,-5.03,-5.03,,open,single,grant_williams,2026-08-22,0
2026-08-22,professional,HOU_FL_26_2026,house,FL,26,win_prob_D,prob,1,0,1,1,0.2107,0.2107,0.2107,,open,single,grant_williams,2026-08-22,0
2026-08-22,professional,HOU_FL_27_2026,house,FL,27,margin_D,pct,1,0,0,0,-4.13,-4.13,-4.13,,open,single,grant_williams,2026-08-22,0
2026-08-22,professional,HOU_FL_27_2026,house,FL,27,win_prob_D,prob,1,0,1,1,0.2537,0.2537,0.2537,,open,single,grant_williams,2026-08-22,0
2026-08-22,professional,HOU_FL_28_2026,house,FL,28,margin_D,pct,1,0,0,0,-7.91,-7.91,-7.91,,open,single,grant_williams,2026-08-22,0
2026-08-22,professional,HOU_FL_28_2026,house,FL,28,win_prob_D,prob,1,0,1,1,0.1086,0.1086,0.1086,,open,single,grant_williams,2026-08-22,0
2026-08-22,professional,HOU_GA_01_2026,house,GA,01,margin_D,pct,1,0,0,0,-2.4,-2.4,-2.4,,open,single,grant_williams,2026-08-22,0
2026-08-22,professional,HOU_GA_01_2026,house,GA,01,win_prob_D,prob,1,0,1,1,0.3491,0.3491,0.3491,,open,single,grant_williams,2026-08-22,0
2026-08-22,professional,HOU_GA_02_2026,house,GA,02,margin_D,pct,1,0,0,0,12.54,12.54,12.54,,open,single,grant_williams,2026-08-22,0
2026-08-22,professional,HOU_GA_02_2026,house,GA,02,win_prob_D,prob,1,0,1,1,0.9704,0.9704,0.9704,,open,single,grant_williams,2026-08-22,0
2026-08-22,professional,HOU_GA_03_2026,house,GA,03,margin_D,pct,1,0,0,0,-12.71,-12.71,-12.71,,open,single,grant_williams,2026-08-22,0
2026-08-22,professional,HOU_GA_03_2026,house,GA,03,win_prob_D,prob,1,0,1,1,0.031,0.031,0.031,,open,single,grant_williams,2026-08-22,0
2026-08-22,professional,HOU_GA_04_2026,house,GA,04,margin_D,pct,1,0,0,0,34.72,34.72,34.72,,open,single,grant_williams,2026-08-22,0
2026-08-22,professional,HOU_GA_04_2026,house,GA,04,win_prob_D,prob,1,0,1,1,0.9996,0.9996,0.9996,,open,single,grant_williams,2026-08-22,0
2026-08-22,professional,HOU_GA_05_2026,house,GA,05,margin_D,pct,1,0,0,0,43.31,43.31,43.31,,open,single,grant_williams,2026-08-22,0
2026-08-22,professional,HOU_GA_05_2026,house,GA,05,win_prob_D,prob,1,0,1,1,0.9999,0.9999,0.9999,,open,single,grant_williams,2026-08-22,0
2026-08-22,professional,HOU_GA_06_2026,house,GA,06,margin_D,pct,1,0,0,0,32.68,32.68,32.68,,open,single,grant_williams,2026-08-22,0
2026-08-22,professional,HOU_GA_06_2026,house,GA,06,win_prob_D,prob,1,0,1,1,0.9996,0.9996,0.9996,,open,single,grant_williams,2026-08-22,0
2026-08-22,professional,HOU_GA_07_2026,house,GA,07,margin_D,pct,1,0,0,0,-8.92,-8.92,-8.92,,open,single,grant_williams,2026-08-22,0
2026-08-22,professional,HOU_GA_07_2026,house,GA,07,win_prob_D,prob,1,0,1,1,0.0908,0.0908,0.0908,,open,single,grant_williams,2026-08-22,0
2026-08-22,professional,HOU_GA_08_2026,house,GA,08,margin_D,pct,1,0,0,0,-12.64,-12.64,-12.64,,open,single,grant_williams,2026-08-22,0
2026-08-22,professional,HOU_GA_08_2026,house,GA,08,win_prob_D,prob,1,0,1,1,0.0311,0.0311,0.0311,,open,single,grant_williams,2026-08-22,0
2026-08-22,professional,HOU_GA_09_2026,house,GA,09,margin_D,pct,1,0,0,0,-14.63,-14.63,-14.63,,open,single,grant_williams,2026-08-22,0
2026-08-22,professional,HOU_GA_09_2026,house,GA,09,win_prob_D,prob,1,0,1,1,0.0183,0.0183,0.0183,,open,single,grant_williams,2026-08-22,0
2026-08-22,professional,HOU_GA_10_2026,house,GA,10,margin_D,pct,1,0,0,0,-5.27,-5.27,-5.27,,open,single,grant_williams,2026-08-22,0
2026-08-22,professional,HOU_GA_10_2026,house,GA,10,win_prob_D,prob,1,0,1,1,0.2017,0.2017,0.2017,,open,single,grant_williams,2026-08-22,0
2026-08-22,professional,HOU_GA_11_2026,house,GA,11,margin_D,pct,1,0,0,0,-6.34,-6.34,-6.34,,open,single,grant_williams,2026-08-22,0
2026-08-22,professional,HOU_GA_11_2026,house,GA,11,win_prob_D,prob,1,0,1,1,0.1583,0.1583,0.1583,,open,single,grant_williams,2026-08-22,0
2026-08-22,professional,HOU_GA_12_2026,house,GA,12,margin_D,pct,1,0,0,0,-4.98,-4.98,-4.98,,open,single,grant_williams,2026-08-22,0
2026-08-22,professional,HOU_GA_12_2026,house,GA,12,win_prob_D,prob,1,0,1,1,0.2125,0.2125,0.2125,,open,single,grant_williams,2026-08-22,0
2026-08-22,professional,HOU_GA_13_2026,house,GA,13,margin_D,pct,1,0,0,0,25.39,25.39,25.39,,open,single,grant_williams,2026-08-22,0
2026-08-22,professional,HOU_GA_13_2026,house,GA,13,win_prob_D,prob,1,0,1,1,0.999,0.999,0.999,,open,single,grant_williams,2026-08-22,0
2026-08-22,professional,HOU_GA_14_2026,house,GA,14,margin_D,pct,1,0,0,0,-16.44,-16.44,-16.44,,open,single,grant_williams,2026-08-22,0
2026-08-22,professional,HOU_GA_14_2026,house,GA,14,win_prob_D,prob,1,0,1,1,0.0114,0.0114,0.0114,,open,single,grant_williams,2026-08-22,0
2026-08-22,professional,HOU_HI_01_2026,house,HI,01,margin_D,pct,1,0,0,0,19.42,19.42,19.42,,open,single,grant_williams,2026-08-22,0
2026-08-22,professional,HOU_HI_01_2026,house,HI,01,win_prob_D,prob,1,0,1,1,0.995,0.995,0.995,,open,single,grant_williams,2026-08-22,0
2026-08-22,professional,HOU_HI_02_2026,house,HI,02,margin_D,pct,1,0,0,0,18.66,18.66,18.66,,open,single,grant_williams,2026-08-22,0
2026-08-22,professional,HOU_HI_02_2026,house,HI,02,win_prob_D,prob,1,0,1,1,0.9956,0.9956,0.9956,,open,single,grant_williams,2026-08-22,0
2026-08-22,professional,HOU_IA_01_2026,house,IA,01,margin_D,pct,1,0,0,0,-0.85,-0.85,-0.85,,open,single,grant_williams,2026-08-22,0
2026-08-22,professional,HOU_IA_01_2026,house,IA,01,win_prob_D,prob,1,0,1,1,0.4445,0.4445,0.4445,,open,single,grant_williams,2026-08-22,0
2026-08-22,professional,HOU_IA_02_2026,house,IA,02,margin_D,pct,1,0,0,0,2.67,2.67,2.67,,open,single,grant_williams,2026-08-22,0
2026-08-22,professional,HOU_IA_02_2026,house,IA,02,win_prob_D,prob,1,0,1,1,0.6635,0.6635,0.6635,,open,single,grant_williams,2026-08-22,0
2026-08-22,professional,HOU_IA_03_2026,house,IA,03,margin_D,pct,1,0,0,0,1.07,1.07,1.07,,open,single,grant_williams,2026-08-22,0
2026-08-22,professional,HOU_IA_03_2026,house,IA,03,win_prob_D,prob,1,0,1,1,0.5698,0.5698,0.5698,,open,single,grant_williams,2026-08-22,0
2026-08-22,professional,HOU_IA_04_2026,house,IA,04,margin_D,pct,1,0,0,0,-7.87,-7.87,-7.87,,open,single,grant_williams,2026-08-22,0
2026-08-22,professional,HOU_IA_04_2026,house,IA,04,win_prob_D,prob,1,0,1,1,0.1093,0.1093,0.1093,,open,single,grant_williams,2026-08-22,0
2026-08-22,professional,HOU_ID_01_2026,house,ID,01,margin_D,pct,1,0,0,0,-18.94,-18.94,-18.94,,open,single,grant_williams,2026-08-22,0
2026-08-22,professional,HOU_ID_01_2026,house,ID,01,win_prob_D,prob,1,0,1,1,0.0066,0.0066,0.0066,,open,single,grant_williams,2026-08-22,0
2026-08-22,professional,HOU_ID_02_2026,house,ID,02,margin_D,pct,1,0,0,0,-10.27,-10.27,-10.27,,open,single,grant_williams,2026-08-22,0
2026-08-22,professional,HOU_ID_02_2026,house,ID,02,win_prob_D,prob,1,0,1,1,0.0632,0.0632,0.0632,,open,single,grant_williams,2026-08-22,0
2026-08-22,professional,HOU_IL_01_2026,house,IL,01,margin_D,pct,1,0,0,0,27.34,27.34,27.34,,open,single,grant_williams,2026-08-22,0
2026-08-22,professional,HOU_IL_01_2026,house,IL,01,win_prob_D,prob,1,0,1,1,0.9994,0.9994,0.9994,,open,single,grant_williams,2026-08-22,0
2026-08-22,professional,HOU_IL_02_2026,house,IL,02,margin_D,pct,1,0,0,0,23.77,23.77,23.77,,open,single,grant_williams,2026-08-22,0
2026-08-22,professional,HOU_IL_02_2026,house,IL,02,win_prob_D,prob,1,0,1,1,0.9981,0.9981,0.9981,,open,single,grant_williams,2026-08-22,0
2026-08-22,professional,HOU_IL_03_2026,house,IL,03,margin_D,pct,1,0,0,0,26.27,26.27,26.27,,open,single,grant_williams,2026-08-22,0
2026-08-22,professional,HOU_IL_03_2026,house,IL,03,win_prob_D,prob,1,0,1,1,0.999,0.999,0.999,,open,single,grant_williams,2026-08-22,0
2026-08-22,professional,HOU_IL_04_2026,house,IL,04,margin_D,pct,1,0,0,0,22.76,22.76,22.76,,open,single,grant_williams,2026-08-22,0
2026-08-22,professional,HOU_IL_04_2026,house,IL,04,win_prob_D,prob,1,0,1,1,0.9978,0.9978,0.9978,,open,single,grant_williams,2026-08-22,0
2026-08-22,professional,HOU_IL_05_2026,house,IL,05,margin_D,pct,1,0,0,0,28.38,28.38,28.38,,open,single,grant_williams,2026-08-22,0
2026-08-22,professional,HOU_IL_05_2026,house,IL,05,win_prob_D,prob,1,0,1,1,0.9996,0.9996,0.9996,,open,single,grant_williams,2026-08-22,0
2026-08-22,professional,HOU_IL_06_2026,house,IL,06,margin_D,pct,1,0,0,0,12.98,12.98,12.98,,open,single,grant_williams,2026-08-22,0
2026-08-22,professional,HOU_IL_06_2026,house,IL,06,win_prob_D,prob,1,0,1,1,0.9735,0.9735,0.9735,,open,single,grant_williams,2026-08-22,0
2026-08-22,professional,HOU_IL_07_2026,house,IL,07,margin_D,pct,1,0,0,0,39.11,39.11,39.11,,open,single,grant_williams,2026-08-22,0
2026-08-22,professional,HOU_IL_07_2026,house,IL,07,win_prob_D,prob,1,0,1,1,1.0,1.0,1.0,,open,single,grant_williams,2026-08-22,0
2026-08-22,professional,HOU_IL_08_2026,house,IL,08,margin_D,pct,1,0,0,0,11.28,11.28,11.28,,open,single,grant_williams,2026-08-22,0
2026-08-22,professional,HOU_IL_08_2026,house,IL,08,win_prob_D,prob,1,0,1,1,0.9558,0.9558,0.9558,,open,single,grant_williams,2026-08-22,0
2026-08-22,professional,HOU_IL_09_2026,house,IL,09,margin_D,pct,1,0,0,0,24.65,24.65,24.65,,open,single,grant_williams,2026-08-22,0
2026-08-22,professional,HOU_IL_09_2026,house,IL,09,win_prob_D,prob,1,0,1,1,0.9987,0.9987,0.9987,,open,single,grant_williams,2026-08-22,0
2026-08-22,professional,HOU_IL_10_2026,house,IL,10,margin_D,pct,1,0,0,0,21.52,21.52,21.52,,open,single,grant_williams,2026-08-22,0
2026-08-22,professional,HOU_IL_10_2026,house,IL,10,win_prob_D,prob,1,0,1,1,0.9975,0.9975,0.9975,,open,single,grant_williams,2026-08-22,0
2026-08-22,professional,HOU_IL_11_2026,house,IL,11,margin_D,pct,1,0,0,0,15.75,15.75,15.75,,open,single,grant_williams,2026-08-22,0
2026-08-22,professional,HOU_IL_11_2026,house,IL,11,win_prob_D,prob,1,0,1,1,0.9898,0.9898,0.9898,,open,single,grant_williams,2026-08-22,0
2026-08-22,professional,HOU_IL_12_2026,house,IL,12,margin_D,pct,1,0,0,0,-18.2,-18.2,-18.2,,open,single,grant_williams,2026-08-22,0
2026-08-22,professional,HOU_IL_12_2026,house,IL,12,win_prob_D,prob,1,0,1,1,0.0071,0.0071,0.0071,,open,single,grant_williams,2026-08-22,0
2026-08-22,professional,HOU_IL_13_2026,house,IL,13,margin_D,pct,1,0,0,0,14.78,14.78,14.78,,open,single,grant_williams,2026-08-22,0
2026-08-22,professional,HOU_IL_13_2026,house,IL,13,win_prob_D,prob,1,0,1,1,0.9847,0.9847,0.9847,,open,single,grant_williams,2026-08-22,0
2026-08-22,professional,HOU_IL_14_2026,house,IL,14,margin_D,pct,1,0,0,0,12.92,12.92,12.92,,open,single,grant_williams,2026-08-22,0
2026-08-22,professional,HOU_IL_14_2026,house,IL,14,win_prob_D,prob,1,0,1,1,0.9776,0.9776,0.9776,,open,single,grant_williams,2026-08-22,0
2026-08-22,professional,HOU_IL_15_2026,house,IL,15,margin_D,pct,1,0,0,0,-16.21,-16.21,-16.21,,open,single,grant_williams,2026-08-22,0
2026-08-22,professional,HOU_IL_15_2026,house,IL,15,win_prob_D,prob,1,0,1,1,0.0122,0.0122,0.0122,,open,single,grant_williams,2026-08-22,0
2026-08-22,professional,HOU_IL_16_2026,house,IL,16,margin_D,pct,1,0,0,0,-7.5,-7.5,-7.5,,open,single,grant_williams,2026-08-22,0
2026-08-22,professional,HOU_IL_16_2026,house,IL,16,win_prob_D,prob,1,0,1,1,0.1177,0.1177,0.1177,,open,single,grant_williams,2026-08-22,0
2026-08-22,professional,HOU_IL_17_2026,house,IL,17,margin_D,pct,1,0,0,0,12.91,12.91,12.91,,open,single,grant_williams,2026-08-22,0
2026-08-22,professional,HOU_IL_17_2026,house,IL,17,win_prob_D,prob,1,0,1,1,0.9744,0.9744,0.9744,,open,single,grant_williams,2026-08-22,0
2026-08-22,professional,HOU_IN_01_2026,house,IN,01,margin_D,pct,1,0,0,0,11.0,11.0,11.0,,open,single,grant_williams,2026-08-22,0
2026-08-22,professional,HOU_IN_01_2026,house,IN,01,win_prob_D,prob,1,0,1,1,0.9543,0.9543,0.9543,,open,single,grant_williams,2026-08-22,0
2026-08-22,professional,HOU_IN_02_2026,house,IN,02,margin_D,pct,1,0,0,0,-9.58,-9.58,-9.58,,open,single,grant_williams,2026-08-22,0
2026-08-22,professional,HOU_IN_02_2026,house,IN,02,win_prob_D,prob,1,0,1,1,0.0689,0.0689,0.0689,,open,single,grant_williams,2026-08-22,0
2026-08-22,professional,HOU_IN_03_2026,house,IN,03,margin_D,pct,1,0,0,0,-12.35,-12.35,-12.35,,open,single,grant_williams,2026-08-22,0
2026-08-22,professional,HOU_IN_03_2026,house,IN,03,win_prob_D,prob,1,0,1,1,0.0351,0.0351,0.0351,,open,single,grant_williams,2026-08-22,0
2026-08-22,professional,HOU_IN_04_2026,house,IN,04,margin_D,pct,1,0,0,0,-11.46,-11.46,-11.46,,open,single,grant_williams,2026-08-22,0
2026-08-22,professional,HOU_IN_04_2026,house,IN,04,win_prob_D,prob,1,0,1,1,0.0413,0.0413,0.0413,,open,single,grant_williams,2026-08-22,0
2026-08-22,professional,HOU_IN_05_2026,house,IN,05,margin_D,pct,1,0,0,0,-4.72,-4.72,-4.72,,open,single,grant_williams,2026-08-22,0
2026-08-22,professional,HOU_IN_05_2026,house,IN,05,win_prob_D,prob,1,0,1,1,0.2293,0.2293,0.2293,,open,single,grant_williams,2026-08-22,0
2026-08-22,professional,HOU_IN_06_2026,house,IN,06,margin_D,pct,1,0,0,0,-12.41,-12.41,-12.41,,open,single,grant_williams,2026-08-22,0
2026-08-22,professional,HOU_IN_06_2026,house,IN,06,win_prob_D,prob,1,0,1,1,0.0338,0.0338,0.0338,,open,single,grant_williams,2026-08-22,0
2026-08-22,professional,HOU_IN_07_2026,house,IN,07,margin_D,pct,1,0,0,0,30.15,30.15,30.15,,open,single,grant_williams,2026-08-22,0
2026-08-22,professional,HOU_IN_07_2026,house,IN,07,win_prob_D,prob,1,0,1,1,0.9996,0.9996,0.9996,,open,single,grant_williams,2026-08-22,0
2026-08-22,professional,HOU_IN_08_2026,house,IN,08,margin_D,pct,1,0,0,0,-14.35,-14.35,-14.35,,open,single,grant_williams,2026-08-22,0
2026-08-22,professional,HOU_IN_08_2026,house,IN,08,win_prob_D,prob,1,0,1,1,0.0193,0.0193,0.0193,,open,single,grant_williams,2026-08-22,0
2026-08-22,professional,HOU_IN_09_2026,house,IN,09,margin_D,pct,1,0,0,0,-11.32,-11.32,-11.32,,open,single,grant_williams,2026-08-22,0
2026-08-22,professional,HOU_IN_09_2026,house,IN,09,win_prob_D,prob,1,0,1,1,0.0457,0.0457,0.0457,,open,single,grant_williams,2026-08-22,0
2026-08-22,professional,HOU_KS_01_2026,house,KS,01,margin_D,pct,1,0,0,0,-12.46,-12.46,-12.46,,open,single,grant_williams,2026-08-22,0
2026-08-22,professional,HOU_KS_01_2026,house,KS,01,win_prob_D,prob,1,0,1,1,0.0338,0.0338,0.0338,,open,single,grant_williams,2026-08-22,0
2026-08-22,professional,HOU_KS_02_2026,house,KS,02,margin_D,pct,1,0,0,0,-6.74,-6.74,-6.74,,open,single,grant_williams,2026-08-22,0
2026-08-22,professional,HOU_KS_02_2026,house,KS,02,win_prob_D,prob,1,0,1,1,0.1452,0.1452,0.1452,,open,single,grant_williams,2026-08-22,0
2026-08-22,professional,HOU_KS_03_2026,house,KS,03,margin_D,pct,1,0,0,0,11.99,11.99,11.99,,open,single,grant_williams,2026-08-22,0
2026-08-22,professional,HOU_KS_03_2026,house,KS,03,win_prob_D,prob,1,0,1,1,0.9645,0.9645,0.9645,,open,single,grant_williams,2026-08-22,0
2026-08-22,professional,HOU_KS_04_2026,house,KS,04,margin_D,pct,1,0,0,0,-8.59,-8.59,-8.59,,open,single,grant_williams,2026-08-22,0
2026-08-22,professional,HOU_KS_04_2026,house,KS,04,win_prob_D,prob,1,0,1,1,0.0979,0.0979,0.0979,,open,single,grant_williams,2026-08-22,0
2026-08-22,professional,HOU_KY_01_2026,house,KY,01,margin_D,pct,1,0,0,0,-20.97,-20.97,-20.97,,open,single,grant_williams,2026-08-22,0
2026-08-22,professional,HOU_KY_01_2026,house,KY,01,win_prob_D,prob,1,0,1,1,0.0036,0.0036,0.0036,,open,single,grant_williams,2026-08-22,0
2026-08-22,professional,HOU_KY_02_2026,house,KY,02,margin_D,pct,1,0,0,0,-18.08,-18.08,-18.08,,open,single,grant_williams,2026-08-22,0
2026-08-22,professional,HOU_KY_02_2026,house,KY,02,win_prob_D,prob,1,0,1,1,0.0076,0.0076,0.0076,,open,single,grant_williams,2026-08-22,0
2026-08-22,professional,HOU_KY_03_2026,house,KY,03,margin_D,pct,1,0,0,0,17.72,17.72,17.72,,open,single,grant_williams,2026-08-22,0
2026-08-22,professional,HOU_KY_03_2026,house,KY,03,win_prob_D,prob,1,0,1,1,0.9925,0.9925,0.9925,,open,single,grant_williams,2026-08-22,0
2026-08-22,professional,HOU_KY_04_2026,house,KY,04,margin_D,pct,1,0,0,0,-12.68,-12.68,-12.68,,open,single,grant_williams,2026-08-22,0
2026-08-22,professional,HOU_KY_04_2026,house,KY,04,win_prob_D,prob,1,0,1,1,0.0279,0.0279,0.0279,,open,single,grant_williams,2026-08-22,0
2026-08-22,professional,HOU_KY_05_2026,house,KY,05,margin_D,pct,1,0,0,0,-29.61,-29.61,-29.61,,open,single,grant_williams,2026-08-22,0
2026-08-22,professional,HOU_KY_05_2026,house,KY,05,win_prob_D,prob,1,0,1,1,0.0005,0.0005,0.0005,,open,single,grant_williams,2026-08-22,0
2026-08-22,professional,HOU_KY_06_2026,house,KY,06,margin_D,pct,1,0,0,0,-3.55,-3.55,-3.55,,open,single,grant_williams,2026-08-22,0
2026-08-22,professional,HOU_KY_06_2026,house,KY,06,win_prob_D,prob,1,0,1,1,0.1947,0.1947,0.1947,,open,single,grant_williams,2026-08-22,0
2026-08-22,professional,HOU_LA_01_2026,house,LA,01,margin_D,pct,1,0,0,0,-16.88,-16.88,-16.88,,open,single,grant_williams,2026-08-22,0
2026-08-22,professional,HOU_LA_01_2026,house,LA,01,win_prob_D,prob,1,0,1,1,0.0114,0.0114,0.0114,,open,single,grant_williams,2026-08-22,0
2026-08-22,professional,HOU_LA_02_2026,house,LA,02,margin_D,pct,1,0,0,0,33.36,33.36,33.36,,open,single,grant_williams,2026-08-22,0
2026-08-22,professional,HOU_LA_02_2026,house,LA,02,win_prob_D,prob,1,0,1,1,0.9996,0.9996,0.9996,,open,single,grant_williams,2026-08-22,0
2026-08-22,professional,HOU_LA_03_2026,house,LA,03,margin_D,pct,1,0,0,0,-14.93,-14.93,-14.93,,open,single,grant_williams,2026-08-22,0
2026-08-22,professional,HOU_LA_03_2026,house,LA,03,win_prob_D,prob,1,0,1,1,0.0159,0.0159,0.0159,,open,single,grant_williams,2026-08-22,0
2026-08-22,professional,HOU_LA_04_2026,house,LA,04,margin_D,pct,1,0,0,0,-14.07,-14.07,-14.07,,open,single,grant_williams,2026-08-22,0
2026-08-22,professional,HOU_LA_04_2026,house,LA,04,win_prob_D,prob,1,0,1,1,0.0232,0.0232,0.0232,,open,single,grant_williams,2026-08-22,0
2026-08-22,professional,HOU_LA_05_2026,house,LA,05,margin_D,pct,1,0,0,0,-10.49,-10.49,-10.49,,open,single,grant_williams,2026-08-22,0
2026-08-22,professional,HOU_LA_05_2026,house,LA,05,win_prob_D,prob,1,0,1,1,0.0549,0.0549,0.0549,,open,single,grant_williams,2026-08-22,0
2026-08-22,professional,HOU_LA_06_2026,house,LA,06,margin_D,pct,1,0,0,0,-9.56,-9.56,-9.56,,open,single,grant_williams,2026-08-22,0
2026-08-22,professional,HOU_LA_06_2026,house,LA,06,win_prob_D,prob,1,0,1,1,0.0747,0.0747,0.0747,,open,single,grant_williams,2026-08-22,0
2026-08-22,professional,HOU_MA_01_2026,house,MA,01,margin_D,pct,1,0,0,0,19.03,19.03,19.03,,open,single,grant_williams,2026-08-22,0
2026-08-22,professional,HOU_MA_01_2026,house,MA,01,win_prob_D,prob,1,0,1,1,0.9951,0.9951,0.9951,,open,single,grant_williams,2026-08-22,0
2026-08-22,professional,HOU_MA_02_2026,house,MA,02,margin_D,pct,1,0,0,0,23.9,23.9,23.9,,open,single,grant_williams,2026-08-22,0
2026-08-22,professional,HOU_MA_02_2026,house,MA,02,win_prob_D,prob,1,0,1,1,0.9983,0.9983,0.9983,,open,single,grant_williams,2026-08-22,0
2026-08-22,professional,HOU_MA_03_2026,house,MA,03,margin_D,pct,1,0,0,0,21.96,21.96,21.96,,open,single,grant_williams,2026-08-22,0
2026-08-22,professional,HOU_MA_03_2026,house,MA,03,win_prob_D,prob,1,0,1,1,0.9978,0.9978,0.9978,,open,single,grant_williams,2026-08-22,0
2026-08-22,professional,HOU_MA_04_2026,house,MA,04,margin_D,pct,1,0,0,0,21.94,21.94,21.94,,open,single,grant_williams,2026-08-22,0
2026-08-22,professional,HOU_MA_04_2026,house,MA,04,win_prob_D,prob,1,0,1,1,0.9972,0.9972,0.9972,,open,single,grant_williams,2026-08-22,0
2026-08-22,professional,HOU_MA_05_2026,house,MA,05,margin_D,pct,1,0,0,0,34.38,34.38,34.38,,open,single,grant_williams,2026-08-22,0
2026-08-22,professional,HOU_MA_05_2026,house,MA,05,win_prob_D,prob,1,0,1,1,0.9999,0.9999,0.9999,,open,single,grant_williams,2026-08-22,0
2026-08-22,professional,HOU_MA_06_2026,house,MA,06,margin_D,pct,1,0,0,0,18.32,18.32,18.32,,open,single,grant_williams,2026-08-22,0
2026-08-22,professional,HOU_MA_06_2026,house,MA,06,win_prob_D,prob,1,0,1,1,0.9947,0.9947,0.9947,,open,single,grant_williams,2026-08-22,0
2026-08-22,professional,HOU_MA_07_2026,house,MA,07,margin_D,pct,1,0,0,0,44.1,44.1,44.1,,open,single,grant_williams,2026-08-22,0
2026-08-22,professional,HOU_MA_07_2026,house,MA,07,win_prob_D,prob,1,0,1,1,1.0,1.0,1.0,,open,single,grant_williams,2026-08-22,0
2026-08-22,professional,HOU_MA_08_2026,house,MA,08,margin_D,pct,1,0,0,0,25.82,25.82,25.82,,open,single,grant_williams,2026-08-22,0
2026-08-22,professional,HOU_MA_08_2026,house,MA,08,win_prob_D,prob,1,0,1,1,0.999,0.999,0.999,,open,single,grant_williams,2026-08-22,0
2026-08-22,professional,HOU_MA_09_2026,house,MA,09,margin_D,pct,1,0,0,0,17.15,17.15,17.15,,open,single,grant_williams,2026-08-22,0
2026-08-22,professional,HOU_MA_09_2026,house,MA,09,win_prob_D,prob,1,0,1,1,0.9909,0.9909,0.9909,,open,single,grant_williams,2026-08-22,0
2026-08-22,professional,HOU_MD_01_2026,house,MD,01,margin_D,pct,1,0,0,0,-4.6,-4.6,-4.6,,open,single,grant_williams,2026-08-22,0
2026-08-22,professional,HOU_MD_01_2026,house,MD,01,win_prob_D,prob,1,0,1,1,0.2294,0.2294,0.2294,,open,single,grant_williams,2026-08-22,0
2026-08-22,professional,HOU_MD_02_2026,house,MD,02,margin_D,pct,1,0,0,0,19.75,19.75,19.75,,open,single,grant_williams,2026-08-22,0
2026-08-22,professional,HOU_MD_02_2026,house,MD,02,win_prob_D,prob,1,0,1,1,0.9951,0.9951,0.9951,,open,single,grant_williams,2026-08-22,0
2026-08-22,professional,HOU_MD_03_2026,house,MD,03,margin_D,pct,1,0,0,0,21.64,21.64,21.64,,open,single,grant_williams,2026-08-22,0
2026-08-22,professional,HOU_MD_03_2026,house,MD,03,win_prob_D,prob,1,0,1,1,0.9969,0.9969,0.9969,,open,single,grant_williams,2026-08-22,0
2026-08-22,professional,HOU_MD_04_2026,house,MD,04,margin_D,pct,1,0,0,0,47.57,47.57,47.57,,open,single,grant_williams,2026-08-22,0
2026-08-22,professional,HOU_MD_04_2026,house,MD,04,win_prob_D,prob,1,0,1,1,1.0,1.0,1.0,,open,single,grant_williams,2026-08-22,0
2026-08-22,professional,HOU_MD_05_2026,house,MD,05,margin_D,pct,1,0,0,0,22.9,22.9,22.9,,open,single,grant_williams,2026-08-22,0
2026-08-22,professional,HOU_MD_05_2026,house,MD,05,win_prob_D,prob,1,0,1,1,0.9977,0.9977,0.9977,,open,single,grant_williams,2026-08-22,0
2026-08-22,professional,HOU_MD_06_2026,house,MD,06,margin_D,pct,1,0,0,0,13.18,13.18,13.18,,open,single,grant_williams,2026-08-22,0
2026-08-22,professional,HOU_MD_06_2026,house,MD,06,win_prob_D,prob,1,0,1,1,0.9781,0.9781,0.9781,,open,single,grant_williams,2026-08-22,0
2026-08-22,professional,HOU_MD_07_2026,house,MD,07,margin_D,pct,1,0,0,0,39.77,39.77,39.77,,open,single,grant_williams,2026-08-22,0
2026-08-22,professional,HOU_MD_07_2026,house,MD,07,win_prob_D,prob,1,0,1,1,0.9999,0.9999,0.9999,,open,single,grant_williams,2026-08-22,0
2026-08-22,professional,HOU_MD_08_2026,house,MD,08,margin_D,pct,1,0,0,0,38.95,38.95,38.95,,open,single,grant_williams,2026-08-22,0
2026-08-22,professional,HOU_MD_08_2026,house,MD,08,win_prob_D,prob,1,0,1,1,0.9999,0.9999,0.9999,,open,single,grant_williams,2026-08-22,0
2026-08-22,professional,HOU_ME_01_2026,house,ME,01,margin_D,pct,1,0,0,0,22.03,22.03,22.03,,open,single,grant_williams,2026-08-22,0
2026-08-22,professional,HOU_ME_01_2026,house,ME,01,win_prob_D,prob,1,0,1,1,0.9979,0.9979,0.9979,,open,single,grant_williams,2026-08-22,0
2026-08-22,professional,HOU_ME_02_2026,house,ME,02,margin_D,pct,1,0,0,0,0.14,0.14,0.14,,open,single,grant_williams,2026-08-22,0
2026-08-22,professional,HOU_ME_02_2026,house,ME,02,win_prob_D,prob,1,0,1,1,0.5112,0.5112,0.5112,,open,single,grant_williams,2026-08-22,0
2026-08-22,professional,HOU_MI_01_2026,house,MI,01,margin_D,pct,1,0,0,0,-7.63,-7.63,-7.63,,open,single,grant_williams,2026-08-22,0
2026-08-22,professional,HOU_MI_01_2026,house,MI,01,win_prob_D,prob,1,0,1,1,0.1175,0.1175,0.1175,,open,single,grant_williams,2026-08-22,0
2026-08-22,professional,HOU_MI_02_2026,house,MI,02,margin_D,pct,1,0,0,0,-11.51,-11.51,-11.51,,open,single,grant_williams,2026-08-22,0
2026-08-22,professional,HOU_MI_02_2026,house,MI,02,win_prob_D,prob,1,0,1,1,0.0421,0.0421,0.0421,,open,single,grant_williams,2026-08-22,0
2026-08-22,professional,HOU_MI_03_2026,house,MI,03,margin_D,pct,1,0,0,0,13.92,13.92,13.92,,open,single,grant_williams,2026-08-22,0
2026-08-22,professional,HOU_MI_03_2026,house,MI,03,win_prob_D,prob,1,0,1,1,0.9816,0.9816,0.9816,,open,single,grant_williams,2026-08-22,0
2026-08-22,professional,HOU_MI_04_2026,house,MI,04,margin_D,pct,1,0,0,0,-0.3,-0.3,-0.3,,open,single,grant_williams,2026-08-22,0
2026-08-22,professional,HOU_MI_04_2026,house,MI,04,win_prob_D,prob,1,0,1,1,0.4752,0.4752,0.4752,,open,single,grant_williams,2026-08-22,0
2026-08-22,professional,HOU_MI_05_2026,house,MI,05,margin_D,pct,1,0,0,0,-9.54,-9.54,-9.54,,open,single,grant_williams,2026-08-22,0
2026-08-22,professional,HOU_MI_05_2026,house,MI,05,win_prob_D,prob,1,0,1,1,0.0712,0.0712,0.0712,,open,single,grant_williams,2026-08-22,0
2026-08-22,professional,HOU_MI_06_2026,house,MI,06,margin_D,pct,1,0,0,0,21.58,21.58,21.58,,open,single,grant_williams,2026-08-22,0
2026-08-22,professional,HOU_MI_06_2026,house,MI,06,win_prob_D,prob,1,0,1,1,0.9978,0.9978,0.9978,,open,single,grant_williams,2026-08-22,0
2026-08-22,professional,HOU_MI_07_2026,house,MI,07,margin_D,pct,1,0,0,0,2.96,2.96,2.96,,open,single,grant_williams,2026-08-22,0
2026-08-22,professional,HOU_MI_07_2026,house,MI,07,win_prob_D,prob,1,0,1,1,0.6851,0.6851,0.6851,,open,single,grant_williams,2026-08-22,0
2026-08-22,professional,HOU_MI_08_2026,house,MI,08,margin_D,pct,1,0,0,0,9.2,9.2,9.2,,open,single,grant_williams,2026-08-22,0
2026-08-22,professional,HOU_MI_08_2026,house,MI,08,win_prob_D,prob,1,0,1,1,0.9258,0.9258,0.9258,,open,single,grant_williams,2026-08-22,0
2026-08-22,professional,HOU_MI_09_2026,house,MI,09,margin_D,pct,1,0,0,0,-12.42,-12.42,-12.42,,open,single,grant_williams,2026-08-22,0
2026-08-22,professional,HOU_MI_09_2026,house,MI,09,win_prob_D,prob,1,0,1,1,0.0306,0.0306,0.0306,,open,single,grant_williams,2026-08-22,0
2026-08-22,professional,HOU_MI_10_2026,house,MI,10,margin_D,pct,1,0,0,0,3.62,3.62,3.62,,open,single,grant_williams,2026-08-22,0
2026-08-22,professional,HOU_MI_10_2026,house,MI,10,win_prob_D,prob,1,0,1,1,0.7173,0.7173,0.7173,,open,single,grant_williams,2026-08-22,0
2026-08-22,professional,HOU_MI_11_2026,house,MI,11,margin_D,pct,1,0,0,0,15.14,15.14,15.14,,open,single,grant_williams,2026-08-22,0
2026-08-22,professional,HOU_MI_11_2026,house,MI,11,win_prob_D,prob,1,0,1,1,0.9878,0.9878,0.9878,,open,single,grant_williams,2026-08-22,0
2026-08-22,professional,HOU_MI_12_2026,house,MI,12,margin_D,pct,1,0,0,0,30.17,30.17,30.17,,open,single,grant_williams,2026-08-22,0
2026-08-22,professional,HOU_MI_12_2026,house,MI,12,win_prob_D,prob,1,0,1,1,0.9996,0.9996,0.9996,,open,single,grant_williams,2026-08-22,0
2026-08-22,professional,HOU_MI_13_2026,house,MI,13,margin_D,pct,1,0,0,0,27.54,27.54,27.54,,open,single,grant_williams,2026-08-22,0
2026-08-22,professional,HOU_MI_13_2026,house,MI,13,win_prob_D,prob,1,0,1,1,0.9996,0.9996,0.9996,,open,single,grant_williams,2026-08-22,0
2026-08-22,professional,HOU_MN_01_2026,house,MN,01,margin_D,pct,1,0,0,0,-2.73,-2.73,-2.73,,open,single,grant_williams,2026-08-22,0
2026-08-22,professional,HOU_MN_01_2026,house,MN,01,win_prob_D,prob,1,0,1,1,0.3305,0.3305,0.3305,,open,single,grant_williams,2026-08-22,0
2026-08-22,professional,HOU_MN_02_2026,house,MN,02,margin_D,pct,1,0,0,0,9.38,9.38,9.38,,open,single,grant_williams,2026-08-22,0
2026-08-22,professional,HOU_MN_02_2026,house,MN,02,win_prob_D,prob,1,0,1,1,0.9322,0.9322,0.9322,,open,single,grant_williams,2026-08-22,0
2026-08-22,professional,HOU_MN_03_2026,house,MN,03,margin_D,pct,1,0,0,0,20.68,20.68,20.68,,open,single,grant_williams,2026-08-22,0
2026-08-22,professional,HOU_MN_03_2026,house,MN,03,win_prob_D,prob,1,0,1,1,0.9972,0.9972,0.9972,,open,single,grant_williams,2026-08-22,0
2026-08-22,professional,HOU_MN_04_2026,house,MN,04,margin_D,pct,1,0,0,0,27.21,27.21,27.21,,open,single,grant_williams,2026-08-22,0
2026-08-22,professional,HOU_MN_04_2026,house,MN,04,win_prob_D,prob,1,0,1,1,0.9994,0.9994,0.9994,,open,single,grant_williams,2026-08-22,0
2026-08-22,professional,HOU_MN_05_2026,house,MN,05,margin_D,pct,1,0,0,0,40.74,40.74,40.74,,open,single,grant_williams,2026-08-22,0
2026-08-22,professional,HOU_MN_05_2026,house,MN,05,win_prob_D,prob,1,0,1,1,0.9999,0.9999,0.9999,,open,single,grant_williams,2026-08-22,0
2026-08-22,professional,HOU_MN_06_2026,house,MN,06,margin_D,pct,1,0,0,0,-6.67,-6.67,-6.67,,open,single,grant_williams,2026-08-22,0
2026-08-22,professional,HOU_MN_06_2026,house,MN,06,win_prob_D,prob,1,0,1,1,0.1494,0.1494,0.1494,,open,single,grant_williams,2026-08-22,0
2026-08-22,professional,HOU_MN_07_2026,house,MN,07,margin_D,pct,1,0,0,0,-14.27,-14.27,-14.27,,open,single,grant_williams,2026-08-22,0
2026-08-22,professional,HOU_MN_07_2026,house,MN,07,win_prob_D,prob,1,0,1,1,0.021,0.021,0.021,,open,single,grant_williams,2026-08-22,0
2026-08-22,professional,HOU_MN_08_2026,house,MN,08,margin_D,pct,1,0,0,0,-3.81,-3.81,-3.81,,open,single,grant_williams,2026-08-22,0
2026-08-22,professional,HOU_MN_08_2026,house,MN,08,win_prob_D,prob,1,0,1,1,0.2708,0.2708,0.2708,,open,single,grant_williams,2026-08-22,0
2026-08-22,professional,HOU_MO_01_2026,house,MO,01,margin_D,pct,1,0,0,0,35.87,35.87,35.87,,open,single,grant_williams,2026-08-22,0
2026-08-22,professional,HOU_MO_01_2026,house,MO,01,win_prob_D,prob,1,0,1,1,0.9998,0.9998,0.9998,,open,single,grant_williams,2026-08-22,0
2026-08-22,professional,HOU_MO_02_2026,house,MO,02,margin_D,pct,1,0,0,0,-4.71,-4.71,-4.71,,open,single,grant_williams,2026-08-22,0
2026-08-22,professional,HOU_MO_02_2026,house,MO,02,win_prob_D,prob,1,0,1,1,0.2252,0.2252,0.2252,,open,single,grant_williams,2026-08-22,0
2026-08-22,professional,HOU_MO_03_2026,house,MO,03,margin_D,pct,1,0,0,0,-8.61,-8.61,-8.61,,open,single,grant_williams,2026-08-22,0
2026-08-22,professional,HOU_MO_03_2026,house,MO,03,win_prob_D,prob,1,0,1,1,0.0894,0.0894,0.0894,,open,single,grant_williams,2026-08-22,0
2026-08-22,professional,HOU_MO_04_2026,house,MO,04,margin_D,pct,1,0,0,0,-8.62,-8.62,-8.62,,open,single,grant_williams,2026-08-22,0
2026-08-22,professional,HOU_MO_04_2026,house,MO,04,win_prob_D,prob,1,0,1,1,0.0899,0.0899,0.0899,,open,single,grant_williams,2026-08-22,0
2026-08-22,professional,HOU_MO_05_2026,house,MO,05,margin_D,pct,1,0,0,0,-0.48,-0.48,-0.48,,open,single,grant_williams,2026-08-22,0
2026-08-22,professional,HOU_MO_05_2026,house,MO,05,win_prob_D,prob,1,0,1,1,0.4644,0.4644,0.4644,,open,single,grant_williams,2026-08-22,0
2026-08-22,professional,HOU_MO_06_2026,house,MO,06,margin_D,pct,1,0,0,0,-7.84,-7.84,-7.84,,open,single,grant_williams,2026-08-22,0
2026-08-22,professional,HOU_MO_06_2026,house,MO,06,win_prob_D,prob,1,0,1,1,0.1105,0.1105,0.1105,,open,single,grant_williams,2026-08-22,0
2026-08-22,professional,HOU_MO_07_2026,house,MO,07,margin_D,pct,1,0,0,0,-19.09,-19.09,-19.09,,open,single,grant_williams,2026-08-22,0
2026-08-22,professional,HOU_MO_07_2026,house,MO,07,win_prob_D,prob,1,0,1,1,0.006,0.006,0.006,,open,single,grant_williams,2026-08-22,0
2026-08-22,professional,HOU_MO_08_2026,house,MO,08,margin_D,pct,1,0,0,0,-24.86,-24.86,-24.86,,open,single,grant_williams,2026-08-22,0
2026-08-22,professional,HOU_MO_08_2026,house,MO,08,win_prob_D,prob,1,0,1,1,0.0013,0.0013,0.0013,,open,single,grant_williams,2026-08-22,0
2026-08-22,professional,HOU_MS_01_2026,house,MS,01,margin_D,pct,1,0,0,0,-16.18,-16.18,-16.18,,open,single,grant_williams,2026-08-22,0
2026-08-22,professional,HOU_MS_01_2026,house,MS,01,win_prob_D,prob,1,0,1,1,0.0085,0.0085,0.0085,,open,single,grant_williams,2026-08-22,0
2026-08-22,professional,HOU_MS_02_2026,house,MS,02,margin_D,pct,1,0,0,0,18.65,18.65,18.65,,open,single,grant_williams,2026-08-22,0
2026-08-22,professional,HOU_MS_02_2026,house,MS,02,win_prob_D,prob,1,0,1,1,0.9941,0.9941,0.9941,,open,single,grant_williams,2026-08-22,0
2026-08-22,professional,HOU_MS_03_2026,house,MS,03,margin_D,pct,1,0,0,0,-12.4,-12.4,-12.4,,open,single,grant_williams,2026-08-22,0
2026-08-22,professional,HOU_MS_03_2026,house,MS,03,win_prob_D,prob,1,0,1,1,0.0341,0.0341,0.0341,,open,single,grant_williams,2026-08-22,0
2026-08-22,professional,HOU_MS_04_2026,house,MS,04,margin_D,pct,1,0,0,0,-19.17,-19.17,-19.17,,open,single,grant_williams,2026-08-22,0
2026-08-22,professional,HOU_MS_04_2026,house,MS,04,win_prob_D,prob,1,0,1,1,0.0054,0.0054,0.0054,,open,single,grant_williams,2026-08-22,0
2026-08-22,professional,HOU_MT_01_2026,house,MT,01,margin_D,pct,1,0,0,0,0.92,0.92,0.92,,open,single,grant_williams,2026-08-22,0
2026-08-22,professional,HOU_MT_01_2026,house,MT,01,win_prob_D,prob,1,0,1,1,0.5522,0.5522,0.5522,,open,single,grant_williams,2026-08-22,0
2026-08-22,professional,HOU_MT_02_2026,house,MT,02,margin_D,pct,1,0,0,0,-12.27,-12.27,-12.27,,open,single,grant_williams,2026-08-22,0
2026-08-22,professional,HOU_MT_02_2026,house,MT,02,win_prob_D,prob,1,0,1,1,0.0343,0.0343,0.0343,,open,single,grant_williams,2026-08-22,0
2026-08-22,professional,HOU_NC_01_2026,house,NC,01,margin_D,pct,1,0,0,0,2.63,2.63,2.63,,open,single,grant_williams,2026-08-22,0
2026-08-22,professional,HOU_NC_01_2026,house,NC,01,win_prob_D,prob,1,0,1,1,0.7305,0.7305,0.7305,,open,single,grant_williams,2026-08-22,0
2026-08-22,professional,HOU_NC_02_2026,house,NC,02,margin_D,pct,1,0,0,0,25.13,25.13,25.13,,open,single,grant_williams,2026-08-22,0
2026-08-22,professional,HOU_NC_02_2026,house,NC,02,win_prob_D,prob,1,0,1,1,0.9991,0.9991,0.9991,,open,single,grant_williams,2026-08-22,0
2026-08-22,professional,HOU_NC_03_2026,house,NC,03,margin_D,pct,1,0,0,0,-4.05,-4.05,-4.05,,open,single,grant_williams,2026-08-22,0
2026-08-22,professional,HOU_NC_03_2026,house,NC,03,win_prob_D,prob,1,0,1,1,0.2538,0.2538,0.2538,,open,single,grant_williams,2026-08-22,0
2026-08-22,professional,HOU_NC_04_2026,house,NC,04,margin_D,pct,1,0,0,0,30.84,30.84,30.84,,open,single,grant_williams,2026-08-22,0
2026-08-22,professional,HOU_NC_04_2026,house,NC,04,win_prob_D,prob,1,0,1,1,0.9996,0.9996,0.9996,,open,single,grant_williams,2026-08-22,0
2026-08-22,professional,HOU_NC_05_2026,house,NC,05,margin_D,pct,1,0,0,0,-6.87,-6.87,-6.87,,open,single,grant_williams,2026-08-22,0
2026-08-22,professional,HOU_NC_05_2026,house,NC,05,win_prob_D,prob,1,0,1,1,0.1384,0.1384,0.1384,,open,single,grant_williams,2026-08-22,0
2026-08-22,professional,HOU_NC_06_2026,house,NC,06,margin_D,pct,1,0,0,0,-6.93,-6.93,-6.93,,open,single,grant_williams,2026-08-22,0
2026-08-22,professional,HOU_NC_06_2026,house,NC,06,win_prob_D,prob,1,0,1,1,0.1349,0.1349,0.1349,,open,single,grant_williams,2026-08-22,0
2026-08-22,professional,HOU_NC_07_2026,house,NC,07,margin_D,pct,1,0,0,0,-4.97,-4.97,-4.97,,open,single,grant_williams,2026-08-22,0
2026-08-22,professional,HOU_NC_07_2026,house,NC,07,win_prob_D,prob,1,0,1,1,0.2116,0.2116,0.2116,,open,single,grant_williams,2026-08-22,0
2026-08-22,professional,HOU_NC_08_2026,house,NC,08,margin_D,pct,1,0,0,0,-7.9,-7.9,-7.9,,open,single,grant_williams,2026-08-22,0
2026-08-22,professional,HOU_NC_08_2026,house,NC,08,win_prob_D,prob,1,0,1,1,0.1065,0.1065,0.1065,,open,single,grant_williams,2026-08-22,0
2026-08-22,professional,HOU_NC_09_2026,house,NC,09,margin_D,pct,1,0,0,0,-5.96,-5.96,-5.96,,open,single,grant_williams,2026-08-22,0
2026-08-22,professional,HOU_NC_09_2026,house,NC,09,win_prob_D,prob,1,0,1,1,0.1743,0.1743,0.1743,,open,single,grant_williams,2026-08-22,0
2026-08-22,professional,HOU_NC_10_2026,house,NC,10,margin_D,pct,1,0,0,0,-6.91,-6.91,-6.91,,open,single,grant_williams,2026-08-22,0
2026-08-22,professional,HOU_NC_10_2026,house,NC,10,win_prob_D,prob,1,0,1,1,0.1401,0.1401,0.1401,,open,single,grant_williams,2026-08-22,0
2026-08-22,professional,HOU_NC_11_2026,house,NC,11,margin_D,pct,1,0,0,0,0.45,0.45,0.45,,open,single,grant_williams,2026-08-22,0
2026-08-22,professional,HOU_NC_11_2026,house,NC,11,win_prob_D,prob,1,0,1,1,0.5287,0.5287,0.5287,,open,single,grant_williams,2026-08-22,0
2026-08-22,professional,HOU_NC_12_2026,house,NC,12,margin_D,pct,1,0,0,0,31.93,31.93,31.93,,open,single,grant_williams,2026-08-22,0
2026-08-22,professional,HOU_NC_12_2026,house,NC,12,win_prob_D,prob,1,0,1,1,0.9997,0.9997,0.9997,,open,single,grant_williams,2026-08-22,0
2026-08-22,professional,HOU_NC_13_2026,house,NC,13,margin_D,pct,1,0,0,0,-5.93,-5.93,-5.93,,open,single,grant_williams,2026-08-22,0
2026-08-22,professional,HOU_NC_13_2026,house,NC,13,win_prob_D,prob,1,0,1,1,0.1734,0.1734,0.1734,,open,single,grant_williams,2026-08-22,0
2026-08-22,professional,HOU_NC_14_2026,house,NC,14,margin_D,pct,1,0,0,0,-5.95,-5.95,-5.95,,open,single,grant_williams,2026-08-22,0
2026-08-22,professional,HOU_NC_14_2026,house,NC,14,win_prob_D,prob,1,0,1,1,0.1716,0.1716,0.1716,,open,single,grant_williams,2026-08-22,0
2026-08-22,professional,HOU_ND_01_2026,house,ND,01,margin_D,pct,1,0,0,0,-14.43,-14.43,-14.43,,open,single,grant_williams,2026-08-22,0
2026-08-22,professional,HOU_ND_01_2026,house,ND,01,win_prob_D,prob,1,0,1,1,0.0195,0.0195,0.0195,,open,single,grant_williams,2026-08-22,0
2026-08-22,professional,HOU_NE_01_2026,house,NE,01,margin_D,pct,1,0,0,0,-2.84,-2.84,-2.84,,open,single,grant_williams,2026-08-22,0
2026-08-22,professional,HOU_NE_01_2026,house,NE,01,win_prob_D,prob,1,0,1,1,0.329,0.329,0.329,,open,single,grant_williams,2026-08-22,0
2026-08-22,professional,HOU_NE_02_2026,house,NE,02,margin_D,pct,1,0,0,0,9.26,9.26,9.26,,open,single,grant_williams,2026-08-22,0
2026-08-22,professional,HOU_NE_02_2026,house,NE,02,win_prob_D,prob,1,0,1,1,0.9255,0.9255,0.9255,,open,single,grant_williams,2026-08-22,0
2026-08-22,professional,HOU_NE_03_2026,house,NE,03,margin_D,pct,1,0,0,0,-23.01,-23.01,-23.01,,open,single,grant_williams,2026-08-22,0
2026-08-22,professional,HOU_NE_03_2026,house,NE,03,win_prob_D,prob,1,0,1,1,0.0021,0.0021,0.0021,,open,single,grant_williams,2026-08-22,0
2026-08-22,professional,HOU_NH_01_2026,house,NH,01,margin_D,pct,1,0,0,0,9.83,9.83,9.83,,open,single,grant_williams,2026-08-22,0
2026-08-22,professional,HOU_NH_01_2026,house,NH,01,win_prob_D,prob,1,0,1,1,0.9384,0.9384,0.9384,,open,single,grant_williams,2026-08-22,0
2026-08-22,professional,HOU_NH_02_2026,house,NH,02,margin_D,pct,1,0,0,0,14.69,14.69,14.69,,open,single,grant_williams,2026-08-22,0
2026-08-22,professional,HOU_NH_02_2026,house,NH,02,win_prob_D,prob,1,0,1,1,0.9973,0.9973,0.9973,,open,single,grant_williams,2026-08-22,0
2026-08-22,professional,HOU_NJ_01_2026,house,NJ,01,margin_D,pct,1,0,0,0,19.82,19.82,19.82,,open,single,grant_williams,2026-08-22,0
2026-08-22,professional,HOU_NJ_01_2026,house,NJ,01,win_prob_D,prob,1,0,1,1,0.9962,0.9962,0.9962,,open,single,grant_williams,2026-08-22,0
2026-08-22,professional,HOU_NJ_02_2026,house,NJ,02,margin_D,pct,1,0,0,0,-1.61,-1.61,-1.61,,open,single,grant_williams,2026-08-22,0
2026-08-22,professional,HOU_NJ_02_2026,house,NJ,02,win_prob_D,prob,1,0,1,1,0.3861,0.3861,0.3861,,open,single,grant_williams,2026-08-22,0
2026-08-22,professional,HOU_NJ_03_2026,house,NJ,03,margin_D,pct,1,0,0,0,15.12,15.12,15.12,,open,single,grant_williams,2026-08-22,0
2026-08-22,professional,HOU_NJ_03_2026,house,NJ,03,win_prob_D,prob,1,0,1,1,0.9864,0.9864,0.9864,,open,single,grant_williams,2026-08-22,0
2026-08-22,professional,HOU_NJ_04_2026,house,NJ,04,margin_D,pct,1,0,0,0,-10.39,-10.39,-10.39,,open,single,grant_williams,2026-08-22,0
2026-08-22,professional,HOU_NJ_04_2026,house,NJ,04,win_prob_D,prob,1,0,1,1,0.0565,0.0565,0.0565,,open,single,grant_williams,2026-08-22,0
2026-08-22,professional,HOU_NJ_05_2026,house,NJ,05,margin_D,pct,1,0,0,0,12.13,12.13,12.13,,open,single,grant_williams,2026-08-22,0
2026-08-22,professional,HOU_NJ_05_2026,house,NJ,05,win_prob_D,prob,1,0,1,1,0.9689,0.9689,0.9689,,open,single,grant_williams,2026-08-22,0
2026-08-22,professional,HOU_NJ_06_2026,house,NJ,06,margin_D,pct,1,0,0,0,15.08,15.08,15.08,,open,single,grant_williams,2026-08-22,0
2026-08-22,professional,HOU_NJ_06_2026,house,NJ,06,win_prob_D,prob,1,0,1,1,0.9872,0.9872,0.9872,,open,single,grant_williams,2026-08-22,0
2026-08-22,professional,HOU_NJ_07_2026,house,NJ,07,margin_D,pct,1,0,0,0,2.99,2.99,2.99,,open,single,grant_williams,2026-08-22,0
2026-08-22,professional,HOU_NJ_07_2026,house,NJ,07,win_prob_D,prob,1,0,1,1,0.6857,0.6857,0.6857,,open,single,grant_williams,2026-08-22,0
2026-08-22,professional,HOU_NJ_08_2026,house,NJ,08,margin_D,pct,1,0,0,0,24.51,24.51,24.51,,open,single,grant_williams,2026-08-22,0
2026-08-22,professional,HOU_NJ_08_2026,house,NJ,08,win_prob_D,prob,1,0,1,1,0.9979,0.9979,0.9979,,open,single,grant_williams,2026-08-22,0
2026-08-22,professional,HOU_NJ_09_2026,house,NJ,09,margin_D,pct,1,0,0,0,12.14,12.14,12.14,,open,single,grant_williams,2026-08-22,0
2026-08-22,professional,HOU_NJ_09_2026,house,NJ,09,win_prob_D,prob,1,0,1,1,0.9699,0.9699,0.9699,,open,single,grant_williams,2026-08-22,0
2026-08-22,professional,HOU_NJ_10_2026,house,NJ,10,margin_D,pct,1,0,0,0,36.1,36.1,36.1,,open,single,grant_williams,2026-08-22,0
2026-08-22,professional,HOU_NJ_10_2026,house,NJ,10,win_prob_D,prob,1,0,1,1,0.9998,0.9998,0.9998,,open,single,grant_williams,2026-08-22,0
2026-08-22,professional,HOU_NJ_11_2026,house,NJ,11,margin_D,pct,1,0,0,0,14.97,14.97,14.97,,open,single,grant_williams,2026-08-22,0
2026-08-22,professional,HOU_NJ_11_2026,house,NJ,11,win_prob_D,prob,1,0,1,1,0.9859,0.9859,0.9859,,open,single,grant_williams,2026-08-22,0
2026-08-22,professional,HOU_NJ_12_2026,house,NJ,12,margin_D,pct,1,0,0,0,19.1,19.1,19.1,,open,single,grant_williams,2026-08-22,0
2026-08-22,professional,HOU_NJ_12_2026,house,NJ,12,win_prob_D,prob,1,0,1,1,0.9958,0.9958,0.9958,,open,single,grant_williams,2026-08-22,0
2026-08-22,professional,HOU_NM_01_2026,house,NM,01,margin_D,pct,1,0,0,0,18.78,18.78,18.78,,open,single,grant_williams,2026-08-22,0
2026-08-22,professional,HOU_NM_01_2026,house,NM,01,win_prob_D,prob,1,0,1,1,0.9956,0.9956,0.9956,,open,single,grant_williams,2026-08-22,0
2026-08-22,professional,HOU_NM_02_2026,house,NM,02,margin_D,pct,1,0,0,0,12.05,12.05,12.05,,open,single,grant_williams,2026-08-22,0
2026-08-22,professional,HOU_NM_02_2026,house,NM,02,win_prob_D,prob,1,0,1,1,0.97,0.97,0.97,,open,single,grant_williams,2026-08-22,0
2026-08-22,professional,HOU_NM_03_2026,house,NM,03,margin_D,pct,1,0,0,0,15.0,15.0,15.0,,open,single,grant_williams,2026-08-22,0
2026-08-22,professional,HOU_NM_03_2026,house,NM,03,win_prob_D,prob,1,0,1,1,0.9848,0.9848,0.9848,,open,single,grant_williams,2026-08-22,0
2026-08-22,professional,HOU_NV_01_2026,house,NV,01,margin_D,pct,1,0,0,0,14.01,14.01,14.01,,open,single,grant_williams,2026-08-22,0
2026-08-22,professional,HOU_NV_01_2026,house,NV,01,win_prob_D,prob,1,0,1,1,0.9849,0.9849,0.9849,,open,single,grant_williams,2026-08-22,0
2026-08-22,professional,HOU_NV_02_2026,house,NV,02,margin_D,pct,1,0,0,0,1.9,1.9,1.9,,open,single,grant_williams,2026-08-22,0
2026-08-22,professional,HOU_NV_02_2026,house,NV,02,win_prob_D,prob,1,0,1,1,0.6179,0.6179,0.6179,,open,single,grant_williams,2026-08-22,0
2026-08-22,professional,HOU_NV_03_2026,house,NV,03,margin_D,pct,1,0,0,0,13.04,13.04,13.04,,open,single,grant_williams,2026-08-22,0
2026-08-22,professional,HOU_NV_03_2026,house,NV,03,win_prob_D,prob,1,0,1,1,0.9754,0.9754,0.9754,,open,single,grant_williams,2026-08-22,0
2026-08-22,professional,HOU_NV_04_2026,house,NV,04,margin_D,pct,1,0,0,0,14.0,14.0,14.0,,open,single,grant_williams,2026-08-22,0
2026-08-22,professional,HOU_NV_04_2026,house,NV,04,win_prob_D,prob,1,0,1,1,0.9807,0.9807,0.9807,,open,single,grant_williams,2026-08-22,0
2026-08-22,professional,HOU_NY_01_2026,house,NY,01,margin_D,pct,1,0,0,0,-0.77,-0.77,-0.77,,open,single,grant_williams,2026-08-22,0
2026-08-22,professional,HOU_NY_01_2026,house,NY,01,win_prob_D,prob,1,0,1,1,0.4474,0.4474,0.4474,,open,single,grant_williams,2026-08-22,0
2026-08-22,professional,HOU_NY_02_2026,house,NY,02,margin_D,pct,1,0,0,0,-2.69,-2.69,-2.69,,open,single,grant_williams,2026-08-22,0
2026-08-22,professional,HOU_NY_02_2026,house,NY,02,win_prob_D,prob,1,0,1,1,0.3353,0.3353,0.3353,,open,single,grant_williams,2026-08-22,0
2026-08-22,professional,HOU_NY_03_2026,house,NY,03,margin_D,pct,1,0,0,0,10.26,10.26,10.26,,open,single,grant_williams,2026-08-22,0
2026-08-22,professional,HOU_NY_03_2026,house,NY,03,win_prob_D,prob,1,0,1,1,0.9444,0.9444,0.9444,,open,single,grant_williams,2026-08-22,0
2026-08-22,professional,HOU_NY_04_2026,house,NY,04,margin_D,pct,1,0,0,0,12.09,12.09,12.09,,open,single,grant_williams,2026-08-22,0
2026-08-22,professional,HOU_NY_04_2026,house,NY,04,win_prob_D,prob,1,0,1,1,0.9649,0.9649,0.9649,,open,single,grant_williams,2026-08-22,0
2026-08-22,professional,HOU_NY_05_2026,house,NY,05,margin_D,pct,1,0,0,0,33.32,33.32,33.32,,open,single,grant_williams,2026-08-22,0
2026-08-22,professional,HOU_NY_05_2026,house,NY,05,win_prob_D,prob,1,0,1,1,0.9996,0.9996,0.9996,,open,single,grant_williams,2026-08-22,0
2026-08-22,professional,HOU_NY_06_2026,house,NY,06,margin_D,pct,1,0,0,0,15.93,15.93,15.93,,open,single,grant_williams,2026-08-22,0
2026-08-22,professional,HOU_NY_06_2026,house,NY,06,win_prob_D,prob,1,0,1,1,0.9885,0.9885,0.9885,,open,single,grant_williams,2026-08-22,0
2026-08-22,professional,HOU_NY_07_2026,house,NY,07,margin_D,pct,1,0,0,0,30.72,30.72,30.72,,open,single,grant_williams,2026-08-22,0
2026-08-22,professional,HOU_NY_07_2026,house,NY,07,win_prob_D,prob,1,0,1,1,0.9995,0.9995,0.9995,,open,single,grant_williams,2026-08-22,0
2026-08-22,professional,HOU_NY_08_2026,house,NY,08,margin_D,pct,1,0,0,0,33.11,33.11,33.11,,open,single,grant_williams,2026-08-22,0
2026-08-22,professional,HOU_NY_08_2026,house,NY,08,win_prob_D,prob,1,0,1,1,0.9999,0.9999,0.9999,,open,single,grant_williams,2026-08-22,0
2026-08-22,professional,HOU_NY_09_2026,house,NY,09,margin_D,pct,1,0,0,0,31.31,31.31,31.31,,open,single,grant_williams,2026-08-22,0
2026-08-22,professional,HOU_NY_09_2026,house,NY,09,win_prob_D,prob,1,0,1,1,0.9996,0.9996,0.9996,,open,single,grant_williams,2026-08-22,0
2026-08-22,professional,HOU_NY_10_2026,house,NY,10,margin_D,pct,1,0,0,0,37.3,37.3,37.3,,open,single,grant_williams,2026-08-22,0
2026-08-22,professional,HOU_NY_10_2026,house,NY,10,win_prob_D,prob,1,0,1,1,0.9996,0.9996,0.9996,,open,single,grant_williams,2026-08-22,0
2026-08-22,professional,HOU_NY_11_2026,house,NY,11,margin_D,pct,1,0,0,0,-6.51,-6.51,-6.51,,open,single,grant_williams,2026-08-22,0
2026-08-22,professional,HOU_NY_11_2026,house,NY,11,win_prob_D,prob,1,0,1,1,0.1581,0.1581,0.1581,,open,single,grant_williams,2026-08-22,0
2026-08-22,professional,HOU_NY_12_2026,house,NY,12,margin_D,pct,1,0,0,0,38.29,38.29,38.29,,open,single,grant_williams,2026-08-22,0
2026-08-22,professional,HOU_NY_12_2026,house,NY,12,win_prob_D,prob,1,0,1,1,1.0,1.0,1.0,,open,single,grant_williams,2026-08-22,0
2026-08-22,professional,HOU_NY_13_2026,house,NY,13,margin_D,pct,1,0,0,0,37.37,37.37,37.37,,open,single,grant_williams,2026-08-22,0
2026-08-22,professional,HOU_NY_13_2026,house,NY,13,win_prob_D,prob,1,0,1,1,0.9999,0.9999,0.9999,,open,single,grant_williams,2026-08-22,0
2026-08-22,professional,HOU_NY_14_2026,house,NY,14,margin_D,pct,1,0,0,0,28.45,28.45,28.45,,open,single,grant_williams,2026-08-22,0
2026-08-22,professional,HOU_NY_14_2026,house,NY,14,win_prob_D,prob,1,0,1,1,0.9993,0.9993,0.9993,,open,single,grant_williams,2026-08-22,0
2026-08-22,professional,HOU_NY_15_2026,house,NY,15,margin_D,pct,1,0,0,0,36.06,36.06,36.06,,open,single,grant_williams,2026-08-22,0
2026-08-22,professional,HOU_NY_15_2026,house,NY,15,win_prob_D,prob,1,0,1,1,0.9999,0.9999,0.9999,,open,single,grant_williams,2026-08-22,0
2026-08-22,professional,HOU_NY_16_2026,house,NY,16,margin_D,pct,1,0,0,0,27.56,27.56,27.56,,open,single,grant_williams,2026-08-22,0
2026-08-22,professional,HOU_NY_16_2026,house,NY,16,win_prob_D,prob,1,0,1,1,0.9996,0.9996,0.9996,,open,single,grant_williams,2026-08-22,0
2026-08-22,professional,HOU_NY_17_2026,house,NY,17,margin_D,pct,1,0,0,0,4.03,4.03,4.03,,open,single,grant_williams,2026-08-22,0
2026-08-22,professional,HOU_NY_17_2026,house,NY,17,win_prob_D,prob,1,0,1,1,0.7385,0.7385,0.7385,,open,single,grant_williams,2026-08-22,0
2026-08-22,professional,HOU_NY_18_2026,house,NY,18,margin_D,pct,1,0,0,0,12.21,12.21,12.21,,open,single,grant_williams,2026-08-22,0
2026-08-22,professional,HOU_NY_18_2026,house,NY,18,win_prob_D,prob,1,0,1,1,0.9683,0.9683,0.9683,,open,single,grant_williams,2026-08-22,0
2026-08-22,professional,HOU_NY_19_2026,house,NY,19,margin_D,pct,1,0,0,0,11.2,11.2,11.2,,open,single,grant_williams,2026-08-22,0
2026-08-22,professional,HOU_NY_19_2026,house,NY,19,win_prob_D,prob,1,0,1,1,0.958,0.958,0.958,,open,single,grant_williams,2026-08-22,0
2026-08-22,professional,HOU_NY_20_2026,house,NY,20,margin_D,pct,1,0,0,0,17.98,17.98,17.98,,open,single,grant_williams,2026-08-22,0
2026-08-22,professional,HOU_NY_20_2026,house,NY,20,win_prob_D,prob,1,0,1,1,0.9948,0.9948,0.9948,,open,single,grant_williams,2026-08-22,0
2026-08-22,professional,HOU_NY_21_2026,house,NY,21,margin_D,pct,1,0,0,0,-3.7,-3.7,-3.7,,open,single,grant_williams,2026-08-22,0
2026-08-22,professional,HOU_NY_21_2026,house,NY,21,win_prob_D,prob,1,0,1,1,0.1894,0.1894,0.1894,,open,single,grant_williams,2026-08-22,0
2026-08-22,professional,HOU_NY_22_2026,house,NY,22,margin_D,pct,1,0,0,0,14.07,14.07,14.07,,open,single,grant_williams,2026-08-22,0
2026-08-22,professional,HOU_NY_22_2026,house,NY,22,win_prob_D,prob,1,0,1,1,0.9819,0.9819,0.9819,,open,single,grant_williams,2026-08-22,0
2026-08-22,professional,HOU_NY_23_2026,house,NY,23,margin_D,pct,1,0,0,0,-6.58,-6.58,-6.58,,open,single,grant_williams,2026-08-22,0
2026-08-22,professional,HOU_NY_23_2026,house,NY,23,win_prob_D,prob,1,0,1,1,0.1503,0.1503,0.1503,,open,single,grant_williams,2026-08-22,0
2026-08-22,professional,HOU_NY_24_2026,house,NY,24,margin_D,pct,1,0,0,0,-7.43,-7.43,-7.43,,open,single,grant_williams,2026-08-22,0
2026-08-22,professional,HOU_NY_24_2026,house,NY,24,win_prob_D,prob,1,0,1,1,0.1217,0.1217,0.1217,,open,single,grant_williams,2026-08-22,0
2026-08-22,professional,HOU_NY_25_2026,house,NY,25,margin_D,pct,1,0,0,0,19.69,19.69,19.69,,open,single,grant_williams,2026-08-22,0
2026-08-22,professional,HOU_NY_25_2026,house,NY,25,win_prob_D,prob,1,0,1,1,0.9954,0.9954,0.9954,,open,single,grant_williams,2026-08-22,0
2026-08-22,professional,HOU_NY_26_2026,house,NY,26,margin_D,pct,1,0,0,0,20.77,20.77,20.77,,open,single,grant_williams,2026-08-22,0
2026-08-22,professional,HOU_NY_26_2026,house,NY,26,win_prob_D,prob,1,0,1,1,0.9964,0.9964,0.9964,,open,single,grant_williams,2026-08-22,0
2026-08-22,professional,HOU_OH_01_2026,house,OH,01,margin_D,pct,1,0,0,0,9.05,9.05,9.05,,open,single,grant_williams,2026-08-22,0
2026-08-22,professional,HOU_OH_01_2026,house,OH,01,win_prob_D,prob,1,0,1,1,0.9244,0.9244,0.9244,,open,single,grant_williams,2026-08-22,0
2026-08-22,professional,HOU_OH_02_2026,house,OH,02,margin_D,pct,1,0,0,0,-17.24,-17.24,-17.24,,open,single,grant_williams,2026-08-22,0
2026-08-22,professional,HOU_OH_02_2026,house,OH,02,win_prob_D,prob,1,0,1,1,0.0076,0.0076,0.0076,,open,single,grant_williams,2026-08-22,0
2026-08-22,professional,HOU_OH_03_2026,house,OH,03,margin_D,pct,1,0,0,0,30.2,30.2,30.2,,open,single,grant_williams,2026-08-22,0
2026-08-22,professional,HOU_OH_03_2026,house,OH,03,win_prob_D,prob,1,0,1,1,0.9993,0.9993,0.9993,,open,single,grant_williams,2026-08-22,0
2026-08-22,professional,HOU_OH_04_2026,house,OH,04,margin_D,pct,1,0,0,0,-17.15,-17.15,-17.15,,open,single,grant_williams,2026-08-22,0
2026-08-22,professional,HOU_OH_04_2026,house,OH,04,win_prob_D,prob,1,0,1,1,0.0095,0.0095,0.0095,,open,single,grant_williams,2026-08-22,0
2026-08-22,professional,HOU_OH_05_2026,house,OH,05,margin_D,pct,1,0,0,0,-8.57,-8.57,-8.57,,open,single,grant_williams,2026-08-22,0
2026-08-22,professional,HOU_OH_05_2026,house,OH,05,win_prob_D,prob,1,0,1,1,0.0975,0.0975,0.0975,,open,single,grant_williams,2026-08-22,0
2026-08-22,professional,HOU_OH_06_2026,house,OH,06,margin_D,pct,1,0,0,0,-13.3,-13.3,-13.3,,open,single,grant_williams,2026-08-22,0
2026-08-22,professional,HOU_OH_06_2026,house,OH,06,win_prob_D,prob,1,0,1,1,0.0295,0.0295,0.0295,,open,single,grant_williams,2026-08-22,0
2026-08-22,professional,HOU_OH_07_2026,house,OH,07,margin_D,pct,1,0,0,0,1.83,1.83,1.83,,open,single,grant_williams,2026-08-22,0
2026-08-22,professional,HOU_OH_07_2026,house,OH,07,win_prob_D,prob,1,0,1,1,0.6659,0.6659,0.6659,,open,single,grant_williams,2026-08-22,0
2026-08-22,professional,HOU_OH_08_2026,house,OH,08,margin_D,pct,1,0,0,0,-4.71,-4.71,-4.71,,open,single,grant_williams,2026-08-22,0
2026-08-22,professional,HOU_OH_08_2026,house,OH,08,win_prob_D,prob,1,0,1,1,0.2251,0.2251,0.2251,,open,single,grant_williams,2026-08-22,0
2026-08-22,professional,HOU_OH_09_2026,house,OH,09,margin_D,pct,1,0,0,0,5.14,5.14,5.14,,open,single,grant_williams,2026-08-22,0
2026-08-22,professional,HOU_OH_09_2026,house,OH,09,win_prob_D,prob,1,0,1,1,0.7935,0.7935,0.7935,,open,single,grant_williams,2026-08-22,0
2026-08-22,professional,HOU_OH_10_2026,house,OH,10,margin_D,pct,1,0,0,0,-0.86,-0.86,-0.86,,open,single,grant_williams,2026-08-22,0
2026-08-22,professional,HOU_OH_10_2026,house,OH,10,win_prob_D,prob,1,0,1,1,0.4419,0.4419,0.4419,,open,single,grant_williams,2026-08-22,0
2026-08-22,professional,HOU_OH_11_2026,house,OH,11,margin_D,pct,1,0,0,0,36.91,36.91,36.91,,open,single,grant_williams,2026-08-22,0
2026-08-22,professional,HOU_OH_11_2026,house,OH,11,win_prob_D,prob,1,0,1,1,0.9999,0.9999,0.9999,,open,single,grant_williams,2026-08-22,0
2026-08-22,professional,HOU_OH_12_2026,house,OH,12,margin_D,pct,1,0,0,0,-11.46,-11.46,-11.46,,open,single,grant_williams,2026-08-22,0
2026-08-22,professional,HOU_OH_12_2026,house,OH,12,win_prob_D,prob,1,0,1,1,0.0432,0.0432,0.0432,,open,single,grant_williams,2026-08-22,0
2026-08-22,professional,HOU_OH_13_2026,house,OH,13,margin_D,pct,1,0,0,0,11.97,11.97,11.97,,open,single,grant_williams,2026-08-22,0
2026-08-22,professional,HOU_OH_13_2026,house,OH,13,win_prob_D,prob,1,0,1,1,0.9658,0.9658,0.9658,,open,single,grant_williams,2026-08-22,0
2026-08-22,professional,HOU_OH_14_2026,house,OH,14,margin_D,pct,1,0,0,0,-6.6,-6.6,-6.6,,open,single,grant_williams,2026-08-22,0
2026-08-22,professional,HOU_OH_14_2026,house,OH,14,win_prob_D,prob,1,0,1,1,0.1484,0.1484,0.1484,,open,single,grant_williams,2026-08-22,0
2026-08-22,professional,HOU_OH_15_2026,house,OH,15,margin_D,pct,1,0,0,0,-1.78,-1.78,-1.78,,open,single,grant_williams,2026-08-22,0
2026-08-22,professional,HOU_OH_15_2026,house,OH,15,win_prob_D,prob,1,0,1,1,0.3776,0.3776,0.3776,,open,single,grant_williams,2026-08-22,0
2026-08-22,professional,HOU_OK_01_2026,house,OK,01,margin_D,pct,1,0,0,0,-4.8,-4.8,-4.8,,open,single,grant_williams,2026-08-22,0
2026-08-22,professional,HOU_OK_01_2026,house,OK,01,win_prob_D,prob,1,0,1,1,0.2205,0.2205,0.2205,,open,single,grant_williams,2026-08-22,0
2026-08-22,professional,HOU_OK_02_2026,house,OK,02,margin_D,pct,1,0,0,0,-24.5,-24.5,-24.5,,open,single,grant_williams,2026-08-22,0
2026-08-22,professional,HOU_OK_02_2026,house,OK,02,win_prob_D,prob,1,0,1,1,0.0022,0.0022,0.0022,,open,single,grant_williams,2026-08-22,0
2026-08-22,professional,HOU_OK_03_2026,house,OK,03,margin_D,pct,1,0,0,0,-19.85,-19.85,-19.85,,open,single,grant_williams,2026-08-22,0
2026-08-22,professional,HOU_OK_03_2026,house,OK,03,win_prob_D,prob,1,0,1,1,0.0043,0.0043,0.0043,,open,single,grant_williams,2026-08-22,0
2026-08-22,professional,HOU_OK_04_2026,house,OK,04,margin_D,pct,1,0,0,0,-14.04,-14.04,-14.04,,open,single,grant_williams,2026-08-22,0
2026-08-22,professional,HOU_OK_04_2026,house,OK,04,win_prob_D,prob,1,0,1,1,0.021,0.021,0.021,,open,single,grant_williams,2026-08-22,0
2026-08-22,professional,HOU_OK_05_2026,house,OK,05,margin_D,pct,1,0,0,0,-6.29,-6.29,-6.29,,open,single,grant_williams,2026-08-22,0
2026-08-22,professional,HOU_OK_05_2026,house,OK,05,win_prob_D,prob,1,0,1,1,0.1612,0.1612,0.1612,,open,single,grant_williams,2026-08-22,0
2026-08-22,professional,HOU_OR_01_2026,house,OR,01,margin_D,pct,1,0,0,0,26.31,26.31,26.31,,open,single,grant_williams,2026-08-22,0
2026-08-22,professional,HOU_OR_01_2026,house,OR,01,win_prob_D,prob,1,0,1,1,0.9993,0.9993,0.9993,,open,single,grant_williams,2026-08-22,0
2026-08-22,professional,HOU_OR_02_2026,house,OR,02,margin_D,pct,1,0,0,0,-13.51,-13.51,-13.51,,open,single,grant_williams,2026-08-22,0
2026-08-22,professional,HOU_OR_02_2026,house,OR,02,win_prob_D,prob,1,0,1,1,0.0232,0.0232,0.0232,,open,single,grant_williams,2026-08-22,0
2026-08-22,professional,HOU_OR_03_2026,house,OR,03,margin_D,pct,1,0,0,0,30.07,30.07,30.07,,open,single,grant_williams,2026-08-22,0
2026-08-22,professional,HOU_OR_03_2026,house,OR,03,win_prob_D,prob,1,0,1,1,0.9999,0.9999,0.9999,,open,single,grant_williams,2026-08-22,0
2026-08-22,professional,HOU_OR_04_2026,house,OR,04,margin_D,pct,1,0,0,0,12.84,12.84,12.84,,open,single,grant_williams,2026-08-22,0
2026-08-22,professional,HOU_OR_04_2026,house,OR,04,win_prob_D,prob,1,0,1,1,0.9736,0.9736,0.9736,,open,single,grant_williams,2026-08-22,0
2026-08-22,professional,HOU_OR_05_2026,house,OR,05,margin_D,pct,1,0,0,0,10.89,10.89,10.89,,open,single,grant_williams,2026-08-22,0
2026-08-22,professional,HOU_OR_05_2026,house,OR,05,win_prob_D,prob,1,0,1,1,0.9554,0.9554,0.9554,,open,single,grant_williams,2026-08-22,0
2026-08-22,professional,HOU_OR_06_2026,house,OR,06,margin_D,pct,1,0,0,0,12.87,12.87,12.87,,open,single,grant_williams,2026-08-22,0
2026-08-22,professional,HOU_OR_06_2026,house,OR,06,win_prob_D,prob,1,0,1,1,0.975,0.975,0.975,,open,single,grant_williams,2026-08-22,0
2026-08-22,professional,HOU_PA_01_2026,house,PA,01,margin_D,pct,1,0,0,0,3.95,3.95,3.95,,open,single,grant_williams,2026-08-22,0
2026-08-22,professional,HOU_PA_01_2026,house,PA,01,win_prob_D,prob,1,0,1,1,0.7337,0.7337,0.7337,,open,single,grant_williams,2026-08-22,0
2026-08-22,professional,HOU_PA_02_2026,house,PA,02,margin_D,pct,1,0,0,0,28.34,28.34,28.34,,open,single,grant_williams,2026-08-22,0
2026-08-22,professional,HOU_PA_02_2026,house,PA,02,win_prob_D,prob,1,0,1,1,0.9992,0.9992,0.9992,,open,single,grant_williams,2026-08-22,0
2026-08-22,professional,HOU_PA_03_2026,house,PA,03,margin_D,pct,1,0,0,0,44.8,44.8,44.8,,open,single,grant_williams,2026-08-22,0
2026-08-22,professional,HOU_PA_03_2026,house,PA,03,win_prob_D,prob,1,0,1,1,0.9999,0.9999,0.9999,,open,single,grant_williams,2026-08-22,0
2026-08-22,professional,HOU_PA_04_2026,house,PA,04,margin_D,pct,1,0,0,0,17.73,17.73,17.73,,open,single,grant_williams,2026-08-22,0
2026-08-22,professional,HOU_PA_04_2026,house,PA,04,win_prob_D,prob,1,0,1,1,0.9946,0.9946,0.9946,,open,single,grant_williams,2026-08-22,0
2026-08-22,professional,HOU_PA_05_2026,house,PA,05,margin_D,pct,1,0,0,0,24.52,24.52,24.52,,open,single,grant_williams,2026-08-22,0
2026-08-22,professional,HOU_PA_05_2026,house,PA,05,win_prob_D,prob,1,0,1,1,0.9983,0.9983,0.9983,,open,single,grant_williams,2026-08-22,0
2026-08-22,professional,HOU_PA_06_2026,house,PA,06,margin_D,pct,1,0,0,0,15.86,15.86,15.86,,open,single,grant_williams,2026-08-22,0
2026-08-22,professional,HOU_PA_06_2026,house,PA,06,win_prob_D,prob,1,0,1,1,0.9891,0.9891,0.9891,,open,single,grant_williams,2026-08-22,0
2026-08-22,professional,HOU_PA_07_2026,house,PA,07,margin_D,pct,1,0,0,0,1.99,1.99,1.99,,open,single,grant_williams,2026-08-22,0
2026-08-22,professional,HOU_PA_07_2026,house,PA,07,win_prob_D,prob,1,0,1,1,0.6217,0.6217,0.6217,,open,single,grant_williams,2026-08-22,0
2026-08-22,professional,HOU_PA_08_2026,house,PA,08,margin_D,pct,1,0,0,0,-0.87,-0.87,-0.87,,open,single,grant_williams,2026-08-22,0
2026-08-22,professional,HOU_PA_08_2026,house,PA,08,win_prob_D,prob,1,0,1,1,0.4421,0.4421,0.4421,,open,single,grant_williams,2026-08-22,0
2026-08-22,professional,HOU_PA_09_2026,house,PA,09,margin_D,pct,1,0,0,0,-15.26,-15.26,-15.26,,open,single,grant_williams,2026-08-22,0
2026-08-22,professional,HOU_PA_09_2026,house,PA,09,win_prob_D,prob,1,0,1,1,0.0151,0.0151,0.0151,,open,single,grant_williams,2026-08-22,0
2026-08-22,professional,HOU_PA_10_2026,house,PA,10,margin_D,pct,1,0,0,0,-0.03,-0.03,-0.03,,open,single,grant_williams,2026-08-22,0
2026-08-22,professional,HOU_PA_10_2026,house,PA,10,win_prob_D,prob,1,0,1,1,0.4982,0.4982,0.4982,,open,single,grant_williams,2026-08-22,0
2026-08-22,professional,HOU_PA_11_2026,house,PA,11,margin_D,pct,1,0,0,0,-7.64,-7.64,-7.64,,open,single,grant_williams,2026-08-22,0
2026-08-22,professional,HOU_PA_11_2026,house,PA,11,win_prob_D,prob,1,0,1,1,0.1118,0.1118,0.1118,,open,single,grant_williams,2026-08-22,0
2026-08-22,professional,HOU_PA_12_2026,house,PA,12,margin_D,pct,1,0,0,0,19.66,19.66,19.66,,open,single,grant_williams,2026-08-22,0
2026-08-22,professional,HOU_PA_12_2026,house,PA,12,win_prob_D,prob,1,0,1,1,0.996,0.996,0.996,,open,single,grant_williams,2026-08-22,0
2026-08-22,professional,HOU_PA_13_2026,house,PA,13,margin_D,pct,1,0,0,0,-19.13,-19.13,-19.13,,open,single,grant_williams,2026-08-22,0
2026-08-22,professional,HOU_PA_13_2026,house,PA,13,win_prob_D,prob,1,0,1,1,0.0062,0.0062,0.0062,,open,single,grant_williams,2026-08-22,0
2026-08-22,professional,HOU_PA_14_2026,house,PA,14,margin_D,pct,1,0,0,0,-13.27,-13.27,-13.27,,open,single,grant_williams,2026-08-22,0
2026-08-22,professional,HOU_PA_14_2026,house,PA,14,win_prob_D,prob,1,0,1,1,0.0278,0.0278,0.0278,,open,single,grant_williams,2026-08-22,0
2026-08-22,professional,HOU_PA_15_2026,house,PA,15,margin_D,pct,1,0,0,0,-15.3,-15.3,-15.3,,open,single,grant_williams,2026-08-22,0
2026-08-22,professional,HOU_PA_15_2026,house,PA,15,win_prob_D,prob,1,0,1,1,0.0144,0.0144,0.0144,,open,single,grant_williams,2026-08-22,0
2026-08-22,professional,HOU_PA_16_2026,house,PA,16,margin_D,pct,1,0,0,0,-7.57,-7.57,-7.57,,open,single,grant_williams,2026-08-22,0
2026-08-22,professional,HOU_PA_16_2026,house,PA,16,win_prob_D,prob,1,0,1,1,0.122,0.122,0.122,,open,single,grant_williams,2026-08-22,0
2026-08-22,professional,HOU_PA_17_2026,house,PA,17,margin_D,pct,1,0,0,0,12.93,12.93,12.93,,open,single,grant_williams,2026-08-22,0
2026-08-22,professional,HOU_PA_17_2026,house,PA,17,win_prob_D,prob,1,0,1,1,0.9746,0.9746,0.9746,,open,single,grant_williams,2026-08-22,0
2026-08-22,professional,HOU_RI_01_2026,house,RI,01,margin_D,pct,1,0,0,0,21.7,21.7,21.7,,open,single,grant_williams,2026-08-22,0
2026-08-22,professional,HOU_RI_01_2026,house,RI,01,win_prob_D,prob,1,0,1,1,0.9972,0.9972,0.9972,,open,single,grant_williams,2026-08-22,0
2026-08-22,professional,HOU_RI_02_2026,house,RI,02,margin_D,pct,1,0,0,0,14.06,14.06,14.06,,open,single,grant_williams,2026-08-22,0
2026-08-22,professional,HOU_RI_02_2026,house,RI,02,win_prob_D,prob,1,0,1,1,0.9827,0.9827,0.9827,,open,single,grant_williams,2026-08-22,0
2026-08-22,professional,HOU_SC_01_2026,house,SC,01,margin_D,pct,1,0,0,0,-1.15,-1.15,-1.15,,open,single,grant_williams,2026-08-22,0
2026-08-22,professional,HOU_SC_01_2026,house,SC,01,win_prob_D,prob,1,0,1,1,0.4215,0.4215,0.4215,,open,single,grant_williams,2026-08-22,0
2026-08-22,professional,HOU_SC_02_2026,house,SC,02,margin_D,pct,1,0,0,0,-5.71,-5.71,-5.71,,open,single,grant_williams,2026-08-22,0
2026-08-22,professional,HOU_SC_02_2026,house,SC,02,win_prob_D,prob,1,0,1,1,0.1868,0.1868,0.1868,,open,single,grant_williams,2026-08-22,0
2026-08-22,professional,HOU_SC_03_2026,house,SC,03,margin_D,pct,1,0,0,0,-19.14,-19.14,-19.14,,open,single,grant_williams,2026-08-22,0
2026-08-22,professional,HOU_SC_03_2026,house,SC,03,win_prob_D,prob,1,0,1,1,0.0038,0.0038,0.0038,,open,single,grant_williams,2026-08-22,0
2026-08-22,professional,HOU_SC_04_2026,house,SC,04,margin_D,pct,1,0,0,0,-9.51,-9.51,-9.51,,open,single,grant_williams,2026-08-22,0
2026-08-22,professional,HOU_SC_04_2026,house,SC,04,win_prob_D,prob,1,0,1,1,0.0765,0.0765,0.0765,,open,single,grant_williams,2026-08-22,0
2026-08-22,professional,HOU_SC_05_2026,house,SC,05,margin_D,pct,1,0,0,0,-5.98,-5.98,-5.98,,open,single,grant_williams,2026-08-22,0
2026-08-22,professional,HOU_SC_05_2026,house,SC,05,win_prob_D,prob,1,0,1,1,0.1698,0.1698,0.1698,,open,single,grant_williams,2026-08-22,0
2026-08-22,professional,HOU_SC_06_2026,house,SC,06,margin_D,pct,1,0,0,0,20.59,20.59,20.59,,open,single,grant_williams,2026-08-22,0
2026-08-22,professional,HOU_SC_06_2026,house,SC,06,win_prob_D,prob,1,0,1,1,0.9969,0.9969,0.9969,,open,single,grant_williams,2026-08-22,0
2026-08-22,professional,HOU_SC_07_2026,house,SC,07,margin_D,pct,1,0,0,0,-10.47,-10.47,-10.47,,open,single,grant_williams,2026-08-22,0
2026-08-22,professional,HOU_SC_07_2026,house,SC,07,win_prob_D,prob,1,0,1,1,0.0522,0.0522,0.0522,,open,single,grant_williams,2026-08-22,0
2026-08-22,professional,HOU_SD_01_2026,house,SD,01,margin_D,pct,1,0,0,0,-7.92,-7.92,-7.92,,open,single,grant_williams,2026-08-22,0
2026-08-22,professional,HOU_SD_01_2026,house,SD,01,win_prob_D,prob,1,0,1,1,0.1138,0.1138,0.1138,,open,single,grant_williams,2026-08-22,0
2026-08-22,professional,HOU_TN_01_2026,house,TN,01,margin_D,pct,1,0,0,0,-26.71,-26.71,-26.71,,open,single,grant_williams,2026-08-22,0
2026-08-22,professional,HOU_TN_01_2026,house,TN,01,win_prob_D,prob,1,0,1,1,0.0018,0.0018,0.0018,,open,single,grant_williams,2026-08-22,0
2026-08-22,professional,HOU_TN_02_2026,house,TN,02,margin_D,pct,1,0,0,0,-15.29,-15.29,-15.29,,open,single,grant_williams,2026-08-22,0
2026-08-22,professional,HOU_TN_02_2026,house,TN,02,win_prob_D,prob,1,0,1,1,0.0137,0.0137,0.0137,,open,single,grant_williams,2026-08-22,0
2026-08-22,professional,HOU_TN_03_2026,house,TN,03,margin_D,pct,1,0,0,0,-16.3,-16.3,-16.3,,open,single,grant_williams,2026-08-22,0
2026-08-22,professional,HOU_TN_03_2026,house,TN,03,win_prob_D,prob,1,0,1,1,0.0106,0.0106,0.0106,,open,single,grant_williams,2026-08-22,0
2026-08-22,professional,HOU_TN_04_2026,house,TN,04,margin_D,pct,1,0,0,0,-9.59,-9.59,-9.59,,open,single,grant_williams,2026-08-22,0
2026-08-22,professional,HOU_TN_04_2026,house,TN,04,win_prob_D,prob,1,0,1,1,0.0684,0.0684,0.0684,,open,single,grant_williams,2026-08-22,0
2026-08-22,professional,HOU_TN_05_2026,house,TN,05,margin_D,pct,1,0,0,0,-5.0,-5.0,-5.0,,open,single,grant_williams,2026-08-22,0
2026-08-22,professional,HOU_TN_05_2026,house,TN,05,win_prob_D,prob,1,0,1,1,0.2113,0.2113,0.2113,,open,single,grant_williams,2026-08-22,0
2026-08-22,professional,HOU_TN_06_2026,house,TN,06,margin_D,pct,1,0,0,0,-7.98,-7.98,-7.98,,open,single,grant_williams,2026-08-22,0
2026-08-22,professional,HOU_TN_06_2026,house,TN,06,win_prob_D,prob,1,0,1,1,0.1067,0.1067,0.1067,,open,single,grant_williams,2026-08-22,0
2026-08-22,professional,HOU_TN_07_2026,house,TN,07,margin_D,pct,1,0,0,0,-9.61,-9.61,-9.61,,open,single,grant_williams,2026-08-22,0
2026-08-22,professional,HOU_TN_07_2026,house,TN,07,win_prob_D,prob,1,0,1,1,0.0675,0.0675,0.0675,,open,single,grant_williams,2026-08-22,0
2026-08-22,professional,HOU_TN_08_2026,house,TN,08,margin_D,pct,1,0,0,0,-8.52,-8.52,-8.52,,open,single,grant_williams,2026-08-22,0
2026-08-22,professional,HOU_TN_08_2026,house,TN,08,win_prob_D,prob,1,0,1,1,0.0898,0.0898,0.0898,,open,single,grant_williams,2026-08-22,0
2026-08-22,professional,HOU_TN_09_2026,house,TN,09,margin_D,pct,1,0,0,0,-3.98,-3.98,-3.98,,open,single,grant_williams,2026-08-22,0
2026-08-22,professional,HOU_TN_09_2026,house,TN,09,win_prob_D,prob,1,0,1,1,0.2604,0.2604,0.2604,,open,single,grant_williams,2026-08-22,0
2026-08-22,professional,HOU_TX_01_2026,house,TX,01,margin_D,pct,1,0,0,0,-20.74,-20.74,-20.74,,open,single,grant_williams,2026-08-22,0
2026-08-22,professional,HOU_TX_01_2026,house,TX,01,win_prob_D,prob,1,0,1,1,0.004,0.004,0.004,,open,single,grant_williams,2026-08-22,0
2026-08-22,professional,HOU_TX_02_2026,house,TX,02,margin_D,pct,1,0,0,0,-4.76,-4.76,-4.76,,open,single,grant_williams,2026-08-22,0
2026-08-22,professional,HOU_TX_02_2026,house,TX,02,win_prob_D,prob,1,0,1,1,0.2211,0.2211,0.2211,,open,single,grant_williams,2026-08-22,0
2026-08-22,professional,HOU_TX_03_2026,house,TX,03,margin_D,pct,1,0,0,0,-8.27,-8.27,-8.27,,open,single,grant_williams,2026-08-22,0
2026-08-22,professional,HOU_TX_03_2026,house,TX,03,win_prob_D,prob,1,0,1,1,0.099,0.099,0.099,,open,single,grant_williams,2026-08-22,0
2026-08-22,professional,HOU_TX_04_2026,house,TX,04,margin_D,pct,1,0,0,0,-9.21,-9.21,-9.21,,open,single,grant_williams,2026-08-22,0
2026-08-22,professional,HOU_TX_04_2026,house,TX,04,win_prob_D,prob,1,0,1,1,0.0794,0.0794,0.0794,,open,single,grant_williams,2026-08-22,0
2026-08-22,professional,HOU_TX_05_2026,house,TX,05,margin_D,pct,1,0,0,0,-7.33,-7.33,-7.33,,open,single,grant_williams,2026-08-22,0
2026-08-22,professional,HOU_TX_05_2026,house,TX,05,win_prob_D,prob,1,0,1,1,0.1245,0.1245,0.1245,,open,single,grant_williams,2026-08-22,0
2026-08-22,professional,HOU_TX_06_2026,house,TX,06,margin_D,pct,1,0,0,0,-8.2,-8.2,-8.2,,open,single,grant_williams,2026-08-22,0
2026-08-22,professional,HOU_TX_06_2026,house,TX,06,win_prob_D,prob,1,0,1,1,0.0999,0.0999,0.0999,,open,single,grant_williams,2026-08-22,0
2026-08-22,professional,HOU_TX_07_2026,house,TX,07,margin_D,pct,1,0,0,0,21.89,21.89,21.89,,open,single,grant_williams,2026-08-22,0
2026-08-22,professional,HOU_TX_07_2026,house,TX,07,win_prob_D,prob,1,0,1,1,0.998,0.998,0.998,,open,single,grant_williams,2026-08-22,0
2026-08-22,professional,HOU_TX_08_2026,house,TX,08,margin_D,pct,1,0,0,0,-6.63,-6.63,-6.63,,open,single,grant_williams,2026-08-22,0
2026-08-22,professional,HOU_TX_08_2026,house,TX,08,win_prob_D,prob,1,0,1,1,0.1499,0.1499,0.1499,,open,single,grant_williams,2026-08-22,0
2026-08-22,professional,HOU_TX_09_2026,house,TX,09,margin_D,pct,1,0,0,0,-2.82,-2.82,-2.82,,open,single,grant_williams,2026-08-22,0
2026-08-22,professional,HOU_TX_09_2026,house,TX,09,win_prob_D,prob,1,0,1,1,0.3279,0.3279,0.3279,,open,single,grant_williams,2026-08-22,0
2026-08-22,professional,HOU_TX_10_2026,house,TX,10,margin_D,pct,1,0,0,0,-3.7,-3.7,-3.7,,open,single,grant_williams,2026-08-22,0
2026-08-22,professional,HOU_TX_10_2026,house,TX,10,win_prob_D,prob,1,0,1,1,0.2753,0.2753,0.2753,,open,single,grant_williams,2026-08-22,0
2026-08-22,professional,HOU_TX_11_2026,house,TX,11,margin_D,pct,1,0,0,0,-14.05,-14.05,-14.05,,open,single,grant_williams,2026-08-22,0
2026-08-22,professional,HOU_TX_11_2026,house,TX,11,win_prob_D,prob,1,0,1,1,0.0206,0.0206,0.0206,,open,single,grant_williams,2026-08-22,0
2026-08-22,professional,HOU_TX_12_2026,house,TX,12,margin_D,pct,1,0,0,0,-8.29,-8.29,-8.29,,open,single,grant_williams,2026-08-22,0
2026-08-22,professional,HOU_TX_12_2026,house,TX,12,win_prob_D,prob,1,0,1,1,0.1005,0.1005,0.1005,,open,single,grant_williams,2026-08-22,0
2026-08-22,professional,HOU_TX_13_2026,house,TX,13,margin_D,pct,1,0,0,0,-19.67,-19.67,-19.67,,open,single,grant_williams,2026-08-22,0
2026-08-22,professional,HOU_TX_13_2026,house,TX,13,win_prob_D,prob,1,0,1,1,0.0054,0.0054,0.0054,,open,single,grant_williams,2026-08-22,0
2026-08-22,professional,HOU_TX_14_2026,house,TX,14,margin_D,pct,1,0,0,0,-9.21,-9.21,-9.21,,open,single,grant_williams,2026-08-22,0
2026-08-22,professional,HOU_TX_14_2026,house,TX,14,win_prob_D,prob,1,0,1,1,0.0777,0.0777,0.0777,,open,single,grant_williams,2026-08-22,0
2026-08-22,professional,HOU_TX_15_2026,house,TX,15,margin_D,pct,1,0,0,0,-4.44,-4.44,-4.44,,open,single,grant_williams,2026-08-22,0
2026-08-22,professional,HOU_TX_15_2026,house,TX,15,win_prob_D,prob,1,0,1,1,0.234,0.234,0.234,,open,single,grant_williams,2026-08-22,0
2026-08-22,professional,HOU_TX_16_2026,house,TX,16,margin_D,pct,1,0,0,0,20.0,20.0,20.0,,open,single,grant_williams,2026-08-22,0
2026-08-22,professional,HOU_TX_16_2026,house,TX,16,win_prob_D,prob,1,0,1,1,0.9965,0.9965,0.9965,,open,single,grant_williams,2026-08-22,0
2026-08-22,professional,HOU_TX_17_2026,house,TX,17,margin_D,pct,1,0,0,0,-7.31,-7.31,-7.31,,open,single,grant_williams,2026-08-22,0
2026-08-22,professional,HOU_TX_17_2026,house,TX,17,win_prob_D,prob,1,0,1,1,0.129,0.129,0.129,,open,single,grant_williams,2026-08-22,0
2026-08-22,professional,HOU_TX_18_2026,house,TX,18,margin_D,pct,1,0,0,0,37.21,37.21,37.21,,open,single,grant_williams,2026-08-22,0
2026-08-22,professional,HOU_TX_18_2026,house,TX,18,win_prob_D,prob,1,0,1,1,0.9998,0.9998,0.9998,,open,single,grant_williams,2026-08-22,0
2026-08-22,professional,HOU_TX_19_2026,house,TX,19,margin_D,pct,1,0,0,0,-18.12,-18.12,-18.12,,open,single,grant_williams,2026-08-22,0
2026-08-22,professional,HOU_TX_19_2026,house,TX,19,win_prob_D,prob,1,0,1,1,0.0065,0.0065,0.0065,,open,single,grant_williams,2026-08-22,0
2026-08-22,professional,HOU_TX_20_2026,house,TX,20,margin_D,pct,1,0,0,0,24.62,24.62,24.62,,open,single,grant_williams,2026-08-22,0
2026-08-22,professional,HOU_TX_20_2026,house,TX,20,win_prob_D,prob,1,0,1,1,0.9982,0.9982,0.9982,,open,single,grant_williams,2026-08-22,0
2026-08-22,professional,HOU_TX_21_2026,house,TX,21,margin_D,pct,1,0,0,0,-3.81,-3.81,-3.81,,open,single,grant_williams,2026-08-22,0
2026-08-22,professional,HOU_TX_21_2026,house,TX,21,win_prob_D,prob,1,0,1,1,0.2664,0.2664,0.2664,,open,single,grant_williams,2026-08-22,0
2026-08-22,professional,HOU_TX_22_2026,house,TX,22,margin_D,pct,1,0,0,0,-4.75,-4.75,-4.75,,open,single,grant_williams,2026-08-22,0
2026-08-22,professional,HOU_TX_22_2026,house,TX,22,win_prob_D,prob,1,0,1,1,0.2256,0.2256,0.2256,,open,single,grant_williams,2026-08-22,0
2026-08-22,professional,HOU_TX_23_2026,house,TX,23,margin_D,pct,1,0,0,0,-0.87,-0.87,-0.87,,open,single,grant_williams,2026-08-22,0
2026-08-22,professional,HOU_TX_23_2026,house,TX,23,win_prob_D,prob,1,0,1,1,0.4446,0.4446,0.4446,,open,single,grant_williams,2026-08-22,0
2026-08-22,professional,HOU_TX_24_2026,house,TX,24,margin_D,pct,1,0,0,0,-5.45,-5.45,-5.45,,open,single,grant_williams,2026-08-22,0
2026-08-22,professional,HOU_TX_24_2026,house,TX,24,win_prob_D,prob,1,0,1,1,0.1963,0.1963,0.1963,,open,single,grant_williams,2026-08-22,0
2026-08-22,professional,HOU_TX_25_2026,house,TX,25,margin_D,pct,1,0,0,0,-8.21,-8.21,-8.21,,open,single,grant_williams,2026-08-22,0
2026-08-22,professional,HOU_TX_25_2026,house,TX,25,win_prob_D,prob,1,0,1,1,0.0977,0.0977,0.0977,,open,single,grant_williams,2026-08-22,0
2026-08-22,professional,HOU_TX_26_2026,house,TX,26,margin_D,pct,1,0,0,0,-8.29,-8.29,-8.29,,open,single,grant_williams,2026-08-22,0
2026-08-22,professional,HOU_TX_26_2026,house,TX,26,win_prob_D,prob,1,0,1,1,0.1013,0.1013,0.1013,,open,single,grant_williams,2026-08-22,0
2026-08-22,professional,HOU_TX_27_2026,house,TX,27,margin_D,pct,1,0,0,0,-7.35,-7.35,-7.35,,open,single,grant_williams,2026-08-22,0
2026-08-22,professional,HOU_TX_27_2026,house,TX,27,win_prob_D,prob,1,0,1,1,0.1238,0.1238,0.1238,,open,single,grant_williams,2026-08-22,0
2026-08-22,professional,HOU_TX_28_2026,house,TX,28,margin_D,pct,1,0,0,0,6.56,6.56,6.56,,open,single,grant_williams,2026-08-22,0
2026-08-22,professional,HOU_TX_28_2026,house,TX,28,win_prob_D,prob,1,0,1,1,0.8512,0.8512,0.8512,,open,single,grant_williams,2026-08-22,0
2026-08-22,professional,HOU_TX_29_2026,house,TX,29,margin_D,pct,1,0,0,0,25.68,25.68,25.68,,open,single,grant_williams,2026-08-22,0
2026-08-22,professional,HOU_TX_29_2026,house,TX,29,win_prob_D,prob,1,0,1,1,0.9989,0.9989,0.9989,,open,single,grant_williams,2026-08-22,0
2026-08-22,professional,HOU_TX_30_2026,house,TX,30,margin_D,pct,1,0,0,0,29.85,29.85,29.85,,open,single,grant_williams,2026-08-22,0
2026-08-22,professional,HOU_TX_30_2026,house,TX,30,win_prob_D,prob,1,0,1,1,0.9994,0.9994,0.9994,,open,single,grant_williams,2026-08-22,0
2026-08-22,professional,HOU_TX_31_2026,house,TX,31,margin_D,pct,1,0,0,0,-8.21,-8.21,-8.21,,open,single,grant_williams,2026-08-22,0
2026-08-22,professional,HOU_TX_31_2026,house,TX,31,win_prob_D,prob,1,0,1,1,0.1073,0.1073,0.1073,,open,single,grant_williams,2026-08-22,0
2026-08-22,professional,HOU_TX_32_2026,house,TX,32,margin_D,pct,1,0,0,0,-1.84,-1.84,-1.84,,open,single,grant_williams,2026-08-22,0
2026-08-22,professional,HOU_TX_32_2026,house,TX,32,win_prob_D,prob,1,0,1,1,0.3804,0.3804,0.3804,,open,single,grant_williams,2026-08-22,0
2026-08-22,professional,HOU_TX_33_2026,house,TX,33,margin_D,pct,1,0,0,0,23.05,23.05,23.05,,open,single,grant_williams,2026-08-22,0
2026-08-22,professional,HOU_TX_33_2026,house,TX,33,win_prob_D,prob,1,0,1,1,0.9977,0.9977,0.9977,,open,single,grant_williams,2026-08-22,0
2026-08-22,professional,HOU_TX_34_2026,house,TX,34,margin_D,pct,1,0,0,0,6.59,6.59,6.59,,open,single,grant_williams,2026-08-22,0
2026-08-22,professional,HOU_TX_34_2026,house,TX,34,win_prob_D,prob,1,0,1,1,0.8484,0.8484,0.8484,,open,single,grant_williams,2026-08-22,0
2026-08-22,professional,HOU_TX_35_2026,house,TX,35,margin_D,pct,1,0,0,0,1.9,1.9,1.9,,open,single,grant_williams,2026-08-22,0
2026-08-22,professional,HOU_TX_35_2026,house,TX,35,win_prob_D,prob,1,0,1,1,0.6157,0.6157,0.6157,,open,single,grant_williams,2026-08-22,0
2026-08-22,professional,HOU_TX_36_2026,house,TX,36,margin_D,pct,1,0,0,0,-9.2,-9.2,-9.2,,open,single,grant_williams,2026-08-22,0
2026-08-22,professional,HOU_TX_36_2026,house,TX,36,win_prob_D,prob,1,0,1,1,0.0773,0.0773,0.0773,,open,single,grant_williams,2026-08-22,0
2026-08-22,professional,HOU_TX_37_2026,house,TX,37,margin_D,pct,1,0,0,0,38.18,38.18,38.18,,open,single,grant_williams,2026-08-22,0
2026-08-22,professional,HOU_TX_37_2026,house,TX,37,win_prob_D,prob,1,0,1,1,0.9997,0.9997,0.9997,,open,single,grant_williams,2026-08-22,0
2026-08-22,professional,HOU_TX_38_2026,house,TX,38,margin_D,pct,1,0,0,0,-3.71,-3.71,-3.71,,open,single,grant_williams,2026-08-22,0
2026-08-22,professional,HOU_TX_38_2026,house,TX,38,win_prob_D,prob,1,0,1,1,0.2759,0.2759,0.2759,,open,single,grant_williams,2026-08-22,0
2026-08-22,professional,HOU_UT_01_2026,house,UT,01,margin_D,pct,1,0,0,0,17.23,17.23,17.23,,open,single,grant_williams,2026-08-22,0
2026-08-22,professional,HOU_UT_01_2026,house,UT,01,win_prob_D,prob,1,0,1,1,0.9921,0.9921,0.9921,,open,single,grant_williams,2026-08-22,0
2026-08-22,professional,HOU_UT_02_2026,house,UT,02,margin_D,pct,1,0,0,0,-12.33,-12.33,-12.33,,open,single,grant_williams,2026-08-22,0
2026-08-22,professional,HOU_UT_02_2026,house,UT,02,win_prob_D,prob,1,0,1,1,0.0333,0.0333,0.0333,,open,single,grant_williams,2026-08-22,0
2026-08-22,professional,HOU_UT_03_2026,house,UT,03,margin_D,pct,1,0,0,0,-18.05,-18.05,-18.05,,open,single,grant_williams,2026-08-22,0
2026-08-22,professional,HOU_UT_03_2026,house,UT,03,win_prob_D,prob,1,0,1,1,0.0078,0.0078,0.0078,,open,single,grant_williams,2026-08-22,0
2026-08-22,professional,HOU_UT_04_2026,house,UT,04,margin_D,pct,1,0,0,0,-14.19,-14.19,-14.19,,open,single,grant_williams,2026-08-22,0
2026-08-22,professional,HOU_UT_04_2026,house,UT,04,win_prob_D,prob,1,0,1,1,0.021,0.021,0.021,,open,single,grant_williams,2026-08-22,0
2026-08-22,professional,HOU_VA_01_2026,house,VA,01,margin_D,pct,1,0,0,0,-1.24,-1.24,-1.24,,open,single,grant_williams,2026-08-22,0
2026-08-22,professional,HOU_VA_01_2026,house,VA,01,win_prob_D,prob,1,0,1,1,0.4218,0.4218,0.4218,,open,single,grant_williams,2026-08-22,0
2026-08-22,professional,HOU_VA_02_2026,house,VA,02,margin_D,pct,1,0,0,0,1.74,1.74,1.74,,open,single,grant_williams,2026-08-22,0
2026-08-22,professional,HOU_VA_02_2026,house,VA,02,win_prob_D,prob,1,0,1,1,0.6051,0.6051,0.6051,,open,single,grant_williams,2026-08-22,0
2026-08-22,professional,HOU_VA_03_2026,house,VA,03,margin_D,pct,1,0,0,0,26.1,26.1,26.1,,open,single,grant_williams,2026-08-22,0
2026-08-22,professional,HOU_VA_03_2026,house,VA,03,win_prob_D,prob,1,0,1,1,0.9992,0.9992,0.9992,,open,single,grant_williams,2026-08-22,0
2026-08-22,professional,HOU_VA_04_2026,house,VA,04,margin_D,pct,1,0,0,0,25.1,25.1,25.1,,open,single,grant_williams,2026-08-22,0
2026-08-22,professional,HOU_VA_04_2026,house,VA,04,win_prob_D,prob,1,0,1,1,0.9985,0.9985,0.9985,,open,single,grant_williams,2026-08-22,0
2026-08-22,professional,HOU_VA_05_2026,house,VA,05,margin_D,pct,1,0,0,0,-4.01,-4.01,-4.01,,open,single,grant_williams,2026-08-22,0
2026-08-22,professional,HOU_VA_05_2026,house,VA,05,win_prob_D,prob,1,0,1,1,0.2624,0.2624,0.2624,,open,single,grant_williams,2026-08-22,0
2026-08-22,professional,HOU_VA_06_2026,house,VA,06,margin_D,pct,1,0,0,0,-9.82,-9.82,-9.82,,open,single,grant_williams,2026-08-22,0
2026-08-22,professional,HOU_VA_06_2026,house,VA,06,win_prob_D,prob,1,0,1,1,0.066,0.066,0.066,,open,single,grant_williams,2026-08-22,0
2026-08-22,professional,HOU_VA_07_2026,house,VA,07,margin_D,pct,1,0,0,0,10.7,10.7,10.7,,open,single,grant_williams,2026-08-22,0
2026-08-22,professional,HOU_VA_07_2026,house,VA,07,win_prob_D,prob,1,0,1,1,0.9498,0.9498,0.9498,,open,single,grant_williams,2026-08-22,0
2026-08-22,professional,HOU_VA_08_2026,house,VA,08,margin_D,pct,1,0,0,0,33.74,33.74,33.74,,open,single,grant_williams,2026-08-22,0
2026-08-22,professional,HOU_VA_08_2026,house,VA,08,win_prob_D,prob,1,0,1,1,0.9999,0.9999,0.9999,,open,single,grant_williams,2026-08-22,0
2026-08-22,professional,HOU_VA_09_2026,house,VA,09,margin_D,pct,1,0,0,0,-19.37,-19.37,-19.37,,open,single,grant_williams,2026-08-22,0
2026-08-22,professional,HOU_VA_09_2026,house,VA,09,win_prob_D,prob,1,0,1,1,0.0048,0.0048,0.0048,,open,single,grant_williams,2026-08-22,0
2026-08-22,professional,HOU_VA_10_2026,house,VA,10,margin_D,pct,1,0,0,0,14.63,14.63,14.63,,open,single,grant_williams,2026-08-22,0
2026-08-22,professional,HOU_VA_10_2026,house,VA,10,win_prob_D,prob,1,0,1,1,0.9847,0.9847,0.9847,,open,single,grant_williams,2026-08-22,0
2026-08-22,professional,HOU_VA_11_2026,house,VA,11,margin_D,pct,1,0,0,0,26.08,26.08,26.08,,open,single,grant_williams,2026-08-22,0
2026-08-22,professional,HOU_VA_11_2026,house,VA,11,win_prob_D,prob,1,0,1,1,0.9989,0.9989,0.9989,,open,single,grant_williams,2026-08-22,0
2026-08-22,professional,HOU_VT_01_2026,house,VT,01,margin_D,pct,1,0,0,0,27.76,27.76,27.76,,open,single,grant_williams,2026-08-22,0
2026-08-22,professional,HOU_VT_01_2026,house,VT,01,win_prob_D,prob,1,0,1,1,0.9993,0.9993,0.9993,,open,single,grant_williams,2026-08-22,0
2026-08-22,professional,HOU_WA_01_2026,house,WA,01,margin_D,pct,1,0,0,0,21.47,21.47,21.47,,open,single,grant_williams,2026-08-22,0
2026-08-22,professional,HOU_WA_01_2026,house,WA,01,win_prob_D,prob,1,0,1,1,0.9974,0.9974,0.9974,,open,single,grant_williams,2026-08-22,0
2026-08-22,professional,HOU_WA_02_2026,house,WA,02,margin_D,pct,1,0,0,0,18.57,18.57,18.57,,open,single,grant_williams,2026-08-22,0
2026-08-22,professional,HOU_WA_02_2026,house,WA,02,win_prob_D,prob,1,0,1,1,0.9951,0.9951,0.9951,,open,single,grant_williams,2026-08-22,0
2026-08-22,professional,HOU_WA_03_2026,house,WA,03,margin_D,pct,1,0,0,0,5.12,5.12,5.12,,open,single,grant_williams,2026-08-22,0
2026-08-22,professional,HOU_WA_03_2026,house,WA,03,win_prob_D,prob,1,0,1,1,0.7956,0.7956,0.7956,,open,single,grant_williams,2026-08-22,0
2026-08-22,professional,HOU_WA_04_2026,house,WA,04,margin_D,pct,1,0,0,0,-6.01,-6.01,-6.01,,open,single,grant_williams,2026-08-22,0
2026-08-22,professional,HOU_WA_04_2026,house,WA,04,win_prob_D,prob,1,0,1,1,0.1698,0.1698,0.1698,,open,single,grant_williams,2026-08-22,0
2026-08-22,professional,HOU_WA_05_2026,house,WA,05,margin_D,pct,1,0,0,0,-4.85,-4.85,-4.85,,open,single,grant_williams,2026-08-22,0
2026-08-22,professional,HOU_WA_05_2026,house,WA,05,win_prob_D,prob,1,0,1,1,0.2194,0.2194,0.2194,,open,single,grant_williams,2026-08-22,0
2026-08-22,professional,HOU_WA_06_2026,house,WA,06,margin_D,pct,1,0,0,0,16.61,16.61,16.61,,open,single,grant_williams,2026-08-22,0
2026-08-22,professional,HOU_WA_06_2026,house,WA,06,win_prob_D,prob,1,0,1,1,0.9925,0.9925,0.9925,,open,single,grant_williams,2026-08-22,0
2026-08-22,professional,HOU_WA_07_2026,house,WA,07,margin_D,pct,1,0,0,0,44.57,44.57,44.57,,open,single,grant_williams,2026-08-22,0
2026-08-22,professional,HOU_WA_07_2026,house,WA,07,win_prob_D,prob,1,0,1,1,0.9999,0.9999,0.9999,,open,single,grant_williams,2026-08-22,0
2026-08-22,professional,HOU_WA_08_2026,house,WA,08,margin_D,pct,1,0,0,0,9.91,9.91,9.91,,open,single,grant_williams,2026-08-22,0
2026-08-22,professional,HOU_WA_08_2026,house,WA,08,win_prob_D,prob,1,0,1,1,0.939,0.939,0.939,,open,single,grant_williams,2026-08-22,0
2026-08-22,professional,HOU_WA_09_2026,house,WA,09,margin_D,pct,1,0,0,0,28.14,28.14,28.14,,open,single,grant_williams,2026-08-22,0
2026-08-22,professional,HOU_WA_09_2026,house,WA,09,win_prob_D,prob,1,0,1,1,0.9991,0.9991,0.9991,,open,single,grant_williams,2026-08-22,0
2026-08-22,professional,HOU_WA_10_2026,house,WA,10,margin_D,pct,1,0,0,0,15.67,15.67,15.67,,open,single,grant_williams,2026-08-22,0
2026-08-22,professional,HOU_WA_10_2026,house,WA,10,win_prob_D,prob,1,0,1,1,0.9895,0.9895,0.9895,,open,single,grant_williams,2026-08-22,0
2026-08-22,professional,HOU_WI_01_2026,house,WI,01,margin_D,pct,1,0,0,0,1.01,1.01,1.01,,open,single,grant_williams,2026-08-22,0
2026-08-22,professional,HOU_WI_01_2026,house,WI,01,win_prob_D,prob,1,0,1,1,0.562,0.562,0.562,,open,single,grant_williams,2026-08-22,0
2026-08-22,professional,HOU_WI_02_2026,house,WI,02,margin_D,pct,1,0,0,0,30.14,30.14,30.14,,open,single,grant_williams,2026-08-22,0
2026-08-22,professional,HOU_WI_02_2026,house,WI,02,win_prob_D,prob,1,0,1,1,0.9997,0.9997,0.9997,,open,single,grant_williams,2026-08-22,0
2026-08-22,professional,HOU_WI_03_2026,house,WI,03,margin_D,pct,1,0,0,0,0.16,0.16,0.16,,open,single,grant_williams,2026-08-22,0
2026-08-22,professional,HOU_WI_03_2026,house,WI,03,win_prob_D,prob,1,0,1,1,0.5155,0.5155,0.5155,,open,single,grant_williams,2026-08-22,0
2026-08-22,professional,HOU_WI_04_2026,house,WI,04,margin_D,pct,1,0,0,0,35.02,35.02,35.02,,open,single,grant_williams,2026-08-22,0
2026-08-22,professional,HOU_WI_04_2026,house,WI,04,win_prob_D,prob,1,0,1,1,0.9997,0.9997,0.9997,,open,single,grant_williams,2026-08-22,0
2026-08-22,professional,HOU_WI_05_2026,house,WI,05,margin_D,pct,1,0,0,0,-7.63,-7.63,-7.63,,open,single,grant_williams,2026-08-22,0
2026-08-22,professional,HOU_WI_05_2026,house,WI,05,win_prob_D,prob,1,0,1,1,0.1165,0.1165,0.1165,,open,single,grant_williams,2026-08-22,0
2026-08-22,professional,HOU_WI_06_2026,house,WI,06,margin_D,pct,1,0,0,0,-4.7,-4.7,-4.7,,open,single,grant_williams,2026-08-22,0
2026-08-22,professional,HOU_WI_06_2026,house,WI,06,win_prob_D,prob,1,0,1,1,0.2299,0.2299,0.2299,,open,single,grant_williams,2026-08-22,0
2026-08-22,professional,HOU_WI_07_2026,house,WI,07,margin_D,pct,1,0,0,0,-4.23,-4.23,-4.23,,open,single,grant_williams,2026-08-22,0
2026-08-22,professional,HOU_WI_07_2026,house,WI,07,win_prob_D,prob,1,0,1,1,0.2482,0.2482,0.2482,,open,single,grant_williams,2026-08-22,0
2026-08-22,professional,HOU_WI_08_2026,house,WI,08,margin_D,pct,1,0,0,0,-4.83,-4.83,-4.83,,open,single,grant_williams,2026-08-22,0
2026-08-22,professional,HOU_WI_08_2026,house,WI,08,win_prob_D,prob,1,0,1,1,0.217,0.217,0.217,,open,single,grant_williams,2026-08-22,0
2026-08-22,professional,HOU_WV_01_2026,house,WV,01,margin_D,pct,1,0,0,0,-20.11,-20.11,-20.11,,open,single,grant_williams,2026-08-22,0
2026-08-22,professional,HOU_WV_01_2026,house,WV,01,win_prob_D,prob,1,0,1,1,0.0035,0.0035,0.0035,,open,single,grant_williams,2026-08-22,0
2026-08-22,professional,HOU_WV_02_2026,house,WV,02,margin_D,pct,1,0,0,0,-18.19,-18.19,-18.19,,open,single,grant_williams,2026-08-22,0
2026-08-22,professional,HOU_WV_02_2026,house,WV,02,win_prob_D,prob,1,0,1,1,0.0083,0.0083,0.0083,,open,single,grant_williams,2026-08-22,0
2026-08-22,professional,HOU_WY_01_2026,house,WY,01,margin_D,pct,1,0,0,0,-16.39,-16.39,-16.39,,open,single,grant_williams,2026-08-22,0
2026-08-22,professional,HOU_WY_01_2026,house,WY,01,win_prob_D,prob,1,0,1,1,0.0119,0.0119,0.0119,,open,single,grant_williams,2026-08-22,0
2026-08-22,professional,NATL_HOUSE_2026,national,,,margin_D,pct,1,0,0,0,5.69,5.69,5.69,,open,single,grant_williams,2026-08-22,0
2026-08-22,professional,NATL_HOUSE_2026,national,,,seats_D,seats,1,0,1,1,250.37,250.37,250.37,,open,single,grant_williams,2026-08-22,0
2026-08-22,professional,NATL_HOUSE_2026,national,,,win_prob_D,prob,1,0,1,1,0.8665,0.8665,0.8665,,open,single,grant_williams,2026-08-22,0
2026-08-22,professional,NATL_SENATE_2026,national,,,margin_D,pct,1,0,0,0,6.2,6.2,6.2,,open,single,grant_williams,2026-08-22,0
2026-08-22,professional,NATL_SENATE_2026,national,,,seats_D,seats,1,0,1,1,51.38,51.38,51.38,,open,single,grant_williams,2026-08-22,0
2026-08-22,professional,NATL_SENATE_2026,national,,,win_prob_D,prob,1,0,1,1,0.623,0.623,0.623,,open,single,grant_williams,2026-08-22,0
2026-08-22,professional,SEN_AK_2026,senate,AK,,margin_D,pct,1,0,1,1,-0.27,-0.27,-0.27,,open,single,grant_williams,2026-08-22,0
2026-08-22,professional,SEN_AK_2026,senate,AK,,win_prob_D,prob,1,0,1,1,0.4748,0.4748,0.4748,,open,single,grant_williams,2026-08-22,0
2026-08-22,professional,SEN_AL_2026,senate,AL,,margin_D,pct,1,0,1,1,-13.99,-13.99,-13.99,,open,single,grant_williams,2026-08-22,0
2026-08-22,professional,SEN_AL_2026,senate,AL,,win_prob_D,prob,1,0,1,1,0.0995,0.0995,0.0995,,open,single,grant_williams,2026-08-22,0
2026-08-22,professional,SEN_AR_2026,senate,AR,,margin_D,pct,1,0,1,1,-9.26,-9.26,-9.26,,open,single,grant_williams,2026-08-22,0
2026-08-22,professional,SEN_AR_2026,senate,AR,,win_prob_D,prob,1,0,1,1,0.0382,0.0382,0.0382,,open,single,grant_williams,2026-08-22,0
2026-08-22,professional,SEN_CO_2026,senate,CO,,margin_D,pct,1,0,1,1,16.02,16.02,16.02,,open,single,grant_williams,2026-08-22,0
2026-08-22,professional,SEN_CO_2026,senate,CO,,win_prob_D,prob,1,0,1,1,0.93,0.93,0.93,,open,single,grant_williams,2026-08-22,0
2026-08-22,professional,SEN_DE_2026,senate,DE,,margin_D,pct,1,0,1,1,13.05,13.05,13.05,,open,single,grant_williams,2026-08-22,0
2026-08-22,professional,SEN_DE_2026,senate,DE,,win_prob_D,prob,1,0,1,1,0.8904,0.8904,0.8904,,open,single,grant_williams,2026-08-22,0
2026-08-22,professional,SEN_FL_2026,senate,FL,,margin_D,pct,1,0,1,1,-8.91,-8.91,-8.91,,open,single,grant_williams,2026-08-22,0
2026-08-22,professional,SEN_FL_2026,senate,FL,,win_prob_D,prob,1,0,1,1,0.0394,0.0394,0.0394,,open,single,grant_williams,2026-08-22,0
2026-08-22,professional,SEN_GA_2026,senate,GA,,margin_D,pct,1,0,1,1,11.18,11.18,11.18,,open,single,grant_williams,2026-08-22,0
2026-08-22,professional,SEN_GA_2026,senate,GA,,win_prob_D,prob,1,0,1,1,0.8623,0.8623,0.8623,,open,single,grant_williams,2026-08-22,0
2026-08-22,professional,SEN_IA_2026,senate,IA,,margin_D,pct,1,0,1,1,-0.36,-0.36,-0.36,,open,single,grant_williams,2026-08-22,0
2026-08-22,professional,SEN_IA_2026,senate,IA,,win_prob_D,prob,1,0,1,1,0.4683,0.4683,0.4683,,open,single,grant_williams,2026-08-22,0
2026-08-22,professional,SEN_ID_2026,senate,ID,,margin_D,pct,1,0,1,1,-20.74,-20.74,-20.74,,open,single,grant_williams,2026-08-22,0
2026-08-22,professional,SEN_ID_2026,senate,ID,,win_prob_D,prob,1,0,1,1,0.0403,0.0403,0.0403,,open,single,grant_williams,2026-08-22,0
2026-08-22,professional,SEN_IL_2026,senate,IL,,margin_D,pct,1,0,1,1,14.34,14.34,14.34,,open,single,grant_williams,2026-08-22,0
2026-08-22,professional,SEN_IL_2026,senate,IL,,win_prob_D,prob,1,0,1,1,0.9118,0.9118,0.9118,,open,single,grant_williams,2026-08-22,0
2026-08-22,professional,SEN_KS_2026,senate,KS,,margin_D,pct,1,0,1,1,-8.9,-8.9,-8.9,,open,single,grant_williams,2026-08-22,0
2026-08-22,professional,SEN_KS_2026,senate,KS,,win_prob_D,prob,1,0,1,1,0.2025,0.2025,0.2025,,open,single,grant_williams,2026-08-22,0
2026-08-22,professional,SEN_KY_2026,senate,KY,,margin_D,pct,1,0,1,1,-9.79,-9.79,-9.79,,open,single,grant_williams,2026-08-22,0
2026-08-22,professional,SEN_KY_2026,senate,KY,,win_prob_D,prob,1,0,1,1,0.1787,0.1787,0.1787,,open,single,grant_williams,2026-08-22,0
2026-08-22,professional,SEN_LA_2026,senate,LA,,margin_D,pct,1,0,1,1,-10.62,-10.62,-10.62,,open,single,grant_williams,2026-08-22,0
2026-08-22,professional,SEN_LA_2026,senate,LA,,win_prob_D,prob,1,0,1,1,0.1611,0.1611,0.1611,,open,single,grant_williams,2026-08-22,0
2026-08-22,professional,SEN_MA_2026,senate,MA,,margin_D,pct,1,0,1,1,24.05,24.05,24.05,,open,single,grant_williams,2026-08-22,0
2026-08-22,professional,SEN_MA_2026,senate,MA,,win_prob_D,prob,1,0,1,1,0.9988,0.9988,0.9988,,open,single,grant_williams,2026-08-22,0
2026-08-22,professional,SEN_ME_2026,senate,ME,,margin_D,pct,1,0,1,1,3.24,3.24,3.24,,open,single,grant_williams,2026-08-22,0
2026-08-22,professional,SEN_ME_2026,senate,ME,,win_prob_D,prob,1,0,1,1,0.7568,0.7568,0.7568,,open,single,grant_williams,2026-08-22,0
2026-08-22,professional,SEN_MI_2026,senate,MI,,margin_D,pct,1,0,1,1,2.29,2.29,2.29,,open,single,grant_williams,2026-08-22,0
2026-08-22,professional,SEN_MI_2026,senate,MI,,win_prob_D,prob,1,0,1,1,0.6872,0.6872,0.6872,,open,single,grant_williams,2026-08-22,0
2026-08-22,professional,SEN_MN_2026,senate,MN,,margin_D,pct,1,0,1,1,5.98,5.98,5.98,,open,single,grant_williams,2026-08-22,0
2026-08-22,professional,SEN_MN_2026,senate,MN,,win_prob_D,prob,1,0,1,1,0.8871,0.8871,0.8871,,open,single,grant_williams,2026-08-22,0
2026-08-22,professional,SEN_MS_2026,senate,MS,,margin_D,pct,1,0,1,1,-8.79,-8.79,-8.79,,open,single,grant_williams,2026-08-22,0
2026-08-22,professional,SEN_MS_2026,senate,MS,,win_prob_D,prob,1,0,1,1,0.1967,0.1967,0.1967,,open,single,grant_williams,2026-08-22,0
2026-08-22,professional,SEN_MT_2026,senate,MT,,margin_D,pct,1,0,1,1,-10.77,-10.77,-10.77,,open,single,grant_williams,2026-08-22,0
2026-08-22,professional,SEN_MT_2026,senate,MT,,win_prob_D,prob,1,0,1,1,0.154,0.154,0.154,,open,single,grant_williams,2026-08-22,0
2026-08-22,professional,SEN_NC_2026,senate,NC,,margin_D,pct,1,0,1,1,7.68,7.68,7.68,,open,single,grant_williams,2026-08-22,0
2026-08-22,professional,SEN_NC_2026,senate,NC,,win_prob_D,prob,1,0,1,1,0.9386,0.9386,0.9386,,open,single,grant_williams,2026-08-22,0
2026-08-22,professional,SEN_NE_2026,senate,NE,,margin_D,pct,1,0,1,1,-12.95,-12.95,-12.95,,open,single,grant_williams,2026-08-22,0
2026-08-22,professional,SEN_NE_2026,senate,NE,,win_prob_D,prob,1,0,0,0,0.1182,0.1182,0.1182,,open,single,grant_williams,2026-08-22,0
2026-08-22,professional,SEN_NH_2026,senate,NH,,margin_D,pct,1,0,1,1,6.36,6.36,6.36,,open,single,grant_williams,2026-08-22,0
2026-08-22,professional,SEN_NH_2026,senate,NH,,win_prob_D,prob,1,0,1,1,0.9028,0.9028,0.9028,,open,single,grant_williams,2026-08-22,0
2026-08-22,professional,SEN_NJ_2026,senate,NJ,,margin_D,pct,1,0,1,1,18.22,18.22,18.22,,open,single,grant_williams,2026-08-22,0
2026-08-22,professional,SEN_NJ_2026,senate,NJ,,win_prob_D,prob,1,0,1,1,0.9487,0.9487,0.9487,,open,single,grant_williams,2026-08-22,0
2026-08-22,professional,SEN_NM_2026,senate,NM,,margin_D,pct,1,0,1,1,16.29,16.29,16.29,,open,single,grant_williams,2026-08-22,0
2026-08-22,professional,SEN_NM_2026,senate,NM,,win_prob_D,prob,1,0,1,1,0.9345,0.9345,0.9345,,open,single,grant_williams,2026-08-22,0
2026-08-22,professional,SEN_OH_2026,senate,OH,,margin_D,pct,1,0,1,1,1.4,1.4,1.4,,open,single,grant_williams,2026-08-22,0
2026-08-22,professional,SEN_OH_2026,senate,OH,,win_prob_D,prob,1,0,1,1,0.6213,0.6213,0.6213,,open,single,grant_williams,2026-08-22,0
2026-08-22,professional,SEN_OK_2026,senate,OK,,margin_D,pct,1,0,1,1,-18.77,-18.77,-18.77,,open,single,grant_williams,2026-08-22,0
2026-08-22,professional,SEN_OK_2026,senate,OK,,win_prob_D,prob,1,0,1,1,0.0545,0.0545,0.0545,,open,single,grant_williams,2026-08-22,0
2026-08-22,professional,SEN_OR_2026,senate,OR,,margin_D,pct,1,0,1,1,17.03,17.03,17.03,,open,single,grant_williams,2026-08-22,0
2026-08-22,professional,SEN_OR_2026,senate,OR,,win_prob_D,prob,1,0,1,1,0.9387,0.9387,0.9387,,open,single,grant_williams,2026-08-22,0
2026-08-22,professional,SEN_RI_2026,senate,RI,,margin_D,pct,1,0,1,1,23.35,23.35,23.35,,open,single,grant_williams,2026-08-22,0
2026-08-22,professional,SEN_RI_2026,senate,RI,,win_prob_D,prob,1,0,1,1,0.9747,0.9747,0.9747,,open,single,grant_williams,2026-08-22,0
2026-08-22,professional,SEN_SC_2026,senate,SC,,margin_D,pct,1,0,1,1,-6.9,-6.9,-6.9,,open,single,grant_williams,2026-08-22,0
2026-08-22,professional,SEN_SC_2026,senate,SC,,win_prob_D,prob,1,0,1,1,0.2483,0.2483,0.2483,,open,single,grant_williams,2026-08-22,0
2026-08-22,professional,SEN_SD_2026,senate,SD,,margin_D,pct,1,0,1,1,-16.7,-16.7,-16.7,,open,single,grant_williams,2026-08-22,0
2026-08-22,professional,SEN_SD_2026,senate,SD,,win_prob_D,prob,1,0,1,1,0.0677,0.0677,0.0677,,open,single,grant_williams,2026-08-22,0
2026-08-22,professional,SEN_TN_2026,senate,TN,,margin_D,pct,1,0,1,1,-13.75,-13.75,-13.75,,open,single,grant_williams,2026-08-22,0
2026-08-22,professional,SEN_TN_2026,senate,TN,,win_prob_D,prob,1,0,1,1,0.1066,0.1066,0.1066,,open,single,grant_williams,2026-08-22,0
2026-08-22,professional,SEN_TX_2026,senate,TX,,margin_D,pct,1,0,1,1,1.41,1.41,1.41,,open,single,grant_williams,2026-08-22,0
2026-08-22,professional,SEN_TX_2026,senate,TX,,win_prob_D,prob,1,0,1,1,0.6198,0.6198,0.6198,,open,single,grant_williams,2026-08-22,0
2026-08-22,professional,SEN_VA_2026,senate,VA,,margin_D,pct,1,0,1,1,14.22,14.22,14.22,,open,single,grant_williams,2026-08-22,0
2026-08-22,professional,SEN_VA_2026,senate,VA,,win_prob_D,prob,1,0,1,1,0.906,0.906,0.906,,open,single,grant_williams,2026-08-22,0
2026-08-22,professional,SEN_WV_2026,senate,WV,,margin_D,pct,1,0,1,1,-26.76,-26.76,-26.76,,open,single,grant_williams,2026-08-22,0
2026-08-22,professional,SEN_WV_2026,senate,WV,,win_prob_D,prob,1,0,1,1,0.0187,0.0187,0.0187,,open,single,grant_williams,2026-08-22,0
2026-08-22,professional,SEN_WY_2026,senate,WY,,margin_D,pct,1,0,1,1,-38.76,-38.76,-38.76,,open,single,grant_williams,2026-08-22,0
2026-08-22,professional,SEN_WY_2026,senate,WY,,win_prob_D,prob,1,0,1,1,0.0044,0.0044,0.0044,,open,single,grant_williams,2026-08-22,0
