snapshot_date,category,race_id,chamber,state,district,quantity,unit,n_sources,n_gated,mean,min,max,sd,tier,display,sole_source,reason
2026-08-19,polling,NATL_HOUSE_2026,national,,,margin_D,pct,1,1,,,,,gated,single,,"only 1 gated source(s) of 1 contributing; MIN_N=3 counts gated sources only, because the open ones are published by name and can be subtracted back out"
2026-08-19,polling,NATL_HOUSE_2026,national,,,margin_D_adjusted,pct,1,1,,,,,gated,single,,"only 1 gated source(s) of 1 contributing; MIN_N=3 counts gated sources only, because the open ones are published by name and can be subtracted back out"
2026-08-20,polling,NATL_HOUSE_2026,national,,,margin_D,pct,1,1,,,,,gated,single,,"only 1 gated source(s) of 1 contributing; MIN_N=3 counts gated sources only, because the open ones are published by name and can be subtracted back out"
2026-08-20,polling,NATL_HOUSE_2026,national,,,margin_D_adjusted,pct,1,1,,,,,gated,single,,"only 1 gated source(s) of 1 contributing; MIN_N=3 counts gated sources only, because the open ones are published by name and can be subtracted back out"
2026-08-20,professional,HOU_AK_01_2026,house,AK,01,win_prob_D,prob,2,1,,,,,gated,thin,,"only 1 gated source(s) of 2 contributing; MIN_N=3 counts gated sources only, because the open ones are published by name and can be subtracted back out"
2026-08-20,professional,HOU_AL_01_2026,house,AL,01,win_prob_D,prob,2,1,,,,,gated,thin,,"only 1 gated source(s) of 2 contributing; MIN_N=3 counts gated sources only, because the open ones are published by name and can be subtracted back out"
2026-08-20,professional,HOU_AL_02_2026,house,AL,02,win_prob_D,prob,2,1,,,,,gated,thin,,"only 1 gated source(s) of 2 contributing; MIN_N=3 counts gated sources only, because the open ones are published by name and can be subtracted back out"
2026-08-20,professional,HOU_AL_03_2026,house,AL,03,win_prob_D,prob,2,1,,,,,gated,thin,,"only 1 gated source(s) of 2 contributing; MIN_N=3 counts gated sources only, because the open ones are published by name and can be subtracted back out"
2026-08-20,professional,HOU_AL_04_2026,house,AL,04,win_prob_D,prob,2,1,,,,,gated,thin,,"only 1 gated source(s) of 2 contributing; MIN_N=3 counts gated sources only, because the open ones are published by name and can be subtracted back out"
2026-08-20,professional,HOU_AL_05_2026,house,AL,05,win_prob_D,prob,2,1,,,,,gated,thin,,"only 1 gated source(s) of 2 contributing; MIN_N=3 counts gated sources only, because the open ones are published by name and can be subtracted back out"
2026-08-20,professional,HOU_AL_06_2026,house,AL,06,win_prob_D,prob,2,1,,,,,gated,thin,,"only 1 gated source(s) of 2 contributing; MIN_N=3 counts gated sources only, because the open ones are published by name and can be subtracted back out"
2026-08-20,professional,HOU_AL_07_2026,house,AL,07,win_prob_D,prob,2,1,,,,,gated,thin,,"only 1 gated source(s) of 2 contributing; MIN_N=3 counts gated sources only, because the open ones are published by name and can be subtracted back out"
2026-08-20,professional,HOU_AR_01_2026,house,AR,01,win_prob_D,prob,2,1,,,,,gated,thin,,"only 1 gated source(s) of 2 contributing; MIN_N=3 counts gated sources only, because the open ones are published by name and can be subtracted back out"
2026-08-20,professional,HOU_AR_02_2026,house,AR,02,win_prob_D,prob,2,1,,,,,gated,thin,,"only 1 gated source(s) of 2 contributing; MIN_N=3 counts gated sources only, because the open ones are published by name and can be subtracted back out"
2026-08-20,professional,HOU_AR_03_2026,house,AR,03,win_prob_D,prob,2,1,,,,,gated,thin,,"only 1 gated source(s) of 2 contributing; MIN_N=3 counts gated sources only, because the open ones are published by name and can be subtracted back out"
2026-08-20,professional,HOU_AR_04_2026,house,AR,04,win_prob_D,prob,2,1,,,,,gated,thin,,"only 1 gated source(s) of 2 contributing; MIN_N=3 counts gated sources only, because the open ones are published by name and can be subtracted back out"
2026-08-20,professional,HOU_AZ_01_2026,house,AZ,01,win_prob_D,prob,2,1,,,,,gated,thin,,"only 1 gated source(s) of 2 contributing; MIN_N=3 counts gated sources only, because the open ones are published by name and can be subtracted back out"
2026-08-20,professional,HOU_AZ_02_2026,house,AZ,02,win_prob_D,prob,2,1,,,,,gated,thin,,"only 1 gated source(s) of 2 contributing; MIN_N=3 counts gated sources only, because the open ones are published by name and can be subtracted back out"
2026-08-20,professional,HOU_AZ_03_2026,house,AZ,03,win_prob_D,prob,2,1,,,,,gated,thin,,"only 1 gated source(s) of 2 contributing; MIN_N=3 counts gated sources only, because the open ones are published by name and can be subtracted back out"
2026-08-20,professional,HOU_AZ_04_2026,house,AZ,04,win_prob_D,prob,2,1,,,,,gated,thin,,"only 1 gated source(s) of 2 contributing; MIN_N=3 counts gated sources only, because the open ones are published by name and can be subtracted back out"
2026-08-20,professional,HOU_AZ_05_2026,house,AZ,05,win_prob_D,prob,2,1,,,,,gated,thin,,"only 1 gated source(s) of 2 contributing; MIN_N=3 counts gated sources only, because the open ones are published by name and can be subtracted back out"
2026-08-20,professional,HOU_AZ_06_2026,house,AZ,06,win_prob_D,prob,2,1,,,,,gated,thin,,"only 1 gated source(s) of 2 contributing; MIN_N=3 counts gated sources only, because the open ones are published by name and can be subtracted back out"
2026-08-20,professional,HOU_AZ_07_2026,house,AZ,07,win_prob_D,prob,2,1,,,,,gated,thin,,"only 1 gated source(s) of 2 contributing; MIN_N=3 counts gated sources only, because the open ones are published by name and can be subtracted back out"
2026-08-20,professional,HOU_AZ_08_2026,house,AZ,08,win_prob_D,prob,2,1,,,,,gated,thin,,"only 1 gated source(s) of 2 contributing; MIN_N=3 counts gated sources only, because the open ones are published by name and can be subtracted back out"
2026-08-20,professional,HOU_AZ_09_2026,house,AZ,09,win_prob_D,prob,2,1,,,,,gated,thin,,"only 1 gated source(s) of 2 contributing; MIN_N=3 counts gated sources only, because the open ones are published by name and can be subtracted back out"
2026-08-20,professional,HOU_CA_01_2026,house,CA,01,win_prob_D,prob,2,1,,,,,gated,thin,,"only 1 gated source(s) of 2 contributing; MIN_N=3 counts gated sources only, because the open ones are published by name and can be subtracted back out"
2026-08-20,professional,HOU_CA_02_2026,house,CA,02,win_prob_D,prob,2,1,,,,,gated,thin,,"only 1 gated source(s) of 2 contributing; MIN_N=3 counts gated sources only, because the open ones are published by name and can be subtracted back out"
2026-08-20,professional,HOU_CA_03_2026,house,CA,03,win_prob_D,prob,2,1,,,,,gated,thin,,"only 1 gated source(s) of 2 contributing; MIN_N=3 counts gated sources only, because the open ones are published by name and can be subtracted back out"
2026-08-20,professional,HOU_CA_04_2026,house,CA,04,win_prob_D,prob,2,1,,,,,gated,thin,,"only 1 gated source(s) of 2 contributing; MIN_N=3 counts gated sources only, because the open ones are published by name and can be subtracted back out"
2026-08-20,professional,HOU_CA_05_2026,house,CA,05,win_prob_D,prob,2,1,,,,,gated,thin,,"only 1 gated source(s) of 2 contributing; MIN_N=3 counts gated sources only, because the open ones are published by name and can be subtracted back out"
2026-08-20,professional,HOU_CA_06_2026,house,CA,06,win_prob_D,prob,2,1,,,,,gated,thin,,"only 1 gated source(s) of 2 contributing; MIN_N=3 counts gated sources only, because the open ones are published by name and can be subtracted back out"
2026-08-20,professional,HOU_CA_07_2026,house,CA,07,win_prob_D,prob,2,1,,,,,gated,thin,,"only 1 gated source(s) of 2 contributing; MIN_N=3 counts gated sources only, because the open ones are published by name and can be subtracted back out"
2026-08-20,professional,HOU_CA_08_2026,house,CA,08,win_prob_D,prob,2,1,,,,,gated,thin,,"only 1 gated source(s) of 2 contributing; MIN_N=3 counts gated sources only, because the open ones are published by name and can be subtracted back out"
2026-08-20,professional,HOU_CA_09_2026,house,CA,09,win_prob_D,prob,2,1,,,,,gated,thin,,"only 1 gated source(s) of 2 contributing; MIN_N=3 counts gated sources only, because the open ones are published by name and can be subtracted back out"
2026-08-20,professional,HOU_CA_10_2026,house,CA,10,win_prob_D,prob,2,1,,,,,gated,thin,,"only 1 gated source(s) of 2 contributing; MIN_N=3 counts gated sources only, because the open ones are published by name and can be subtracted back out"
2026-08-20,professional,HOU_CA_11_2026,house,CA,11,win_prob_D,prob,2,1,,,,,gated,thin,,"only 1 gated source(s) of 2 contributing; MIN_N=3 counts gated sources only, because the open ones are published by name and can be subtracted back out"
2026-08-20,professional,HOU_CA_12_2026,house,CA,12,win_prob_D,prob,2,1,,,,,gated,thin,,"only 1 gated source(s) of 2 contributing; MIN_N=3 counts gated sources only, because the open ones are published by name and can be subtracted back out"
2026-08-20,professional,HOU_CA_13_2026,house,CA,13,win_prob_D,prob,2,1,,,,,gated,thin,,"only 1 gated source(s) of 2 contributing; MIN_N=3 counts gated sources only, because the open ones are published by name and can be subtracted back out"
2026-08-20,professional,HOU_CA_14_2026,house,CA,14,win_prob_D,prob,2,1,,,,,gated,thin,,"only 1 gated source(s) of 2 contributing; MIN_N=3 counts gated sources only, because the open ones are published by name and can be subtracted back out"
2026-08-20,professional,HOU_CA_15_2026,house,CA,15,win_prob_D,prob,2,1,,,,,gated,thin,,"only 1 gated source(s) of 2 contributing; MIN_N=3 counts gated sources only, because the open ones are published by name and can be subtracted back out"
2026-08-20,professional,HOU_CA_16_2026,house,CA,16,win_prob_D,prob,2,1,,,,,gated,thin,,"only 1 gated source(s) of 2 contributing; MIN_N=3 counts gated sources only, because the open ones are published by name and can be subtracted back out"
2026-08-20,professional,HOU_CA_17_2026,house,CA,17,win_prob_D,prob,2,1,,,,,gated,thin,,"only 1 gated source(s) of 2 contributing; MIN_N=3 counts gated sources only, because the open ones are published by name and can be subtracted back out"
2026-08-20,professional,HOU_CA_18_2026,house,CA,18,win_prob_D,prob,2,1,,,,,gated,thin,,"only 1 gated source(s) of 2 contributing; MIN_N=3 counts gated sources only, because the open ones are published by name and can be subtracted back out"
2026-08-20,professional,HOU_CA_19_2026,house,CA,19,win_prob_D,prob,2,1,,,,,gated,thin,,"only 1 gated source(s) of 2 contributing; MIN_N=3 counts gated sources only, because the open ones are published by name and can be subtracted back out"
2026-08-20,professional,HOU_CA_20_2026,house,CA,20,win_prob_D,prob,2,1,,,,,gated,thin,,"only 1 gated source(s) of 2 contributing; MIN_N=3 counts gated sources only, because the open ones are published by name and can be subtracted back out"
2026-08-20,professional,HOU_CA_21_2026,house,CA,21,win_prob_D,prob,2,1,,,,,gated,thin,,"only 1 gated source(s) of 2 contributing; MIN_N=3 counts gated sources only, because the open ones are published by name and can be subtracted back out"
2026-08-20,professional,HOU_CA_22_2026,house,CA,22,win_prob_D,prob,2,1,,,,,gated,thin,,"only 1 gated source(s) of 2 contributing; MIN_N=3 counts gated sources only, because the open ones are published by name and can be subtracted back out"
2026-08-20,professional,HOU_CA_23_2026,house,CA,23,win_prob_D,prob,2,1,,,,,gated,thin,,"only 1 gated source(s) of 2 contributing; MIN_N=3 counts gated sources only, because the open ones are published by name and can be subtracted back out"
2026-08-20,professional,HOU_CA_24_2026,house,CA,24,win_prob_D,prob,2,1,,,,,gated,thin,,"only 1 gated source(s) of 2 contributing; MIN_N=3 counts gated sources only, because the open ones are published by name and can be subtracted back out"
2026-08-20,professional,HOU_CA_25_2026,house,CA,25,win_prob_D,prob,2,1,,,,,gated,thin,,"only 1 gated source(s) of 2 contributing; MIN_N=3 counts gated sources only, because the open ones are published by name and can be subtracted back out"
2026-08-20,professional,HOU_CA_26_2026,house,CA,26,win_prob_D,prob,2,1,,,,,gated,thin,,"only 1 gated source(s) of 2 contributing; MIN_N=3 counts gated sources only, because the open ones are published by name and can be subtracted back out"
2026-08-20,professional,HOU_CA_27_2026,house,CA,27,win_prob_D,prob,2,1,,,,,gated,thin,,"only 1 gated source(s) of 2 contributing; MIN_N=3 counts gated sources only, because the open ones are published by name and can be subtracted back out"
2026-08-20,professional,HOU_CA_28_2026,house,CA,28,win_prob_D,prob,2,1,,,,,gated,thin,,"only 1 gated source(s) of 2 contributing; MIN_N=3 counts gated sources only, because the open ones are published by name and can be subtracted back out"
2026-08-20,professional,HOU_CA_29_2026,house,CA,29,win_prob_D,prob,2,1,,,,,gated,thin,,"only 1 gated source(s) of 2 contributing; MIN_N=3 counts gated sources only, because the open ones are published by name and can be subtracted back out"
2026-08-20,professional,HOU_CA_30_2026,house,CA,30,win_prob_D,prob,2,1,,,,,gated,thin,,"only 1 gated source(s) of 2 contributing; MIN_N=3 counts gated sources only, because the open ones are published by name and can be subtracted back out"
2026-08-20,professional,HOU_CA_31_2026,house,CA,31,win_prob_D,prob,2,1,,,,,gated,thin,,"only 1 gated source(s) of 2 contributing; MIN_N=3 counts gated sources only, because the open ones are published by name and can be subtracted back out"
2026-08-20,professional,HOU_CA_32_2026,house,CA,32,win_prob_D,prob,2,1,,,,,gated,thin,,"only 1 gated source(s) of 2 contributing; MIN_N=3 counts gated sources only, because the open ones are published by name and can be subtracted back out"
2026-08-20,professional,HOU_CA_33_2026,house,CA,33,win_prob_D,prob,2,1,,,,,gated,thin,,"only 1 gated source(s) of 2 contributing; MIN_N=3 counts gated sources only, because the open ones are published by name and can be subtracted back out"
2026-08-20,professional,HOU_CA_34_2026,house,CA,34,win_prob_D,prob,2,1,,,,,gated,thin,,"only 1 gated source(s) of 2 contributing; MIN_N=3 counts gated sources only, because the open ones are published by name and can be subtracted back out"
2026-08-20,professional,HOU_CA_35_2026,house,CA,35,win_prob_D,prob,2,1,,,,,gated,thin,,"only 1 gated source(s) of 2 contributing; MIN_N=3 counts gated sources only, because the open ones are published by name and can be subtracted back out"
2026-08-20,professional,HOU_CA_36_2026,house,CA,36,win_prob_D,prob,2,1,,,,,gated,thin,,"only 1 gated source(s) of 2 contributing; MIN_N=3 counts gated sources only, because the open ones are published by name and can be subtracted back out"
2026-08-20,professional,HOU_CA_37_2026,house,CA,37,win_prob_D,prob,2,1,,,,,gated,thin,,"only 1 gated source(s) of 2 contributing; MIN_N=3 counts gated sources only, because the open ones are published by name and can be subtracted back out"
2026-08-20,professional,HOU_CA_38_2026,house,CA,38,win_prob_D,prob,2,1,,,,,gated,thin,,"only 1 gated source(s) of 2 contributing; MIN_N=3 counts gated sources only, because the open ones are published by name and can be subtracted back out"
2026-08-20,professional,HOU_CA_39_2026,house,CA,39,win_prob_D,prob,2,1,,,,,gated,thin,,"only 1 gated source(s) of 2 contributing; MIN_N=3 counts gated sources only, because the open ones are published by name and can be subtracted back out"
2026-08-20,professional,HOU_CA_41_2026,house,CA,41,win_prob_D,prob,2,1,,,,,gated,thin,,"only 1 gated source(s) of 2 contributing; MIN_N=3 counts gated sources only, because the open ones are published by name and can be subtracted back out"
2026-08-20,professional,HOU_CA_42_2026,house,CA,42,win_prob_D,prob,2,1,,,,,gated,thin,,"only 1 gated source(s) of 2 contributing; MIN_N=3 counts gated sources only, because the open ones are published by name and can be subtracted back out"
2026-08-20,professional,HOU_CA_43_2026,house,CA,43,win_prob_D,prob,2,1,,,,,gated,thin,,"only 1 gated source(s) of 2 contributing; MIN_N=3 counts gated sources only, because the open ones are published by name and can be subtracted back out"
2026-08-20,professional,HOU_CA_44_2026,house,CA,44,win_prob_D,prob,2,1,,,,,gated,thin,,"only 1 gated source(s) of 2 contributing; MIN_N=3 counts gated sources only, because the open ones are published by name and can be subtracted back out"
2026-08-20,professional,HOU_CA_45_2026,house,CA,45,win_prob_D,prob,2,1,,,,,gated,thin,,"only 1 gated source(s) of 2 contributing; MIN_N=3 counts gated sources only, because the open ones are published by name and can be subtracted back out"
2026-08-20,professional,HOU_CA_46_2026,house,CA,46,win_prob_D,prob,2,1,,,,,gated,thin,,"only 1 gated source(s) of 2 contributing; MIN_N=3 counts gated sources only, because the open ones are published by name and can be subtracted back out"
2026-08-20,professional,HOU_CA_47_2026,house,CA,47,win_prob_D,prob,2,1,,,,,gated,thin,,"only 1 gated source(s) of 2 contributing; MIN_N=3 counts gated sources only, because the open ones are published by name and can be subtracted back out"
2026-08-20,professional,HOU_CA_48_2026,house,CA,48,win_prob_D,prob,2,1,,,,,gated,thin,,"only 1 gated source(s) of 2 contributing; MIN_N=3 counts gated sources only, because the open ones are published by name and can be subtracted back out"
2026-08-20,professional,HOU_CA_49_2026,house,CA,49,win_prob_D,prob,2,1,,,,,gated,thin,,"only 1 gated source(s) of 2 contributing; MIN_N=3 counts gated sources only, because the open ones are published by name and can be subtracted back out"
2026-08-20,professional,HOU_CA_50_2026,house,CA,50,win_prob_D,prob,2,1,,,,,gated,thin,,"only 1 gated source(s) of 2 contributing; MIN_N=3 counts gated sources only, because the open ones are published by name and can be subtracted back out"
2026-08-20,professional,HOU_CA_51_2026,house,CA,51,win_prob_D,prob,2,1,,,,,gated,thin,,"only 1 gated source(s) of 2 contributing; MIN_N=3 counts gated sources only, because the open ones are published by name and can be subtracted back out"
2026-08-20,professional,HOU_CA_52_2026,house,CA,52,win_prob_D,prob,2,1,,,,,gated,thin,,"only 1 gated source(s) of 2 contributing; MIN_N=3 counts gated sources only, because the open ones are published by name and can be subtracted back out"
2026-08-20,professional,HOU_CO_01_2026,house,CO,01,win_prob_D,prob,2,1,,,,,gated,thin,,"only 1 gated source(s) of 2 contributing; MIN_N=3 counts gated sources only, because the open ones are published by name and can be subtracted back out"
2026-08-20,professional,HOU_CO_02_2026,house,CO,02,win_prob_D,prob,2,1,,,,,gated,thin,,"only 1 gated source(s) of 2 contributing; MIN_N=3 counts gated sources only, because the open ones are published by name and can be subtracted back out"
2026-08-20,professional,HOU_CO_03_2026,house,CO,03,win_prob_D,prob,2,1,,,,,gated,thin,,"only 1 gated source(s) of 2 contributing; MIN_N=3 counts gated sources only, because the open ones are published by name and can be subtracted back out"
2026-08-20,professional,HOU_CO_04_2026,house,CO,04,win_prob_D,prob,2,1,,,,,gated,thin,,"only 1 gated source(s) of 2 contributing; MIN_N=3 counts gated sources only, because the open ones are published by name and can be subtracted back out"
2026-08-20,professional,HOU_CO_05_2026,house,CO,05,win_prob_D,prob,2,1,,,,,gated,thin,,"only 1 gated source(s) of 2 contributing; MIN_N=3 counts gated sources only, because the open ones are published by name and can be subtracted back out"
2026-08-20,professional,HOU_CO_06_2026,house,CO,06,win_prob_D,prob,2,1,,,,,gated,thin,,"only 1 gated source(s) of 2 contributing; MIN_N=3 counts gated sources only, because the open ones are published by name and can be subtracted back out"
2026-08-20,professional,HOU_CO_07_2026,house,CO,07,win_prob_D,prob,2,1,,,,,gated,thin,,"only 1 gated source(s) of 2 contributing; MIN_N=3 counts gated sources only, because the open ones are published by name and can be subtracted back out"
2026-08-20,professional,HOU_CO_08_2026,house,CO,08,win_prob_D,prob,2,1,,,,,gated,thin,,"only 1 gated source(s) of 2 contributing; MIN_N=3 counts gated sources only, because the open ones are published by name and can be subtracted back out"
2026-08-20,professional,HOU_CT_01_2026,house,CT,01,win_prob_D,prob,2,1,,,,,gated,thin,,"only 1 gated source(s) of 2 contributing; MIN_N=3 counts gated sources only, because the open ones are published by name and can be subtracted back out"
2026-08-20,professional,HOU_CT_02_2026,house,CT,02,win_prob_D,prob,2,1,,,,,gated,thin,,"only 1 gated source(s) of 2 contributing; MIN_N=3 counts gated sources only, because the open ones are published by name and can be subtracted back out"
2026-08-20,professional,HOU_CT_03_2026,house,CT,03,win_prob_D,prob,2,1,,,,,gated,thin,,"only 1 gated source(s) of 2 contributing; MIN_N=3 counts gated sources only, because the open ones are published by name and can be subtracted back out"
2026-08-20,professional,HOU_CT_04_2026,house,CT,04,win_prob_D,prob,2,1,,,,,gated,thin,,"only 1 gated source(s) of 2 contributing; MIN_N=3 counts gated sources only, because the open ones are published by name and can be subtracted back out"
2026-08-20,professional,HOU_CT_05_2026,house,CT,05,win_prob_D,prob,2,1,,,,,gated,thin,,"only 1 gated source(s) of 2 contributing; MIN_N=3 counts gated sources only, because the open ones are published by name and can be subtracted back out"
2026-08-20,professional,HOU_DE_01_2026,house,DE,01,win_prob_D,prob,2,1,,,,,gated,thin,,"only 1 gated source(s) of 2 contributing; MIN_N=3 counts gated sources only, because the open ones are published by name and can be subtracted back out"
2026-08-20,professional,HOU_FL_01_2026,house,FL,01,win_prob_D,prob,2,1,,,,,gated,thin,,"only 1 gated source(s) of 2 contributing; MIN_N=3 counts gated sources only, because the open ones are published by name and can be subtracted back out"
2026-08-20,professional,HOU_FL_02_2026,house,FL,02,win_prob_D,prob,2,1,,,,,gated,thin,,"only 1 gated source(s) of 2 contributing; MIN_N=3 counts gated sources only, because the open ones are published by name and can be subtracted back out"
2026-08-20,professional,HOU_FL_03_2026,house,FL,03,win_prob_D,prob,2,1,,,,,gated,thin,,"only 1 gated source(s) of 2 contributing; MIN_N=3 counts gated sources only, because the open ones are published by name and can be subtracted back out"
2026-08-20,professional,HOU_FL_04_2026,house,FL,04,win_prob_D,prob,2,1,,,,,gated,thin,,"only 1 gated source(s) of 2 contributing; MIN_N=3 counts gated sources only, because the open ones are published by name and can be subtracted back out"
2026-08-20,professional,HOU_FL_05_2026,house,FL,05,win_prob_D,prob,2,1,,,,,gated,thin,,"only 1 gated source(s) of 2 contributing; MIN_N=3 counts gated sources only, because the open ones are published by name and can be subtracted back out"
2026-08-20,professional,HOU_FL_06_2026,house,FL,06,win_prob_D,prob,2,1,,,,,gated,thin,,"only 1 gated source(s) of 2 contributing; MIN_N=3 counts gated sources only, because the open ones are published by name and can be subtracted back out"
2026-08-20,professional,HOU_FL_07_2026,house,FL,07,win_prob_D,prob,2,1,,,,,gated,thin,,"only 1 gated source(s) of 2 contributing; MIN_N=3 counts gated sources only, because the open ones are published by name and can be subtracted back out"
2026-08-20,professional,HOU_FL_08_2026,house,FL,08,win_prob_D,prob,2,1,,,,,gated,thin,,"only 1 gated source(s) of 2 contributing; MIN_N=3 counts gated sources only, because the open ones are published by name and can be subtracted back out"
2026-08-20,professional,HOU_FL_09_2026,house,FL,09,win_prob_D,prob,2,1,,,,,gated,thin,,"only 1 gated source(s) of 2 contributing; MIN_N=3 counts gated sources only, because the open ones are published by name and can be subtracted back out"
2026-08-20,professional,HOU_FL_10_2026,house,FL,10,win_prob_D,prob,2,1,,,,,gated,thin,,"only 1 gated source(s) of 2 contributing; MIN_N=3 counts gated sources only, because the open ones are published by name and can be subtracted back out"
2026-08-20,professional,HOU_FL_11_2026,house,FL,11,win_prob_D,prob,2,1,,,,,gated,thin,,"only 1 gated source(s) of 2 contributing; MIN_N=3 counts gated sources only, because the open ones are published by name and can be subtracted back out"
2026-08-20,professional,HOU_FL_12_2026,house,FL,12,win_prob_D,prob,2,1,,,,,gated,thin,,"only 1 gated source(s) of 2 contributing; MIN_N=3 counts gated sources only, because the open ones are published by name and can be subtracted back out"
2026-08-20,professional,HOU_FL_13_2026,house,FL,13,win_prob_D,prob,2,1,,,,,gated,thin,,"only 1 gated source(s) of 2 contributing; MIN_N=3 counts gated sources only, because the open ones are published by name and can be subtracted back out"
2026-08-20,professional,HOU_FL_14_2026,house,FL,14,win_prob_D,prob,2,1,,,,,gated,thin,,"only 1 gated source(s) of 2 contributing; MIN_N=3 counts gated sources only, because the open ones are published by name and can be subtracted back out"
2026-08-20,professional,HOU_FL_15_2026,house,FL,15,win_prob_D,prob,2,1,,,,,gated,thin,,"only 1 gated source(s) of 2 contributing; MIN_N=3 counts gated sources only, because the open ones are published by name and can be subtracted back out"
2026-08-20,professional,HOU_FL_16_2026,house,FL,16,win_prob_D,prob,2,1,,,,,gated,thin,,"only 1 gated source(s) of 2 contributing; MIN_N=3 counts gated sources only, because the open ones are published by name and can be subtracted back out"
2026-08-20,professional,HOU_FL_17_2026,house,FL,17,win_prob_D,prob,2,1,,,,,gated,thin,,"only 1 gated source(s) of 2 contributing; MIN_N=3 counts gated sources only, because the open ones are published by name and can be subtracted back out"
2026-08-20,professional,HOU_FL_18_2026,house,FL,18,win_prob_D,prob,2,1,,,,,gated,thin,,"only 1 gated source(s) of 2 contributing; MIN_N=3 counts gated sources only, because the open ones are published by name and can be subtracted back out"
2026-08-20,professional,HOU_FL_19_2026,house,FL,19,win_prob_D,prob,2,1,,,,,gated,thin,,"only 1 gated source(s) of 2 contributing; MIN_N=3 counts gated sources only, because the open ones are published by name and can be subtracted back out"
2026-08-20,professional,HOU_FL_20_2026,house,FL,20,win_prob_D,prob,2,1,,,,,gated,thin,,"only 1 gated source(s) of 2 contributing; MIN_N=3 counts gated sources only, because the open ones are published by name and can be subtracted back out"
2026-08-20,professional,HOU_FL_21_2026,house,FL,21,win_prob_D,prob,2,1,,,,,gated,thin,,"only 1 gated source(s) of 2 contributing; MIN_N=3 counts gated sources only, because the open ones are published by name and can be subtracted back out"
2026-08-20,professional,HOU_FL_22_2026,house,FL,22,win_prob_D,prob,2,1,,,,,gated,thin,,"only 1 gated source(s) of 2 contributing; MIN_N=3 counts gated sources only, because the open ones are published by name and can be subtracted back out"
2026-08-20,professional,HOU_FL_23_2026,house,FL,23,win_prob_D,prob,2,1,,,,,gated,thin,,"only 1 gated source(s) of 2 contributing; MIN_N=3 counts gated sources only, because the open ones are published by name and can be subtracted back out"
2026-08-20,professional,HOU_FL_24_2026,house,FL,24,win_prob_D,prob,2,1,,,,,gated,thin,,"only 1 gated source(s) of 2 contributing; MIN_N=3 counts gated sources only, because the open ones are published by name and can be subtracted back out"
2026-08-20,professional,HOU_FL_25_2026,house,FL,25,win_prob_D,prob,2,1,,,,,gated,thin,,"only 1 gated source(s) of 2 contributing; MIN_N=3 counts gated sources only, because the open ones are published by name and can be subtracted back out"
2026-08-20,professional,HOU_FL_26_2026,house,FL,26,win_prob_D,prob,2,1,,,,,gated,thin,,"only 1 gated source(s) of 2 contributing; MIN_N=3 counts gated sources only, because the open ones are published by name and can be subtracted back out"
2026-08-20,professional,HOU_FL_27_2026,house,FL,27,win_prob_D,prob,2,1,,,,,gated,thin,,"only 1 gated source(s) of 2 contributing; MIN_N=3 counts gated sources only, because the open ones are published by name and can be subtracted back out"
2026-08-20,professional,HOU_FL_28_2026,house,FL,28,win_prob_D,prob,2,1,,,,,gated,thin,,"only 1 gated source(s) of 2 contributing; MIN_N=3 counts gated sources only, because the open ones are published by name and can be subtracted back out"
2026-08-20,professional,HOU_GA_01_2026,house,GA,01,win_prob_D,prob,2,1,,,,,gated,thin,,"only 1 gated source(s) of 2 contributing; MIN_N=3 counts gated sources only, because the open ones are published by name and can be subtracted back out"
2026-08-20,professional,HOU_GA_02_2026,house,GA,02,win_prob_D,prob,2,1,,,,,gated,thin,,"only 1 gated source(s) of 2 contributing; MIN_N=3 counts gated sources only, because the open ones are published by name and can be subtracted back out"
2026-08-20,professional,HOU_GA_03_2026,house,GA,03,win_prob_D,prob,2,1,,,,,gated,thin,,"only 1 gated source(s) of 2 contributing; MIN_N=3 counts gated sources only, because the open ones are published by name and can be subtracted back out"
2026-08-20,professional,HOU_GA_04_2026,house,GA,04,win_prob_D,prob,2,1,,,,,gated,thin,,"only 1 gated source(s) of 2 contributing; MIN_N=3 counts gated sources only, because the open ones are published by name and can be subtracted back out"
2026-08-20,professional,HOU_GA_05_2026,house,GA,05,win_prob_D,prob,2,1,,,,,gated,thin,,"only 1 gated source(s) of 2 contributing; MIN_N=3 counts gated sources only, because the open ones are published by name and can be subtracted back out"
2026-08-20,professional,HOU_GA_06_2026,house,GA,06,win_prob_D,prob,2,1,,,,,gated,thin,,"only 1 gated source(s) of 2 contributing; MIN_N=3 counts gated sources only, because the open ones are published by name and can be subtracted back out"
2026-08-20,professional,HOU_GA_07_2026,house,GA,07,win_prob_D,prob,2,1,,,,,gated,thin,,"only 1 gated source(s) of 2 contributing; MIN_N=3 counts gated sources only, because the open ones are published by name and can be subtracted back out"
2026-08-20,professional,HOU_GA_08_2026,house,GA,08,win_prob_D,prob,2,1,,,,,gated,thin,,"only 1 gated source(s) of 2 contributing; MIN_N=3 counts gated sources only, because the open ones are published by name and can be subtracted back out"
2026-08-20,professional,HOU_GA_09_2026,house,GA,09,win_prob_D,prob,2,1,,,,,gated,thin,,"only 1 gated source(s) of 2 contributing; MIN_N=3 counts gated sources only, because the open ones are published by name and can be subtracted back out"
2026-08-20,professional,HOU_GA_10_2026,house,GA,10,win_prob_D,prob,2,1,,,,,gated,thin,,"only 1 gated source(s) of 2 contributing; MIN_N=3 counts gated sources only, because the open ones are published by name and can be subtracted back out"
2026-08-20,professional,HOU_GA_11_2026,house,GA,11,win_prob_D,prob,2,1,,,,,gated,thin,,"only 1 gated source(s) of 2 contributing; MIN_N=3 counts gated sources only, because the open ones are published by name and can be subtracted back out"
2026-08-20,professional,HOU_GA_12_2026,house,GA,12,win_prob_D,prob,2,1,,,,,gated,thin,,"only 1 gated source(s) of 2 contributing; MIN_N=3 counts gated sources only, because the open ones are published by name and can be subtracted back out"
2026-08-20,professional,HOU_GA_13_2026,house,GA,13,win_prob_D,prob,2,1,,,,,gated,thin,,"only 1 gated source(s) of 2 contributing; MIN_N=3 counts gated sources only, because the open ones are published by name and can be subtracted back out"
2026-08-20,professional,HOU_GA_14_2026,house,GA,14,win_prob_D,prob,2,1,,,,,gated,thin,,"only 1 gated source(s) of 2 contributing; MIN_N=3 counts gated sources only, because the open ones are published by name and can be subtracted back out"
2026-08-20,professional,HOU_HI_01_2026,house,HI,01,win_prob_D,prob,2,1,,,,,gated,thin,,"only 1 gated source(s) of 2 contributing; MIN_N=3 counts gated sources only, because the open ones are published by name and can be subtracted back out"
2026-08-20,professional,HOU_HI_02_2026,house,HI,02,win_prob_D,prob,2,1,,,,,gated,thin,,"only 1 gated source(s) of 2 contributing; MIN_N=3 counts gated sources only, because the open ones are published by name and can be subtracted back out"
2026-08-20,professional,HOU_IA_01_2026,house,IA,01,win_prob_D,prob,2,1,,,,,gated,thin,,"only 1 gated source(s) of 2 contributing; MIN_N=3 counts gated sources only, because the open ones are published by name and can be subtracted back out"
2026-08-20,professional,HOU_IA_02_2026,house,IA,02,win_prob_D,prob,2,1,,,,,gated,thin,,"only 1 gated source(s) of 2 contributing; MIN_N=3 counts gated sources only, because the open ones are published by name and can be subtracted back out"
2026-08-20,professional,HOU_IA_03_2026,house,IA,03,win_prob_D,prob,2,1,,,,,gated,thin,,"only 1 gated source(s) of 2 contributing; MIN_N=3 counts gated sources only, because the open ones are published by name and can be subtracted back out"
2026-08-20,professional,HOU_IA_04_2026,house,IA,04,win_prob_D,prob,2,1,,,,,gated,thin,,"only 1 gated source(s) of 2 contributing; MIN_N=3 counts gated sources only, because the open ones are published by name and can be subtracted back out"
2026-08-20,professional,HOU_ID_01_2026,house,ID,01,win_prob_D,prob,2,1,,,,,gated,thin,,"only 1 gated source(s) of 2 contributing; MIN_N=3 counts gated sources only, because the open ones are published by name and can be subtracted back out"
2026-08-20,professional,HOU_ID_02_2026,house,ID,02,win_prob_D,prob,2,1,,,,,gated,thin,,"only 1 gated source(s) of 2 contributing; MIN_N=3 counts gated sources only, because the open ones are published by name and can be subtracted back out"
2026-08-20,professional,HOU_IL_01_2026,house,IL,01,win_prob_D,prob,2,1,,,,,gated,thin,,"only 1 gated source(s) of 2 contributing; MIN_N=3 counts gated sources only, because the open ones are published by name and can be subtracted back out"
2026-08-20,professional,HOU_IL_02_2026,house,IL,02,win_prob_D,prob,2,1,,,,,gated,thin,,"only 1 gated source(s) of 2 contributing; MIN_N=3 counts gated sources only, because the open ones are published by name and can be subtracted back out"
2026-08-20,professional,HOU_IL_03_2026,house,IL,03,win_prob_D,prob,2,1,,,,,gated,thin,,"only 1 gated source(s) of 2 contributing; MIN_N=3 counts gated sources only, because the open ones are published by name and can be subtracted back out"
2026-08-20,professional,HOU_IL_04_2026,house,IL,04,win_prob_D,prob,2,1,,,,,gated,thin,,"only 1 gated source(s) of 2 contributing; MIN_N=3 counts gated sources only, because the open ones are published by name and can be subtracted back out"
2026-08-20,professional,HOU_IL_05_2026,house,IL,05,win_prob_D,prob,2,1,,,,,gated,thin,,"only 1 gated source(s) of 2 contributing; MIN_N=3 counts gated sources only, because the open ones are published by name and can be subtracted back out"
2026-08-20,professional,HOU_IL_06_2026,house,IL,06,win_prob_D,prob,2,1,,,,,gated,thin,,"only 1 gated source(s) of 2 contributing; MIN_N=3 counts gated sources only, because the open ones are published by name and can be subtracted back out"
2026-08-20,professional,HOU_IL_07_2026,house,IL,07,win_prob_D,prob,2,1,,,,,gated,thin,,"only 1 gated source(s) of 2 contributing; MIN_N=3 counts gated sources only, because the open ones are published by name and can be subtracted back out"
2026-08-20,professional,HOU_IL_08_2026,house,IL,08,win_prob_D,prob,2,1,,,,,gated,thin,,"only 1 gated source(s) of 2 contributing; MIN_N=3 counts gated sources only, because the open ones are published by name and can be subtracted back out"
2026-08-20,professional,HOU_IL_09_2026,house,IL,09,win_prob_D,prob,2,1,,,,,gated,thin,,"only 1 gated source(s) of 2 contributing; MIN_N=3 counts gated sources only, because the open ones are published by name and can be subtracted back out"
2026-08-20,professional,HOU_IL_10_2026,house,IL,10,win_prob_D,prob,2,1,,,,,gated,thin,,"only 1 gated source(s) of 2 contributing; MIN_N=3 counts gated sources only, because the open ones are published by name and can be subtracted back out"
2026-08-20,professional,HOU_IL_11_2026,house,IL,11,win_prob_D,prob,2,1,,,,,gated,thin,,"only 1 gated source(s) of 2 contributing; MIN_N=3 counts gated sources only, because the open ones are published by name and can be subtracted back out"
2026-08-20,professional,HOU_IL_12_2026,house,IL,12,win_prob_D,prob,2,1,,,,,gated,thin,,"only 1 gated source(s) of 2 contributing; MIN_N=3 counts gated sources only, because the open ones are published by name and can be subtracted back out"
2026-08-20,professional,HOU_IL_13_2026,house,IL,13,win_prob_D,prob,2,1,,,,,gated,thin,,"only 1 gated source(s) of 2 contributing; MIN_N=3 counts gated sources only, because the open ones are published by name and can be subtracted back out"
2026-08-20,professional,HOU_IL_14_2026,house,IL,14,win_prob_D,prob,2,1,,,,,gated,thin,,"only 1 gated source(s) of 2 contributing; MIN_N=3 counts gated sources only, because the open ones are published by name and can be subtracted back out"
2026-08-20,professional,HOU_IL_15_2026,house,IL,15,win_prob_D,prob,2,1,,,,,gated,thin,,"only 1 gated source(s) of 2 contributing; MIN_N=3 counts gated sources only, because the open ones are published by name and can be subtracted back out"
2026-08-20,professional,HOU_IL_16_2026,house,IL,16,win_prob_D,prob,2,1,,,,,gated,thin,,"only 1 gated source(s) of 2 contributing; MIN_N=3 counts gated sources only, because the open ones are published by name and can be subtracted back out"
2026-08-20,professional,HOU_IL_17_2026,house,IL,17,win_prob_D,prob,2,1,,,,,gated,thin,,"only 1 gated source(s) of 2 contributing; MIN_N=3 counts gated sources only, because the open ones are published by name and can be subtracted back out"
2026-08-20,professional,HOU_IN_01_2026,house,IN,01,win_prob_D,prob,2,1,,,,,gated,thin,,"only 1 gated source(s) of 2 contributing; MIN_N=3 counts gated sources only, because the open ones are published by name and can be subtracted back out"
2026-08-20,professional,HOU_IN_02_2026,house,IN,02,win_prob_D,prob,2,1,,,,,gated,thin,,"only 1 gated source(s) of 2 contributing; MIN_N=3 counts gated sources only, because the open ones are published by name and can be subtracted back out"
2026-08-20,professional,HOU_IN_03_2026,house,IN,03,win_prob_D,prob,2,1,,,,,gated,thin,,"only 1 gated source(s) of 2 contributing; MIN_N=3 counts gated sources only, because the open ones are published by name and can be subtracted back out"
2026-08-20,professional,HOU_IN_04_2026,house,IN,04,win_prob_D,prob,2,1,,,,,gated,thin,,"only 1 gated source(s) of 2 contributing; MIN_N=3 counts gated sources only, because the open ones are published by name and can be subtracted back out"
2026-08-20,professional,HOU_IN_05_2026,house,IN,05,win_prob_D,prob,2,1,,,,,gated,thin,,"only 1 gated source(s) of 2 contributing; MIN_N=3 counts gated sources only, because the open ones are published by name and can be subtracted back out"
2026-08-20,professional,HOU_IN_06_2026,house,IN,06,win_prob_D,prob,2,1,,,,,gated,thin,,"only 1 gated source(s) of 2 contributing; MIN_N=3 counts gated sources only, because the open ones are published by name and can be subtracted back out"
2026-08-20,professional,HOU_IN_07_2026,house,IN,07,win_prob_D,prob,2,1,,,,,gated,thin,,"only 1 gated source(s) of 2 contributing; MIN_N=3 counts gated sources only, because the open ones are published by name and can be subtracted back out"
2026-08-20,professional,HOU_IN_08_2026,house,IN,08,win_prob_D,prob,2,1,,,,,gated,thin,,"only 1 gated source(s) of 2 contributing; MIN_N=3 counts gated sources only, because the open ones are published by name and can be subtracted back out"
2026-08-20,professional,HOU_IN_09_2026,house,IN,09,win_prob_D,prob,2,1,,,,,gated,thin,,"only 1 gated source(s) of 2 contributing; MIN_N=3 counts gated sources only, because the open ones are published by name and can be subtracted back out"
2026-08-20,professional,HOU_KS_01_2026,house,KS,01,win_prob_D,prob,2,1,,,,,gated,thin,,"only 1 gated source(s) of 2 contributing; MIN_N=3 counts gated sources only, because the open ones are published by name and can be subtracted back out"
2026-08-20,professional,HOU_KS_02_2026,house,KS,02,win_prob_D,prob,2,1,,,,,gated,thin,,"only 1 gated source(s) of 2 contributing; MIN_N=3 counts gated sources only, because the open ones are published by name and can be subtracted back out"
2026-08-20,professional,HOU_KS_03_2026,house,KS,03,win_prob_D,prob,2,1,,,,,gated,thin,,"only 1 gated source(s) of 2 contributing; MIN_N=3 counts gated sources only, because the open ones are published by name and can be subtracted back out"
2026-08-20,professional,HOU_KS_04_2026,house,KS,04,win_prob_D,prob,2,1,,,,,gated,thin,,"only 1 gated source(s) of 2 contributing; MIN_N=3 counts gated sources only, because the open ones are published by name and can be subtracted back out"
2026-08-20,professional,HOU_KY_01_2026,house,KY,01,win_prob_D,prob,2,1,,,,,gated,thin,,"only 1 gated source(s) of 2 contributing; MIN_N=3 counts gated sources only, because the open ones are published by name and can be subtracted back out"
2026-08-20,professional,HOU_KY_02_2026,house,KY,02,win_prob_D,prob,2,1,,,,,gated,thin,,"only 1 gated source(s) of 2 contributing; MIN_N=3 counts gated sources only, because the open ones are published by name and can be subtracted back out"
2026-08-20,professional,HOU_KY_03_2026,house,KY,03,win_prob_D,prob,2,1,,,,,gated,thin,,"only 1 gated source(s) of 2 contributing; MIN_N=3 counts gated sources only, because the open ones are published by name and can be subtracted back out"
2026-08-20,professional,HOU_KY_04_2026,house,KY,04,win_prob_D,prob,2,1,,,,,gated,thin,,"only 1 gated source(s) of 2 contributing; MIN_N=3 counts gated sources only, because the open ones are published by name and can be subtracted back out"
2026-08-20,professional,HOU_KY_05_2026,house,KY,05,win_prob_D,prob,2,1,,,,,gated,thin,,"only 1 gated source(s) of 2 contributing; MIN_N=3 counts gated sources only, because the open ones are published by name and can be subtracted back out"
2026-08-20,professional,HOU_KY_06_2026,house,KY,06,win_prob_D,prob,2,1,,,,,gated,thin,,"only 1 gated source(s) of 2 contributing; MIN_N=3 counts gated sources only, because the open ones are published by name and can be subtracted back out"
2026-08-20,professional,HOU_LA_01_2026,house,LA,01,win_prob_D,prob,2,1,,,,,gated,thin,,"only 1 gated source(s) of 2 contributing; MIN_N=3 counts gated sources only, because the open ones are published by name and can be subtracted back out"
2026-08-20,professional,HOU_LA_02_2026,house,LA,02,win_prob_D,prob,2,1,,,,,gated,thin,,"only 1 gated source(s) of 2 contributing; MIN_N=3 counts gated sources only, because the open ones are published by name and can be subtracted back out"
2026-08-20,professional,HOU_LA_03_2026,house,LA,03,win_prob_D,prob,2,1,,,,,gated,thin,,"only 1 gated source(s) of 2 contributing; MIN_N=3 counts gated sources only, because the open ones are published by name and can be subtracted back out"
2026-08-20,professional,HOU_LA_04_2026,house,LA,04,win_prob_D,prob,2,1,,,,,gated,thin,,"only 1 gated source(s) of 2 contributing; MIN_N=3 counts gated sources only, because the open ones are published by name and can be subtracted back out"
2026-08-20,professional,HOU_LA_05_2026,house,LA,05,win_prob_D,prob,2,1,,,,,gated,thin,,"only 1 gated source(s) of 2 contributing; MIN_N=3 counts gated sources only, because the open ones are published by name and can be subtracted back out"
2026-08-20,professional,HOU_LA_06_2026,house,LA,06,win_prob_D,prob,2,1,,,,,gated,thin,,"only 1 gated source(s) of 2 contributing; MIN_N=3 counts gated sources only, because the open ones are published by name and can be subtracted back out"
2026-08-20,professional,HOU_MA_01_2026,house,MA,01,win_prob_D,prob,2,1,,,,,gated,thin,,"only 1 gated source(s) of 2 contributing; MIN_N=3 counts gated sources only, because the open ones are published by name and can be subtracted back out"
2026-08-20,professional,HOU_MA_02_2026,house,MA,02,win_prob_D,prob,2,1,,,,,gated,thin,,"only 1 gated source(s) of 2 contributing; MIN_N=3 counts gated sources only, because the open ones are published by name and can be subtracted back out"
2026-08-20,professional,HOU_MA_03_2026,house,MA,03,win_prob_D,prob,2,1,,,,,gated,thin,,"only 1 gated source(s) of 2 contributing; MIN_N=3 counts gated sources only, because the open ones are published by name and can be subtracted back out"
2026-08-20,professional,HOU_MA_04_2026,house,MA,04,win_prob_D,prob,2,1,,,,,gated,thin,,"only 1 gated source(s) of 2 contributing; MIN_N=3 counts gated sources only, because the open ones are published by name and can be subtracted back out"
2026-08-20,professional,HOU_MA_05_2026,house,MA,05,win_prob_D,prob,2,1,,,,,gated,thin,,"only 1 gated source(s) of 2 contributing; MIN_N=3 counts gated sources only, because the open ones are published by name and can be subtracted back out"
2026-08-20,professional,HOU_MA_06_2026,house,MA,06,win_prob_D,prob,2,1,,,,,gated,thin,,"only 1 gated source(s) of 2 contributing; MIN_N=3 counts gated sources only, because the open ones are published by name and can be subtracted back out"
2026-08-20,professional,HOU_MA_07_2026,house,MA,07,win_prob_D,prob,2,1,,,,,gated,thin,,"only 1 gated source(s) of 2 contributing; MIN_N=3 counts gated sources only, because the open ones are published by name and can be subtracted back out"
2026-08-20,professional,HOU_MA_08_2026,house,MA,08,win_prob_D,prob,2,1,,,,,gated,thin,,"only 1 gated source(s) of 2 contributing; MIN_N=3 counts gated sources only, because the open ones are published by name and can be subtracted back out"
2026-08-20,professional,HOU_MA_09_2026,house,MA,09,win_prob_D,prob,2,1,,,,,gated,thin,,"only 1 gated source(s) of 2 contributing; MIN_N=3 counts gated sources only, because the open ones are published by name and can be subtracted back out"
2026-08-20,professional,HOU_MD_01_2026,house,MD,01,win_prob_D,prob,2,1,,,,,gated,thin,,"only 1 gated source(s) of 2 contributing; MIN_N=3 counts gated sources only, because the open ones are published by name and can be subtracted back out"
2026-08-20,professional,HOU_MD_02_2026,house,MD,02,win_prob_D,prob,2,1,,,,,gated,thin,,"only 1 gated source(s) of 2 contributing; MIN_N=3 counts gated sources only, because the open ones are published by name and can be subtracted back out"
2026-08-20,professional,HOU_MD_03_2026,house,MD,03,win_prob_D,prob,2,1,,,,,gated,thin,,"only 1 gated source(s) of 2 contributing; MIN_N=3 counts gated sources only, because the open ones are published by name and can be subtracted back out"
2026-08-20,professional,HOU_MD_04_2026,house,MD,04,win_prob_D,prob,2,1,,,,,gated,thin,,"only 1 gated source(s) of 2 contributing; MIN_N=3 counts gated sources only, because the open ones are published by name and can be subtracted back out"
2026-08-20,professional,HOU_MD_05_2026,house,MD,05,win_prob_D,prob,2,1,,,,,gated,thin,,"only 1 gated source(s) of 2 contributing; MIN_N=3 counts gated sources only, because the open ones are published by name and can be subtracted back out"
2026-08-20,professional,HOU_MD_06_2026,house,MD,06,win_prob_D,prob,2,1,,,,,gated,thin,,"only 1 gated source(s) of 2 contributing; MIN_N=3 counts gated sources only, because the open ones are published by name and can be subtracted back out"
2026-08-20,professional,HOU_MD_07_2026,house,MD,07,win_prob_D,prob,2,1,,,,,gated,thin,,"only 1 gated source(s) of 2 contributing; MIN_N=3 counts gated sources only, because the open ones are published by name and can be subtracted back out"
2026-08-20,professional,HOU_MD_08_2026,house,MD,08,win_prob_D,prob,2,1,,,,,gated,thin,,"only 1 gated source(s) of 2 contributing; MIN_N=3 counts gated sources only, because the open ones are published by name and can be subtracted back out"
2026-08-20,professional,HOU_ME_01_2026,house,ME,01,win_prob_D,prob,2,1,,,,,gated,thin,,"only 1 gated source(s) of 2 contributing; MIN_N=3 counts gated sources only, because the open ones are published by name and can be subtracted back out"
2026-08-20,professional,HOU_ME_02_2026,house,ME,02,win_prob_D,prob,2,1,,,,,gated,thin,,"only 1 gated source(s) of 2 contributing; MIN_N=3 counts gated sources only, because the open ones are published by name and can be subtracted back out"
2026-08-20,professional,HOU_MI_01_2026,house,MI,01,win_prob_D,prob,2,1,,,,,gated,thin,,"only 1 gated source(s) of 2 contributing; MIN_N=3 counts gated sources only, because the open ones are published by name and can be subtracted back out"
2026-08-20,professional,HOU_MI_02_2026,house,MI,02,win_prob_D,prob,2,1,,,,,gated,thin,,"only 1 gated source(s) of 2 contributing; MIN_N=3 counts gated sources only, because the open ones are published by name and can be subtracted back out"
2026-08-20,professional,HOU_MI_03_2026,house,MI,03,win_prob_D,prob,2,1,,,,,gated,thin,,"only 1 gated source(s) of 2 contributing; MIN_N=3 counts gated sources only, because the open ones are published by name and can be subtracted back out"
2026-08-20,professional,HOU_MI_04_2026,house,MI,04,win_prob_D,prob,2,1,,,,,gated,thin,,"only 1 gated source(s) of 2 contributing; MIN_N=3 counts gated sources only, because the open ones are published by name and can be subtracted back out"
2026-08-20,professional,HOU_MI_05_2026,house,MI,05,win_prob_D,prob,2,1,,,,,gated,thin,,"only 1 gated source(s) of 2 contributing; MIN_N=3 counts gated sources only, because the open ones are published by name and can be subtracted back out"
2026-08-20,professional,HOU_MI_06_2026,house,MI,06,win_prob_D,prob,2,1,,,,,gated,thin,,"only 1 gated source(s) of 2 contributing; MIN_N=3 counts gated sources only, because the open ones are published by name and can be subtracted back out"
2026-08-20,professional,HOU_MI_07_2026,house,MI,07,win_prob_D,prob,2,1,,,,,gated,thin,,"only 1 gated source(s) of 2 contributing; MIN_N=3 counts gated sources only, because the open ones are published by name and can be subtracted back out"
2026-08-20,professional,HOU_MI_08_2026,house,MI,08,win_prob_D,prob,2,1,,,,,gated,thin,,"only 1 gated source(s) of 2 contributing; MIN_N=3 counts gated sources only, because the open ones are published by name and can be subtracted back out"
2026-08-20,professional,HOU_MI_09_2026,house,MI,09,win_prob_D,prob,2,1,,,,,gated,thin,,"only 1 gated source(s) of 2 contributing; MIN_N=3 counts gated sources only, because the open ones are published by name and can be subtracted back out"
2026-08-20,professional,HOU_MI_10_2026,house,MI,10,win_prob_D,prob,2,1,,,,,gated,thin,,"only 1 gated source(s) of 2 contributing; MIN_N=3 counts gated sources only, because the open ones are published by name and can be subtracted back out"
2026-08-20,professional,HOU_MI_11_2026,house,MI,11,win_prob_D,prob,2,1,,,,,gated,thin,,"only 1 gated source(s) of 2 contributing; MIN_N=3 counts gated sources only, because the open ones are published by name and can be subtracted back out"
2026-08-20,professional,HOU_MI_12_2026,house,MI,12,win_prob_D,prob,2,1,,,,,gated,thin,,"only 1 gated source(s) of 2 contributing; MIN_N=3 counts gated sources only, because the open ones are published by name and can be subtracted back out"
2026-08-20,professional,HOU_MI_13_2026,house,MI,13,win_prob_D,prob,2,1,,,,,gated,thin,,"only 1 gated source(s) of 2 contributing; MIN_N=3 counts gated sources only, because the open ones are published by name and can be subtracted back out"
2026-08-20,professional,HOU_MN_01_2026,house,MN,01,win_prob_D,prob,2,1,,,,,gated,thin,,"only 1 gated source(s) of 2 contributing; MIN_N=3 counts gated sources only, because the open ones are published by name and can be subtracted back out"
2026-08-20,professional,HOU_MN_02_2026,house,MN,02,win_prob_D,prob,2,1,,,,,gated,thin,,"only 1 gated source(s) of 2 contributing; MIN_N=3 counts gated sources only, because the open ones are published by name and can be subtracted back out"
2026-08-20,professional,HOU_MN_03_2026,house,MN,03,win_prob_D,prob,2,1,,,,,gated,thin,,"only 1 gated source(s) of 2 contributing; MIN_N=3 counts gated sources only, because the open ones are published by name and can be subtracted back out"
2026-08-20,professional,HOU_MN_04_2026,house,MN,04,win_prob_D,prob,2,1,,,,,gated,thin,,"only 1 gated source(s) of 2 contributing; MIN_N=3 counts gated sources only, because the open ones are published by name and can be subtracted back out"
2026-08-20,professional,HOU_MN_05_2026,house,MN,05,win_prob_D,prob,2,1,,,,,gated,thin,,"only 1 gated source(s) of 2 contributing; MIN_N=3 counts gated sources only, because the open ones are published by name and can be subtracted back out"
2026-08-20,professional,HOU_MN_06_2026,house,MN,06,win_prob_D,prob,2,1,,,,,gated,thin,,"only 1 gated source(s) of 2 contributing; MIN_N=3 counts gated sources only, because the open ones are published by name and can be subtracted back out"
2026-08-20,professional,HOU_MN_07_2026,house,MN,07,win_prob_D,prob,2,1,,,,,gated,thin,,"only 1 gated source(s) of 2 contributing; MIN_N=3 counts gated sources only, because the open ones are published by name and can be subtracted back out"
2026-08-20,professional,HOU_MN_08_2026,house,MN,08,win_prob_D,prob,2,1,,,,,gated,thin,,"only 1 gated source(s) of 2 contributing; MIN_N=3 counts gated sources only, because the open ones are published by name and can be subtracted back out"
2026-08-20,professional,HOU_MO_01_2026,house,MO,01,win_prob_D,prob,2,1,,,,,gated,thin,,"only 1 gated source(s) of 2 contributing; MIN_N=3 counts gated sources only, because the open ones are published by name and can be subtracted back out"
2026-08-20,professional,HOU_MO_02_2026,house,MO,02,win_prob_D,prob,2,1,,,,,gated,thin,,"only 1 gated source(s) of 2 contributing; MIN_N=3 counts gated sources only, because the open ones are published by name and can be subtracted back out"
2026-08-20,professional,HOU_MO_03_2026,house,MO,03,win_prob_D,prob,2,1,,,,,gated,thin,,"only 1 gated source(s) of 2 contributing; MIN_N=3 counts gated sources only, because the open ones are published by name and can be subtracted back out"
2026-08-20,professional,HOU_MO_04_2026,house,MO,04,win_prob_D,prob,2,1,,,,,gated,thin,,"only 1 gated source(s) of 2 contributing; MIN_N=3 counts gated sources only, because the open ones are published by name and can be subtracted back out"
2026-08-20,professional,HOU_MO_05_2026,house,MO,05,win_prob_D,prob,2,1,,,,,gated,thin,,"only 1 gated source(s) of 2 contributing; MIN_N=3 counts gated sources only, because the open ones are published by name and can be subtracted back out"
2026-08-20,professional,HOU_MO_06_2026,house,MO,06,win_prob_D,prob,2,1,,,,,gated,thin,,"only 1 gated source(s) of 2 contributing; MIN_N=3 counts gated sources only, because the open ones are published by name and can be subtracted back out"
2026-08-20,professional,HOU_MO_07_2026,house,MO,07,win_prob_D,prob,2,1,,,,,gated,thin,,"only 1 gated source(s) of 2 contributing; MIN_N=3 counts gated sources only, because the open ones are published by name and can be subtracted back out"
2026-08-20,professional,HOU_MO_08_2026,house,MO,08,win_prob_D,prob,2,1,,,,,gated,thin,,"only 1 gated source(s) of 2 contributing; MIN_N=3 counts gated sources only, because the open ones are published by name and can be subtracted back out"
2026-08-20,professional,HOU_MS_01_2026,house,MS,01,win_prob_D,prob,2,1,,,,,gated,thin,,"only 1 gated source(s) of 2 contributing; MIN_N=3 counts gated sources only, because the open ones are published by name and can be subtracted back out"
2026-08-20,professional,HOU_MS_02_2026,house,MS,02,win_prob_D,prob,2,1,,,,,gated,thin,,"only 1 gated source(s) of 2 contributing; MIN_N=3 counts gated sources only, because the open ones are published by name and can be subtracted back out"
2026-08-20,professional,HOU_MS_03_2026,house,MS,03,win_prob_D,prob,2,1,,,,,gated,thin,,"only 1 gated source(s) of 2 contributing; MIN_N=3 counts gated sources only, because the open ones are published by name and can be subtracted back out"
2026-08-20,professional,HOU_MS_04_2026,house,MS,04,win_prob_D,prob,2,1,,,,,gated,thin,,"only 1 gated source(s) of 2 contributing; MIN_N=3 counts gated sources only, because the open ones are published by name and can be subtracted back out"
2026-08-20,professional,HOU_MT_01_2026,house,MT,01,win_prob_D,prob,2,1,,,,,gated,thin,,"only 1 gated source(s) of 2 contributing; MIN_N=3 counts gated sources only, because the open ones are published by name and can be subtracted back out"
2026-08-20,professional,HOU_MT_02_2026,house,MT,02,win_prob_D,prob,2,1,,,,,gated,thin,,"only 1 gated source(s) of 2 contributing; MIN_N=3 counts gated sources only, because the open ones are published by name and can be subtracted back out"
2026-08-20,professional,HOU_NC_01_2026,house,NC,01,win_prob_D,prob,2,1,,,,,gated,thin,,"only 1 gated source(s) of 2 contributing; MIN_N=3 counts gated sources only, because the open ones are published by name and can be subtracted back out"
2026-08-20,professional,HOU_NC_02_2026,house,NC,02,win_prob_D,prob,2,1,,,,,gated,thin,,"only 1 gated source(s) of 2 contributing; MIN_N=3 counts gated sources only, because the open ones are published by name and can be subtracted back out"
2026-08-20,professional,HOU_NC_03_2026,house,NC,03,win_prob_D,prob,2,1,,,,,gated,thin,,"only 1 gated source(s) of 2 contributing; MIN_N=3 counts gated sources only, because the open ones are published by name and can be subtracted back out"
2026-08-20,professional,HOU_NC_04_2026,house,NC,04,win_prob_D,prob,2,1,,,,,gated,thin,,"only 1 gated source(s) of 2 contributing; MIN_N=3 counts gated sources only, because the open ones are published by name and can be subtracted back out"
2026-08-20,professional,HOU_NC_05_2026,house,NC,05,win_prob_D,prob,2,1,,,,,gated,thin,,"only 1 gated source(s) of 2 contributing; MIN_N=3 counts gated sources only, because the open ones are published by name and can be subtracted back out"
2026-08-20,professional,HOU_NC_06_2026,house,NC,06,win_prob_D,prob,2,1,,,,,gated,thin,,"only 1 gated source(s) of 2 contributing; MIN_N=3 counts gated sources only, because the open ones are published by name and can be subtracted back out"
2026-08-20,professional,HOU_NC_07_2026,house,NC,07,win_prob_D,prob,2,1,,,,,gated,thin,,"only 1 gated source(s) of 2 contributing; MIN_N=3 counts gated sources only, because the open ones are published by name and can be subtracted back out"
2026-08-20,professional,HOU_NC_08_2026,house,NC,08,win_prob_D,prob,2,1,,,,,gated,thin,,"only 1 gated source(s) of 2 contributing; MIN_N=3 counts gated sources only, because the open ones are published by name and can be subtracted back out"
2026-08-20,professional,HOU_NC_09_2026,house,NC,09,win_prob_D,prob,2,1,,,,,gated,thin,,"only 1 gated source(s) of 2 contributing; MIN_N=3 counts gated sources only, because the open ones are published by name and can be subtracted back out"
2026-08-20,professional,HOU_NC_10_2026,house,NC,10,win_prob_D,prob,2,1,,,,,gated,thin,,"only 1 gated source(s) of 2 contributing; MIN_N=3 counts gated sources only, because the open ones are published by name and can be subtracted back out"
2026-08-20,professional,HOU_NC_11_2026,house,NC,11,win_prob_D,prob,2,1,,,,,gated,thin,,"only 1 gated source(s) of 2 contributing; MIN_N=3 counts gated sources only, because the open ones are published by name and can be subtracted back out"
2026-08-20,professional,HOU_NC_12_2026,house,NC,12,win_prob_D,prob,2,1,,,,,gated,thin,,"only 1 gated source(s) of 2 contributing; MIN_N=3 counts gated sources only, because the open ones are published by name and can be subtracted back out"
2026-08-20,professional,HOU_NC_13_2026,house,NC,13,win_prob_D,prob,2,1,,,,,gated,thin,,"only 1 gated source(s) of 2 contributing; MIN_N=3 counts gated sources only, because the open ones are published by name and can be subtracted back out"
2026-08-20,professional,HOU_NC_14_2026,house,NC,14,win_prob_D,prob,2,1,,,,,gated,thin,,"only 1 gated source(s) of 2 contributing; MIN_N=3 counts gated sources only, because the open ones are published by name and can be subtracted back out"
2026-08-20,professional,HOU_ND_01_2026,house,ND,01,win_prob_D,prob,2,1,,,,,gated,thin,,"only 1 gated source(s) of 2 contributing; MIN_N=3 counts gated sources only, because the open ones are published by name and can be subtracted back out"
2026-08-20,professional,HOU_NE_01_2026,house,NE,01,win_prob_D,prob,2,1,,,,,gated,thin,,"only 1 gated source(s) of 2 contributing; MIN_N=3 counts gated sources only, because the open ones are published by name and can be subtracted back out"
2026-08-20,professional,HOU_NE_02_2026,house,NE,02,win_prob_D,prob,2,1,,,,,gated,thin,,"only 1 gated source(s) of 2 contributing; MIN_N=3 counts gated sources only, because the open ones are published by name and can be subtracted back out"
2026-08-20,professional,HOU_NE_03_2026,house,NE,03,win_prob_D,prob,2,1,,,,,gated,thin,,"only 1 gated source(s) of 2 contributing; MIN_N=3 counts gated sources only, because the open ones are published by name and can be subtracted back out"
2026-08-20,professional,HOU_NH_01_2026,house,NH,01,win_prob_D,prob,2,1,,,,,gated,thin,,"only 1 gated source(s) of 2 contributing; MIN_N=3 counts gated sources only, because the open ones are published by name and can be subtracted back out"
2026-08-20,professional,HOU_NH_02_2026,house,NH,02,win_prob_D,prob,2,1,,,,,gated,thin,,"only 1 gated source(s) of 2 contributing; MIN_N=3 counts gated sources only, because the open ones are published by name and can be subtracted back out"
2026-08-20,professional,HOU_NJ_01_2026,house,NJ,01,win_prob_D,prob,2,1,,,,,gated,thin,,"only 1 gated source(s) of 2 contributing; MIN_N=3 counts gated sources only, because the open ones are published by name and can be subtracted back out"
2026-08-20,professional,HOU_NJ_02_2026,house,NJ,02,win_prob_D,prob,2,1,,,,,gated,thin,,"only 1 gated source(s) of 2 contributing; MIN_N=3 counts gated sources only, because the open ones are published by name and can be subtracted back out"
2026-08-20,professional,HOU_NJ_03_2026,house,NJ,03,win_prob_D,prob,2,1,,,,,gated,thin,,"only 1 gated source(s) of 2 contributing; MIN_N=3 counts gated sources only, because the open ones are published by name and can be subtracted back out"
2026-08-20,professional,HOU_NJ_04_2026,house,NJ,04,win_prob_D,prob,2,1,,,,,gated,thin,,"only 1 gated source(s) of 2 contributing; MIN_N=3 counts gated sources only, because the open ones are published by name and can be subtracted back out"
2026-08-20,professional,HOU_NJ_05_2026,house,NJ,05,win_prob_D,prob,2,1,,,,,gated,thin,,"only 1 gated source(s) of 2 contributing; MIN_N=3 counts gated sources only, because the open ones are published by name and can be subtracted back out"
2026-08-20,professional,HOU_NJ_06_2026,house,NJ,06,win_prob_D,prob,2,1,,,,,gated,thin,,"only 1 gated source(s) of 2 contributing; MIN_N=3 counts gated sources only, because the open ones are published by name and can be subtracted back out"
2026-08-20,professional,HOU_NJ_07_2026,house,NJ,07,win_prob_D,prob,2,1,,,,,gated,thin,,"only 1 gated source(s) of 2 contributing; MIN_N=3 counts gated sources only, because the open ones are published by name and can be subtracted back out"
2026-08-20,professional,HOU_NJ_08_2026,house,NJ,08,win_prob_D,prob,2,1,,,,,gated,thin,,"only 1 gated source(s) of 2 contributing; MIN_N=3 counts gated sources only, because the open ones are published by name and can be subtracted back out"
2026-08-20,professional,HOU_NJ_09_2026,house,NJ,09,win_prob_D,prob,2,1,,,,,gated,thin,,"only 1 gated source(s) of 2 contributing; MIN_N=3 counts gated sources only, because the open ones are published by name and can be subtracted back out"
2026-08-20,professional,HOU_NJ_10_2026,house,NJ,10,win_prob_D,prob,2,1,,,,,gated,thin,,"only 1 gated source(s) of 2 contributing; MIN_N=3 counts gated sources only, because the open ones are published by name and can be subtracted back out"
2026-08-20,professional,HOU_NJ_11_2026,house,NJ,11,win_prob_D,prob,2,1,,,,,gated,thin,,"only 1 gated source(s) of 2 contributing; MIN_N=3 counts gated sources only, because the open ones are published by name and can be subtracted back out"
2026-08-20,professional,HOU_NJ_12_2026,house,NJ,12,win_prob_D,prob,2,1,,,,,gated,thin,,"only 1 gated source(s) of 2 contributing; MIN_N=3 counts gated sources only, because the open ones are published by name and can be subtracted back out"
2026-08-20,professional,HOU_NM_01_2026,house,NM,01,win_prob_D,prob,2,1,,,,,gated,thin,,"only 1 gated source(s) of 2 contributing; MIN_N=3 counts gated sources only, because the open ones are published by name and can be subtracted back out"
2026-08-20,professional,HOU_NM_02_2026,house,NM,02,win_prob_D,prob,2,1,,,,,gated,thin,,"only 1 gated source(s) of 2 contributing; MIN_N=3 counts gated sources only, because the open ones are published by name and can be subtracted back out"
2026-08-20,professional,HOU_NM_03_2026,house,NM,03,win_prob_D,prob,2,1,,,,,gated,thin,,"only 1 gated source(s) of 2 contributing; MIN_N=3 counts gated sources only, because the open ones are published by name and can be subtracted back out"
2026-08-20,professional,HOU_NV_01_2026,house,NV,01,win_prob_D,prob,2,1,,,,,gated,thin,,"only 1 gated source(s) of 2 contributing; MIN_N=3 counts gated sources only, because the open ones are published by name and can be subtracted back out"
2026-08-20,professional,HOU_NV_02_2026,house,NV,02,win_prob_D,prob,2,1,,,,,gated,thin,,"only 1 gated source(s) of 2 contributing; MIN_N=3 counts gated sources only, because the open ones are published by name and can be subtracted back out"
2026-08-20,professional,HOU_NV_03_2026,house,NV,03,win_prob_D,prob,2,1,,,,,gated,thin,,"only 1 gated source(s) of 2 contributing; MIN_N=3 counts gated sources only, because the open ones are published by name and can be subtracted back out"
2026-08-20,professional,HOU_NV_04_2026,house,NV,04,win_prob_D,prob,2,1,,,,,gated,thin,,"only 1 gated source(s) of 2 contributing; MIN_N=3 counts gated sources only, because the open ones are published by name and can be subtracted back out"
2026-08-20,professional,HOU_NY_01_2026,house,NY,01,win_prob_D,prob,2,1,,,,,gated,thin,,"only 1 gated source(s) of 2 contributing; MIN_N=3 counts gated sources only, because the open ones are published by name and can be subtracted back out"
2026-08-20,professional,HOU_NY_02_2026,house,NY,02,win_prob_D,prob,2,1,,,,,gated,thin,,"only 1 gated source(s) of 2 contributing; MIN_N=3 counts gated sources only, because the open ones are published by name and can be subtracted back out"
2026-08-20,professional,HOU_NY_03_2026,house,NY,03,win_prob_D,prob,2,1,,,,,gated,thin,,"only 1 gated source(s) of 2 contributing; MIN_N=3 counts gated sources only, because the open ones are published by name and can be subtracted back out"
2026-08-20,professional,HOU_NY_04_2026,house,NY,04,win_prob_D,prob,2,1,,,,,gated,thin,,"only 1 gated source(s) of 2 contributing; MIN_N=3 counts gated sources only, because the open ones are published by name and can be subtracted back out"
2026-08-20,professional,HOU_NY_05_2026,house,NY,05,win_prob_D,prob,2,1,,,,,gated,thin,,"only 1 gated source(s) of 2 contributing; MIN_N=3 counts gated sources only, because the open ones are published by name and can be subtracted back out"
2026-08-20,professional,HOU_NY_06_2026,house,NY,06,win_prob_D,prob,2,1,,,,,gated,thin,,"only 1 gated source(s) of 2 contributing; MIN_N=3 counts gated sources only, because the open ones are published by name and can be subtracted back out"
2026-08-20,professional,HOU_NY_07_2026,house,NY,07,win_prob_D,prob,2,1,,,,,gated,thin,,"only 1 gated source(s) of 2 contributing; MIN_N=3 counts gated sources only, because the open ones are published by name and can be subtracted back out"
2026-08-20,professional,HOU_NY_08_2026,house,NY,08,win_prob_D,prob,2,1,,,,,gated,thin,,"only 1 gated source(s) of 2 contributing; MIN_N=3 counts gated sources only, because the open ones are published by name and can be subtracted back out"
2026-08-20,professional,HOU_NY_09_2026,house,NY,09,win_prob_D,prob,2,1,,,,,gated,thin,,"only 1 gated source(s) of 2 contributing; MIN_N=3 counts gated sources only, because the open ones are published by name and can be subtracted back out"
2026-08-20,professional,HOU_NY_10_2026,house,NY,10,win_prob_D,prob,2,1,,,,,gated,thin,,"only 1 gated source(s) of 2 contributing; MIN_N=3 counts gated sources only, because the open ones are published by name and can be subtracted back out"
2026-08-20,professional,HOU_NY_11_2026,house,NY,11,win_prob_D,prob,2,1,,,,,gated,thin,,"only 1 gated source(s) of 2 contributing; MIN_N=3 counts gated sources only, because the open ones are published by name and can be subtracted back out"
2026-08-20,professional,HOU_NY_12_2026,house,NY,12,win_prob_D,prob,2,1,,,,,gated,thin,,"only 1 gated source(s) of 2 contributing; MIN_N=3 counts gated sources only, because the open ones are published by name and can be subtracted back out"
2026-08-20,professional,HOU_NY_13_2026,house,NY,13,win_prob_D,prob,2,1,,,,,gated,thin,,"only 1 gated source(s) of 2 contributing; MIN_N=3 counts gated sources only, because the open ones are published by name and can be subtracted back out"
2026-08-20,professional,HOU_NY_14_2026,house,NY,14,win_prob_D,prob,2,1,,,,,gated,thin,,"only 1 gated source(s) of 2 contributing; MIN_N=3 counts gated sources only, because the open ones are published by name and can be subtracted back out"
2026-08-20,professional,HOU_NY_15_2026,house,NY,15,win_prob_D,prob,2,1,,,,,gated,thin,,"only 1 gated source(s) of 2 contributing; MIN_N=3 counts gated sources only, because the open ones are published by name and can be subtracted back out"
2026-08-20,professional,HOU_NY_16_2026,house,NY,16,win_prob_D,prob,2,1,,,,,gated,thin,,"only 1 gated source(s) of 2 contributing; MIN_N=3 counts gated sources only, because the open ones are published by name and can be subtracted back out"
2026-08-20,professional,HOU_NY_17_2026,house,NY,17,win_prob_D,prob,2,1,,,,,gated,thin,,"only 1 gated source(s) of 2 contributing; MIN_N=3 counts gated sources only, because the open ones are published by name and can be subtracted back out"
2026-08-20,professional,HOU_NY_18_2026,house,NY,18,win_prob_D,prob,2,1,,,,,gated,thin,,"only 1 gated source(s) of 2 contributing; MIN_N=3 counts gated sources only, because the open ones are published by name and can be subtracted back out"
2026-08-20,professional,HOU_NY_19_2026,house,NY,19,win_prob_D,prob,2,1,,,,,gated,thin,,"only 1 gated source(s) of 2 contributing; MIN_N=3 counts gated sources only, because the open ones are published by name and can be subtracted back out"
2026-08-20,professional,HOU_NY_20_2026,house,NY,20,win_prob_D,prob,2,1,,,,,gated,thin,,"only 1 gated source(s) of 2 contributing; MIN_N=3 counts gated sources only, because the open ones are published by name and can be subtracted back out"
2026-08-20,professional,HOU_NY_21_2026,house,NY,21,win_prob_D,prob,2,1,,,,,gated,thin,,"only 1 gated source(s) of 2 contributing; MIN_N=3 counts gated sources only, because the open ones are published by name and can be subtracted back out"
2026-08-20,professional,HOU_NY_22_2026,house,NY,22,win_prob_D,prob,2,1,,,,,gated,thin,,"only 1 gated source(s) of 2 contributing; MIN_N=3 counts gated sources only, because the open ones are published by name and can be subtracted back out"
2026-08-20,professional,HOU_NY_23_2026,house,NY,23,win_prob_D,prob,2,1,,,,,gated,thin,,"only 1 gated source(s) of 2 contributing; MIN_N=3 counts gated sources only, because the open ones are published by name and can be subtracted back out"
2026-08-20,professional,HOU_NY_24_2026,house,NY,24,win_prob_D,prob,2,1,,,,,gated,thin,,"only 1 gated source(s) of 2 contributing; MIN_N=3 counts gated sources only, because the open ones are published by name and can be subtracted back out"
2026-08-20,professional,HOU_NY_25_2026,house,NY,25,win_prob_D,prob,2,1,,,,,gated,thin,,"only 1 gated source(s) of 2 contributing; MIN_N=3 counts gated sources only, because the open ones are published by name and can be subtracted back out"
2026-08-20,professional,HOU_NY_26_2026,house,NY,26,win_prob_D,prob,2,1,,,,,gated,thin,,"only 1 gated source(s) of 2 contributing; MIN_N=3 counts gated sources only, because the open ones are published by name and can be subtracted back out"
2026-08-20,professional,HOU_OH_01_2026,house,OH,01,win_prob_D,prob,2,1,,,,,gated,thin,,"only 1 gated source(s) of 2 contributing; MIN_N=3 counts gated sources only, because the open ones are published by name and can be subtracted back out"
2026-08-20,professional,HOU_OH_02_2026,house,OH,02,win_prob_D,prob,2,1,,,,,gated,thin,,"only 1 gated source(s) of 2 contributing; MIN_N=3 counts gated sources only, because the open ones are published by name and can be subtracted back out"
2026-08-20,professional,HOU_OH_03_2026,house,OH,03,win_prob_D,prob,2,1,,,,,gated,thin,,"only 1 gated source(s) of 2 contributing; MIN_N=3 counts gated sources only, because the open ones are published by name and can be subtracted back out"
2026-08-20,professional,HOU_OH_04_2026,house,OH,04,win_prob_D,prob,2,1,,,,,gated,thin,,"only 1 gated source(s) of 2 contributing; MIN_N=3 counts gated sources only, because the open ones are published by name and can be subtracted back out"
2026-08-20,professional,HOU_OH_05_2026,house,OH,05,win_prob_D,prob,2,1,,,,,gated,thin,,"only 1 gated source(s) of 2 contributing; MIN_N=3 counts gated sources only, because the open ones are published by name and can be subtracted back out"
2026-08-20,professional,HOU_OH_06_2026,house,OH,06,win_prob_D,prob,2,1,,,,,gated,thin,,"only 1 gated source(s) of 2 contributing; MIN_N=3 counts gated sources only, because the open ones are published by name and can be subtracted back out"
2026-08-20,professional,HOU_OH_07_2026,house,OH,07,win_prob_D,prob,2,1,,,,,gated,thin,,"only 1 gated source(s) of 2 contributing; MIN_N=3 counts gated sources only, because the open ones are published by name and can be subtracted back out"
2026-08-20,professional,HOU_OH_08_2026,house,OH,08,win_prob_D,prob,2,1,,,,,gated,thin,,"only 1 gated source(s) of 2 contributing; MIN_N=3 counts gated sources only, because the open ones are published by name and can be subtracted back out"
2026-08-20,professional,HOU_OH_09_2026,house,OH,09,win_prob_D,prob,2,1,,,,,gated,thin,,"only 1 gated source(s) of 2 contributing; MIN_N=3 counts gated sources only, because the open ones are published by name and can be subtracted back out"
2026-08-20,professional,HOU_OH_10_2026,house,OH,10,win_prob_D,prob,2,1,,,,,gated,thin,,"only 1 gated source(s) of 2 contributing; MIN_N=3 counts gated sources only, because the open ones are published by name and can be subtracted back out"
2026-08-20,professional,HOU_OH_11_2026,house,OH,11,win_prob_D,prob,2,1,,,,,gated,thin,,"only 1 gated source(s) of 2 contributing; MIN_N=3 counts gated sources only, because the open ones are published by name and can be subtracted back out"
2026-08-20,professional,HOU_OH_12_2026,house,OH,12,win_prob_D,prob,2,1,,,,,gated,thin,,"only 1 gated source(s) of 2 contributing; MIN_N=3 counts gated sources only, because the open ones are published by name and can be subtracted back out"
2026-08-20,professional,HOU_OH_13_2026,house,OH,13,win_prob_D,prob,2,1,,,,,gated,thin,,"only 1 gated source(s) of 2 contributing; MIN_N=3 counts gated sources only, because the open ones are published by name and can be subtracted back out"
2026-08-20,professional,HOU_OH_14_2026,house,OH,14,win_prob_D,prob,2,1,,,,,gated,thin,,"only 1 gated source(s) of 2 contributing; MIN_N=3 counts gated sources only, because the open ones are published by name and can be subtracted back out"
2026-08-20,professional,HOU_OH_15_2026,house,OH,15,win_prob_D,prob,2,1,,,,,gated,thin,,"only 1 gated source(s) of 2 contributing; MIN_N=3 counts gated sources only, because the open ones are published by name and can be subtracted back out"
2026-08-20,professional,HOU_OK_01_2026,house,OK,01,win_prob_D,prob,2,1,,,,,gated,thin,,"only 1 gated source(s) of 2 contributing; MIN_N=3 counts gated sources only, because the open ones are published by name and can be subtracted back out"
2026-08-20,professional,HOU_OK_02_2026,house,OK,02,win_prob_D,prob,2,1,,,,,gated,thin,,"only 1 gated source(s) of 2 contributing; MIN_N=3 counts gated sources only, because the open ones are published by name and can be subtracted back out"
2026-08-20,professional,HOU_OK_03_2026,house,OK,03,win_prob_D,prob,2,1,,,,,gated,thin,,"only 1 gated source(s) of 2 contributing; MIN_N=3 counts gated sources only, because the open ones are published by name and can be subtracted back out"
2026-08-20,professional,HOU_OK_04_2026,house,OK,04,win_prob_D,prob,2,1,,,,,gated,thin,,"only 1 gated source(s) of 2 contributing; MIN_N=3 counts gated sources only, because the open ones are published by name and can be subtracted back out"
2026-08-20,professional,HOU_OK_05_2026,house,OK,05,win_prob_D,prob,2,1,,,,,gated,thin,,"only 1 gated source(s) of 2 contributing; MIN_N=3 counts gated sources only, because the open ones are published by name and can be subtracted back out"
2026-08-20,professional,HOU_OR_01_2026,house,OR,01,win_prob_D,prob,2,1,,,,,gated,thin,,"only 1 gated source(s) of 2 contributing; MIN_N=3 counts gated sources only, because the open ones are published by name and can be subtracted back out"
2026-08-20,professional,HOU_OR_02_2026,house,OR,02,win_prob_D,prob,2,1,,,,,gated,thin,,"only 1 gated source(s) of 2 contributing; MIN_N=3 counts gated sources only, because the open ones are published by name and can be subtracted back out"
2026-08-20,professional,HOU_OR_03_2026,house,OR,03,win_prob_D,prob,2,1,,,,,gated,thin,,"only 1 gated source(s) of 2 contributing; MIN_N=3 counts gated sources only, because the open ones are published by name and can be subtracted back out"
2026-08-20,professional,HOU_OR_04_2026,house,OR,04,win_prob_D,prob,2,1,,,,,gated,thin,,"only 1 gated source(s) of 2 contributing; MIN_N=3 counts gated sources only, because the open ones are published by name and can be subtracted back out"
2026-08-20,professional,HOU_OR_05_2026,house,OR,05,win_prob_D,prob,2,1,,,,,gated,thin,,"only 1 gated source(s) of 2 contributing; MIN_N=3 counts gated sources only, because the open ones are published by name and can be subtracted back out"
2026-08-20,professional,HOU_OR_06_2026,house,OR,06,win_prob_D,prob,2,1,,,,,gated,thin,,"only 1 gated source(s) of 2 contributing; MIN_N=3 counts gated sources only, because the open ones are published by name and can be subtracted back out"
2026-08-20,professional,HOU_PA_01_2026,house,PA,01,win_prob_D,prob,2,1,,,,,gated,thin,,"only 1 gated source(s) of 2 contributing; MIN_N=3 counts gated sources only, because the open ones are published by name and can be subtracted back out"
2026-08-20,professional,HOU_PA_02_2026,house,PA,02,win_prob_D,prob,2,1,,,,,gated,thin,,"only 1 gated source(s) of 2 contributing; MIN_N=3 counts gated sources only, because the open ones are published by name and can be subtracted back out"
2026-08-20,professional,HOU_PA_03_2026,house,PA,03,win_prob_D,prob,2,1,,,,,gated,thin,,"only 1 gated source(s) of 2 contributing; MIN_N=3 counts gated sources only, because the open ones are published by name and can be subtracted back out"
2026-08-20,professional,HOU_PA_04_2026,house,PA,04,win_prob_D,prob,2,1,,,,,gated,thin,,"only 1 gated source(s) of 2 contributing; MIN_N=3 counts gated sources only, because the open ones are published by name and can be subtracted back out"
2026-08-20,professional,HOU_PA_05_2026,house,PA,05,win_prob_D,prob,2,1,,,,,gated,thin,,"only 1 gated source(s) of 2 contributing; MIN_N=3 counts gated sources only, because the open ones are published by name and can be subtracted back out"
2026-08-20,professional,HOU_PA_06_2026,house,PA,06,win_prob_D,prob,2,1,,,,,gated,thin,,"only 1 gated source(s) of 2 contributing; MIN_N=3 counts gated sources only, because the open ones are published by name and can be subtracted back out"
2026-08-20,professional,HOU_PA_07_2026,house,PA,07,win_prob_D,prob,2,1,,,,,gated,thin,,"only 1 gated source(s) of 2 contributing; MIN_N=3 counts gated sources only, because the open ones are published by name and can be subtracted back out"
2026-08-20,professional,HOU_PA_08_2026,house,PA,08,win_prob_D,prob,2,1,,,,,gated,thin,,"only 1 gated source(s) of 2 contributing; MIN_N=3 counts gated sources only, because the open ones are published by name and can be subtracted back out"
2026-08-20,professional,HOU_PA_09_2026,house,PA,09,win_prob_D,prob,2,1,,,,,gated,thin,,"only 1 gated source(s) of 2 contributing; MIN_N=3 counts gated sources only, because the open ones are published by name and can be subtracted back out"
2026-08-20,professional,HOU_PA_10_2026,house,PA,10,win_prob_D,prob,2,1,,,,,gated,thin,,"only 1 gated source(s) of 2 contributing; MIN_N=3 counts gated sources only, because the open ones are published by name and can be subtracted back out"
2026-08-20,professional,HOU_PA_11_2026,house,PA,11,win_prob_D,prob,2,1,,,,,gated,thin,,"only 1 gated source(s) of 2 contributing; MIN_N=3 counts gated sources only, because the open ones are published by name and can be subtracted back out"
2026-08-20,professional,HOU_PA_12_2026,house,PA,12,win_prob_D,prob,2,1,,,,,gated,thin,,"only 1 gated source(s) of 2 contributing; MIN_N=3 counts gated sources only, because the open ones are published by name and can be subtracted back out"
2026-08-20,professional,HOU_PA_13_2026,house,PA,13,win_prob_D,prob,2,1,,,,,gated,thin,,"only 1 gated source(s) of 2 contributing; MIN_N=3 counts gated sources only, because the open ones are published by name and can be subtracted back out"
2026-08-20,professional,HOU_PA_14_2026,house,PA,14,win_prob_D,prob,2,1,,,,,gated,thin,,"only 1 gated source(s) of 2 contributing; MIN_N=3 counts gated sources only, because the open ones are published by name and can be subtracted back out"
2026-08-20,professional,HOU_PA_15_2026,house,PA,15,win_prob_D,prob,2,1,,,,,gated,thin,,"only 1 gated source(s) of 2 contributing; MIN_N=3 counts gated sources only, because the open ones are published by name and can be subtracted back out"
2026-08-20,professional,HOU_PA_16_2026,house,PA,16,win_prob_D,prob,2,1,,,,,gated,thin,,"only 1 gated source(s) of 2 contributing; MIN_N=3 counts gated sources only, because the open ones are published by name and can be subtracted back out"
2026-08-20,professional,HOU_PA_17_2026,house,PA,17,win_prob_D,prob,2,1,,,,,gated,thin,,"only 1 gated source(s) of 2 contributing; MIN_N=3 counts gated sources only, because the open ones are published by name and can be subtracted back out"
2026-08-20,professional,HOU_RI_01_2026,house,RI,01,win_prob_D,prob,2,1,,,,,gated,thin,,"only 1 gated source(s) of 2 contributing; MIN_N=3 counts gated sources only, because the open ones are published by name and can be subtracted back out"
2026-08-20,professional,HOU_RI_02_2026,house,RI,02,win_prob_D,prob,2,1,,,,,gated,thin,,"only 1 gated source(s) of 2 contributing; MIN_N=3 counts gated sources only, because the open ones are published by name and can be subtracted back out"
2026-08-20,professional,HOU_SC_01_2026,house,SC,01,win_prob_D,prob,2,1,,,,,gated,thin,,"only 1 gated source(s) of 2 contributing; MIN_N=3 counts gated sources only, because the open ones are published by name and can be subtracted back out"
2026-08-20,professional,HOU_SC_02_2026,house,SC,02,win_prob_D,prob,2,1,,,,,gated,thin,,"only 1 gated source(s) of 2 contributing; MIN_N=3 counts gated sources only, because the open ones are published by name and can be subtracted back out"
2026-08-20,professional,HOU_SC_03_2026,house,SC,03,win_prob_D,prob,2,1,,,,,gated,thin,,"only 1 gated source(s) of 2 contributing; MIN_N=3 counts gated sources only, because the open ones are published by name and can be subtracted back out"
2026-08-20,professional,HOU_SC_04_2026,house,SC,04,win_prob_D,prob,2,1,,,,,gated,thin,,"only 1 gated source(s) of 2 contributing; MIN_N=3 counts gated sources only, because the open ones are published by name and can be subtracted back out"
2026-08-20,professional,HOU_SC_05_2026,house,SC,05,win_prob_D,prob,2,1,,,,,gated,thin,,"only 1 gated source(s) of 2 contributing; MIN_N=3 counts gated sources only, because the open ones are published by name and can be subtracted back out"
2026-08-20,professional,HOU_SC_06_2026,house,SC,06,win_prob_D,prob,2,1,,,,,gated,thin,,"only 1 gated source(s) of 2 contributing; MIN_N=3 counts gated sources only, because the open ones are published by name and can be subtracted back out"
2026-08-20,professional,HOU_SC_07_2026,house,SC,07,win_prob_D,prob,2,1,,,,,gated,thin,,"only 1 gated source(s) of 2 contributing; MIN_N=3 counts gated sources only, because the open ones are published by name and can be subtracted back out"
2026-08-20,professional,HOU_SD_01_2026,house,SD,01,win_prob_D,prob,2,1,,,,,gated,thin,,"only 1 gated source(s) of 2 contributing; MIN_N=3 counts gated sources only, because the open ones are published by name and can be subtracted back out"
2026-08-20,professional,HOU_TN_01_2026,house,TN,01,win_prob_D,prob,2,1,,,,,gated,thin,,"only 1 gated source(s) of 2 contributing; MIN_N=3 counts gated sources only, because the open ones are published by name and can be subtracted back out"
2026-08-20,professional,HOU_TN_02_2026,house,TN,02,win_prob_D,prob,2,1,,,,,gated,thin,,"only 1 gated source(s) of 2 contributing; MIN_N=3 counts gated sources only, because the open ones are published by name and can be subtracted back out"
2026-08-20,professional,HOU_TN_03_2026,house,TN,03,win_prob_D,prob,2,1,,,,,gated,thin,,"only 1 gated source(s) of 2 contributing; MIN_N=3 counts gated sources only, because the open ones are published by name and can be subtracted back out"
2026-08-20,professional,HOU_TN_04_2026,house,TN,04,win_prob_D,prob,2,1,,,,,gated,thin,,"only 1 gated source(s) of 2 contributing; MIN_N=3 counts gated sources only, because the open ones are published by name and can be subtracted back out"
2026-08-20,professional,HOU_TN_05_2026,house,TN,05,win_prob_D,prob,2,1,,,,,gated,thin,,"only 1 gated source(s) of 2 contributing; MIN_N=3 counts gated sources only, because the open ones are published by name and can be subtracted back out"
2026-08-20,professional,HOU_TN_06_2026,house,TN,06,win_prob_D,prob,2,1,,,,,gated,thin,,"only 1 gated source(s) of 2 contributing; MIN_N=3 counts gated sources only, because the open ones are published by name and can be subtracted back out"
2026-08-20,professional,HOU_TN_07_2026,house,TN,07,win_prob_D,prob,2,1,,,,,gated,thin,,"only 1 gated source(s) of 2 contributing; MIN_N=3 counts gated sources only, because the open ones are published by name and can be subtracted back out"
2026-08-20,professional,HOU_TN_08_2026,house,TN,08,win_prob_D,prob,2,1,,,,,gated,thin,,"only 1 gated source(s) of 2 contributing; MIN_N=3 counts gated sources only, because the open ones are published by name and can be subtracted back out"
2026-08-20,professional,HOU_TN_09_2026,house,TN,09,win_prob_D,prob,2,1,,,,,gated,thin,,"only 1 gated source(s) of 2 contributing; MIN_N=3 counts gated sources only, because the open ones are published by name and can be subtracted back out"
2026-08-20,professional,HOU_TX_01_2026,house,TX,01,win_prob_D,prob,2,1,,,,,gated,thin,,"only 1 gated source(s) of 2 contributing; MIN_N=3 counts gated sources only, because the open ones are published by name and can be subtracted back out"
2026-08-20,professional,HOU_TX_02_2026,house,TX,02,win_prob_D,prob,2,1,,,,,gated,thin,,"only 1 gated source(s) of 2 contributing; MIN_N=3 counts gated sources only, because the open ones are published by name and can be subtracted back out"
2026-08-20,professional,HOU_TX_03_2026,house,TX,03,win_prob_D,prob,2,1,,,,,gated,thin,,"only 1 gated source(s) of 2 contributing; MIN_N=3 counts gated sources only, because the open ones are published by name and can be subtracted back out"
2026-08-20,professional,HOU_TX_04_2026,house,TX,04,win_prob_D,prob,2,1,,,,,gated,thin,,"only 1 gated source(s) of 2 contributing; MIN_N=3 counts gated sources only, because the open ones are published by name and can be subtracted back out"
2026-08-20,professional,HOU_TX_05_2026,house,TX,05,win_prob_D,prob,2,1,,,,,gated,thin,,"only 1 gated source(s) of 2 contributing; MIN_N=3 counts gated sources only, because the open ones are published by name and can be subtracted back out"
2026-08-20,professional,HOU_TX_06_2026,house,TX,06,win_prob_D,prob,2,1,,,,,gated,thin,,"only 1 gated source(s) of 2 contributing; MIN_N=3 counts gated sources only, because the open ones are published by name and can be subtracted back out"
2026-08-20,professional,HOU_TX_07_2026,house,TX,07,win_prob_D,prob,2,1,,,,,gated,thin,,"only 1 gated source(s) of 2 contributing; MIN_N=3 counts gated sources only, because the open ones are published by name and can be subtracted back out"
2026-08-20,professional,HOU_TX_08_2026,house,TX,08,win_prob_D,prob,2,1,,,,,gated,thin,,"only 1 gated source(s) of 2 contributing; MIN_N=3 counts gated sources only, because the open ones are published by name and can be subtracted back out"
2026-08-20,professional,HOU_TX_09_2026,house,TX,09,win_prob_D,prob,2,1,,,,,gated,thin,,"only 1 gated source(s) of 2 contributing; MIN_N=3 counts gated sources only, because the open ones are published by name and can be subtracted back out"
2026-08-20,professional,HOU_TX_10_2026,house,TX,10,win_prob_D,prob,2,1,,,,,gated,thin,,"only 1 gated source(s) of 2 contributing; MIN_N=3 counts gated sources only, because the open ones are published by name and can be subtracted back out"
2026-08-20,professional,HOU_TX_11_2026,house,TX,11,win_prob_D,prob,2,1,,,,,gated,thin,,"only 1 gated source(s) of 2 contributing; MIN_N=3 counts gated sources only, because the open ones are published by name and can be subtracted back out"
2026-08-20,professional,HOU_TX_12_2026,house,TX,12,win_prob_D,prob,2,1,,,,,gated,thin,,"only 1 gated source(s) of 2 contributing; MIN_N=3 counts gated sources only, because the open ones are published by name and can be subtracted back out"
2026-08-20,professional,HOU_TX_13_2026,house,TX,13,win_prob_D,prob,2,1,,,,,gated,thin,,"only 1 gated source(s) of 2 contributing; MIN_N=3 counts gated sources only, because the open ones are published by name and can be subtracted back out"
2026-08-20,professional,HOU_TX_14_2026,house,TX,14,win_prob_D,prob,2,1,,,,,gated,thin,,"only 1 gated source(s) of 2 contributing; MIN_N=3 counts gated sources only, because the open ones are published by name and can be subtracted back out"
2026-08-20,professional,HOU_TX_15_2026,house,TX,15,win_prob_D,prob,2,1,,,,,gated,thin,,"only 1 gated source(s) of 2 contributing; MIN_N=3 counts gated sources only, because the open ones are published by name and can be subtracted back out"
2026-08-20,professional,HOU_TX_16_2026,house,TX,16,win_prob_D,prob,2,1,,,,,gated,thin,,"only 1 gated source(s) of 2 contributing; MIN_N=3 counts gated sources only, because the open ones are published by name and can be subtracted back out"
2026-08-20,professional,HOU_TX_17_2026,house,TX,17,win_prob_D,prob,2,1,,,,,gated,thin,,"only 1 gated source(s) of 2 contributing; MIN_N=3 counts gated sources only, because the open ones are published by name and can be subtracted back out"
2026-08-20,professional,HOU_TX_18_2026,house,TX,18,win_prob_D,prob,2,1,,,,,gated,thin,,"only 1 gated source(s) of 2 contributing; MIN_N=3 counts gated sources only, because the open ones are published by name and can be subtracted back out"
2026-08-20,professional,HOU_TX_19_2026,house,TX,19,win_prob_D,prob,2,1,,,,,gated,thin,,"only 1 gated source(s) of 2 contributing; MIN_N=3 counts gated sources only, because the open ones are published by name and can be subtracted back out"
2026-08-20,professional,HOU_TX_20_2026,house,TX,20,win_prob_D,prob,2,1,,,,,gated,thin,,"only 1 gated source(s) of 2 contributing; MIN_N=3 counts gated sources only, because the open ones are published by name and can be subtracted back out"
2026-08-20,professional,HOU_TX_21_2026,house,TX,21,win_prob_D,prob,2,1,,,,,gated,thin,,"only 1 gated source(s) of 2 contributing; MIN_N=3 counts gated sources only, because the open ones are published by name and can be subtracted back out"
2026-08-20,professional,HOU_TX_22_2026,house,TX,22,win_prob_D,prob,2,1,,,,,gated,thin,,"only 1 gated source(s) of 2 contributing; MIN_N=3 counts gated sources only, because the open ones are published by name and can be subtracted back out"
2026-08-20,professional,HOU_TX_23_2026,house,TX,23,win_prob_D,prob,2,1,,,,,gated,thin,,"only 1 gated source(s) of 2 contributing; MIN_N=3 counts gated sources only, because the open ones are published by name and can be subtracted back out"
2026-08-20,professional,HOU_TX_24_2026,house,TX,24,win_prob_D,prob,2,1,,,,,gated,thin,,"only 1 gated source(s) of 2 contributing; MIN_N=3 counts gated sources only, because the open ones are published by name and can be subtracted back out"
2026-08-20,professional,HOU_TX_25_2026,house,TX,25,win_prob_D,prob,2,1,,,,,gated,thin,,"only 1 gated source(s) of 2 contributing; MIN_N=3 counts gated sources only, because the open ones are published by name and can be subtracted back out"
2026-08-20,professional,HOU_TX_26_2026,house,TX,26,win_prob_D,prob,2,1,,,,,gated,thin,,"only 1 gated source(s) of 2 contributing; MIN_N=3 counts gated sources only, because the open ones are published by name and can be subtracted back out"
2026-08-20,professional,HOU_TX_27_2026,house,TX,27,win_prob_D,prob,2,1,,,,,gated,thin,,"only 1 gated source(s) of 2 contributing; MIN_N=3 counts gated sources only, because the open ones are published by name and can be subtracted back out"
2026-08-20,professional,HOU_TX_28_2026,house,TX,28,win_prob_D,prob,2,1,,,,,gated,thin,,"only 1 gated source(s) of 2 contributing; MIN_N=3 counts gated sources only, because the open ones are published by name and can be subtracted back out"
2026-08-20,professional,HOU_TX_29_2026,house,TX,29,win_prob_D,prob,2,1,,,,,gated,thin,,"only 1 gated source(s) of 2 contributing; MIN_N=3 counts gated sources only, because the open ones are published by name and can be subtracted back out"
2026-08-20,professional,HOU_TX_30_2026,house,TX,30,win_prob_D,prob,2,1,,,,,gated,thin,,"only 1 gated source(s) of 2 contributing; MIN_N=3 counts gated sources only, because the open ones are published by name and can be subtracted back out"
2026-08-20,professional,HOU_TX_31_2026,house,TX,31,win_prob_D,prob,2,1,,,,,gated,thin,,"only 1 gated source(s) of 2 contributing; MIN_N=3 counts gated sources only, because the open ones are published by name and can be subtracted back out"
2026-08-20,professional,HOU_TX_32_2026,house,TX,32,win_prob_D,prob,2,1,,,,,gated,thin,,"only 1 gated source(s) of 2 contributing; MIN_N=3 counts gated sources only, because the open ones are published by name and can be subtracted back out"
2026-08-20,professional,HOU_TX_33_2026,house,TX,33,win_prob_D,prob,2,1,,,,,gated,thin,,"only 1 gated source(s) of 2 contributing; MIN_N=3 counts gated sources only, because the open ones are published by name and can be subtracted back out"
2026-08-20,professional,HOU_TX_34_2026,house,TX,34,win_prob_D,prob,2,1,,,,,gated,thin,,"only 1 gated source(s) of 2 contributing; MIN_N=3 counts gated sources only, because the open ones are published by name and can be subtracted back out"
2026-08-20,professional,HOU_TX_35_2026,house,TX,35,win_prob_D,prob,2,1,,,,,gated,thin,,"only 1 gated source(s) of 2 contributing; MIN_N=3 counts gated sources only, because the open ones are published by name and can be subtracted back out"
2026-08-20,professional,HOU_TX_36_2026,house,TX,36,win_prob_D,prob,2,1,,,,,gated,thin,,"only 1 gated source(s) of 2 contributing; MIN_N=3 counts gated sources only, because the open ones are published by name and can be subtracted back out"
2026-08-20,professional,HOU_TX_37_2026,house,TX,37,win_prob_D,prob,2,1,,,,,gated,thin,,"only 1 gated source(s) of 2 contributing; MIN_N=3 counts gated sources only, because the open ones are published by name and can be subtracted back out"
2026-08-20,professional,HOU_TX_38_2026,house,TX,38,win_prob_D,prob,2,1,,,,,gated,thin,,"only 1 gated source(s) of 2 contributing; MIN_N=3 counts gated sources only, because the open ones are published by name and can be subtracted back out"
2026-08-20,professional,HOU_UT_01_2026,house,UT,01,win_prob_D,prob,2,1,,,,,gated,thin,,"only 1 gated source(s) of 2 contributing; MIN_N=3 counts gated sources only, because the open ones are published by name and can be subtracted back out"
2026-08-20,professional,HOU_UT_02_2026,house,UT,02,win_prob_D,prob,2,1,,,,,gated,thin,,"only 1 gated source(s) of 2 contributing; MIN_N=3 counts gated sources only, because the open ones are published by name and can be subtracted back out"
2026-08-20,professional,HOU_UT_03_2026,house,UT,03,win_prob_D,prob,2,1,,,,,gated,thin,,"only 1 gated source(s) of 2 contributing; MIN_N=3 counts gated sources only, because the open ones are published by name and can be subtracted back out"
2026-08-20,professional,HOU_UT_04_2026,house,UT,04,win_prob_D,prob,2,1,,,,,gated,thin,,"only 1 gated source(s) of 2 contributing; MIN_N=3 counts gated sources only, because the open ones are published by name and can be subtracted back out"
2026-08-20,professional,HOU_VA_01_2026,house,VA,01,win_prob_D,prob,2,1,,,,,gated,thin,,"only 1 gated source(s) of 2 contributing; MIN_N=3 counts gated sources only, because the open ones are published by name and can be subtracted back out"
2026-08-20,professional,HOU_VA_02_2026,house,VA,02,win_prob_D,prob,2,1,,,,,gated,thin,,"only 1 gated source(s) of 2 contributing; MIN_N=3 counts gated sources only, because the open ones are published by name and can be subtracted back out"
2026-08-20,professional,HOU_VA_03_2026,house,VA,03,win_prob_D,prob,2,1,,,,,gated,thin,,"only 1 gated source(s) of 2 contributing; MIN_N=3 counts gated sources only, because the open ones are published by name and can be subtracted back out"
2026-08-20,professional,HOU_VA_04_2026,house,VA,04,win_prob_D,prob,2,1,,,,,gated,thin,,"only 1 gated source(s) of 2 contributing; MIN_N=3 counts gated sources only, because the open ones are published by name and can be subtracted back out"
2026-08-20,professional,HOU_VA_05_2026,house,VA,05,win_prob_D,prob,2,1,,,,,gated,thin,,"only 1 gated source(s) of 2 contributing; MIN_N=3 counts gated sources only, because the open ones are published by name and can be subtracted back out"
2026-08-20,professional,HOU_VA_06_2026,house,VA,06,win_prob_D,prob,2,1,,,,,gated,thin,,"only 1 gated source(s) of 2 contributing; MIN_N=3 counts gated sources only, because the open ones are published by name and can be subtracted back out"
2026-08-20,professional,HOU_VA_07_2026,house,VA,07,win_prob_D,prob,2,1,,,,,gated,thin,,"only 1 gated source(s) of 2 contributing; MIN_N=3 counts gated sources only, because the open ones are published by name and can be subtracted back out"
2026-08-20,professional,HOU_VA_08_2026,house,VA,08,win_prob_D,prob,2,1,,,,,gated,thin,,"only 1 gated source(s) of 2 contributing; MIN_N=3 counts gated sources only, because the open ones are published by name and can be subtracted back out"
2026-08-20,professional,HOU_VA_09_2026,house,VA,09,win_prob_D,prob,2,1,,,,,gated,thin,,"only 1 gated source(s) of 2 contributing; MIN_N=3 counts gated sources only, because the open ones are published by name and can be subtracted back out"
2026-08-20,professional,HOU_VA_10_2026,house,VA,10,win_prob_D,prob,2,1,,,,,gated,thin,,"only 1 gated source(s) of 2 contributing; MIN_N=3 counts gated sources only, because the open ones are published by name and can be subtracted back out"
2026-08-20,professional,HOU_VA_11_2026,house,VA,11,win_prob_D,prob,2,1,,,,,gated,thin,,"only 1 gated source(s) of 2 contributing; MIN_N=3 counts gated sources only, because the open ones are published by name and can be subtracted back out"
2026-08-20,professional,HOU_VT_01_2026,house,VT,01,win_prob_D,prob,2,1,,,,,gated,thin,,"only 1 gated source(s) of 2 contributing; MIN_N=3 counts gated sources only, because the open ones are published by name and can be subtracted back out"
2026-08-20,professional,HOU_WA_01_2026,house,WA,01,win_prob_D,prob,2,1,,,,,gated,thin,,"only 1 gated source(s) of 2 contributing; MIN_N=3 counts gated sources only, because the open ones are published by name and can be subtracted back out"
2026-08-20,professional,HOU_WA_02_2026,house,WA,02,win_prob_D,prob,2,1,,,,,gated,thin,,"only 1 gated source(s) of 2 contributing; MIN_N=3 counts gated sources only, because the open ones are published by name and can be subtracted back out"
2026-08-20,professional,HOU_WA_03_2026,house,WA,03,win_prob_D,prob,2,1,,,,,gated,thin,,"only 1 gated source(s) of 2 contributing; MIN_N=3 counts gated sources only, because the open ones are published by name and can be subtracted back out"
2026-08-20,professional,HOU_WA_04_2026,house,WA,04,win_prob_D,prob,2,1,,,,,gated,thin,,"only 1 gated source(s) of 2 contributing; MIN_N=3 counts gated sources only, because the open ones are published by name and can be subtracted back out"
2026-08-20,professional,HOU_WA_05_2026,house,WA,05,win_prob_D,prob,2,1,,,,,gated,thin,,"only 1 gated source(s) of 2 contributing; MIN_N=3 counts gated sources only, because the open ones are published by name and can be subtracted back out"
2026-08-20,professional,HOU_WA_06_2026,house,WA,06,win_prob_D,prob,2,1,,,,,gated,thin,,"only 1 gated source(s) of 2 contributing; MIN_N=3 counts gated sources only, because the open ones are published by name and can be subtracted back out"
2026-08-20,professional,HOU_WA_07_2026,house,WA,07,win_prob_D,prob,2,1,,,,,gated,thin,,"only 1 gated source(s) of 2 contributing; MIN_N=3 counts gated sources only, because the open ones are published by name and can be subtracted back out"
2026-08-20,professional,HOU_WA_08_2026,house,WA,08,win_prob_D,prob,2,1,,,,,gated,thin,,"only 1 gated source(s) of 2 contributing; MIN_N=3 counts gated sources only, because the open ones are published by name and can be subtracted back out"
2026-08-20,professional,HOU_WA_09_2026,house,WA,09,win_prob_D,prob,2,1,,,,,gated,thin,,"only 1 gated source(s) of 2 contributing; MIN_N=3 counts gated sources only, because the open ones are published by name and can be subtracted back out"
2026-08-20,professional,HOU_WA_10_2026,house,WA,10,win_prob_D,prob,2,1,,,,,gated,thin,,"only 1 gated source(s) of 2 contributing; MIN_N=3 counts gated sources only, because the open ones are published by name and can be subtracted back out"
2026-08-20,professional,HOU_WI_01_2026,house,WI,01,win_prob_D,prob,2,1,,,,,gated,thin,,"only 1 gated source(s) of 2 contributing; MIN_N=3 counts gated sources only, because the open ones are published by name and can be subtracted back out"
2026-08-20,professional,HOU_WI_02_2026,house,WI,02,win_prob_D,prob,2,1,,,,,gated,thin,,"only 1 gated source(s) of 2 contributing; MIN_N=3 counts gated sources only, because the open ones are published by name and can be subtracted back out"
2026-08-20,professional,HOU_WI_03_2026,house,WI,03,win_prob_D,prob,2,1,,,,,gated,thin,,"only 1 gated source(s) of 2 contributing; MIN_N=3 counts gated sources only, because the open ones are published by name and can be subtracted back out"
2026-08-20,professional,HOU_WI_04_2026,house,WI,04,win_prob_D,prob,2,1,,,,,gated,thin,,"only 1 gated source(s) of 2 contributing; MIN_N=3 counts gated sources only, because the open ones are published by name and can be subtracted back out"
2026-08-20,professional,HOU_WI_05_2026,house,WI,05,win_prob_D,prob,2,1,,,,,gated,thin,,"only 1 gated source(s) of 2 contributing; MIN_N=3 counts gated sources only, because the open ones are published by name and can be subtracted back out"
2026-08-20,professional,HOU_WI_06_2026,house,WI,06,win_prob_D,prob,2,1,,,,,gated,thin,,"only 1 gated source(s) of 2 contributing; MIN_N=3 counts gated sources only, because the open ones are published by name and can be subtracted back out"
2026-08-20,professional,HOU_WI_07_2026,house,WI,07,win_prob_D,prob,2,1,,,,,gated,thin,,"only 1 gated source(s) of 2 contributing; MIN_N=3 counts gated sources only, because the open ones are published by name and can be subtracted back out"
2026-08-20,professional,HOU_WI_08_2026,house,WI,08,win_prob_D,prob,2,1,,,,,gated,thin,,"only 1 gated source(s) of 2 contributing; MIN_N=3 counts gated sources only, because the open ones are published by name and can be subtracted back out"
2026-08-20,professional,HOU_WV_01_2026,house,WV,01,win_prob_D,prob,2,1,,,,,gated,thin,,"only 1 gated source(s) of 2 contributing; MIN_N=3 counts gated sources only, because the open ones are published by name and can be subtracted back out"
2026-08-20,professional,HOU_WV_02_2026,house,WV,02,win_prob_D,prob,2,1,,,,,gated,thin,,"only 1 gated source(s) of 2 contributing; MIN_N=3 counts gated sources only, because the open ones are published by name and can be subtracted back out"
2026-08-20,professional,HOU_WY_01_2026,house,WY,01,win_prob_D,prob,2,1,,,,,gated,thin,,"only 1 gated source(s) of 2 contributing; MIN_N=3 counts gated sources only, because the open ones are published by name and can be subtracted back out"
2026-08-20,professional,NATL_HOUSE_2026,national,,,seats_D,seats,2,1,,,,,gated,thin,,"only 1 gated source(s) of 2 contributing; MIN_N=3 counts gated sources only, because the open ones are published by name and can be subtracted back out"
2026-08-20,professional,NATL_HOUSE_2026,national,,,seats_R,seats,1,1,,,,,gated,single,,"only 1 gated source(s) of 1 contributing; MIN_N=3 counts gated sources only, because the open ones are published by name and can be subtracted back out"
2026-08-20,professional,NATL_HOUSE_2026,national,,,win_prob_D,prob,2,1,,,,,gated,thin,,"only 1 gated source(s) of 2 contributing; MIN_N=3 counts gated sources only, because the open ones are published by name and can be subtracted back out"
2026-08-20,professional,NATL_SENATE_2026,national,,,seats_D,seats,2,1,,,,,gated,thin,,"only 1 gated source(s) of 2 contributing; MIN_N=3 counts gated sources only, because the open ones are published by name and can be subtracted back out"
2026-08-20,professional,NATL_SENATE_2026,national,,,seats_R,seats,1,1,,,,,gated,single,,"only 1 gated source(s) of 1 contributing; MIN_N=3 counts gated sources only, because the open ones are published by name and can be subtracted back out"
2026-08-20,professional,NATL_SENATE_2026,national,,,win_prob_D,prob,2,1,,,,,gated,thin,,"only 1 gated source(s) of 2 contributing; MIN_N=3 counts gated sources only, because the open ones are published by name and can be subtracted back out"
2026-08-20,professional,SEN_AK_2026,senate,AK,,margin_D,pct,2,1,,,,,gated,thin,,"only 1 gated source(s) of 2 contributing; MIN_N=3 counts gated sources only, because the open ones are published by name and can be subtracted back out"
2026-08-20,professional,SEN_AK_2026,senate,AK,,win_prob_D,prob,2,1,,,,,gated,thin,,"only 1 gated source(s) of 2 contributing; MIN_N=3 counts gated sources only, because the open ones are published by name and can be subtracted back out"
2026-08-20,professional,SEN_AL_2026,senate,AL,,margin_D,pct,2,1,,,,,gated,thin,,"only 1 gated source(s) of 2 contributing; MIN_N=3 counts gated sources only, because the open ones are published by name and can be subtracted back out"
2026-08-20,professional,SEN_AL_2026,senate,AL,,win_prob_D,prob,2,1,,,,,gated,thin,,"only 1 gated source(s) of 2 contributing; MIN_N=3 counts gated sources only, because the open ones are published by name and can be subtracted back out"
2026-08-20,professional,SEN_AR_2026,senate,AR,,margin_D,pct,2,1,,,,,gated,thin,,"only 1 gated source(s) of 2 contributing; MIN_N=3 counts gated sources only, because the open ones are published by name and can be subtracted back out"
2026-08-20,professional,SEN_AR_2026,senate,AR,,win_prob_D,prob,2,1,,,,,gated,thin,,"only 1 gated source(s) of 2 contributing; MIN_N=3 counts gated sources only, because the open ones are published by name and can be subtracted back out"
2026-08-20,professional,SEN_CO_2026,senate,CO,,margin_D,pct,2,1,,,,,gated,thin,,"only 1 gated source(s) of 2 contributing; MIN_N=3 counts gated sources only, because the open ones are published by name and can be subtracted back out"
2026-08-20,professional,SEN_CO_2026,senate,CO,,win_prob_D,prob,2,1,,,,,gated,thin,,"only 1 gated source(s) of 2 contributing; MIN_N=3 counts gated sources only, because the open ones are published by name and can be subtracted back out"
2026-08-20,professional,SEN_DE_2026,senate,DE,,margin_D,pct,2,1,,,,,gated,thin,,"only 1 gated source(s) of 2 contributing; MIN_N=3 counts gated sources only, because the open ones are published by name and can be subtracted back out"
2026-08-20,professional,SEN_DE_2026,senate,DE,,win_prob_D,prob,2,1,,,,,gated,thin,,"only 1 gated source(s) of 2 contributing; MIN_N=3 counts gated sources only, because the open ones are published by name and can be subtracted back out"
2026-08-20,professional,SEN_FL_2026,senate,FL,,margin_D,pct,2,1,,,,,gated,thin,,"only 1 gated source(s) of 2 contributing; MIN_N=3 counts gated sources only, because the open ones are published by name and can be subtracted back out"
2026-08-20,professional,SEN_FL_2026,senate,FL,,win_prob_D,prob,2,1,,,,,gated,thin,,"only 1 gated source(s) of 2 contributing; MIN_N=3 counts gated sources only, because the open ones are published by name and can be subtracted back out"
2026-08-20,professional,SEN_GA_2026,senate,GA,,margin_D,pct,2,1,,,,,gated,thin,,"only 1 gated source(s) of 2 contributing; MIN_N=3 counts gated sources only, because the open ones are published by name and can be subtracted back out"
2026-08-20,professional,SEN_GA_2026,senate,GA,,win_prob_D,prob,2,1,,,,,gated,thin,,"only 1 gated source(s) of 2 contributing; MIN_N=3 counts gated sources only, because the open ones are published by name and can be subtracted back out"
2026-08-20,professional,SEN_IA_2026,senate,IA,,margin_D,pct,2,1,,,,,gated,thin,,"only 1 gated source(s) of 2 contributing; MIN_N=3 counts gated sources only, because the open ones are published by name and can be subtracted back out"
2026-08-20,professional,SEN_IA_2026,senate,IA,,win_prob_D,prob,2,1,,,,,gated,thin,,"only 1 gated source(s) of 2 contributing; MIN_N=3 counts gated sources only, because the open ones are published by name and can be subtracted back out"
2026-08-20,professional,SEN_ID_2026,senate,ID,,margin_D,pct,2,1,,,,,gated,thin,,"only 1 gated source(s) of 2 contributing; MIN_N=3 counts gated sources only, because the open ones are published by name and can be subtracted back out"
2026-08-20,professional,SEN_ID_2026,senate,ID,,win_prob_D,prob,2,1,,,,,gated,thin,,"only 1 gated source(s) of 2 contributing; MIN_N=3 counts gated sources only, because the open ones are published by name and can be subtracted back out"
2026-08-20,professional,SEN_IL_2026,senate,IL,,margin_D,pct,2,1,,,,,gated,thin,,"only 1 gated source(s) of 2 contributing; MIN_N=3 counts gated sources only, because the open ones are published by name and can be subtracted back out"
2026-08-20,professional,SEN_IL_2026,senate,IL,,win_prob_D,prob,2,1,,,,,gated,thin,,"only 1 gated source(s) of 2 contributing; MIN_N=3 counts gated sources only, because the open ones are published by name and can be subtracted back out"
2026-08-20,professional,SEN_KS_2026,senate,KS,,margin_D,pct,2,1,,,,,gated,thin,,"only 1 gated source(s) of 2 contributing; MIN_N=3 counts gated sources only, because the open ones are published by name and can be subtracted back out"
2026-08-20,professional,SEN_KS_2026,senate,KS,,win_prob_D,prob,2,1,,,,,gated,thin,,"only 1 gated source(s) of 2 contributing; MIN_N=3 counts gated sources only, because the open ones are published by name and can be subtracted back out"
2026-08-20,professional,SEN_KY_2026,senate,KY,,margin_D,pct,2,1,,,,,gated,thin,,"only 1 gated source(s) of 2 contributing; MIN_N=3 counts gated sources only, because the open ones are published by name and can be subtracted back out"
2026-08-20,professional,SEN_KY_2026,senate,KY,,win_prob_D,prob,2,1,,,,,gated,thin,,"only 1 gated source(s) of 2 contributing; MIN_N=3 counts gated sources only, because the open ones are published by name and can be subtracted back out"
2026-08-20,professional,SEN_LA_2026,senate,LA,,margin_D,pct,2,1,,,,,gated,thin,,"only 1 gated source(s) of 2 contributing; MIN_N=3 counts gated sources only, because the open ones are published by name and can be subtracted back out"
2026-08-20,professional,SEN_LA_2026,senate,LA,,win_prob_D,prob,2,1,,,,,gated,thin,,"only 1 gated source(s) of 2 contributing; MIN_N=3 counts gated sources only, because the open ones are published by name and can be subtracted back out"
2026-08-20,professional,SEN_MA_2026,senate,MA,,margin_D,pct,2,1,,,,,gated,thin,,"only 1 gated source(s) of 2 contributing; MIN_N=3 counts gated sources only, because the open ones are published by name and can be subtracted back out"
2026-08-20,professional,SEN_MA_2026,senate,MA,,win_prob_D,prob,2,1,,,,,gated,thin,,"only 1 gated source(s) of 2 contributing; MIN_N=3 counts gated sources only, because the open ones are published by name and can be subtracted back out"
2026-08-20,professional,SEN_ME_2026,senate,ME,,margin_D,pct,2,1,,,,,gated,thin,,"only 1 gated source(s) of 2 contributing; MIN_N=3 counts gated sources only, because the open ones are published by name and can be subtracted back out"
2026-08-20,professional,SEN_ME_2026,senate,ME,,win_prob_D,prob,2,1,,,,,gated,thin,,"only 1 gated source(s) of 2 contributing; MIN_N=3 counts gated sources only, because the open ones are published by name and can be subtracted back out"
2026-08-20,professional,SEN_MI_2026,senate,MI,,margin_D,pct,2,1,,,,,gated,thin,,"only 1 gated source(s) of 2 contributing; MIN_N=3 counts gated sources only, because the open ones are published by name and can be subtracted back out"
2026-08-20,professional,SEN_MI_2026,senate,MI,,win_prob_D,prob,2,1,,,,,gated,thin,,"only 1 gated source(s) of 2 contributing; MIN_N=3 counts gated sources only, because the open ones are published by name and can be subtracted back out"
2026-08-20,professional,SEN_MN_2026,senate,MN,,margin_D,pct,2,1,,,,,gated,thin,,"only 1 gated source(s) of 2 contributing; MIN_N=3 counts gated sources only, because the open ones are published by name and can be subtracted back out"
2026-08-20,professional,SEN_MN_2026,senate,MN,,win_prob_D,prob,2,1,,,,,gated,thin,,"only 1 gated source(s) of 2 contributing; MIN_N=3 counts gated sources only, because the open ones are published by name and can be subtracted back out"
2026-08-20,professional,SEN_MS_2026,senate,MS,,margin_D,pct,2,1,,,,,gated,thin,,"only 1 gated source(s) of 2 contributing; MIN_N=3 counts gated sources only, because the open ones are published by name and can be subtracted back out"
2026-08-20,professional,SEN_MS_2026,senate,MS,,win_prob_D,prob,2,1,,,,,gated,thin,,"only 1 gated source(s) of 2 contributing; MIN_N=3 counts gated sources only, because the open ones are published by name and can be subtracted back out"
2026-08-20,professional,SEN_MT_2026,senate,MT,,margin_D,pct,2,1,,,,,gated,thin,,"only 1 gated source(s) of 2 contributing; MIN_N=3 counts gated sources only, because the open ones are published by name and can be subtracted back out"
2026-08-20,professional,SEN_MT_2026,senate,MT,,win_prob_D,prob,2,1,,,,,gated,thin,,"only 1 gated source(s) of 2 contributing; MIN_N=3 counts gated sources only, because the open ones are published by name and can be subtracted back out"
2026-08-20,professional,SEN_NC_2026,senate,NC,,margin_D,pct,2,1,,,,,gated,thin,,"only 1 gated source(s) of 2 contributing; MIN_N=3 counts gated sources only, because the open ones are published by name and can be subtracted back out"
2026-08-20,professional,SEN_NC_2026,senate,NC,,win_prob_D,prob,2,1,,,,,gated,thin,,"only 1 gated source(s) of 2 contributing; MIN_N=3 counts gated sources only, because the open ones are published by name and can be subtracted back out"
2026-08-20,professional,SEN_NE_2026,senate,NE,,margin_D,pct,2,1,,,,,gated,thin,,"only 1 gated source(s) of 2 contributing; MIN_N=3 counts gated sources only, because the open ones are published by name and can be subtracted back out"
2026-08-20,professional,SEN_NH_2026,senate,NH,,margin_D,pct,2,1,,,,,gated,thin,,"only 1 gated source(s) of 2 contributing; MIN_N=3 counts gated sources only, because the open ones are published by name and can be subtracted back out"
2026-08-20,professional,SEN_NH_2026,senate,NH,,win_prob_D,prob,2,1,,,,,gated,thin,,"only 1 gated source(s) of 2 contributing; MIN_N=3 counts gated sources only, because the open ones are published by name and can be subtracted back out"
2026-08-20,professional,SEN_NJ_2026,senate,NJ,,margin_D,pct,2,1,,,,,gated,thin,,"only 1 gated source(s) of 2 contributing; MIN_N=3 counts gated sources only, because the open ones are published by name and can be subtracted back out"
2026-08-20,professional,SEN_NJ_2026,senate,NJ,,win_prob_D,prob,2,1,,,,,gated,thin,,"only 1 gated source(s) of 2 contributing; MIN_N=3 counts gated sources only, because the open ones are published by name and can be subtracted back out"
2026-08-20,professional,SEN_NM_2026,senate,NM,,margin_D,pct,2,1,,,,,gated,thin,,"only 1 gated source(s) of 2 contributing; MIN_N=3 counts gated sources only, because the open ones are published by name and can be subtracted back out"
2026-08-20,professional,SEN_NM_2026,senate,NM,,win_prob_D,prob,2,1,,,,,gated,thin,,"only 1 gated source(s) of 2 contributing; MIN_N=3 counts gated sources only, because the open ones are published by name and can be subtracted back out"
2026-08-20,professional,SEN_OH_2026,senate,OH,,margin_D,pct,2,1,,,,,gated,thin,,"only 1 gated source(s) of 2 contributing; MIN_N=3 counts gated sources only, because the open ones are published by name and can be subtracted back out"
2026-08-20,professional,SEN_OH_2026,senate,OH,,win_prob_D,prob,2,1,,,,,gated,thin,,"only 1 gated source(s) of 2 contributing; MIN_N=3 counts gated sources only, because the open ones are published by name and can be subtracted back out"
2026-08-20,professional,SEN_OK_2026,senate,OK,,margin_D,pct,2,1,,,,,gated,thin,,"only 1 gated source(s) of 2 contributing; MIN_N=3 counts gated sources only, because the open ones are published by name and can be subtracted back out"
2026-08-20,professional,SEN_OK_2026,senate,OK,,win_prob_D,prob,2,1,,,,,gated,thin,,"only 1 gated source(s) of 2 contributing; MIN_N=3 counts gated sources only, because the open ones are published by name and can be subtracted back out"
2026-08-20,professional,SEN_OR_2026,senate,OR,,margin_D,pct,2,1,,,,,gated,thin,,"only 1 gated source(s) of 2 contributing; MIN_N=3 counts gated sources only, because the open ones are published by name and can be subtracted back out"
2026-08-20,professional,SEN_OR_2026,senate,OR,,win_prob_D,prob,2,1,,,,,gated,thin,,"only 1 gated source(s) of 2 contributing; MIN_N=3 counts gated sources only, because the open ones are published by name and can be subtracted back out"
2026-08-20,professional,SEN_RI_2026,senate,RI,,margin_D,pct,2,1,,,,,gated,thin,,"only 1 gated source(s) of 2 contributing; MIN_N=3 counts gated sources only, because the open ones are published by name and can be subtracted back out"
2026-08-20,professional,SEN_RI_2026,senate,RI,,win_prob_D,prob,2,1,,,,,gated,thin,,"only 1 gated source(s) of 2 contributing; MIN_N=3 counts gated sources only, because the open ones are published by name and can be subtracted back out"
2026-08-20,professional,SEN_SC_2026,senate,SC,,margin_D,pct,2,1,,,,,gated,thin,,"only 1 gated source(s) of 2 contributing; MIN_N=3 counts gated sources only, because the open ones are published by name and can be subtracted back out"
2026-08-20,professional,SEN_SC_2026,senate,SC,,win_prob_D,prob,2,1,,,,,gated,thin,,"only 1 gated source(s) of 2 contributing; MIN_N=3 counts gated sources only, because the open ones are published by name and can be subtracted back out"
2026-08-20,professional,SEN_SD_2026,senate,SD,,margin_D,pct,2,1,,,,,gated,thin,,"only 1 gated source(s) of 2 contributing; MIN_N=3 counts gated sources only, because the open ones are published by name and can be subtracted back out"
2026-08-20,professional,SEN_SD_2026,senate,SD,,win_prob_D,prob,2,1,,,,,gated,thin,,"only 1 gated source(s) of 2 contributing; MIN_N=3 counts gated sources only, because the open ones are published by name and can be subtracted back out"
2026-08-20,professional,SEN_TN_2026,senate,TN,,margin_D,pct,2,1,,,,,gated,thin,,"only 1 gated source(s) of 2 contributing; MIN_N=3 counts gated sources only, because the open ones are published by name and can be subtracted back out"
2026-08-20,professional,SEN_TN_2026,senate,TN,,win_prob_D,prob,2,1,,,,,gated,thin,,"only 1 gated source(s) of 2 contributing; MIN_N=3 counts gated sources only, because the open ones are published by name and can be subtracted back out"
2026-08-20,professional,SEN_TX_2026,senate,TX,,margin_D,pct,2,1,,,,,gated,thin,,"only 1 gated source(s) of 2 contributing; MIN_N=3 counts gated sources only, because the open ones are published by name and can be subtracted back out"
2026-08-20,professional,SEN_TX_2026,senate,TX,,win_prob_D,prob,2,1,,,,,gated,thin,,"only 1 gated source(s) of 2 contributing; MIN_N=3 counts gated sources only, because the open ones are published by name and can be subtracted back out"
2026-08-20,professional,SEN_VA_2026,senate,VA,,margin_D,pct,2,1,,,,,gated,thin,,"only 1 gated source(s) of 2 contributing; MIN_N=3 counts gated sources only, because the open ones are published by name and can be subtracted back out"
2026-08-20,professional,SEN_VA_2026,senate,VA,,win_prob_D,prob,2,1,,,,,gated,thin,,"only 1 gated source(s) of 2 contributing; MIN_N=3 counts gated sources only, because the open ones are published by name and can be subtracted back out"
2026-08-20,professional,SEN_WV_2026,senate,WV,,margin_D,pct,2,1,,,,,gated,thin,,"only 1 gated source(s) of 2 contributing; MIN_N=3 counts gated sources only, because the open ones are published by name and can be subtracted back out"
2026-08-20,professional,SEN_WV_2026,senate,WV,,win_prob_D,prob,2,1,,,,,gated,thin,,"only 1 gated source(s) of 2 contributing; MIN_N=3 counts gated sources only, because the open ones are published by name and can be subtracted back out"
2026-08-20,professional,SEN_WY_2026,senate,WY,,margin_D,pct,2,1,,,,,gated,thin,,"only 1 gated source(s) of 2 contributing; MIN_N=3 counts gated sources only, because the open ones are published by name and can be subtracted back out"
2026-08-20,professional,SEN_WY_2026,senate,WY,,win_prob_D,prob,2,1,,,,,gated,thin,,"only 1 gated source(s) of 2 contributing; MIN_N=3 counts gated sources only, because the open ones are published by name and can be subtracted back out"
