snapshot_date,series,panel,unit,value,low,high,band_kind,n_sources,label
2025-01-20,polling,house_prob,prob,0.4891,0.1497,0.6266,spread,5,Polling
2025-01-20,academic,house_prob,prob,0.6102,0.2882,0.9158,spread,6,Academic
2025-01-21,polling,house_prob,prob,0.4891,0.1497,0.6266,spread,5,Polling
2025-01-21,academic,house_prob,prob,0.6128,0.2882,0.9158,spread,6,Academic
2025-01-22,polling,house_prob,prob,0.4891,0.1497,0.6266,spread,5,Polling
2025-01-22,academic,house_prob,prob,0.6122,0.2882,0.9158,spread,6,Academic
2025-01-23,polling,house_prob,prob,0.4891,0.1497,0.6266,spread,5,Polling
2025-01-23,academic,house_prob,prob,0.6116,0.2882,0.9158,spread,6,Academic
2025-01-24,polling,house_prob,prob,0.4891,0.1497,0.6266,spread,5,Polling
2025-01-24,academic,house_prob,prob,0.6115,0.2882,0.9158,spread,6,Academic
2025-01-25,polling,house_prob,prob,0.4891,0.1497,0.6266,spread,5,Polling
2025-01-25,academic,house_prob,prob,0.6115,0.2882,0.9158,spread,6,Academic
2025-01-26,polling,house_prob,prob,0.4978,0.1933,0.6266,spread,5,Polling
2025-01-26,academic,house_prob,prob,0.6252,0.2882,0.9158,spread,6,Academic
2025-01-27,polling,house_prob,prob,0.4903,0.1558,0.6266,spread,5,Polling
2025-01-27,academic,house_prob,prob,0.6137,0.2882,0.9158,spread,6,Academic
2025-01-28,polling,house_prob,prob,0.4903,0.1558,0.6266,spread,5,Polling
2025-01-28,academic,house_prob,prob,0.6053,0.2882,0.9158,spread,6,Academic
2025-01-29,polling,house_prob,prob,0.4903,0.1558,0.6266,spread,5,Polling
2025-01-29,academic,house_prob,prob,0.6053,0.2882,0.9158,spread,6,Academic
2025-01-30,polling,house_prob,prob,0.4903,0.1558,0.6266,spread,5,Polling
2025-01-30,academic,house_prob,prob,0.6053,0.2882,0.9158,spread,6,Academic
2025-01-31,polling,house_prob,prob,0.4903,0.1558,0.6266,spread,5,Polling
2025-01-31,academic,house_prob,prob,0.6056,0.2882,0.9158,spread,6,Academic
2025-02-01,polling,house_prob,prob,0.4966,0.1873,0.6266,spread,5,Polling
2025-02-01,academic,house_prob,prob,0.6148,0.2882,0.9158,spread,6,Academic
2025-02-02,polling,house_prob,prob,0.4982,0.1953,0.6266,spread,5,Polling
2025-02-02,academic,house_prob,prob,0.6173,0.2882,0.9158,spread,6,Academic
2025-02-03,polling,house_prob,prob,0.4982,0.1953,0.6266,spread,5,Polling
2025-02-03,academic,house_prob,prob,0.6173,0.2882,0.9158,spread,6,Academic
2025-02-04,polling,house_prob,prob,0.4982,0.1953,0.6266,spread,5,Polling
2025-02-04,academic,house_prob,prob,0.6174,0.2882,0.9158,spread,6,Academic
2025-02-05,polling,house_prob,prob,0.5012,0.2106,0.6266,spread,5,Polling
2025-02-05,academic,house_prob,prob,0.6218,0.2882,0.9158,spread,6,Academic
2025-02-06,polling,house_prob,prob,0.5125,0.2671,0.6266,spread,5,Polling
2025-02-06,academic,house_prob,prob,0.6358,0.2882,0.9158,spread,6,Academic
2025-02-07,polling,house_prob,prob,0.5125,0.2671,0.6266,spread,5,Polling
2025-02-07,academic,house_prob,prob,0.6356,0.2882,0.9158,spread,6,Academic
2025-02-08,polling,house_prob,prob,0.5125,0.2671,0.6266,spread,5,Polling
2025-02-08,academic,house_prob,prob,0.6356,0.2882,0.9158,spread,6,Academic
2025-02-09,polling,house_prob,prob,0.5117,0.2631,0.6266,spread,5,Polling
2025-02-09,academic,house_prob,prob,0.6345,0.2882,0.9158,spread,6,Academic
2025-02-10,polling,house_prob,prob,0.5117,0.2631,0.6266,spread,5,Polling
2025-02-10,academic,house_prob,prob,0.6348,0.2882,0.9158,spread,6,Academic
2025-02-11,polling,house_prob,prob,0.5117,0.2631,0.6266,spread,5,Polling
2025-02-11,academic,house_prob,prob,0.6352,0.2882,0.9158,spread,6,Academic
2025-02-12,polling,house_prob,prob,0.5117,0.2631,0.6266,spread,5,Polling
2025-02-12,academic,house_prob,prob,0.6352,0.2882,0.9158,spread,6,Academic
2025-02-13,polling,house_prob,prob,0.513,0.2694,0.6266,spread,5,Polling
2025-02-13,academic,house_prob,prob,0.6365,0.2882,0.9158,spread,6,Academic
2025-02-14,polling,house_prob,prob,0.513,0.2694,0.6266,spread,5,Polling
2025-02-14,academic,house_prob,prob,0.6364,0.2882,0.9158,spread,6,Academic
2025-02-15,polling,house_prob,prob,0.513,0.2694,0.6266,spread,5,Polling
2025-02-15,academic,house_prob,prob,0.6364,0.2882,0.9158,spread,6,Academic
2025-02-16,polling,house_prob,prob,0.5131,0.2701,0.6266,spread,5,Polling
2025-02-16,academic,house_prob,prob,0.6363,0.2882,0.9158,spread,6,Academic
2025-02-17,polling,house_prob,prob,0.5177,0.2928,0.6266,spread,5,Polling
2025-02-17,academic,house_prob,prob,0.6415,0.2882,0.9158,spread,6,Academic
2025-02-18,polling,house_prob,prob,0.5149,0.2789,0.6266,spread,5,Polling
2025-02-18,academic,house_prob,prob,0.6268,0.2882,0.9158,spread,6,Academic
2025-02-19,polling,house_prob,prob,0.5149,0.2789,0.6266,spread,5,Polling
2025-02-19,academic,house_prob,prob,0.6269,0.2882,0.9158,spread,6,Academic
2025-02-20,polling,house_prob,prob,0.5149,0.2789,0.6266,spread,5,Polling
2025-02-20,academic,house_prob,prob,0.627,0.2882,0.9158,spread,6,Academic
2025-02-21,polling,house_prob,prob,0.5147,0.2779,0.6266,spread,5,Polling
2025-02-21,academic,house_prob,prob,0.627,0.2882,0.9158,spread,6,Academic
2025-02-22,polling,house_prob,prob,0.5129,0.269,0.6266,spread,5,Polling
2025-02-22,academic,house_prob,prob,0.6252,0.2882,0.9158,spread,6,Academic
2025-02-23,polling,house_prob,prob,0.5112,0.2604,0.6266,spread,5,Polling
2025-02-23,academic,house_prob,prob,0.6232,0.2882,0.9158,spread,6,Academic
2025-02-24,polling,house_prob,prob,0.5112,0.2604,0.6266,spread,5,Polling
2025-02-24,academic,house_prob,prob,0.6231,0.2882,0.9158,spread,6,Academic
2025-02-25,polling,house_prob,prob,0.5112,0.2604,0.6266,spread,5,Polling
2025-02-25,academic,house_prob,prob,0.623,0.2882,0.9158,spread,6,Academic
2025-02-26,polling,house_prob,prob,0.5101,0.2551,0.6266,spread,5,Polling
2025-02-26,academic,house_prob,prob,0.6217,0.2882,0.9158,spread,6,Academic
2025-02-27,polling,house_prob,prob,0.5066,0.2374,0.6266,spread,5,Polling
2025-02-27,academic,house_prob,prob,0.6178,0.2882,0.9158,spread,6,Academic
2025-02-28,polling,house_prob,prob,0.5066,0.2374,0.6266,spread,5,Polling
2025-02-28,academic,house_prob,prob,0.6177,0.2882,0.9158,spread,6,Academic
2025-03-01,polling,house_prob,prob,0.5066,0.2374,0.6266,spread,5,Polling
2025-03-01,academic,house_prob,prob,0.6293,0.2882,0.9158,spread,6,Academic
2025-03-02,polling,house_prob,prob,0.508,0.2445,0.6266,spread,5,Polling
2025-03-02,academic,house_prob,prob,0.6308,0.2882,0.9158,spread,6,Academic
2025-03-03,polling,house_prob,prob,0.5127,0.2679,0.6266,spread,5,Polling
2025-03-03,academic,house_prob,prob,0.6365,0.2882,0.9158,spread,6,Academic
2025-03-04,polling,house_prob,prob,0.5127,0.2679,0.6266,spread,5,Polling
2025-03-04,academic,house_prob,prob,0.6365,0.2882,0.9158,spread,6,Academic
2025-03-05,polling,house_prob,prob,0.5156,0.2822,0.6266,spread,5,Polling
2025-03-05,academic,house_prob,prob,0.6394,0.2882,0.9158,spread,6,Academic
2025-03-06,polling,house_prob,prob,0.515,0.2795,0.6266,spread,5,Polling
2025-03-06,academic,house_prob,prob,0.6386,0.2882,0.9158,spread,6,Academic
2025-03-07,polling,house_prob,prob,0.5142,0.2756,0.6266,spread,5,Polling
2025-03-07,academic,house_prob,prob,0.6378,0.2882,0.9158,spread,6,Academic
2025-03-08,polling,house_prob,prob,0.5142,0.2756,0.6266,spread,5,Polling
2025-03-08,academic,house_prob,prob,0.6378,0.2882,0.9158,spread,6,Academic
2025-03-09,polling,house_prob,prob,0.5176,0.2925,0.6266,spread,5,Polling
2025-03-09,academic,house_prob,prob,0.6417,0.2882,0.9158,spread,6,Academic
2025-03-10,polling,house_prob,prob,0.5203,0.3058,0.6266,spread,5,Polling
2025-03-10,academic,house_prob,prob,0.6443,0.2882,0.9158,spread,6,Academic
2025-03-11,polling,house_prob,prob,0.5263,0.3358,0.6266,spread,5,Polling
2025-03-11,academic,house_prob,prob,0.6492,0.2882,0.9158,spread,6,Academic
2025-03-12,polling,house_prob,prob,0.5263,0.3358,0.6266,spread,5,Polling
2025-03-12,academic,house_prob,prob,0.6356,0.2882,0.9158,spread,6,Academic
2025-03-13,polling,house_prob,prob,0.5259,0.3341,0.6266,spread,5,Polling
2025-03-13,academic,house_prob,prob,0.6356,0.2882,0.9158,spread,6,Academic
2025-03-14,polling,house_prob,prob,0.5273,0.3407,0.6268,spread,5,Polling
2025-03-14,academic,house_prob,prob,0.6369,0.2882,0.916,spread,6,Academic
2025-03-15,polling,house_prob,prob,0.5275,0.3407,0.6268,spread,5,Polling
2025-03-15,academic,house_prob,prob,0.6369,0.2882,0.916,spread,6,Academic
2025-03-16,polling,house_prob,prob,0.5305,0.3559,0.6268,spread,5,Polling
2025-03-16,academic,house_prob,prob,0.6394,0.2882,0.9162,spread,6,Academic
2025-03-17,polling,house_prob,prob,0.5306,0.3558,0.6268,spread,5,Polling
2025-03-17,academic,house_prob,prob,0.6395,0.2882,0.9164,spread,6,Academic
2025-03-18,polling,house_prob,prob,0.5306,0.3558,0.6268,spread,5,Polling
2025-03-18,academic,house_prob,prob,0.6395,0.2882,0.9164,spread,6,Academic
2025-03-19,polling,house_prob,prob,0.5309,0.3575,0.6268,spread,5,Polling
2025-03-19,academic,house_prob,prob,0.6402,0.2882,0.9166,spread,6,Academic
2025-03-20,polling,house_prob,prob,0.5309,0.3575,0.6268,spread,5,Polling
2025-03-20,academic,house_prob,prob,0.6404,0.2882,0.9166,spread,6,Academic
2025-03-21,polling,house_prob,prob,0.5309,0.3575,0.627,spread,5,Polling
2025-03-21,academic,house_prob,prob,0.6404,0.2882,0.9166,spread,6,Academic
2025-03-22,polling,house_prob,prob,0.5309,0.3574,0.627,spread,5,Polling
2025-03-22,academic,house_prob,prob,0.6406,0.2882,0.9166,spread,6,Academic
2025-03-23,polling,house_prob,prob,0.5331,0.3683,0.6272,spread,5,Polling
2025-03-23,academic,house_prob,prob,0.6423,0.2882,0.9166,spread,6,Academic
2025-03-24,polling,house_prob,prob,0.5296,0.3502,0.6272,spread,5,Polling
2025-03-24,academic,house_prob,prob,0.6395,0.2882,0.9168,spread,6,Academic
2025-03-25,polling,house_prob,prob,0.5295,0.3499,0.6272,spread,5,Polling
2025-03-25,academic,house_prob,prob,0.6396,0.2882,0.9168,spread,6,Academic
2025-03-26,polling,house_prob,prob,0.5271,0.3376,0.6274,spread,5,Polling
2025-03-26,academic,house_prob,prob,0.6377,0.2882,0.9168,spread,6,Academic
2025-03-27,polling,house_prob,prob,0.5271,0.3375,0.6274,spread,5,Polling
2025-03-27,academic,house_prob,prob,0.6377,0.2882,0.917,spread,6,Academic
2025-03-28,polling,house_prob,prob,0.53,0.3518,0.6274,spread,5,Polling
2025-03-28,academic,house_prob,prob,0.64,0.2882,0.9172,spread,6,Academic
2025-03-29,polling,house_prob,prob,0.53,0.3517,0.6276,spread,5,Polling
2025-03-29,academic,house_prob,prob,0.64,0.2882,0.9172,spread,6,Academic
2025-03-30,polling,house_prob,prob,0.5281,0.3421,0.6276,spread,5,Polling
2025-03-30,academic,house_prob,prob,0.6385,0.2882,0.9172,spread,6,Academic
2025-03-31,polling,house_prob,prob,0.5282,0.3419,0.6278,spread,5,Polling
2025-03-31,academic,house_prob,prob,0.6385,0.2882,0.9176,spread,6,Academic
2025-04-01,polling,house_prob,prob,0.5282,0.3419,0.6278,spread,5,Polling
2025-04-01,academic,house_prob,prob,0.6403,0.2882,0.9176,spread,6,Academic
2025-04-02,polling,house_prob,prob,0.5282,0.3418,0.6278,spread,5,Polling
2025-04-02,academic,house_prob,prob,0.6404,0.2882,0.9178,spread,6,Academic
2025-04-03,polling,house_prob,prob,0.5345,0.3729,0.628,spread,5,Polling
2025-04-03,academic,house_prob,prob,0.6451,0.2882,0.9178,spread,6,Academic
2025-04-04,polling,house_prob,prob,0.5345,0.3729,0.628,spread,5,Polling
2025-04-04,academic,house_prob,prob,0.6452,0.2882,0.918,spread,6,Academic
2025-04-05,polling,house_prob,prob,0.5346,0.3729,0.6282,spread,5,Polling
2025-04-05,academic,house_prob,prob,0.6453,0.2882,0.918,spread,6,Academic
2025-04-06,polling,house_prob,prob,0.5368,0.3834,0.6282,spread,5,Polling
2025-04-06,academic,house_prob,prob,0.6471,0.2882,0.918,spread,6,Academic
2025-04-07,polling,house_prob,prob,0.5368,0.3833,0.6286,spread,5,Polling
2025-04-07,academic,house_prob,prob,0.6467,0.2882,0.918,spread,6,Academic
2025-04-08,polling,house_prob,prob,0.5381,0.3901,0.6288,spread,5,Polling
2025-04-08,academic,house_prob,prob,0.648,0.2882,0.918,spread,6,Academic
2025-04-09,polling,house_prob,prob,0.5384,0.3914,0.6288,spread,5,Polling
2025-04-09,academic,house_prob,prob,0.6483,0.2882,0.918,spread,6,Academic
2025-04-10,polling,house_prob,prob,0.5411,0.4043,0.629,spread,5,Polling
2025-04-10,academic,house_prob,prob,0.6504,0.2882,0.918,spread,6,Academic
2025-04-11,polling,house_prob,prob,0.5412,0.4042,0.629,spread,5,Polling
2025-04-11,academic,house_prob,prob,0.6506,0.2882,0.9182,spread,6,Academic
2025-04-12,polling,house_prob,prob,0.5457,0.4265,0.6292,spread,5,Polling
2025-04-12,academic,house_prob,prob,0.6538,0.2882,0.9184,spread,6,Academic
2025-04-13,polling,house_prob,prob,0.5492,0.4442,0.6292,spread,5,Polling
2025-04-13,academic,house_prob,prob,0.6587,0.2882,0.9186,spread,6,Academic
2025-04-14,polling,house_prob,prob,0.5462,0.4294,0.6292,spread,5,Polling
2025-04-14,academic,house_prob,prob,0.6544,0.2882,0.9186,spread,6,Academic
2025-04-15,polling,house_prob,prob,0.5463,0.4294,0.6294,spread,5,Polling
2025-04-15,academic,house_prob,prob,0.6547,0.2882,0.9186,spread,6,Academic
2025-04-16,polling,house_prob,prob,0.5499,0.4475,0.6294,spread,5,Polling
2025-04-16,academic,house_prob,prob,0.66,0.2882,0.9186,spread,6,Academic
2025-04-17,polling,house_prob,prob,0.55,0.4474,0.6294,spread,5,Polling
2025-04-17,academic,house_prob,prob,0.6602,0.2882,0.9186,spread,6,Academic
2025-04-18,polling,house_prob,prob,0.5516,0.4556,0.6294,spread,5,Polling
2025-04-18,academic,house_prob,prob,0.6617,0.2882,0.9188,spread,6,Academic
2025-04-19,polling,house_prob,prob,0.5497,0.4456,0.6294,spread,5,Polling
2025-04-19,academic,house_prob,prob,0.6597,0.2882,0.9188,spread,6,Academic
2025-04-20,polling,house_prob,prob,0.551,0.4518,0.6298,spread,5,Polling
2025-04-20,academic,house_prob,prob,0.6611,0.2882,0.9188,spread,6,Academic
2025-04-21,polling,house_prob,prob,0.5552,0.4729,0.6298,spread,5,Polling
2025-04-21,academic,house_prob,prob,0.6649,0.2882,0.919,spread,6,Academic
2025-04-22,polling,house_prob,prob,0.5555,0.4743,0.6298,spread,5,Polling
2025-04-22,academic,house_prob,prob,0.6656,0.2882,0.919,spread,6,Academic
2025-04-23,polling,house_prob,prob,0.5556,0.4743,0.63,spread,5,Polling
2025-04-23,academic,house_prob,prob,0.6502,0.2882,0.919,spread,6,Academic
2025-04-24,polling,house_prob,prob,0.5574,0.4835,0.63,spread,5,Polling
2025-04-24,academic,house_prob,prob,0.6514,0.2882,0.9194,spread,6,Academic
2025-04-25,polling,house_prob,prob,0.5574,0.4835,0.63,spread,5,Polling
2025-04-25,academic,house_prob,prob,0.6515,0.2882,0.9194,spread,6,Academic
2025-04-26,polling,house_prob,prob,0.5575,0.4835,0.63,spread,5,Polling
2025-04-26,academic,house_prob,prob,0.6515,0.2882,0.9196,spread,6,Academic
2025-04-27,polling,house_prob,prob,0.5608,0.4995,0.63,spread,5,Polling
2025-04-27,academic,house_prob,prob,0.6539,0.2882,0.9198,spread,6,Academic
2025-04-28,polling,house_prob,prob,0.5608,0.4995,0.63,spread,5,Polling
2025-04-28,academic,house_prob,prob,0.654,0.2882,0.9198,spread,6,Academic
2025-04-29,polling,house_prob,prob,0.5584,0.4875,0.6302,spread,5,Polling
2025-04-29,academic,house_prob,prob,0.6524,0.2882,0.9198,spread,6,Academic
2025-04-30,polling,house_prob,prob,0.5595,0.4923,0.6308,spread,5,Polling
2025-04-30,academic,house_prob,prob,0.6532,0.2882,0.9198,spread,6,Academic
2025-05-01,polling,house_prob,prob,0.5594,0.4914,0.631,spread,5,Polling
2025-05-01,academic,house_prob,prob,0.6534,0.2882,0.92,spread,6,Academic
2025-05-02,polling,house_prob,prob,0.5594,0.4914,0.6312,spread,5,Polling
2025-05-02,academic,house_prob,prob,0.6535,0.2882,0.9202,spread,6,Academic
2025-05-03,polling,house_prob,prob,0.5586,0.4874,0.6312,spread,5,Polling
2025-05-03,academic,house_prob,prob,0.6529,0.2882,0.9202,spread,6,Academic
2025-05-04,polling,house_prob,prob,0.5596,0.4926,0.6312,spread,5,Polling
2025-05-04,academic,house_prob,prob,0.6539,0.2882,0.9206,spread,6,Academic
2025-05-05,polling,house_prob,prob,0.5651,0.5193,0.6316,spread,5,Polling
2025-05-05,academic,house_prob,prob,0.657,0.2882,0.9206,spread,6,Academic
2025-05-06,polling,house_prob,prob,0.5693,0.5402,0.6316,spread,5,Polling
2025-05-06,academic,house_prob,prob,0.6596,0.2882,0.9208,spread,6,Academic
2025-05-07,polling,house_prob,prob,0.5664,0.5251,0.6316,spread,5,Polling
2025-05-07,academic,house_prob,prob,0.6577,0.2882,0.9208,spread,6,Academic
2025-05-08,polling,house_prob,prob,0.5644,0.5154,0.6316,spread,5,Polling
2025-05-08,academic,house_prob,prob,0.6566,0.2882,0.9208,spread,6,Academic
2025-05-09,polling,house_prob,prob,0.5645,0.5155,0.632,spread,5,Polling
2025-05-09,academic,house_prob,prob,0.6567,0.2882,0.9208,spread,6,Academic
2025-05-10,polling,house_prob,prob,0.5689,0.5367,0.6322,spread,5,Polling
2025-05-10,academic,house_prob,prob,0.6593,0.2882,0.9208,spread,6,Academic
2025-05-11,polling,house_prob,prob,0.5668,0.5256,0.6322,spread,5,Polling
2025-05-11,academic,house_prob,prob,0.6579,0.2882,0.921,spread,6,Academic
2025-05-12,polling,house_prob,prob,0.5573,0.4783,0.6324,spread,5,Polling
2025-05-12,academic,house_prob,prob,0.6518,0.2882,0.921,spread,6,Academic
2025-05-13,polling,house_prob,prob,0.5575,0.4783,0.6326,spread,5,Polling
2025-05-13,academic,house_prob,prob,0.6517,0.2882,0.9212,spread,6,Academic
2025-05-14,polling,house_prob,prob,0.5575,0.4783,0.6326,spread,5,Polling
2025-05-14,academic,house_prob,prob,0.6518,0.2882,0.9214,spread,6,Academic
2025-05-15,polling,house_prob,prob,0.5558,0.4701,0.6326,spread,5,Polling
2025-05-15,academic,house_prob,prob,0.6506,0.2882,0.9214,spread,6,Academic
2025-05-16,polling,house_prob,prob,0.5555,0.4682,0.6326,spread,5,Polling
2025-05-16,academic,house_prob,prob,0.6502,0.2882,0.9216,spread,6,Academic
2025-05-17,polling,house_prob,prob,0.5555,0.4681,0.6328,spread,5,Polling
2025-05-17,academic,house_prob,prob,0.6501,0.2882,0.9218,spread,6,Academic
2025-05-18,polling,house_prob,prob,0.5491,0.4359,0.6328,spread,5,Polling
2025-05-18,academic,house_prob,prob,0.6431,0.2882,0.922,spread,6,Academic
2025-05-19,polling,house_prob,prob,0.5483,0.4319,0.6328,spread,5,Polling
2025-05-19,academic,house_prob,prob,0.6422,0.2882,0.922,spread,6,Academic
2025-05-20,polling,house_prob,prob,0.5511,0.4456,0.6328,spread,5,Polling
2025-05-20,academic,house_prob,prob,0.6463,0.2882,0.9222,spread,6,Academic
2025-05-21,polling,house_prob,prob,0.5511,0.4455,0.6328,spread,5,Polling
2025-05-21,academic,house_prob,prob,0.6463,0.2882,0.9224,spread,6,Academic
2025-05-22,polling,house_prob,prob,0.551,0.4454,0.6328,spread,5,Polling
2025-05-22,academic,house_prob,prob,0.6465,0.2882,0.9224,spread,6,Academic
2025-05-23,polling,house_prob,prob,0.5511,0.4454,0.6328,spread,5,Polling
2025-05-23,academic,house_prob,prob,0.6466,0.2882,0.9228,spread,6,Academic
2025-05-24,polling,house_prob,prob,0.5511,0.4452,0.633,spread,5,Polling
2025-05-24,academic,house_prob,prob,0.6467,0.2882,0.9232,spread,6,Academic
2025-05-25,polling,house_prob,prob,0.5489,0.4343,0.633,spread,5,Polling
2025-05-25,academic,house_prob,prob,0.6431,0.2882,0.9232,spread,6,Academic
2025-05-26,polling,house_prob,prob,0.5451,0.4149,0.633,spread,5,Polling
2025-05-26,academic,house_prob,prob,0.6398,0.2882,0.9232,spread,6,Academic
2025-05-27,polling,house_prob,prob,0.5483,0.4309,0.633,spread,5,Polling
2025-05-27,academic,house_prob,prob,0.6427,0.2882,0.9232,spread,6,Academic
2025-05-28,polling,house_prob,prob,0.5483,0.4309,0.633,spread,5,Polling
2025-05-28,academic,house_prob,prob,0.6427,0.2882,0.9232,spread,6,Academic
2025-05-29,polling,house_prob,prob,0.5487,0.433,0.633,spread,5,Polling
2025-05-29,academic,house_prob,prob,0.6432,0.2882,0.9234,spread,6,Academic
2025-05-30,polling,house_prob,prob,0.5461,0.42,0.633,spread,5,Polling
2025-05-30,academic,house_prob,prob,0.641,0.2882,0.9236,spread,6,Academic
2025-05-31,polling,house_prob,prob,0.5461,0.42,0.633,spread,5,Polling
2025-05-31,academic,house_prob,prob,0.641,0.2882,0.9236,spread,6,Academic
2025-06-01,polling,house_prob,prob,0.5469,0.4237,0.633,spread,5,Polling
2025-06-01,academic,house_prob,prob,0.6364,0.2882,0.9222,spread,6,Academic
2025-06-02,polling,house_prob,prob,0.5501,0.4393,0.6332,spread,5,Polling
2025-06-02,academic,house_prob,prob,0.6401,0.2882,0.9224,spread,6,Academic
2025-06-03,polling,house_prob,prob,0.5501,0.4392,0.6332,spread,5,Polling
2025-06-03,academic,house_prob,prob,0.6399,0.2882,0.9224,spread,6,Academic
2025-06-04,polling,house_prob,prob,0.5497,0.437,0.6332,spread,5,Polling
2025-06-04,academic,house_prob,prob,0.6391,0.2882,0.9226,spread,6,Academic
2025-06-05,polling,house_prob,prob,0.5497,0.437,0.6332,spread,5,Polling
2025-06-05,academic,house_prob,prob,0.6396,0.2882,0.9227,spread,6,Academic
2025-06-06,polling,house_prob,prob,0.555,0.4634,0.6334,spread,5,Polling
2025-06-06,academic,house_prob,prob,0.6454,0.2882,0.9228,spread,6,Academic
2025-06-07,polling,house_prob,prob,0.555,0.4634,0.6334,spread,5,Polling
2025-06-07,academic,house_prob,prob,0.6454,0.2882,0.923,spread,6,Academic
2025-06-08,polling,house_prob,prob,0.5541,0.4591,0.6334,spread,5,Polling
2025-06-08,academic,house_prob,prob,0.645,0.2882,0.9231,spread,6,Academic
2025-06-09,polling,house_prob,prob,0.5546,0.4612,0.6334,spread,5,Polling
2025-06-09,academic,house_prob,prob,0.6452,0.2882,0.9232,spread,6,Academic
2025-06-10,polling,house_prob,prob,0.5546,0.4612,0.6334,spread,5,Polling
2025-06-10,academic,house_prob,prob,0.6451,0.2882,0.9234,spread,6,Academic
2025-06-11,polling,house_prob,prob,0.5495,0.4354,0.6338,spread,5,Polling
2025-06-11,academic,house_prob,prob,0.6391,0.2882,0.9235,spread,6,Academic
2025-06-12,polling,house_prob,prob,0.5563,0.4693,0.6338,spread,5,Polling
2025-06-12,academic,house_prob,prob,0.6464,0.2882,0.9235,spread,6,Academic
2025-06-13,polling,house_prob,prob,0.5564,0.4692,0.634,spread,5,Polling
2025-06-13,academic,house_prob,prob,0.6465,0.2882,0.9236,spread,6,Academic
2025-06-14,polling,house_prob,prob,0.5621,0.4975,0.634,spread,5,Polling
2025-06-14,academic,house_prob,prob,0.6507,0.2882,0.9237,spread,6,Academic
2025-06-15,polling,house_prob,prob,0.556,0.4668,0.6342,spread,5,Polling
2025-06-15,academic,house_prob,prob,0.6462,0.2882,0.9238,spread,6,Academic
2025-06-16,polling,house_prob,prob,0.5602,0.4877,0.6342,spread,5,Polling
2025-06-16,academic,house_prob,prob,0.6498,0.2882,0.9238,spread,6,Academic
2025-06-17,polling,house_prob,prob,0.5529,0.4508,0.6342,spread,5,Polling
2025-06-17,academic,house_prob,prob,0.6439,0.2882,0.924,spread,6,Academic
2025-06-18,polling,house_prob,prob,0.5514,0.4433,0.6342,spread,5,Polling
2025-06-18,academic,house_prob,prob,0.6423,0.2882,0.9243,spread,6,Academic
2025-06-19,polling,house_prob,prob,0.5452,0.4112,0.6342,spread,5,Polling
2025-06-19,academic,house_prob,prob,0.6351,0.2882,0.9244,spread,6,Academic
2025-06-20,polling,house_prob,prob,0.5451,0.4111,0.6342,spread,5,Polling
2025-06-20,academic,house_prob,prob,0.6355,0.2882,0.9244,spread,6,Academic
2025-06-21,polling,house_prob,prob,0.5464,0.4169,0.6344,spread,5,Polling
2025-06-21,academic,house_prob,prob,0.6365,0.2882,0.9245,spread,6,Academic
2025-06-22,polling,house_prob,prob,0.5471,0.4203,0.6344,spread,5,Polling
2025-06-22,academic,house_prob,prob,0.6371,0.2882,0.9246,spread,6,Academic
2025-06-23,polling,house_prob,prob,0.5506,0.438,0.6346,spread,5,Polling
2025-06-23,academic,house_prob,prob,0.6413,0.2882,0.9248,spread,6,Academic
2025-06-24,polling,house_prob,prob,0.5507,0.4379,0.6348,spread,5,Polling
2025-06-24,academic,house_prob,prob,0.6415,0.2882,0.925,spread,6,Academic
2025-06-25,polling,house_prob,prob,0.5537,0.4533,0.6348,spread,5,Polling
2025-06-25,academic,house_prob,prob,0.6454,0.2882,0.9252,spread,6,Academic
2025-06-26,polling,house_prob,prob,0.5537,0.4533,0.6348,spread,5,Polling
2025-06-26,academic,house_prob,prob,0.6452,0.2882,0.9252,spread,6,Academic
2025-06-27,polling,house_prob,prob,0.5504,0.4366,0.6348,spread,5,Polling
2025-06-27,academic,house_prob,prob,0.6412,0.2882,0.9253,spread,6,Academic
2025-06-28,polling,house_prob,prob,0.5504,0.4365,0.6348,spread,5,Polling
2025-06-28,academic,house_prob,prob,0.6412,0.2882,0.9255,spread,6,Academic
2025-06-29,polling,house_prob,prob,0.5518,0.4436,0.6348,spread,5,Polling
2025-06-29,academic,house_prob,prob,0.6433,0.2882,0.9255,spread,6,Academic
2025-06-30,polling,house_prob,prob,0.5543,0.4558,0.6348,spread,5,Polling
2025-06-30,academic,house_prob,prob,0.6471,0.2882,0.9337,spread,6,Academic
2025-07-01,polling,house_prob,prob,0.5543,0.4557,0.6348,spread,5,Polling
2025-07-01,academic,house_prob,prob,0.6494,0.2882,0.9385,spread,6,Academic
2025-07-02,polling,house_prob,prob,0.5562,0.4661,0.6348,spread,5,Polling
2025-07-02,academic,house_prob,prob,0.6512,0.2882,0.9385,spread,6,Academic
2025-07-03,polling,house_prob,prob,0.552,0.4452,0.6348,spread,5,Polling
2025-07-03,academic,house_prob,prob,0.6476,0.2882,0.9387,spread,6,Academic
2025-07-04,polling,house_prob,prob,0.5521,0.4452,0.6348,spread,5,Polling
2025-07-04,academic,house_prob,prob,0.6474,0.2882,0.9388,spread,6,Academic
2025-07-05,polling,house_prob,prob,0.5467,0.4184,0.6348,spread,5,Polling
2025-07-05,academic,house_prob,prob,0.6412,0.2882,0.9388,spread,6,Academic
2025-07-06,polling,house_prob,prob,0.5542,0.4556,0.6348,spread,5,Polling
2025-07-06,academic,house_prob,prob,0.6494,0.2882,0.9389,spread,6,Academic
2025-07-07,polling,house_prob,prob,0.5546,0.4574,0.6348,spread,5,Polling
2025-07-07,academic,house_prob,prob,0.6496,0.2882,0.9391,spread,6,Academic
2025-07-08,polling,house_prob,prob,0.557,0.4692,0.635,spread,5,Polling
2025-07-08,academic,house_prob,prob,0.6515,0.2882,0.9393,spread,6,Academic
2025-07-09,polling,house_prob,prob,0.5598,0.4832,0.6352,spread,5,Polling
2025-07-09,academic,house_prob,prob,0.6537,0.2882,0.9393,spread,6,Academic
2025-07-10,polling,house_prob,prob,0.5724,0.5464,0.6352,spread,5,Polling
2025-07-10,academic,house_prob,prob,0.6616,0.2882,0.9395,spread,6,Academic
2025-07-11,polling,house_prob,prob,0.5724,0.5464,0.6352,spread,5,Polling
2025-07-11,academic,house_prob,prob,0.6616,0.2882,0.9395,spread,6,Academic
2025-07-12,polling,house_prob,prob,0.5726,0.5474,0.6352,spread,5,Polling
2025-07-12,academic,house_prob,prob,0.6619,0.2882,0.9397,spread,6,Academic
2025-07-13,polling,house_prob,prob,0.575,0.5522,0.6354,spread,5,Polling
2025-07-13,academic,house_prob,prob,0.6638,0.2882,0.9401,spread,6,Academic
2025-07-14,polling,house_prob,prob,0.5587,0.477,0.6354,spread,5,Polling
2025-07-14,academic,house_prob,prob,0.6539,0.2882,0.9401,spread,6,Academic
2025-07-15,polling,house_prob,prob,0.5588,0.477,0.6354,spread,5,Polling
2025-07-15,academic,house_prob,prob,0.654,0.2882,0.9402,spread,6,Academic
2025-07-16,polling,house_prob,prob,0.5505,0.4363,0.6356,spread,5,Polling
2025-07-16,academic,house_prob,prob,0.6459,0.2882,0.9403,spread,6,Academic
2025-07-17,polling,house_prob,prob,0.5539,0.4526,0.6358,spread,5,Polling
2025-07-17,academic,house_prob,prob,0.6498,0.2882,0.9405,spread,6,Academic
2025-07-18,polling,house_prob,prob,0.5615,0.4906,0.6358,spread,5,Polling
2025-07-18,academic,house_prob,prob,0.6556,0.2882,0.9405,spread,6,Academic
2025-07-19,polling,house_prob,prob,0.5615,0.4905,0.6358,spread,5,Polling
2025-07-19,market,house_prob,prob,0.704,,,,1,Markets
2025-07-19,academic,house_prob,prob,0.6556,0.2882,0.9406,spread,6,Academic
2025-07-20,polling,house_prob,prob,0.5643,0.5046,0.6358,spread,5,Polling
2025-07-20,market,house_prob,prob,0.7185,,,,1,Markets
2025-07-20,academic,house_prob,prob,0.6575,0.2882,0.9407,spread,6,Academic
2025-07-21,polling,house_prob,prob,0.5633,0.4996,0.636,spread,5,Polling
2025-07-21,market,house_prob,prob,0.7189,,,,1,Markets
2025-07-21,academic,house_prob,prob,0.6571,0.2882,0.9409,spread,6,Academic
2025-07-22,polling,house_prob,prob,0.5639,0.5025,0.636,spread,5,Polling
2025-07-22,market,house_prob,prob,0.7407,,,,1,Markets
2025-07-22,academic,house_prob,prob,0.6576,0.2882,0.9411,spread,6,Academic
2025-07-23,polling,house_prob,prob,0.5644,0.505,0.636,spread,5,Polling
2025-07-23,market,house_prob,prob,0.7396,,,,1,Markets
2025-07-23,academic,house_prob,prob,0.658,0.2882,0.9413,spread,6,Academic
2025-07-24,polling,house_prob,prob,0.5668,0.5167,0.636,spread,5,Polling
2025-07-24,market,house_prob,prob,0.74,,,,1,Markets
2025-07-24,academic,house_prob,prob,0.6593,0.2882,0.9413,spread,6,Academic
2025-07-25,polling,house_prob,prob,0.5669,0.5167,0.6362,spread,5,Polling
2025-07-25,market,house_prob,prob,0.7404,,,,1,Markets
2025-07-25,academic,house_prob,prob,0.6594,0.2882,0.9415,spread,6,Academic
2025-07-26,polling,house_prob,prob,0.5669,0.5167,0.6362,spread,5,Polling
2025-07-26,market,house_prob,prob,0.7415,,,,1,Markets
2025-07-26,academic,house_prob,prob,0.6595,0.2882,0.9416,spread,6,Academic
2025-07-27,polling,house_prob,prob,0.5659,0.511,0.6366,spread,5,Polling
2025-07-27,market,house_prob,prob,0.7422,,,,1,Markets
2025-07-27,academic,house_prob,prob,0.659,0.2882,0.9417,spread,6,Academic
2025-07-28,polling,house_prob,prob,0.5695,0.5289,0.6368,spread,5,Polling
2025-07-28,market,house_prob,prob,0.733,,,,1,Markets
2025-07-28,academic,house_prob,prob,0.662,0.2882,0.9462,spread,6,Academic
2025-07-29,polling,house_prob,prob,0.5703,0.5316,0.637,spread,5,Polling
2025-07-29,market,house_prob,prob,0.733,,,,1,Markets
2025-07-29,academic,house_prob,prob,0.6623,0.2882,0.9463,spread,6,Academic
2025-07-30,polling,house_prob,prob,0.5703,0.5317,0.637,spread,5,Polling
2025-07-30,market,house_prob,prob,0.7327,,,,1,Markets
2025-07-30,academic,house_prob,prob,0.6627,0.2882,0.9465,spread,6,Academic
2025-07-31,polling,house_prob,prob,0.5744,0.5518,0.637,spread,5,Polling
2025-07-31,market,house_prob,prob,0.733,,,,1,Markets
2025-07-31,academic,house_prob,prob,0.6658,0.2882,0.9482,spread,6,Academic
2025-08-01,polling,house_prob,prob,0.5744,0.552,0.637,spread,5,Polling
2025-08-01,market,house_prob,prob,0.7323,,,,1,Markets
2025-08-01,academic,house_prob,prob,0.6667,0.2882,0.9542,spread,6,Academic
2025-08-02,polling,house_prob,prob,0.5744,0.5521,0.637,spread,5,Polling
2025-08-02,market,house_prob,prob,0.7327,,,,1,Markets
2025-08-02,academic,house_prob,prob,0.6668,0.2882,0.9542,spread,6,Academic
2025-08-03,polling,house_prob,prob,0.5755,0.5534,0.637,spread,5,Polling
2025-08-03,market,house_prob,prob,0.7327,,,,1,Markets
2025-08-03,academic,house_prob,prob,0.6671,0.2882,0.9542,spread,6,Academic
2025-08-04,polling,house_prob,prob,0.5849,0.5534,0.6372,spread,5,Polling
2025-08-04,market,house_prob,prob,0.733,,,,1,Markets
2025-08-04,academic,house_prob,prob,0.6733,0.2882,0.956,spread,6,Academic
2025-08-05,polling,house_prob,prob,0.5849,0.5534,0.6372,spread,5,Polling
2025-08-05,market,house_prob,prob,0.733,,,,1,Markets
2025-08-05,academic,house_prob,prob,0.6734,0.2882,0.9561,spread,6,Academic
2025-08-06,polling,house_prob,prob,0.5907,0.5534,0.6374,spread,5,Polling
2025-08-06,market,house_prob,prob,0.733,,,,1,Markets
2025-08-06,academic,house_prob,prob,0.677,0.2882,0.9561,spread,6,Academic
2025-08-07,polling,house_prob,prob,0.5905,0.5536,0.6374,spread,5,Polling
2025-08-07,market,house_prob,prob,0.733,,,,1,Markets
2025-08-07,academic,house_prob,prob,0.677,0.2882,0.9562,spread,6,Academic
2025-08-08,polling,house_prob,prob,0.5861,0.5536,0.6374,spread,5,Polling
2025-08-08,market,house_prob,prob,0.733,,,,1,Markets
2025-08-08,academic,house_prob,prob,0.6742,0.2882,0.9563,spread,6,Academic
2025-08-09,polling,house_prob,prob,0.5837,0.5536,0.6374,spread,5,Polling
2025-08-09,market,house_prob,prob,0.7303,,,,1,Markets
2025-08-09,academic,house_prob,prob,0.6726,0.2882,0.9563,spread,6,Academic
2025-08-10,polling,house_prob,prob,0.5836,0.5536,0.6374,spread,5,Polling
2025-08-10,market,house_prob,prob,0.7224,,,,1,Markets
2025-08-10,academic,house_prob,prob,0.6725,0.2882,0.9563,spread,6,Academic
2025-08-11,polling,house_prob,prob,0.5827,0.5536,0.6378,spread,5,Polling
2025-08-11,market,house_prob,prob,0.7224,,,,1,Markets
2025-08-11,academic,house_prob,prob,0.6715,0.2882,0.9564,spread,6,Academic
2025-08-12,polling,house_prob,prob,0.5834,0.5536,0.6378,spread,5,Polling
2025-08-12,market,house_prob,prob,0.7234,,,,1,Markets
2025-08-12,academic,house_prob,prob,0.6725,0.2882,0.9581,spread,6,Academic
2025-08-13,polling,house_prob,prob,0.5835,0.5536,0.6378,spread,5,Polling
2025-08-13,market,house_prob,prob,0.7316,,,,1,Markets
2025-08-13,academic,house_prob,prob,0.6723,0.2882,0.9584,spread,6,Academic
2025-08-14,polling,house_prob,prob,0.5826,0.5536,0.6378,spread,5,Polling
2025-08-14,market,house_prob,prob,0.7312,,,,1,Markets
2025-08-14,academic,house_prob,prob,0.6715,0.2882,0.9586,spread,6,Academic
2025-08-15,polling,house_prob,prob,0.5827,0.5536,0.6382,spread,5,Polling
2025-08-15,market,house_prob,prob,0.7323,,,,1,Markets
2025-08-15,academic,house_prob,prob,0.6718,0.2882,0.9587,spread,6,Academic
2025-08-16,polling,house_prob,prob,0.5827,0.5536,0.6382,spread,5,Polling
2025-08-16,market,house_prob,prob,0.7274,,,,1,Markets
2025-08-16,academic,house_prob,prob,0.6719,0.2882,0.9587,spread,6,Academic
2025-08-17,polling,house_prob,prob,0.5823,0.5538,0.6382,spread,5,Polling
2025-08-17,market,house_prob,prob,0.731,,,,1,Markets
2025-08-17,academic,house_prob,prob,0.6719,0.2882,0.9587,spread,6,Academic
2025-08-18,polling,house_prob,prob,0.5811,0.5538,0.6382,spread,5,Polling
2025-08-18,market,house_prob,prob,0.731,,,,1,Markets
2025-08-18,academic,house_prob,prob,0.6714,0.2882,0.9587,spread,6,Academic
2025-08-19,polling,house_prob,prob,0.5813,0.5542,0.6382,spread,5,Polling
2025-08-19,market,house_prob,prob,0.7321,,,,1,Markets
2025-08-19,academic,house_prob,prob,0.6715,0.2882,0.9589,spread,6,Academic
2025-08-20,polling,house_prob,prob,0.5814,0.5542,0.6388,spread,5,Polling
2025-08-20,market,house_prob,prob,0.7373,,,,1,Markets
2025-08-20,academic,house_prob,prob,0.6719,0.2882,0.959,spread,6,Academic
2025-08-21,polling,house_prob,prob,0.5782,0.5542,0.6388,spread,5,Polling
2025-08-21,market,house_prob,prob,0.7369,,,,1,Markets
2025-08-21,academic,house_prob,prob,0.6701,0.2882,0.9605,spread,6,Academic
2025-08-22,polling,house_prob,prob,0.5782,0.5542,0.639,spread,5,Polling
2025-08-22,market,house_prob,prob,0.7347,,,,1,Markets
2025-08-22,academic,house_prob,prob,0.6702,0.2882,0.9606,spread,6,Academic
2025-08-23,polling,house_prob,prob,0.5783,0.5542,0.6394,spread,5,Polling
2025-08-23,market,house_prob,prob,0.7351,,,,1,Markets
2025-08-23,academic,house_prob,prob,0.6704,0.2882,0.9606,spread,6,Academic
2025-08-24,polling,house_prob,prob,0.5707,0.5296,0.6394,spread,5,Polling
2025-08-24,market,house_prob,prob,0.7354,,,,1,Markets
2025-08-24,academic,house_prob,prob,0.6652,0.2882,0.9607,spread,6,Academic
2025-08-25,polling,house_prob,prob,0.5668,0.5098,0.6394,spread,5,Polling
2025-08-25,market,house_prob,prob,0.7351,,,,1,Markets
2025-08-25,academic,house_prob,prob,0.6629,0.2882,0.9607,spread,6,Academic
2025-08-26,polling,house_prob,prob,0.561,0.4811,0.6394,spread,5,Polling
2025-08-26,market,house_prob,prob,0.7311,,,,1,Markets
2025-08-26,academic,house_prob,prob,0.6592,0.2882,0.9607,spread,6,Academic
2025-08-27,polling,house_prob,prob,0.5611,0.481,0.6394,spread,5,Polling
2025-08-27,market,house_prob,prob,0.7315,,,,1,Markets
2025-08-27,academic,house_prob,prob,0.6593,0.2882,0.9609,spread,6,Academic
2025-08-28,polling,house_prob,prob,0.5613,0.481,0.6398,spread,5,Polling
2025-08-28,market,house_prob,prob,0.7285,,,,1,Markets
2025-08-28,academic,house_prob,prob,0.6593,0.2882,0.9609,spread,6,Academic
2025-08-29,polling,house_prob,prob,0.512,0.4314,0.5906,spread,5,Polling
2025-08-29,market,house_prob,prob,0.7295,,,,1,Markets
2025-08-29,academic,house_prob,prob,0.6227,0.2526,0.9487,spread,6,Academic
2025-08-30,polling,house_prob,prob,0.5125,0.4341,0.5906,spread,5,Polling
2025-08-30,market,house_prob,prob,0.7299,,,,1,Markets
2025-08-30,academic,house_prob,prob,0.6231,0.2526,0.9487,spread,6,Academic
2025-08-31,polling,house_prob,prob,0.515,0.4465,0.5908,spread,5,Polling
2025-08-31,market,house_prob,prob,0.7246,,,,1,Markets
2025-08-31,academic,house_prob,prob,0.6249,0.2526,0.949,spread,6,Academic
2025-09-01,polling,house_prob,prob,0.5227,0.4849,0.5908,spread,5,Polling
2025-09-01,market,house_prob,prob,0.7259,,,,1,Markets
2025-09-01,academic,house_prob,prob,0.6316,0.2526,0.9564,spread,6,Academic
2025-09-02,polling,house_prob,prob,0.525,0.4963,0.5908,spread,5,Polling
2025-09-02,market,house_prob,prob,0.7259,,,,1,Markets
2025-09-02,academic,house_prob,prob,0.6337,0.2526,0.9581,spread,6,Academic
2025-09-03,polling,house_prob,prob,0.5248,0.4958,0.5908,spread,5,Polling
2025-09-03,market,house_prob,prob,0.7236,,,,1,Markets
2025-09-03,academic,house_prob,prob,0.6334,0.2526,0.9581,spread,6,Academic
2025-09-04,polling,house_prob,prob,0.5249,0.4958,0.5908,spread,5,Polling
2025-09-04,market,house_prob,prob,0.7217,,,,1,Markets
2025-09-04,academic,house_prob,prob,0.6335,0.2526,0.9582,spread,6,Academic
2025-09-05,polling,house_prob,prob,0.5249,0.4958,0.5908,spread,5,Polling
2025-09-05,market,house_prob,prob,0.7125,,,,1,Markets
2025-09-05,academic,house_prob,prob,0.6334,0.2526,0.9586,spread,6,Academic
2025-09-06,polling,house_prob,prob,0.5249,0.4958,0.5908,spread,5,Polling
2025-09-06,market,house_prob,prob,0.7146,,,,1,Markets
2025-09-06,academic,house_prob,prob,0.6335,0.2526,0.9587,spread,6,Academic
2025-09-07,polling,house_prob,prob,0.5254,0.4985,0.5908,spread,5,Polling
2025-09-07,market,house_prob,prob,0.7136,,,,1,Markets
2025-09-07,academic,house_prob,prob,0.6338,0.2526,0.9589,spread,6,Academic
2025-09-08,polling,house_prob,prob,0.5241,0.4924,0.5908,spread,5,Polling
2025-09-08,market,house_prob,prob,0.716,,,,1,Markets
2025-09-08,academic,house_prob,prob,0.6331,0.2526,0.9589,spread,6,Academic
2025-09-09,polling,house_prob,prob,0.5242,0.4924,0.5908,spread,5,Polling
2025-09-09,market,house_prob,prob,0.7154,,,,1,Markets
2025-09-09,academic,house_prob,prob,0.6332,0.2526,0.9589,spread,6,Academic
2025-09-10,polling,house_prob,prob,0.5238,0.4907,0.5906,spread,5,Polling
2025-09-10,market,house_prob,prob,0.7174,,,,1,Markets
2025-09-10,academic,house_prob,prob,0.6332,0.2526,0.959,spread,6,Academic
2025-09-11,polling,house_prob,prob,0.5242,0.4924,0.5908,spread,5,Polling
2025-09-11,market,house_prob,prob,0.7094,,,,1,Markets
2025-09-11,academic,house_prob,prob,0.6334,0.2526,0.9605,spread,6,Academic
2025-09-12,polling,house_prob,prob,0.5246,0.4944,0.5908,spread,5,Polling
2025-09-12,market,house_prob,prob,0.709,,,,1,Markets
2025-09-12,academic,house_prob,prob,0.6336,0.2526,0.9605,spread,6,Academic
2025-09-13,polling,house_prob,prob,0.5242,0.4926,0.5908,spread,5,Polling
2025-09-13,market,house_prob,prob,0.709,,,,1,Markets
2025-09-13,academic,house_prob,prob,0.6335,0.2526,0.9607,spread,6,Academic
2025-09-14,polling,house_prob,prob,0.5283,0.5016,0.5908,spread,5,Polling
2025-09-14,market,house_prob,prob,0.6926,0.6766,0.7087,spread,2,Markets
2025-09-14,academic,house_prob,prob,0.636,0.2526,0.9621,spread,6,Academic
2025-09-15,polling,house_prob,prob,0.5283,0.5014,0.5908,spread,5,Polling
2025-09-15,market,house_prob,prob,0.692,0.675,0.709,spread,2,Markets
2025-09-15,academic,house_prob,prob,0.6363,0.2526,0.9622,spread,6,Academic
2025-09-16,polling,house_prob,prob,0.5354,0.5014,0.5908,spread,5,Polling
2025-09-16,market,house_prob,prob,0.6928,0.6766,0.709,spread,2,Markets
2025-09-16,academic,house_prob,prob,0.6406,0.2526,0.9623,spread,6,Academic
2025-09-17,polling,house_prob,prob,0.5355,0.5014,0.591,spread,5,Polling
2025-09-17,market,house_prob,prob,0.6926,0.6766,0.7087,spread,2,Markets
2025-09-17,academic,house_prob,prob,0.6407,0.2526,0.9625,spread,6,Academic
2025-09-18,polling,house_prob,prob,0.5373,0.5014,0.591,spread,5,Polling
2025-09-18,market,house_prob,prob,0.6903,0.6716,0.709,spread,2,Markets
2025-09-18,academic,house_prob,prob,0.6421,0.2526,0.9626,spread,6,Academic
2025-09-19,polling,house_prob,prob,0.5384,0.5014,0.591,spread,5,Polling
2025-09-19,market,house_prob,prob,0.6908,0.6716,0.71,spread,2,Markets
2025-09-19,academic,house_prob,prob,0.6427,0.2526,0.9626,spread,6,Academic
2025-09-20,polling,house_prob,prob,0.5385,0.5016,0.5912,spread,5,Polling
2025-09-20,market,house_prob,prob,0.689,0.6716,0.7065,spread,2,Markets
2025-09-20,academic,house_prob,prob,0.6429,0.2526,0.9627,spread,6,Academic
2025-09-21,polling,house_prob,prob,0.537,0.5016,0.5912,spread,5,Polling
2025-09-21,market,house_prob,prob,0.6961,0.6814,0.7108,spread,2,Markets
2025-09-21,academic,house_prob,prob,0.6422,0.2526,0.9627,spread,6,Academic
2025-09-22,polling,house_prob,prob,0.5257,0.4991,0.5912,spread,5,Polling
2025-09-22,market,house_prob,prob,0.6905,0.6765,0.7044,spread,2,Markets
2025-09-22,academic,house_prob,prob,0.6351,0.2526,0.9628,spread,6,Academic
2025-09-23,polling,house_prob,prob,0.5237,0.4885,0.5912,spread,5,Polling
2025-09-23,market,house_prob,prob,0.6864,0.6683,0.7044,spread,2,Markets
2025-09-23,academic,house_prob,prob,0.6341,0.2526,0.9637,spread,6,Academic
2025-09-24,polling,house_prob,prob,0.5214,0.4773,0.5912,spread,5,Polling
2025-09-24,market,house_prob,prob,0.6848,0.6683,0.7014,spread,2,Markets
2025-09-24,academic,house_prob,prob,0.6322,0.2526,0.9637,spread,6,Academic
2025-09-25,polling,house_prob,prob,0.5214,0.4773,0.5912,spread,5,Polling
2025-09-25,market,house_prob,prob,0.6814,0.6683,0.6944,spread,2,Markets
2025-09-25,academic,house_prob,prob,0.6324,0.2526,0.9638,spread,6,Academic
2025-09-26,polling,house_prob,prob,0.5215,0.4773,0.5912,spread,5,Polling
2025-09-26,market,house_prob,prob,0.6847,0.6715,0.6979,spread,2,Markets
2025-09-26,academic,house_prob,prob,0.6324,0.2526,0.9638,spread,6,Academic
2025-09-27,polling,house_prob,prob,0.5213,0.4765,0.5912,spread,5,Polling
2025-09-27,market,house_prob,prob,0.6842,0.6731,0.6953,spread,2,Markets
2025-09-27,academic,house_prob,prob,0.6322,0.2526,0.964,spread,6,Academic
2025-09-28,polling,house_prob,prob,0.5024,0.4574,0.5728,spread,5,Polling
2025-09-28,market,house_prob,prob,0.6837,0.6748,0.6926,spread,2,Markets
2025-09-28,academic,house_prob,prob,0.6191,0.2386,0.961,spread,6,Academic
2025-09-29,polling,house_prob,prob,0.5024,0.4574,0.573,spread,5,Polling
2025-09-29,market,house_prob,prob,0.684,0.6766,0.6914,spread,2,Markets
2025-09-29,academic,house_prob,prob,0.6192,0.2386,0.9612,spread,6,Academic
2025-09-30,polling,house_prob,prob,0.5025,0.4573,0.573,spread,5,Polling
2025-09-30,market,house_prob,prob,0.6729,0.6716,0.6743,spread,2,Markets
2025-09-30,academic,house_prob,prob,0.6197,0.2386,0.9623,spread,6,Academic
2025-10-01,polling,house_prob,prob,0.5027,0.4582,0.573,spread,5,Polling
2025-10-01,market,house_prob,prob,0.6736,0.6732,0.6739,spread,2,Markets
2025-10-01,academic,house_prob,prob,0.6196,0.2386,0.9692,spread,6,Academic
2025-10-02,polling,house_prob,prob,0.4999,0.4434,0.573,spread,5,Polling
2025-10-02,market,house_prob,prob,0.6721,0.6709,0.6732,spread,2,Markets
2025-10-02,academic,house_prob,prob,0.6172,0.2386,0.9692,spread,6,Academic
2025-10-03,polling,house_prob,prob,0.4991,0.4391,0.573,spread,5,Polling
2025-10-03,market,house_prob,prob,0.6723,0.6713,0.6732,spread,2,Markets
2025-10-03,academic,house_prob,prob,0.6168,0.2386,0.9694,spread,6,Academic
2025-10-04,polling,house_prob,prob,0.4991,0.4392,0.573,spread,5,Polling
2025-10-04,market,house_prob,prob,0.6773,0.6732,0.6814,spread,2,Markets
2025-10-04,academic,house_prob,prob,0.6167,0.2386,0.9695,spread,6,Academic
2025-10-05,polling,house_prob,prob,0.4967,0.4399,0.5684,spread,5,Polling
2025-10-05,market,house_prob,prob,0.6764,0.6715,0.6814,spread,2,Markets
2025-10-05,academic,house_prob,prob,0.6168,0.2386,0.9696,spread,6,Academic
2025-10-06,polling,house_prob,prob,0.5004,0.4584,0.5685,spread,5,Polling
2025-10-06,market,house_prob,prob,0.6773,0.6732,0.6814,spread,2,Markets
2025-10-06,academic,house_prob,prob,0.62,0.2386,0.9711,spread,6,Academic
2025-10-07,polling,house_prob,prob,0.5116,0.4467,0.5768,spread,5,Polling
2025-10-07,market,house_prob,prob,0.679,0.6732,0.6848,spread,2,Markets
2025-10-07,academic,house_prob,prob,0.6181,0.2386,0.9712,spread,6,Academic
2025-10-08,polling,house_prob,prob,0.5102,0.447,0.5769,spread,5,Polling
2025-10-08,market,house_prob,prob,0.679,0.6732,0.6848,spread,2,Markets
2025-10-08,academic,house_prob,prob,0.6182,0.2386,0.9712,spread,6,Academic
2025-10-09,polling,house_prob,prob,0.5063,0.4307,0.5769,spread,5,Polling
2025-10-09,market,house_prob,prob,0.6811,0.6732,0.689,spread,2,Markets
2025-10-09,academic,house_prob,prob,0.6161,0.2386,0.9712,spread,6,Academic
2025-10-10,polling,house_prob,prob,0.5036,0.4173,0.5769,spread,5,Polling
2025-10-10,market,house_prob,prob,0.6755,0.6683,0.6827,spread,2,Markets
2025-10-10,academic,house_prob,prob,0.6142,0.2386,0.9714,spread,6,Academic
2025-10-11,polling,house_prob,prob,0.5036,0.4173,0.577,spread,5,Polling
2025-10-11,market,house_prob,prob,0.6571,0.6458,0.6683,spread,2,Markets
2025-10-11,academic,house_prob,prob,0.6143,0.2386,0.9717,spread,6,Academic
2025-10-12,polling,house_prob,prob,0.4607,0.4208,0.5036,spread,5,Polling
2025-10-12,market,house_prob,prob,0.6584,0.6485,0.6683,spread,2,Markets
2025-10-12,academic,house_prob,prob,0.6146,0.2386,0.9717,spread,6,Academic
2025-10-13,polling,house_prob,prob,0.4684,0.438,0.5037,spread,5,Polling
2025-10-13,market,house_prob,prob,0.6552,0.6453,0.665,spread,2,Markets
2025-10-13,academic,house_prob,prob,0.6203,0.2386,0.9717,spread,6,Academic
2025-10-14,polling,house_prob,prob,0.4716,0.4149,0.5109,spread,5,Polling
2025-10-14,market,house_prob,prob,0.6547,0.646,0.6634,spread,2,Markets
2025-10-14,academic,house_prob,prob,0.6198,0.2386,0.9718,spread,6,Academic
2025-10-15,polling,house_prob,prob,0.4775,0.4148,0.5108,spread,5,Polling
2025-10-15,market,house_prob,prob,0.6404,0.63,0.6509,spread,2,Markets
2025-10-15,academic,house_prob,prob,0.6242,0.2386,0.9731,spread,6,Academic
2025-10-16,polling,house_prob,prob,0.4851,0.4298,0.5108,spread,5,Polling
2025-10-16,market,house_prob,prob,0.6532,0.6508,0.6555,spread,2,Markets
2025-10-16,academic,house_prob,prob,0.6233,0.2386,0.9732,spread,6,Academic
2025-10-17,polling,house_prob,prob,0.4731,0.4087,0.5108,spread,5,Polling
2025-10-17,market,house_prob,prob,0.6425,0.6358,0.6493,spread,2,Markets
2025-10-17,academic,house_prob,prob,0.6234,0.2386,0.9732,spread,6,Academic
2025-10-18,polling,house_prob,prob,0.4735,0.4085,0.5107,spread,5,Polling
2025-10-18,market,house_prob,prob,0.6499,0.6476,0.6521,spread,2,Markets
2025-10-18,academic,house_prob,prob,0.6239,0.2386,0.9734,spread,6,Academic
2025-10-19,polling,house_prob,prob,0.4755,0.4085,0.5107,spread,5,Polling
2025-10-19,market,house_prob,prob,0.6465,0.6455,0.6476,spread,2,Markets
2025-10-19,academic,house_prob,prob,0.6251,0.2386,0.9735,spread,6,Academic
2025-10-20,polling,house_prob,prob,0.4774,0.4084,0.5108,spread,5,Polling
2025-10-20,market,house_prob,prob,0.6413,0.6402,0.6425,spread,2,Markets
2025-10-20,academic,house_prob,prob,0.6263,0.2386,0.9735,spread,6,Academic
2025-10-21,polling,house_prob,prob,0.4861,0.4225,0.5244,spread,5,Polling
2025-10-21,market,house_prob,prob,0.6406,0.6388,0.6425,spread,2,Markets
2025-10-21,academic,house_prob,prob,0.6264,0.2386,0.9735,spread,6,Academic
2025-10-22,polling,house_prob,prob,0.5071,0.4803,0.5478,spread,5,Polling
2025-10-22,market,house_prob,prob,0.6409,0.6394,0.6425,spread,2,Markets
2025-10-22,academic,house_prob,prob,0.6271,0.2398,0.9744,spread,6,Academic
2025-10-23,polling,house_prob,prob,0.5059,0.4804,0.5479,spread,5,Polling
2025-10-23,market,house_prob,prob,0.6499,0.6488,0.6509,spread,2,Markets
2025-10-23,academic,house_prob,prob,0.6261,0.2398,0.9744,spread,6,Academic
2025-10-24,polling,house_prob,prob,0.5059,0.4804,0.5478,spread,5,Polling
2025-10-24,market,house_prob,prob,0.651,0.6488,0.6532,spread,2,Markets
2025-10-24,academic,house_prob,prob,0.6261,0.2398,0.9744,spread,6,Academic
2025-10-25,polling,house_prob,prob,0.5059,0.4804,0.5479,spread,5,Polling
2025-10-25,market,house_prob,prob,0.6438,0.6387,0.6488,spread,2,Markets
2025-10-25,academic,house_prob,prob,0.6262,0.2398,0.9745,spread,6,Academic
2025-10-26,polling,house_prob,prob,0.508,0.4803,0.5479,spread,5,Polling
2025-10-26,market,house_prob,prob,0.6451,0.6413,0.6488,spread,2,Markets
2025-10-26,academic,house_prob,prob,0.627,0.2398,0.9746,spread,6,Academic
2025-10-27,polling,house_prob,prob,0.5035,0.4803,0.5333,spread,5,Polling
2025-10-27,market,house_prob,prob,0.6401,0.64,0.6401,spread,2,Markets
2025-10-27,academic,house_prob,prob,0.6248,0.2398,0.9748,spread,6,Academic
2025-10-28,polling,house_prob,prob,0.5211,0.4662,0.5555,spread,5,Polling
2025-10-28,market,house_prob,prob,0.6404,0.64,0.6409,spread,2,Markets
2025-10-28,academic,house_prob,prob,0.6266,0.2398,0.9749,spread,6,Academic
2025-10-29,polling,house_prob,prob,0.5228,0.4662,0.5555,spread,5,Polling
2025-10-29,market,house_prob,prob,0.6463,0.64,0.6527,spread,2,Markets
2025-10-29,academic,house_prob,prob,0.6277,0.2398,0.975,spread,6,Academic
2025-10-30,polling,house_prob,prob,0.5054,0.4662,0.5556,spread,5,Polling
2025-10-30,market,house_prob,prob,0.6432,0.6396,0.6468,spread,2,Markets
2025-10-30,academic,house_prob,prob,0.6272,0.2398,0.975,spread,6,Academic
2025-10-31,polling,house_prob,prob,0.5066,0.4722,0.5386,spread,5,Polling
2025-10-31,market,house_prob,prob,0.6399,0.6396,0.6401,spread,2,Markets
2025-10-31,academic,house_prob,prob,0.6152,0.2264,0.972,spread,6,Academic
2025-11-01,polling,house_prob,prob,0.5066,0.4722,0.5386,spread,5,Polling
2025-11-01,market,house_prob,prob,0.6484,0.6396,0.6573,spread,2,Markets
2025-11-01,academic,house_prob,prob,0.6139,0.2264,0.9648,spread,6,Academic
2025-11-02,polling,house_prob,prob,0.5143,0.4838,0.5387,spread,5,Polling
2025-11-02,market,house_prob,prob,0.6509,0.6396,0.6623,spread,2,Markets
2025-11-02,academic,house_prob,prob,0.6142,0.2264,0.9649,spread,6,Academic
2025-11-03,polling,house_prob,prob,0.5143,0.4838,0.5387,spread,5,Polling
2025-11-03,market,house_prob,prob,0.6465,0.6396,0.6535,spread,2,Markets
2025-11-03,academic,house_prob,prob,0.6143,0.2264,0.965,spread,6,Academic
2025-11-04,polling,house_prob,prob,0.523,0.4646,0.5587,spread,5,Polling
2025-11-04,market,house_prob,prob,0.6465,0.6386,0.6544,spread,2,Markets
2025-11-04,academic,house_prob,prob,0.6403,0.2388,0.9688,spread,6,Academic
2025-11-05,polling,house_prob,prob,0.5286,0.4646,0.595,spread,5,Polling
2025-11-05,market,house_prob,prob,0.6522,0.6485,0.6558,spread,2,Markets
2025-11-05,academic,house_prob,prob,0.6398,0.2388,0.9716,spread,6,Academic
2025-11-06,polling,house_prob,prob,0.5342,0.4646,0.595,spread,5,Polling
2025-11-06,market,house_prob,prob,0.6883,0.6485,0.728,spread,2,Markets
2025-11-06,academic,house_prob,prob,0.6419,0.2388,0.9727,spread,6,Academic
2025-11-07,polling,house_prob,prob,0.54,0.4795,0.5951,spread,5,Polling
2025-11-07,market,house_prob,prob,0.6992,0.6904,0.7081,spread,2,Markets
2025-11-07,academic,house_prob,prob,0.6419,0.2388,0.9728,spread,6,Academic
2025-11-08,polling,house_prob,prob,0.5401,0.4795,0.5952,spread,5,Polling
2025-11-08,market,house_prob,prob,0.7144,0.6923,0.7365,spread,2,Markets
2025-11-08,academic,house_prob,prob,0.642,0.2388,0.9728,spread,6,Academic
2025-11-09,polling,house_prob,prob,0.5409,0.4797,0.5954,spread,5,Polling
2025-11-09,market,house_prob,prob,0.7067,0.6782,0.7353,spread,2,Markets
2025-11-09,academic,house_prob,prob,0.6425,0.2388,0.973,spread,6,Academic
2025-11-10,polling,house_prob,prob,0.5644,0.4999,0.6151,spread,5,Polling
2025-11-10,market,house_prob,prob,0.7149,0.6716,0.7583,spread,2,Markets
2025-11-10,academic,house_prob,prob,0.6588,0.2528,0.9765,spread,6,Academic
2025-11-11,polling,house_prob,prob,0.5988,0.5527,0.6443,spread,5,Polling
2025-11-11,market,house_prob,prob,0.7045,0.6947,0.7143,spread,2,Markets
2025-11-11,academic,house_prob,prob,0.6586,0.2528,0.9776,spread,6,Academic
2025-11-12,polling,house_prob,prob,0.5981,0.5639,0.6444,spread,5,Polling
2025-11-12,market,house_prob,prob,0.6934,0.6681,0.7186,spread,2,Markets
2025-11-12,academic,house_prob,prob,0.66,0.2528,0.9776,spread,6,Academic
2025-11-13,polling,house_prob,prob,0.5946,0.5646,0.6445,spread,5,Polling
2025-11-13,market,house_prob,prob,0.703,0.655,0.7511,spread,2,Markets
2025-11-13,academic,house_prob,prob,0.664,0.2528,0.9777,spread,6,Academic
2025-11-14,polling,house_prob,prob,0.613,0.5941,0.6518,spread,5,Polling
2025-11-14,market,house_prob,prob,0.6967,0.655,0.7385,spread,2,Markets
2025-11-14,academic,house_prob,prob,0.6654,0.2528,0.9777,spread,6,Academic
2025-11-15,polling,house_prob,prob,0.613,0.5941,0.6518,spread,5,Polling
2025-11-15,market,house_prob,prob,0.6888,0.6364,0.7413,spread,2,Markets
2025-11-15,academic,house_prob,prob,0.6657,0.2528,0.9779,spread,6,Academic
2025-11-16,polling,house_prob,prob,0.6143,0.5942,0.6519,spread,5,Polling
2025-11-16,market,house_prob,prob,0.7004,0.6481,0.7527,spread,2,Markets
2025-11-16,academic,house_prob,prob,0.6666,0.2528,0.978,spread,6,Academic
2025-11-17,polling,house_prob,prob,0.6183,0.5942,0.652,spread,5,Polling
2025-11-17,market,house_prob,prob,0.7034,0.6528,0.754,spread,2,Markets
2025-11-17,academic,house_prob,prob,0.6684,0.2528,0.9781,spread,6,Academic
2025-11-18,polling,house_prob,prob,0.6078,0.5803,0.6306,spread,5,Polling
2025-11-18,market,house_prob,prob,0.7081,0.6651,0.7511,spread,2,Markets
2025-11-18,academic,house_prob,prob,0.668,0.2528,0.9782,spread,6,Academic
2025-11-19,polling,house_prob,prob,0.6622,0.623,0.706,spread,5,Polling
2025-11-19,market,house_prob,prob,0.7258,0.6794,0.7723,spread,2,Markets
2025-11-19,academic,house_prob,prob,0.6683,0.2528,0.9783,spread,6,Academic
2025-11-20,polling,house_prob,prob,0.6649,0.6231,0.706,spread,5,Polling
2025-11-20,market,house_prob,prob,0.7348,0.6923,0.7772,spread,2,Markets
2025-11-20,academic,house_prob,prob,0.6702,0.2528,0.9792,spread,6,Academic
2025-11-21,polling,house_prob,prob,0.665,0.6232,0.7062,spread,5,Polling
2025-11-21,market,house_prob,prob,0.7452,0.7009,0.7896,spread,2,Markets
2025-11-21,academic,house_prob,prob,0.6702,0.2528,0.9793,spread,6,Academic
2025-11-22,polling,house_prob,prob,0.6651,0.6233,0.7064,spread,5,Polling
2025-11-22,market,house_prob,prob,0.7345,0.6875,0.7814,spread,2,Markets
2025-11-22,academic,house_prob,prob,0.6702,0.2528,0.9793,spread,6,Academic
2025-11-23,polling,house_prob,prob,0.6646,0.6233,0.7067,spread,5,Polling
2025-11-23,market,house_prob,prob,0.7372,0.6802,0.7942,spread,2,Markets
2025-11-23,academic,house_prob,prob,0.6697,0.2528,0.9794,spread,6,Academic
2025-11-24,polling,house_prob,prob,0.6562,0.6234,0.6922,spread,5,Polling
2025-11-24,market,house_prob,prob,0.7344,0.6787,0.7901,spread,2,Markets
2025-11-24,academic,house_prob,prob,0.6688,0.2528,0.9796,spread,6,Academic
2025-11-25,polling,house_prob,prob,0.6659,0.6237,0.714,spread,5,Polling
2025-11-25,market,house_prob,prob,0.7339,0.6773,0.7905,spread,2,Markets
2025-11-25,academic,house_prob,prob,0.6696,0.2528,0.9797,spread,6,Academic
2025-11-26,polling,house_prob,prob,0.6653,0.6237,0.6994,spread,6,Polling
2025-11-26,market,house_prob,prob,0.7311,0.6726,0.7897,spread,2,Markets
2025-11-26,academic,house_prob,prob,0.6704,0.2528,0.9797,spread,6,Academic
2025-11-27,polling,house_prob,prob,0.6647,0.6238,0.6996,spread,6,Polling
2025-11-27,market,house_prob,prob,0.7324,0.6771,0.7876,spread,2,Markets
2025-11-27,academic,house_prob,prob,0.67,0.2528,0.9798,spread,6,Academic
2025-11-28,polling,house_prob,prob,0.6648,0.624,0.6996,spread,6,Polling
2025-11-28,market,house_prob,prob,0.737,0.6667,0.8074,spread,2,Markets
2025-11-28,academic,house_prob,prob,0.6701,0.2528,0.9799,spread,6,Academic
2025-11-29,polling,house_prob,prob,0.6633,0.6169,0.6975,spread,6,Polling
2025-11-29,market,house_prob,prob,0.7261,0.6621,0.79,spread,2,Markets
2025-11-29,academic,house_prob,prob,0.67,0.2528,0.981,spread,6,Academic
2025-11-30,polling,house_prob,prob,0.6627,0.6169,0.6953,spread,6,Polling
2025-11-30,market,house_prob,prob,0.7226,0.6591,0.7861,spread,2,Markets
2025-11-30,academic,house_prob,prob,0.6697,0.2528,0.981,spread,6,Academic
2025-12-01,polling,house_prob,prob,0.6614,0.6169,0.6932,spread,6,Polling
2025-12-01,market,house_prob,prob,0.7222,0.6622,0.7822,spread,2,Markets
2025-12-01,academic,house_prob,prob,0.6676,0.2528,0.9724,spread,6,Academic
2025-12-02,polling,house_prob,prob,0.6754,0.6245,0.7217,spread,6,Polling
2025-12-02,market,house_prob,prob,0.7394,0.6727,0.8061,spread,2,Markets
2025-12-02,academic,house_prob,prob,0.6685,0.2528,0.9724,spread,6,Academic
2025-12-03,polling,house_prob,prob,0.6742,0.6245,0.7218,spread,6,Polling
2025-12-03,market,house_prob,prob,0.7509,0.6909,0.8108,spread,2,Markets
2025-12-03,academic,house_prob,prob,0.6677,0.2528,0.9725,spread,6,Academic
2025-12-04,polling,house_prob,prob,0.6538,0.5646,0.7003,spread,6,Polling
2025-12-04,market,house_prob,prob,0.7668,0.7061,0.8274,spread,2,Markets
2025-12-04,academic,house_prob,prob,0.66,0.2528,0.9726,spread,6,Academic
2025-12-05,polling,house_prob,prob,0.6504,0.5426,0.6873,spread,6,Polling
2025-12-05,market,house_prob,prob,0.7681,0.713,0.8232,spread,2,Markets
2025-12-05,academic,house_prob,prob,0.6575,0.2528,0.9737,spread,6,Academic
2025-12-06,polling,house_prob,prob,0.6243,0.5369,0.6874,spread,6,Polling
2025-12-06,market,house_prob,prob,0.7803,0.7443,0.8164,spread,2,Markets
2025-12-06,academic,house_prob,prob,0.6576,0.2528,0.9738,spread,6,Academic
2025-12-07,polling,house_prob,prob,0.6244,0.5367,0.6875,spread,6,Polling
2025-12-07,market,house_prob,prob,0.7791,0.7455,0.8126,spread,2,Markets
2025-12-07,academic,house_prob,prob,0.6585,0.2528,0.9738,spread,6,Academic
2025-12-08,polling,house_prob,prob,0.6233,0.5367,0.6876,spread,6,Polling
2025-12-08,market,house_prob,prob,0.7655,0.7455,0.7856,spread,2,Markets
2025-12-08,academic,house_prob,prob,0.6573,0.2528,0.9746,spread,6,Academic
2025-12-09,polling,house_prob,prob,0.6012,0.5424,0.6692,spread,6,Polling
2025-12-09,market,house_prob,prob,0.7758,0.7632,0.7884,spread,2,Markets
2025-12-09,academic,house_prob,prob,0.6572,0.2528,0.9746,spread,6,Academic
2025-12-10,polling,house_prob,prob,0.5964,0.5316,0.6673,spread,6,Polling
2025-12-10,market,house_prob,prob,0.7663,0.7642,0.7685,spread,2,Markets
2025-12-10,academic,house_prob,prob,0.656,0.2528,0.9746,spread,6,Academic
2025-12-11,polling,house_prob,prob,0.5936,0.5329,0.6674,spread,6,Polling
2025-12-11,market,house_prob,prob,0.762,0.7588,0.7651,spread,2,Markets
2025-12-11,academic,house_prob,prob,0.6562,0.2528,0.9746,spread,6,Academic
2025-12-12,polling,house_prob,prob,0.5936,0.5329,0.6674,spread,6,Polling
2025-12-12,market,house_prob,prob,0.7601,0.7588,0.7615,spread,2,Markets
2025-12-12,academic,house_prob,prob,0.6563,0.2528,0.9747,spread,6,Academic
2025-12-13,polling,house_prob,prob,0.5949,0.5329,0.6675,spread,6,Polling
2025-12-13,market,house_prob,prob,0.7702,0.77,0.7703,spread,2,Markets
2025-12-13,academic,house_prob,prob,0.6565,0.2528,0.9747,spread,6,Academic
2025-12-14,polling,house_prob,prob,0.5954,0.5358,0.6677,spread,6,Polling
2025-12-14,market,house_prob,prob,0.7699,0.7681,0.7717,spread,2,Markets
2025-12-14,academic,house_prob,prob,0.6568,0.2528,0.9748,spread,6,Academic
2025-12-15,polling,house_prob,prob,0.5954,0.5355,0.6678,spread,6,Polling
2025-12-15,market,house_prob,prob,0.7702,0.7681,0.7723,spread,2,Markets
2025-12-15,academic,house_prob,prob,0.6569,0.2528,0.9759,spread,6,Academic
2025-12-16,polling,house_prob,prob,0.5801,0.526,0.6679,spread,6,Polling
2025-12-16,market,house_prob,prob,0.766,0.7655,0.7666,spread,2,Markets
2025-12-16,academic,house_prob,prob,0.6557,0.2528,0.9759,spread,6,Academic
2025-12-17,polling,house_prob,prob,0.5735,0.5222,0.6681,spread,6,Polling
2025-12-17,market,house_prob,prob,0.7669,0.7652,0.7685,spread,2,Markets
2025-12-17,academic,house_prob,prob,0.6563,0.2528,0.977,spread,6,Academic
2025-12-18,polling,house_prob,prob,0.5579,0.5222,0.64,spread,6,Polling
2025-12-18,market,house_prob,prob,0.7691,0.7685,0.7696,spread,2,Markets
2025-12-18,academic,house_prob,prob,0.6564,0.2528,0.9771,spread,6,Academic
2025-12-19,polling,house_prob,prob,0.565,0.515,0.6332,spread,6,Polling
2025-12-19,market,house_prob,prob,0.7743,0.7742,0.7745,spread,2,Markets
2025-12-19,academic,house_prob,prob,0.6609,0.2528,0.9783,spread,6,Academic
2025-12-20,polling,house_prob,prob,0.6256,0.5587,0.7107,spread,6,Polling
2025-12-20,market,house_prob,prob,0.7772,0.7686,0.7859,spread,2,Markets
2025-12-20,academic,house_prob,prob,0.661,0.2528,0.9784,spread,6,Academic
2025-12-21,polling,house_prob,prob,0.63,0.5587,0.7107,spread,6,Polling
2025-12-21,market,house_prob,prob,0.7763,0.7706,0.782,spread,2,Markets
2025-12-21,academic,house_prob,prob,0.6613,0.2528,0.9785,spread,6,Academic
2025-12-22,polling,house_prob,prob,0.6387,0.5552,0.7366,spread,6,Polling
2025-12-22,market,house_prob,prob,0.779,0.7739,0.7841,spread,2,Markets
2025-12-22,academic,house_prob,prob,0.6606,0.2528,0.9785,spread,6,Academic
2025-12-23,polling,house_prob,prob,0.6411,0.5552,0.7032,spread,6,Polling
2025-12-23,market,house_prob,prob,0.7758,0.7629,0.7887,spread,2,Markets
2025-12-23,academic,house_prob,prob,0.6603,0.2496,0.9795,spread,6,Academic
2025-12-24,polling,house_prob,prob,0.6412,0.5552,0.7034,spread,6,Polling
2025-12-24,market,house_prob,prob,0.7885,0.7729,0.8041,spread,2,Markets
2025-12-24,academic,house_prob,prob,0.6603,0.2496,0.9796,spread,6,Academic
2025-12-25,polling,house_prob,prob,0.644,0.579,0.7036,spread,6,Polling
2025-12-25,market,house_prob,prob,0.7894,0.7729,0.806,spread,2,Markets
2025-12-25,academic,house_prob,prob,0.6628,0.2496,0.9797,spread,6,Academic
2025-12-26,polling,house_prob,prob,0.6325,0.5789,0.7037,spread,6,Polling
2025-12-26,market,house_prob,prob,0.7886,0.7719,0.8052,spread,2,Markets
2025-12-26,academic,house_prob,prob,0.6629,0.2496,0.9797,spread,6,Academic
2025-12-27,polling,house_prob,prob,0.6326,0.579,0.7037,spread,6,Polling
2025-12-27,market,house_prob,prob,0.7871,0.7739,0.8002,spread,2,Markets
2025-12-27,academic,house_prob,prob,0.663,0.2496,0.9799,spread,6,Academic
2025-12-28,polling,house_prob,prob,0.6321,0.5757,0.7038,spread,6,Polling
2025-12-28,market,house_prob,prob,0.7875,0.7709,0.8042,spread,2,Markets
2025-12-28,academic,house_prob,prob,0.663,0.2496,0.9799,spread,6,Academic
2025-12-29,polling,house_prob,prob,0.6326,0.5782,0.7039,spread,6,Polling
2025-12-29,market,house_prob,prob,0.7873,0.7719,0.8028,spread,2,Markets
2025-12-29,academic,house_prob,prob,0.6635,0.2496,0.9799,spread,6,Academic
2025-12-30,polling,house_prob,prob,0.6327,0.5783,0.7041,spread,6,Polling
2025-12-30,market,house_prob,prob,0.7829,0.7729,0.7929,spread,2,Markets
2025-12-30,academic,house_prob,prob,0.6636,0.2496,0.98,spread,6,Academic
2025-12-31,polling,house_prob,prob,0.6336,0.5894,0.7045,spread,6,Polling
2025-12-31,market,house_prob,prob,0.7751,0.7537,0.7965,spread,2,Markets
2025-12-31,academic,house_prob,prob,0.6653,0.2496,0.9801,spread,6,Academic
2026-01-01,polling,house_prob,prob,0.6389,0.5972,0.7048,spread,6,Polling
2026-01-01,market,house_prob,prob,0.7723,0.75,0.7947,spread,2,Markets
2026-01-01,academic,house_prob,prob,0.6698,0.2496,0.9786,spread,6,Academic
2026-01-02,polling,house_prob,prob,0.639,0.5973,0.7049,spread,6,Polling
2026-01-02,market,house_prob,prob,0.7814,0.7539,0.8089,spread,2,Markets
2026-01-02,academic,house_prob,prob,0.6703,0.2496,0.9786,spread,6,Academic
2026-01-03,polling,house_prob,prob,0.6385,0.5974,0.705,spread,6,Polling
2026-01-03,market,house_prob,prob,0.7895,0.7696,0.8095,spread,2,Markets
2026-01-03,academic,house_prob,prob,0.6698,0.2496,0.9786,spread,6,Academic
2026-01-04,polling,house_prob,prob,0.6601,0.6127,0.732,spread,6,Polling
2026-01-04,market,house_prob,prob,0.7956,0.7696,0.8216,spread,2,Markets
2026-01-04,academic,house_prob,prob,0.6689,0.2496,0.9787,spread,6,Academic
2026-01-05,polling,house_prob,prob,0.666,0.6127,0.7323,spread,6,Polling
2026-01-05,market,house_prob,prob,0.7942,0.772,0.8163,spread,2,Markets
2026-01-05,academic,house_prob,prob,0.6748,0.2496,0.9788,spread,6,Academic
2026-01-06,polling,house_prob,prob,0.6659,0.6129,0.7325,spread,6,Polling
2026-01-06,market,house_prob,prob,0.7898,0.7684,0.8113,spread,2,Markets
2026-01-06,academic,house_prob,prob,0.6753,0.2496,0.979,spread,6,Academic
2026-01-07,polling,house_prob,prob,0.6687,0.6129,0.7269,spread,6,Polling
2026-01-07,market,house_prob,prob,0.793,0.7755,0.8104,spread,2,Markets
2026-01-07,academic,house_prob,prob,0.6741,0.2496,0.9798,spread,6,Academic
2026-01-08,polling,house_prob,prob,0.6643,0.6129,0.727,spread,6,Polling
2026-01-08,market,house_prob,prob,0.7955,0.7778,0.8132,spread,2,Markets
2026-01-08,academic,house_prob,prob,0.6709,0.2496,0.9809,spread,6,Academic
2026-01-09,polling,house_prob,prob,0.6614,0.5866,0.7271,spread,6,Polling
2026-01-09,market,house_prob,prob,0.8021,0.7811,0.8231,spread,2,Markets
2026-01-09,academic,house_prob,prob,0.6641,0.2496,0.981,spread,6,Academic
2026-01-10,polling,house_prob,prob,0.6615,0.5867,0.7272,spread,6,Polling
2026-01-10,market,house_prob,prob,0.7857,0.7559,0.8156,spread,2,Markets
2026-01-10,academic,house_prob,prob,0.6642,0.2496,0.9811,spread,6,Academic
2026-01-11,polling,house_prob,prob,0.6604,0.5795,0.7274,spread,6,Polling
2026-01-11,market,house_prob,prob,0.7796,0.7581,0.8012,spread,2,Markets
2026-01-11,academic,house_prob,prob,0.6633,0.2496,0.9812,spread,6,Academic
2026-01-12,polling,house_prob,prob,0.6512,0.5947,0.7209,spread,6,Polling
2026-01-12,market,house_prob,prob,0.7764,0.7581,0.7947,spread,2,Markets
2026-01-12,academic,house_prob,prob,0.6652,0.2496,0.9813,spread,6,Academic
2026-01-13,polling,house_prob,prob,0.6488,0.5871,0.7063,spread,6,Polling
2026-01-13,market,house_prob,prob,0.7856,0.782,0.7893,spread,2,Markets
2026-01-13,academic,house_prob,prob,0.6646,0.2496,0.9824,spread,6,Academic
2026-01-14,polling,house_prob,prob,0.6535,0.6152,0.7064,spread,6,Polling
2026-01-14,market,house_prob,prob,0.79,0.789,0.791,spread,2,Markets
2026-01-14,academic,house_prob,prob,0.6684,0.2496,0.9826,spread,6,Academic
2026-01-15,polling,house_prob,prob,0.6526,0.6233,0.7066,spread,6,Polling
2026-01-15,market,house_prob,prob,0.7985,0.7897,0.8073,spread,2,Markets
2026-01-15,academic,house_prob,prob,0.6692,0.2496,0.9826,spread,6,Academic
2026-01-16,polling,house_prob,prob,0.6263,0.6059,0.651,spread,6,Polling
2026-01-16,market,house_prob,prob,0.8094,0.7847,0.8341,spread,2,Markets
2026-01-16,academic,house_prob,prob,0.6692,0.2496,0.9827,spread,6,Academic
2026-01-17,polling,house_prob,prob,0.6269,0.6061,0.6512,spread,6,Polling
2026-01-17,market,house_prob,prob,0.8198,0.7865,0.8531,spread,2,Markets
2026-01-17,academic,house_prob,prob,0.6696,0.2496,0.9828,spread,6,Academic
2026-01-18,polling,house_prob,prob,0.6264,0.6062,0.6512,spread,6,Polling
2026-01-18,market,house_prob,prob,0.8242,0.7753,0.8732,spread,2,Markets
2026-01-18,academic,house_prob,prob,0.6694,0.2496,0.9829,spread,6,Academic
2026-01-19,polling,house_prob,prob,0.6305,0.6063,0.6715,spread,6,Polling
2026-01-19,market,house_prob,prob,0.8227,0.7734,0.872,spread,2,Markets
2026-01-19,academic,house_prob,prob,0.6701,0.2496,0.9829,spread,6,Academic
2026-01-20,polling,house_prob,prob,0.6436,0.6065,0.6646,spread,6,Polling
2026-01-20,market,house_prob,prob,0.8256,0.7799,0.8714,spread,2,Markets
2026-01-20,academic,house_prob,prob,0.6744,0.2496,0.9837,spread,6,Academic
2026-01-21,polling,house_prob,prob,0.6436,0.6065,0.6647,spread,6,Polling
2026-01-21,market,house_prob,prob,0.829,0.7867,0.8714,spread,2,Markets
2026-01-21,academic,house_prob,prob,0.6746,0.2496,0.9839,spread,6,Academic
2026-01-22,polling,house_prob,prob,0.6633,0.6362,0.6785,spread,6,Polling
2026-01-22,market,house_prob,prob,0.829,0.7779,0.88,spread,2,Markets
2026-01-22,academic,house_prob,prob,0.674,0.2496,0.9839,spread,6,Academic
2026-01-23,polling,house_prob,prob,0.6765,0.6364,0.7007,spread,6,Polling
2026-01-23,market,house_prob,prob,0.8304,0.7779,0.8829,spread,2,Markets
2026-01-23,academic,house_prob,prob,0.6742,0.2496,0.984,spread,6,Academic
2026-01-24,polling,house_prob,prob,0.678,0.6365,0.7008,spread,6,Polling
2026-01-24,market,house_prob,prob,0.8235,0.7719,0.875,spread,2,Markets
2026-01-24,academic,house_prob,prob,0.6743,0.2496,0.9841,spread,6,Academic
2026-01-25,polling,house_prob,prob,0.6736,0.6438,0.7008,spread,6,Polling
2026-01-25,market,house_prob,prob,0.8242,0.7734,0.875,spread,2,Markets
2026-01-25,academic,house_prob,prob,0.6735,0.2496,0.9842,spread,6,Academic
2026-01-26,polling,house_prob,prob,0.6745,0.6439,0.701,spread,6,Polling
2026-01-26,market,house_prob,prob,0.825,0.7757,0.8744,spread,2,Markets
2026-01-26,academic,house_prob,prob,0.6742,0.2496,0.9843,spread,6,Academic
2026-01-27,polling,house_prob,prob,0.678,0.644,0.73,spread,6,Polling
2026-01-27,market,house_prob,prob,0.8339,0.7922,0.8756,spread,2,Markets
2026-01-27,academic,house_prob,prob,0.6735,0.2496,0.9851,spread,6,Academic
2026-01-28,polling,house_prob,prob,0.673,0.6371,0.7014,spread,6,Polling
2026-01-28,market,house_prob,prob,0.8329,0.7901,0.8756,spread,2,Markets
2026-01-28,academic,house_prob,prob,0.6741,0.2496,0.9852,spread,6,Academic
2026-01-29,polling,house_prob,prob,0.6738,0.6371,0.7016,spread,6,Polling
2026-01-29,market,house_prob,prob,0.8327,0.7909,0.8744,spread,2,Markets
2026-01-29,academic,house_prob,prob,0.6747,0.2496,0.9853,spread,6,Academic
2026-01-30,polling,house_prob,prob,0.6833,0.6443,0.7499,spread,6,Polling
2026-01-30,market,house_prob,prob,0.8288,0.7875,0.8702,spread,2,Markets
2026-01-30,academic,house_prob,prob,0.6755,0.2496,0.9853,spread,6,Academic
2026-01-31,polling,house_prob,prob,0.6839,0.6444,0.75,spread,6,Polling
2026-01-31,market,house_prob,prob,0.8285,0.7891,0.8679,spread,2,Markets
2026-01-31,academic,house_prob,prob,0.6755,0.2496,0.9853,spread,6,Academic
2026-02-01,polling,house_prob,prob,0.6898,0.6374,0.7561,spread,6,Polling
2026-02-01,market,house_prob,prob,0.8128,0.7946,0.8311,spread,2,Markets
2026-02-01,academic,house_prob,prob,0.6761,0.2496,0.9866,spread,6,Academic
2026-02-02,polling,house_prob,prob,0.6869,0.6303,0.7565,spread,6,Polling
2026-02-02,market,house_prob,prob,0.8179,0.8018,0.8341,spread,2,Markets
2026-02-02,academic,house_prob,prob,0.6767,0.2496,0.9867,spread,6,Academic
2026-02-03,polling,house_prob,prob,0.6893,0.6304,0.7568,spread,6,Polling
2026-02-03,market,house_prob,prob,0.8237,0.8195,0.8279,spread,2,Markets
2026-02-03,academic,house_prob,prob,0.6776,0.2496,0.9868,spread,6,Academic
2026-02-04,polling,house_prob,prob,0.6768,0.6232,0.7308,spread,6,Polling
2026-02-04,market,house_prob,prob,0.8206,0.8087,0.8326,spread,2,Markets
2026-02-04,academic,house_prob,prob,0.6761,0.2496,0.9875,spread,6,Academic
2026-02-05,polling,house_prob,prob,0.6768,0.6233,0.7312,spread,6,Polling
2026-02-05,market,house_prob,prob,0.8242,0.8159,0.8326,spread,2,Markets
2026-02-05,academic,house_prob,prob,0.6759,0.2496,0.9876,spread,6,Academic
2026-02-06,polling,house_prob,prob,0.6792,0.6233,0.7312,spread,6,Polling
2026-02-06,market,house_prob,prob,0.8236,0.8126,0.8347,spread,2,Markets
2026-02-06,academic,house_prob,prob,0.676,0.2496,0.9883,spread,6,Academic
2026-02-07,polling,house_prob,prob,0.6791,0.6234,0.7312,spread,6,Polling
2026-02-07,market,house_prob,prob,0.8307,0.821,0.8405,spread,2,Markets
2026-02-07,academic,house_prob,prob,0.6759,0.2496,0.9883,spread,6,Academic
2026-02-08,polling,house_prob,prob,0.6807,0.6235,0.7315,spread,6,Polling
2026-02-08,market,house_prob,prob,0.8273,0.8252,0.8294,spread,2,Markets
2026-02-08,academic,house_prob,prob,0.6773,0.2496,0.9883,spread,6,Academic
2026-02-09,polling,house_prob,prob,0.6815,0.6234,0.7316,spread,6,Polling
2026-02-09,market,house_prob,prob,0.8219,0.8218,0.8221,spread,2,Markets
2026-02-09,academic,house_prob,prob,0.6777,0.2496,0.9883,spread,6,Academic
2026-02-10,polling,house_prob,prob,0.6794,0.631,0.7318,spread,6,Polling
2026-02-10,market,house_prob,prob,0.8414,0.8333,0.8494,spread,2,Markets
2026-02-10,academic,house_prob,prob,0.6757,0.2496,0.9885,spread,6,Academic
2026-02-11,polling,house_prob,prob,0.6789,0.6236,0.7185,spread,6,Polling
2026-02-11,market,house_prob,prob,0.8389,0.8333,0.8445,spread,2,Markets
2026-02-11,academic,house_prob,prob,0.676,0.2496,0.9885,spread,6,Academic
2026-02-12,polling,house_prob,prob,0.6703,0.6152,0.7187,spread,6,Polling
2026-02-12,market,house_prob,prob,0.8344,0.8333,0.8354,spread,2,Markets
2026-02-12,academic,house_prob,prob,0.672,0.2496,0.9885,spread,6,Academic
2026-02-13,polling,house_prob,prob,0.6704,0.6153,0.7188,spread,6,Polling
2026-02-13,market,house_prob,prob,0.8352,0.8325,0.8379,spread,2,Markets
2026-02-13,academic,house_prob,prob,0.6721,0.2496,0.9885,spread,6,Academic
2026-02-14,polling,house_prob,prob,0.6694,0.6154,0.7189,spread,6,Polling
2026-02-14,market,house_prob,prob,0.8552,0.8375,0.8728,spread,2,Markets
2026-02-14,academic,house_prob,prob,0.6722,0.2496,0.9886,spread,6,Academic
2026-02-15,polling,house_prob,prob,0.6717,0.6156,0.719,spread,6,Polling
2026-02-15,market,house_prob,prob,0.8477,0.8225,0.8728,spread,2,Markets
2026-02-15,academic,house_prob,prob,0.6737,0.2496,0.9886,spread,6,Academic
2026-02-16,polling,house_prob,prob,0.6744,0.6158,0.7192,spread,6,Polling
2026-02-16,market,house_prob,prob,0.8463,0.8225,0.8701,spread,2,Markets
2026-02-16,academic,house_prob,prob,0.6754,0.2496,0.9888,spread,6,Academic
2026-02-17,polling,house_prob,prob,0.6714,0.5777,0.7149,spread,6,Polling
2026-02-17,market,house_prob,prob,0.879,0.8275,0.9304,spread,2,Markets
2026-02-17,academic,house_prob,prob,0.6756,0.2496,0.9888,spread,6,Academic
2026-02-18,polling,house_prob,prob,0.6745,0.5777,0.7329,spread,6,Polling
2026-02-18,market,house_prob,prob,0.8798,0.8275,0.9321,spread,2,Markets
2026-02-18,academic,house_prob,prob,0.6756,0.2496,0.9889,spread,6,Academic
2026-02-19,polling,house_prob,prob,0.6766,0.5777,0.7329,spread,6,Polling
2026-02-19,market,house_prob,prob,0.8304,0.8275,0.8333,spread,2,Markets
2026-02-19,academic,house_prob,prob,0.6771,0.2496,0.9889,spread,6,Academic
2026-02-20,polling,house_prob,prob,0.688,0.6465,0.7364,spread,6,Polling
2026-02-20,market,house_prob,prob,0.8378,0.8259,0.8498,spread,2,Markets
2026-02-20,academic,house_prob,prob,0.7078,0.4254,0.989,spread,6,Academic
2026-02-21,polling,house_prob,prob,0.6862,0.6319,0.7399,spread,6,Polling
2026-02-21,market,house_prob,prob,0.8825,0.8374,0.9276,spread,2,Markets
2026-02-21,academic,house_prob,prob,0.7078,0.4254,0.9891,spread,6,Academic
2026-02-22,polling,house_prob,prob,0.6897,0.6321,0.7402,spread,6,Polling
2026-02-22,market,house_prob,prob,0.8471,0.8342,0.86,spread,2,Markets
2026-02-22,academic,house_prob,prob,0.7101,0.4254,0.9891,spread,6,Academic
2026-02-23,polling,house_prob,prob,0.6871,0.6322,0.7406,spread,6,Polling
2026-02-23,market,house_prob,prob,0.8519,0.8421,0.8618,spread,2,Markets
2026-02-23,academic,house_prob,prob,0.708,0.4254,0.9892,spread,6,Academic
2026-02-24,polling,house_prob,prob,0.7085,0.6762,0.7537,spread,6,Polling
2026-02-24,market,house_prob,prob,0.8306,0.8286,0.8325,spread,2,Markets
2026-02-24,academic,house_prob,prob,0.7079,0.4254,0.9892,spread,6,Academic
2026-02-25,polling,house_prob,prob,0.7092,0.6763,0.7538,spread,6,Polling
2026-02-25,market,house_prob,prob,0.8408,0.8325,0.8491,spread,2,Markets
2026-02-25,academic,house_prob,prob,0.7085,0.4254,0.9892,spread,6,Academic
2026-02-26,polling,house_prob,prob,0.7065,0.6641,0.7539,spread,6,Polling
2026-02-26,market,house_prob,prob,0.8453,0.8313,0.8592,spread,2,Markets
2026-02-26,academic,house_prob,prob,0.7065,0.4254,0.9892,spread,6,Academic
2026-02-27,polling,house_prob,prob,0.7048,0.6564,0.7609,spread,6,Polling
2026-02-27,market,house_prob,prob,0.818,0.8069,0.8292,spread,2,Markets
2026-02-27,academic,house_prob,prob,0.7052,0.4254,0.9892,spread,6,Academic
2026-02-28,polling,house_prob,prob,0.7028,0.6564,0.7665,spread,6,Polling
2026-02-28,market,house_prob,prob,0.8455,0.8304,0.8606,spread,2,Markets
2026-02-28,academic,house_prob,prob,0.7053,0.4254,0.9892,spread,6,Academic
2026-03-01,polling,house_prob,prob,0.7031,0.6577,0.7668,spread,6,Polling
2026-03-01,market,house_prob,prob,0.8441,0.8304,0.8578,spread,2,Markets
2026-03-01,academic,house_prob,prob,0.7147,0.4254,0.994,spread,6,Academic
2026-03-02,polling,house_prob,prob,0.7026,0.6535,0.767,spread,6,Polling
2026-03-02,market,house_prob,prob,0.8494,0.8304,0.8683,spread,2,Markets
2026-03-02,academic,house_prob,prob,0.7143,0.4254,0.9941,spread,6,Academic
2026-03-03,polling,house_prob,prob,0.7125,0.6442,0.7672,spread,6,Polling
2026-03-03,market,house_prob,prob,0.8487,0.8188,0.8786,spread,2,Markets
2026-03-03,academic,house_prob,prob,0.7132,0.4254,0.9941,spread,6,Academic
2026-03-04,polling,house_prob,prob,0.7083,0.6447,0.7673,spread,6,Polling
2026-03-04,market,house_prob,prob,0.8758,0.8012,0.9503,spread,2,Markets
2026-03-04,academic,house_prob,prob,0.7136,0.4254,0.9945,spread,6,Academic
2026-03-05,polling,house_prob,prob,0.6993,0.6481,0.7552,spread,6,Polling
2026-03-05,market,house_prob,prob,0.8447,0.8169,0.8725,spread,2,Markets
2026-03-05,academic,house_prob,prob,0.7151,0.4254,0.9945,spread,6,Academic
2026-03-06,polling,house_prob,prob,0.6829,0.6481,0.7298,spread,6,Polling
2026-03-06,market,house_prob,prob,0.8447,0.8169,0.8725,spread,2,Markets
2026-03-06,academic,house_prob,prob,0.7151,0.4254,0.9948,spread,6,Academic
2026-03-07,polling,house_prob,prob,0.6794,0.6409,0.7298,spread,6,Polling
2026-03-07,market,house_prob,prob,0.8843,0.8151,0.9536,spread,2,Markets
2026-03-07,academic,house_prob,prob,0.7151,0.4254,0.9948,spread,6,Academic
2026-03-08,polling,house_prob,prob,0.6826,0.6482,0.7299,spread,6,Polling
2026-03-08,market,house_prob,prob,0.8398,0.8148,0.8649,spread,2,Markets
2026-03-08,academic,house_prob,prob,0.716,0.4254,0.9948,spread,6,Academic
2026-03-09,polling,house_prob,prob,0.6777,0.6266,0.7276,spread,6,Polling
2026-03-09,market,house_prob,prob,0.8811,0.8169,0.9453,spread,2,Markets
2026-03-09,academic,house_prob,prob,0.7129,0.4254,0.9948,spread,6,Academic
2026-03-10,polling,house_prob,prob,0.6765,0.6352,0.7254,spread,6,Polling
2026-03-10,market,house_prob,prob,0.8485,0.8192,0.8778,spread,2,Markets
2026-03-10,academic,house_prob,prob,0.7141,0.4254,0.9948,spread,6,Academic
2026-03-11,polling,house_prob,prob,0.6898,0.6286,0.7369,spread,6,Polling
2026-03-11,market,house_prob,prob,0.8387,0.8036,0.8739,spread,2,Markets
2026-03-11,academic,house_prob,prob,0.7132,0.4254,0.995,spread,6,Academic
2026-03-12,polling,house_prob,prob,0.6887,0.6283,0.737,spread,6,Polling
2026-03-12,market,house_prob,prob,0.8387,0.8036,0.8739,spread,2,Markets
2026-03-12,academic,house_prob,prob,0.7133,0.4254,0.995,spread,6,Academic
2026-03-13,polling,house_prob,prob,0.686,0.6109,0.7371,spread,6,Polling
2026-03-13,market,house_prob,prob,0.846,0.8036,0.8884,spread,2,Markets
2026-03-13,academic,house_prob,prob,0.7113,0.4254,0.995,spread,6,Academic
2026-03-14,polling,house_prob,prob,0.6861,0.6109,0.7372,spread,6,Polling
2026-03-14,market,house_prob,prob,0.8754,0.8276,0.9231,spread,2,Markets
2026-03-14,academic,house_prob,prob,0.7113,0.4254,0.995,spread,6,Academic
2026-03-15,polling,house_prob,prob,0.6854,0.6063,0.7374,spread,6,Polling
2026-03-15,market,house_prob,prob,0.8584,0.8284,0.8884,spread,2,Markets
2026-03-15,academic,house_prob,prob,0.7111,0.4254,0.995,spread,6,Academic
2026-03-16,polling,house_prob,prob,0.6884,0.623,0.7375,spread,6,Polling
2026-03-16,market,house_prob,prob,0.8574,0.8284,0.8863,spread,2,Markets
2026-03-16,academic,house_prob,prob,0.7132,0.4254,0.995,spread,6,Academic
2026-03-17,polling,house_prob,prob,0.6738,0.6415,0.7015,spread,6,Polling
2026-03-17,market,house_prob,prob,0.8578,0.8246,0.891,spread,2,Markets
2026-03-17,academic,house_prob,prob,0.7175,0.4254,0.995,spread,6,Academic
2026-03-18,polling,house_prob,prob,0.6727,0.6417,0.7016,spread,6,Polling
2026-03-18,market,house_prob,prob,0.8619,0.8354,0.8884,spread,2,Markets
2026-03-18,academic,house_prob,prob,0.7167,0.4254,0.995,spread,6,Academic
2026-03-19,polling,house_prob,prob,0.6743,0.6419,0.7044,spread,6,Polling
2026-03-19,market,house_prob,prob,0.8608,0.8362,0.8853,spread,2,Markets
2026-03-19,academic,house_prob,prob,0.7175,0.4254,0.995,spread,6,Academic
2026-03-20,polling,house_prob,prob,0.6746,0.6343,0.7072,spread,6,Polling
2026-03-20,market,house_prob,prob,0.8623,0.8342,0.8904,spread,2,Markets
2026-03-20,academic,house_prob,prob,0.7185,0.4254,0.995,spread,6,Academic
2026-03-21,polling,house_prob,prob,0.6827,0.6664,0.71,spread,6,Polling
2026-03-21,market,house_prob,prob,0.8742,0.8354,0.913,spread,2,Markets
2026-03-21,academic,house_prob,prob,0.7185,0.4254,0.995,spread,6,Academic
2026-03-22,polling,house_prob,prob,0.6833,0.6688,0.7104,spread,6,Polling
2026-03-22,market,house_prob,prob,0.881,0.8465,0.9156,spread,2,Markets
2026-03-22,academic,house_prob,prob,0.7187,0.4254,0.995,spread,6,Academic
2026-03-23,polling,house_prob,prob,0.6835,0.6697,0.7104,spread,6,Polling
2026-03-23,market,house_prob,prob,0.8742,0.8481,0.9004,spread,2,Markets
2026-03-23,academic,house_prob,prob,0.7191,0.4254,0.995,spread,6,Academic
2026-03-24,polling,house_prob,prob,0.6865,0.6666,0.7105,spread,6,Polling
2026-03-24,market,house_prob,prob,0.869,0.8417,0.8964,spread,2,Markets
2026-03-24,academic,house_prob,prob,0.7188,0.4254,0.995,spread,6,Academic
2026-03-25,polling,house_prob,prob,0.6902,0.6629,0.7135,spread,6,Polling
2026-03-25,market,house_prob,prob,0.8631,0.8276,0.8986,spread,2,Markets
2026-03-25,academic,house_prob,prob,0.7192,0.4254,0.995,spread,6,Academic
2026-03-26,polling,house_prob,prob,0.6954,0.6502,0.7262,spread,6,Polling
2026-03-26,market,house_prob,prob,0.8802,0.8346,0.9259,spread,2,Markets
2026-03-26,academic,house_prob,prob,0.7205,0.4254,0.995,spread,6,Academic
2026-03-27,polling,house_prob,prob,0.6978,0.6579,0.7329,spread,6,Polling
2026-03-27,market,house_prob,prob,0.8766,0.8421,0.9112,spread,2,Markets
2026-03-27,academic,house_prob,prob,0.7206,0.4254,0.9953,spread,6,Academic
2026-03-28,polling,house_prob,prob,0.7001,0.6656,0.7396,spread,6,Polling
2026-03-28,market,house_prob,prob,0.8982,0.8441,0.9522,spread,2,Markets
2026-03-28,academic,house_prob,prob,0.7205,0.4254,0.9953,spread,6,Academic
2026-03-29,polling,house_prob,prob,0.7032,0.6733,0.7462,spread,6,Polling
2026-03-29,market,house_prob,prob,0.8892,0.8441,0.9343,spread,2,Markets
2026-03-29,academic,house_prob,prob,0.7209,0.4254,0.9953,spread,6,Academic
2026-03-30,polling,house_prob,prob,0.7069,0.681,0.7529,spread,6,Polling
2026-03-30,market,house_prob,prob,0.8881,0.8441,0.9321,spread,2,Markets
2026-03-30,academic,house_prob,prob,0.722,0.4254,0.9953,spread,6,Academic
2026-03-31,polling,house_prob,prob,0.7072,0.6703,0.7599,spread,6,Polling
2026-03-31,market,house_prob,prob,0.8956,0.8441,0.9471,spread,2,Markets
2026-03-31,academic,house_prob,prob,0.7222,0.4254,0.9953,spread,6,Academic
2026-04-01,polling,house_prob,prob,0.7073,0.6595,0.7668,spread,6,Polling
2026-04-01,market,house_prob,prob,0.885,0.8441,0.9259,spread,2,Markets
2026-04-01,academic,house_prob,prob,0.719,0.4254,0.9967,spread,6,Academic
2026-04-02,polling,house_prob,prob,0.7087,0.6629,0.767,spread,6,Polling
2026-04-02,market,house_prob,prob,0.8866,0.8441,0.9292,spread,2,Markets
2026-04-02,academic,house_prob,prob,0.7191,0.4254,0.9967,spread,6,Academic
2026-04-03,polling,house_prob,prob,0.7104,0.6663,0.7671,spread,6,Polling
2026-04-03,market,house_prob,prob,0.8871,0.8441,0.9302,spread,2,Markets
2026-04-03,academic,house_prob,prob,0.7193,0.4254,0.9967,spread,6,Academic
2026-04-04,polling,house_prob,prob,0.7063,0.649,0.7623,spread,6,Polling
2026-04-04,market,house_prob,prob,0.8914,0.8441,0.9387,spread,2,Markets
2026-04-04,academic,house_prob,prob,0.7194,0.4254,0.9967,spread,6,Academic
2026-04-05,polling,house_prob,prob,0.6989,0.6316,0.7575,spread,6,Polling
2026-04-05,market,house_prob,prob,0.9479,,,,1,Markets
2026-04-05,academic,house_prob,prob,0.7172,0.4254,0.9967,spread,6,Academic
2026-04-06,polling,house_prob,prob,0.6921,0.6142,0.7528,spread,6,Polling
2026-04-06,market,house_prob,prob,0.9479,,,,1,Markets
2026-04-06,academic,house_prob,prob,0.7152,0.4254,0.9967,spread,6,Academic
2026-04-07,polling,house_prob,prob,0.6816,0.5969,0.748,spread,6,Polling
2026-04-07,market,house_prob,prob,0.934,,,,1,Markets
2026-04-07,academic,house_prob,prob,0.7107,0.4254,0.9967,spread,6,Academic
2026-04-08,polling,house_prob,prob,0.6841,0.6008,0.7498,spread,6,Polling
2026-04-08,market,house_prob,prob,0.921,,,,1,Markets
2026-04-08,academic,house_prob,prob,0.7114,0.4254,0.9967,spread,6,Academic
2026-04-09,polling,house_prob,prob,0.686,0.6048,0.7516,spread,6,Polling
2026-04-09,market,house_prob,prob,0.8903,0.8674,0.9132,spread,2,Markets
2026-04-09,academic,house_prob,prob,0.7119,0.4254,0.9967,spread,6,Academic
2026-04-10,polling,house_prob,prob,0.6875,0.6087,0.7533,spread,6,Polling
2026-04-10,market,house_prob,prob,0.9033,0.8674,0.9392,spread,2,Markets
2026-04-10,academic,house_prob,prob,0.7118,0.4254,0.9967,spread,6,Academic
2026-04-11,polling,house_prob,prob,0.6888,0.6126,0.7551,spread,6,Polling
2026-04-11,market,house_prob,prob,0.913,0.8674,0.9587,spread,2,Markets
2026-04-11,academic,house_prob,prob,0.712,0.4254,0.9967,spread,6,Academic
2026-04-12,polling,house_prob,prob,0.6875,0.5969,0.7422,spread,6,Polling
2026-04-12,market,house_prob,prob,0.905,0.8674,0.9426,spread,2,Markets
2026-04-12,academic,house_prob,prob,0.7147,0.4254,0.9967,spread,6,Academic
2026-04-13,polling,house_prob,prob,0.6823,0.5813,0.7294,spread,6,Polling
2026-04-13,market,house_prob,prob,0.906,0.8674,0.9445,spread,2,Markets
2026-04-13,academic,house_prob,prob,0.7146,0.4254,0.9967,spread,6,Academic
2026-04-14,polling,house_prob,prob,0.6841,0.5812,0.7296,spread,6,Polling
2026-04-14,market,house_prob,prob,0.9033,0.8674,0.9393,spread,2,Markets
2026-04-14,academic,house_prob,prob,0.7159,0.4254,0.9967,spread,6,Academic
2026-04-15,polling,house_prob,prob,0.6861,0.5813,0.7298,spread,6,Polling
2026-04-15,market,house_prob,prob,0.8937,0.8674,0.92,spread,2,Markets
2026-04-15,academic,house_prob,prob,0.7174,0.4254,0.9967,spread,6,Academic
2026-04-16,polling,house_prob,prob,0.6892,0.5814,0.7332,spread,6,Polling
2026-04-16,market,house_prob,prob,0.8962,0.8674,0.9249,spread,2,Markets
2026-04-16,academic,house_prob,prob,0.7198,0.4254,0.9967,spread,6,Academic
2026-04-17,polling,house_prob,prob,0.6889,0.5815,0.7367,spread,6,Polling
2026-04-17,market,house_prob,prob,0.9223,,,,1,Markets
2026-04-17,academic,house_prob,prob,0.7199,0.4254,0.9967,spread,6,Academic
2026-04-18,polling,house_prob,prob,0.6879,0.5815,0.7401,spread,6,Polling
2026-04-18,market,house_prob,prob,0.9662,,,,1,Markets
2026-04-18,academic,house_prob,prob,0.7196,0.4254,0.9967,spread,6,Academic
2026-04-19,polling,house_prob,prob,0.6892,0.5816,0.7436,spread,6,Polling
2026-04-19,market,house_prob,prob,0.9641,,,,1,Markets
2026-04-19,academic,house_prob,prob,0.7206,0.4254,0.9967,spread,6,Academic
2026-04-20,polling,house_prob,prob,0.6921,0.5917,0.7454,spread,6,Polling
2026-04-20,market,house_prob,prob,0.9291,,,,1,Markets
2026-04-20,academic,house_prob,prob,0.7201,0.4254,0.9967,spread,6,Academic
2026-04-21,polling,house_prob,prob,0.6967,0.6018,0.7473,spread,6,Polling
2026-04-21,market,house_prob,prob,0.9575,,,,1,Markets
2026-04-21,academic,house_prob,prob,0.7202,0.4254,0.9967,spread,6,Academic
2026-04-22,polling,house_prob,prob,0.7013,0.6119,0.7491,spread,6,Polling
2026-04-22,market,house_prob,prob,0.896,0.8536,0.9384,spread,2,Markets
2026-04-22,academic,house_prob,prob,0.7203,0.4254,0.9967,spread,6,Academic
2026-04-23,polling,house_prob,prob,0.7061,0.622,0.751,spread,6,Polling
2026-04-23,market,house_prob,prob,0.9012,0.867,0.9355,spread,2,Markets
2026-04-23,academic,house_prob,prob,0.7203,0.4254,0.9967,spread,6,Academic
2026-04-24,polling,house_prob,prob,0.7083,0.6381,0.751,spread,6,Polling
2026-04-24,market,house_prob,prob,0.9001,0.8666,0.9336,spread,2,Markets
2026-04-24,academic,house_prob,prob,0.7204,0.4254,0.9967,spread,6,Academic
2026-04-25,polling,house_prob,prob,0.7109,0.6542,0.7511,spread,6,Polling
2026-04-25,market,house_prob,prob,0.901,0.8661,0.9359,spread,2,Markets
2026-04-25,academic,house_prob,prob,0.7204,0.4254,0.9967,spread,6,Academic
2026-04-26,polling,house_prob,prob,0.7114,0.6543,0.7514,spread,6,Polling
2026-04-26,market,house_prob,prob,0.8876,0.8617,0.9135,spread,2,Markets
2026-04-26,academic,house_prob,prob,0.7205,0.4254,0.9967,spread,6,Academic
2026-04-27,polling,house_prob,prob,0.7116,0.6544,0.7517,spread,6,Polling
2026-04-27,market,house_prob,prob,0.8885,0.8622,0.9149,spread,2,Markets
2026-04-27,academic,house_prob,prob,0.7205,0.4254,0.9967,spread,6,Academic
2026-04-28,polling,house_prob,prob,0.7195,0.6855,0.7519,spread,6,Polling
2026-04-28,market,house_prob,prob,0.8948,0.8614,0.9282,spread,2,Markets
2026-04-28,academic,house_prob,prob,0.7205,0.4254,0.997,spread,6,Academic
2026-04-29,polling,house_prob,prob,0.7273,0.6939,0.7552,spread,6,Polling
2026-04-29,market,house_prob,prob,0.8741,0.8618,0.8864,spread,2,Markets
2026-04-29,academic,house_prob,prob,0.7205,0.4254,0.997,spread,6,Academic
2026-04-30,polling,house_prob,prob,0.7397,0.6997,0.7639,spread,6,Polling
2026-04-30,market,house_prob,prob,0.8603,0.8521,0.8685,spread,2,Markets
2026-04-30,academic,house_prob,prob,0.7236,0.423,0.997,spread,6,Academic
2026-05-01,polling,house_prob,prob,0.7476,0.7017,0.7789,spread,6,Polling
2026-05-01,market,house_prob,prob,0.8357,0.8296,0.8419,spread,2,Markets
2026-05-01,academic,house_prob,prob,0.7275,0.423,0.9983,spread,6,Academic
2026-05-02,polling,house_prob,prob,0.7227,0.6723,0.7456,spread,6,Polling
2026-05-02,market,house_prob,prob,0.8325,0.822,0.843,spread,2,Markets
2026-05-02,academic,house_prob,prob,0.7275,0.423,0.9983,spread,6,Academic
2026-05-03,polling,house_prob,prob,0.6935,0.643,0.7187,spread,6,Polling
2026-05-03,market,house_prob,prob,0.8316,0.8197,0.8434,spread,2,Markets
2026-05-03,academic,house_prob,prob,0.7247,0.423,0.9983,spread,6,Academic
2026-05-04,polling,house_prob,prob,0.6497,0.5834,0.6959,spread,6,Polling
2026-05-04,market,house_prob,prob,0.8294,0.8213,0.8375,spread,2,Markets
2026-05-04,academic,house_prob,prob,0.6577,0.3428,0.996,spread,6,Academic
2026-05-05,polling,house_prob,prob,0.6252,0.5842,0.6749,spread,6,Polling
2026-05-05,market,house_prob,prob,0.8204,0.8107,0.8301,spread,2,Markets
2026-05-05,academic,house_prob,prob,0.658,0.3428,0.996,spread,6,Academic
2026-05-06,polling,house_prob,prob,0.6199,0.5797,0.6657,spread,6,Polling
2026-05-06,market,house_prob,prob,0.8068,0.7972,0.8163,spread,2,Markets
2026-05-06,academic,house_prob,prob,0.6591,0.3428,0.996,spread,6,Academic
2026-05-07,polling,house_prob,prob,0.6117,0.5675,0.6665,spread,6,Polling
2026-05-07,market,house_prob,prob,0.8048,0.8012,0.8083,spread,2,Markets
2026-05-07,academic,house_prob,prob,0.641,0.3246,0.9949,spread,6,Academic
2026-05-08,polling,house_prob,prob,0.6145,0.5839,0.6541,spread,6,Polling
2026-05-08,market,house_prob,prob,0.8018,0.7982,0.8055,spread,2,Markets
2026-05-08,academic,house_prob,prob,0.6409,0.3246,0.9949,spread,6,Academic
2026-05-09,polling,house_prob,prob,0.618,0.5907,0.6498,spread,6,Polling
2026-05-09,market,house_prob,prob,0.7602,0.7519,0.7685,spread,2,Markets
2026-05-09,academic,house_prob,prob,0.6414,0.3246,0.9949,spread,6,Academic
2026-05-10,polling,house_prob,prob,0.6266,0.5789,0.654,spread,6,Polling
2026-05-10,market,house_prob,prob,0.7468,0.7437,0.7499,spread,2,Markets
2026-05-10,academic,house_prob,prob,0.6401,0.3246,0.9949,spread,6,Academic
2026-05-11,polling,house_prob,prob,0.6395,0.5926,0.6748,spread,6,Polling
2026-05-11,market,house_prob,prob,0.7484,0.7411,0.7556,spread,2,Markets
2026-05-11,academic,house_prob,prob,0.6415,0.3246,0.9949,spread,6,Academic
2026-05-12,polling,house_prob,prob,0.6501,0.5927,0.712,spread,6,Polling
2026-05-12,market,house_prob,prob,0.7481,0.7368,0.7595,spread,2,Markets
2026-05-12,academic,house_prob,prob,0.6415,0.3246,0.9949,spread,6,Academic
2026-05-13,polling,house_prob,prob,0.6607,0.5929,0.7492,spread,6,Polling
2026-05-13,market,house_prob,prob,0.752,0.7409,0.7631,spread,2,Markets
2026-05-13,academic,house_prob,prob,0.6416,0.3246,0.9949,spread,6,Academic
2026-05-14,polling,house_prob,prob,0.6603,0.5937,0.7327,spread,6,Polling
2026-05-14,market,house_prob,prob,0.7487,0.7373,0.76,spread,2,Markets
2026-05-14,academic,house_prob,prob,0.6417,0.3246,0.9949,spread,6,Academic
2026-05-15,polling,house_prob,prob,0.663,0.6008,0.7163,spread,6,Polling
2026-05-15,market,house_prob,prob,0.7504,0.7376,0.7631,spread,2,Markets
2026-05-15,academic,house_prob,prob,0.6443,0.3246,0.9952,spread,6,Academic
2026-05-16,polling,house_prob,prob,0.6624,0.601,0.7057,spread,6,Polling
2026-05-16,market,house_prob,prob,0.7471,0.7383,0.756,spread,2,Markets
2026-05-16,academic,house_prob,prob,0.6443,0.3246,0.9952,spread,6,Academic
2026-05-17,polling,house_prob,prob,0.6629,0.6011,0.706,spread,6,Polling
2026-05-17,market,house_prob,prob,0.7484,0.7412,0.7556,spread,2,Markets
2026-05-17,academic,house_prob,prob,0.6453,0.3246,0.9952,spread,6,Academic
2026-05-18,polling,house_prob,prob,0.6762,0.6055,0.721,spread,6,Polling
2026-05-18,market,house_prob,prob,0.7401,0.7238,0.7565,spread,2,Markets
2026-05-18,academic,house_prob,prob,0.6478,0.3246,0.9952,spread,6,Academic
2026-05-19,polling,house_prob,prob,0.688,0.6099,0.736,spread,6,Polling
2026-05-19,market,house_prob,prob,0.7588,0.7422,0.7753,spread,2,Markets
2026-05-19,academic,house_prob,prob,0.6491,0.3246,0.9952,spread,6,Academic
2026-05-20,polling,house_prob,prob,0.6972,0.6222,0.746,spread,6,Polling
2026-05-20,market,house_prob,prob,0.7723,0.7539,0.7908,spread,2,Markets
2026-05-20,academic,house_prob,prob,0.651,0.3246,0.9952,spread,6,Academic
2026-05-21,polling,house_prob,prob,0.7021,0.6345,0.7632,spread,6,Polling
2026-05-21,market,house_prob,prob,0.7754,0.758,0.7929,spread,2,Markets
2026-05-21,academic,house_prob,prob,0.65,0.3246,0.9952,spread,6,Academic
2026-05-22,polling,house_prob,prob,0.7063,0.641,0.7618,spread,6,Polling
2026-05-22,market,house_prob,prob,0.7772,0.7653,0.7892,spread,2,Markets
2026-05-22,academic,house_prob,prob,0.6504,0.3246,0.9952,spread,6,Academic
2026-05-23,polling,house_prob,prob,0.7099,0.6475,0.7639,spread,6,Polling
2026-05-23,market,house_prob,prob,0.7702,0.7529,0.7876,spread,2,Markets
2026-05-23,academic,house_prob,prob,0.6504,0.3246,0.9952,spread,6,Academic
2026-05-24,polling,house_prob,prob,0.7145,0.654,0.7741,spread,6,Polling
2026-05-24,market,house_prob,prob,0.7654,0.7474,0.7835,spread,2,Markets
2026-05-24,academic,house_prob,prob,0.6511,0.3246,0.9952,spread,6,Academic
2026-05-25,polling,house_prob,prob,0.7218,0.6605,0.7843,spread,6,Polling
2026-05-25,market,house_prob,prob,0.7619,0.7382,0.7857,spread,2,Markets
2026-05-25,academic,house_prob,prob,0.6542,0.3246,0.9952,spread,6,Academic
2026-05-26,polling,house_prob,prob,0.7224,0.6603,0.786,spread,6,Polling
2026-05-26,market,house_prob,prob,0.7601,0.7427,0.7776,spread,2,Markets
2026-05-26,academic,house_prob,prob,0.6511,0.3246,0.9952,spread,6,Academic
2026-05-27,polling,house_prob,prob,0.7253,0.6511,0.7877,spread,6,Polling
2026-05-27,market,house_prob,prob,0.7598,0.7384,0.7812,spread,2,Markets
2026-05-27,academic,house_prob,prob,0.65,0.3246,0.9952,spread,6,Academic
2026-05-28,polling,house_prob,prob,0.7245,0.6196,0.7895,spread,6,Polling
2026-05-28,market,house_prob,prob,0.7591,0.7384,0.7797,spread,2,Markets
2026-05-28,academic,house_prob,prob,0.6461,0.3246,0.9952,spread,6,Academic
2026-05-29,polling,house_prob,prob,0.725,0.5961,0.7912,spread,6,Polling
2026-05-29,market,house_prob,prob,0.7635,0.7487,0.7784,spread,2,Markets
2026-05-29,academic,house_prob,prob,0.6319,0.3096,0.9943,spread,6,Academic
2026-05-30,polling,house_prob,prob,0.7266,0.5962,0.7915,spread,6,Polling
2026-05-30,market,house_prob,prob,0.7408,0.7081,0.7734,spread,2,Markets
2026-05-30,academic,house_prob,prob,0.6319,0.3096,0.9943,spread,6,Academic
2026-05-31,polling,house_prob,prob,0.7287,0.6,0.7918,spread,6,Polling
2026-05-31,market,house_prob,prob,0.7496,0.7214,0.7778,spread,2,Markets
2026-05-31,academic,house_prob,prob,0.6323,0.3096,0.9943,spread,6,Academic
2026-06-01,polling,house_prob,prob,0.7186,0.5938,0.7799,spread,6,Polling
2026-06-01,market,house_prob,prob,0.7517,0.7166,0.7868,spread,2,Markets
2026-06-01,academic,house_prob,prob,0.6369,0.3096,0.9864,spread,6,Academic
2026-06-02,polling,house_prob,prob,0.7122,0.5892,0.7738,spread,6,Polling
2026-06-02,market,house_prob,prob,0.7687,0.7321,0.8052,spread,2,Markets
2026-06-02,academic,house_prob,prob,0.6319,0.3045,0.9858,spread,6,Academic
2026-06-03,polling,house_prob,prob,0.6972,0.5893,0.7528,spread,6,Polling
2026-06-03,market,house_prob,prob,0.7854,0.7681,0.8027,spread,2,Markets
2026-06-03,academic,house_prob,prob,0.6314,0.3045,0.9858,spread,6,Academic
2026-06-04,polling,house_prob,prob,0.6815,0.5857,0.7318,spread,6,Polling
2026-06-04,market,house_prob,prob,0.7723,0.7442,0.8004,spread,2,Markets
2026-06-04,academic,house_prob,prob,0.631,0.3045,0.9858,spread,6,Academic
2026-06-05,polling,house_prob,prob,0.6635,0.5679,0.7107,spread,6,Polling
2026-06-05,market,house_prob,prob,0.7635,0.7267,0.8004,spread,2,Markets
2026-06-05,academic,house_prob,prob,0.6283,0.3045,0.9858,spread,6,Academic
2026-06-06,polling,house_prob,prob,0.6484,0.5672,0.6972,spread,6,Polling
2026-06-06,market,house_prob,prob,0.7567,0.7154,0.798,spread,2,Markets
2026-06-06,academic,house_prob,prob,0.6283,0.3045,0.9858,spread,6,Academic
2026-06-07,polling,house_prob,prob,0.6446,0.5568,0.6973,spread,6,Polling
2026-06-07,market,house_prob,prob,0.7729,0.7453,0.8004,spread,2,Markets
2026-06-07,academic,house_prob,prob,0.6264,0.3045,0.9858,spread,6,Academic
2026-06-08,polling,house_prob,prob,0.6433,0.5608,0.6974,spread,6,Polling
2026-06-08,market,house_prob,prob,0.773,0.7455,0.8004,spread,2,Markets
2026-06-08,academic,house_prob,prob,0.6271,0.3045,0.9858,spread,6,Academic
2026-06-09,polling,house_prob,prob,0.6265,0.5529,0.6879,spread,6,Polling
2026-06-09,market,house_prob,prob,0.7787,0.7577,0.7996,spread,2,Markets
2026-06-09,academic,house_prob,prob,0.6261,0.3045,0.9858,spread,6,Academic
2026-06-10,polling,house_prob,prob,0.6069,0.5288,0.6784,spread,6,Polling
2026-06-10,market,house_prob,prob,0.7795,0.7618,0.7972,spread,2,Markets
2026-06-10,academic,house_prob,prob,0.623,0.3045,0.9858,spread,6,Academic
2026-06-11,polling,house_prob,prob,0.6055,0.5288,0.6689,spread,6,Polling
2026-06-11,market,house_prob,prob,0.7825,0.7677,0.7972,spread,2,Markets
2026-06-11,academic,house_prob,prob,0.623,0.3045,0.9858,spread,6,Academic
2026-06-12,polling,house_prob,prob,0.6025,0.5203,0.6594,spread,6,Polling
2026-06-12,market,house_prob,prob,0.7813,0.7691,0.7935,spread,2,Markets
2026-06-12,academic,house_prob,prob,0.622,0.3045,0.9858,spread,6,Academic
2026-06-13,polling,house_prob,prob,0.5959,0.5203,0.6499,spread,6,Polling
2026-06-13,market,house_prob,prob,0.7849,0.7758,0.7939,spread,2,Markets
2026-06-13,academic,house_prob,prob,0.6221,0.3045,0.9858,spread,6,Academic
2026-06-14,polling,house_prob,prob,0.5903,0.5259,0.6404,spread,6,Polling
2026-06-14,market,house_prob,prob,0.7851,0.7784,0.7918,spread,2,Markets
2026-06-14,academic,house_prob,prob,0.6228,0.3045,0.9858,spread,6,Academic
2026-06-15,polling,house_prob,prob,0.5879,0.5108,0.6405,spread,6,Polling
2026-06-15,market,house_prob,prob,0.7871,0.772,0.8021,spread,2,Markets
2026-06-15,academic,house_prob,prob,0.6205,0.3045,0.9858,spread,6,Academic
2026-06-16,polling,house_prob,prob,0.592,0.5352,0.6406,spread,6,Polling
2026-06-16,market,house_prob,prob,0.7767,0.7753,0.7781,spread,2,Markets
2026-06-16,academic,house_prob,prob,0.6239,0.3045,0.9858,spread,6,Academic
2026-06-17,polling,house_prob,prob,0.5917,0.5329,0.6407,spread,6,Polling
2026-06-17,market,house_prob,prob,0.7814,0.7766,0.7863,spread,2,Markets
2026-06-17,academic,house_prob,prob,0.6236,0.3045,0.9858,spread,6,Academic
2026-06-18,polling,house_prob,prob,0.5916,0.5324,0.6408,spread,6,Polling
2026-06-18,market,house_prob,prob,0.7802,0.7712,0.7891,spread,2,Markets
2026-06-18,academic,house_prob,prob,0.6235,0.3045,0.9858,spread,6,Academic
2026-06-19,polling,house_prob,prob,0.5851,0.5325,0.6354,spread,6,Polling
2026-06-19,market,house_prob,prob,0.7842,0.7732,0.7951,spread,2,Markets
2026-06-19,academic,house_prob,prob,0.6235,0.3045,0.9858,spread,6,Academic
2026-06-20,polling,house_prob,prob,0.5785,0.5325,0.6299,spread,6,Polling
2026-06-20,market,house_prob,prob,0.7725,0.7579,0.7871,spread,2,Markets
2026-06-20,academic,house_prob,prob,0.6238,0.3045,0.9858,spread,6,Academic
2026-06-21,polling,house_prob,prob,0.5741,0.5449,0.6245,spread,6,Polling
2026-06-21,market,house_prob,prob,0.7748,0.7621,0.7875,spread,2,Markets
2026-06-21,academic,house_prob,prob,0.6255,0.3045,0.9858,spread,6,Academic
2026-06-22,polling,house_prob,prob,0.5691,0.5296,0.6191,spread,6,Polling
2026-06-22,market,house_prob,prob,0.7738,0.7646,0.7831,spread,2,Markets
2026-06-22,academic,house_prob,prob,0.6267,0.3045,0.9858,spread,6,Academic
2026-06-23,polling,house_prob,prob,0.5657,0.5296,0.6136,spread,6,Polling
2026-06-23,market,house_prob,prob,0.7784,0.7627,0.794,spread,2,Markets
2026-06-23,academic,house_prob,prob,0.6249,0.3045,0.9858,spread,6,Academic
2026-06-24,polling,house_prob,prob,0.564,0.5297,0.6082,spread,6,Polling
2026-06-24,market,house_prob,prob,0.7785,0.7629,0.794,spread,2,Markets
2026-06-24,academic,house_prob,prob,0.6243,0.3045,0.9858,spread,6,Academic
2026-06-25,polling,house_prob,prob,0.5685,0.5378,0.6128,spread,6,Polling
2026-06-25,market,house_prob,prob,0.7985,0.7783,0.8187,spread,2,Markets
2026-06-25,academic,house_prob,prob,0.6247,0.3045,0.9858,spread,6,Academic
2026-06-26,polling,house_prob,prob,0.5761,0.5571,0.6173,spread,6,Polling
2026-06-26,market,house_prob,prob,0.7806,0.7742,0.7869,spread,2,Markets
2026-06-26,academic,house_prob,prob,0.6272,0.3045,0.9858,spread,6,Academic
2026-06-27,polling,house_prob,prob,0.5762,0.5571,0.6175,spread,6,Polling
2026-06-27,market,house_prob,prob,0.7803,0.7725,0.7882,spread,2,Markets
2026-06-27,academic,house_prob,prob,0.6274,0.3045,0.9858,spread,6,Academic
2026-06-28,polling,house_prob,prob,0.5783,0.5571,0.6176,spread,6,Polling
2026-06-28,market,house_prob,prob,0.783,0.777,0.789,spread,2,Markets
2026-06-28,academic,house_prob,prob,0.6292,0.3045,0.9858,spread,6,Academic
2026-06-29,polling,house_prob,prob,0.5772,0.5479,0.6227,spread,6,Polling
2026-06-29,market,house_prob,prob,0.7882,0.778,0.7984,spread,2,Markets
2026-06-29,academic,house_prob,prob,0.6267,0.3045,0.9858,spread,6,Academic
2026-06-30,polling,house_prob,prob,0.5805,0.5298,0.6278,spread,6,Polling
2026-06-30,market,house_prob,prob,0.7957,0.7846,0.8068,spread,2,Markets
2026-06-30,academic,house_prob,prob,0.6278,0.3045,0.9858,spread,6,Academic
2026-07-01,polling,house_prob,prob,0.5877,0.5445,0.6329,spread,6,Polling
2026-07-01,market,house_prob,prob,0.7926,0.776,0.8092,spread,2,Markets
2026-07-01,academic,house_prob,prob,0.6285,0.3045,0.9858,spread,6,Academic
2026-07-02,polling,house_prob,prob,0.5969,0.5592,0.638,spread,6,Polling
2026-07-02,market,house_prob,prob,0.8048,0.7984,0.8111,spread,2,Markets
2026-07-02,academic,house_prob,prob,0.6301,0.3045,0.9858,spread,6,Academic
2026-07-03,polling,house_prob,prob,0.6042,0.5722,0.6431,spread,6,Polling
2026-07-03,market,house_prob,prob,0.806,0.8001,0.8119,spread,2,Markets
2026-07-03,academic,house_prob,prob,0.6301,0.3045,0.9858,spread,6,Academic
2026-07-04,polling,house_prob,prob,0.6042,0.5718,0.6433,spread,6,Polling
2026-07-04,market,house_prob,prob,0.8139,0.8079,0.82,spread,2,Markets
2026-07-04,academic,house_prob,prob,0.6298,0.3045,0.9858,spread,6,Academic
2026-07-05,polling,house_prob,prob,0.6036,0.5679,0.6435,spread,6,Polling
2026-07-05,market,house_prob,prob,0.8144,0.8091,0.8196,spread,2,Markets
2026-07-05,academic,house_prob,prob,0.6291,0.3045,0.9858,spread,6,Academic
2026-07-06,polling,house_prob,prob,0.6033,0.5655,0.6437,spread,6,Polling
2026-07-06,market,house_prob,prob,0.8173,0.8076,0.827,spread,2,Markets
2026-07-06,academic,house_prob,prob,0.6187,0.3045,0.9858,spread,6,Academic
2026-07-07,polling,house_prob,prob,0.6016,0.555,0.6438,spread,6,Polling
2026-07-07,market,house_prob,prob,0.8205,0.8118,0.8292,spread,2,Markets
2026-07-07,academic,house_prob,prob,0.6169,0.3045,0.9858,spread,6,Academic
2026-07-08,polling,house_prob,prob,0.6023,0.5588,0.6438,spread,6,Polling
2026-07-08,market,house_prob,prob,0.823,0.8142,0.8317,spread,2,Markets
2026-07-08,academic,house_prob,prob,0.6177,0.3045,0.9858,spread,6,Academic
2026-07-09,polling,house_prob,prob,0.6028,0.5589,0.6439,spread,6,Polling
2026-07-09,market,house_prob,prob,0.8209,0.8093,0.8325,spread,2,Markets
2026-07-09,academic,house_prob,prob,0.6177,0.3045,0.9858,spread,6,Academic
2026-07-10,polling,house_prob,prob,0.6015,0.5481,0.644,spread,6,Polling
2026-07-10,market,house_prob,prob,0.8216,0.8089,0.8342,spread,2,Markets
2026-07-10,academic,house_prob,prob,0.6166,0.3045,0.9858,spread,6,Academic
2026-07-11,polling,house_prob,prob,0.602,0.5482,0.6442,spread,6,Polling
2026-07-11,market,house_prob,prob,0.8099,0.7774,0.8424,spread,2,Markets
2026-07-11,academic,house_prob,prob,0.6166,0.3045,0.9858,spread,6,Academic
2026-07-12,polling,house_prob,prob,0.5988,0.5262,0.6532,spread,6,Polling
2026-07-12,market,house_prob,prob,0.8488,0.8333,0.8643,spread,2,Markets
2026-07-12,academic,house_prob,prob,0.6144,0.3045,0.9858,spread,6,Academic
2026-07-13,polling,house_prob,prob,0.5954,0.5052,0.6532,spread,6,Polling
2026-07-13,market,house_prob,prob,0.8446,0.83,0.8593,spread,2,Markets
2026-07-13,academic,house_prob,prob,0.6117,0.3045,0.9858,spread,6,Academic
2026-07-14,polling,house_prob,prob,0.595,0.5027,0.6533,spread,6,Polling
2026-07-14,market,house_prob,prob,0.8203,0.8093,0.8313,spread,2,Markets
2026-07-14,academic,house_prob,prob,0.611,0.3045,0.9858,spread,6,Academic
2026-07-15,polling,house_prob,prob,0.5952,0.5028,0.6535,spread,6,Polling
2026-07-15,market,house_prob,prob,0.8198,0.8047,0.835,spread,2,Markets
2026-07-15,academic,house_prob,prob,0.6111,0.3045,0.9858,spread,6,Academic
2026-07-16,polling,house_prob,prob,0.5952,0.5028,0.6536,spread,6,Polling
2026-07-16,market,house_prob,prob,0.8034,0.7717,0.835,spread,2,Markets
2026-07-16,academic,house_prob,prob,0.6112,0.3045,0.9858,spread,6,Academic
2026-07-17,polling,house_prob,prob,0.5959,0.5064,0.6538,spread,6,Polling
2026-07-17,market,house_prob,prob,0.8046,0.7819,0.8273,spread,2,Markets
2026-07-17,academic,house_prob,prob,0.6113,0.3045,0.9858,spread,6,Academic
2026-07-18,polling,house_prob,prob,0.596,0.5063,0.6539,spread,6,Polling
2026-07-18,market,house_prob,prob,0.8074,0.787,0.8277,spread,2,Markets
2026-07-18,academic,house_prob,prob,0.6113,0.3045,0.9858,spread,6,Academic
2026-07-19,polling,house_prob,prob,0.5604,0.4549,0.6466,spread,6,Polling
2026-07-19,market,house_prob,prob,0.8076,0.7902,0.8251,spread,2,Markets
2026-07-19,academic,house_prob,prob,0.6101,0.3045,0.9858,spread,6,Academic
2026-07-20,polling,house_prob,prob,0.5393,0.3696,0.6482,spread,6,Polling
2026-07-20,market,house_prob,prob,0.802,0.7789,0.8251,spread,2,Markets
2026-07-20,academic,house_prob,prob,0.62,0.3045,0.9858,spread,6,Academic
2026-07-21,polling,house_prob,prob,0.5488,0.4034,0.6498,spread,6,Polling
2026-07-21,market,house_prob,prob,0.8161,0.8071,0.8251,spread,2,Markets
2026-07-21,academic,house_prob,prob,0.6185,0.3045,0.9867,spread,6,Academic
2026-07-22,polling,house_prob,prob,0.563,0.4373,0.6513,spread,6,Polling
2026-07-22,market,house_prob,prob,0.8153,0.7973,0.8333,spread,2,Markets
2026-07-22,academic,house_prob,prob,0.6202,0.3045,0.9867,spread,6,Academic
2026-07-23,polling,house_prob,prob,0.573,0.4712,0.6529,spread,6,Polling
2026-07-23,market,house_prob,prob,0.8175,0.8008,0.8342,spread,2,Markets
2026-07-23,academic,house_prob,prob,0.6189,0.3045,0.9867,spread,6,Academic
2026-07-24,polling,house_prob,prob,0.5857,0.505,0.6544,spread,6,Polling
2026-07-24,market,house_prob,prob,0.8176,0.801,0.8342,spread,2,Markets
2026-07-24,academic,house_prob,prob,0.6193,0.3045,0.9867,spread,6,Academic
2026-07-25,polling,house_prob,prob,0.5847,0.4927,0.6545,spread,6,Polling
2026-07-25,market,house_prob,prob,0.815,0.7957,0.8342,spread,2,Markets
2026-07-25,academic,house_prob,prob,0.6193,0.3045,0.9867,spread,6,Academic
2026-07-26,polling,house_prob,prob,0.5834,0.4805,0.6547,spread,6,Polling
2026-07-26,market,house_prob,prob,0.8199,0.7973,0.8425,spread,2,Markets
2026-07-26,academic,house_prob,prob,0.619,0.3045,0.9867,spread,6,Academic
2026-07-27,polling,house_prob,prob,0.5856,0.4682,0.6549,spread,6,Polling
2026-07-27,market,house_prob,prob,0.8162,0.7883,0.8441,spread,2,Markets
2026-07-27,academic,house_prob,prob,0.6217,0.3045,0.9867,spread,6,Academic
2026-07-28,polling,house_prob,prob,0.5859,0.4682,0.655,spread,6,Polling
2026-07-28,market,house_prob,prob,0.8256,0.8071,0.8441,spread,2,Markets
2026-07-28,academic,house_prob,prob,0.6221,0.3045,0.9867,spread,6,Academic
2026-07-29,polling,house_prob,prob,0.5886,0.477,0.6637,spread,6,Polling
2026-07-29,market,house_prob,prob,0.8305,0.817,0.8441,spread,2,Markets
2026-07-29,academic,house_prob,prob,0.6221,0.3045,0.9867,spread,6,Academic
2026-07-30,polling,house_prob,prob,0.591,0.4859,0.6724,spread,6,Polling
2026-07-30,market,house_prob,prob,0.8306,0.818,0.8433,spread,2,Markets
2026-07-30,academic,house_prob,prob,0.6221,0.3045,0.9867,spread,6,Academic
2026-07-31,polling,house_prob,prob,0.6157,0.5311,0.6812,spread,6,Polling
2026-07-31,market,house_prob,prob,0.8254,0.8043,0.8465,spread,2,Markets
2026-07-31,academic,house_prob,prob,0.6279,0.3312,0.9867,spread,6,Academic
2026-08-01,polling,house_prob,prob,0.6386,0.5762,0.6996,spread,6,Polling
2026-08-01,market,house_prob,prob,0.8274,0.8051,0.8496,spread,2,Markets
2026-08-01,academic,house_prob,prob,0.6271,0.3312,0.9867,spread,6,Academic
2026-08-02,polling,house_prob,prob,0.6602,0.617,0.6998,spread,6,Polling
2026-08-02,market,house_prob,prob,0.821,0.7846,0.8574,spread,2,Markets
2026-08-02,academic,house_prob,prob,0.6295,0.3312,0.9867,spread,6,Academic
2026-08-03,polling,house_prob,prob,0.6811,0.6333,0.7157,spread,6,Polling
2026-08-03,market,house_prob,prob,0.8209,0.7836,0.8583,spread,2,Markets
2026-08-03,academic,house_prob,prob,0.6311,0.3312,0.9867,spread,6,Academic
2026-08-04,polling,house_prob,prob,0.6833,0.6385,0.727,spread,6,Polling
2026-08-04,market,house_prob,prob,0.8361,0.8121,0.8602,spread,2,Markets
2026-08-04,academic,house_prob,prob,0.6319,0.3312,0.9867,spread,6,Academic
2026-08-05,polling,house_prob,prob,0.6874,0.6481,0.7383,spread,6,Polling
2026-08-05,market,house_prob,prob,0.8318,0.8046,0.8591,spread,2,Markets
2026-08-05,academic,house_prob,prob,0.6339,0.3312,0.9877,spread,6,Academic
2026-08-06,polling,house_prob,prob,0.6901,0.6553,0.7347,spread,6,Polling
2026-08-06,market,house_prob,prob,0.8315,0.7952,0.8678,spread,2,Markets
2026-08-06,academic,house_prob,prob,0.6339,0.3312,0.9877,spread,6,Academic
2026-08-07,polling,house_prob,prob,0.6919,0.6492,0.7311,spread,6,Polling
2026-08-07,market,house_prob,prob,0.8273,0.7962,0.8583,spread,2,Markets
2026-08-07,academic,house_prob,prob,0.6333,0.3312,0.9877,spread,6,Academic
2026-08-08,polling,house_prob,prob,0.6946,0.6492,0.7276,spread,6,Polling
2026-08-08,market,house_prob,prob,0.8321,0.8064,0.8579,spread,2,Markets
2026-08-08,academic,house_prob,prob,0.6334,0.3312,0.9877,spread,6,Academic
2026-08-09,polling,house_prob,prob,0.7,0.665,0.724,spread,6,Polling
2026-08-09,market,house_prob,prob,0.8353,0.8126,0.8579,spread,2,Markets
2026-08-09,academic,house_prob,prob,0.6352,0.3312,0.9877,spread,6,Academic
2026-08-10,polling,house_prob,prob,0.6887,0.5962,0.7244,spread,6,Polling
2026-08-10,market,house_prob,prob,0.8375,0.8148,0.8601,spread,2,Markets
2026-08-10,academic,house_prob,prob,0.6262,0.3312,0.9877,spread,6,Academic
2026-08-11,polling,house_prob,prob,0.6919,0.6146,0.7248,spread,6,Polling
2026-08-11,market,house_prob,prob,0.8455,0.8252,0.8657,spread,2,Markets
2026-08-11,academic,house_prob,prob,0.6294,0.3312,0.9877,spread,6,Academic
2026-08-12,polling,house_prob,prob,0.6888,0.5948,0.7251,spread,6,Polling
2026-08-12,market,house_prob,prob,0.8472,0.8291,0.8653,spread,2,Markets
2026-08-12,academic,house_prob,prob,0.6274,0.3312,0.9877,spread,6,Academic
2026-08-13,polling,house_prob,prob,0.689,0.5948,0.7254,spread,6,Polling
2026-08-13,market,house_prob,prob,0.8558,0.8442,0.8674,spread,2,Markets
2026-08-13,academic,house_prob,prob,0.6273,0.3312,0.9877,spread,6,Academic
2026-08-14,polling,house_prob,prob,0.6828,0.5865,0.7216,spread,6,Polling
2026-08-14,market,house_prob,prob,0.8485,0.8356,0.8614,spread,2,Markets
2026-08-14,academic,house_prob,prob,0.6266,0.3312,0.9877,spread,6,Academic
2026-08-15,polling,house_prob,prob,0.6781,0.5867,0.7177,spread,6,Polling
2026-08-15,market,house_prob,prob,0.8434,0.8338,0.8529,spread,2,Markets
2026-08-15,academic,house_prob,prob,0.6268,0.3312,0.9877,spread,6,Academic
2026-08-16,polling,house_prob,prob,0.6746,0.5948,0.7139,spread,6,Polling
2026-08-16,market,house_prob,prob,0.8421,0.8287,0.8555,spread,2,Markets
2026-08-16,academic,house_prob,prob,0.6273,0.3312,0.9877,spread,6,Academic
2026-08-17,polling,house_prob,prob,0.6697,0.5938,0.7101,spread,6,Polling
2026-08-17,market,house_prob,prob,0.8451,0.8276,0.8626,spread,2,Markets
2026-08-17,academic,house_prob,prob,0.627,0.3312,0.9877,spread,6,Academic
2026-08-18,polling,house_prob,prob,0.6698,0.5938,0.7104,spread,6,Polling
2026-08-18,market,house_prob,prob,0.8425,0.8255,0.8595,spread,2,Markets
2026-08-18,academic,house_prob,prob,0.627,0.3312,0.9877,spread,6,Academic
2026-08-19,polling,house_prob,prob,0.67,0.5938,0.7107,spread,6,Polling
2026-08-19,market,house_prob,prob,0.8479,0.8208,0.875,spread,2,Markets
2026-08-19,academic,house_prob,prob,0.6273,0.3312,0.9877,spread,6,Academic
2026-08-20,polling,house_prob,prob,0.6702,0.5939,0.711,spread,6,Polling
2026-08-20,market,house_prob,prob,0.8575,0.8299,0.885,spread,2,Markets
2026-08-20,academic,house_prob,prob,0.6274,0.3312,0.9877,spread,6,Academic
2026-08-21,polling,house_prob,prob,0.6517,0.594,0.6777,spread,6,Polling
2026-08-21,market,house_prob,prob,0.8285,0.7976,0.878,spread,3,Markets
2026-08-21,academic,house_prob,prob,0.6274,0.3312,0.9877,spread,6,Academic
2026-08-22,polling,house_prob,prob,0.6519,0.5941,0.678,spread,6,Polling
2026-08-22,market,house_prob,prob,0.8283,0.7889,0.8761,spread,3,Markets
2026-08-22,academic,house_prob,prob,0.6274,0.3312,0.9877,spread,6,Academic
2026-08-23,polling,house_prob,prob,0.653,0.6003,0.6781,spread,6,Polling
2026-08-23,market,house_prob,prob,0.8318,0.7904,0.885,spread,3,Markets
2026-08-23,academic,house_prob,prob,0.6276,0.3312,0.9877,spread,6,Academic
2026-08-24,polling,house_prob,prob,0.6552,0.6125,0.6783,spread,6,Polling
2026-08-24,market,house_prob,prob,0.8306,0.7868,0.885,spread,3,Markets
2026-08-24,academic,house_prob,prob,0.629,0.3312,0.9877,spread,6,Academic
2026-08-25,polling,house_prob,prob,0.6716,0.6335,0.7097,spread,6,Polling
2026-08-25,market,house_prob,prob,0.8216,0.7797,0.875,spread,3,Markets
2026-08-25,academic,house_prob,prob,0.6338,0.3312,0.9791,spread,6,Academic
2026-08-26,polling,house_prob,prob,0.6704,0.6337,0.7011,spread,6,Polling
2026-08-26,market,house_prob,prob,0.8235,0.7856,0.875,spread,3,Markets
2026-08-26,academic,house_prob,prob,0.6327,0.3312,0.9791,spread,6,Academic
2026-08-27,polling,house_prob,prob,0.6567,0.6424,0.6791,spread,6,Polling
2026-08-27,market,house_prob,prob,0.8413,0.8088,0.885,spread,3,Markets
2026-08-27,academic,house_prob,prob,0.6334,0.3312,0.9877,spread,6,Academic
2026-08-28,polling,house_prob,prob,0.6589,0.6424,0.6866,spread,6,Polling
2026-08-28,market,house_prob,prob,0.8402,0.8055,0.885,spread,3,Markets
2026-08-28,academic,house_prob,prob,0.6333,0.3312,0.9877,spread,6,Academic
2026-08-29,polling,house_prob,prob,0.6581,0.6429,0.6802,spread,6,Polling
2026-08-29,market,house_prob,prob,0.8449,0.8097,0.885,spread,3,Markets
2026-08-29,academic,house_prob,prob,0.6327,0.3312,0.9877,spread,6,Academic
2026-08-30,polling,house_prob,prob,0.6582,0.643,0.6803,spread,6,Polling
2026-08-30,market,house_prob,prob,0.8501,0.8152,0.895,spread,3,Markets
2026-08-30,academic,house_prob,prob,0.6328,0.3312,0.9877,spread,6,Academic
2026-08-31,polling,house_prob,prob,0.6749,0.6616,0.6863,spread,6,Polling
2026-08-31,market,house_prob,prob,0.8447,0.819,0.885,spread,3,Markets
2026-08-31,academic,house_prob,prob,0.632,0.3312,0.9792,spread,6,Academic
2026-09-01,polling,house_prob,prob,0.6772,0.6619,0.6992,spread,6,Polling
2026-09-01,market,house_prob,prob,0.8528,0.8335,0.885,spread,3,Markets
2026-09-01,academic,house_prob,prob,0.6327,0.3312,0.979,spread,6,Academic
2026-09-02,polling,house_prob,prob,0.6761,0.6617,0.6928,spread,6,Polling
2026-09-02,market,house_prob,prob,0.8482,0.8095,0.895,spread,3,Markets
2026-09-02,academic,house_prob,prob,0.6325,0.3312,0.9789,spread,6,Academic
2026-09-03,polling,house_prob,prob,0.6711,0.6617,0.6803,spread,6,Polling
2026-09-03,market,house_prob,prob,0.8498,0.8144,0.895,spread,3,Markets
2026-09-03,academic,house_prob,prob,0.6301,0.3312,0.9789,spread,6,Academic
2026-09-04,polling,house_prob,prob,0.6727,0.6622,0.6805,spread,6,Polling
2026-09-04,market,house_prob,prob,0.8438,0.8164,0.885,spread,3,Markets
2026-09-04,academic,house_prob,prob,0.6473,0.3312,0.979,spread,6,Academic
2026-09-05,polling,house_prob,prob,0.6622,0.6167,0.6806,spread,6,Polling
2026-09-05,market,house_prob,prob,0.8427,0.823,0.875,spread,3,Markets
2026-09-05,academic,house_prob,prob,0.6473,0.3312,0.979,spread,6,Academic
2026-09-06,polling,house_prob,prob,0.6624,0.6168,0.6808,spread,6,Polling
2026-09-06,market,house_prob,prob,0.8429,0.8238,0.875,spread,3,Markets
2026-09-06,academic,house_prob,prob,0.6486,0.3312,0.979,spread,6,Academic
2026-09-07,polling,house_prob,prob,0.6639,0.6078,0.7304,spread,6,Polling
2026-09-07,market,house_prob,prob,0.8489,0.8317,0.875,spread,3,Markets
2026-09-07,academic,house_prob,prob,0.6489,0.3312,0.979,spread,6,Academic
2026-09-08,polling,house_prob,prob,0.6645,0.6079,0.7306,spread,6,Polling
2026-09-08,market,house_prob,prob,0.8443,0.828,0.865,spread,3,Markets
2026-09-08,academic,house_prob,prob,0.6502,0.3312,0.979,spread,6,Academic
2026-09-09,polling,house_prob,prob,0.6701,0.6081,0.7308,spread,6,Polling
2026-09-09,market,house_prob,prob,0.8471,0.8262,0.875,spread,3,Markets
2026-09-09,academic,house_prob,prob,0.6536,0.3312,0.9788,spread,6,Academic
2026-09-10,polling,house_prob,prob,0.6734,0.6084,0.7309,spread,6,Polling
2026-09-10,market,house_prob,prob,0.8356,0.82,0.865,spread,3,Markets
2026-09-10,academic,house_prob,prob,0.6567,0.3312,0.9788,spread,6,Academic
2026-09-11,polling,house_prob,prob,0.719,0.6471,0.7921,spread,6,Polling
2026-09-11,market,house_prob,prob,0.8386,0.82,0.875,spread,3,Markets
2026-09-11,academic,house_prob,prob,0.6712,0.3448,0.9811,spread,6,Academic
2026-09-12,polling,house_prob,prob,0.7322,0.701,0.7923,spread,6,Polling
2026-09-12,market,house_prob,prob,0.8365,0.82,0.865,spread,3,Markets
2026-09-12,academic,house_prob,prob,0.6712,0.3448,0.9811,spread,6,Academic
2026-09-13,polling,house_prob,prob,0.733,0.709,0.7784,spread,6,Polling
2026-09-13,market,house_prob,prob,0.844,0.83,0.865,spread,3,Markets
2026-09-13,academic,house_prob,prob,0.6715,0.3448,0.9811,spread,6,Academic
2026-09-14,polling,house_prob,prob,0.7335,0.7091,0.7786,spread,6,Polling
2026-09-14,market,house_prob,prob,0.8525,0.84,0.875,spread,3,Markets
2026-09-14,academic,house_prob,prob,0.6713,0.3448,0.9808,spread,6,Academic
2026-09-15,polling,house_prob,prob,0.7739,0.7261,0.8259,spread,6,Polling
2026-09-15,market,house_prob,prob,0.8526,0.84,0.875,spread,3,Markets
2026-09-15,academic,house_prob,prob,0.6742,0.3448,0.9808,spread,6,Academic
2026-09-16,polling,house_prob,prob,0.8,0.7571,0.8561,spread,6,Polling
2026-09-16,market,house_prob,prob,0.8543,0.84,0.875,spread,3,Markets
2026-09-16,academic,house_prob,prob,0.673,0.3448,0.9852,spread,6,Academic
2026-09-17,polling,house_prob,prob,0.8183,0.7648,0.8623,spread,6,Polling
2026-09-17,market,house_prob,prob,0.8685,0.84,0.895,spread,3,Markets
2026-09-17,academic,house_prob,prob,0.6738,0.3448,0.9852,spread,6,Academic
2026-09-18,polling,house_prob,prob,0.8099,0.7651,0.8566,spread,6,Polling
2026-09-18,market,house_prob,prob,0.8806,0.86,0.895,spread,3,Markets
2026-09-18,academic,house_prob,prob,0.6748,0.3448,0.9852,spread,6,Academic
2026-09-19,polling,house_prob,prob,0.8148,0.7655,0.8572,spread,6,Polling
2026-09-19,market,house_prob,prob,0.8832,0.85,0.905,spread,3,Markets
2026-09-19,academic,house_prob,prob,0.6776,0.3448,0.9852,spread,6,Academic
2026-09-20,polling,house_prob,prob,0.8101,0.7656,0.8526,spread,6,Polling
2026-09-20,market,house_prob,prob,0.8946,0.87,0.925,spread,3,Markets
2026-09-20,academic,house_prob,prob,0.6778,0.3448,0.9852,spread,6,Academic
2026-09-21,polling,house_prob,prob,0.8091,0.7659,0.845,spread,6,Polling
2026-09-21,market,house_prob,prob,0.8997,0.87,0.925,spread,3,Markets
2026-09-21,academic,house_prob,prob,0.6775,0.3448,0.9852,spread,6,Academic
2026-09-22,polling,house_prob,prob,0.8372,0.7875,0.9432,spread,6,Polling
2026-09-22,market,house_prob,prob,0.9146,0.9088,0.925,spread,3,Markets
2026-09-22,academic,house_prob,prob,0.6834,0.3448,0.9855,spread,6,Academic
2026-09-23,polling,house_prob,prob,0.8375,0.7878,0.944,spread,6,Polling
2026-09-23,market,house_prob,prob,0.9092,0.89,0.925,spread,3,Markets
2026-09-23,academic,house_prob,prob,0.6552,0.2198,0.9779,spread,6,Academic
2026-09-24,polling,house_prob,prob,0.8445,0.802,0.9477,spread,6,Polling
2026-09-24,market,house_prob,prob,0.9121,0.9,0.925,spread,3,Markets
2026-09-24,academic,house_prob,prob,0.6564,0.2195,0.9781,spread,6,Academic
2026-09-25,polling,house_prob,prob,0.8456,0.7961,0.9458,spread,6,Polling
2026-09-25,market,house_prob,prob,0.9151,0.91,0.925,spread,3,Markets
2026-09-25,academic,house_prob,prob,0.6568,0.2193,0.9799,spread,6,Academic
2026-09-26,polling,house_prob,prob,0.8469,0.8024,0.9461,spread,6,Polling
2026-09-26,market,house_prob,prob,0.9155,0.9015,0.925,spread,3,Markets
2026-09-26,academic,house_prob,prob,0.6568,0.219,0.98,spread,6,Academic
2026-09-27,polling,house_prob,prob,0.8472,0.8029,0.9463,spread,6,Polling
2026-09-27,market,house_prob,prob,0.9035,0.89,0.925,spread,3,Markets
2026-09-27,academic,house_prob,prob,0.6569,0.2188,0.9805,spread,6,Academic
2026-09-28,polling,house_prob,prob,0.8475,0.8034,0.9465,spread,6,Polling
2026-09-28,market,house_prob,prob,0.905,0.89,0.925,spread,3,Markets
2026-09-28,academic,house_prob,prob,0.6573,0.2186,0.9808,spread,6,Academic
2026-09-29,polling,house_prob,prob,0.8583,0.8164,0.9546,spread,6,Polling
2026-09-29,market,house_prob,prob,0.9067,0.89,0.925,spread,3,Markets
2026-09-29,academic,house_prob,prob,0.6592,0.2191,0.9798,spread,6,Academic
2026-09-30,polling,house_prob,prob,0.832,0.804,0.8881,spread,6,Polling
2026-09-30,market,house_prob,prob,0.9057,0.88,0.925,spread,3,Markets
2026-09-30,academic,house_prob,prob,0.6745,0.3448,0.9861,spread,6,Academic
2026-10-01,polling,house_prob,prob,0.8335,0.8102,0.8827,spread,6,Polling
2026-10-01,market,house_prob,prob,0.9048,0.88,0.925,spread,3,Markets
2026-10-01,academic,house_prob,prob,0.6738,0.3448,0.9861,spread,6,Academic
2026-10-02,polling,house_prob,prob,0.8315,0.8042,0.8752,spread,6,Polling
2026-10-02,market,house_prob,prob,0.8989,0.87,0.925,spread,3,Markets
2026-10-02,academic,house_prob,prob,0.6734,0.3448,0.9859,spread,6,Academic
2026-10-03,polling,house_prob,prob,0.8318,0.8043,0.8763,spread,6,Polling
2026-10-03,market,house_prob,prob,0.9106,0.8968,0.935,spread,3,Markets
2026-10-03,academic,house_prob,prob,0.6734,0.3448,0.9859,spread,6,Academic
2026-10-04,polling,house_prob,prob,0.8324,0.8046,0.878,spread,6,Polling
2026-10-04,market,house_prob,prob,0.9062,0.8937,0.925,spread,3,Markets
2026-10-04,academic,house_prob,prob,0.6822,0.3448,0.9857,spread,6,Academic
2025-01-20,polling,house_seats,seats,216.732,196.31,224.53,spread,5,Polling
2025-01-20,academic,house_seats,seats,225.4967,206.26,247.5,spread,6,Academic
2025-01-21,polling,house_seats,seats,216.732,196.31,224.53,spread,5,Polling
2025-01-21,academic,house_seats,seats,225.6583,206.26,247.5,spread,6,Academic
2025-01-22,polling,house_seats,seats,216.732,196.31,224.53,spread,5,Polling
2025-01-22,academic,house_seats,seats,225.6183,206.26,247.5,spread,6,Academic
2025-01-23,polling,house_seats,seats,216.732,196.31,224.53,spread,5,Polling
2025-01-23,academic,house_seats,seats,225.5833,206.26,247.5,spread,6,Academic
2025-01-24,polling,house_seats,seats,216.732,196.31,224.53,spread,5,Polling
2025-01-24,academic,house_seats,seats,225.585,206.26,247.5,spread,6,Academic
2025-01-25,polling,house_seats,seats,216.732,196.31,224.53,spread,5,Polling
2025-01-25,academic,house_seats,seats,225.585,206.26,247.5,spread,6,Academic
2025-01-26,polling,house_seats,seats,217.452,199.91,224.53,spread,5,Polling
2025-01-26,academic,house_seats,seats,226.3483,206.26,247.5,spread,6,Academic
2025-01-27,polling,house_seats,seats,216.852,196.91,224.53,spread,5,Polling
2025-01-27,academic,house_seats,seats,225.7067,206.26,247.5,spread,6,Academic
2025-01-28,polling,house_seats,seats,216.852,196.91,224.53,spread,5,Polling
2025-01-28,academic,house_seats,seats,225.0483,206.26,247.5,spread,6,Academic
2025-01-29,polling,house_seats,seats,216.852,196.91,224.53,spread,5,Polling
2025-01-29,academic,house_seats,seats,225.0483,206.26,247.5,spread,6,Academic
2025-01-30,polling,house_seats,seats,216.852,196.91,224.53,spread,5,Polling
2025-01-30,academic,house_seats,seats,225.0483,206.26,247.5,spread,6,Academic
2025-01-31,polling,house_seats,seats,216.852,196.91,224.53,spread,5,Polling
2025-01-31,academic,house_seats,seats,225.0583,206.26,247.5,spread,6,Academic
2025-02-01,polling,house_seats,seats,217.348,199.39,224.53,spread,5,Polling
2025-02-01,academic,house_seats,seats,225.565,206.26,247.5,spread,6,Academic
2025-02-02,polling,house_seats,seats,217.492,200.11,224.53,spread,5,Polling
2025-02-02,academic,house_seats,seats,225.7183,206.26,247.5,spread,6,Academic
2025-02-03,polling,house_seats,seats,217.492,200.11,224.53,spread,5,Polling
2025-02-03,academic,house_seats,seats,225.7183,206.26,247.5,spread,6,Academic
2025-02-04,polling,house_seats,seats,217.492,200.11,224.53,spread,5,Polling
2025-02-04,academic,house_seats,seats,225.7233,206.26,247.5,spread,6,Academic
2025-02-05,polling,house_seats,seats,217.728,201.29,224.53,spread,5,Polling
2025-02-05,academic,house_seats,seats,225.9633,206.26,247.5,spread,6,Academic
2025-02-06,polling,house_seats,seats,218.496,205.13,224.53,spread,5,Polling
2025-02-06,academic,house_seats,seats,226.745,206.26,247.5,spread,6,Academic
2025-02-07,polling,house_seats,seats,218.496,205.13,224.53,spread,5,Polling
2025-02-07,academic,house_seats,seats,226.7333,206.26,247.5,spread,6,Academic
2025-02-08,polling,house_seats,seats,218.496,205.13,224.53,spread,5,Polling
2025-02-08,academic,house_seats,seats,226.7333,206.26,247.5,spread,6,Academic
2025-02-09,polling,house_seats,seats,218.444,204.87,224.53,spread,5,Polling
2025-02-09,academic,house_seats,seats,226.67,206.26,247.5,spread,6,Academic
2025-02-10,polling,house_seats,seats,218.444,204.87,224.53,spread,5,Polling
2025-02-10,academic,house_seats,seats,226.6867,206.26,247.5,spread,6,Academic
2025-02-11,polling,house_seats,seats,218.444,204.87,224.53,spread,5,Polling
2025-02-11,academic,house_seats,seats,226.71,206.26,247.5,spread,6,Academic
2025-02-12,polling,house_seats,seats,218.444,204.87,224.53,spread,5,Polling
2025-02-12,academic,house_seats,seats,226.71,206.26,247.5,spread,6,Academic
2025-02-13,polling,house_seats,seats,218.524,205.27,224.53,spread,5,Polling
2025-02-13,academic,house_seats,seats,226.79,206.26,247.5,spread,6,Academic
2025-02-14,polling,house_seats,seats,218.524,205.27,224.53,spread,5,Polling
2025-02-14,academic,house_seats,seats,226.785,206.26,247.5,spread,6,Academic
2025-02-15,polling,house_seats,seats,218.524,205.27,224.53,spread,5,Polling
2025-02-15,academic,house_seats,seats,226.785,206.26,247.5,spread,6,Academic
2025-02-16,polling,house_seats,seats,218.53,205.3,224.53,spread,5,Polling
2025-02-16,academic,house_seats,seats,226.7783,206.26,247.5,spread,6,Academic
2025-02-17,polling,house_seats,seats,218.818,206.74,224.53,spread,5,Polling
2025-02-17,academic,house_seats,seats,227.08,206.26,247.5,spread,6,Academic
2025-02-18,polling,house_seats,seats,218.636,205.83,224.53,spread,5,Polling
2025-02-18,academic,house_seats,seats,226.1367,206.26,247.5,spread,6,Academic
2025-02-19,polling,house_seats,seats,218.636,205.83,224.53,spread,5,Polling
2025-02-19,academic,house_seats,seats,226.1417,206.26,247.5,spread,6,Academic
2025-02-20,polling,house_seats,seats,218.636,205.83,224.53,spread,5,Polling
2025-02-20,academic,house_seats,seats,226.1483,206.26,247.5,spread,6,Academic
2025-02-21,polling,house_seats,seats,218.622,205.76,224.53,spread,5,Polling
2025-02-21,academic,house_seats,seats,226.155,206.26,247.5,spread,6,Academic
2025-02-22,polling,house_seats,seats,218.516,205.23,224.53,spread,5,Polling
2025-02-22,academic,house_seats,seats,226.0483,206.26,247.5,spread,6,Academic
2025-02-23,polling,house_seats,seats,218.398,204.64,224.53,spread,5,Polling
2025-02-23,academic,house_seats,seats,225.9283,206.26,247.5,spread,6,Academic
2025-02-24,polling,house_seats,seats,218.398,204.64,224.53,spread,5,Polling
2025-02-24,academic,house_seats,seats,225.9233,206.26,247.5,spread,6,Academic
2025-02-25,polling,house_seats,seats,218.398,204.64,224.53,spread,5,Polling
2025-02-25,academic,house_seats,seats,225.9167,206.26,247.5,spread,6,Academic
2025-02-26,polling,house_seats,seats,218.328,204.29,224.53,spread,5,Polling
2025-02-26,academic,house_seats,seats,225.8467,206.26,247.5,spread,6,Academic
2025-02-27,polling,house_seats,seats,218.112,203.21,224.53,spread,5,Polling
2025-02-27,academic,house_seats,seats,225.6217,206.26,247.5,spread,6,Academic
2025-02-28,polling,house_seats,seats,218.112,203.21,224.53,spread,5,Polling
2025-02-28,academic,house_seats,seats,225.6117,206.26,247.5,spread,6,Academic
2025-03-01,polling,house_seats,seats,218.112,203.21,224.53,spread,5,Polling
2025-03-01,academic,house_seats,seats,226.4167,206.26,247.5,spread,6,Academic
2025-03-02,polling,house_seats,seats,218.202,203.66,224.53,spread,5,Polling
2025-03-02,academic,house_seats,seats,226.515,206.26,247.5,spread,6,Academic
2025-03-03,polling,house_seats,seats,218.504,205.17,224.53,spread,5,Polling
2025-03-03,academic,house_seats,seats,226.825,206.26,247.5,spread,6,Academic
2025-03-04,polling,house_seats,seats,218.504,205.17,224.53,spread,5,Polling
2025-03-04,academic,house_seats,seats,226.825,206.26,247.5,spread,6,Academic
2025-03-05,polling,house_seats,seats,218.678,206.04,224.53,spread,5,Polling
2025-03-05,academic,house_seats,seats,227.0,206.26,247.5,spread,6,Academic
2025-03-06,polling,house_seats,seats,218.64,205.85,224.53,spread,5,Polling
2025-03-06,academic,house_seats,seats,226.9483,206.26,247.5,spread,6,Academic
2025-03-07,polling,house_seats,seats,218.592,205.61,224.53,spread,5,Polling
2025-03-07,academic,house_seats,seats,226.905,206.26,247.5,spread,6,Academic
2025-03-08,polling,house_seats,seats,218.592,205.61,224.53,spread,5,Polling
2025-03-08,academic,house_seats,seats,226.905,206.26,247.5,spread,6,Academic
2025-03-09,polling,house_seats,seats,218.814,206.72,224.53,spread,5,Polling
2025-03-09,academic,house_seats,seats,227.125,206.26,247.5,spread,6,Academic
2025-03-10,polling,house_seats,seats,218.98,207.55,224.53,spread,5,Polling
2025-03-10,academic,house_seats,seats,227.295,206.26,247.5,spread,6,Academic
2025-03-11,polling,house_seats,seats,219.326,209.28,224.53,spread,5,Polling
2025-03-11,academic,house_seats,seats,227.6,206.26,247.5,spread,6,Academic
2025-03-12,polling,house_seats,seats,219.326,209.28,224.53,spread,5,Polling
2025-03-12,academic,house_seats,seats,226.8167,206.26,247.5,spread,6,Academic
2025-03-13,polling,house_seats,seats,219.31,209.2,224.53,spread,5,Polling
2025-03-13,academic,house_seats,seats,226.8183,206.26,247.5,spread,6,Academic
2025-03-14,polling,house_seats,seats,219.39,209.59,224.53,spread,5,Polling
2025-03-14,academic,house_seats,seats,226.8983,206.26,247.49,spread,6,Academic
2025-03-15,polling,house_seats,seats,219.388,209.58,224.54,spread,5,Polling
2025-03-15,academic,house_seats,seats,226.8967,206.26,247.49,spread,6,Academic
2025-03-16,polling,house_seats,seats,219.558,210.44,224.53,spread,5,Polling
2025-03-16,academic,house_seats,seats,227.0433,206.26,247.49,spread,6,Academic
2025-03-17,polling,house_seats,seats,219.56,210.44,224.53,spread,5,Polling
2025-03-17,academic,house_seats,seats,227.0433,206.26,247.49,spread,6,Academic
2025-03-18,polling,house_seats,seats,219.56,210.44,224.53,spread,5,Polling
2025-03-18,academic,house_seats,seats,227.0417,206.26,247.49,spread,6,Academic
2025-03-19,polling,house_seats,seats,219.578,210.55,224.53,spread,5,Polling
2025-03-19,academic,house_seats,seats,227.0833,206.26,247.49,spread,6,Academic
2025-03-20,polling,house_seats,seats,219.576,210.55,224.53,spread,5,Polling
2025-03-20,academic,house_seats,seats,227.1017,206.26,247.49,spread,6,Academic
2025-03-21,polling,house_seats,seats,219.578,210.55,224.53,spread,5,Polling
2025-03-21,academic,house_seats,seats,227.0983,206.26,247.48,spread,6,Academic
2025-03-22,polling,house_seats,seats,219.576,210.55,224.53,spread,5,Polling
2025-03-22,academic,house_seats,seats,227.0967,206.26,247.48,spread,6,Academic
2025-03-23,polling,house_seats,seats,219.704,211.19,224.53,spread,5,Polling
2025-03-23,academic,house_seats,seats,227.2133,206.26,247.48,spread,6,Academic
2025-03-24,polling,house_seats,seats,219.498,210.16,224.53,spread,5,Polling
2025-03-24,academic,house_seats,seats,227.0317,206.26,247.48,spread,6,Academic
2025-03-25,polling,house_seats,seats,219.498,210.16,224.53,spread,5,Polling
2025-03-25,academic,house_seats,seats,227.03,206.26,247.47,spread,6,Academic
2025-03-26,polling,house_seats,seats,219.356,209.45,224.53,spread,5,Polling
2025-03-26,academic,house_seats,seats,226.9117,206.26,247.47,spread,6,Academic
2025-03-27,polling,house_seats,seats,219.354,209.45,224.52,spread,5,Polling
2025-03-27,academic,house_seats,seats,226.905,206.26,247.47,spread,6,Academic
2025-03-28,polling,house_seats,seats,219.52,210.28,224.52,spread,5,Polling
2025-03-28,academic,house_seats,seats,227.04,206.26,247.46,spread,6,Academic
2025-03-29,polling,house_seats,seats,219.518,210.28,224.52,spread,5,Polling
2025-03-29,academic,house_seats,seats,227.0383,206.26,247.46,spread,6,Academic
2025-03-30,polling,house_seats,seats,219.408,209.73,224.52,spread,5,Polling
2025-03-30,academic,house_seats,seats,226.9367,206.26,247.46,spread,6,Academic
2025-03-31,polling,house_seats,seats,219.402,209.72,224.52,spread,5,Polling
2025-03-31,academic,house_seats,seats,226.935,206.26,247.46,spread,6,Academic
2025-04-01,polling,house_seats,seats,219.404,209.73,224.52,spread,5,Polling
2025-04-01,academic,house_seats,seats,227.0783,206.26,247.46,spread,6,Academic
2025-04-02,polling,house_seats,seats,219.402,209.72,224.52,spread,5,Polling
2025-04-02,academic,house_seats,seats,227.0817,206.26,247.45,spread,6,Academic
2025-04-03,polling,house_seats,seats,219.744,211.44,224.51,spread,5,Polling
2025-04-03,academic,house_seats,seats,227.3783,206.26,247.45,spread,6,Academic
2025-04-04,polling,house_seats,seats,219.744,211.44,224.51,spread,5,Polling
2025-04-04,academic,house_seats,seats,227.3783,206.26,247.45,spread,6,Academic
2025-04-05,polling,house_seats,seats,219.744,211.44,224.51,spread,5,Polling
2025-04-05,academic,house_seats,seats,227.375,206.26,247.45,spread,6,Academic
2025-04-06,polling,house_seats,seats,219.862,212.03,224.51,spread,5,Polling
2025-04-06,academic,house_seats,seats,227.4783,206.26,247.45,spread,6,Academic
2025-04-07,polling,house_seats,seats,219.862,212.03,224.51,spread,5,Polling
2025-04-07,academic,house_seats,seats,227.4483,206.26,247.44,spread,6,Academic
2025-04-08,polling,house_seats,seats,219.922,212.35,224.51,spread,5,Polling
2025-04-08,academic,house_seats,seats,227.5283,206.26,247.44,spread,6,Academic
2025-04-09,polling,house_seats,seats,219.94,212.44,224.51,spread,5,Polling
2025-04-09,academic,house_seats,seats,227.5517,206.26,247.44,spread,6,Academic
2025-04-10,polling,house_seats,seats,220.07,213.09,224.51,spread,5,Polling
2025-04-10,academic,house_seats,seats,227.6783,206.26,247.44,spread,6,Academic
2025-04-11,polling,house_seats,seats,220.068,213.09,224.51,spread,5,Polling
2025-04-11,academic,house_seats,seats,227.69,206.26,247.43,spread,6,Academic
2025-04-12,polling,house_seats,seats,220.282,214.15,224.51,spread,5,Polling
2025-04-12,academic,house_seats,seats,227.8783,206.26,247.43,spread,6,Academic
2025-04-13,polling,house_seats,seats,220.466,215.07,224.51,spread,5,Polling
2025-04-13,academic,house_seats,seats,228.21,206.26,247.43,spread,6,Academic
2025-04-14,polling,house_seats,seats,220.308,214.29,224.51,spread,5,Polling
2025-04-14,academic,house_seats,seats,227.9117,206.26,247.43,spread,6,Academic
2025-04-15,polling,house_seats,seats,220.308,214.29,224.51,spread,5,Polling
2025-04-15,academic,house_seats,seats,227.93,206.26,247.43,spread,6,Academic
2025-04-16,polling,house_seats,seats,220.506,215.28,224.51,spread,5,Polling
2025-04-16,academic,house_seats,seats,228.285,206.26,247.42,spread,6,Academic
2025-04-17,polling,house_seats,seats,220.506,215.28,224.51,spread,5,Polling
2025-04-17,academic,house_seats,seats,228.295,206.26,247.42,spread,6,Academic
2025-04-18,polling,house_seats,seats,220.588,215.7,224.5,spread,5,Polling
2025-04-18,academic,house_seats,seats,228.4017,206.26,247.42,spread,6,Academic
2025-04-19,polling,house_seats,seats,220.478,215.15,224.5,spread,5,Polling
2025-04-19,academic,house_seats,seats,228.2467,206.26,247.42,spread,6,Academic
2025-04-20,polling,house_seats,seats,220.544,215.47,224.51,spread,5,Polling
2025-04-20,academic,house_seats,seats,228.3467,206.26,247.41,spread,6,Academic
2025-04-21,polling,house_seats,seats,220.77,216.6,224.51,spread,5,Polling
2025-04-21,academic,house_seats,seats,228.5967,206.26,247.41,spread,6,Academic
2025-04-22,polling,house_seats,seats,220.784,216.7,224.5,spread,5,Polling
2025-04-22,academic,house_seats,seats,228.6367,206.26,247.41,spread,6,Academic
2025-04-23,polling,house_seats,seats,220.784,216.7,224.5,spread,5,Polling
2025-04-23,academic,house_seats,seats,227.82,206.26,247.4,spread,6,Academic
2025-04-24,polling,house_seats,seats,220.87,217.13,224.5,spread,5,Polling
2025-04-24,academic,house_seats,seats,227.8967,206.26,247.4,spread,6,Academic
2025-04-25,polling,house_seats,seats,220.87,217.13,224.5,spread,5,Polling
2025-04-25,academic,house_seats,seats,227.9017,206.26,247.4,spread,6,Academic
2025-04-26,polling,house_seats,seats,220.868,217.12,224.5,spread,5,Polling
2025-04-26,academic,house_seats,seats,227.9,206.26,247.4,spread,6,Academic
2025-04-27,polling,house_seats,seats,221.024,217.9,224.5,spread,5,Polling
2025-04-27,academic,house_seats,seats,228.0583,206.26,247.4,spread,6,Academic
2025-04-28,polling,house_seats,seats,221.024,217.9,224.5,spread,5,Polling
2025-04-28,academic,house_seats,seats,228.065,206.26,247.4,spread,6,Academic
2025-04-29,polling,house_seats,seats,220.906,217.31,224.5,spread,5,Polling
2025-04-29,academic,house_seats,seats,227.9467,206.26,247.4,spread,6,Academic
2025-04-30,polling,house_seats,seats,220.952,217.54,224.5,spread,5,Polling
2025-04-30,academic,house_seats,seats,227.9833,206.26,247.39,spread,6,Academic
2025-05-01,polling,house_seats,seats,220.942,217.5,224.5,spread,5,Polling
2025-05-01,academic,house_seats,seats,228.0017,206.26,247.39,spread,6,Academic
2025-05-02,polling,house_seats,seats,220.942,217.5,224.5,spread,5,Polling
2025-05-02,academic,house_seats,seats,228.0083,206.26,247.39,spread,6,Academic
2025-05-03,polling,house_seats,seats,220.902,217.31,224.49,spread,5,Polling
2025-05-03,academic,house_seats,seats,227.965,206.26,247.39,spread,6,Academic
2025-05-04,polling,house_seats,seats,220.95,217.55,224.49,spread,5,Polling
2025-05-04,academic,house_seats,seats,228.015,206.26,247.38,spread,6,Academic
2025-05-05,polling,house_seats,seats,221.206,218.83,224.49,spread,5,Polling
2025-05-05,academic,house_seats,seats,228.2683,206.26,247.38,spread,6,Academic
2025-05-06,polling,house_seats,seats,221.402,219.81,224.49,spread,5,Polling
2025-05-06,academic,house_seats,seats,228.4533,206.26,247.38,spread,6,Academic
2025-05-07,polling,house_seats,seats,221.262,219.11,224.49,spread,5,Polling
2025-05-07,academic,house_seats,seats,228.3117,206.26,247.38,spread,6,Academic
2025-05-08,polling,house_seats,seats,221.166,218.65,224.49,spread,5,Polling
2025-05-08,academic,house_seats,seats,228.22,206.26,247.38,spread,6,Academic
2025-05-09,polling,house_seats,seats,221.164,218.65,224.49,spread,5,Polling
2025-05-09,academic,house_seats,seats,228.2217,206.26,247.37,spread,6,Academic
2025-05-10,polling,house_seats,seats,221.36,219.63,224.49,spread,5,Polling
2025-05-10,academic,house_seats,seats,228.415,206.26,247.37,spread,6,Academic
2025-05-11,polling,house_seats,seats,221.258,219.12,224.49,spread,5,Polling
2025-05-11,academic,house_seats,seats,228.315,206.26,247.37,spread,6,Academic
2025-05-12,polling,house_seats,seats,220.814,216.9,224.49,spread,5,Polling
2025-05-12,academic,house_seats,seats,227.8633,206.26,247.36,spread,6,Academic
2025-05-13,polling,house_seats,seats,220.812,216.9,224.48,spread,5,Polling
2025-05-13,academic,house_seats,seats,227.8517,206.26,247.36,spread,6,Academic
2025-05-14,polling,house_seats,seats,220.816,216.9,224.48,spread,5,Polling
2025-05-14,academic,house_seats,seats,227.855,206.26,247.36,spread,6,Academic
2025-05-15,polling,house_seats,seats,220.73,216.48,224.48,spread,5,Polling
2025-05-15,academic,house_seats,seats,227.7633,206.26,247.36,spread,6,Academic
2025-05-16,polling,house_seats,seats,220.702,216.35,224.49,spread,5,Polling
2025-05-16,academic,house_seats,seats,227.73,206.26,247.35,spread,6,Academic
2025-05-17,polling,house_seats,seats,220.7,216.35,224.48,spread,5,Polling
2025-05-17,academic,house_seats,seats,227.72,206.26,247.35,spread,6,Academic
2025-05-18,polling,house_seats,seats,220.358,214.64,224.48,spread,5,Polling
2025-05-18,academic,house_seats,seats,227.25,206.26,247.35,spread,6,Academic
2025-05-19,polling,house_seats,seats,220.324,214.47,224.48,spread,5,Polling
2025-05-19,academic,house_seats,seats,227.1867,206.26,247.35,spread,6,Academic
2025-05-20,polling,house_seats,seats,220.47,215.19,224.48,spread,5,Polling
2025-05-20,academic,house_seats,seats,227.45,206.26,247.35,spread,6,Academic
2025-05-21,polling,house_seats,seats,220.47,215.19,224.48,spread,5,Polling
2025-05-21,academic,house_seats,seats,227.4483,206.26,247.34,spread,6,Academic
2025-05-22,polling,house_seats,seats,220.468,215.19,224.47,spread,5,Polling
2025-05-22,academic,house_seats,seats,227.4533,206.26,247.34,spread,6,Academic
2025-05-23,polling,house_seats,seats,220.468,215.19,224.47,spread,5,Polling
2025-05-23,academic,house_seats,seats,227.4533,206.26,247.34,spread,6,Academic
2025-05-24,polling,house_seats,seats,220.468,215.19,224.47,spread,5,Polling
2025-05-24,academic,house_seats,seats,227.4533,206.26,247.34,spread,6,Academic
2025-05-25,polling,house_seats,seats,220.342,214.56,224.47,spread,5,Polling
2025-05-25,academic,house_seats,seats,227.2233,206.26,247.34,spread,6,Academic
2025-05-26,polling,house_seats,seats,220.178,213.74,224.47,spread,5,Polling
2025-05-26,academic,house_seats,seats,227.0117,206.26,247.34,spread,6,Academic
2025-05-27,polling,house_seats,seats,220.318,214.44,224.47,spread,5,Polling
2025-05-27,academic,house_seats,seats,227.1783,206.26,247.33,spread,6,Academic
2025-05-28,polling,house_seats,seats,220.314,214.44,224.47,spread,5,Polling
2025-05-28,academic,house_seats,seats,227.1783,206.26,247.33,spread,6,Academic
2025-05-29,polling,house_seats,seats,220.33,214.52,224.47,spread,5,Polling
2025-05-29,academic,house_seats,seats,227.22,206.26,247.33,spread,6,Academic
2025-05-30,polling,house_seats,seats,220.222,213.98,224.47,spread,5,Polling
2025-05-30,academic,house_seats,seats,227.0817,206.26,247.33,spread,6,Academic
2025-05-31,polling,house_seats,seats,220.222,213.98,224.47,spread,5,Polling
2025-05-31,academic,house_seats,seats,227.08,206.26,247.32,spread,6,Academic
2025-06-01,polling,house_seats,seats,220.25,214.12,224.47,spread,5,Polling
2025-06-01,academic,house_seats,seats,226.6617,206.26,246.95,spread,6,Academic
2025-06-02,polling,house_seats,seats,220.402,214.89,224.46,spread,5,Polling
2025-06-02,academic,house_seats,seats,226.8933,206.26,246.95,spread,6,Academic
2025-06-03,polling,house_seats,seats,220.402,214.89,224.46,spread,5,Polling
2025-06-03,academic,house_seats,seats,226.88,206.26,246.94,spread,6,Academic
2025-06-04,polling,house_seats,seats,220.364,214.72,224.46,spread,5,Polling
2025-06-04,academic,house_seats,seats,226.8267,206.26,246.94,spread,6,Academic
2025-06-05,polling,house_seats,seats,220.364,214.72,224.46,spread,5,Polling
2025-06-05,academic,house_seats,seats,226.8567,206.26,246.94,spread,6,Academic
2025-06-06,polling,house_seats,seats,220.648,216.14,224.46,spread,5,Polling
2025-06-06,academic,house_seats,seats,227.2433,206.26,246.94,spread,6,Academic
2025-06-07,polling,house_seats,seats,220.646,216.14,224.46,spread,5,Polling
2025-06-07,academic,house_seats,seats,227.2417,206.26,246.93,spread,6,Academic
2025-06-08,polling,house_seats,seats,220.606,215.94,224.46,spread,5,Polling
2025-06-08,academic,house_seats,seats,227.2033,206.26,246.93,spread,6,Academic
2025-06-09,polling,house_seats,seats,220.624,216.03,224.46,spread,5,Polling
2025-06-09,academic,house_seats,seats,227.215,206.26,246.93,spread,6,Academic
2025-06-10,polling,house_seats,seats,220.622,216.03,224.45,spread,5,Polling
2025-06-10,academic,house_seats,seats,227.21,206.26,246.93,spread,6,Academic
2025-06-11,polling,house_seats,seats,220.346,214.65,224.45,spread,5,Polling
2025-06-11,academic,house_seats,seats,226.805,206.26,246.93,spread,6,Academic
2025-06-12,polling,house_seats,seats,220.706,216.45,224.45,spread,5,Polling
2025-06-12,academic,house_seats,seats,227.29,206.26,246.92,spread,6,Academic
2025-06-13,polling,house_seats,seats,220.706,216.45,224.45,spread,5,Polling
2025-06-13,academic,house_seats,seats,227.29,206.26,246.92,spread,6,Academic
2025-06-14,polling,house_seats,seats,220.972,217.78,224.45,spread,5,Polling
2025-06-14,academic,house_seats,seats,227.5617,206.26,246.92,spread,6,Academic
2025-06-15,polling,house_seats,seats,220.674,216.31,224.45,spread,5,Polling
2025-06-15,academic,house_seats,seats,227.265,206.26,246.92,spread,6,Academic
2025-06-16,polling,house_seats,seats,220.878,217.33,224.45,spread,5,Polling
2025-06-16,academic,house_seats,seats,227.485,206.26,246.92,spread,6,Academic
2025-06-17,polling,house_seats,seats,220.508,215.48,224.45,spread,5,Polling
2025-06-17,academic,house_seats,seats,227.1,206.26,246.91,spread,6,Academic
2025-06-18,polling,house_seats,seats,220.432,215.1,224.45,spread,5,Polling
2025-06-18,academic,house_seats,seats,226.975,206.26,246.91,spread,6,Academic
2025-06-19,polling,house_seats,seats,220.134,213.61,224.45,spread,5,Polling
2025-06-19,academic,house_seats,seats,226.535,206.26,246.91,spread,6,Academic
2025-06-20,polling,house_seats,seats,220.134,213.61,224.45,spread,5,Polling
2025-06-20,academic,house_seats,seats,226.5567,206.26,246.91,spread,6,Academic
2025-06-21,polling,house_seats,seats,220.19,213.89,224.45,spread,5,Polling
2025-06-21,academic,house_seats,seats,226.605,206.26,246.91,spread,6,Academic
2025-06-22,polling,house_seats,seats,220.21,214.02,224.45,spread,5,Polling
2025-06-22,academic,house_seats,seats,226.6267,206.26,246.9,spread,6,Academic
2025-06-23,polling,house_seats,seats,220.37,214.82,224.45,spread,5,Polling
2025-06-23,academic,house_seats,seats,226.9017,206.26,246.9,spread,6,Academic
2025-06-24,polling,house_seats,seats,220.368,214.81,224.45,spread,5,Polling
2025-06-24,academic,house_seats,seats,226.9133,206.26,246.9,spread,6,Academic
2025-06-25,polling,house_seats,seats,220.528,215.62,224.44,spread,5,Polling
2025-06-25,academic,house_seats,seats,227.1717,206.26,246.9,spread,6,Academic
2025-06-26,polling,house_seats,seats,220.528,215.62,224.44,spread,5,Polling
2025-06-26,academic,house_seats,seats,227.1533,206.26,246.89,spread,6,Academic
2025-06-27,polling,house_seats,seats,220.354,214.75,224.44,spread,5,Polling
2025-06-27,academic,house_seats,seats,226.8667,206.26,246.89,spread,6,Academic
2025-06-28,polling,house_seats,seats,220.354,214.75,224.44,spread,5,Polling
2025-06-28,academic,house_seats,seats,226.8617,206.26,246.89,spread,6,Academic
2025-06-29,polling,house_seats,seats,220.43,215.13,224.44,spread,5,Polling
2025-06-29,academic,house_seats,seats,227.0067,206.26,246.89,spread,6,Academic
2025-06-30,polling,house_seats,seats,220.558,215.77,224.44,spread,5,Polling
2025-06-30,academic,house_seats,seats,227.39,206.26,248.2,spread,6,Academic
2025-07-01,polling,house_seats,seats,220.558,215.77,224.44,spread,5,Polling
2025-07-01,academic,house_seats,seats,227.635,206.26,249.01,spread,6,Academic
2025-07-02,polling,house_seats,seats,220.664,216.3,224.44,spread,5,Polling
2025-07-02,academic,house_seats,seats,227.74,206.26,249.01,spread,6,Academic
2025-07-03,polling,house_seats,seats,220.444,215.22,224.44,spread,5,Polling
2025-07-03,academic,house_seats,seats,227.4933,206.26,249.01,spread,6,Academic
2025-07-04,polling,house_seats,seats,220.442,215.22,224.43,spread,5,Polling
2025-07-04,academic,house_seats,seats,227.475,206.26,249.0,spread,6,Academic
2025-07-05,polling,house_seats,seats,220.192,213.97,224.43,spread,5,Polling
2025-07-05,academic,house_seats,seats,227.075,206.26,249.0,spread,6,Academic
2025-07-06,polling,house_seats,seats,220.552,215.77,224.43,spread,5,Polling
2025-07-06,academic,house_seats,seats,227.6083,206.26,249.0,spread,6,Academic
2025-07-07,polling,house_seats,seats,220.574,215.88,224.43,spread,5,Polling
2025-07-07,academic,house_seats,seats,227.615,206.26,249.0,spread,6,Academic
2025-07-08,polling,house_seats,seats,220.69,216.46,224.43,spread,5,Polling
2025-07-08,academic,house_seats,seats,227.73,206.26,248.99,spread,6,Academic
2025-07-09,polling,house_seats,seats,220.824,217.13,224.43,spread,5,Polling
2025-07-09,academic,house_seats,seats,227.8667,206.26,248.99,spread,6,Academic
2025-07-10,polling,house_seats,seats,221.406,220.04,224.43,spread,5,Polling
2025-07-10,academic,house_seats,seats,228.4517,206.26,248.99,spread,6,Academic
2025-07-11,polling,house_seats,seats,221.402,220.04,224.42,spread,5,Polling
2025-07-11,academic,house_seats,seats,228.4483,206.26,248.99,spread,6,Academic
2025-07-12,polling,house_seats,seats,221.414,220.1,224.42,spread,5,Polling
2025-07-12,academic,house_seats,seats,228.4683,206.26,248.99,spread,6,Academic
2025-07-13,polling,house_seats,seats,221.522,220.41,224.42,spread,5,Polling
2025-07-13,academic,house_seats,seats,228.595,206.26,248.99,spread,6,Academic
2025-07-14,polling,house_seats,seats,220.76,216.83,224.42,spread,5,Polling
2025-07-14,academic,house_seats,seats,227.8583,206.26,248.98,spread,6,Academic
2025-07-15,polling,house_seats,seats,220.76,216.83,224.42,spread,5,Polling
2025-07-15,academic,house_seats,seats,227.8567,206.26,248.98,spread,6,Academic
2025-07-16,polling,house_seats,seats,220.344,214.76,224.42,spread,5,Polling
2025-07-16,academic,house_seats,seats,227.3267,206.26,248.98,spread,6,Academic
2025-07-17,polling,house_seats,seats,220.51,215.61,224.42,spread,5,Polling
2025-07-17,academic,house_seats,seats,227.595,206.26,248.98,spread,6,Academic
2025-07-18,polling,house_seats,seats,220.88,217.47,224.41,spread,5,Polling
2025-07-18,academic,house_seats,seats,227.9683,206.26,248.97,spread,6,Academic
2025-07-19,polling,house_seats,seats,220.882,217.47,224.42,spread,5,Polling
2025-07-19,academic,house_seats,seats,227.9683,206.26,248.97,spread,6,Academic
2025-07-20,polling,house_seats,seats,221.01,218.11,224.42,spread,5,Polling
2025-07-20,academic,house_seats,seats,228.1017,206.26,248.97,spread,6,Academic
2025-07-21,polling,house_seats,seats,220.964,217.88,224.42,spread,5,Polling
2025-07-21,academic,house_seats,seats,228.0667,206.26,248.97,spread,6,Academic
2025-07-22,polling,house_seats,seats,220.99,218.01,224.42,spread,5,Polling
2025-07-22,academic,house_seats,seats,228.095,206.26,248.97,spread,6,Academic
2025-07-23,polling,house_seats,seats,221.014,218.13,224.42,spread,5,Polling
2025-07-23,academic,house_seats,seats,228.1167,206.26,248.96,spread,6,Academic
2025-07-24,polling,house_seats,seats,221.108,218.6,224.42,spread,5,Polling
2025-07-24,academic,house_seats,seats,228.215,206.26,248.96,spread,6,Academic
2025-07-25,polling,house_seats,seats,221.106,218.6,224.41,spread,5,Polling
2025-07-25,academic,house_seats,seats,228.215,206.26,248.96,spread,6,Academic
2025-07-26,polling,house_seats,seats,221.102,218.6,224.41,spread,5,Polling
2025-07-26,academic,house_seats,seats,228.215,206.26,248.96,spread,6,Academic
2025-07-27,polling,house_seats,seats,221.056,218.38,224.41,spread,5,Polling
2025-07-27,academic,house_seats,seats,228.17,206.26,248.95,spread,6,Academic
2025-07-28,polling,house_seats,seats,221.21,219.15,224.41,spread,5,Polling
2025-07-28,academic,house_seats,seats,228.4833,206.26,249.84,spread,6,Academic
2025-07-29,polling,house_seats,seats,221.236,219.28,224.41,spread,5,Polling
2025-07-29,academic,house_seats,seats,228.505,206.26,249.84,spread,6,Academic
2025-07-30,polling,house_seats,seats,221.236,219.28,224.41,spread,5,Polling
2025-07-30,academic,house_seats,seats,228.5283,206.26,249.84,spread,6,Academic
2025-07-31,polling,house_seats,seats,221.432,220.26,224.41,spread,5,Polling
2025-07-31,academic,house_seats,seats,228.8,206.26,250.27,spread,6,Academic
2025-08-01,polling,house_seats,seats,221.432,220.26,224.41,spread,5,Polling
2025-08-01,academic,house_seats,seats,229.03,206.26,251.68,spread,6,Academic
2025-08-02,polling,house_seats,seats,221.432,220.26,224.41,spread,5,Polling
2025-08-02,academic,house_seats,seats,229.0283,206.26,251.68,spread,6,Academic
2025-08-03,polling,house_seats,seats,221.484,220.39,224.41,spread,5,Polling
2025-08-03,academic,house_seats,seats,229.0567,206.26,251.68,spread,6,Academic
2025-08-04,polling,house_seats,seats,221.954,220.39,224.41,spread,5,Polling
2025-08-04,academic,house_seats,seats,229.565,206.26,252.03,spread,6,Academic
2025-08-05,polling,house_seats,seats,221.954,220.39,224.41,spread,5,Polling
2025-08-05,academic,house_seats,seats,229.5683,206.26,252.02,spread,6,Academic
2025-08-06,polling,house_seats,seats,222.232,220.39,224.4,spread,5,Polling
2025-08-06,academic,house_seats,seats,229.84,206.26,252.02,spread,6,Academic
2025-08-07,polling,house_seats,seats,222.224,220.39,224.4,spread,5,Polling
2025-08-07,academic,house_seats,seats,229.835,206.26,252.02,spread,6,Academic
2025-08-08,polling,house_seats,seats,221.994,220.38,224.4,spread,5,Polling
2025-08-08,academic,house_seats,seats,229.6133,206.26,252.01,spread,6,Academic
2025-08-09,polling,house_seats,seats,221.882,220.38,224.4,spread,5,Polling
2025-08-09,academic,house_seats,seats,229.48,206.26,252.01,spread,6,Academic
2025-08-10,polling,house_seats,seats,221.87,220.38,224.4,spread,5,Polling
2025-08-10,academic,house_seats,seats,229.4633,206.26,252.01,spread,6,Academic
2025-08-11,polling,house_seats,seats,221.82,220.38,224.4,spread,5,Polling
2025-08-11,academic,house_seats,seats,229.3933,206.26,252.01,spread,6,Academic
2025-08-12,polling,house_seats,seats,221.858,220.38,224.4,spread,5,Polling
2025-08-12,academic,house_seats,seats,229.4917,206.26,252.36,spread,6,Academic
2025-08-13,polling,house_seats,seats,221.858,220.38,224.4,spread,5,Polling
2025-08-13,academic,house_seats,seats,229.4733,206.26,252.36,spread,6,Academic
2025-08-14,polling,house_seats,seats,221.812,220.38,224.4,spread,5,Polling
2025-08-14,academic,house_seats,seats,229.4183,206.26,252.36,spread,6,Academic
2025-08-15,polling,house_seats,seats,221.808,220.38,224.4,spread,5,Polling
2025-08-15,academic,house_seats,seats,229.43,206.26,252.36,spread,6,Academic
2025-08-16,polling,house_seats,seats,221.804,220.37,224.39,spread,5,Polling
2025-08-16,academic,house_seats,seats,229.4283,206.26,252.35,spread,6,Academic
2025-08-17,polling,house_seats,seats,221.78,220.37,224.39,spread,5,Polling
2025-08-17,academic,house_seats,seats,229.4317,206.26,252.35,spread,6,Academic
2025-08-18,polling,house_seats,seats,221.722,220.37,224.39,spread,5,Polling
2025-08-18,academic,house_seats,seats,229.385,206.26,252.35,spread,6,Academic
2025-08-19,polling,house_seats,seats,221.722,220.37,224.39,spread,5,Polling
2025-08-19,academic,house_seats,seats,229.39,206.26,252.35,spread,6,Academic
2025-08-20,polling,house_seats,seats,221.722,220.37,224.39,spread,5,Polling
2025-08-20,academic,house_seats,seats,229.4067,206.26,252.34,spread,6,Academic
2025-08-21,polling,house_seats,seats,221.566,220.37,224.39,spread,5,Polling
2025-08-21,academic,house_seats,seats,229.305,206.26,252.66,spread,6,Academic
2025-08-22,polling,house_seats,seats,221.566,220.37,224.39,spread,5,Polling
2025-08-22,academic,house_seats,seats,229.305,206.26,252.66,spread,6,Academic
2025-08-23,polling,house_seats,seats,221.566,220.37,224.39,spread,5,Polling
2025-08-23,academic,house_seats,seats,229.3233,206.26,252.66,spread,6,Academic
2025-08-24,polling,house_seats,seats,221.194,219.15,224.39,spread,5,Polling
2025-08-24,academic,house_seats,seats,228.9333,206.26,252.66,spread,6,Academic
2025-08-25,polling,house_seats,seats,221.024,218.31,224.38,spread,5,Polling
2025-08-25,academic,house_seats,seats,228.7483,206.26,252.65,spread,6,Academic
2025-08-26,polling,house_seats,seats,220.772,217.05,224.38,spread,5,Polling
2025-08-26,academic,house_seats,seats,228.495,206.26,252.65,spread,6,Academic
2025-08-27,polling,house_seats,seats,220.77,217.04,224.38,spread,5,Polling
2025-08-27,academic,house_seats,seats,228.495,206.26,252.65,spread,6,Academic
2025-08-28,polling,house_seats,seats,220.764,217.04,224.38,spread,5,Polling
2025-08-28,academic,house_seats,seats,228.495,206.26,252.65,spread,6,Academic
2025-08-29,polling,house_seats,seats,218.734,214.87,222.49,spread,5,Polling
2025-08-29,academic,house_seats,seats,226.8683,203.75,252.18,spread,6,Academic
2025-08-30,polling,house_seats,seats,218.762,215.03,222.49,spread,5,Polling
2025-08-30,academic,house_seats,seats,226.8983,203.75,252.18,spread,6,Academic
2025-08-31,polling,house_seats,seats,218.88,215.62,222.49,spread,5,Polling
2025-08-31,academic,house_seats,seats,227.025,203.75,252.18,spread,6,Academic
2025-09-01,polling,house_seats,seats,219.252,217.48,222.49,spread,5,Polling
2025-09-01,academic,house_seats,seats,227.655,203.75,253.94,spread,6,Academic
2025-09-02,polling,house_seats,seats,219.364,218.05,222.48,spread,5,Polling
2025-09-02,academic,house_seats,seats,227.8383,203.75,254.31,spread,6,Academic
2025-09-03,polling,house_seats,seats,219.356,218.02,222.48,spread,5,Polling
2025-09-03,academic,house_seats,seats,227.8183,203.75,254.31,spread,6,Academic
2025-09-04,polling,house_seats,seats,219.356,218.02,222.48,spread,5,Polling
2025-09-04,academic,house_seats,seats,227.8183,203.75,254.31,spread,6,Academic
2025-09-05,polling,house_seats,seats,219.352,218.02,222.48,spread,5,Polling
2025-09-05,academic,house_seats,seats,227.8117,203.75,254.31,spread,6,Academic
2025-09-06,polling,house_seats,seats,219.352,218.02,222.48,spread,5,Polling
2025-09-06,academic,house_seats,seats,227.8083,203.75,254.3,spread,6,Academic
2025-09-07,polling,house_seats,seats,219.374,218.13,222.48,spread,5,Polling
2025-09-07,academic,house_seats,seats,227.8267,203.75,254.3,spread,6,Academic
2025-09-08,polling,house_seats,seats,219.322,217.88,222.47,spread,5,Polling
2025-09-08,academic,house_seats,seats,227.77,203.75,254.3,spread,6,Academic
2025-09-09,polling,house_seats,seats,219.322,217.88,222.47,spread,5,Polling
2025-09-09,academic,house_seats,seats,227.7767,203.75,254.3,spread,6,Academic
2025-09-10,polling,house_seats,seats,219.304,217.8,222.47,spread,5,Polling
2025-09-10,academic,house_seats,seats,227.7633,203.75,254.29,spread,6,Academic
2025-09-11,polling,house_seats,seats,219.32,217.88,222.47,spread,5,Polling
2025-09-11,academic,house_seats,seats,227.825,203.75,254.67,spread,6,Academic
2025-09-12,polling,house_seats,seats,219.336,217.96,222.47,spread,5,Polling
2025-09-12,academic,house_seats,seats,227.8467,203.75,254.66,spread,6,Academic
2025-09-13,polling,house_seats,seats,219.314,217.87,222.47,spread,5,Polling
2025-09-13,academic,house_seats,seats,227.8283,203.75,254.66,spread,6,Academic
2025-09-14,polling,house_seats,seats,219.492,218.29,222.47,spread,5,Polling
2025-09-14,market,house_seats,seats,223.51,,,,1,Markets
2025-09-14,academic,house_seats,seats,228.0533,203.75,255.04,spread,6,Academic
2025-09-15,polling,house_seats,seats,219.49,218.29,222.47,spread,5,Polling
2025-09-15,market,house_seats,seats,223.4,,,,1,Markets
2025-09-15,academic,house_seats,seats,228.0717,203.75,255.04,spread,6,Academic
2025-09-16,polling,house_seats,seats,219.836,218.29,222.47,spread,5,Polling
2025-09-16,market,house_seats,seats,223.43,,,,1,Markets
2025-09-16,academic,house_seats,seats,228.4,203.75,255.04,spread,6,Academic
2025-09-17,polling,house_seats,seats,219.836,218.29,222.47,spread,5,Polling
2025-09-17,market,house_seats,seats,223.43,,,,1,Markets
2025-09-17,academic,house_seats,seats,228.4,203.75,255.04,spread,6,Academic
2025-09-18,polling,house_seats,seats,219.926,218.29,222.47,spread,5,Polling
2025-09-18,market,house_seats,seats,223.36,,,,1,Markets
2025-09-18,academic,house_seats,seats,228.4833,203.75,255.03,spread,6,Academic
2025-09-19,polling,house_seats,seats,219.968,218.29,222.46,spread,5,Polling
2025-09-19,market,house_seats,seats,223.36,,,,1,Markets
2025-09-19,academic,house_seats,seats,228.5333,203.75,255.03,spread,6,Academic
2025-09-20,polling,house_seats,seats,219.966,218.28,222.46,spread,5,Polling
2025-09-20,market,house_seats,seats,223.36,,,,1,Markets
2025-09-20,academic,house_seats,seats,228.545,203.75,255.03,spread,6,Academic
2025-09-21,polling,house_seats,seats,219.896,218.29,222.46,spread,5,Polling
2025-09-21,market,house_seats,seats,223.6,,,,1,Markets
2025-09-21,academic,house_seats,seats,228.4817,203.75,255.03,spread,6,Academic
2025-09-22,polling,house_seats,seats,219.364,218.15,222.46,spread,5,Polling
2025-09-22,market,house_seats,seats,223.24,,,,1,Markets
2025-09-22,academic,house_seats,seats,227.9617,203.75,255.02,spread,6,Academic
2025-09-23,polling,house_seats,seats,219.268,217.67,222.46,spread,5,Polling
2025-09-23,market,house_seats,seats,223.12,,,,1,Markets
2025-09-23,academic,house_seats,seats,227.92,203.75,255.36,spread,6,Academic
2025-09-24,polling,house_seats,seats,219.15,217.09,222.46,spread,5,Polling
2025-09-24,market,house_seats,seats,223.12,,,,1,Markets
2025-09-24,academic,house_seats,seats,227.7967,203.75,255.36,spread,6,Academic
2025-09-25,polling,house_seats,seats,219.15,217.09,222.46,spread,5,Polling
2025-09-25,market,house_seats,seats,223.12,,,,1,Markets
2025-09-25,academic,house_seats,seats,227.81,203.75,255.36,spread,6,Academic
2025-09-26,polling,house_seats,seats,219.15,217.09,222.46,spread,5,Polling
2025-09-26,market,house_seats,seats,223.26,,,,1,Markets
2025-09-26,academic,house_seats,seats,227.8083,203.75,255.36,spread,6,Academic
2025-09-27,polling,house_seats,seats,219.142,217.05,222.46,spread,5,Polling
2025-09-27,market,house_seats,seats,223.32,,,,1,Markets
2025-09-27,academic,house_seats,seats,227.795,203.75,255.35,spread,6,Academic
2025-09-28,polling,house_seats,seats,218.408,216.22,221.78,spread,5,Polling
2025-09-28,market,house_seats,seats,223.3,,,,1,Markets
2025-09-28,academic,house_seats,seats,227.1967,202.91,255.15,spread,6,Academic
2025-09-29,polling,house_seats,seats,218.408,216.22,221.78,spread,5,Polling
2025-09-29,market,house_seats,seats,223.41,,,,1,Markets
2025-09-29,academic,house_seats,seats,227.2,202.91,255.14,spread,6,Academic
2025-09-30,polling,house_seats,seats,218.406,216.22,221.77,spread,5,Polling
2025-09-30,market,house_seats,seats,223.36,,,,1,Markets
2025-09-30,academic,house_seats,seats,227.2883,202.91,255.53,spread,6,Academic
2025-10-01,polling,house_seats,seats,218.414,216.27,221.77,spread,5,Polling
2025-10-01,market,house_seats,seats,223.37,,,,1,Markets
2025-10-01,academic,house_seats,seats,227.5633,202.91,257.73,spread,6,Academic
2025-10-02,polling,house_seats,seats,218.27,215.55,221.77,spread,5,Polling
2025-10-02,market,house_seats,seats,223.34,,,,1,Markets
2025-10-02,academic,house_seats,seats,227.4067,202.91,257.73,spread,6,Academic
2025-10-03,polling,house_seats,seats,218.232,215.36,221.77,spread,5,Polling
2025-10-03,market,house_seats,seats,223.34,,,,1,Markets
2025-10-03,academic,house_seats,seats,227.37,202.91,257.73,spread,6,Academic
2025-10-04,polling,house_seats,seats,218.234,215.36,221.77,spread,5,Polling
2025-10-04,market,house_seats,seats,223.34,,,,1,Markets
2025-10-04,academic,house_seats,seats,227.3617,202.91,257.72,spread,6,Academic
2025-10-05,polling,house_seats,seats,218.124,215.39,221.56,spread,5,Polling
2025-10-05,market,house_seats,seats,223.29,,,,1,Markets
2025-10-05,academic,house_seats,seats,227.3683,202.91,257.72,spread,6,Academic
2025-10-06,polling,house_seats,seats,218.304,216.29,221.56,spread,5,Polling
2025-10-06,market,house_seats,seats,223.32,,,,1,Markets
2025-10-06,academic,house_seats,seats,227.61,202.91,258.11,spread,6,Academic
2025-10-07,polling,house_seats,seats,218.808,215.7,221.91,spread,5,Polling
2025-10-07,market,house_seats,seats,223.32,,,,1,Markets
2025-10-07,academic,house_seats,seats,227.485,202.91,258.11,spread,6,Academic
2025-10-08,polling,house_seats,seats,218.742,215.72,221.91,spread,5,Polling
2025-10-08,market,house_seats,seats,223.32,,,,1,Markets
2025-10-08,academic,house_seats,seats,227.4983,202.91,258.11,spread,6,Academic
2025-10-09,polling,house_seats,seats,218.56,214.98,221.91,spread,5,Polling
2025-10-09,market,house_seats,seats,223.32,,,,1,Markets
2025-10-09,academic,house_seats,seats,227.3483,202.91,258.1,spread,6,Academic
2025-10-10,polling,house_seats,seats,218.436,214.36,221.91,spread,5,Polling
2025-10-10,market,house_seats,seats,223.32,,,,1,Markets
2025-10-10,academic,house_seats,seats,227.2117,202.91,258.1,spread,6,Academic
2025-10-11,polling,house_seats,seats,218.436,214.36,221.91,spread,5,Polling
2025-10-11,market,house_seats,seats,223.32,,,,1,Markets
2025-10-11,academic,house_seats,seats,227.21,202.91,258.1,spread,6,Academic
2025-10-12,polling,house_seats,seats,216.38,214.51,218.4,spread,5,Polling
2025-10-12,market,house_seats,seats,223.32,,,,1,Markets
2025-10-12,academic,house_seats,seats,227.235,202.91,258.1,spread,6,Academic
2025-10-13,polling,house_seats,seats,216.75,215.3,218.4,spread,5,Polling
2025-10-13,market,house_seats,seats,223.28,,,,1,Markets
2025-10-13,academic,house_seats,seats,227.605,202.91,258.09,spread,6,Academic
2025-10-14,polling,house_seats,seats,216.922,214.27,218.75,spread,5,Polling
2025-10-14,market,house_seats,seats,223.22,,,,1,Markets
2025-10-14,academic,house_seats,seats,227.5733,202.91,258.09,spread,6,Academic
2025-10-15,polling,house_seats,seats,217.202,214.26,218.74,spread,5,Polling
2025-10-15,market,house_seats,seats,221.85,,,,1,Markets
2025-10-15,academic,house_seats,seats,227.9217,202.91,258.49,spread,6,Academic
2025-10-16,polling,house_seats,seats,217.548,214.95,218.74,spread,5,Polling
2025-10-16,market,house_seats,seats,222.85,,,,1,Markets
2025-10-16,academic,house_seats,seats,227.855,202.91,258.49,spread,6,Academic
2025-10-17,polling,house_seats,seats,217.0,213.92,218.74,spread,5,Polling
2025-10-17,market,house_seats,seats,222.73,,,,1,Markets
2025-10-17,academic,house_seats,seats,227.855,202.91,258.48,spread,6,Academic
2025-10-18,polling,house_seats,seats,217.022,213.92,218.74,spread,5,Polling
2025-10-18,market,house_seats,seats,222.62,,,,1,Markets
2025-10-18,academic,house_seats,seats,227.88,202.91,258.48,spread,6,Academic
2025-10-19,polling,house_seats,seats,217.102,213.92,218.74,spread,5,Polling
2025-10-19,market,house_seats,seats,222.62,,,,1,Markets
2025-10-19,academic,house_seats,seats,227.9617,202.91,258.48,spread,6,Academic
2025-10-20,polling,house_seats,seats,217.194,213.92,218.74,spread,5,Polling
2025-10-20,market,house_seats,seats,222.49,,,,1,Markets
2025-10-20,academic,house_seats,seats,228.0483,202.91,258.48,spread,6,Academic
2025-10-21,polling,house_seats,seats,217.608,214.61,219.44,spread,5,Polling
2025-10-21,market,house_seats,seats,222.56,,,,1,Markets
2025-10-21,academic,house_seats,seats,228.0533,202.91,258.48,spread,6,Academic
2025-10-22,polling,house_seats,seats,218.694,217.45,220.64,spread,5,Polling
2025-10-22,market,house_seats,seats,222.56,,,,1,Markets
2025-10-22,academic,house_seats,seats,228.355,202.83,259.3,spread,6,Academic
2025-10-23,polling,house_seats,seats,218.634,217.45,220.64,spread,5,Polling
2025-10-23,market,house_seats,seats,222.68,,,,1,Markets
2025-10-23,academic,house_seats,seats,228.2917,202.83,259.3,spread,6,Academic
2025-10-24,polling,house_seats,seats,218.634,217.45,220.64,spread,5,Polling
2025-10-24,market,house_seats,seats,222.68,,,,1,Markets
2025-10-24,academic,house_seats,seats,228.2917,202.83,259.3,spread,6,Academic
2025-10-25,polling,house_seats,seats,218.63,217.45,220.63,spread,5,Polling
2025-10-25,market,house_seats,seats,222.68,,,,1,Markets
2025-10-25,academic,house_seats,seats,228.2883,202.83,259.29,spread,6,Academic
2025-10-26,polling,house_seats,seats,218.728,217.45,220.63,spread,5,Polling
2025-10-26,market,house_seats,seats,222.68,,,,1,Markets
2025-10-26,academic,house_seats,seats,228.3383,202.83,259.29,spread,6,Academic
2025-10-27,polling,house_seats,seats,218.514,217.45,219.92,spread,5,Polling
2025-10-27,market,house_seats,seats,222.3,,,,1,Markets
2025-10-27,academic,house_seats,seats,228.1917,202.83,259.29,spread,6,Academic
2025-10-28,polling,house_seats,seats,219.34,216.74,220.98,spread,5,Polling
2025-10-28,market,house_seats,seats,222.3,,,,1,Markets
2025-10-28,academic,house_seats,seats,228.305,202.83,259.29,spread,6,Academic
2025-10-29,polling,house_seats,seats,219.42,216.74,220.98,spread,5,Polling
2025-10-29,market,house_seats,seats,222.3,,,,1,Markets
2025-10-29,academic,house_seats,seats,228.38,202.83,259.29,spread,6,Academic
2025-10-30,polling,house_seats,seats,218.598,216.74,220.98,spread,5,Polling
2025-10-30,market,house_seats,seats,222.31,,,,1,Markets
2025-10-30,academic,house_seats,seats,228.345,202.83,259.28,spread,6,Academic
2025-10-31,polling,house_seats,seats,218.718,217.08,220.25,spread,5,Polling
2025-10-31,market,house_seats,seats,222.31,,,,1,Markets
2025-10-31,academic,house_seats,seats,227.615,202.17,258.53,spread,6,Academic
2025-11-01,polling,house_seats,seats,218.712,217.07,220.24,spread,5,Polling
2025-11-01,market,house_seats,seats,222.31,,,,1,Markets
2025-11-01,academic,house_seats,seats,227.2367,202.17,256.3,spread,6,Academic
2025-11-02,polling,house_seats,seats,219.076,217.59,220.24,spread,5,Polling
2025-11-02,market,house_seats,seats,222.31,,,,1,Markets
2025-11-02,academic,house_seats,seats,227.255,202.17,256.3,spread,6,Academic
2025-11-03,polling,house_seats,seats,219.076,217.59,220.24,spread,5,Polling
2025-11-03,market,house_seats,seats,222.31,,,,1,Markets
2025-11-03,academic,house_seats,seats,227.26,202.17,256.29,spread,6,Academic
2025-11-04,polling,house_seats,seats,219.178,216.26,220.98,spread,5,Polling
2025-11-04,market,house_seats,seats,222.25,,,,1,Markets
2025-11-04,academic,house_seats,seats,228.4767,201.99,257.24,spread,6,Academic
2025-11-05,polling,house_seats,seats,219.46,216.26,222.81,spread,5,Polling
2025-11-05,market,house_seats,seats,222.33,,,,1,Markets
2025-11-05,academic,house_seats,seats,228.525,201.99,257.99,spread,6,Academic
2025-11-06,polling,house_seats,seats,219.742,216.26,222.81,spread,5,Polling
2025-11-06,market,house_seats,seats,222.33,,,,1,Markets
2025-11-06,academic,house_seats,seats,228.72,201.99,258.37,spread,6,Academic
2025-11-07,polling,house_seats,seats,220.032,216.97,222.81,spread,5,Polling
2025-11-07,market,house_seats,seats,223.6,,,,1,Markets
2025-11-07,academic,house_seats,seats,228.7183,201.99,258.37,spread,6,Academic
2025-11-08,polling,house_seats,seats,220.034,216.98,222.81,spread,5,Polling
2025-11-08,market,house_seats,seats,223.74,,,,1,Markets
2025-11-08,academic,house_seats,seats,228.7183,201.99,258.37,spread,6,Academic
2025-11-09,polling,house_seats,seats,220.066,216.97,222.8,spread,5,Polling
2025-11-09,market,house_seats,seats,223.84,,,,1,Markets
2025-11-09,academic,house_seats,seats,228.75,201.99,258.37,spread,6,Academic
2025-11-10,polling,house_seats,seats,221.162,217.89,223.74,spread,5,Polling
2025-11-10,market,house_seats,seats,223.46,,,,1,Markets
2025-11-10,academic,house_seats,seats,229.9133,202.84,259.68,spread,6,Academic
2025-11-11,polling,house_seats,seats,222.878,220.55,225.19,spread,5,Polling
2025-11-11,market,house_seats,seats,224.0,,,,1,Markets
2025-11-11,academic,house_seats,seats,229.9383,202.84,260.03,spread,6,Academic
2025-11-12,polling,house_seats,seats,222.846,221.12,225.19,spread,5,Polling
2025-11-12,market,house_seats,seats,223.28,,,,1,Markets
2025-11-12,academic,house_seats,seats,230.0417,202.84,260.03,spread,6,Academic
2025-11-13,polling,house_seats,seats,222.656,221.17,225.19,spread,5,Polling
2025-11-13,market,house_seats,seats,223.06,,,,1,Markets
2025-11-13,academic,house_seats,seats,230.3517,202.84,260.03,spread,6,Academic
2025-11-14,polling,house_seats,seats,223.588,222.63,225.56,spread,5,Polling
2025-11-14,market,house_seats,seats,223.06,,,,1,Markets
2025-11-14,academic,house_seats,seats,230.4933,202.84,260.03,spread,6,Academic
2025-11-15,polling,house_seats,seats,223.588,222.63,225.56,spread,5,Polling
2025-11-15,market,house_seats,seats,222.41,,,,1,Markets
2025-11-15,academic,house_seats,seats,230.5117,202.84,260.02,spread,6,Academic
2025-11-16,polling,house_seats,seats,223.652,222.63,225.55,spread,5,Polling
2025-11-16,market,house_seats,seats,222.87,,,,1,Markets
2025-11-16,academic,house_seats,seats,230.575,202.84,260.02,spread,6,Academic
2025-11-17,polling,house_seats,seats,223.844,222.63,225.55,spread,5,Polling
2025-11-17,market,house_seats,seats,223.03,,,,1,Markets
2025-11-17,academic,house_seats,seats,230.6917,202.84,260.02,spread,6,Academic
2025-11-18,polling,house_seats,seats,223.292,221.89,224.46,spread,5,Polling
2025-11-18,market,house_seats,seats,223.18,,,,1,Markets
2025-11-18,academic,house_seats,seats,230.6533,202.84,260.02,spread,6,Academic
2025-11-19,polling,house_seats,seats,226.178,224.09,228.54,spread,5,Polling
2025-11-19,market,house_seats,seats,223.56,,,,1,Markets
2025-11-19,academic,house_seats,seats,230.6667,202.84,260.02,spread,6,Academic
2025-11-20,polling,house_seats,seats,226.312,224.09,228.54,spread,5,Polling
2025-11-20,market,house_seats,seats,224.23,,,,1,Markets
2025-11-20,academic,house_seats,seats,230.8833,202.84,260.42,spread,6,Academic
2025-11-21,polling,house_seats,seats,226.308,224.09,228.54,spread,5,Polling
2025-11-21,market,house_seats,seats,224.46,,,,1,Markets
2025-11-21,academic,house_seats,seats,230.875,202.84,260.42,spread,6,Academic
2025-11-22,polling,house_seats,seats,226.308,224.09,228.54,spread,5,Polling
2025-11-22,market,house_seats,seats,224.24,,,,1,Markets
2025-11-22,academic,house_seats,seats,230.8733,202.84,260.41,spread,6,Academic
2025-11-23,polling,house_seats,seats,226.27,224.09,228.53,spread,5,Polling
2025-11-23,market,house_seats,seats,224.23,,,,1,Markets
2025-11-23,academic,house_seats,seats,230.8333,202.84,260.41,spread,6,Academic
2025-11-24,polling,house_seats,seats,225.824,224.09,227.78,spread,5,Polling
2025-11-24,market,house_seats,seats,224.21,,,,1,Markets
2025-11-24,academic,house_seats,seats,230.7533,202.84,260.41,spread,6,Academic
2025-11-25,polling,house_seats,seats,226.332,224.09,228.9,spread,5,Polling
2025-11-25,market,house_seats,seats,224.2,,,,1,Markets
2025-11-25,academic,house_seats,seats,230.8183,202.84,260.41,spread,6,Academic
2025-11-26,polling,house_seats,seats,226.2967,224.09,228.15,spread,6,Polling
2025-11-26,market,house_seats,seats,224.24,,,,1,Markets
2025-11-26,academic,house_seats,seats,230.87,202.84,260.41,spread,6,Academic
2025-11-27,polling,house_seats,seats,226.2617,224.09,228.15,spread,6,Polling
2025-11-27,market,house_seats,seats,224.17,,,,1,Markets
2025-11-27,academic,house_seats,seats,230.835,202.84,260.4,spread,6,Academic
2025-11-28,polling,house_seats,seats,226.26,224.09,228.15,spread,6,Polling
2025-11-28,market,house_seats,seats,223.76,,,,1,Markets
2025-11-28,academic,house_seats,seats,230.835,202.84,260.4,spread,6,Academic
2025-11-29,polling,house_seats,seats,226.1772,223.72,228.0233,spread,6,Polling
2025-11-29,market,house_seats,seats,223.72,,,,1,Markets
2025-11-29,academic,house_seats,seats,230.8817,202.84,260.8,spread,6,Academic
2025-11-30,polling,house_seats,seats,226.1344,223.72,227.8967,spread,6,Polling
2025-11-30,market,house_seats,seats,223.66,,,,1,Markets
2025-11-30,academic,house_seats,seats,230.8467,202.84,260.8,spread,6,Academic
2025-12-01,polling,house_seats,seats,226.0617,223.72,227.77,spread,6,Polling
2025-12-01,market,house_seats,seats,223.85,,,,1,Markets
2025-12-01,academic,house_seats,seats,230.1783,202.84,257.14,spread,6,Academic
2025-12-02,polling,house_seats,seats,226.8017,224.09,229.27,spread,6,Polling
2025-12-02,market,house_seats,seats,224.18,,,,1,Markets
2025-12-02,academic,house_seats,seats,230.25,202.84,257.14,spread,6,Academic
2025-12-03,polling,house_seats,seats,226.7367,224.09,229.27,spread,6,Polling
2025-12-03,market,house_seats,seats,224.55,,,,1,Markets
2025-12-03,academic,house_seats,seats,230.1717,202.84,257.14,spread,6,Academic
2025-12-04,polling,house_seats,seats,225.6744,221.12,228.14,spread,6,Polling
2025-12-04,market,house_seats,seats,224.98,,,,1,Markets
2025-12-04,academic,house_seats,seats,229.56,202.84,257.14,spread,6,Academic
2025-12-05,polling,house_seats,seats,225.4806,219.99,227.3933,spread,6,Polling
2025-12-05,market,house_seats,seats,225.3,,,,1,Markets
2025-12-05,academic,house_seats,seats,229.3983,202.84,257.49,spread,6,Academic
2025-12-06,polling,house_seats,seats,224.1383,219.71,227.39,spread,6,Polling
2025-12-06,market,house_seats,seats,226.69,,,,1,Markets
2025-12-06,academic,house_seats,seats,229.3983,202.84,257.49,spread,6,Academic
2025-12-07,polling,house_seats,seats,224.1283,219.71,227.39,spread,6,Polling
2025-12-07,market,house_seats,seats,226.77,,,,1,Markets
2025-12-07,academic,house_seats,seats,229.46,202.84,257.48,spread,6,Academic
2025-12-08,polling,house_seats,seats,224.07,219.7,227.39,spread,6,Polling
2025-12-08,market,house_seats,seats,226.7,,,,1,Markets
2025-12-08,academic,house_seats,seats,229.4233,202.84,257.87,spread,6,Academic
2025-12-09,polling,house_seats,seats,222.9278,219.97,226.4067,spread,6,Polling
2025-12-09,market,house_seats,seats,226.97,,,,1,Markets
2025-12-09,academic,house_seats,seats,229.4133,202.84,257.86,spread,6,Academic
2025-12-10,polling,house_seats,seats,222.6739,219.44,226.28,spread,6,Polling
2025-12-10,market,house_seats,seats,226.83,,,,1,Markets
2025-12-10,academic,house_seats,seats,229.315,202.84,257.86,spread,6,Academic
2025-12-11,polling,house_seats,seats,222.5167,219.49,226.27,spread,6,Polling
2025-12-11,market,house_seats,seats,226.75,,,,1,Markets
2025-12-11,academic,house_seats,seats,229.3367,202.84,257.86,spread,6,Academic
2025-12-12,polling,house_seats,seats,222.5167,219.49,226.27,spread,6,Polling
2025-12-12,market,house_seats,seats,226.78,,,,1,Markets
2025-12-12,academic,house_seats,seats,229.3367,202.84,257.86,spread,6,Academic
2025-12-13,polling,house_seats,seats,222.5783,219.49,226.27,spread,6,Polling
2025-12-13,market,house_seats,seats,227.16,,,,1,Markets
2025-12-13,academic,house_seats,seats,229.3483,202.84,257.86,spread,6,Academic
2025-12-14,polling,house_seats,seats,222.6028,219.66,226.27,spread,6,Polling
2025-12-14,market,house_seats,seats,227.19,,,,1,Markets
2025-12-14,academic,house_seats,seats,229.3683,202.84,257.86,spread,6,Academic
2025-12-15,polling,house_seats,seats,222.5972,219.63,226.27,spread,6,Polling
2025-12-15,market,house_seats,seats,227.34,,,,1,Markets
2025-12-15,academic,house_seats,seats,229.4183,202.84,258.24,spread,6,Academic
2025-12-16,polling,house_seats,seats,221.855,219.15,226.27,spread,6,Polling
2025-12-16,market,house_seats,seats,227.15,,,,1,Markets
2025-12-16,academic,house_seats,seats,229.3267,202.84,258.24,spread,6,Academic
2025-12-17,polling,house_seats,seats,221.5167,218.97,226.27,spread,6,Polling
2025-12-17,market,house_seats,seats,227.15,,,,1,Markets
2025-12-17,academic,house_seats,seats,229.42,202.84,258.64,spread,6,Academic
2025-12-18,polling,house_seats,seats,220.7233,218.97,224.8,spread,6,Polling
2025-12-18,market,house_seats,seats,227.41,,,,1,Markets
2025-12-18,academic,house_seats,seats,229.4183,202.84,258.64,spread,6,Academic
2025-12-19,polling,house_seats,seats,221.0728,218.6,224.43,spread,6,Polling
2025-12-19,market,house_seats,seats,227.64,,,,1,Markets
2025-12-19,academic,house_seats,seats,229.8017,202.84,258.99,spread,6,Academic
2025-12-20,polling,house_seats,seats,224.1456,220.78,228.5,spread,6,Polling
2025-12-20,market,house_seats,seats,227.34,,,,1,Markets
2025-12-20,academic,house_seats,seats,229.8133,202.84,258.98,spread,6,Academic
2025-12-21,polling,house_seats,seats,224.365,220.78,228.5,spread,6,Polling
2025-12-21,market,house_seats,seats,227.58,,,,1,Markets
2025-12-21,academic,house_seats,seats,229.8333,202.84,258.98,spread,6,Academic
2025-12-22,polling,house_seats,seats,224.8467,220.6,229.99,spread,6,Polling
2025-12-22,market,house_seats,seats,227.7,,,,1,Markets
2025-12-22,academic,house_seats,seats,229.7667,202.84,258.98,spread,6,Academic
2025-12-23,polling,house_seats,seats,224.9,220.6,228.12,spread,6,Polling
2025-12-23,market,house_seats,seats,227.41,,,,1,Markets
2025-12-23,academic,house_seats,seats,229.805,202.68,259.37,spread,6,Academic
2025-12-24,polling,house_seats,seats,224.8967,220.6,228.11,spread,6,Polling
2025-12-24,market,house_seats,seats,227.77,,,,1,Markets
2025-12-24,academic,house_seats,seats,229.805,202.68,259.37,spread,6,Academic
2025-12-25,polling,house_seats,seats,225.02,221.7,228.11,spread,6,Polling
2025-12-25,market,house_seats,seats,227.79,,,,1,Markets
2025-12-25,academic,house_seats,seats,230.0117,202.68,259.37,spread,6,Academic
2025-12-26,polling,house_seats,seats,224.4033,221.69,228.11,spread,6,Polling
2025-12-26,market,house_seats,seats,227.81,,,,1,Markets
2025-12-26,academic,house_seats,seats,230.0083,202.68,259.36,spread,6,Academic
2025-12-27,polling,house_seats,seats,224.4017,221.69,228.11,spread,6,Polling
2025-12-27,market,house_seats,seats,227.76,,,,1,Markets
2025-12-27,academic,house_seats,seats,230.0067,202.68,259.36,spread,6,Academic
2025-12-28,polling,house_seats,seats,224.3767,221.55,228.11,spread,6,Polling
2025-12-28,market,house_seats,seats,227.84,,,,1,Markets
2025-12-28,academic,house_seats,seats,230.0,202.68,259.36,spread,6,Academic
2025-12-29,polling,house_seats,seats,224.3917,221.64,228.11,spread,6,Polling
2025-12-29,market,house_seats,seats,227.83,,,,1,Markets
2025-12-29,academic,house_seats,seats,230.0383,202.68,259.36,spread,6,Academic
2025-12-30,polling,house_seats,seats,224.39,221.64,228.1,spread,6,Polling
2025-12-30,market,house_seats,seats,227.79,,,,1,Markets
2025-12-30,academic,house_seats,seats,230.0383,202.68,259.36,spread,6,Academic
2025-12-31,polling,house_seats,seats,224.445,222.22,228.1,spread,6,Polling
2025-12-31,market,house_seats,seats,227.44,,,,1,Markets
2025-12-31,academic,house_seats,seats,230.1733,202.68,259.35,spread,6,Academic
2026-01-01,polling,house_seats,seats,224.6917,222.59,228.1,spread,6,Polling
2026-01-01,market,house_seats,seats,227.31,,,,1,Markets
2026-01-01,academic,house_seats,seats,230.4183,202.68,258.65,spread,6,Academic
2026-01-02,polling,house_seats,seats,224.69,222.59,228.1,spread,6,Polling
2026-01-02,market,house_seats,seats,227.44,,,,1,Markets
2026-01-02,academic,house_seats,seats,230.4433,202.68,258.65,spread,6,Academic
2026-01-03,polling,house_seats,seats,224.6583,222.59,228.1,spread,6,Polling
2026-01-03,market,house_seats,seats,227.56,,,,1,Markets
2026-01-03,academic,house_seats,seats,230.41,202.68,258.64,spread,6,Academic
2026-01-04,polling,house_seats,seats,225.7633,223.32,229.6,spread,6,Polling
2026-01-04,market,house_seats,seats,227.56,,,,1,Markets
2026-01-04,academic,house_seats,seats,230.3433,202.68,258.64,spread,6,Academic
2026-01-05,polling,house_seats,seats,226.0708,223.32,229.6,spread,6,Polling
2026-01-05,market,house_seats,seats,227.6,,,,1,Markets
2026-01-05,academic,house_seats,seats,230.8283,202.68,258.64,spread,6,Academic
2026-01-06,polling,house_seats,seats,226.0567,223.32,229.6,spread,6,Polling
2026-01-06,market,house_seats,seats,227.75,,,,1,Markets
2026-01-06,academic,house_seats,seats,230.8717,202.68,258.64,spread,6,Academic
2026-01-07,polling,house_seats,seats,226.1817,223.32,229.23,spread,6,Polling
2026-01-07,market,house_seats,seats,227.56,,,,1,Markets
2026-01-07,academic,house_seats,seats,230.8067,202.68,258.99,spread,6,Academic
2026-01-08,polling,house_seats,seats,225.9483,223.32,229.23,spread,6,Polling
2026-01-08,market,house_seats,seats,227.7,,,,1,Markets
2026-01-08,academic,house_seats,seats,230.59,202.68,259.38,spread,6,Academic
2026-01-09,polling,house_seats,seats,225.805,222.05,229.23,spread,6,Polling
2026-01-09,market,house_seats,seats,227.64,,,,1,Markets
2026-01-09,academic,house_seats,seats,230.0567,202.68,259.38,spread,6,Academic
2026-01-10,polling,house_seats,seats,225.8033,222.05,229.22,spread,6,Polling
2026-01-10,market,house_seats,seats,227.58,,,,1,Markets
2026-01-10,academic,house_seats,seats,230.0567,202.68,259.38,spread,6,Academic
2026-01-11,polling,house_seats,seats,225.7417,221.68,229.22,spread,6,Polling
2026-01-11,market,house_seats,seats,227.56,,,,1,Markets
2026-01-11,academic,house_seats,seats,229.98,202.68,259.38,spread,6,Academic
2026-01-12,polling,house_seats,seats,225.2417,222.4,228.85,spread,6,Polling
2026-01-12,market,house_seats,seats,227.56,,,,1,Markets
2026-01-12,academic,house_seats,seats,230.1283,202.68,259.38,spread,6,Academic
2026-01-13,polling,house_seats,seats,225.12,222.06,228.09,spread,6,Polling
2026-01-13,market,house_seats,seats,227.97,,,,1,Markets
2026-01-13,academic,house_seats,seats,230.13,202.68,259.78,spread,6,Academic
2026-01-14,polling,house_seats,seats,225.345,223.42,228.08,spread,6,Polling
2026-01-14,market,house_seats,seats,228.04,,,,1,Markets
2026-01-14,academic,house_seats,seats,230.3917,202.68,259.77,spread,6,Academic
2026-01-15,polling,house_seats,seats,225.285,223.8,228.08,spread,6,Polling
2026-01-15,market,house_seats,seats,229.43,,,,1,Markets
2026-01-15,academic,house_seats,seats,230.455,202.68,259.77,spread,6,Academic
2026-01-16,polling,house_seats,seats,223.9417,222.95,225.14,spread,6,Polling
2026-01-16,market,house_seats,seats,229.89,,,,1,Markets
2026-01-16,academic,house_seats,seats,230.4483,202.68,259.77,spread,6,Academic
2026-01-17,polling,house_seats,seats,223.9667,222.95,225.14,spread,6,Polling
2026-01-17,market,house_seats,seats,230.82,,,,1,Markets
2026-01-17,academic,house_seats,seats,230.48,202.68,259.77,spread,6,Academic
2026-01-18,polling,house_seats,seats,223.935,222.94,225.14,spread,6,Polling
2026-01-18,market,house_seats,seats,231.29,,,,1,Markets
2026-01-18,academic,house_seats,seats,230.46,202.68,259.77,spread,6,Academic
2026-01-19,polling,house_seats,seats,224.145,222.94,226.23,spread,6,Polling
2026-01-19,market,house_seats,seats,231.56,,,,1,Markets
2026-01-19,academic,house_seats,seats,230.5017,202.68,259.76,spread,6,Academic
2026-01-20,polling,house_seats,seats,224.7917,222.94,225.86,spread,6,Polling
2026-01-20,market,house_seats,seats,231.46,,,,1,Markets
2026-01-20,academic,house_seats,seats,230.9133,202.68,260.16,spread,6,Academic
2026-01-21,polling,house_seats,seats,224.7917,222.94,225.86,spread,6,Polling
2026-01-21,market,house_seats,seats,231.58,,,,1,Markets
2026-01-21,academic,house_seats,seats,230.92,202.68,260.16,spread,6,Academic
2026-01-22,polling,house_seats,seats,225.775,224.4,226.59,spread,6,Polling
2026-01-22,market,house_seats,seats,231.34,,,,1,Markets
2026-01-22,academic,house_seats,seats,230.865,202.68,260.15,spread,6,Academic
2026-01-23,polling,house_seats,seats,226.4542,224.4,227.71,spread,6,Polling
2026-01-23,market,house_seats,seats,231.68,,,,1,Markets
2026-01-23,academic,house_seats,seats,230.8717,202.68,260.15,spread,6,Academic
2026-01-24,polling,house_seats,seats,226.5167,224.4,227.71,spread,6,Polling
2026-01-24,market,house_seats,seats,231.29,,,,1,Markets
2026-01-24,academic,house_seats,seats,230.8717,202.68,260.15,spread,6,Academic
2026-01-25,polling,house_seats,seats,226.2758,224.76,227.71,spread,6,Polling
2026-01-25,market,house_seats,seats,231.29,,,,1,Markets
2026-01-25,academic,house_seats,seats,230.805,202.68,260.15,spread,6,Academic
2026-01-26,polling,house_seats,seats,226.3083,224.76,227.71,spread,6,Polling
2026-01-26,market,house_seats,seats,231.25,,,,1,Markets
2026-01-26,academic,house_seats,seats,230.855,202.68,260.14,spread,6,Academic
2026-01-27,polling,house_seats,seats,226.495,224.76,229.2,spread,6,Polling
2026-01-27,market,house_seats,seats,231.44,,,,1,Markets
2026-01-27,academic,house_seats,seats,230.85,202.68,260.5,spread,6,Academic
2026-01-28,polling,house_seats,seats,226.22,224.4,227.7,spread,6,Polling
2026-01-28,market,house_seats,seats,231.44,,,,1,Markets
2026-01-28,academic,house_seats,seats,230.8833,202.68,260.5,spread,6,Academic
2026-01-29,polling,house_seats,seats,226.255,224.4,227.7,spread,6,Polling
2026-01-29,market,house_seats,seats,231.29,,,,1,Markets
2026-01-29,academic,house_seats,seats,230.935,202.68,260.5,spread,6,Academic
2026-01-30,polling,house_seats,seats,226.7642,224.76,230.32,spread,6,Polling
2026-01-30,market,house_seats,seats,231.19,,,,1,Markets
2026-01-30,academic,house_seats,seats,230.985,202.68,260.49,spread,6,Academic
2026-01-31,polling,house_seats,seats,226.795,224.76,230.32,spread,6,Polling
2026-01-31,market,house_seats,seats,231.48,,,,1,Markets
2026-01-31,academic,house_seats,seats,230.985,202.68,260.49,spread,6,Academic
2026-02-01,polling,house_seats,seats,227.0994,224.39,230.69,spread,6,Polling
2026-02-01,market,house_seats,seats,230.54,,,,1,Markets
2026-02-01,academic,house_seats,seats,231.135,202.68,261.25,spread,6,Academic
2026-02-02,polling,house_seats,seats,226.9439,224.03,230.69,spread,6,Polling
2026-02-02,market,house_seats,seats,230.48,,,,1,Markets
2026-02-02,academic,house_seats,seats,231.1817,202.68,261.24,spread,6,Academic
2026-02-03,polling,house_seats,seats,227.0583,224.03,230.69,spread,6,Polling
2026-02-03,market,house_seats,seats,230.03,,,,1,Markets
2026-02-03,academic,house_seats,seats,231.255,202.68,261.24,spread,6,Academic
2026-02-04,polling,house_seats,seats,226.3767,223.66,229.19,spread,6,Polling
2026-02-04,market,house_seats,seats,230.41,,,,1,Markets
2026-02-04,academic,house_seats,seats,231.18,202.68,261.65,spread,6,Academic
2026-02-05,polling,house_seats,seats,226.3692,223.66,229.19,spread,6,Polling
2026-02-05,market,house_seats,seats,230.99,,,,1,Markets
2026-02-05,academic,house_seats,seats,231.16,202.68,261.65,spread,6,Academic
2026-02-06,polling,house_seats,seats,226.4917,223.66,229.19,spread,6,Polling
2026-02-06,market,house_seats,seats,230.97,,,,1,Markets
2026-02-06,academic,house_seats,seats,231.2183,202.68,262.01,spread,6,Academic
2026-02-07,polling,house_seats,seats,226.4817,223.66,229.19,spread,6,Polling
2026-02-07,market,house_seats,seats,231.07,,,,1,Markets
2026-02-07,academic,house_seats,seats,231.205,202.68,262.01,spread,6,Academic
2026-02-08,polling,house_seats,seats,226.5583,223.66,229.18,spread,6,Polling
2026-02-08,market,house_seats,seats,230.15,,,,1,Markets
2026-02-08,academic,house_seats,seats,231.3167,202.68,262.01,spread,6,Academic
2026-02-09,polling,house_seats,seats,226.5933,223.66,229.18,spread,6,Polling
2026-02-09,market,house_seats,seats,229.77,,,,1,Markets
2026-02-09,academic,house_seats,seats,231.34,202.68,262.0,spread,6,Academic
2026-02-10,polling,house_seats,seats,226.4633,224.02,229.18,spread,6,Polling
2026-02-10,market,house_seats,seats,229.86,,,,1,Markets
2026-02-10,academic,house_seats,seats,231.1783,202.68,262.0,spread,6,Academic
2026-02-11,polling,house_seats,seats,226.43,223.66,228.43,spread,6,Polling
2026-02-11,market,house_seats,seats,229.86,,,,1,Markets
2026-02-11,academic,house_seats,seats,231.19,202.68,262.0,spread,6,Academic
2026-02-12,polling,house_seats,seats,226.0117,223.29,228.43,spread,6,Polling
2026-02-12,market,house_seats,seats,229.86,,,,1,Markets
2026-02-12,academic,house_seats,seats,230.85,202.68,262.0,spread,6,Academic
2026-02-13,polling,house_seats,seats,226.0117,223.29,228.43,spread,6,Polling
2026-02-13,market,house_seats,seats,229.86,,,,1,Markets
2026-02-13,academic,house_seats,seats,230.8533,202.68,261.99,spread,6,Academic
2026-02-14,polling,house_seats,seats,225.9483,223.28,228.43,spread,6,Polling
2026-02-14,market,house_seats,seats,229.21,,,,1,Markets
2026-02-14,academic,house_seats,seats,230.8517,202.68,261.99,spread,6,Academic
2026-02-15,polling,house_seats,seats,226.0533,223.29,228.43,spread,6,Polling
2026-02-15,market,house_seats,seats,229.21,,,,1,Markets
2026-02-15,academic,house_seats,seats,230.975,202.68,261.99,spread,6,Academic
2026-02-16,polling,house_seats,seats,226.1783,223.29,228.43,spread,6,Polling
2026-02-16,market,house_seats,seats,232.34,,,,1,Markets
2026-02-16,academic,house_seats,seats,231.1167,202.68,261.99,spread,6,Academic
2026-02-17,polling,house_seats,seats,226.0367,221.47,228.24,spread,6,Polling
2026-02-17,market,house_seats,seats,233.53,,,,1,Markets
2026-02-17,academic,house_seats,seats,231.1283,202.68,261.98,spread,6,Academic
2026-02-18,polling,house_seats,seats,226.19,221.47,229.17,spread,6,Polling
2026-02-18,market,house_seats,seats,233.52,,,,1,Markets
2026-02-18,academic,house_seats,seats,231.1267,202.68,261.98,spread,6,Academic
2026-02-19,polling,house_seats,seats,226.3,221.47,229.17,spread,6,Polling
2026-02-19,market,house_seats,seats,231.6,,,,1,Markets
2026-02-19,academic,house_seats,seats,231.2383,202.68,261.98,spread,6,Academic
2026-02-20,polling,house_seats,seats,226.8358,224.74,229.355,spread,6,Polling
2026-02-20,market,house_seats,seats,231.01,,,,1,Markets
2026-02-20,academic,house_seats,seats,233.2017,213.81,261.98,spread,6,Academic
2026-02-21,polling,house_seats,seats,226.745,224.01,229.54,spread,6,Polling
2026-02-21,market,house_seats,seats,236.63,,,,1,Markets
2026-02-21,academic,house_seats,seats,233.2,213.81,261.97,spread,6,Academic
2026-02-22,polling,house_seats,seats,226.9017,224.01,229.54,spread,6,Polling
2026-02-22,market,house_seats,seats,233.74,,,,1,Markets
2026-02-22,academic,house_seats,seats,233.3967,213.81,261.97,spread,6,Academic
2026-02-23,polling,house_seats,seats,226.7667,224.01,229.54,spread,6,Polling
2026-02-23,market,house_seats,seats,231.5,,,,1,Markets
2026-02-23,academic,house_seats,seats,233.2133,213.81,261.97,spread,6,Academic
2026-02-24,polling,house_seats,seats,227.8717,226.19,230.28,spread,6,Polling
2026-02-24,market,house_seats,seats,230.97,,,,1,Markets
2026-02-24,academic,house_seats,seats,233.2,213.81,261.97,spread,6,Academic
2026-02-25,polling,house_seats,seats,227.9033,226.19,230.28,spread,6,Polling
2026-02-25,market,house_seats,seats,230.71,,,,1,Markets
2026-02-25,academic,house_seats,seats,233.2383,213.81,261.97,spread,6,Academic
2026-02-26,polling,house_seats,seats,227.7533,225.54,230.28,spread,6,Polling
2026-02-26,market,house_seats,seats,231.0,,,,1,Markets
2026-02-26,academic,house_seats,seats,233.0683,213.81,261.97,spread,6,Academic
2026-02-27,polling,house_seats,seats,227.6533,225.12,230.65,spread,6,Polling
2026-02-27,market,house_seats,seats,229.65,,,,1,Markets
2026-02-27,academic,house_seats,seats,232.9633,213.81,261.97,spread,6,Academic
2026-02-28,polling,house_seats,seats,227.5617,225.12,231.03,spread,6,Polling
2026-02-28,market,house_seats,seats,230.98,,,,1,Markets
2026-02-28,academic,house_seats,seats,232.9633,213.81,261.97,spread,6,Academic
2026-03-01,polling,house_seats,seats,227.5667,225.17,231.03,spread,6,Polling
2026-03-01,market,house_seats,seats,230.91,,,,1,Markets
2026-03-01,academic,house_seats,seats,234.3883,213.81,266.51,spread,6,Academic
2026-03-02,polling,house_seats,seats,227.535,224.98,231.03,spread,6,Polling
2026-03-02,market,house_seats,seats,231.19,,,,1,Markets
2026-03-02,academic,house_seats,seats,234.4267,213.81,266.94,spread,6,Academic
2026-03-03,polling,house_seats,seats,228.0883,224.56,231.03,spread,6,Polling
2026-03-03,market,house_seats,seats,231.42,,,,1,Markets
2026-03-03,academic,house_seats,seats,234.3417,213.81,266.94,spread,6,Academic
2026-03-04,polling,house_seats,seats,227.8406,224.58,231.03,spread,6,Polling
2026-03-04,market,house_seats,seats,232.54,,,,1,Markets
2026-03-04,academic,house_seats,seats,234.4283,213.81,267.35,spread,6,Academic
2026-03-05,polling,house_seats,seats,227.3078,224.72,230.27,spread,6,Polling
2026-03-05,market,house_seats,seats,231.5,,,,1,Markets
2026-03-05,academic,house_seats,seats,234.5467,213.81,267.35,spread,6,Academic
2026-03-06,polling,house_seats,seats,226.4417,224.72,228.77,spread,6,Polling
2026-03-06,market,house_seats,seats,231.5,,,,1,Markets
2026-03-06,academic,house_seats,seats,234.5917,213.81,267.76,spread,6,Academic
2026-03-07,polling,house_seats,seats,226.255,224.35,228.77,spread,6,Polling
2026-03-07,market,house_seats,seats,234.35,,,,1,Markets
2026-03-07,academic,house_seats,seats,234.5917,213.81,267.76,spread,6,Academic
2026-03-08,polling,house_seats,seats,226.4117,224.72,228.77,spread,6,Polling
2026-03-08,market,house_seats,seats,232.0,,,,1,Markets
2026-03-08,academic,house_seats,seats,234.6183,213.81,267.76,spread,6,Academic
2026-03-09,polling,house_seats,seats,226.1711,223.65,228.6467,spread,6,Polling
2026-03-09,market,house_seats,seats,234.25,,,,1,Markets
2026-03-09,academic,house_seats,seats,234.3683,213.81,267.76,spread,6,Academic
2026-03-10,polling,house_seats,seats,226.1006,224.08,228.5233,spread,6,Polling
2026-03-10,market,house_seats,seats,233.06,,,,1,Markets
2026-03-10,academic,house_seats,seats,234.4583,213.81,267.76,spread,6,Academic
2026-03-11,polling,house_seats,seats,226.7583,223.74,229.14,spread,6,Polling
2026-03-11,market,house_seats,seats,233.18,,,,1,Markets
2026-03-11,academic,house_seats,seats,234.45,213.81,268.14,spread,6,Academic
2026-03-12,polling,house_seats,seats,226.6917,223.72,229.14,spread,6,Polling
2026-03-12,market,house_seats,seats,233.18,,,,1,Markets
2026-03-12,academic,house_seats,seats,234.45,213.81,268.14,spread,6,Academic
2026-03-13,polling,house_seats,seats,226.56,222.93,229.14,spread,6,Polling
2026-03-13,market,house_seats,seats,234.27,,,,1,Markets
2026-03-13,academic,house_seats,seats,234.3017,213.81,268.14,spread,6,Academic
2026-03-14,polling,house_seats,seats,226.5578,222.92,229.14,spread,6,Polling
2026-03-14,market,house_seats,seats,236.35,,,,1,Markets
2026-03-14,academic,house_seats,seats,234.3,213.81,268.14,spread,6,Academic
2026-03-15,polling,house_seats,seats,226.5222,222.72,229.13,spread,6,Polling
2026-03-15,market,house_seats,seats,234.77,,,,1,Markets
2026-03-15,academic,house_seats,seats,234.2683,213.81,268.14,spread,6,Academic
2026-03-16,polling,house_seats,seats,226.6467,223.47,229.13,spread,6,Polling
2026-03-16,market,house_seats,seats,233.96,,,,1,Markets
2026-03-16,academic,house_seats,seats,234.4283,213.81,268.14,spread,6,Academic
2026-03-17,polling,house_seats,seats,225.8933,224.35,227.27,spread,6,Polling
2026-03-17,market,house_seats,seats,233.93,,,,1,Markets
2026-03-17,academic,house_seats,seats,234.77,213.81,268.14,spread,6,Academic
2026-03-18,polling,house_seats,seats,225.835,224.34,227.27,spread,6,Polling
2026-03-18,market,house_seats,seats,234.12,,,,1,Markets
2026-03-18,academic,house_seats,seats,234.6967,213.81,268.14,spread,6,Academic
2026-03-19,polling,house_seats,seats,225.9056,224.34,227.3933,spread,6,Polling
2026-03-19,market,house_seats,seats,233.74,,,,1,Markets
2026-03-19,academic,house_seats,seats,234.7567,213.81,268.14,spread,6,Academic
2026-03-20,polling,house_seats,seats,225.9228,223.99,227.5167,spread,6,Polling
2026-03-20,market,house_seats,seats,234.88,,,,1,Markets
2026-03-20,academic,house_seats,seats,234.8333,213.81,268.14,spread,6,Academic
2026-03-21,polling,house_seats,seats,226.3083,225.53,227.64,spread,6,Polling
2026-03-21,market,house_seats,seats,236.0,,,,1,Markets
2026-03-21,academic,house_seats,seats,234.8333,213.81,268.14,spread,6,Academic
2026-03-22,polling,house_seats,seats,226.3233,225.64,227.64,spread,6,Polling
2026-03-22,market,house_seats,seats,235.98,,,,1,Markets
2026-03-22,academic,house_seats,seats,234.8517,213.81,268.14,spread,6,Academic
2026-03-23,polling,house_seats,seats,226.3283,225.68,227.63,spread,6,Polling
2026-03-23,market,house_seats,seats,235.5,,,,1,Markets
2026-03-23,academic,house_seats,seats,234.8683,213.81,268.14,spread,6,Academic
2026-03-24,polling,house_seats,seats,226.4661,225.52,227.63,spread,6,Polling
2026-03-24,market,house_seats,seats,234.92,,,,1,Markets
2026-03-24,academic,house_seats,seats,234.8433,213.81,268.14,spread,6,Academic
2026-03-25,polling,house_seats,seats,226.6439,225.31,227.7633,spread,6,Polling
2026-03-25,market,house_seats,seats,235.78,,,,1,Markets
2026-03-25,academic,house_seats,seats,234.8683,213.81,268.14,spread,6,Academic
2026-03-26,polling,house_seats,seats,226.8933,224.7,228.38,spread,6,Polling
2026-03-26,market,house_seats,seats,236.94,,,,1,Markets
2026-03-26,academic,house_seats,seats,234.9717,213.81,268.14,spread,6,Academic
2026-03-27,polling,house_seats,seats,227.0047,225.065,228.75,spread,6,Polling
2026-03-27,market,house_seats,seats,236.86,,,,1,Markets
2026-03-27,academic,house_seats,seats,235.0383,213.81,268.55,spread,6,Academic
2026-03-28,polling,house_seats,seats,227.1161,225.43,229.12,spread,6,Polling
2026-03-28,market,house_seats,seats,239.77,,,,1,Markets
2026-03-28,academic,house_seats,seats,235.0267,213.81,268.55,spread,6,Academic
2026-03-29,polling,house_seats,seats,227.2575,225.795,229.49,spread,6,Polling
2026-03-29,market,house_seats,seats,238.57,,,,1,Markets
2026-03-29,academic,house_seats,seats,235.0583,213.81,268.55,spread,6,Academic
2026-03-30,polling,house_seats,seats,227.4356,226.16,229.86,spread,6,Polling
2026-03-30,market,house_seats,seats,239.34,,,,1,Markets
2026-03-30,academic,house_seats,seats,235.1417,213.81,268.55,spread,6,Academic
2026-03-31,polling,house_seats,seats,227.449,225.61,230.235,spread,6,Polling
2026-03-31,market,house_seats,seats,239.94,,,,1,Markets
2026-03-31,academic,house_seats,seats,235.1517,213.81,268.55,spread,6,Academic
2026-04-01,polling,house_seats,seats,227.4558,225.06,230.61,spread,6,Polling
2026-04-01,market,house_seats,seats,238.98,,,,1,Markets
2026-04-01,academic,house_seats,seats,235.1217,213.81,270.07,spread,6,Academic
2026-04-02,polling,house_seats,seats,227.5185,225.24,230.61,spread,6,Polling
2026-04-02,market,house_seats,seats,239.52,,,,1,Markets
2026-04-02,academic,house_seats,seats,235.1233,213.81,270.07,spread,6,Academic
2026-04-03,polling,house_seats,seats,227.5978,225.42,230.61,spread,6,Polling
2026-04-03,market,house_seats,seats,239.87,,,,1,Markets
2026-04-03,academic,house_seats,seats,235.1283,213.81,270.07,spread,6,Academic
2026-04-04,polling,house_seats,seats,227.3887,224.605,230.3275,spread,6,Polling
2026-04-04,market,house_seats,seats,240.16,,,,1,Markets
2026-04-04,academic,house_seats,seats,235.1283,213.81,270.07,spread,6,Academic
2026-04-05,polling,house_seats,seats,227.0297,223.79,230.045,spread,6,Polling
2026-04-05,market,house_seats,seats,240.64,,,,1,Markets
2026-04-05,academic,house_seats,seats,234.945,213.81,270.07,spread,6,Academic
2026-04-06,polling,house_seats,seats,226.6874,222.975,229.7625,spread,6,Polling
2026-04-06,market,house_seats,seats,240.66,,,,1,Markets
2026-04-06,academic,house_seats,seats,234.7833,213.81,270.07,spread,6,Academic
2026-04-07,polling,house_seats,seats,226.185,222.16,229.48,spread,6,Polling
2026-04-07,market,house_seats,seats,239.86,,,,1,Markets
2026-04-07,academic,house_seats,seats,234.4283,213.81,270.07,spread,6,Academic
2026-04-08,polling,house_seats,seats,226.2892,222.3375,229.57,spread,6,Polling
2026-04-08,market,house_seats,seats,238.12,,,,1,Markets
2026-04-08,academic,house_seats,seats,234.4667,213.81,270.07,spread,6,Academic
2026-04-09,polling,house_seats,seats,226.37,222.515,229.66,spread,6,Polling
2026-04-09,market,house_seats,seats,238.38,,,,1,Markets
2026-04-09,academic,house_seats,seats,234.4983,213.81,270.07,spread,6,Academic
2026-04-10,polling,house_seats,seats,226.4342,222.6925,229.75,spread,6,Polling
2026-04-10,market,house_seats,seats,239.82,,,,1,Markets
2026-04-10,academic,house_seats,seats,234.4917,213.81,270.07,spread,6,Academic
2026-04-11,polling,house_seats,seats,226.4933,222.87,229.84,spread,6,Polling
2026-04-11,market,house_seats,seats,240.15,,,,1,Markets
2026-04-11,academic,house_seats,seats,234.505,213.81,270.07,spread,6,Academic
2026-04-12,polling,house_seats,seats,226.3998,222.15,229.1,spread,6,Polling
2026-04-12,market,house_seats,seats,239.16,,,,1,Markets
2026-04-12,academic,house_seats,seats,234.7217,213.81,270.07,spread,6,Academic
2026-04-13,polling,house_seats,seats,226.1263,221.43,228.36,spread,6,Polling
2026-04-13,market,house_seats,seats,238.83,,,,1,Markets
2026-04-13,academic,house_seats,seats,234.7017,213.81,270.07,spread,6,Academic
2026-04-14,polling,house_seats,seats,226.2102,221.43,228.355,spread,6,Polling
2026-04-14,market,house_seats,seats,238.84,,,,1,Markets
2026-04-14,academic,house_seats,seats,234.8183,213.81,270.07,spread,6,Academic
2026-04-15,polling,house_seats,seats,226.2942,221.43,228.35,spread,6,Polling
2026-04-15,market,house_seats,seats,239.24,,,,1,Markets
2026-04-15,academic,house_seats,seats,234.9167,213.81,270.07,spread,6,Academic
2026-04-16,polling,house_seats,seats,226.4394,221.43,228.5325,spread,6,Polling
2026-04-16,market,house_seats,seats,239.51,,,,1,Markets
2026-04-16,academic,house_seats,seats,235.1117,213.81,270.07,spread,6,Academic
2026-04-17,polling,house_seats,seats,226.4229,221.43,228.715,spread,6,Polling
2026-04-17,market,house_seats,seats,239.31,,,,1,Markets
2026-04-17,academic,house_seats,seats,235.1183,213.81,270.07,spread,6,Academic
2026-04-18,polling,house_seats,seats,226.3731,221.43,228.8975,spread,6,Polling
2026-04-18,market,house_seats,seats,241.05,,,,1,Markets
2026-04-18,academic,house_seats,seats,235.0783,213.81,270.07,spread,6,Academic
2026-04-19,polling,house_seats,seats,226.4283,221.43,229.08,spread,6,Polling
2026-04-19,market,house_seats,seats,242.04,,,,1,Markets
2026-04-19,academic,house_seats,seats,235.1633,213.81,270.07,spread,6,Academic
2026-04-20,polling,house_seats,seats,226.5635,221.88,229.175,spread,6,Polling
2026-04-20,market,house_seats,seats,239.56,,,,1,Markets
2026-04-20,academic,house_seats,seats,235.1117,213.81,270.07,spread,6,Academic
2026-04-21,polling,house_seats,seats,226.7771,222.33,229.27,spread,6,Polling
2026-04-21,market,house_seats,seats,240.74,,,,1,Markets
2026-04-21,academic,house_seats,seats,235.1167,213.81,270.07,spread,6,Academic
2026-04-22,polling,house_seats,seats,226.989,222.78,229.365,spread,6,Polling
2026-04-22,market,house_seats,seats,239.89,,,,1,Markets
2026-04-22,academic,house_seats,seats,235.1167,213.81,270.07,spread,6,Academic
2026-04-23,polling,house_seats,seats,227.2108,223.23,229.46,spread,6,Polling
2026-04-23,market,house_seats,seats,239.61,,,,1,Markets
2026-04-23,academic,house_seats,seats,235.1233,213.81,270.07,spread,6,Academic
2026-04-24,polling,house_seats,seats,227.3027,223.955,229.455,spread,6,Polling
2026-04-24,market,house_seats,seats,241.15,,,,1,Markets
2026-04-24,academic,house_seats,seats,235.1167,213.81,270.07,spread,6,Academic
2026-04-25,polling,house_seats,seats,227.4062,224.68,229.45,spread,6,Polling
2026-04-25,market,house_seats,seats,239.49,,,,1,Markets
2026-04-25,academic,house_seats,seats,235.115,213.81,270.07,spread,6,Academic
2026-04-26,polling,house_seats,seats,227.424,224.675,229.45,spread,6,Polling
2026-04-26,market,house_seats,seats,239.16,,,,1,Markets
2026-04-26,academic,house_seats,seats,235.1217,213.81,270.07,spread,6,Academic
2026-04-27,polling,house_seats,seats,227.42,224.67,229.45,spread,6,Polling
2026-04-27,market,house_seats,seats,238.99,,,,1,Markets
2026-04-27,academic,house_seats,seats,235.115,213.81,270.07,spread,6,Academic
2026-04-28,polling,house_seats,seats,227.8204,226.24,229.4475,spread,6,Polling
2026-04-28,market,house_seats,seats,240.77,,,,1,Markets
2026-04-28,academic,house_seats,seats,235.1767,213.81,270.48,spread,6,Academic
2026-04-29,polling,house_seats,seats,228.2208,226.49,229.64,spread,6,Polling
2026-04-29,market,house_seats,seats,237.85,,,,1,Markets
2026-04-29,academic,house_seats,seats,235.175,213.81,270.48,spread,6,Academic
2026-04-30,polling,house_seats,seats,228.8412,226.7675,230.105,spread,6,Polling
2026-04-30,market,house_seats,seats,236.48,,,,1,Markets
2026-04-30,academic,house_seats,seats,235.425,213.66,270.48,spread,6,Academic
2026-05-01,polling,house_seats,seats,229.2417,226.86,230.95,spread,6,Polling
2026-05-01,market,house_seats,seats,234.26,,,,1,Markets
2026-05-01,academic,house_seats,seats,236.26,213.66,273.62,spread,6,Academic
2026-05-02,polling,house_seats,seats,228.0771,225.5725,229.2675,spread,6,Polling
2026-05-02,market,house_seats,seats,234.14,,,,1,Markets
2026-05-02,academic,house_seats,seats,236.2583,213.66,273.62,spread,6,Academic
2026-05-03,polling,house_seats,seats,226.7075,224.285,227.965,spread,6,Polling
2026-05-03,market,house_seats,seats,234.05,,,,1,Markets
2026-05-03,academic,house_seats,seats,236.0167,213.66,273.62,spread,6,Academic
2026-05-04,polling,house_seats,seats,224.7263,221.68,226.895,spread,6,Polling
2026-05-04,market,house_seats,seats,234.13,,,,1,Markets
2026-05-04,academic,house_seats,seats,231.5367,209.47,269.27,spread,6,Academic
2026-05-05,polling,house_seats,seats,223.585,221.71,225.92,spread,6,Polling
2026-05-05,market,house_seats,seats,233.72,,,,1,Markets
2026-05-05,academic,house_seats,seats,231.5483,209.47,269.27,spread,6,Academic
2026-05-06,polling,house_seats,seats,223.36,221.56,225.415,spread,6,Polling
2026-05-06,market,house_seats,seats,233.66,,,,1,Markets
2026-05-06,academic,house_seats,seats,231.6183,209.47,269.27,spread,6,Academic
2026-05-07,polling,house_seats,seats,223.0317,221.05,225.47,spread,6,Polling
2026-05-07,market,house_seats,seats,233.99,,,,1,Markets
2026-05-07,academic,house_seats,seats,230.62,208.46,268.42,spread,6,Academic
2026-05-08,polling,house_seats,seats,223.1508,221.78,224.905,spread,6,Polling
2026-05-08,market,house_seats,seats,233.87,,,,1,Markets
2026-05-08,academic,house_seats,seats,230.62,208.46,268.42,spread,6,Academic
2026-05-09,polling,house_seats,seats,223.295,222.09,224.72,spread,6,Polling
2026-05-09,market,house_seats,seats,228.17,,,,1,Markets
2026-05-09,academic,house_seats,seats,230.645,208.46,268.42,spread,6,Academic
2026-05-10,polling,house_seats,seats,223.705,221.59,224.9025,spread,6,Polling
2026-05-10,market,house_seats,seats,228.64,,,,1,Markets
2026-05-10,academic,house_seats,seats,230.54,208.46,268.42,spread,6,Academic
2026-05-11,polling,house_seats,seats,224.295,222.17,226.035,spread,6,Polling
2026-05-11,market,house_seats,seats,228.01,,,,1,Markets
2026-05-11,academic,house_seats,seats,230.65,208.46,268.42,spread,6,Academic
2026-05-12,polling,house_seats,seats,224.7883,222.17,227.7975,spread,6,Polling
2026-05-12,market,house_seats,seats,227.36,,,,1,Markets
2026-05-12,academic,house_seats,seats,230.65,208.46,268.42,spread,6,Academic
2026-05-13,polling,house_seats,seats,225.2817,222.17,229.56,spread,6,Polling
2026-05-13,market,house_seats,seats,227.78,,,,1,Markets
2026-05-13,academic,house_seats,seats,230.6483,208.46,268.42,spread,6,Academic
2026-05-14,polling,house_seats,seats,225.2371,222.2,228.715,spread,6,Polling
2026-05-14,market,house_seats,seats,227.63,,,,1,Markets
2026-05-14,academic,house_seats,seats,230.655,208.46,268.42,spread,6,Academic
2026-05-15,polling,house_seats,seats,225.3275,222.5,227.87,spread,6,Polling
2026-05-15,market,house_seats,seats,227.61,,,,1,Markets
2026-05-15,academic,house_seats,seats,230.9033,208.46,268.85,spread,6,Academic
2026-05-16,polling,house_seats,seats,225.2779,222.5,227.2925,spread,6,Polling
2026-05-16,market,house_seats,seats,227.4,,,,1,Markets
2026-05-16,academic,house_seats,seats,230.9033,208.46,268.85,spread,6,Academic
2026-05-17,polling,house_seats,seats,225.28,222.5,227.29,spread,6,Polling
2026-05-17,market,house_seats,seats,227.75,,,,1,Markets
2026-05-17,academic,house_seats,seats,230.965,208.46,268.85,spread,6,Academic
2026-05-18,polling,house_seats,seats,225.9092,222.68,228.045,spread,6,Polling
2026-05-18,market,house_seats,seats,227.35,,,,1,Markets
2026-05-18,academic,house_seats,seats,231.135,208.46,268.85,spread,6,Academic
2026-05-19,polling,house_seats,seats,226.47,222.86,228.8,spread,6,Polling
2026-05-19,market,house_seats,seats,228.18,,,,1,Markets
2026-05-19,academic,house_seats,seats,231.2267,208.46,268.85,spread,6,Academic
2026-05-20,polling,house_seats,seats,226.9175,223.41,229.35,spread,6,Polling
2026-05-20,market,house_seats,seats,228.57,,,,1,Markets
2026-05-20,academic,house_seats,seats,231.37,208.46,268.85,spread,6,Academic
2026-05-21,polling,house_seats,seats,227.175,223.96,230.29,spread,6,Polling
2026-05-21,market,house_seats,seats,228.69,,,,1,Markets
2026-05-21,academic,house_seats,seats,231.285,208.46,268.85,spread,6,Academic
2026-05-22,polling,house_seats,seats,227.3744,224.2375,230.195,spread,6,Polling
2026-05-22,market,house_seats,seats,228.9,,,,1,Markets
2026-05-22,academic,house_seats,seats,231.3167,208.46,268.85,spread,6,Academic
2026-05-23,polling,house_seats,seats,227.5488,224.515,230.295,spread,6,Polling
2026-05-23,market,house_seats,seats,228.71,,,,1,Markets
2026-05-23,academic,house_seats,seats,231.3167,208.46,268.85,spread,6,Academic
2026-05-24,polling,house_seats,seats,227.7698,224.7925,230.8575,spread,6,Polling
2026-05-24,market,house_seats,seats,228.67,,,,1,Markets
2026-05-24,academic,house_seats,seats,231.3667,208.46,268.85,spread,6,Academic
2026-05-25,polling,house_seats,seats,228.1175,225.07,231.42,spread,6,Polling
2026-05-25,market,house_seats,seats,228.38,,,,1,Markets
2026-05-25,academic,house_seats,seats,231.59,208.46,268.85,spread,6,Academic
2026-05-26,polling,house_seats,seats,228.1865,225.05,231.5625,spread,6,Polling
2026-05-26,market,house_seats,seats,228.53,,,,1,Markets
2026-05-26,academic,house_seats,seats,231.36,208.46,268.85,spread,6,Academic
2026-05-27,polling,house_seats,seats,228.3704,224.64,231.705,spread,6,Polling
2026-05-27,market,house_seats,seats,228.41,,,,1,Markets
2026-05-27,academic,house_seats,seats,231.275,208.46,268.85,spread,6,Academic
2026-05-28,polling,house_seats,seats,228.3877,223.23,231.8475,spread,6,Polling
2026-05-28,market,house_seats,seats,228.45,,,,1,Markets
2026-05-28,academic,house_seats,seats,230.9933,208.46,268.85,spread,6,Academic
2026-05-29,polling,house_seats,seats,228.485,222.3,231.99,spread,6,Polling
2026-05-29,market,house_seats,seats,228.58,,,,1,Markets
2026-05-29,academic,house_seats,seats,230.1533,207.59,268.39,spread,6,Academic
2026-05-30,polling,house_seats,seats,228.5442,222.3,231.985,spread,6,Polling
2026-05-30,market,house_seats,seats,227.46,,,,1,Markets
2026-05-30,academic,house_seats,seats,230.1533,207.59,268.39,spread,6,Academic
2026-05-31,polling,house_seats,seats,228.6267,222.44,231.98,spread,6,Polling
2026-05-31,market,house_seats,seats,227.97,,,,1,Markets
2026-05-31,academic,house_seats,seats,230.1783,207.59,268.39,spread,6,Academic
2026-06-01,polling,house_seats,seats,228.075,222.18,231.22,spread,6,Polling
2026-06-01,market,house_seats,seats,227.76,,,,1,Markets
2026-06-01,academic,house_seats,seats,229.5583,207.59,262.04,spread,6,Academic
2026-06-02,polling,house_seats,seats,227.8817,222.08,231.08,spread,6,Polling
2026-06-02,market,house_seats,seats,228.09,,,,1,Markets
2026-06-02,academic,house_seats,seats,229.425,207.25,262.27,spread,6,Academic
2026-06-03,polling,house_seats,seats,227.1183,222.08,229.9375,spread,6,Polling
2026-06-03,market,house_seats,seats,229.03,,,,1,Markets
2026-06-03,academic,house_seats,seats,229.3983,207.25,262.27,spread,6,Academic
2026-06-04,polling,house_seats,seats,226.3283,221.92,228.795,spread,6,Polling
2026-06-04,market,house_seats,seats,227.98,,,,1,Markets
2026-06-04,academic,house_seats,seats,229.3717,207.25,262.27,spread,6,Academic
2026-06-05,polling,house_seats,seats,225.425,221.08,227.6525,spread,6,Polling
2026-06-05,market,house_seats,seats,228.19,,,,1,Markets
2026-06-05,academic,house_seats,seats,229.1933,207.25,262.27,spread,6,Academic
2026-06-06,polling,house_seats,seats,224.6567,221.05,226.87,spread,6,Polling
2026-06-06,market,house_seats,seats,228.15,,,,1,Markets
2026-06-06,academic,house_seats,seats,229.1833,207.25,262.27,spread,6,Academic
2026-06-07,polling,house_seats,seats,224.4842,220.58,226.87,spread,6,Polling
2026-06-07,market,house_seats,seats,229.23,,,,1,Markets
2026-06-07,academic,house_seats,seats,229.06,207.25,262.27,spread,6,Academic
2026-06-08,polling,house_seats,seats,224.42,220.76,226.87,spread,6,Polling
2026-06-08,market,house_seats,seats,229.27,,,,1,Markets
2026-06-08,academic,house_seats,seats,229.11,207.25,262.27,spread,6,Academic
2026-06-09,polling,house_seats,seats,223.6614,220.38,226.4333,spread,6,Polling
2026-06-09,market,house_seats,seats,229.59,,,,1,Markets
2026-06-09,academic,house_seats,seats,229.0333,207.25,262.27,spread,6,Academic
2026-06-10,polling,house_seats,seats,222.8044,219.41,225.9967,spread,6,Polling
2026-06-10,market,house_seats,seats,229.76,,,,1,Markets
2026-06-10,academic,house_seats,seats,228.83,207.25,262.27,spread,6,Academic
2026-06-11,polling,house_seats,seats,222.7317,219.41,225.56,spread,6,Polling
2026-06-11,market,house_seats,seats,229.99,,,,1,Markets
2026-06-11,academic,house_seats,seats,228.83,207.25,262.27,spread,6,Academic
2026-06-12,polling,house_seats,seats,222.6006,219.06,225.1233,spread,6,Polling
2026-06-12,market,house_seats,seats,230.01,,,,1,Markets
2026-06-12,academic,house_seats,seats,228.765,207.25,262.27,spread,6,Academic
2026-06-13,polling,house_seats,seats,222.3061,219.05,224.6867,spread,6,Polling
2026-06-13,market,house_seats,seats,229.28,,,,1,Markets
2026-06-13,academic,house_seats,seats,228.7633,207.25,262.27,spread,6,Academic
2026-06-14,polling,house_seats,seats,222.055,219.3,224.25,spread,6,Polling
2026-06-14,market,house_seats,seats,229.3,,,,1,Markets
2026-06-14,academic,house_seats,seats,228.8083,207.25,262.27,spread,6,Academic
2026-06-15,polling,house_seats,seats,221.9412,218.62,224.2475,spread,6,Polling
2026-06-15,market,house_seats,seats,229.55,,,,1,Markets
2026-06-15,academic,house_seats,seats,228.6633,207.25,262.27,spread,6,Academic
2026-06-16,polling,house_seats,seats,222.1108,219.65,224.245,spread,6,Polling
2026-06-16,market,house_seats,seats,229.6,,,,1,Markets
2026-06-16,academic,house_seats,seats,228.8783,207.25,262.27,spread,6,Academic
2026-06-17,polling,house_seats,seats,222.0937,219.56,224.2425,spread,6,Polling
2026-06-17,market,house_seats,seats,229.53,,,,1,Markets
2026-06-17,academic,house_seats,seats,228.8583,207.25,262.27,spread,6,Academic
2026-06-18,polling,house_seats,seats,222.0883,219.54,224.24,spread,6,Polling
2026-06-18,market,house_seats,seats,229.29,,,,1,Markets
2026-06-18,academic,house_seats,seats,228.85,207.25,262.27,spread,6,Academic
2026-06-19,polling,house_seats,seats,221.8008,219.54,223.99,spread,6,Polling
2026-06-19,market,house_seats,seats,229.34,,,,1,Markets
2026-06-19,academic,house_seats,seats,228.8483,207.25,262.27,spread,6,Academic
2026-06-20,polling,house_seats,seats,221.5117,219.53,223.74,spread,6,Polling
2026-06-20,market,house_seats,seats,229.1,,,,1,Markets
2026-06-20,academic,house_seats,seats,228.875,207.25,262.27,spread,6,Academic
2026-06-21,polling,house_seats,seats,221.3042,220.01,223.49,spread,6,Polling
2026-06-21,market,house_seats,seats,229.14,,,,1,Markets
2026-06-21,academic,house_seats,seats,228.9917,207.25,262.27,spread,6,Academic
2026-06-22,polling,house_seats,seats,221.0833,219.43,223.24,spread,6,Polling
2026-06-22,market,house_seats,seats,229.23,,,,1,Markets
2026-06-22,academic,house_seats,seats,229.0633,207.25,262.27,spread,6,Academic
2026-06-23,polling,house_seats,seats,220.9358,219.43,222.99,spread,6,Polling
2026-06-23,market,house_seats,seats,229.18,,,,1,Markets
2026-06-23,academic,house_seats,seats,228.945,207.25,262.27,spread,6,Academic
2026-06-24,polling,house_seats,seats,220.8633,219.43,222.74,spread,6,Polling
2026-06-24,market,house_seats,seats,229.13,,,,1,Markets
2026-06-24,academic,house_seats,seats,228.905,207.25,262.27,spread,6,Academic
2026-06-25,polling,house_seats,seats,221.0367,219.73,222.925,spread,6,Polling
2026-06-25,market,house_seats,seats,229.82,,,,1,Markets
2026-06-25,academic,house_seats,seats,228.93,207.25,262.27,spread,6,Academic
2026-06-26,polling,house_seats,seats,221.3383,220.52,223.11,spread,6,Polling
2026-06-26,market,house_seats,seats,229.45,,,,1,Markets
2026-06-26,academic,house_seats,seats,229.1017,207.25,262.27,spread,6,Academic
2026-06-27,polling,house_seats,seats,221.3417,220.52,223.11,spread,6,Polling
2026-06-27,market,house_seats,seats,229.39,,,,1,Markets
2026-06-27,academic,house_seats,seats,229.105,207.25,262.27,spread,6,Academic
2026-06-28,polling,house_seats,seats,221.4367,220.52,223.11,spread,6,Polling
2026-06-28,market,house_seats,seats,229.49,,,,1,Markets
2026-06-28,academic,house_seats,seats,229.2217,207.25,262.27,spread,6,Academic
2026-06-29,polling,house_seats,seats,221.3908,220.155,223.33,spread,6,Polling
2026-06-29,market,house_seats,seats,229.56,,,,1,Markets
2026-06-29,academic,house_seats,seats,229.0517,207.25,262.27,spread,6,Academic
2026-06-30,polling,house_seats,seats,221.5383,219.42,223.55,spread,6,Polling
2026-06-30,market,house_seats,seats,229.71,,,,1,Markets
2026-06-30,academic,house_seats,seats,229.13,207.25,262.27,spread,6,Academic
2026-07-01,polling,house_seats,seats,221.8361,220.0267,223.77,spread,6,Polling
2026-07-01,market,house_seats,seats,229.59,,,,1,Markets
2026-07-01,academic,house_seats,seats,229.1717,207.25,262.27,spread,6,Academic
2026-07-02,polling,house_seats,seats,222.2272,220.6333,223.99,spread,6,Polling
2026-07-02,market,house_seats,seats,230.04,,,,1,Markets
2026-07-02,academic,house_seats,seats,229.2683,207.25,262.27,spread,6,Academic
2026-07-03,polling,house_seats,seats,222.5283,221.18,224.21,spread,6,Polling
2026-07-03,market,house_seats,seats,229.8,,,,1,Markets
2026-07-03,academic,house_seats,seats,229.275,207.25,262.27,spread,6,Academic
2026-07-04,polling,house_seats,seats,222.5222,221.15,224.2067,spread,6,Polling
2026-07-04,market,house_seats,seats,229.91,,,,1,Markets
2026-07-04,academic,house_seats,seats,229.245,207.25,262.27,spread,6,Academic
2026-07-05,polling,house_seats,seats,222.4894,220.96,224.2033,spread,6,Polling
2026-07-05,market,house_seats,seats,229.91,,,,1,Markets
2026-07-05,academic,house_seats,seats,229.2067,207.25,262.27,spread,6,Academic
2026-07-06,polling,house_seats,seats,222.47,220.85,224.2,spread,6,Polling
2026-07-06,market,house_seats,seats,229.83,,,,1,Markets
2026-07-06,academic,house_seats,seats,228.7667,207.25,262.27,spread,6,Academic
2026-07-07,polling,house_seats,seats,222.39,220.37,224.2,spread,6,Polling
2026-07-07,market,house_seats,seats,229.69,,,,1,Markets
2026-07-07,academic,house_seats,seats,228.6583,207.25,262.27,spread,6,Academic
2026-07-08,polling,house_seats,seats,222.42,220.55,224.2,spread,6,Polling
2026-07-08,market,house_seats,seats,229.95,,,,1,Markets
2026-07-08,academic,house_seats,seats,228.6967,207.25,262.27,spread,6,Academic
2026-07-09,polling,house_seats,seats,222.4347,220.55,224.198,spread,6,Polling
2026-07-09,market,house_seats,seats,229.88,,,,1,Markets
2026-07-09,academic,house_seats,seats,228.6967,207.25,262.27,spread,6,Academic
2026-07-10,polling,house_seats,seats,222.3693,220.07,224.196,spread,6,Polling
2026-07-10,market,house_seats,seats,229.56,,,,1,Markets
2026-07-10,academic,house_seats,seats,228.6317,207.25,262.27,spread,6,Academic
2026-07-11,polling,house_seats,seats,222.384,220.07,224.194,spread,6,Polling
2026-07-11,market,house_seats,seats,229.1,,,,1,Markets
2026-07-11,academic,house_seats,seats,228.6317,207.25,262.27,spread,6,Academic
2026-07-12,polling,house_seats,seats,222.262,219.25,224.57,spread,6,Polling
2026-07-12,market,house_seats,seats,228.41,,,,1,Markets
2026-07-12,academic,house_seats,seats,228.475,207.25,262.27,spread,6,Academic
2026-07-13,polling,house_seats,seats,222.1133,218.36,224.57,spread,6,Polling
2026-07-13,market,house_seats,seats,228.32,,,,1,Markets
2026-07-13,academic,house_seats,seats,228.2933,207.25,262.27,spread,6,Academic
2026-07-14,polling,house_seats,seats,222.095,218.26,224.5667,spread,6,Polling
2026-07-14,market,house_seats,seats,229.48,,,,1,Markets
2026-07-14,academic,house_seats,seats,228.2483,207.25,262.27,spread,6,Academic
2026-07-15,polling,house_seats,seats,222.0933,218.26,224.5633,spread,6,Polling
2026-07-15,market,house_seats,seats,229.53,,,,1,Markets
2026-07-15,academic,house_seats,seats,228.2483,207.25,262.27,spread,6,Academic
2026-07-16,polling,house_seats,seats,222.0917,218.26,224.56,spread,6,Polling
2026-07-16,market,house_seats,seats,228.2,,,,1,Markets
2026-07-16,academic,house_seats,seats,228.2567,207.25,262.27,spread,6,Academic
2026-07-17,polling,house_seats,seats,222.1125,218.39,224.56,spread,6,Polling
2026-07-17,market,house_seats,seats,228.97,,,,1,Markets
2026-07-17,academic,house_seats,seats,228.2667,207.25,262.27,spread,6,Academic
2026-07-18,polling,house_seats,seats,222.1117,218.39,224.56,spread,6,Polling
2026-07-18,market,house_seats,seats,228.96,,,,1,Markets
2026-07-18,academic,house_seats,seats,228.2667,207.25,262.27,spread,6,Academic
2026-07-19,polling,house_seats,seats,220.6536,216.38,224.2417,spread,6,Polling
2026-07-19,market,house_seats,seats,228.97,,,,1,Markets
2026-07-19,academic,house_seats,seats,228.1767,207.25,262.27,spread,6,Academic
2026-07-20,polling,house_seats,seats,219.7806,213.0,224.3033,spread,6,Polling
2026-07-20,market,house_seats,seats,227.74,,,,1,Markets
2026-07-20,academic,house_seats,seats,228.8717,207.25,262.27,spread,6,Academic
2026-07-21,polling,house_seats,seats,220.155,214.33,224.365,spread,6,Polling
2026-07-21,market,house_seats,seats,229.31,,,,1,Markets
2026-07-21,academic,house_seats,seats,228.815,207.25,262.69,spread,6,Academic
2026-07-22,polling,house_seats,seats,220.7361,215.66,224.4267,spread,6,Polling
2026-07-22,market,house_seats,seats,229.07,,,,1,Markets
2026-07-22,academic,house_seats,seats,228.94,207.25,262.69,spread,6,Academic
2026-07-23,polling,house_seats,seats,221.1306,216.99,224.4883,spread,6,Polling
2026-07-23,market,house_seats,seats,229.03,,,,1,Markets
2026-07-23,academic,house_seats,seats,228.84,207.25,262.69,spread,6,Academic
2026-07-24,polling,house_seats,seats,221.645,218.32,224.55,spread,6,Polling
2026-07-24,market,house_seats,seats,229.22,,,,1,Markets
2026-07-24,academic,house_seats,seats,228.88,207.25,262.69,spread,6,Academic
2026-07-25,polling,house_seats,seats,221.6068,217.8433,224.5475,spread,6,Polling
2026-07-25,market,house_seats,seats,229.14,,,,1,Markets
2026-07-25,academic,house_seats,seats,228.88,207.25,262.69,spread,6,Academic
2026-07-26,polling,house_seats,seats,221.5536,217.3667,224.545,spread,6,Polling
2026-07-26,market,house_seats,seats,229.33,,,,1,Markets
2026-07-26,academic,house_seats,seats,228.8417,207.25,262.69,spread,6,Academic
2026-07-27,polling,house_seats,seats,221.6471,216.89,224.5425,spread,6,Polling
2026-07-27,market,house_seats,seats,227.28,,,,1,Markets
2026-07-27,academic,house_seats,seats,229.0333,207.25,262.69,spread,6,Academic
2026-07-28,polling,house_seats,seats,221.66,216.89,224.54,spread,6,Polling
2026-07-28,market,house_seats,seats,229.5,,,,1,Markets
2026-07-28,academic,house_seats,seats,229.0583,207.25,262.69,spread,6,Academic
2026-07-29,polling,house_seats,seats,221.7622,217.25,224.9133,spread,6,Polling
2026-07-29,market,house_seats,seats,229.99,,,,1,Markets
2026-07-29,academic,house_seats,seats,229.0567,207.25,262.69,spread,6,Academic
2026-07-30,polling,house_seats,seats,221.8528,217.61,225.2867,spread,6,Polling
2026-07-30,market,house_seats,seats,229.88,,,,1,Markets
2026-07-30,academic,house_seats,seats,229.0567,207.25,262.69,spread,6,Academic
2026-07-31,polling,house_seats,seats,222.8675,219.405,225.66,spread,6,Polling
2026-07-31,market,house_seats,seats,229.63,,,,1,Markets
2026-07-31,academic,house_seats,seats,229.4267,208.92,262.69,spread,6,Academic
2026-08-01,polling,house_seats,seats,223.8139,221.2,226.4,spread,6,Polling
2026-08-01,market,house_seats,seats,229.61,,,,1,Markets
2026-08-01,academic,house_seats,seats,229.37,208.92,262.69,spread,6,Academic
2026-08-02,polling,house_seats,seats,224.7253,222.87,226.4067,spread,6,Polling
2026-08-02,market,house_seats,seats,229.05,,,,1,Markets
2026-08-02,academic,house_seats,seats,229.535,208.92,262.69,spread,6,Academic
2026-08-03,polling,house_seats,seats,225.6117,223.54,227.15,spread,6,Polling
2026-08-03,market,house_seats,seats,228.91,,,,1,Markets
2026-08-03,academic,house_seats,seats,229.6533,208.92,262.69,spread,6,Academic
2026-08-04,polling,house_seats,seats,225.7217,223.76,227.72,spread,6,Polling
2026-08-04,market,house_seats,seats,229.74,,,,1,Markets
2026-08-04,academic,house_seats,seats,229.6983,208.92,262.69,spread,6,Academic
2026-08-05,polling,house_seats,seats,225.915,224.15,228.29,spread,6,Polling
2026-08-05,market,house_seats,seats,229.57,,,,1,Markets
2026-08-05,academic,house_seats,seats,229.9,208.92,263.12,spread,6,Academic
2026-08-06,polling,house_seats,seats,226.0171,224.48,228.0975,spread,6,Polling
2026-08-06,market,house_seats,seats,229.3,,,,1,Markets
2026-08-06,academic,house_seats,seats,229.9,208.92,263.12,spread,6,Academic
2026-08-07,polling,house_seats,seats,226.0725,224.2,227.905,spread,6,Polling
2026-08-07,market,house_seats,seats,229.34,,,,1,Markets
2026-08-07,academic,house_seats,seats,229.86,208.92,263.12,spread,6,Academic
2026-08-08,polling,house_seats,seats,226.1746,224.2,227.7125,spread,6,Polling
2026-08-08,market,house_seats,seats,229.86,,,,1,Markets
2026-08-08,academic,house_seats,seats,229.86,208.92,263.12,spread,6,Academic
2026-08-09,polling,house_seats,seats,226.385,224.85,227.52,spread,6,Polling
2026-08-09,market,house_seats,seats,229.94,,,,1,Markets
2026-08-09,academic,house_seats,seats,229.9967,208.92,263.12,spread,6,Academic
2026-08-10,polling,house_seats,seats,225.9013,221.96,227.52,spread,6,Polling
2026-08-10,market,house_seats,seats,230.04,,,,1,Markets
2026-08-10,academic,house_seats,seats,229.3483,208.92,263.12,spread,6,Academic
2026-08-11,polling,house_seats,seats,226.0225,222.7,227.52,spread,6,Polling
2026-08-11,market,house_seats,seats,230.26,,,,1,Markets
2026-08-11,academic,house_seats,seats,229.61,208.92,263.12,spread,6,Academic
2026-08-12,polling,house_seats,seats,225.8821,221.87,227.515,spread,6,Polling
2026-08-12,market,house_seats,seats,230.6,,,,1,Markets
2026-08-12,academic,house_seats,seats,229.4783,208.92,263.12,spread,6,Academic
2026-08-13,polling,house_seats,seats,225.8783,221.86,227.51,spread,6,Polling
2026-08-13,market,house_seats,seats,231.32,,,,1,Markets
2026-08-13,academic,house_seats,seats,229.4633,208.92,263.12,spread,6,Academic
2026-08-14,polling,house_seats,seats,225.6083,221.56,227.32,spread,6,Polling
2026-08-14,market,house_seats,seats,231.06,,,,1,Markets
2026-08-14,academic,house_seats,seats,229.41,208.92,263.12,spread,6,Academic
2026-08-15,polling,house_seats,seats,225.3867,221.55,227.13,spread,6,Polling
2026-08-15,market,house_seats,seats,231.03,,,,1,Markets
2026-08-15,academic,house_seats,seats,229.4183,208.92,263.12,spread,6,Academic
2026-08-16,polling,house_seats,seats,225.2133,221.83,226.94,spread,6,Polling
2026-08-16,market,house_seats,seats,230.82,,,,1,Markets
2026-08-16,academic,house_seats,seats,229.4483,208.92,263.12,spread,6,Academic
2026-08-17,polling,house_seats,seats,224.985,221.78,226.75,spread,6,Polling
2026-08-17,market,house_seats,seats,230.82,,,,1,Markets
2026-08-17,academic,house_seats,seats,229.4267,208.92,263.12,spread,6,Academic
2026-08-18,polling,house_seats,seats,224.9833,221.78,226.745,spread,6,Polling
2026-08-18,market,house_seats,seats,230.84,,,,1,Markets
2026-08-18,academic,house_seats,seats,229.4267,208.92,263.12,spread,6,Academic
2026-08-19,polling,house_seats,seats,224.9817,221.78,226.74,spread,6,Polling
2026-08-19,market,house_seats,seats,230.71,,,,1,Markets
2026-08-19,academic,house_seats,seats,229.4467,208.92,263.12,spread,6,Academic
2026-08-20,polling,house_seats,seats,224.98,221.78,226.74,spread,6,Polling
2026-08-20,market,house_seats,seats,230.91,,,,1,Markets
2026-08-20,academic,house_seats,seats,229.4433,208.92,263.12,spread,6,Academic
2026-08-21,polling,house_seats,seats,224.1683,221.78,225.24,spread,6,Polling
2026-08-21,market,house_seats,seats,229.97,,,,1,Markets
2026-08-21,academic,house_seats,seats,229.4417,208.92,263.12,spread,6,Academic
2026-08-22,polling,house_seats,seats,224.1667,221.78,225.24,spread,6,Polling
2026-08-22,market,house_seats,seats,229.79,,,,1,Markets
2026-08-22,academic,house_seats,seats,229.4417,208.92,263.12,spread,6,Academic
2026-08-23,polling,house_seats,seats,224.2117,222.05,225.24,spread,6,Polling
2026-08-23,market,house_seats,seats,229.89,,,,1,Markets
2026-08-23,academic,house_seats,seats,229.445,208.92,263.12,spread,6,Academic
2026-08-24,polling,house_seats,seats,224.29,222.52,225.24,spread,6,Polling
2026-08-24,market,house_seats,seats,229.8,,,,1,Markets
2026-08-24,academic,house_seats,seats,229.545,208.92,263.12,spread,6,Academic
2026-08-25,polling,house_seats,seats,224.83,223.38,225.79,spread,6,Polling
2026-08-25,market,house_seats,seats,229.82,,,,1,Markets
2026-08-25,academic,house_seats,seats,230.7883,208.92,268.96,spread,6,Academic
2026-08-26,polling,house_seats,seats,224.9033,223.38,226.23,spread,6,Polling
2026-08-26,market,house_seats,seats,230.05,,,,1,Markets
2026-08-26,academic,house_seats,seats,230.6883,208.92,268.96,spread,6,Academic
2026-08-27,polling,house_seats,seats,224.3283,223.75,225.23,spread,6,Polling
2026-08-27,market,house_seats,seats,230.41,,,,1,Markets
2026-08-27,academic,house_seats,seats,229.6817,208.92,263.12,spread,6,Academic
2026-08-28,polling,house_seats,seats,224.4167,223.75,225.55,spread,6,Polling
2026-08-28,market,house_seats,seats,230.26,,,,1,Markets
2026-08-28,academic,house_seats,seats,229.5667,208.92,263.12,spread,6,Academic
2026-08-29,polling,house_seats,seats,224.3667,223.75,225.25,spread,6,Polling
2026-08-29,market,house_seats,seats,230.3,,,,1,Markets
2026-08-29,academic,house_seats,seats,229.5433,208.92,263.12,spread,6,Academic
2026-08-30,polling,house_seats,seats,224.3633,223.74,225.25,spread,6,Polling
2026-08-30,market,house_seats,seats,230.37,,,,1,Markets
2026-08-30,academic,house_seats,seats,229.5567,208.92,263.12,spread,6,Academic
2026-08-31,polling,house_seats,seats,225.0233,224.48,225.49,spread,6,Polling
2026-08-31,market,house_seats,seats,230.1,,,,1,Markets
2026-08-31,academic,house_seats,seats,230.5833,208.92,268.96,spread,6,Academic
2026-09-01,polling,house_seats,seats,225.12,224.48,226.1,spread,6,Polling
2026-09-01,market,house_seats,seats,230.25,,,,1,Markets
2026-09-01,academic,house_seats,seats,230.5467,208.92,269.01,spread,6,Academic
2026-09-02,polling,house_seats,seats,225.0667,224.48,225.78,spread,6,Polling
2026-09-02,market,house_seats,seats,229.67,,,,1,Markets
2026-09-02,academic,house_seats,seats,230.6583,208.92,269.23,spread,6,Academic
2026-09-03,polling,house_seats,seats,224.8483,224.47,225.22,spread,6,Polling
2026-09-03,market,house_seats,seats,230.16,,,,1,Markets
2026-09-03,academic,house_seats,seats,230.5767,208.92,269.23,spread,6,Academic
2026-09-04,polling,house_seats,seats,224.9,224.47,225.22,spread,6,Polling
2026-09-04,market,house_seats,seats,230.36,,,,1,Markets
2026-09-04,academic,house_seats,seats,231.225,208.92,269.28,spread,6,Academic
2026-09-05,polling,house_seats,seats,224.4633,222.62,225.21,spread,6,Polling
2026-09-05,market,house_seats,seats,230.5,,,,1,Markets
2026-09-05,academic,house_seats,seats,231.2233,208.92,269.28,spread,6,Academic
2026-09-06,polling,house_seats,seats,224.4617,222.62,225.21,spread,6,Polling
2026-09-06,market,house_seats,seats,230.62,,,,1,Markets
2026-09-06,academic,house_seats,seats,231.4167,208.92,269.28,spread,6,Academic
2026-09-07,polling,house_seats,seats,224.5583,222.25,227.46,spread,6,Polling
2026-09-07,market,house_seats,seats,231.6,,,,1,Markets
2026-09-07,academic,house_seats,seats,231.4033,208.92,269.17,spread,6,Academic
2026-09-08,polling,house_seats,seats,224.5767,222.25,227.46,spread,6,Polling
2026-09-08,market,house_seats,seats,230.89,,,,1,Markets
2026-09-08,academic,house_seats,seats,231.5483,208.92,269.17,spread,6,Academic
2026-09-09,polling,house_seats,seats,224.8083,222.25,227.46,spread,6,Polling
2026-09-09,market,house_seats,seats,230.69,,,,1,Markets
2026-09-09,academic,house_seats,seats,231.84,208.92,269.5,spread,6,Academic
2026-09-10,polling,house_seats,seats,224.9583,222.25,227.46,spread,6,Polling
2026-09-10,market,house_seats,seats,230.6,,,,1,Markets
2026-09-10,academic,house_seats,seats,232.0667,208.92,269.5,spread,6,Academic
2026-09-11,polling,house_seats,seats,226.8017,223.62,230.27,spread,6,Polling
2026-09-11,market,house_seats,seats,230.48,,,,1,Markets
2026-09-11,academic,house_seats,seats,232.575,209.67,268.97,spread,6,Academic
2026-09-12,polling,house_seats,seats,227.3483,225.81,230.27,spread,6,Polling
2026-09-12,market,house_seats,seats,230.62,,,,1,Markets
2026-09-12,academic,house_seats,seats,232.575,209.67,268.97,spread,6,Academic
2026-09-13,polling,house_seats,seats,227.3467,226.17,229.53,spread,6,Polling
2026-09-13,market,house_seats,seats,230.87,,,,1,Markets
2026-09-13,academic,house_seats,seats,232.6433,209.67,268.97,spread,6,Academic
2026-09-14,polling,house_seats,seats,227.3617,226.17,229.53,spread,6,Polling
2026-09-14,market,house_seats,seats,231.08,,,,1,Markets
2026-09-14,academic,house_seats,seats,232.83,209.67,269.86,spread,6,Academic
2026-09-15,polling,house_seats,seats,229.3733,226.92,232.15,spread,6,Polling
2026-09-15,market,house_seats,seats,231.12,,,,1,Markets
2026-09-15,academic,house_seats,seats,232.9117,209.67,269.65,spread,6,Academic
2026-09-16,polling,house_seats,seats,230.7633,228.4,234.08,spread,6,Polling
2026-09-16,market,house_seats,seats,231.36,,,,1,Markets
2026-09-16,academic,house_seats,seats,232.2683,209.67,266.42,spread,6,Academic
2026-09-17,polling,house_seats,seats,231.7817,228.77,234.47,spread,6,Polling
2026-09-17,market,house_seats,seats,232.13,,,,1,Markets
2026-09-17,academic,house_seats,seats,232.305,209.67,266.47,spread,6,Academic
2026-09-18,polling,house_seats,seats,231.2517,228.77,234.08,spread,6,Polling
2026-09-18,market,house_seats,seats,232.88,,,,1,Markets
2026-09-18,academic,house_seats,seats,232.4883,209.67,266.47,spread,6,Academic
2026-09-19,polling,house_seats,seats,231.55,228.77,234.08,spread,6,Polling
2026-09-19,market,house_seats,seats,233.31,,,,1,Markets
2026-09-19,academic,house_seats,seats,232.5983,209.67,266.47,spread,6,Academic
2026-09-20,polling,house_seats,seats,231.2233,228.76,233.77,spread,6,Polling
2026-09-20,market,house_seats,seats,233.25,,,,1,Markets
2026-09-20,academic,house_seats,seats,232.63,209.67,266.47,spread,6,Academic
2026-09-21,polling,house_seats,seats,231.1283,228.76,233.2,spread,6,Polling
2026-09-21,market,house_seats,seats,234.03,,,,1,Markets
2026-09-21,academic,house_seats,seats,232.8,209.67,266.57,spread,6,Academic
2026-09-22,polling,house_seats,seats,232.8583,229.88,239.85,spread,6,Polling
2026-09-22,market,house_seats,seats,234.03,,,,1,Markets
2026-09-22,academic,house_seats,seats,233.08,209.67,266.41,spread,6,Academic
2026-09-23,polling,house_seats,seats,232.8733,229.88,239.94,spread,6,Polling
2026-09-23,market,house_seats,seats,234.46,,,,1,Markets
2026-09-23,academic,house_seats,seats,231.4517,206.94,263.08,spread,6,Academic
2026-09-24,polling,house_seats,seats,233.33,230.62,240.41,spread,6,Polling
2026-09-24,market,house_seats,seats,234.92,,,,1,Markets
2026-09-24,academic,house_seats,seats,231.48,206.94,263.03,spread,6,Academic
2026-09-25,polling,house_seats,seats,233.355,230.25,240.16,spread,6,Polling
2026-09-25,market,house_seats,seats,234.46,,,,1,Markets
2026-09-25,academic,house_seats,seats,231.575,206.94,262.98,spread,6,Academic
2026-09-26,polling,house_seats,seats,233.415,230.62,240.16,spread,6,Polling
2026-09-26,market,house_seats,seats,234.2,,,,1,Markets
2026-09-26,academic,house_seats,seats,231.575,206.94,262.98,spread,6,Academic
2026-09-27,polling,house_seats,seats,233.4133,230.62,240.16,spread,6,Polling
2026-09-27,market,house_seats,seats,234.16,,,,1,Markets
2026-09-27,academic,house_seats,seats,231.6033,206.94,262.98,spread,6,Academic
2026-09-28,polling,house_seats,seats,233.4117,230.61,240.16,spread,6,Polling
2026-09-28,market,house_seats,seats,234.28,,,,1,Markets
2026-09-28,academic,house_seats,seats,231.6183,206.94,262.87,spread,6,Academic
2026-09-29,polling,house_seats,seats,234.165,231.37,241.24,spread,6,Polling
2026-09-29,market,house_seats,seats,234.65,,,,1,Markets
2026-09-29,academic,house_seats,seats,231.6233,206.98,262.87,spread,6,Academic
2026-09-30,polling,house_seats,seats,232.3467,230.61,236.1,spread,6,Polling
2026-09-30,market,house_seats,seats,234.55,,,,1,Markets
2026-09-30,academic,house_seats,seats,232.2783,209.67,265.87,spread,6,Academic
2026-10-01,polling,house_seats,seats,232.3933,230.98,235.64,spread,6,Polling
2026-10-01,market,house_seats,seats,234.54,,,,1,Markets
2026-10-01,academic,house_seats,seats,232.225,209.67,265.87,spread,6,Academic
2026-10-02,polling,house_seats,seats,232.2367,230.61,235.08,spread,6,Polling
2026-10-02,market,house_seats,seats,234.59,,,,1,Markets
2026-10-02,academic,house_seats,seats,232.495,209.67,265.92,spread,6,Academic
2026-10-03,polling,house_seats,seats,232.2433,230.61,235.13,spread,6,Polling
2026-10-03,market,house_seats,seats,234.52,,,,1,Markets
2026-10-03,academic,house_seats,seats,232.5083,209.67,265.98,spread,6,Academic
2026-10-04,polling,house_seats,seats,232.255,230.6,235.21,spread,6,Polling
2026-10-04,market,house_seats,seats,234.6,233.77,235.45,spread,3,Markets
2026-10-04,academic,house_seats,seats,232.9617,209.67,266.19,spread,6,Academic
2025-01-20,polling,margin,pct,2.333,-4.6,6.598,spread,6,Polling
2025-01-20,academic,margin,pct,4.0183,-1.68,10.2,spread,6,Academic
2025-01-21,polling,margin,pct,2.333,-4.6,6.598,spread,6,Polling
2025-01-21,academic,margin,pct,4.065,-1.68,10.2,spread,6,Academic
2025-01-22,polling,margin,pct,2.333,-4.6,6.598,spread,6,Polling
2025-01-22,academic,margin,pct,4.0533,-1.68,10.2,spread,6,Academic
2025-01-23,polling,margin,pct,2.333,-4.6,6.598,spread,6,Polling
2025-01-23,academic,margin,pct,4.0433,-1.68,10.2,spread,6,Academic
2025-01-24,polling,margin,pct,2.333,-4.6,6.598,spread,6,Polling
2025-01-24,academic,margin,pct,4.0433,-1.68,10.2,spread,6,Academic
2025-01-25,polling,margin,pct,2.333,-4.6,6.598,spread,6,Polling
2025-01-25,academic,margin,pct,4.0433,-1.68,10.2,spread,6,Academic
2025-01-26,polling,margin,pct,2.5113,-3.53,6.598,spread,6,Polling
2025-01-26,academic,margin,pct,4.27,-1.68,10.2,spread,6,Academic
2025-01-27,polling,margin,pct,2.3623,-4.424,6.598,spread,6,Polling
2025-01-27,academic,margin,pct,4.08,-1.68,10.2,spread,6,Academic
2025-01-28,polling,margin,pct,2.3623,-4.424,6.598,spread,6,Polling
2025-01-28,academic,margin,pct,3.895,-1.68,10.2,spread,6,Academic
2025-01-29,polling,margin,pct,2.3623,-4.424,6.598,spread,6,Polling
2025-01-29,academic,margin,pct,3.895,-1.68,10.2,spread,6,Academic
2025-01-30,polling,margin,pct,2.3623,-4.424,6.598,spread,6,Polling
2025-01-30,academic,margin,pct,3.895,-1.68,10.2,spread,6,Academic
2025-01-31,polling,margin,pct,2.3623,-4.424,6.598,spread,6,Polling
2025-01-31,academic,margin,pct,3.8983,-1.68,10.2,spread,6,Academic
2025-02-01,polling,margin,pct,2.4852,-3.687,6.598,spread,6,Polling
2025-02-01,academic,margin,pct,4.0483,-1.68,10.2,spread,6,Academic
2025-02-02,polling,margin,pct,2.521,-3.472,6.598,spread,6,Polling
2025-02-02,academic,margin,pct,4.0933,-1.68,10.2,spread,6,Academic
2025-02-03,polling,margin,pct,2.521,-3.472,6.598,spread,6,Polling
2025-02-03,academic,margin,pct,4.0933,-1.68,10.2,spread,6,Academic
2025-02-04,polling,margin,pct,2.521,-3.472,6.598,spread,6,Polling
2025-02-04,academic,margin,pct,4.095,-1.68,10.2,spread,6,Academic
2025-02-05,polling,margin,pct,2.5798,-3.119,6.598,spread,6,Polling
2025-02-05,academic,margin,pct,4.1667,-1.68,10.2,spread,6,Academic
2025-02-06,polling,margin,pct,2.7703,-1.976,6.598,spread,6,Polling
2025-02-06,academic,margin,pct,4.3983,-1.68,10.2,spread,6,Academic
2025-02-07,polling,margin,pct,2.7703,-1.976,6.598,spread,6,Polling
2025-02-07,academic,margin,pct,4.395,-1.68,10.2,spread,6,Academic
2025-02-08,polling,margin,pct,2.7703,-1.976,6.598,spread,6,Polling
2025-02-08,academic,margin,pct,4.395,-1.68,10.2,spread,6,Academic
2025-02-09,polling,margin,pct,2.758,-2.05,6.598,spread,6,Polling
2025-02-09,academic,margin,pct,4.3767,-1.68,10.2,spread,6,Academic
2025-02-10,polling,margin,pct,2.758,-2.05,6.598,spread,6,Polling
2025-02-10,academic,margin,pct,4.3817,-1.68,10.2,spread,6,Academic
2025-02-11,polling,margin,pct,2.758,-2.05,6.598,spread,6,Polling
2025-02-11,academic,margin,pct,4.3883,-1.68,10.2,spread,6,Academic
2025-02-12,polling,margin,pct,2.758,-2.05,6.598,spread,6,Polling
2025-02-12,academic,margin,pct,4.3883,-1.68,10.2,spread,6,Academic
2025-02-13,polling,margin,pct,2.7775,-1.933,6.598,spread,6,Polling
2025-02-13,academic,margin,pct,4.4117,-1.68,10.2,spread,6,Academic
2025-02-14,polling,margin,pct,2.7775,-1.933,6.598,spread,6,Polling
2025-02-14,academic,margin,pct,4.41,-1.68,10.2,spread,6,Academic
2025-02-15,polling,margin,pct,2.7775,-1.933,6.598,spread,6,Polling
2025-02-15,academic,margin,pct,4.41,-1.68,10.2,spread,6,Academic
2025-02-16,polling,margin,pct,2.7793,-1.922,6.598,spread,6,Polling
2025-02-16,academic,margin,pct,4.4083,-1.68,10.2,spread,6,Academic
2025-02-17,polling,margin,pct,2.8518,-1.487,6.598,spread,6,Polling
2025-02-17,academic,margin,pct,4.4967,-1.68,10.2,spread,6,Academic
2025-02-18,polling,margin,pct,2.806,-1.762,6.598,spread,6,Polling
2025-02-18,academic,margin,pct,4.2233,-1.68,10.2,spread,6,Academic
2025-02-19,polling,margin,pct,2.806,-1.762,6.598,spread,6,Polling
2025-02-19,academic,margin,pct,4.225,-1.68,10.2,spread,6,Academic
2025-02-20,polling,margin,pct,2.806,-1.762,6.598,spread,6,Polling
2025-02-20,academic,margin,pct,4.2267,-1.68,10.2,spread,6,Academic
2025-02-21,polling,margin,pct,2.8027,-1.782,6.598,spread,6,Polling
2025-02-21,academic,margin,pct,4.2283,-1.68,10.2,spread,6,Academic
2025-02-22,polling,margin,pct,2.7757,-1.944,6.598,spread,6,Polling
2025-02-22,academic,margin,pct,4.1967,-1.68,10.2,spread,6,Academic
2025-02-23,polling,margin,pct,2.746,-2.122,6.598,spread,6,Polling
2025-02-23,academic,margin,pct,4.1617,-1.68,10.2,spread,6,Academic
2025-02-24,polling,margin,pct,2.746,-2.122,6.598,spread,6,Polling
2025-02-24,academic,margin,pct,4.16,-1.68,10.2,spread,6,Academic
2025-02-25,polling,margin,pct,2.746,-2.122,6.598,spread,6,Polling
2025-02-25,academic,margin,pct,4.1583,-1.68,10.2,spread,6,Academic
2025-02-26,polling,margin,pct,2.7288,-2.225,6.598,spread,6,Polling
2025-02-26,academic,margin,pct,4.1383,-1.68,10.2,spread,6,Academic
2025-02-27,polling,margin,pct,2.6752,-2.547,6.598,spread,6,Polling
2025-02-27,academic,margin,pct,4.0717,-1.68,10.2,spread,6,Academic
2025-02-28,polling,margin,pct,2.6752,-2.547,6.598,spread,6,Polling
2025-02-28,academic,margin,pct,4.0683,-1.68,10.2,spread,6,Academic
2025-03-01,polling,margin,pct,2.6752,-2.547,6.598,spread,6,Polling
2025-03-01,academic,margin,pct,4.3,-1.68,10.2,spread,6,Academic
2025-03-02,polling,margin,pct,2.6973,-2.414,6.598,spread,6,Polling
2025-03-02,academic,margin,pct,4.3283,-1.68,10.2,spread,6,Academic
2025-03-03,polling,margin,pct,2.7725,-1.963,6.598,spread,6,Polling
2025-03-03,academic,margin,pct,4.42,-1.68,10.2,spread,6,Academic
2025-03-04,polling,margin,pct,2.7725,-1.963,6.598,spread,6,Polling
2025-03-04,academic,margin,pct,4.42,-1.68,10.2,spread,6,Academic
2025-03-05,polling,margin,pct,2.817,-1.696,6.598,spread,6,Polling
2025-03-05,academic,margin,pct,4.4717,-1.68,10.2,spread,6,Academic
2025-03-06,polling,margin,pct,2.8073,-1.754,6.598,spread,6,Polling
2025-03-06,academic,margin,pct,4.4567,-1.68,10.2,spread,6,Academic
2025-03-07,polling,margin,pct,2.7952,-1.827,6.598,spread,6,Polling
2025-03-07,academic,margin,pct,4.4433,-1.68,10.2,spread,6,Academic
2025-03-08,polling,margin,pct,2.7952,-1.827,6.598,spread,6,Polling
2025-03-08,academic,margin,pct,4.4433,-1.68,10.2,spread,6,Academic
2025-03-09,polling,margin,pct,2.8507,-1.494,6.598,spread,6,Polling
2025-03-09,academic,margin,pct,4.5083,-1.68,10.2,spread,6,Academic
2025-03-10,polling,margin,pct,2.8925,-1.243,6.598,spread,6,Polling
2025-03-10,academic,margin,pct,4.5583,-1.68,10.2,spread,6,Academic
2025-03-11,polling,margin,pct,2.9798,-0.719,6.598,spread,6,Polling
2025-03-11,academic,margin,pct,4.6483,-1.68,10.2,spread,6,Academic
2025-03-12,polling,margin,pct,2.9798,-0.719,6.598,spread,6,Polling
2025-03-12,academic,margin,pct,4.4183,-1.68,10.2,spread,6,Academic
2025-03-13,polling,margin,pct,2.9758,-0.743,6.598,spread,6,Polling
2025-03-13,academic,margin,pct,4.4183,-1.68,10.2,spread,6,Academic
2025-03-14,polling,margin,pct,2.995,-0.628,6.598,spread,6,Polling
2025-03-14,academic,margin,pct,4.4417,-1.68,10.2,spread,6,Academic
2025-03-15,polling,margin,pct,2.995,-0.628,6.598,spread,6,Polling
2025-03-15,academic,margin,pct,4.4417,-1.68,10.2,spread,6,Academic
2025-03-16,polling,margin,pct,3.0387,-0.366,6.598,spread,6,Polling
2025-03-16,academic,margin,pct,4.485,-1.68,10.2,spread,6,Academic
2025-03-17,polling,margin,pct,3.0387,-0.366,6.598,spread,6,Polling
2025-03-17,academic,margin,pct,4.485,-1.68,10.2,spread,6,Academic
2025-03-18,polling,margin,pct,3.0387,-0.366,6.598,spread,6,Polling
2025-03-18,academic,margin,pct,4.485,-1.68,10.2,spread,6,Academic
2025-03-19,polling,margin,pct,3.0442,-0.333,6.598,spread,6,Polling
2025-03-19,academic,margin,pct,4.4967,-1.68,10.2,spread,6,Academic
2025-03-20,polling,margin,pct,3.0442,-0.333,6.598,spread,6,Polling
2025-03-20,academic,margin,pct,4.5017,-1.68,10.2,spread,6,Academic
2025-03-21,polling,margin,pct,3.0442,-0.333,6.598,spread,6,Polling
2025-03-21,academic,margin,pct,4.5017,-1.68,10.2,spread,6,Academic
2025-03-22,polling,margin,pct,3.0442,-0.333,6.598,spread,6,Polling
2025-03-22,academic,margin,pct,4.5017,-1.68,10.2,spread,6,Academic
2025-03-23,polling,margin,pct,3.0765,-0.139,6.598,spread,6,Polling
2025-03-23,academic,margin,pct,4.535,-1.68,10.2,spread,6,Academic
2025-03-24,polling,margin,pct,3.0242,-0.453,6.598,spread,6,Polling
2025-03-24,academic,margin,pct,4.4833,-1.68,10.2,spread,6,Academic
2025-03-25,polling,margin,pct,3.0242,-0.453,6.598,spread,6,Polling
2025-03-25,academic,margin,pct,4.4833,-1.68,10.2,spread,6,Academic
2025-03-26,polling,margin,pct,2.988,-0.67,6.598,spread,6,Polling
2025-03-26,academic,margin,pct,4.4483,-1.68,10.2,spread,6,Academic
2025-03-27,polling,margin,pct,2.988,-0.67,6.598,spread,6,Polling
2025-03-27,academic,margin,pct,4.4467,-1.68,10.2,spread,6,Academic
2025-03-28,polling,margin,pct,3.0303,-0.416,6.598,spread,6,Polling
2025-03-28,academic,margin,pct,4.4867,-1.68,10.2,spread,6,Academic
2025-03-29,polling,margin,pct,3.0303,-0.416,6.598,spread,6,Polling
2025-03-29,academic,margin,pct,4.4867,-1.68,10.2,spread,6,Academic
2025-03-30,polling,margin,pct,3.0018,-0.587,6.598,spread,6,Polling
2025-03-30,academic,margin,pct,4.4567,-1.68,10.2,spread,6,Academic
2025-03-31,polling,margin,pct,3.0018,-0.587,6.598,spread,6,Polling
2025-03-31,academic,margin,pct,4.4567,-1.68,10.2,spread,6,Academic
2025-04-01,polling,margin,pct,3.0018,-0.587,6.598,spread,6,Polling
2025-04-01,academic,margin,pct,4.4967,-1.68,10.2,spread,6,Academic
2025-04-02,polling,margin,pct,3.0018,-0.587,6.598,spread,6,Polling
2025-04-02,academic,margin,pct,4.4983,-1.68,10.2,spread,6,Academic
2025-04-03,polling,margin,pct,3.089,-0.064,6.598,spread,6,Polling
2025-04-03,academic,margin,pct,4.585,-1.68,10.2,spread,6,Academic
2025-04-04,polling,margin,pct,3.089,-0.064,6.598,spread,6,Polling
2025-04-04,academic,margin,pct,4.585,-1.68,10.2,spread,6,Academic
2025-04-05,polling,margin,pct,3.089,-0.064,6.598,spread,6,Polling
2025-04-05,academic,margin,pct,4.585,-1.68,10.2,spread,6,Academic
2025-04-06,polling,margin,pct,3.119,0.116,6.598,spread,6,Polling
2025-04-06,academic,margin,pct,4.615,-1.68,10.2,spread,6,Academic
2025-04-07,polling,margin,pct,3.119,0.116,6.598,spread,6,Polling
2025-04-07,academic,margin,pct,4.6067,-1.68,10.2,spread,6,Academic
2025-04-08,polling,margin,pct,3.1353,0.214,6.598,spread,6,Polling
2025-04-08,academic,margin,pct,4.63,-1.68,10.2,spread,6,Academic
2025-04-09,polling,margin,pct,3.1398,0.241,6.598,spread,6,Polling
2025-04-09,academic,margin,pct,4.6367,-1.68,10.2,spread,6,Academic
2025-04-10,polling,margin,pct,3.1725,0.437,6.598,spread,6,Polling
2025-04-10,academic,margin,pct,4.6733,-1.68,10.2,spread,6,Academic
2025-04-11,polling,margin,pct,3.1725,0.437,6.598,spread,6,Polling
2025-04-11,academic,margin,pct,4.6767,-1.68,10.2,spread,6,Academic
2025-04-12,polling,margin,pct,3.2258,0.757,6.598,spread,6,Polling
2025-04-12,academic,margin,pct,4.7317,-1.68,10.2,spread,6,Academic
2025-04-13,polling,margin,pct,3.2725,1.037,6.598,spread,6,Polling
2025-04-13,academic,margin,pct,4.8267,-1.68,10.2,spread,6,Academic
2025-04-14,polling,margin,pct,3.2332,0.801,6.598,spread,6,Polling
2025-04-14,academic,margin,pct,4.7417,-1.68,10.2,spread,6,Academic
2025-04-15,polling,margin,pct,3.2332,0.801,6.598,spread,6,Polling
2025-04-15,academic,margin,pct,4.7467,-1.68,10.2,spread,6,Academic
2025-04-16,polling,margin,pct,3.2832,1.101,6.598,spread,6,Polling
2025-04-16,academic,margin,pct,4.8483,-1.68,10.2,spread,6,Academic
2025-04-17,polling,margin,pct,3.2832,1.101,6.598,spread,6,Polling
2025-04-17,academic,margin,pct,4.8517,-1.68,10.2,spread,6,Academic
2025-04-18,polling,margin,pct,3.3042,1.227,6.598,spread,6,Polling
2025-04-18,academic,margin,pct,4.8817,-1.68,10.2,spread,6,Academic
2025-04-19,polling,margin,pct,3.2768,1.063,6.598,spread,6,Polling
2025-04-19,academic,margin,pct,4.8383,-1.68,10.2,spread,6,Academic
2025-04-20,polling,margin,pct,3.2927,1.158,6.598,spread,6,Polling
2025-04-20,academic,margin,pct,4.8667,-1.68,10.2,spread,6,Academic
2025-04-21,polling,margin,pct,3.35,1.502,6.598,spread,6,Polling
2025-04-21,academic,margin,pct,4.9383,-1.68,10.2,spread,6,Academic
2025-04-22,polling,margin,pct,3.3552,1.533,6.598,spread,6,Polling
2025-04-22,academic,margin,pct,4.95,-1.68,10.2,spread,6,Academic
2025-04-23,polling,margin,pct,3.3552,1.533,6.598,spread,6,Polling
2025-04-23,academic,margin,pct,4.7067,-1.68,10.2,spread,6,Academic
2025-04-24,polling,margin,pct,3.3767,1.662,6.598,spread,6,Polling
2025-04-24,academic,margin,pct,4.7283,-1.68,10.2,spread,6,Academic
2025-04-25,polling,margin,pct,3.3767,1.662,6.598,spread,6,Polling
2025-04-25,academic,margin,pct,4.73,-1.68,10.2,spread,6,Academic
2025-04-26,polling,margin,pct,3.3767,1.662,6.598,spread,6,Polling
2025-04-26,academic,margin,pct,4.73,-1.68,10.2,spread,6,Academic
2025-04-27,polling,margin,pct,3.4153,1.894,6.598,spread,6,Polling
2025-04-27,academic,margin,pct,4.775,-1.68,10.2,spread,6,Academic
2025-04-28,polling,margin,pct,3.4153,1.894,6.598,spread,6,Polling
2025-04-28,academic,margin,pct,4.7767,-1.68,10.2,spread,6,Academic
2025-04-29,polling,margin,pct,3.3858,1.717,6.598,spread,6,Polling
2025-04-29,academic,margin,pct,4.7433,-1.68,10.2,spread,6,Academic
2025-04-30,polling,margin,pct,3.3977,1.788,6.598,spread,6,Polling
2025-04-30,academic,margin,pct,4.755,-1.68,10.2,spread,6,Academic
2025-05-01,polling,margin,pct,3.3957,1.776,6.598,spread,6,Polling
2025-05-01,academic,margin,pct,4.76,-1.68,10.2,spread,6,Academic
2025-05-02,polling,margin,pct,3.3957,1.776,6.598,spread,6,Polling
2025-05-02,academic,margin,pct,4.7617,-1.68,10.2,spread,6,Academic
2025-05-03,polling,margin,pct,3.3862,1.719,6.598,spread,6,Polling
2025-05-03,academic,margin,pct,4.75,-1.68,10.2,spread,6,Academic
2025-05-04,polling,margin,pct,3.3985,1.793,6.598,spread,6,Polling
2025-05-04,academic,margin,pct,4.765,-1.68,10.2,spread,6,Academic
2025-05-05,polling,margin,pct,3.4622,2.175,6.598,spread,6,Polling
2025-05-05,academic,margin,pct,4.8367,-1.68,10.2,spread,6,Academic
2025-05-06,polling,margin,pct,3.5112,2.469,6.598,spread,6,Polling
2025-05-06,academic,margin,pct,4.89,-1.68,10.2,spread,6,Academic
2025-05-07,polling,margin,pct,3.476,2.258,6.598,spread,6,Polling
2025-05-07,academic,margin,pct,4.85,-1.68,10.2,spread,6,Academic
2025-05-08,polling,margin,pct,3.4535,2.123,6.598,spread,6,Polling
2025-05-08,academic,margin,pct,4.8233,-1.68,10.2,spread,6,Academic
2025-05-09,polling,margin,pct,3.4535,2.123,6.598,spread,6,Polling
2025-05-09,academic,margin,pct,4.825,-1.68,10.2,spread,6,Academic
2025-05-10,polling,margin,pct,3.5025,2.417,6.598,spread,6,Polling
2025-05-10,academic,margin,pct,4.88,-1.68,10.2,spread,6,Academic
2025-05-11,polling,margin,pct,3.4767,2.262,6.598,spread,6,Polling
2025-05-11,academic,margin,pct,4.8517,-1.68,10.2,spread,6,Academic
2025-05-12,polling,margin,pct,3.3655,1.595,6.598,spread,6,Polling
2025-05-12,academic,margin,pct,4.7233,-1.68,10.2,spread,6,Academic
2025-05-13,polling,margin,pct,3.3655,1.595,6.598,spread,6,Polling
2025-05-13,academic,margin,pct,4.72,-1.68,10.2,spread,6,Academic
2025-05-14,polling,margin,pct,3.3655,1.595,6.598,spread,6,Polling
2025-05-14,academic,margin,pct,4.7217,-1.68,10.2,spread,6,Academic
2025-05-15,polling,margin,pct,3.3442,1.467,6.598,spread,6,Polling
2025-05-15,academic,margin,pct,4.695,-1.68,10.2,spread,6,Academic
2025-05-16,polling,margin,pct,3.3377,1.428,6.598,spread,6,Polling
2025-05-16,academic,margin,pct,4.6867,-1.68,10.2,spread,6,Academic
2025-05-17,polling,margin,pct,3.3377,1.428,6.598,spread,6,Polling
2025-05-17,academic,margin,pct,4.6833,-1.68,10.2,spread,6,Academic
2025-05-18,polling,margin,pct,3.2512,0.909,6.598,spread,6,Polling
2025-05-18,academic,margin,pct,4.55,-1.68,10.2,spread,6,Academic
2025-05-19,polling,margin,pct,3.2425,0.857,6.598,spread,6,Polling
2025-05-19,academic,margin,pct,4.5317,-1.68,10.2,spread,6,Academic
2025-05-20,polling,margin,pct,3.2792,1.077,6.598,spread,6,Polling
2025-05-20,academic,margin,pct,4.6067,-1.68,10.2,spread,6,Academic
2025-05-21,polling,margin,pct,3.2792,1.077,6.598,spread,6,Polling
2025-05-21,academic,margin,pct,4.6067,-1.68,10.2,spread,6,Academic
2025-05-22,polling,margin,pct,3.2792,1.077,6.598,spread,6,Polling
2025-05-22,academic,margin,pct,4.6083,-1.68,10.2,spread,6,Academic
2025-05-23,polling,margin,pct,3.2792,1.077,6.598,spread,6,Polling
2025-05-23,academic,margin,pct,4.6083,-1.68,10.2,spread,6,Academic
2025-05-24,polling,margin,pct,3.2792,1.077,6.598,spread,6,Polling
2025-05-24,academic,margin,pct,4.6083,-1.68,10.2,spread,6,Academic
2025-05-25,polling,margin,pct,3.2473,0.886,6.598,spread,6,Polling
2025-05-25,academic,margin,pct,4.5433,-1.68,10.2,spread,6,Academic
2025-05-26,polling,margin,pct,3.2055,0.635,6.598,spread,6,Polling
2025-05-26,academic,margin,pct,4.4817,-1.68,10.2,spread,6,Academic
2025-05-27,polling,margin,pct,3.241,0.848,6.598,spread,6,Polling
2025-05-27,academic,margin,pct,4.5317,-1.68,10.2,spread,6,Academic
2025-05-28,polling,margin,pct,3.241,0.848,6.598,spread,6,Polling
2025-05-28,academic,margin,pct,4.5317,-1.68,10.2,spread,6,Academic
2025-05-29,polling,margin,pct,3.2452,0.873,6.598,spread,6,Polling
2025-05-29,academic,margin,pct,4.5433,-1.68,10.2,spread,6,Academic
2025-05-30,polling,margin,pct,3.2178,0.709,6.598,spread,6,Polling
2025-05-30,academic,margin,pct,4.5033,-1.68,10.2,spread,6,Academic
2025-05-31,polling,margin,pct,3.2178,0.709,6.598,spread,6,Polling
2025-05-31,academic,margin,pct,4.5033,-1.68,10.2,spread,6,Academic
2025-06-01,polling,margin,pct,3.2252,0.753,6.598,spread,6,Polling
2025-06-01,academic,margin,pct,4.4033,-1.68,10.2,spread,6,Academic
2025-06-02,polling,margin,pct,3.2637,0.984,6.598,spread,6,Polling
2025-06-02,academic,margin,pct,4.47,-1.68,10.2,spread,6,Academic
2025-06-03,polling,margin,pct,3.2637,0.984,6.598,spread,6,Polling
2025-06-03,academic,margin,pct,4.4667,-1.68,10.2,spread,6,Academic
2025-06-04,polling,margin,pct,3.2555,0.935,6.598,spread,6,Polling
2025-06-04,academic,margin,pct,4.4517,-1.68,10.2,spread,6,Academic
2025-06-05,polling,margin,pct,3.2555,0.935,6.598,spread,6,Polling
2025-06-05,academic,margin,pct,4.46,-1.68,10.2,spread,6,Academic
2025-06-06,polling,margin,pct,3.327,1.364,6.598,spread,6,Polling
2025-06-06,academic,margin,pct,4.57,-1.68,10.2,spread,6,Academic
2025-06-07,polling,margin,pct,3.327,1.364,6.598,spread,6,Polling
2025-06-07,academic,margin,pct,4.57,-1.68,10.2,spread,6,Academic
2025-06-08,polling,margin,pct,3.3173,1.306,6.598,spread,6,Polling
2025-06-08,academic,margin,pct,4.56,-1.68,10.2,spread,6,Academic
2025-06-09,polling,margin,pct,3.3217,1.332,6.598,spread,6,Polling
2025-06-09,academic,margin,pct,4.5633,-1.68,10.2,spread,6,Academic
2025-06-10,polling,margin,pct,3.3217,1.332,6.598,spread,6,Polling
2025-06-10,academic,margin,pct,4.5617,-1.68,10.2,spread,6,Academic
2025-06-11,polling,margin,pct,3.2522,0.915,6.598,spread,6,Polling
2025-06-11,academic,margin,pct,4.4467,-1.68,10.2,spread,6,Academic
2025-06-12,polling,margin,pct,3.343,1.46,6.598,spread,6,Polling
2025-06-12,academic,margin,pct,4.585,-1.68,10.2,spread,6,Academic
2025-06-13,polling,margin,pct,3.343,1.46,6.598,spread,6,Polling
2025-06-13,academic,margin,pct,4.585,-1.68,10.2,spread,6,Academic
2025-06-14,polling,margin,pct,3.4105,1.865,6.598,spread,6,Polling
2025-06-14,academic,margin,pct,4.6633,-1.68,10.2,spread,6,Academic
2025-06-15,polling,margin,pct,3.3362,1.419,6.598,spread,6,Polling
2025-06-15,academic,margin,pct,4.5783,-1.68,10.2,spread,6,Academic
2025-06-16,polling,margin,pct,3.3878,1.729,6.598,spread,6,Polling
2025-06-16,academic,margin,pct,4.6417,-1.68,10.2,spread,6,Academic
2025-06-17,polling,margin,pct,3.2935,1.163,6.598,spread,6,Polling
2025-06-17,academic,margin,pct,4.5317,-1.68,10.2,spread,6,Academic
2025-06-18,polling,margin,pct,3.2745,1.049,6.598,spread,6,Polling
2025-06-18,academic,margin,pct,4.4967,-1.68,10.2,spread,6,Academic
2025-06-19,polling,margin,pct,3.1992,0.597,6.598,spread,6,Polling
2025-06-19,academic,margin,pct,4.37,-1.68,10.2,spread,6,Academic
2025-06-20,polling,margin,pct,3.1992,0.597,6.598,spread,6,Polling
2025-06-20,academic,margin,pct,4.3767,-1.68,10.2,spread,6,Academic
2025-06-21,polling,margin,pct,3.2133,0.682,6.598,spread,6,Polling
2025-06-21,academic,margin,pct,4.3917,-1.68,10.2,spread,6,Academic
2025-06-22,polling,margin,pct,3.2203,0.724,6.598,spread,6,Polling
2025-06-22,academic,margin,pct,4.3983,-1.68,10.2,spread,6,Academic
2025-06-23,polling,margin,pct,3.2603,0.964,6.598,spread,6,Polling
2025-06-23,academic,margin,pct,4.4767,-1.68,10.2,spread,6,Academic
2025-06-24,polling,margin,pct,3.2603,0.964,6.598,spread,6,Polling
2025-06-24,academic,margin,pct,4.48,-1.68,10.2,spread,6,Academic
2025-06-25,polling,margin,pct,3.3012,1.209,6.598,spread,6,Polling
2025-06-25,academic,margin,pct,4.5533,-1.68,10.2,spread,6,Academic
2025-06-26,polling,margin,pct,3.3012,1.209,6.598,spread,6,Polling
2025-06-26,academic,margin,pct,4.55,-1.68,10.2,spread,6,Academic
2025-06-27,polling,margin,pct,3.2572,0.945,6.598,spread,6,Polling
2025-06-27,academic,margin,pct,4.4683,-1.68,10.2,spread,6,Academic
2025-06-28,polling,margin,pct,3.2572,0.945,6.598,spread,6,Polling
2025-06-28,academic,margin,pct,4.4667,-1.68,10.2,spread,6,Academic
2025-06-29,polling,margin,pct,3.2765,1.061,6.598,spread,6,Polling
2025-06-29,academic,margin,pct,4.5083,-1.68,10.2,spread,6,Academic
2025-06-30,polling,margin,pct,3.3087,1.254,6.598,spread,6,Polling
2025-06-30,academic,margin,pct,4.6117,-1.68,10.54,spread,6,Academic
2025-07-01,polling,margin,pct,3.3087,1.254,6.598,spread,6,Polling
2025-07-01,academic,margin,pct,4.6783,-1.68,10.75,spread,6,Academic
2025-07-02,polling,margin,pct,3.3357,1.416,6.598,spread,6,Polling
2025-07-02,academic,margin,pct,4.7083,-1.68,10.75,spread,6,Academic
2025-07-03,polling,margin,pct,3.2808,1.087,6.598,spread,6,Polling
2025-07-03,academic,margin,pct,4.6383,-1.68,10.75,spread,6,Academic
2025-07-04,polling,margin,pct,3.2808,1.087,6.598,spread,6,Polling
2025-07-04,academic,margin,pct,4.6333,-1.68,10.75,spread,6,Academic
2025-07-05,polling,margin,pct,3.2177,0.708,6.598,spread,6,Polling
2025-07-05,academic,margin,pct,4.5183,-1.68,10.75,spread,6,Academic
2025-07-06,polling,margin,pct,3.3085,1.253,6.598,spread,6,Polling
2025-07-06,academic,margin,pct,4.6717,-1.68,10.75,spread,6,Academic
2025-07-07,polling,margin,pct,3.3145,1.289,6.598,spread,6,Polling
2025-07-07,academic,margin,pct,4.6733,-1.68,10.75,spread,6,Academic
2025-07-08,polling,margin,pct,3.3438,1.465,6.598,spread,6,Polling
2025-07-08,academic,margin,pct,4.7067,-1.68,10.75,spread,6,Academic
2025-07-09,polling,margin,pct,3.3782,1.671,6.598,spread,6,Polling
2025-07-09,academic,margin,pct,4.7467,-1.68,10.75,spread,6,Academic
2025-07-10,polling,margin,pct,3.5247,2.55,6.598,spread,6,Polling
2025-07-10,academic,margin,pct,4.9133,-1.68,10.75,spread,6,Academic
2025-07-11,polling,margin,pct,3.5247,2.55,6.598,spread,6,Polling
2025-07-11,academic,margin,pct,4.9133,-1.68,10.75,spread,6,Academic
2025-07-12,polling,margin,pct,3.5272,2.565,6.598,spread,6,Polling
2025-07-12,academic,margin,pct,4.9183,-1.68,10.75,spread,6,Academic
2025-07-13,polling,margin,pct,3.5557,2.6,6.598,spread,6,Polling
2025-07-13,academic,margin,pct,4.955,-1.68,10.75,spread,6,Academic
2025-07-14,polling,margin,pct,3.3627,1.578,6.598,spread,6,Polling
2025-07-14,academic,margin,pct,4.745,-1.68,10.75,spread,6,Academic
2025-07-15,polling,margin,pct,3.3627,1.578,6.598,spread,6,Polling
2025-07-15,academic,margin,pct,4.745,-1.68,10.75,spread,6,Academic
2025-07-16,polling,margin,pct,3.2582,0.951,6.598,spread,6,Polling
2025-07-16,academic,margin,pct,4.5933,-1.68,10.75,spread,6,Academic
2025-07-17,polling,margin,pct,3.3005,1.205,6.598,spread,6,Polling
2025-07-17,academic,margin,pct,4.67,-1.68,10.75,spread,6,Academic
2025-07-18,polling,margin,pct,3.3953,1.774,6.598,spread,6,Polling
2025-07-18,academic,margin,pct,4.7783,-1.68,10.75,spread,6,Academic
2025-07-19,polling,margin,pct,3.3953,1.774,6.598,spread,6,Polling
2025-07-19,academic,margin,pct,4.7783,-1.68,10.75,spread,6,Academic
2025-07-20,polling,margin,pct,3.4277,1.968,6.598,spread,6,Polling
2025-07-20,academic,margin,pct,4.8167,-1.68,10.75,spread,6,Academic
2025-07-21,polling,margin,pct,3.4157,1.896,6.598,spread,6,Polling
2025-07-21,academic,margin,pct,4.8067,-1.68,10.75,spread,6,Academic
2025-07-22,polling,margin,pct,3.4225,1.937,6.598,spread,6,Polling
2025-07-22,academic,margin,pct,4.815,-1.68,10.75,spread,6,Academic
2025-07-23,polling,margin,pct,3.4288,1.975,6.598,spread,6,Polling
2025-07-23,academic,margin,pct,4.8217,-1.68,10.75,spread,6,Academic
2025-07-24,polling,margin,pct,3.4525,2.117,6.598,spread,6,Polling
2025-07-24,academic,margin,pct,4.85,-1.68,10.75,spread,6,Academic
2025-07-25,polling,margin,pct,3.4525,2.117,6.598,spread,6,Polling
2025-07-25,academic,margin,pct,4.85,-1.68,10.75,spread,6,Academic
2025-07-26,polling,margin,pct,3.4525,2.117,6.598,spread,6,Polling
2025-07-26,academic,margin,pct,4.85,-1.68,10.75,spread,6,Academic
2025-07-27,polling,margin,pct,3.4412,2.049,6.598,spread,6,Polling
2025-07-27,academic,margin,pct,4.8383,-1.68,10.75,spread,6,Academic
2025-07-28,polling,margin,pct,3.4798,2.281,6.598,spread,6,Polling
2025-07-28,academic,margin,pct,4.9233,-1.68,10.98,spread,6,Academic
2025-07-29,polling,margin,pct,3.4865,2.321,6.598,spread,6,Polling
2025-07-29,academic,margin,pct,4.93,-1.68,10.98,spread,6,Academic
2025-07-30,polling,margin,pct,3.4865,2.321,6.598,spread,6,Polling
2025-07-30,academic,margin,pct,4.9367,-1.68,10.98,spread,6,Academic
2025-07-31,polling,margin,pct,3.5363,2.6,6.598,spread,6,Polling
2025-07-31,academic,margin,pct,5.0117,-1.68,11.09,spread,6,Academic
2025-08-01,polling,margin,pct,3.5363,2.6,6.598,spread,6,Polling
2025-08-01,academic,margin,pct,5.07,-1.68,11.45,spread,6,Academic
2025-08-02,polling,margin,pct,3.5363,2.6,6.598,spread,6,Polling
2025-08-02,academic,margin,pct,5.07,-1.68,11.45,spread,6,Academic
2025-08-03,polling,margin,pct,3.5493,2.6,6.598,spread,6,Polling
2025-08-03,academic,margin,pct,5.0783,-1.68,11.45,spread,6,Academic
2025-08-04,polling,margin,pct,3.6668,2.6,6.598,spread,6,Polling
2025-08-04,academic,margin,pct,5.22,-1.68,11.54,spread,6,Academic
2025-08-05,polling,margin,pct,3.6668,2.6,6.598,spread,6,Polling
2025-08-05,academic,margin,pct,5.2217,-1.68,11.54,spread,6,Academic
2025-08-06,polling,margin,pct,3.7378,2.6,6.598,spread,6,Polling
2025-08-06,academic,margin,pct,5.2983,-1.68,11.54,spread,6,Academic
2025-08-07,polling,margin,pct,3.7358,2.6,6.598,spread,6,Polling
2025-08-07,academic,margin,pct,5.2967,-1.68,11.54,spread,6,Academic
2025-08-08,polling,margin,pct,3.679,2.6,6.598,spread,6,Polling
2025-08-08,academic,margin,pct,5.235,-1.68,11.54,spread,6,Academic
2025-08-09,polling,margin,pct,3.6515,2.6,6.598,spread,6,Polling
2025-08-09,academic,margin,pct,5.1983,-1.68,11.54,spread,6,Academic
2025-08-10,polling,margin,pct,3.648,2.6,6.598,spread,6,Polling
2025-08-10,academic,margin,pct,5.1933,-1.68,11.54,spread,6,Academic
2025-08-11,polling,margin,pct,3.6362,2.6,6.598,spread,6,Polling
2025-08-11,academic,margin,pct,5.1733,-1.68,11.54,spread,6,Academic
2025-08-12,polling,margin,pct,3.6453,2.6,6.598,spread,6,Polling
2025-08-12,academic,margin,pct,5.2,-1.68,11.63,spread,6,Academic
2025-08-13,polling,margin,pct,3.6453,2.6,6.598,spread,6,Polling
2025-08-13,academic,margin,pct,5.195,-1.68,11.63,spread,6,Academic
2025-08-14,polling,margin,pct,3.6338,2.6,6.598,spread,6,Polling
2025-08-14,academic,margin,pct,5.18,-1.68,11.63,spread,6,Academic
2025-08-15,polling,margin,pct,3.6338,2.6,6.598,spread,6,Polling
2025-08-15,academic,margin,pct,5.1833,-1.68,11.63,spread,6,Academic
2025-08-16,polling,margin,pct,3.6338,2.6,6.598,spread,6,Polling
2025-08-16,academic,margin,pct,5.1833,-1.68,11.63,spread,6,Academic
2025-08-17,polling,margin,pct,3.6278,2.6,6.598,spread,6,Polling
2025-08-17,academic,margin,pct,5.185,-1.68,11.63,spread,6,Academic
2025-08-18,polling,margin,pct,3.6128,2.6,6.598,spread,6,Polling
2025-08-18,academic,margin,pct,5.1717,-1.68,11.63,spread,6,Academic
2025-08-19,polling,margin,pct,3.614,2.6,6.598,spread,6,Polling
2025-08-19,academic,margin,pct,5.1733,-1.68,11.63,spread,6,Academic
2025-08-20,polling,margin,pct,3.614,2.6,6.598,spread,6,Polling
2025-08-20,academic,margin,pct,5.1783,-1.68,11.63,spread,6,Academic
2025-08-21,polling,margin,pct,3.5743,2.6,6.598,spread,6,Polling
2025-08-21,academic,margin,pct,5.1483,-1.68,11.71,spread,6,Academic
2025-08-22,polling,margin,pct,3.5743,2.6,6.598,spread,6,Polling
2025-08-22,academic,margin,pct,5.1483,-1.68,11.71,spread,6,Academic
2025-08-23,polling,margin,pct,3.5743,2.6,6.598,spread,6,Polling
2025-08-23,academic,margin,pct,5.1533,-1.68,11.71,spread,6,Academic
2025-08-24,polling,margin,pct,3.4803,2.284,6.598,spread,6,Polling
2025-08-24,academic,margin,pct,5.0433,-1.68,11.71,spread,6,Academic
2025-08-25,polling,margin,pct,3.438,2.03,6.598,spread,6,Polling
2025-08-25,academic,margin,pct,4.9917,-1.68,11.71,spread,6,Academic
2025-08-26,polling,margin,pct,3.374,1.646,6.598,spread,6,Polling
2025-08-26,academic,margin,pct,4.9183,-1.68,11.71,spread,6,Academic
2025-08-27,polling,margin,pct,3.374,1.646,6.598,spread,6,Polling
2025-08-27,academic,margin,pct,4.9183,-1.68,11.71,spread,6,Academic
2025-08-28,polling,margin,pct,3.374,1.646,6.598,spread,6,Polling
2025-08-28,academic,margin,pct,4.9183,-1.68,11.71,spread,6,Academic
2025-08-29,polling,margin,pct,3.374,1.646,6.598,spread,6,Polling
2025-08-29,academic,margin,pct,4.9167,-1.68,11.71,spread,6,Academic
2025-08-30,polling,margin,pct,3.3817,1.692,6.598,spread,6,Polling
2025-08-30,academic,margin,pct,4.925,-1.68,11.71,spread,6,Academic
2025-08-31,polling,margin,pct,3.4105,1.865,6.598,spread,6,Polling
2025-08-31,academic,margin,pct,4.96,-1.68,11.71,spread,6,Academic
2025-09-01,polling,margin,pct,3.5013,2.41,6.598,spread,6,Polling
2025-09-01,academic,margin,pct,5.1217,-1.68,12.13,spread,6,Academic
2025-09-02,polling,margin,pct,3.5292,2.577,6.598,spread,6,Polling
2025-09-02,academic,margin,pct,5.17,-1.68,12.22,spread,6,Academic
2025-09-03,polling,margin,pct,3.5277,2.568,6.598,spread,6,Polling
2025-09-03,academic,margin,pct,5.165,-1.68,12.22,spread,6,Academic
2025-09-04,polling,margin,pct,3.5277,2.568,6.598,spread,6,Polling
2025-09-04,academic,margin,pct,5.165,-1.68,12.22,spread,6,Academic
2025-09-05,polling,margin,pct,3.5277,2.568,6.598,spread,6,Polling
2025-09-05,academic,margin,pct,5.1633,-1.68,12.22,spread,6,Academic
2025-09-06,polling,margin,pct,3.5277,2.568,6.598,spread,6,Polling
2025-09-06,academic,margin,pct,5.1633,-1.68,12.22,spread,6,Academic
2025-09-07,polling,margin,pct,3.5333,2.6,6.598,spread,6,Polling
2025-09-07,academic,margin,pct,5.1683,-1.68,12.22,spread,6,Academic
2025-09-08,polling,margin,pct,3.5212,2.529,6.598,spread,6,Polling
2025-09-08,academic,margin,pct,5.1533,-1.68,12.22,spread,6,Academic
2025-09-09,polling,margin,pct,3.5212,2.529,6.598,spread,6,Polling
2025-09-09,academic,margin,pct,5.155,-1.68,12.22,spread,6,Academic
2025-09-10,polling,margin,pct,3.5167,2.502,6.598,spread,6,Polling
2025-09-10,academic,margin,pct,5.1517,-1.68,12.22,spread,6,Academic
2025-09-11,polling,margin,pct,3.5212,2.529,6.598,spread,6,Polling
2025-09-11,academic,margin,pct,5.1667,-1.68,12.31,spread,6,Academic
2025-09-12,polling,margin,pct,3.525,2.552,6.598,spread,6,Polling
2025-09-12,academic,margin,pct,5.1733,-1.68,12.31,spread,6,Academic
2025-09-13,polling,margin,pct,3.5207,2.526,6.598,spread,6,Polling
2025-09-13,academic,margin,pct,5.1683,-1.68,12.31,spread,6,Academic
2025-09-14,polling,margin,pct,3.5637,2.6,6.598,spread,6,Polling
2025-09-14,academic,margin,pct,5.2283,-1.68,12.4,spread,6,Academic
2025-09-15,polling,margin,pct,3.5637,2.6,6.598,spread,6,Polling
2025-09-15,academic,margin,pct,5.2333,-1.68,12.4,spread,6,Academic
2025-09-16,polling,margin,pct,3.647,2.6,6.598,spread,6,Polling
2025-09-16,academic,margin,pct,5.3217,-1.68,12.4,spread,6,Academic
2025-09-17,polling,margin,pct,3.647,2.6,6.598,spread,6,Polling
2025-09-17,academic,margin,pct,5.3217,-1.68,12.4,spread,6,Academic
2025-09-18,polling,margin,pct,3.6687,2.6,6.598,spread,6,Polling
2025-09-18,academic,margin,pct,5.345,-1.68,12.4,spread,6,Academic
2025-09-19,polling,margin,pct,3.6807,2.6,6.598,spread,6,Polling
2025-09-19,academic,margin,pct,5.3583,-1.68,12.4,spread,6,Academic
2025-09-20,polling,margin,pct,3.6807,2.6,6.598,spread,6,Polling
2025-09-20,academic,margin,pct,5.3617,-1.68,12.4,spread,6,Academic
2025-09-21,polling,margin,pct,3.6633,2.6,6.598,spread,6,Polling
2025-09-21,academic,margin,pct,5.345,-1.68,12.4,spread,6,Academic
2025-09-22,polling,margin,pct,3.5347,2.6,6.598,spread,6,Polling
2025-09-22,academic,margin,pct,5.205,-1.68,12.4,spread,6,Academic
2025-09-23,polling,margin,pct,3.5113,2.47,6.598,spread,6,Polling
2025-09-23,academic,margin,pct,5.1917,-1.68,12.48,spread,6,Academic
2025-09-24,polling,margin,pct,3.483,2.3,6.598,spread,6,Polling
2025-09-24,academic,margin,pct,5.1583,-1.68,12.48,spread,6,Academic
2025-09-25,polling,margin,pct,3.483,2.3,6.598,spread,6,Polling
2025-09-25,academic,margin,pct,5.1617,-1.68,12.48,spread,6,Academic
2025-09-26,polling,margin,pct,3.483,2.3,6.598,spread,6,Polling
2025-09-26,academic,margin,pct,5.1617,-1.68,12.48,spread,6,Academic
2025-09-27,polling,margin,pct,3.4807,2.286,6.598,spread,6,Polling
2025-09-27,academic,margin,pct,5.1583,-1.68,12.48,spread,6,Academic
2025-09-28,polling,margin,pct,3.477,2.264,6.598,spread,6,Polling
2025-09-28,academic,margin,pct,5.1567,-1.68,12.48,spread,6,Academic
2025-09-29,polling,margin,pct,3.477,2.264,6.598,spread,6,Polling
2025-09-29,academic,margin,pct,5.1583,-1.68,12.48,spread,6,Academic
2025-09-30,polling,margin,pct,3.477,2.264,6.598,spread,6,Polling
2025-09-30,academic,margin,pct,5.18,-1.68,12.57,spread,6,Academic
2025-10-01,polling,margin,pct,3.4793,2.278,6.598,spread,6,Polling
2025-10-01,academic,margin,pct,5.2383,-1.68,13.07,spread,6,Academic
2025-10-02,polling,margin,pct,3.445,2.072,6.598,spread,6,Polling
2025-10-02,academic,margin,pct,5.1967,-1.68,13.07,spread,6,Academic
2025-10-03,polling,margin,pct,3.4358,2.017,6.598,spread,6,Polling
2025-10-03,academic,margin,pct,5.1867,-1.68,13.07,spread,6,Academic
2025-10-04,polling,margin,pct,3.436,2.018,6.598,spread,6,Polling
2025-10-04,academic,margin,pct,5.185,-1.68,13.07,spread,6,Academic
2025-10-05,polling,margin,pct,3.4373,2.026,6.598,spread,6,Polling
2025-10-05,academic,margin,pct,5.1867,-1.68,13.07,spread,6,Academic
2025-10-06,polling,margin,pct,3.4807,2.286,6.598,spread,6,Polling
2025-10-06,academic,margin,pct,5.25,-1.68,13.16,spread,6,Academic
2025-10-07,polling,margin,pct,3.6028,2.119,6.598,spread,6,Polling
2025-10-07,academic,margin,pct,5.2167,-1.68,13.16,spread,6,Academic
2025-10-08,polling,margin,pct,3.5868,2.123,6.598,spread,6,Polling
2025-10-08,academic,margin,pct,5.22,-1.68,13.16,spread,6,Academic
2025-10-09,polling,margin,pct,3.551,1.908,6.598,spread,6,Polling
2025-10-09,academic,margin,pct,5.18,-1.68,13.16,spread,6,Academic
2025-10-10,polling,margin,pct,3.5207,1.726,6.598,spread,6,Polling
2025-10-10,academic,margin,pct,5.1433,-1.68,13.16,spread,6,Academic
2025-10-11,polling,margin,pct,3.5207,1.726,6.598,spread,6,Polling
2025-10-11,academic,margin,pct,5.1433,-1.68,13.16,spread,6,Academic
2025-10-12,polling,margin,pct,3.0283,1.772,6.598,spread,6,Polling
2025-10-12,academic,margin,pct,5.15,-1.68,13.16,spread,6,Academic
2025-10-13,polling,margin,pct,3.1173,2.0,6.598,spread,6,Polling
2025-10-13,academic,margin,pct,5.25,-1.68,13.16,spread,6,Academic
2025-10-14,polling,margin,pct,3.1583,1.7,6.598,spread,6,Polling
2025-10-14,academic,margin,pct,5.2417,-1.68,13.16,spread,6,Academic
2025-10-15,polling,margin,pct,3.227,1.7,6.598,spread,6,Polling
2025-10-15,academic,margin,pct,5.3333,-1.68,13.25,spread,6,Academic
2025-10-16,polling,margin,pct,3.3117,1.9,6.598,spread,6,Polling
2025-10-16,academic,margin,pct,5.315,-1.68,13.25,spread,6,Academic
2025-10-17,polling,margin,pct,3.1783,1.6,6.598,spread,6,Polling
2025-10-17,academic,margin,pct,5.3167,-1.68,13.25,spread,6,Academic
2025-10-18,polling,margin,pct,3.1838,1.6,6.598,spread,6,Polling
2025-10-18,academic,margin,pct,5.3233,-1.68,13.25,spread,6,Academic
2025-10-19,polling,margin,pct,3.2032,1.6,6.598,spread,6,Polling
2025-10-19,academic,margin,pct,5.345,-1.68,13.25,spread,6,Academic
2025-10-20,polling,margin,pct,3.2257,1.6,6.598,spread,6,Polling
2025-10-20,academic,margin,pct,5.3683,-1.68,13.25,spread,6,Academic
2025-10-21,polling,margin,pct,3.3257,1.8,6.598,spread,6,Polling
2025-10-21,academic,margin,pct,5.37,-1.68,13.25,spread,6,Academic
2025-10-22,polling,margin,pct,3.559,2.6,6.598,spread,6,Polling
2025-10-22,academic,margin,pct,5.37,-1.68,13.25,spread,6,Academic
2025-10-23,polling,margin,pct,3.5448,2.6,6.598,spread,6,Polling
2025-10-23,academic,margin,pct,5.3533,-1.68,13.25,spread,6,Academic
2025-10-24,polling,margin,pct,3.5448,2.6,6.598,spread,6,Polling
2025-10-24,academic,margin,pct,5.3533,-1.68,13.25,spread,6,Academic
2025-10-25,polling,margin,pct,3.5448,2.6,6.598,spread,6,Polling
2025-10-25,academic,margin,pct,5.3533,-1.68,13.25,spread,6,Academic
2025-10-26,polling,margin,pct,3.5683,2.6,6.598,spread,6,Polling
2025-10-26,academic,margin,pct,5.3667,-1.68,13.25,spread,6,Academic
2025-10-27,polling,margin,pct,3.5183,2.6,6.598,spread,6,Polling
2025-10-27,academic,margin,pct,5.3283,-1.68,13.25,spread,6,Academic
2025-10-28,polling,margin,pct,3.7132,2.4,6.598,spread,6,Polling
2025-10-28,academic,margin,pct,5.3583,-1.68,13.25,spread,6,Academic
2025-10-29,polling,margin,pct,3.7318,2.4,6.598,spread,6,Polling
2025-10-29,academic,margin,pct,5.3783,-1.68,13.25,spread,6,Academic
2025-10-30,polling,margin,pct,3.5382,2.4,6.598,spread,6,Polling
2025-10-30,academic,margin,pct,5.37,-1.68,13.25,spread,6,Academic
2025-10-31,polling,margin,pct,3.7382,2.7,6.598,spread,6,Polling
2025-10-31,academic,margin,pct,5.3683,-1.68,13.25,spread,6,Academic
2025-11-01,polling,margin,pct,3.7382,2.7,6.598,spread,6,Polling
2025-11-01,academic,margin,pct,5.2833,-1.68,12.75,spread,6,Academic
2025-11-02,polling,margin,pct,3.8245,2.849,6.598,spread,6,Polling
2025-11-02,academic,margin,pct,5.2883,-1.68,12.75,spread,6,Academic
2025-11-03,polling,margin,pct,3.8245,2.849,6.598,spread,6,Polling
2025-11-03,academic,margin,pct,5.29,-1.68,12.75,spread,6,Academic
2025-11-04,polling,margin,pct,3.6865,2.3,6.598,spread,6,Polling
2025-11-04,academic,margin,pct,5.4467,-1.68,12.75,spread,6,Academic
2025-11-05,polling,margin,pct,3.7508,2.3,6.598,spread,6,Polling
2025-11-05,academic,margin,pct,5.455,-1.68,12.92,spread,6,Academic
2025-11-06,polling,margin,pct,3.815,2.3,6.598,spread,6,Polling
2025-11-06,academic,margin,pct,5.505,-1.68,13.01,spread,6,Academic
2025-11-07,polling,margin,pct,3.8817,2.5,6.598,spread,6,Polling
2025-11-07,academic,margin,pct,5.505,-1.68,13.01,spread,6,Academic
2025-11-08,polling,margin,pct,3.8817,2.5,6.598,spread,6,Polling
2025-11-08,academic,margin,pct,5.505,-1.68,13.01,spread,6,Academic
2025-11-09,polling,margin,pct,3.8905,2.5,6.598,spread,6,Polling
2025-11-09,academic,margin,pct,5.5133,-1.68,13.01,spread,6,Academic
2025-11-10,polling,margin,pct,3.9293,2.5,6.598,spread,6,Polling
2025-11-10,academic,margin,pct,5.575,-1.68,13.1,spread,6,Academic
2025-11-11,polling,margin,pct,4.3213,3.23,6.598,spread,6,Polling
2025-11-11,academic,margin,pct,5.58,-1.68,13.18,spread,6,Academic
2025-11-12,polling,margin,pct,4.3142,3.387,6.598,spread,6,Polling
2025-11-12,academic,margin,pct,5.6067,-1.68,13.18,spread,6,Academic
2025-11-13,polling,margin,pct,4.2722,3.4,6.598,spread,6,Polling
2025-11-13,academic,margin,pct,5.6867,-1.68,13.18,spread,6,Academic
2025-11-14,polling,margin,pct,4.4842,3.8,6.598,spread,6,Polling
2025-11-14,academic,margin,pct,5.7233,-1.68,13.18,spread,6,Academic
2025-11-15,polling,margin,pct,4.4842,3.8,6.598,spread,6,Polling
2025-11-15,academic,margin,pct,5.7283,-1.68,13.18,spread,6,Academic
2025-11-16,polling,margin,pct,4.499,3.8,6.598,spread,6,Polling
2025-11-16,academic,margin,pct,5.745,-1.68,13.18,spread,6,Academic
2025-11-17,polling,margin,pct,4.5423,3.8,6.598,spread,6,Polling
2025-11-17,academic,margin,pct,5.775,-1.68,13.18,spread,6,Academic
2025-11-18,polling,margin,pct,4.4168,3.6,6.598,spread,6,Polling
2025-11-18,academic,margin,pct,5.765,-1.68,13.18,spread,6,Academic
2025-11-19,polling,margin,pct,5.0695,4.2,6.598,spread,6,Polling
2025-11-19,academic,margin,pct,5.7683,-1.68,13.18,spread,6,Academic
2025-11-20,polling,margin,pct,5.1003,4.2,6.598,spread,6,Polling
2025-11-20,academic,margin,pct,5.8217,-1.68,13.27,spread,6,Academic
2025-11-21,polling,margin,pct,5.1003,4.2,6.598,spread,6,Polling
2025-11-21,academic,margin,pct,5.82,-1.68,13.27,spread,6,Academic
2025-11-22,polling,margin,pct,5.1003,4.2,6.598,spread,6,Polling
2025-11-22,academic,margin,pct,5.82,-1.68,13.27,spread,6,Academic
2025-11-23,polling,margin,pct,5.0925,4.2,6.598,spread,6,Polling
2025-11-23,academic,margin,pct,5.81,-1.68,13.27,spread,6,Academic
2025-11-24,polling,margin,pct,4.9925,4.2,6.598,spread,6,Polling
2025-11-24,academic,margin,pct,5.79,-1.68,13.27,spread,6,Academic
2025-11-25,polling,margin,pct,5.1063,4.2,6.598,spread,6,Polling
2025-11-25,academic,margin,pct,5.8067,-1.68,13.27,spread,6,Academic
2025-11-26,polling,margin,pct,5.0566,4.2,6.598,spread,7,Polling
2025-11-26,academic,margin,pct,5.82,-1.68,13.27,spread,6,Academic
2025-11-27,polling,margin,pct,5.0483,4.2,6.598,spread,7,Polling
2025-11-27,academic,margin,pct,5.8117,-1.68,13.27,spread,6,Academic
2025-11-28,polling,margin,pct,5.0483,4.2,6.598,spread,7,Polling
2025-11-28,academic,margin,pct,5.8117,-1.68,13.27,spread,6,Academic
2025-11-29,polling,margin,pct,5.0292,4.1,6.598,spread,7,Polling
2025-11-29,academic,margin,pct,5.8217,-1.68,13.36,spread,6,Academic
2025-11-30,polling,margin,pct,5.0196,4.1,6.598,spread,7,Polling
2025-11-30,academic,margin,pct,5.8133,-1.68,13.36,spread,6,Academic
2025-12-01,polling,margin,pct,5.003,4.1,6.598,spread,7,Polling
2025-12-01,academic,margin,pct,5.66,-1.68,12.53,spread,6,Academic
2025-12-02,polling,margin,pct,5.1734,4.2,6.598,spread,7,Polling
2025-12-02,academic,margin,pct,5.6783,-1.68,12.53,spread,6,Academic
2025-12-03,polling,margin,pct,5.158,4.2,6.598,spread,7,Polling
2025-12-03,academic,margin,pct,5.6583,-1.68,12.53,spread,6,Academic
2025-12-04,polling,margin,pct,4.9126,3.39,6.598,spread,7,Polling
2025-12-04,academic,margin,pct,5.5017,-1.68,12.53,spread,6,Academic
2025-12-05,polling,margin,pct,4.8681,3.079,6.598,spread,7,Polling
2025-12-05,academic,margin,pct,5.4583,-1.68,12.61,spread,6,Academic
2025-12-06,polling,margin,pct,4.5539,3.0,6.598,spread,7,Polling
2025-12-06,academic,margin,pct,5.4583,-1.68,12.61,spread,6,Academic
2025-12-07,polling,margin,pct,4.5519,3.0,6.598,spread,7,Polling
2025-12-07,academic,margin,pct,5.475,-1.68,12.61,spread,6,Academic
2025-12-08,polling,margin,pct,4.5389,3.0,6.598,spread,7,Polling
2025-12-08,academic,margin,pct,5.4633,-1.68,12.7,spread,6,Academic
2025-12-09,polling,margin,pct,4.2722,3.074,6.598,spread,7,Polling
2025-12-09,academic,margin,pct,5.4617,-1.68,12.7,spread,6,Academic
2025-12-10,polling,margin,pct,4.2131,2.927,6.598,spread,7,Polling
2025-12-10,academic,margin,pct,5.4367,-1.68,12.7,spread,6,Academic
2025-12-11,polling,margin,pct,4.1771,2.942,6.598,spread,7,Polling
2025-12-11,academic,margin,pct,5.4417,-1.68,12.7,spread,6,Academic
2025-12-12,polling,margin,pct,4.1771,2.942,6.598,spread,7,Polling
2025-12-12,academic,margin,pct,5.4417,-1.68,12.7,spread,6,Academic
2025-12-13,polling,margin,pct,4.1914,2.942,6.598,spread,7,Polling
2025-12-13,academic,margin,pct,5.445,-1.68,12.7,spread,6,Academic
2025-12-14,polling,margin,pct,4.198,2.988,6.598,spread,7,Polling
2025-12-14,academic,margin,pct,5.45,-1.68,12.7,spread,6,Academic
2025-12-15,polling,margin,pct,4.197,2.981,6.598,spread,7,Polling
2025-12-15,academic,margin,pct,5.4617,-1.68,12.79,spread,6,Academic
2025-12-16,polling,margin,pct,4.0211,2.85,6.598,spread,7,Polling
2025-12-16,academic,margin,pct,5.4383,-1.68,12.79,spread,6,Academic
2025-12-17,polling,margin,pct,3.9416,2.8,6.598,spread,7,Polling
2025-12-17,academic,margin,pct,5.46,-1.68,12.88,spread,6,Academic
2025-12-18,polling,margin,pct,3.7559,2.8,6.598,spread,7,Polling
2025-12-18,academic,margin,pct,5.46,-1.68,12.88,spread,6,Academic
2025-12-19,polling,margin,pct,3.839,2.7,6.598,spread,7,Polling
2025-12-19,academic,margin,pct,5.5583,-1.68,12.96,spread,6,Academic
2025-12-20,polling,margin,pct,4.5581,3.3,6.598,spread,7,Polling
2025-12-20,academic,margin,pct,5.5617,-1.68,12.96,spread,6,Academic
2025-12-21,polling,margin,pct,4.6097,3.3,6.598,spread,7,Polling
2025-12-21,academic,margin,pct,5.5667,-1.68,12.96,spread,6,Academic
2025-12-22,polling,margin,pct,4.7211,3.25,6.598,spread,7,Polling
2025-12-22,academic,margin,pct,5.55,-1.68,12.96,spread,6,Academic
2025-12-23,polling,margin,pct,4.7354,3.25,6.598,spread,7,Polling
2025-12-23,academic,margin,pct,5.565,-1.68,13.05,spread,6,Academic
2025-12-24,polling,margin,pct,4.7354,3.25,6.598,spread,7,Polling
2025-12-24,academic,margin,pct,5.565,-1.68,13.05,spread,6,Academic
2025-12-25,polling,margin,pct,4.7643,3.552,6.598,spread,7,Polling
2025-12-25,academic,margin,pct,5.6183,-1.68,13.05,spread,6,Academic
2025-12-26,polling,margin,pct,4.6214,3.552,6.598,spread,7,Polling
2025-12-26,academic,margin,pct,5.6183,-1.68,13.05,spread,6,Academic
2025-12-27,polling,margin,pct,4.6214,3.552,6.598,spread,7,Polling
2025-12-27,academic,margin,pct,5.6183,-1.68,13.05,spread,6,Academic
2025-12-28,polling,margin,pct,4.6156,3.511,6.598,spread,7,Polling
2025-12-28,academic,margin,pct,5.6167,-1.68,13.05,spread,6,Academic
2025-12-29,polling,margin,pct,4.6196,3.539,6.598,spread,7,Polling
2025-12-29,academic,margin,pct,5.6267,-1.68,13.05,spread,6,Academic
2025-12-30,polling,margin,pct,4.6196,3.539,6.598,spread,7,Polling
2025-12-30,academic,margin,pct,5.6267,-1.68,13.05,spread,6,Academic
2025-12-31,polling,margin,pct,4.6334,3.7,6.598,spread,7,Polling
2025-12-31,academic,margin,pct,5.6617,-1.68,13.05,spread,6,Academic
2026-01-01,polling,margin,pct,4.6909,3.8,6.598,spread,7,Polling
2026-01-01,academic,margin,pct,5.7283,-1.68,12.89,spread,6,Academic
2026-01-02,polling,margin,pct,4.6909,3.8,6.598,spread,7,Polling
2026-01-02,academic,margin,pct,5.735,-1.68,12.89,spread,6,Academic
2026-01-03,polling,margin,pct,4.6837,3.8,6.598,spread,7,Polling
2026-01-03,academic,margin,pct,5.7267,-1.68,12.89,spread,6,Academic
2026-01-04,polling,margin,pct,4.9409,4.0,6.598,spread,7,Polling
2026-01-04,academic,margin,pct,5.71,-1.68,12.89,spread,6,Academic
2026-01-05,polling,margin,pct,5.0127,4.0,6.598,spread,7,Polling
2026-01-05,academic,margin,pct,5.8333,-1.68,12.89,spread,6,Academic
2026-01-06,polling,margin,pct,5.009,4.0,6.598,spread,7,Polling
2026-01-06,academic,margin,pct,5.845,-1.68,12.89,spread,6,Academic
2026-01-07,polling,margin,pct,5.0397,4.0,6.598,spread,7,Polling
2026-01-07,academic,margin,pct,5.8267,-1.68,12.97,spread,6,Academic
2026-01-08,polling,margin,pct,4.9851,4.0,6.598,spread,7,Polling
2026-01-08,academic,margin,pct,5.77,-1.68,13.06,spread,6,Academic
2026-01-09,polling,margin,pct,4.9501,3.653,6.598,spread,7,Polling
2026-01-09,academic,margin,pct,5.6333,-1.68,13.06,spread,6,Academic
2026-01-10,polling,margin,pct,4.9501,3.653,6.598,spread,7,Polling
2026-01-10,academic,margin,pct,5.6333,-1.68,13.06,spread,6,Academic
2026-01-11,polling,margin,pct,4.9354,3.55,6.598,spread,7,Polling
2026-01-11,academic,margin,pct,5.6133,-1.68,13.06,spread,6,Academic
2026-01-12,polling,margin,pct,4.8211,3.75,6.598,spread,7,Polling
2026-01-12,academic,margin,pct,5.6517,-1.68,13.06,spread,6,Academic
2026-01-13,polling,margin,pct,4.7934,3.656,6.598,spread,7,Polling
2026-01-13,academic,margin,pct,5.65,-1.68,13.15,spread,6,Academic
2026-01-14,polling,margin,pct,4.8466,4.028,6.598,spread,7,Polling
2026-01-14,academic,margin,pct,5.7183,-1.68,13.15,spread,6,Academic
2026-01-15,polling,margin,pct,4.8329,4.132,6.598,spread,7,Polling
2026-01-15,academic,margin,pct,5.735,-1.68,13.15,spread,6,Academic
2026-01-16,polling,margin,pct,4.5186,3.9,6.598,spread,7,Polling
2026-01-16,academic,margin,pct,5.7333,-1.68,13.15,spread,6,Academic
2026-01-17,polling,margin,pct,4.5247,3.9,6.598,spread,7,Polling
2026-01-17,academic,margin,pct,5.7417,-1.68,13.15,spread,6,Academic
2026-01-18,polling,margin,pct,4.5174,3.9,6.598,spread,7,Polling
2026-01-18,academic,margin,pct,5.7367,-1.68,13.15,spread,6,Academic
2026-01-19,polling,margin,pct,4.5674,3.9,6.598,spread,7,Polling
2026-01-19,academic,margin,pct,5.7483,-1.68,13.15,spread,6,Academic
2026-01-20,polling,margin,pct,4.7197,3.9,6.598,spread,7,Polling
2026-01-20,academic,margin,pct,5.8517,-1.68,13.24,spread,6,Academic
2026-01-21,polling,margin,pct,4.7197,3.9,6.598,spread,7,Polling
2026-01-21,academic,margin,pct,5.8533,-1.68,13.24,spread,6,Academic
2026-01-22,polling,margin,pct,4.9511,4.3,6.598,spread,7,Polling
2026-01-22,academic,margin,pct,5.84,-1.68,13.24,spread,6,Academic
2026-01-23,polling,margin,pct,5.1083,4.3,6.598,spread,7,Polling
2026-01-23,academic,margin,pct,5.8417,-1.68,13.24,spread,6,Academic
2026-01-24,polling,margin,pct,5.1226,4.3,6.598,spread,7,Polling
2026-01-24,academic,margin,pct,5.8417,-1.68,13.24,spread,6,Academic
2026-01-25,polling,margin,pct,5.0661,4.4,6.598,spread,7,Polling
2026-01-25,academic,margin,pct,5.825,-1.68,13.24,spread,6,Academic
2026-01-26,polling,margin,pct,5.0741,4.4,6.598,spread,7,Polling
2026-01-26,academic,margin,pct,5.8383,-1.68,13.24,spread,6,Academic
2026-01-27,polling,margin,pct,5.1173,4.4,6.598,spread,7,Polling
2026-01-27,academic,margin,pct,5.835,-1.68,13.32,spread,6,Academic
2026-01-28,polling,margin,pct,5.0551,4.3,6.598,spread,7,Polling
2026-01-28,academic,margin,pct,5.8433,-1.68,13.32,spread,6,Academic
2026-01-29,polling,margin,pct,5.0633,4.3,6.598,spread,7,Polling
2026-01-29,academic,margin,pct,5.8567,-1.68,13.32,spread,6,Academic
2026-01-30,polling,margin,pct,5.1809,4.4,6.598,spread,7,Polling
2026-01-30,academic,margin,pct,5.87,-1.68,13.32,spread,6,Academic
2026-01-31,polling,margin,pct,5.188,4.4,6.598,spread,7,Polling
2026-01-31,academic,margin,pct,5.87,-1.68,13.32,spread,6,Academic
2026-02-01,polling,margin,pct,5.2587,4.3,6.598,spread,7,Polling
2026-02-01,academic,margin,pct,5.905,-1.68,13.49,spread,6,Academic
2026-02-02,polling,margin,pct,5.2229,4.2,6.598,spread,7,Polling
2026-02-02,academic,margin,pct,5.9183,-1.68,13.49,spread,6,Academic
2026-02-03,polling,margin,pct,5.2494,4.2,6.598,spread,7,Polling
2026-02-03,academic,margin,pct,5.9367,-1.68,13.49,spread,6,Academic
2026-02-04,polling,margin,pct,5.0916,4.1,6.598,spread,7,Polling
2026-02-04,academic,margin,pct,5.915,-1.68,13.58,spread,6,Academic
2026-02-05,polling,margin,pct,5.09,4.1,6.598,spread,7,Polling
2026-02-05,market,margin,pct,7.7938,,,,1,Markets
2026-02-05,academic,margin,pct,5.91,-1.68,13.58,spread,6,Academic
2026-02-06,polling,margin,pct,5.1186,4.1,6.598,spread,7,Polling
2026-02-06,market,margin,pct,7.7938,,,,1,Markets
2026-02-06,academic,margin,pct,5.9233,-1.68,13.66,spread,6,Academic
2026-02-07,polling,margin,pct,5.1167,4.1,6.598,spread,7,Polling
2026-02-07,market,margin,pct,7.7245,,,,1,Markets
2026-02-07,academic,margin,pct,5.92,-1.68,13.66,spread,6,Academic
2026-02-08,polling,margin,pct,5.1354,4.1,6.598,spread,7,Polling
2026-02-08,market,margin,pct,7.7245,,,,1,Markets
2026-02-08,academic,margin,pct,5.9483,-1.68,13.66,spread,6,Academic
2026-02-09,polling,margin,pct,5.1431,4.1,6.598,spread,7,Polling
2026-02-09,market,margin,pct,7.7245,,,,1,Markets
2026-02-09,academic,margin,pct,5.955,-1.68,13.66,spread,6,Academic
2026-02-10,polling,margin,pct,5.1131,4.2,6.598,spread,7,Polling
2026-02-10,market,margin,pct,7.7245,,,,1,Markets
2026-02-10,academic,margin,pct,5.9133,-1.68,13.66,spread,6,Academic
2026-02-11,polling,margin,pct,5.106,4.1,6.598,spread,7,Polling
2026-02-11,market,margin,pct,7.7245,,,,1,Markets
2026-02-11,academic,margin,pct,5.9167,-1.68,13.66,spread,6,Academic
2026-02-12,polling,margin,pct,5.0086,4.0,6.598,spread,7,Polling
2026-02-12,market,margin,pct,7.7245,,,,1,Markets
2026-02-12,academic,margin,pct,5.83,-1.68,13.66,spread,6,Academic
2026-02-13,polling,margin,pct,5.0086,4.0,6.598,spread,7,Polling
2026-02-13,market,margin,pct,7.8172,,,,1,Markets
2026-02-13,academic,margin,pct,5.8317,-1.68,13.66,spread,6,Academic
2026-02-14,polling,margin,pct,4.9943,4.0,6.598,spread,7,Polling
2026-02-14,market,margin,pct,7.8172,,,,1,Markets
2026-02-14,academic,margin,pct,5.8317,-1.68,13.66,spread,6,Academic
2026-02-15,polling,margin,pct,5.0187,4.0,6.598,spread,7,Polling
2026-02-15,market,margin,pct,7.8172,,,,1,Markets
2026-02-15,academic,margin,pct,5.8633,-1.68,13.66,spread,6,Academic
2026-02-16,polling,margin,pct,5.0486,4.0,6.598,spread,7,Polling
2026-02-16,market,margin,pct,7.8757,,,,1,Markets
2026-02-16,academic,margin,pct,5.9,-1.68,13.66,spread,6,Academic
2026-02-17,polling,margin,pct,5.0156,3.5,6.598,spread,7,Polling
2026-02-17,market,margin,pct,4.0526,,,,1,Markets
2026-02-17,academic,margin,pct,5.9033,-1.68,13.66,spread,6,Academic
2026-02-18,polling,margin,pct,5.0513,3.5,6.598,spread,7,Polling
2026-02-18,market,margin,pct,4.0526,,,,1,Markets
2026-02-18,academic,margin,pct,5.9033,-1.68,13.66,spread,6,Academic
2026-02-19,polling,margin,pct,5.077,3.5,6.598,spread,7,Polling
2026-02-19,market,margin,pct,4.0526,,,,1,Markets
2026-02-19,academic,margin,pct,5.9317,-1.68,13.66,spread,6,Academic
2026-02-20,polling,margin,pct,5.2036,4.4,6.598,spread,7,Polling
2026-02-20,market,margin,pct,5.0313,4.0526,6.01,spread,2,Markets
2026-02-20,academic,margin,pct,6.4667,1.36,13.66,spread,6,Academic
2026-02-21,polling,margin,pct,5.1821,4.2,6.598,spread,7,Polling
2026-02-21,market,margin,pct,5.541,4.9207,6.1613,spread,2,Markets
2026-02-21,academic,margin,pct,6.4667,1.36,13.66,spread,6,Academic
2026-02-22,polling,margin,pct,5.2187,4.2,6.598,spread,7,Polling
2026-02-22,market,margin,pct,6.2543,4.8523,7.6564,spread,2,Markets
2026-02-22,academic,margin,pct,6.5167,1.36,13.66,spread,6,Academic
2026-02-23,polling,margin,pct,5.1874,4.2,6.598,spread,7,Polling
2026-02-23,market,margin,pct,6.4443,5.239,7.6495,spread,2,Markets
2026-02-23,academic,margin,pct,6.47,1.36,13.66,spread,6,Academic
2026-02-24,polling,margin,pct,5.4446,4.8,6.598,spread,7,Polling
2026-02-24,market,margin,pct,5.4931,3.3367,7.6495,spread,2,Markets
2026-02-24,academic,margin,pct,6.4667,1.36,13.66,spread,6,Academic
2026-02-25,polling,margin,pct,5.4521,4.8,6.598,spread,7,Polling
2026-02-25,market,margin,pct,5.826,4.0025,7.6495,spread,2,Markets
2026-02-25,academic,margin,pct,6.4767,1.36,13.66,spread,6,Academic
2026-02-26,polling,margin,pct,5.417,4.621,6.598,spread,7,Polling
2026-02-26,market,margin,pct,5.8652,4.0809,7.6495,spread,2,Markets
2026-02-26,academic,margin,pct,6.4333,1.36,13.66,spread,6,Academic
2026-02-27,polling,margin,pct,5.3936,4.507,6.598,spread,7,Polling
2026-02-27,market,margin,pct,5.2631,2.8767,7.6495,spread,2,Markets
2026-02-27,academic,margin,pct,6.4067,1.36,13.66,spread,6,Academic
2026-02-28,polling,margin,pct,5.3721,4.507,6.598,spread,7,Polling
2026-02-28,market,margin,pct,5.3999,3.1503,7.6495,spread,2,Markets
2026-02-28,academic,margin,pct,6.4067,1.36,13.66,spread,6,Academic
2026-03-01,polling,margin,pct,5.3741,4.521,6.598,spread,7,Polling
2026-03-01,market,margin,pct,5.2071,2.7647,7.6495,spread,2,Markets
2026-03-01,academic,margin,pct,6.745,1.36,14.66,spread,6,Academic
2026-03-02,polling,margin,pct,5.3666,4.468,6.598,spread,7,Polling
2026-03-02,market,margin,pct,5.3205,3.0799,7.5612,spread,2,Markets
2026-03-02,academic,margin,pct,6.7517,1.36,14.75,spread,6,Academic
2026-03-03,polling,margin,pct,5.4934,4.356,6.598,spread,7,Polling
2026-03-03,market,margin,pct,3.3727,2.92,3.8253,spread,2,Markets
2026-03-03,academic,margin,pct,6.73,1.36,14.75,spread,6,Academic
2026-03-04,polling,margin,pct,5.4369,4.36,6.598,spread,7,Polling
2026-03-04,market,margin,pct,5.3817,4.187,6.5763,spread,2,Markets
2026-03-04,academic,margin,pct,6.75,1.36,14.84,spread,6,Academic
2026-03-05,polling,margin,pct,5.3154,4.4,6.598,spread,7,Polling
2026-03-05,market,margin,pct,4.1107,3.875,4.3465,spread,2,Markets
2026-03-05,academic,margin,pct,6.78,1.36,14.84,spread,6,Academic
2026-03-06,polling,margin,pct,5.1154,4.4,6.598,spread,7,Polling
2026-03-06,market,margin,pct,4.6395,3.875,5.404,spread,2,Markets
2026-03-06,academic,margin,pct,6.79,1.36,14.93,spread,6,Academic
2026-03-07,polling,margin,pct,5.0726,4.3,6.598,spread,7,Polling
2026-03-07,market,margin,pct,6.5373,5.286,7.7885,spread,2,Markets
2026-03-07,academic,margin,pct,6.79,1.36,14.93,spread,6,Academic
2026-03-08,polling,margin,pct,5.1087,4.4,6.598,spread,7,Polling
2026-03-08,market,margin,pct,6.7695,5.719,7.82,spread,2,Markets
2026-03-08,academic,margin,pct,6.7983,1.36,14.93,spread,6,Academic
2026-03-09,polling,margin,pct,5.0527,4.104,6.598,spread,7,Polling
2026-03-09,market,margin,pct,6.9582,5.4521,8.4643,spread,2,Markets
2026-03-09,academic,margin,pct,6.7333,1.36,14.93,spread,6,Academic
2026-03-10,polling,margin,pct,5.0365,4.224,6.598,spread,7,Polling
2026-03-10,market,margin,pct,5.912,4.4165,7.4074,spread,2,Markets
2026-03-10,academic,margin,pct,6.7567,1.36,14.93,spread,6,Academic
2026-03-11,polling,margin,pct,5.1897,4.13,6.598,spread,7,Polling
2026-03-11,market,margin,pct,5.6326,4.7915,6.4737,spread,2,Markets
2026-03-11,academic,margin,pct,6.7517,1.36,15.01,spread,6,Academic
2026-03-12,polling,margin,pct,5.1747,4.125,6.598,spread,7,Polling
2026-03-12,market,margin,pct,5.6955,4.9173,6.4737,spread,2,Markets
2026-03-12,academic,margin,pct,6.7517,1.36,15.01,spread,6,Academic
2026-03-13,polling,margin,pct,5.1436,3.907,6.598,spread,7,Polling
2026-03-13,market,margin,pct,8.3529,7.7551,8.9506,spread,2,Markets
2026-03-13,academic,margin,pct,6.7133,1.36,15.01,spread,6,Academic
2026-03-14,polling,margin,pct,5.1436,3.907,6.598,spread,7,Polling
2026-03-14,market,margin,pct,6.9449,5.4324,8.4574,spread,2,Markets
2026-03-14,academic,margin,pct,6.7133,1.36,15.01,spread,6,Academic
2026-03-15,polling,margin,pct,5.1357,3.852,6.598,spread,7,Polling
2026-03-15,market,margin,pct,7.227,6.3428,8.1111,spread,2,Markets
2026-03-15,academic,margin,pct,6.705,1.36,15.01,spread,6,Academic
2026-03-16,polling,margin,pct,5.165,4.057,6.598,spread,7,Polling
2026-03-16,market,margin,pct,9.9312,9.5752,10.2871,spread,2,Markets
2026-03-16,academic,margin,pct,6.7467,1.36,15.01,spread,6,Academic
2026-03-17,polling,margin,pct,4.9909,4.3,6.598,spread,7,Polling
2026-03-17,market,margin,pct,8.7823,4.6799,12.8846,spread,2,Markets
2026-03-17,academic,margin,pct,6.835,1.36,15.01,spread,6,Academic
2026-03-18,polling,margin,pct,4.9777,4.3,6.598,spread,7,Polling
2026-03-18,market,margin,pct,6.9269,5.5906,8.2632,spread,2,Markets
2026-03-18,academic,margin,pct,6.8167,1.36,15.01,spread,6,Academic
2026-03-19,polling,margin,pct,4.9943,4.3,6.598,spread,7,Polling
2026-03-19,market,margin,pct,7.5185,5.8716,9.1654,spread,2,Markets
2026-03-19,academic,margin,pct,6.8317,1.36,15.01,spread,6,Academic
2026-03-20,polling,margin,pct,4.9985,4.2,6.598,spread,7,Polling
2026-03-20,market,margin,pct,7.0898,4.1796,10.0,spread,2,Markets
2026-03-20,academic,margin,pct,6.8517,1.36,15.01,spread,6,Academic
2026-03-21,polling,margin,pct,5.089,4.625,6.598,spread,7,Polling
2026-03-21,market,margin,pct,7.3522,5.5698,9.1347,spread,2,Markets
2026-03-21,academic,margin,pct,6.8517,1.36,15.01,spread,6,Academic
2026-03-22,polling,margin,pct,5.0933,4.655,6.598,spread,7,Polling
2026-03-22,market,margin,pct,7.016,4.996,9.036,spread,2,Markets
2026-03-22,academic,margin,pct,6.8567,1.36,15.01,spread,6,Academic
2026-03-23,polling,margin,pct,5.0949,4.666,6.598,spread,7,Polling
2026-03-23,market,margin,pct,7.0168,4.9264,9.1071,spread,2,Markets
2026-03-23,academic,margin,pct,6.8617,1.36,15.01,spread,6,Academic
2026-03-24,polling,margin,pct,5.1268,4.623,6.598,spread,7,Polling
2026-03-24,market,margin,pct,6.927,4.71,9.1441,spread,2,Markets
2026-03-24,academic,margin,pct,6.855,1.36,15.01,spread,6,Academic
2026-03-25,polling,margin,pct,5.1682,4.5667,6.598,spread,7,Polling
2026-03-25,market,margin,pct,6.4725,4.7565,8.1884,spread,2,Markets
2026-03-25,academic,margin,pct,6.8617,1.36,15.01,spread,6,Academic
2026-03-26,polling,margin,pct,5.2263,4.4,6.598,spread,7,Polling
2026-03-26,market,margin,pct,7.4105,5.1795,9.6415,spread,2,Markets
2026-03-26,academic,margin,pct,6.8883,1.36,15.01,spread,6,Academic
2026-03-27,polling,margin,pct,5.2525,4.5,6.598,spread,7,Polling
2026-03-27,market,margin,pct,7.3345,5.0065,9.6625,spread,2,Markets
2026-03-27,academic,margin,pct,6.9033,1.36,15.1,spread,6,Academic
2026-03-28,polling,margin,pct,5.2787,4.6,6.598,spread,7,Polling
2026-03-28,market,margin,pct,7.5329,6.1908,8.875,spread,2,Markets
2026-03-28,academic,margin,pct,6.9,1.36,15.1,spread,6,Academic
2026-03-29,polling,margin,pct,5.312,4.7,6.598,spread,7,Polling
2026-03-29,market,margin,pct,7.2873,6.8098,7.7647,spread,2,Markets
2026-03-29,academic,margin,pct,6.9083,1.36,15.1,spread,6,Academic
2026-03-30,polling,margin,pct,5.3538,4.8,6.598,spread,7,Polling
2026-03-30,market,margin,pct,8.2513,8.1694,8.3333,spread,2,Markets
2026-03-30,academic,margin,pct,6.93,1.36,15.1,spread,6,Academic
2026-03-31,polling,margin,pct,5.3565,4.65,6.598,spread,7,Polling
2026-03-31,market,margin,pct,7.2652,5.9882,8.5423,spread,2,Markets
2026-03-31,academic,margin,pct,6.9333,1.36,15.1,spread,6,Academic
2026-04-01,polling,margin,pct,5.3577,4.5,6.598,spread,7,Polling
2026-04-01,market,margin,pct,8.6898,8.0431,9.3365,spread,2,Markets
2026-04-01,academic,margin,pct,6.9167,1.36,15.43,spread,6,Academic
2026-04-02,polling,margin,pct,5.3726,4.55,6.598,spread,7,Polling
2026-04-02,market,margin,pct,7.2682,6.4429,8.0935,spread,2,Markets
2026-04-02,academic,margin,pct,6.9167,1.36,15.43,spread,6,Academic
2026-04-03,polling,margin,pct,5.4118,4.6,6.598,spread,6,Polling
2026-04-03,market,margin,pct,7.4568,6.9231,7.9906,spread,2,Markets
2026-04-03,academic,margin,pct,6.9183,1.36,15.43,spread,6,Academic
2026-04-04,polling,margin,pct,5.3535,4.375,6.598,spread,6,Polling
2026-04-04,market,margin,pct,7.5026,6.9429,8.0622,spread,2,Markets
2026-04-04,academic,margin,pct,6.9183,1.36,15.43,spread,6,Academic
2026-04-05,polling,margin,pct,5.2543,4.15,6.598,spread,6,Polling
2026-04-05,market,margin,pct,4.1684,0.3661,7.9706,spread,2,Markets
2026-04-05,academic,margin,pct,6.8717,1.36,15.43,spread,6,Academic
2026-04-06,polling,margin,pct,5.1593,3.925,6.598,spread,6,Polling
2026-04-06,market,margin,pct,7.0341,6.0976,7.9706,spread,2,Markets
2026-04-06,academic,margin,pct,6.83,1.36,15.43,spread,6,Academic
2026-04-07,polling,margin,pct,5.0601,3.7,6.598,spread,7,Polling
2026-04-07,market,margin,pct,8.7858,8.4494,9.1222,spread,2,Markets
2026-04-07,academic,margin,pct,6.7383,1.36,15.43,spread,6,Academic
2026-04-08,polling,margin,pct,5.0854,3.75,6.598,spread,7,Polling
2026-04-08,market,margin,pct,8.6596,8.1971,9.1222,spread,2,Markets
2026-04-08,academic,margin,pct,6.7483,1.36,15.43,spread,6,Academic
2026-04-09,polling,margin,pct,5.1049,3.8,6.598,spread,7,Polling
2026-04-09,market,margin,pct,6.3737,5.0895,7.6579,spread,2,Markets
2026-04-09,academic,margin,pct,6.7567,1.36,15.43,spread,6,Academic
2026-04-10,polling,margin,pct,5.1201,3.85,6.598,spread,7,Polling
2026-04-10,market,margin,pct,6.3987,5.0895,7.7079,spread,2,Markets
2026-04-10,academic,margin,pct,6.755,1.36,15.43,spread,6,Academic
2026-04-11,polling,margin,pct,5.1344,3.9,6.598,spread,7,Polling
2026-04-11,market,margin,pct,7.3033,6.9341,7.6725,spread,2,Markets
2026-04-11,academic,margin,pct,6.7583,1.36,15.43,spread,6,Academic
2026-04-12,polling,margin,pct,5.1133,3.7,6.598,spread,7,Polling
2026-04-12,market,margin,pct,5.5869,3.1447,8.0292,spread,2,Markets
2026-04-12,academic,margin,pct,6.815,1.36,15.43,spread,6,Academic
2026-04-13,polling,margin,pct,5.0493,3.5,6.598,spread,7,Polling
2026-04-13,market,margin,pct,7.3335,6.6706,7.9964,spread,2,Markets
2026-04-13,academic,margin,pct,6.81,1.36,15.43,spread,6,Academic
2026-04-14,polling,margin,pct,5.0696,3.5,6.598,spread,7,Polling
2026-04-14,market,margin,pct,7.2628,6.6706,7.8549,spread,2,Markets
2026-04-14,academic,margin,pct,6.84,1.36,15.43,spread,6,Academic
2026-04-15,polling,margin,pct,5.0897,3.5,6.598,spread,7,Polling
2026-04-15,market,margin,pct,7.6791,7.1818,8.1765,spread,2,Markets
2026-04-15,academic,margin,pct,6.8667,1.36,15.43,spread,6,Academic
2026-04-16,polling,margin,pct,5.124,3.5,6.598,spread,7,Polling
2026-04-16,market,margin,pct,7.6008,7.3125,7.8892,spread,2,Markets
2026-04-16,academic,margin,pct,6.9167,1.36,15.43,spread,6,Academic
2026-04-17,polling,margin,pct,5.1204,3.5,6.598,spread,7,Polling
2026-04-17,market,margin,pct,7.0401,6.475,7.6052,spread,2,Markets
2026-04-17,academic,margin,pct,6.9183,1.36,15.43,spread,6,Academic
2026-04-18,polling,margin,pct,5.109,3.5,6.598,spread,7,Polling
2026-04-18,market,margin,pct,6.6082,5.5752,7.6411,spread,2,Markets
2026-04-18,academic,margin,pct,6.9083,1.36,15.43,spread,6,Academic
2026-04-19,polling,margin,pct,5.1224,3.5,6.598,spread,7,Polling
2026-04-19,market,margin,pct,6.6244,5.6572,7.5917,spread,2,Markets
2026-04-19,academic,margin,pct,6.93,1.36,15.43,spread,6,Academic
2026-04-20,polling,margin,pct,5.1539,3.625,6.598,spread,7,Polling
2026-04-20,market,margin,pct,8.0709,7.82,8.3217,spread,2,Markets
2026-04-20,academic,margin,pct,6.9167,1.36,15.43,spread,6,Academic
2026-04-21,polling,margin,pct,5.2039,3.75,6.598,spread,7,Polling
2026-04-21,market,margin,pct,7.8467,7.5561,8.1373,spread,2,Markets
2026-04-21,academic,margin,pct,6.9183,1.36,15.43,spread,6,Academic
2026-04-22,polling,margin,pct,5.2539,3.875,6.598,spread,7,Polling
2026-04-22,market,margin,pct,6.9911,6.5679,7.4144,spread,2,Markets
2026-04-22,academic,margin,pct,6.9183,1.36,15.43,spread,6,Academic
2026-04-23,polling,margin,pct,5.3057,4.0,6.598,spread,7,Polling
2026-04-23,market,margin,pct,6.8159,6.1296,7.5022,spread,2,Markets
2026-04-23,academic,margin,pct,6.92,1.36,15.43,spread,6,Academic
2026-04-24,polling,margin,pct,5.328,4.2,6.598,spread,7,Polling
2026-04-24,market,margin,pct,6.9191,6.0284,7.8097,spread,2,Markets
2026-04-24,academic,margin,pct,6.9183,1.36,15.43,spread,6,Academic
2026-04-25,polling,margin,pct,5.353,4.4,6.598,spread,7,Polling
2026-04-25,market,margin,pct,6.5085,5.9735,7.0435,spread,2,Markets
2026-04-25,academic,margin,pct,6.9183,1.36,15.43,spread,6,Academic
2026-04-26,polling,margin,pct,5.3574,4.4,6.598,spread,7,Polling
2026-04-26,market,margin,pct,6.7572,5.9092,7.6051,spread,2,Markets
2026-04-26,academic,margin,pct,6.92,1.36,15.43,spread,6,Academic
2026-04-27,polling,margin,pct,5.3569,4.4,6.598,spread,7,Polling
2026-04-27,market,margin,pct,6.5603,5.3944,7.7262,spread,2,Markets
2026-04-27,academic,margin,pct,6.9183,1.36,15.43,spread,6,Academic
2026-04-28,polling,margin,pct,5.4497,4.825,6.598,spread,7,Polling
2026-04-28,market,margin,pct,6.9076,5.7255,8.0896,spread,2,Markets
2026-04-28,academic,margin,pct,6.9317,1.36,15.52,spread,6,Academic
2026-04-29,polling,margin,pct,5.5426,4.9,6.598,spread,7,Polling
2026-04-29,market,margin,pct,5.59,3.1384,8.0416,spread,2,Markets
2026-04-29,academic,margin,pct,6.9317,1.36,15.52,spread,6,Academic
2026-04-30,polling,margin,pct,5.6867,4.975,6.598,spread,7,Polling
2026-04-30,market,margin,pct,6.4459,5.7952,7.0965,spread,2,Markets
2026-04-30,academic,margin,pct,6.995,1.32,15.52,spread,6,Academic
2026-05-01,polling,margin,pct,5.7796,5.0,6.598,spread,7,Polling
2026-05-01,market,margin,pct,5.4092,3.6636,7.1547,spread,2,Markets
2026-05-01,academic,margin,pct,7.1867,1.32,16.19,spread,6,Academic
2026-05-02,polling,margin,pct,5.7165,4.95,6.598,spread,7,Polling
2026-05-02,market,margin,pct,6.7145,6.0369,7.3921,spread,2,Markets
2026-05-02,academic,margin,pct,7.1867,1.32,16.19,spread,6,Academic
2026-05-03,polling,margin,pct,5.6057,4.9,6.598,spread,7,Polling
2026-05-03,market,margin,pct,6.803,6.4631,7.1429,spread,2,Markets
2026-05-03,academic,margin,pct,7.125,1.32,16.19,spread,6,Academic
2026-05-04,polling,margin,pct,5.5233,4.79,6.598,spread,7,Polling
2026-05-04,market,margin,pct,6.8758,6.7162,7.0353,spread,2,Markets
2026-05-04,academic,margin,pct,7.0967,1.32,16.19,spread,6,Academic
2026-05-05,polling,margin,pct,5.4659,4.8,6.598,spread,7,Polling
2026-05-05,market,margin,pct,5.9252,5.2032,6.6471,spread,2,Markets
2026-05-05,academic,margin,pct,7.1,1.32,16.19,spread,6,Academic
2026-05-06,polling,margin,pct,5.5282,4.9,6.598,spread,7,Polling
2026-05-06,market,margin,pct,5.2944,4.3574,6.2315,spread,2,Markets
2026-05-06,academic,margin,pct,7.1183,1.32,16.19,spread,6,Academic
2026-05-07,polling,margin,pct,5.6061,4.9,6.598,spread,7,Polling
2026-05-07,market,margin,pct,5.6567,4.7139,6.5996,spread,2,Markets
2026-05-07,academic,margin,pct,7.11,1.32,16.19,spread,6,Academic
2026-05-08,polling,margin,pct,5.6347,5.1,6.598,spread,7,Polling
2026-05-08,market,margin,pct,5.6753,4.7482,6.6024,spread,2,Markets
2026-05-08,academic,margin,pct,7.11,1.32,16.19,spread,6,Academic
2026-05-09,polling,margin,pct,5.6693,5.187,6.598,spread,7,Polling
2026-05-09,market,margin,pct,5.3075,4.0864,6.5286,spread,2,Markets
2026-05-09,academic,margin,pct,7.1167,1.32,16.19,spread,6,Academic
2026-05-10,polling,margin,pct,5.7637,5.048,6.598,spread,7,Polling
2026-05-10,market,margin,pct,5.7656,4.9508,6.5803,spread,2,Markets
2026-05-10,academic,margin,pct,7.09,1.32,16.19,spread,6,Academic
2026-05-11,polling,margin,pct,5.9009,5.208,6.598,spread,7,Polling
2026-05-11,market,margin,pct,5.3091,3.9481,6.6701,spread,2,Markets
2026-05-11,academic,margin,pct,7.1183,1.32,16.19,spread,6,Academic
2026-05-12,polling,margin,pct,6.0151,5.208,6.725,spread,7,Polling
2026-05-12,market,margin,pct,5.2576,3.8477,6.6675,spread,2,Markets
2026-05-12,academic,margin,pct,7.1183,1.32,16.19,spread,6,Academic
2026-05-13,polling,margin,pct,6.1294,5.208,7.2,spread,7,Polling
2026-05-13,market,margin,pct,5.5147,4.332,6.6975,spread,2,Markets
2026-05-13,academic,margin,pct,7.1183,1.32,16.19,spread,6,Academic
2026-05-14,polling,margin,pct,6.12,5.217,6.975,spread,7,Polling
2026-05-14,market,margin,pct,5.8561,5.0658,6.6464,spread,2,Markets
2026-05-14,academic,margin,pct,7.12,1.32,16.19,spread,6,Academic
2026-05-15,polling,margin,pct,6.1423,5.3,6.75,spread,7,Polling
2026-05-15,market,margin,pct,5.9763,5.228,6.7246,spread,2,Markets
2026-05-15,academic,margin,pct,7.18,1.32,16.28,spread,6,Academic
2026-05-16,polling,margin,pct,6.1316,5.3,6.6,spread,7,Polling
2026-05-16,market,margin,pct,6.0195,5.5625,6.4765,spread,2,Markets
2026-05-16,academic,margin,pct,7.18,1.32,16.28,spread,6,Academic
2026-05-17,polling,margin,pct,6.133,5.3,6.6,spread,7,Polling
2026-05-17,market,margin,pct,6.1704,5.5041,6.8366,spread,2,Markets
2026-05-17,academic,margin,pct,7.1967,1.32,16.28,spread,6,Academic
2026-05-18,polling,margin,pct,6.2786,5.35,6.8,spread,7,Polling
2026-05-18,market,margin,pct,6.0334,5.5297,6.5371,spread,2,Markets
2026-05-18,academic,margin,pct,7.24,1.32,16.28,spread,6,Academic
2026-05-19,polling,margin,pct,6.4076,5.4,7.0,spread,7,Polling
2026-05-19,market,margin,pct,6.5315,6.2695,6.7935,spread,2,Markets
2026-05-19,academic,margin,pct,7.2633,1.32,16.28,spread,6,Academic
2026-05-20,polling,margin,pct,6.5106,5.55,7.15,spread,7,Polling
2026-05-20,market,margin,pct,6.549,6.1594,6.9387,spread,2,Markets
2026-05-20,academic,margin,pct,7.3,1.32,16.28,spread,6,Academic
2026-05-21,polling,margin,pct,6.5701,5.7,7.4,spread,7,Polling
2026-05-21,market,margin,pct,6.5782,6.1237,7.0326,spread,2,Markets
2026-05-21,academic,margin,pct,7.2783,1.32,16.28,spread,6,Academic
2026-05-22,polling,margin,pct,6.6208,5.775,7.375,spread,7,Polling
2026-05-22,market,margin,pct,6.5678,6.0239,7.1116,spread,2,Markets
2026-05-22,academic,margin,pct,7.2867,1.32,16.28,spread,6,Academic
2026-05-23,polling,margin,pct,6.6654,5.85,7.4,spread,7,Polling
2026-05-23,market,margin,pct,6.5451,6.1538,6.9365,spread,2,Markets
2026-05-23,academic,margin,pct,7.2867,1.32,16.28,spread,6,Academic
2026-05-24,polling,margin,pct,6.7208,5.925,7.55,spread,7,Polling
2026-05-24,market,margin,pct,6.7707,6.2214,7.32,spread,2,Markets
2026-05-24,academic,margin,pct,7.3,1.32,16.28,spread,6,Academic
2026-05-25,polling,margin,pct,6.8059,6.0,7.7,spread,7,Polling
2026-05-25,market,margin,pct,6.6735,6.2744,7.0726,spread,2,Markets
2026-05-25,academic,margin,pct,7.3567,1.32,16.28,spread,6,Academic
2026-05-26,polling,margin,pct,6.8614,5.994,7.8,spread,7,Polling
2026-05-26,market,margin,pct,6.4183,6.2204,6.6162,spread,2,Markets
2026-05-26,academic,margin,pct,7.2983,1.32,16.28,spread,6,Academic
2026-05-27,polling,margin,pct,6.9441,5.886,7.9,spread,7,Polling
2026-05-27,market,margin,pct,6.563,6.1741,6.9518,spread,2,Markets
2026-05-27,academic,margin,pct,7.2767,1.32,16.28,spread,6,Academic
2026-05-28,polling,margin,pct,6.9882,5.507,8.0,spread,7,Polling
2026-05-28,market,margin,pct,7.0594,6.1106,8.0082,spread,2,Markets
2026-05-28,academic,margin,pct,7.205,1.32,16.28,spread,6,Academic
2026-05-29,polling,margin,pct,7.0864,5.507,8.1,spread,7,Polling
2026-05-29,market,margin,pct,6.6822,6.1354,7.2291,spread,2,Markets
2026-05-29,academic,margin,pct,7.2183,1.32,16.36,spread,6,Academic
2026-05-30,polling,margin,pct,7.1007,5.507,8.1,spread,7,Polling
2026-05-30,market,margin,pct,6.9787,6.136,7.8214,spread,2,Markets
2026-05-30,academic,margin,pct,7.2183,1.32,16.36,spread,6,Academic
2026-05-31,polling,margin,pct,7.1206,5.546,8.1,spread,7,Polling
2026-05-31,market,margin,pct,6.677,6.1562,7.1978,spread,2,Markets
2026-05-31,academic,margin,pct,7.225,1.32,16.36,spread,6,Academic
2026-06-01,polling,margin,pct,6.9961,5.475,7.9,spread,7,Polling
2026-06-01,market,margin,pct,6.4836,6.1967,6.7705,spread,2,Markets
2026-06-01,academic,margin,pct,7.1133,1.32,15.03,spread,6,Academic
2026-06-02,polling,margin,pct,6.9877,5.516,7.9,spread,7,Polling
2026-06-02,market,margin,pct,6.7354,6.1682,7.3026,spread,2,Markets
2026-06-02,academic,margin,pct,7.115,1.32,15.03,spread,6,Academic
2026-06-03,polling,margin,pct,6.8161,5.515,7.6,spread,7,Polling
2026-06-03,market,margin,pct,6.5427,6.2674,6.8181,spread,2,Markets
2026-06-03,academic,margin,pct,7.1083,1.32,15.03,spread,6,Academic
2026-06-04,polling,margin,pct,6.6384,5.471,7.3,spread,7,Polling
2026-06-04,market,margin,pct,6.7961,6.2598,7.3324,spread,2,Markets
2026-06-04,academic,margin,pct,7.1017,1.32,15.03,spread,6,Academic
2026-06-05,polling,margin,pct,6.4343,5.242,7.0,spread,7,Polling
2026-06-05,market,margin,pct,6.7591,6.2653,7.253,spread,2,Markets
2026-06-05,academic,margin,pct,7.0567,1.32,15.03,spread,6,Academic
2026-06-06,polling,margin,pct,6.2619,5.235,6.8,spread,7,Polling
2026-06-06,market,margin,pct,6.5176,6.2394,6.7958,spread,2,Markets
2026-06-06,academic,margin,pct,7.055,1.32,15.03,spread,6,Academic
2026-06-07,polling,margin,pct,6.222,5.106,6.8,spread,7,Polling
2026-06-07,market,margin,pct,6.9375,6.1759,7.699,spread,2,Markets
2026-06-07,academic,margin,pct,7.0233,1.32,15.03,spread,6,Academic
2026-06-08,polling,margin,pct,6.2076,5.155,6.8,spread,7,Polling
2026-06-08,market,margin,pct,6.8479,6.1276,7.5681,spread,2,Markets
2026-06-08,academic,margin,pct,7.0367,1.32,15.03,spread,6,Academic
2026-06-09,polling,margin,pct,6.0336,5.054,6.6833,spread,7,Polling
2026-06-09,market,margin,pct,6.7837,6.1232,7.4442,spread,2,Markets
2026-06-09,academic,margin,pct,7.0167,1.32,15.03,spread,6,Academic
2026-06-10,polling,margin,pct,5.8361,4.788,6.598,spread,7,Polling
2026-06-10,market,margin,pct,6.8179,6.1724,7.4634,spread,2,Markets
2026-06-10,academic,margin,pct,6.965,1.32,15.03,spread,6,Academic
2026-06-11,polling,margin,pct,5.8194,4.788,6.598,spread,7,Polling
2026-06-11,market,margin,pct,6.9605,6.3523,7.5688,spread,2,Markets
2026-06-11,academic,margin,pct,6.965,1.32,15.03,spread,6,Academic
2026-06-12,polling,margin,pct,5.789,4.692,6.598,spread,7,Polling
2026-06-12,market,margin,pct,7.0713,6.3559,7.7866,spread,2,Markets
2026-06-12,academic,margin,pct,6.9483,1.32,15.03,spread,6,Academic
2026-06-13,polling,margin,pct,5.7224,4.692,6.598,spread,7,Polling
2026-06-13,market,margin,pct,7.1013,6.3434,7.8592,spread,2,Markets
2026-06-13,academic,margin,pct,6.9483,1.32,15.03,spread,6,Academic
2026-06-14,polling,margin,pct,5.6654,4.76,6.598,spread,7,Polling
2026-06-14,market,margin,pct,7.1558,6.5852,7.7264,spread,2,Markets
2026-06-14,academic,margin,pct,6.96,1.32,15.03,spread,6,Academic
2026-06-15,polling,margin,pct,5.6389,4.574,6.598,spread,7,Polling
2026-06-15,market,margin,pct,7.208,6.7588,7.6571,spread,2,Markets
2026-06-15,academic,margin,pct,6.9233,1.32,15.03,spread,6,Academic
2026-06-16,polling,margin,pct,5.6797,4.86,6.598,spread,7,Polling
2026-06-16,market,margin,pct,7.1471,6.6119,7.6823,spread,2,Markets
2026-06-16,academic,margin,pct,6.9783,1.32,15.03,spread,6,Academic
2026-06-17,polling,margin,pct,5.6759,4.833,6.598,spread,7,Polling
2026-06-17,market,margin,pct,7.2784,6.8877,7.6691,spread,2,Markets
2026-06-17,academic,margin,pct,6.9733,1.32,15.03,spread,6,Academic
2026-06-18,polling,margin,pct,5.675,4.827,6.598,spread,7,Polling
2026-06-18,market,margin,pct,7.1235,6.674,7.573,spread,2,Markets
2026-06-18,academic,margin,pct,6.9717,1.32,15.03,spread,6,Academic
2026-06-19,polling,margin,pct,5.6083,4.827,6.598,spread,7,Polling
2026-06-19,market,margin,pct,7.0702,6.6656,7.4748,spread,2,Markets
2026-06-19,academic,margin,pct,6.9717,1.32,15.03,spread,6,Academic
2026-06-20,polling,margin,pct,5.5417,4.827,6.598,spread,7,Polling
2026-06-20,market,margin,pct,6.8647,6.6722,7.0573,spread,2,Markets
2026-06-20,academic,margin,pct,6.9783,1.32,15.03,spread,6,Academic
2026-06-21,polling,margin,pct,5.4937,4.958,6.598,spread,7,Polling
2026-06-21,market,margin,pct,6.9773,6.6792,7.2755,spread,2,Markets
2026-06-21,academic,margin,pct,7.0083,1.32,15.03,spread,6,Academic
2026-06-22,polling,margin,pct,5.4425,4.8,6.598,spread,7,Polling
2026-06-22,market,margin,pct,7.0635,6.706,7.421,spread,2,Markets
2026-06-22,academic,margin,pct,7.0267,1.32,15.03,spread,6,Academic
2026-06-23,polling,margin,pct,5.4087,4.8,6.598,spread,7,Polling
2026-06-23,market,margin,pct,6.7289,6.6522,6.8056,spread,2,Markets
2026-06-23,academic,margin,pct,6.9967,1.32,15.03,spread,6,Academic
2026-06-24,polling,margin,pct,5.3923,4.8,6.598,spread,7,Polling
2026-06-24,market,margin,pct,7.0027,6.5454,7.4601,spread,2,Markets
2026-06-24,academic,margin,pct,6.9867,1.32,15.03,spread,6,Academic
2026-06-25,polling,margin,pct,5.433,4.883,6.598,spread,7,Polling
2026-06-25,market,margin,pct,6.9072,6.4874,7.327,spread,2,Markets
2026-06-25,academic,margin,pct,6.9933,1.32,15.03,spread,6,Academic
2026-06-26,polling,margin,pct,5.5037,5.1,6.598,spread,7,Polling
2026-06-26,market,margin,pct,6.9207,6.4722,7.3691,spread,2,Markets
2026-06-26,academic,margin,pct,7.0367,1.32,15.03,spread,6,Academic
2026-06-27,polling,margin,pct,5.5044,5.1,6.598,spread,7,Polling
2026-06-27,market,margin,pct,6.9238,6.4803,7.3674,spread,2,Markets
2026-06-27,academic,margin,pct,7.0383,1.32,15.03,spread,6,Academic
2026-06-28,polling,margin,pct,5.5271,5.1,6.598,spread,7,Polling
2026-06-28,market,margin,pct,6.5062,6.4855,6.5269,spread,2,Markets
2026-06-28,academic,margin,pct,7.0683,1.32,15.03,spread,6,Academic
2026-06-29,polling,margin,pct,5.5161,5.0,6.598,spread,7,Polling
2026-06-29,market,margin,pct,6.4015,6.3147,6.4882,spread,2,Markets
2026-06-29,academic,margin,pct,7.025,1.32,15.03,spread,6,Academic
2026-06-30,polling,margin,pct,5.551,4.8,6.598,spread,7,Polling
2026-06-30,market,margin,pct,7.1219,6.4874,7.7563,spread,2,Markets
2026-06-30,academic,margin,pct,7.045,1.32,15.03,spread,6,Academic
2026-07-01,polling,margin,pct,5.6205,4.9667,6.598,spread,7,Polling
2026-07-01,market,margin,pct,6.9121,6.5461,7.2781,spread,2,Markets
2026-07-01,academic,margin,pct,7.055,1.32,15.03,spread,6,Academic
2026-07-02,polling,margin,pct,5.7122,5.1333,6.598,spread,7,Polling
2026-07-02,market,margin,pct,7.2871,6.5618,8.0124,spread,2,Markets
2026-07-02,academic,margin,pct,7.08,1.32,15.03,spread,6,Academic
2026-07-03,polling,margin,pct,5.7827,5.281,6.598,spread,7,Polling
2026-07-03,market,margin,pct,7.0202,6.5989,7.4415,spread,2,Markets
2026-07-03,academic,margin,pct,7.0817,1.32,15.03,spread,6,Academic
2026-07-04,polling,margin,pct,5.7817,5.274,6.598,spread,7,Polling
2026-07-04,market,margin,pct,6.9178,6.6153,7.2204,spread,2,Markets
2026-07-04,academic,margin,pct,7.075,1.32,15.03,spread,6,Academic
2026-07-05,polling,margin,pct,5.7744,5.223,6.598,spread,7,Polling
2026-07-05,market,margin,pct,6.8072,6.6095,7.005,spread,2,Markets
2026-07-05,academic,margin,pct,7.065,1.32,15.03,spread,6,Academic
2026-07-06,polling,margin,pct,5.77,5.192,6.598,spread,7,Polling
2026-07-06,market,margin,pct,6.516,6.4937,6.5384,spread,2,Markets
2026-07-06,academic,margin,pct,6.9417,1.32,15.03,spread,6,Academic
2026-07-07,polling,margin,pct,5.7517,5.064,6.598,spread,7,Polling
2026-07-07,market,margin,pct,6.6841,6.492,6.8762,spread,2,Markets
2026-07-07,academic,margin,pct,6.915,1.32,15.03,spread,6,Academic
2026-07-08,polling,margin,pct,5.7587,5.113,6.598,spread,7,Polling
2026-07-08,market,margin,pct,6.8141,6.4718,7.1565,spread,2,Markets
2026-07-08,academic,margin,pct,6.925,1.32,15.03,spread,6,Academic
2026-07-09,polling,margin,pct,5.7623,5.113,6.598,spread,7,Polling
2026-07-09,market,margin,pct,6.7372,6.4525,7.022,spread,2,Markets
2026-07-09,academic,margin,pct,6.925,1.32,15.03,spread,6,Academic
2026-07-10,polling,margin,pct,5.7473,4.983,6.598,spread,7,Polling
2026-07-10,market,margin,pct,6.9516,6.4776,7.4255,spread,2,Markets
2026-07-10,academic,margin,pct,6.9083,1.32,15.03,spread,6,Academic
2026-07-11,polling,margin,pct,5.7509,4.983,6.598,spread,7,Polling
2026-07-11,market,margin,pct,6.6879,6.4742,6.9017,spread,2,Markets
2026-07-11,academic,margin,pct,6.9083,1.32,15.03,spread,6,Academic
2026-07-12,polling,margin,pct,5.7223,4.758,6.598,spread,7,Polling
2026-07-12,market,margin,pct,5.1472,3.8235,6.471,spread,2,Markets
2026-07-12,academic,margin,pct,6.8683,1.32,15.03,spread,6,Academic
2026-07-13,polling,margin,pct,5.6866,4.508,6.598,spread,7,Polling
2026-07-13,market,margin,pct,7.0838,6.5148,7.6529,spread,2,Markets
2026-07-13,academic,margin,pct,6.8217,1.32,15.03,spread,6,Academic
2026-07-14,polling,margin,pct,5.6827,4.481,6.598,spread,7,Polling
2026-07-14,market,margin,pct,5.7481,4.9633,6.5328,spread,2,Markets
2026-07-14,academic,margin,pct,6.8117,1.32,15.03,spread,6,Academic
2026-07-15,polling,margin,pct,5.6827,4.481,6.598,spread,7,Polling
2026-07-15,market,margin,pct,6.4049,5.907,6.9028,spread,2,Markets
2026-07-15,academic,margin,pct,6.8117,1.32,15.03,spread,6,Academic
2026-07-16,polling,margin,pct,5.6827,4.481,6.598,spread,7,Polling
2026-07-16,market,margin,pct,6.9589,6.925,6.9928,spread,2,Markets
2026-07-16,academic,margin,pct,6.8133,1.32,15.03,spread,6,Academic
2026-07-17,polling,margin,pct,5.6881,4.519,6.598,spread,7,Polling
2026-07-17,market,margin,pct,7.1647,6.9887,7.3408,spread,2,Markets
2026-07-17,academic,margin,pct,6.8167,1.32,15.03,spread,6,Academic
2026-07-18,polling,margin,pct,5.6881,4.519,6.598,spread,7,Polling
2026-07-18,market,margin,pct,6.85,6.7135,6.9866,spread,2,Markets
2026-07-18,academic,margin,pct,6.8167,1.32,15.03,spread,6,Academic
2026-07-19,polling,margin,pct,5.3438,3.95,6.598,spread,7,Polling
2026-07-19,market,margin,pct,4.6885,2.377,7.0,spread,2,Markets
2026-07-19,academic,margin,pct,6.7933,1.32,15.03,spread,6,Academic
2026-07-20,polling,margin,pct,5.1388,3.0,6.598,spread,7,Polling
2026-07-20,market,margin,pct,7.0014,6.9641,7.0386,spread,2,Markets
2026-07-20,academic,margin,pct,6.97,1.32,15.03,spread,6,Academic
2026-07-21,polling,margin,pct,5.228,3.375,6.598,spread,7,Polling
2026-07-21,market,margin,pct,7.2137,7.0302,7.3972,spread,2,Markets
2026-07-21,academic,margin,pct,6.9533,1.32,15.12,spread,6,Academic
2026-07-22,polling,margin,pct,5.3657,3.75,6.598,spread,7,Polling
2026-07-22,market,margin,pct,7.1973,7.0543,7.3402,spread,2,Markets
2026-07-22,academic,margin,pct,6.985,1.32,15.12,spread,6,Academic
2026-07-23,polling,margin,pct,5.4596,4.125,6.598,spread,7,Polling
2026-07-23,market,margin,pct,7.1733,6.9962,7.3504,spread,2,Markets
2026-07-23,academic,margin,pct,6.96,1.32,15.12,spread,6,Academic
2026-07-24,polling,margin,pct,5.582,4.5,6.598,spread,7,Polling
2026-07-24,market,margin,pct,7.1748,6.9635,7.3861,spread,2,Markets
2026-07-24,academic,margin,pct,6.97,1.32,15.12,spread,6,Academic
2026-07-25,polling,margin,pct,5.5729,4.3667,6.598,spread,7,Polling
2026-07-25,market,margin,pct,7.096,6.9635,7.2284,spread,2,Markets
2026-07-25,academic,margin,pct,6.97,1.32,15.12,spread,6,Academic
2026-07-26,polling,margin,pct,5.5602,4.2333,6.598,spread,7,Polling
2026-07-26,market,margin,pct,7.154,6.9729,7.3352,spread,2,Markets
2026-07-26,academic,margin,pct,6.9617,1.32,15.12,spread,6,Academic
2026-07-27,polling,margin,pct,5.5821,4.1,6.598,spread,7,Polling
2026-07-27,market,margin,pct,7.1822,7.0748,7.2897,spread,2,Markets
2026-07-27,academic,margin,pct,7.01,1.32,15.12,spread,6,Academic
2026-07-28,polling,margin,pct,5.585,4.1,6.598,spread,7,Polling
2026-07-28,market,margin,pct,7.2544,7.2102,7.2986,spread,2,Markets
2026-07-28,academic,margin,pct,7.0167,1.32,15.12,spread,6,Academic
2026-07-29,polling,margin,pct,5.6091,4.2,6.598,spread,7,Polling
2026-07-29,market,margin,pct,7.5183,7.3614,7.6751,spread,2,Markets
2026-07-29,academic,margin,pct,7.0167,1.32,15.12,spread,6,Academic
2026-07-30,polling,margin,pct,5.6306,4.3,6.598,spread,7,Polling
2026-07-30,market,margin,pct,7.3679,7.3142,7.4216,spread,2,Markets
2026-07-30,academic,margin,pct,7.0167,1.32,15.12,spread,6,Academic
2026-07-31,polling,margin,pct,5.8683,4.8,6.598,spread,7,Polling
2026-07-31,market,margin,pct,7.4104,7.3218,7.4991,spread,2,Markets
2026-07-31,academic,margin,pct,7.1167,1.78,15.12,spread,6,Academic
2026-08-01,polling,margin,pct,6.0897,5.3,6.7,spread,7,Polling
2026-08-01,market,margin,pct,7.3822,7.2773,7.4872,spread,2,Markets
2026-08-01,academic,margin,pct,7.1033,1.78,15.12,spread,6,Academic
2026-08-02,polling,margin,pct,6.3,5.752,6.7,spread,7,Polling
2026-08-02,market,margin,pct,7.3872,7.2812,7.4932,spread,2,Markets
2026-08-02,academic,margin,pct,7.145,1.78,15.12,spread,6,Academic
2026-08-03,polling,margin,pct,6.5043,5.932,6.9,spread,7,Polling
2026-08-03,market,margin,pct,7.4419,7.3924,7.4913,spread,2,Markets
2026-08-03,academic,margin,pct,7.175,1.78,15.12,spread,6,Academic
2026-08-04,polling,margin,pct,6.5301,5.996,7.05,spread,7,Polling
2026-08-04,market,margin,pct,7.5266,7.3763,7.6768,spread,2,Markets
2026-08-04,academic,margin,pct,7.1867,1.78,15.12,spread,6,Academic
2026-08-05,polling,margin,pct,6.5742,6.1,7.2,spread,7,Polling
2026-08-05,market,margin,pct,7.5229,7.4197,7.6261,spread,2,Markets
2026-08-05,academic,margin,pct,7.235,1.78,15.21,spread,6,Academic
2026-08-06,polling,margin,pct,6.598,6.188,7.15,spread,7,Polling
2026-08-06,market,margin,pct,7.6239,7.5568,7.691,spread,2,Markets
2026-08-06,academic,margin,pct,7.235,1.78,15.21,spread,6,Academic
2026-08-07,polling,margin,pct,6.611,6.112,7.1,spread,7,Polling
2026-08-07,market,margin,pct,7.574,7.4223,7.7258,spread,2,Markets
2026-08-07,academic,margin,pct,7.225,1.78,15.21,spread,6,Academic
2026-08-08,polling,margin,pct,6.6348,6.112,7.05,spread,7,Polling
2026-08-08,market,margin,pct,7.6286,7.444,7.8131,spread,2,Markets
2026-08-08,academic,margin,pct,7.225,1.78,15.21,spread,6,Academic
2026-08-09,polling,margin,pct,6.6837,6.288,7.0,spread,7,Polling
2026-08-09,market,margin,pct,7.654,7.4706,7.8374,spread,2,Markets
2026-08-09,academic,margin,pct,7.26,1.78,15.21,spread,6,Academic
2026-08-10,polling,margin,pct,6.5726,5.51,7.0,spread,7,Polling
2026-08-10,market,margin,pct,7.6751,7.456,7.8941,spread,2,Markets
2026-08-10,academic,margin,pct,7.0967,1.78,15.21,spread,6,Academic
2026-08-11,polling,margin,pct,6.6011,5.71,7.0,spread,7,Polling
2026-08-11,market,margin,pct,7.6696,7.3676,7.9716,spread,2,Markets
2026-08-11,academic,margin,pct,7.1617,1.78,15.21,spread,6,Academic
2026-08-12,polling,margin,pct,6.5689,5.484,7.0,spread,7,Polling
2026-08-12,market,margin,pct,7.6408,7.3861,7.8954,spread,2,Markets
2026-08-12,academic,margin,pct,7.1283,1.78,15.21,spread,6,Academic
2026-08-13,polling,margin,pct,6.5689,5.484,7.0,spread,7,Polling
2026-08-13,market,margin,pct,7.6181,7.3731,7.8631,spread,2,Markets
2026-08-13,academic,margin,pct,7.125,1.78,15.21,spread,6,Academic
2026-08-14,polling,margin,pct,6.5069,5.4,6.95,spread,7,Polling
2026-08-14,market,margin,pct,8.0445,7.3848,8.7042,spread,2,Markets
2026-08-14,academic,margin,pct,7.1117,1.78,15.21,spread,6,Academic
2026-08-15,polling,margin,pct,6.4569,5.4,6.9,spread,7,Polling
2026-08-15,market,margin,pct,7.5788,7.3407,7.8169,spread,2,Markets
2026-08-15,academic,margin,pct,7.1133,1.78,15.21,spread,6,Academic
2026-08-16,polling,margin,pct,6.4177,5.476,6.85,spread,7,Polling
2026-08-16,market,margin,pct,7.5593,7.2022,7.9163,spread,2,Markets
2026-08-16,academic,margin,pct,7.1217,1.78,15.21,spread,6,Academic
2026-08-17,polling,margin,pct,6.3659,5.463,6.8,spread,7,Polling
2026-08-17,market,margin,pct,7.6102,7.36,7.8604,spread,2,Markets
2026-08-17,academic,margin,pct,7.1167,1.78,15.21,spread,6,Academic
2026-08-18,polling,margin,pct,6.3659,5.463,6.8,spread,7,Polling
2026-08-18,market,margin,pct,7.5727,7.2731,7.8722,spread,2,Markets
2026-08-18,academic,margin,pct,7.1167,1.78,15.21,spread,6,Academic
2026-08-19,polling,margin,pct,6.3659,5.463,6.8,spread,7,Polling
2026-08-19,market,margin,pct,7.6872,7.3593,8.0151,spread,2,Markets
2026-08-19,academic,margin,pct,7.1217,1.78,15.21,spread,6,Academic
2026-08-20,polling,margin,pct,6.3476,5.463,6.8,spread,7,Polling
2026-08-20,market,margin,pct,7.7597,7.4651,8.0543,spread,2,Markets
2026-08-20,academic,margin,pct,7.1217,1.78,15.21,spread,6,Academic
2026-08-21,polling,margin,pct,6.1661,5.463,6.5,spread,7,Polling
2026-08-21,market,margin,pct,7.7204,7.6082,7.8327,spread,2,Markets
2026-08-21,academic,margin,pct,7.1217,1.78,15.21,spread,6,Academic
2026-08-22,polling,margin,pct,6.1661,5.463,6.5,spread,7,Polling
2026-08-22,market,margin,pct,7.6729,7.6382,7.7075,spread,2,Markets
2026-08-22,academic,margin,pct,7.1217,1.78,15.21,spread,6,Academic
2026-08-23,polling,margin,pct,6.177,5.539,6.5,spread,7,Polling
2026-08-23,market,margin,pct,7.6972,7.6292,7.7652,spread,2,Markets
2026-08-23,academic,margin,pct,7.1233,1.78,15.21,spread,6,Academic
2026-08-24,polling,margin,pct,6.1961,5.668,6.505,spread,7,Polling
2026-08-24,market,margin,pct,7.7034,7.593,7.8137,spread,2,Markets
2026-08-24,academic,margin,pct,7.1483,1.78,15.21,spread,6,Academic
2026-08-25,polling,margin,pct,6.232,5.841,6.583,spread,7,Polling
2026-08-25,market,margin,pct,7.6829,7.58,7.7857,spread,2,Markets
2026-08-25,academic,margin,pct,7.3967,1.78,16.26,spread,6,Academic
2026-08-26,polling,margin,pct,6.198,5.519,6.667,spread,7,Polling
2026-08-26,market,margin,pct,7.5901,7.4448,7.7354,spread,2,Markets
2026-08-26,academic,margin,pct,7.3733,1.78,16.26,spread,6,Academic
2026-08-27,polling,margin,pct,6.0863,5.519,6.485,spread,7,Polling
2026-08-27,market,margin,pct,7.65,7.5465,7.7534,spread,2,Markets
2026-08-27,academic,margin,pct,7.19,1.78,15.21,spread,6,Academic
2026-08-28,polling,margin,pct,6.1051,5.65,6.486,spread,7,Polling
2026-08-28,market,margin,pct,7.6284,7.516,7.7409,spread,2,Markets
2026-08-28,academic,margin,pct,7.165,1.78,15.21,spread,6,Academic
2026-08-29,polling,margin,pct,6.0937,5.65,6.406,spread,7,Polling
2026-08-29,market,margin,pct,7.6621,7.5191,7.8051,spread,2,Markets
2026-08-29,academic,margin,pct,7.1583,1.78,15.21,spread,6,Academic
2026-08-30,polling,margin,pct,6.1086,5.753,6.407,spread,7,Polling
2026-08-30,market,margin,pct,7.8453,7.7983,7.8924,spread,2,Markets
2026-08-30,academic,margin,pct,7.1617,1.78,15.21,spread,6,Academic
2026-08-31,polling,margin,pct,6.2907,5.964,6.471,spread,7,Polling
2026-08-31,market,margin,pct,7.7562,7.7549,7.7575,spread,2,Markets
2026-08-31,academic,margin,pct,7.35,1.78,16.26,spread,6,Academic
2026-09-01,polling,margin,pct,6.2467,5.494,6.633,spread,7,Polling
2026-09-01,market,margin,pct,7.5824,7.5592,7.6057,spread,2,Markets
2026-09-01,academic,margin,pct,7.3433,1.78,16.27,spread,6,Academic
2026-09-02,polling,margin,pct,6.235,5.494,6.551,spread,7,Polling
2026-09-02,market,margin,pct,7.521,7.4812,7.5607,spread,2,Markets
2026-09-02,academic,margin,pct,7.3667,1.78,16.31,spread,6,Academic
2026-09-03,polling,margin,pct,6.1214,5.053,6.4,spread,7,Polling
2026-09-03,market,margin,pct,7.5235,7.4676,7.5793,spread,2,Markets
2026-09-03,academic,margin,pct,7.3433,1.78,16.31,spread,6,Academic
2026-09-04,polling,margin,pct,6.1344,5.053,6.4,spread,7,Polling
2026-09-04,market,margin,pct,7.509,7.3918,7.6262,spread,2,Markets
2026-09-04,academic,margin,pct,7.525,1.78,16.32,spread,6,Academic
2026-09-05,polling,margin,pct,6.0579,5.217,6.4,spread,7,Polling
2026-09-05,market,margin,pct,7.5145,7.4217,7.6072,spread,2,Markets
2026-09-05,academic,margin,pct,7.525,1.78,16.32,spread,6,Academic
2026-09-06,polling,margin,pct,6.0714,5.312,6.4,spread,7,Polling
2026-09-06,market,margin,pct,7.5073,7.4298,7.5848,spread,2,Markets
2026-09-06,academic,margin,pct,7.57,1.78,16.32,spread,6,Academic
2026-09-07,polling,margin,pct,6.0753,5.192,7.0,spread,7,Polling
2026-09-07,market,margin,pct,7.6058,7.5342,7.6774,spread,2,Markets
2026-09-07,academic,margin,pct,7.5683,1.78,16.3,spread,6,Academic
2026-09-08,polling,margin,pct,6.0677,5.108,7.0,spread,7,Polling
2026-09-08,market,margin,pct,7.6501,7.5926,7.7076,spread,2,Markets
2026-09-08,academic,margin,pct,7.6033,1.78,16.3,spread,6,Academic
2026-09-09,polling,margin,pct,6.1763,5.492,7.0,spread,7,Polling
2026-09-09,market,margin,pct,7.6724,7.6629,7.6819,spread,2,Markets
2026-09-09,academic,margin,pct,7.6733,1.78,16.36,spread,6,Academic
2026-09-10,polling,margin,pct,6.2109,5.492,7.0,spread,7,Polling
2026-09-10,market,margin,pct,7.5948,7.5612,7.6284,spread,2,Markets
2026-09-10,academic,margin,pct,7.7167,1.78,16.36,spread,6,Academic
2026-09-11,polling,margin,pct,6.6127,5.8,7.6,spread,7,Polling
2026-09-11,market,margin,pct,7.6044,7.5679,7.6409,spread,2,Markets
2026-09-11,academic,margin,pct,7.7467,1.78,16.28,spread,6,Academic
2026-09-12,polling,margin,pct,6.7414,6.15,7.6,spread,7,Polling
2026-09-12,market,margin,pct,7.6259,7.6259,7.6259,spread,2,Markets
2026-09-12,academic,margin,pct,7.7467,1.78,16.28,spread,6,Academic
2026-09-13,polling,margin,pct,6.7657,6.32,7.4,spread,7,Polling
2026-09-13,market,margin,pct,7.6607,7.6465,7.6749,spread,2,Markets
2026-09-13,academic,margin,pct,7.7633,1.78,16.28,spread,6,Academic
2026-09-14,polling,margin,pct,6.7823,6.407,7.4,spread,7,Polling
2026-09-14,market,margin,pct,7.7454,7.6197,7.8712,spread,2,Markets
2026-09-14,academic,margin,pct,7.8,1.78,16.45,spread,6,Academic
2026-09-15,polling,margin,pct,7.2949,6.7,8.1,spread,7,Polling
2026-09-15,market,margin,pct,7.7686,7.5585,7.9786,spread,2,Markets
2026-09-15,academic,margin,pct,7.825,1.78,16.41,spread,6,Academic
2026-09-16,polling,margin,pct,7.6299,7.039,8.6,spread,7,Polling
2026-09-16,market,margin,pct,7.7386,7.5582,7.9189,spread,2,Markets
2026-09-16,academic,margin,pct,7.6983,1.78,15.82,spread,6,Academic
2026-09-17,polling,margin,pct,7.8914,7.2,8.7,spread,7,Polling
2026-09-17,market,margin,pct,7.8316,7.5869,8.0763,spread,2,Markets
2026-09-17,academic,margin,pct,7.7083,1.78,15.83,spread,6,Academic
2026-09-18,polling,margin,pct,7.8367,7.2,8.6,spread,7,Polling
2026-09-18,market,margin,pct,8.0301,7.7292,8.3311,spread,2,Markets
2026-09-18,academic,margin,pct,7.7517,1.78,15.83,spread,6,Academic
2026-09-19,polling,margin,pct,7.9036,7.2,8.6,spread,7,Polling
2026-09-19,market,margin,pct,8.295,8.054,8.536,spread,2,Markets
2026-09-19,academic,margin,pct,7.7817,1.78,15.83,spread,6,Academic
2026-09-20,polling,margin,pct,7.853,7.2,8.524,spread,7,Polling
2026-09-20,market,margin,pct,8.0793,7.7022,8.4565,spread,2,Markets
2026-09-20,academic,margin,pct,7.79,1.78,15.83,spread,6,Academic
2026-09-21,polling,margin,pct,7.8384,7.2,8.377,spread,7,Polling
2026-09-21,market,margin,pct,8.2317,7.9513,8.5121,spread,2,Markets
2026-09-21,academic,margin,pct,7.8267,1.78,15.85,spread,6,Academic
2026-09-22,polling,margin,pct,8.1114,7.5,8.933,spread,7,Polling
2026-09-22,market,margin,pct,8.2623,7.9103,8.6144,spread,2,Markets
2026-09-22,academic,margin,pct,7.9017,1.78,15.82,spread,6,Academic
2026-09-23,polling,margin,pct,8.1431,7.5,8.957,spread,7,Polling
2026-09-23,market,margin,pct,8.4777,8.131,8.8244,spread,2,Markets
2026-09-23,academic,margin,pct,7.4683,1.05,15.08,spread,6,Academic
2026-09-24,polling,margin,pct,8.2607,7.7,9.088,spread,7,Polling
2026-09-24,market,margin,pct,8.4907,8.0728,8.9086,spread,2,Markets
2026-09-24,academic,margin,pct,7.4767,1.05,15.07,spread,6,Academic
2026-09-25,polling,margin,pct,8.2437,7.6,9.018,spread,7,Polling
2026-09-25,market,margin,pct,8.5036,8.1146,8.8925,spread,2,Markets
2026-09-25,academic,margin,pct,7.4983,1.05,15.06,spread,6,Academic
2026-09-26,polling,margin,pct,8.2581,7.7,9.019,spread,7,Polling
2026-09-26,market,margin,pct,8.5137,8.0904,8.9371,spread,2,Markets
2026-09-26,academic,margin,pct,7.4983,1.05,15.06,spread,6,Academic
2026-09-27,polling,margin,pct,8.2557,7.7,9.019,spread,7,Polling
2026-09-27,market,margin,pct,8.5197,8.1209,8.9184,spread,2,Markets
2026-09-27,academic,margin,pct,7.505,1.05,15.06,spread,6,Academic
2026-09-28,polling,margin,pct,8.2817,7.7,9.019,spread,6,Polling
2026-09-28,market,margin,pct,8.4983,8.1766,8.8199,spread,2,Markets
2026-09-28,academic,margin,pct,7.51,1.05,15.04,spread,6,Academic
2026-09-29,polling,margin,pct,8.4638,7.9,9.317,spread,6,Polling
2026-09-29,market,margin,pct,8.652,8.2904,9.0137,spread,2,Markets
2026-09-29,academic,margin,pct,7.515,1.06,15.04,spread,6,Academic
2026-09-30,polling,margin,pct,8.2367,7.7,9.123,spread,6,Polling
2026-09-30,market,margin,pct,8.5882,8.3321,8.8443,spread,2,Markets
2026-09-30,academic,margin,pct,7.7067,1.78,15.72,spread,6,Academic
2026-10-01,polling,margin,pct,8.2203,7.8,9.005,spread,6,Polling
2026-10-01,market,margin,pct,8.4397,8.1876,8.6917,spread,2,Markets
2026-10-01,academic,margin,pct,7.6933,1.78,15.72,spread,6,Academic
2026-10-02,polling,margin,pct,8.1527,7.7,8.866,spread,6,Polling
2026-10-02,market,margin,pct,7.8891,7.471,8.3071,spread,2,Markets
2026-10-02,academic,margin,pct,7.7517,1.78,15.73,spread,6,Academic
2026-10-03,polling,margin,pct,8.1443,7.7,8.879,spread,6,Polling
2026-10-03,market,margin,pct,7.8258,7.4742,8.1774,spread,2,Markets
2026-10-03,academic,margin,pct,7.755,1.78,15.74,spread,6,Academic
2026-10-04,polling,margin,pct,8.163,7.7,8.899,spread,6,Polling
2026-10-04,market,margin,pct,8.3413,7.5686,8.8636,spread,3,Markets
2026-10-04,academic,margin,pct,7.8733,1.78,15.78,spread,6,Academic
2025-01-20,polling,senate_prob,prob,0.0944,0.0075,0.1426,spread,5,Polling
2025-01-20,academic,senate_prob,prob,0.1964,0.0264,0.474,spread,6,Academic
2025-01-21,polling,senate_prob,prob,0.0944,0.0075,0.1426,spread,5,Polling
2025-01-21,academic,senate_prob,prob,0.1982,0.0264,0.474,spread,6,Academic
2025-01-22,polling,senate_prob,prob,0.0944,0.0075,0.1426,spread,5,Polling
2025-01-22,academic,senate_prob,prob,0.1977,0.0264,0.474,spread,6,Academic
2025-01-23,polling,senate_prob,prob,0.0944,0.0075,0.1426,spread,5,Polling
2025-01-23,academic,senate_prob,prob,0.1973,0.0264,0.474,spread,6,Academic
2025-01-24,polling,senate_prob,prob,0.0944,0.0075,0.1426,spread,5,Polling
2025-01-24,academic,senate_prob,prob,0.1974,0.0264,0.474,spread,6,Academic
2025-01-25,polling,senate_prob,prob,0.0944,0.0075,0.1426,spread,5,Polling
2025-01-25,academic,senate_prob,prob,0.1974,0.0264,0.474,spread,6,Academic
2025-01-26,polling,senate_prob,prob,0.0953,0.0123,0.1426,spread,5,Polling
2025-01-26,academic,senate_prob,prob,0.2038,0.0264,0.474,spread,6,Academic
2025-01-27,polling,senate_prob,prob,0.0945,0.0081,0.1426,spread,5,Polling
2025-01-27,academic,senate_prob,prob,0.1983,0.0264,0.474,spread,6,Academic
2025-01-28,polling,senate_prob,prob,0.0945,0.0081,0.1426,spread,5,Polling
2025-01-28,academic,senate_prob,prob,0.1882,0.0264,0.474,spread,6,Academic
2025-01-29,polling,senate_prob,prob,0.0945,0.0081,0.1426,spread,5,Polling
2025-01-29,academic,senate_prob,prob,0.1882,0.0264,0.474,spread,6,Academic
2025-01-30,polling,senate_prob,prob,0.0945,0.0081,0.1426,spread,5,Polling
2025-01-30,academic,senate_prob,prob,0.1882,0.0264,0.474,spread,6,Academic
2025-01-31,polling,senate_prob,prob,0.0945,0.0081,0.1426,spread,5,Polling
2025-01-31,academic,senate_prob,prob,0.1883,0.0264,0.474,spread,6,Academic
2025-02-01,polling,senate_prob,prob,0.0951,0.0112,0.1426,spread,5,Polling
2025-02-01,academic,senate_prob,prob,0.1927,0.0264,0.474,spread,6,Academic
2025-02-02,polling,senate_prob,prob,0.0954,0.0124,0.1426,spread,5,Polling
2025-02-02,academic,senate_prob,prob,0.1939,0.0264,0.474,spread,6,Academic
2025-02-03,polling,senate_prob,prob,0.0954,0.0124,0.1426,spread,5,Polling
2025-02-03,academic,senate_prob,prob,0.1939,0.0264,0.474,spread,6,Academic
2025-02-04,polling,senate_prob,prob,0.0954,0.0124,0.1426,spread,5,Polling
2025-02-04,academic,senate_prob,prob,0.1939,0.0264,0.474,spread,6,Academic
2025-02-05,polling,senate_prob,prob,0.0957,0.0141,0.1426,spread,5,Polling
2025-02-05,academic,senate_prob,prob,0.196,0.0264,0.474,spread,6,Academic
2025-02-06,polling,senate_prob,prob,0.0974,0.0226,0.1426,spread,5,Polling
2025-02-06,academic,senate_prob,prob,0.204,0.0264,0.474,spread,6,Academic
2025-02-07,polling,senate_prob,prob,0.0974,0.0226,0.1426,spread,5,Polling
2025-02-07,academic,senate_prob,prob,0.2039,0.0264,0.474,spread,6,Academic
2025-02-08,polling,senate_prob,prob,0.0974,0.0226,0.1426,spread,5,Polling
2025-02-08,academic,senate_prob,prob,0.2039,0.0264,0.474,spread,6,Academic
2025-02-09,polling,senate_prob,prob,0.0973,0.0221,0.1426,spread,5,Polling
2025-02-09,academic,senate_prob,prob,0.2032,0.0264,0.474,spread,6,Academic
2025-02-10,polling,senate_prob,prob,0.0973,0.0221,0.1426,spread,5,Polling
2025-02-10,academic,senate_prob,prob,0.2034,0.0264,0.474,spread,6,Academic
2025-02-11,polling,senate_prob,prob,0.0973,0.0221,0.1426,spread,5,Polling
2025-02-11,academic,senate_prob,prob,0.2037,0.0264,0.474,spread,6,Academic
2025-02-12,polling,senate_prob,prob,0.0973,0.0221,0.1426,spread,5,Polling
2025-02-12,academic,senate_prob,prob,0.2037,0.0264,0.474,spread,6,Academic
2025-02-13,polling,senate_prob,prob,0.0974,0.0228,0.1426,spread,5,Polling
2025-02-13,academic,senate_prob,prob,0.2045,0.0264,0.474,spread,6,Academic
2025-02-14,polling,senate_prob,prob,0.0974,0.0228,0.1426,spread,5,Polling
2025-02-14,academic,senate_prob,prob,0.2045,0.0264,0.474,spread,6,Academic
2025-02-15,polling,senate_prob,prob,0.0974,0.0228,0.1426,spread,5,Polling
2025-02-15,academic,senate_prob,prob,0.2045,0.0264,0.474,spread,6,Academic
2025-02-16,polling,senate_prob,prob,0.0975,0.023,0.1426,spread,5,Polling
2025-02-16,academic,senate_prob,prob,0.2044,0.0264,0.474,spread,6,Academic
2025-02-17,polling,senate_prob,prob,0.0983,0.0272,0.1426,spread,5,Polling
2025-02-17,academic,senate_prob,prob,0.2075,0.0264,0.474,spread,6,Academic
2025-02-18,polling,senate_prob,prob,0.0978,0.0245,0.1426,spread,5,Polling
2025-02-18,academic,senate_prob,prob,0.195,0.0264,0.474,spread,6,Academic
2025-02-19,polling,senate_prob,prob,0.0978,0.0245,0.1426,spread,5,Polling
2025-02-19,academic,senate_prob,prob,0.195,0.0264,0.474,spread,6,Academic
2025-02-20,polling,senate_prob,prob,0.0978,0.0245,0.1426,spread,5,Polling
2025-02-20,academic,senate_prob,prob,0.1951,0.0264,0.474,spread,6,Academic
2025-02-21,polling,senate_prob,prob,0.0978,0.0245,0.1426,spread,5,Polling
2025-02-21,academic,senate_prob,prob,0.1951,0.0264,0.474,spread,6,Academic
2025-02-22,polling,senate_prob,prob,0.0974,0.0228,0.1426,spread,5,Polling
2025-02-22,academic,senate_prob,prob,0.1942,0.0264,0.474,spread,6,Academic
2025-02-23,polling,senate_prob,prob,0.0971,0.0213,0.1426,spread,5,Polling
2025-02-23,academic,senate_prob,prob,0.1929,0.0264,0.474,spread,6,Academic
2025-02-24,polling,senate_prob,prob,0.0971,0.0213,0.1426,spread,5,Polling
2025-02-24,academic,senate_prob,prob,0.1928,0.0264,0.474,spread,6,Academic
2025-02-25,polling,senate_prob,prob,0.0971,0.0213,0.1426,spread,5,Polling
2025-02-25,academic,senate_prob,prob,0.1928,0.0264,0.474,spread,6,Academic
2025-02-26,polling,senate_prob,prob,0.0969,0.0203,0.1426,spread,5,Polling
2025-02-26,academic,senate_prob,prob,0.192,0.0264,0.474,spread,6,Academic
2025-02-27,polling,senate_prob,prob,0.0964,0.0177,0.1426,spread,5,Polling
2025-02-27,academic,senate_prob,prob,0.1899,0.0264,0.474,spread,6,Academic
2025-02-28,polling,senate_prob,prob,0.0964,0.0177,0.1426,spread,5,Polling
2025-02-28,academic,senate_prob,prob,0.1898,0.0264,0.474,spread,6,Academic
2025-03-01,polling,senate_prob,prob,0.0964,0.0177,0.1426,spread,5,Polling
2025-03-01,academic,senate_prob,prob,0.2004,0.0264,0.474,spread,6,Academic
2025-03-02,polling,senate_prob,prob,0.0967,0.0189,0.1426,spread,5,Polling
2025-03-02,academic,senate_prob,prob,0.2013,0.0264,0.474,spread,6,Academic
2025-03-03,polling,senate_prob,prob,0.0974,0.0227,0.1426,spread,5,Polling
2025-03-03,academic,senate_prob,prob,0.2046,0.0264,0.474,spread,6,Academic
2025-03-04,polling,senate_prob,prob,0.0974,0.0227,0.1426,spread,5,Polling
2025-03-04,academic,senate_prob,prob,0.2046,0.0264,0.474,spread,6,Academic
2025-03-05,polling,senate_prob,prob,0.0979,0.0253,0.1426,spread,5,Polling
2025-03-05,academic,senate_prob,prob,0.2062,0.0264,0.474,spread,6,Academic
2025-03-06,polling,senate_prob,prob,0.0978,0.0246,0.1426,spread,5,Polling
2025-03-06,academic,senate_prob,prob,0.2056,0.0264,0.474,spread,6,Academic
2025-03-07,polling,senate_prob,prob,0.0977,0.024,0.1426,spread,5,Polling
2025-03-07,academic,senate_prob,prob,0.2052,0.0264,0.474,spread,6,Academic
2025-03-08,polling,senate_prob,prob,0.0977,0.024,0.1426,spread,5,Polling
2025-03-08,academic,senate_prob,prob,0.2052,0.0264,0.474,spread,6,Academic
2025-03-09,polling,senate_prob,prob,0.0983,0.0272,0.1426,spread,5,Polling
2025-03-09,academic,senate_prob,prob,0.2076,0.0264,0.474,spread,6,Academic
2025-03-10,polling,senate_prob,prob,0.099,0.0304,0.1426,spread,5,Polling
2025-03-10,academic,senate_prob,prob,0.2095,0.0264,0.474,spread,6,Academic
2025-03-11,polling,senate_prob,prob,0.1001,0.036,0.1426,spread,5,Polling
2025-03-11,academic,senate_prob,prob,0.2132,0.0264,0.474,spread,6,Academic
2025-03-12,polling,senate_prob,prob,0.1001,0.036,0.1426,spread,5,Polling
2025-03-12,academic,senate_prob,prob,0.2039,0.0264,0.474,spread,6,Academic
2025-03-13,polling,senate_prob,prob,0.1,0.0355,0.1426,spread,5,Polling
2025-03-13,academic,senate_prob,prob,0.2039,0.0264,0.474,spread,6,Academic
2025-03-14,polling,senate_prob,prob,0.1001,0.0372,0.1426,spread,5,Polling
2025-03-14,academic,senate_prob,prob,0.2048,0.0264,0.474,spread,6,Academic
2025-03-15,polling,senate_prob,prob,0.1,0.0371,0.1426,spread,5,Polling
2025-03-15,academic,senate_prob,prob,0.2047,0.0264,0.474,spread,6,Academic
2025-03-16,polling,senate_prob,prob,0.1005,0.0401,0.1424,spread,5,Polling
2025-03-16,academic,senate_prob,prob,0.2064,0.0264,0.474,spread,6,Academic
2025-03-17,polling,senate_prob,prob,0.1005,0.0401,0.1424,spread,5,Polling
2025-03-17,academic,senate_prob,prob,0.2063,0.0264,0.474,spread,6,Academic
2025-03-18,polling,senate_prob,prob,0.1004,0.04,0.1422,spread,5,Polling
2025-03-18,academic,senate_prob,prob,0.2062,0.0264,0.474,spread,6,Academic
2025-03-19,polling,senate_prob,prob,0.1004,0.0403,0.1422,spread,5,Polling
2025-03-19,academic,senate_prob,prob,0.2067,0.0264,0.474,spread,6,Academic
2025-03-20,polling,senate_prob,prob,0.1004,0.0402,0.1422,spread,5,Polling
2025-03-20,academic,senate_prob,prob,0.2068,0.0264,0.4738,spread,6,Academic
2025-03-21,polling,senate_prob,prob,0.1003,0.0401,0.1422,spread,5,Polling
2025-03-21,academic,senate_prob,prob,0.2068,0.0264,0.4738,spread,6,Academic
2025-03-22,polling,senate_prob,prob,0.1002,0.0401,0.1422,spread,5,Polling
2025-03-22,academic,senate_prob,prob,0.2067,0.0264,0.474,spread,6,Academic
2025-03-23,polling,senate_prob,prob,0.1008,0.0431,0.142,spread,5,Polling
2025-03-23,academic,senate_prob,prob,0.2078,0.0264,0.4738,spread,6,Academic
2025-03-24,polling,senate_prob,prob,0.0997,0.0385,0.1414,spread,5,Polling
2025-03-24,academic,senate_prob,prob,0.2059,0.0264,0.474,spread,6,Academic
2025-03-25,polling,senate_prob,prob,0.0996,0.0384,0.1414,spread,5,Polling
2025-03-25,academic,senate_prob,prob,0.2058,0.0264,0.474,spread,6,Academic
2025-03-26,polling,senate_prob,prob,0.099,0.0358,0.1414,spread,5,Polling
2025-03-26,academic,senate_prob,prob,0.2045,0.0264,0.4742,spread,6,Academic
2025-03-27,polling,senate_prob,prob,0.0989,0.0357,0.1414,spread,5,Polling
2025-03-27,academic,senate_prob,prob,0.2044,0.0264,0.4742,spread,6,Academic
2025-03-28,polling,senate_prob,prob,0.0994,0.0386,0.1414,spread,5,Polling
2025-03-28,academic,senate_prob,prob,0.2059,0.0264,0.4742,spread,6,Academic
2025-03-29,polling,senate_prob,prob,0.0994,0.0386,0.1412,spread,5,Polling
2025-03-29,academic,senate_prob,prob,0.2058,0.0264,0.4742,spread,6,Academic
2025-03-30,polling,senate_prob,prob,0.0987,0.0365,0.1408,spread,5,Polling
2025-03-30,academic,senate_prob,prob,0.2046,0.0264,0.4742,spread,6,Academic
2025-03-31,polling,senate_prob,prob,0.0986,0.0364,0.1408,spread,5,Polling
2025-03-31,academic,senate_prob,prob,0.2045,0.0264,0.4742,spread,6,Academic
2025-04-01,polling,senate_prob,prob,0.0984,0.0362,0.1408,spread,5,Polling
2025-04-01,academic,senate_prob,prob,0.2066,0.0264,0.4742,spread,6,Academic
2025-04-02,polling,senate_prob,prob,0.0983,0.0362,0.1408,spread,5,Polling
2025-04-02,academic,senate_prob,prob,0.2066,0.0264,0.4742,spread,6,Academic
2025-04-03,polling,senate_prob,prob,0.0997,0.0432,0.1408,spread,5,Polling
2025-04-03,academic,senate_prob,prob,0.2097,0.0264,0.474,spread,6,Academic
2025-04-04,polling,senate_prob,prob,0.0997,0.0432,0.1408,spread,5,Polling
2025-04-04,academic,senate_prob,prob,0.2097,0.0264,0.474,spread,6,Academic
2025-04-05,polling,senate_prob,prob,0.0995,0.043,0.1408,spread,5,Polling
2025-04-05,academic,senate_prob,prob,0.2096,0.0264,0.474,spread,6,Academic
2025-04-06,polling,senate_prob,prob,0.1,0.0459,0.1408,spread,5,Polling
2025-04-06,academic,senate_prob,prob,0.2107,0.0264,0.474,spread,6,Academic
2025-04-07,polling,senate_prob,prob,0.0998,0.0457,0.1406,spread,5,Polling
2025-04-07,academic,senate_prob,prob,0.2101,0.0264,0.474,spread,6,Academic
2025-04-08,polling,senate_prob,prob,0.0998,0.0471,0.1404,spread,5,Polling
2025-04-08,academic,senate_prob,prob,0.2111,0.0264,0.474,spread,6,Academic
2025-04-09,polling,senate_prob,prob,0.0997,0.0473,0.1402,spread,5,Polling
2025-04-09,academic,senate_prob,prob,0.2113,0.0264,0.4742,spread,6,Academic
2025-04-10,polling,senate_prob,prob,0.1001,0.0495,0.14,spread,5,Polling
2025-04-10,academic,senate_prob,prob,0.213,0.0264,0.4742,spread,6,Academic
2025-04-11,polling,senate_prob,prob,0.1,0.0493,0.14,spread,5,Polling
2025-04-11,academic,senate_prob,prob,0.2131,0.0264,0.4742,spread,6,Academic
2025-04-12,polling,senate_prob,prob,0.1009,0.0549,0.14,spread,5,Polling
2025-04-12,academic,senate_prob,prob,0.2155,0.0264,0.4742,spread,6,Academic
2025-04-13,polling,senate_prob,prob,0.102,0.0605,0.14,spread,5,Polling
2025-04-13,academic,senate_prob,prob,0.22,0.0264,0.4742,spread,6,Academic
2025-04-14,polling,senate_prob,prob,0.1009,0.0556,0.1398,spread,5,Polling
2025-04-14,academic,senate_prob,prob,0.2158,0.0264,0.4742,spread,6,Academic
2025-04-15,polling,senate_prob,prob,0.1008,0.0556,0.1398,spread,5,Polling
2025-04-15,academic,senate_prob,prob,0.216,0.0264,0.474,spread,6,Academic
2025-04-16,polling,senate_prob,prob,0.1021,0.0619,0.1396,spread,5,Polling
2025-04-16,academic,senate_prob,prob,0.221,0.0264,0.474,spread,6,Academic
2025-04-17,polling,senate_prob,prob,0.1019,0.0617,0.1396,spread,5,Polling
2025-04-17,academic,senate_prob,prob,0.2212,0.0264,0.474,spread,6,Academic
2025-04-18,polling,senate_prob,prob,0.1024,0.0646,0.1396,spread,5,Polling
2025-04-18,academic,senate_prob,prob,0.2225,0.0264,0.474,spread,6,Academic
2025-04-19,polling,senate_prob,prob,0.1015,0.0605,0.1394,spread,5,Polling
2025-04-19,academic,senate_prob,prob,0.2203,0.0264,0.474,spread,6,Academic
2025-04-20,polling,senate_prob,prob,0.102,0.0628,0.1392,spread,5,Polling
2025-04-20,academic,senate_prob,prob,0.2217,0.0264,0.474,spread,6,Academic
2025-04-21,polling,senate_prob,prob,0.1032,0.0703,0.1388,spread,5,Polling
2025-04-21,academic,senate_prob,prob,0.2249,0.0264,0.4738,spread,6,Academic
2025-04-22,polling,senate_prob,prob,0.103,0.0709,0.1384,spread,5,Polling
2025-04-22,academic,senate_prob,prob,0.2254,0.0264,0.4738,spread,6,Academic
2025-04-23,polling,senate_prob,prob,0.103,0.0708,0.1384,spread,5,Polling
2025-04-23,academic,senate_prob,prob,0.2182,0.0264,0.4738,spread,6,Academic
2025-04-24,polling,senate_prob,prob,0.1034,0.0736,0.138,spread,5,Polling
2025-04-24,academic,senate_prob,prob,0.219,0.0264,0.4738,spread,6,Academic
2025-04-25,polling,senate_prob,prob,0.1031,0.0735,0.1376,spread,5,Polling
2025-04-25,academic,senate_prob,prob,0.2191,0.0264,0.4738,spread,6,Academic
2025-04-26,polling,senate_prob,prob,0.103,0.0733,0.1374,spread,5,Polling
2025-04-26,academic,senate_prob,prob,0.219,0.0264,0.4738,spread,6,Academic
2025-04-27,polling,senate_prob,prob,0.1038,0.0781,0.1374,spread,5,Polling
2025-04-27,academic,senate_prob,prob,0.221,0.0264,0.4738,spread,6,Academic
2025-04-28,polling,senate_prob,prob,0.1036,0.078,0.137,spread,5,Polling
2025-04-28,academic,senate_prob,prob,0.221,0.0264,0.4738,spread,6,Academic
2025-04-29,polling,senate_prob,prob,0.1028,0.0743,0.137,spread,5,Polling
2025-04-29,academic,senate_prob,prob,0.2195,0.0264,0.4738,spread,6,Academic
2025-04-30,polling,senate_prob,prob,0.1031,0.0759,0.137,spread,5,Polling
2025-04-30,academic,senate_prob,prob,0.22,0.0264,0.4738,spread,6,Academic
2025-05-01,polling,senate_prob,prob,0.1028,0.0754,0.137,spread,5,Polling
2025-05-01,academic,senate_prob,prob,0.2203,0.0264,0.4738,spread,6,Academic
2025-05-02,polling,senate_prob,prob,0.1027,0.0752,0.137,spread,5,Polling
2025-05-02,academic,senate_prob,prob,0.2203,0.0264,0.4738,spread,6,Academic
2025-05-03,polling,senate_prob,prob,0.1025,0.0741,0.1368,spread,5,Polling
2025-05-03,academic,senate_prob,prob,0.2197,0.0264,0.4738,spread,6,Academic
2025-05-04,polling,senate_prob,prob,0.1026,0.0756,0.1366,spread,5,Polling
2025-05-04,academic,senate_prob,prob,0.2204,0.0264,0.4738,spread,6,Academic
2025-05-05,polling,senate_prob,prob,0.1043,0.0842,0.1366,spread,5,Polling
2025-05-05,academic,senate_prob,prob,0.2236,0.0264,0.474,spread,6,Academic
2025-05-06,polling,senate_prob,prob,0.1056,0.0911,0.1366,spread,5,Polling
2025-05-06,academic,senate_prob,prob,0.2263,0.0264,0.474,spread,6,Academic
2025-05-07,polling,senate_prob,prob,0.1046,0.0862,0.1366,spread,5,Polling
2025-05-07,academic,senate_prob,prob,0.2242,0.0264,0.474,spread,6,Academic
2025-05-08,polling,senate_prob,prob,0.1037,0.0829,0.1366,spread,5,Polling
2025-05-08,academic,senate_prob,prob,0.2229,0.0264,0.474,spread,6,Academic
2025-05-09,polling,senate_prob,prob,0.1035,0.0829,0.1366,spread,5,Polling
2025-05-09,academic,senate_prob,prob,0.2229,0.0264,0.474,spread,6,Academic
2025-05-10,polling,senate_prob,prob,0.1045,0.0894,0.1366,spread,5,Polling
2025-05-10,academic,senate_prob,prob,0.2257,0.0264,0.474,spread,6,Academic
2025-05-11,polling,senate_prob,prob,0.1036,0.0859,0.1364,spread,5,Polling
2025-05-11,academic,senate_prob,prob,0.2241,0.0264,0.474,spread,6,Academic
2025-05-12,polling,senate_prob,prob,0.1003,0.0702,0.1362,spread,5,Polling
2025-05-12,academic,senate_prob,prob,0.2181,0.0264,0.474,spread,6,Academic
2025-05-13,polling,senate_prob,prob,0.1001,0.0701,0.1362,spread,5,Polling
2025-05-13,academic,senate_prob,prob,0.2179,0.0264,0.474,spread,6,Academic
2025-05-14,polling,senate_prob,prob,0.1,0.07,0.1362,spread,5,Polling
2025-05-14,academic,senate_prob,prob,0.218,0.0264,0.4742,spread,6,Academic
2025-05-15,polling,senate_prob,prob,0.0994,0.0669,0.1362,spread,5,Polling
2025-05-15,academic,senate_prob,prob,0.2167,0.0264,0.4744,spread,6,Academic
2025-05-16,polling,senate_prob,prob,0.0992,0.0658,0.1362,spread,5,Polling
2025-05-16,academic,senate_prob,prob,0.2164,0.0264,0.4744,spread,6,Academic
2025-05-17,polling,senate_prob,prob,0.0987,0.0658,0.1358,spread,5,Polling
2025-05-17,academic,senate_prob,prob,0.2161,0.0264,0.4744,spread,6,Academic
2025-05-18,polling,senate_prob,prob,0.0963,0.0542,0.1358,spread,5,Polling
2025-05-18,academic,senate_prob,prob,0.2094,0.0264,0.4744,spread,6,Academic
2025-05-19,polling,senate_prob,prob,0.0961,0.0532,0.1358,spread,5,Polling
2025-05-19,academic,senate_prob,prob,0.2086,0.0264,0.4744,spread,6,Academic
2025-05-20,polling,senate_prob,prob,0.0968,0.0578,0.1356,spread,5,Polling
2025-05-20,academic,senate_prob,prob,0.2122,0.0264,0.4744,spread,6,Academic
2025-05-21,polling,senate_prob,prob,0.0966,0.0578,0.1354,spread,5,Polling
2025-05-21,academic,senate_prob,prob,0.2122,0.0264,0.4744,spread,6,Academic
2025-05-22,polling,senate_prob,prob,0.0965,0.0575,0.1352,spread,5,Polling
2025-05-22,academic,senate_prob,prob,0.2122,0.0264,0.4742,spread,6,Academic
2025-05-23,polling,senate_prob,prob,0.0963,0.0573,0.135,spread,5,Polling
2025-05-23,academic,senate_prob,prob,0.2121,0.0264,0.4742,spread,6,Academic
2025-05-24,polling,senate_prob,prob,0.0962,0.0572,0.135,spread,5,Polling
2025-05-24,academic,senate_prob,prob,0.2121,0.0264,0.4742,spread,6,Academic
2025-05-25,polling,senate_prob,prob,0.0953,0.0534,0.1348,spread,5,Polling
2025-05-25,academic,senate_prob,prob,0.2087,0.0264,0.474,spread,6,Academic
2025-05-26,polling,senate_prob,prob,0.0944,0.0489,0.1348,spread,5,Polling
2025-05-26,academic,senate_prob,prob,0.2056,0.0264,0.4738,spread,6,Academic
2025-05-27,polling,senate_prob,prob,0.0951,0.0524,0.1348,spread,5,Polling
2025-05-27,academic,senate_prob,prob,0.208,0.0264,0.4736,spread,6,Academic
2025-05-28,polling,senate_prob,prob,0.095,0.0522,0.1348,spread,5,Polling
2025-05-28,academic,senate_prob,prob,0.2079,0.0264,0.4736,spread,6,Academic
2025-05-29,polling,senate_prob,prob,0.095,0.0527,0.1348,spread,5,Polling
2025-05-29,academic,senate_prob,prob,0.2086,0.0264,0.4736,spread,6,Academic
2025-05-30,polling,senate_prob,prob,0.0943,0.05,0.1346,spread,5,Polling
2025-05-30,academic,senate_prob,prob,0.2064,0.0264,0.4736,spread,6,Academic
2025-05-31,polling,senate_prob,prob,0.0942,0.0499,0.1344,spread,5,Polling
2025-05-31,academic,senate_prob,prob,0.2064,0.0264,0.4736,spread,6,Academic
2025-06-01,polling,senate_prob,prob,0.0942,0.0505,0.1344,spread,5,Polling
2025-06-01,academic,senate_prob,prob,0.201,0.0264,0.4723,spread,6,Academic
2025-06-02,polling,senate_prob,prob,0.095,0.0546,0.1344,spread,5,Polling
2025-06-02,academic,senate_prob,prob,0.2042,0.0264,0.4722,spread,6,Academic
2025-06-03,polling,senate_prob,prob,0.095,0.0545,0.1344,spread,5,Polling
2025-06-03,academic,senate_prob,prob,0.204,0.0264,0.4722,spread,6,Academic
2025-06-04,polling,senate_prob,prob,0.0947,0.0534,0.1344,spread,5,Polling
2025-06-04,academic,senate_prob,prob,0.2033,0.0264,0.4722,spread,6,Academic
2025-06-05,polling,senate_prob,prob,0.0946,0.0534,0.1342,spread,5,Polling
2025-06-05,academic,senate_prob,prob,0.2036,0.0264,0.4722,spread,6,Academic
2025-06-06,polling,senate_prob,prob,0.0962,0.0621,0.134,spread,5,Polling
2025-06-06,academic,senate_prob,prob,0.209,0.0264,0.4723,spread,6,Academic
2025-06-07,polling,senate_prob,prob,0.0959,0.0621,0.1336,spread,5,Polling
2025-06-07,academic,senate_prob,prob,0.2089,0.0264,0.4723,spread,6,Academic
2025-06-08,polling,senate_prob,prob,0.0955,0.0607,0.1336,spread,5,Polling
2025-06-08,academic,senate_prob,prob,0.2084,0.0264,0.4722,spread,6,Academic
2025-06-09,polling,senate_prob,prob,0.0955,0.0612,0.1334,spread,5,Polling
2025-06-09,academic,senate_prob,prob,0.2085,0.0264,0.4722,spread,6,Academic
2025-06-10,polling,senate_prob,prob,0.0954,0.0612,0.1332,spread,5,Polling
2025-06-10,academic,senate_prob,prob,0.2084,0.0264,0.4722,spread,6,Academic
2025-06-11,polling,senate_prob,prob,0.0935,0.0522,0.1332,spread,5,Polling
2025-06-11,academic,senate_prob,prob,0.2026,0.0264,0.4721,spread,6,Academic
2025-06-12,polling,senate_prob,prob,0.0957,0.0636,0.133,spread,5,Polling
2025-06-12,academic,senate_prob,prob,0.2093,0.0264,0.4721,spread,6,Academic
2025-06-13,polling,senate_prob,prob,0.0956,0.0636,0.1326,spread,5,Polling
2025-06-13,academic,senate_prob,prob,0.2093,0.0264,0.4722,spread,6,Academic
2025-06-14,polling,senate_prob,prob,0.0974,0.0728,0.1324,spread,5,Polling
2025-06-14,academic,senate_prob,prob,0.2128,0.0264,0.4722,spread,6,Academic
2025-06-15,polling,senate_prob,prob,0.0951,0.0624,0.1324,spread,5,Polling
2025-06-15,academic,senate_prob,prob,0.2089,0.0264,0.4722,spread,6,Academic
2025-06-16,polling,senate_prob,prob,0.0964,0.0693,0.1324,spread,5,Polling
2025-06-16,academic,senate_prob,prob,0.2118,0.0264,0.4722,spread,6,Academic
2025-06-17,polling,senate_prob,prob,0.0938,0.0566,0.1322,spread,5,Polling
2025-06-17,academic,senate_prob,prob,0.2066,0.0264,0.4722,spread,6,Academic
2025-06-18,polling,senate_prob,prob,0.0932,0.0541,0.1322,spread,5,Polling
2025-06-18,academic,senate_prob,prob,0.2047,0.0264,0.4722,spread,6,Academic
2025-06-19,polling,senate_prob,prob,0.0916,0.0467,0.132,spread,5,Polling
2025-06-19,academic,senate_prob,prob,0.1986,0.0264,0.4722,spread,6,Academic
2025-06-20,polling,senate_prob,prob,0.0915,0.0466,0.132,spread,5,Polling
2025-06-20,academic,senate_prob,prob,0.1988,0.0264,0.4722,spread,6,Academic
2025-06-21,polling,senate_prob,prob,0.0916,0.0481,0.1318,spread,5,Polling
2025-06-21,academic,senate_prob,prob,0.1994,0.0264,0.4722,spread,6,Academic
2025-06-22,polling,senate_prob,prob,0.0916,0.0483,0.1318,spread,5,Polling
2025-06-22,academic,senate_prob,prob,0.1997,0.0264,0.4722,spread,6,Academic
2025-06-23,polling,senate_prob,prob,0.0923,0.0519,0.1314,spread,5,Polling
2025-06-23,academic,senate_prob,prob,0.2034,0.0264,0.4722,spread,6,Academic
2025-06-24,polling,senate_prob,prob,0.0922,0.0518,0.1314,spread,5,Polling
2025-06-24,academic,senate_prob,prob,0.2035,0.0264,0.4721,spread,6,Academic
2025-06-25,polling,senate_prob,prob,0.093,0.0566,0.1312,spread,5,Polling
2025-06-25,academic,senate_prob,prob,0.207,0.0264,0.4722,spread,6,Academic
2025-06-26,polling,senate_prob,prob,0.093,0.0566,0.1312,spread,5,Polling
2025-06-26,academic,senate_prob,prob,0.2068,0.0264,0.4722,spread,6,Academic
2025-06-27,polling,senate_prob,prob,0.0919,0.0513,0.131,spread,5,Polling
2025-06-27,academic,senate_prob,prob,0.2028,0.0264,0.4722,spread,6,Academic
2025-06-28,polling,senate_prob,prob,0.0918,0.0512,0.1308,spread,5,Polling
2025-06-28,academic,senate_prob,prob,0.2026,0.0264,0.4721,spread,6,Academic
2025-06-29,polling,senate_prob,prob,0.0922,0.0534,0.1306,spread,5,Polling
2025-06-29,academic,senate_prob,prob,0.2046,0.0264,0.4722,spread,6,Academic
2025-06-30,polling,senate_prob,prob,0.0927,0.0573,0.1302,spread,5,Polling
2025-06-30,academic,senate_prob,prob,0.211,0.0264,0.4967,spread,6,Academic
2025-07-01,polling,senate_prob,prob,0.0926,0.0572,0.1302,spread,5,Polling
2025-07-01,academic,senate_prob,prob,0.2147,0.0264,0.5104,spread,6,Academic
2025-07-02,polling,senate_prob,prob,0.0933,0.0605,0.1302,spread,5,Polling
2025-07-02,academic,senate_prob,prob,0.2161,0.0264,0.5103,spread,6,Academic
2025-07-03,polling,senate_prob,prob,0.0918,0.0534,0.13,spread,5,Polling
2025-07-03,academic,senate_prob,prob,0.2127,0.0264,0.5103,spread,6,Academic
2025-07-04,polling,senate_prob,prob,0.0915,0.0533,0.1296,spread,5,Polling
2025-07-04,academic,senate_prob,prob,0.2124,0.0264,0.5102,spread,6,Academic
2025-07-05,polling,senate_prob,prob,0.0902,0.0471,0.1296,spread,5,Polling
2025-07-05,academic,senate_prob,prob,0.2066,0.0264,0.5103,spread,6,Academic
2025-07-06,polling,senate_prob,prob,0.092,0.0565,0.1296,spread,5,Polling
2025-07-06,academic,senate_prob,prob,0.2142,0.0264,0.5103,spread,6,Academic
2025-07-07,polling,senate_prob,prob,0.0921,0.0573,0.1294,spread,5,Polling
2025-07-07,academic,senate_prob,prob,0.2143,0.0264,0.5104,spread,6,Academic
2025-07-08,polling,senate_prob,prob,0.0928,0.0611,0.1294,spread,5,Polling
2025-07-08,academic,senate_prob,prob,0.2157,0.0264,0.5104,spread,6,Academic
2025-07-09,polling,senate_prob,prob,0.0936,0.0653,0.1292,spread,5,Polling
2025-07-09,academic,senate_prob,prob,0.2175,0.0264,0.5102,spread,6,Academic
2025-07-10,polling,senate_prob,prob,0.0977,0.0866,0.129,spread,5,Polling
2025-07-10,academic,senate_prob,prob,0.2255,0.0264,0.5102,spread,6,Academic
2025-07-11,polling,senate_prob,prob,0.0975,0.0863,0.1286,spread,5,Polling
2025-07-11,academic,senate_prob,prob,0.2255,0.0264,0.5103,spread,6,Academic
2025-07-12,polling,senate_prob,prob,0.0974,0.0866,0.1286,spread,5,Polling
2025-07-12,academic,senate_prob,prob,0.2256,0.0264,0.5102,spread,6,Academic
2025-07-13,polling,senate_prob,prob,0.098,0.0874,0.1286,spread,5,Polling
2025-07-13,academic,senate_prob,prob,0.2272,0.0264,0.5102,spread,6,Academic
2025-07-14,polling,senate_prob,prob,0.0924,0.063,0.128,spread,5,Polling
2025-07-14,academic,senate_prob,prob,0.2171,0.0264,0.5101,spread,6,Academic
2025-07-15,polling,senate_prob,prob,0.0922,0.0627,0.128,spread,5,Polling
2025-07-15,academic,senate_prob,prob,0.217,0.0264,0.5101,spread,6,Academic
2025-07-16,polling,senate_prob,prob,0.0895,0.0503,0.1274,spread,5,Polling
2025-07-16,academic,senate_prob,prob,0.2097,0.0264,0.5101,spread,6,Academic
2025-07-17,polling,senate_prob,prob,0.0902,0.0542,0.1274,spread,5,Polling
2025-07-17,academic,senate_prob,prob,0.2134,0.0264,0.5101,spread,6,Academic
2025-07-18,polling,senate_prob,prob,0.0927,0.0667,0.1274,spread,5,Polling
2025-07-18,academic,senate_prob,prob,0.2186,0.0264,0.5101,spread,6,Academic
2025-07-19,polling,senate_prob,prob,0.0926,0.0665,0.127,spread,5,Polling
2025-07-19,market,senate_prob,prob,0.2533,,,,1,Markets
2025-07-19,academic,senate_prob,prob,0.2185,0.0264,0.5101,spread,6,Academic
2025-07-20,polling,senate_prob,prob,0.0933,0.0712,0.1268,spread,5,Polling
2025-07-20,market,senate_prob,prob,0.2633,,,,1,Markets
2025-07-20,academic,senate_prob,prob,0.2202,0.0264,0.5101,spread,6,Academic
2025-07-21,polling,senate_prob,prob,0.0929,0.0693,0.1266,spread,5,Polling
2025-07-21,market,senate_prob,prob,0.2634,,,,1,Markets
2025-07-21,academic,senate_prob,prob,0.2197,0.0264,0.51,spread,6,Academic
2025-07-22,polling,senate_prob,prob,0.0929,0.07,0.1264,spread,5,Polling
2025-07-22,market,senate_prob,prob,0.2563,,,,1,Markets
2025-07-22,academic,senate_prob,prob,0.22,0.0264,0.5101,spread,6,Academic
2025-07-23,polling,senate_prob,prob,0.0931,0.0712,0.1264,spread,5,Polling
2025-07-23,market,senate_prob,prob,0.2544,,,,1,Markets
2025-07-23,academic,senate_prob,prob,0.2203,0.0264,0.5101,spread,6,Academic
2025-07-24,polling,senate_prob,prob,0.0936,0.0746,0.1262,spread,5,Polling
2025-07-24,market,senate_prob,prob,0.2551,,,,1,Markets
2025-07-24,academic,senate_prob,prob,0.2216,0.0264,0.5101,spread,6,Academic
2025-07-25,polling,senate_prob,prob,0.0935,0.0746,0.126,spread,5,Polling
2025-07-25,market,senate_prob,prob,0.2552,,,,1,Markets
2025-07-25,academic,senate_prob,prob,0.2215,0.0264,0.51,spread,6,Academic
2025-07-26,polling,senate_prob,prob,0.0933,0.0745,0.1258,spread,5,Polling
2025-07-26,market,senate_prob,prob,0.2541,,,,1,Markets
2025-07-26,academic,senate_prob,prob,0.2215,0.0264,0.51,spread,6,Academic
2025-07-27,polling,senate_prob,prob,0.0929,0.0725,0.1258,spread,5,Polling
2025-07-27,market,senate_prob,prob,0.2538,,,,1,Markets
2025-07-27,academic,senate_prob,prob,0.2209,0.0264,0.51,spread,6,Academic
2025-07-28,polling,senate_prob,prob,0.0939,0.0777,0.1256,spread,5,Polling
2025-07-28,market,senate_prob,prob,0.2531,,,,1,Markets
2025-07-28,academic,senate_prob,prob,0.2257,0.0264,0.5254,spread,6,Academic
2025-07-29,polling,senate_prob,prob,0.0938,0.0783,0.1256,spread,5,Polling
2025-07-29,market,senate_prob,prob,0.2531,,,,1,Markets
2025-07-29,academic,senate_prob,prob,0.226,0.0264,0.5254,spread,6,Academic
2025-07-30,polling,senate_prob,prob,0.0937,0.0783,0.1252,spread,5,Polling
2025-07-30,market,senate_prob,prob,0.2535,,,,1,Markets
2025-07-30,academic,senate_prob,prob,0.2263,0.0264,0.5254,spread,6,Academic
2025-07-31,polling,senate_prob,prob,0.0951,0.0838,0.1248,spread,5,Polling
2025-07-31,market,senate_prob,prob,0.2536,,,,1,Markets
2025-07-31,academic,senate_prob,prob,0.2302,0.0264,0.5327,spread,6,Academic
2025-08-01,polling,senate_prob,prob,0.095,0.0834,0.1248,spread,5,Polling
2025-08-01,market,senate_prob,prob,0.2444,,,,1,Markets
2025-08-01,academic,senate_prob,prob,0.2344,0.0264,0.5585,spread,6,Academic
2025-08-02,polling,senate_prob,prob,0.0949,0.0832,0.1246,spread,5,Polling
2025-08-02,market,senate_prob,prob,0.2545,,,,1,Markets
2025-08-02,academic,senate_prob,prob,0.2343,0.0264,0.5585,spread,6,Academic
2025-08-03,polling,senate_prob,prob,0.095,0.0828,0.1246,spread,5,Polling
2025-08-03,market,senate_prob,prob,0.2545,,,,1,Markets
2025-08-03,academic,senate_prob,prob,0.2346,0.0264,0.5586,spread,6,Academic
2025-08-04,polling,senate_prob,prob,0.0988,0.0826,0.1244,spread,5,Polling
2025-08-04,market,senate_prob,prob,0.2546,,,,1,Markets
2025-08-04,academic,senate_prob,prob,0.2419,0.0264,0.5645,spread,6,Academic
2025-08-05,polling,senate_prob,prob,0.0988,0.0826,0.1242,spread,5,Polling
2025-08-05,market,senate_prob,prob,0.2546,,,,1,Markets
2025-08-05,academic,senate_prob,prob,0.2419,0.0264,0.5645,spread,6,Academic
2025-08-06,polling,senate_prob,prob,0.1015,0.0826,0.1242,spread,5,Polling
2025-08-06,market,senate_prob,prob,0.2546,,,,1,Markets
2025-08-06,academic,senate_prob,prob,0.246,0.0264,0.5646,spread,6,Academic
2025-08-07,polling,senate_prob,prob,0.1014,0.0826,0.1242,spread,5,Polling
2025-08-07,market,senate_prob,prob,0.2546,,,,1,Markets
2025-08-07,academic,senate_prob,prob,0.2457,0.0264,0.5646,spread,6,Academic
2025-08-08,polling,senate_prob,prob,0.0992,0.0826,0.1242,spread,5,Polling
2025-08-08,market,senate_prob,prob,0.2546,,,,1,Markets
2025-08-08,academic,senate_prob,prob,0.2426,0.0264,0.5646,spread,6,Academic
2025-08-09,polling,senate_prob,prob,0.0981,0.0826,0.124,spread,5,Polling
2025-08-09,market,senate_prob,prob,0.2623,,,,1,Markets
2025-08-09,academic,senate_prob,prob,0.2407,0.0264,0.5645,spread,6,Academic
2025-08-10,polling,senate_prob,prob,0.0978,0.0824,0.124,spread,5,Polling
2025-08-10,market,senate_prob,prob,0.2553,,,,1,Markets
2025-08-10,academic,senate_prob,prob,0.2404,0.0264,0.5645,spread,6,Academic
2025-08-11,polling,senate_prob,prob,0.0972,0.0824,0.1238,spread,5,Polling
2025-08-11,market,senate_prob,prob,0.2548,,,,1,Markets
2025-08-11,academic,senate_prob,prob,0.2394,0.0264,0.5646,spread,6,Academic
2025-08-12,polling,senate_prob,prob,0.0974,0.0824,0.1238,spread,5,Polling
2025-08-12,market,senate_prob,prob,0.2589,,,,1,Markets
2025-08-12,academic,senate_prob,prob,0.241,0.0264,0.5711,spread,6,Academic
2025-08-13,polling,senate_prob,prob,0.0972,0.0824,0.1238,spread,5,Polling
2025-08-13,market,senate_prob,prob,0.2654,,,,1,Markets
2025-08-13,academic,senate_prob,prob,0.2407,0.0264,0.5711,spread,6,Academic
2025-08-14,polling,senate_prob,prob,0.0966,0.0824,0.1234,spread,5,Polling
2025-08-14,market,senate_prob,prob,0.2653,,,,1,Markets
2025-08-14,academic,senate_prob,prob,0.2399,0.0264,0.5712,spread,6,Academic
2025-08-15,polling,senate_prob,prob,0.0964,0.0824,0.1228,spread,5,Polling
2025-08-15,market,senate_prob,prob,0.2647,,,,1,Markets
2025-08-15,academic,senate_prob,prob,0.24,0.0264,0.5712,spread,6,Academic
2025-08-16,polling,senate_prob,prob,0.0962,0.0824,0.1222,spread,5,Polling
2025-08-16,market,senate_prob,prob,0.2647,,,,1,Markets
2025-08-16,academic,senate_prob,prob,0.24,0.0264,0.5713,spread,6,Academic
2025-08-17,polling,senate_prob,prob,0.0958,0.0824,0.1222,spread,5,Polling
2025-08-17,market,senate_prob,prob,0.266,,,,1,Markets
2025-08-17,academic,senate_prob,prob,0.24,0.0264,0.5713,spread,6,Academic
2025-08-18,polling,senate_prob,prob,0.0952,0.0824,0.1222,spread,5,Polling
2025-08-18,market,senate_prob,prob,0.266,,,,1,Markets
2025-08-18,academic,senate_prob,prob,0.2393,0.0264,0.5715,spread,6,Academic
2025-08-19,polling,senate_prob,prob,0.0951,0.082,0.1222,spread,5,Polling
2025-08-19,market,senate_prob,prob,0.2654,,,,1,Markets
2025-08-19,academic,senate_prob,prob,0.2394,0.0264,0.5715,spread,6,Academic
2025-08-20,polling,senate_prob,prob,0.0949,0.082,0.1218,spread,5,Polling
2025-08-20,market,senate_prob,prob,0.285,,,,1,Markets
2025-08-20,academic,senate_prob,prob,0.2395,0.0264,0.5715,spread,6,Academic
2025-08-21,polling,senate_prob,prob,0.0936,0.082,0.1214,spread,5,Polling
2025-08-21,market,senate_prob,prob,0.2849,,,,1,Markets
2025-08-21,academic,senate_prob,prob,0.2381,0.0264,0.5768,spread,6,Academic
2025-08-22,polling,senate_prob,prob,0.0935,0.0818,0.1214,spread,5,Polling
2025-08-22,market,senate_prob,prob,0.2865,,,,1,Markets
2025-08-22,academic,senate_prob,prob,0.238,0.0264,0.5768,spread,6,Academic
2025-08-23,polling,senate_prob,prob,0.0934,0.0818,0.1214,spread,5,Polling
2025-08-23,market,senate_prob,prob,0.2861,,,,1,Markets
2025-08-23,academic,senate_prob,prob,0.2382,0.0264,0.5768,spread,6,Academic
2025-08-24,polling,senate_prob,prob,0.0906,0.0751,0.1212,spread,5,Polling
2025-08-24,market,senate_prob,prob,0.2858,,,,1,Markets
2025-08-24,academic,senate_prob,prob,0.2328,0.0264,0.5768,spread,6,Academic
2025-08-25,polling,senate_prob,prob,0.089,0.0683,0.1212,spread,5,Polling
2025-08-25,market,senate_prob,prob,0.2861,,,,1,Markets
2025-08-25,academic,senate_prob,prob,0.2303,0.0264,0.5769,spread,6,Academic
2025-08-26,polling,senate_prob,prob,0.0871,0.0595,0.1212,spread,5,Polling
2025-08-26,market,senate_prob,prob,0.2851,,,,1,Markets
2025-08-26,academic,senate_prob,prob,0.2267,0.0264,0.5769,spread,6,Academic
2025-08-27,polling,senate_prob,prob,0.0869,0.0595,0.121,spread,5,Polling
2025-08-27,market,senate_prob,prob,0.2847,,,,1,Markets
2025-08-27,academic,senate_prob,prob,0.2266,0.0264,0.5769,spread,6,Academic
2025-08-28,polling,senate_prob,prob,0.0869,0.0593,0.121,spread,5,Polling
2025-08-28,market,senate_prob,prob,0.2879,,,,1,Markets
2025-08-28,academic,senate_prob,prob,0.2266,0.0264,0.5771,spread,6,Academic
2025-08-29,polling,senate_prob,prob,0.0866,0.0592,0.1206,spread,5,Polling
2025-08-29,market,senate_prob,prob,0.2923,,,,1,Markets
2025-08-29,academic,senate_prob,prob,0.2266,0.0264,0.5772,spread,6,Academic
2025-08-30,polling,senate_prob,prob,0.0866,0.0604,0.1204,spread,5,Polling
2025-08-30,market,senate_prob,prob,0.292,,,,1,Markets
2025-08-30,academic,senate_prob,prob,0.2269,0.0264,0.5774,spread,6,Academic
2025-08-31,polling,senate_prob,prob,0.0872,0.0638,0.1202,spread,5,Polling
2025-08-31,market,senate_prob,prob,0.2873,,,,1,Markets
2025-08-31,academic,senate_prob,prob,0.2284,0.0264,0.5774,spread,6,Academic
2025-09-01,polling,senate_prob,prob,0.0897,0.077,0.1198,spread,5,Polling
2025-09-01,market,senate_prob,prob,0.2859,,,,1,Markets
2025-09-01,academic,senate_prob,prob,0.2372,0.0264,0.6028,spread,6,Academic
2025-09-02,polling,senate_prob,prob,0.0904,0.0802,0.1198,spread,5,Polling
2025-09-02,market,senate_prob,prob,0.2909,,,,1,Markets
2025-09-02,academic,senate_prob,prob,0.2399,0.0264,0.6089,spread,6,Academic
2025-09-03,polling,senate_prob,prob,0.0903,0.0799,0.1198,spread,5,Polling
2025-09-03,market,senate_prob,prob,0.2884,,,,1,Markets
2025-09-03,academic,senate_prob,prob,0.2396,0.0264,0.609,spread,6,Academic
2025-09-04,polling,senate_prob,prob,0.0902,0.0799,0.1198,spread,5,Polling
2025-09-04,market,senate_prob,prob,0.2902,,,,1,Markets
2025-09-04,academic,senate_prob,prob,0.2396,0.0264,0.6091,spread,6,Academic
2025-09-05,polling,senate_prob,prob,0.0901,0.0798,0.1194,spread,5,Polling
2025-09-05,market,senate_prob,prob,0.2746,,,,1,Markets
2025-09-05,academic,senate_prob,prob,0.2394,0.0264,0.6091,spread,6,Academic
2025-09-06,polling,senate_prob,prob,0.0897,0.0797,0.1192,spread,5,Polling
2025-09-06,market,senate_prob,prob,0.2721,,,,1,Markets
2025-09-06,academic,senate_prob,prob,0.2394,0.0264,0.6092,spread,6,Academic
2025-09-07,polling,senate_prob,prob,0.0896,0.0798,0.1192,spread,5,Polling
2025-09-07,market,senate_prob,prob,0.2686,,,,1,Markets
2025-09-07,academic,senate_prob,prob,0.2397,0.0264,0.6093,spread,6,Academic
2025-09-08,polling,senate_prob,prob,0.089,0.0785,0.119,spread,5,Polling
2025-09-08,market,senate_prob,prob,0.2706,,,,1,Markets
2025-09-08,academic,senate_prob,prob,0.2388,0.0264,0.6095,spread,6,Academic
2025-09-09,polling,senate_prob,prob,0.0889,0.0783,0.1188,spread,5,Polling
2025-09-09,market,senate_prob,prob,0.2668,,,,1,Markets
2025-09-09,academic,senate_prob,prob,0.2389,0.0264,0.6096,spread,6,Academic
2025-09-10,polling,senate_prob,prob,0.0888,0.078,0.1188,spread,5,Polling
2025-09-10,market,senate_prob,prob,0.2698,,,,1,Markets
2025-09-10,academic,senate_prob,prob,0.2387,0.0264,0.6096,spread,6,Academic
2025-09-11,polling,senate_prob,prob,0.0888,0.0781,0.1184,spread,5,Polling
2025-09-11,market,senate_prob,prob,0.268,,,,1,Markets
2025-09-11,academic,senate_prob,prob,0.2396,0.0264,0.6151,spread,6,Academic
2025-09-12,polling,senate_prob,prob,0.0887,0.0786,0.118,spread,5,Polling
2025-09-12,market,senate_prob,prob,0.2683,,,,1,Markets
2025-09-12,academic,senate_prob,prob,0.2398,0.0264,0.6152,spread,6,Academic
2025-09-13,polling,senate_prob,prob,0.0885,0.078,0.1178,spread,5,Polling
2025-09-13,market,senate_prob,prob,0.2683,,,,1,Markets
2025-09-13,academic,senate_prob,prob,0.2395,0.0264,0.6152,spread,6,Academic
2025-09-14,polling,senate_prob,prob,0.0898,0.079,0.1178,spread,5,Polling
2025-09-14,market,senate_prob,prob,0.2692,,,,1,Markets
2025-09-14,academic,senate_prob,prob,0.2429,0.0264,0.6221,spread,6,Academic
2025-09-15,polling,senate_prob,prob,0.0897,0.0788,0.1176,spread,5,Polling
2025-09-15,market,senate_prob,prob,0.2688,,,,1,Markets
2025-09-15,academic,senate_prob,prob,0.2431,0.0264,0.6222,spread,6,Academic
2025-09-16,polling,senate_prob,prob,0.0923,0.0788,0.1176,spread,5,Polling
2025-09-16,market,senate_prob,prob,0.2693,,,,1,Markets
2025-09-16,academic,senate_prob,prob,0.2475,0.0264,0.6223,spread,6,Academic
2025-09-17,polling,senate_prob,prob,0.0923,0.0788,0.1176,spread,5,Polling
2025-09-17,market,senate_prob,prob,0.2682,,,,1,Markets
2025-09-17,academic,senate_prob,prob,0.2475,0.0264,0.6223,spread,6,Academic
2025-09-18,polling,senate_prob,prob,0.0929,0.0788,0.1172,spread,5,Polling
2025-09-18,market,senate_prob,prob,0.2688,,,,1,Markets
2025-09-18,academic,senate_prob,prob,0.2486,0.0264,0.6224,spread,6,Academic
2025-09-19,polling,senate_prob,prob,0.0932,0.0788,0.1166,spread,5,Polling
2025-09-19,market,senate_prob,prob,0.263,,,,1,Markets
2025-09-19,academic,senate_prob,prob,0.2493,0.0264,0.6226,spread,6,Academic
2025-09-20,polling,senate_prob,prob,0.0931,0.0786,0.1164,spread,5,Polling
2025-09-20,market,senate_prob,prob,0.2617,,,,1,Markets
2025-09-20,academic,senate_prob,prob,0.2494,0.0264,0.6226,spread,6,Academic
2025-09-21,polling,senate_prob,prob,0.0924,0.0786,0.1164,spread,5,Polling
2025-09-21,market,senate_prob,prob,0.2577,,,,1,Markets
2025-09-21,academic,senate_prob,prob,0.2484,0.0264,0.6226,spread,6,Academic
2025-09-22,polling,senate_prob,prob,0.0881,0.0786,0.1164,spread,5,Polling
2025-09-22,market,senate_prob,prob,0.2589,,,,1,Markets
2025-09-22,academic,senate_prob,prob,0.2414,0.0264,0.6226,spread,6,Academic
2025-09-23,polling,senate_prob,prob,0.0874,0.0757,0.1162,spread,5,Polling
2025-09-23,market,senate_prob,prob,0.2589,,,,1,Markets
2025-09-23,academic,senate_prob,prob,0.2407,0.0264,0.6272,spread,6,Academic
2025-09-24,polling,senate_prob,prob,0.0866,0.0717,0.1162,spread,5,Polling
2025-09-24,market,senate_prob,prob,0.2515,,,,1,Markets
2025-09-24,academic,senate_prob,prob,0.2389,0.0264,0.6272,spread,6,Academic
2025-09-25,polling,senate_prob,prob,0.0865,0.0717,0.116,spread,5,Polling
2025-09-25,market,senate_prob,prob,0.249,,,,1,Markets
2025-09-25,academic,senate_prob,prob,0.239,0.0264,0.6272,spread,6,Academic
2025-09-26,polling,senate_prob,prob,0.0863,0.0716,0.116,spread,5,Polling
2025-09-26,market,senate_prob,prob,0.2502,,,,1,Markets
2025-09-26,academic,senate_prob,prob,0.2389,0.0264,0.6273,spread,6,Academic
2025-09-27,polling,senate_prob,prob,0.086,0.0707,0.1156,spread,5,Polling
2025-09-27,market,senate_prob,prob,0.2535,,,,1,Markets
2025-09-27,academic,senate_prob,prob,0.2387,0.0264,0.6273,spread,6,Academic
2025-09-28,polling,senate_prob,prob,0.0857,0.0698,0.1156,spread,5,Polling
2025-09-28,market,senate_prob,prob,0.2506,,,,1,Markets
2025-09-28,academic,senate_prob,prob,0.2387,0.0264,0.6274,spread,6,Academic
2025-09-29,polling,senate_prob,prob,0.0856,0.0697,0.1156,spread,5,Polling
2025-09-29,market,senate_prob,prob,0.251,,,,1,Markets
2025-09-29,academic,senate_prob,prob,0.2387,0.0264,0.6275,spread,6,Academic
2025-09-30,polling,senate_prob,prob,0.0855,0.0696,0.1154,spread,5,Polling
2025-09-30,market,senate_prob,prob,0.2489,,,,1,Markets
2025-09-30,academic,senate_prob,prob,0.2399,0.0264,0.6333,spread,6,Academic
2025-10-01,polling,senate_prob,prob,0.0854,0.0698,0.1154,spread,5,Polling
2025-10-01,market,senate_prob,prob,0.2488,,,,1,Markets
2025-10-01,academic,senate_prob,prob,0.2441,0.0264,0.6661,spread,6,Academic
2025-10-02,polling,senate_prob,prob,0.0843,0.0649,0.1152,spread,5,Polling
2025-10-02,market,senate_prob,prob,0.2477,,,,1,Markets
2025-10-02,academic,senate_prob,prob,0.2421,0.0264,0.6662,spread,6,Academic
2025-10-03,polling,senate_prob,prob,0.084,0.0635,0.1152,spread,5,Polling
2025-10-03,market,senate_prob,prob,0.2473,,,,1,Markets
2025-10-03,academic,senate_prob,prob,0.2415,0.0264,0.6662,spread,6,Academic
2025-10-04,polling,senate_prob,prob,0.0839,0.0633,0.115,spread,5,Polling
2025-10-04,market,senate_prob,prob,0.2505,,,,1,Markets
2025-10-04,academic,senate_prob,prob,0.2414,0.0264,0.6663,spread,6,Academic
2025-10-05,polling,senate_prob,prob,0.0834,0.0633,0.1117,spread,5,Polling
2025-10-05,market,senate_prob,prob,0.2505,,,,1,Markets
2025-10-05,academic,senate_prob,prob,0.2415,0.0264,0.6664,spread,6,Academic
2025-10-06,polling,senate_prob,prob,0.0845,0.0694,0.1116,spread,5,Polling
2025-10-06,market,senate_prob,prob,0.2505,,,,1,Markets
2025-10-06,academic,senate_prob,prob,0.2447,0.0264,0.6724,spread,6,Academic
2025-10-07,polling,senate_prob,prob,0.0883,0.065,0.1148,spread,5,Polling
2025-10-07,market,senate_prob,prob,0.2518,,,,1,Markets
2025-10-07,academic,senate_prob,prob,0.2431,0.0264,0.6724,spread,6,Academic
2025-10-08,polling,senate_prob,prob,0.0878,0.0651,0.1147,spread,5,Polling
2025-10-08,market,senate_prob,prob,0.2518,,,,1,Markets
2025-10-08,academic,senate_prob,prob,0.2431,0.0264,0.6724,spread,6,Academic
2025-10-09,polling,senate_prob,prob,0.0868,0.0602,0.1145,spread,5,Polling
2025-10-09,market,senate_prob,prob,0.2472,,,,1,Markets
2025-10-09,academic,senate_prob,prob,0.2411,0.0264,0.6724,spread,6,Academic
2025-10-10,polling,senate_prob,prob,0.0859,0.0561,0.1143,spread,5,Polling
2025-10-10,market,senate_prob,prob,0.244,,,,1,Markets
2025-10-10,academic,senate_prob,prob,0.2395,0.0264,0.6725,spread,6,Academic
2025-10-11,polling,senate_prob,prob,0.0857,0.0559,0.114,spread,5,Polling
2025-10-11,market,senate_prob,prob,0.2171,,,,1,Markets
2025-10-11,academic,senate_prob,prob,0.2394,0.0264,0.6726,spread,6,Academic
2025-10-12,polling,senate_prob,prob,0.0699,0.0571,0.0844,spread,5,Polling
2025-10-12,market,senate_prob,prob,0.2356,,,,1,Markets
2025-10-12,academic,senate_prob,prob,0.2397,0.0264,0.6726,spread,6,Academic
2025-10-13,polling,senate_prob,prob,0.0722,0.0619,0.0843,spread,5,Polling
2025-10-13,market,senate_prob,prob,0.2345,,,,1,Markets
2025-10-13,academic,senate_prob,prob,0.2444,0.0264,0.6727,spread,6,Academic
2025-10-14,polling,senate_prob,prob,0.0732,0.0551,0.0864,spread,5,Polling
2025-10-14,market,senate_prob,prob,0.2337,,,,1,Markets
2025-10-14,academic,senate_prob,prob,0.2439,0.0264,0.6728,spread,6,Academic
2025-10-15,polling,senate_prob,prob,0.0752,0.0549,0.0864,spread,5,Polling
2025-10-15,market,senate_prob,prob,0.2387,,,,1,Markets
2025-10-15,academic,senate_prob,prob,0.2489,0.0264,0.6789,spread,6,Academic
2025-10-16,polling,senate_prob,prob,0.0778,0.0593,0.0863,spread,5,Polling
2025-10-16,market,senate_prob,prob,0.233,,,,1,Markets
2025-10-16,academic,senate_prob,prob,0.2478,0.0264,0.679,spread,6,Academic
2025-10-17,polling,senate_prob,prob,0.0738,0.0528,0.0862,spread,5,Polling
2025-10-17,market,senate_prob,prob,0.2292,,,,1,Markets
2025-10-17,academic,senate_prob,prob,0.2478,0.0264,0.6791,spread,6,Academic
2025-10-18,polling,senate_prob,prob,0.0739,0.0528,0.0859,spread,5,Polling
2025-10-18,market,senate_prob,prob,0.2338,,,,1,Markets
2025-10-18,academic,senate_prob,prob,0.2482,0.0264,0.6792,spread,6,Academic
2025-10-19,polling,senate_prob,prob,0.0742,0.0527,0.0858,spread,5,Polling
2025-10-19,market,senate_prob,prob,0.2315,,,,1,Markets
2025-10-19,academic,senate_prob,prob,0.2494,0.0264,0.6794,spread,6,Academic
2025-10-20,polling,senate_prob,prob,0.0748,0.0527,0.0857,spread,5,Polling
2025-10-20,market,senate_prob,prob,0.2337,,,,1,Markets
2025-10-20,academic,senate_prob,prob,0.2505,0.0264,0.6795,spread,6,Academic
2025-10-21,polling,senate_prob,prob,0.0778,0.0566,0.0914,spread,5,Polling
2025-10-21,market,senate_prob,prob,0.2314,,,,1,Markets
2025-10-21,academic,senate_prob,prob,0.2505,0.0264,0.6795,spread,6,Academic
2025-10-22,polling,senate_prob,prob,0.0845,0.0756,0.0995,spread,5,Polling
2025-10-22,market,senate_prob,prob,0.2338,,,,1,Markets
2025-10-22,academic,senate_prob,prob,0.2505,0.0264,0.6796,spread,6,Academic
2025-10-23,polling,senate_prob,prob,0.084,0.0756,0.0993,spread,5,Polling
2025-10-23,market,senate_prob,prob,0.2361,,,,1,Markets
2025-10-23,academic,senate_prob,prob,0.2496,0.0264,0.6797,spread,6,Academic
2025-10-24,polling,senate_prob,prob,0.0839,0.0755,0.0993,spread,5,Polling
2025-10-24,market,senate_prob,prob,0.2284,,,,1,Markets
2025-10-24,academic,senate_prob,prob,0.2496,0.0264,0.6797,spread,6,Academic
2025-10-25,polling,senate_prob,prob,0.0838,0.0754,0.0992,spread,5,Polling
2025-10-25,market,senate_prob,prob,0.2246,,,,1,Markets
2025-10-25,academic,senate_prob,prob,0.2495,0.0264,0.6798,spread,6,Academic
2025-10-26,polling,senate_prob,prob,0.0846,0.0752,0.0992,spread,5,Polling
2025-10-26,market,senate_prob,prob,0.2255,,,,1,Markets
2025-10-26,academic,senate_prob,prob,0.25,0.0264,0.6798,spread,6,Academic
2025-10-27,polling,senate_prob,prob,0.0827,0.0751,0.0934,spread,5,Polling
2025-10-27,market,senate_prob,prob,0.2268,,,,1,Markets
2025-10-27,academic,senate_prob,prob,0.2479,0.0264,0.68,spread,6,Academic
2025-10-28,polling,senate_prob,prob,0.0891,0.0698,0.1018,spread,5,Polling
2025-10-28,market,senate_prob,prob,0.2348,,,,1,Markets
2025-10-28,academic,senate_prob,prob,0.2496,0.0264,0.6802,spread,6,Academic
2025-10-29,polling,senate_prob,prob,0.0895,0.0695,0.1017,spread,5,Polling
2025-10-29,market,senate_prob,prob,0.2479,,,,1,Markets
2025-10-29,academic,senate_prob,prob,0.2505,0.0264,0.6802,spread,6,Academic
2025-10-30,polling,senate_prob,prob,0.0832,0.0694,0.1017,spread,5,Polling
2025-10-30,market,senate_prob,prob,0.2368,,,,1,Markets
2025-10-30,academic,senate_prob,prob,0.2501,0.0264,0.6805,spread,6,Academic
2025-10-31,polling,senate_prob,prob,0.0894,0.0769,0.1015,spread,5,Polling
2025-10-31,market,senate_prob,prob,0.2447,,,,1,Markets
2025-10-31,academic,senate_prob,prob,0.2499,0.0264,0.6807,spread,6,Academic
2025-11-01,polling,senate_prob,prob,0.0892,0.0767,0.1013,spread,5,Polling
2025-11-01,market,senate_prob,prob,0.2604,,,,1,Markets
2025-11-01,academic,senate_prob,prob,0.2441,0.0264,0.647,spread,6,Academic
2025-11-02,polling,senate_prob,prob,0.0918,0.0803,0.1011,spread,5,Polling
2025-11-02,market,senate_prob,prob,0.2654,,,,1,Markets
2025-11-02,academic,senate_prob,prob,0.2444,0.0264,0.6472,spread,6,Academic
2025-11-03,polling,senate_prob,prob,0.0916,0.0801,0.1011,spread,5,Polling
2025-11-03,market,senate_prob,prob,0.2644,,,,1,Markets
2025-11-03,academic,senate_prob,prob,0.2444,0.0264,0.6472,spread,6,Academic
2025-11-04,polling,senate_prob,prob,0.0871,0.066,0.1007,spread,5,Polling
2025-11-04,market,senate_prob,prob,0.2543,,,,1,Markets
2025-11-04,academic,senate_prob,prob,0.2488,0.0264,0.6472,spread,6,Academic
2025-11-05,polling,senate_prob,prob,0.0898,0.0657,0.1177,spread,5,Polling
2025-11-05,market,senate_prob,prob,0.2682,,,,1,Markets
2025-11-05,academic,senate_prob,prob,0.2497,0.0264,0.6591,spread,6,Academic
2025-11-06,polling,senate_prob,prob,0.0921,0.0656,0.1177,spread,5,Polling
2025-11-06,market,senate_prob,prob,0.3473,,,,1,Markets
2025-11-06,academic,senate_prob,prob,0.2525,0.0264,0.6654,spread,6,Academic
2025-11-07,polling,senate_prob,prob,0.0946,0.0709,0.1174,spread,5,Polling
2025-11-07,market,senate_prob,prob,0.3268,,,,1,Markets
2025-11-07,academic,senate_prob,prob,0.2524,0.0264,0.6655,spread,6,Academic
2025-11-08,polling,senate_prob,prob,0.0945,0.0709,0.1173,spread,5,Polling
2025-11-08,market,senate_prob,prob,0.3174,,,,1,Markets
2025-11-08,academic,senate_prob,prob,0.2524,0.0264,0.6657,spread,6,Academic
2025-11-09,polling,senate_prob,prob,0.0947,0.0709,0.1172,spread,5,Polling
2025-11-09,market,senate_prob,prob,0.3118,,,,1,Markets
2025-11-09,academic,senate_prob,prob,0.2528,0.0264,0.6659,spread,6,Academic
2025-11-10,polling,senate_prob,prob,0.0958,0.0708,0.1171,spread,5,Polling
2025-11-10,market,senate_prob,prob,0.3241,,,,1,Markets
2025-11-10,academic,senate_prob,prob,0.2561,0.0264,0.6714,spread,6,Academic
2025-11-11,polling,senate_prob,prob,0.1095,0.0893,0.1313,spread,5,Polling
2025-11-11,market,senate_prob,prob,0.2776,,,,1,Markets
2025-11-11,academic,senate_prob,prob,0.2565,0.0264,0.6771,spread,6,Academic
2025-11-12,polling,senate_prob,prob,0.109,0.0936,0.1312,spread,5,Polling
2025-11-12,market,senate_prob,prob,0.2979,,,,1,Markets
2025-11-12,academic,senate_prob,prob,0.258,0.0264,0.6772,spread,6,Academic
2025-11-13,polling,senate_prob,prob,0.1069,0.094,0.1311,spread,5,Polling
2025-11-13,market,senate_prob,prob,0.3093,,,,1,Markets
2025-11-13,academic,senate_prob,prob,0.2621,0.0264,0.6774,spread,6,Academic
2025-11-14,polling,senate_prob,prob,0.1154,0.1064,0.1348,spread,5,Polling
2025-11-14,market,senate_prob,prob,0.3103,,,,1,Markets
2025-11-14,academic,senate_prob,prob,0.2641,0.0264,0.6774,spread,6,Academic
2025-11-15,polling,senate_prob,prob,0.1152,0.1061,0.1346,spread,5,Polling
2025-11-15,market,senate_prob,prob,0.3124,,,,1,Markets
2025-11-15,academic,senate_prob,prob,0.2644,0.0264,0.6776,spread,6,Academic
2025-11-16,polling,senate_prob,prob,0.1157,0.1061,0.1343,spread,5,Polling
2025-11-16,market,senate_prob,prob,0.334,,,,1,Markets
2025-11-16,academic,senate_prob,prob,0.2652,0.0264,0.6777,spread,6,Academic
2025-11-17,polling,senate_prob,prob,0.1171,0.1057,0.1341,spread,5,Polling
2025-11-17,market,senate_prob,prob,0.3373,,,,1,Markets
2025-11-17,academic,senate_prob,prob,0.2669,0.0264,0.6778,spread,6,Academic
2025-11-18,polling,senate_prob,prob,0.1113,0.0988,0.1218,spread,5,Polling
2025-11-18,market,senate_prob,prob,0.331,,,,1,Markets
2025-11-18,academic,senate_prob,prob,0.2664,0.0264,0.6778,spread,6,Academic
2025-11-19,polling,senate_prob,prob,0.1411,0.1189,0.1672,spread,5,Polling
2025-11-19,market,senate_prob,prob,0.3338,,,,1,Markets
2025-11-19,academic,senate_prob,prob,0.2665,0.0264,0.6779,spread,6,Academic
2025-11-20,polling,senate_prob,prob,0.1425,0.1188,0.167,spread,5,Polling
2025-11-20,market,senate_prob,prob,0.332,,,,1,Markets
2025-11-20,academic,senate_prob,prob,0.2696,0.0264,0.6841,spread,6,Academic
2025-11-21,polling,senate_prob,prob,0.1424,0.1187,0.1666,spread,5,Polling
2025-11-21,market,senate_prob,prob,0.3373,,,,1,Markets
2025-11-21,academic,senate_prob,prob,0.2695,0.0264,0.6843,spread,6,Academic
2025-11-22,polling,senate_prob,prob,0.1422,0.1186,0.1666,spread,5,Polling
2025-11-22,market,senate_prob,prob,0.3343,,,,1,Markets
2025-11-22,academic,senate_prob,prob,0.2695,0.0264,0.6845,spread,6,Academic
2025-11-23,polling,senate_prob,prob,0.1415,0.1184,0.1665,spread,5,Polling
2025-11-23,market,senate_prob,prob,0.3377,,,,1,Markets
2025-11-23,academic,senate_prob,prob,0.2689,0.0264,0.6846,spread,6,Academic
2025-11-24,polling,senate_prob,prob,0.1367,0.1182,0.1574,spread,5,Polling
2025-11-24,market,senate_prob,prob,0.3393,,,,1,Markets
2025-11-24,academic,senate_prob,prob,0.2677,0.0264,0.6847,spread,6,Academic
2025-11-25,polling,senate_prob,prob,0.1422,0.1182,0.1716,spread,5,Polling
2025-11-25,market,senate_prob,prob,0.3394,,,,1,Markets
2025-11-25,academic,senate_prob,prob,0.2687,0.0264,0.6847,spread,6,Academic
2025-11-26,polling,senate_prob,prob,0.1414,0.1179,0.1618,spread,6,Polling
2025-11-26,market,senate_prob,prob,0.3275,,,,1,Markets
2025-11-26,academic,senate_prob,prob,0.2692,0.0264,0.6848,spread,6,Academic
2025-11-27,polling,senate_prob,prob,0.1408,0.1179,0.1615,spread,6,Polling
2025-11-27,market,senate_prob,prob,0.3206,,,,1,Markets
2025-11-27,academic,senate_prob,prob,0.2689,0.0264,0.6849,spread,6,Academic
2025-11-28,polling,senate_prob,prob,0.1406,0.1176,0.1613,spread,6,Polling
2025-11-28,market,senate_prob,prob,0.3332,,,,1,Markets
2025-11-28,academic,senate_prob,prob,0.2688,0.0264,0.6851,spread,6,Academic
2025-11-29,polling,senate_prob,prob,0.1397,0.1143,0.1597,spread,6,Polling
2025-11-29,market,senate_prob,prob,0.3285,,,,1,Markets
2025-11-29,academic,senate_prob,prob,0.2696,0.0264,0.6915,spread,6,Academic
2025-11-30,polling,senate_prob,prob,0.1391,0.114,0.158,spread,6,Polling
2025-11-30,market,senate_prob,prob,0.3269,,,,1,Markets
2025-11-30,academic,senate_prob,prob,0.2691,0.0264,0.6916,spread,6,Academic
2025-12-01,polling,senate_prob,prob,0.1383,0.1138,0.1564,spread,6,Polling
2025-12-01,market,senate_prob,prob,0.3252,,,,1,Markets
2025-12-01,academic,senate_prob,prob,0.2588,0.0264,0.6351,spread,6,Academic
2025-12-02,polling,senate_prob,prob,0.1462,0.1172,0.1752,spread,6,Polling
2025-12-02,market,senate_prob,prob,0.3301,,,,1,Markets
2025-12-02,academic,senate_prob,prob,0.2598,0.0264,0.6351,spread,6,Academic
2025-12-03,polling,senate_prob,prob,0.1455,0.1168,0.1751,spread,6,Polling
2025-12-03,market,senate_prob,prob,0.335,,,,1,Markets
2025-12-03,academic,senate_prob,prob,0.2586,0.0264,0.6353,spread,6,Academic
2025-12-04,polling,senate_prob,prob,0.1347,0.0906,0.1604,spread,6,Polling
2025-12-04,market,senate_prob,prob,0.3875,,,,1,Markets
2025-12-04,academic,senate_prob,prob,0.2499,0.0264,0.6354,spread,6,Academic
2025-12-05,polling,senate_prob,prob,0.1327,0.0814,0.1517,spread,6,Polling
2025-12-05,market,senate_prob,prob,0.3786,,,,1,Markets
2025-12-05,academic,senate_prob,prob,0.2479,0.0264,0.6419,spread,6,Academic
2025-12-06,polling,senate_prob,prob,0.12,0.0799,0.1516,spread,6,Polling
2025-12-06,market,senate_prob,prob,0.3562,,,,1,Markets
2025-12-06,academic,senate_prob,prob,0.2479,0.0264,0.642,spread,6,Academic
2025-12-07,polling,senate_prob,prob,0.1194,0.0798,0.1515,spread,6,Polling
2025-12-07,market,senate_prob,prob,0.3546,,,,1,Markets
2025-12-07,academic,senate_prob,prob,0.2487,0.0264,0.6421,spread,6,Academic
2025-12-08,polling,senate_prob,prob,0.1188,0.0796,0.1512,spread,6,Polling
2025-12-08,market,senate_prob,prob,0.3477,,,,1,Markets
2025-12-08,academic,senate_prob,prob,0.2482,0.0264,0.6475,spread,6,Academic
2025-12-09,polling,senate_prob,prob,0.1073,0.0811,0.1406,spread,6,Polling
2025-12-09,market,senate_prob,prob,0.3528,,,,1,Markets
2025-12-09,academic,senate_prob,prob,0.2481,0.0264,0.6476,spread,6,Academic
2025-12-10,polling,senate_prob,prob,0.1048,0.0775,0.1391,spread,6,Polling
2025-12-10,market,senate_prob,prob,0.3512,,,,1,Markets
2025-12-10,academic,senate_prob,prob,0.2468,0.0264,0.6476,spread,6,Academic
2025-12-11,polling,senate_prob,prob,0.103,0.0776,0.1389,spread,6,Polling
2025-12-11,market,senate_prob,prob,0.3514,,,,1,Markets
2025-12-11,academic,senate_prob,prob,0.247,0.0264,0.6477,spread,6,Academic
2025-12-12,polling,senate_prob,prob,0.1029,0.0775,0.1386,spread,6,Polling
2025-12-12,market,senate_prob,prob,0.3567,,,,1,Markets
2025-12-12,academic,senate_prob,prob,0.247,0.0264,0.6478,spread,6,Academic
2025-12-13,polling,senate_prob,prob,0.1032,0.0775,0.1383,spread,6,Polling
2025-12-13,market,senate_prob,prob,0.3477,,,,1,Markets
2025-12-13,academic,senate_prob,prob,0.2472,0.0264,0.6478,spread,6,Academic
2025-12-14,polling,senate_prob,prob,0.1033,0.0785,0.1381,spread,6,Polling
2025-12-14,market,senate_prob,prob,0.3491,,,,1,Markets
2025-12-14,academic,senate_prob,prob,0.2473,0.0264,0.6478,spread,6,Academic
2025-12-15,polling,senate_prob,prob,0.1032,0.0784,0.1379,spread,6,Polling
2025-12-15,market,senate_prob,prob,0.3476,,,,1,Markets
2025-12-15,academic,senate_prob,prob,0.248,0.0264,0.6533,spread,6,Academic
2025-12-16,polling,senate_prob,prob,0.0973,0.0749,0.1378,spread,6,Polling
2025-12-16,market,senate_prob,prob,0.3447,,,,1,Markets
2025-12-16,academic,senate_prob,prob,0.2467,0.0264,0.6534,spread,6,Academic
2025-12-17,polling,senate_prob,prob,0.0941,0.0728,0.1376,spread,6,Polling
2025-12-17,market,senate_prob,prob,0.3431,,,,1,Markets
2025-12-17,academic,senate_prob,prob,0.2481,0.0264,0.6601,spread,6,Academic
2025-12-18,polling,senate_prob,prob,0.0868,0.0726,0.1212,spread,6,Polling
2025-12-18,market,senate_prob,prob,0.3431,,,,1,Markets
2025-12-18,academic,senate_prob,prob,0.2481,0.0264,0.6603,spread,6,Academic
2025-12-19,polling,senate_prob,prob,0.0899,0.0706,0.1181,spread,6,Polling
2025-12-19,market,senate_prob,prob,0.3474,,,,1,Markets
2025-12-19,academic,senate_prob,prob,0.2535,0.0264,0.6664,spread,6,Academic
2025-12-20,polling,senate_prob,prob,0.1181,0.0862,0.1623,spread,6,Polling
2025-12-20,market,senate_prob,prob,0.3476,,,,1,Markets
2025-12-20,academic,senate_prob,prob,0.2536,0.0264,0.6664,spread,6,Academic
2025-12-21,polling,senate_prob,prob,0.12,0.0859,0.1621,spread,6,Polling
2025-12-21,market,senate_prob,prob,0.3244,0.3029,0.3459,spread,2,Markets
2025-12-21,academic,senate_prob,prob,0.2539,0.0264,0.6666,spread,6,Academic
2025-12-22,polling,senate_prob,prob,0.1256,0.0844,0.1821,spread,6,Polling
2025-12-22,market,senate_prob,prob,0.3285,0.3095,0.3474,spread,2,Markets
2025-12-22,academic,senate_prob,prob,0.2529,0.0264,0.6667,spread,6,Academic
2025-12-23,polling,senate_prob,prob,0.1242,0.0842,0.1572,spread,6,Polling
2025-12-23,market,senate_prob,prob,0.3227,0.2973,0.3482,spread,2,Markets
2025-12-23,academic,senate_prob,prob,0.2536,0.0255,0.6722,spread,6,Academic
2025-12-24,polling,senate_prob,prob,0.1241,0.084,0.1572,spread,6,Polling
2025-12-24,market,senate_prob,prob,0.322,0.2928,0.3511,spread,2,Markets
2025-12-24,academic,senate_prob,prob,0.2536,0.0255,0.6724,spread,6,Academic
2025-12-25,polling,senate_prob,prob,0.1247,0.0924,0.157,spread,6,Polling
2025-12-25,market,senate_prob,prob,0.3211,0.2896,0.3526,spread,2,Markets
2025-12-25,academic,senate_prob,prob,0.2565,0.0255,0.6726,spread,6,Academic
2025-12-26,polling,senate_prob,prob,0.1179,0.0922,0.1568,spread,6,Polling
2025-12-26,market,senate_prob,prob,0.3192,0.2851,0.3533,spread,2,Markets
2025-12-26,academic,senate_prob,prob,0.2564,0.0255,0.6727,spread,6,Academic
2025-12-27,polling,senate_prob,prob,0.1178,0.0922,0.1567,spread,6,Polling
2025-12-27,market,senate_prob,prob,0.316,0.2838,0.3483,spread,2,Markets
2025-12-27,academic,senate_prob,prob,0.2564,0.0255,0.6728,spread,6,Academic
2025-12-28,polling,senate_prob,prob,0.1174,0.0905,0.1565,spread,6,Polling
2025-12-28,market,senate_prob,prob,0.3169,0.2838,0.35,spread,2,Markets
2025-12-28,academic,senate_prob,prob,0.2562,0.0255,0.673,spread,6,Academic
2025-12-29,polling,senate_prob,prob,0.1174,0.0911,0.1563,spread,6,Polling
2025-12-29,market,senate_prob,prob,0.3167,0.2864,0.3471,spread,2,Markets
2025-12-29,academic,senate_prob,prob,0.2567,0.0255,0.6731,spread,6,Academic
2025-12-30,polling,senate_prob,prob,0.1172,0.0909,0.1562,spread,6,Polling
2025-12-30,market,senate_prob,prob,0.3156,0.2928,0.3385,spread,2,Markets
2025-12-30,academic,senate_prob,prob,0.2566,0.0255,0.6733,spread,6,Academic
2025-12-31,polling,senate_prob,prob,0.1177,0.0962,0.1561,spread,6,Polling
2025-12-31,market,senate_prob,prob,0.316,0.2928,0.3392,spread,2,Markets
2025-12-31,academic,senate_prob,prob,0.2585,0.0255,0.6734,spread,6,Academic
2026-01-01,polling,senate_prob,prob,0.1197,0.0989,0.1558,spread,6,Polling
2026-01-01,market,senate_prob,prob,0.3241,0.3018,0.3465,spread,2,Markets
2026-01-01,academic,senate_prob,prob,0.262,0.0255,0.6624,spread,6,Academic
2026-01-02,polling,senate_prob,prob,0.1195,0.0987,0.1558,spread,6,Polling
2026-01-02,market,senate_prob,prob,0.3347,0.3018,0.3677,spread,2,Markets
2026-01-02,academic,senate_prob,prob,0.2623,0.0255,0.6626,spread,6,Academic
2026-01-03,polling,senate_prob,prob,0.1191,0.0985,0.1557,spread,6,Polling
2026-01-03,market,senate_prob,prob,0.3301,0.2944,0.3657,spread,2,Markets
2026-01-03,academic,senate_prob,prob,0.2619,0.0255,0.6628,spread,6,Academic
2026-01-04,polling,senate_prob,prob,0.1309,0.105,0.1748,spread,6,Polling
2026-01-04,market,senate_prob,prob,0.3231,0.285,0.3612,spread,2,Markets
2026-01-04,academic,senate_prob,prob,0.2608,0.0255,0.663,spread,6,Academic
2026-01-05,polling,senate_prob,prob,0.1339,0.1049,0.1747,spread,6,Polling
2026-01-05,market,senate_prob,prob,0.3227,0.285,0.3604,spread,2,Markets
2026-01-05,academic,senate_prob,prob,0.2676,0.0255,0.663,spread,6,Academic
2026-01-06,polling,senate_prob,prob,0.1336,0.1047,0.1746,spread,6,Polling
2026-01-06,market,senate_prob,prob,0.3261,0.2919,0.3604,spread,2,Markets
2026-01-06,academic,senate_prob,prob,0.2683,0.0255,0.6631,spread,6,Academic
2026-01-07,polling,senate_prob,prob,0.1346,0.1047,0.1689,spread,6,Polling
2026-01-07,market,senate_prob,prob,0.3253,0.2933,0.3572,spread,2,Markets
2026-01-07,academic,senate_prob,prob,0.2674,0.0255,0.6688,spread,6,Academic
2026-01-08,polling,senate_prob,prob,0.1318,0.1045,0.1684,spread,6,Polling
2026-01-08,market,senate_prob,prob,0.3314,0.2961,0.3667,spread,2,Markets
2026-01-08,academic,senate_prob,prob,0.2645,0.0255,0.6751,spread,6,Academic
2026-01-09,polling,senate_prob,prob,0.1309,0.0932,0.1683,spread,6,Polling
2026-01-09,market,senate_prob,prob,0.337,0.2976,0.3765,spread,2,Markets
2026-01-09,academic,senate_prob,prob,0.2566,0.0255,0.6752,spread,6,Academic
2026-01-10,polling,senate_prob,prob,0.1308,0.0931,0.1682,spread,6,Polling
2026-01-10,market,senate_prob,prob,0.3325,0.2892,0.3757,spread,2,Markets
2026-01-10,academic,senate_prob,prob,0.2566,0.0255,0.6753,spread,6,Academic
2026-01-11,polling,senate_prob,prob,0.1301,0.0899,0.1679,spread,6,Polling
2026-01-11,market,senate_prob,prob,0.3281,0.2906,0.3655,spread,2,Markets
2026-01-11,academic,senate_prob,prob,0.2555,0.0255,0.6755,spread,6,Academic
2026-01-12,polling,senate_prob,prob,0.1239,0.0959,0.1631,spread,6,Polling
2026-01-12,market,senate_prob,prob,0.3235,0.2906,0.3564,spread,2,Markets
2026-01-12,academic,senate_prob,prob,0.2577,0.0255,0.6759,spread,6,Academic
2026-01-13,polling,senate_prob,prob,0.1221,0.0926,0.1535,spread,6,Polling
2026-01-13,market,senate_prob,prob,0.3303,0.3043,0.3562,spread,2,Markets
2026-01-13,academic,senate_prob,prob,0.2577,0.0255,0.682,spread,6,Academic
2026-01-14,polling,senate_prob,prob,0.1239,0.1043,0.1533,spread,6,Polling
2026-01-14,market,senate_prob,prob,0.3321,0.3077,0.3565,spread,2,Markets
2026-01-14,academic,senate_prob,prob,0.2616,0.0255,0.6822,spread,6,Academic
2026-01-15,polling,senate_prob,prob,0.1231,0.108,0.1532,spread,6,Polling
2026-01-15,market,senate_prob,prob,0.3355,0.3073,0.3637,spread,2,Markets
2026-01-15,academic,senate_prob,prob,0.2624,0.0255,0.6823,spread,6,Academic
2026-01-16,polling,senate_prob,prob,0.1092,0.0999,0.1205,spread,6,Polling
2026-01-16,market,senate_prob,prob,0.3333,0.3029,0.3637,spread,2,Markets
2026-01-16,academic,senate_prob,prob,0.2623,0.0255,0.6824,spread,6,Academic
2026-01-17,polling,senate_prob,prob,0.1093,0.0998,0.1202,spread,6,Polling
2026-01-17,market,senate_prob,prob,0.3275,0.3,0.3549,spread,2,Markets
2026-01-17,academic,senate_prob,prob,0.2627,0.0255,0.6825,spread,6,Academic
2026-01-18,polling,senate_prob,prob,0.1089,0.0997,0.1201,spread,6,Polling
2026-01-18,market,senate_prob,prob,0.3277,0.3,0.3554,spread,2,Markets
2026-01-18,academic,senate_prob,prob,0.2623,0.0255,0.6826,spread,6,Academic
2026-01-19,polling,senate_prob,prob,0.1112,0.0995,0.1328,spread,6,Polling
2026-01-19,market,senate_prob,prob,0.3256,0.2961,0.355,spread,2,Markets
2026-01-19,academic,senate_prob,prob,0.263,0.0255,0.6827,spread,6,Academic
2026-01-20,polling,senate_prob,prob,0.1172,0.0993,0.1281,spread,6,Polling
2026-01-20,market,senate_prob,prob,0.3281,0.3024,0.3539,spread,2,Markets
2026-01-20,academic,senate_prob,prob,0.2691,0.0255,0.6895,spread,6,Academic
2026-01-21,polling,senate_prob,prob,0.1171,0.0992,0.1278,spread,6,Polling
2026-01-21,market,senate_prob,prob,0.3325,0.3043,0.3606,spread,2,Markets
2026-01-21,academic,senate_prob,prob,0.2691,0.0255,0.6897,spread,6,Academic
2026-01-22,polling,senate_prob,prob,0.127,0.1125,0.1358,spread,6,Polling
2026-01-22,market,senate_prob,prob,0.3349,0.3134,0.3565,spread,2,Markets
2026-01-22,academic,senate_prob,prob,0.2684,0.0255,0.6898,spread,6,Academic
2026-01-23,polling,senate_prob,prob,0.1345,0.1124,0.1486,spread,6,Polling
2026-01-23,market,senate_prob,prob,0.3295,0.3024,0.3565,spread,2,Markets
2026-01-23,academic,senate_prob,prob,0.2685,0.0255,0.69,spread,6,Academic
2026-01-24,polling,senate_prob,prob,0.1351,0.1124,0.1484,spread,6,Polling
2026-01-24,market,senate_prob,prob,0.3254,0.3024,0.3483,spread,2,Markets
2026-01-24,academic,senate_prob,prob,0.2684,0.0255,0.6901,spread,6,Academic
2026-01-25,polling,senate_prob,prob,0.1322,0.1159,0.1482,spread,6,Polling
2026-01-25,market,senate_prob,prob,0.3272,0.3024,0.352,spread,2,Markets
2026-01-25,academic,senate_prob,prob,0.2676,0.0255,0.6904,spread,6,Academic
2026-01-26,polling,senate_prob,prob,0.1323,0.1158,0.1477,spread,6,Polling
2026-01-26,market,senate_prob,prob,0.3352,0.3058,0.3646,spread,2,Markets
2026-01-26,academic,senate_prob,prob,0.2682,0.0255,0.6906,spread,6,Academic
2026-01-27,polling,senate_prob,prob,0.1346,0.1154,0.165,spread,6,Polling
2026-01-27,market,senate_prob,prob,0.3498,0.3269,0.3727,spread,2,Markets
2026-01-27,academic,senate_prob,prob,0.2681,0.0255,0.6956,spread,6,Academic
2026-01-28,polling,senate_prob,prob,0.1311,0.1119,0.1475,spread,6,Polling
2026-01-28,market,senate_prob,prob,0.3472,0.3285,0.3659,spread,2,Markets
2026-01-28,academic,senate_prob,prob,0.2685,0.0255,0.6957,spread,6,Academic
2026-01-29,polling,senate_prob,prob,0.1314,0.1119,0.1474,spread,6,Polling
2026-01-29,market,senate_prob,prob,0.3458,0.3254,0.3662,spread,2,Markets
2026-01-29,academic,senate_prob,prob,0.2691,0.0255,0.6958,spread,6,Academic
2026-01-30,polling,senate_prob,prob,0.1376,0.1148,0.1808,spread,6,Polling
2026-01-30,market,senate_prob,prob,0.3485,0.327,0.37,spread,2,Markets
2026-01-30,academic,senate_prob,prob,0.2697,0.0255,0.6959,spread,6,Academic
2026-01-31,polling,senate_prob,prob,0.1377,0.1146,0.1807,spread,6,Polling
2026-01-31,market,senate_prob,prob,0.3489,0.3286,0.3692,spread,2,Markets
2026-01-31,academic,senate_prob,prob,0.2697,0.0255,0.6959,spread,6,Academic
2026-02-01,polling,senate_prob,prob,0.2322,0.1847,0.2904,spread,6,Polling
2026-02-01,market,senate_prob,prob,0.3449,0.3206,0.3693,spread,2,Markets
2026-02-01,academic,senate_prob,prob,0.2718,0.0255,0.7066,spread,6,Academic
2026-02-02,polling,senate_prob,prob,0.2357,0.2049,0.2903,spread,6,Polling
2026-02-02,market,senate_prob,prob,0.3554,0.3333,0.3775,spread,2,Markets
2026-02-02,academic,senate_prob,prob,0.2726,0.0255,0.7067,spread,6,Academic
2026-02-03,polling,senate_prob,prob,0.2427,0.2046,0.29,spread,6,Polling
2026-02-03,market,senate_prob,prob,0.373,0.3555,0.3906,spread,2,Markets
2026-02-03,academic,senate_prob,prob,0.2737,0.0255,0.7069,spread,6,Academic
2026-02-04,polling,senate_prob,prob,0.2339,0.1998,0.2696,spread,6,Polling
2026-02-04,market,senate_prob,prob,0.3735,0.3555,0.3915,spread,2,Markets
2026-02-04,academic,senate_prob,prob,0.2726,0.0255,0.7136,spread,6,Academic
2026-02-05,polling,senate_prob,prob,0.2337,0.1996,0.2695,spread,6,Polling
2026-02-05,market,senate_prob,prob,0.3624,0.3505,0.3743,spread,2,Markets
2026-02-05,academic,senate_prob,prob,0.2723,0.0255,0.7137,spread,6,Academic
2026-02-06,polling,senate_prob,prob,0.2352,0.1995,0.2694,spread,6,Polling
2026-02-06,market,senate_prob,prob,0.3617,0.3505,0.3728,spread,2,Markets
2026-02-06,academic,senate_prob,prob,0.2732,0.0255,0.7191,spread,6,Academic
2026-02-07,polling,senate_prob,prob,0.2345,0.1994,0.2692,spread,6,Polling
2026-02-07,market,senate_prob,prob,0.3635,0.3521,0.3748,spread,2,Markets
2026-02-07,academic,senate_prob,prob,0.2729,0.0255,0.7192,spread,6,Academic
2026-02-08,polling,senate_prob,prob,0.2316,0.196,0.264,spread,6,Polling
2026-02-08,market,senate_prob,prob,0.3665,0.3581,0.3749,spread,2,Markets
2026-02-08,academic,senate_prob,prob,0.2745,0.0255,0.7194,spread,6,Academic
2026-02-09,polling,senate_prob,prob,0.2317,0.1959,0.2634,spread,6,Polling
2026-02-09,market,senate_prob,prob,0.3599,0.3535,0.3662,spread,2,Markets
2026-02-09,academic,senate_prob,prob,0.2749,0.0255,0.7194,spread,6,Academic
2026-02-10,polling,senate_prob,prob,0.2299,0.1996,0.2631,spread,6,Polling
2026-02-10,market,senate_prob,prob,0.3705,0.3519,0.3891,spread,2,Markets
2026-02-10,academic,senate_prob,prob,0.2725,0.0255,0.7195,spread,6,Academic
2026-02-11,polling,senate_prob,prob,0.2295,0.1956,0.2539,spread,6,Polling
2026-02-11,market,senate_prob,prob,0.3644,0.3519,0.3769,spread,2,Markets
2026-02-11,academic,senate_prob,prob,0.2726,0.0255,0.7196,spread,6,Academic
2026-02-12,polling,senate_prob,prob,0.2244,0.1915,0.2537,spread,6,Polling
2026-02-12,market,senate_prob,prob,0.3671,0.3519,0.3823,spread,2,Markets
2026-02-12,academic,senate_prob,prob,0.2675,0.0255,0.7198,spread,6,Academic
2026-02-13,polling,senate_prob,prob,0.2242,0.1913,0.2536,spread,6,Polling
2026-02-13,market,senate_prob,prob,0.369,0.3505,0.3875,spread,2,Markets
2026-02-13,academic,senate_prob,prob,0.2675,0.0255,0.7199,spread,6,Academic
2026-02-14,polling,senate_prob,prob,0.2233,0.191,0.2535,spread,6,Polling
2026-02-14,market,senate_prob,prob,0.3702,0.3565,0.384,spread,2,Markets
2026-02-14,academic,senate_prob,prob,0.2675,0.0255,0.7201,spread,6,Academic
2026-02-15,polling,senate_prob,prob,0.2243,0.191,0.2535,spread,6,Polling
2026-02-15,market,senate_prob,prob,0.3697,0.3565,0.3829,spread,2,Markets
2026-02-15,academic,senate_prob,prob,0.2693,0.0255,0.7202,spread,6,Academic
2026-02-16,polling,senate_prob,prob,0.2257,0.1906,0.2533,spread,6,Polling
2026-02-16,market,senate_prob,prob,0.376,0.3692,0.3829,spread,2,Markets
2026-02-16,academic,senate_prob,prob,0.2714,0.0255,0.7205,spread,6,Academic
2026-02-17,polling,senate_prob,prob,0.224,0.1699,0.2507,spread,6,Polling
2026-02-17,market,senate_prob,prob,0.3858,0.3657,0.4058,spread,2,Markets
2026-02-17,academic,senate_prob,prob,0.2715,0.0255,0.7206,spread,6,Academic
2026-02-18,polling,senate_prob,prob,0.2258,0.1698,0.2618,spread,6,Polling
2026-02-18,market,senate_prob,prob,0.385,0.3641,0.4058,spread,2,Markets
2026-02-18,academic,senate_prob,prob,0.2715,0.0255,0.7208,spread,6,Academic
2026-02-19,polling,senate_prob,prob,0.2225,0.1681,0.2553,spread,6,Polling
2026-02-19,market,senate_prob,prob,0.3912,0.3767,0.4058,spread,2,Markets
2026-02-19,academic,senate_prob,prob,0.2731,0.0255,0.7209,spread,6,Academic
2026-02-20,polling,senate_prob,prob,0.2281,0.2038,0.2575,spread,6,Polling
2026-02-20,market,senate_prob,prob,0.3906,0.3738,0.4075,spread,2,Markets
2026-02-20,academic,senate_prob,prob,0.2822,0.0709,0.7211,spread,6,Academic
2026-02-21,polling,senate_prob,prob,0.2269,0.1945,0.2597,spread,6,Polling
2026-02-21,market,senate_prob,prob,0.4027,0.3821,0.4232,spread,2,Markets
2026-02-21,academic,senate_prob,prob,0.2822,0.0709,0.7214,spread,6,Academic
2026-02-22,polling,senate_prob,prob,0.2285,0.1941,0.2596,spread,6,Polling
2026-02-22,market,senate_prob,prob,0.4102,0.3871,0.4332,spread,2,Markets
2026-02-22,academic,senate_prob,prob,0.285,0.0709,0.7216,spread,6,Academic
2026-02-23,polling,senate_prob,prob,0.2269,0.1941,0.2596,spread,6,Polling
2026-02-23,market,senate_prob,prob,0.4099,0.3913,0.4285,spread,2,Markets
2026-02-23,academic,senate_prob,prob,0.2824,0.0709,0.7217,spread,6,Academic
2026-02-24,polling,senate_prob,prob,0.2399,0.2202,0.2688,spread,6,Polling
2026-02-24,market,senate_prob,prob,0.3976,0.3785,0.4167,spread,2,Markets
2026-02-24,academic,senate_prob,prob,0.2823,0.0709,0.7218,spread,6,Academic
2026-02-25,polling,senate_prob,prob,0.2401,0.2201,0.2686,spread,6,Polling
2026-02-25,market,senate_prob,prob,0.3962,0.3785,0.4138,spread,2,Markets
2026-02-25,academic,senate_prob,prob,0.2827,0.0709,0.7218,spread,6,Academic
2026-02-26,polling,senate_prob,prob,0.2382,0.2119,0.2685,spread,6,Polling
2026-02-26,market,senate_prob,prob,0.3939,0.3785,0.4092,spread,2,Markets
2026-02-26,academic,senate_prob,prob,0.2802,0.0709,0.7218,spread,6,Academic
2026-02-27,polling,senate_prob,prob,0.2369,0.2067,0.2732,spread,6,Polling
2026-02-27,market,senate_prob,prob,0.4004,0.3913,0.4096,spread,2,Markets
2026-02-27,academic,senate_prob,prob,0.2787,0.0709,0.7218,spread,6,Academic
2026-02-28,polling,senate_prob,prob,0.2358,0.2066,0.278,spread,6,Polling
2026-02-28,market,senate_prob,prob,0.3939,0.375,0.4127,spread,2,Markets
2026-02-28,academic,senate_prob,prob,0.2787,0.0709,0.7218,spread,6,Academic
2026-03-01,polling,senate_prob,prob,0.2358,0.2071,0.2779,spread,6,Polling
2026-03-01,market,senate_prob,prob,0.3939,0.375,0.4127,spread,2,Markets
2026-03-01,academic,senate_prob,prob,0.2978,0.0709,0.7837,spread,6,Academic
2026-03-02,polling,senate_prob,prob,0.2351,0.2046,0.2776,spread,6,Polling
2026-03-02,market,senate_prob,prob,0.4031,0.3934,0.4127,spread,2,Markets
2026-03-02,academic,senate_prob,prob,0.2983,0.0709,0.7892,spread,6,Academic
2026-03-03,polling,senate_prob,prob,0.2418,0.1999,0.2775,spread,6,Polling
2026-03-03,market,senate_prob,prob,0.3682,0.3265,0.4099,spread,2,Markets
2026-03-03,academic,senate_prob,prob,0.297,0.0709,0.7892,spread,6,Academic
2026-03-04,polling,senate_prob,prob,0.2388,0.2003,0.2774,spread,6,Polling
2026-03-04,market,senate_prob,prob,0.4419,0.4121,0.4716,spread,2,Markets
2026-03-04,academic,senate_prob,prob,0.298,0.0709,0.7942,spread,6,Academic
2026-03-05,polling,senate_prob,prob,0.2321,0.202,0.2677,spread,6,Polling
2026-03-05,market,senate_prob,prob,0.4051,0.3972,0.4129,spread,2,Markets
2026-03-05,academic,senate_prob,prob,0.2998,0.0709,0.7942,spread,6,Academic
2026-03-06,polling,senate_prob,prob,0.2218,0.202,0.249,spread,6,Polling
2026-03-06,market,senate_prob,prob,0.4048,0.3972,0.4124,spread,2,Markets
2026-03-06,academic,senate_prob,prob,0.3004,0.0709,0.8,spread,6,Academic
2026-03-07,polling,senate_prob,prob,0.2195,0.1968,0.2489,spread,6,Polling
2026-03-07,market,senate_prob,prob,0.4189,0.4009,0.4369,spread,2,Markets
2026-03-07,academic,senate_prob,prob,0.3003,0.0709,0.8,spread,6,Academic
2026-03-08,polling,senate_prob,prob,0.2213,0.2018,0.2487,spread,6,Polling
2026-03-08,market,senate_prob,prob,0.4157,0.3973,0.4341,spread,2,Markets
2026-03-08,academic,senate_prob,prob,0.3002,0.0709,0.8,spread,6,Academic
2026-03-09,polling,senate_prob,prob,0.2183,0.1887,0.2469,spread,6,Polling
2026-03-09,market,senate_prob,prob,0.4394,0.4369,0.4419,spread,2,Markets
2026-03-09,academic,senate_prob,prob,0.2963,0.0709,0.8,spread,6,Academic
2026-03-10,polling,senate_prob,prob,0.2169,0.193,0.2452,spread,6,Polling
2026-03-10,market,senate_prob,prob,0.4585,0.45,0.467,spread,2,Markets
2026-03-10,academic,senate_prob,prob,0.2978,0.0709,0.8,spread,6,Academic
2026-03-11,polling,senate_prob,prob,0.2246,0.1893,0.2525,spread,6,Polling
2026-03-11,market,senate_prob,prob,0.4639,0.4608,0.467,spread,2,Markets
2026-03-11,academic,senate_prob,prob,0.2974,0.0709,0.8053,spread,6,Academic
2026-03-12,polling,senate_prob,prob,0.2238,0.1888,0.2525,spread,6,Polling
2026-03-12,market,senate_prob,prob,0.4585,0.4499,0.467,spread,2,Markets
2026-03-12,academic,senate_prob,prob,0.2973,0.0709,0.8053,spread,6,Academic
2026-03-13,polling,senate_prob,prob,0.2443,0.1964,0.2793,spread,6,Polling
2026-03-13,market,senate_prob,prob,0.4585,0.4499,0.467,spread,2,Markets
2026-03-13,academic,senate_prob,prob,0.2953,0.0709,0.8053,spread,6,Academic
2026-03-14,polling,senate_prob,prob,0.2442,0.1963,0.2792,spread,6,Polling
2026-03-14,market,senate_prob,prob,0.4894,0.4744,0.5045,spread,2,Markets
2026-03-14,academic,senate_prob,prob,0.2952,0.0709,0.8053,spread,6,Academic
2026-03-15,polling,senate_prob,prob,0.2435,0.1938,0.2789,spread,6,Polling
2026-03-15,market,senate_prob,prob,0.4941,0.4837,0.5045,spread,2,Markets
2026-03-15,academic,senate_prob,prob,0.2946,0.0709,0.8053,spread,6,Academic
2026-03-16,polling,senate_prob,prob,0.2444,0.2022,0.2782,spread,6,Polling
2026-03-16,market,senate_prob,prob,0.4986,0.4837,0.5136,spread,2,Markets
2026-03-16,academic,senate_prob,prob,0.2968,0.0709,0.8053,spread,6,Academic
2026-03-17,polling,senate_prob,prob,0.2334,0.2121,0.2529,spread,6,Polling
2026-03-17,market,senate_prob,prob,0.4989,0.4794,0.5183,spread,2,Markets
2026-03-17,academic,senate_prob,prob,0.302,0.0709,0.8053,spread,6,Academic
2026-03-18,polling,senate_prob,prob,0.2327,0.2119,0.2527,spread,6,Polling
2026-03-18,market,senate_prob,prob,0.5133,0.4937,0.533,spread,2,Markets
2026-03-18,academic,senate_prob,prob,0.3009,0.0709,0.8053,spread,6,Academic
2026-03-19,polling,senate_prob,prob,0.2334,0.2119,0.2543,spread,6,Polling
2026-03-19,market,senate_prob,prob,0.504,0.4988,0.5092,spread,2,Markets
2026-03-19,academic,senate_prob,prob,0.3017,0.0709,0.8053,spread,6,Academic
2026-03-20,polling,senate_prob,prob,0.2336,0.2074,0.2558,spread,6,Polling
2026-03-20,market,senate_prob,prob,0.5016,0.494,0.5092,spread,2,Markets
2026-03-20,academic,senate_prob,prob,0.3026,0.0709,0.8053,spread,6,Academic
2026-03-21,polling,senate_prob,prob,0.2387,0.2273,0.2574,spread,6,Polling
2026-03-21,market,senate_prob,prob,0.5044,0.4883,0.5205,spread,2,Markets
2026-03-21,academic,senate_prob,prob,0.3025,0.0709,0.8053,spread,6,Academic
2026-03-22,polling,senate_prob,prob,0.2388,0.2286,0.2572,spread,6,Polling
2026-03-22,market,senate_prob,prob,0.5048,0.4936,0.516,spread,2,Markets
2026-03-22,academic,senate_prob,prob,0.3029,0.0709,0.8053,spread,6,Academic
2026-03-23,polling,senate_prob,prob,0.2386,0.2288,0.2571,spread,6,Polling
2026-03-23,market,senate_prob,prob,0.5038,0.4936,0.5139,spread,2,Markets
2026-03-23,academic,senate_prob,prob,0.3031,0.0708,0.8053,spread,6,Academic
2026-03-24,polling,senate_prob,prob,0.2405,0.2269,0.2569,spread,6,Polling
2026-03-24,market,senate_prob,prob,0.5005,0.494,0.507,spread,2,Markets
2026-03-24,academic,senate_prob,prob,0.3026,0.0707,0.8053,spread,6,Academic
2026-03-25,polling,senate_prob,prob,0.2427,0.2247,0.2581,spread,6,Polling
2026-03-25,market,senate_prob,prob,0.4913,0.4734,0.5093,spread,2,Markets
2026-03-25,academic,senate_prob,prob,0.3029,0.0706,0.8053,spread,6,Academic
2026-03-26,polling,senate_prob,prob,0.2462,0.2164,0.2665,spread,6,Polling
2026-03-26,market,senate_prob,prob,0.4939,0.4784,0.5093,spread,2,Markets
2026-03-26,academic,senate_prob,prob,0.3044,0.0704,0.8053,spread,6,Academic
2026-03-27,polling,senate_prob,prob,0.2473,0.2212,0.2716,spread,6,Polling
2026-03-27,market,senate_prob,prob,0.5012,0.4932,0.5093,spread,2,Markets
2026-03-27,academic,senate_prob,prob,0.3053,0.0703,0.811,spread,6,Academic
2026-03-28,polling,senate_prob,prob,0.2484,0.2259,0.2767,spread,6,Polling
2026-03-28,market,senate_prob,prob,0.5184,0.4881,0.5487,spread,2,Markets
2026-03-28,academic,senate_prob,prob,0.3051,0.0701,0.811,spread,6,Academic
2026-03-29,polling,senate_prob,prob,0.2499,0.2306,0.2817,spread,6,Polling
2026-03-29,market,senate_prob,prob,0.4952,0.4881,0.5024,spread,2,Markets
2026-03-29,academic,senate_prob,prob,0.3055,0.0699,0.811,spread,6,Academic
2026-03-30,polling,senate_prob,prob,0.2519,0.2354,0.2868,spread,6,Polling
2026-03-30,market,senate_prob,prob,0.4987,0.4881,0.5094,spread,2,Markets
2026-03-30,academic,senate_prob,prob,0.3067,0.0698,0.811,spread,6,Academic
2026-03-31,polling,senate_prob,prob,0.2415,0.2199,0.2782,spread,6,Polling
2026-03-31,market,senate_prob,prob,0.5207,0.4881,0.5533,spread,2,Markets
2026-03-31,academic,senate_prob,prob,0.3068,0.0697,0.811,spread,6,Academic
2026-04-01,polling,senate_prob,prob,0.2342,0.2044,0.2697,spread,6,Polling
2026-04-01,market,senate_prob,prob,0.4929,0.4881,0.4977,spread,2,Markets
2026-04-01,academic,senate_prob,prob,0.3062,0.0694,0.831,spread,6,Academic
2026-04-02,polling,senate_prob,prob,0.2344,0.2061,0.2696,spread,6,Polling
2026-04-02,market,senate_prob,prob,0.4882,0.4881,0.4884,spread,2,Markets
2026-04-02,academic,senate_prob,prob,0.3061,0.0693,0.831,spread,6,Academic
2026-04-03,polling,senate_prob,prob,0.2348,0.2078,0.2694,spread,6,Polling
2026-04-03,market,senate_prob,prob,0.4859,0.4836,0.4881,spread,2,Markets
2026-04-03,academic,senate_prob,prob,0.3062,0.0693,0.831,spread,6,Academic
2026-04-04,polling,senate_prob,prob,0.2316,0.1983,0.2656,spread,6,Polling
2026-04-04,market,senate_prob,prob,0.5078,0.4881,0.5276,spread,2,Markets
2026-04-04,academic,senate_prob,prob,0.3062,0.0693,0.831,spread,6,Academic
2026-04-05,polling,senate_prob,prob,0.2268,0.1889,0.2617,spread,6,Polling
2026-04-05,market,senate_prob,prob,0.5,,,,1,Markets
2026-04-05,academic,senate_prob,prob,0.3034,0.069,0.831,spread,6,Academic
2026-04-06,polling,senate_prob,prob,0.2221,0.1794,0.2579,spread,6,Polling
2026-04-06,market,senate_prob,prob,0.5115,,,,1,Markets
2026-04-06,academic,senate_prob,prob,0.3011,0.0689,0.831,spread,6,Academic
2026-04-07,polling,senate_prob,prob,0.2159,0.17,0.254,spread,6,Polling
2026-04-07,market,senate_prob,prob,0.5116,,,,1,Markets
2026-04-07,academic,senate_prob,prob,0.2955,0.0687,0.831,spread,6,Academic
2026-04-08,polling,senate_prob,prob,0.217,0.1719,0.255,spread,6,Polling
2026-04-08,market,senate_prob,prob,0.5125,,,,1,Markets
2026-04-08,academic,senate_prob,prob,0.296,0.0684,0.831,spread,6,Academic
2026-04-09,polling,senate_prob,prob,0.2178,0.1737,0.2561,spread,6,Polling
2026-04-09,market,senate_prob,prob,0.5147,0.5069,0.5224,spread,2,Markets
2026-04-09,academic,senate_prob,prob,0.2965,0.0684,0.831,spread,6,Academic
2026-04-10,polling,senate_prob,prob,0.2185,0.1756,0.2571,spread,6,Polling
2026-04-10,market,senate_prob,prob,0.5241,0.5224,0.5258,spread,2,Markets
2026-04-10,academic,senate_prob,prob,0.2963,0.0683,0.831,spread,6,Academic
2026-04-11,polling,senate_prob,prob,0.219,0.1774,0.2582,spread,6,Polling
2026-04-11,market,senate_prob,prob,0.5298,0.5224,0.5373,spread,2,Markets
2026-04-11,academic,senate_prob,prob,0.2964,0.0679,0.831,spread,6,Academic
2026-04-12,polling,senate_prob,prob,0.2177,0.1694,0.2494,spread,6,Polling
2026-04-12,market,senate_prob,prob,0.5328,0.5224,0.5431,spread,2,Markets
2026-04-12,academic,senate_prob,prob,0.2996,0.0679,0.831,spread,6,Academic
2026-04-13,polling,senate_prob,prob,0.2144,0.1615,0.2406,spread,6,Polling
2026-04-13,market,senate_prob,prob,0.528,0.5224,0.5337,spread,2,Markets
2026-04-13,academic,senate_prob,prob,0.2993,0.0677,0.831,spread,6,Academic
2026-04-14,polling,senate_prob,prob,0.2153,0.1613,0.2404,spread,6,Polling
2026-04-14,market,senate_prob,prob,0.5265,0.5224,0.5307,spread,2,Markets
2026-04-14,academic,senate_prob,prob,0.301,0.0675,0.831,spread,6,Academic
2026-04-15,polling,senate_prob,prob,0.2161,0.1611,0.2402,spread,6,Polling
2026-04-15,market,senate_prob,prob,0.5267,0.5224,0.5309,spread,2,Markets
2026-04-15,academic,senate_prob,prob,0.3024,0.0672,0.831,spread,6,Academic
2026-04-16,polling,senate_prob,prob,0.2177,0.1609,0.2422,spread,6,Polling
2026-04-16,market,senate_prob,prob,0.5305,0.5224,0.5387,spread,2,Markets
2026-04-16,academic,senate_prob,prob,0.3053,0.067,0.831,spread,6,Academic
2026-04-17,polling,senate_prob,prob,0.2173,0.1608,0.2441,spread,6,Polling
2026-04-17,market,senate_prob,prob,0.5392,,,,1,Markets
2026-04-17,academic,senate_prob,prob,0.3054,0.0667,0.831,spread,6,Academic
2026-04-18,polling,senate_prob,prob,0.2165,0.1606,0.246,spread,6,Polling
2026-04-18,market,senate_prob,prob,0.5407,,,,1,Markets
2026-04-18,academic,senate_prob,prob,0.3047,0.0665,0.831,spread,6,Academic
2026-04-19,polling,senate_prob,prob,0.2168,0.1604,0.248,spread,6,Polling
2026-04-19,market,senate_prob,prob,0.5163,,,,1,Markets
2026-04-19,academic,senate_prob,prob,0.306,0.0663,0.831,spread,6,Academic
2026-04-20,polling,senate_prob,prob,0.2117,0.1595,0.2401,spread,6,Polling
2026-04-20,market,senate_prob,prob,0.5226,,,,1,Markets
2026-04-20,academic,senate_prob,prob,0.3049,0.0661,0.831,spread,6,Academic
2026-04-21,polling,senate_prob,prob,0.2072,0.1586,0.2321,spread,6,Polling
2026-04-21,market,senate_prob,prob,0.5238,,,,1,Markets
2026-04-21,academic,senate_prob,prob,0.305,0.066,0.831,spread,6,Academic
2026-04-22,polling,senate_prob,prob,0.2036,0.1577,0.2242,spread,6,Polling
2026-04-22,market,senate_prob,prob,0.527,0.5181,0.5359,spread,2,Markets
2026-04-22,academic,senate_prob,prob,0.3049,0.066,0.831,spread,6,Academic
2026-04-23,polling,senate_prob,prob,0.1967,0.1568,0.2187,spread,6,Polling
2026-04-23,market,senate_prob,prob,0.5138,0.502,0.5256,spread,2,Markets
2026-04-23,academic,senate_prob,prob,0.305,0.0658,0.831,spread,6,Academic
2026-04-24,polling,senate_prob,prob,0.1965,0.1629,0.2162,spread,6,Polling
2026-04-24,market,senate_prob,prob,0.5072,0.5022,0.5122,spread,2,Markets
2026-04-24,academic,senate_prob,prob,0.3048,0.0655,0.831,spread,6,Academic
2026-04-25,polling,senate_prob,prob,0.1964,0.169,0.216,spread,6,Polling
2026-04-25,market,senate_prob,prob,0.5018,0.5015,0.5021,spread,2,Markets
2026-04-25,academic,senate_prob,prob,0.3048,0.0654,0.831,spread,6,Academic
2026-04-26,polling,senate_prob,prob,0.193,0.1664,0.213,spread,6,Polling
2026-04-26,market,senate_prob,prob,0.5104,0.5083,0.5125,spread,2,Markets
2026-04-26,academic,senate_prob,prob,0.3048,0.0652,0.831,spread,6,Academic
2026-04-27,polling,senate_prob,prob,0.1902,0.1639,0.21,spread,6,Polling
2026-04-27,market,senate_prob,prob,0.5073,0.5069,0.5078,spread,2,Markets
2026-04-27,academic,senate_prob,prob,0.3046,0.0651,0.831,spread,6,Academic
2026-04-28,polling,senate_prob,prob,0.1939,0.1789,0.2099,spread,6,Polling
2026-04-28,market,senate_prob,prob,0.51,0.496,0.524,spread,2,Markets
2026-04-28,academic,senate_prob,prob,0.3051,0.0649,0.8354,spread,6,Academic
2026-04-29,polling,senate_prob,prob,0.1976,0.1809,0.2112,spread,6,Polling
2026-04-29,market,senate_prob,prob,0.4951,0.4869,0.5034,spread,2,Markets
2026-04-29,academic,senate_prob,prob,0.305,0.0645,0.8354,spread,6,Academic
2026-04-30,polling,senate_prob,prob,0.2034,0.1837,0.2155,spread,6,Polling
2026-04-30,market,senate_prob,prob,0.4928,0.4819,0.5036,spread,2,Markets
2026-04-30,academic,senate_prob,prob,0.3093,0.0644,0.8354,spread,6,Academic
2026-05-01,polling,senate_prob,prob,0.2072,0.1845,0.2239,spread,6,Polling
2026-05-01,market,senate_prob,prob,0.4914,0.4831,0.4998,spread,2,Markets
2026-05-01,academic,senate_prob,prob,0.3195,0.0644,0.8698,spread,6,Academic
2026-05-02,polling,senate_prob,prob,0.2043,0.1825,0.2179,spread,6,Polling
2026-05-02,market,senate_prob,prob,0.4957,0.4792,0.5122,spread,2,Markets
2026-05-02,academic,senate_prob,prob,0.3195,0.0643,0.8698,spread,6,Academic
2026-05-03,polling,senate_prob,prob,0.1995,0.1805,0.2158,spread,6,Polling
2026-05-03,market,senate_prob,prob,0.4951,0.4789,0.5114,spread,2,Markets
2026-05-03,academic,senate_prob,prob,0.3156,0.0641,0.8698,spread,6,Academic
2026-05-04,polling,senate_prob,prob,0.196,0.1766,0.2138,spread,6,Polling
2026-05-04,market,senate_prob,prob,0.4966,0.493,0.5002,spread,2,Markets
2026-05-04,academic,senate_prob,prob,0.3136,0.064,0.8698,spread,6,Academic
2026-05-05,polling,senate_prob,prob,0.1933,0.1766,0.2118,spread,6,Polling
2026-05-05,market,senate_prob,prob,0.492,0.4895,0.4946,spread,2,Markets
2026-05-05,academic,senate_prob,prob,0.3139,0.064,0.8698,spread,6,Academic
2026-05-06,polling,senate_prob,prob,0.1957,0.1797,0.2173,spread,6,Polling
2026-05-06,market,senate_prob,prob,0.4864,0.4854,0.4874,spread,2,Markets
2026-05-06,academic,senate_prob,prob,0.315,0.0639,0.8698,spread,6,Academic
2026-05-07,polling,senate_prob,prob,0.1988,0.1794,0.2228,spread,6,Polling
2026-05-07,market,senate_prob,prob,0.479,0.4775,0.4805,spread,2,Markets
2026-05-07,academic,senate_prob,prob,0.3158,0.0637,0.8698,spread,6,Academic
2026-05-08,polling,senate_prob,prob,0.1995,0.186,0.2169,spread,6,Polling
2026-05-08,market,senate_prob,prob,0.4796,0.4764,0.4828,spread,2,Markets
2026-05-08,academic,senate_prob,prob,0.3157,0.0634,0.8698,spread,6,Academic
2026-05-09,polling,senate_prob,prob,0.2004,0.1884,0.2141,spread,6,Polling
2026-05-09,market,senate_prob,prob,0.4713,0.4616,0.4809,spread,2,Markets
2026-05-09,academic,senate_prob,prob,0.3161,0.0633,0.8698,spread,6,Academic
2026-05-10,polling,senate_prob,prob,0.2033,0.184,0.2151,spread,6,Polling
2026-05-10,market,senate_prob,prob,0.4556,0.441,0.4703,spread,2,Markets
2026-05-10,academic,senate_prob,prob,0.3145,0.0632,0.8698,spread,6,Academic
2026-05-11,polling,senate_prob,prob,0.2076,0.1885,0.2245,spread,6,Polling
2026-05-11,market,senate_prob,prob,0.4612,0.4441,0.4784,spread,2,Markets
2026-05-11,academic,senate_prob,prob,0.3162,0.0631,0.8698,spread,6,Academic
2026-05-12,polling,senate_prob,prob,0.2103,0.1832,0.2405,spread,6,Polling
2026-05-12,market,senate_prob,prob,0.4632,0.4484,0.478,spread,2,Markets
2026-05-12,academic,senate_prob,prob,0.3162,0.063,0.8698,spread,6,Academic
2026-05-13,polling,senate_prob,prob,0.2139,0.183,0.2564,spread,6,Polling
2026-05-13,market,senate_prob,prob,0.463,0.4503,0.4757,spread,2,Markets
2026-05-13,academic,senate_prob,prob,0.3161,0.063,0.8698,spread,6,Academic
2026-05-14,polling,senate_prob,prob,0.2133,0.1835,0.2477,spread,6,Polling
2026-05-14,market,senate_prob,prob,0.4537,0.4525,0.4549,spread,2,Markets
2026-05-14,academic,senate_prob,prob,0.3162,0.0629,0.8698,spread,6,Academic
2026-05-15,polling,senate_prob,prob,0.2139,0.1862,0.2391,spread,6,Polling
2026-05-15,market,senate_prob,prob,0.4475,0.4475,0.4475,spread,2,Markets
2026-05-15,academic,senate_prob,prob,0.3199,0.0628,0.8743,spread,6,Academic
2026-05-16,polling,senate_prob,prob,0.2133,0.1862,0.233,spread,6,Polling
2026-05-16,market,senate_prob,prob,0.4446,0.4418,0.4475,spread,2,Markets
2026-05-16,academic,senate_prob,prob,0.3199,0.0626,0.8743,spread,6,Academic
2026-05-17,polling,senate_prob,prob,0.2131,0.1862,0.2329,spread,6,Polling
2026-05-17,market,senate_prob,prob,0.4445,0.4421,0.4468,spread,2,Markets
2026-05-17,academic,senate_prob,prob,0.3207,0.0625,0.8743,spread,6,Academic
2026-05-18,polling,senate_prob,prob,0.2192,0.1878,0.2403,spread,6,Polling
2026-05-18,market,senate_prob,prob,0.446,0.4434,0.4486,spread,2,Markets
2026-05-18,academic,senate_prob,prob,0.3235,0.0625,0.8743,spread,6,Academic
2026-05-19,polling,senate_prob,prob,0.2245,0.1895,0.2477,spread,6,Polling
2026-05-19,market,senate_prob,prob,0.458,0.4435,0.4725,spread,2,Markets
2026-05-19,academic,senate_prob,prob,0.3249,0.0624,0.8743,spread,6,Academic
2026-05-20,polling,senate_prob,prob,0.2538,0.2102,0.2798,spread,6,Polling
2026-05-20,market,senate_prob,prob,0.4643,0.4567,0.472,spread,2,Markets
2026-05-20,academic,senate_prob,prob,0.3272,0.0623,0.8743,spread,6,Academic
2026-05-21,polling,senate_prob,prob,0.2931,0.2709,0.3157,spread,6,Polling
2026-05-21,market,senate_prob,prob,0.4672,0.4573,0.4772,spread,2,Markets
2026-05-21,academic,senate_prob,prob,0.3257,0.0624,0.8743,spread,6,Academic
2026-05-22,polling,senate_prob,prob,0.2947,0.2726,0.3149,spread,6,Polling
2026-05-22,market,senate_prob,prob,0.4657,0.4605,0.471,spread,2,Markets
2026-05-22,academic,senate_prob,prob,0.3263,0.0622,0.8743,spread,6,Academic
2026-05-23,polling,senate_prob,prob,0.2962,0.2743,0.3155,spread,6,Polling
2026-05-23,market,senate_prob,prob,0.4669,0.4598,0.4741,spread,2,Markets
2026-05-23,academic,senate_prob,prob,0.3263,0.0623,0.8743,spread,6,Academic
2026-05-24,polling,senate_prob,prob,0.298,0.276,0.32,spread,6,Polling
2026-05-24,market,senate_prob,prob,0.4703,0.4618,0.4787,spread,2,Markets
2026-05-24,academic,senate_prob,prob,0.3271,0.0621,0.8743,spread,6,Academic
2026-05-25,polling,senate_prob,prob,0.3006,0.2777,0.3246,spread,6,Polling
2026-05-25,market,senate_prob,prob,0.4695,0.4552,0.4838,spread,2,Markets
2026-05-25,academic,senate_prob,prob,0.3306,0.0622,0.8743,spread,6,Academic
2026-05-26,polling,senate_prob,prob,0.303,0.2775,0.328,spread,6,Polling
2026-05-26,market,senate_prob,prob,0.4776,0.4744,0.4808,spread,2,Markets
2026-05-26,academic,senate_prob,prob,0.3271,0.062,0.8743,spread,6,Academic
2026-05-27,polling,senate_prob,prob,0.3068,0.2781,0.3314,spread,6,Polling
2026-05-27,market,senate_prob,prob,0.4688,0.4528,0.4849,spread,2,Markets
2026-05-27,academic,senate_prob,prob,0.3258,0.0619,0.8743,spread,6,Academic
2026-05-28,polling,senate_prob,prob,0.3088,0.2685,0.3348,spread,6,Polling
2026-05-28,market,senate_prob,prob,0.4687,0.4524,0.4849,spread,2,Markets
2026-05-28,academic,senate_prob,prob,0.3214,0.0619,0.8743,spread,6,Academic
2026-05-29,polling,senate_prob,prob,0.3125,0.2684,0.3382,spread,6,Polling
2026-05-29,market,senate_prob,prob,0.4613,0.4451,0.4775,spread,2,Markets
2026-05-29,academic,senate_prob,prob,0.3219,0.0619,0.8775,spread,6,Academic
2026-05-30,polling,senate_prob,prob,0.3125,0.2678,0.338,spread,6,Polling
2026-05-30,market,senate_prob,prob,0.4579,0.4445,0.4714,spread,2,Markets
2026-05-30,academic,senate_prob,prob,0.3219,0.0617,0.8775,spread,6,Academic
2026-05-31,polling,senate_prob,prob,0.3129,0.2685,0.3378,spread,6,Polling
2026-05-31,market,senate_prob,prob,0.4529,0.4402,0.4657,spread,2,Markets
2026-05-31,academic,senate_prob,prob,0.3222,0.0617,0.8775,spread,6,Academic
2026-06-01,polling,senate_prob,prob,0.3277,0.2852,0.3527,spread,6,Polling
2026-06-01,market,senate_prob,prob,0.4572,0.4383,0.476,spread,2,Markets
2026-06-01,academic,senate_prob,prob,0.3163,0.0614,0.8063,spread,6,Academic
2026-06-02,polling,senate_prob,prob,0.3299,0.2858,0.3526,spread,6,Polling
2026-06-02,market,senate_prob,prob,0.4657,0.4473,0.4841,spread,2,Markets
2026-06-02,academic,senate_prob,prob,0.3163,0.0614,0.8063,spread,6,Academic
2026-06-03,polling,senate_prob,prob,0.339,0.2854,0.3617,spread,6,Polling
2026-06-03,market,senate_prob,prob,0.4552,0.4377,0.4728,spread,2,Markets
2026-06-03,academic,senate_prob,prob,0.3159,0.0614,0.8063,spread,6,Academic
2026-06-04,polling,senate_prob,prob,0.3523,0.3104,0.3709,spread,6,Polling
2026-06-04,market,senate_prob,prob,0.4389,0.4197,0.458,spread,2,Markets
2026-06-04,academic,senate_prob,prob,0.3156,0.0612,0.8063,spread,6,Academic
2026-06-05,polling,senate_prob,prob,0.3697,0.3577,0.38,spread,6,Polling
2026-06-05,market,senate_prob,prob,0.4394,0.4207,0.458,spread,2,Markets
2026-06-05,academic,senate_prob,prob,0.3129,0.0613,0.8063,spread,6,Academic
2026-06-06,polling,senate_prob,prob,0.3788,0.3594,0.3913,spread,6,Polling
2026-06-06,market,senate_prob,prob,0.4322,0.4114,0.4529,spread,2,Markets
2026-06-06,academic,senate_prob,prob,0.3127,0.0612,0.8063,spread,6,Academic
2026-06-07,polling,senate_prob,prob,0.3978,0.3568,0.414,spread,6,Polling
2026-06-07,market,senate_prob,prob,0.438,0.418,0.458,spread,2,Markets
2026-06-07,academic,senate_prob,prob,0.311,0.0611,0.8063,spread,6,Academic
2026-06-08,polling,senate_prob,prob,0.4264,0.4122,0.4368,spread,6,Polling
2026-06-08,market,senate_prob,prob,0.441,0.4239,0.458,spread,2,Markets
2026-06-08,academic,senate_prob,prob,0.3117,0.0609,0.8063,spread,6,Academic
2026-06-09,polling,senate_prob,prob,0.4227,0.4104,0.4334,spread,6,Polling
2026-06-09,market,senate_prob,prob,0.4447,0.4318,0.4576,spread,2,Markets
2026-06-09,academic,senate_prob,prob,0.3106,0.0609,0.8063,spread,6,Academic
2026-06-10,polling,senate_prob,prob,0.4186,0.4069,0.4299,spread,6,Polling
2026-06-10,market,senate_prob,prob,0.449,0.445,0.4529,spread,2,Markets
2026-06-10,academic,senate_prob,prob,0.3074,0.0607,0.8063,spread,6,Academic
2026-06-11,polling,senate_prob,prob,0.4174,0.406,0.4264,spread,6,Polling
2026-06-11,market,senate_prob,prob,0.4434,0.4339,0.4529,spread,2,Markets
2026-06-11,academic,senate_prob,prob,0.3074,0.0607,0.8063,spread,6,Academic
2026-06-12,polling,senate_prob,prob,0.4161,0.4045,0.423,spread,6,Polling
2026-06-12,market,senate_prob,prob,0.4677,0.4624,0.473,spread,2,Markets
2026-06-12,academic,senate_prob,prob,0.3063,0.0607,0.8063,spread,6,Academic
2026-06-13,polling,senate_prob,prob,0.4122,0.4042,0.4195,spread,6,Polling
2026-06-13,market,senate_prob,prob,0.4475,0.4324,0.4626,spread,2,Markets
2026-06-13,academic,senate_prob,prob,0.3063,0.0605,0.8063,spread,6,Academic
2026-06-14,polling,senate_prob,prob,0.4073,0.3981,0.4161,spread,6,Polling
2026-06-14,market,senate_prob,prob,0.4454,0.4337,0.4571,spread,2,Markets
2026-06-14,academic,senate_prob,prob,0.307,0.0604,0.8063,spread,6,Academic
2026-06-15,polling,senate_prob,prob,0.4061,0.3952,0.4144,spread,6,Polling
2026-06-15,market,senate_prob,prob,0.4397,0.4326,0.4468,spread,2,Markets
2026-06-15,academic,senate_prob,prob,0.3047,0.0602,0.8063,spread,6,Academic
2026-06-16,polling,senate_prob,prob,0.4049,0.398,0.4128,spread,6,Polling
2026-06-16,market,senate_prob,prob,0.4791,0.4434,0.5147,spread,2,Markets
2026-06-16,academic,senate_prob,prob,0.3082,0.0601,0.8063,spread,6,Academic
2026-06-17,polling,senate_prob,prob,0.4025,0.3928,0.4111,spread,6,Polling
2026-06-17,market,senate_prob,prob,0.4405,0.433,0.4481,spread,2,Markets
2026-06-17,academic,senate_prob,prob,0.3078,0.0602,0.8063,spread,6,Academic
2026-06-18,polling,senate_prob,prob,0.4007,0.3921,0.4094,spread,6,Polling
2026-06-18,market,senate_prob,prob,0.4324,0.4181,0.4466,spread,2,Markets
2026-06-18,academic,senate_prob,prob,0.3078,0.0601,0.8063,spread,6,Academic
2026-06-19,polling,senate_prob,prob,0.3993,0.3916,0.408,spread,6,Polling
2026-06-19,market,senate_prob,prob,0.4376,0.4231,0.4521,spread,2,Markets
2026-06-19,academic,senate_prob,prob,0.3078,0.06,0.8063,spread,6,Academic
2026-06-20,polling,senate_prob,prob,0.3979,0.3911,0.4066,spread,6,Polling
2026-06-20,market,senate_prob,prob,0.4268,0.4161,0.4374,spread,2,Markets
2026-06-20,academic,senate_prob,prob,0.3083,0.0599,0.8063,spread,6,Academic
2026-06-21,polling,senate_prob,prob,0.3967,0.3921,0.4052,spread,6,Polling
2026-06-21,market,senate_prob,prob,0.4966,0.4377,0.5556,spread,2,Markets
2026-06-21,academic,senate_prob,prob,0.3099,0.06,0.8063,spread,6,Academic
2026-06-22,polling,senate_prob,prob,0.3956,0.39,0.4038,spread,6,Polling
2026-06-22,market,senate_prob,prob,0.4282,0.4155,0.4408,spread,2,Markets
2026-06-22,academic,senate_prob,prob,0.3111,0.0599,0.8063,spread,6,Academic
2026-06-23,polling,senate_prob,prob,0.3947,0.3896,0.4024,spread,6,Polling
2026-06-23,market,senate_prob,prob,0.4315,0.4122,0.4508,spread,2,Markets
2026-06-23,academic,senate_prob,prob,0.3093,0.0599,0.8063,spread,6,Academic
2026-06-24,polling,senate_prob,prob,0.3941,0.3893,0.401,spread,6,Polling
2026-06-24,market,senate_prob,prob,0.422,0.3932,0.4508,spread,2,Markets
2026-06-24,academic,senate_prob,prob,0.3087,0.0598,0.8063,spread,6,Academic
2026-06-25,polling,senate_prob,prob,0.4013,0.3802,0.4122,spread,6,Polling
2026-06-25,market,senate_prob,prob,0.4135,0.3852,0.4419,spread,2,Markets
2026-06-25,academic,senate_prob,prob,0.3091,0.0597,0.8063,spread,6,Academic
2026-06-26,polling,senate_prob,prob,0.4156,0.4125,0.4233,spread,6,Polling
2026-06-26,market,senate_prob,prob,0.4147,0.3838,0.4457,spread,2,Markets
2026-06-26,academic,senate_prob,prob,0.3118,0.0597,0.8063,spread,6,Academic
2026-06-27,polling,senate_prob,prob,0.4165,0.4132,0.4239,spread,6,Polling
2026-06-27,market,senate_prob,prob,0.4132,0.3844,0.4419,spread,2,Markets
2026-06-27,academic,senate_prob,prob,0.3118,0.0596,0.8063,spread,6,Academic
2026-06-28,polling,senate_prob,prob,0.4173,0.4138,0.4246,spread,6,Polling
2026-06-28,market,senate_prob,prob,0.4131,0.3849,0.4413,spread,2,Markets
2026-06-28,academic,senate_prob,prob,0.3136,0.0595,0.8063,spread,6,Academic
2026-06-29,polling,senate_prob,prob,0.4012,0.3861,0.4143,spread,6,Polling
2026-06-29,market,senate_prob,prob,0.4163,0.3881,0.4446,spread,2,Markets
2026-06-29,academic,senate_prob,prob,0.311,0.0595,0.8063,spread,6,Academic
2026-06-30,polling,senate_prob,prob,0.39,0.3807,0.404,spread,6,Polling
2026-06-30,market,senate_prob,prob,0.4165,0.3923,0.4407,spread,2,Markets
2026-06-30,academic,senate_prob,prob,0.3122,0.0594,0.8063,spread,6,Academic
2026-07-01,polling,senate_prob,prob,0.3812,0.3731,0.3937,spread,6,Polling
2026-07-01,market,senate_prob,prob,0.4377,0.4313,0.4441,spread,2,Markets
2026-07-01,academic,senate_prob,prob,0.3128,0.0593,0.8063,spread,6,Academic
2026-07-02,polling,senate_prob,prob,0.3712,0.3568,0.3834,spread,6,Polling
2026-07-02,market,senate_prob,prob,0.4143,0.389,0.4397,spread,2,Markets
2026-07-02,academic,senate_prob,prob,0.3144,0.0592,0.8063,spread,6,Academic
2026-07-03,polling,senate_prob,prob,0.3643,0.3577,0.3731,spread,6,Polling
2026-07-03,market,senate_prob,prob,0.4153,0.3904,0.4401,spread,2,Markets
2026-07-03,academic,senate_prob,prob,0.3145,0.0591,0.8063,spread,6,Academic
2026-07-04,polling,senate_prob,prob,0.3556,0.3363,0.3668,spread,6,Polling
2026-07-04,market,senate_prob,prob,0.4209,0.3973,0.4445,spread,2,Markets
2026-07-04,academic,senate_prob,prob,0.314,0.059,0.8063,spread,6,Academic
2026-07-05,polling,senate_prob,prob,0.3503,0.3352,0.3605,spread,6,Polling
2026-07-05,market,senate_prob,prob,0.4029,0.3616,0.4443,spread,2,Markets
2026-07-05,academic,senate_prob,prob,0.3135,0.059,0.8063,spread,6,Academic
2026-07-06,polling,senate_prob,prob,0.3457,0.3381,0.3542,spread,6,Polling
2026-07-06,market,senate_prob,prob,0.3932,0.3381,0.4483,spread,2,Markets
2026-07-06,academic,senate_prob,prob,0.3096,0.0583,0.8063,spread,6,Academic
2026-07-07,polling,senate_prob,prob,0.3363,0.3197,0.3466,spread,6,Polling
2026-07-07,market,senate_prob,prob,0.4256,0.4006,0.4506,spread,2,Markets
2026-07-07,academic,senate_prob,prob,0.308,0.057,0.8063,spread,6,Academic
2026-07-08,polling,senate_prob,prob,0.3305,0.3219,0.339,spread,6,Polling
2026-07-08,market,senate_prob,prob,0.4241,0.3992,0.449,spread,2,Markets
2026-07-08,academic,senate_prob,prob,0.3086,0.0576,0.8063,spread,6,Academic
2026-07-09,polling,senate_prob,prob,0.3307,0.3216,0.3414,spread,6,Polling
2026-07-09,market,senate_prob,prob,0.4246,0.4007,0.4485,spread,2,Markets
2026-07-09,academic,senate_prob,prob,0.3086,0.0575,0.8063,spread,6,Academic
2026-07-10,polling,senate_prob,prob,0.3305,0.3186,0.3439,spread,6,Polling
2026-07-10,market,senate_prob,prob,0.4263,0.3986,0.4539,spread,2,Markets
2026-07-10,academic,senate_prob,prob,0.3077,0.0556,0.8063,spread,6,Academic
2026-07-11,polling,senate_prob,prob,0.3308,0.3184,0.3463,spread,6,Polling
2026-07-11,market,senate_prob,prob,0.3975,0.3367,0.4584,spread,2,Markets
2026-07-11,academic,senate_prob,prob,0.3076,0.0555,0.8063,spread,6,Academic
2026-07-12,polling,senate_prob,prob,0.3304,0.3145,0.3488,spread,6,Polling
2026-07-12,market,senate_prob,prob,0.4279,0.3997,0.4561,spread,2,Markets
2026-07-12,academic,senate_prob,prob,0.3053,0.0529,0.8063,spread,6,Academic
2026-07-13,polling,senate_prob,prob,0.341,0.3234,0.3531,spread,6,Polling
2026-07-13,market,senate_prob,prob,0.4249,0.4003,0.4496,spread,2,Markets
2026-07-13,academic,senate_prob,prob,0.3023,0.0494,0.8063,spread,6,Academic
2026-07-14,polling,senate_prob,prob,0.3407,0.3229,0.3528,spread,6,Polling
2026-07-14,market,senate_prob,prob,0.4863,0.4557,0.5169,spread,2,Markets
2026-07-14,academic,senate_prob,prob,0.3017,0.049,0.8063,spread,6,Academic
2026-07-15,polling,senate_prob,prob,0.3405,0.3226,0.3526,spread,6,Polling
2026-07-15,market,senate_prob,prob,0.4358,0.4173,0.4543,spread,2,Markets
2026-07-15,academic,senate_prob,prob,0.3017,0.049,0.8063,spread,6,Academic
2026-07-16,polling,senate_prob,prob,0.3402,0.3223,0.3523,spread,6,Polling
2026-07-16,market,senate_prob,prob,0.4396,0.425,0.4543,spread,2,Markets
2026-07-16,academic,senate_prob,prob,0.3017,0.0488,0.8063,spread,6,Academic
2026-07-17,polling,senate_prob,prob,0.3397,0.322,0.3518,spread,6,Polling
2026-07-17,market,senate_prob,prob,0.4397,0.4299,0.4496,spread,2,Markets
2026-07-17,academic,senate_prob,prob,0.3021,0.049,0.8063,spread,6,Academic
2026-07-18,polling,senate_prob,prob,0.3392,0.3214,0.3513,spread,6,Polling
2026-07-18,market,senate_prob,prob,0.4365,0.4237,0.4494,spread,2,Markets
2026-07-18,academic,senate_prob,prob,0.3021,0.0491,0.8063,spread,6,Academic
2026-07-19,polling,senate_prob,prob,0.3328,0.3157,0.3497,spread,6,Polling
2026-07-19,market,senate_prob,prob,0.4345,0.4245,0.4445,spread,2,Markets
2026-07-19,academic,senate_prob,prob,0.3005,0.0474,0.8063,spread,6,Academic
2026-07-20,polling,senate_prob,prob,0.3287,0.304,0.3501,spread,6,Polling
2026-07-20,market,senate_prob,prob,0.4305,0.4165,0.4445,spread,2,Markets
2026-07-20,academic,senate_prob,prob,0.3114,0.0575,0.8063,spread,6,Academic
2026-07-21,polling,senate_prob,prob,0.3301,0.3082,0.3505,spread,6,Polling
2026-07-21,market,senate_prob,prob,0.4284,0.4122,0.4445,spread,2,Markets
2026-07-21,academic,senate_prob,prob,0.3104,0.0557,0.8122,spread,6,Academic
2026-07-22,polling,senate_prob,prob,0.3327,0.3124,0.3509,spread,6,Polling
2026-07-22,market,senate_prob,prob,0.4285,0.4081,0.4489,spread,2,Markets
2026-07-22,academic,senate_prob,prob,0.3124,0.0573,0.8122,spread,6,Academic
2026-07-23,polling,senate_prob,prob,0.3345,0.3165,0.3513,spread,6,Polling
2026-07-23,market,senate_prob,prob,0.4284,0.4084,0.4484,spread,2,Markets
2026-07-23,academic,senate_prob,prob,0.311,0.0558,0.8122,spread,6,Academic
2026-07-24,polling,senate_prob,prob,0.3367,0.3207,0.3517,spread,6,Polling
2026-07-24,market,senate_prob,prob,0.4299,0.4115,0.4484,spread,2,Markets
2026-07-24,academic,senate_prob,prob,0.3115,0.0569,0.8122,spread,6,Academic
2026-07-25,polling,senate_prob,prob,0.3362,0.3189,0.3505,spread,6,Polling
2026-07-25,market,senate_prob,prob,0.4302,0.412,0.4484,spread,2,Markets
2026-07-25,academic,senate_prob,prob,0.3116,0.0568,0.8122,spread,6,Academic
2026-07-26,polling,senate_prob,prob,0.3356,0.3172,0.3493,spread,6,Polling
2026-07-26,market,senate_prob,prob,0.4357,0.4185,0.4529,spread,2,Markets
2026-07-26,academic,senate_prob,prob,0.311,0.0563,0.8122,spread,6,Academic
2026-07-27,polling,senate_prob,prob,0.3358,0.3154,0.3481,spread,6,Polling
2026-07-27,market,senate_prob,prob,0.4362,0.424,0.4484,spread,2,Markets
2026-07-27,academic,senate_prob,prob,0.314,0.0568,0.8122,spread,6,Academic
2026-07-28,polling,senate_prob,prob,0.3324,0.3116,0.3469,spread,6,Polling
2026-07-28,market,senate_prob,prob,0.4359,0.4234,0.4484,spread,2,Markets
2026-07-28,academic,senate_prob,prob,0.3144,0.0568,0.8122,spread,6,Academic
2026-07-29,polling,senate_prob,prob,0.3421,0.322,0.3531,spread,6,Polling
2026-07-29,market,senate_prob,prob,0.4365,0.4246,0.4484,spread,2,Markets
2026-07-29,academic,senate_prob,prob,0.3144,0.0567,0.8122,spread,6,Academic
2026-07-30,polling,senate_prob,prob,0.3493,0.3323,0.3593,spread,6,Polling
2026-07-30,market,senate_prob,prob,0.4366,0.4254,0.4479,spread,2,Markets
2026-07-30,academic,senate_prob,prob,0.3145,0.0567,0.8122,spread,6,Academic
2026-07-31,polling,senate_prob,prob,0.3583,0.3439,0.3703,spread,6,Polling
2026-07-31,market,senate_prob,prob,0.443,0.4426,0.4434,spread,2,Markets
2026-07-31,academic,senate_prob,prob,0.3177,0.0566,0.8122,spread,6,Academic
2026-08-01,polling,senate_prob,prob,0.3673,0.3555,0.3827,spread,6,Polling
2026-08-01,market,senate_prob,prob,0.4426,0.4374,0.4478,spread,2,Markets
2026-08-01,academic,senate_prob,prob,0.3169,0.0566,0.8122,spread,6,Academic
2026-08-02,polling,senate_prob,prob,0.3725,0.3628,0.3822,spread,6,Polling
2026-08-02,market,senate_prob,prob,0.4505,0.4448,0.4561,spread,2,Markets
2026-08-02,academic,senate_prob,prob,0.3193,0.0566,0.8122,spread,6,Academic
2026-08-03,polling,senate_prob,prob,0.3776,0.3661,0.3864,spread,6,Polling
2026-08-03,market,senate_prob,prob,0.4502,0.4448,0.4556,spread,2,Markets
2026-08-03,academic,senate_prob,prob,0.3212,0.0565,0.8122,spread,6,Academic
2026-08-04,polling,senate_prob,prob,0.3803,0.3693,0.3911,spread,6,Polling
2026-08-04,market,senate_prob,prob,0.46,0.4533,0.4668,spread,2,Markets
2026-08-04,academic,senate_prob,prob,0.322,0.0563,0.8122,spread,6,Academic
2026-08-05,polling,senate_prob,prob,0.3831,0.3711,0.3981,spread,6,Polling
2026-08-05,market,senate_prob,prob,0.4601,0.4541,0.466,spread,2,Markets
2026-08-05,academic,senate_prob,prob,0.3249,0.0561,0.8175,spread,6,Academic
2026-08-06,polling,senate_prob,prob,0.3942,0.3844,0.4051,spread,6,Polling
2026-08-06,market,senate_prob,prob,0.4604,0.4501,0.4707,spread,2,Markets
2026-08-06,academic,senate_prob,prob,0.3249,0.056,0.8175,spread,6,Academic
2026-08-07,polling,senate_prob,prob,0.4014,0.3822,0.412,spread,6,Polling
2026-08-07,market,senate_prob,prob,0.4667,0.4666,0.4668,spread,2,Markets
2026-08-07,academic,senate_prob,prob,0.3244,0.0561,0.8175,spread,6,Academic
2026-08-08,polling,senate_prob,prob,0.4098,0.3821,0.4189,spread,6,Polling
2026-08-08,market,senate_prob,prob,0.4631,0.4594,0.4668,spread,2,Markets
2026-08-08,academic,senate_prob,prob,0.3245,0.0562,0.8175,spread,6,Academic
2026-08-09,polling,senate_prob,prob,0.4251,0.4237,0.4264,spread,6,Polling
2026-08-09,market,senate_prob,prob,0.467,0.4668,0.4672,spread,2,Markets
2026-08-09,academic,senate_prob,prob,0.3265,0.0561,0.8175,spread,6,Academic
2026-08-10,polling,senate_prob,prob,0.4219,0.4138,0.4254,spread,6,Polling
2026-08-10,market,senate_prob,prob,0.4657,0.4598,0.4716,spread,2,Markets
2026-08-10,academic,senate_prob,prob,0.3162,0.0561,0.8175,spread,6,Academic
2026-08-11,polling,senate_prob,prob,0.4197,0.4017,0.425,spread,6,Polling
2026-08-11,market,senate_prob,prob,0.4733,0.4646,0.4821,spread,2,Markets
2026-08-11,academic,senate_prob,prob,0.3209,0.0561,0.8175,spread,6,Academic
2026-08-12,polling,senate_prob,prob,0.3927,0.3653,0.4014,spread,6,Polling
2026-08-12,market,senate_prob,prob,0.4796,0.4522,0.5069,spread,2,Markets
2026-08-12,academic,senate_prob,prob,0.3189,0.0558,0.8175,spread,6,Academic
2026-08-13,polling,senate_prob,prob,0.3757,0.37,0.3779,spread,6,Polling
2026-08-13,market,senate_prob,prob,0.483,0.4571,0.509,spread,2,Markets
2026-08-13,academic,senate_prob,prob,0.3186,0.0556,0.8175,spread,6,Academic
2026-08-14,polling,senate_prob,prob,0.4193,0.4081,0.4678,spread,6,Polling
2026-08-14,market,senate_prob,prob,0.4828,0.463,0.5025,spread,2,Markets
2026-08-14,academic,senate_prob,prob,0.3178,0.0554,0.8175,spread,6,Academic
2026-08-15,polling,senate_prob,prob,0.4476,0.4411,0.4734,spread,6,Polling
2026-08-15,market,senate_prob,prob,0.4773,0.4571,0.4975,spread,2,Markets
2026-08-15,academic,senate_prob,prob,0.318,0.0553,0.8175,spread,6,Academic
2026-08-16,polling,senate_prob,prob,0.4766,0.4742,0.4834,spread,6,Polling
2026-08-16,market,senate_prob,prob,0.4702,0.4443,0.4961,spread,2,Markets
2026-08-16,academic,senate_prob,prob,0.3183,0.0552,0.8175,spread,6,Academic
2026-08-17,polling,senate_prob,prob,0.5077,0.506,0.5088,spread,6,Polling
2026-08-17,market,senate_prob,prob,0.4652,0.4243,0.506,spread,2,Markets
2026-08-17,academic,senate_prob,prob,0.3179,0.0551,0.8175,spread,6,Academic
2026-08-18,polling,senate_prob,prob,0.5066,0.5042,0.5078,spread,6,Polling
2026-08-18,market,senate_prob,prob,0.4652,0.4384,0.4919,spread,2,Markets
2026-08-18,academic,senate_prob,prob,0.3179,0.0551,0.8175,spread,6,Academic
2026-08-19,polling,senate_prob,prob,0.5057,0.504,0.5067,spread,6,Polling
2026-08-19,market,senate_prob,prob,0.4796,0.4541,0.505,spread,2,Markets
2026-08-19,academic,senate_prob,prob,0.3182,0.0551,0.8175,spread,6,Academic
2026-08-20,polling,senate_prob,prob,0.5054,0.5037,0.5064,spread,6,Polling
2026-08-20,market,senate_prob,prob,0.4847,0.4644,0.505,spread,2,Markets
2026-08-20,academic,senate_prob,prob,0.3182,0.0548,0.8175,spread,6,Academic
2026-08-21,polling,senate_prob,prob,0.5446,0.543,0.5453,spread,6,Polling
2026-08-21,market,senate_prob,prob,0.4817,0.47,0.505,spread,3,Markets
2026-08-21,academic,senate_prob,prob,0.3182,0.0547,0.8175,spread,6,Academic
2026-08-22,polling,senate_prob,prob,0.5567,0.5552,0.5574,spread,6,Polling
2026-08-22,market,senate_prob,prob,0.4853,0.4709,0.505,spread,3,Markets
2026-08-22,academic,senate_prob,prob,0.3183,0.0546,0.8175,spread,6,Academic
2026-08-23,polling,senate_prob,prob,0.5566,0.5554,0.5572,spread,6,Polling
2026-08-23,market,senate_prob,prob,0.4843,0.4778,0.495,spread,3,Markets
2026-08-23,academic,senate_prob,prob,0.318,0.0544,0.8175,spread,6,Academic
2026-08-24,polling,senate_prob,prob,0.5628,0.5618,0.5633,spread,6,Polling
2026-08-24,market,senate_prob,prob,0.4834,0.4751,0.495,spread,3,Markets
2026-08-24,academic,senate_prob,prob,0.3195,0.0544,0.8175,spread,6,Academic
2026-08-25,polling,senate_prob,prob,0.563,0.5623,0.5635,spread,6,Polling
2026-08-25,market,senate_prob,prob,0.478,0.4691,0.495,spread,3,Markets
2026-08-25,academic,senate_prob,prob,0.3239,0.0537,0.8254,spread,6,Academic
2026-08-26,polling,senate_prob,prob,0.5659,0.5652,0.5665,spread,6,Polling
2026-08-26,market,senate_prob,prob,0.4848,0.4695,0.495,spread,3,Markets
2026-08-26,academic,senate_prob,prob,0.3221,0.0536,0.8254,spread,6,Academic
2026-08-27,polling,senate_prob,prob,0.5653,0.5651,0.5658,spread,6,Polling
2026-08-27,market,senate_prob,prob,0.4915,0.4794,0.505,spread,3,Markets
2026-08-27,academic,senate_prob,prob,0.3203,0.0541,0.8175,spread,6,Academic
2026-08-28,polling,senate_prob,prob,0.5655,0.5652,0.5662,spread,6,Polling
2026-08-28,market,senate_prob,prob,0.4911,0.4784,0.505,spread,3,Markets
2026-08-28,academic,senate_prob,prob,0.3175,0.0541,0.8175,spread,6,Academic
2026-08-29,polling,senate_prob,prob,0.5656,0.5653,0.566,spread,6,Polling
2026-08-29,market,senate_prob,prob,0.4915,0.4796,0.505,spread,3,Markets
2026-08-29,academic,senate_prob,prob,0.3173,0.054,0.8175,spread,6,Academic
2026-08-30,polling,senate_prob,prob,0.5834,0.583,0.5839,spread,6,Polling
2026-08-30,market,senate_prob,prob,0.4901,0.48,0.505,spread,3,Markets
2026-08-30,academic,senate_prob,prob,0.3176,0.0539,0.8175,spread,6,Academic
2026-08-31,polling,senate_prob,prob,0.5836,0.5833,0.584,spread,6,Polling
2026-08-31,market,senate_prob,prob,0.497,0.4861,0.505,spread,3,Markets
2026-08-31,academic,senate_prob,prob,0.3198,0.0531,0.8255,spread,6,Academic
2026-09-01,polling,senate_prob,prob,0.5928,0.5924,0.5934,spread,6,Polling
2026-09-01,market,senate_prob,prob,0.4927,0.48,0.505,spread,3,Markets
2026-09-01,academic,senate_prob,prob,0.3183,0.053,0.8256,spread,6,Academic
2026-09-02,polling,senate_prob,prob,0.5883,0.588,0.5888,spread,6,Polling
2026-09-02,market,senate_prob,prob,0.4999,0.49,0.515,spread,3,Markets
2026-09-02,academic,senate_prob,prob,0.3202,0.053,0.826,spread,6,Academic
2026-09-03,polling,senate_prob,prob,0.6128,0.6126,0.613,spread,6,Polling
2026-09-03,market,senate_prob,prob,0.4959,0.48,0.515,spread,3,Markets
2026-09-03,academic,senate_prob,prob,0.3197,0.053,0.826,spread,6,Academic
2026-09-04,polling,senate_prob,prob,0.6125,0.6122,0.6127,spread,6,Polling
2026-09-04,market,senate_prob,prob,0.4992,0.49,0.515,spread,3,Markets
2026-09-04,academic,senate_prob,prob,0.3258,0.0527,0.8262,spread,6,Academic
2026-09-05,polling,senate_prob,prob,0.6122,0.6115,0.6125,spread,6,Polling
2026-09-05,market,senate_prob,prob,0.4976,0.48,0.515,spread,3,Markets
2026-09-05,academic,senate_prob,prob,0.3258,0.0526,0.8262,spread,6,Academic
2026-09-06,polling,senate_prob,prob,0.6124,0.6117,0.6127,spread,6,Polling
2026-09-06,market,senate_prob,prob,0.4976,0.48,0.515,spread,3,Markets
2026-09-06,academic,senate_prob,prob,0.33,0.0524,0.8262,spread,6,Academic
2026-09-07,polling,senate_prob,prob,0.6159,0.6149,0.6171,spread,6,Polling
2026-09-07,market,senate_prob,prob,0.4979,0.48,0.515,spread,3,Markets
2026-09-07,academic,senate_prob,prob,0.3301,0.0523,0.826,spread,6,Academic
2026-09-08,polling,senate_prob,prob,0.6159,0.6149,0.6171,spread,6,Polling
2026-09-08,market,senate_prob,prob,0.5008,0.48,0.525,spread,3,Markets
2026-09-08,academic,senate_prob,prob,0.3328,0.0522,0.826,spread,6,Academic
2026-09-09,polling,senate_prob,prob,0.5974,0.5969,0.598,spread,6,Polling
2026-09-09,market,senate_prob,prob,0.5005,0.48,0.525,spread,3,Markets
2026-09-09,academic,senate_prob,prob,0.3371,0.052,0.827,spread,6,Academic
2026-09-10,polling,senate_prob,prob,0.6011,0.6005,0.6017,spread,6,Polling
2026-09-10,market,senate_prob,prob,0.496,0.48,0.525,spread,3,Markets
2026-09-10,academic,senate_prob,prob,0.3402,0.052,0.827,spread,6,Academic
2026-09-11,polling,senate_prob,prob,0.6007,0.6,0.6014,spread,6,Polling
2026-09-11,market,senate_prob,prob,0.4992,0.4827,0.525,spread,3,Markets
2026-09-11,academic,senate_prob,prob,0.3423,0.0521,0.8259,spread,6,Academic
2026-09-12,polling,senate_prob,prob,0.6388,0.6384,0.6393,spread,6,Polling
2026-09-12,market,senate_prob,prob,0.4943,0.47,0.525,spread,3,Markets
2026-09-12,academic,senate_prob,prob,0.3423,0.052,0.8259,spread,6,Academic
2026-09-13,polling,senate_prob,prob,0.6373,0.637,0.6378,spread,6,Polling
2026-09-13,market,senate_prob,prob,0.4976,0.48,0.525,spread,3,Markets
2026-09-13,academic,senate_prob,prob,0.3439,0.0519,0.8259,spread,6,Academic
2026-09-14,polling,senate_prob,prob,0.6424,0.6421,0.6428,spread,6,Polling
2026-09-14,market,senate_prob,prob,0.5061,0.48,0.535,spread,3,Markets
2026-09-14,academic,senate_prob,prob,0.3453,0.0519,0.8289,spread,6,Academic
2026-09-15,polling,senate_prob,prob,0.6435,0.6431,0.6439,spread,6,Polling
2026-09-15,market,senate_prob,prob,0.544,0.52,0.59,spread,3,Markets
2026-09-15,academic,senate_prob,prob,0.347,0.0517,0.8281,spread,6,Academic
2026-09-16,polling,senate_prob,prob,0.642,0.6417,0.6423,spread,6,Polling
2026-09-16,market,senate_prob,prob,0.5417,0.52,0.575,spread,3,Markets
2026-09-16,academic,senate_prob,prob,0.3457,0.0459,0.8248,spread,6,Academic
2026-09-17,polling,senate_prob,prob,0.6278,0.6273,0.6281,spread,6,Polling
2026-09-17,market,senate_prob,prob,0.5797,0.5442,0.6,spread,3,Markets
2026-09-17,academic,senate_prob,prob,0.3461,0.0459,0.8251,spread,6,Academic
2026-09-18,polling,senate_prob,prob,0.6392,0.6389,0.6395,spread,6,Polling
2026-09-18,market,senate_prob,prob,0.5914,0.5691,0.61,spread,3,Markets
2026-09-18,academic,senate_prob,prob,0.3496,0.0458,0.8251,spread,6,Academic
2026-09-19,polling,senate_prob,prob,0.6231,0.6228,0.6233,spread,6,Polling
2026-09-19,market,senate_prob,prob,0.6038,0.6,0.6065,spread,3,Markets
2026-09-19,academic,senate_prob,prob,0.3513,0.0457,0.8251,spread,6,Academic
2026-09-20,polling,senate_prob,prob,0.6277,0.6274,0.628,spread,6,Polling
2026-09-20,market,senate_prob,prob,0.6234,0.605,0.6553,spread,3,Markets
2026-09-20,academic,senate_prob,prob,0.3519,0.0456,0.825,spread,6,Academic
2026-09-21,polling,senate_prob,prob,0.6276,0.6273,0.6278,spread,6,Polling
2026-09-21,market,senate_prob,prob,0.6439,0.635,0.6568,spread,3,Markets
2026-09-21,academic,senate_prob,prob,0.3554,0.0456,0.8256,spread,6,Academic
2026-09-22,polling,senate_prob,prob,0.6372,0.637,0.6377,spread,6,Polling
2026-09-22,market,senate_prob,prob,0.6498,0.6344,0.66,spread,3,Markets
2026-09-22,academic,senate_prob,prob,0.36,0.0454,0.8254,spread,6,Academic
2026-09-23,polling,senate_prob,prob,0.6466,0.6462,0.6471,spread,6,Polling
2026-09-23,market,senate_prob,prob,0.6654,0.655,0.6713,spread,3,Markets
2026-09-23,academic,senate_prob,prob,0.3472,0.0169,0.7728,spread,6,Academic
2026-09-24,polling,senate_prob,prob,0.6354,0.6351,0.6359,spread,6,Polling
2026-09-24,market,senate_prob,prob,0.6352,0.62,0.6607,spread,3,Markets
2026-09-24,academic,senate_prob,prob,0.3477,0.0169,0.7726,spread,6,Academic
2026-09-25,polling,senate_prob,prob,0.6392,0.6388,0.6396,spread,6,Polling
2026-09-25,market,senate_prob,prob,0.6287,0.62,0.6412,spread,3,Markets
2026-09-25,academic,senate_prob,prob,0.3497,0.0169,0.7725,spread,6,Academic
2026-09-26,polling,senate_prob,prob,0.6404,0.6401,0.6408,spread,6,Polling
2026-09-26,market,senate_prob,prob,0.6352,0.625,0.6406,spread,3,Markets
2026-09-26,academic,senate_prob,prob,0.3498,0.0169,0.7725,spread,6,Academic
2026-09-27,polling,senate_prob,prob,0.6512,0.6508,0.6516,spread,6,Polling
2026-09-27,market,senate_prob,prob,0.6221,0.6,0.6412,spread,3,Markets
2026-09-27,academic,senate_prob,prob,0.3504,0.0168,0.7725,spread,6,Academic
2026-09-28,polling,senate_prob,prob,0.6508,0.6504,0.6513,spread,6,Polling
2026-09-28,market,senate_prob,prob,0.618,0.59,0.6389,spread,3,Markets
2026-09-28,academic,senate_prob,prob,0.3508,0.0168,0.7721,spread,6,Academic
2026-09-29,polling,senate_prob,prob,0.6533,0.653,0.6539,spread,6,Polling
2026-09-29,market,senate_prob,prob,0.628,0.62,0.639,spread,3,Markets
2026-09-29,academic,senate_prob,prob,0.3508,0.0168,0.7722,spread,6,Academic
2026-09-30,polling,senate_prob,prob,0.6516,0.6512,0.6521,spread,6,Polling
2026-09-30,market,senate_prob,prob,0.6284,0.62,0.6403,spread,3,Markets
2026-09-30,academic,senate_prob,prob,0.3507,0.0445,0.8244,spread,6,Academic
2026-10-01,polling,senate_prob,prob,0.6442,0.644,0.6446,spread,6,Polling
2026-10-01,market,senate_prob,prob,0.6216,0.6,0.6399,spread,3,Markets
2026-10-01,academic,senate_prob,prob,0.3496,0.0444,0.8244,spread,6,Academic
2026-10-02,polling,senate_prob,prob,0.6589,0.6585,0.6593,spread,6,Polling
2026-10-02,market,senate_prob,prob,0.6267,0.61,0.645,spread,3,Markets
2026-10-02,academic,senate_prob,prob,0.3541,0.0444,0.8239,spread,6,Academic
2026-10-03,polling,senate_prob,prob,0.6616,0.6612,0.6621,spread,6,Polling
2026-10-03,market,senate_prob,prob,0.643,0.64,0.645,spread,3,Markets
2026-10-03,academic,senate_prob,prob,0.3543,0.0444,0.8242,spread,6,Academic
2026-10-04,polling,senate_prob,prob,0.6673,0.667,0.6678,spread,6,Polling
2026-10-04,market,senate_prob,prob,0.6585,0.6504,0.665,spread,3,Markets
2026-10-04,academic,senate_prob,prob,0.3618,0.044,0.8248,spread,6,Academic
2025-01-20,polling,senate_seats,seats,47.158,44.38,48.19,spread,5,Polling
2025-01-20,academic,senate_seats,seats,48.2617,45.77,50.94,spread,6,Academic
2025-01-21,polling,senate_seats,seats,47.158,44.38,48.19,spread,5,Polling
2025-01-21,academic,senate_seats,seats,48.2817,45.77,50.94,spread,6,Academic
2025-01-22,polling,senate_seats,seats,47.158,44.38,48.19,spread,5,Polling
2025-01-22,academic,senate_seats,seats,48.2767,45.77,50.94,spread,6,Academic
2025-01-23,polling,senate_seats,seats,47.158,44.38,48.19,spread,5,Polling
2025-01-23,academic,senate_seats,seats,48.2733,45.77,50.94,spread,6,Academic
2025-01-24,polling,senate_seats,seats,47.158,44.38,48.19,spread,5,Polling
2025-01-24,academic,senate_seats,seats,48.2733,45.77,50.94,spread,6,Academic
2025-01-25,polling,senate_seats,seats,47.158,44.38,48.19,spread,5,Polling
2025-01-25,academic,senate_seats,seats,48.2733,45.77,50.94,spread,6,Academic
2025-01-26,polling,senate_seats,seats,47.264,44.91,48.19,spread,5,Polling
2025-01-26,academic,senate_seats,seats,48.3683,45.77,50.94,spread,6,Academic
2025-01-27,polling,senate_seats,seats,47.176,44.47,48.19,spread,5,Polling
2025-01-27,academic,senate_seats,seats,48.2883,45.77,50.94,spread,6,Academic
2025-01-28,polling,senate_seats,seats,47.176,44.47,48.19,spread,5,Polling
2025-01-28,academic,senate_seats,seats,48.2083,45.77,50.94,spread,6,Academic
2025-01-29,polling,senate_seats,seats,47.176,44.47,48.19,spread,5,Polling
2025-01-29,academic,senate_seats,seats,48.2083,45.77,50.94,spread,6,Academic
2025-01-30,polling,senate_seats,seats,47.176,44.47,48.19,spread,5,Polling
2025-01-30,academic,senate_seats,seats,48.2083,45.77,50.94,spread,6,Academic
2025-01-31,polling,senate_seats,seats,47.176,44.47,48.19,spread,5,Polling
2025-01-31,academic,senate_seats,seats,48.21,45.77,50.94,spread,6,Academic
2025-02-01,polling,senate_seats,seats,47.248,44.83,48.19,spread,5,Polling
2025-02-01,academic,senate_seats,seats,48.275,45.77,50.94,spread,6,Academic
2025-02-02,polling,senate_seats,seats,47.27,44.94,48.19,spread,5,Polling
2025-02-02,academic,senate_seats,seats,48.2917,45.77,50.94,spread,6,Academic
2025-02-03,polling,senate_seats,seats,47.27,44.94,48.19,spread,5,Polling
2025-02-03,academic,senate_seats,seats,48.2917,45.77,50.94,spread,6,Academic
2025-02-04,polling,senate_seats,seats,47.27,44.94,48.19,spread,5,Polling
2025-02-04,academic,senate_seats,seats,48.2933,45.77,50.94,spread,6,Academic
2025-02-05,polling,senate_seats,seats,47.304,45.11,48.19,spread,5,Polling
2025-02-05,academic,senate_seats,seats,48.3233,45.77,50.94,spread,6,Academic
2025-02-06,polling,senate_seats,seats,47.412,45.65,48.19,spread,5,Polling
2025-02-06,academic,senate_seats,seats,48.42,45.77,50.94,spread,6,Academic
2025-02-07,polling,senate_seats,seats,47.412,45.65,48.19,spread,5,Polling
2025-02-07,academic,senate_seats,seats,48.4183,45.77,50.94,spread,6,Academic
2025-02-08,polling,senate_seats,seats,47.412,45.65,48.19,spread,5,Polling
2025-02-08,academic,senate_seats,seats,48.4183,45.77,50.94,spread,6,Academic
2025-02-09,polling,senate_seats,seats,47.406,45.62,48.19,spread,5,Polling
2025-02-09,academic,senate_seats,seats,48.4133,45.77,50.94,spread,6,Academic
2025-02-10,polling,senate_seats,seats,47.406,45.62,48.19,spread,5,Polling
2025-02-10,academic,senate_seats,seats,48.415,45.77,50.94,spread,6,Academic
2025-02-11,polling,senate_seats,seats,47.406,45.62,48.19,spread,5,Polling
2025-02-11,academic,senate_seats,seats,48.4167,45.77,50.94,spread,6,Academic
2025-02-12,polling,senate_seats,seats,47.406,45.62,48.19,spread,5,Polling
2025-02-12,academic,senate_seats,seats,48.4167,45.77,50.94,spread,6,Academic
2025-02-13,polling,senate_seats,seats,47.416,45.67,48.19,spread,5,Polling
2025-02-13,academic,senate_seats,seats,48.425,45.77,50.94,spread,6,Academic
2025-02-14,polling,senate_seats,seats,47.416,45.67,48.19,spread,5,Polling
2025-02-14,academic,senate_seats,seats,48.425,45.77,50.94,spread,6,Academic
2025-02-15,polling,senate_seats,seats,47.416,45.67,48.19,spread,5,Polling
2025-02-15,academic,senate_seats,seats,48.425,45.77,50.94,spread,6,Academic
2025-02-16,polling,senate_seats,seats,47.418,45.68,48.19,spread,5,Polling
2025-02-16,academic,senate_seats,seats,48.4267,45.77,50.94,spread,6,Academic
2025-02-17,polling,senate_seats,seats,47.458,45.88,48.19,spread,5,Polling
2025-02-17,academic,senate_seats,seats,48.4633,45.77,50.94,spread,6,Academic
2025-02-18,polling,senate_seats,seats,47.434,45.76,48.19,spread,5,Polling
2025-02-18,academic,senate_seats,seats,48.3483,45.77,50.94,spread,6,Academic
2025-02-19,polling,senate_seats,seats,47.434,45.76,48.19,spread,5,Polling
2025-02-19,academic,senate_seats,seats,48.3483,45.77,50.94,spread,6,Academic
2025-02-20,polling,senate_seats,seats,47.434,45.76,48.19,spread,5,Polling
2025-02-20,academic,senate_seats,seats,48.35,45.77,50.94,spread,6,Academic
2025-02-21,polling,senate_seats,seats,47.432,45.75,48.19,spread,5,Polling
2025-02-21,academic,senate_seats,seats,48.35,45.77,50.94,spread,6,Academic
2025-02-22,polling,senate_seats,seats,47.416,45.67,48.19,spread,5,Polling
2025-02-22,academic,senate_seats,seats,48.3367,45.77,50.94,spread,6,Academic
2025-02-23,polling,senate_seats,seats,47.398,45.58,48.19,spread,5,Polling
2025-02-23,academic,senate_seats,seats,48.3217,45.77,50.94,spread,6,Academic
2025-02-24,polling,senate_seats,seats,47.398,45.58,48.19,spread,5,Polling
2025-02-24,academic,senate_seats,seats,48.3217,45.77,50.94,spread,6,Academic
2025-02-25,polling,senate_seats,seats,47.398,45.58,48.19,spread,5,Polling
2025-02-25,academic,senate_seats,seats,48.32,45.77,50.94,spread,6,Academic
2025-02-26,polling,senate_seats,seats,47.388,45.53,48.19,spread,5,Polling
2025-02-26,academic,senate_seats,seats,48.3117,45.77,50.94,spread,6,Academic
2025-02-27,polling,senate_seats,seats,47.358,45.38,48.19,spread,5,Polling
2025-02-27,academic,senate_seats,seats,48.2833,45.77,50.94,spread,6,Academic
2025-02-28,polling,senate_seats,seats,47.358,45.38,48.19,spread,5,Polling
2025-02-28,academic,senate_seats,seats,48.2817,45.77,50.94,spread,6,Academic
2025-03-01,polling,senate_seats,seats,47.358,45.38,48.19,spread,5,Polling
2025-03-01,academic,senate_seats,seats,48.38,45.77,50.94,spread,6,Academic
2025-03-02,polling,senate_seats,seats,47.37,45.44,48.19,spread,5,Polling
2025-03-02,academic,senate_seats,seats,48.3917,45.77,50.94,spread,6,Academic
2025-03-03,polling,senate_seats,seats,47.414,45.66,48.19,spread,5,Polling
2025-03-03,academic,senate_seats,seats,48.4317,45.77,50.94,spread,6,Academic
2025-03-04,polling,senate_seats,seats,47.414,45.66,48.19,spread,5,Polling
2025-03-04,academic,senate_seats,seats,48.4317,45.77,50.94,spread,6,Academic
2025-03-05,polling,senate_seats,seats,47.44,45.79,48.19,spread,5,Polling
2025-03-05,academic,senate_seats,seats,48.4533,45.77,50.94,spread,6,Academic
2025-03-06,polling,senate_seats,seats,47.434,45.76,48.19,spread,5,Polling
2025-03-06,academic,senate_seats,seats,48.4483,45.77,50.94,spread,6,Academic
2025-03-07,polling,senate_seats,seats,47.426,45.72,48.19,spread,5,Polling
2025-03-07,academic,senate_seats,seats,48.4417,45.77,50.94,spread,6,Academic
2025-03-08,polling,senate_seats,seats,47.426,45.72,48.19,spread,5,Polling
2025-03-08,academic,senate_seats,seats,48.4417,45.77,50.94,spread,6,Academic
2025-03-09,polling,senate_seats,seats,47.458,45.88,48.19,spread,5,Polling
2025-03-09,academic,senate_seats,seats,48.4683,45.77,50.94,spread,6,Academic
2025-03-10,polling,senate_seats,seats,47.48,45.99,48.19,spread,5,Polling
2025-03-10,academic,senate_seats,seats,48.49,45.77,50.94,spread,6,Academic
2025-03-11,polling,senate_seats,seats,47.53,46.24,48.19,spread,5,Polling
2025-03-11,academic,senate_seats,seats,48.53,45.77,50.94,spread,6,Academic
2025-03-12,polling,senate_seats,seats,47.53,46.24,48.19,spread,5,Polling
2025-03-12,academic,senate_seats,seats,48.4367,45.77,50.94,spread,6,Academic
2025-03-13,polling,senate_seats,seats,47.526,46.22,48.19,spread,5,Polling
2025-03-13,academic,senate_seats,seats,48.4383,45.77,50.94,spread,6,Academic
2025-03-14,polling,senate_seats,seats,47.538,46.28,48.19,spread,5,Polling
2025-03-14,academic,senate_seats,seats,48.4467,45.77,50.94,spread,6,Academic
2025-03-15,polling,senate_seats,seats,47.538,46.28,48.19,spread,5,Polling
2025-03-15,academic,senate_seats,seats,48.4467,45.77,50.94,spread,6,Academic
2025-03-16,polling,senate_seats,seats,47.562,46.4,48.19,spread,5,Polling
2025-03-16,academic,senate_seats,seats,48.465,45.77,50.94,spread,6,Academic
2025-03-17,polling,senate_seats,seats,47.562,46.4,48.19,spread,5,Polling
2025-03-17,academic,senate_seats,seats,48.465,45.77,50.94,spread,6,Academic
2025-03-18,polling,senate_seats,seats,47.562,46.4,48.19,spread,5,Polling
2025-03-18,academic,senate_seats,seats,48.465,45.77,50.94,spread,6,Academic
2025-03-19,polling,senate_seats,seats,47.564,46.41,48.19,spread,5,Polling
2025-03-19,academic,senate_seats,seats,48.47,45.77,50.94,spread,6,Academic
2025-03-20,polling,senate_seats,seats,47.564,46.41,48.19,spread,5,Polling
2025-03-20,academic,senate_seats,seats,48.4717,45.77,50.94,spread,6,Academic
2025-03-21,polling,senate_seats,seats,47.564,46.41,48.19,spread,5,Polling
2025-03-21,academic,senate_seats,seats,48.4717,45.77,50.94,spread,6,Academic
2025-03-22,polling,senate_seats,seats,47.564,46.41,48.19,spread,5,Polling
2025-03-22,academic,senate_seats,seats,48.4717,45.77,50.94,spread,6,Academic
2025-03-23,polling,senate_seats,seats,47.584,46.5,48.19,spread,5,Polling
2025-03-23,academic,senate_seats,seats,48.485,45.77,50.94,spread,6,Academic
2025-03-24,polling,senate_seats,seats,47.556,46.36,48.19,spread,5,Polling
2025-03-24,academic,senate_seats,seats,48.465,45.77,50.94,spread,6,Academic
2025-03-25,polling,senate_seats,seats,47.556,46.36,48.19,spread,5,Polling
2025-03-25,academic,senate_seats,seats,48.465,45.77,50.94,spread,6,Academic
2025-03-26,polling,senate_seats,seats,47.536,46.26,48.19,spread,5,Polling
2025-03-26,academic,senate_seats,seats,48.4483,45.77,50.94,spread,6,Academic
2025-03-27,polling,senate_seats,seats,47.54,46.26,48.19,spread,5,Polling
2025-03-27,academic,senate_seats,seats,48.4483,45.77,50.94,spread,6,Academic
2025-03-28,polling,senate_seats,seats,47.564,46.38,48.19,spread,5,Polling
2025-03-28,academic,senate_seats,seats,48.4667,45.77,50.94,spread,6,Academic
2025-03-29,polling,senate_seats,seats,47.564,46.38,48.19,spread,5,Polling
2025-03-29,academic,senate_seats,seats,48.4667,45.77,50.94,spread,6,Academic
2025-03-30,polling,senate_seats,seats,47.548,46.3,48.19,spread,5,Polling
2025-03-30,academic,senate_seats,seats,48.4533,45.77,50.94,spread,6,Academic
2025-03-31,polling,senate_seats,seats,47.548,46.3,48.19,spread,5,Polling
2025-03-31,academic,senate_seats,seats,48.4517,45.77,50.93,spread,6,Academic
2025-04-01,polling,senate_seats,seats,47.548,46.3,48.19,spread,5,Polling
2025-04-01,academic,senate_seats,seats,48.4683,45.77,50.93,spread,6,Academic
2025-04-02,polling,senate_seats,seats,47.548,46.3,48.19,spread,5,Polling
2025-04-02,academic,senate_seats,seats,48.47,45.77,50.93,spread,6,Academic
2025-04-03,polling,senate_seats,seats,47.594,46.53,48.19,spread,5,Polling
2025-04-03,academic,senate_seats,seats,48.505,45.77,50.93,spread,6,Academic
2025-04-04,polling,senate_seats,seats,47.594,46.53,48.19,spread,5,Polling
2025-04-04,academic,senate_seats,seats,48.505,45.77,50.93,spread,6,Academic
2025-04-05,polling,senate_seats,seats,47.594,46.53,48.19,spread,5,Polling
2025-04-05,academic,senate_seats,seats,48.505,45.77,50.93,spread,6,Academic
2025-04-06,polling,senate_seats,seats,47.608,46.61,48.19,spread,5,Polling
2025-04-06,academic,senate_seats,seats,48.5183,45.77,50.93,spread,6,Academic
2025-04-07,polling,senate_seats,seats,47.608,46.61,48.19,spread,5,Polling
2025-04-07,academic,senate_seats,seats,48.515,45.77,50.93,spread,6,Academic
2025-04-08,polling,senate_seats,seats,47.618,46.66,48.19,spread,5,Polling
2025-04-08,academic,senate_seats,seats,48.525,45.77,50.93,spread,6,Academic
2025-04-09,polling,senate_seats,seats,47.62,46.67,48.19,spread,5,Polling
2025-04-09,academic,senate_seats,seats,48.5267,45.77,50.93,spread,6,Academic
2025-04-10,polling,senate_seats,seats,47.638,46.75,48.19,spread,5,Polling
2025-04-10,academic,senate_seats,seats,48.5433,45.77,50.93,spread,6,Academic
2025-04-11,polling,senate_seats,seats,47.636,46.75,48.19,spread,5,Polling
2025-04-11,academic,senate_seats,seats,48.545,45.77,50.93,spread,6,Academic
2025-04-12,polling,senate_seats,seats,47.664,46.89,48.19,spread,5,Polling
2025-04-12,academic,senate_seats,seats,48.5683,45.77,50.93,spread,6,Academic
2025-04-13,polling,senate_seats,seats,47.692,47.02,48.19,spread,5,Polling
2025-04-13,academic,senate_seats,seats,48.61,45.77,50.93,spread,6,Academic
2025-04-14,polling,senate_seats,seats,47.67,46.91,48.19,spread,5,Polling
2025-04-14,academic,senate_seats,seats,48.5717,45.77,50.93,spread,6,Academic
2025-04-15,polling,senate_seats,seats,47.668,46.91,48.19,spread,5,Polling
2025-04-15,academic,senate_seats,seats,48.5733,45.77,50.93,spread,6,Academic
2025-04-16,polling,senate_seats,seats,47.698,47.05,48.19,spread,5,Polling
2025-04-16,academic,senate_seats,seats,48.6183,45.77,50.93,spread,6,Academic
2025-04-17,polling,senate_seats,seats,47.698,47.05,48.19,spread,5,Polling
2025-04-17,academic,senate_seats,seats,48.62,45.77,50.93,spread,6,Academic
2025-04-18,polling,senate_seats,seats,47.708,47.1,48.19,spread,5,Polling
2025-04-18,academic,senate_seats,seats,48.6333,45.77,50.93,spread,6,Academic
2025-04-19,polling,senate_seats,seats,47.694,47.03,48.19,spread,5,Polling
2025-04-19,academic,senate_seats,seats,48.6133,45.77,50.93,spread,6,Academic
2025-04-20,polling,senate_seats,seats,47.702,47.07,48.19,spread,5,Polling
2025-04-20,academic,senate_seats,seats,48.625,45.77,50.92,spread,6,Academic
2025-04-21,polling,senate_seats,seats,47.734,47.23,48.19,spread,5,Polling
2025-04-21,academic,senate_seats,seats,48.655,45.77,50.92,spread,6,Academic
2025-04-22,polling,senate_seats,seats,47.736,47.24,48.19,spread,5,Polling
2025-04-22,academic,senate_seats,seats,48.6617,45.77,50.92,spread,6,Academic
2025-04-23,polling,senate_seats,seats,47.736,47.24,48.19,spread,5,Polling
2025-04-23,academic,senate_seats,seats,48.5583,45.77,50.92,spread,6,Academic
2025-04-24,polling,senate_seats,seats,47.746,47.29,48.19,spread,5,Polling
2025-04-24,academic,senate_seats,seats,48.5667,45.77,50.92,spread,6,Academic
2025-04-25,polling,senate_seats,seats,47.746,47.29,48.19,spread,5,Polling
2025-04-25,academic,senate_seats,seats,48.5667,45.77,50.92,spread,6,Academic
2025-04-26,polling,senate_seats,seats,47.746,47.29,48.19,spread,5,Polling
2025-04-26,academic,senate_seats,seats,48.5683,45.77,50.92,spread,6,Academic
2025-04-27,polling,senate_seats,seats,47.766,47.39,48.19,spread,5,Polling
2025-04-27,academic,senate_seats,seats,48.5883,45.77,50.92,spread,6,Academic
2025-04-28,polling,senate_seats,seats,47.766,47.39,48.19,spread,5,Polling
2025-04-28,academic,senate_seats,seats,48.59,45.77,50.92,spread,6,Academic
2025-04-29,polling,senate_seats,seats,47.75,47.31,48.19,spread,5,Polling
2025-04-29,academic,senate_seats,seats,48.575,45.77,50.92,spread,6,Academic
2025-04-30,polling,senate_seats,seats,47.756,47.34,48.19,spread,5,Polling
2025-04-30,academic,senate_seats,seats,48.58,45.77,50.92,spread,6,Academic
2025-05-01,polling,senate_seats,seats,47.756,47.34,48.19,spread,5,Polling
2025-05-01,academic,senate_seats,seats,48.5817,45.77,50.92,spread,6,Academic
2025-05-02,polling,senate_seats,seats,47.756,47.34,48.19,spread,5,Polling
2025-05-02,academic,senate_seats,seats,48.5833,45.77,50.92,spread,6,Academic
2025-05-03,polling,senate_seats,seats,47.75,47.31,48.19,spread,5,Polling
2025-05-03,academic,senate_seats,seats,48.5783,45.77,50.92,spread,6,Academic
2025-05-04,polling,senate_seats,seats,47.758,47.35,48.19,spread,5,Polling
2025-05-04,academic,senate_seats,seats,48.5833,45.77,50.92,spread,6,Academic
2025-05-05,polling,senate_seats,seats,47.79,47.51,48.19,spread,5,Polling
2025-05-05,academic,senate_seats,seats,48.6167,45.77,50.92,spread,6,Academic
2025-05-06,polling,senate_seats,seats,47.814,47.63,48.19,spread,5,Polling
2025-05-06,academic,senate_seats,seats,48.6383,45.77,50.92,spread,6,Academic
2025-05-07,polling,senate_seats,seats,47.796,47.54,48.19,spread,5,Polling
2025-05-07,academic,senate_seats,seats,48.6183,45.77,50.91,spread,6,Academic
2025-05-08,polling,senate_seats,seats,47.786,47.49,48.19,spread,5,Polling
2025-05-08,academic,senate_seats,seats,48.6083,45.77,50.91,spread,6,Academic
2025-05-09,polling,senate_seats,seats,47.786,47.49,48.19,spread,5,Polling
2025-05-09,academic,senate_seats,seats,48.6083,45.77,50.91,spread,6,Academic
2025-05-10,polling,senate_seats,seats,47.81,47.61,48.19,spread,5,Polling
2025-05-10,academic,senate_seats,seats,48.6317,45.77,50.91,spread,6,Academic
2025-05-11,polling,senate_seats,seats,47.798,47.55,48.19,spread,5,Polling
2025-05-11,academic,senate_seats,seats,48.6183,45.77,50.91,spread,6,Academic
2025-05-12,polling,senate_seats,seats,47.74,47.26,48.19,spread,5,Polling
2025-05-12,academic,senate_seats,seats,48.5633,45.77,50.91,spread,6,Academic
2025-05-13,polling,senate_seats,seats,47.74,47.26,48.19,spread,5,Polling
2025-05-13,academic,senate_seats,seats,48.5617,45.77,50.91,spread,6,Academic
2025-05-14,polling,senate_seats,seats,47.74,47.26,48.19,spread,5,Polling
2025-05-14,academic,senate_seats,seats,48.5633,45.77,50.91,spread,6,Academic
2025-05-15,polling,senate_seats,seats,47.73,47.21,48.19,spread,5,Polling
2025-05-15,academic,senate_seats,seats,48.5533,45.77,50.91,spread,6,Academic
2025-05-16,polling,senate_seats,seats,47.726,47.19,48.19,spread,5,Polling
2025-05-16,academic,senate_seats,seats,48.55,45.77,50.91,spread,6,Academic
2025-05-17,polling,senate_seats,seats,47.726,47.19,48.19,spread,5,Polling
2025-05-17,academic,senate_seats,seats,48.5483,45.77,50.91,spread,6,Academic
2025-05-18,polling,senate_seats,seats,47.682,46.97,48.19,spread,5,Polling
2025-05-18,academic,senate_seats,seats,48.49,45.77,50.91,spread,6,Academic
2025-05-19,polling,senate_seats,seats,47.676,46.94,48.19,spread,5,Polling
2025-05-19,academic,senate_seats,seats,48.4817,45.77,50.91,spread,6,Academic
2025-05-20,polling,senate_seats,seats,47.696,47.04,48.19,spread,5,Polling
2025-05-20,academic,senate_seats,seats,48.5117,45.77,50.91,spread,6,Academic
2025-05-21,polling,senate_seats,seats,47.696,47.04,48.19,spread,5,Polling
2025-05-21,academic,senate_seats,seats,48.5117,45.77,50.91,spread,6,Academic
2025-05-22,polling,senate_seats,seats,47.696,47.04,48.19,spread,5,Polling
2025-05-22,academic,senate_seats,seats,48.515,45.77,50.91,spread,6,Academic
2025-05-23,polling,senate_seats,seats,47.696,47.04,48.19,spread,5,Polling
2025-05-23,academic,senate_seats,seats,48.515,45.77,50.91,spread,6,Academic
2025-05-24,polling,senate_seats,seats,47.696,47.04,48.19,spread,5,Polling
2025-05-24,academic,senate_seats,seats,48.515,45.77,50.91,spread,6,Academic
2025-05-25,polling,senate_seats,seats,47.68,46.96,48.19,spread,5,Polling
2025-05-25,academic,senate_seats,seats,48.4867,45.77,50.91,spread,6,Academic
2025-05-26,polling,senate_seats,seats,47.658,46.85,48.19,spread,5,Polling
2025-05-26,academic,senate_seats,seats,48.46,45.77,50.91,spread,6,Academic
2025-05-27,polling,senate_seats,seats,47.676,46.94,48.19,spread,5,Polling
2025-05-27,academic,senate_seats,seats,48.4833,45.77,50.91,spread,6,Academic
2025-05-28,polling,senate_seats,seats,47.676,46.94,48.19,spread,5,Polling
2025-05-28,academic,senate_seats,seats,48.4833,45.77,50.91,spread,6,Academic
2025-05-29,polling,senate_seats,seats,47.678,46.95,48.19,spread,5,Polling
2025-05-29,academic,senate_seats,seats,48.4833,45.77,50.9,spread,6,Academic
2025-05-30,polling,senate_seats,seats,47.664,46.88,48.19,spread,5,Polling
2025-05-30,academic,senate_seats,seats,48.4667,45.77,50.9,spread,6,Academic
2025-05-31,polling,senate_seats,seats,47.664,46.88,48.19,spread,5,Polling
2025-05-31,academic,senate_seats,seats,48.4667,45.77,50.9,spread,6,Academic
2025-06-01,polling,senate_seats,seats,47.668,46.9,48.19,spread,5,Polling
2025-06-01,academic,senate_seats,seats,48.4267,45.77,50.92,spread,6,Academic
2025-06-02,polling,senate_seats,seats,47.688,47.0,48.19,spread,5,Polling
2025-06-02,academic,senate_seats,seats,48.4533,45.77,50.91,spread,6,Academic
2025-06-03,polling,senate_seats,seats,47.688,47.0,48.19,spread,5,Polling
2025-06-03,academic,senate_seats,seats,48.4533,45.77,50.91,spread,6,Academic
2025-06-04,polling,senate_seats,seats,47.684,46.98,48.19,spread,5,Polling
2025-06-04,academic,senate_seats,seats,48.4467,45.77,50.91,spread,6,Academic
2025-06-05,polling,senate_seats,seats,47.684,46.98,48.19,spread,5,Polling
2025-06-05,academic,senate_seats,seats,48.45,45.77,50.91,spread,6,Academic
2025-06-06,polling,senate_seats,seats,47.722,47.17,48.19,spread,5,Polling
2025-06-06,academic,senate_seats,seats,48.4967,45.77,50.91,spread,6,Academic
2025-06-07,polling,senate_seats,seats,47.722,47.17,48.19,spread,5,Polling
2025-06-07,academic,senate_seats,seats,48.4967,45.77,50.91,spread,6,Academic
2025-06-08,polling,senate_seats,seats,47.716,47.14,48.19,spread,5,Polling
2025-06-08,academic,senate_seats,seats,48.4917,45.77,50.91,spread,6,Academic
2025-06-09,polling,senate_seats,seats,47.72,47.16,48.19,spread,5,Polling
2025-06-09,academic,senate_seats,seats,48.4933,45.77,50.91,spread,6,Academic
2025-06-10,polling,senate_seats,seats,47.72,47.16,48.19,spread,5,Polling
2025-06-10,academic,senate_seats,seats,48.4967,45.77,50.91,spread,6,Academic
2025-06-11,polling,senate_seats,seats,47.684,46.98,48.19,spread,5,Polling
2025-06-11,academic,senate_seats,seats,48.4467,45.77,50.91,spread,6,Academic
2025-06-12,polling,senate_seats,seats,47.73,47.21,48.19,spread,5,Polling
2025-06-12,academic,senate_seats,seats,48.5067,45.77,50.91,spread,6,Academic
2025-06-13,polling,senate_seats,seats,47.73,47.21,48.19,spread,5,Polling
2025-06-13,academic,senate_seats,seats,48.5067,45.77,50.91,spread,6,Academic
2025-06-14,polling,senate_seats,seats,47.764,47.38,48.19,spread,5,Polling
2025-06-14,academic,senate_seats,seats,48.5383,45.77,50.91,spread,6,Academic
2025-06-15,polling,senate_seats,seats,47.726,47.19,48.19,spread,5,Polling
2025-06-15,academic,senate_seats,seats,48.5033,45.77,50.91,spread,6,Academic
2025-06-16,polling,senate_seats,seats,47.754,47.33,48.19,spread,5,Polling
2025-06-16,academic,senate_seats,seats,48.53,45.77,50.91,spread,6,Academic
2025-06-17,polling,senate_seats,seats,47.706,47.09,48.19,spread,5,Polling
2025-06-17,academic,senate_seats,seats,48.4817,45.77,50.91,spread,6,Academic
2025-06-18,polling,senate_seats,seats,47.696,47.04,48.19,spread,5,Polling
2025-06-18,academic,senate_seats,seats,48.4667,45.77,50.91,spread,6,Academic
2025-06-19,polling,senate_seats,seats,47.656,46.84,48.19,spread,5,Polling
2025-06-19,academic,senate_seats,seats,48.4117,45.77,50.91,spread,6,Academic
2025-06-20,polling,senate_seats,seats,47.658,46.84,48.2,spread,5,Polling
2025-06-20,academic,senate_seats,seats,48.415,45.77,50.91,spread,6,Academic
2025-06-21,polling,senate_seats,seats,47.664,46.88,48.19,spread,5,Polling
2025-06-21,academic,senate_seats,seats,48.4217,45.77,50.91,spread,6,Academic
2025-06-22,polling,senate_seats,seats,47.668,46.89,48.2,spread,5,Polling
2025-06-22,academic,senate_seats,seats,48.425,45.77,50.91,spread,6,Academic
2025-06-23,polling,senate_seats,seats,47.69,47.0,48.2,spread,5,Polling
2025-06-23,academic,senate_seats,seats,48.4583,45.77,50.91,spread,6,Academic
2025-06-24,polling,senate_seats,seats,47.69,47.0,48.2,spread,5,Polling
2025-06-24,academic,senate_seats,seats,48.46,45.77,50.91,spread,6,Academic
2025-06-25,polling,senate_seats,seats,47.712,47.11,48.2,spread,5,Polling
2025-06-25,academic,senate_seats,seats,48.4917,45.77,50.91,spread,6,Academic
2025-06-26,polling,senate_seats,seats,47.712,47.11,48.2,spread,5,Polling
2025-06-26,academic,senate_seats,seats,48.4917,45.77,50.91,spread,6,Academic
2025-06-27,polling,senate_seats,seats,47.69,46.99,48.2,spread,5,Polling
2025-06-27,academic,senate_seats,seats,48.4533,45.77,50.9,spread,6,Academic
2025-06-28,polling,senate_seats,seats,47.69,46.99,48.2,spread,5,Polling
2025-06-28,academic,senate_seats,seats,48.4517,45.77,50.9,spread,6,Academic
2025-06-29,polling,senate_seats,seats,47.7,47.04,48.2,spread,5,Polling
2025-06-29,academic,senate_seats,seats,48.47,45.77,50.9,spread,6,Academic
2025-06-30,polling,senate_seats,seats,47.718,47.13,48.2,spread,5,Polling
2025-06-30,academic,senate_seats,seats,48.52,45.77,51.07,spread,6,Academic
2025-07-01,polling,senate_seats,seats,47.718,47.13,48.2,spread,5,Polling
2025-07-01,academic,senate_seats,seats,48.55,45.77,51.17,spread,6,Academic
2025-07-02,polling,senate_seats,seats,47.732,47.2,48.2,spread,5,Polling
2025-07-02,academic,senate_seats,seats,48.5633,45.77,51.17,spread,6,Academic
2025-07-03,polling,senate_seats,seats,47.702,47.05,48.2,spread,5,Polling
2025-07-03,academic,senate_seats,seats,48.5317,45.77,51.17,spread,6,Academic
2025-07-04,polling,senate_seats,seats,47.704,47.06,48.2,spread,5,Polling
2025-07-04,academic,senate_seats,seats,48.53,45.77,51.17,spread,6,Academic
2025-07-05,polling,senate_seats,seats,47.67,46.89,48.2,spread,5,Polling
2025-07-05,academic,senate_seats,seats,48.4817,45.77,51.17,spread,6,Academic
2025-07-06,polling,senate_seats,seats,47.718,47.13,48.2,spread,5,Polling
2025-07-06,academic,senate_seats,seats,48.5467,45.77,51.17,spread,6,Academic
2025-07-07,polling,senate_seats,seats,47.72,47.14,48.2,spread,5,Polling
2025-07-07,academic,senate_seats,seats,48.5467,45.77,51.17,spread,6,Academic
2025-07-08,polling,senate_seats,seats,47.736,47.22,48.2,spread,5,Polling
2025-07-08,academic,senate_seats,seats,48.5617,45.77,51.17,spread,6,Academic
2025-07-09,polling,senate_seats,seats,47.754,47.31,48.2,spread,5,Polling
2025-07-09,academic,senate_seats,seats,48.5783,45.77,51.17,spread,6,Academic
2025-07-10,polling,senate_seats,seats,47.828,47.68,48.2,spread,5,Polling
2025-07-10,academic,senate_seats,seats,48.6483,45.77,51.17,spread,6,Academic
2025-07-11,polling,senate_seats,seats,47.828,47.68,48.2,spread,5,Polling
2025-07-11,academic,senate_seats,seats,48.65,45.77,51.17,spread,6,Academic
2025-07-12,polling,senate_seats,seats,47.83,47.69,48.2,spread,5,Polling
2025-07-12,academic,senate_seats,seats,48.65,45.77,51.16,spread,6,Academic
2025-07-13,polling,senate_seats,seats,47.844,47.7,48.2,spread,5,Polling
2025-07-13,academic,senate_seats,seats,48.665,45.77,51.16,spread,6,Academic
2025-07-14,polling,senate_seats,seats,47.746,47.27,48.2,spread,5,Polling
2025-07-14,academic,senate_seats,seats,48.5767,45.77,51.16,spread,6,Academic
2025-07-15,polling,senate_seats,seats,47.75,47.27,48.2,spread,5,Polling
2025-07-15,academic,senate_seats,seats,48.5767,45.77,51.16,spread,6,Academic
2025-07-16,polling,senate_seats,seats,47.696,47.0,48.2,spread,5,Polling
2025-07-16,academic,senate_seats,seats,48.51,45.77,51.16,spread,6,Academic
2025-07-17,polling,senate_seats,seats,47.718,47.11,48.2,spread,5,Polling
2025-07-17,academic,senate_seats,seats,48.545,45.77,51.16,spread,6,Academic
2025-07-18,polling,senate_seats,seats,47.766,47.35,48.2,spread,5,Polling
2025-07-18,academic,senate_seats,seats,48.5917,45.77,51.16,spread,6,Academic
2025-07-19,polling,senate_seats,seats,47.766,47.35,48.2,spread,5,Polling
2025-07-19,academic,senate_seats,seats,48.5917,45.77,51.16,spread,6,Academic
2025-07-20,polling,senate_seats,seats,47.782,47.43,48.2,spread,5,Polling
2025-07-20,academic,senate_seats,seats,48.6067,45.77,51.16,spread,6,Academic
2025-07-21,polling,senate_seats,seats,47.776,47.4,48.2,spread,5,Polling
2025-07-21,academic,senate_seats,seats,48.6033,45.77,51.16,spread,6,Academic
2025-07-22,polling,senate_seats,seats,47.78,47.42,48.2,spread,5,Polling
2025-07-22,academic,senate_seats,seats,48.6067,45.77,51.16,spread,6,Academic
2025-07-23,polling,senate_seats,seats,47.784,47.44,48.2,spread,5,Polling
2025-07-23,academic,senate_seats,seats,48.61,45.77,51.16,spread,6,Academic
2025-07-24,polling,senate_seats,seats,47.796,47.5,48.2,spread,5,Polling
2025-07-24,academic,senate_seats,seats,48.6233,45.77,51.16,spread,6,Academic
2025-07-25,polling,senate_seats,seats,47.796,47.5,48.2,spread,5,Polling
2025-07-25,academic,senate_seats,seats,48.6233,45.77,51.16,spread,6,Academic
2025-07-26,polling,senate_seats,seats,47.796,47.5,48.2,spread,5,Polling
2025-07-26,academic,senate_seats,seats,48.6233,45.77,51.16,spread,6,Academic
2025-07-27,polling,senate_seats,seats,47.79,47.47,48.2,spread,5,Polling
2025-07-27,academic,senate_seats,seats,48.615,45.77,51.16,spread,6,Academic
2025-07-28,polling,senate_seats,seats,47.81,47.57,48.2,spread,5,Polling
2025-07-28,academic,senate_seats,seats,48.655,45.77,51.27,spread,6,Academic
2025-07-29,polling,senate_seats,seats,47.814,47.59,48.2,spread,5,Polling
2025-07-29,academic,senate_seats,seats,48.6583,45.77,51.27,spread,6,Academic
2025-07-30,polling,senate_seats,seats,47.814,47.59,48.2,spread,5,Polling
2025-07-30,academic,senate_seats,seats,48.6617,45.77,51.27,spread,6,Academic
2025-07-31,polling,senate_seats,seats,47.84,47.7,48.2,spread,5,Polling
2025-07-31,academic,senate_seats,seats,48.6967,45.77,51.33,spread,6,Academic
2025-08-01,polling,senate_seats,seats,47.84,47.7,48.2,spread,5,Polling
2025-08-01,academic,senate_seats,seats,48.7233,45.77,51.5,spread,6,Academic
2025-08-02,polling,senate_seats,seats,47.84,47.7,48.2,spread,5,Polling
2025-08-02,academic,senate_seats,seats,48.7217,45.77,51.5,spread,6,Academic
2025-08-03,polling,senate_seats,seats,47.846,47.7,48.2,spread,5,Polling
2025-08-03,academic,senate_seats,seats,48.725,45.77,51.5,spread,6,Academic
2025-08-04,polling,senate_seats,seats,47.904,47.7,48.2,spread,5,Polling
2025-08-04,academic,senate_seats,seats,48.79,45.77,51.55,spread,6,Academic
2025-08-05,polling,senate_seats,seats,47.904,47.7,48.2,spread,5,Polling
2025-08-05,academic,senate_seats,seats,48.79,45.77,51.55,spread,6,Academic
2025-08-06,polling,senate_seats,seats,47.938,47.7,48.21,spread,5,Polling
2025-08-06,academic,senate_seats,seats,48.8217,45.77,51.55,spread,6,Academic
2025-08-07,polling,senate_seats,seats,47.936,47.7,48.2,spread,5,Polling
2025-08-07,academic,senate_seats,seats,48.8183,45.77,51.54,spread,6,Academic
2025-08-08,polling,senate_seats,seats,47.91,47.7,48.2,spread,5,Polling
2025-08-08,academic,senate_seats,seats,48.7933,45.77,51.54,spread,6,Academic
2025-08-09,polling,senate_seats,seats,47.896,47.7,48.2,spread,5,Polling
2025-08-09,academic,senate_seats,seats,48.7783,45.77,51.54,spread,6,Academic
2025-08-10,polling,senate_seats,seats,47.896,47.71,48.2,spread,5,Polling
2025-08-10,academic,senate_seats,seats,48.7733,45.77,51.54,spread,6,Academic
2025-08-11,polling,senate_seats,seats,47.89,47.71,48.2,spread,5,Polling
2025-08-11,academic,senate_seats,seats,48.7667,45.77,51.54,spread,6,Academic
2025-08-12,polling,senate_seats,seats,47.894,47.71,48.2,spread,5,Polling
2025-08-12,academic,senate_seats,seats,48.78,45.77,51.59,spread,6,Academic
2025-08-13,polling,senate_seats,seats,47.894,47.71,48.2,spread,5,Polling
2025-08-13,academic,senate_seats,seats,48.7767,45.77,51.59,spread,6,Academic
2025-08-14,polling,senate_seats,seats,47.89,47.71,48.2,spread,5,Polling
2025-08-14,academic,senate_seats,seats,48.7717,45.77,51.59,spread,6,Academic
2025-08-15,polling,senate_seats,seats,47.89,47.71,48.2,spread,5,Polling
2025-08-15,academic,senate_seats,seats,48.7717,45.77,51.59,spread,6,Academic
2025-08-16,polling,senate_seats,seats,47.89,47.71,48.2,spread,5,Polling
2025-08-16,academic,senate_seats,seats,48.7717,45.77,51.59,spread,6,Academic
2025-08-17,polling,senate_seats,seats,47.886,47.71,48.2,spread,5,Polling
2025-08-17,academic,senate_seats,seats,48.7733,45.77,51.59,spread,6,Academic
2025-08-18,polling,senate_seats,seats,47.88,47.71,48.2,spread,5,Polling
2025-08-18,academic,senate_seats,seats,48.7683,45.77,51.59,spread,6,Academic
2025-08-19,polling,senate_seats,seats,47.88,47.71,48.2,spread,5,Polling
2025-08-19,academic,senate_seats,seats,48.7667,45.77,51.58,spread,6,Academic
2025-08-20,polling,senate_seats,seats,47.88,47.71,48.2,spread,5,Polling
2025-08-20,academic,senate_seats,seats,48.7683,45.77,51.58,spread,6,Academic
2025-08-21,polling,senate_seats,seats,47.86,47.71,48.2,spread,5,Polling
2025-08-21,academic,senate_seats,seats,48.7567,45.77,51.62,spread,6,Academic
2025-08-22,polling,senate_seats,seats,47.86,47.71,48.2,spread,5,Polling
2025-08-22,academic,senate_seats,seats,48.7567,45.77,51.62,spread,6,Academic
2025-08-23,polling,senate_seats,seats,47.86,47.71,48.2,spread,5,Polling
2025-08-23,academic,senate_seats,seats,48.7567,45.77,51.62,spread,6,Academic
2025-08-24,polling,senate_seats,seats,47.814,47.58,48.2,spread,5,Polling
2025-08-24,academic,senate_seats,seats,48.71,45.77,51.62,spread,6,Academic
2025-08-25,polling,senate_seats,seats,47.792,47.47,48.2,spread,5,Polling
2025-08-25,academic,senate_seats,seats,48.6917,45.77,51.62,spread,6,Academic
2025-08-26,polling,senate_seats,seats,47.76,47.31,48.2,spread,5,Polling
2025-08-26,academic,senate_seats,seats,48.66,45.77,51.62,spread,6,Academic
2025-08-27,polling,senate_seats,seats,47.76,47.31,48.2,spread,5,Polling
2025-08-27,academic,senate_seats,seats,48.66,45.77,51.62,spread,6,Academic
2025-08-28,polling,senate_seats,seats,47.76,47.31,48.2,spread,5,Polling
2025-08-28,academic,senate_seats,seats,48.66,45.77,51.62,spread,6,Academic
2025-08-29,polling,senate_seats,seats,47.76,47.31,48.2,spread,5,Polling
2025-08-29,academic,senate_seats,seats,48.66,45.77,51.62,spread,6,Academic
2025-08-30,polling,senate_seats,seats,47.764,47.33,48.2,spread,5,Polling
2025-08-30,academic,senate_seats,seats,48.6633,45.77,51.62,spread,6,Academic
2025-08-31,polling,senate_seats,seats,47.778,47.4,48.2,spread,5,Polling
2025-08-31,academic,senate_seats,seats,48.6767,45.77,51.62,spread,6,Academic
2025-09-01,polling,senate_seats,seats,47.828,47.63,48.2,spread,5,Polling
2025-09-01,academic,senate_seats,seats,48.75,45.77,51.83,spread,6,Academic
2025-09-02,polling,senate_seats,seats,47.842,47.7,48.2,spread,5,Polling
2025-09-02,academic,senate_seats,seats,48.77,45.77,51.87,spread,6,Academic
2025-09-03,polling,senate_seats,seats,47.842,47.7,48.2,spread,5,Polling
2025-09-03,academic,senate_seats,seats,48.7683,45.77,51.87,spread,6,Academic
2025-09-04,polling,senate_seats,seats,47.842,47.7,48.2,spread,5,Polling
2025-09-04,academic,senate_seats,seats,48.7683,45.77,51.87,spread,6,Academic
2025-09-05,polling,senate_seats,seats,47.842,47.7,48.2,spread,5,Polling
2025-09-05,academic,senate_seats,seats,48.7683,45.77,51.87,spread,6,Academic
2025-09-06,polling,senate_seats,seats,47.842,47.7,48.2,spread,5,Polling
2025-09-06,academic,senate_seats,seats,48.7683,45.77,51.87,spread,6,Academic
2025-09-07,polling,senate_seats,seats,47.846,47.71,48.2,spread,5,Polling
2025-09-07,academic,senate_seats,seats,48.77,45.77,51.87,spread,6,Academic
2025-09-08,polling,senate_seats,seats,47.834,47.68,48.2,spread,5,Polling
2025-09-08,academic,senate_seats,seats,48.7617,45.77,51.87,spread,6,Academic
2025-09-09,polling,senate_seats,seats,47.834,47.68,48.2,spread,5,Polling
2025-09-09,academic,senate_seats,seats,48.765,45.77,51.87,spread,6,Academic
2025-09-10,polling,senate_seats,seats,47.834,47.68,48.2,spread,5,Polling
2025-09-10,academic,senate_seats,seats,48.765,45.77,51.87,spread,6,Academic
2025-09-11,polling,senate_seats,seats,47.838,47.68,48.2,spread,5,Polling
2025-09-11,academic,senate_seats,seats,48.77,45.77,51.91,spread,6,Academic
2025-09-12,polling,senate_seats,seats,47.842,47.7,48.2,spread,5,Polling
2025-09-12,academic,senate_seats,seats,48.7733,45.77,51.91,spread,6,Academic
2025-09-13,polling,senate_seats,seats,47.838,47.68,48.2,spread,5,Polling
2025-09-13,academic,senate_seats,seats,48.77,45.77,51.91,spread,6,Academic
2025-09-14,polling,senate_seats,seats,47.86,47.71,48.2,spread,5,Polling
2025-09-14,academic,senate_seats,seats,48.7983,45.77,51.96,spread,6,Academic
2025-09-15,polling,senate_seats,seats,47.86,47.71,48.2,spread,5,Polling
2025-09-15,academic,senate_seats,seats,48.8,45.77,51.96,spread,6,Academic
2025-09-16,polling,senate_seats,seats,47.902,47.71,48.2,spread,5,Polling
2025-09-16,academic,senate_seats,seats,48.8383,45.77,51.96,spread,6,Academic
2025-09-17,polling,senate_seats,seats,47.902,47.71,48.2,spread,5,Polling
2025-09-17,academic,senate_seats,seats,48.8383,45.77,51.96,spread,6,Academic
2025-09-18,polling,senate_seats,seats,47.912,47.71,48.2,spread,5,Polling
2025-09-18,academic,senate_seats,seats,48.8467,45.77,51.96,spread,6,Academic
2025-09-19,polling,senate_seats,seats,47.916,47.71,48.2,spread,5,Polling
2025-09-19,academic,senate_seats,seats,48.855,45.77,51.96,spread,6,Academic
2025-09-20,polling,senate_seats,seats,47.918,47.71,48.2,spread,5,Polling
2025-09-20,academic,senate_seats,seats,48.855,45.77,51.95,spread,6,Academic
2025-09-21,polling,senate_seats,seats,47.91,47.71,48.2,spread,5,Polling
2025-09-21,academic,senate_seats,seats,48.8467,45.77,51.95,spread,6,Academic
2025-09-22,polling,senate_seats,seats,47.846,47.71,48.2,spread,5,Polling
2025-09-22,academic,senate_seats,seats,48.7867,45.77,51.95,spread,6,Academic
2025-09-23,polling,senate_seats,seats,47.834,47.66,48.2,spread,5,Polling
2025-09-23,academic,senate_seats,seats,48.7833,45.77,51.99,spread,6,Academic
2025-09-24,polling,senate_seats,seats,47.82,47.59,48.2,spread,5,Polling
2025-09-24,academic,senate_seats,seats,48.7667,45.77,51.99,spread,6,Academic
2025-09-25,polling,senate_seats,seats,47.82,47.59,48.2,spread,5,Polling
2025-09-25,academic,senate_seats,seats,48.7683,45.77,51.99,spread,6,Academic
2025-09-26,polling,senate_seats,seats,47.82,47.59,48.2,spread,5,Polling
2025-09-26,academic,senate_seats,seats,48.7683,45.77,51.99,spread,6,Academic
2025-09-27,polling,senate_seats,seats,47.82,47.59,48.2,spread,5,Polling
2025-09-27,academic,senate_seats,seats,48.7683,45.77,51.99,spread,6,Academic
2025-09-28,polling,senate_seats,seats,47.818,47.58,48.2,spread,5,Polling
2025-09-28,academic,senate_seats,seats,48.7683,45.77,51.99,spread,6,Academic
2025-09-29,polling,senate_seats,seats,47.818,47.58,48.2,spread,5,Polling
2025-09-29,academic,senate_seats,seats,48.7683,45.77,51.99,spread,6,Academic
2025-09-30,polling,senate_seats,seats,47.818,47.58,48.2,spread,5,Polling
2025-09-30,academic,senate_seats,seats,48.78,45.77,52.04,spread,6,Academic
2025-10-01,polling,senate_seats,seats,47.818,47.58,48.2,spread,5,Polling
2025-10-01,academic,senate_seats,seats,48.8117,45.77,52.3,spread,6,Academic
2025-10-02,polling,senate_seats,seats,47.802,47.5,48.2,spread,5,Polling
2025-10-02,academic,senate_seats,seats,48.795,45.77,52.3,spread,6,Academic
2025-10-03,polling,senate_seats,seats,47.796,47.47,48.2,spread,5,Polling
2025-10-03,academic,senate_seats,seats,48.79,45.77,52.3,spread,6,Academic
2025-10-04,polling,senate_seats,seats,47.796,47.47,48.2,spread,5,Polling
2025-10-04,academic,senate_seats,seats,48.7883,45.77,52.3,spread,6,Academic
2025-10-05,polling,senate_seats,seats,47.798,47.47,48.2,spread,5,Polling
2025-10-05,academic,senate_seats,seats,48.7883,45.77,52.3,spread,6,Academic
2025-10-06,polling,senate_seats,seats,47.822,47.59,48.2,spread,5,Polling
2025-10-06,academic,senate_seats,seats,48.8183,45.77,52.35,spread,6,Academic
2025-10-07,polling,senate_seats,seats,47.88,47.52,48.24,spread,5,Polling
2025-10-07,academic,senate_seats,seats,48.805,45.77,52.35,spread,6,Academic
2025-10-08,polling,senate_seats,seats,47.872,47.52,48.24,spread,5,Polling
2025-10-08,academic,senate_seats,seats,48.8067,45.77,52.35,spread,6,Academic
2025-10-09,polling,senate_seats,seats,47.854,47.43,48.24,spread,5,Polling
2025-10-09,academic,senate_seats,seats,48.79,45.77,52.35,spread,6,Academic
2025-10-10,polling,senate_seats,seats,47.839,47.35,48.24,spread,5,Polling
2025-10-10,academic,senate_seats,seats,48.775,45.77,52.35,spread,6,Academic
2025-10-11,polling,senate_seats,seats,47.84,47.35,48.24,spread,5,Polling
2025-10-11,academic,senate_seats,seats,48.7733,45.77,52.35,spread,6,Academic
2025-10-12,polling,senate_seats,seats,47.598,47.37,47.84,spread,5,Polling
2025-10-12,academic,senate_seats,seats,48.7783,45.77,52.35,spread,6,Academic
2025-10-13,polling,senate_seats,seats,47.644,47.47,47.84,spread,5,Polling
2025-10-13,academic,senate_seats,seats,48.82,45.77,52.35,spread,6,Academic
2025-10-14,polling,senate_seats,seats,47.662,47.34,47.88,spread,5,Polling
2025-10-14,academic,senate_seats,seats,48.8133,45.77,52.34,spread,6,Academic
2025-10-15,polling,senate_seats,seats,47.698,47.34,47.88,spread,5,Polling
2025-10-15,academic,senate_seats,seats,48.855,45.77,52.39,spread,6,Academic
2025-10-16,polling,senate_seats,seats,47.74,47.43,47.88,spread,5,Polling
2025-10-16,academic,senate_seats,seats,48.8467,45.77,52.39,spread,6,Academic
2025-10-17,polling,senate_seats,seats,47.674,47.3,47.88,spread,5,Polling
2025-10-17,academic,senate_seats,seats,48.8467,45.77,52.39,spread,6,Academic
2025-10-18,polling,senate_seats,seats,47.676,47.3,47.88,spread,5,Polling
2025-10-18,academic,senate_seats,seats,48.85,45.77,52.39,spread,6,Academic
2025-10-19,polling,senate_seats,seats,47.686,47.3,47.88,spread,5,Polling
2025-10-19,academic,senate_seats,seats,48.86,45.77,52.39,spread,6,Academic
2025-10-20,polling,senate_seats,seats,47.698,47.3,47.88,spread,5,Polling
2025-10-20,academic,senate_seats,seats,48.8683,45.77,52.39,spread,6,Academic
2025-10-21,polling,senate_seats,seats,47.75,47.39,47.97,spread,5,Polling
2025-10-21,academic,senate_seats,seats,48.8683,45.77,52.39,spread,6,Academic
2025-10-22,polling,senate_seats,seats,47.866,47.72,48.09,spread,5,Polling
2025-10-22,academic,senate_seats,seats,48.8683,45.77,52.39,spread,6,Academic
2025-10-23,polling,senate_seats,seats,47.858,47.72,48.09,spread,5,Polling
2025-10-23,academic,senate_seats,seats,48.8617,45.77,52.39,spread,6,Academic
2025-10-24,polling,senate_seats,seats,47.858,47.72,48.09,spread,5,Polling
2025-10-24,academic,senate_seats,seats,48.8617,45.77,52.39,spread,6,Academic
2025-10-25,polling,senate_seats,seats,47.858,47.72,48.09,spread,5,Polling
2025-10-25,academic,senate_seats,seats,48.8617,45.77,52.39,spread,6,Academic
2025-10-26,polling,senate_seats,seats,47.87,47.72,48.09,spread,5,Polling
2025-10-26,academic,senate_seats,seats,48.8667,45.77,52.39,spread,6,Academic
2025-10-27,polling,senate_seats,seats,47.846,47.72,48.01,spread,5,Polling
2025-10-27,academic,senate_seats,seats,48.8517,45.77,52.39,spread,6,Academic
2025-10-28,polling,senate_seats,seats,47.942,47.64,48.13,spread,5,Polling
2025-10-28,academic,senate_seats,seats,48.8633,45.77,52.39,spread,6,Academic
2025-10-29,polling,senate_seats,seats,47.95,47.64,48.13,spread,5,Polling
2025-10-29,academic,senate_seats,seats,48.8717,45.77,52.39,spread,6,Academic
2025-10-30,polling,senate_seats,seats,47.856,47.64,48.13,spread,5,Polling
2025-10-30,academic,senate_seats,seats,48.87,45.77,52.39,spread,6,Academic
2025-10-31,polling,senate_seats,seats,47.956,47.77,48.13,spread,5,Polling
2025-10-31,academic,senate_seats,seats,48.8683,45.77,52.38,spread,6,Academic
2025-11-01,polling,senate_seats,seats,47.956,47.77,48.13,spread,5,Polling
2025-11-01,academic,senate_seats,seats,48.8217,45.77,52.11,spread,6,Academic
2025-11-02,polling,senate_seats,seats,47.998,47.83,48.13,spread,5,Polling
2025-11-02,academic,senate_seats,seats,48.8233,45.77,52.11,spread,6,Academic
2025-11-03,polling,senate_seats,seats,47.998,47.83,48.13,spread,5,Polling
2025-11-03,academic,senate_seats,seats,48.825,45.77,52.11,spread,6,Academic
2025-11-04,polling,senate_seats,seats,47.928,47.6,48.13,spread,5,Polling
2025-11-04,academic,senate_seats,seats,48.8867,45.77,52.11,spread,6,Academic
2025-11-05,polling,senate_seats,seats,47.958,47.6,48.32,spread,5,Polling
2025-11-05,academic,senate_seats,seats,48.895,45.77,52.2,spread,6,Academic
2025-11-06,polling,senate_seats,seats,47.988,47.6,48.32,spread,5,Polling
2025-11-06,academic,senate_seats,seats,48.9183,45.77,52.25,spread,6,Academic
2025-11-07,polling,senate_seats,seats,48.02,47.69,48.32,spread,5,Polling
2025-11-07,academic,senate_seats,seats,48.9183,45.77,52.25,spread,6,Academic
2025-11-08,polling,senate_seats,seats,48.02,47.69,48.32,spread,5,Polling
2025-11-08,academic,senate_seats,seats,48.9167,45.77,52.25,spread,6,Academic
2025-11-09,polling,senate_seats,seats,48.03,47.69,48.33,spread,5,Polling
2025-11-09,academic,senate_seats,seats,48.9217,45.77,52.25,spread,6,Academic
2025-11-10,polling,senate_seats,seats,48.048,47.69,48.33,spread,5,Polling
2025-11-10,academic,senate_seats,seats,48.95,45.77,52.3,spread,6,Academic
2025-11-11,polling,senate_seats,seats,48.234,47.98,48.48,spread,5,Polling
2025-11-11,academic,senate_seats,seats,48.9533,45.77,52.34,spread,6,Academic
2025-11-12,polling,senate_seats,seats,48.23,48.04,48.48,spread,5,Polling
2025-11-12,academic,senate_seats,seats,48.9633,45.77,52.34,spread,6,Academic
2025-11-13,polling,senate_seats,seats,48.21,48.05,48.48,spread,5,Polling
2025-11-13,academic,senate_seats,seats,48.9967,45.77,52.34,spread,6,Academic
2025-11-14,polling,senate_seats,seats,48.312,48.21,48.52,spread,5,Polling
2025-11-14,academic,senate_seats,seats,49.015,45.77,52.34,spread,6,Academic
2025-11-15,polling,senate_seats,seats,48.312,48.21,48.52,spread,5,Polling
2025-11-15,academic,senate_seats,seats,49.0167,45.77,52.34,spread,6,Academic
2025-11-16,polling,senate_seats,seats,48.318,48.21,48.52,spread,5,Polling
2025-11-16,academic,senate_seats,seats,49.0233,45.77,52.34,spread,6,Academic
2025-11-17,polling,senate_seats,seats,48.34,48.21,48.52,spread,5,Polling
2025-11-17,academic,senate_seats,seats,49.0367,45.77,52.34,spread,6,Academic
2025-11-18,polling,senate_seats,seats,48.282,48.13,48.41,spread,5,Polling
2025-11-18,academic,senate_seats,seats,49.03,45.77,52.33,spread,6,Academic
2025-11-19,polling,senate_seats,seats,48.588,48.37,48.84,spread,5,Polling
2025-11-19,academic,senate_seats,seats,49.0317,45.77,52.33,spread,6,Academic
2025-11-20,polling,senate_seats,seats,48.604,48.37,48.84,spread,5,Polling
2025-11-20,academic,senate_seats,seats,49.0567,45.77,52.38,spread,6,Academic
2025-11-21,polling,senate_seats,seats,48.604,48.37,48.84,spread,5,Polling
2025-11-21,academic,senate_seats,seats,49.055,45.77,52.38,spread,6,Academic
2025-11-22,polling,senate_seats,seats,48.604,48.37,48.84,spread,5,Polling
2025-11-22,academic,senate_seats,seats,49.055,45.77,52.38,spread,6,Academic
2025-11-23,polling,senate_seats,seats,48.6,48.37,48.84,spread,5,Polling
2025-11-23,academic,senate_seats,seats,49.0483,45.77,52.38,spread,6,Academic
2025-11-24,polling,senate_seats,seats,48.552,48.37,48.76,spread,5,Polling
2025-11-24,academic,senate_seats,seats,49.0417,45.77,52.38,spread,6,Academic
2025-11-25,polling,senate_seats,seats,48.606,48.37,48.88,spread,5,Polling
2025-11-25,academic,senate_seats,seats,49.0483,45.77,52.38,spread,6,Academic
2025-11-26,polling,senate_seats,seats,48.6017,48.37,48.8,spread,6,Polling
2025-11-26,academic,senate_seats,seats,49.0533,45.77,52.38,spread,6,Academic
2025-11-27,polling,senate_seats,seats,48.5983,48.37,48.8,spread,6,Polling
2025-11-27,academic,senate_seats,seats,49.0533,45.77,52.38,spread,6,Academic
2025-11-28,polling,senate_seats,seats,48.5983,48.37,48.8,spread,6,Polling
2025-11-28,academic,senate_seats,seats,49.0533,45.77,52.38,spread,6,Academic
2025-11-29,polling,senate_seats,seats,48.5894,48.33,48.7867,spread,6,Polling
2025-11-29,academic,senate_seats,seats,49.06,45.77,52.43,spread,6,Academic
2025-11-30,polling,senate_seats,seats,48.5856,48.33,48.7733,spread,6,Polling
2025-11-30,academic,senate_seats,seats,49.055,45.77,52.43,spread,6,Academic
2025-12-01,polling,senate_seats,seats,48.5783,48.33,48.76,spread,6,Polling
2025-12-01,academic,senate_seats,seats,48.9733,45.77,51.98,spread,6,Academic
2025-12-02,polling,senate_seats,seats,48.6567,48.37,48.92,spread,6,Polling
2025-12-02,academic,senate_seats,seats,48.9817,45.77,51.98,spread,6,Academic
2025-12-03,polling,senate_seats,seats,48.65,48.37,48.92,spread,6,Polling
2025-12-03,academic,senate_seats,seats,48.9733,45.77,51.98,spread,6,Academic
2025-12-04,polling,senate_seats,seats,48.5367,48.05,48.8,spread,6,Polling
2025-12-04,academic,senate_seats,seats,48.905,45.77,51.98,spread,6,Academic
2025-12-05,polling,senate_seats,seats,48.515,47.92,48.72,spread,6,Polling
2025-12-05,academic,senate_seats,seats,48.8883,45.77,52.02,spread,6,Academic
2025-12-06,polling,senate_seats,seats,48.37,47.89,48.72,spread,6,Polling
2025-12-06,academic,senate_seats,seats,48.8883,45.77,52.02,spread,6,Academic
2025-12-07,polling,senate_seats,seats,48.37,47.89,48.72,spread,6,Polling
2025-12-07,academic,senate_seats,seats,48.895,45.77,52.02,spread,6,Academic
2025-12-08,polling,senate_seats,seats,48.3633,47.89,48.72,spread,6,Polling
2025-12-08,academic,senate_seats,seats,48.8917,45.77,52.06,spread,6,Academic
2025-12-09,polling,senate_seats,seats,48.2411,47.92,48.6167,spread,6,Polling
2025-12-09,academic,senate_seats,seats,48.89,45.77,52.06,spread,6,Academic
2025-12-10,polling,senate_seats,seats,48.2156,47.86,48.6,spread,6,Polling
2025-12-10,academic,senate_seats,seats,48.8817,45.77,52.06,spread,6,Academic
2025-12-11,polling,senate_seats,seats,48.2,47.87,48.6,spread,6,Polling
2025-12-11,academic,senate_seats,seats,48.8817,45.77,52.06,spread,6,Academic
2025-12-12,polling,senate_seats,seats,48.2,47.87,48.6,spread,6,Polling
2025-12-12,academic,senate_seats,seats,48.8817,45.77,52.06,spread,6,Academic
2025-12-13,polling,senate_seats,seats,48.21,47.87,48.6,spread,6,Polling
2025-12-13,academic,senate_seats,seats,48.8833,45.77,52.06,spread,6,Academic
2025-12-14,polling,senate_seats,seats,48.2133,47.89,48.6,spread,6,Polling
2025-12-14,academic,senate_seats,seats,48.885,45.77,52.06,spread,6,Academic
2025-12-15,polling,senate_seats,seats,48.2133,47.89,48.6,spread,6,Polling
2025-12-15,academic,senate_seats,seats,48.8917,45.77,52.1,spread,6,Academic
2025-12-16,polling,senate_seats,seats,48.13,47.83,48.6,spread,6,Polling
2025-12-16,academic,senate_seats,seats,48.88,45.77,52.1,spread,6,Academic
2025-12-17,polling,senate_seats,seats,48.0933,47.82,48.6,spread,6,Polling
2025-12-17,academic,senate_seats,seats,48.8917,45.77,52.15,spread,6,Academic
2025-12-18,polling,senate_seats,seats,48.01,47.82,48.45,spread,6,Polling
2025-12-18,academic,senate_seats,seats,48.8917,45.77,52.15,spread,6,Academic
2025-12-19,polling,senate_seats,seats,48.0483,47.78,48.41,spread,6,Polling
2025-12-19,academic,senate_seats,seats,48.935,45.77,52.2,spread,6,Academic
2025-12-20,polling,senate_seats,seats,48.3783,48.02,48.84,spread,6,Polling
2025-12-20,academic,senate_seats,seats,48.9367,45.77,52.2,spread,6,Academic
2025-12-21,polling,senate_seats,seats,48.4033,48.02,48.84,spread,6,Polling
2025-12-21,market,senate_seats,seats,49.38,,,,1,Markets
2025-12-21,academic,senate_seats,seats,48.9367,45.77,52.19,spread,6,Academic
2025-12-22,polling,senate_seats,seats,48.4533,48.0,49.0,spread,6,Polling
2025-12-22,market,senate_seats,seats,49.46,,,,1,Markets
2025-12-22,academic,senate_seats,seats,48.9317,45.77,52.19,spread,6,Academic
2025-12-23,polling,senate_seats,seats,48.4567,48.0,48.8,spread,6,Polling
2025-12-23,market,senate_seats,seats,49.33,,,,1,Markets
2025-12-23,academic,senate_seats,seats,48.945,45.8,52.24,spread,6,Academic
2025-12-24,polling,senate_seats,seats,48.4567,48.0,48.8,spread,6,Polling
2025-12-24,market,senate_seats,seats,49.32,,,,1,Markets
2025-12-24,academic,senate_seats,seats,48.945,45.8,52.24,spread,6,Academic
2025-12-25,polling,senate_seats,seats,48.47,48.12,48.8,spread,6,Polling
2025-12-25,market,senate_seats,seats,49.3,,,,1,Markets
2025-12-25,academic,senate_seats,seats,48.9667,45.8,52.24,spread,6,Academic
2025-12-26,polling,senate_seats,seats,48.405,48.12,48.8,spread,6,Polling
2025-12-26,market,senate_seats,seats,49.29,,,,1,Markets
2025-12-26,academic,senate_seats,seats,48.9667,45.8,52.24,spread,6,Academic
2025-12-27,polling,senate_seats,seats,48.405,48.12,48.8,spread,6,Polling
2025-12-27,market,senate_seats,seats,49.29,,,,1,Markets
2025-12-27,academic,senate_seats,seats,48.9667,45.8,52.24,spread,6,Academic
2025-12-28,polling,senate_seats,seats,48.4017,48.1,48.8,spread,6,Polling
2025-12-28,market,senate_seats,seats,49.29,,,,1,Markets
2025-12-28,academic,senate_seats,seats,48.965,45.8,52.24,spread,6,Academic
2025-12-29,polling,senate_seats,seats,48.4033,48.11,48.8,spread,6,Polling
2025-12-29,market,senate_seats,seats,49.3,,,,1,Markets
2025-12-29,academic,senate_seats,seats,48.97,45.8,52.24,spread,6,Academic
2025-12-30,polling,senate_seats,seats,48.4033,48.11,48.8,spread,6,Polling
2025-12-30,market,senate_seats,seats,49.33,,,,1,Markets
2025-12-30,academic,senate_seats,seats,48.97,45.8,52.24,spread,6,Academic
2025-12-31,polling,senate_seats,seats,48.4117,48.18,48.8,spread,6,Polling
2025-12-31,market,senate_seats,seats,49.33,,,,1,Markets
2025-12-31,academic,senate_seats,seats,48.985,45.8,52.24,spread,6,Academic
2026-01-01,polling,senate_seats,seats,48.4383,48.22,48.8,spread,6,Polling
2026-01-01,market,senate_seats,seats,49.37,,,,1,Markets
2026-01-01,academic,senate_seats,seats,49.0083,45.8,52.15,spread,6,Academic
2026-01-02,polling,senate_seats,seats,48.4383,48.22,48.8,spread,6,Polling
2026-01-02,market,senate_seats,seats,49.37,,,,1,Markets
2026-01-02,academic,senate_seats,seats,49.0117,45.8,52.15,spread,6,Academic
2026-01-03,polling,senate_seats,seats,48.4367,48.22,48.8,spread,6,Polling
2026-01-03,market,senate_seats,seats,49.39,,,,1,Markets
2026-01-03,academic,senate_seats,seats,49.0083,45.8,52.15,spread,6,Academic
2026-01-04,polling,senate_seats,seats,48.5517,48.3,48.95,spread,6,Polling
2026-01-04,market,senate_seats,seats,49.33,,,,1,Markets
2026-01-04,academic,senate_seats,seats,49.0017,45.8,52.15,spread,6,Academic
2026-01-05,polling,senate_seats,seats,48.5842,48.3,48.95,spread,6,Polling
2026-01-05,market,senate_seats,seats,49.33,,,,1,Markets
2026-01-05,academic,senate_seats,seats,49.05,45.8,52.14,spread,6,Academic
2026-01-06,polling,senate_seats,seats,48.5833,48.3,48.95,spread,6,Polling
2026-01-06,market,senate_seats,seats,49.33,,,,1,Markets
2026-01-06,academic,senate_seats,seats,49.055,45.8,52.14,spread,6,Academic
2026-01-07,polling,senate_seats,seats,48.5983,48.3,48.92,spread,6,Polling
2026-01-07,market,senate_seats,seats,49.34,,,,1,Markets
2026-01-07,academic,senate_seats,seats,49.05,45.8,52.19,spread,6,Academic
2026-01-08,polling,senate_seats,seats,48.5742,48.3,48.92,spread,6,Polling
2026-01-08,market,senate_seats,seats,49.35,,,,1,Markets
2026-01-08,academic,senate_seats,seats,49.0283,45.8,52.24,spread,6,Academic
2026-01-09,polling,senate_seats,seats,48.56,48.16,48.92,spread,6,Polling
2026-01-09,market,senate_seats,seats,49.36,,,,1,Markets
2026-01-09,academic,senate_seats,seats,48.97,45.8,52.24,spread,6,Academic
2026-01-10,polling,senate_seats,seats,48.56,48.16,48.92,spread,6,Polling
2026-01-10,market,senate_seats,seats,49.33,,,,1,Markets
2026-01-10,academic,senate_seats,seats,48.97,45.8,52.24,spread,6,Academic
2026-01-11,polling,senate_seats,seats,48.5533,48.12,48.92,spread,6,Polling
2026-01-11,market,senate_seats,seats,49.33,,,,1,Markets
2026-01-11,academic,senate_seats,seats,48.9617,45.8,52.24,spread,6,Academic
2026-01-12,polling,senate_seats,seats,48.5,48.2,48.88,spread,6,Polling
2026-01-12,market,senate_seats,seats,49.33,,,,1,Markets
2026-01-12,academic,senate_seats,seats,48.9767,45.8,52.23,spread,6,Academic
2026-01-13,polling,senate_seats,seats,48.4867,48.16,48.8,spread,6,Polling
2026-01-13,market,senate_seats,seats,49.39,,,,1,Markets
2026-01-13,academic,senate_seats,seats,48.9783,45.8,52.28,spread,6,Academic
2026-01-14,polling,senate_seats,seats,48.5117,48.31,48.8,spread,6,Polling
2026-01-14,market,senate_seats,seats,49.37,,,,1,Markets
2026-01-14,academic,senate_seats,seats,49.0067,45.8,52.28,spread,6,Academic
2026-01-15,polling,senate_seats,seats,48.505,48.35,48.8,spread,6,Polling
2026-01-15,market,senate_seats,seats,49.35,,,,1,Markets
2026-01-15,academic,senate_seats,seats,49.0133,45.8,52.28,spread,6,Academic
2026-01-16,polling,senate_seats,seats,48.365,48.26,48.49,spread,6,Polling
2026-01-16,market,senate_seats,seats,49.35,,,,1,Markets
2026-01-16,academic,senate_seats,seats,49.0117,45.8,52.28,spread,6,Academic
2026-01-17,polling,senate_seats,seats,48.3667,48.26,48.49,spread,6,Polling
2026-01-17,market,senate_seats,seats,49.3,,,,1,Markets
2026-01-17,academic,senate_seats,seats,49.015,45.8,52.28,spread,6,Academic
2026-01-18,polling,senate_seats,seats,48.3633,48.26,48.49,spread,6,Polling
2026-01-18,market,senate_seats,seats,49.31,,,,1,Markets
2026-01-18,academic,senate_seats,seats,49.0133,45.8,52.28,spread,6,Academic
2026-01-19,polling,senate_seats,seats,48.385,48.26,48.61,spread,6,Polling
2026-01-19,market,senate_seats,seats,49.31,,,,1,Markets
2026-01-19,academic,senate_seats,seats,49.0183,45.8,52.28,spread,6,Academic
2026-01-20,polling,senate_seats,seats,48.4533,48.26,48.57,spread,6,Polling
2026-01-20,market,senate_seats,seats,49.33,,,,1,Markets
2026-01-20,academic,senate_seats,seats,49.065,45.8,52.33,spread,6,Academic
2026-01-21,polling,senate_seats,seats,48.4533,48.26,48.57,spread,6,Polling
2026-01-21,market,senate_seats,seats,49.36,,,,1,Markets
2026-01-21,academic,senate_seats,seats,49.065,45.8,52.33,spread,6,Academic
2026-01-22,polling,senate_seats,seats,48.5567,48.41,48.64,spread,6,Polling
2026-01-22,market,senate_seats,seats,49.37,,,,1,Markets
2026-01-22,academic,senate_seats,seats,49.06,45.8,52.33,spread,6,Academic
2026-01-23,polling,senate_seats,seats,48.6267,48.41,48.76,spread,6,Polling
2026-01-23,market,senate_seats,seats,49.35,,,,1,Markets
2026-01-23,academic,senate_seats,seats,49.06,45.8,52.33,spread,6,Academic
2026-01-24,polling,senate_seats,seats,48.635,48.41,48.76,spread,6,Polling
2026-01-24,market,senate_seats,seats,49.38,,,,1,Markets
2026-01-24,academic,senate_seats,seats,49.06,45.8,52.33,spread,6,Academic
2026-01-25,polling,senate_seats,seats,48.61,48.45,48.76,spread,6,Polling
2026-01-25,market,senate_seats,seats,49.38,,,,1,Markets
2026-01-25,academic,senate_seats,seats,49.0533,45.8,52.33,spread,6,Academic
2026-01-26,polling,senate_seats,seats,48.6133,48.45,48.76,spread,6,Polling
2026-01-26,market,senate_seats,seats,49.39,,,,1,Markets
2026-01-26,academic,senate_seats,seats,49.0583,45.8,52.32,spread,6,Academic
2026-01-27,polling,senate_seats,seats,48.6317,48.45,48.91,spread,6,Polling
2026-01-27,market,senate_seats,seats,49.5,,,,1,Markets
2026-01-27,academic,senate_seats,seats,49.0617,45.8,52.37,spread,6,Academic
2026-01-28,polling,senate_seats,seats,48.605,48.41,48.76,spread,6,Polling
2026-01-28,market,senate_seats,seats,49.53,,,,1,Markets
2026-01-28,academic,senate_seats,seats,49.065,45.8,52.37,spread,6,Academic
2026-01-29,polling,senate_seats,seats,48.6083,48.41,48.76,spread,6,Polling
2026-01-29,market,senate_seats,seats,49.52,,,,1,Markets
2026-01-29,academic,senate_seats,seats,49.07,45.8,52.37,spread,6,Academic
2026-01-30,polling,senate_seats,seats,48.6633,48.45,49.03,spread,6,Polling
2026-01-30,market,senate_seats,seats,49.51,,,,1,Markets
2026-01-30,academic,senate_seats,seats,49.075,45.8,52.37,spread,6,Academic
2026-01-31,polling,senate_seats,seats,48.6667,48.45,49.03,spread,6,Polling
2026-01-31,market,senate_seats,seats,49.51,,,,1,Markets
2026-01-31,academic,senate_seats,seats,49.075,45.8,52.37,spread,6,Academic
2026-02-01,polling,senate_seats,seats,49.2256,48.9733,49.58,spread,6,Polling
2026-02-01,market,senate_seats,seats,49.5,,,,1,Markets
2026-02-01,academic,senate_seats,seats,49.0933,45.8,52.46,spread,6,Academic
2026-02-02,polling,senate_seats,seats,49.2461,49.04,49.58,spread,6,Polling
2026-02-02,market,senate_seats,seats,49.54,,,,1,Markets
2026-02-02,academic,senate_seats,seats,49.0983,45.8,52.46,spread,6,Academic
2026-02-03,polling,senate_seats,seats,49.2867,49.04,49.58,spread,6,Polling
2026-02-03,market,senate_seats,seats,49.63,,,,1,Markets
2026-02-03,academic,senate_seats,seats,49.1067,45.8,52.46,spread,6,Academic
2026-02-04,polling,senate_seats,seats,49.2317,49.01,49.46,spread,6,Polling
2026-02-04,market,senate_seats,seats,49.64,,,,1,Markets
2026-02-04,academic,senate_seats,seats,49.0983,45.8,52.51,spread,6,Academic
2026-02-05,polling,senate_seats,seats,49.2317,49.01,49.46,spread,6,Polling
2026-02-05,market,senate_seats,seats,49.58,,,,1,Markets
2026-02-05,academic,senate_seats,seats,49.0967,45.8,52.51,spread,6,Academic
2026-02-06,polling,senate_seats,seats,49.2417,49.01,49.46,spread,6,Polling
2026-02-06,market,senate_seats,seats,49.58,,,,1,Markets
2026-02-06,academic,senate_seats,seats,49.1033,45.8,52.55,spread,6,Academic
2026-02-07,polling,senate_seats,seats,49.2383,49.01,49.46,spread,6,Polling
2026-02-07,market,senate_seats,seats,49.58,,,,1,Markets
2026-02-07,academic,senate_seats,seats,49.1017,45.8,52.55,spread,6,Academic
2026-02-08,polling,senate_seats,seats,49.225,48.98,49.44,spread,6,Polling
2026-02-08,market,senate_seats,seats,49.6,,,,1,Markets
2026-02-08,academic,senate_seats,seats,49.1133,45.8,52.55,spread,6,Academic
2026-02-09,polling,senate_seats,seats,49.1367,48.91,49.34,spread,6,Polling
2026-02-09,market,senate_seats,seats,49.51,,,,1,Markets
2026-02-09,academic,senate_seats,seats,49.1167,45.8,52.55,spread,6,Academic
2026-02-10,polling,senate_seats,seats,49.1242,48.93,49.34,spread,6,Polling
2026-02-10,market,senate_seats,seats,49.48,,,,1,Markets
2026-02-10,academic,senate_seats,seats,49.0983,45.8,52.55,spread,6,Academic
2026-02-11,polling,senate_seats,seats,49.1233,48.91,49.28,spread,6,Polling
2026-02-11,market,senate_seats,seats,49.48,,,,1,Markets
2026-02-11,academic,senate_seats,seats,49.1,45.8,52.55,spread,6,Academic
2026-02-12,polling,senate_seats,seats,49.0917,48.88,49.28,spread,6,Polling
2026-02-12,market,senate_seats,seats,49.48,,,,1,Markets
2026-02-12,academic,senate_seats,seats,49.065,45.8,52.55,spread,6,Academic
2026-02-13,polling,senate_seats,seats,49.0917,48.88,49.28,spread,6,Polling
2026-02-13,market,senate_seats,seats,49.49,,,,1,Markets
2026-02-13,academic,senate_seats,seats,49.065,45.8,52.55,spread,6,Academic
2026-02-14,polling,senate_seats,seats,49.165,48.96,49.36,spread,6,Polling
2026-02-14,market,senate_seats,seats,49.51,,,,1,Markets
2026-02-14,academic,senate_seats,seats,49.065,45.8,52.55,spread,6,Academic
2026-02-15,polling,senate_seats,seats,49.1717,48.96,49.36,spread,6,Polling
2026-02-15,market,senate_seats,seats,49.51,,,,1,Markets
2026-02-15,academic,senate_seats,seats,49.0783,45.8,52.55,spread,6,Academic
2026-02-16,polling,senate_seats,seats,49.1833,48.96,49.36,spread,6,Polling
2026-02-16,market,senate_seats,seats,49.58,,,,1,Markets
2026-02-16,academic,senate_seats,seats,49.0917,45.8,52.55,spread,6,Academic
2026-02-17,polling,senate_seats,seats,49.1717,48.82,49.34,spread,6,Polling
2026-02-17,market,senate_seats,seats,49.58,,,,1,Markets
2026-02-17,academic,senate_seats,seats,49.095,45.8,52.55,spread,6,Academic
2026-02-18,polling,senate_seats,seats,49.1833,48.82,49.41,spread,6,Polling
2026-02-18,market,senate_seats,seats,49.6,,,,1,Markets
2026-02-18,academic,senate_seats,seats,49.095,45.8,52.55,spread,6,Academic
2026-02-19,polling,senate_seats,seats,49.0433,48.74,49.23,spread,6,Polling
2026-02-19,market,senate_seats,seats,49.63,,,,1,Markets
2026-02-19,academic,senate_seats,seats,49.105,45.8,52.54,spread,6,Academic
2026-02-20,polling,senate_seats,seats,49.075,48.94,49.24,spread,6,Polling
2026-02-20,market,senate_seats,seats,49.63,,,,1,Markets
2026-02-20,academic,senate_seats,seats,49.345,47.16,52.54,spread,6,Academic
2026-02-21,polling,senate_seats,seats,49.07,48.9,49.25,spread,6,Polling
2026-02-21,market,senate_seats,seats,49.66,,,,1,Markets
2026-02-21,academic,senate_seats,seats,49.345,47.16,52.54,spread,6,Academic
2026-02-22,polling,senate_seats,seats,49.0817,48.9,49.25,spread,6,Polling
2026-02-22,market,senate_seats,seats,49.69,,,,1,Markets
2026-02-22,academic,senate_seats,seats,49.3633,47.16,52.54,spread,6,Academic
2026-02-23,polling,senate_seats,seats,49.0733,48.9,49.25,spread,6,Polling
2026-02-23,market,senate_seats,seats,49.77,,,,1,Markets
2026-02-23,academic,senate_seats,seats,49.345,47.16,52.54,spread,6,Academic
2026-02-24,polling,senate_seats,seats,49.145,49.04,49.3,spread,6,Polling
2026-02-24,market,senate_seats,seats,49.65,,,,1,Markets
2026-02-24,academic,senate_seats,seats,49.3433,47.16,52.54,spread,6,Academic
2026-02-25,polling,senate_seats,seats,49.1467,49.04,49.3,spread,6,Polling
2026-02-25,market,senate_seats,seats,49.65,,,,1,Markets
2026-02-25,academic,senate_seats,seats,49.3467,47.16,52.54,spread,6,Academic
2026-02-26,polling,senate_seats,seats,49.1367,48.99,49.3,spread,6,Polling
2026-02-26,market,senate_seats,seats,49.65,,,,1,Markets
2026-02-26,academic,senate_seats,seats,49.3283,47.16,52.54,spread,6,Academic
2026-02-27,polling,senate_seats,seats,49.1292,48.97,49.32,spread,6,Polling
2026-02-27,market,senate_seats,seats,49.77,,,,1,Markets
2026-02-27,academic,senate_seats,seats,49.3183,47.16,52.54,spread,6,Academic
2026-02-28,polling,senate_seats,seats,49.125,48.97,49.35,spread,6,Polling
2026-02-28,market,senate_seats,seats,49.65,,,,1,Markets
2026-02-28,academic,senate_seats,seats,49.3167,47.16,52.54,spread,6,Academic
2026-03-01,polling,senate_seats,seats,49.125,48.97,49.35,spread,6,Polling
2026-03-01,market,senate_seats,seats,49.65,,,,1,Markets
2026-03-01,academic,senate_seats,seats,49.4883,47.16,53.12,spread,6,Academic
2026-03-02,polling,senate_seats,seats,49.1233,48.96,49.35,spread,6,Polling
2026-03-02,market,senate_seats,seats,49.79,,,,1,Markets
2026-03-02,academic,senate_seats,seats,49.4933,47.16,53.18,spread,6,Academic
2026-03-03,polling,senate_seats,seats,49.1583,48.93,49.35,spread,6,Polling
2026-03-03,market,senate_seats,seats,49.44,,,,1,Markets
2026-03-03,academic,senate_seats,seats,49.4867,47.16,53.18,spread,6,Academic
2026-03-04,polling,senate_seats,seats,49.1461,48.94,49.35,spread,6,Polling
2026-03-04,market,senate_seats,seats,49.82,,,,1,Markets
2026-03-04,academic,senate_seats,seats,49.4967,47.16,53.23,spread,6,Academic
2026-03-05,polling,senate_seats,seats,49.1139,48.95,49.3,spread,6,Polling
2026-03-05,market,senate_seats,seats,49.71,,,,1,Markets
2026-03-05,academic,senate_seats,seats,49.51,47.16,53.23,spread,6,Academic
2026-03-06,polling,senate_seats,seats,49.0817,48.97,49.23,spread,6,Polling
2026-03-06,market,senate_seats,seats,49.71,,,,1,Markets
2026-03-06,academic,senate_seats,seats,49.5183,47.16,53.29,spread,6,Academic
2026-03-07,polling,senate_seats,seats,49.07,48.95,49.23,spread,6,Polling
2026-03-07,market,senate_seats,seats,49.73,,,,1,Markets
2026-03-07,academic,senate_seats,seats,49.5183,47.16,53.29,spread,6,Academic
2026-03-08,polling,senate_seats,seats,49.08,48.97,49.23,spread,6,Polling
2026-03-08,market,senate_seats,seats,49.72,,,,1,Markets
2026-03-08,academic,senate_seats,seats,49.5217,47.16,53.29,spread,6,Academic
2026-03-09,polling,senate_seats,seats,49.0656,48.91,49.2233,spread,6,Polling
2026-03-09,market,senate_seats,seats,49.92,,,,1,Markets
2026-03-09,academic,senate_seats,seats,49.4933,47.16,53.29,spread,6,Academic
2026-03-10,polling,senate_seats,seats,49.0611,48.93,49.2167,spread,6,Polling
2026-03-10,market,senate_seats,seats,50.09,,,,1,Markets
2026-03-10,academic,senate_seats,seats,49.5033,47.16,53.29,spread,6,Academic
2026-03-11,polling,senate_seats,seats,49.1017,48.91,49.25,spread,6,Polling
2026-03-11,market,senate_seats,seats,50.09,,,,1,Markets
2026-03-11,academic,senate_seats,seats,49.5033,47.16,53.33,spread,6,Academic
2026-03-12,polling,senate_seats,seats,49.0983,48.91,49.25,spread,6,Polling
2026-03-12,market,senate_seats,seats,50.09,,,,1,Markets
2026-03-12,academic,senate_seats,seats,49.5033,47.16,53.33,spread,6,Academic
2026-03-13,polling,senate_seats,seats,49.2433,49.01,49.41,spread,6,Polling
2026-03-13,market,senate_seats,seats,50.09,,,,1,Markets
2026-03-13,academic,senate_seats,seats,49.4867,47.16,53.33,spread,6,Academic
2026-03-14,polling,senate_seats,seats,49.2406,49.01,49.41,spread,6,Polling
2026-03-14,market,senate_seats,seats,50.28,,,,1,Markets
2026-03-14,academic,senate_seats,seats,49.4867,47.16,53.33,spread,6,Academic
2026-03-15,polling,senate_seats,seats,49.2361,49.0,49.41,spread,6,Polling
2026-03-15,market,senate_seats,seats,50.27,,,,1,Markets
2026-03-15,academic,senate_seats,seats,49.485,47.16,53.33,spread,6,Academic
2026-03-16,polling,senate_seats,seats,49.1967,49.0,49.35,spread,6,Polling
2026-03-16,market,senate_seats,seats,50.3,,,,1,Markets
2026-03-16,academic,senate_seats,seats,49.5,47.16,53.33,spread,6,Academic
2026-03-17,polling,senate_seats,seats,49.1483,49.05,49.24,spread,6,Polling
2026-03-17,market,senate_seats,seats,50.33,,,,1,Markets
2026-03-17,academic,senate_seats,seats,49.5367,47.16,53.33,spread,6,Academic
2026-03-18,polling,senate_seats,seats,49.145,49.05,49.24,spread,6,Polling
2026-03-18,market,senate_seats,seats,50.46,,,,1,Markets
2026-03-18,academic,senate_seats,seats,49.53,47.16,53.33,spread,6,Academic
2026-03-19,polling,senate_seats,seats,49.1494,49.05,49.2467,spread,6,Polling
2026-03-19,market,senate_seats,seats,50.29,,,,1,Markets
2026-03-19,academic,senate_seats,seats,49.5367,47.16,53.33,spread,6,Academic
2026-03-20,polling,senate_seats,seats,49.1522,49.03,49.2533,spread,6,Polling
2026-03-20,market,senate_seats,seats,50.29,,,,1,Markets
2026-03-20,academic,senate_seats,seats,49.5433,47.16,53.33,spread,6,Academic
2026-03-21,polling,senate_seats,seats,49.175,49.13,49.26,spread,6,Polling
2026-03-21,market,senate_seats,seats,50.33,,,,1,Markets
2026-03-21,academic,senate_seats,seats,49.5433,47.16,53.33,spread,6,Academic
2026-03-22,polling,senate_seats,seats,49.175,49.13,49.26,spread,6,Polling
2026-03-22,market,senate_seats,seats,50.32,,,,1,Markets
2026-03-22,academic,senate_seats,seats,49.5467,47.16,53.33,spread,6,Academic
2026-03-23,polling,senate_seats,seats,49.175,49.13,49.26,spread,6,Polling
2026-03-23,market,senate_seats,seats,50.3,,,,1,Markets
2026-03-23,academic,senate_seats,seats,49.5483,47.16,53.33,spread,6,Academic
2026-03-24,polling,senate_seats,seats,49.1833,49.13,49.2533,spread,6,Polling
2026-03-24,market,senate_seats,seats,50.26,,,,1,Markets
2026-03-24,academic,senate_seats,seats,49.545,47.16,53.33,spread,6,Academic
2026-03-25,polling,senate_seats,seats,49.1917,49.13,49.25,spread,6,Polling
2026-03-25,market,senate_seats,seats,50.28,,,,1,Markets
2026-03-25,academic,senate_seats,seats,49.5483,47.16,53.33,spread,6,Academic
2026-03-26,polling,senate_seats,seats,49.2067,49.1,49.28,spread,6,Polling
2026-03-26,market,senate_seats,seats,50.28,,,,1,Markets
2026-03-26,academic,senate_seats,seats,49.56,47.16,53.33,spread,6,Academic
2026-03-27,polling,senate_seats,seats,49.2099,49.1175,49.3,spread,6,Polling
2026-03-27,market,senate_seats,seats,50.28,,,,1,Markets
2026-03-27,academic,senate_seats,seats,49.57,47.16,53.39,spread,6,Academic
2026-03-28,polling,senate_seats,seats,49.2131,49.135,49.32,spread,6,Polling
2026-03-28,market,senate_seats,seats,50.45,,,,1,Markets
2026-03-28,academic,senate_seats,seats,49.5683,47.16,53.39,spread,6,Academic
2026-03-29,polling,senate_seats,seats,49.2163,49.1525,49.34,spread,6,Polling
2026-03-29,market,senate_seats,seats,50.24,,,,1,Markets
2026-03-29,academic,senate_seats,seats,49.57,47.16,53.39,spread,6,Academic
2026-03-30,polling,senate_seats,seats,49.2228,49.17,49.36,spread,6,Polling
2026-03-30,market,senate_seats,seats,50.29,,,,1,Markets
2026-03-30,academic,senate_seats,seats,49.58,47.16,53.39,spread,6,Academic
2026-03-31,polling,senate_seats,seats,49.1489,49.05,49.305,spread,6,Polling
2026-03-31,market,senate_seats,seats,50.47,,,,1,Markets
2026-03-31,academic,senate_seats,seats,49.5833,47.16,53.39,spread,6,Academic
2026-04-01,polling,senate_seats,seats,49.0983,48.97,49.25,spread,6,Polling
2026-04-01,market,senate_seats,seats,50.2,,,,1,Markets
2026-04-01,academic,senate_seats,seats,49.585,47.16,53.59,spread,6,Academic
2026-04-02,polling,senate_seats,seats,49.0878,48.96,49.245,spread,6,Polling
2026-04-02,market,senate_seats,seats,50.14,,,,1,Markets
2026-04-02,academic,senate_seats,seats,49.585,47.16,53.59,spread,6,Academic
2026-04-03,polling,senate_seats,seats,49.0889,48.97,49.24,spread,6,Polling
2026-04-03,market,senate_seats,seats,50.12,,,,1,Markets
2026-04-03,academic,senate_seats,seats,49.5833,47.16,53.59,spread,6,Academic
2026-04-04,polling,senate_seats,seats,49.0712,48.9275,49.22,spread,6,Polling
2026-04-04,market,senate_seats,seats,50.43,,,,1,Markets
2026-04-04,academic,senate_seats,seats,49.5833,47.16,53.59,spread,6,Academic
2026-04-05,polling,senate_seats,seats,49.0453,48.885,49.2,spread,6,Polling
2026-04-05,market,senate_seats,seats,50.24,,,,1,Markets
2026-04-05,academic,senate_seats,seats,49.5633,47.16,53.59,spread,6,Academic
2026-04-06,polling,senate_seats,seats,49.0226,48.8425,49.18,spread,6,Polling
2026-04-06,market,senate_seats,seats,50.29,,,,1,Markets
2026-04-06,academic,senate_seats,seats,49.5467,47.16,53.59,spread,6,Academic
2026-04-07,polling,senate_seats,seats,48.9933,48.8,49.16,spread,6,Polling
2026-04-07,market,senate_seats,seats,50.27,,,,1,Markets
2026-04-07,academic,senate_seats,seats,49.5083,47.16,53.59,spread,6,Academic
2026-04-08,polling,senate_seats,seats,49.0021,48.8125,49.17,spread,6,Polling
2026-04-08,market,senate_seats,seats,50.29,,,,1,Markets
2026-04-08,academic,senate_seats,seats,49.5133,47.16,53.59,spread,6,Academic
2026-04-09,polling,senate_seats,seats,49.0142,48.825,49.18,spread,6,Polling
2026-04-09,market,senate_seats,seats,50.27,,,,1,Markets
2026-04-09,academic,senate_seats,seats,49.5167,47.16,53.59,spread,6,Academic
2026-04-10,polling,senate_seats,seats,49.0213,48.8375,49.19,spread,6,Polling
2026-04-10,market,senate_seats,seats,50.41,,,,1,Markets
2026-04-10,academic,senate_seats,seats,49.515,47.16,53.59,spread,6,Academic
2026-04-11,polling,senate_seats,seats,49.0283,48.85,49.2,spread,6,Polling
2026-04-11,market,senate_seats,seats,50.47,,,,1,Markets
2026-04-11,academic,senate_seats,seats,49.5183,47.16,53.59,spread,6,Academic
2026-04-12,polling,senate_seats,seats,49.0233,48.82,49.16,spread,6,Polling
2026-04-12,market,senate_seats,seats,50.47,,,,1,Markets
2026-04-12,academic,senate_seats,seats,49.54,47.16,53.59,spread,6,Academic
2026-04-13,polling,senate_seats,seats,49.01,48.79,49.12,spread,6,Polling
2026-04-13,market,senate_seats,seats,50.46,,,,1,Markets
2026-04-13,academic,senate_seats,seats,49.54,47.16,53.59,spread,6,Academic
2026-04-14,polling,senate_seats,seats,49.0142,48.79,49.12,spread,6,Polling
2026-04-14,market,senate_seats,seats,50.42,,,,1,Markets
2026-04-14,academic,senate_seats,seats,49.5517,47.16,53.59,spread,6,Academic
2026-04-15,polling,senate_seats,seats,49.0167,48.79,49.12,spread,6,Polling
2026-04-15,market,senate_seats,seats,50.41,,,,1,Markets
2026-04-15,academic,senate_seats,seats,49.5633,47.16,53.59,spread,6,Academic
2026-04-16,polling,senate_seats,seats,49.0246,48.79,49.13,spread,6,Polling
2026-04-16,market,senate_seats,seats,50.45,,,,1,Markets
2026-04-16,academic,senate_seats,seats,49.585,47.16,53.59,spread,6,Academic
2026-04-17,polling,senate_seats,seats,49.0242,48.79,49.14,spread,6,Polling
2026-04-17,market,senate_seats,seats,50.43,,,,1,Markets
2026-04-17,academic,senate_seats,seats,49.585,47.16,53.59,spread,6,Academic
2026-04-18,polling,senate_seats,seats,49.0221,48.79,49.15,spread,6,Polling
2026-04-18,market,senate_seats,seats,50.42,,,,1,Markets
2026-04-18,academic,senate_seats,seats,49.58,47.16,53.59,spread,6,Academic
2026-04-19,polling,senate_seats,seats,49.0267,48.79,49.16,spread,6,Polling
2026-04-19,market,senate_seats,seats,50.27,,,,1,Markets
2026-04-19,academic,senate_seats,seats,49.5883,47.16,53.59,spread,6,Academic
2026-04-20,polling,senate_seats,seats,48.9879,48.76,49.115,spread,6,Polling
2026-04-20,market,senate_seats,seats,50.29,,,,1,Markets
2026-04-20,academic,senate_seats,seats,49.585,47.16,53.59,spread,6,Academic
2026-04-21,polling,senate_seats,seats,48.9558,48.73,49.07,spread,6,Polling
2026-04-21,market,senate_seats,seats,50.31,,,,1,Markets
2026-04-21,academic,senate_seats,seats,49.585,47.16,53.59,spread,6,Academic
2026-04-22,polling,senate_seats,seats,48.9288,48.7,49.0325,spread,6,Polling
2026-04-22,market,senate_seats,seats,50.4,,,,1,Markets
2026-04-22,academic,senate_seats,seats,49.5833,47.16,53.59,spread,6,Academic
2026-04-23,polling,senate_seats,seats,48.8817,48.67,49.01,spread,6,Polling
2026-04-23,market,senate_seats,seats,50.32,,,,1,Markets
2026-04-23,academic,senate_seats,seats,49.585,47.16,53.59,spread,6,Academic
2026-04-24,polling,senate_seats,seats,48.8804,48.705,48.9875,spread,6,Polling
2026-04-24,market,senate_seats,seats,50.3,,,,1,Markets
2026-04-24,academic,senate_seats,seats,49.5833,47.16,53.59,spread,6,Academic
2026-04-25,polling,senate_seats,seats,48.8808,48.74,48.98,spread,6,Polling
2026-04-25,market,senate_seats,seats,50.18,,,,1,Markets
2026-04-25,academic,senate_seats,seats,49.5833,47.16,53.59,spread,6,Academic
2026-04-26,polling,senate_seats,seats,48.8654,48.73,48.965,spread,6,Polling
2026-04-26,market,senate_seats,seats,50.21,,,,1,Markets
2026-04-26,academic,senate_seats,seats,49.585,47.16,53.59,spread,6,Academic
2026-04-27,polling,senate_seats,seats,48.8517,48.72,48.95,spread,6,Polling
2026-04-27,market,senate_seats,seats,50.21,,,,1,Markets
2026-04-27,academic,senate_seats,seats,49.5833,47.16,53.59,spread,6,Academic
2026-04-28,polling,senate_seats,seats,48.8696,48.795,48.9475,spread,6,Polling
2026-04-28,market,senate_seats,seats,50.38,,,,1,Markets
2026-04-28,academic,senate_seats,seats,49.5917,47.16,53.64,spread,6,Academic
2026-04-29,polling,senate_seats,seats,48.8875,48.8,48.965,spread,6,Polling
2026-04-29,market,senate_seats,seats,50.19,,,,1,Markets
2026-04-29,academic,senate_seats,seats,49.5917,47.16,53.64,spread,6,Academic
2026-04-30,polling,senate_seats,seats,48.9154,48.8075,48.9875,spread,6,Polling
2026-04-30,market,senate_seats,seats,50.2,,,,1,Markets
2026-04-30,academic,senate_seats,seats,49.6167,47.14,53.64,spread,6,Academic
2026-05-01,polling,senate_seats,seats,48.9333,48.81,49.02,spread,6,Polling
2026-05-01,market,senate_seats,seats,50.18,,,,1,Markets
2026-05-01,academic,senate_seats,seats,49.72,47.14,54.05,spread,6,Academic
2026-05-02,polling,senate_seats,seats,48.9186,48.8,48.9975,spread,6,Polling
2026-05-02,market,senate_seats,seats,50.28,,,,1,Markets
2026-05-02,academic,senate_seats,seats,49.72,47.14,54.05,spread,6,Academic
2026-05-03,polling,senate_seats,seats,48.8939,48.79,48.985,spread,6,Polling
2026-05-03,market,senate_seats,seats,50.27,,,,1,Markets
2026-05-03,academic,senate_seats,seats,49.6967,47.14,54.05,spread,6,Academic
2026-05-04,polling,senate_seats,seats,48.8742,48.77,48.9725,spread,6,Polling
2026-05-04,market,senate_seats,seats,50.19,,,,1,Markets
2026-05-04,academic,senate_seats,seats,49.6817,47.14,54.05,spread,6,Academic
2026-05-05,polling,senate_seats,seats,48.8611,48.77,48.96,spread,6,Polling
2026-05-05,market,senate_seats,seats,50.07,,,,1,Markets
2026-05-05,academic,senate_seats,seats,49.685,47.14,54.05,spread,6,Academic
2026-05-06,polling,senate_seats,seats,48.8756,48.79,48.99,spread,6,Polling
2026-05-06,market,senate_seats,seats,50.04,,,,1,Markets
2026-05-06,academic,senate_seats,seats,49.6933,47.14,54.05,spread,6,Academic
2026-05-07,polling,senate_seats,seats,48.8933,48.79,49.02,spread,6,Polling
2026-05-07,market,senate_seats,seats,50.0,,,,1,Markets
2026-05-07,academic,senate_seats,seats,49.6917,47.14,54.05,spread,6,Academic
2026-05-08,polling,senate_seats,seats,48.9,48.83,48.99,spread,6,Polling
2026-05-08,market,senate_seats,seats,49.98,,,,1,Markets
2026-05-08,academic,senate_seats,seats,49.6917,47.14,54.05,spread,6,Academic
2026-05-09,polling,senate_seats,seats,48.9067,48.84,48.98,spread,6,Polling
2026-05-09,market,senate_seats,seats,49.98,,,,1,Markets
2026-05-09,academic,senate_seats,seats,49.6933,47.14,54.05,spread,6,Academic
2026-05-10,polling,senate_seats,seats,48.9002,48.82,48.9712,spread,6,Polling
2026-05-10,market,senate_seats,seats,49.85,,,,1,Markets
2026-05-10,academic,senate_seats,seats,49.6817,47.14,54.05,spread,6,Academic
2026-05-11,polling,senate_seats,seats,48.8837,48.74,48.985,spread,6,Polling
2026-05-11,market,senate_seats,seats,49.9,,,,1,Markets
2026-05-11,academic,senate_seats,seats,49.6933,47.14,54.05,spread,6,Academic
2026-05-12,polling,senate_seats,seats,48.8723,48.69,49.0425,spread,6,Polling
2026-05-12,market,senate_seats,seats,49.89,,,,1,Markets
2026-05-12,academic,senate_seats,seats,49.6933,47.14,54.05,spread,6,Academic
2026-05-13,polling,senate_seats,seats,48.8692,48.69,49.1,spread,6,Polling
2026-05-13,market,senate_seats,seats,49.93,,,,1,Markets
2026-05-13,academic,senate_seats,seats,49.6933,47.14,54.05,spread,6,Academic
2026-05-14,polling,senate_seats,seats,48.866,48.7,49.0525,spread,6,Polling
2026-05-14,market,senate_seats,seats,49.89,,,,1,Markets
2026-05-14,academic,senate_seats,seats,49.6933,47.14,54.05,spread,6,Academic
2026-05-15,polling,senate_seats,seats,48.8679,48.705,49.005,spread,6,Polling
2026-05-15,market,senate_seats,seats,49.84,,,,1,Markets
2026-05-15,academic,senate_seats,seats,49.7217,47.14,54.11,spread,6,Academic
2026-05-16,polling,senate_seats,seats,48.8631,48.7075,48.9675,spread,6,Polling
2026-05-16,market,senate_seats,seats,49.84,,,,1,Markets
2026-05-16,academic,senate_seats,seats,49.7217,47.14,54.11,spread,6,Academic
2026-05-17,polling,senate_seats,seats,48.8617,48.71,48.97,spread,6,Polling
2026-05-17,market,senate_seats,seats,49.84,,,,1,Markets
2026-05-17,academic,senate_seats,seats,49.7283,47.14,54.11,spread,6,Academic
2026-05-18,polling,senate_seats,seats,48.8942,48.72,49.015,spread,6,Polling
2026-05-18,market,senate_seats,seats,49.82,,,,1,Markets
2026-05-18,academic,senate_seats,seats,49.7483,47.14,54.11,spread,6,Academic
2026-05-19,polling,senate_seats,seats,48.925,48.73,49.06,spread,6,Polling
2026-05-19,market,senate_seats,seats,49.83,,,,1,Markets
2026-05-19,academic,senate_seats,seats,49.7583,47.14,54.11,spread,6,Academic
2026-05-20,polling,senate_seats,seats,49.1217,48.86,49.27,spread,6,Polling
2026-05-20,market,senate_seats,seats,49.91,,,,1,Markets
2026-05-20,academic,senate_seats,seats,49.7733,47.14,54.11,spread,6,Academic
2026-05-21,polling,senate_seats,seats,49.38,49.25,49.51,spread,6,Polling
2026-05-21,market,senate_seats,seats,49.9,,,,1,Markets
2026-05-21,academic,senate_seats,seats,49.765,47.14,54.11,spread,6,Academic
2026-05-22,polling,senate_seats,seats,49.3885,49.26,49.505,spread,6,Polling
2026-05-22,market,senate_seats,seats,49.84,,,,1,Markets
2026-05-22,academic,senate_seats,seats,49.7683,47.14,54.11,spread,6,Academic
2026-05-23,polling,senate_seats,seats,49.3971,49.27,49.51,spread,6,Polling
2026-05-23,market,senate_seats,seats,49.83,,,,1,Markets
2026-05-23,academic,senate_seats,seats,49.77,47.14,54.11,spread,6,Academic
2026-05-24,polling,senate_seats,seats,49.4073,49.28,49.535,spread,6,Polling
2026-05-24,market,senate_seats,seats,49.85,,,,1,Markets
2026-05-24,academic,senate_seats,seats,49.775,47.14,54.11,spread,6,Academic
2026-05-25,polling,senate_seats,seats,49.4225,49.29,49.56,spread,6,Polling
2026-05-25,market,senate_seats,seats,49.82,,,,1,Markets
2026-05-25,academic,senate_seats,seats,49.7967,47.14,54.11,spread,6,Academic
2026-05-26,polling,senate_seats,seats,49.4427,49.29,49.59,spread,6,Polling
2026-05-26,market,senate_seats,seats,50.0,,,,1,Markets
2026-05-26,academic,senate_seats,seats,49.7733,47.14,54.11,spread,6,Academic
2026-05-27,polling,senate_seats,seats,49.4729,49.31,49.62,spread,6,Polling
2026-05-27,market,senate_seats,seats,49.77,,,,1,Markets
2026-05-27,academic,senate_seats,seats,49.765,47.14,54.11,spread,6,Academic
2026-05-28,polling,senate_seats,seats,49.4915,49.26,49.65,spread,6,Polling
2026-05-28,market,senate_seats,seats,49.77,,,,1,Markets
2026-05-28,academic,senate_seats,seats,49.735,47.14,54.11,spread,6,Academic
2026-05-29,polling,senate_seats,seats,49.5183,49.26,49.68,spread,6,Polling
2026-05-29,market,senate_seats,seats,49.76,,,,1,Markets
2026-05-29,academic,senate_seats,seats,49.7433,47.14,54.16,spread,6,Academic
2026-05-30,polling,senate_seats,seats,49.5217,49.26,49.68,spread,6,Polling
2026-05-30,market,senate_seats,seats,49.77,,,,1,Markets
2026-05-30,academic,senate_seats,seats,49.7433,47.14,54.16,spread,6,Academic
2026-05-31,polling,senate_seats,seats,49.5267,49.27,49.68,spread,6,Polling
2026-05-31,market,senate_seats,seats,49.74,,,,1,Markets
2026-05-31,academic,senate_seats,seats,49.745,47.14,54.16,spread,6,Academic
2026-06-01,polling,senate_seats,seats,49.5706,49.33,49.71,spread,6,Polling
2026-06-01,market,senate_seats,seats,49.73,,,,1,Markets
2026-06-01,academic,senate_seats,seats,49.6583,47.14,53.35,spread,6,Academic
2026-06-02,polling,senate_seats,seats,49.5778,49.34,49.71,spread,6,Polling
2026-06-02,market,senate_seats,seats,49.81,,,,1,Markets
2026-06-02,academic,senate_seats,seats,49.66,47.14,53.35,spread,6,Academic
2026-06-03,polling,senate_seats,seats,49.5917,49.34,49.7175,spread,6,Polling
2026-06-03,market,senate_seats,seats,49.78,,,,1,Markets
2026-06-03,academic,senate_seats,seats,49.6567,47.14,53.35,spread,6,Academic
2026-06-04,polling,senate_seats,seats,49.6272,49.47,49.725,spread,6,Polling
2026-06-04,market,senate_seats,seats,49.73,,,,1,Markets
2026-06-04,academic,senate_seats,seats,49.6533,47.14,53.35,spread,6,Academic
2026-06-05,polling,senate_seats,seats,49.6511,49.53,49.7325,spread,6,Polling
2026-06-05,market,senate_seats,seats,49.73,,,,1,Markets
2026-06-05,academic,senate_seats,seats,49.635,47.14,53.35,spread,6,Academic
2026-06-06,polling,senate_seats,seats,49.665,49.53,49.75,spread,6,Polling
2026-06-06,market,senate_seats,seats,49.69,,,,1,Markets
2026-06-06,academic,senate_seats,seats,49.635,47.14,53.35,spread,6,Academic
2026-06-07,polling,senate_seats,seats,49.6967,49.51,49.8,spread,6,Polling
2026-06-07,market,senate_seats,seats,49.74,,,,1,Markets
2026-06-07,academic,senate_seats,seats,49.62,47.14,53.35,spread,6,Academic
2026-06-08,polling,senate_seats,seats,49.7483,49.61,49.85,spread,6,Polling
2026-06-08,market,senate_seats,seats,49.75,,,,1,Markets
2026-06-08,academic,senate_seats,seats,49.625,47.14,53.35,spread,6,Academic
2026-06-09,polling,senate_seats,seats,49.7178,49.6,49.8167,spread,6,Polling
2026-06-09,market,senate_seats,seats,49.79,,,,1,Markets
2026-06-09,academic,senate_seats,seats,49.6183,47.14,53.35,spread,6,Academic
2026-06-10,polling,senate_seats,seats,49.6822,49.56,49.7833,spread,6,Polling
2026-06-10,market,senate_seats,seats,49.93,,,,1,Markets
2026-06-10,academic,senate_seats,seats,49.5967,47.14,53.35,spread,6,Academic
2026-06-11,polling,senate_seats,seats,49.6542,49.52,49.75,spread,6,Polling
2026-06-11,market,senate_seats,seats,49.8,,,,1,Markets
2026-06-11,academic,senate_seats,seats,49.5967,47.14,53.35,spread,6,Academic
2026-06-12,polling,senate_seats,seats,49.6294,49.5,49.7167,spread,6,Polling
2026-06-12,market,senate_seats,seats,50.1,,,,1,Markets
2026-06-12,academic,senate_seats,seats,49.5883,47.14,53.35,spread,6,Academic
2026-06-13,polling,senate_seats,seats,49.6031,49.5,49.6833,spread,6,Polling
2026-06-13,market,senate_seats,seats,49.74,,,,1,Markets
2026-06-13,academic,senate_seats,seats,49.5883,47.14,53.35,spread,6,Academic
2026-06-14,polling,senate_seats,seats,49.5717,49.47,49.65,spread,6,Polling
2026-06-14,market,senate_seats,seats,49.75,,,,1,Markets
2026-06-14,academic,senate_seats,seats,49.595,47.14,53.35,spread,6,Academic
2026-06-15,polling,senate_seats,seats,49.5667,49.45,49.64,spread,6,Polling
2026-06-15,market,senate_seats,seats,49.75,,,,1,Markets
2026-06-15,academic,senate_seats,seats,49.5783,47.14,53.35,spread,6,Academic
2026-06-16,polling,senate_seats,seats,49.5628,49.49,49.63,spread,6,Polling
2026-06-16,market,senate_seats,seats,49.72,,,,1,Markets
2026-06-16,academic,senate_seats,seats,49.6017,47.14,53.35,spread,6,Academic
2026-06-17,polling,senate_seats,seats,49.5456,49.45,49.62,spread,6,Polling
2026-06-17,market,senate_seats,seats,49.76,,,,1,Markets
2026-06-17,academic,senate_seats,seats,49.5983,47.14,53.35,spread,6,Academic
2026-06-18,polling,senate_seats,seats,49.5333,49.44,49.61,spread,6,Polling
2026-06-18,market,senate_seats,seats,49.6,,,,1,Markets
2026-06-18,academic,senate_seats,seats,49.5983,47.14,53.35,spread,6,Academic
2026-06-19,polling,senate_seats,seats,49.5228,49.44,49.6017,spread,6,Polling
2026-06-19,market,senate_seats,seats,49.63,,,,1,Markets
2026-06-19,academic,senate_seats,seats,49.5983,47.14,53.35,spread,6,Academic
2026-06-20,polling,senate_seats,seats,49.5122,49.44,49.5933,spread,6,Polling
2026-06-20,market,senate_seats,seats,49.59,,,,1,Markets
2026-06-20,academic,senate_seats,seats,49.6017,47.14,53.35,spread,6,Academic
2026-06-21,polling,senate_seats,seats,49.505,49.46,49.585,spread,6,Polling
2026-06-21,market,senate_seats,seats,50.05,,,,1,Markets
2026-06-21,academic,senate_seats,seats,49.6133,47.14,53.35,spread,6,Academic
2026-06-22,polling,senate_seats,seats,49.4961,49.44,49.5767,spread,6,Polling
2026-06-22,market,senate_seats,seats,49.59,,,,1,Markets
2026-06-22,academic,senate_seats,seats,49.6217,47.14,53.35,spread,6,Academic
2026-06-23,polling,senate_seats,seats,49.4914,49.44,49.5683,spread,6,Polling
2026-06-23,market,senate_seats,seats,49.58,,,,1,Markets
2026-06-23,academic,senate_seats,seats,49.6083,47.14,53.35,spread,6,Academic
2026-06-24,polling,senate_seats,seats,49.4883,49.44,49.56,spread,6,Polling
2026-06-24,market,senate_seats,seats,49.44,,,,1,Markets
2026-06-24,academic,senate_seats,seats,49.605,47.14,53.35,spread,6,Academic
2026-06-25,polling,senate_seats,seats,49.5392,49.42,49.625,spread,6,Polling
2026-06-25,market,senate_seats,seats,49.38,,,,1,Markets
2026-06-25,academic,senate_seats,seats,49.6083,47.14,53.35,spread,6,Academic
2026-06-26,polling,senate_seats,seats,49.6233,49.59,49.69,spread,6,Polling
2026-06-26,market,senate_seats,seats,49.38,,,,1,Markets
2026-06-26,academic,senate_seats,seats,49.6267,47.14,53.35,spread,6,Academic
2026-06-27,polling,senate_seats,seats,49.625,49.595,49.69,spread,6,Polling
2026-06-27,market,senate_seats,seats,49.38,,,,1,Markets
2026-06-27,academic,senate_seats,seats,49.6283,47.14,53.35,spread,6,Academic
2026-06-28,polling,senate_seats,seats,49.63,49.6,49.69,spread,6,Polling
2026-06-28,market,senate_seats,seats,49.39,,,,1,Markets
2026-06-28,academic,senate_seats,seats,49.64,47.14,53.35,spread,6,Academic
2026-06-29,polling,senate_seats,seats,49.572,49.49,49.662,spread,6,Polling
2026-06-29,market,senate_seats,seats,49.42,,,,1,Markets
2026-06-29,academic,senate_seats,seats,49.6217,47.14,53.35,spread,6,Academic
2026-06-30,polling,senate_seats,seats,49.5373,49.46,49.634,spread,6,Polling
2026-06-30,market,senate_seats,seats,49.46,,,,1,Markets
2026-06-30,academic,senate_seats,seats,49.63,47.14,53.35,spread,6,Academic
2026-07-01,polling,senate_seats,seats,49.5171,49.4533,49.606,spread,6,Polling
2026-07-01,market,senate_seats,seats,49.61,,,,1,Markets
2026-07-01,academic,senate_seats,seats,49.635,47.14,53.35,spread,6,Academic
2026-07-02,polling,senate_seats,seats,49.4986,49.43,49.578,spread,6,Polling
2026-07-02,market,senate_seats,seats,49.46,,,,1,Markets
2026-07-02,academic,senate_seats,seats,49.645,47.14,53.35,spread,6,Academic
2026-07-03,polling,senate_seats,seats,49.485,49.43,49.55,spread,6,Polling
2026-07-03,market,senate_seats,seats,49.5,,,,1,Markets
2026-07-03,academic,senate_seats,seats,49.645,47.14,53.35,spread,6,Academic
2026-07-04,polling,senate_seats,seats,49.4233,49.29,49.5033,spread,6,Polling
2026-07-04,market,senate_seats,seats,49.55,,,,1,Markets
2026-07-04,academic,senate_seats,seats,49.6417,47.14,53.35,spread,6,Academic
2026-07-05,polling,senate_seats,seats,49.3833,49.28,49.4567,spread,6,Polling
2026-07-05,market,senate_seats,seats,49.46,,,,1,Markets
2026-07-05,academic,senate_seats,seats,49.6383,47.14,53.35,spread,6,Academic
2026-07-06,polling,senate_seats,seats,49.3467,49.29,49.41,spread,6,Polling
2026-07-06,market,senate_seats,seats,49.3,,,,1,Markets
2026-07-06,academic,senate_seats,seats,49.59,47.14,53.35,spread,6,Academic
2026-07-07,polling,senate_seats,seats,49.3058,49.2,49.38,spread,6,Polling
2026-07-07,market,senate_seats,seats,49.58,,,,1,Markets
2026-07-07,academic,senate_seats,seats,49.5783,47.14,53.35,spread,6,Academic
2026-07-08,polling,senate_seats,seats,49.2817,49.21,49.35,spread,6,Polling
2026-07-08,market,senate_seats,seats,49.56,,,,1,Markets
2026-07-08,academic,senate_seats,seats,49.5817,47.14,53.35,spread,6,Academic
2026-07-09,polling,senate_seats,seats,49.2837,49.21,49.36,spread,6,Polling
2026-07-09,market,senate_seats,seats,49.57,,,,1,Markets
2026-07-09,academic,senate_seats,seats,49.5817,47.14,53.35,spread,6,Academic
2026-07-10,polling,senate_seats,seats,49.2842,49.2,49.37,spread,6,Polling
2026-07-10,market,senate_seats,seats,49.6,,,,1,Markets
2026-07-10,academic,senate_seats,seats,49.5767,47.14,53.35,spread,6,Academic
2026-07-11,polling,senate_seats,seats,49.2863,49.195,49.38,spread,6,Polling
2026-07-11,market,senate_seats,seats,49.33,,,,1,Markets
2026-07-11,academic,senate_seats,seats,49.5767,47.14,53.35,spread,6,Academic
2026-07-12,polling,senate_seats,seats,49.2833,49.17,49.39,spread,6,Polling
2026-07-12,market,senate_seats,seats,49.6,,,,1,Markets
2026-07-12,academic,senate_seats,seats,49.5583,47.14,53.35,spread,6,Academic
2026-07-13,polling,senate_seats,seats,49.325,49.19,49.42,spread,6,Polling
2026-07-13,market,senate_seats,seats,49.61,,,,1,Markets
2026-07-13,academic,senate_seats,seats,49.54,47.14,53.35,spread,6,Academic
2026-07-14,polling,senate_seats,seats,49.325,49.19,49.42,spread,6,Polling
2026-07-14,market,senate_seats,seats,50.51,,,,1,Markets
2026-07-14,academic,senate_seats,seats,49.5333,47.14,53.35,spread,6,Academic
2026-07-15,polling,senate_seats,seats,49.325,49.19,49.42,spread,6,Polling
2026-07-15,market,senate_seats,seats,49.65,,,,1,Markets
2026-07-15,academic,senate_seats,seats,49.5333,47.14,53.35,spread,6,Academic
2026-07-16,polling,senate_seats,seats,49.325,49.19,49.42,spread,6,Polling
2026-07-16,market,senate_seats,seats,49.77,,,,1,Markets
2026-07-16,academic,senate_seats,seats,49.535,47.14,53.35,spread,6,Academic
2026-07-17,polling,senate_seats,seats,49.325,49.19,49.42,spread,6,Polling
2026-07-17,market,senate_seats,seats,49.77,,,,1,Markets
2026-07-17,academic,senate_seats,seats,49.5367,47.14,53.35,spread,6,Academic
2026-07-18,polling,senate_seats,seats,49.325,49.19,49.42,spread,6,Polling
2026-07-18,market,senate_seats,seats,49.74,,,,1,Markets
2026-07-18,academic,senate_seats,seats,49.5367,47.14,53.35,spread,6,Academic
2026-07-19,polling,senate_seats,seats,49.2753,49.12,49.4117,spread,6,Polling
2026-07-19,market,senate_seats,seats,49.74,,,,1,Markets
2026-07-19,academic,senate_seats,seats,49.5267,47.14,53.35,spread,6,Academic
2026-07-20,polling,senate_seats,seats,49.2456,49.0,49.4233,spread,6,Polling
2026-07-20,market,senate_seats,seats,49.68,,,,1,Markets
2026-07-20,academic,senate_seats,seats,49.6033,47.14,53.35,spread,6,Academic
2026-07-21,polling,senate_seats,seats,49.2679,49.06,49.435,spread,6,Polling
2026-07-21,market,senate_seats,seats,49.65,,,,1,Markets
2026-07-21,academic,senate_seats,seats,49.5967,47.14,53.4,spread,6,Academic
2026-07-22,polling,senate_seats,seats,49.3003,49.12,49.4467,spread,6,Polling
2026-07-22,market,senate_seats,seats,49.64,,,,1,Markets
2026-07-22,academic,senate_seats,seats,49.6117,47.14,53.4,spread,6,Academic
2026-07-23,polling,senate_seats,seats,49.3326,49.18,49.4583,spread,6,Polling
2026-07-23,market,senate_seats,seats,49.61,,,,1,Markets
2026-07-23,academic,senate_seats,seats,49.6,47.14,53.4,spread,6,Academic
2026-07-24,polling,senate_seats,seats,49.3617,49.24,49.47,spread,6,Polling
2026-07-24,market,senate_seats,seats,49.61,,,,1,Markets
2026-07-24,academic,senate_seats,seats,49.6033,47.14,53.4,spread,6,Academic
2026-07-25,polling,senate_seats,seats,49.3603,49.2267,49.465,spread,6,Polling
2026-07-25,market,senate_seats,seats,49.62,,,,1,Markets
2026-07-25,academic,senate_seats,seats,49.6033,47.14,53.4,spread,6,Academic
2026-07-26,polling,senate_seats,seats,49.3589,49.2133,49.46,spread,6,Polling
2026-07-26,market,senate_seats,seats,49.66,,,,1,Markets
2026-07-26,academic,senate_seats,seats,49.6,47.14,53.4,spread,6,Academic
2026-07-27,polling,senate_seats,seats,49.3625,49.2,49.455,spread,6,Polling
2026-07-27,market,senate_seats,seats,49.68,,,,1,Markets
2026-07-27,academic,senate_seats,seats,49.6217,47.14,53.4,spread,6,Academic
2026-07-28,polling,senate_seats,seats,49.3467,49.18,49.45,spread,6,Polling
2026-07-28,market,senate_seats,seats,49.69,,,,1,Markets
2026-07-28,academic,senate_seats,seats,49.6233,47.14,53.4,spread,6,Academic
2026-07-29,polling,senate_seats,seats,49.3828,49.215,49.4817,spread,6,Polling
2026-07-29,market,senate_seats,seats,49.67,,,,1,Markets
2026-07-29,academic,senate_seats,seats,49.625,47.14,53.4,spread,6,Academic
2026-07-30,polling,senate_seats,seats,49.4022,49.25,49.5133,spread,6,Polling
2026-07-30,market,senate_seats,seats,49.69,,,,1,Markets
2026-07-30,academic,senate_seats,seats,49.625,47.14,53.4,spread,6,Academic
2026-07-31,polling,senate_seats,seats,49.4575,49.335,49.545,spread,6,Polling
2026-07-31,market,senate_seats,seats,49.89,,,,1,Markets
2026-07-31,academic,senate_seats,seats,49.6667,47.33,53.4,spread,6,Academic
2026-08-01,polling,senate_seats,seats,49.5144,49.42,49.62,spread,6,Polling
2026-08-01,market,senate_seats,seats,49.78,,,,1,Markets
2026-08-01,academic,senate_seats,seats,49.66,47.33,53.4,spread,6,Academic
2026-08-02,polling,senate_seats,seats,49.5531,49.48,49.62,spread,6,Polling
2026-08-02,market,senate_seats,seats,49.83,,,,1,Markets
2026-08-02,academic,senate_seats,seats,49.6767,47.33,53.4,spread,6,Academic
2026-08-03,polling,senate_seats,seats,49.5917,49.51,49.65,spread,6,Polling
2026-08-03,market,senate_seats,seats,49.83,,,,1,Markets
2026-08-03,academic,senate_seats,seats,49.6917,47.33,53.4,spread,6,Academic
2026-08-04,polling,senate_seats,seats,49.6058,49.53,49.68,spread,6,Polling
2026-08-04,market,senate_seats,seats,49.85,,,,1,Markets
2026-08-04,academic,senate_seats,seats,49.6967,47.33,53.4,spread,6,Academic
2026-08-05,polling,senate_seats,seats,49.62,49.54,49.71,spread,6,Polling
2026-08-05,market,senate_seats,seats,49.86,,,,1,Markets
2026-08-05,academic,senate_seats,seats,49.7217,47.33,53.46,spread,6,Academic
2026-08-06,polling,senate_seats,seats,49.6675,49.6025,49.74,spread,6,Polling
2026-08-06,market,senate_seats,seats,49.86,,,,1,Markets
2026-08-06,academic,senate_seats,seats,49.7217,47.33,53.46,spread,6,Academic
2026-08-07,polling,senate_seats,seats,49.7017,49.59,49.77,spread,6,Polling
2026-08-07,market,senate_seats,seats,49.97,,,,1,Markets
2026-08-07,academic,senate_seats,seats,49.7167,47.33,53.46,spread,6,Academic
2026-08-08,polling,senate_seats,seats,49.7392,49.59,49.8,spread,6,Polling
2026-08-08,market,senate_seats,seats,49.91,,,,1,Markets
2026-08-08,academic,senate_seats,seats,49.7167,47.33,53.46,spread,6,Academic
2026-08-09,polling,senate_seats,seats,49.8067,49.77,49.83,spread,6,Polling
2026-08-09,market,senate_seats,seats,49.94,,,,1,Markets
2026-08-09,academic,senate_seats,seats,49.7317,47.33,53.46,spread,6,Academic
2026-08-10,polling,senate_seats,seats,49.7771,49.69,49.82,spread,6,Polling
2026-08-10,market,senate_seats,seats,49.89,,,,1,Markets
2026-08-10,academic,senate_seats,seats,49.6617,47.33,53.46,spread,6,Academic
2026-08-11,polling,senate_seats,seats,49.7742,49.71,49.82,spread,6,Polling
2026-08-11,market,senate_seats,seats,49.91,,,,1,Markets
2026-08-11,academic,senate_seats,seats,49.69,47.33,53.46,spread,6,Academic
2026-08-12,polling,senate_seats,seats,49.6854,49.5,49.75,spread,6,Polling
2026-08-12,market,senate_seats,seats,49.83,,,,1,Markets
2026-08-12,academic,senate_seats,seats,49.6733,47.33,53.46,spread,6,Academic
2026-08-13,polling,senate_seats,seats,49.6383,49.54,49.68,spread,6,Polling
2026-08-13,market,senate_seats,seats,49.86,,,,1,Markets
2026-08-13,academic,senate_seats,seats,49.6717,47.33,53.46,spread,6,Academic
2026-08-14,polling,senate_seats,seats,49.8617,49.7975,50.05,spread,6,Polling
2026-08-14,market,senate_seats,seats,49.9,,,,1,Markets
2026-08-14,academic,senate_seats,seats,49.6683,47.33,53.46,spread,6,Academic
2026-08-15,polling,senate_seats,seats,50.0067,49.965,50.09,spread,6,Polling
2026-08-15,market,senate_seats,seats,49.79,,,,1,Markets
2026-08-15,academic,senate_seats,seats,49.67,47.33,53.46,spread,6,Academic
2026-08-16,polling,senate_seats,seats,50.1533,50.1325,50.175,spread,6,Polling
2026-08-16,market,senate_seats,seats,49.71,,,,1,Markets
2026-08-16,academic,senate_seats,seats,49.6717,47.33,53.46,spread,6,Academic
2026-08-17,polling,senate_seats,seats,50.3117,50.26,50.34,spread,6,Polling
2026-08-17,market,senate_seats,seats,49.51,,,,1,Markets
2026-08-17,academic,senate_seats,seats,49.67,47.33,53.46,spread,6,Academic
2026-08-18,polling,senate_seats,seats,50.3042,50.25,50.335,spread,6,Polling
2026-08-18,market,senate_seats,seats,49.64,,,,1,Markets
2026-08-18,academic,senate_seats,seats,49.67,47.33,53.46,spread,6,Academic
2026-08-19,polling,senate_seats,seats,50.2983,50.25,50.33,spread,6,Polling
2026-08-19,market,senate_seats,seats,49.77,,,,1,Markets
2026-08-19,academic,senate_seats,seats,49.6717,47.33,53.46,spread,6,Academic
2026-08-20,polling,senate_seats,seats,50.2983,50.25,50.33,spread,6,Polling
2026-08-20,market,senate_seats,seats,49.81,,,,1,Markets
2026-08-20,academic,senate_seats,seats,49.6717,47.33,53.46,spread,6,Academic
2026-08-21,polling,senate_seats,seats,50.4717,50.43,50.49,spread,6,Polling
2026-08-21,market,senate_seats,seats,49.87,,,,1,Markets
2026-08-21,academic,senate_seats,seats,49.6717,47.33,53.46,spread,6,Academic
2026-08-22,polling,senate_seats,seats,50.675,50.64,50.69,spread,6,Polling
2026-08-22,market,senate_seats,seats,49.88,,,,1,Markets
2026-08-22,academic,senate_seats,seats,49.6717,47.33,53.46,spread,6,Academic
2026-08-23,polling,senate_seats,seats,50.675,50.64,50.69,spread,6,Polling
2026-08-23,market,senate_seats,seats,49.96,,,,1,Markets
2026-08-23,academic,senate_seats,seats,49.6717,47.33,53.46,spread,6,Academic
2026-08-24,polling,senate_seats,seats,50.6967,50.67,50.71,spread,6,Polling
2026-08-24,market,senate_seats,seats,49.96,,,,1,Markets
2026-08-24,academic,senate_seats,seats,49.6833,47.33,53.46,spread,6,Academic
2026-08-25,polling,senate_seats,seats,50.705,50.68,50.72,spread,6,Polling
2026-08-25,market,senate_seats,seats,49.94,,,,1,Markets
2026-08-25,academic,senate_seats,seats,49.8467,47.33,54.26,spread,6,Academic
2026-08-26,polling,senate_seats,seats,50.7183,50.7,50.74,spread,6,Polling
2026-08-26,market,senate_seats,seats,49.95,,,,1,Markets
2026-08-26,academic,senate_seats,seats,49.835,47.33,54.26,spread,6,Academic
2026-08-27,polling,senate_seats,seats,50.7,50.69,50.71,spread,6,Polling
2026-08-27,market,senate_seats,seats,50.0,,,,1,Markets
2026-08-27,academic,senate_seats,seats,49.6983,47.33,53.46,spread,6,Academic
2026-08-28,polling,senate_seats,seats,50.7017,50.69,50.72,spread,6,Polling
2026-08-28,market,senate_seats,seats,49.99,,,,1,Markets
2026-08-28,academic,senate_seats,seats,49.6867,47.33,53.46,spread,6,Academic
2026-08-29,polling,senate_seats,seats,50.7,50.69,50.71,spread,6,Polling
2026-08-29,market,senate_seats,seats,49.99,,,,1,Markets
2026-08-29,academic,senate_seats,seats,49.6833,47.33,53.46,spread,6,Academic
2026-08-30,polling,senate_seats,seats,50.79,50.78,50.8,spread,6,Polling
2026-08-30,market,senate_seats,seats,50.03,,,,1,Markets
2026-08-30,academic,senate_seats,seats,49.685,47.33,53.46,spread,6,Academic
2026-08-31,polling,senate_seats,seats,50.7983,50.79,50.81,spread,6,Polling
2026-08-31,market,senate_seats,seats,50.03,,,,1,Markets
2026-08-31,academic,senate_seats,seats,49.825,47.33,54.26,spread,6,Academic
2026-09-01,polling,senate_seats,seats,50.8483,50.84,50.86,spread,6,Polling
2026-09-01,market,senate_seats,seats,50.07,,,,1,Markets
2026-09-01,academic,senate_seats,seats,49.8217,47.33,54.27,spread,6,Academic
2026-09-02,polling,senate_seats,seats,50.8233,50.81,50.83,spread,6,Polling
2026-09-02,market,senate_seats,seats,50.07,,,,1,Markets
2026-09-02,academic,senate_seats,seats,49.835,47.33,54.3,spread,6,Academic
2026-09-03,polling,senate_seats,seats,50.965,50.96,50.97,spread,6,Polling
2026-09-03,market,senate_seats,seats,50.06,,,,1,Markets
2026-09-03,academic,senate_seats,seats,49.8233,47.33,54.3,spread,6,Academic
2026-09-04,polling,senate_seats,seats,50.965,50.96,50.97,spread,6,Polling
2026-09-04,market,senate_seats,seats,50.06,,,,1,Markets
2026-09-04,academic,senate_seats,seats,49.8933,47.33,54.31,spread,6,Academic
2026-09-05,polling,senate_seats,seats,50.96,50.94,50.97,spread,6,Polling
2026-09-05,market,senate_seats,seats,50.09,,,,1,Markets
2026-09-05,academic,senate_seats,seats,49.8933,47.33,54.31,spread,6,Academic
2026-09-06,polling,senate_seats,seats,50.9617,50.95,50.97,spread,6,Polling
2026-09-06,market,senate_seats,seats,50.09,,,,1,Markets
2026-09-06,academic,senate_seats,seats,49.9133,47.33,54.31,spread,6,Academic
2026-09-07,polling,senate_seats,seats,50.9817,50.96,51.01,spread,6,Polling
2026-09-07,market,senate_seats,seats,50.09,,,,1,Markets
2026-09-07,academic,senate_seats,seats,49.9117,47.33,54.29,spread,6,Academic
2026-09-08,polling,senate_seats,seats,50.9817,50.96,51.01,spread,6,Polling
2026-09-08,market,senate_seats,seats,50.08,,,,1,Markets
2026-09-08,academic,senate_seats,seats,49.9283,47.33,54.29,spread,6,Academic
2026-09-09,polling,senate_seats,seats,50.8133,50.8,50.83,spread,6,Polling
2026-09-09,market,senate_seats,seats,50.08,,,,1,Markets
2026-09-09,academic,senate_seats,seats,49.9633,47.33,54.34,spread,6,Academic
2026-09-10,polling,senate_seats,seats,50.815,50.8,50.83,spread,6,Polling
2026-09-10,market,senate_seats,seats,50.03,,,,1,Markets
2026-09-10,academic,senate_seats,seats,49.9817,47.33,54.34,spread,6,Academic
2026-09-11,polling,senate_seats,seats,50.8983,50.88,50.92,spread,6,Polling
2026-09-11,market,senate_seats,seats,50.03,,,,1,Markets
2026-09-11,academic,senate_seats,seats,49.9883,47.33,54.28,spread,6,Academic
2026-09-12,polling,senate_seats,seats,51.3483,51.34,51.36,spread,6,Polling
2026-09-12,market,senate_seats,seats,50.05,,,,1,Markets
2026-09-12,academic,senate_seats,seats,49.9883,47.33,54.28,spread,6,Academic
2026-09-13,polling,senate_seats,seats,51.3333,51.33,51.34,spread,6,Polling
2026-09-13,market,senate_seats,seats,50.05,,,,1,Markets
2026-09-13,academic,senate_seats,seats,49.9967,47.33,54.28,spread,6,Academic
2026-09-14,polling,senate_seats,seats,51.36,51.35,51.37,spread,6,Polling
2026-09-14,market,senate_seats,seats,50.14,,,,1,Markets
2026-09-14,academic,senate_seats,seats,50.0233,47.33,54.4,spread,6,Academic
2026-09-15,polling,senate_seats,seats,51.3717,51.36,51.38,spread,6,Polling
2026-09-15,market,senate_seats,seats,50.24,,,,1,Markets
2026-09-15,academic,senate_seats,seats,50.0333,47.33,54.38,spread,6,Academic
2026-09-16,polling,senate_seats,seats,51.3767,51.37,51.39,spread,6,Polling
2026-09-16,market,senate_seats,seats,50.3,,,,1,Markets
2026-09-16,academic,senate_seats,seats,49.9433,47.33,53.92,spread,6,Academic
2026-09-17,polling,senate_seats,seats,51.3017,51.29,51.31,spread,6,Polling
2026-09-17,market,senate_seats,seats,50.37,,,,1,Markets
2026-09-17,academic,senate_seats,seats,49.9467,47.33,53.93,spread,6,Academic
2026-09-18,polling,senate_seats,seats,51.4483,51.44,51.46,spread,6,Polling
2026-09-18,market,senate_seats,seats,50.47,,,,1,Markets
2026-09-18,academic,senate_seats,seats,49.9683,47.33,53.93,spread,6,Academic
2026-09-19,polling,senate_seats,seats,51.33,51.32,51.34,spread,6,Polling
2026-09-19,market,senate_seats,seats,50.66,,,,1,Markets
2026-09-19,academic,senate_seats,seats,49.9783,47.33,53.93,spread,6,Academic
2026-09-20,polling,senate_seats,seats,51.3933,51.38,51.4,spread,6,Polling
2026-09-20,market,senate_seats,seats,50.96,,,,1,Markets
2026-09-20,academic,senate_seats,seats,49.9833,47.33,53.93,spread,6,Academic
2026-09-21,polling,senate_seats,seats,51.3917,51.38,51.4,spread,6,Polling
2026-09-21,market,senate_seats,seats,50.98,,,,1,Markets
2026-09-21,academic,senate_seats,seats,50.005,47.33,53.94,spread,6,Academic
2026-09-22,polling,senate_seats,seats,51.46,51.45,51.47,spread,6,Polling
2026-09-22,market,senate_seats,seats,50.87,,,,1,Markets
2026-09-22,academic,senate_seats,seats,50.0333,47.33,53.92,spread,6,Academic
2026-09-23,polling,senate_seats,seats,51.4967,51.49,51.51,spread,6,Polling
2026-09-23,market,senate_seats,seats,51.0,,,,1,Markets
2026-09-23,academic,senate_seats,seats,49.8417,47.13,53.52,spread,6,Academic
2026-09-24,polling,senate_seats,seats,51.4233,51.42,51.43,spread,6,Polling
2026-09-24,market,senate_seats,seats,50.99,,,,1,Markets
2026-09-24,academic,senate_seats,seats,49.8433,47.13,53.51,spread,6,Academic
2026-09-25,polling,senate_seats,seats,51.435,51.43,51.45,spread,6,Polling
2026-09-25,market,senate_seats,seats,50.8,,,,1,Markets
2026-09-25,academic,senate_seats,seats,49.8533,47.13,53.5,spread,6,Academic
2026-09-26,polling,senate_seats,seats,51.445,51.44,51.46,spread,6,Polling
2026-09-26,market,senate_seats,seats,50.81,,,,1,Markets
2026-09-26,academic,senate_seats,seats,49.8533,47.13,53.5,spread,6,Academic
2026-09-27,polling,senate_seats,seats,51.545,51.54,51.56,spread,6,Polling
2026-09-27,market,senate_seats,seats,50.82,,,,1,Markets
2026-09-27,academic,senate_seats,seats,49.8567,47.13,53.5,spread,6,Academic
2026-09-28,polling,senate_seats,seats,51.545,51.54,51.56,spread,6,Polling
2026-09-28,market,senate_seats,seats,50.83,,,,1,Markets
2026-09-28,academic,senate_seats,seats,49.8567,47.13,53.48,spread,6,Academic
2026-09-29,polling,senate_seats,seats,51.5667,51.56,51.58,spread,6,Polling
2026-09-29,market,senate_seats,seats,50.83,,,,1,Markets
2026-09-29,academic,senate_seats,seats,49.8583,47.14,53.48,spread,6,Academic
2026-09-30,polling,senate_seats,seats,51.5533,51.55,51.57,spread,6,Polling
2026-09-30,market,senate_seats,seats,50.85,,,,1,Markets
2026-09-30,academic,senate_seats,seats,49.9417,47.33,53.84,spread,6,Academic
2026-10-01,polling,senate_seats,seats,51.5067,51.5,51.52,spread,6,Polling
2026-10-01,market,senate_seats,seats,50.9,,,,1,Markets
2026-10-01,academic,senate_seats,seats,49.935,47.33,53.84,spread,6,Academic
2026-10-02,polling,senate_seats,seats,51.6467,51.64,51.66,spread,6,Polling
2026-10-02,market,senate_seats,seats,50.79,,,,1,Markets
2026-10-02,academic,senate_seats,seats,49.9667,47.33,53.85,spread,6,Academic
2026-10-03,polling,senate_seats,seats,51.6817,51.68,51.69,spread,6,Polling
2026-10-03,market,senate_seats,seats,50.89,,,,1,Markets
2026-10-03,academic,senate_seats,seats,49.97,47.33,53.86,spread,6,Academic
2026-10-04,polling,senate_seats,seats,51.7367,51.73,51.75,spread,6,Polling
2026-10-04,market,senate_seats,seats,50.885,50.84,50.93,spread,2,Markets
2026-10-04,academic,senate_seats,seats,50.015,47.33,53.89,spread,6,Academic
