race_id,year,office,state,district,special,midterm,dem_candidate,d_side_party,rep_candidate,dem_votes,rep_votes,other_votes,total_votes,dem_share,contested,winner_party,incumbent_party,incumbent_name,open_seat,n_dem,n_rep,n_other,other_share,top_other_name,top_other_party,top_other_share,runoff_result,pvi,pvi_basis,same_lines_as_2026
HOU_AK_01_2012,2012,house,AK,1.0,0,0,"CISSNA, SHARON MARIE",D,"YOUNG, DONALD E. (DON)",82927.0,185296.0,20617.0,288840.0,30.92,1,R,R,"YOUNG, DONALD E. (DON)",0,1,1,2,7.14,"MCDERMOTT, JAMES C. (JIM)",Lbt,5.2,0,-14.835552195177366,2008 only; 2020 lines (Daily Kos),0.0
HOU_AL_01_2012,2012,house,AL,1.0,0,0,,,"BONNER, JOSIAH ROBIAS (JO), JR.",0.0,196374.0,0.0,196374.0,,0,R,R,"BONNER, JOSIAH ROBIAS (JO), JR.",0,0,1,0,0.0,,,,0,-15.077351915317577,2008 only; 2020 lines (Daily Kos),0.0
HOU_AL_02_2012,2012,house,AL,2.0,0,0,"FORD, THERESE",D,"ROBY, MARTHA D.",103092.0,180591.0,0.0,283683.0,36.34,1,R,R,"ROBY, MARTHA D.",0,1,1,0,0.0,,,,0,-18.58207489590376,2008 only; 2020 lines (Daily Kos),0.0
HOU_AL_03_2012,2012,house,AL,3.0,0,0,"HARRIS, JOHN ANDREW",D,"ROGERS, MICHAEL DENNIS (MIKE)",91141.0,175306.0,0.0,266447.0,34.21,1,R,R,"ROGERS, MICHAEL DENNIS (MIKE)",0,1,1,0,0.0,,,,0,-16.860645878998643,2008 only; 2020 lines (Daily Kos),0.0
HOU_AL_04_2012,2012,house,AL,4.0,0,0,"BOMAN, DANIEL HEATH",D,"ADERHOLT, ROBERT BROWN",69706.0,199071.0,0.0,268777.0,25.93,1,R,R,"ADERHOLT, ROBERT BROWN",0,1,1,0,0.0,,,,0,-27.938517934424,2008 only; 2020 lines (Daily Kos),0.0
HOU_AL_05_2012,2012,house,AL,5.0,0,0,"HOLLEY, CHARLIE LEE",D,"BROOKS, MORRIS J. (MO), JR.",101772.0,189185.0,0.0,290957.0,34.98,1,R,R,"BROOKS, MORRIS J. (MO), JR.",0,1,1,0,0.0,,,,0,-17.028330029670467,2008 only; 2020 lines (Daily Kos),0.0
HOU_AL_06_2012,2012,house,AL,6.0,0,0,"BAILEY, PENNY HUGGINS",D,"BACHUS, SPENCER THOMAS, III",88267.0,219262.0,0.0,307529.0,28.7,1,R,R,"BACHUS, SPENCER THOMAS, III",0,1,1,0,0.0,,,,0,-28.52711602843165,2008 only; 2020 lines (Daily Kos),0.0
HOU_AL_07_2012,2012,house,AL,7.0,0,0,"SEWELL, TERRYCINA ANDREA (TERRI)",D,"CHAMBERLAIN, DONALD (DON)",232520.0,73835.0,0.0,306355.0,75.9,1,D,D,"SEWELL, TERRYCINA ANDREA (TERRI)",0,1,1,0,0.0,,,,0,17.988045868392977,2008 only; 2020 lines (Daily Kos),0.0
HOU_AR_01_2012,2012,house,AR,1.0,0,0,"ELLINGTON, SCOTT A.",D,"CRAWFORD, ERIC ALAN (RICK)",96601.0,138800.0,11442.0,246843.0,41.04,1,R,R,"CRAWFORD, ERIC ALAN (RICK)",0,1,1,2,4.64,"PAXTON, JESSICA",Lbt,2.6,0,-13.442864942256485,2008 only; 2020 lines (Daily Kos),0.0
HOU_AR_02_2012,2012,house,AR,2.0,0,0,"RULE, HERB C., III",D,"GRIFFIN, JOHN TIMOTHY (TIM)",113156.0,158175.0,15267.0,286598.0,41.7,1,R,R,"GRIFFIN, JOHN TIMOTHY (TIM)",0,1,1,2,5.33,"WARD, BARBARA",Grn,2.99,0,-8.611181714294059,2008 only; 2020 lines (Daily Kos),0.0
HOU_AR_03_2012,2012,house,AR,3.0,0,0,,,"WOMACK, STEPHEN ALLEN (STEVE)",0.0,186467.0,59193.0,245660.0,,0,R,R,"WOMACK, STEPHEN ALLEN (STEVE)",0,0,1,2,24.1,"KENNEDY, REBEKAH JEAN",Grn,16.01,0,-19.114960233279827,2008 only; 2020 lines (Daily Kos),0.0
HOU_AR_04_2012,2012,house,AR,4.0,0,0,"JEFFRESS, HARMON (GENE)",D,"COTTON, THOMAS (TOM)",95013.0,154149.0,9791.0,258953.0,38.13,1,R,,,1,1,1,2,3.78,"TULLIS, ROBERT (BOBBY)",Lbt,1.92,0,-15.344425226951088,2008 only; 2020 lines (Daily Kos),0.0
HOU_AZ_01_2012,2012,house,AZ,1.0,0,0,"KIRKPATRICK, ANN",D,"PATON, JONATHAN",122774.0,113594.0,15227.0,251595.0,51.94,1,D,,,1,1,1,1,6.05,"ALLEN, KIM",Lbt,6.05,0,-5.369158073233554,2008 only; 2020 lines (Daily Kos),0.0
HOU_AZ_02_2012,2012,house,AZ,2.0,0,0,"BARBER, RONALD (RON)",D,"MCSALLY, MARTHA E.",147338.0,144884.0,0.0,292222.0,50.42,1,D,D,"BARBER, RONALD (RON)",0,1,1,0,0.0,,,,0,-4.241839813902498,2008 only; 2020 lines (Daily Kos),0.0
HOU_AZ_03_2012,2012,house,AZ,3.0,0,0,"GRIJALVA, RAUL M.",D,"MERCER, GABRIELA SAUCEDO",98468.0,62663.0,7567.0,168698.0,61.11,1,D,D,"GRIJALVA, RAUL M.",0,1,1,1,4.49,"GUERRA, BLANCA A.",Lbt,4.49,0,5.050271863744015,2008 only; 2020 lines (Daily Kos),0.0
HOU_AZ_04_2012,2012,house,AZ,4.0,0,0,"ROBINSON, JOHNNIE",D,"GOSAR, PAUL ANTHONY",69154.0,162907.0,11699.0,243760.0,29.8,1,R,R,"GOSAR, PAUL ANTHONY",0,1,1,2,4.8,"PAMELIA, JOE",Lbt,3.82,0,-18.88476313327646,2008 only; 2020 lines (Daily Kos),0.0
HOU_AZ_05_2012,2012,house,AZ,5.0,0,0,"MORGAN, SPENCER",D,"SALMON, MATTHEW JAMES (MATT)",89589.0,183470.0,0.0,273059.0,32.81,1,R,,,1,1,1,0,0.0,,,,0,-17.09187596043371,2008 only; 2020 lines (Daily Kos),0.0
HOU_AZ_06_2012,2012,house,AZ,6.0,0,0,"JETTE, MATTHEW T. (MATT)",D,"SCHWEIKERT, DAVID",97666.0,179706.0,15804.0,293176.0,35.21,1,R,R,"SCHWEIKERT, DAVID",0,1,1,2,5.39,"ANDERSON, JACK",Lbt,3.47,0,-12.124137460556362,2008 only; 2020 lines (Daily Kos),0.0
HOU_AZ_07_2012,2012,house,AZ,7.0,0,0,"PASTOR, EDWARD LOPEZ (ED)",D,,104489.0,0.0,23338.0,127827.0,,0,D,D,"PASTOR, EDWARD LOPEZ (ED)",0,1,0,1,18.26,"COBB, JOE",Lbt,18.26,0,11.731213221115045,2008 only; 2020 lines (Daily Kos),0.0
HOU_AZ_08_2012,2012,house,AZ,8.0,0,0,"SCHARER, GENE PAUL",D,"FRANKS, TRENT",95635.0,172809.0,4347.0,272791.0,35.63,1,R,R,"FRANKS, TRENT",0,1,1,1,1.59,"DOLGOS, STEPHEN M.",Other,1.59,0,-14.977391718301652,2008 only; 2020 lines (Daily Kos),0.0
HOU_AZ_09_2012,2012,house,AZ,9.0,0,0,"SINEMA, KYRSTEN",D,"PARKER, VERNON B.",121881.0,111630.0,16620.0,250131.0,52.19,1,D,,,1,1,1,1,6.64,"GAMMILL, POWELL E.",Lbt,6.64,0,-1.8013840512470347,2008 only; 2020 lines (Daily Kos),0.0
HOU_CA_01_2012,2012,house,CA,1.0,0,0,"REED, JAMES E. (JIM)",D,"LAMALFA, DOUG",125386.0,168827.0,0.0,294213.0,42.62,1,R,,,1,1,1,0,0.0,,,,0,-9.8500004,old course file (PS9 2012 values),0.0
HOU_CA_02_2012,2012,house,CA,2.0,0,0,"HUFFMAN, JARED WILLIAM",D,"ROBERTS, DANIEL W.",226216.0,91310.0,0.0,317526.0,71.24,1,D,,,1,1,1,0,0.0,,,,0,19.67,old course file (PS9 2012 values),0.0
HOU_CA_03_2012,2012,house,CA,3.0,0,0,"GARAMENDI, JOHN R.",D,"VANN, KIM",126882.0,107086.0,0.0,233968.0,54.23,1,D,D,"GARAMENDI, JOHN R.",0,1,1,0,0.0,,,,0,1.92,old course file (PS9 2012 values),0.0
HOU_CA_04_2012,2012,house,CA,4.0,0,0,"UPPAL, JACK",D,"MCCLINTOCK, THOMAS MILLER (TOM), II",125885.0,197803.0,0.0,323688.0,38.89,1,R,R,"MCCLINTOCK, THOMAS MILLER (TOM), II",0,1,1,0,0.0,,,,0,-9.9200001,old course file (PS9 2012 values),0.0
HOU_CA_05_2012,2012,house,CA,5.0,0,0,"THOMPSON, C. MICHAEL (MIKE)",D,"LOFTIN, JOSEPH RANDOLPH (RANDY)",202872.0,69545.0,0.0,272417.0,74.47,1,D,D,"THOMPSON, C. MICHAEL (MIKE)",0,1,1,0,0.0,,,,0,18.549999,old course file (PS9 2012 values),0.0
HOU_CA_06_2012,2012,house,CA,6.0,0,0,"MATSUI, DORIS O.",D,"MCCRAY, JOSEPH, SR.",160667.0,53406.0,0.0,214073.0,75.05,1,D,D,"MATSUI, DORIS O.",0,1,1,0,0.0,,,,0,14.61,old course file (PS9 2012 values),0.0
HOU_CA_07_2012,2012,house,CA,7.0,0,0,"BERA, AMERISH (AMI)",D,"LUNGREN, DANIEL EDWARD (DAN)",141241.0,132050.0,0.0,273291.0,51.68,1,D,R,"LUNGREN, DANIEL EDWARD (DAN)",0,1,1,0,0.0,,,,0,-1.9299999,old course file (PS9 2012 values),0.0
HOU_CA_08_2012,2012,house,CA,8.0,0,0,,,"COOK, PAUL J.; IMUS, GREGG",0.0,179644.0,0.0,179644.0,,0,R,,,1,0,2,0,0.0,,,,0,-11.17,old course file (PS9 2012 values),0.0
HOU_CA_09_2012,2012,house,CA,9.0,0,0,"MCNERNEY, GERALD MARK (JERRY)",D,"GILL, RICKY",118373.0,94704.0,0.0,213077.0,55.55,1,D,D,"MCNERNEY, GERALD MARK (JERRY)",0,1,1,0,0.0,,,,0,3.1800001,old course file (PS9 2012 values),0.0
HOU_CA_10_2012,2012,house,CA,10.0,0,0,"HERNANDEZ, JOSE M.",D,"DENHAM, JEFFREY (JEFF)",98934.0,110265.0,0.0,209199.0,47.29,1,R,R,"DENHAM, JEFFREY (JEFF)",0,1,1,0,0.0,,,,0,-3.51,old course file (PS9 2012 values),0.0
HOU_CA_11_2012,2012,house,CA,11.0,0,0,"MILLER, GEORGE, III",D,"FULLER-KENDALL, VIRGINIA",200743.0,87136.0,0.0,287879.0,69.73,1,D,D,"MILLER, GEORGE, III",0,1,1,0,0.0,,,,0,16.940001,old course file (PS9 2012 values),0.0
HOU_CA_12_2012,2012,house,CA,12.0,0,0,"PELOSI, NANCY",D,"DENNIS, JOHN",253709.0,44478.0,0.0,298187.0,85.08,1,D,D,"PELOSI, NANCY",0,1,1,0,0.0,,,,0,33.900002,old course file (PS9 2012 values),0.0
HOU_CA_13_2012,2012,house,CA,13.0,0,0,"LEE, BARBARA J.",D,,250436.0,0.0,38146.0,288582.0,,0,D,D,"LEE, BARBARA J.",0,1,0,1,13.22,"SINGLETON, MARILYN M.",I,13.22,0,36.689999,old course file (PS9 2012 values),0.0
HOU_CA_14_2012,2012,house,CA,14.0,0,0,"SPEIER, KAREN (JACKIE)",D,"BACIGALUPI, DEBORAH (DEBBIE)",203828.0,54455.0,0.0,258283.0,78.92,1,D,D,"SPEIER, KAREN (JACKIE)",0,1,1,0,0.0,,,,0,22.459999,old course file (PS9 2012 values),0.0
HOU_CA_15_2012,2012,house,CA,15.0,0,0,"SWALWELL, ERIC MICHAEL; STARK, FORTNEY HILLMAN (PETE), JR.",D,,231034.0,0.0,0.0,231034.0,,0,D,D,"STARK, FORTNEY HILLMAN (PETE), JR.",0,2,0,0,0.0,,,,0,14.91,old course file (PS9 2012 values),0.0
HOU_CA_16_2012,2012,house,CA,16.0,0,0,"COSTA, JIM",D,"WHELAN, BRIAN DANIEL",84649.0,62801.0,0.0,147450.0,57.41,1,D,D,"COSTA, JIM",0,1,1,0,0.0,,,,0,3.6900001,old course file (PS9 2012 values),0.0
HOU_CA_17_2012,2012,house,CA,17.0,0,0,"HONDA, MICHAEL MAKOTO (MIKE)",D,"LI, EVELYN",159392.0,57336.0,0.0,216728.0,73.54,1,D,D,"HONDA, MICHAEL MAKOTO (MIKE)",0,1,1,0,0.0,,,,0,17.540001,old course file (PS9 2012 values),0.0
HOU_CA_18_2012,2012,house,CA,18.0,0,0,"ESHOO, ANNA G.",D,"CHAPMAN, DAVE",212831.0,89103.0,0.0,301934.0,70.49,1,D,D,"ESHOO, ANNA G.",0,1,1,0,0.0,,,,0,18.110001,old course file (PS9 2012 values),0.0
HOU_CA_19_2012,2012,house,CA,19.0,0,0,"LOFGREN, ZOE",D,"MURRAY, ROBERT",162300.0,59313.0,0.0,221613.0,73.24,1,D,D,"LOFGREN, ZOE",0,1,1,0,0.0,,,,0,16.0,old course file (PS9 2012 values),0.0
HOU_CA_20_2012,2012,house,CA,20.0,0,0,"FARR, SAM",D,"TAYLOR, JEFF EDWARD",172996.0,60566.0,0.0,233562.0,74.07,1,D,D,"FARR, SAM",0,1,1,0,0.0,,,,0,19.389999,old course file (PS9 2012 values),0.0
HOU_CA_21_2012,2012,house,CA,21.0,0,0,"HERNANDEZ, JOHN STEPHEN",D,"VALADAO, DAVID G.",49119.0,67164.0,0.0,116283.0,42.24,1,R,,,1,1,1,0,0.0,,,,0,-2.03,old course file (PS9 2012 values),0.0
HOU_CA_22_2012,2012,house,CA,22.0,0,0,"LEE, OTTO",D,"NUNES, DEVIN GERALD",81555.0,132386.0,0.0,213941.0,38.12,1,R,R,"NUNES, DEVIN GERALD",0,1,1,0,0.0,,,,0,-11.31,old course file (PS9 2012 values),0.0
HOU_CA_23_2012,2012,house,CA,23.0,0,0,"PHILLIPS, TERRY",I,"MCCARTHY, KEVIN",57842.0,158161.0,0.0,216003.0,26.78,1,R,R,"MCCARTHY, KEVIN",0,0,1,0,0.0,,,,0,-17.1,old course file (PS9 2012 values),0.0
HOU_CA_24_2012,2012,house,CA,24.0,0,0,"CAPPS, LOIS G.",D,"MALDONADO, ABEL",156749.0,127746.0,0.0,284495.0,55.1,1,D,D,"CAPPS, LOIS G.",0,1,1,0,0.0,,,,0,3.73,old course file (PS9 2012 values),0.0
HOU_CA_25_2012,2012,house,CA,25.0,0,0,"ROGERS, LEE C.",D,"MCKEON, HOWARD P. (BUCK)",106982.0,129593.0,0.0,236575.0,45.22,1,R,R,"MCKEON, HOWARD P. (BUCK)",0,1,1,0,0.0,,,,0,-4.5300002,old course file (PS9 2012 values),0.0
HOU_CA_26_2012,2012,house,CA,26.0,0,0,"BROWNLEY, JULIA",D,"STRICKLAND, ANTHONY A. (TONY)",139072.0,124863.0,0.0,263935.0,52.69,1,D,,,1,1,1,0,0.0,,,,0,3.2,old course file (PS9 2012 values),0.0
HOU_CA_27_2012,2012,house,CA,27.0,0,0,"CHU, JUDY M.",D,"ORSWELL, JACK",154191.0,86817.0,0.0,241008.0,63.98,1,D,D,"CHU, JUDY M.",0,1,1,0,0.0,,,,0,9.0100002,old course file (PS9 2012 values),0.0
HOU_CA_28_2012,2012,house,CA,28.0,0,0,"SCHIFF, ADAM B.",D,"JENNERJAHN, PHIL",188703.0,58008.0,0.0,246711.0,76.49,1,D,D,"SCHIFF, ADAM B.",0,1,1,0,0.0,,,,0,18.73,old course file (PS9 2012 values),0.0
HOU_CA_29_2012,2012,house,CA,29.0,0,0,"CARDENAS, TONY",D,,111287.0,0.0,38994.0,150281.0,,0,D,,,1,1,0,1,25.95,"HERNANDEZ, DAVID RAYMOND, JR.",I,25.95,0,22.33,old course file (PS9 2012 values),0.0
HOU_CA_30_2012,2012,house,CA,30.0,0,0,"SHERMAN, BRAD; BERMAN, HOWARD L.",D,,247851.0,0.0,0.0,247851.0,,0,D,D,"BERMAN, HOWARD L.; SHERMAN, BRAD",0,2,0,0,0.0,,,,0,13.51,old course file (PS9 2012 values),0.0
HOU_CA_31_2012,2012,house,CA,31.0,0,0,,,"MILLER, GARY G.; DUTTON, ROBERT (BOB)",0.0,161219.0,0.0,161219.0,,0,R,R,"MILLER, GARY G.",0,0,2,0,0.0,,,,0,3.05,old course file (PS9 2012 values),0.0
HOU_CA_32_2012,2012,house,CA,32.0,0,0,"NAPOLITANO, GRACE FLORES",D,"MILLER, DAVID LAWRENCE",124903.0,65208.0,0.0,190111.0,65.7,1,D,D,"NAPOLITANO, GRACE FLORES",0,1,1,0,0.0,,,,0,9.3699999,old course file (PS9 2012 values),0.0
HOU_CA_33_2012,2012,house,CA,33.0,0,0,"WAXMAN, HENRY A.",D,,171860.0,0.0,146660.0,318520.0,,0,D,D,"WAXMAN, HENRY A.",0,1,0,1,46.04,"BLOOMFIELD, BILL",I,46.04,0,11.77,old course file (PS9 2012 values),0.0
HOU_CA_34_2012,2012,house,CA,34.0,0,0,"BECERRA, XAVIER",D,"SMITH, STEPHEN C.",120367.0,20223.0,0.0,140590.0,85.62,1,D,D,"BECERRA, XAVIER",0,1,1,0,0.0,,,,0,27.67,old course file (PS9 2012 values),0.0
HOU_CA_35_2012,2012,house,CA,35.0,0,0,"NEGRETE MCLEOD, GLORIA; BACA, JOE",D,,142680.0,0.0,0.0,142680.0,,0,D,D,"BACA, JOE",0,2,0,0,0.0,,,,0,11.67,old course file (PS9 2012 values),0.0
HOU_CA_36_2012,2012,house,CA,36.0,0,0,"RUIZ, RAUL",D,"MACK, MARY BONO",110189.0,97953.0,0.0,208142.0,52.94,1,D,R,"MACK, MARY BONO",0,1,1,0,0.0,,,,0,-2.77,old course file (PS9 2012 values),0.0
HOU_CA_37_2012,2012,house,CA,37.0,0,0,"BASS, KAREN R.",D,"OSBORNE, MORGAN",207039.0,32541.0,0.0,239580.0,86.42,1,D,D,"BASS, KAREN R.",0,1,1,0,0.0,,,,0,32.84,old course file (PS9 2012 values),0.0
HOU_CA_38_2012,2012,house,CA,38.0,0,0,"SANCHEZ, LINDA T.",D,"CAMPOS, BENJAMIN",145280.0,69807.0,0.0,215087.0,67.54,1,D,D,"SANCHEZ, LINDA T.",0,1,1,0,0.0,,,,0,8.8500004,old course file (PS9 2012 values),0.0
HOU_CA_39_2012,2012,house,CA,39.0,0,0,"CHEN, JAY F.",D,"ROYCE, EDWARD R. (ED)",106360.0,145607.0,0.0,251967.0,42.21,1,R,R,"ROYCE, EDWARD R. (ED)",0,1,1,0,0.0,,,,0,-5.9099998,old course file (PS9 2012 values),0.0
HOU_CA_40_2012,2012,house,CA,40.0,0,0,"ROYBAL-ALLARD, LUCILLE; SANCHEZ, DAVID JOHN",D,,125553.0,0.0,0.0,125553.0,,0,D,D,"ROYBAL-ALLARD, LUCILLE",0,2,0,0,0.0,,,,0,25.870001,old course file (PS9 2012 values),0.0
HOU_CA_41_2012,2012,house,CA,41.0,0,0,"TAKANO, MARK ALLAN",D,"TAVAGLIONE, JOHN F.",103578.0,72074.0,0.0,175652.0,58.97,1,D,,,1,1,1,0,0.0,,,,0,5.1799998,old course file (PS9 2012 values),0.0
HOU_CA_42_2012,2012,house,CA,42.0,0,0,"WILLIAMSON, MICHAEL D.",D,"CALVERT, KENNETH STANTON (KEN)",84702.0,130245.0,0.0,214947.0,39.41,1,R,R,"CALVERT, KENNETH STANTON (KEN)",0,1,1,0,0.0,,,,0,-10.77,old course file (PS9 2012 values),0.0
HOU_CA_43_2012,2012,house,CA,43.0,0,0,"WATERS, MAXINE; FLORES, BOB",D,,200894.0,0.0,0.0,200894.0,,0,D,D,"WATERS, MAXINE",0,2,0,0,0.0,,,,0,23.42,old course file (PS9 2012 values),0.0
HOU_CA_44_2012,2012,house,CA,44.0,0,0,"HAHN, JANICE K.; RICHARDSON, LAURA",D,,165898.0,0.0,0.0,165898.0,,0,D,D,"HAHN, JANICE K.; RICHARDSON, LAURA",0,2,0,0,0.0,,,,0,29.530001,old course file (PS9 2012 values),0.0
HOU_CA_45_2012,2012,house,CA,45.0,0,0,"KANG, SUKHEE",D,"CAMPBELL, JOHN B.T., III",121814.0,171417.0,0.0,293231.0,41.54,1,R,R,"CAMPBELL, JOHN B.T., III",0,1,1,0,0.0,,,,0,-7.1599998,old course file (PS9 2012 values),0.0
HOU_CA_46_2012,2012,house,CA,46.0,0,0,"SANCHEZ, LORETTA L.",D,"HAYDEN, GERARD P. (JERRY)",95694.0,54121.0,0.0,149815.0,63.87,1,D,D,"SANCHEZ, LORETTA L.",0,1,1,0,0.0,,,,0,4.4699998,old course file (PS9 2012 values),0.0
HOU_CA_47_2012,2012,house,CA,47.0,0,0,"LOWENTHAL, ALAN S.",D,"DELONG, GARY",130093.0,99919.0,0.0,230012.0,56.56,1,D,,,1,1,1,0,0.0,,,,0,5.3899999,old course file (PS9 2012 values),0.0
HOU_CA_48_2012,2012,house,CA,48.0,0,0,"VARASTEH, RON",D,"ROHRABACHER, DANA TYRONE",113358.0,177144.0,0.0,290502.0,39.02,1,R,R,"ROHRABACHER, DANA TYRONE",0,1,1,0,0.0,,,,0,-7.0300002,old course file (PS9 2012 values),0.0
HOU_CA_49_2012,2012,house,CA,49.0,0,0,"TETALMAN, JERRY",D,"ISSA, DARRELL EDWARD",114893.0,159725.0,0.0,274618.0,41.84,1,R,R,"ISSA, DARRELL EDWARD",0,1,1,0,0.0,,,,0,-4.0500002,old course file (PS9 2012 values),0.0
HOU_CA_50_2012,2012,house,CA,50.0,0,0,"SECOR, DAVID B.",D,"HUNTER, DUNCAN DUANE, JR.",83455.0,174838.0,0.0,258293.0,32.31,1,R,R,"HUNTER, DUNCAN DUANE, JR.",0,1,1,0,0.0,,,,0,-13.86,old course file (PS9 2012 values),0.0
HOU_CA_51_2012,2012,house,CA,51.0,0,0,"VARGAS, JUAN CARLOS",D,"CRIMMINS, MICHAEL PETER",113934.0,45464.0,0.0,159398.0,71.48,1,D,,,1,1,1,0,0.0,,,,0,12.18,old course file (PS9 2012 values),0.0
HOU_CA_52_2012,2012,house,CA,52.0,0,0,"PETERS, SCOTT H.",D,"BILBRAY, BRIAN PHILLIP",151451.0,144459.0,0.0,295910.0,51.18,1,D,R,"BILBRAY, BRIAN PHILLIP",0,1,1,0,0.0,,,,0,1.89,old course file (PS9 2012 values),0.0
HOU_CA_53_2012,2012,house,CA,53.0,0,0,"DAVIS, SUSAN A.",D,"POPADITCH, NICHOLAS ALLEN (NICK)",164825.0,103482.0,0.0,268307.0,61.43,1,D,D,"DAVIS, SUSAN A.",0,1,1,0,0.0,,,,0,7.8600001,old course file (PS9 2012 values),0.0
HOU_CO_01_2012,2012,house,CO,1.0,0,0,"DEGETTE, DIANA LOUISE",D,"STROUD, DANNY E.",237579.0,93217.0,17414.0,348210.0,71.82,1,D,D,"DEGETTE, DIANA LOUISE",0,1,1,2,5.0,"ATWOOD, FRANK",Lbt,3.61,0,18.194740068475625,2008 only; 2020 lines (Daily Kos),0.0
HOU_CO_02_2012,2012,house,CO,2.0,0,0,"POLIS, JARED S.",D,"LUNDBERG, KEVIN",234758.0,162639.0,24183.0,421580.0,59.07,1,D,D,"POLIS, JARED S.",0,1,1,2,5.74,"LUALLIN, RANDY D.",Lbt,3.27,0,8.44776340953307,2008 only; 2020 lines (Daily Kos),0.0
HOU_CO_03_2012,2012,house,CO,3.0,0,0,"PACE, SALVATORE (SAL), II",D,"TIPTON, SCOTT RANDALL",142619.0,185291.0,19337.0,347247.0,43.49,1,R,R,"TIPTON, SCOTT RANDALL",0,1,1,2,5.57,"CASIDA, TISHA TRINETTE",Other,3.2,0,-4.503586186671205,2008 only; 2020 lines (Daily Kos),0.0
HOU_CO_04_2012,2012,house,CO,4.0,0,0,"SHAFFER, BRANDON C.",D,"GARDNER, CORY",125800.0,200006.0,16530.0,342336.0,38.61,1,R,R,"GARDNER, CORY",0,1,1,2,4.83,"GILLILAND, JOSHUA L. (JOSH)",Lbt,3.12,0,-11.106091090449263,2008 only; 2020 lines (Daily Kos),0.0
HOU_CO_05_2012,2012,house,CO,5.0,0,0,,,"LAMBORN, DOUGLAS L. (DOUG)",0.0,199639.0,107592.0,307231.0,,0,R,R,"LAMBORN, DOUGLAS L. (DOUG)",0,0,1,4,35.02,"ANDERSON, DAVID C. (DAVE)",Other,17.35,0,-13.455345644508649,2008 only; 2020 lines (Daily Kos),0.0
HOU_CO_06_2012,2012,house,CO,6.0,0,0,"MIKLOSI, JOE",D,"COFFMAN, MICHAEL H. (MIKE)",156937.0,163938.0,22039.0,342914.0,48.91,1,R,R,"COFFMAN, MICHAEL H. (MIKE)",0,1,1,2,6.43,"POLHEMUS, KATHY L.",Other,3.92,0,0.6475090681404616,2008 only; 2020 lines (Daily Kos),0.0
HOU_CO_07_2012,2012,house,CO,7.0,0,0,"PERLMUTTER, EDWIN G. (ED)",D,"COORS, JOSEPH (JOE), JR.",182460.0,139066.0,19444.0,340970.0,56.75,1,D,D,"PERLMUTTER, EDWIN G. (ED)",0,1,1,2,5.7,"CAMPBELL, DOUGLAS (DAYHORSE)",Other,3.02,0,4.721045401014079,2008 only; 2020 lines (Daily Kos),0.0
HOU_CT_01_2012,2012,house,CT,1.0,0,0,"LARSON, JOHN B.",D,"DECKER, JOHN HENRY",206973.0,82321.0,7767.0,297061.0,71.54,1,D,D,"LARSON, JOHN B.",0,1,1,2,2.61,"DEROSA, S. MICHAEL (MIKE)",Grn,1.84,0,12.854444158221687,2008 only; 2020 lines (Daily Kos),0.0
HOU_CT_02_2012,2012,house,CT,2.0,0,0,"COURTNEY, JOSEPH D. (JOE)",D,"FORMICA, PAUL M.",204708.0,88103.0,7149.0,299960.0,69.91,1,D,D,"COURTNEY, JOSEPH D. (JOE)",0,1,1,2,2.38,"BENNETT, COLIN DANIEL",Grn,1.21,0,5.654865005689135,2008 only; 2020 lines (Daily Kos),0.0
HOU_CT_03_2012,2012,house,CT,3.0,0,0,"DELAURO, ROSA L.",D,"WINSLEY, WAYNE ANTHONY",217573.0,73726.0,0.0,291299.0,74.69,1,D,D,"DELAURO, ROSA L.",0,1,1,0,0.0,,,,0,9.625913830713372,2008 only; 2020 lines (Daily Kos),0.0
HOU_CT_04_2012,2012,house,CT,4.0,0,0,"HIMES, JAMES A. (JIM)",D,"OBSITNIK, STEPHEN (STEVE)",175929.0,117503.0,0.0,293432.0,59.96,1,D,D,"HIMES, JAMES A. (JIM)",0,1,1,0,0.0,,,,0,6.224444074865387,2008 only; 2020 lines (Daily Kos),0.0
HOU_CT_05_2012,2012,house,CT,5.0,0,0,"ESTY, ELIZABETH H.",D,"RORABACK, ANDREW W.",146098.0,138637.0,0.0,284735.0,51.31,1,D,,,1,1,1,0,0.0,,,,0,3.290505288639745,2008 only; 2020 lines (Daily Kos),0.0
HOU_DE_01_2012,2012,house,DE,1.0,0,0,"CARNEY, JOHN CHARLES, JR.",D,"KOVACH, THOMAS H. (TOM)",249933.0,129757.0,8369.0,388059.0,65.83,1,D,D,"CARNEY, JOHN CHARLES, JR.",0,1,1,2,2.16,"AUGUST, BERNARD",Grn,1.1,0,8.867371371308286,2008 only; 2020 lines (Daily Kos),0.0
HOU_FL_01_2012,2012,house,FL,1.0,0,0,"BRYAN, JAMES EDWARD (JIM)",D,"MILLER, JEFFERSON B. (JEFF)",92961.0,238440.0,11193.0,342594.0,28.05,1,R,R,"MILLER, JEFFERSON B. (JEFF)",0,1,1,2,3.27,"FRETTS, CALEN",Lbt,3.26,0,-21.309999,old course file (PS9 2012 values),0.0
HOU_FL_02_2012,2012,house,FL,2.0,0,0,"LAWSON, ALFRED J. (AL), JR.",D,"SOUTHERLAND, WILLIAM STEVE, II",157634.0,175856.0,0.0,333490.0,47.27,1,R,R,"SOUTHERLAND, WILLIAM STEVE, II",0,1,1,0,0.0,,,,0,-4.7800002,old course file (PS9 2012 values),0.0
HOU_FL_03_2012,2012,house,FL,3.0,0,0,"GAILLOT, JACQUES RENE (J.R.)",D,"YOHO, THEODORE SCOTT (TED)",102468.0,204331.0,8870.0,315669.0,33.4,1,R,,,1,1,1,1,2.81,"DODDS, PHILIP (PHIL)",I,2.81,0,-13.01,old course file (PS9 2012 values),0.0
HOU_FL_04_2012,2012,house,FL,4.0,0,0,,,"CRENSHAW, ANDER M.",0.0,239988.0,75236.0,315224.0,,0,R,R,"CRENSHAW, ANDER M.",0,0,1,1,23.87,"KLAUDER, JAMES R. (JIM)",I,23.87,0,-19.209999,old course file (PS9 2012 values),0.0
HOU_FL_05_2012,2012,house,FL,5.0,0,0,"BROWN, CORRINE",D,"KOLB, EUNA LEANNE",190472.0,70700.0,7978.0,269150.0,72.93,1,D,D,"BROWN, CORRINE",0,1,1,1,2.96,"FLEMING, EILEEN",I,2.96,0,18.389999,old course file (PS9 2012 values),0.0
HOU_FL_06_2012,2012,house,FL,6.0,0,0,"BEAVEN, HEATHER MAURINE",D,"DESANTIS, RONALD D. (RON)",146489.0,195962.0,0.0,342451.0,42.78,1,R,,,1,1,1,0,0.0,,,,0,-6.79,old course file (PS9 2012 values),0.0
HOU_FL_07_2012,2012,house,FL,7.0,0,0,"KENDALL, JASON H.",D,"MICA, JOHN L.",130479.0,185518.0,0.0,315997.0,41.29,1,R,R,"MICA, JOHN L.",0,1,1,0,0.0,,,,0,-4.46,old course file (PS9 2012 values),0.0
HOU_FL_08_2012,2012,house,FL,8.0,0,0,"ROBERTS, C. SHANNON",D,"POSEY, WILLIAM (BILL)",130870.0,205432.0,12607.0,348909.0,38.91,1,R,R,"POSEY, WILLIAM (BILL)",0,1,1,1,3.61,"GILLMOR, RICHARD H.",I,3.61,0,-8.8400002,old course file (PS9 2012 values),0.0
HOU_FL_09_2012,2012,house,FL,9.0,0,0,"GRAYSON, ALAN MARK",D,"LONG, WILLIAM TODD",164891.0,98856.0,0.0,263747.0,62.52,1,D,,,1,1,1,0,0.0,,,,0,5.23,old course file (PS9 2012 values),0.0
HOU_FL_10_2012,2012,house,FL,10.0,0,0,"DEMINGS, VALDEZ B. (VAL)",D,"WEBSTER, DANIEL A. (DAN)",153574.0,164649.0,0.0,318223.0,48.26,1,R,R,"WEBSTER, DANIEL A. (DAN)",0,1,1,0,0.0,,,,0,-6.3699999,old course file (PS9 2012 values),0.0
HOU_FL_11_2012,2012,house,FL,11.0,0,0,"WERDER, H. DAVID (DAVE)",D,"NUGENT, RICHARD B. (RICH)",120303.0,218360.0,0.0,338663.0,35.52,1,R,R,"NUGENT, RICHARD B. (RICH)",0,1,1,0,0.0,,,,0,-9.1599998,old course file (PS9 2012 values),0.0
HOU_FL_12_2012,2012,house,FL,12.0,0,0,"SNOW, JONATHAN MICHAEL (JOHNNY SNOW)",D,"BILIRAKIS, GUS MICHAEL",108770.0,209604.0,11793.0,330167.0,34.16,1,R,R,"BILIRAKIS, GUS MICHAEL",0,1,1,2,3.57,"RUSSELL, JOHN TIMOTHY",I,2.08,0,-6.23,old course file (PS9 2012 values),0.0
HOU_FL_13_2012,2012,house,FL,13.0,0,0,"EHRLICH, JESSICA D.",D,"YOUNG, C.W. (BILL)",139742.0,189605.0,0.0,329347.0,42.43,1,R,R,"YOUNG, C.W. (BILL)",0,1,1,0,0.0,,,,0,-1.48,old course file (PS9 2012 values),0.0
HOU_FL_14_2012,2012,house,FL,14.0,0,0,"CASTOR, KATHERINE ANNE (KATHY)",D,"OTERO, EVELIO J. (E.J.)",197121.0,83480.0,0.0,280601.0,70.25,1,D,D,"CASTOR, KATHERINE ANNE (KATHY)",0,1,1,0,0.0,,,,0,11.63,old course file (PS9 2012 values),0.0
HOU_FL_15_2012,2012,house,FL,15.0,0,0,,,"ROSS, DENNIS ALAN",0.0,0.0,0.0,0.0,,0,R,R,"ROSS, DENNIS ALAN",0,0,1,0,,,,,0,-7.6999998,old course file (PS9 2012 values),0.0
HOU_FL_16_2012,2012,house,FL,16.0,0,0,"FITZGERALD, KEITH",D,"BUCHANAN, VERNON (VERN)",161929.0,187147.0,0.0,349076.0,46.39,1,R,R,"BUCHANAN, VERNON (VERN)",0,1,1,0,0.0,,,,0,-4.8299999,old course file (PS9 2012 values),0.0
HOU_FL_17_2012,2012,house,FL,17.0,0,0,"BRONSON, WILLIAM E. (WILL)",D,"ROONEY, THOMAS J. (TOM)",116766.0,165488.0,0.0,282254.0,41.37,1,R,R,"ROONEY, THOMAS J. (TOM)",0,1,1,0,0.0,,,,0,-9.8699999,old course file (PS9 2012 values),0.0
HOU_FL_18_2012,2012,house,FL,18.0,0,0,"MURPHY, PATRICK ERIN",D,"WEST, ALLEN B.",166257.0,164353.0,0.0,330610.0,50.29,1,D,R,"WEST, ALLEN B.",0,1,1,0,0.0,,,,0,-1.5599999,old course file (PS9 2012 values),0.0
HOU_FL_19_2012,2012,house,FL,19.0,0,0,"ROACH, JAMES LLOYD",D,"RADEL, HENRY J. (TREY), III",109746.0,189833.0,6637.0,306216.0,36.63,1,R,,,1,1,1,1,2.17,"SMITH, BRANDON",I,2.17,0,-10.96,old course file (PS9 2012 values),0.0
HOU_FL_20_2012,2012,house,FL,20.0,0,0,"HASTINGS, ALCEE LAMAR",D,,214727.0,0.0,29553.0,244280.0,,0,D,D,"HASTINGS, ALCEE LAMAR",0,1,0,1,12.1,"TERRY, RANDALL A.",I,12.1,0,27.780001,old course file (PS9 2012 values),0.0
HOU_FL_21_2012,2012,house,FL,21.0,0,0,"DEUTCH, THEODORE ELIOT (TED)",D,,221263.0,0.0,63137.0,284400.0,,0,D,D,"DEUTCH, THEODORE ELIOT (TED)",0,1,0,2,22.2,"TROUT, W. MICHAEL (MIKE)",I,13.28,0,11.22,old course file (PS9 2012 values),0.0
HOU_FL_22_2012,2012,house,FL,22.0,0,0,"FRANKEL, LOIS JANE",D,"HASNER, ADAM",171021.0,142050.0,0.0,313071.0,54.63,1,D,,,1,1,1,0,0.0,,,,0,4.4200001,old course file (PS9 2012 values),0.0
HOU_FL_23_2012,2012,house,FL,23.0,0,0,"WASSERMAN SCHULTZ, DEBBIE",D,"HARRINGTON, KAREN",174205.0,98096.0,3129.0,275430.0,63.98,1,D,D,"WASSERMAN SCHULTZ, DEBBIE",0,1,1,1,1.14,"KATZ, ILYA",I,1.14,0,8.8999996,old course file (PS9 2012 values),0.0
HOU_FL_24_2012,2012,house,FL,24.0,0,0,"WILSON, FREDERICA S. (FREDDI)",,,0.0,0.0,0.0,0.0,,0,D,D,"WILSON, FREDERICA S. (FREDDI)",0,1,0,0,,,,,0,32.57,old course file (PS9 2012 values),0.0
HOU_FL_25_2012,2012,house,FL,25.0,0,0,,,"DIAZ-BALART, MARIO",0.0,151466.0,48763.0,200229.0,,0,R,R,"DIAZ-BALART, MARIO",0,0,1,2,24.35,"BLUMENTHAL, STANLEY",I,15.81,0,-7.25,old course file (PS9 2012 values),0.0
HOU_FL_26_2012,2012,house,FL,26.0,0,0,"GARCIA, JOE",D,"RIVERA, DAVID",135694.0,108820.0,8443.0,252957.0,55.5,1,D,R,"RIVERA, DAVID",0,1,1,2,3.34,"FERNANDEZ, ANGEL",I,2.26,0,-3.3399999,old course file (PS9 2012 values),0.0
HOU_FL_27_2012,2012,house,FL,27.0,0,0,"YEVANCEY, MANNY",D,"ROS-LEHTINEN, ILEANA",85020.0,138488.0,6663.0,230171.0,38.04,1,R,R,"ROS-LEHTINEN, ILEANA",0,1,1,1,2.89,"CRUZ-WIGGINS, THOMAS JOE",I,2.89,0,-4.9299998,old course file (PS9 2012 values),0.0
HOU_GA_01_2012,2012,house,GA,1.0,0,0,"MESSINGER, LESLI RAE",D,"KINGSTON, JOHN HEDDENS (JACK)",92399.0,157181.0,0.0,249580.0,37.02,1,R,R,"KINGSTON, JOHN HEDDENS (JACK)",0,1,1,0,0.0,,,,0,-9.080975573397549,2008 only; 2020 lines (Daily Kos),0.0
HOU_GA_02_2012,2012,house,GA,2.0,0,0,"BISHOP, SANFORD DIXON, JR.",D,"HOUSE, JOHN M.",162751.0,92410.0,0.0,255161.0,63.78,1,D,D,"BISHOP, SANFORD DIXON, JR.",0,1,1,0,0.0,,,,0,4.407296601575361,2008 only; 2020 lines (Daily Kos),0.0
HOU_GA_03_2012,2012,house,GA,3.0,0,0,,,"WESTMORELAND, LYNN A.",0.0,232380.0,0.0,232380.0,,0,R,R,"WESTMORELAND, LYNN A.",0,0,1,0,0.0,,,,0,-19.560079715178603,2008 only; 2020 lines (Daily Kos),0.0
HOU_GA_04_2012,2012,house,GA,4.0,0,0,"JOHNSON, HENRY C. (HANK), JR.",D,"VAUGHN, JEFFERY CHRIS",208861.0,76041.0,0.0,284902.0,73.31,1,D,D,"JOHNSON, HENRY C. (HANK), JR.",0,1,1,0,0.0,,,,0,19.81029246164564,2008 only; 2020 lines (Daily Kos),0.0
HOU_GA_05_2012,2012,house,GA,5.0,0,0,"LEWIS, JOHN ROBERT",D,"STOPECK, HOWARD LEONARD",234330.0,43335.0,0.0,277665.0,84.39,1,D,D,"LEWIS, JOHN ROBERT",0,1,1,0,0.0,,,,0,31.11367590059103,2008 only; 2020 lines (Daily Kos),0.0
HOU_GA_06_2012,2012,house,GA,6.0,0,0,"KAZANOW, JEFFREY H. (JEFF)",D,"PRICE, THOMAS EDMUNDS (TOM)",104365.0,189669.0,0.0,294034.0,35.49,1,R,R,"PRICE, THOMAS EDMUNDS (TOM)",0,1,1,0,0.0,,,,0,-13.3194139231244,2008 only; 2020 lines (Daily Kos),0.0
HOU_GA_07_2012,2012,house,GA,7.0,0,0,"REILLY, STEVEN M. (STEVE)",D,"WOODALL, W. ROBERT (ROB)",95377.0,156689.0,0.0,252066.0,37.84,1,R,R,"WOODALL, W. ROBERT (ROB)",0,1,1,0,0.0,,,,0,-14.337424003900878,2008 only; 2020 lines (Daily Kos),0.0
HOU_GA_08_2012,2012,house,GA,8.0,0,0,,,"SCOTT, AUSTIN",0.0,197789.0,0.0,197789.0,,0,R,R,"SCOTT, AUSTIN",0,0,1,0,0.0,,,,0,-15.725312387271783,2008 only; 2020 lines (Daily Kos),0.0
HOU_GA_09_2012,2012,house,GA,9.0,0,0,"COOLEY, JOSEPH DILLARD (JODY), III",D,"COLLINS, DOUGLAS ALLEN (DOUG)",60052.0,192101.0,0.0,252153.0,23.82,1,R,,,1,1,1,0,0.0,,,,0,-29.23392256565841,2008 only; 2020 lines (Daily Kos),0.0
HOU_GA_10_2012,2012,house,GA,10.0,0,0,,,"BROUN, PAUL COLLINS",0.0,211065.0,0.0,211065.0,,0,R,R,"BROUN, PAUL COLLINS",0,0,1,0,0.0,,,,0,-14.669490189598006,2008 only; 2020 lines (Daily Kos),0.0
HOU_GA_11_2012,2012,house,GA,11.0,0,0,"THOMPSON, JOHN PATRICK",D,"GINGREY, JOHN PHILLIP (PHIL)",90353.0,196968.0,0.0,287321.0,31.45,1,R,R,"GINGREY, JOHN PHILLIP (PHIL)",0,1,1,0,0.0,,,,0,-18.744749587914583,2008 only; 2020 lines (Daily Kos),0.0
HOU_GA_12_2012,2012,house,GA,12.0,0,0,"BARROW, JOHN J.",D,"ANDERSON, LEE I.",139148.0,119973.0,0.0,259121.0,53.7,1,D,D,"BARROW, JOHN J.",0,1,1,0,0.0,,,,0,-9.648982104601444,2008 only; 2020 lines (Daily Kos),0.0
HOU_GA_13_2012,2012,house,GA,13.0,0,0,"SCOTT, DAVID ALBERT",D,"MALIK, SASHID",201988.0,79550.0,0.0,281538.0,71.74,1,D,D,"SCOTT, DAVID ALBERT",0,1,1,0,0.0,,,,0,13.723482644583171,2008 only; 2020 lines (Daily Kos),0.0
HOU_GA_14_2012,2012,house,GA,14.0,0,0,"GRANT, DANIEL FRANK",D,"GRAVES, JOHN THOMAS (TOM), JR.",59245.0,159947.0,0.0,219192.0,27.03,1,R,R,"GRAVES, JOHN THOMAS (TOM), JR.",0,1,1,0,0.0,,,,0,-25.614395482194297,2008 only; 2020 lines (Daily Kos),0.0
HOU_HI_01_2012,2012,house,HI,1.0,0,0,"HANABUSA, COLLEEN WAKAKO",D,"DJOU, CHARLES KONG",116505.0,96824.0,0.0,213329.0,54.61,1,D,D,"HANABUSA, COLLEEN WAKAKO",0,1,1,0,0.0,,,,0,17.51332906852453,2008 only; 2020 lines (Daily Kos),0.0
HOU_HI_02_2012,2012,house,HI,2.0,0,0,"GABBARD, TULSI",D,"CROWLEY, DAVID (KAWIKA)",168503.0,40707.0,0.0,209210.0,80.54,1,D,,,1,1,1,0,0.0,,,,0,20.87530226534059,2008 only; 2020 lines (Daily Kos),0.0
HOU_IA_01_2012,2012,house,IA,1.0,0,0,"BRALEY, BRUCE L.",D,"LANGE, BENJAMIN M. (BEN)",222422.0,162465.0,5703.0,390590.0,57.79,1,D,D,"BRALEY, BRUCE L.",0,1,1,2,1.46,"HUGHES, GREGORY JAMES",I,1.22,0,5.379874164080222,2008 only; 2020 lines (Daily Kos),0.0
HOU_IA_02_2012,2012,house,IA,2.0,0,0,"LOEBSACK, DAVID WAYNE (DAVE)",D,"ARCHER, JOHN HENRY",211863.0,161977.0,7112.0,380952.0,56.67,1,D,D,"LOEBSACK, DAVID WAYNE (DAVE)",0,1,1,1,1.87,"AVERSA, ALAN",I,1.87,0,4.081964037489339,2008 only; 2020 lines (Daily Kos),0.0
HOU_IA_03_2012,2012,house,IA,3.0,0,0,"BOSWELL, LEONARD LEROY",D,"LATHAM, THOMAS P. (TOM)",168321.0,202000.0,15638.0,385959.0,45.45,1,R,D/R,"BOSWELL, LEONARD LEROY; LATHAM, THOMAS P. (TOM)",0,1,1,2,4.05,"BATCHER, SCOTT G.",I,2.42,0,-0.6521591115861813,2008 only; 2020 lines (Daily Kos),0.0
HOU_IA_04_2012,2012,house,IA,4.0,0,0,"VILSACK, CHRISTIE",D,"KING, STEVEN A. (STEVE)",169470.0,200063.0,8124.0,377657.0,45.86,1,R,R,"KING, STEVEN A. (STEVE)",0,1,1,1,2.15,"MONROE, MARTIN JAMES",I,2.15,0,-4.6368073502012495,2008 only; 2020 lines (Daily Kos),0.0
HOU_ID_01_2012,2012,house,ID,1.0,0,0,"FARRIS, JAMES R. (JIMMY)",D,"LABRADOR, RAUL RAFAEL",97450.0,199402.0,12265.0,309117.0,32.83,1,R,R,"LABRADOR, RAUL RAFAEL",0,1,1,1,3.97,"OATES, ROB",Lbt,3.97,0,-17.791338480139558,2008 only; 2020 lines (Daily Kos),0.0
HOU_ID_02_2012,2012,house,ID,2.0,0,0,"LEFAVOUR, NICOLE",D,"SIMPSON, MICHAEL K. (MIKE)",110847.0,207412.0,0.0,318259.0,34.83,1,R,R,"SIMPSON, MICHAEL K. (MIKE)",0,1,1,0,0.0,,,,0,-15.783854584020071,2008 only; 2020 lines (Daily Kos),0.0
HOU_IL_01_2012,2012,house,IL,1.0,0,0,"RUSH, BOBBY LEE",D,"PELOQUIN, DONALD",236854.0,83989.0,0.0,320843.0,73.82,1,D,D,"RUSH, BOBBY LEE",0,1,1,0,0.0,,,,0,27.52906141653938,2008 only; 2020 lines (Daily Kos),0.0
HOU_IL_02_2012,2012,house,IL,2.0,0,0,"JACKSON, JESSE L., JR.",D,"WOODWORTH, BRIAN",188303.0,69115.0,0.0,257418.0,73.15,1,D,D,"JACKSON, JESSE L., JR.",0,1,1,0,0.0,,,,0,27.86266957974372,2008 only; 2020 lines (Daily Kos),0.0
HOU_IL_03_2012,2012,house,IL,3.0,0,0,"LIPINSKI, DANIEL WILLIAM (DAN)",D,"GRABOWSKI, RICHARD L.",168738.0,77653.0,0.0,246391.0,68.48,1,D,D,"LIPINSKI, DANIEL WILLIAM (DAN)",0,1,1,0,0.0,,,,0,5.2555711082490575,2008 only; 2020 lines (Daily Kos),0.0
HOU_IL_04_2012,2012,house,IL,4.0,0,0,"GUTIERREZ, LUIS V.",D,"CONCEPCION, HECTOR L.",133226.0,27279.0,0.0,160505.0,83.0,1,D,D,"GUTIERREZ, LUIS V.",0,1,1,0,0.0,,,,0,27.7913880704035,2008 only; 2020 lines (Daily Kos),0.0
HOU_IL_05_2012,2012,house,IL,5.0,0,0,"QUIGLEY, MICHAEL (MIKE)",D,"SCHMITT, DAN",177729.0,77289.0,15359.0,270377.0,69.69,1,D,D,"QUIGLEY, MICHAEL (MIKE)",0,1,1,1,5.68,"WADE, NANCY LYNN",Grn,5.68,0,17.06477758106336,2008 only; 2020 lines (Daily Kos),0.0
HOU_IL_06_2012,2012,house,IL,6.0,0,0,"COOLIDGE, LESLIE ANNE",D,"ROSKAM, PETER J.",132991.0,193138.0,0.0,326129.0,40.78,1,R,R,"ROSKAM, PETER J.",0,1,1,0,0.0,,,,0,-1.749818972937056,2008 only; 2020 lines (Daily Kos),0.0
HOU_IL_07_2012,2012,house,IL,7.0,0,0,"DAVIS, DANNY K.",D,"ZAK, RITA",242439.0,31466.0,12523.0,286428.0,88.51,1,D,D,"DAVIS, DANNY K.",0,1,1,1,4.37,"MONAGHAN, JOHN H.",I,4.37,0,36.2407963451109,2008 only; 2020 lines (Daily Kos),0.0
HOU_IL_08_2012,2012,house,IL,8.0,0,0,"DUCKWORTH, L. TAMMY",D,"WALSH, JOE",123206.0,101860.0,0.0,225066.0,54.74,1,D,R,"WALSH, JOE",0,1,1,0,0.0,,,,0,8.588063351245944,2008 only; 2020 lines (Daily Kos),0.0
HOU_IL_09_2012,2012,house,IL,9.0,0,0,"SCHAKOWSKY, JANICE D. (JAN)",D,"WOLFE, TIMOTHY C. (TIM)",194869.0,98924.0,0.0,293793.0,66.33,1,D,D,"SCHAKOWSKY, JANICE D. (JAN)",0,1,1,0,0.0,,,,0,15.604667769349136,2008 only; 2020 lines (Daily Kos),0.0
HOU_IL_10_2012,2012,house,IL,10.0,0,0,"SCHNEIDER, BRADLEY SCOTT (BRAD)",D,"DOLD, ROBERT JAMES (BOB), JR.",133890.0,130564.0,0.0,264454.0,50.63,1,D,R,"DOLD, ROBERT JAMES (BOB), JR.",0,1,1,0,0.0,,,,0,9.89434520046637,2008 only; 2020 lines (Daily Kos),0.0
HOU_IL_11_2012,2012,house,IL,11.0,0,0,"FOSTER, G. WILLIAM (BILL)",D,"BIGGERT, JUDY",148928.0,105348.0,0.0,254276.0,58.57,1,D,R,"BIGGERT, JUDY",0,1,1,0,0.0,,,,0,8.334158650209734,2008 only; 2020 lines (Daily Kos),0.0
HOU_IL_12_2012,2012,house,IL,12.0,0,0,"ENYART, WILLIAM L., JR.",D,"PLUMMER, JASON",157000.0,129902.0,17045.0,303947.0,54.72,1,D,,,1,1,1,1,5.61,"BRADSHAW, PAULA",Grn,5.61,0,1.891790502621582,2008 only; 2020 lines (Daily Kos),0.0
HOU_IL_13_2012,2012,house,IL,13.0,0,0,"GILL, DAVID MICHAEL (DOC GILL)",D,"DAVIS, RODNEY L.",136032.0,137034.0,21319.0,294385.0,49.82,1,R,,,1,1,1,1,7.24,"HARTMAN, JOHN R.",I,7.24,0,1.8768912417379653,2008 only; 2020 lines (Daily Kos),0.0
HOU_IL_14_2012,2012,house,IL,14.0,0,0,"ANDERSON, DENNIS",D,"HULTGREN, RANDALL M. (RANDY)",124351.0,177603.0,0.0,301954.0,41.18,1,R,R,"HULTGREN, RANDALL M. (RANDY)",0,1,1,0,0.0,,,,0,-2.530518820447092,2008 only; 2020 lines (Daily Kos),0.0
HOU_IL_15_2012,2012,house,IL,15.0,0,0,"MICHAEL, ANGELA",D,"SHIMKUS, JOHN MONDY",94162.0,205775.0,0.0,299937.0,31.39,1,R,R,"SHIMKUS, JOHN MONDY",0,1,1,0,0.0,,,,0,-10.197085862098366,2008 only; 2020 lines (Daily Kos),0.0
HOU_IL_16_2012,2012,house,IL,16.0,0,0,"ROHL, WANDA",D,"KINZINGER, ADAM",112301.0,181789.0,0.0,294090.0,38.19,1,R,R,"KINZINGER, ADAM",0,1,1,0,0.0,,,,0,-2.81088152962925,2008 only; 2020 lines (Daily Kos),0.0
HOU_IL_17_2012,2012,house,IL,17.0,0,0,"BUSTOS, CHERI",D,"SCHILLING, ROBERT TODD (BOBBY)",153519.0,134623.0,0.0,288142.0,53.28,1,D,R,"SCHILLING, ROBERT TODD (BOBBY)",0,1,1,0,0.0,,,,0,7.156269883615152,2008 only; 2020 lines (Daily Kos),0.0
HOU_IL_18_2012,2012,house,IL,18.0,0,0,"WATERWORTH, STEVE J.",D,"SCHOCK, AARON JON",85164.0,244467.0,0.0,329631.0,25.84,1,R,R,"SCHOCK, AARON JON",0,1,1,0,0.0,,,,0,-8.988990298680916,2008 only; 2020 lines (Daily Kos),0.0
HOU_IN_01_2012,2012,house,IN,1.0,0,0,"VISCLOSKY, PETER J. (PETE)",D,"PHELPS, JOEL JEFFREY",187743.0,91291.0,0.0,279034.0,67.28,1,D,D,"VISCLOSKY, PETER J. (PETE)",0,1,1,0,0.0,,,,0,10.119161709983016,2008 only; 2020 lines (Daily Kos),0.0
HOU_IN_02_2012,2012,house,IN,2.0,0,0,"MULLEN, BRENDAN B.",D,"WALORSKI, JACKIE SWIHART",130113.0,134033.0,8326.0,272472.0,49.26,1,R,,,1,1,1,1,3.06,"RUIZ, JOSEPH WAYNE (JOE)",Lbt,3.06,0,-3.6508458726953408,2008 only; 2020 lines (Daily Kos),0.0
HOU_IN_03_2012,2012,house,IN,3.0,0,0,"BOYD, KEVIN ROBERT",D,"STUTZMAN, MARLIN A.",92363.0,187872.0,0.0,280235.0,32.96,1,R,R,"STUTZMAN, MARLIN A.",0,1,1,0,0.0,,,,0,-10.340460921586883,2008 only; 2020 lines (Daily Kos),0.0
HOU_IN_04_2012,2012,house,IN,4.0,0,0,"NELSON, TARA E.",D,"ROKITA, THEODORE EDWARD (TODD)",93015.0,168688.0,10565.0,272268.0,35.54,1,R,R,"ROKITA, THEODORE EDWARD (TODD)",0,1,1,1,3.88,"GEHLHAUSEN, BENJAMIN J.",Lbt,3.88,0,-8.639585293880343,2008 only; 2020 lines (Daily Kos),0.0
HOU_IN_05_2012,2012,house,IN,5.0,0,0,"RESKE, SCOTT ERIC",D,"BROOKS, SUSAN W.",125347.0,194570.0,13442.0,333359.0,39.18,1,R,,,1,1,1,1,4.03,"REID, RICHARD ANDREW (CHARD)",Lbt,4.03,0,-6.82740612286315,2008 only; 2020 lines (Daily Kos),0.0
HOU_IN_06_2012,2012,house,IN,6.0,0,0,"BOOKOUT, BRADLEY T. (BRAD)",D,"MESSER, ALLEN LUCAS (LUKE)",96678.0,162613.0,15962.0,275253.0,37.29,1,R,,,1,1,1,1,5.8,"BELL, REX ALAN",Lbt,5.8,0,-9.531302817857023,2008 only; 2020 lines (Daily Kos),0.0
HOU_IN_07_2012,2012,house,IN,7.0,0,0,"CARSON, ANDRE D.",D,"MAY, CARLOS ANDREW",162122.0,95828.0,0.0,257950.0,62.85,1,D,D,"CARSON, ANDRE D.",0,1,1,0,0.0,,,,0,13.11791497242709,2008 only; 2020 lines (Daily Kos),0.0
HOU_IN_08_2012,2012,house,IN,8.0,0,0,"CROOKS, DAVID L. (DAVE)",D,"BUCSHON, LARRY D.",122325.0,151533.0,10134.0,283992.0,44.67,1,R,R,"BUCSHON, LARRY D.",0,1,1,1,3.57,"GADAU, BART",Lbt,3.57,0,-5.017100870238023,2008 only; 2020 lines (Daily Kos),0.0
HOU_IN_09_2012,2012,house,IN,9.0,0,0,"YODER, SHELLI",D,"YOUNG, TODD CHRISTOPHER",132848.0,165332.0,0.0,298180.0,44.55,1,R,R,"YOUNG, TODD CHRISTOPHER",0,1,1,0,0.0,,,,0,-7.024467033266091,2008 only; 2020 lines (Daily Kos),0.0
HOU_KS_01_2012,2012,house,KS,1.0,0,0,,,"HUELSKAMP, TIMOTHY (TIM)",0.0,211337.0,0.0,211337.0,,0,R,R,"HUELSKAMP, TIMOTHY (TIM)",0,0,1,0,0.0,,,,0,-22.193678450226685,2008 only; 2020 lines (Daily Kos),0.0
HOU_KS_02_2012,2012,house,KS,2.0,0,0,"SCHLINGENSIEPEN, TOBIAS",D,"JENKINS, LYNN M.",113735.0,167463.0,12521.0,293719.0,40.45,1,R,R,"JENKINS, LYNN M.",0,1,1,1,4.26,"HAWVER, DENNIS",Lbt,4.26,0,-7.619454301432688,2008 only; 2020 lines (Daily Kos),0.0
HOU_KS_03_2012,2012,house,KS,3.0,0,0,,,"YODER, KEVIN W.",0.0,201087.0,92675.0,293762.0,,0,R,R,"YODER, KEVIN W.",0,0,1,1,31.55,"BALAM, JOEL",Lbt,31.55,0,-4.344891315122884,2008 only; 2020 lines (Daily Kos),0.0
HOU_KS_04_2012,2012,house,KS,4.0,0,0,"TILLMAN, ROBERT LEON",D,"POMPEO, MICHAEL RICHARD (MIKE)",81770.0,161094.0,16058.0,258922.0,33.67,1,R,R,"POMPEO, MICHAEL RICHARD (MIKE)",0,1,1,1,6.2,"JEFFERSON, THOMAS",Lbt,6.2,0,-13.508014459536057,2008 only; 2020 lines (Daily Kos),0.0
HOU_KY_01_2012,2012,house,KY,1.0,0,0,"HATCHETT, CHARLES KENDALL",D,"WHITFIELD, WAYNE EDWARD (ED)",87199.0,199956.0,0.0,287155.0,30.37,1,R,R,"WHITFIELD, WAYNE EDWARD (ED)",0,1,1,0,0.0,,,,0,-16.331337013439096,2008 only; 2020 lines (Daily Kos),0.0
HOU_KY_02_2012,2012,house,KY,2.0,0,0,"WILLIAMS, DAVID LYNN",D,"GUTHRIE, STEVEN (BRETT)",89541.0,181508.0,11218.0,282267.0,33.03,1,R,R,"GUTHRIE, STEVEN (BRETT)",0,1,1,2,3.97,"BEACHAM, ANDREW R.",I,2.23,0,-16.09039894746198,2008 only; 2020 lines (Daily Kos),0.0
HOU_KY_03_2012,2012,house,KY,3.0,0,0,"YARMUTH, JOHN A.",D,"WICKER, SCOTT BROOKS, JR.",206385.0,111452.0,4819.0,322656.0,64.93,1,D,D,"YARMUTH, JOHN A.",0,1,1,1,1.49,"DEVORE, ROBERT L. (BOB), JR.",I,1.49,0,3.003737138840268,2008 only; 2020 lines (Daily Kos),0.0
HOU_KY_04_2012,2012,house,KY,4.0,0,0,"ADKINS, WILLIAM R. (BILL)",D,"MASSIE, THOMAS H.",104734.0,186036.0,8674.0,299444.0,36.02,1,R,,,1,1,1,1,2.9,"LEWIS, DAVID",I,2.9,0,-16.194711939576813,2008 only; 2020 lines (Daily Kos),0.0
HOU_KY_05_2012,2012,house,KY,5.0,0,0,"STEPP, KENNETH S. (KEN)",D,"ROGERS, HAROLD DALLAS (HAL)",55447.0,195408.0,0.0,250855.0,22.1,1,R,R,"ROGERS, HAROLD DALLAS (HAL)",0,1,1,0,0.0,,,,0,-21.609284620880537,2008 only; 2020 lines (Daily Kos),0.0
HOU_KY_06_2012,2012,house,KY,6.0,0,0,"CHANDLER, ALBERT (BEN), III",D,"BARR, GARLAND (ANDY)",141438.0,153222.0,8340.0,303000.0,48.0,1,R,D,"CHANDLER, ALBERT (BEN), III",0,1,1,1,2.75,"VANCE, RANDOLPH S.",I,2.75,0,-8.269884905341318,2008 only; 2020 lines (Daily Kos),0.0
HOU_LA_01_2012,2012,house,LA,1.0,0,0,"MENDOZA, MANILLO V. (VINNY)",D,"SCALISE, STEPHEN J. (STEVE); KING, GARY",61703.0,218340.0,10367.0,290410.0,22.03,1,R,R,"SCALISE, STEPHEN J. (STEVE)",0,1,2,2,3.57,"TURKNETT, DAVID (TURK)",I,2.09,0,-27.91793953139025,2008 only; 2020 lines (Daily Kos),0.0
HOU_LA_02_2012,2012,house,LA,2.0,0,0,"RICHMOND, CEDRIC L.; LANDRIEU, GARY",D,"BAILEY, DWAYNE; LAROSE, JOSUE",230417.0,50146.0,6791.0,287354.0,82.13,1,D,D,"RICHMOND, CEDRIC L.",0,2,2,1,2.36,"TROTTER, CALEB",Lbt,2.36,0,20.476294251976977,2008 only; 2020 lines (Daily Kos),0.0
HOU_LA_03_2012,2012,house,LA,3.0,0,0,,,"BOUSTANY, CHARLES W., JR.; LANDRY, JEFFREY M. (JEFF)",0.0,96587.0,0.0,96587.0,,0,R,R,"BOUSTANY, CHARLES W., JR.; LANDRY, JEFFREY M. (JEFF)",0,0,2,0,0.0,,,,1,-19.124783301778585,2008 only; 2020 lines (Daily Kos),0.0
HOU_LA_04_2012,2012,house,LA,4.0,0,0,,,"FLEMING, JOHN C., JR.",0.0,187894.0,61637.0,249531.0,,0,R,R,"FLEMING, JOHN C., JR.",0,0,1,1,24.7,"LORD, RANDALL",Lbt,24.7,0,-13.346645132421544,2008 only; 2020 lines (Daily Kos),0.0
HOU_LA_05_2012,2012,house,LA,5.0,0,0,,,"ALEXANDER, RODNEY M.",0.0,202536.0,57680.0,260216.0,,0,R,R,"ALEXANDER, RODNEY M.",0,0,1,2,22.17,"CAESAR, RON",I,14.41,0,-16.589797665850202,2008 only; 2020 lines (Daily Kos),0.0
HOU_LA_06_2012,2012,house,LA,6.0,0,0,,,"CASSIDY, WILLIAM (BILL)",0.0,243553.0,126320.0,369873.0,,0,R,R,"CASSIDY, WILLIAM (BILL)",0,0,1,4,34.15,"CRAIG, RUFUS HOLT CRAIG, JR.",Lbt,8.7,0,-22.36248181242757,2008 only; 2020 lines (Daily Kos),0.0
HOU_MA_01_2012,2012,house,MA,1.0,0,0,"NEAL, RICHARD E.",D,,261935.0,0.0,0.0,261935.0,,0,D,D,"NEAL, RICHARD E.",0,1,0,0,0.0,,,,0,11.76796770359977,2008 only; 2020 lines (Daily Kos),0.0
HOU_MA_02_2012,2012,house,MA,2.0,0,0,"MCGOVERN, JAMES P. (JIM)",D,,259257.0,0.0,0.0,259257.0,,0,D,D,"MCGOVERN, JAMES P. (JIM)",0,1,0,0,0.0,,,,0,7.986303653997606,2008 only; 2020 lines (Daily Kos),0.0
HOU_MA_03_2012,2012,house,MA,3.0,0,0,"TSONGAS, NICOLA S. (NIKI)",D,"GOLNIK, JONATHAN A. (JON)",212119.0,109375.0,0.0,321494.0,65.98,1,D,D,"TSONGAS, NICOLA S. (NIKI)",0,1,1,0,0.0,,,,0,6.13116047974126,2008 only; 2020 lines (Daily Kos),0.0
HOU_MA_04_2012,2012,house,MA,4.0,0,0,"KENNEDY, JOSEPH P. (JOE), III",D,"BIELAT, SEAN D.M.",221303.0,129936.0,10741.0,361980.0,63.01,1,D,,,1,1,1,1,2.97,"ROSA, DAVID A. (DAVE)",I,2.97,0,7.647222908997008,2008 only; 2020 lines (Daily Kos),0.0
HOU_MA_05_2012,2012,house,MA,5.0,0,0,"MARKEY, EDWARD JOHN (ED)",D,"TIERNEY, THOMAS P. (TOM)",257490.0,82944.0,0.0,340434.0,75.64,1,D,D,"MARKEY, EDWARD JOHN (ED)",0,1,1,0,0.0,,,,0,13.568619072652366,2008 only; 2020 lines (Daily Kos),0.0
HOU_MA_06_2012,2012,house,MA,6.0,0,0,"TIERNEY, JOHN F.",D,"TISEI, RICHARD R.",180942.0,176612.0,16739.0,374293.0,50.61,1,D,D,"TIERNEY, JOHN F.",0,1,1,1,4.47,"FISHMAN, DANIEL",Lbt,4.47,0,4.115680922999465,2008 only; 2020 lines (Daily Kos),0.0
HOU_MA_07_2012,2012,house,MA,7.0,0,0,"CAPUANO, MICHAEL E. (MIKE)",D,,210794.0,0.0,41199.0,251993.0,,0,D,D,"CAPUANO, MICHAEL E. (MIKE)",0,1,0,1,16.35,"ROMERO, KARLA",I,16.35,0,29.31803611002628,2008 only; 2020 lines (Daily Kos),0.0
HOU_MA_08_2012,2012,house,MA,8.0,0,0,"LYNCH, STEPHEN F.",D,"SELVAGGI, JOE",263999.0,82242.0,0.0,346241.0,76.25,1,D,D,"LYNCH, STEPHEN F.",0,1,1,0,0.0,,,,0,5.022961207404886,2008 only; 2020 lines (Daily Kos),0.0
HOU_MA_09_2012,2012,house,MA,9.0,0,0,"KEATING, WILLIAM RICHARD (BILL)",D,"SHELDON, CHRISTOPHER D. (CHRIS)",212754.0,116531.0,32655.0,361940.0,64.61,1,D,D,"KEATING, WILLIAM RICHARD (BILL)",0,1,1,1,9.02,"BOTELHO, DANIEL S.",I,9.02,0,4.9486860976255205,2008 only; 2020 lines (Daily Kos),0.0
HOU_MD_01_2012,2012,house,MD,1.0,0,0,"ROSEN, WENDY W.",D,"HARRIS, ANDREW P. (ANDY)",92812.0,214204.0,27715.0,334731.0,30.23,1,R,R,"HARRIS, ANDREW P. (ANDY)",0,1,1,2,8.28,"LA FERLA, JOHN JAMES",Other,4.44,0,-14.594114166506008,2008 only; 2020 lines (Daily Kos),0.0
HOU_MD_02_2012,2012,house,MD,2.0,0,0,"RUPPERSBERGER, C.A. (DUTCH)",D,"JACOBS, NANCY CAMP",194088.0,92071.0,9344.0,295503.0,67.83,1,D,D,"RUPPERSBERGER, C.A. (DUTCH)",0,1,1,1,3.16,"DYMOWSKI, LEO WAYNE",Lbt,3.16,0,7.997281328758166,2008 only; 2020 lines (Daily Kos),0.0
HOU_MD_03_2012,2012,house,MD,3.0,0,0,"SARBANES, JOHN P.",D,"KNOWLES, ERIC DELANO",213747.0,94549.0,11028.0,319324.0,69.33,1,D,D,"SARBANES, JOHN P.",0,1,1,1,3.45,"DRGOS, PAUL W., JR.",Lbt,3.45,0,7.504151215235222,2008 only; 2020 lines (Daily Kos),0.0
HOU_MD_04_2012,2012,house,MD,4.0,0,0,"EDWARDS, DONNA F.",D,"LOUDON, FAITH M.",240385.0,64560.0,6204.0,311149.0,78.83,1,D,D,"EDWARDS, DONNA F.",0,1,1,1,1.99,"SOFFEN, SCOTT",Lbt,1.99,0,24.242987914288715,2008 only; 2020 lines (Daily Kos),0.0
HOU_MD_05_2012,2012,house,MD,5.0,0,0,"HOYER, STENY HAMILTON",D,"O'DONNELL, ANTHONY J. (TONY)",238618.0,95271.0,9543.0,343432.0,71.47,1,D,D,"HOYER, STENY HAMILTON",0,1,1,2,2.78,"AUERBACH, BOB SHIPLEY",Grn,1.47,0,12.16711626867275,2008 only; 2020 lines (Daily Kos),0.0
HOU_MD_06_2012,2012,house,MD,6.0,0,0,"DELANEY, JOHN K.",D,"BARTLETT, ROSCOE G.",181921.0,117313.0,9916.0,309150.0,60.8,1,D,R,"BARTLETT, ROSCOE G.",0,1,1,1,3.21,"MUELLER, NICKOLAUS",Lbt,3.21,0,3.4936700158523792,2008 only; 2020 lines (Daily Kos),0.0
HOU_MD_07_2012,2012,house,MD,7.0,0,0,"CUMMINGS, ELIJAH E.",D,"MIRABILE, FRANK CHARLES, JR.",247770.0,67405.0,8211.0,323386.0,78.61,1,D,D,"CUMMINGS, ELIJAH E.",0,1,1,1,2.54,"OWENS-BEY, RONALD M.",Lbt,2.54,0,23.50769488800403,2008 only; 2020 lines (Daily Kos),0.0
HOU_MD_08_2012,2012,house,MD,8.0,0,0,"VAN HOLLEN, CHRISTOPHER (CHRIS), JR.",D,"TIMMERMAN, KENNETH R. (KEN)",217531.0,113033.0,12299.0,342863.0,65.81,1,D,D,"VAN HOLLEN, CHRISTOPHER (CHRIS), JR.",0,1,1,2,3.59,"GRANNIS, MARK ANDREW",Lbt,2.11,0,10.081229911690004,2008 only; 2020 lines (Daily Kos),0.0
HOU_ME_01_2012,2012,house,ME,1.0,0,0,"PINGREE, ROCHELLE M. (CHELLIE)",D,"COURTNEY, JONATHAN T.E. (JON)",236363.0,128440.0,0.0,364803.0,64.79,1,D,D,"PINGREE, ROCHELLE M. (CHELLIE)",0,1,1,0,0.0,,,,0,8.039662782544898,2008 only; 2020 lines (Daily Kos),0.0
HOU_ME_02_2012,2012,house,ME,2.0,0,0,"MICHAUD, MICHAEL H. (MIKE)",D,"RAYE, KEVIN L.",191456.0,137542.0,0.0,328998.0,58.19,1,D,D,"MICHAUD, MICHAEL H. (MIKE)",0,1,1,0,0.0,,,,0,1.949874659311046,2008 only; 2020 lines (Daily Kos),0.0
HOU_MI_01_2012,2012,house,MI,1.0,0,0,"MCDOWELL, GARY J.",D,"BENISHEK, DANIEL J. (DAN)",165179.0,167060.0,14798.0,347037.0,49.72,1,R,R,"BENISHEK, DANIEL J. (DAN)",0,1,1,2,4.26,"SALVETTE, EMILY",Lbt,3.06,0,-3.114547018748026,2008 only; 2020 lines (Daily Kos),0.0
HOU_MI_02_2012,2012,house,MI,2.0,0,0,"GERMAN, WILLIE, JR.",D,"HUIZENGA, WILLIAM P. (BILL)",108973.0,194653.0,14641.0,318267.0,35.89,1,R,R,"HUIZENGA, WILLIAM P. (BILL)",0,1,1,3,4.6,"BUZUMA, MARY",Lbt,2.75,0,-4.945281452850658,2008 only; 2020 lines (Daily Kos),0.0
HOU_MI_03_2012,2012,house,MI,3.0,0,0,"PESTKA, STEVE",D,"AMASH, JUSTIN",144108.0,171675.0,10498.0,326281.0,45.64,1,R,R,"AMASH, JUSTIN",0,1,1,1,3.22,"GELINEAU, BILL",Lbt,3.22,0,-3.230677142796945,2008 only; 2020 lines (Daily Kos),0.0
HOU_MI_04_2012,2012,house,MI,4.0,0,0,"WIRTH, DEBRA FREIDELL",D,"CAMP, DAVID LEE (DAVE)",104996.0,197386.0,10567.0,312949.0,34.72,1,R,R,"CAMP, DAVID LEE (DAVE)",0,1,1,3,3.38,"GELINEAU, JOHN",Lbt,1.37,0,-3.236214535352111,2008 only; 2020 lines (Daily Kos),0.0
HOU_MI_05_2012,2012,house,MI,5.0,0,0,"KILDEE, DANIEL TIMOTHY (DAN)",D,"SLEZAK, JAMES (JIM)",214531.0,103931.0,11684.0,330146.0,67.36,1,D,,,1,1,1,2,3.54,"DAVENPORT, DAVID",I,2.03,0,10.29639596819858,2008 only; 2020 lines (Daily Kos),0.0
HOU_MI_06_2012,2012,house,MI,6.0,0,0,"O'BRIEN, MICHAEL DENNIS (MIKE)",D,"UPTON, FREDERICK STEPHEN (FRED)",136563.0,174955.0,8957.0,320475.0,43.84,1,R,R,"UPTON, FREDERICK STEPHEN (FRED)",0,1,1,2,2.79,"GELINEAU, CHRISTIE",Lbt,1.99,0,0.2569970503310759,2008 only; 2020 lines (Daily Kos),0.0
HOU_MI_07_2012,2012,house,MI,7.0,0,0,"HASKELL, KURT RICHARD",D,"WALBERG, TIMOTHY L. (TIM)",136849.0,169668.0,11552.0,318069.0,44.65,1,R,R,"WALBERG, TIMOTHY L. (TIM)",0,1,1,2,3.63,"PROCTOR, KENNETH L. (KEN)",Lbt,2.54,0,-2.0389978860827607,2008 only; 2020 lines (Daily Kos),0.0
HOU_MI_08_2012,2012,house,MI,8.0,0,0,"ENDERLE, LANCE L.",D,"ROGERS, MICHAEL J. (MIKE)",128657.0,202217.0,14180.0,345054.0,38.88,1,R,R,"ROGERS, MICHAEL J. (MIKE)",0,1,1,2,4.11,"GOEBEL, DANIEL",Lbt,2.34,0,-0.9009970005071866,2008 only; 2020 lines (Daily Kos),0.0
HOU_MI_09_2012,2012,house,MI,9.0,0,0,"LEVIN, SANDER M. (SANDY)",D,"VOLARIC, DONALD CECIL (DON)",208846.0,114760.0,8220.0,331826.0,64.54,1,D,D,"LEVIN, SANDER M. (SANDY)",0,1,1,3,2.48,"WILLIAMS, JULIA A.",Grn,1.42,0,5.408677968506048,2008 only; 2020 lines (Daily Kos),0.0
HOU_MI_10_2012,2012,house,MI,10.0,0,0,"STADLER, CHUCK",D,"MILLER, CANDICE S.",97734.0,226075.0,4803.0,328612.0,30.18,1,R,R,"MILLER, CANDICE S.",0,1,1,1,1.46,"DASHAIRYA, BHAGWAN (BOB)",Lbt,1.46,0,-4.803635319716437,2008 only; 2020 lines (Daily Kos),0.0
HOU_MI_11_2012,2012,house,MI,11.0,0,0,"TAJ, SYED",D,"BENTIVOLIO, KERRY",158879.0,181788.0,17457.0,358124.0,46.64,1,R,,,1,1,1,3,4.87,"TATAR, JOHN J.",Lbt,2.69,0,-2.820380044795268,2008 only; 2020 lines (Daily Kos),0.0
HOU_MI_12_2012,2012,house,MI,12.0,0,0,"DINGELL, JOHN DAVID, JR.",D,"KALLGREN, CYNTHIA",216884.0,92472.0,9867.0,319223.0,70.11,1,D,D,"DINGELL, JOHN DAVID, JR.",0,1,1,1,3.09,"SECULA, RICHARD J. (RICK)",Lbt,3.09,0,14.2907213569919,2008 only; 2020 lines (Daily Kos),0.0
HOU_MI_13_2012,2012,house,MI,13.0,0,0,"CONYERS, JOHN, JR.",D,"SAWICKI, HARRY",235336.0,38769.0,10165.0,284270.0,85.86,1,D,D,"CONYERS, JOHN, JR.",0,1,1,2,3.58,"SHARER, CHRIS",Lbt,2.14,0,31.90540693670397,2008 only; 2020 lines (Daily Kos),0.0
HOU_MI_14_2012,2012,house,MI,14.0,0,0,"PETERS, GARY C.",D,"HAULER, JOHN R.",270450.0,51395.0,6947.0,328792.0,84.03,1,D,D,"PETERS, GARY C.",0,1,1,2,2.11,"SCHWARTZ, LEONARD C.",Lbt,1.21,0,28.99271220021228,2008 only; 2020 lines (Daily Kos),0.0
HOU_MN_01_2012,2012,house,MN,1.0,0,0,"WALZ, TIMOTHY J. (TIM)",D,"QUIST, ALLEN J.",193211.0,142164.0,0.0,335375.0,57.61,1,D,D,"WALZ, TIMOTHY J. (TIM)",0,1,1,0,0.0,,,,0,-1.6493463020639032,2008 only; 2020 lines (Daily Kos),0.0
HOU_MN_02_2012,2012,house,MN,2.0,0,0,"OBERMUELLER, MICHAEL E. (MIKE)",D,"KLINE, JOHN PAUL, JR.",164338.0,193587.0,0.0,357925.0,45.91,1,R,R,"KLINE, JOHN PAUL, JR.",0,1,1,0,0.0,,,,0,-2.303812325227683,2008 only; 2020 lines (Daily Kos),0.0
HOU_MN_03_2012,2012,house,MN,3.0,0,0,"BARNES, BRIAN PATRICK",D,"PAULSEN, ERIK",159937.0,222335.0,0.0,382272.0,41.84,1,R,R,"PAULSEN, ERIK",0,1,1,0,0.0,,,,0,-1.909914511058341,2008 only; 2020 lines (Daily Kos),0.0
HOU_MN_04_2012,2012,house,MN,4.0,0,0,"MCCOLLUM, BETTY",D,"HERNANDEZ, ANTHONY J. (TONY)",216685.0,109659.0,21135.0,347479.0,66.4,1,D,D,"MCCOLLUM, BETTY",0,1,1,1,6.08,"CARLSON, STEPHEN W. (STEVE)",I,6.08,0,10.03334635727855,2008 only; 2020 lines (Daily Kos),0.0
HOU_MN_05_2012,2012,house,MN,5.0,0,0,"ELLISON, KEITH MAURICE",D,"FIELDS, CHRIS",262102.0,88753.0,0.0,350855.0,74.7,1,D,D,"ELLISON, KEITH MAURICE",0,1,1,0,0.0,,,,0,21.2100588112759,2008 only; 2020 lines (Daily Kos),0.0
HOU_MN_06_2012,2012,house,MN,6.0,0,0,"GRAVES, JAMES JOSEPH (JIM)",D,"BACHMANN, MICHELE",174944.0,179240.0,0.0,354184.0,49.39,1,R,R,"BACHMANN, MICHELE",0,1,1,0,0.0,,,,0,-9.629530017205212,2008 only; 2020 lines (Daily Kos),0.0
HOU_MN_07_2012,2012,house,MN,7.0,0,0,"PETERSON, COLLIN CLARK",D,"BYBERG, LEE",197791.0,114151.0,15298.0,327240.0,63.41,1,D,D,"PETERSON, COLLIN CLARK",0,1,1,1,4.67,"STEELE, ADAM",I,4.67,0,-5.430404612676104,2008 only; 2020 lines (Daily Kos),0.0
HOU_MN_08_2012,2012,house,MN,8.0,0,0,"NOLAN, RICHARD MICHAEL (RICK)",D,"CRAVAACK, RAYMOND J. (CHIP)",191976.0,160520.0,0.0,352496.0,54.46,1,D,R,"CRAVAACK, RAYMOND J. (CHIP)",0,1,1,0,0.0,,,,0,0.5856298782389247,2008 only; 2020 lines (Daily Kos),0.0
HOU_MO_01_2012,2012,house,MO,1.0,0,0,"CLAY, WILLIAM LACY (BILL), JR.",D,"HAMLIN, ROBYN L.",267927.0,60832.0,11824.0,340583.0,81.5,1,D,D,"CLAY, WILLIAM LACY (BILL), JR.",0,1,1,1,3.47,"CUNNINGHAM, ROBB E.",Lbt,3.47,0,27.393243047402503,2008 only; 2020 lines (Daily Kos),0.0
HOU_MO_02_2012,2012,house,MO,2.0,0,0,"KOENEN, GLENN MICHAEL",D,"WAGNER, ANN L.",146272.0,236971.0,9193.0,392436.0,38.17,1,R,,,1,1,1,1,2.34,"SLANTZ, BILL",Lbt,2.34,0,-6.921419336391432,2008 only; 2020 lines (Daily Kos),0.0
HOU_MO_03_2012,2012,house,MO,3.0,0,0,"MAYER, ERIC C.",D,"LUETKEMEYER, W. BLAINE",111189.0,214843.0,12352.0,338384.0,34.1,1,R,R,"LUETKEMEYER, W. BLAINE",0,1,1,1,3.65,"WILSON, STEVEN (STEVE)",Lbt,3.65,0,-10.375264517118003,2008 only; 2020 lines (Daily Kos),0.0
HOU_MO_04_2012,2012,house,MO,4.0,0,0,"HENSLEY, TERESA",D,"HARTZLER, VICKY J.",113120.0,192237.0,10407.0,315764.0,37.05,1,R,R,"HARTZLER, VICKY J.",0,1,1,1,3.3,"HOLBROOK, THOMAS",Lbt,3.3,0,-11.188914265692771,2008 only; 2020 lines (Daily Kos),0.0
HOU_MO_05_2012,2012,house,MO,5.0,0,0,"CLEAVER, EMANUEL, II",D,"TURK, JACOB",200290.0,122149.0,8497.0,330936.0,62.12,1,D,D,"CLEAVER, EMANUEL, II",0,1,1,1,2.57,"LANGKRAEHR, RANDALL DAVID (RANDY)",Lbt,2.57,0,9.007328118433144,2008 only; 2020 lines (Daily Kos),0.0
HOU_MO_06_2012,2012,house,MO,6.0,0,0,"YARBER, KYLE",D,"GRAVES, SAMUEL B. (SAM), JR.",108503.0,216906.0,8279.0,333688.0,33.34,1,R,R,"GRAVES, SAMUEL B. (SAM), JR.",0,1,1,1,2.48,"MONCHIL, RUSS LEE",Lbt,2.48,0,-9.972932035611198,2008 only; 2020 lines (Daily Kos),0.0
HOU_MO_07_2012,2012,house,MO,7.0,0,0,"EVANS, JAMES S. (JIM)",D,"LONG, BILLY",98498.0,203565.0,16668.0,318731.0,32.61,1,R,R,"LONG, BILLY",0,1,1,1,5.23,"CRAIG, KEVIN",Lbt,5.23,0,-17.87187154977314,2008 only; 2020 lines (Daily Kos),0.0
HOU_MO_08_2012,2012,house,MO,8.0,0,0,"RUSHIN, JACK D.",D,"EMERSON, JO ANN",73755.0,216083.0,10553.0,300391.0,25.45,1,R,R,"EMERSON, JO ANN",0,1,1,1,3.51,"VANDEVEN, RICK",Lbt,3.51,0,-14.777356876880376,2008 only; 2020 lines (Daily Kos),0.0
HOU_MS_01_2012,2012,house,MS,1.0,0,0,"MORRIS, BRAD",D,"NUNNELEE, PATRICK ALAN",114076.0,186760.0,8341.0,309177.0,37.92,1,R,R,"NUNNELEE, PATRICK ALAN",0,1,1,3,2.7,"BEDWELL, DANNY",Lbt,1.16,0,-16.844704017997437,2008 only; 2020 lines (Daily Kos),0.0
HOU_MS_02_2012,2012,house,MS,2.0,0,0,"THOMPSON, BENNIE G.",D,"MARCY, WILLIAM LOUIS (BILL)",214978.0,99160.0,6106.0,320244.0,68.43,1,D,D,"THOMPSON, BENNIE G.",0,1,1,2,1.91,"WILLIAMS, COBBY MONDALE",I,1.44,0,10.802223735232175,2008 only; 2020 lines (Daily Kos),0.0
HOU_MS_03_2012,2012,house,MS,3.0,0,0,,,"HARPER, GREGG",0.0,234707.0,58605.0,293312.0,,0,R,R,"HARPER, GREGG",0,0,1,1,19.98,"PANNELL, JOHN",Other,19.98,0,-15.0759883397802,2008 only; 2020 lines (Daily Kos),0.0
HOU_MS_04_2012,2012,house,MS,4.0,0,0,"MOORE, MATTHEW R. (MATT)",D,"PALAZZO, STEVEN MCCARTY",82344.0,182998.0,20090.0,285432.0,31.03,1,R,R,"PALAZZO, STEVEN MCCARTY",0,1,1,2,7.04,"WILLIAMS, RONAND P. (RON)",Lbt,6.3,0,-22.387952480367705,2008 only; 2020 lines (Daily Kos),0.0
HOU_MT_01_2012,2012,house,MT,1.0,0,0,"GILLAN, KIM",D,"DAINES, STEVEN (STEVE)",204939.0,255468.0,19333.0,479740.0,44.51,1,R,,,1,1,1,1,4.03,"KAISER, DAVID",Lbt,4.03,0,-5.00206878412286,2008 only; 2020 lines (Daily Kos),0.0
HOU_NC_01_2012,2012,house,NC,1.0,0,0,"BUTTERFIELD, GEORGE K. (G.K.), JR.",D,"DILAURO, PETE",254644.0,77288.0,6134.0,338066.0,76.72,1,D,D,"BUTTERFIELD, GEORGE K. (G.K.), JR.",0,1,1,1,1.81,"HOLLOMAN, DARRYL",Lbt,1.81,0,16.969999,old course file (PS9 2012 values),0.0
HOU_NC_02_2012,2012,house,NC,2.0,0,0,"WILKINS, STEPHEN PATRICK (STEVE)",D,"ELLMERS, RENEE JACISIN",128973.0,174066.0,8358.0,311397.0,42.56,1,R,R,"ELLMERS, RENEE JACISIN",0,1,1,1,2.68,"IRVING, BRIAN",Lbt,2.68,0,-10.37,old course file (PS9 2012 values),0.0
HOU_NC_03_2012,2012,house,NC,3.0,0,0,"ANDERSON, ERIK STEVEN",D,"JONES, WALTER B., JR.",114314.0,195571.0,0.0,309885.0,36.89,1,R,R,"JONES, WALTER B., JR.",0,1,1,0,0.0,,,,0,-10.41,old course file (PS9 2012 values),0.0
HOU_NC_04_2012,2012,house,NC,4.0,0,0,"PRICE, DAVID EUGENE",D,"D'ANNUNZIO, TIMOTHY BRUCE (TIM)",259534.0,88951.0,0.0,348485.0,74.47,1,D,D,"PRICE, DAVID EUGENE",0,1,1,0,0.0,,,,0,18.17,old course file (PS9 2012 values),0.0
HOU_NC_05_2012,2012,house,NC,5.0,0,0,"MOTSINGER, ELISABETH MARIE",D,"FOXX, VIRGINIA ANN",148252.0,200945.0,0.0,349197.0,42.46,1,R,R,"FOXX, VIRGINIA ANN",0,1,1,0,0.0,,,,0,-11.57,old course file (PS9 2012 values),0.0
HOU_NC_06_2012,2012,house,NC,6.0,0,0,"FORIEST, ANTHONY E. (TONY)",D,"COBLE, JOHN HOWARD",142467.0,222116.0,0.0,364583.0,39.08,1,R,R,"COBLE, JOHN HOWARD",0,1,1,0,0.0,,,,0,-10.3,old course file (PS9 2012 values),0.0
HOU_NC_07_2012,2012,house,NC,7.0,0,0,"MCINTYRE, MIKE",D,"ROUZER, DAVID CHESTON",168697.0,168042.0,0.0,336739.0,50.1,1,D,D,"MCINTYRE, MIKE",0,1,1,0,0.0,,,,0,-11.35,old course file (PS9 2012 values),0.0
HOU_NC_08_2012,2012,house,NC,8.0,0,0,"KISSELL, LAWRENCE W. (LARRY)",D,"HUDSON, RICHARD L., JR.",137139.0,160695.0,3990.0,301824.0,46.05,1,R,D,"KISSELL, LAWRENCE W. (LARRY)",0,1,1,1,1.32,"BLUE, ANTONIO",Other,1.32,0,-11.6,old course file (PS9 2012 values),0.0
HOU_NC_09_2012,2012,house,NC,9.0,0,0,"ROBERTS, JENNIFER",D,"PITTENGER, ROBERT M.",171503.0,194537.0,9650.0,375690.0,46.85,1,R,,,1,1,1,1,2.57,"CAMPBELL, CURTIS",Lbt,2.57,0,-8.96,old course file (PS9 2012 values),0.0
HOU_NC_10_2012,2012,house,NC,10.0,0,0,"KEEVER, PATRICIA R. (PATSY)",D,"MCHENRY, PATRICK TIMOTHY",144023.0,190826.0,0.0,334849.0,43.01,1,R,R,"MCHENRY, PATRICK TIMOTHY",0,1,1,0,0.0,,,,0,-10.98,old course file (PS9 2012 values),0.0
HOU_NC_11_2012,2012,house,NC,11.0,0,0,"ROGERS, HAYDEN",D,"MEADOWS, MARK R.",141107.0,190319.0,0.0,331426.0,42.58,1,R,,,1,1,1,0,0.0,,,,0,-12.32,old course file (PS9 2012 values),0.0
HOU_NC_12_2012,2012,house,NC,12.0,0,0,"WATT, MELVIN LUTHER (MEL)",D,"BROSCH, JACK W.",247591.0,63317.0,0.0,310908.0,79.63,1,D,D,"WATT, MELVIN LUTHER (MEL)",0,1,1,0,0.0,,,,0,24.1,old course file (PS9 2012 values),0.0
HOU_NC_13_2012,2012,house,NC,13.0,0,0,"MALONE, CHARLES J.",D,"HOLDING, GEORGE E.B.",160115.0,210495.0,0.0,370610.0,43.2,1,R,,,1,1,1,0,0.0,,,,0,-8.8999996,old course file (PS9 2012 values),0.0
HOU_ND_01_2012,2012,house,ND,1.0,0,0,"GULLESON, PAM",D,"CRAMER, KEVIN J.",131870.0,173585.0,10261.0,315716.0,43.17,1,R,,,1,1,1,1,3.25,"OLSON, ERIC F.",Lbt,3.25,0,-8.199527470658646,2008 only; 2020 lines (Daily Kos),0.0
HOU_NE_01_2012,2012,house,NE,1.0,0,0,"REIMAN, KOREY LYNN",D,"FORTENBERRY, JEFFREY (JEFF)",81206.0,174889.0,0.0,256095.0,31.71,1,R,R,"FORTENBERRY, JEFFREY (JEFF)",0,1,1,0,0.0,,,,0,-8.91535626111355,2008 only; 2020 lines (Daily Kos),0.0
HOU_NE_02_2012,2012,house,NE,2.0,0,0,"EWING, JOHN W., JR.",D,"TERRY, LEE R., JR.",129767.0,133964.0,0.0,263731.0,49.2,1,R,R,"TERRY, LEE R., JR.",0,1,1,0,0.0,,,,0,-3.176258214504135,2008 only; 2020 lines (Daily Kos),0.0
HOU_NE_03_2012,2012,house,NE,3.0,0,0,"SULLIVAN, ROGER MARK",D,"SMITH, ADRIAN M.",65266.0,187423.0,0.0,252689.0,25.83,1,R,R,"SMITH, ADRIAN M.",0,1,1,0,0.0,,,,0,-22.10035168303613,2008 only; 2020 lines (Daily Kos),0.0
HOU_NH_01_2012,2012,house,NH,1.0,0,0,"SHEA-PORTER, CAROL",D,"GUINTA, FRANK C.",171650.0,158659.0,14521.0,344830.0,51.97,1,D,R,"GUINTA, FRANK C.",0,1,1,1,4.21,"KELLY, BRENDAN F.",Lbt,4.21,0,-0.544496152572993,2008 only; 2020 lines (Daily Kos),0.0
HOU_NH_02_2012,2012,house,NH,2.0,0,0,"KUSTER, ANN MCLANE (ANNIE)",D,"BASS, CHARLES F. (CHARLIE)",169275.0,152977.0,14936.0,337188.0,52.53,1,D,R,"BASS, CHARLES F. (CHARLIE)",0,1,1,1,4.43,"MACIA, HARDY",Lbt,4.43,0,2.7390606787155103,2008 only; 2020 lines (Daily Kos),0.0
HOU_NJ_01_2012,2012,house,NJ,1.0,0,0,"ANDREWS, ROBERT E. (ROB)",D,"HORTON, GREGORY W. (GREG)",210470.0,92459.0,5590.0,308519.0,69.48,1,D,D,"ANDREWS, ROBERT E. (ROB)",0,1,1,2,1.81,"REITTER, JOHN WILLIAM",Grn,1.43,0,11.645339065658034,2008 only; 2020 lines (Daily Kos),0.0
HOU_NJ_02_2012,2012,house,NJ,2.0,0,0,"SHOBER, CASSANDRA",D,"LOBIONDO, FRANK A.",116463.0,166679.0,5930.0,289072.0,41.13,1,R,R,"LOBIONDO, FRANK A.",0,1,1,4,2.05,"ORDILLE, JOHN",Lbt,0.93,0,0.0964317749541865,2008 only; 2020 lines (Daily Kos),0.0
HOU_NJ_03_2012,2012,house,NJ,3.0,0,0,"ADLER, SHELLEY",D,"RUNYAN, JON",145509.0,174257.0,4640.0,324406.0,45.5,1,R,R,"RUNYAN, JON",0,1,1,5,1.43,"FORCHION, ROBERT EDWARD",Other,0.6,0,-2.027052761143122,2008 only; 2020 lines (Daily Kos),0.0
HOU_NJ_04_2012,2012,house,NJ,4.0,0,0,"FROELICH, BRIAN P.",D,"SMITH, CHRISTOPHER H. (CHRIS)",107992.0,195146.0,3111.0,306249.0,35.62,1,R,R,"SMITH, CHRISTOPHER H. (CHRIS)",0,1,1,1,1.02,"MARSHALL, LEONARD P. (LEN)",I,1.02,0,-7.994383743945955,2008 only; 2020 lines (Daily Kos),0.0
HOU_NJ_05_2012,2012,house,NJ,5.0,0,0,"GUSSEN, ADAM JEFFREY",D,"GARRETT, E. SCOTT",130102.0,167503.0,6772.0,304377.0,43.72,1,R,R,"GARRETT, E. SCOTT",0,1,1,1,2.22,"ALESSANDRINI, PATRICIA",Grn,2.22,0,-4.79313504235892,2008 only; 2020 lines (Daily Kos),0.0
HOU_NJ_06_2012,2012,house,NJ,6.0,0,0,"PALLONE, FRANK J., JR.",D,"LITTLE, ANNA C.",151782.0,84360.0,3496.0,239638.0,64.28,1,D,D,"PALLONE, FRANK J., JR.",0,1,1,4,1.46,"FLYNN, LEN T.",Lbt,0.58,0,5.304339200175923,2008 only; 2020 lines (Daily Kos),0.0
HOU_NJ_07_2012,2012,house,NJ,7.0,0,0,"CHIVUKULA, UPENDRA J.",D,"LANCE, LEONARD",123090.0,175704.0,8601.0,307395.0,41.2,1,R,R,"LANCE, LEONARD",0,1,1,2,2.8,"BREEN, DENNIS ARTHUR",Other,1.47,0,-5.991837362476887,2008 only; 2020 lines (Daily Kos),0.0
HOU_NJ_08_2012,2012,house,NJ,8.0,0,0,"SIRES, ALBIO",D,"KARCZEWSKI, MARIA PINEIRO",130857.0,31767.0,5176.0,167800.0,80.47,1,D,D,"SIRES, ALBIO",0,1,1,3,3.08,"SHAW, HERBERT H.",Other,1.1,0,20.01203206253288,2008 only; 2020 lines (Daily Kos),0.0
HOU_NJ_09_2012,2012,house,NJ,9.0,0,0,"PASCRELL, WILLIAM J. (BILL), JR.",D,"BOTEACH, SHMULEY",162834.0,55094.0,2220.0,220148.0,74.72,1,D,D,"PASCRELL, WILLIAM J. (BILL), JR.",0,1,1,2,1.01,"SMITH, E. DAVID",Other,0.52,0,10.733815542925916,2008 only; 2020 lines (Daily Kos),0.0
HOU_NJ_10_2012,2012,house,NJ,10.0,0,0,"PAYNE, DONALD M. (DON), JR.",D,"KELEMEN, BRIAN",201435.0,24271.0,4354.0,230060.0,89.25,1,D,,,1,1,1,2,1.89,"MILLER, JOANNE",Other,1.36,0,31.587920562247163,2008 only; 2020 lines (Daily Kos),0.0
HOU_NJ_11_2012,2012,house,NJ,11.0,0,0,"ARVANITES, JOHN",D,"FRELINGHUYSEN, RODNEY P.",123935.0,182239.0,3725.0,309899.0,40.48,1,R,R,"FRELINGHUYSEN, RODNEY P.",0,1,1,1,1.2,"BERLIN, BARRY",Other,1.2,0,-6.355883010176483,2008 only; 2020 lines (Daily Kos),0.0
HOU_NJ_12_2012,2012,house,NJ,12.0,0,0,"HOLT, RUSH D.",D,"BECK, ERIC A.",189938.0,80907.0,3546.0,274391.0,70.13,1,D,D,"HOLT, RUSH D.",0,1,1,2,1.29,"FREUDENHEIM, JACK",I,0.82,0,12.602319217491054,2008 only; 2020 lines (Daily Kos),0.0
HOU_NM_01_2012,2012,house,NM,1.0,0,0,"GRISHAM, MICHELLE LUJAN",D,"ARNOLD-JONES, JANICE E.",162924.0,112473.0,459.0,275856.0,59.16,1,D,,,1,1,1,1,0.17,"PAHLS, JEANNE",Other,0.17,0,6.720451255917137,2008 only; 2020 lines (Daily Kos),0.0
HOU_NM_02_2012,2012,house,NM,2.0,0,0,"ERHARD, EVELYN MADRID",D,"PEARCE, STEVAN E. (STEVE)",92162.0,133180.0,173.0,225515.0,40.9,1,R,R,"PEARCE, STEVAN E. (STEVE)",0,1,1,1,0.08,"MCGRANN, JACK A.",Other,0.08,0,-4.6635318417374005,2008 only; 2020 lines (Daily Kos),0.0
HOU_NM_03_2012,2012,house,NM,3.0,0,0,"LUJAN, BEN RAY, JR.",D,"BYRD, JEFFERSON LEE (JEFF)",167103.0,97616.0,0.0,264719.0,63.12,1,D,D,"LUJAN, BEN RAY, JR.",0,1,1,0,0.0,,,,0,8.232982131169608,2008 only; 2020 lines (Daily Kos),0.0
HOU_NV_01_2012,2012,house,NV,1.0,0,0,"TITUS, ALICE C. (DINA)",D,"EDWARDS, CHRISTOPHER (CHRIS)",113967.0,56521.0,8790.0,179278.0,66.85,1,D,,,1,1,1,2,4.9,"POJUNIS, WILLIAM G. (BILL)",Lbt,2.59,0,12.3517458331184,2008 only; 2020 lines (Daily Kos),0.0
HOU_NV_02_2012,2012,house,NV,2.0,0,0,"KOEPNICK, SAMUEL A. (SAM)",D,"AMODEI, MARK EUGENE",102019.0,162213.0,17217.0,281449.0,38.61,1,R,R,"AMODEI, MARK EUGENE",0,1,1,2,6.12,"HAINES, MICHAEL L.",I,3.97,0,-3.154703427080119,2008 only; 2020 lines (Daily Kos),0.0
HOU_NV_03_2012,2012,house,NV,3.0,0,0,"OCEGUERA, JOHN",D,"HECK, JOSEPH JOHN (JOE), JR.",116823.0,137244.0,18456.0,272523.0,45.98,1,R,R,"HECK, JOSEPH JOHN (JOE), JR.",0,1,1,2,6.77,"MURPHY, JIM",I,4.72,0,0.7903048357205456,2008 only; 2020 lines (Daily Kos),0.0
HOU_NV_04_2012,2012,house,NV,4.0,0,0,"HORSFORD, STEVEN ALEXZANDER",D,"TARKANIAN, DANIEL JOHN (DANNY)",120501.0,101261.0,18730.0,240492.0,54.34,1,D,,,1,1,1,2,7.79,"FITZGIBBONS, FLOYD",Other,3.9,0,3.877455292592291,2008 only; 2020 lines (Daily Kos),0.0
HOU_NY_01_2012,2012,house,NY,1.0,0,0,"BISHOP, TIMOTHY H. (TIM)",D,"ALTSCHULER, RANDOLPH (RANDY)",145198.0,131650.0,0.0,276848.0,52.45,1,D,D,"BISHOP, TIMOTHY H. (TIM)",0,1,1,0,0.0,,,,0,-1.8912577325732816,2008 only; 2020 lines (Daily Kos),0.0
HOU_NY_02_2012,2012,house,NY,2.0,0,0,"FALCONE, VIVIANNE C.",D,"KING, PETER T. (PETE)",99955.0,141950.0,0.0,241905.0,41.32,1,R,R,"KING, PETER T. (PETE)",0,1,1,0,0.0,,,,0,-2.072156825032568,2008 only; 2020 lines (Daily Kos),0.0
HOU_NY_03_2012,2012,house,NY,3.0,0,0,"ISRAEL, STEVE J.",D,"LABATE, STEPHEN A.",157602.0,113021.0,2007.0,272630.0,58.24,1,D,D,"ISRAEL, STEVE J.",0,1,1,2,0.74,"MCDERMOTT, MICHAEL (MIKE)",Lbt,0.6,0,0.199356071075718,2008 only; 2020 lines (Daily Kos),0.0
HOU_NY_04_2012,2012,house,NY,4.0,0,0,"MCCARTHY, CAROLYN",D,"BECKER, FRANCIS X., JR.",163955.0,85693.0,15603.0,265251.0,65.67,1,D,D,"MCCARTHY, CAROLYN",0,1,1,1,5.88,"SCATURRO, FRANK J.",Other,5.88,0,1.9720341128851349,2008 only; 2020 lines (Daily Kos),0.0
HOU_NY_05_2012,2012,house,NY,5.0,0,0,"MEEKS, GREGORY W.",D,"JENNINGS, ALLAN W., JR.",167835.0,17875.0,1345.0,187055.0,90.37,1,D,D,"MEEKS, GREGORY W.",0,1,1,1,0.72,"WARK, CATHERINGE",Lbt,0.72,0,32.618597714522025,2008 only; 2020 lines (Daily Kos),0.0
HOU_NY_06_2012,2012,house,NY,6.0,0,0,"MENG, GRACE",D,"HALLORAN, DANIEL J. (DAN), III",111499.0,45992.0,1913.0,159404.0,70.8,1,D,,,1,1,1,1,1.2,"CHOU, EVERGREEN C.",Grn,1.2,0,10.197791796757883,2008 only; 2020 lines (Daily Kos),0.0
HOU_NY_07_2012,2012,house,NY,7.0,0,0,"VELAZQUEZ, NYDIA M.",D,,141322.0,0.0,7811.0,149133.0,,0,D,D,"VELAZQUEZ, NYDIA M.",0,1,0,1,5.24,"MURRAY, JAMES",Other,5.24,0,31.210862853351216,2008 only; 2020 lines (Daily Kos),0.0
HOU_NY_08_2012,2012,house,NY,8.0,0,0,"JEFFRIES, HAKEEM S.",D,"BELLONE, ALLAN S.",184038.0,17650.0,2441.0,204129.0,91.25,1,D,,,1,1,1,1,1.2,"BEAVAN, COLIN M.",Grn,1.2,0,32.56368650989825,2008 only; 2020 lines (Daily Kos),0.0
HOU_NY_09_2012,2012,house,NY,9.0,0,0,"CLARKE, YVETTE DIANE",D,"CAVANAGH, DANIEL J.",186141.0,24164.0,2991.0,213296.0,88.51,1,D,D,"CLARKE, YVETTE DIANE",0,1,1,1,1.4,"MORGAN, VIVIA M.",Grn,1.4,0,30.72993504536311,2008 only; 2020 lines (Daily Kos),0.0
HOU_NY_10_2012,2012,house,NY,10.0,0,0,"NADLER, JERROLD L. (JERRY)",D,"CHAN, MICHAEL W.",165000.0,39310.0,0.0,204310.0,80.76,1,D,D,"NADLER, JERROLD L. (JERRY)",0,1,1,0,0.0,,,,0,22.585912479539548,2008 only; 2020 lines (Daily Kos),0.0
HOU_NY_11_2012,2012,house,NY,11.0,0,0,"MURPHY, MARK S.",D,"GRIMM, MICHAEL G.",92428.0,103118.0,1939.0,197485.0,47.27,1,R,R,"GRIMM, MICHAEL G.",0,1,1,1,0.98,"BARDEL, HENRY J. (HANK)",Grn,0.98,0,-5.089741298854794,2008 only; 2020 lines (Daily Kos),0.0
HOU_NY_12_2012,2012,house,NY,12.0,0,0,"MALONEY, CAROLYN B.",D,"WIGHT, CHRISTOPHER ROBIN",193455.0,46692.0,0.0,240147.0,80.56,1,D,D,"MALONEY, CAROLYN B.",0,1,1,0,0.0,,,,0,27.174860615545093,2008 only; 2020 lines (Daily Kos),0.0
HOU_NY_13_2012,2012,house,NY,13.0,0,0,"RANGEL, CHARLES B.",D,"SCHLEY, CRAIG",174789.0,12132.0,5533.0,192454.0,93.51,1,D,D,"RANGEL, CHARLES B.",0,1,1,1,2.87,"LIATOS, DEBORAH O.",Other,2.87,0,40.06200936365845,2008 only; 2020 lines (Daily Kos),0.0
HOU_NY_14_2012,2012,house,NY,14.0,0,0,"CROWLEY, JOSEPH (JOE)",D,"GIBBONS, WILLIAM F., JR.",120761.0,21755.0,2570.0,145086.0,84.74,1,D,D,"CROWLEY, JOSEPH (JOE)",0,1,1,1,1.77,"GRONOWICZ, ANTHONY",Grn,1.77,0,22.840706060380032,2008 only; 2020 lines (Daily Kos),0.0
HOU_NY_15_2012,2012,house,NY,15.0,0,0,"SERRANO, JOSE E.",D,"DELLA VALLE, FRANK L.",152661.0,4427.0,0.0,157088.0,97.18,1,D,D,"SERRANO, JOSE E.",0,1,1,0,0.0,,,,0,41.0135333662941,2008 only; 2020 lines (Daily Kos),0.0
HOU_NY_16_2012,2012,house,NY,16.0,0,0,"ENGEL, ELIOT L.",D,"MCLAUGHLIN, JOSEPH",179561.0,53935.0,2974.0,236470.0,76.9,1,D,D,"ENGEL, ELIOT L.",0,1,1,1,1.26,"DIAFERIA, JOSEPH",Grn,1.26,0,19.635938177624634,2008 only; 2020 lines (Daily Kos),0.0
HOU_NY_17_2012,2012,house,NY,17.0,0,0,"LOWEY, NITA M.",D,"CARVIN, JOSEPH E. (JOE)",171417.0,91899.0,2771.0,266087.0,65.1,1,D,D,"LOWEY, NITA M.",0,1,1,1,1.04,"MORGANTHALER, FRANCIS E. (FRANK)",Other,1.04,0,4.709676338626001,2008 only; 2020 lines (Daily Kos),0.0
HOU_NY_18_2012,2012,house,NY,18.0,0,0,"MALONEY, SEAN PATRICK",D,"HAYWORTH, NAN A.S.",143845.0,132949.0,0.0,276794.0,51.97,1,D,R,"HAYWORTH, NAN A.S.",0,1,1,0,0.0,,,,0,-1.1309765196282795,2008 only; 2020 lines (Daily Kos),0.0
HOU_NY_19_2012,2012,house,NY,19.0,0,0,"SCHREIBMAN, JULIAN D.",D,"GIBSON, CHRISTOPHER P. (CHRIS)",133567.0,149736.0,0.0,283303.0,47.15,1,R,R,"GIBSON, CHRISTOPHER P. (CHRIS)",0,1,1,0,0.0,,,,0,0.1300441637999694,2008 only; 2020 lines (Daily Kos),0.0
HOU_NY_20_2012,2012,house,NY,20.0,0,0,"TONKO, PAUL DAVID",D,"DIETERICH, ROBERT J. (BOB)",203400.0,93778.0,0.0,297178.0,68.44,1,D,D,"TONKO, PAUL DAVID",0,1,1,0,0.0,,,,0,5.638927385910064,2008 only; 2020 lines (Daily Kos),0.0
HOU_NY_21_2012,2012,house,NY,21.0,0,0,"OWENS, WILLIAM L. (BILL)",D,"DOHENY, MATTHEW A. (MATT)",126631.0,121646.0,4174.0,252451.0,51.0,1,D,D,"OWENS, WILLIAM L. (BILL)",0,1,1,1,1.65,"HASSIG, DONALD L.",Grn,1.65,0,-1.2676024781550277,2008 only; 2020 lines (Daily Kos),0.0
HOU_NY_22_2012,2012,house,NY,22.0,0,0,"LAMB, DAN",D,"HANNA, RICHARD L.",102080.0,157941.0,0.0,260021.0,39.26,1,R,R,"HANNA, RICHARD L.",0,1,1,0,0.0,,,,0,-3.796861115384359,2008 only; 2020 lines (Daily Kos),0.0
HOU_NY_23_2012,2012,house,NY,23.0,0,0,"SHINAGAWA, NATHAN (NATE)",D,"REED, THOMAS W. (TOM), II",127535.0,137669.0,0.0,265204.0,48.09,1,R,R,"REED, THOMAS W. (TOM), II",0,1,1,0,0.0,,,,0,-3.351928763537948,2008 only; 2020 lines (Daily Kos),0.0
HOU_NY_24_2012,2012,house,NY,24.0,0,0,"MAFFEI, DANIEL BENJAMIN (DAN)",D,"BUERKLE, ANN MARIE",143044.0,127054.0,22670.0,292768.0,52.96,1,D,R,"BUERKLE, ANN MARIE",0,1,1,1,7.74,"ROZUM, URSULA E.",Grn,7.74,0,3.4447540872193483,2008 only; 2020 lines (Daily Kos),0.0
HOU_NY_25_2012,2012,house,NY,25.0,0,0,"SLAUGHTER, LOUISE MCINTOSH",D,"BROOKS, MAGGIE",179810.0,133380.0,0.0,313190.0,57.41,1,D,D,"SLAUGHTER, LOUISE MCINTOSH",0,1,1,0,0.0,,,,0,5.789579158234714,2008 only; 2020 lines (Daily Kos),0.0
HOU_NY_26_2012,2012,house,NY,26.0,0,0,"HIGGINS, BRIAN M.",D,"MADIGAN, MICHAEL H.",212588.0,71666.0,0.0,284254.0,74.79,1,D,D,"HIGGINS, BRIAN M.",0,1,1,0,0.0,,,,0,10.661268271151968,2008 only; 2020 lines (Daily Kos),0.0
HOU_NY_27_2012,2012,house,NY,27.0,0,0,"HOCHUL, KATHLEEN COURTNEY (KATHY)",D,"COLLINS, CHRISTOPHER C. (CHRIS)",156219.0,161220.0,0.0,317439.0,49.21,1,R,D,"HOCHUL, KATHLEEN COURTNEY (KATHY)",0,1,1,0,0.0,,,,0,-8.57253922819486,2008 only; 2020 lines (Daily Kos),0.0
HOU_OH_01_2012,2012,house,OH,1.0,0,0,"SINNARD, JEFF",D,"CHABOT, STEVEN J. (STEVE)",131490.0,201907.0,16319.0,349716.0,39.44,1,R,R,"CHABOT, STEVEN J. (STEVE)",0,1,1,2,4.67,"BERNS, JAMES A. (JIM)",Lbt,2.77,0,-6.073475693017727,2008 only; 2020 lines (Daily Kos),0.0
HOU_OH_02_2012,2012,house,OH,2.0,0,0,"SMITH, WILLIAM R.",D,"WENSTRUP, BRAD R.",137077.0,194296.0,0.0,331373.0,41.37,1,R,,,1,1,1,0,0.0,,,,0,-8.785486325785053,2008 only; 2020 lines (Daily Kos),0.0
HOU_OH_03_2012,2012,house,OH,3.0,0,0,"BEATTY, JOYCE",D,"LONG, CHRIS",201897.0,77901.0,15849.0,295647.0,72.16,1,D,,,1,1,1,2,5.36,"EHRBAR, RICHARD",Lbt,3.2,0,14.4850129221327,2008 only; 2020 lines (Daily Kos),0.0
HOU_OH_04_2012,2012,house,OH,4.0,0,0,"SLONE, JAMES M. (JIM)",D,"JORDAN, JAMES D. (JIM)",114214.0,182643.0,16141.0,312998.0,38.47,1,R,R,"JORDAN, JAMES D. (JIM)",0,1,1,1,5.16,"KALLA, CHRIS",Lbt,5.16,0,-9.257750555696836,2008 only; 2020 lines (Daily Kos),0.0
HOU_OH_05_2012,2012,house,OH,5.0,0,0,"ZIMMANN, ANGELA KAY",D,"LATTA, ROBERT EDWARD (BOB)",137806.0,201514.0,12558.0,351878.0,40.61,1,R,R,"LATTA, ROBERT EDWARD (BOB)",0,1,1,1,3.57,"EBERLY, ERIC",Lbt,3.57,0,-6.900824506271158,2008 only; 2020 lines (Daily Kos),0.0
HOU_OH_06_2012,2012,house,OH,6.0,0,0,"WILSON, CHARLES A. (CHARLIE), JR.",D,"JOHNSON, BILL",144444.0,164536.0,0.0,308980.0,46.75,1,R,R,"JOHNSON, BILL",0,1,1,0,0.0,,,,0,-8.067896189381496,2008 only; 2020 lines (Daily Kos),0.0
HOU_OH_07_2012,2012,house,OH,7.0,0,0,"HEALY-ABRAMS, JOYCE R.",D,"GIBBS, ROBERT (BOB)",137708.0,178104.0,0.0,315812.0,43.6,1,R,R,"GIBBS, ROBERT (BOB)",0,1,1,0,0.0,,,,0,-5.849587324796329,2008 only; 2020 lines (Daily Kos),0.0
HOU_OH_08_2012,2012,house,OH,8.0,0,0,,,"BOEHNER, JOHN A.",0.0,246378.0,1938.0,248316.0,,0,R,R,"BOEHNER, JOHN A.",0,0,1,1,0.78,"CONDIT, JAMES J. (JIM), JR.",Other,0.78,0,-15.01857044202491,2008 only; 2020 lines (Daily Kos),0.0
HOU_OH_09_2012,2012,house,OH,9.0,0,0,"KAPTUR, MARCIA C. (MARCY)",D,"WURZELBACHER, SAMUEL JOSEPH",217771.0,68668.0,11725.0,298164.0,76.03,1,D,D,"KAPTUR, MARCIA C. (MARCY)",0,1,1,1,3.93,"STIPE, SEAN P.",Lbt,3.93,0,14.110546403065982,2008 only; 2020 lines (Daily Kos),0.0
HOU_OH_10_2012,2012,house,OH,10.0,0,0,"NEUHARDT, SHARON SWARTZ",D,"TURNER, MICHAEL R. (MIKE)",131097.0,208201.0,10373.0,349671.0,38.64,1,R,R,"TURNER, MICHAEL R. (MIKE)",0,1,1,1,2.97,"HARLOW, DAVID A. (DAVE)",Lbt,2.97,0,-3.768993575770996,2008 only; 2020 lines (Daily Kos),0.0
HOU_OH_11_2012,2012,house,OH,11.0,0,0,"FUDGE, MARCIA L.",D,,258359.0,0.0,0.0,258359.0,,0,D,D,"FUDGE, MARCIA L.",0,1,0,0,0.0,,,,0,28.886400350531936,2008 only; 2020 lines (Daily Kos),0.0
HOU_OH_12_2012,2012,house,OH,12.0,0,0,"REESE, JAMES (JIM)",D,"TIBERI, PATRICK J. (PAT)",134605.0,233869.0,0.0,368474.0,36.53,1,R,R,"TIBERI, PATRICK J. (PAT)",0,1,1,0,0.0,,,,0,-8.33221637506038,2008 only; 2020 lines (Daily Kos),0.0
HOU_OH_13_2012,2012,house,OH,13.0,0,0,"RYAN, TIMOTHY J. (TIM)",D,"AGANA, MARISHA GUZMAN",235492.0,88120.0,0.0,323612.0,72.77,1,D,D,"RYAN, TIMOTHY J. (TIM)",0,1,1,0,0.0,,,,0,9.731119298140523,2008 only; 2020 lines (Daily Kos),0.0
HOU_OH_14_2012,2012,house,OH,14.0,0,0,"BLANCHARD, DALE VIRGIL",D,"JOYCE, DAVID P.",131637.0,183657.0,24574.0,339868.0,41.75,1,R,,,1,1,1,2,7.23,"MASTROMATTEO, ELAINE R.",Grn,3.84,0,-3.939420006801664,2008 only; 2020 lines (Daily Kos),0.0
HOU_OH_15_2012,2012,house,OH,15.0,0,0,"LANG, PATRICK (PAT)",D,"STIVERS, STEVEN (STEVE)",128188.0,205274.0,0.0,333462.0,38.44,1,R,R,"STIVERS, STEVEN (STEVE)",0,1,1,0,0.0,,,,0,-6.891062031912925,2008 only; 2020 lines (Daily Kos),0.0
HOU_OH_16_2012,2012,house,OH,16.0,0,0,"SUTTON, BETTY S.",D,"RENACCI, JAMES B. (JIM)",170600.0,185165.0,0.0,355765.0,47.95,1,R,D/R,"SUTTON, BETTY S.; RENACCI, JAMES B. (JIM)",0,1,1,0,0.0,,,,0,-5.838111664604689,2008 only; 2020 lines (Daily Kos),0.0
HOU_OK_01_2012,2012,house,OK,1.0,0,0,"OLSON, JOHN RICHARD",D,"BRIDENSTINE, JAMES FREDERICK (JIM)",91421.0,181084.0,12807.0,285312.0,33.55,1,R,,,1,1,1,1,4.49,"ALLEN, CRAIG",I,4.49,0,-17.940891172608254,2008 only; 2020 lines (Daily Kos),0.0
HOU_OK_02_2012,2012,house,OK,2.0,0,0,"WALLACE, ROB",D,"MULLIN, MARKWAYNE",96081.0,143701.0,10830.0,250612.0,40.07,1,R,,,1,1,1,1,4.32,"FULKS, MICHAEL G.",I,4.32,0,-19.4789682709545,2008 only; 2020 lines (Daily Kos),0.0
HOU_OK_03_2012,2012,house,OK,3.0,0,0,"MURRAY, TIMOTHY RAY (TIM)",D,"LUCAS, FRANK D.",53472.0,201744.0,12787.0,268003.0,20.95,1,R,R,"LUCAS, FRANK D.",0,1,1,1,4.77,"SANDERS, WILLIAM MATTHEW (MATT)",I,4.77,0,-26.69846848271625,2008 only; 2020 lines (Daily Kos),0.0
HOU_OK_04_2012,2012,house,OK,4.0,0,0,"BEBO, DONNA MARIE",D,"COLE, TOM JEFFREY",74846.0,176740.0,11745.0,263331.0,29.75,1,R,R,"COLE, TOM JEFFREY",0,1,1,1,4.46,"HARRIS, R.J. (CHIEF)",I,4.46,0,-19.875855140914823,2008 only; 2020 lines (Daily Kos),0.0
HOU_OK_05_2012,2012,house,OK,5.0,0,0,"GUILD, THOMAS EUGENE (TOM)",D,"LANKFORD, JAMES PAUL",97504.0,153603.0,10570.0,261677.0,38.83,1,R,R,"LANKFORD, JAMES PAUL",0,1,1,2,4.04,"MARTIN, PAT",I,2.06,0,-13.01078400448451,2008 only; 2020 lines (Daily Kos),0.0
HOU_OR_01_2012,2012,house,OR,1.0,0,0,"BONAMICI, SUZANNE",D,"MORGAN, DELINDA DELGADO",197845.0,109699.0,23927.0,331471.0,64.33,1,D,D,"BONAMICI, SUZANNE",0,1,1,2,7.22,"REYNOLDS, STEVEN (CODY)",Other,4.53,0,7.453603847287593,2008 only; 2020 lines (Daily Kos),0.0
HOU_OR_02_2012,2012,house,OR,2.0,0,0,"SEGERS, JOYCE B.",D,"WALDEN, GREGORY PAUL (GREG)",96741.0,228043.0,7025.0,331809.0,29.79,1,R,R,"WALDEN, GREGORY PAUL (GREG)",0,1,1,1,2.12,"TABOR, H. JOE",Lbt,2.12,0,-9.209997853997953,2008 only; 2020 lines (Daily Kos),0.0
HOU_OR_03_2012,2012,house,OR,3.0,0,0,"BLUMENAUER, EARL",D,"GREEN, RONALD NEAL",264979.0,70325.0,19799.0,355103.0,79.03,1,D,D,"BLUMENAUER, EARL",0,1,1,2,5.58,"BROADNAX, WOODROW",Other,3.71,0,21.22494295666226,2008 only; 2020 lines (Daily Kos),0.0
HOU_OR_04_2012,2012,house,OR,4.0,0,0,"DEFAZIO, PETER A.",D,"ROBINSON, ARTHUR BROUHARD (ART)",212866.0,140549.0,6205.0,359620.0,60.23,1,D,D,"DEFAZIO, PETER A.",0,1,1,1,1.73,"HUNTTING, CHUCK",Lbt,1.73,0,2.1716071176064,2008 only; 2020 lines (Daily Kos),0.0
HOU_OR_05_2012,2012,house,OR,5.0,0,0,"SCHRADER, KURT",D,"THOMPSON, FRED",177229.0,139223.0,11116.0,327568.0,56.01,1,D,D,"SCHRADER, KURT",0,1,1,2,3.39,"LOGO, CHRISTINA JEAN",Other,2.29,0,0.7343182864517739,2008 only; 2020 lines (Daily Kos),0.0
HOU_PA_01_2012,2012,house,PA,1.0,0,0,"BRADY, ROBERT A. (BOB)",D,"FEATHERMAN, JOHN J.",235394.0,41708.0,0.0,277102.0,84.95,1,D,D,"BRADY, ROBERT A. (BOB)",0,1,1,0,0.0,,,,0,24.93,old course file (PS9 2012 values),0.0
HOU_PA_02_2012,2012,house,PA,2.0,0,0,"FATTAH, CHAKA",D,"MANSFIELD, ROBERT ALLEN, JR.",318176.0,33381.0,4829.0,356386.0,90.5,1,D,D,"FATTAH, CHAKA",0,1,1,1,1.35,"FOSTER, JAMES",I,1.35,0,38.029999,old course file (PS9 2012 values),0.0
HOU_PA_03_2012,2012,house,PA,3.0,0,0,"EATON, MELISSA ANN (MISSA)",D,"KELLY, GEORGE J. (MIKE), JR.",129933.0,165826.0,12755.0,308514.0,43.93,1,R,R,"KELLY, GEORGE J. (MIKE), JR.",0,1,1,1,4.13,"PORTER, STEVEN CLARK",I,4.13,0,-5.8800001,old course file (PS9 2012 values),0.0
HOU_PA_04_2012,2012,house,PA,4.0,0,0,"PERKINSON, HARRY EBIFF, JR.",D,"PERRY, SCOTT GORDON",104643.0,181603.0,17734.0,303980.0,36.56,1,R,,,1,1,1,2,5.83,"WOLFF, WAYNE W.",I,3.79,0,-8.7299995,old course file (PS9 2012 values),0.0
HOU_PA_05_2012,2012,house,PA,5.0,0,0,"DUMAS, CHARLES",D,"THOMPSON, GLENN WILLIAM (GT), JR.",104725.0,177740.0,0.0,282465.0,37.08,1,R,R,"THOMPSON, GLENN WILLIAM (GT), JR.",0,1,1,0,0.0,,,,0,-6.1300001,old course file (PS9 2012 values),0.0
HOU_PA_06_2012,2012,house,PA,6.0,0,0,"TRIVEDI, MANAN M.",D,"GERLACH, JAMES W. (JIM)",143803.0,191725.0,0.0,335528.0,42.86,1,R,R,"GERLACH, JAMES W. (JIM)",0,1,1,0,0.0,,,,0,-0.56,old course file (PS9 2012 values),0.0
HOU_PA_07_2012,2012,house,PA,7.0,0,0,"BADEY, GEORGE J., III",D,"MEEHAN, PATRICK L. (PAT)",143509.0,209942.0,0.0,353451.0,40.6,1,R,R,"MEEHAN, PATRICK L. (PAT)",0,1,1,0,0.0,,,,0,-0.27000001,old course file (PS9 2012 values),0.0
HOU_PA_08_2012,2012,house,PA,8.0,0,0,"BOOCKVAR, KATHRYN (KATHY)",D,"FITZPATRICK, MICHAEL G. (MIKE)",152859.0,199379.0,0.0,352238.0,43.4,1,R,R,"FITZPATRICK, MICHAEL G. (MIKE)",0,1,1,0,0.0,,,,0,0.5,old course file (PS9 2012 values),0.0
HOU_PA_09_2012,2012,house,PA,9.0,0,0,"RAMSBURG, KAREN LYNN",D,"SHUSTER, WILLIAM F. (BILL)",105128.0,169177.0,0.0,274305.0,38.33,1,R,R,"SHUSTER, WILLIAM F. (BILL)",0,1,1,0,0.0,,,,0,-11.21,old course file (PS9 2012 values),0.0
HOU_PA_10_2012,2012,house,PA,10.0,0,0,"SCOLLO, PHILIP (PHIL)",D,"MARINO, THOMAS ANTHONY (TOM)",94227.0,179563.0,0.0,273790.0,34.42,1,R,R,"MARINO, THOMAS ANTHONY (TOM)",0,1,1,0,0.0,,,,0,-11.22,old course file (PS9 2012 values),0.0
HOU_PA_11_2012,2012,house,PA,11.0,0,0,"STILP, GENE",D,"BARLETTA, LOUIS J. (LOU)",118231.0,166967.0,0.0,285198.0,41.46,1,R,R,"BARLETTA, LOUIS J. (LOU)",0,1,1,0,0.0,,,,0,-6.1399999,old course file (PS9 2012 values),0.0
HOU_PA_12_2012,2012,house,PA,12.0,0,0,"CRITZ, MARK S.",D,"ROTHFUS, KEITH JAMES",163589.0,175352.0,0.0,338941.0,48.26,1,R,D,"CRITZ, MARK S.",0,1,1,0,0.0,,,,0,-7.0799999,old course file (PS9 2012 values),0.0
HOU_PA_13_2012,2012,house,PA,13.0,0,0,"SCHWARTZ, ALLYSON Y.",D,"ROONEY, JOSEPH JAMES (JOE)",209901.0,93918.0,0.0,303819.0,69.09,1,D,D,"SCHWARTZ, ALLYSON Y.",0,1,1,0,0.0,,,,0,12.04,old course file (PS9 2012 values),0.0
HOU_PA_14_2012,2012,house,PA,14.0,0,0,"DOYLE, MICHAEL F. (MIKE), JR.",D,"LESSMANN, HANS F.",251932.0,75702.0,0.0,327634.0,76.89,1,D,D,"DOYLE, MICHAEL F. (MIKE), JR.",0,1,1,0,0.0,,,,0,15.07,old course file (PS9 2012 values),0.0
HOU_PA_15_2012,2012,house,PA,15.0,0,0,"DAUGHERTY, RICHARD DAVID (RICK)",D,"DENT, CHARLES WIEDER (CHARLIE)",128764.0,168960.0,0.0,297724.0,43.25,1,R,R,"DENT, CHARLES WIEDER (CHARLIE)",0,1,1,0,0.0,,,,0,-1.33,old course file (PS9 2012 values),0.0
HOU_PA_16_2012,2012,house,PA,16.0,0,0,"STRADER, ARYANNA",D,"PITTS, JOSEPH R. (JOE)",111185.0,156192.0,17404.0,284781.0,41.58,1,R,R,"PITTS, JOSEPH R. (JOE)",0,1,1,2,6.11,"MURPHY, JOHN ANDREW",I,4.3,0,-4.7199998,old course file (PS9 2012 values),0.0
HOU_PA_17_2012,2012,house,PA,17.0,0,0,"CARTWRIGHT, MATTHEW A. (MATT)",D,"CUMMINGS, LAUREEN A.",161393.0,106208.0,0.0,267601.0,60.31,1,D,,,1,1,1,0,0.0,,,,0,4.02,old course file (PS9 2012 values),0.0
HOU_PA_18_2012,2012,house,PA,18.0,0,0,"MAGGI, LAWRENCE OWEN (LARRY)",D,"MURPHY, TIMOTHY F. (TIM)",122146.0,216727.0,0.0,338873.0,36.04,1,R,R,"MURPHY, TIMOTHY F. (TIM)",0,1,1,0,0.0,,,,0,-7.8000002,old course file (PS9 2012 values),0.0
HOU_RI_01_2012,2012,house,RI,1.0,0,0,"CICILLINE, DAVID N.",D,"DOHERTY, BRENDAN P.",108612.0,83737.0,12504.0,204853.0,56.47,1,D,D,"CICILLINE, DAVID N.",0,1,1,1,6.1,"VOGEL, DAVID S.",I,6.1,0,13.92158889604056,2008 only; 2020 lines (Daily Kos),0.0
HOU_RI_02_2012,2012,house,RI,2.0,0,0,"LANGEVIN, JAMES R. (JIM)",D,"RILEY, MICHAEL G.",124067.0,78189.0,20212.0,222468.0,61.34,1,D,D,"LANGEVIN, JAMES R. (JIM)",0,1,1,1,9.09,"COLLINS, ABEL G.",I,9.09,0,7.191144035448128,2008 only; 2020 lines (Daily Kos),0.0
HOU_SC_01_2012,2012,house,SC,1.0,0,0,"ROSE, BOBBIE G.",D,"SCOTT, TIMOTHY E. (TIM)",103557.0,179908.0,6334.0,289799.0,36.53,1,R,R,"SCOTT, TIMOTHY E. (TIM)",0,1,1,1,2.19,"BLANDFORD, KEITH W.",Lbt,2.19,0,-10.531947411839893,2008 only; 2020 lines (Daily Kos),0.0
HOU_SC_02_2012,2012,house,SC,2.0,0,0,,,"WILSON, ADDISON GRAVES (JOE)",0.0,196116.0,0.0,196116.0,,0,R,R,"WILSON, ADDISON GRAVES (JOE)",0,0,1,0,0.0,,,,0,-13.921529231900005,2008 only; 2020 lines (Daily Kos),0.0
HOU_SC_03_2012,2012,house,SC,3.0,0,0,"DOYLE, BRIAN LAMONT (RYAN B)",D,"DUNCAN, JEFFREY D. (JEFF)",84735.0,169512.0,0.0,254247.0,33.33,1,R,R,"DUNCAN, JEFFREY D. (JEFF)",0,1,1,0,0.0,,,,0,-18.171353465132235,2008 only; 2020 lines (Daily Kos),0.0
HOU_SC_04_2012,2012,house,SC,4.0,0,0,"MORROW, DEB",D,"GOWDY, HAROLD WATSON (TREY), III",89964.0,173201.0,3390.0,266555.0,34.19,1,R,R,"GOWDY, HAROLD WATSON (TREY), III",0,1,1,1,1.27,"SUMEREL, JEFF",Grn,1.27,0,-15.39635973124039,2008 only; 2020 lines (Daily Kos),0.0
HOU_SC_05_2012,2012,house,SC,5.0,0,0,"KNOTT, JOYCE",D,"MULVANEY, JOHN MICHAEL (MICK)",123463.0,154324.0,0.0,277787.0,44.45,1,R,R,"MULVANEY, JOHN MICHAEL (MICK)",0,1,1,0,0.0,,,,0,-9.392579985685115,2008 only; 2020 lines (Daily Kos),0.0
HOU_SC_06_2012,2012,house,SC,6.0,0,0,"CLYBURN, JAMES E. (JIM)",D,,218717.0,0.0,12920.0,231637.0,,0,D,D,"CLYBURN, JAMES E. (JIM)",0,1,0,1,5.58,"MUHAMMAD, NAMMU Y.",Grn,5.58,0,17.00254206359243,2008 only; 2020 lines (Daily Kos),0.0
HOU_SC_07_2012,2012,house,SC,7.0,0,0,"BROMWELL TINUBU, GLORIA",D,"RICE, HUGH THOMPSON (TOM), JR.",122389.0,153068.0,0.0,275457.0,44.43,1,R,,,1,1,1,0,0.0,,,,0,-7.968237969024478,2008 only; 2020 lines (Daily Kos),0.0
HOU_SD_01_2012,2012,house,SD,1.0,0,0,"VARILEK, MATT",D,"NOEM, KRISTI LYNN",153789.0,207640.0,0.0,361429.0,42.55,1,R,R,"NOEM, KRISTI LYNN",0,1,1,0,0.0,,,,0,-8.066474512695642,2008 only; 2020 lines (Daily Kos),0.0
HOU_TN_01_2012,2012,house,TN,1.0,0,0,"WOODRUFF, ALAN P.",D,"ROE, DAVID PHILIP (PHIL)",47663.0,182252.0,7757.0,237672.0,20.73,1,R,R,"ROE, DAVID PHILIP (PHIL)",0,1,1,3,3.26,"SMITH, ROBERT N.",Grn,1.21,0,-24.718995052253923,2008 only; 2020 lines (Daily Kos),0.0
HOU_TN_02_2012,2012,house,TN,2.0,0,0,"GOODALE, TROY CHRISTOPHER",D,"DUNCAN, JOHN J. (JIMMY), JR.",54522.0,196894.0,13089.0,264505.0,21.69,1,R,R,"DUNCAN, JOHN J. (JIMMY), JR.",0,1,1,3,4.95,"DRYER, NORRIS L.",Grn,2.17,0,-18.7214720383824,2008 only; 2020 lines (Daily Kos),0.0
HOU_TN_03_2012,2012,house,TN,3.0,0,0,"HEADRICK, MARY MARGARET",D,"FLEISCHMANN, CHARLES J. (CHUCK)",91094.0,157830.0,7967.0,256891.0,36.6,1,R,R,"FLEISCHMANN, CHARLES J. (CHUCK)",0,1,1,2,3.1,"DENISTON, MATTHEW",I,3.08,0,-15.946379493415408,2008 only; 2020 lines (Daily Kos),0.0
HOU_TN_04_2012,2012,house,TN,4.0,0,0,"STEWART, RICHARD ERIC",D,"DESJARLAIS, SCOTT EUGENE",102022.0,128568.0,0.0,230590.0,44.24,1,R,R,"DESJARLAIS, SCOTT EUGENE",0,1,1,0,0.0,,,,0,-17.369817393587926,2008 only; 2020 lines (Daily Kos),0.0
HOU_TN_05_2012,2012,house,TN,5.0,0,0,"COOPER, JAMES H. (JIM)",D,"STAATS, RICHARD BRADLEY (BRAD)",171621.0,86240.0,5222.0,263083.0,66.56,1,D,D,"COOPER, JAMES H. (JIM)",0,1,1,1,1.98,"MIGLIETTA, JOHN PETER",Grn,1.98,0,4.429368142147316,2008 only; 2020 lines (Daily Kos),0.0
HOU_TN_06_2012,2012,house,TN,6.0,0,0,,,"BLACK, DIANE L.",0.0,184383.0,56854.0,241237.0,,0,R,R,"BLACK, DIANE L.",0,0,1,3,23.57,"BEASLEY, SCOTT",I,14.41,0,-19.749809089816377,2008 only; 2020 lines (Daily Kos),0.0
HOU_TN_07_2012,2012,house,TN,7.0,0,0,"AMOUZOUVIK, CREDO COMLAN",D,"BLACKBURN, MARSHA W.",61679.0,182730.0,12897.0,257306.0,25.24,1,R,R,"BLACKBURN, MARSHA W.",0,1,1,4,5.01,"SWITZER, HOWARD M.",Grn,1.8,0,-16.954663511347746,2008 only; 2020 lines (Daily Kos),0.0
HOU_TN_08_2012,2012,house,TN,8.0,0,0,"DIXON, TIMOTHY D.",D,"FINCHER, STEPHEN LEE",79490.0,190923.0,9009.0,279422.0,29.4,1,R,R,"FINCHER, STEPHEN LEE",0,1,1,2,3.22,"HART, JAMES L.",I,2.2,0,-18.51284468723933,2008 only; 2020 lines (Daily Kos),0.0
HOU_TN_09_2012,2012,house,TN,9.0,0,0,"COHEN, STEPHEN IRA (STEVE)",D,"FLINN, GEORGE S., JR.",188422.0,59742.0,2820.0,250984.0,75.93,1,D,D,"COHEN, STEPHEN IRA (STEVE)",0,1,1,2,1.12,"SAULSBERRY, BRIAN L.",I,0.58,0,23.632719796868816,2008 only; 2020 lines (Daily Kos),0.0
HOU_TX_01_2012,2012,house,TX,1.0,0,0,"MCKELLAR, SHIRLEY JONETTA",D,"GOHMERT, LOUIS (LOUIE)",67222.0,178322.0,4114.0,249658.0,27.38,1,R,R,"GOHMERT, LOUIS (LOUIE)",0,1,1,1,1.65,"PATTERSON, CLARK",Lbt,1.65,0,-23.11561924293673,2008 only; 2020 lines (Daily Kos),0.0
HOU_TX_02_2012,2012,house,TX,2.0,0,0,"DOUGHERTY, JAMES SAMPSON (JIM)",D,"POE, LLOYD (TED)",80512.0,159664.0,6152.0,246328.0,33.52,1,R,R,"POE, LLOYD (TED)",0,1,1,2,2.5,"DUNCAN, KENNETH",Lbt,1.68,0,-16.092899049982368,2008 only; 2020 lines (Daily Kos),0.0
HOU_TX_03_2012,2012,house,TX,3.0,0,0,,,"JOHNSON, SAMUEL ROBERT (SAM)",0.0,187180.0,0.0,187180.0,,0,R,R,"JOHNSON, SAMUEL ROBERT (SAM)",0,0,1,0,0.0,,,,0,-15.954217455162922,2008 only; 2020 lines (Daily Kos),0.0
HOU_TX_04_2012,2012,house,TX,4.0,0,0,"HATHCOX, VALINDA",D,"HALL, RALPH MOODY",60214.0,182679.0,7262.0,250155.0,24.79,1,R,R,"HALL, RALPH MOODY",0,1,1,1,2.9,"GRIFFING, THOMAS",Lbt,2.9,0,-24.19720933528857,2008 only; 2020 lines (Daily Kos),0.0
HOU_TX_05_2012,2012,house,TX,5.0,0,0,"MROSKO, LINDA SUZANNE",D,"HENSARLING, THOMAS JEB",69178.0,134091.0,4961.0,208230.0,34.03,1,R,R,"HENSARLING, THOMAS JEB",0,1,1,1,2.38,"ASHBY, KENNETH (KEN)",Lbt,2.38,0,-16.101810127833822,2008 only; 2020 lines (Daily Kos),0.0
HOU_TX_06_2012,2012,house,TX,6.0,0,0,"SANDERS, KENNETH",D,"BARTON, JOE LINUS",98053.0,145019.0,6864.0,249936.0,40.34,1,R,R,"BARTON, JOE LINUS",0,1,1,2,2.75,"CHAUVIN, ARLIN HUGH",Lbt,1.94,0,-11.250533648370904,2008 only; 2020 lines (Daily Kos),0.0
HOU_TX_07_2012,2012,house,TX,7.0,0,0,"CARGAS, JAMES P.",D,"CULBERSON, JOHN ABNEY",85553.0,142793.0,6491.0,234837.0,37.47,1,R,R,"CULBERSON, JOHN ABNEY",0,1,1,2,2.76,"PARKS, DREW P.",Lbt,1.99,0,-12.995040929646532,2008 only; 2020 lines (Daily Kos),0.0
HOU_TX_08_2012,2012,house,TX,8.0,0,0,"BURNS, NEIL PAUL",D,"BRADY, KEVIN P.",51051.0,194043.0,5958.0,251052.0,20.83,1,R,R,"BRADY, KEVIN P.",0,1,1,1,2.37,"HALL, ROY",Lbt,2.37,0,-27.41070455437345,2008 only; 2020 lines (Daily Kos),0.0
HOU_TX_09_2012,2012,house,TX,9.0,0,0,"GREEN, ALEXANDER (AL)",D,"MUELLER, STEVE",144075.0,36139.0,3352.0,183566.0,79.95,1,D,D,"GREEN, ALEXANDER (AL)",0,1,1,2,1.83,"FOSTER, VANESSA",Grn,0.95,0,22.70193481995747,2008 only; 2020 lines (Daily Kos),0.0
HOU_TX_10_2012,2012,house,TX,10.0,0,0,"CADIEN, TAWANA W.",D,"MCCAUL, MICHAEL T.",95710.0,159783.0,8526.0,264019.0,37.46,1,R,R,"MCCAUL, MICHAEL T.",0,1,1,1,3.23,"PRIEST, RICHARD",Lbt,3.23,0,-10.648195803068964,2008 only; 2020 lines (Daily Kos),0.0
HOU_TX_11_2012,2012,house,TX,11.0,0,0,"RILEY, JIM",D,"CONAWAY, K. MICHAEL (MIKE)",41970.0,177742.0,6311.0,226023.0,19.1,1,R,R,"CONAWAY, K. MICHAEL (MIKE)",0,1,1,1,2.79,"BALLARD, SCOTT J.",Lbt,2.79,0,-30.414290323055127,2008 only; 2020 lines (Daily Kos),0.0
HOU_TX_12_2012,2012,house,TX,12.0,0,0,"ROBINSON, DAVID KEITH (DAVE)",D,"GRANGER, KAY",66080.0,175649.0,5983.0,247712.0,27.34,1,R,R,"GRANGER, KAY",0,1,1,1,2.42,"SOLODOW, MATTHEW J. (MATT)",Lbt,2.42,0,-17.9906214748251,2008 only; 2020 lines (Daily Kos),0.0
HOU_TX_13_2012,2012,house,TX,13.0,0,0,,,"THORNBERRY, WILLIAM M. (MAC)",0.0,187775.0,18613.0,206388.0,,0,R,R,"THORNBERRY, WILLIAM M. (MAC)",0,0,1,2,9.02,"DEEK, JOHN ROBERT",Lbt,6.15,0,-31.33105444799796,2008 only; 2020 lines (Daily Kos),0.0
HOU_TX_14_2012,2012,house,TX,14.0,0,0,"LAMPSON, NICHOLAS V. (NICK)",D,"WEBER, RANDY K., SR.",109697.0,131460.0,4682.0,245839.0,45.49,1,R,,,1,1,1,2,1.9,"GRADY, ZACH",Lbt,1.47,0,-11.285444867079311,2008 only; 2020 lines (Daily Kos),0.0
HOU_TX_15_2012,2012,house,TX,15.0,0,0,"HINOJOSA, RUBEN E.",D,"BRUEGGEMANN, DALE ALLEN",89296.0,54056.0,3309.0,146661.0,62.29,1,D,D,"HINOJOSA, RUBEN E.",0,1,1,1,2.26,"FINCH, RONALD",Lbt,2.26,0,4.025742507516728,2008 only; 2020 lines (Daily Kos),0.0
HOU_TX_16_2012,2012,house,TX,16.0,0,0,"O'ROURKE, ROBERT (BETO)",D,"CARRASCO, BARBARA",101403.0,51043.0,2559.0,155005.0,66.52,1,D,,,1,1,1,1,1.65,"SODOY, JUNART",Lbt,1.65,0,11.28207213361473,2008 only; 2020 lines (Daily Kos),0.0
HOU_TX_17_2012,2012,house,TX,17.0,0,0,,,"FLORES, WILLIAM H. (BILL)",0.0,143284.0,35978.0,179262.0,,0,R,R,"FLORES, WILLIAM H. (BILL)",0,0,1,1,20.07,"EASTON, BEN",Lbt,20.07,0,-12.374008766867217,2008 only; 2020 lines (Daily Kos),0.0
HOU_TX_18_2012,2012,house,TX,18.0,0,0,"JACKSON LEE, SHEILA",D,"SEIBERT, SEAN ERIC LEE",146223.0,44015.0,4694.0,194932.0,76.86,1,D,D,"JACKSON LEE, SHEILA",0,1,1,1,2.41,"BARBER, CHRISTOPHER",Lbt,2.41,0,23.21159245216814,2008 only; 2020 lines (Daily Kos),0.0
HOU_TX_19_2012,2012,house,TX,19.0,0,0,,,"NEUGEBAUER, ROBERT RANDOLPH (RANDY)",0.0,163239.0,28824.0,192063.0,,0,R,R,"NEUGEBAUER, ROBERT RANDOLPH (RANDY)",0,0,1,1,15.01,"PETERSON, CHIP",Lbt,15.01,0,-25.59477920997475,2008 only; 2020 lines (Daily Kos),0.0
HOU_TX_20_2012,2012,house,TX,20.0,0,0,"CASTRO, JOAQUIN",D,"ROSA, DAVID L.",119032.0,62376.0,4769.0,186177.0,65.62,1,D,,,1,1,1,2,2.56,"POTTS, ALBERT E. (TRACY)",Lbt,1.69,0,5.124191089997943,2008 only; 2020 lines (Daily Kos),0.0
HOU_TX_21_2012,2012,house,TX,21.0,0,0,"DUVAL, CANDACE E.",D,"SMITH, LAMAR S.",109326.0,187015.0,12524.0,308865.0,36.89,1,R,R,"SMITH, LAMAR S.",0,1,1,1,4.05,"LIBERTY, JOHN-HENRY",Lbt,4.05,0,-10.971707966538435,2008 only; 2020 lines (Daily Kos),0.0
HOU_TX_22_2012,2012,house,TX,22.0,0,0,"ROGERS, LAKESHA D. (KESHA)",D,"OLSON, PETER G. (PETE)",80203.0,160668.0,10040.0,250911.0,33.3,1,R,R,"OLSON, PETER G. (PETE)",0,1,1,2,4.0,"SUSMAN, STEVEN R. (STEVE)",Lbt,2.39,0,-14.691396754160218,2008 only; 2020 lines (Daily Kos),0.0
HOU_TX_23_2012,2012,house,TX,23.0,0,0,"GALLEGO, PETE P.",D,"CANSECO, FRANCISCO RAUL (QUICO)",96676.0,87547.0,7946.0,192169.0,52.48,1,D,R,"CANSECO, FRANCISCO RAUL (QUICO)",0,1,1,2,4.13,"BLUNT, JEFFREY C.",Lbt,3.04,0,-3.4612372863704555,2008 only; 2020 lines (Daily Kos),0.0
HOU_TX_24_2012,2012,house,TX,24.0,0,0,"RUSK, TIMOTHY EDWARD (TIM)",D,"MARCHANT, KENNY E. (KEN)",87645.0,148586.0,7258.0,243489.0,37.1,1,R,R,"MARCHANT, KENNY E. (KEN)",0,1,1,1,2.98,"STATHAS, JOHN",Lbt,2.98,0,-12.798160560934344,2008 only; 2020 lines (Daily Kos),0.0
HOU_TX_25_2012,2012,house,TX,25.0,0,0,"HENDERSON, ELAINE M.",D,"WILLIAMS, ROGER",98827.0,154245.0,10860.0,263932.0,39.05,1,R,,,1,1,1,1,4.11,"DEWEY, BETSY",Lbt,4.11,0,-10.512845392065897,2008 only; 2020 lines (Daily Kos),0.0
HOU_TX_26_2012,2012,house,TX,26.0,0,0,"SANCHEZ, DAVID",D,"BURGESS, MICHAEL C.",74237.0,176642.0,7844.0,258723.0,29.59,1,R,R,"BURGESS, MICHAEL C.",0,1,1,1,3.03,"BOLER, MARK",Lbt,3.03,0,-18.53511519916024,2008 only; 2020 lines (Daily Kos),0.0
HOU_TX_27_2012,2012,house,TX,27.0,0,0,"HARRISON, ROSE MEZA",D,"FARENTHOLD, RANDOLPH BLAKE",83395.0,120684.0,8572.0,212651.0,40.86,1,R,R,"FARENTHOLD, RANDOLPH BLAKE",0,1,1,2,4.03,"BALDWIN, WILLIAM BRET",I,2.52,0,-13.275395549714258,2008 only; 2020 lines (Daily Kos),0.0
HOU_TX_28_2012,2012,house,TX,28.0,0,0,"CUELLAR, ENRIQUE ROBERTO (HENRY)",D,"HAYWARD, WILLIAM REED",112456.0,49309.0,3880.0,165645.0,69.52,1,D,D,"CUELLAR, ENRIQUE ROBERTO (HENRY)",0,1,1,2,2.34,"HISEL, PATRICK",Lbt,1.49,0,4.949724020278401,2008 only; 2020 lines (Daily Kos),0.0
HOU_TX_29_2012,2012,house,TX,29.0,0,0,"GREEN, RAYMOND EUGENE (GENE)",D,,86053.0,0.0,9558.0,95611.0,,0,D,D,"GREEN, RAYMOND EUGENE (GENE)",0,1,0,2,10.0,"STANCZAK, JAMES",Lbt,5.23,0,8.912392296551952,2008 only; 2020 lines (Daily Kos),0.0
HOU_TX_30_2012,2012,house,TX,30.0,0,0,"JOHNSON, EDDIE BERNICE",D,"WASHINGTON, TRAVIS, JR.",171059.0,41222.0,4733.0,217014.0,80.58,1,D,D,"JOHNSON, EDDIE BERNICE",0,1,1,1,2.18,"RANKIN, ED",Lbt,2.18,0,25.02957987337966,2008 only; 2020 lines (Daily Kos),0.0
HOU_TX_31_2012,2012,house,TX,31.0,0,0,"WYMAN, STEPHEN M.",D,"CARTER, JOHN R.",82977.0,145348.0,8862.0,237187.0,36.34,1,R,R,"CARTER, JOHN R.",0,1,1,1,3.74,"GAROFOLO, ETHAN A.",Lbt,3.74,0,-10.517084653873203,2008 only; 2020 lines (Daily Kos),0.0
HOU_TX_32_2012,2012,house,TX,32.0,0,0,"MCGOVERN, KATHERINE SAVERS",D,"SESSIONS, PETER A. (PETE)",99288.0,146653.0,5695.0,251636.0,40.37,1,R,R,"SESSIONS, PETER A. (PETE)",0,1,1,1,2.26,"HOLLIST, SETH JEWEL",Lbt,2.26,0,-9.441821552053836,2008 only; 2020 lines (Daily Kos),0.0
HOU_TX_33_2012,2012,house,TX,33.0,0,0,"VEASEY, MARC ALLISON",D,"BRADLEY, CHARLES WAYNE (CHUCK)",85114.0,30252.0,2009.0,117375.0,73.78,1,D,,,1,1,1,1,1.71,"LINDSAY, EDWARD (ED)",Grn,1.71,0,15.34857050021946,2008 only; 2020 lines (Daily Kos),0.0
HOU_TX_34_2012,2012,house,TX,34.0,0,0,"VELA, FILEMON B., JR.",D,"PUENTE-BRADSHAW, JESSICA",89606.0,52448.0,2724.0,144778.0,63.08,1,D,,,1,1,1,1,1.88,"SHANKLIN, STEVEN (ZIGGY)",Lbt,1.88,0,6.798128177644336,2008 only; 2020 lines (Daily Kos),0.0
HOU_TX_35_2012,2012,house,TX,35.0,0,0,"DOGGETT, LLOYD A., II",D,"NARVAIZ, SUSAN",105626.0,52894.0,6622.0,165142.0,66.63,1,D,D,"DOGGETT, LLOYD A., II",0,1,1,2,4.01,"LEONE, ROSS LYNN, JR.",Lbt,2.47,0,10.272451438836692,2008 only; 2020 lines (Daily Kos),0.0
HOU_TX_36_2012,2012,house,TX,36.0,0,0,"MARTIN, MAX OWEN",D,"STOCKMAN, STEPHEN E. (STEVE)",62143.0,165405.0,6284.0,233832.0,27.31,1,R,,,1,1,1,1,2.69,"COLE, MICHAEL K.",Lbt,2.69,0,-23.93554341818321,2008 only; 2020 lines (Daily Kos),0.0
HOU_UT_01_2012,2012,house,UT,1.0,0,0,"MCALEER, DONNA M.",D,"BISHOP, ROBERT WILLIAM (ROB)",60611.0,175487.0,9430.0,245528.0,25.67,1,R,R,"BISHOP, ROBERT WILLIAM (ROB)",0,1,1,1,3.84,"PHIPPS, SHERRY",Other,3.84,0,-23.5160580487942,2008 only; 2020 lines (Daily Kos),0.0
HOU_UT_02_2012,2012,house,UT,2.0,0,0,"SEEGMILLER, F. JAY",D,"STEWART, CHRIS",83176.0,154523.0,10846.0,248545.0,34.99,1,R,,,1,1,1,3,4.36,"GARRARD, JONATHAN D.",Other,2.03,0,-14.132353101518602,2008 only; 2020 lines (Daily Kos),0.0
HOU_UT_03_2012,2012,house,UT,3.0,0,0,"SIMONSEN, SOREN DAHL",D,"CHAFFETZ, JASON",60719.0,198828.0,0.0,259547.0,23.39,1,R,R,"CHAFFETZ, JASON",0,1,1,0,0.0,,,,0,-23.345076217637967,2008 only; 2020 lines (Daily Kos),0.0
HOU_UT_04_2012,2012,house,UT,4.0,0,0,"MATHESON, JAMES D. (JIM)",D,"LOVE, MIA B.",119803.0,119035.0,6439.0,245277.0,50.16,1,D,D,"MATHESON, JAMES D. (JIM)",0,1,1,1,2.63,"VEIN, JIM L.",Lbt,2.63,0,-11.60811563577347,2008 only; 2020 lines (Daily Kos),0.0
HOU_VA_01_2012,2012,house,VA,1.0,0,0,"COOK, ADAM M.",D,"WITTMAN, ROBERT JOSEPH (ROB)",147036.0,200845.0,8308.0,356189.0,42.27,1,R,R,"WITTMAN, ROBERT JOSEPH (ROB)",0,1,1,1,2.33,"PARKER, GLENDA GAIL",Other,2.33,0,-7.2399998,old course file (PS9 2012 values),0.0
HOU_VA_02_2012,2012,house,VA,2.0,0,0,"HIRSCHBIEL, PAUL ODELL, JR.",D,"RIGELL, EDWARD (SCOTT)",142548.0,166231.0,0.0,308779.0,46.17,1,R,R,"RIGELL, EDWARD (SCOTT)",0,1,1,0,0.0,,,,0,-3.9100001,old course file (PS9 2012 values),0.0
HOU_VA_03_2012,2012,house,VA,3.0,0,0,"SCOTT, ROBERT CORTEZ (BOBBY)",D,"LONGO, DEAN JAY",259199.0,58931.0,0.0,318130.0,81.48,1,D,D,"SCOTT, ROBERT CORTEZ (BOBBY)",0,1,1,0,0.0,,,,0,24.17,old course file (PS9 2012 values),0.0
HOU_VA_04_2012,2012,house,VA,4.0,0,0,"WARD, ELLA P.",D,"FORBES, JAMES RANDY",150190.0,199292.0,0.0,349482.0,42.98,1,R,R,"FORBES, JAMES RANDY",0,1,1,0,0.0,,,,0,-5.21,old course file (PS9 2012 values),0.0
HOU_VA_05_2012,2012,house,VA,5.0,0,0,"DOUGLASS, JOHN WADE",D,"HURT, ROBERT",149214.0,193009.0,5500.0,347723.0,43.6,1,R,R,"HURT, ROBERT",0,1,1,1,1.58,"HOLDEBRANDT, KENETH J.",Other,1.58,0,-5.4000001,old course file (PS9 2012 values),0.0
HOU_VA_06_2012,2012,house,VA,6.0,0,0,"SCHMOOKLER, ANDREW B. (ANDY)",D,"GOODLATTE, ROBERT W. (BOB)",111949.0,211278.0,0.0,323227.0,34.63,1,R,R,"GOODLATTE, ROBERT W. (BOB)",0,1,1,0,0.0,,,,0,-11.6,old course file (PS9 2012 values),0.0
HOU_VA_07_2012,2012,house,VA,7.0,0,0,"POWELL, ERNEST WAYNE",D,"CANTOR, ERIC IVAN",158012.0,222983.0,0.0,380995.0,41.47,1,R,R,"CANTOR, ERIC IVAN",0,1,1,0,0.0,,,,0,-10.39,old course file (PS9 2012 values),0.0
HOU_VA_08_2012,2012,house,VA,8.0,0,0,"MORAN, JAMES P. (JIM), JR.",D,"MURRAY, J. PATRICK",226847.0,107370.0,16165.0,350382.0,67.87,1,D,D,"MORAN, JAMES P. (JIM), JR.",0,1,1,2,4.61,"HOWELL, JASON J.",I,2.91,0,15.26,old course file (PS9 2012 values),0.0
HOU_VA_09_2012,2012,house,VA,9.0,0,0,"FLACCAVENTO, ANTHONY JUDE",D,"GRIFFITH, HOWARD MORGAN",116400.0,184882.0,0.0,301282.0,38.63,1,R,R,"GRIFFITH, HOWARD MORGAN",0,1,1,0,0.0,,,,0,-11.89,old course file (PS9 2012 values),0.0
HOU_VA_10_2012,2012,house,VA,10.0,0,0,"CABRAL, KRISTIN A.",D,"WOLF, FRANK RUDOLPH",142024.0,214038.0,3855.0,359917.0,39.89,1,R,R,"WOLF, FRANK RUDOLPH",0,1,1,1,1.07,"CHISHOLM, JAMES KEVIN",I,1.07,0,-3.25,old course file (PS9 2012 values),0.0
HOU_VA_11_2012,2012,house,VA,11.0,0,0,"CONNOLLY, GERALD EDWARD (GERRY)",D,"PERKINS, CHRISTOPHER S. (CHRIS)",202606.0,117902.0,11547.0,332055.0,63.21,1,D,D,"CONNOLLY, GERALD EDWARD (GERRY)",0,1,1,4,3.48,"GIBSON, MARK TIMOTHY",I,1.15,0,8.1899996,old course file (PS9 2012 values),0.0
HOU_VT_01_2012,2012,house,VT,1.0,0,0,"WELCH, PETER F.",D,"DONKA, MARK",208600.0,67543.0,13520.0,289663.0,75.54,1,D,D,"WELCH, PETER F.",0,1,1,3,4.67,"DESROCHERS, JAMES (SAM)",I,2.87,0,15.128414460757831,2008 only; 2020 lines (Daily Kos),0.0
HOU_WA_01_2012,2012,house,WA,1.0,0,0,"DELBENE, SUZAN K.",D,"KOSTER, JOHN",177028.0,151187.0,0.0,328215.0,53.94,1,D,,,1,1,1,0,0.0,,,,0,3.5700631605741218,2008 only; 2020 lines (Daily Kos),0.0
HOU_WA_02_2012,2012,house,WA,2.0,0,0,"LARSEN, RICHARD RAY (RICK)",D,"MATTHEWS, DAN",184826.0,117465.0,0.0,302291.0,61.14,1,D,D,"LARSEN, RICHARD RAY (RICK)",0,1,1,0,0.0,,,,0,7.910715881264596,2008 only; 2020 lines (Daily Kos),0.0
HOU_WA_03_2012,2012,house,WA,3.0,0,0,"HAUGEN, JON T.",D,"HERRERA BEUTLER, JAIME",116438.0,177446.0,0.0,293884.0,39.62,1,R,R,"HERRERA BEUTLER, JAIME",0,1,1,0,0.0,,,,0,-1.812225315711169,2008 only; 2020 lines (Daily Kos),0.0
HOU_WA_04_2012,2012,house,WA,4.0,0,0,"BAECHLER, MARY",D,"HASTINGS, RICHARD (DOC)",78940.0,154749.0,0.0,233689.0,33.78,1,R,R,"HASTINGS, RICHARD (DOC)",0,1,1,0,0.0,,,,0,-13.838525055627876,2008 only; 2020 lines (Daily Kos),0.0
HOU_WA_05_2012,2012,house,WA,5.0,0,0,"COWAN, RICH",D,"MCMORRIS RODGERS, CATHY",117512.0,191066.0,0.0,308578.0,38.08,1,R,R,"MCMORRIS RODGERS, CATHY",0,1,1,0,0.0,,,,0,-6.306642360507525,2008 only; 2020 lines (Daily Kos),0.0
HOU_WA_06_2012,2012,house,WA,6.0,0,0,"KILMER, DEREK C.",D,"DRISCOLL, BILL",186661.0,129725.0,0.0,316386.0,59.0,1,D,,,1,1,1,0,0.0,,,,0,4.45468385804968,2008 only; 2020 lines (Daily Kos),0.0
HOU_WA_07_2012,2012,house,WA,7.0,0,0,"MCDERMOTT, JAMES A. (JIM)",D,"BEMIS, RONALD S. (RON)",298368.0,76212.0,0.0,374580.0,79.65,1,D,D,"MCDERMOTT, JAMES A. (JIM)",0,1,1,0,0.0,,,,0,27.897869602758828,2008 only; 2020 lines (Daily Kos),0.0
HOU_WA_08_2012,2012,house,WA,8.0,0,0,"PORTERFIELD, KAREN M.",D,"REICHERT, DAVID GEORGE (DAVE)",121886.0,180204.0,0.0,302090.0,40.35,1,R,R,"REICHERT, DAVID GEORGE (DAVE)",0,1,1,0,0.0,,,,0,-1.376831374283516,2008 only; 2020 lines (Daily Kos),0.0
HOU_WA_09_2012,2012,house,WA,9.0,0,0,"SMITH, D. ADAM",D,"POSTMA, JAMES LEE (JIM)",192034.0,76105.0,0.0,268139.0,71.62,1,D,D,"SMITH, D. ADAM",0,1,1,0,0.0,,,,0,15.842167848737343,2008 only; 2020 lines (Daily Kos),0.0
HOU_WA_10_2012,2012,house,WA,10.0,0,0,"HECK, DENNIS L. (DENNY)",D,"MURI, RICHARD W. (DICK)",163036.0,115381.0,0.0,278417.0,58.56,1,D,,,1,1,1,0,0.0,,,,0,4.467799314408594,2008 only; 2020 lines (Daily Kos),0.0
HOU_WI_01_2012,2012,house,WI,1.0,0,0,"ZERBAN, ROBERT T. (ROB)",D,"RYAN, PAUL D.",158414.0,200423.0,6054.0,364891.0,44.15,1,R,R,"RYAN, PAUL D.",0,1,1,1,1.66,"DESCHLER, KEITH R.",Lbt,1.66,0,-2.426021298441816,2008 only; 2020 lines (Daily Kos),0.0
HOU_WI_02_2012,2012,house,WI,2.0,0,0,"POCAN, MARK",D,"LEE, CHAD",265422.0,124683.0,0.0,390105.0,68.04,1,D,,,1,1,1,0,0.0,,,,0,17.244265451891415,2008 only; 2020 lines (Daily Kos),0.0
HOU_WI_03_2012,2012,house,WI,3.0,0,0,"KIND, RONALD JAMES (RON)",D,"BOLAND, RAYMOND G. (RAY)",217712.0,121713.0,0.0,339425.0,64.14,1,D,D,"KIND, RONALD JAMES (RON)",0,1,1,0,0.0,,,,0,6.492548435287038,2008 only; 2020 lines (Daily Kos),0.0
HOU_WI_04_2012,2012,house,WI,4.0,0,0,"MOORE, GWENDOLYNNE S. (GWEN)",D,"SEBRING, DANIEL P. (DAN)",235257.0,80787.0,9277.0,325321.0,74.44,1,D,D,"MOORE, GWENDOLYNNE S. (GWEN)",0,1,1,1,2.85,"RAYMOND, ROBERT R.",I,2.85,0,21.37308097590346,2008 only; 2020 lines (Daily Kos),0.0
HOU_WI_05_2012,2012,house,WI,5.0,0,0,"HEASTER, DAVE",D,"SENSENBRENNER, FRANK JAMES (JIM), JR.",118478.0,250335.0,0.0,368813.0,32.12,1,R,R,"SENSENBRENNER, FRANK JAMES (JIM), JR.",0,1,1,0,0.0,,,,0,-11.557528395462407,2008 only; 2020 lines (Daily Kos),0.0
HOU_WI_06_2012,2012,house,WI,6.0,0,0,"KALLAS, JOSEPH C. (JOE)",D,"PETRI, THOMAS EVERT (TOM)",135921.0,233460.0,0.0,369381.0,36.8,1,R,R,"PETRI, THOMAS EVERT (TOM)",0,1,1,0,0.0,,,,0,-3.709620967471072,2008 only; 2020 lines (Daily Kos),0.0
HOU_WI_07_2012,2012,house,WI,7.0,0,0,"KREITLOW, PATRICK (PAT)",D,"DUFFY, SEAN P.",157524.0,201720.0,20.0,359264.0,43.85,1,R,R,"DUFFY, SEAN P.",0,1,1,1,0.01,"LEHNER, DALE C.",I,0.01,0,0.2109826927504832,2008 only; 2020 lines (Daily Kos),0.0
HOU_WI_08_2012,2012,house,WI,8.0,0,0,"WALL, JAMES RICHARD (JAMIE), JR.",D,"RIBBLE, REID J.",156287.0,198874.0,0.0,355161.0,44.0,1,R,R,"RIBBLE, REID J.",0,1,1,0,0.0,,,,0,0.6034610863074774,2008 only; 2020 lines (Daily Kos),0.0
HOU_WV_01_2012,2012,house,WV,1.0,0,0,"THORN, SUSAN CAROL (SUE)",D,"MCKINLEY, DAVID B.",73700.0,121035.0,0.0,194735.0,37.85,1,R,R,"MCKINLEY, DAVID B.",0,1,1,0,0.0,,,,0,-11.498509039013078,2008 only; 2020 lines (Daily Kos),0.0
HOU_WV_02_2012,2012,house,WV,2.0,0,0,"SWINT, HOWARD",D,"CAPITO, SHELLEY MOORE",66620.0,154836.0,0.0,221456.0,30.08,1,R,R,"CAPITO, SHELLEY MOORE",0,1,1,0,0.0,,,,0,-9.244491772530466,2008 only; 2020 lines (Daily Kos),0.0
HOU_WV_03_2012,2012,house,WV,3.0,0,0,"RAHALL, NICK JOE, II",D,"SNUFFER, RICHARD RAY (RICK)",82365.0,74164.0,0.0,156529.0,52.62,1,D,D,"RAHALL, NICK JOE, II",0,1,1,0,0.0,,,,0,-10.62515046881976,2008 only; 2020 lines (Daily Kos),0.0
HOU_WY_01_2012,2012,house,WY,1.0,0,0,"HENRICHSEN, CHRIS",D,"LUMMIS, CYNTHIA MARIE",57573.0,166452.0,0.0,224025.0,25.7,1,R,R,"LUMMIS, CYNTHIA MARIE",0,1,1,0,0.0,,,,0,-20.33279063367618,2008 only; 2020 lines (Daily Kos),0.0
HOU_AK_01_2014,2014,house,AK,1.0,0,1,"DUNBAR, FORREST",D,"YOUNG, DONALD E. (DON)",114602.0,142572.0,21290.0,278464.0,44.56,1,R,R,"YOUNG, DONALD E. (DON)",0,1,1,1,7.65,"MCDERMOTT, JAMES C. (JIM)",Lbt,7.65,0,-10.702775884381444,0.75*2012 + 0.25*2008; 2020 lines (Daily Kos),0.0
HOU_AL_01_2014,2014,house,AL,1.0,0,1,"LEFLORE, BURTON R.",D,"BYRNE, BRADLEY R.",48278.0,103758.0,0.0,152036.0,31.75,1,R,R,"BYRNE, BRADLEY R.",0,1,1,0,0.0,,,,0,-14.515268885018337,0.75*2012 + 0.25*2008; 2020 lines (Daily Kos),0.0
HOU_AL_02_2014,2014,house,AL,2.0,0,1,"WRIGHT, ERICK",D,"ROBY, MARTHA D.",54692.0,113103.0,0.0,167795.0,32.59,1,R,R,"ROBY, MARTHA D.",0,1,1,0,0.0,,,,0,-16.146763800265553,0.75*2012 + 0.25*2008; 2020 lines (Daily Kos),0.0
HOU_AL_03_2014,2014,house,AL,3.0,0,1,"SMITH, JESSE T.",D,"ROGERS, MICHAEL DENNIS (MIKE)",52816.0,103558.0,0.0,156374.0,33.78,1,R,R,"ROGERS, MICHAEL DENNIS (MIKE)",0,1,1,0,0.0,,,,0,-15.366110270989374,0.75*2012 + 0.25*2008; 2020 lines (Daily Kos),0.0
HOU_AL_04_2014,2014,house,AL,4.0,0,1,,,"ADERHOLT, ROBERT BROWN",0.0,132831.0,0.0,132831.0,,0,R,R,"ADERHOLT, ROBERT BROWN",0,0,1,0,0.0,,,,0,-27.79292027032627,0.75*2012 + 0.25*2008; 2020 lines (Daily Kos),0.0
HOU_AL_05_2014,2014,house,AL,5.0,0,1,"BRAY, MARK HATFIELD",I,"BROOKS, MORRIS J. (MO), JR.",39005.0,115338.0,0.0,154343.0,25.27,1,R,R,"BROOKS, MORRIS J. (MO), JR.",0,0,1,0,0.0,,,,0,-16.787630152574376,0.75*2012 + 0.25*2008; 2020 lines (Daily Kos),0.0
HOU_AL_06_2014,2014,house,AL,6.0,0,1,"LESTER, MARK",D,"PALMER, GARY J.",42291.0,135945.0,0.0,178236.0,23.73,1,R,,,1,1,1,0,0.0,,,,0,-27.45037638434006,0.75*2012 + 0.25*2008; 2020 lines (Daily Kos),0.0
HOU_AL_07_2014,2014,house,AL,7.0,0,1,"SEWELL, TERRYCINA ANDREA (TERRI)",D,,133687.0,0.0,0.0,133687.0,,0,D,D,"SEWELL, TERRYCINA ANDREA (TERRI)",0,1,0,0,0.0,,,,0,20.055124823465068,0.75*2012 + 0.25*2008; 2020 lines (Daily Kos),0.0
HOU_AR_01_2014,2014,house,AR,1.0,0,1,"MCPHERSON, JACKIE",D,"CRAWFORD, ERIC ALAN (RICK)",63555.0,124139.0,8562.0,196256.0,33.86,1,R,R,"CRAWFORD, ERIC ALAN (RICK)",0,1,1,1,4.36,"WILLHITE, BRIAN S.",Lbt,4.36,0,-14.365419645016525,0.75*2012 + 0.25*2008; 2020 lines (Daily Kos),0.0
HOU_AR_02_2014,2014,house,AR,2.0,0,1,"HAYS, PATRICK HENRY",D,"HILL, JAMES FRENCH",103477.0,123073.0,0.0,226550.0,45.68,1,R,,,1,1,1,0,0.0,,,,0,-8.203923636703017,0.75*2012 + 0.25*2008; 2020 lines (Daily Kos),0.0
HOU_AR_03_2014,2014,house,AR,3.0,0,1,,,"WOMACK, STEPHEN ALLEN (STEVE)",0.0,151630.0,0.0,151630.0,,0,R,R,"WOMACK, STEPHEN ALLEN (STEVE)",0,0,1,0,0.0,,,,0,-19.37358746640756,0.75*2012 + 0.25*2008; 2020 lines (Daily Kos),0.0
HOU_AR_04_2014,2014,house,AR,4.0,0,1,"WITT, JAMES LEE",D,"WESTERMAN, BRUCE",87742.0,110789.0,7598.0,206129.0,44.2,1,R,,,1,1,1,1,3.69,"HAMILTON, KENNETH I.",Lbt,3.69,0,-15.301127297575176,0.75*2012 + 0.25*2008; 2020 lines (Daily Kos),0.0
HOU_AZ_01_2014,2014,house,AZ,1.0,0,1,"KIRKPATRICK, ANN",D,"TOBIN, ANDREW (ANDY)",97391.0,87723.0,0.0,185114.0,52.61,1,D,D,"KIRKPATRICK, ANN",0,1,1,0,0.0,,,,0,-3.812639498787834,0.75*2012 + 0.25*2008; 2020 lines (Daily Kos),0.0
HOU_AZ_02_2014,2014,house,AZ,2.0,0,1,"BARBER, RONALD (RON)",D,"MCSALLY, MARTHA E.",109543.0,109704.0,0.0,219247.0,49.96,1,R,D,"BARBER, RONALD (RON)",0,1,1,0,0.0,,,,0,-3.1642049872067464,0.75*2012 + 0.25*2008; 2020 lines (Daily Kos),0.0
HOU_AZ_03_2014,2014,house,AZ,3.0,0,1,"GRIJALVA, RAUL M.",D,"MERCER, GABRIELA SAUCEDO",58192.0,46185.0,0.0,104377.0,55.75,1,D,D,"GRIJALVA, RAUL M.",0,1,1,0,0.0,,,,0,9.092300482573409,0.75*2012 + 0.25*2008; 2020 lines (Daily Kos),0.0
HOU_AZ_04_2014,2014,house,AZ,4.0,0,1,"WEISSER, MIKEL",D,"GOSAR, PAUL ANTHONY",45179.0,122560.0,0.0,167739.0,26.93,1,R,R,"GOSAR, PAUL ANTHONY",0,1,1,0,0.0,,,,0,-20.04298283038745,0.75*2012 + 0.25*2008; 2020 lines (Daily Kos),0.0
HOU_AZ_05_2014,2014,house,AZ,5.0,0,1,"WOODS, JAMES",D,"SALMON, MATTHEW JAMES (MATT)",54596.0,124867.0,0.0,179463.0,30.42,1,R,R,"SALMON, MATTHEW JAMES (MATT)",0,1,1,0,0.0,,,,0,-16.91982943679989,0.75*2012 + 0.25*2008; 2020 lines (Daily Kos),0.0
HOU_AZ_06_2014,2014,house,AZ,6.0,0,1,"WILLIAMSON, W. JOHN",D,"SCHWEIKERT, DAVID",70198.0,129578.0,0.0,199776.0,35.14,1,R,R,"SCHWEIKERT, DAVID",0,1,1,0,0.0,,,,0,-12.432243397239612,0.75*2012 + 0.25*2008; 2020 lines (Daily Kos),0.0
HOU_AZ_07_2014,2014,house,AZ,7.0,0,1,"GALLEGO, RUBEN",D,,54235.0,0.0,10715.0,64950.0,,0,D,,,1,1,0,1,16.5,"COBB, JOE",Lbt,16.5,0,18.68073269240724,0.75*2012 + 0.25*2008; 2020 lines (Daily Kos),0.0
HOU_AZ_08_2014,2014,house,AZ,8.0,0,1,,,"FRANKS, TRENT",0.0,128710.0,0.0,128710.0,,0,R,R,"FRANKS, TRENT",0,0,1,0,0.0,,,,0,-14.691797183507036,0.75*2012 + 0.25*2008; 2020 lines (Daily Kos),0.0
HOU_AZ_09_2014,2014,house,AZ,9.0,0,1,"SINEMA, KYRSTEN",D,"ROGERS, WENDY",88609.0,67841.0,0.0,156450.0,56.64,1,D,D,"SINEMA, KYRSTEN",0,1,1,0,0.0,,,,0,-0.2197569584595382,0.75*2012 + 0.25*2008; 2020 lines (Daily Kos),0.0
HOU_CA_01_2014,2014,house,CA,1.0,0,1,"HALL, HEIDI",D,"LAMALFA, DOUG",84320.0,132052.0,0.0,216372.0,38.97,1,R,R,"LAMALFA, DOUG",0,1,1,0,0.0,,,,0,-10.42413003214097,2012 only; 2020 lines (Daily Kos),0.0
HOU_CA_02_2014,2014,house,CA,2.0,0,1,"HUFFMAN, JARED WILLIAM",D,"MENSING, DALE K.",163124.0,54400.0,0.0,217524.0,74.99,1,D,D,"HUFFMAN, JARED WILLIAM",0,1,1,0,0.0,,,,0,19.904388844973496,2012 only; 2020 lines (Daily Kos),0.0
HOU_CA_03_2014,2014,house,CA,3.0,0,1,"GARAMENDI, JOHN R.",D,"LOGUE, DAN",79224.0,71036.0,0.0,150260.0,52.72,1,D,D,"GARAMENDI, JOHN R.",0,1,1,0,0.0,,,,0,3.745007245424148,2012 only; 2020 lines (Daily Kos),0.0
HOU_CA_04_2014,2014,house,CA,4.0,0,1,,,"MCCLINTOCK, THOMAS MILLER (TOM), II; MOORE, ARTHUR S. (ART)",0.0,211134.0,0.0,211134.0,,0,R,R,"MCCLINTOCK, THOMAS MILLER (TOM), II",0,0,2,0,0.0,,,,0,-11.423198089421271,2012 only; 2020 lines (Daily Kos),0.0
HOU_CA_05_2014,2014,house,CA,5.0,0,1,"THOMPSON, C. MICHAEL (MIKE)",D,,129613.0,0.0,41535.0,171148.0,,0,D,D,"THOMPSON, C. MICHAEL (MIKE)",0,1,0,1,24.27,"HINTON, JAMES",I,24.27,0,19.74338258574205,2012 only; 2020 lines (Daily Kos),0.0
HOU_CA_06_2014,2014,house,CA,6.0,0,1,"MATSUI, DORIS O.",D,"MCCRAY, JOSEPH, SR.",97008.0,36448.0,0.0,133456.0,72.69,1,D,D,"MATSUI, DORIS O.",0,1,1,0,0.0,,,,0,18.962320716040992,2012 only; 2020 lines (Daily Kos),0.0
HOU_CA_07_2014,2014,house,CA,7.0,0,1,"BERA, AMERISH (AMI)",D,"OSE, DOUGLAS A. (DOUG)",92521.0,91066.0,0.0,183587.0,50.4,1,D,D,"BERA, AMERISH (AMI)",0,1,1,0,0.0,,,,0,0.0075955462629062,2012 only; 2020 lines (Daily Kos),0.0
HOU_CA_08_2014,2014,house,CA,8.0,0,1,"CONAWAY, ROBERT DEAN (BOB)",D,"COOK, PAUL J.",37056.0,77480.0,0.0,114536.0,32.35,1,R,R,"COOK, PAUL J.",0,1,1,0,0.0,,,,0,-9.18852394744802,2012 only; 2020 lines (Daily Kos),0.0
HOU_CA_09_2014,2014,house,CA,9.0,0,1,"MCNERNEY, GERALD MARK (JERRY)",D,"AMADOR, ANTONIO C. (TONY)",63475.0,57729.0,0.0,121204.0,52.37,1,D,D,"MCNERNEY, GERALD MARK (JERRY)",0,1,1,0,0.0,,,,0,7.0288471384550855,2012 only; 2020 lines (Daily Kos),0.0
HOU_CA_10_2014,2014,house,CA,10.0,0,1,"EGGMAN, MICHAEL",D,"DENHAM, JEFFREY (JEFF)",55123.0,70582.0,0.0,125705.0,43.85,1,R,R,"DENHAM, JEFFREY (JEFF)",0,1,1,0,0.0,,,,0,-0.1622902090152256,2012 only; 2020 lines (Daily Kos),0.0
HOU_CA_11_2014,2014,house,CA,11.0,0,1,"DESAULNIER, MARK",D,"PHAN, TUE",117502.0,57160.0,0.0,174662.0,67.27,1,D,,,1,1,1,0,0.0,,,,0,17.2931602008201,2012 only; 2020 lines (Daily Kos),0.0
HOU_CA_12_2014,2014,house,CA,12.0,0,1,"PELOSI, NANCY",D,"DENNIS, JOHN",160067.0,32197.0,0.0,192264.0,83.25,1,D,D,"PELOSI, NANCY",0,1,1,0,0.0,,,,0,35.06356274089855,2012 only; 2020 lines (Daily Kos),0.0
HOU_CA_13_2014,2014,house,CA,13.0,0,1,"LEE, BARBARA J.",D,"SUNDEEN, DAKIN",168491.0,21940.0,0.0,190431.0,88.48,1,D,D,"LEE, BARBARA J.",0,1,1,0,0.0,,,,0,38.6947523479574,2012 only; 2020 lines (Daily Kos),0.0
HOU_CA_14_2014,2014,house,CA,14.0,0,1,"SPEIER, KAREN (JACKIE)",D,"CHEW, ROBIN L.",114389.0,34757.0,0.0,149146.0,76.7,1,D,D,"SPEIER, KAREN (JACKIE)",0,1,1,0,0.0,,,,0,23.89715851715452,2012 only; 2020 lines (Daily Kos),0.0
HOU_CA_15_2014,2014,house,CA,15.0,0,1,"SWALWELL, ERIC MICHAEL",D,"BUSSELL, HUGH",99756.0,43150.0,0.0,142906.0,69.81,1,D,D,"SWALWELL, ERIC MICHAEL",0,1,1,0,0.0,,,,0,17.49961880120464,2012 only; 2020 lines (Daily Kos),0.0
HOU_CA_16_2014,2014,house,CA,16.0,0,1,"COSTA, JIM",D,"TACHERRA, JOHNNY MARTIN",46277.0,44943.0,0.0,91220.0,50.73,1,D,D,"COSTA, JIM",0,1,1,0,0.0,,,,0,7.791425417549203,2012 only; 2020 lines (Daily Kos),0.0
HOU_CA_17_2014,2014,house,CA,17.0,0,1,"HONDA, MICHAEL MAKOTO (MIKE); KHANNA, ROHIT (RO)",D,,134408.0,0.0,0.0,134408.0,,0,D,D,"HONDA, MICHAEL MAKOTO (MIKE)",0,2,0,0,0.0,,,,0,21.783536256518264,2012 only; 2020 lines (Daily Kos),0.0
HOU_CA_18_2014,2014,house,CA,18.0,0,1,"ESHOO, ANNA G.",D,"FOX, RICHARD B.",133060.0,63326.0,0.0,196386.0,67.75,1,D,D,"ESHOO, ANNA G.",0,1,1,0,0.0,,,,0,18.21703471948053,2012 only; 2020 lines (Daily Kos),0.0
HOU_CA_19_2014,2014,house,CA,19.0,0,1,"LOFGREN, ZOE; MURRAY, ROBERT",D,,127788.0,0.0,0.0,127788.0,,0,D,D,"LOFGREN, ZOE",0,2,0,0,0.0,,,,0,20.85527993879441,2012 only; 2020 lines (Daily Kos),0.0
HOU_CA_20_2014,2014,house,CA,20.0,0,1,"FARR, SAM",D,,106034.0,0.0,35010.0,141044.0,,0,D,D,"FARR, SAM",0,1,0,1,24.82,"KABAT, RONALD PAUL",I,24.82,0,21.0101643541056,2012 only; 2020 lines (Daily Kos),0.0
HOU_CA_21_2014,2014,house,CA,21.0,0,1,"RENTERIA, AMANDA",D,"VALADAO, DAVID G.",33470.0,45907.0,0.0,79377.0,42.17,1,R,R,"VALADAO, DAVID G.",0,1,1,0,0.0,,,,0,3.640482993884697,2012 only; 2020 lines (Daily Kos),0.0
HOU_CA_22_2014,2014,house,CA,22.0,0,1,"AGUILERA-MARRERO, SUZANNA (SAM)",D,"NUNES, DEVIN GERALD",37289.0,96053.0,0.0,133342.0,27.96,1,R,R,"NUNES, DEVIN GERALD",0,1,1,0,0.0,,,,0,-9.653827043203131,2012 only; 2020 lines (Daily Kos),0.0
HOU_CA_23_2014,2014,house,CA,23.0,0,1,"GARCIA, RAUL",D,"MCCARTHY, KEVIN",33726.0,100317.0,0.0,134043.0,25.16,1,R,R,"MCCARTHY, KEVIN",0,1,1,0,0.0,,,,0,-15.008519022970374,2012 only; 2020 lines (Daily Kos),0.0
HOU_CA_24_2014,2014,house,CA,24.0,0,1,"CAPPS, LOIS G.",D,"MITCHUM, CHRISTOPHER (CHRIS)",103228.0,95566.0,0.0,198794.0,51.93,1,D,D,"CAPPS, LOIS G.",0,1,1,0,0.0,,,,0,3.632895473616171,2012 only; 2020 lines (Daily Kos),0.0
HOU_CA_25_2014,2014,house,CA,25.0,0,1,,,"KNIGHT, STEPHEN (STEVE); STRICKLAND, ANTHONY A. (TONY)",0.0,114072.0,0.0,114072.0,,0,R,,,1,0,2,0,0.0,,,,0,-2.93626720706886,2012 only; 2020 lines (Daily Kos),0.0
HOU_CA_26_2014,2014,house,CA,26.0,0,1,"BROWNLEY, JULIA",D,"GORELL, JEFF",87176.0,82653.0,0.0,169829.0,51.33,1,D,D,"BROWNLEY, JULIA",0,1,1,0,0.0,,,,0,3.2393307968026974,2012 only; 2020 lines (Daily Kos),0.0
HOU_CA_27_2014,2014,house,CA,27.0,0,1,"CHU, JUDY M.",D,"ORSWELL, JACK",75728.0,51852.0,0.0,127580.0,59.36,1,D,D,"CHU, JUDY M.",0,1,1,0,0.0,,,,0,12.137903020166307,2012 only; 2020 lines (Daily Kos),0.0
HOU_CA_28_2014,2014,house,CA,28.0,0,1,"SCHIFF, ADAM B.",D,,91996.0,0.0,28268.0,120264.0,,0,D,D,"SCHIFF, ADAM B.",0,1,0,1,23.5,"STOKES, STEVE",I,23.5,0,20.58594400393251,2012 only; 2020 lines (Daily Kos),0.0
HOU_CA_29_2014,2014,house,CA,29.0,0,1,"CARDENAS, TONY",D,"LEADER, WILLIAM O'CALLAGHAN",50096.0,17045.0,0.0,67141.0,74.61,1,D,D,"CARDENAS, TONY",0,1,1,0,0.0,,,,0,26.95296473334624,2012 only; 2020 lines (Daily Kos),0.0
HOU_CA_30_2014,2014,house,CA,30.0,0,1,"SHERMAN, BRAD",D,"REED, MARK S.",86568.0,45315.0,0.0,131883.0,65.64,1,D,D,"SHERMAN, BRAD",0,1,1,0,0.0,,,,0,15.009435359930537,2012 only; 2020 lines (Daily Kos),0.0
HOU_CA_31_2014,2014,house,CA,31.0,0,1,"AGUILAR, PETE",D,"CHABOT, PAUL R.",51622.0,48162.0,0.0,99784.0,51.73,1,D,,,1,1,1,0,0.0,,,,0,6.466316048609045,2012 only; 2020 lines (Daily Kos),0.0
HOU_CA_32_2014,2014,house,CA,32.0,0,1,"NAPOLITANO, GRACE FLORES",D,"ALAS, ARTURO ENRIQUE",50353.0,34053.0,0.0,84406.0,59.66,1,D,D,"NAPOLITANO, GRACE FLORES",0,1,1,0,0.0,,,,0,14.744233023960229,2012 only; 2020 lines (Daily Kos),0.0
HOU_CA_33_2014,2014,house,CA,33.0,0,1,"LIEU, TED W.",D,"CARR, ELAN",108331.0,74700.0,0.0,183031.0,59.19,1,D,,,1,1,1,0,0.0,,,,0,10.228016080769333,2012 only; 2020 lines (Daily Kos),0.0
HOU_CA_34_2014,2014,house,CA,34.0,0,1,"BECERRA, XAVIER; EDWARDS, ADRIENNE NICOLE",D,,61621.0,0.0,0.0,61621.0,,0,D,D,"BECERRA, XAVIER",0,2,0,0,0.0,,,,0,33.42451497151975,2012 only; 2020 lines (Daily Kos),0.0
HOU_CA_35_2014,2014,house,CA,35.0,0,1,"TORRES, NORMA J.; GAGNIER, CHRISTINA",D,,62255.0,0.0,0.0,62255.0,,0,D,,,1,2,0,0,0.0,,,,0,16.785556655327618,2012 only; 2020 lines (Daily Kos),0.0
HOU_CA_36_2014,2014,house,CA,36.0,0,1,"RUIZ, RAUL",D,"NESTANDE, BRIAN",72682.0,61457.0,0.0,134139.0,54.18,1,D,D,"RUIZ, RAUL",0,1,1,0,0.0,,,,0,-0.3936882004516806,2012 only; 2020 lines (Daily Kos),0.0
HOU_CA_37_2014,2014,house,CA,37.0,0,1,"BASS, KAREN R.",D,"KING, R. ADAM",96787.0,18051.0,0.0,114838.0,84.28,1,D,D,"BASS, KAREN R.",0,1,1,0,0.0,,,,0,34.96103411319209,2012 only; 2020 lines (Daily Kos),0.0
HOU_CA_38_2014,2014,house,CA,38.0,0,1,"SANCHEZ, LINDA T.",D,"CAMPOS, BENJAMIN",58192.0,40288.0,0.0,98480.0,59.09,1,D,D,"SANCHEZ, LINDA T.",0,1,1,0,0.0,,,,0,14.298277125059878,2012 only; 2020 lines (Daily Kos),0.0
HOU_CA_39_2014,2014,house,CA,39.0,0,1,"ANDERSON, PETER O.",D,"ROYCE, EDWARD R. (ED)",41906.0,91319.0,0.0,133225.0,31.46,1,R,R,"ROYCE, EDWARD R. (ED)",0,1,1,0,0.0,,,,0,-3.878033690923033,2012 only; 2020 lines (Daily Kos),0.0
HOU_CA_40_2014,2014,house,CA,40.0,0,1,"ROYBAL-ALLARD, LUCILLE; SANCHEZ, DAVID JOHN",D,,49379.0,0.0,0.0,49379.0,,0,D,D,"ROYBAL-ALLARD, LUCILLE",0,2,0,0,0.0,,,,0,31.13254682645792,2012 only; 2020 lines (Daily Kos),0.0
HOU_CA_41_2014,2014,house,CA,41.0,0,1,"TAKANO, MARK ALLAN",D,"ADAMS, STEVE",46948.0,35936.0,0.0,82884.0,56.64,1,D,D,"TAKANO, MARK ALLAN",0,1,1,0,0.0,,,,0,10.872645823157,2012 only; 2020 lines (Daily Kos),0.0
HOU_CA_42_2014,2014,house,CA,42.0,0,1,"SHERIDAN, TIM",D,"CALVERT, KENNETH STANTON (KEN)",38850.0,74540.0,0.0,113390.0,34.26,1,R,R,"CALVERT, KENNETH STANTON (KEN)",0,1,1,0,0.0,,,,0,-9.746770083760095,2012 only; 2020 lines (Daily Kos),0.0
HOU_CA_43_2014,2014,house,CA,43.0,0,1,"WATERS, MAXINE",D,"WOOD, JOHN, JR.",69681.0,28521.0,0.0,98202.0,70.96,1,D,D,"WATERS, MAXINE",0,1,1,0,0.0,,,,0,27.56793681366532,2012 only; 2020 lines (Daily Kos),0.0
HOU_CA_44_2014,2014,house,CA,44.0,0,1,"HAHN, JANICE K.",D,,59670.0,0.0,9192.0,68862.0,,0,D,D,"HAHN, JANICE K.",0,1,0,1,13.35,"SHBEITA, ADAM",Other,13.35,0,34.138931331985525,2012 only; 2020 lines (Daily Kos),0.0
HOU_CA_45_2014,2014,house,CA,45.0,0,1,"LEAVENS, DREW E.",D,"WALTERS, MIMI",56819.0,106083.0,0.0,162902.0,34.88,1,R,,,1,1,1,0,0.0,,,,0,-8.020243494032131,2012 only; 2020 lines (Daily Kos),0.0
HOU_CA_46_2014,2014,house,CA,46.0,0,1,"SANCHEZ, LORETTA L.",D,"NICK, ADAM",49738.0,33577.0,0.0,83315.0,59.7,1,D,D,"SANCHEZ, LORETTA L.",0,1,1,0,0.0,,,,0,10.916601616121168,2012 only; 2020 lines (Daily Kos),0.0
HOU_CA_47_2014,2014,house,CA,47.0,0,1,"LOWENTHAL, ALAN S.",D,"WHALLON, ANDREW (ANDY)",69091.0,54309.0,0.0,123400.0,55.99,1,D,D,"LOWENTHAL, ALAN S.",0,1,1,0,0.0,,,,0,9.567115545456984,2012 only; 2020 lines (Daily Kos),0.0
HOU_CA_48_2014,2014,house,CA,48.0,0,1,"SAVARY, SUZANNE JOYCE (SUE)",D,"ROHRABACHER, DANA TYRONE",62713.0,112082.0,0.0,174795.0,35.88,1,R,R,"ROHRABACHER, DANA TYRONE",0,1,1,0,0.0,,,,0,-7.987363268000546,2012 only; 2020 lines (Daily Kos),0.0
HOU_CA_49_2014,2014,house,CA,49.0,0,1,"PEISER, DAVE",D,"ISSA, DARRELL EDWARD",64981.0,98161.0,0.0,163142.0,39.83,1,R,R,"ISSA, DARRELL EDWARD",0,1,1,0,0.0,,,,0,-5.375969961622751,2012 only; 2020 lines (Daily Kos),0.0
HOU_CA_50_2014,2014,house,CA,50.0,0,1,"KIMBER, JAMES H.",D,"HUNTER, DUNCAN DUANE, JR.",45302.0,111997.0,0.0,157299.0,28.8,1,R,R,"HUNTER, DUNCAN DUANE, JR.",0,1,1,0,0.0,,,,0,-13.672694462981566,2012 only; 2020 lines (Daily Kos),0.0
HOU_CA_51_2014,2014,house,CA,51.0,0,1,"VARGAS, JUAN CARLOS",D,"MEADE, STEPHEN",56373.0,25577.0,0.0,81950.0,68.79,1,D,D,"VARGAS, JUAN CARLOS",0,1,1,0,0.0,,,,0,18.605433054629927,2012 only; 2020 lines (Daily Kos),0.0
HOU_CA_52_2014,2014,house,CA,52.0,0,1,"PETERS, SCOTT H.",D,"DEMAIO, CARL",98826.0,92746.0,0.0,191572.0,51.59,1,D,D,"PETERS, SCOTT H.",0,1,1,0,0.0,,,,0,1.270758898010016,2012 only; 2020 lines (Daily Kos),0.0
HOU_CA_53_2014,2014,house,CA,53.0,0,1,"DAVIS, SUSAN A.",D,"WILSKE, LARRY A.",87104.0,60940.0,0.0,148044.0,58.84,1,D,D,"DAVIS, SUSAN A.",0,1,1,0,0.0,,,,0,10.772484662083292,2012 only; 2020 lines (Daily Kos),0.0
HOU_CO_01_2014,2014,house,CO,1.0,0,1,"DEGETTE, DIANA LOUISE",D,"WALSH, MARTIN H.",183281.0,80682.0,14528.0,278491.0,69.43,1,D,D,"DEGETTE, DIANA LOUISE",0,1,1,2,5.22,"ATWOOD, FRANK",Lbt,3.34,0,18.4334238078864,0.75*2012 + 0.25*2008; 2020 lines (Daily Kos),0.0
HOU_CO_02_2014,2014,house,CO,2.0,0,1,"POLIS, JARED S.",D,"LEING, GEORGE",196300.0,149645.0,0.0,345945.0,56.74,1,D,D,"POLIS, JARED S.",0,1,1,0,0.0,,,,0,7.68988462952711,0.75*2012 + 0.25*2008; 2020 lines (Daily Kos),0.0
HOU_CO_03_2014,2014,house,CO,3.0,0,1,"TAPIA, ABEL J.",D,"TIPTON, SCOTT RANDALL",100364.0,163011.0,17766.0,281141.0,38.11,1,R,R,"TIPTON, SCOTT RANDALL",0,1,1,2,6.32,"CASIDA, TISHA TRINETTE",Other,4.02,0,-4.949043095101713,0.75*2012 + 0.25*2008; 2020 lines (Daily Kos),0.0
HOU_CO_04_2014,2014,house,CO,4.0,0,1,"MEYERS, VICTOR SCOTT (VIC)",D,"BUCK, KENNETH (KEN)",83727.0,185292.0,17488.0,286507.0,31.12,1,R,,,1,1,1,2,6.1,"LOBAN, JESS",Lbt,3.31,0,-11.681804212529872,0.75*2012 + 0.25*2008; 2020 lines (Daily Kos),0.0
HOU_CO_05_2014,2014,house,CO,5.0,0,1,"HALTER, IRV",D,"LAMBORN, DOUGLAS L. (DOUG)",105673.0,157182.0,0.0,262855.0,40.2,1,R,R,"LAMBORN, DOUGLAS L. (DOUG)",0,1,1,0,0.0,,,,0,-12.88305442061726,0.75*2012 + 0.25*2008; 2020 lines (Daily Kos),0.0
HOU_CO_06_2014,2014,house,CO,6.0,0,1,"ROMANOFF, ANDREW",D,"COFFMAN, MICHAEL H. (MIKE)",118847.0,143467.0,14126.0,276440.0,45.31,1,R,R,"COFFMAN, MICHAEL H. (MIKE)",0,1,1,2,5.11,"OLSEN, NORMAN T. (NORM)",Lbt,3.12,0,0.5886331186882587,0.75*2012 + 0.25*2008; 2020 lines (Daily Kos),0.0
HOU_CO_07_2014,2014,house,CO,7.0,0,1,"PERLMUTTER, EDWIN G. (ED)",D,"YTTERBERG, DON",148225.0,120918.0,0.0,269143.0,55.07,1,D,D,"PERLMUTTER, EDWIN G. (ED)",0,1,1,0,0.0,,,,0,5.385769411532637,0.75*2012 + 0.25*2008; 2020 lines (Daily Kos),0.0
HOU_CT_01_2014,2014,house,CT,1.0,0,1,"LARSON, JOHN B.",D,"COREY, MATTHEW MCKINNON",135825.0,78609.0,3447.0,217881.0,63.34,1,D,D,"LARSON, JOHN B.",0,1,1,1,1.58,"RUSSELL, JEFFREY (JEFF)",Grn,1.58,0,12.215058945192874,0.75*2012 + 0.25*2008; 2020 lines (Daily Kos),0.0
HOU_CT_02_2014,2014,house,CT,2.0,0,1,"COURTNEY, JOSEPH D. (JOE)",D,"HOPKINS-CAVANAGH, LORI",141948.0,80837.0,5151.0,227936.0,63.72,1,D,D,"COURTNEY, JOSEPH D. (JOE)",0,1,1,2,2.26,"REALE, DANIEL J. (DAN)",Lbt,1.14,0,4.978847503270647,0.75*2012 + 0.25*2008; 2020 lines (Daily Kos),0.0
HOU_CT_03_2014,2014,house,CT,3.0,0,1,"DELAURO, ROSA L.",D,"BROWN, JAMES E.",140485.0,69454.0,0.0,209939.0,66.92,1,D,D,"DELAURO, ROSA L.",0,1,1,0,0.0,,,,0,10.873645522651612,0.75*2012 + 0.25*2008; 2020 lines (Daily Kos),0.0
HOU_CT_04_2014,2014,house,CT,4.0,0,1,"HIMES, JAMES A. (JIM)",D,"DEBICELLA, DAN",106873.0,91922.0,0.0,198795.0,53.76,1,D,D,"HIMES, JAMES A. (JIM)",0,1,1,0,0.0,,,,0,4.229884212074103,0.75*2012 + 0.25*2008; 2020 lines (Daily Kos),0.0
HOU_CT_05_2014,2014,house,CT,5.0,0,1,"ESTY, ELIZABETH H.",D,"GREENBERG, MARK DANIEL",113564.0,97767.0,1970.0,213301.0,53.74,1,D,D,"ESTY, ELIZABETH H.",0,1,1,1,0.92,"PISTONE, JOHN J.",Other,0.92,0,2.4332154802833794,0.75*2012 + 0.25*2008; 2020 lines (Daily Kos),0.0
HOU_DE_01_2014,2014,house,DE,1.0,0,1,"CARNEY, JOHN CHARLES, JR.",D,"IZZO, ROSE",137251.0,85146.0,0.0,222397.0,61.71,1,D,D,"CARNEY, JOHN CHARLES, JR.",0,1,1,0,0.0,,,,0,7.794639057868869,0.75*2012 + 0.25*2008; 2020 lines (Daily Kos),0.0
HOU_FL_01_2014,2014,house,FL,1.0,0,1,"BRYAN, JAMES EDWARD (JIM)",D,"MILLER, JEFFERSON B. (JEFF)",54976.0,165086.0,15281.0,235343.0,24.98,1,R,R,"MILLER, JEFFERSON B. (JEFF)",0,1,1,1,6.49,"WICHERN, MARK K.",I,6.49,0,-21.309999,old course file (PS9 2012 values),0.0
HOU_FL_02_2014,2014,house,FL,2.0,0,1,"GRAHAM, GWEN",D,"SOUTHERLAND, WILLIAM STEVE, II",126096.0,123262.0,0.0,249358.0,50.57,1,D,R,"SOUTHERLAND, WILLIAM STEVE, II",0,1,1,0,0.0,,,,0,-4.7800002,old course file (PS9 2012 values),0.0
HOU_FL_03_2014,2014,house,FL,3.0,0,1,"WHEELER, MARIHELEN",D,"YOHO, THEODORE SCOTT (TED)",73910.0,148691.0,6208.0,228809.0,33.2,1,R,R,"YOHO, THEODORE SCOTT (TED)",0,1,1,1,2.71,"LAWSON, HOWARD",I,2.71,0,-13.01,old course file (PS9 2012 values),0.0
HOU_FL_04_2014,2014,house,FL,4.0,0,1,,,"CRENSHAW, ANDER M.",0.0,177887.0,49353.0,227240.0,,0,R,R,"CRENSHAW, ANDER M.",0,0,1,2,21.72,"MOSER-BARTLETT, PAULA DARLENE",I,15.69,0,-19.209999,old course file (PS9 2012 values),0.0
HOU_FL_05_2014,2014,house,FL,5.0,0,1,"BROWN, CORRINE",D,"SCURRY-SMITH, GLOREATHA (GLO)",112340.0,59237.0,0.0,171577.0,65.47,1,D,D,"BROWN, CORRINE",0,1,1,0,0.0,,,,0,18.389999,old course file (PS9 2012 values),0.0
HOU_FL_06_2014,2014,house,FL,6.0,0,1,"COX, DAVID",D,"DESANTIS, RONALD D. (RON)",99563.0,166254.0,0.0,265817.0,37.46,1,R,R,"DESANTIS, RONALD D. (RON)",0,1,1,0,0.0,,,,0,-6.79,old course file (PS9 2012 values),0.0
HOU_FL_07_2014,2014,house,FL,7.0,0,1,"NEUMAN, WESLEY RYAN (WES)",D,"MICA, JOHN L.",73011.0,144474.0,9679.0,227164.0,33.57,1,R,R,"MICA, JOHN L.",0,1,1,1,4.26,"KRULICK, ALAN D. (AL)",I,4.26,0,-4.46,old course file (PS9 2012 values),0.0
HOU_FL_08_2014,2014,house,FL,8.0,0,1,"ROTHBLATT, GABRIEL",D,"POSEY, WILLIAM (BILL)",93724.0,180728.0,0.0,274452.0,34.15,1,R,R,"POSEY, WILLIAM (BILL)",0,1,1,0,0.0,,,,0,-8.8400002,old course file (PS9 2012 values),0.0
HOU_FL_09_2014,2014,house,FL,9.0,0,1,"GRAYSON, ALAN MARK",D,"PLATT, CAROL",93850.0,74963.0,5060.0,173873.0,55.59,1,D,D,"GRAYSON, ALAN MARK",0,1,1,1,2.91,"MILAKOVICH, M.",I,2.91,0,5.23,old course file (PS9 2012 values),0.0
HOU_FL_10_2014,2014,house,FL,10.0,0,1,"MCKENNA, MICHAEL P.",D,"WEBSTER, DANIEL A. (DAN)",89426.0,143128.0,0.0,232554.0,38.45,1,R,R,"WEBSTER, DANIEL A. (DAN)",0,1,1,0,0.0,,,,0,-6.3699999,old course file (PS9 2012 values),0.0
HOU_FL_11_2014,2014,house,FL,11.0,0,1,"KOLLER, DAVID (DAVE)",D,"NUGENT, RICHARD B. (RICH)",90786.0,181508.0,0.0,272294.0,33.34,1,R,R,"NUGENT, RICHARD B. (RICH)",0,1,1,0,0.0,,,,0,-9.1599998,old course file (PS9 2012 values),0.0
HOU_FL_12_2014,2014,house,FL,12.0,0,1,,,"BILIRAKIS, GUS MICHAEL",0.0,0.0,0.0,0.0,,0,R,R,"BILIRAKIS, GUS MICHAEL",0,0,1,0,,,,,0,-6.23,old course file (PS9 2012 values),0.0
HOU_FL_13_2014,2014,house,FL,13.0,0,1,,,"JOLLY, DAVID W.",0.0,168172.0,55318.0,223490.0,,0,R,R,"JOLLY, DAVID W.",0,0,1,1,24.75,"OVERBY, LUCAS",Lbt,24.75,0,-1.48,old course file (PS9 2012 values),0.0
HOU_FL_14_2014,2014,house,FL,14.0,0,1,"CASTOR, KATHERINE ANNE (KATHY)",,,0.0,0.0,0.0,0.0,,0,D,D,"CASTOR, KATHERINE ANNE (KATHY)",0,1,0,0,,,,,0,11.63,old course file (PS9 2012 values),0.0
HOU_FL_15_2014,2014,house,FL,15.0,0,1,"COHN, ALAN M.",D,"ROSS, DENNIS ALAN",84832.0,128750.0,0.0,213582.0,39.72,1,R,R,"ROSS, DENNIS ALAN",0,1,1,0,0.0,,,,0,-7.6999998,old course file (PS9 2012 values),0.0
HOU_FL_16_2014,2014,house,FL,16.0,0,1,"LAWRENCE, HENRY",D,"BUCHANAN, VERNON (VERN)",105483.0,169126.0,0.0,274609.0,38.41,1,R,R,"BUCHANAN, VERNON (VERN)",0,1,1,0,0.0,,,,0,-4.8299999,old course file (PS9 2012 values),0.0
HOU_FL_17_2014,2014,house,FL,17.0,0,1,"BRONSON, WILLIAM E. (WILL)",D,"ROONEY, THOMAS J. (TOM)",82263.0,141493.0,0.0,223756.0,36.76,1,R,R,"ROONEY, THOMAS J. (TOM)",0,1,1,0,0.0,,,,0,-9.8699999,old course file (PS9 2012 values),0.0
HOU_FL_18_2014,2014,house,FL,18.0,0,1,"MURPHY, PATRICK ERIN",D,"DOMINO, CARL J.",151478.0,101896.0,0.0,253374.0,59.78,1,D,D,"MURPHY, PATRICK ERIN",0,1,1,0,0.0,,,,0,-1.5599999,old course file (PS9 2012 values),0.0
HOU_FL_19_2014,2014,house,FL,19.0,0,1,"FREEMAN, APRIL",D,"CLAWSON, CURT",80824.0,159354.0,6671.0,246849.0,33.65,1,R,R,"CLAWSON, CURT",0,1,1,1,2.7,"NETHERWOOD, RAY",I,2.7,0,-10.96,old course file (PS9 2012 values),0.0
HOU_FL_20_2014,2014,house,FL,20.0,0,1,"HASTINGS, ALCEE LAMAR",D,"BONNER, JAY",128498.0,28968.0,0.0,157466.0,81.6,1,D,D,"HASTINGS, ALCEE LAMAR",0,1,1,0,0.0,,,,0,27.780001,old course file (PS9 2012 values),0.0
HOU_FL_21_2014,2014,house,FL,21.0,0,1,"DEUTCH, THEODORE ELIOT (TED)",D,,153395.0,0.0,0.0,153395.0,,0,D,D,"DEUTCH, THEODORE ELIOT (TED)",0,1,0,0,0.0,,,,0,11.22,old course file (PS9 2012 values),0.0
HOU_FL_22_2014,2014,house,FL,22.0,0,1,"FRANKEL, LOIS JANE",D,"SPAIN, PAUL D.",125404.0,90685.0,0.0,216089.0,58.03,1,D,D,"FRANKEL, LOIS JANE",0,1,1,0,0.0,,,,0,4.4200001,old course file (PS9 2012 values),0.0
HOU_FL_23_2014,2014,house,FL,23.0,0,1,"WASSERMAN SCHULTZ, DEBBIE",D,"KAUFMAN, JOSEPH (JOE)",103269.0,61519.0,0.0,164788.0,62.67,1,D,D,"WASSERMAN SCHULTZ, DEBBIE",0,1,1,0,0.0,,,,0,8.8999996,old course file (PS9 2012 values),0.0
HOU_FL_24_2014,2014,house,FL,24.0,0,1,"WILSON, FREDERICA S. (FREDDI)",D,"NEREE, DUFIRSTSON JULIO",129192.0,15239.0,5487.0,149918.0,89.45,1,D,D,"WILSON, FREDERICA S. (FREDDI)",0,1,1,1,3.66,"FERNANDEZ, LUIS",I,3.66,0,32.57,old course file (PS9 2012 values),0.0
HOU_FL_25_2014,2014,house,FL,25.0,0,1,,,"DIAZ-BALART, MARIO",0.0,0.0,0.0,0.0,,0,R,R,"DIAZ-BALART, MARIO",0,0,1,0,,,,,0,-7.25,old course file (PS9 2012 values),0.0
HOU_FL_26_2014,2014,house,FL,26.0,0,1,"GARCIA, JOE",D,"CURBELO, CARLOS",78306.0,83031.0,0.0,161337.0,48.54,1,R,D,"GARCIA, JOE",0,1,1,0,0.0,,,,0,-3.3399999,old course file (PS9 2012 values),0.0
HOU_FL_27_2014,2014,house,FL,27.0,0,1,,,"ROS-LEHTINEN, ILEANA",0.0,0.0,0.0,0.0,,0,R,R,"ROS-LEHTINEN, ILEANA",0,0,1,0,,,,,0,-4.9299998,old course file (PS9 2012 values),0.0
HOU_GA_01_2014,2014,house,GA,1.0,0,1,"REESE, BRIAN CORWIN",D,"CARTER, EARL L. (BUDDY)",61175.0,95337.0,0.0,156512.0,39.09,1,R,,,1,1,1,0,0.0,,,,0,-8.659631864223211,0.75*2012 + 0.25*2008; 2020 lines (Daily Kos),0.0
HOU_GA_02_2014,2014,house,GA,2.0,0,1,"BISHOP, SANFORD DIXON, JR.",D,"DUKE, GREGORY P. (GREG)",96363.0,66537.0,0.0,162900.0,59.15,1,D,D,"BISHOP, SANFORD DIXON, JR.",0,1,1,0,0.0,,,,0,6.306048640836911,0.75*2012 + 0.25*2008; 2020 lines (Daily Kos),0.0
HOU_GA_03_2014,2014,house,GA,3.0,0,1,,,"WESTMORELAND, LYNN A.",0.0,156277.0,0.0,156277.0,,0,R,R,"WESTMORELAND, LYNN A.",0,0,1,0,0.0,,,,0,-18.86149595186985,0.75*2012 + 0.25*2008; 2020 lines (Daily Kos),0.0
HOU_GA_04_2014,2014,house,GA,4.0,0,1,"JOHNSON, HENRY C. (HANK), JR.",D,,161211.0,0.0,0.0,161211.0,,0,D,D,"JOHNSON, HENRY C. (HANK), JR.",0,1,0,0,0.0,,,,0,21.599508719191224,0.75*2012 + 0.25*2008; 2020 lines (Daily Kos),0.0
HOU_GA_05_2014,2014,house,GA,5.0,0,1,"LEWIS, JOHN ROBERT",D,,170326.0,0.0,0.0,170326.0,,0,D,D,"LEWIS, JOHN ROBERT",0,1,0,0,0.0,,,,0,31.783966427168743,0.75*2012 + 0.25*2008; 2020 lines (Daily Kos),0.0
HOU_GA_06_2014,2014,house,GA,6.0,0,1,"MONTIGEL, ROBERT G.",D,"PRICE, THOMAS EDMUNDS (TOM)",71486.0,139018.0,0.0,210504.0,33.96,1,R,R,"PRICE, THOMAS EDMUNDS (TOM)",0,1,1,0,0.0,,,,0,-13.75679277771701,0.75*2012 + 0.25*2008; 2020 lines (Daily Kos),0.0
HOU_GA_07_2014,2014,house,GA,7.0,0,1,"WIGHT, THOMAS D.",D,"WOODALL, W. ROBERT (ROB)",60112.0,113557.0,0.0,173669.0,34.61,1,R,R,"WOODALL, W. ROBERT (ROB)",0,1,1,0,0.0,,,,0,-13.42932536577905,0.75*2012 + 0.25*2008; 2020 lines (Daily Kos),0.0
HOU_GA_08_2014,2014,house,GA,8.0,0,1,,,"SCOTT, AUSTIN",0.0,129938.0,0.0,129938.0,,0,R,R,"SCOTT, AUSTIN",0,0,1,0,0.0,,,,0,-14.576834457030625,0.75*2012 + 0.25*2008; 2020 lines (Daily Kos),0.0
HOU_GA_09_2014,2014,house,GA,9.0,0,1,"VOGEL, DAVID D.",D,"COLLINS, DOUGLAS ALLEN (DOUG)",34988.0,146059.0,0.0,181047.0,19.33,1,R,R,"COLLINS, DOUGLAS ALLEN (DOUG)",0,1,1,0,0.0,,,,0,-30.74003936322533,0.75*2012 + 0.25*2008; 2020 lines (Daily Kos),0.0
HOU_GA_10_2014,2014,house,GA,10.0,0,1,"DIOUS, I.K. (KENNETH)",D,"HICE, JODY B.",65777.0,130703.0,0.0,196480.0,33.48,1,R,,,1,1,1,0,0.0,,,,0,-15.10627408597005,0.75*2012 + 0.25*2008; 2020 lines (Daily Kos),0.0
HOU_GA_11_2014,2014,house,GA,11.0,0,1,,,"LOUDERMILK, BARRY D.",0.0,161532.0,0.0,161532.0,,0,R,,,1,0,1,0,0.0,,,,0,-19.71912342935236,0.75*2012 + 0.25*2008; 2020 lines (Daily Kos),0.0
HOU_GA_12_2014,2014,house,GA,12.0,0,1,"BARROW, JOHN J.",D,"ALLEN, RICHARD W. (RICK)",75478.0,91336.0,0.0,166814.0,45.25,1,R,D,"BARROW, JOHN J.",0,1,1,0,0.0,,,,0,-8.378780986338878,0.75*2012 + 0.25*2008; 2020 lines (Daily Kos),0.0
HOU_GA_13_2014,2014,house,GA,13.0,0,1,"SCOTT, DAVID ALBERT",D,,159445.0,0.0,0.0,159445.0,,0,D,D,"SCOTT, DAVID ALBERT",0,1,0,0,0.0,,,,0,16.765670874698504,0.75*2012 + 0.25*2008; 2020 lines (Daily Kos),0.0
HOU_GA_14_2014,2014,house,GA,14.0,0,1,,,"GRAVES, JOHN THOMAS (TOM), JR.",0.0,118782.0,0.0,118782.0,,0,R,R,"GRAVES, JOHN THOMAS (TOM), JR.",0,0,1,0,0.0,,,,0,-26.141380427379143,0.75*2012 + 0.25*2008; 2020 lines (Daily Kos),0.0
HOU_HI_01_2014,2014,house,HI,1.0,0,1,"TAKAI, K. MARK",D,"DJOU, CHARLES KONG",93390.0,86454.0,0.0,179844.0,51.93,1,D,,,1,1,1,0,0.0,,,,0,18.32477347888716,0.75*2012 + 0.25*2008; 2020 lines (Daily Kos),0.0
HOU_HI_02_2014,2014,house,HI,2.0,0,1,"GABBARD, TULSI",D,"CROWLEY, DAVID (KAWIKA)",142010.0,33630.0,4693.0,180333.0,80.85,1,D,D,"GABBARD, TULSI",0,1,1,1,2.6,"KENT, JOE",Lbt,2.6,0,20.813791277803013,0.75*2012 + 0.25*2008; 2020 lines (Daily Kos),0.0
HOU_IA_01_2014,2014,house,IA,1.0,0,1,"MURPHY, PATRICK JOSEPH (PAT)",D,"BLUM, RODNEY LELAND (ROD)",141145.0,147762.0,0.0,288907.0,48.85,1,R,,,1,1,1,0,0.0,,,,0,5.025544670938423,0.75*2012 + 0.25*2008; 2020 lines (Daily Kos),0.0
HOU_IA_02_2014,2014,house,IA,2.0,0,1,"LOEBSACK, DAVID WAYNE (DAVE)",D,"MILLER-MEEKS, MARIANNETTE JANE",143431.0,129455.0,0.0,272886.0,52.56,1,D,D,"LOEBSACK, DAVID WAYNE (DAVE)",0,1,1,0,0.0,,,,0,4.475874782896206,0.75*2012 + 0.25*2008; 2020 lines (Daily Kos),0.0
HOU_IA_03_2014,2014,house,IA,3.0,0,1,"APPEL, STACI",D,"YOUNG, DAVID",119109.0,148814.0,13414.0,281337.0,44.46,1,R,,,1,1,1,2,4.77,"WRIGHT, EDWARD B.",Lbt,3.22,0,-0.0391727103651651,0.75*2012 + 0.25*2008; 2020 lines (Daily Kos),0.0
HOU_IA_04_2014,2014,house,IA,4.0,0,1,"MOWRER, JIM",D,"KING, STEVEN A. (STEVE)",105504.0,169834.0,0.0,275338.0,38.32,1,R,R,"KING, STEVEN A. (STEVE)",0,1,1,0,0.0,,,,0,-5.770561231554734,0.75*2012 + 0.25*2008; 2020 lines (Daily Kos),0.0
HOU_ID_01_2014,2014,house,ID,1.0,0,1,"RINGO, SHIRLEY GENE",D,"LABRADOR, RAUL RAFAEL",77277.0,143580.0,0.0,220857.0,34.99,1,R,R,"LABRADOR, RAUL RAFAEL",0,1,1,0,0.0,,,,0,-18.595657763327704,0.75*2012 + 0.25*2008; 2020 lines (Daily Kos),0.0
HOU_ID_02_2014,2014,house,ID,2.0,0,1,"STALLINGS, RICHARD HOWARD",D,"SIMPSON, MICHAEL K. (MIKE)",82801.0,131492.0,0.0,214293.0,38.64,1,R,R,"SIMPSON, MICHAEL K. (MIKE)",0,1,1,0,0.0,,,,0,-17.441196861556797,0.75*2012 + 0.25*2008; 2020 lines (Daily Kos),0.0
HOU_IL_01_2014,2014,house,IL,1.0,0,1,"RUSH, BOBBY LEE",D,"TILLMAN, JIMMY LEE, II",162268.0,59749.0,0.0,222017.0,73.09,1,D,D,"RUSH, BOBBY LEE",0,1,1,0,0.0,,,,0,27.56578724951971,0.75*2012 + 0.25*2008; 2020 lines (Daily Kos),0.0
HOU_IL_02_2014,2014,house,IL,2.0,0,1,"KELLY, ROBIN L.",D,"WALLACE, ERIC M.",160337.0,43799.0,0.0,204136.0,78.54,1,D,D,"KELLY, ROBIN L.",0,1,1,0,0.0,,,,0,28.951589842180844,0.75*2012 + 0.25*2008; 2020 lines (Daily Kos),0.0
HOU_IL_03_2014,2014,house,IL,3.0,0,1,"LIPINSKI, DANIEL WILLIAM (DAN)",D,"BRANNIGAN, SHARON M.",116764.0,64091.0,0.0,180855.0,64.56,1,D,D,"LIPINSKI, DANIEL WILLIAM (DAN)",0,1,1,0,0.0,,,,0,4.886054897859454,0.75*2012 + 0.25*2008; 2020 lines (Daily Kos),0.0
HOU_IL_04_2014,2014,house,IL,4.0,0,1,"GUTIERREZ, LUIS V.",D,"CONCEPCION, HECTOR L.",79666.0,22278.0,0.0,101944.0,78.15,1,D,D,"GUTIERREZ, LUIS V.",0,1,1,0,0.0,,,,0,29.880817730321024,0.75*2012 + 0.25*2008; 2020 lines (Daily Kos),0.0
HOU_IL_05_2014,2014,house,IL,5.0,0,1,"QUIGLEY, MICHAEL (MIKE)",D,"KOLBER, VINCENT A. (VINCE)",116364.0,56350.0,11305.0,184019.0,67.37,1,D,D,"QUIGLEY, MICHAEL (MIKE)",0,1,1,1,6.14,"WADE, NANCY LYNN",Grn,6.14,0,15.870625885171718,0.75*2012 + 0.25*2008; 2020 lines (Daily Kos),0.0
HOU_IL_06_2014,2014,house,IL,6.0,0,1,"MASON, MICHAEL J.",D,"ROSKAM, PETER J.",78465.0,160287.0,0.0,238752.0,32.86,1,R,R,"ROSKAM, PETER J.",0,1,1,0,0.0,,,,0,-5.074446145791629,0.75*2012 + 0.25*2008; 2020 lines (Daily Kos),0.0
HOU_IL_07_2014,2014,house,IL,7.0,0,1,"DAVIS, DANNY K.",D,"BUMPERS, ROBERT L.",155110.0,27168.0,0.0,182278.0,85.1,1,D,D,"DAVIS, DANNY K.",0,1,1,0,0.0,,,,0,36.12149247440417,0.75*2012 + 0.25*2008; 2020 lines (Daily Kos),0.0
HOU_IL_08_2014,2014,house,IL,8.0,0,1,"DUCKWORTH, L. TAMMY",D,"KAIFESH, LARRY",84178.0,66878.0,0.0,151056.0,55.73,1,D,D,"DUCKWORTH, L. TAMMY",0,1,1,0,0.0,,,,0,6.911858905758525,0.75*2012 + 0.25*2008; 2020 lines (Daily Kos),0.0
HOU_IL_09_2014,2014,house,IL,9.0,0,1,"SCHAKOWSKY, JANICE D. (JAN)",D,"ATANUS, SUSANNE",141000.0,72384.0,0.0,213384.0,66.08,1,D,D,"SCHAKOWSKY, JANICE D. (JAN)",0,1,1,0,0.0,,,,0,14.50458611146988,0.75*2012 + 0.25*2008; 2020 lines (Daily Kos),0.0
HOU_IL_10_2014,2014,house,IL,10.0,0,1,"SCHNEIDER, BRADLEY SCOTT (BRAD)",D,"DOLD, ROBERT JAMES (BOB), JR.",91136.0,95992.0,0.0,187128.0,48.7,1,R,D,"SCHNEIDER, BRADLEY SCOTT (BRAD)",0,1,1,0,0.0,,,,0,7.195329288004176,0.75*2012 + 0.25*2008; 2020 lines (Daily Kos),0.0
HOU_IL_11_2014,2014,house,IL,11.0,0,1,"FOSTER, G. WILLIAM (BILL)",D,"SENGER, DARLENE J.",93436.0,81335.0,0.0,174771.0,53.46,1,D,D,"FOSTER, G. WILLIAM (BILL)",0,1,1,0,0.0,,,,0,7.118477175611165,0.75*2012 + 0.25*2008; 2020 lines (Daily Kos),0.0
HOU_IL_12_2014,2014,house,IL,12.0,0,1,"ENYART, WILLIAM L., JR.",D,"BOST, MICHAEL J. (MIKE)",87860.0,110038.0,11840.0,209738.0,44.4,1,R,D,"ENYART, WILLIAM L., JR.",0,1,1,1,5.65,"BRADSHAW, PAULA",Grn,5.65,0,-0.4161918936846226,0.75*2012 + 0.25*2008; 2020 lines (Daily Kos),0.0
HOU_IL_13_2014,2014,house,IL,13.0,0,1,"CALLIS, ANN E.",D,"DAVIS, RODNEY L.",86935.0,123337.0,0.0,210272.0,41.34,1,R,R,"DAVIS, RODNEY L.",0,1,1,0,0.0,,,,0,-1.1575308353922815,0.75*2012 + 0.25*2008; 2020 lines (Daily Kos),0.0
HOU_IL_14_2014,2014,house,IL,14.0,0,1,"ANDERSON, DENNIS",D,"HULTGREN, RANDALL M. (RANDY)",76861.0,145369.0,0.0,222230.0,34.59,1,R,R,"HULTGREN, RANDALL M. (RANDY)",0,1,1,0,0.0,,,,0,-5.959886566248352,0.75*2012 + 0.25*2008; 2020 lines (Daily Kos),0.0
HOU_IL_15_2014,2014,house,IL,15.0,0,1,"THORSLAND, ERIC",D,"SHIMKUS, JOHN MONDY",55652.0,166274.0,0.0,221926.0,25.08,1,R,R,"SHIMKUS, JOHN MONDY",0,1,1,0,0.0,,,,0,-15.490973695124868,0.75*2012 + 0.25*2008; 2020 lines (Daily Kos),0.0
HOU_IL_16_2014,2014,house,IL,16.0,0,1,"OLSEN, RANDALL WAYNE",D,"KINZINGER, ADAM",63810.0,153388.0,0.0,217198.0,29.38,1,R,R,"KINZINGER, ADAM",0,1,1,0,0.0,,,,0,-5.162199153684812,0.75*2012 + 0.25*2008; 2020 lines (Daily Kos),0.0
HOU_IL_17_2014,2014,house,IL,17.0,0,1,"BUSTOS, CHERI",D,"SCHILLING, ROBERT TODD (BOBBY)",110560.0,88785.0,0.0,199345.0,55.46,1,D,D,"BUSTOS, CHERI",0,1,1,0,0.0,,,,0,6.752731084609474,0.75*2012 + 0.25*2008; 2020 lines (Daily Kos),0.0
HOU_IL_18_2014,2014,house,IL,18.0,0,1,"MILLER, DARREL E.",D,"SCHOCK, AARON JON",62377.0,184363.0,0.0,246740.0,25.28,1,R,R,"SCHOCK, AARON JON",0,1,1,0,0.0,,,,0,-12.648507480024971,0.75*2012 + 0.25*2008; 2020 lines (Daily Kos),0.0
HOU_IN_01_2014,2014,house,IN,1.0,0,1,"VISCLOSKY, PETER J. (PETE)",D,"LEYVA, MARK J.",86579.0,51000.0,4714.0,142293.0,62.93,1,D,D,"VISCLOSKY, PETER J. (PETE)",0,1,1,1,3.31,"DUNN, DONNA T.",Lbt,3.31,0,10.076960922254138,0.75*2012 + 0.25*2008; 2020 lines (Daily Kos),0.0
HOU_IN_02_2014,2014,house,IN,2.0,0,1,"BOCK, JOE",D,"WALORSKI, JACKIE SWIHART",55590.0,85583.0,4027.0,145200.0,39.38,1,R,R,"WALORSKI, JACKIE SWIHART",0,1,1,1,2.77,"PETERMANN, JEFF",Lbt,2.77,0,-7.746731483156369,0.75*2012 + 0.25*2008; 2020 lines (Daily Kos),0.0
HOU_IN_03_2014,2014,house,IN,3.0,0,1,"KUHNLE, JUSTIN",D,"STUTZMAN, MARLIN A.",39771.0,97892.0,6133.0,143796.0,28.89,1,R,R,"STUTZMAN, MARLIN A.",0,1,1,1,4.27,"WISE, SCOTT W.",Lbt,4.27,0,-14.33851092089154,0.75*2012 + 0.25*2008; 2020 lines (Daily Kos),0.0
HOU_IN_04_2014,2014,house,IN,4.0,0,1,"DALE, JOHN F.",D,"ROKITA, THEODORE EDWARD (TODD)",47056.0,94998.0,0.0,142054.0,33.13,1,R,R,"ROKITA, THEODORE EDWARD (TODD)",0,1,1,0,0.0,,,,0,-12.8783769239021,0.75*2012 + 0.25*2008; 2020 lines (Daily Kos),0.0
HOU_IN_05_2014,2014,house,IN,5.0,0,1,"DENNEY, SHAWN A.",D,"BROOKS, SUSAN W.",49756.0,105277.0,6407.0,161440.0,32.09,1,R,R,"BROOKS, SUSAN W.",0,1,1,1,3.97,"KROM, JOHN",Lbt,3.97,0,-9.624592772585682,0.75*2012 + 0.25*2008; 2020 lines (Daily Kos),0.0
HOU_IN_06_2014,2014,house,IN,6.0,0,1,"HEITZMAN, SUSAN HALL",D,"MESSER, ALLEN LUCAS (LUKE)",45509.0,102187.0,7375.0,155071.0,30.81,1,R,R,"MESSER, ALLEN LUCAS (LUKE)",0,1,1,1,4.76,"MILLER, ERIC",Lbt,4.76,0,-12.778149289363563,0.75*2012 + 0.25*2008; 2020 lines (Daily Kos),0.0
HOU_IN_07_2014,2014,house,IN,7.0,0,1,"CARSON, ANDRE D.",D,"PING, CATHERINE (CAT)",61443.0,46887.0,3931.0,112261.0,56.72,1,D,D,"CARSON, ANDRE D.",0,1,1,1,3.5,"MAYO, CHRIS",Lbt,3.5,0,12.287595930537323,0.75*2012 + 0.25*2008; 2020 lines (Daily Kos),0.0
HOU_IN_08_2014,2014,house,IN,8.0,0,1,"SPANGLER, TOM R.",D,"BUCSHON, LARRY D.",61384.0,103344.0,0.0,164728.0,37.26,1,R,R,"BUCSHON, LARRY D.",0,1,1,0,0.0,,,,0,-9.94416352905241,0.75*2012 + 0.25*2008; 2020 lines (Daily Kos),0.0
HOU_IN_09_2014,2014,house,IN,9.0,0,1,"BAILEY, WILLIAM W. (BILL)",D,"YOUNG, TODD CHRISTOPHER",55016.0,101594.0,0.0,156610.0,35.13,1,R,R,"YOUNG, TODD CHRISTOPHER",0,1,1,0,0.0,,,,0,-9.579074899399451,0.75*2012 + 0.25*2008; 2020 lines (Daily Kos),0.0
HOU_KS_01_2014,2014,house,KS,1.0,0,1,"SHEROW, JAMES E.",D,"HUELSKAMP, TIMOTHY (TIM)",65397.0,138764.0,0.0,204161.0,32.03,1,R,R,"HUELSKAMP, TIMOTHY (TIM)",0,1,1,0,0.0,,,,0,-23.33910488833116,0.75*2012 + 0.25*2008; 2020 lines (Daily Kos),0.0
HOU_KS_02_2014,2014,house,KS,2.0,0,1,"WAKEFIELD, MARGIE",D,"JENKINS, LYNN M.",87153.0,128742.0,9791.0,225686.0,40.37,1,R,R,"JENKINS, LYNN M.",0,1,1,1,4.34,"CLEMMONS, CHRISTOPHER KELLY",Lbt,4.34,0,-8.462518023704558,0.75*2012 + 0.25*2008; 2020 lines (Daily Kos),0.0
HOU_KS_03_2014,2014,house,KS,3.0,0,1,"KULTALA, KELLY",D,"YODER, KEVIN W.",89584.0,134493.0,0.0,224077.0,39.98,1,R,R,"YODER, KEVIN W.",0,1,1,0,0.0,,,,0,-6.233880613565979,0.75*2012 + 0.25*2008; 2020 lines (Daily Kos),0.0
HOU_KS_04_2014,2014,house,KS,4.0,0,1,"SCHUCKMAN, PERRY L.",D,"POMPEO, MICHAEL RICHARD (MIKE)",69396.0,138757.0,0.0,208153.0,33.34,1,R,R,"POMPEO, MICHAEL RICHARD (MIKE)",0,1,1,0,0.0,,,,0,-14.67230493159506,0.75*2012 + 0.25*2008; 2020 lines (Daily Kos),0.0
HOU_KY_01_2014,2014,house,KY,1.0,0,1,"HATCHETT, CHARLES KENDALL",D,"WHITFIELD, WAYNE EDWARD (ED)",63596.0,173022.0,0.0,236618.0,26.88,1,R,R,"WHITFIELD, WAYNE EDWARD (ED)",0,1,1,0,0.0,,,,0,-18.648494948563883,0.75*2012 + 0.25*2008; 2020 lines (Daily Kos),0.0
HOU_KY_02_2014,2014,house,KY,2.0,0,1,"LEACH, RON",D,"GUTHRIE, STEVEN (BRETT)",69898.0,156936.0,0.0,226834.0,30.81,1,R,R,"GUTHRIE, STEVEN (BRETT)",0,1,1,0,0.0,,,,0,-16.247024327373385,0.75*2012 + 0.25*2008; 2020 lines (Daily Kos),0.0
HOU_KY_03_2014,2014,house,KY,3.0,0,1,"YARMUTH, JOHN A.",D,"MACFARLANE, MICHAEL",157056.0,87981.0,2318.0,247355.0,64.09,1,D,D,"YARMUTH, JOHN A.",0,1,1,1,0.94,"PUCCETTI, GREGORY PETER",I,0.94,0,4.166494709237467,0.75*2012 + 0.25*2008; 2020 lines (Daily Kos),0.0
HOU_KY_04_2014,2014,house,KY,4.0,0,1,"NEWBERRY, PETER",D,"MASSIE, THOMAS H.",71694.0,150464.0,0.0,222158.0,32.27,1,R,R,"MASSIE, THOMAS H.",0,1,1,0,0.0,,,,0,-16.458092989740642,0.75*2012 + 0.25*2008; 2020 lines (Daily Kos),0.0
HOU_KY_05_2014,2014,house,KY,5.0,0,1,"STEPP, KENNETH S. (KEN)",D,"ROGERS, HAROLD DALLAS (HAL)",47617.0,171350.0,0.0,218967.0,21.75,1,R,R,"ROGERS, HAROLD DALLAS (HAL)",0,1,1,0,0.0,,,,0,-26.667614195423567,0.75*2012 + 0.25*2008; 2020 lines (Daily Kos),0.0
HOU_KY_06_2014,2014,house,KY,6.0,0,1,"JENSEN, ELISABETH",D,"BARR, GARLAND (ANDY)",98290.0,147404.0,0.0,245694.0,40.01,1,R,R,"BARR, GARLAND (ANDY)",0,1,1,0,0.0,,,,0,-8.791383784799063,0.75*2012 + 0.25*2008; 2020 lines (Daily Kos),0.0
HOU_LA_01_2014,2014,house,LA,1.0,0,1,"MENDOZA, MANILLO V. (VINNY); DUGAS, LEE ANN",D,"SCALISE, STEPHEN J. (STEVE)",46047.0,189250.0,8707.0,244004.0,19.57,1,R,R,"SCALISE, STEPHEN J. (STEVE)",0,2,1,1,3.57,"SANFORD, JEFFRY (JEFF)",Lbt,3.57,0,-25.370694955482925,0.75*2012 + 0.25*2008; 2020 lines (Daily Kos),0.0
HOU_LA_02_2014,2014,house,LA,2.0,0,1,"RICHMOND, CEDRIC L.; LANDRIEU, GARY",D,,190006.0,0.0,31564.0,221570.0,,0,D,D,"RICHMOND, CEDRIC L.",0,2,0,2,14.25,"BROOKS, DAVID",I,7.37,0,23.768620010808224,0.75*2012 + 0.25*2008; 2020 lines (Daily Kos),0.0
HOU_LA_03_2014,2014,house,LA,3.0,0,1,,,"BOUSTANY, CHARLES W., JR.; BARRILLEAUX, BRYAN",0.0,207926.0,28342.0,236268.0,,0,R,R,"BOUSTANY, CHARLES W., JR.",0,0,2,1,12.0,"RICHARD, RUSSELL",I,12.0,0,-19.190016588033405,0.75*2012 + 0.25*2008; 2020 lines (Daily Kos),0.0
HOU_LA_04_2014,2014,house,LA,4.0,0,1,,,"FLEMING, JOHN C., JR.",0.0,152683.0,55236.0,207919.0,,0,R,R,"FLEMING, JOHN C., JR.",0,0,1,1,26.57,"LORD, RANDALL",Lbt,26.57,0,-12.20328107753796,0.75*2012 + 0.25*2008; 2020 lines (Daily Kos),0.0
HOU_LA_05_2014,2014,house,LA,5.0,0,1,"MAYO, JAMES E. (JAMIE)",D,"ABRAHAM, RALPH LEE",75006.0,134616.0,0.0,209622.0,35.78,1,R,,,1,1,1,0,0.0,,,,1,-14.530038538375994,0.75*2012 + 0.25*2008; 2020 lines (Daily Kos),0.0
HOU_LA_06_2014,2014,house,LA,6.0,0,1,"EDWARDS, EDWIN W.",D,"GRAVES, GARRET",83781.0,139209.0,0.0,222990.0,37.57,1,R,,,1,1,1,0,0.0,,,,1,-20.16568582027296,0.75*2012 + 0.25*2008; 2020 lines (Daily Kos),0.0
HOU_MA_01_2014,2014,house,MA,1.0,0,1,"NEAL, RICHARD E.",D,,167612.0,0.0,0.0,167612.0,,0,D,D,"NEAL, RICHARD E.",0,1,0,0,0.0,,,,0,12.770998993055972,0.75*2012 + 0.25*2008; 2020 lines (Daily Kos),0.0
HOU_MA_02_2014,2014,house,MA,2.0,0,1,"MCGOVERN, JAMES P. (JIM)",D,,169640.0,0.0,0.0,169640.0,,0,D,D,"MCGOVERN, JAMES P. (JIM)",0,1,0,0,0.0,,,,0,7.967202124738814,0.75*2012 + 0.25*2008; 2020 lines (Daily Kos),0.0
HOU_MA_03_2014,2014,house,MA,3.0,0,1,"TSONGAS, NICOLA S. (NIKI)",D,"WOFFORD, ROSEANN EHRHARD (ANN)",139104.0,81638.0,0.0,220742.0,63.02,1,D,D,"TSONGAS, NICOLA S. (NIKI)",0,1,1,0,0.0,,,,0,5.935919132779057,0.75*2012 + 0.25*2008; 2020 lines (Daily Kos),0.0
HOU_MA_04_2014,2014,house,MA,4.0,0,1,"KENNEDY, JOSEPH P. (JOE), III",D,,184158.0,0.0,0.0,184158.0,,0,D,D,"KENNEDY, JOSEPH P. (JOE), III",0,1,0,0,0.0,,,,0,6.475491197806934,0.75*2012 + 0.25*2008; 2020 lines (Daily Kos),0.0
HOU_MA_05_2014,2014,house,MA,5.0,0,1,"CLARK, KATHERINE M.",D,,182100.0,0.0,0.0,182100.0,,0,D,D,"CLARK, KATHERINE M.",0,1,0,0,0.0,,,,0,14.111919145198003,0.75*2012 + 0.25*2008; 2020 lines (Daily Kos),0.0
HOU_MA_06_2014,2014,house,MA,6.0,0,1,"MOULTON, SETH W.",D,"TISEI, RICHARD R.",149638.0,111989.0,10373.0,272000.0,57.2,1,D,,,1,1,1,1,3.81,"STOCKWELL, CHRIS",I,3.81,0,3.648504018418444,0.75*2012 + 0.25*2008; 2020 lines (Daily Kos),0.0
HOU_MA_07_2014,2014,house,MA,7.0,0,1,"CAPUANO, MICHAEL E. (MIKE)",D,,142133.0,0.0,0.0,142133.0,,0,D,D,"CAPUANO, MICHAEL E. (MIKE)",0,1,0,0,0.0,,,,0,31.362639084243288,0.75*2012 + 0.25*2008; 2020 lines (Daily Kos),0.0
HOU_MA_08_2014,2014,house,MA,8.0,0,1,"LYNCH, STEPHEN F.",D,,200644.0,0.0,0.0,200644.0,,0,D,D,"LYNCH, STEPHEN F.",0,1,0,0,0.0,,,,0,6.187868199555743,0.75*2012 + 0.25*2008; 2020 lines (Daily Kos),0.0
HOU_MA_09_2014,2014,house,MA,9.0,0,1,"KEATING, WILLIAM RICHARD (BILL)",D,"CHAPMAN, JOHN C.",140413.0,114971.0,0.0,255384.0,54.98,1,D,D,"KEATING, WILLIAM RICHARD (BILL)",0,1,1,0,0.0,,,,0,4.442046443258646,0.75*2012 + 0.25*2008; 2020 lines (Daily Kos),0.0
HOU_MD_01_2014,2014,house,MD,1.0,0,1,"TILGHMAN, WILLIAM F. (BILL)",D,"HARRIS, ANDREW P. (ANDY)",73843.0,176342.0,0.0,250185.0,29.52,1,R,R,"HARRIS, ANDREW P. (ANDY)",0,1,1,0,0.0,,,,0,-13.82540971750214,0.75*2012 + 0.25*2008; 2020 lines (Daily Kos),0.0
HOU_MD_02_2014,2014,house,MD,2.0,0,1,"RUPPERSBERGER, C.A. (DUTCH)",D,"BANACH, DAVID M.",120412.0,70411.0,5326.0,196149.0,63.1,1,D,D,"RUPPERSBERGER, C.A. (DUTCH)",0,1,1,1,2.72,"SCHLAKMAN, IAN A.",Grn,2.72,0,11.227747082123766,0.75*2012 + 0.25*2008; 2020 lines (Daily Kos),0.0
HOU_MD_03_2014,2014,house,MD,3.0,0,1,"SARBANES, JOHN P.",D,"LONG, CHARLES A.",128594.0,87029.0,0.0,215623.0,59.64,1,D,D,"SARBANES, JOHN P.",0,1,1,0,0.0,,,,0,9.41840416133741,0.75*2012 + 0.25*2008; 2020 lines (Daily Kos),0.0
HOU_MD_04_2014,2014,house,MD,4.0,0,1,"EDWARDS, DONNA F.",D,"HOYT, NANCY",134628.0,54217.0,2795.0,191640.0,71.29,1,D,D,"EDWARDS, DONNA F.",0,1,1,1,1.46,"VOHRA, ARVIN",Lbt,1.46,0,26.262488388890905,0.75*2012 + 0.25*2008; 2020 lines (Daily Kos),0.0
HOU_MD_05_2014,2014,house,MD,5.0,0,1,"HOYER, STENY HAMILTON",D,"CHAFFEE, CHRISTOPHER P. (CHRIS)",144725.0,80752.0,0.0,225477.0,64.19,1,D,D,"HOYER, STENY HAMILTON",0,1,1,0,0.0,,,,0,14.377541170703124,0.75*2012 + 0.25*2008; 2020 lines (Daily Kos),0.0
HOU_MD_06_2014,2014,house,MD,6.0,0,1,"DELANEY, JOHN K.",D,"BONGINO, DANIEL JOHN (DAN)",94704.0,91930.0,3762.0,190396.0,50.74,1,D,D,"DELANEY, JOHN K.",0,1,1,1,1.98,"GLUCK, GEORGE",Grn,1.98,0,4.086235924947296,0.75*2012 + 0.25*2008; 2020 lines (Daily Kos),0.0
HOU_MD_07_2014,2014,house,MD,7.0,0,1,"CUMMINGS, ELIJAH E.",D,"VAUGHN, CORROGAN R.",144639.0,55860.0,6103.0,206602.0,72.14,1,D,D,"CUMMINGS, ELIJAH E.",0,1,1,1,2.95,"SOFFEN, SCOTT",Lbt,2.95,0,24.874448759532868,0.75*2012 + 0.25*2008; 2020 lines (Daily Kos),0.0
HOU_MD_08_2014,2014,house,MD,8.0,0,1,"VAN HOLLEN, CHRISTOPHER (CHRIS), JR.",D,"WALLACE, DAVID D. (DAVE), II",136722.0,87859.0,0.0,224581.0,60.88,1,D,D,"VAN HOLLEN, CHRISTOPHER (CHRIS), JR.",0,1,1,0,0.0,,,,0,10.938662857569096,0.75*2012 + 0.25*2008; 2020 lines (Daily Kos),0.0
HOU_ME_01_2014,2014,house,ME,1.0,0,1,"PINGREE, ROCHELLE M. (CHELLIE)",D,"MISIUK, ISAAC J.",186674.0,94751.0,27410.0,308835.0,66.33,1,D,D,"PINGREE, ROCHELLE M. (CHELLIE)",0,1,1,1,8.88,"MURPHY, RICHARD P.",I,8.88,0,8.708335173166436,0.75*2012 + 0.25*2008; 2020 lines (Daily Kos),0.0
HOU_ME_02_2014,2014,house,ME,2.0,0,1,"CAIN, EMILY ANN",D,"POLIQUIN, BRUCE L.",118568.0,133320.0,0.0,251888.0,47.07,1,R,,,1,1,1,0,0.0,,,,0,2.291640636326181,0.75*2012 + 0.25*2008; 2020 lines (Daily Kos),0.0
HOU_MI_01_2014,2014,house,MI,1.0,0,1,"CANNON, JERRY",D,"BENISHEK, DANIEL J. (DAN)",113263.0,130414.0,6454.0,250131.0,46.48,1,R,R,"BENISHEK, DANIEL J. (DAN)",0,1,1,2,2.58,"GNADT, LOEL R.",Lbt,1.53,0,-5.418913810667307,0.75*2012 + 0.25*2008; 2020 lines (Daily Kos),0.0
HOU_MI_02_2014,2014,house,MI,2.0,0,1,"VANDERSTELT, DEAN",D,"HUIZENGA, WILLIAM P. (BILL)",70851.0,135568.0,6653.0,213072.0,34.32,1,R,R,"HUIZENGA, WILLIAM P. (BILL)",0,1,1,2,3.12,"WELCH, RONALD, II",Lbt,1.82,0,-7.640133012832571,0.75*2012 + 0.25*2008; 2020 lines (Daily Kos),0.0
HOU_MI_03_2014,2014,house,MI,3.0,0,1,"GOODRICH, ROBERT EMMETT (BOB)",D,"AMASH, JUSTIN",84720.0,125754.0,6691.0,217165.0,40.25,1,R,R,"AMASH, JUSTIN",0,1,1,1,3.08,"DUNCAN, TONYA",Grn,3.08,0,-5.111965724320697,0.75*2012 + 0.25*2008; 2020 lines (Daily Kos),0.0
HOU_MI_04_2014,2014,house,MI,4.0,0,1,"HOLMES, JEFF",D,"MOOLENAAR, JOHN R.",85777.0,123962.0,9684.0,219423.0,40.9,1,R,,,1,1,1,2,4.41,"ZIMMER, GEORGE M.",Grn,2.27,0,-5.356555129993984,0.75*2012 + 0.25*2008; 2020 lines (Daily Kos),0.0
HOU_MI_05_2014,2014,house,MI,5.0,0,1,"KILDEE, DANIEL TIMOTHY (DAN)",D,"HARDWICK, ALLEN D. (AL)",148182.0,69222.0,4734.0,222138.0,68.16,1,D,D,"KILDEE, DANIEL TIMOTHY (DAN)",0,1,1,1,2.13,"JONES, HAROLD",Lbt,2.13,0,9.544820410471136,0.75*2012 + 0.25*2008; 2020 lines (Daily Kos),0.0
HOU_MI_06_2014,2014,house,MI,6.0,0,1,"CLEMENTS, PAUL",D,"UPTON, FREDERICK STEPHEN (FRED)",84391.0,116801.0,7784.0,208976.0,41.95,1,R,R,"UPTON, FREDERICK STEPHEN (FRED)",0,1,1,2,3.72,"HAAS, ERWIN J.",Lbt,2.65,0,-1.950410230357977,0.75*2012 + 0.25*2008; 2020 lines (Daily Kos),0.0
HOU_MI_07_2014,2014,house,MI,7.0,0,1,"BYRNES, PAM",D,"WALBERG, TIMOTHY L. (TIM)",92083.0,119564.0,12038.0,223685.0,43.51,1,R,R,"WALBERG, TIMOTHY L. (TIM)",0,1,1,3,5.38,"PROCTOR, KENNETH L. (KEN)",Lbt,2.03,0,-3.188730308615717,0.75*2012 + 0.25*2008; 2020 lines (Daily Kos),0.0
HOU_MI_08_2014,2014,house,MI,8.0,0,1,"SCHERTZING, ERIC ANTHONY",D,"BISHOP, MIKE",102269.0,132739.0,8117.0,243125.0,43.52,1,R,,,1,1,1,3,3.34,"WEEKS, JAMES T., II",Lbt,1.87,0,-2.9327139322983067,0.75*2012 + 0.25*2008; 2020 lines (Daily Kos),0.0
HOU_MI_09_2014,2014,house,MI,9.0,0,1,"LEVIN, SANDER M. (SANDY)",D,"BRIKHO, GEORGE",136342.0,81470.0,7945.0,225757.0,62.6,1,D,D,"LEVIN, SANDER M. (SANDY)",0,1,1,2,3.52,"CRESWELL, GREGORY (GREG)",Lbt,2.12,0,5.639839306900282,0.75*2012 + 0.25*2008; 2020 lines (Daily Kos),0.0
HOU_MI_10_2014,2014,house,MI,10.0,0,1,"STADLER, CHUCK",D,"MILLER, CANDICE S.",67143.0,157069.0,4480.0,228692.0,29.95,1,R,R,"MILLER, CANDICE S.",0,1,1,1,1.96,"MIKKELSON, HARLEY G.",Grn,1.96,0,-7.084939274409787,0.75*2012 + 0.25*2008; 2020 lines (Daily Kos),0.0
HOU_MI_11_2014,2014,house,MI,11.0,0,1,"MCKENZIE, BOBBY",D,"TROTT, DAVID A. (DAVE)",101681.0,140435.0,7711.0,249827.0,42.0,1,R,,,1,1,1,1,3.09,"TATAR, JOHN J.",Lbt,3.09,0,-4.249803784693074,0.75*2012 + 0.25*2008; 2020 lines (Daily Kos),0.0
HOU_MI_12_2014,2014,house,MI,12.0,0,1,"DINGELL, DEBBIE INSLEY",D,"BOWMAN, TERRY",134346.0,64716.0,7598.0,206660.0,67.49,1,D,,,1,1,1,2,3.68,"WALKOWICZ, GARY",Other,2.44,0,14.72994497304785,0.75*2012 + 0.25*2008; 2020 lines (Daily Kos),0.0
HOU_MI_13_2014,2014,house,MI,13.0,0,1,"CONYERS, JOHN, JR.",D,"GORMAN, JEFFREY A. (JEFF)",132710.0,27234.0,7003.0,166947.0,82.97,1,D,D,"CONYERS, JOHN, JR.",0,1,1,2,4.19,"SHARER, CHRIS",Lbt,2.12,0,33.19474186276496,0.75*2012 + 0.25*2008; 2020 lines (Daily Kos),0.0
HOU_MI_14_2014,2014,house,MI,14.0,0,1,"LAWRENCE, BRENDA LUIENAR",D,"CONYERS, CHRISTINA",165272.0,41801.0,5365.0,212438.0,79.81,1,D,,,1,1,1,2,2.53,"SCHWARTZ, LEONARD C.",Lbt,1.58,0,29.226909522979604,0.75*2012 + 0.25*2008; 2020 lines (Daily Kos),0.0
HOU_MN_01_2014,2014,house,MN,1.0,0,1,"WALZ, TIMOTHY J. (TIM)",D,"HAGEDORN, JAMES (JIM)",122851.0,103536.0,0.0,226387.0,54.27,1,D,D,"WALZ, TIMOTHY J. (TIM)",0,1,1,0,0.0,,,,0,-1.4001520905059102,0.75*2012 + 0.25*2008; 2020 lines (Daily Kos),0.0
HOU_MN_02_2014,2014,house,MN,2.0,0,1,"OBERMUELLER, MICHAEL E. (MIKE)",D,"KLINE, JOHN PAUL, JR.",95565.0,137778.0,12319.0,245662.0,40.95,1,R,R,"KLINE, JOHN PAUL, JR.",0,1,1,1,5.01,"OVERBY, PAULA M.",Other,5.01,0,-2.060429079634213,0.75*2012 + 0.25*2008; 2020 lines (Daily Kos),0.0
HOU_MN_03_2014,2014,house,MN,3.0,0,1,"SUND, SHARON ROBERSON",D,"PAULSEN, ERIK",101846.0,167515.0,0.0,269361.0,37.81,1,R,R,"PAULSEN, ERIK",0,1,1,0,0.0,,,,0,-1.6723788184414308,0.75*2012 + 0.25*2008; 2020 lines (Daily Kos),0.0
HOU_MN_04_2014,2014,house,MN,4.0,0,1,"MCCOLLUM, BETTY",D,"WAHLGREN, SHARNA",147857.0,79492.0,0.0,227349.0,65.04,1,D,D,"MCCOLLUM, BETTY",0,1,1,0,0.0,,,,0,11.329551556175204,0.75*2012 + 0.25*2008; 2020 lines (Daily Kos),0.0
HOU_MN_05_2014,2014,house,MN,5.0,0,1,"ELLISON, KEITH MAURICE",D,"DAGGETT, DOUG",167079.0,56577.0,0.0,223656.0,74.7,1,D,D,"ELLISON, KEITH MAURICE",0,1,1,0,0.0,,,,0,22.83879212434701,0.75*2012 + 0.25*2008; 2020 lines (Daily Kos),0.0
HOU_MN_06_2014,2014,house,MN,6.0,0,1,"PERSEK, JOSEPH (JOE)",D,"EMMER, THOMAS (TOM)",90926.0,133328.0,12457.0,236711.0,40.55,1,R,,,1,1,1,1,5.26,"DENNEY, JOHN J.",Other,5.26,0,-9.63232048146407,0.75*2012 + 0.25*2008; 2020 lines (Daily Kos),0.0
HOU_MN_07_2014,2014,house,MN,7.0,0,1,"PETERSON, COLLIN CLARK",D,"WESTROM, TORREY",130546.0,109955.0,0.0,240501.0,54.28,1,D,D,"PETERSON, COLLIN CLARK",0,1,1,0,0.0,,,,0,-6.589372208406615,0.75*2012 + 0.25*2008; 2020 lines (Daily Kos),0.0
HOU_MN_08_2014,2014,house,MN,8.0,0,1,"NOLAN, RICHARD MICHAEL (RICK)",D,"MILLS, STEWART",129090.0,125358.0,0.0,254448.0,50.73,1,D,D,"NOLAN, RICHARD MICHAEL (RICK)",0,1,1,0,0.0,,,,0,0.7363024570638754,0.75*2012 + 0.25*2008; 2020 lines (Daily Kos),0.0
HOU_MO_01_2014,2014,house,MO,1.0,0,1,"CLAY, WILLIAM LACY (BILL), JR.",D,"ELDER, DANIEL J.",119315.0,35273.0,8906.0,163494.0,77.18,1,D,D,"CLAY, WILLIAM LACY (BILL), JR.",0,1,1,1,5.45,"CUNNINGHAM, ROBB E.",Lbt,5.45,0,28.492443546611824,0.75*2012 + 0.25*2008; 2020 lines (Daily Kos),0.0
HOU_MO_02_2014,2014,house,MO,2.0,0,1,"LIEBER, ARTHUR H.",D,"WAGNER, ANN L.",75384.0,148191.0,7542.0,231117.0,33.72,1,R,R,"WAGNER, ANN L.",0,1,1,1,3.26,"SLANTZ, BILL",Lbt,3.26,0,-9.211571757955168,0.75*2012 + 0.25*2008; 2020 lines (Daily Kos),0.0
HOU_MO_03_2014,2014,house,MO,3.0,0,1,"DENTON, COURTNEY",D,"LUETKEMEYER, W. BLAINE",52021.0,130940.0,8593.0,191554.0,28.43,1,R,R,"LUETKEMEYER, W. BLAINE",0,1,1,1,4.49,"HEDRICK, STEVEN R.",Lbt,4.49,0,-14.024050364556857,0.75*2012 + 0.25*2008; 2020 lines (Daily Kos),0.0
HOU_MO_04_2014,2014,house,MO,4.0,0,1,"IRVIN, NATE",D,"HARTZLER, VICKY J.",46464.0,120014.0,9793.0,176271.0,27.91,1,R,R,"HARTZLER, VICKY J.",0,1,1,1,5.56,"YOUNG, HERSCHEL L.",Lbt,5.56,0,-13.839289998642116,0.75*2012 + 0.25*2008; 2020 lines (Daily Kos),0.0
HOU_MO_05_2014,2014,house,MO,5.0,0,1,"CLEAVER, EMANUEL, II",D,"TURK, JACOB",79256.0,69071.0,5308.0,153635.0,53.43,1,D,D,"CLEAVER, EMANUEL, II",0,1,1,1,3.45,"WELBORN, ROY",Lbt,3.45,0,8.201146685232697,0.75*2012 + 0.25*2008; 2020 lines (Daily Kos),0.0
HOU_MO_06_2014,2014,house,MO,6.0,0,1,"HEDGE, W.A. (BILL)",D,"GRAVES, SAMUEL B. (SAM), JR.",55157.0,124616.0,7197.0,186970.0,30.68,1,R,R,"GRAVES, SAMUEL B. (SAM), JR.",0,1,1,1,3.85,"MONCHIL, RUSS LEE",Lbt,3.85,0,-12.474217674131316,0.75*2012 + 0.25*2008; 2020 lines (Daily Kos),0.0
HOU_MO_07_2014,2014,house,MO,7.0,0,1,"EVANS, JAMES S. (JIM)",D,"LONG, BILLY",47282.0,104054.0,12584.0,163920.0,31.24,1,R,R,"LONG, BILLY",0,1,1,1,7.68,"CRAIG, KEVIN",Lbt,7.68,0,-20.228894247932324,0.75*2012 + 0.25*2008; 2020 lines (Daily Kos),0.0
HOU_MO_08_2014,2014,house,MO,8.0,0,1,"STOCKER, BARBARA HAMILL",D,"SMITH, JASON T.",38721.0,106124.0,14379.0,159224.0,26.73,1,R,R,"SMITH, JASON T.",0,1,1,3,9.03,"HAMPTON, TERRY L.",I,4.28,0,-18.18801945578589,0.75*2012 + 0.25*2008; 2020 lines (Daily Kos),0.0
HOU_MS_01_2014,2014,house,MS,1.0,0,1,"DICKEY, RON E.",D,"NUNNELEE, PATRICK ALAN",43713.0,102622.0,0.0,146335.0,29.87,1,R,R,"NUNNELEE, PATRICK ALAN",0,1,1,0,0.0,,,,0,-15.14580078768422,0.75*2012 + 0.25*2008; 2020 lines (Daily Kos),0.0
HOU_MS_02_2014,2014,house,MS,2.0,0,1,"THOMPSON, BENNIE G.",D,,100688.0,0.0,0.0,100688.0,,0,D,D,"THOMPSON, BENNIE G.",0,1,0,0,0.0,,,,0,13.766163308133326,0.75*2012 + 0.25*2008; 2020 lines (Daily Kos),0.0
HOU_MS_03_2014,2014,house,MS,3.0,0,1,"MAGEE, DOUGLAS MACARTHUR (DOUG)",D,"HARPER, GREGG",47744.0,117771.0,0.0,165515.0,28.85,1,R,R,"HARPER, GREGG",0,1,1,0,0.0,,,,0,-13.197122506227942,0.75*2012 + 0.25*2008; 2020 lines (Daily Kos),0.0
HOU_MS_04_2014,2014,house,MS,4.0,0,1,"MOORE, MATTHEW R. (MATT)",D,"PALAZZO, STEVEN MCCARTY",37869.0,108776.0,0.0,146645.0,25.82,1,R,R,"PALAZZO, STEVEN MCCARTY",0,1,1,0,0.0,,,,0,-20.89951823890924,0.75*2012 + 0.25*2008; 2020 lines (Daily Kos),0.0
HOU_MT_01_2014,2014,house,MT,1.0,0,1,"LEWIS, JOHN",D,"ZINKE, RYAN K.",148690.0,203871.0,0.0,352561.0,42.17,1,R,,,1,1,1,0,0.0,,,,0,-8.033611068358631,0.75*2012 + 0.25*2008; 2020 lines (Daily Kos),0.0
HOU_NC_01_2014,2014,house,NC,1.0,0,1,"BUTTERFIELD, GEORGE K. (G.K.), JR.",D,"RICH, ARTHUR JASON",154333.0,55990.0,0.0,210323.0,73.38,1,D,D,"BUTTERFIELD, GEORGE K. (G.K.), JR.",0,1,1,0,0.0,,,,0,16.969999,old course file (PS9 2012 values),0.0
HOU_NC_02_2014,2014,house,NC,2.0,0,1,"AIKEN, CLAYTON (CLAY)",D,"ELLMERS, RENEE JACISIN",85479.0,122128.0,0.0,207607.0,41.17,1,R,R,"ELLMERS, RENEE JACISIN",0,1,1,0,0.0,,,,0,-10.37,old course file (PS9 2012 values),0.0
HOU_NC_03_2014,2014,house,NC,3.0,0,1,"ADAME, MARSHALL RICHARD",D,"JONES, WALTER B., JR.",66182.0,139415.0,0.0,205597.0,32.19,1,R,R,"JONES, WALTER B., JR.",0,1,1,0,0.0,,,,0,-10.41,old course file (PS9 2012 values),0.0
HOU_NC_04_2014,2014,house,NC,4.0,0,1,"PRICE, DAVID EUGENE",D,"WRIGHT, PAUL",169946.0,57416.0,0.0,227362.0,74.75,1,D,D,"PRICE, DAVID EUGENE",0,1,1,0,0.0,,,,0,18.17,old course file (PS9 2012 values),0.0
HOU_NC_05_2014,2014,house,NC,5.0,0,1,"BRANNON, JOSHUA ETHAN (JOSH)",D,"FOXX, VIRGINIA ANN",88973.0,139279.0,0.0,228252.0,38.98,1,R,R,"FOXX, VIRGINIA ANN",0,1,1,0,0.0,,,,0,-11.57,old course file (PS9 2012 values),0.0
HOU_NC_06_2014,2014,house,NC,6.0,0,1,"FJELD, LAURA",D,"WALKER, BRADLEY MARK",103758.0,147312.0,0.0,251070.0,41.33,1,R,,,1,1,1,0,0.0,,,,0,-10.3,old course file (PS9 2012 values),0.0
HOU_NC_07_2014,2014,house,NC,7.0,0,1,"BARFIELD, JONATHAN, JR.",D,"ROUZER, DAVID CHESTON",84054.0,134431.0,7850.0,226335.0,38.47,1,R,,,1,1,1,1,3.47,"CASTEEN, J. WESLEY",Lbt,3.47,0,-11.35,old course file (PS9 2012 values),0.0
HOU_NC_08_2014,2014,house,NC,8.0,0,1,"BLUE, ANTONIO",D,"HUDSON, RICHARD L., JR.",65854.0,121568.0,0.0,187422.0,35.14,1,R,R,"HUDSON, RICHARD L., JR.",0,1,1,0,0.0,,,,0,-11.6,old course file (PS9 2012 values),0.0
HOU_NC_09_2014,2014,house,NC,9.0,0,1,,,"PITTENGER, ROBERT M.",0.0,163080.0,0.0,163080.0,,0,R,R,"PITTENGER, ROBERT M.",0,0,1,0,0.0,,,,0,-8.96,old course file (PS9 2012 values),0.0
HOU_NC_10_2014,2014,house,NC,10.0,0,1,"MACQUEEN, TATE",D,"MCHENRY, PATRICK TIMOTHY",85292.0,133504.0,0.0,218796.0,38.98,1,R,R,"MCHENRY, PATRICK TIMOTHY",0,1,1,0,0.0,,,,0,-10.98,old course file (PS9 2012 values),0.0
HOU_NC_11_2014,2014,house,NC,11.0,0,1,"HILL, THOMAS WADDELL (TOM)",D,"MEADOWS, MARK R.",85342.0,144682.0,0.0,230024.0,37.1,1,R,R,"MEADOWS, MARK R.",0,1,1,0,0.0,,,,0,-12.32,old course file (PS9 2012 values),0.0
HOU_NC_12_2014,2014,house,NC,12.0,0,1,"ADAMS, ALMA SHEALEY",D,"COAKLEY, VINCE",130096.0,42568.0,0.0,172664.0,75.35,1,D,,,1,1,1,0,0.0,,,,0,24.1,old course file (PS9 2012 values),0.0
HOU_NC_13_2014,2014,house,NC,13.0,0,1,"CLEARY, BRENDA",D,"HOLDING, GEORGE E.B.",114718.0,153991.0,0.0,268709.0,42.69,1,R,R,"HOLDING, GEORGE E.B.",0,1,1,0,0.0,,,,0,-8.8999996,old course file (PS9 2012 values),0.0
HOU_ND_01_2014,2014,house,ND,1.0,0,1,"SINNER, GEORGE B.",D,"CRAMER, KEVIN J.",95678.0,138100.0,14531.0,248309.0,40.93,1,R,R,"CRAMER, KEVIN J.",0,1,1,1,5.85,"SEAMAN, ROBERT J. (JACK)",Lbt,5.85,0,-11.145723197396348,0.75*2012 + 0.25*2008; 2020 lines (Daily Kos),0.0
HOU_NE_01_2014,2014,house,NE,1.0,0,1,"CRAWFORD, DENNIS P.",D,"FORTENBERRY, JEFFREY (JEFF)",55838.0,123219.0,0.0,179057.0,31.18,1,R,R,"FORTENBERRY, JEFFREY (JEFF)",0,1,1,0,0.0,,,,0,-10.098036093009885,0.75*2012 + 0.25*2008; 2020 lines (Daily Kos),0.0
HOU_NE_02_2014,2014,house,NE,2.0,0,1,"ASHFORD, BRAD",D,"TERRY, LEE R., JR.",83872.0,78157.0,9021.0,171050.0,51.76,1,D,R,"TERRY, LEE R., JR.",0,1,1,1,5.27,"LAIRD, STEVEN C.",Lbt,5.27,0,-4.999163060747697,0.75*2012 + 0.25*2008; 2020 lines (Daily Kos),0.0
HOU_NE_03_2014,2014,house,NE,3.0,0,1,"SULLIVAN, ROGER MARK",D,"SMITH, ADRIAN M.",45524.0,139440.0,0.0,184964.0,24.61,1,R,R,"SMITH, ADRIAN M.",0,1,1,0,0.0,,,,0,-23.25332558986226,0.75*2012 + 0.25*2008; 2020 lines (Daily Kos),0.0
HOU_NH_01_2014,2014,house,NH,1.0,0,1,"SHEA-PORTER, CAROL",D,"GUINTA, FRANK C.",116769.0,125508.0,0.0,242277.0,48.2,1,R,D,"SHEA-PORTER, CAROL",0,1,1,0,0.0,,,,0,-1.0341917476005018,0.75*2012 + 0.25*2008; 2020 lines (Daily Kos),0.0
HOU_NH_02_2014,2014,house,NH,2.0,0,1,"KUSTER, ANN MCLANE (ANNIE)",D,"GARCIA, MARILINDA (MARI)",130700.0,106871.0,0.0,237571.0,55.02,1,D,D,"KUSTER, ANN MCLANE (ANNIE)",0,1,1,0,0.0,,,,0,2.8433325349908585,0.75*2012 + 0.25*2008; 2020 lines (Daily Kos),0.0
HOU_NJ_01_2014,2014,house,NJ,1.0,0,1,"NORCROSS, DONALD W.",D,"COBB, GARRY W.",93315.0,64073.0,5104.0,162492.0,59.29,1,D,,,1,1,1,5,3.14,"THOMASZEWSKI, SCOT JOHN",Other,1.1,0,13.243835997900732,0.75*2012 + 0.25*2008; 2020 lines (Daily Kos),0.0
HOU_NJ_02_2014,2014,house,NJ,2.0,0,1,"HUGHES, WILLIAM J., JR.",D,"LOBIONDO, FRANK A.",66026.0,108875.0,0.0,174901.0,37.75,1,R,R,"LOBIONDO, FRANK A.",0,1,1,0,0.0,,,,0,1.608642830939505,0.75*2012 + 0.25*2008; 2020 lines (Daily Kos),0.0
HOU_NJ_03_2014,2014,house,NJ,3.0,0,1,"BELGARD, AIMEE",D,"MACARTHUR, TOM",82537.0,100471.0,0.0,183008.0,45.1,1,R,,,1,1,1,0,0.0,,,,0,-0.280157024463995,0.75*2012 + 0.25*2008; 2020 lines (Daily Kos),0.0
HOU_NJ_04_2014,2014,house,NJ,4.0,0,1,"SCOLAVINO, RUBEN M.",D,"SMITH, CHRISTOPHER H. (CHRIS)",54415.0,118826.0,0.0,173241.0,31.41,1,R,R,"SMITH, CHRISTOPHER H. (CHRIS)",0,1,1,0,0.0,,,,0,-7.131901384525131,0.75*2012 + 0.25*2008; 2020 lines (Daily Kos),0.0
HOU_NJ_05_2014,2014,house,NJ,5.0,0,1,"CHO, ROY",D,"GARRETT, E. SCOTT",81808.0,104678.0,0.0,186486.0,43.87,1,R,R,"GARRETT, E. SCOTT",0,1,1,0,0.0,,,,0,-3.846079372344476,0.75*2012 + 0.25*2008; 2020 lines (Daily Kos),0.0
HOU_NJ_06_2014,2014,house,NJ,6.0,0,1,"PALLONE, FRANK J., JR.",D,"WILKINSON, ANTHONY E.",72190.0,46891.0,0.0,119081.0,60.62,1,D,D,"PALLONE, FRANK J., JR.",0,1,1,0,0.0,,,,0,8.938404836355422,0.75*2012 + 0.25*2008; 2020 lines (Daily Kos),0.0
HOU_NJ_07_2014,2014,house,NJ,7.0,0,1,"KOVACH, JANICE L.",D,"LANCE, LEONARD",68232.0,104287.0,0.0,172519.0,39.55,1,R,R,"LANCE, LEONARD",0,1,1,0,0.0,,,,0,-5.335324340559909,0.75*2012 + 0.25*2008; 2020 lines (Daily Kos),0.0
HOU_NJ_08_2014,2014,house,NJ,8.0,0,1,"SIRES, ALBIO",D,"TISCORNIA, JUDE ANTHONY",61510.0,15141.0,0.0,76651.0,80.25,1,D,D,"SIRES, ALBIO",0,1,1,0,0.0,,,,0,25.27242177728312,0.75*2012 + 0.25*2008; 2020 lines (Daily Kos),0.0
HOU_NJ_09_2014,2014,house,NJ,9.0,0,1,"PASCRELL, WILLIAM J. (BILL), JR.",D,"PAUL, DIERDRE G.",82498.0,36246.0,0.0,118744.0,69.48,1,D,D,"PASCRELL, WILLIAM J. (BILL), JR.",0,1,1,0,0.0,,,,0,15.386964346755416,0.75*2012 + 0.25*2008; 2020 lines (Daily Kos),0.0
HOU_NJ_10_2014,2014,house,NJ,10.0,0,1,"PAYNE, DONALD M. (DON), JR.",D,"DENTLEY, YOLANDA",95734.0,14154.0,2235.0,112123.0,87.12,1,D,D,"PAYNE, DONALD M. (DON), JR.",0,1,1,2,1.99,"FRANKLIN, GWENDOLYN",Other,1.1,0,35.200910595514905,0.75*2012 + 0.25*2008; 2020 lines (Daily Kos),0.0
HOU_NJ_11_2014,2014,house,NJ,11.0,0,1,"DUNEC, MARK",D,"FRELINGHUYSEN, RODNEY P.",65477.0,109455.0,0.0,174932.0,37.43,1,R,R,"FRELINGHUYSEN, RODNEY P.",0,1,1,0,0.0,,,,0,-5.286557975310923,0.75*2012 + 0.25*2008; 2020 lines (Daily Kos),0.0
HOU_NJ_12_2014,2014,house,NJ,12.0,0,1,"WATSON COLEMAN, BONNIE",D,"ECK, ALIETA",90430.0,54168.0,0.0,144598.0,62.54,1,D,,,1,1,1,0,0.0,,,,0,14.559743117784212,0.75*2012 + 0.25*2008; 2020 lines (Daily Kos),0.0
HOU_NM_01_2014,2014,house,NM,1.0,0,1,"GRISHAM, MICHELLE LUJAN",D,"FRESE, MICHAEL H.",105474.0,74558.0,0.0,180032.0,58.59,1,D,D,"GRISHAM, MICHELLE LUJAN",0,1,1,0,0.0,,,,0,6.360394585034398,0.75*2012 + 0.25*2008; 2020 lines (Daily Kos),0.0
HOU_NM_02_2014,2014,house,NM,2.0,0,1,"LARA, ROXANNE (ROCKY)",D,"PEARCE, STEVAN E. (STEVE)",52499.0,95209.0,0.0,147708.0,35.54,1,R,R,"PEARCE, STEVAN E. (STEVE)",0,1,1,0,0.0,,,,0,-5.32316412457652,0.75*2012 + 0.25*2008; 2020 lines (Daily Kos),0.0
HOU_NM_03_2014,2014,house,NM,3.0,0,1,"LUJAN, BEN RAY, JR.",D,"BYRD, JEFFERSON LEE (JEFF)",113249.0,70775.0,0.0,184024.0,61.54,1,D,D,"LUJAN, BEN RAY, JR.",0,1,1,0,0.0,,,,0,7.898498385600108,0.75*2012 + 0.25*2008; 2020 lines (Daily Kos),0.0
HOU_NV_01_2014,2014,house,NV,1.0,0,1,"TITUS, ALICE C. (DINA)",D,"TEIJEIRO, ANNETTE",45643.0,30413.0,4243.0,80299.0,60.01,1,D,D,"TITUS, ALICE C. (DINA)",0,1,1,2,5.28,"CHARLES, RICHARD (RICARDO CARLOS)",Lbt,3.26,0,14.29503354197666,0.75*2012 + 0.25*2008; 2020 lines (Daily Kos),0.0
HOU_NV_02_2014,2014,house,NV,2.0,0,1,"SPEES, KRISTEN",D,"AMODEI, MARK EUGENE",52016.0,122402.0,11792.0,186210.0,29.82,1,R,R,"AMODEI, MARK EUGENE",0,1,1,1,6.33,"HANSEN, JANINE",I,6.33,0,-5.388519339098504,0.75*2012 + 0.25*2008; 2020 lines (Daily Kos),0.0
HOU_NV_03_2014,2014,house,NV,3.0,0,1,"BILBRAY, ERIN",D,"HECK, JOSEPH JOHN (JOE), JR.",52644.0,88528.0,4547.0,145719.0,37.29,1,R,R,"HECK, JOSEPH JOHN (JOE), JR.",0,1,1,3,3.12,"GOOSSEN, DAVID",I,1.12,0,-1.0053922893746234,0.75*2012 + 0.25*2008; 2020 lines (Daily Kos),0.0
HOU_NV_04_2014,2014,house,NV,4.0,0,1,"HORSFORD, STEVEN ALEXZANDER",D,"HARDY, CRESENT",59844.0,63466.0,7471.0,130781.0,48.53,1,R,D,"HORSFORD, STEVEN ALEXZANDER",0,1,1,2,5.71,"BROWN, STEVE",Lbt,3.15,0,3.555480723257637,0.75*2012 + 0.25*2008; 2020 lines (Daily Kos),0.0
HOU_NY_01_2014,2014,house,NY,1.0,0,1,"BISHOP, TIMOTHY H. (TIM)",D,"ZELDIN, LEE M.",78722.0,94035.0,0.0,172757.0,45.57,1,R,D,"BISHOP, TIMOTHY H. (TIM)",0,1,1,0,0.0,,,,0,-1.7755298434922018,0.75*2012 + 0.25*2008; 2020 lines (Daily Kos),0.0
HOU_NY_02_2014,2014,house,NY,2.0,0,1,"MAHER, PATRICIA M. (PAT)",D,"KING, PETER T. (PETE)",41814.0,95177.0,2281.0,139272.0,30.52,1,R,R,"KING, PETER T. (PETE)",0,1,1,1,1.64,"STEVENSON, WILLIAM D.",Grn,1.64,0,-0.35275288115863,0.75*2012 + 0.25*2008; 2020 lines (Daily Kos),0.0
HOU_NY_03_2014,2014,house,NY,3.0,0,1,"ISRAEL, STEVE J.",D,"LALLY, GRANT M.",90032.0,63219.0,0.0,153251.0,58.75,1,D,D,"ISRAEL, STEVE J.",0,1,1,0,0.0,,,,0,-0.4882440421600575,0.75*2012 + 0.25*2008; 2020 lines (Daily Kos),0.0
HOU_NY_04_2014,2014,house,NY,4.0,0,1,"RICE, KATHLEEN M.",D,"BLAKEMAN, BRUCE A.",89793.0,80127.0,0.0,169920.0,52.84,1,D,,,1,1,1,0,0.0,,,,0,4.11542954077286,0.75*2012 + 0.25*2008; 2020 lines (Daily Kos),0.0
HOU_NY_05_2014,2014,house,NY,5.0,0,1,"MEEKS, GREGORY W.",D,,75712.0,0.0,3870.0,79582.0,,0,D,D,"MEEKS, GREGORY W.",0,1,0,1,4.86,"STEINHARDT, ALLEN F.",Other,4.86,0,37.30083433661747,0.75*2012 + 0.25*2008; 2020 lines (Daily Kos),0.0
HOU_NY_06_2014,2014,house,NY,6.0,0,1,"MENG, GRACE",D,,55368.0,0.0,0.0,55368.0,,0,D,D,"MENG, GRACE",0,1,0,0,0.0,,,,0,14.98859016902138,0.75*2012 + 0.25*2008; 2020 lines (Daily Kos),0.0
HOU_NY_07_2014,2014,house,NY,7.0,0,1,"VELAZQUEZ, NYDIA M.",D,"FERNANDEZ, JOSE LUIS",56593.0,5713.0,1398.0,63704.0,90.83,1,D,D,"VELAZQUEZ, NYDIA M.",0,1,1,1,2.19,"ROMAGUERA, ALLAN E. (AL)",Other,2.19,0,35.93814486613801,0.75*2012 + 0.25*2008; 2020 lines (Daily Kos),0.0
HOU_NY_08_2014,2014,house,NY,8.0,0,1,"JEFFRIES, HAKEEM S.",D,,77255.0,0.0,6673.0,83928.0,,0,D,D,"JEFFRIES, HAKEEM S.",0,1,0,1,7.95,"BELLONE, ALLAN S.",Other,7.95,0,36.47948496978761,0.75*2012 + 0.25*2008; 2020 lines (Daily Kos),0.0
HOU_NY_09_2014,2014,house,NY,9.0,0,1,"CLARKE, YVETTE DIANE",D,,82659.0,0.0,9727.0,92386.0,,0,D,D,"CLARKE, YVETTE DIANE",0,1,0,1,10.53,"CAVANAGH, DANIEL J.",Other,10.53,0,33.201969871485325,0.75*2012 + 0.25*2008; 2020 lines (Daily Kos),0.0
HOU_NY_10_2014,2014,house,NY,10.0,0,1,"NADLER, JERROLD L. (JERRY)",D,,89080.0,0.0,12596.0,101676.0,,0,D,D,"NADLER, JERROLD L. (JERRY)",0,1,0,2,12.39,"BRADY, ROSS",Other,11.84,0,22.62099605865656,0.75*2012 + 0.25*2008; 2020 lines (Daily Kos),0.0
HOU_NY_11_2014,2014,house,NY,11.0,0,1,"RECCHIA, DOMENIC M., JR.",D,"GRIMM, MICHAEL G.",45244.0,58886.0,2687.0,106817.0,43.45,1,R,R,"GRIMM, MICHAEL G.",0,1,1,1,2.52,"BARDEL, HENRY J. (HANK)",Grn,2.52,0,-1.1596959938000322,0.75*2012 + 0.25*2008; 2020 lines (Daily Kos),0.0
HOU_NY_12_2014,2014,house,NY,12.0,0,1,"MALONEY, CAROLYN B.",D,"DI IORIO, NICHOLAS S.",90603.0,22731.0,0.0,113334.0,79.94,1,D,D,"MALONEY, CAROLYN B.",0,1,1,0,0.0,,,,0,26.398350861951783,0.75*2012 + 0.25*2008; 2020 lines (Daily Kos),0.0
HOU_NY_13_2014,2014,house,NY,13.0,0,1,"RANGEL, CHARLES B.",D,,68396.0,0.0,9806.0,78202.0,,0,D,D,"RANGEL, CHARLES B.",0,1,0,1,12.54,"RIVERA, DANIEL VILA",Grn,12.54,0,42.56404337885432,0.75*2012 + 0.25*2008; 2020 lines (Daily Kos),0.0
HOU_NY_14_2014,2014,house,NY,14.0,0,1,"CROWLEY, JOSEPH (JOE)",D,,50352.0,0.0,6735.0,57087.0,,0,D,D,"CROWLEY, JOSEPH (JOE)",0,1,0,1,11.8,"PERRY, ELIZABETH",Other,11.8,0,27.85359016708718,0.75*2012 + 0.25*2008; 2020 lines (Daily Kos),0.0
HOU_NY_15_2014,2014,house,NY,15.0,0,1,"SERRANO, JOSE E.",D,,54906.0,0.0,1615.0,56521.0,,0,D,D,"SERRANO, JOSE E.",0,1,0,2,2.86,"RAMIREZ, EDUARDO",Other,1.85,0,43.98977849159,0.75*2012 + 0.25*2008; 2020 lines (Daily Kos),0.0
HOU_NY_16_2014,2014,house,NY,16.0,0,1,"ENGEL, ELIOT L.",D,,99658.0,0.0,0.0,99658.0,,0,D,D,"ENGEL, ELIOT L.",0,1,0,0,0.0,,,,0,21.60445613988148,0.75*2012 + 0.25*2008; 2020 lines (Daily Kos),0.0
HOU_NY_17_2014,2014,house,NY,17.0,0,1,"LOWEY, NITA M.",D,"DAY, CHRISTOPHER E.",98150.0,75781.0,0.0,173931.0,56.43,1,D,D,"LOWEY, NITA M.",0,1,1,0,0.0,,,,0,5.442894958596534,0.75*2012 + 0.25*2008; 2020 lines (Daily Kos),0.0
HOU_NY_18_2014,2014,house,NY,18.0,0,1,"MALONEY, SEAN PATRICK",D,"HAYWORTH, NAN A.S.",88993.0,85660.0,4294.0,178947.0,50.95,1,D,D,"MALONEY, SEAN PATRICK",0,1,1,1,2.4,"SMITH, SCOTT A.",Other,2.4,0,-0.1599340116311992,0.75*2012 + 0.25*2008; 2020 lines (Daily Kos),0.0
HOU_NY_19_2014,2014,house,NY,19.0,0,1,"ELDRIDGE, SEAN S.",D,"GIBSON, CHRISTOPHER P. (CHRIS)",72470.0,131594.0,0.0,204064.0,35.51,1,R,R,"GIBSON, CHRISTOPHER P. (CHRIS)",0,1,1,0,0.0,,,,0,0.9227330779291054,0.75*2012 + 0.25*2008; 2020 lines (Daily Kos),0.0
HOU_NY_20_2014,2014,house,NY,20.0,0,1,"TONKO, PAUL DAVID",D,"FISCHER, JAMES M. (JIM)",125111.0,79104.0,0.0,204215.0,61.26,1,D,D,"TONKO, PAUL DAVID",0,1,1,0,0.0,,,,0,7.705042767133419,0.75*2012 + 0.25*2008; 2020 lines (Daily Kos),0.0
HOU_NY_21_2014,2014,house,NY,21.0,0,1,"WOOLF, AARON G.",D,"STEFANIK, ELISE M.",59063.0,96226.0,19238.0,174527.0,38.03,1,R,,,1,1,1,1,11.02,"FUNICIELLO, MATTHEW J. (MATT)",Grn,11.02,0,0.5313382673850953,0.75*2012 + 0.25*2008; 2020 lines (Daily Kos),0.0
HOU_NY_22_2014,2014,house,NY,22.0,0,1,,,"HANNA, RICHARD L.",0.0,129851.0,0.0,129851.0,,0,R,R,"HANNA, RICHARD L.",0,0,1,0,0.0,,,,0,-2.63994453798861,0.75*2012 + 0.25*2008; 2020 lines (Daily Kos),0.0
HOU_NY_23_2014,2014,house,NY,23.0,0,1,"ROBERTSON, MARTHA",D,"REED, THOMAS W. (TOM), II",70242.0,113130.0,0.0,183372.0,38.31,1,R,R,"REED, THOMAS W. (TOM), II",0,1,1,0,0.0,,,,0,-2.810314187302261,0.75*2012 + 0.25*2008; 2020 lines (Daily Kos),0.0
HOU_NY_24_2014,2014,house,NY,24.0,0,1,"MAFFEI, DANIEL BENJAMIN (DAN)",D,"KATKO, JOHN M.",80304.0,118474.0,0.0,198778.0,40.4,1,R,D,"MAFFEI, DANIEL BENJAMIN (DAN)",0,1,1,0,0.0,,,,0,5.450651639620829,0.75*2012 + 0.25*2008; 2020 lines (Daily Kos),0.0
HOU_NY_25_2014,2014,house,NY,25.0,0,1,"SLAUGHTER, LOUISE MCINTOSH",D,"ASSINI, MARK W.",96803.0,95932.0,0.0,192735.0,50.23,1,D,D,"SLAUGHTER, LOUISE MCINTOSH",0,1,1,0,0.0,,,,0,7.335479358422578,0.75*2012 + 0.25*2008; 2020 lines (Daily Kos),0.0
HOU_NY_26_2014,2014,house,NY,26.0,0,1,"HIGGINS, BRIAN M.",D,"WEPPNER, KATHLEEN (KATHY)",113210.0,52909.0,0.0,166119.0,68.15,1,D,D,"HIGGINS, BRIAN M.",0,1,1,0,0.0,,,,0,12.469428370192498,0.75*2012 + 0.25*2008; 2020 lines (Daily Kos),0.0
HOU_NY_27_2014,2014,house,NY,27.0,0,1,"O'DONNELL, JAMES D. (JIM)",D,"COLLINS, CHRISTOPHER C. (CHRIS)",58911.0,144675.0,0.0,203586.0,28.94,1,R,R,"COLLINS, CHRISTOPHER C. (CHRIS)",0,1,1,0,0.0,,,,0,-8.386802712928798,0.75*2012 + 0.25*2008; 2020 lines (Daily Kos),0.0
HOU_OH_01_2014,2014,house,OH,1.0,0,1,"KUNDRATA, FREDERICK L. (FRED), III",D,"CHABOT, STEVEN J. (STEVE)",72604.0,124779.0,0.0,197383.0,36.78,1,R,R,"CHABOT, STEVEN J. (STEVE)",0,1,1,0,0.0,,,,0,-5.358071675153212,0.75*2012 + 0.25*2008; 2020 lines (Daily Kos),0.0
HOU_OH_02_2014,2014,house,OH,2.0,0,1,"TYSZKIEWICZ, MAREK",D,"WENSTRUP, BRAD R.",68453.0,132658.0,0.0,201111.0,34.04,1,R,R,"WENSTRUP, BRAD R.",0,1,1,0,0.0,,,,0,-7.930101953189062,0.75*2012 + 0.25*2008; 2020 lines (Daily Kos),0.0
HOU_OH_03_2014,2014,house,OH,3.0,0,1,"BEATTY, JOYCE",D,"ADAMS, JOHN",91769.0,51475.0,0.0,143244.0,64.06,1,D,D,"BEATTY, JOYCE",0,1,1,0,0.0,,,,0,17.6213429106917,0.75*2012 + 0.25*2008; 2020 lines (Daily Kos),0.0
HOU_OH_04_2014,2014,house,OH,4.0,0,1,"GARRETT, JANET PATRICIA",D,"JORDAN, JAMES D. (JIM)",60165.0,125907.0,0.0,186072.0,32.33,1,R,R,"JORDAN, JAMES D. (JIM)",0,1,1,0,0.0,,,,0,-9.16659494166523,0.75*2012 + 0.25*2008; 2020 lines (Daily Kos),0.0
HOU_OH_05_2014,2014,house,OH,5.0,0,1,"FRY, ROBERT L.",D,"LATTA, ROBERT EDWARD (BOB)",58507.0,134449.0,9344.0,202300.0,30.32,1,R,R,"LATTA, ROBERT EDWARD (BOB)",0,1,1,1,4.62,"EBERLY, ERIC",Lbt,4.62,0,-6.984349548612951,0.75*2012 + 0.25*2008; 2020 lines (Daily Kos),0.0
HOU_OH_06_2014,2014,house,OH,6.0,0,1,"GARRISON, JENNIFER",D,"JOHNSON, BILL",73561.0,111026.0,6065.0,190652.0,39.85,1,R,R,"JOHNSON, BILL",0,1,1,1,3.18,"LAMBERT, DENNIS",Grn,3.18,0,-8.323469441336478,0.75*2012 + 0.25*2008; 2020 lines (Daily Kos),0.0
HOU_OH_07_2014,2014,house,OH,7.0,0,1,,,"GIBBS, ROBERT (BOB)",0.0,143959.0,0.0,143959.0,,0,R,R,"GIBBS, ROBERT (BOB)",0,0,1,0,0.0,,,,0,-6.599944155970063,0.75*2012 + 0.25*2008; 2020 lines (Daily Kos),0.0
HOU_OH_08_2014,2014,house,OH,8.0,0,1,"POETTER, TOM",D,"BOEHNER, JOHN A.",51534.0,126539.0,10257.0,188330.0,28.94,1,R,R,"BOEHNER, JOHN A.",0,1,1,1,5.45,"CONDIT, JAMES J. (JIM), JR.",Other,5.45,0,-14.969681201592792,0.75*2012 + 0.25*2008; 2020 lines (Daily Kos),0.0
HOU_OH_09_2014,2014,house,OH,9.0,0,1,"KAPTUR, MARCIA C. (MARCY)",D,"MAY, RICHARD A.",108870.0,51704.0,0.0,160574.0,67.8,1,D,D,"KAPTUR, MARCIA C. (MARCY)",0,1,1,0,0.0,,,,0,15.997921458365454,0.75*2012 + 0.25*2008; 2020 lines (Daily Kos),0.0
HOU_OH_10_2014,2014,house,OH,10.0,0,1,"KLEPINGER, ROBERT P.",D,"TURNER, MICHAEL R. (MIKE)",63249.0,130752.0,6605.0,200606.0,32.6,1,R,R,"TURNER, MICHAEL R. (MIKE)",0,1,1,1,3.29,"HARLOW, DAVID A. (DAVE)",Lbt,3.29,0,-3.180097419684148,0.75*2012 + 0.25*2008; 2020 lines (Daily Kos),0.0
HOU_OH_11_2014,2014,house,OH,11.0,0,1,"FUDGE, MARCIA L.",D,"ZETZER, MARK",137105.0,35461.0,0.0,172566.0,79.45,1,D,D,"FUDGE, MARCIA L.",0,1,1,0,0.0,,,,0,30.7149819740912,0.75*2012 + 0.25*2008; 2020 lines (Daily Kos),0.0
HOU_OH_12_2014,2014,house,OH,12.0,0,1,"TIBBS, DAVID ARTHUR",D,"TIBERI, PATRICK J. (PAT)",61360.0,150573.0,9148.0,221081.0,28.95,1,R,R,"TIBERI, PATRICK J. (PAT)",0,1,1,1,4.14,"HART, ROBERT M. (BOB)",Grn,4.14,0,-7.586907098798629,0.75*2012 + 0.25*2008; 2020 lines (Daily Kos),0.0
HOU_OH_13_2014,2014,house,OH,13.0,0,1,"RYAN, TIMOTHY J. (TIM)",D,"PEKAREK, THOMAS",120230.0,55233.0,0.0,175463.0,68.52,1,D,D,"RYAN, TIMOTHY J. (TIM)",0,1,1,0,0.0,,,,0,11.421242357093664,0.75*2012 + 0.25*2008; 2020 lines (Daily Kos),0.0
HOU_OH_14_2014,2014,house,OH,14.0,0,1,"WAGER, MICHAEL",D,"JOYCE, DAVID P.",70856.0,135736.0,7988.0,214580.0,34.3,1,R,R,"JOYCE, DAVID P.",0,1,1,1,3.72,"MACKO, DAVID",Lbt,3.72,0,-3.752324325782193,0.75*2012 + 0.25*2008; 2020 lines (Daily Kos),0.0
HOU_OH_15_2014,2014,house,OH,15.0,0,1,"WHARTON, RICHARD SCOTT",D,"STIVERS, STEVEN (STEVE)",66125.0,128496.0,0.0,194621.0,33.98,1,R,R,"STIVERS, STEVEN (STEVE)",0,1,1,0,0.0,,,,0,-5.339238077003888,0.75*2012 + 0.25*2008; 2020 lines (Daily Kos),0.0
HOU_OH_16_2014,2014,house,OH,16.0,0,1,"CROSSLAND, PETE",D,"RENACCI, JAMES B. (JIM)",75199.0,132176.0,0.0,207375.0,36.26,1,R,R,"RENACCI, JAMES B. (JIM)",0,1,1,0,0.0,,,,0,-6.072846610053402,0.75*2012 + 0.25*2008; 2020 lines (Daily Kos),0.0
HOU_OK_01_2014,2014,house,OK,1.0,0,1,,,"BRIDENSTINE, JAMES FREDERICK (JIM)",0.0,0.0,0.0,0.0,,0,R,R,"BRIDENSTINE, JAMES FREDERICK (JIM)",0,0,1,0,,,,,0,-17.824222887451093,0.75*2012 + 0.25*2008; 2020 lines (Daily Kos),0.0
HOU_OK_02_2014,2014,house,OK,2.0,0,1,"EVERETT, EARL E.",D,"MULLIN, MARKWAYNE",38964.0,110925.0,8518.0,158407.0,26.0,1,R,R,"MULLIN, MARKWAYNE",0,1,1,1,5.38,"DOUTHITT, JON DAVID",I,5.38,0,-19.73226709366995,0.75*2012 + 0.25*2008; 2020 lines (Daily Kos),0.0
HOU_OK_03_2014,2014,house,OK,3.0,0,1,"ROBBINS, FRANKIE L.",D,"LUCAS, FRANK D.",36270.0,133335.0,0.0,169605.0,21.38,1,R,R,"LUCAS, FRANK D.",0,1,1,0,0.0,,,,0,-26.122356518532136,0.75*2012 + 0.25*2008; 2020 lines (Daily Kos),0.0
HOU_OK_04_2014,2014,house,OK,4.0,0,1,"SMITH, BERT",D,"COLE, TOM JEFFREY",40998.0,117721.0,7549.0,166268.0,25.83,1,R,R,"COLE, TOM JEFFREY",0,1,1,1,4.54,"JOHNSON, DENNIS B.",I,4.54,0,-19.309619260041945,0.75*2012 + 0.25*2008; 2020 lines (Daily Kos),0.0
HOU_OK_05_2014,2014,house,OK,5.0,0,1,"MCAFFREY, AL",D,"RUSSELL, STEVEN DANE (STEVE)",57790.0,95632.0,5711.0,159133.0,37.67,1,R,,,1,1,1,3,3.59,"MURPHY, ROBERT T.",I,1.37,0,-11.667725909463671,0.75*2012 + 0.25*2008; 2020 lines (Daily Kos),0.0
HOU_OR_01_2014,2014,house,OR,1.0,0,1,"BONAMICI, SUZANNE",D,"YATES, WILLIAM JASON",160038.0,96245.0,22376.0,278659.0,62.45,1,D,D,"BONAMICI, SUZANNE",0,1,1,2,8.03,"FOSTER, JAMES G.",Lbt,4.02,0,7.0136318639917485,0.75*2012 + 0.25*2008; 2020 lines (Daily Kos),0.0
HOU_OR_02_2014,2014,house,OR,2.0,0,1,"CHRISTOFFERSON, AELEA",D,"WALDEN, GREGORY PAUL (GREG)",73785.0,202374.0,10491.0,286650.0,26.72,1,R,R,"WALDEN, GREGORY PAUL (GREG)",0,1,1,1,3.66,"DURBIN, SHARON L.",Lbt,3.66,0,-10.1204677755487,0.75*2012 + 0.25*2008; 2020 lines (Daily Kos),0.0
HOU_OR_03_2014,2014,house,OR,3.0,0,1,"BLUMENAUER, EARL",D,"BUCHAL, JAMES L.",211748.0,57424.0,22496.0,291668.0,78.67,1,D,D,"BLUMENAUER, EARL",0,1,1,3,7.71,"MEO, MICHAEL",Other,4.15,0,22.15718432667185,0.75*2012 + 0.25*2008; 2020 lines (Daily Kos),0.0
HOU_OR_04_2014,2014,house,OR,4.0,0,1,"DEFAZIO, PETER A.",D,"ROBINSON, ARTHUR BROUHARD (ART)",181624.0,116534.0,11539.0,309697.0,60.92,1,D,D,"DEFAZIO, PETER A.",0,1,1,2,3.73,"BEILSTEIN, MIKE A.",Other,2.22,0,1.6559519406466634,0.75*2012 + 0.25*2008; 2020 lines (Daily Kos),0.0
HOU_OR_05_2014,2014,house,OR,5.0,0,1,"SCHRADER, KURT",D,"SMITH, TOOTIE",150944.0,110332.0,19080.0,280356.0,57.77,1,D,D,"SCHRADER, KURT",0,1,1,3,6.81,"SANDNES, MARVIN J.",I,2.74,0,-0.0285020659321871,0.75*2012 + 0.25*2008; 2020 lines (Daily Kos),0.0
HOU_PA_01_2014,2014,house,PA,1.0,0,1,"BRADY, ROBERT A. (BOB)",D,"RATH, MEGAN ANN",131248.0,27193.0,0.0,158441.0,82.84,1,D,D,"BRADY, ROBERT A. (BOB)",0,1,1,0,0.0,,,,0,24.93,old course file (PS9 2012 values),0.0
HOU_PA_02_2014,2014,house,PA,2.0,0,1,"FATTAH, CHAKA",D,"JAMES, ARMOND",181141.0,25397.0,0.0,206538.0,87.7,1,D,D,"FATTAH, CHAKA",0,1,1,0,0.0,,,,0,38.029999,old course file (PS9 2012 values),0.0
HOU_PA_03_2014,2014,house,PA,3.0,0,1,"LAVALLEE, DANIEL CHARLES",D,"KELLY, GEORGE J. (MIKE), JR.",73931.0,113859.0,0.0,187790.0,39.37,1,R,R,"KELLY, GEORGE J. (MIKE), JR.",0,1,1,0,0.0,,,,0,-5.8800001,old course file (PS9 2012 values),0.0
HOU_PA_04_2014,2014,house,PA,4.0,0,1,"THOMPSON, LINDA DELIAH",D,"PERRY, SCOTT GORDON",50250.0,147090.0,0.0,197340.0,25.46,1,R,R,"PERRY, SCOTT GORDON",0,1,1,0,0.0,,,,0,-8.7299995,old course file (PS9 2012 values),0.0
HOU_PA_05_2014,2014,house,PA,5.0,0,1,"TAYLOR, KERITH STRANO",D,"THOMPSON, GLENN WILLIAM (GT), JR.",65839.0,115018.0,0.0,180857.0,36.4,1,R,R,"THOMPSON, GLENN WILLIAM (GT), JR.",0,1,1,0,0.0,,,,0,-6.1300001,old course file (PS9 2012 values),0.0
HOU_PA_06_2014,2014,house,PA,6.0,0,1,"TRIVEDI, MANAN M.",D,"COSTELLO, RYAN A.",92901.0,119643.0,0.0,212544.0,43.71,1,R,,,1,1,1,0,0.0,,,,0,-0.56,old course file (PS9 2012 values),0.0
HOU_PA_07_2014,2014,house,PA,7.0,0,1,"BALCHUNIS, MARY ELLEN",D,"MEEHAN, PATRICK L. (PAT)",89256.0,145869.0,0.0,235125.0,37.96,1,R,R,"MEEHAN, PATRICK L. (PAT)",0,1,1,0,0.0,,,,0,-0.27000001,old course file (PS9 2012 values),0.0
HOU_PA_08_2014,2014,house,PA,8.0,0,1,"STROUSE, KEVIN R.",D,"FITZPATRICK, MICHAEL G. (MIKE)",84767.0,137731.0,0.0,222498.0,38.1,1,R,R,"FITZPATRICK, MICHAEL G. (MIKE)",0,1,1,0,0.0,,,,0,0.5,old course file (PS9 2012 values),0.0
HOU_PA_09_2014,2014,house,PA,9.0,0,1,"HARTZOK, ALANNA K.",D,"SHUSTER, WILLIAM F. (BILL)",63223.0,110094.0,0.0,173317.0,36.48,1,R,R,"SHUSTER, WILLIAM F. (BILL)",0,1,1,0,0.0,,,,0,-11.21,old course file (PS9 2012 values),0.0
HOU_PA_10_2014,2014,house,PA,10.0,0,1,"BRION, SCOTT F.",D,"MARINO, THOMAS ANTHONY (TOM)",44737.0,112851.0,22734.0,180322.0,28.39,1,R,R,"MARINO, THOMAS ANTHONY (TOM)",0,1,1,1,12.61,"TROIANO, NICHOLAS (NICK)",I,12.61,0,-11.22,old course file (PS9 2012 values),0.0
HOU_PA_11_2014,2014,house,PA,11.0,0,1,"OSTROWSKI, ANDREW JOSEPH",D,"BARLETTA, LOUIS J. (LOU)",62228.0,122464.0,0.0,184692.0,33.69,1,R,R,"BARLETTA, LOUIS J. (LOU)",0,1,1,0,0.0,,,,0,-6.1399999,old course file (PS9 2012 values),0.0
HOU_PA_12_2014,2014,house,PA,12.0,0,1,"MCCLELLAND, ERIN R.",D,"ROTHFUS, KEITH JAMES",87928.0,127993.0,0.0,215921.0,40.72,1,R,R,"ROTHFUS, KEITH JAMES",0,1,1,0,0.0,,,,0,-7.0799999,old course file (PS9 2012 values),0.0
HOU_PA_13_2014,2014,house,PA,13.0,0,1,"BOYLE, BRENDAN F.",D,"ADCOCK, CARSON DEE",123601.0,60549.0,0.0,184150.0,67.12,1,D,,,1,1,1,0,0.0,,,,0,12.04,old course file (PS9 2012 values),0.0
HOU_PA_14_2014,2014,house,PA,14.0,0,1,"DOYLE, MICHAEL F. (MIKE), JR.",D,,148351.0,0.0,0.0,148351.0,,0,D,D,"DOYLE, MICHAEL F. (MIKE), JR.",0,1,0,0,0.0,,,,0,15.07,old course file (PS9 2012 values),0.0
HOU_PA_15_2014,2014,house,PA,15.0,0,1,,,"DENT, CHARLES WIEDER (CHARLIE)",0.0,128285.0,0.0,128285.0,,0,R,R,"DENT, CHARLES WIEDER (CHARLIE)",0,0,1,0,0.0,,,,0,-1.33,old course file (PS9 2012 values),0.0
HOU_PA_16_2014,2014,house,PA,16.0,0,1,"HOUGHTON, THOMAS D. (TOM)",D,"PITTS, JOSEPH R. (JOE)",74513.0,101722.0,0.0,176235.0,42.28,1,R,R,"PITTS, JOSEPH R. (JOE)",0,1,1,0,0.0,,,,0,-4.7199998,old course file (PS9 2012 values),0.0
HOU_PA_17_2014,2014,house,PA,17.0,0,1,"CARTWRIGHT, MATTHEW A. (MATT)",D,"MOYLAN, DAVID J.",93680.0,71371.0,0.0,165051.0,56.76,1,D,D,"CARTWRIGHT, MATTHEW A. (MATT)",0,1,1,0,0.0,,,,0,4.02,old course file (PS9 2012 values),0.0
HOU_PA_18_2014,2014,house,PA,18.0,0,1,,,"MURPHY, TIMOTHY F. (TIM)",0.0,166076.0,0.0,166076.0,,0,R,R,"MURPHY, TIMOTHY F. (TIM)",0,0,1,0,0.0,,,,0,-7.8000002,old course file (PS9 2012 values),0.0
HOU_RI_01_2014,2014,house,RI,1.0,0,1,"CICILLINE, DAVID N.",D,"LYNCH, CORMICK BRENDAN",87060.0,58877.0,0.0,145937.0,59.66,1,D,D,"CICILLINE, DAVID N.",0,1,1,0,0.0,,,,0,14.94460573681102,0.75*2012 + 0.25*2008; 2020 lines (Daily Kos),0.0
HOU_RI_02_2014,2014,house,RI,2.0,0,1,"LANGEVIN, JAMES R. (JIM)",D,"REIS, RHUE R.",105716.0,63844.0,0.0,169560.0,62.35,1,D,D,"LANGEVIN, JAMES R. (JIM)",0,1,1,0,0.0,,,,0,8.526467839932199,0.75*2012 + 0.25*2008; 2020 lines (Daily Kos),0.0
HOU_SC_01_2014,2014,house,SC,1.0,0,1,,,"SANFORD, MARSHALL CLEMENT (MARK), JR.",0.0,119392.0,0.0,119392.0,,0,R,R,"SANFORD, MARSHALL CLEMENT (MARK), JR.",0,0,1,0,0.0,,,,0,-11.01812156897772,0.75*2012 + 0.25*2008; 2020 lines (Daily Kos),0.0
HOU_SC_02_2014,2014,house,SC,2.0,0,1,"BLACK, PHIL",D,"WILSON, ADDISON GRAVES (JOE)",68719.0,121649.0,4158.0,194526.0,36.1,1,R,R,"WILSON, ADDISON GRAVES (JOE)",0,1,1,1,2.14,"GEDDINGS, HAROLD, III",Other,2.14,0,-12.48759052491061,0.75*2012 + 0.25*2008; 2020 lines (Daily Kos),0.0
HOU_SC_03_2014,2014,house,SC,3.0,0,1,"MULLIS, BARBARA JO",D,"DUNCAN, JEFFREY D. (JEFF)",47181.0,116741.0,0.0,163922.0,28.78,1,R,R,"DUNCAN, JEFFREY D. (JEFF)",0,1,1,0,0.0,,,,0,-17.701575219625582,0.75*2012 + 0.25*2008; 2020 lines (Daily Kos),0.0
HOU_SC_04_2014,2014,house,SC,4.0,0,1,,,"GOWDY, HAROLD WATSON (TREY), III",0.0,126452.0,21969.0,148421.0,,0,R,R,"GOWDY, HAROLD WATSON (TREY), III",0,0,1,1,14.8,"MCLAUGHLIN, CURTIS E., JR.",I,14.8,0,-15.255756757996732,0.75*2012 + 0.25*2008; 2020 lines (Daily Kos),0.0
HOU_SC_05_2014,2014,house,SC,5.0,0,1,"ADAMS, TOM",D,"MULVANEY, JOHN MICHAEL (MICK)",71985.0,103078.0,0.0,175063.0,41.12,1,R,R,"MULVANEY, JOHN MICHAEL (MICK)",0,1,1,0,0.0,,,,0,-8.219252493401118,0.75*2012 + 0.25*2008; 2020 lines (Daily Kos),0.0
HOU_SC_06_2014,2014,house,SC,6.0,0,1,"CLYBURN, JAMES E. (JIM)",D,"CULLER, ANTHONY",125747.0,44311.0,3176.0,173234.0,73.94,1,D,D,"CLYBURN, JAMES E. (JIM)",0,1,1,1,1.83,"UMBAUGH, KEVIN R.",Other,1.83,0,18.9627948829635,0.75*2012 + 0.25*2008; 2020 lines (Daily Kos),0.0
HOU_SC_07_2014,2014,house,SC,7.0,0,1,"BROMWELL TINUBU, GLORIA",D,"RICE, HUGH THOMPSON (TOM), JR.",68576.0,102833.0,0.0,171409.0,40.01,1,R,R,"RICE, HUGH THOMPSON (TOM), JR.",0,1,1,0,0.0,,,,0,-7.331584364005621,0.75*2012 + 0.25*2008; 2020 lines (Daily Kos),0.0
HOU_SD_01_2014,2014,house,SD,1.0,0,1,"ROBINSON, CORINNA",D,"NOEM, KRISTI LYNN",92485.0,183834.0,0.0,276319.0,33.47,1,R,R,"NOEM, KRISTI LYNN",0,1,1,0,0.0,,,,0,-10.437912956237165,0.75*2012 + 0.25*2008; 2020 lines (Daily Kos),0.0
HOU_TN_01_2014,2014,house,TN,1.0,0,1,,,"ROE, DAVID PHILIP (PHIL)",0.0,115533.0,23937.0,139470.0,,0,R,R,"ROE, DAVID PHILIP (PHIL)",0,0,1,4,17.16,"FRANKLIN, ROBERT D.",I,7.1,0,-25.61963580111562,0.75*2012 + 0.25*2008; 2020 lines (Daily Kos),0.0
HOU_TN_02_2014,2014,house,TN,2.0,0,1,"SCOTT, ROBERT R. (BOB)",D,"DUNCAN, JOHN J. (JIMMY), JR.",37612.0,120883.0,8256.0,166751.0,23.73,1,R,R,"DUNCAN, JOHN J. (JIMMY), JR.",0,1,1,2,4.95,"GOUGE, CASEY ADAM",I,2.53,0,-20.09624645848584,0.75*2012 + 0.25*2008; 2020 lines (Daily Kos),0.0
HOU_TN_03_2014,2014,house,TN,3.0,0,1,"HEADRICK, MARY MARGARET",D,"FLEISCHMANN, CHARLES J. (CHUCK)",53983.0,97344.0,4770.0,156097.0,35.67,1,R,R,"FLEISCHMANN, CHARLES J. (CHUCK)",0,1,1,1,3.06,"MITCHELL, CASSANDRA J.",I,3.06,0,-16.251548622446407,0.75*2012 + 0.25*2008; 2020 lines (Daily Kos),0.0
HOU_TN_04_2014,2014,house,TN,4.0,0,1,"SHERRELL, LENDA",D,"DESJARLAIS, SCOTT EUGENE",51357.0,84815.0,9246.0,145418.0,37.71,1,R,R,"DESJARLAIS, SCOTT EUGENE",0,1,1,1,6.36,"DOGGART, ROBERT RANKIN",I,6.36,0,-18.126435175572382,0.75*2012 + 0.25*2008; 2020 lines (Daily Kos),0.0
HOU_TN_05_2014,2014,house,TN,5.0,0,1,"COOPER, JAMES H. (JIM)",D,"RIES, BOB",96148.0,55078.0,3050.0,154276.0,63.58,1,D,D,"COOPER, JAMES H. (JIM)",0,1,1,1,1.98,"DEAKIN, PAUL",I,1.98,0,4.714293011604465,0.75*2012 + 0.25*2008; 2020 lines (Daily Kos),0.0
HOU_TN_06_2014,2014,house,TN,6.0,0,1,"POWERS, AMOS SCOTT",D,"BLACK, DIANE L.",37232.0,115231.0,9634.0,162097.0,24.42,1,R,R,"BLACK, DIANE L.",0,1,1,1,5.94,"WINTON, MIKE",I,5.94,0,-21.496889093018893,0.75*2012 + 0.25*2008; 2020 lines (Daily Kos),0.0
HOU_TN_07_2014,2014,house,TN,7.0,0,1,"CRAMER, DANIEL",D,"BLACKBURN, MARSHA W.",42280.0,110534.0,5093.0,157907.0,27.67,1,R,R,"BLACKBURN, MARSHA W.",0,1,1,1,3.23,"LADNER, LEONARD D. (LENNY)",I,3.23,0,-18.21644470054545,0.75*2012 + 0.25*2008; 2020 lines (Daily Kos),0.0
HOU_TN_08_2014,2014,house,TN,8.0,0,1,"BRADLEY, WES",D,"FINCHER, STEPHEN LEE",42433.0,122255.0,7903.0,172591.0,25.77,1,R,R,"FINCHER, STEPHEN LEE",0,1,1,2,4.58,"RAWLES, MARK JEFFERY",Other,2.58,0,-18.73658921260224,0.75*2012 + 0.25*2008; 2020 lines (Daily Kos),0.0
HOU_TN_09_2014,2014,house,TN,9.0,0,1,"COHEN, STEPHEN IRA (STEVE)",D,"BERGMANN, CHARLOTTE",87376.0,27173.0,2001.0,116550.0,76.28,1,D,D,"COHEN, STEPHEN IRA (STEVE)",0,1,1,3,1.72,"ALBERSON, FLOYD WAYNE",I,0.66,0,26.097492124403704,0.75*2012 + 0.25*2008; 2020 lines (Daily Kos),0.0
HOU_TX_01_2014,2014,house,TX,1.0,0,1,"MCKELLAR, SHIRLEY JONETTA",D,"GOHMERT, LOUIS (LOUIE)",33476.0,115084.0,0.0,148560.0,22.53,1,R,R,"GOHMERT, LOUIS (LOUIE)",0,1,1,0,0.0,,,,0,-23.96989365675252,0.75*2012 + 0.25*2008; 2020 lines (Daily Kos),0.0
HOU_TX_02_2014,2014,house,TX,2.0,0,1,"LETSOS, NIKO",D,"POE, LLOYD (TED)",44462.0,101936.0,3628.0,150026.0,30.37,1,R,R,"POE, LLOYD (TED)",0,1,1,2,2.42,"VEASAW, JAMES B.",Lbt,1.54,0,-15.955353394806618,0.75*2012 + 0.25*2008; 2020 lines (Daily Kos),0.0
HOU_TX_03_2014,2014,house,TX,3.0,0,1,,,"JOHNSON, SAMUEL ROBERT (SAM)",0.0,113404.0,24876.0,138280.0,,0,R,R,"JOHNSON, SAMUEL ROBERT (SAM)",0,0,1,1,17.99,"BLAIR, PAUL B.",Grn,17.99,0,-16.954094432150747,0.75*2012 + 0.25*2008; 2020 lines (Daily Kos),0.0
HOU_TX_04_2014,2014,house,TX,4.0,0,1,,,"RATCLIFFE, JOHN LEE",0.0,115085.0,0.0,115085.0,,0,R,,,1,0,1,0,0.0,,,,0,-26.22353317927285,0.75*2012 + 0.25*2008; 2020 lines (Daily Kos),0.0
HOU_TX_05_2014,2014,house,TX,5.0,0,1,,,"HENSARLING, THOMAS JEB",0.0,88998.0,15264.0,104262.0,,0,R,R,"HENSARLING, THOMAS JEB",0,0,1,1,14.64,"ASHBY, KENNETH (KEN)",Lbt,14.64,0,-16.971296081430907,0.75*2012 + 0.25*2008; 2020 lines (Daily Kos),0.0
HOU_TX_06_2014,2014,house,TX,6.0,0,1,"COZAD, DAVID E.",D,"BARTON, JOE LINUS",55027.0,92334.0,3635.0,150996.0,37.34,1,R,R,"BARTON, JOE LINUS",0,1,1,1,2.41,"CHAUVIN, ARLIN HUGH",Lbt,2.41,0,-10.840015132154022,0.75*2012 + 0.25*2008; 2020 lines (Daily Kos),0.0
HOU_TX_07_2014,2014,house,TX,7.0,0,1,"CARGAS, JAMES P.",D,"CULBERSON, JOHN ABNEY",49478.0,90606.0,3135.0,143219.0,35.32,1,R,R,"CULBERSON, JOHN ABNEY",0,1,1,1,2.19,"FOWLER, GERALD",Lbt,2.19,0,-12.876495287504358,0.75*2012 + 0.25*2008; 2020 lines (Daily Kos),0.0
HOU_TX_08_2014,2014,house,TX,8.0,0,1,,,"BRADY, KEVIN P.",0.0,125066.0,14947.0,140013.0,,0,R,R,"BRADY, KEVIN P.",0,0,1,1,10.68,"PETTY, KEN",Lbt,10.68,0,-29.345246402833503,0.75*2012 + 0.25*2008; 2020 lines (Daily Kos),0.0
HOU_TX_09_2014,2014,house,TX,9.0,0,1,"GREEN, ALEXANDER (AL)",D,,78109.0,0.0,7894.0,86003.0,,0,D,D,"GREEN, ALEXANDER (AL)",0,1,0,1,9.18,"JOHNSON, JOHNNY",Lbt,9.18,0,25.67447329294668,0.75*2012 + 0.25*2008; 2020 lines (Daily Kos),0.0
HOU_TX_10_2014,2014,house,TX,10.0,0,1,"WALTER-CADIEN, TAWANA",D,"MCCAUL, MICHAEL T.",60243.0,109726.0,6491.0,176460.0,35.44,1,R,R,"MCCAUL, MICHAEL T.",0,1,1,1,3.68,"KELSEY, BILL",Lbt,3.68,0,-11.947919746002578,0.75*2012 + 0.25*2008; 2020 lines (Daily Kos),0.0
HOU_TX_11_2014,2014,house,TX,11.0,0,1,,,"CONAWAY, K. MICHAEL (MIKE)",0.0,107939.0,11635.0,119574.0,,0,R,R,"CONAWAY, K. MICHAEL (MIKE)",0,0,1,1,9.73,"LANGE, RYAN T.",Lbt,9.73,0,-31.74785086011629,0.75*2012 + 0.25*2008; 2020 lines (Daily Kos),0.0
HOU_TX_12_2014,2014,house,TX,12.0,0,1,"GREENE, MARK C.",D,"GRANGER, KAY",41757.0,113186.0,3787.0,158730.0,26.95,1,R,R,"GRANGER, KAY",0,1,1,1,2.39,"COLLIVER, EDWARD L. (ED)",Lbt,2.39,0,-19.388519250833784,0.75*2012 + 0.25*2008; 2020 lines (Daily Kos),0.0
HOU_TX_13_2014,2014,house,TX,13.0,0,1,"MINTER, MIKE",D,"THORNBERRY, WILLIAM M. (MAC)",16822.0,110842.0,3787.0,131451.0,13.18,1,R,R,"THORNBERRY, WILLIAM M. (MAC)",0,1,1,2,2.88,"PIVODA, EMILY",Lbt,2.18,0,-32.76814828580958,0.75*2012 + 0.25*2008; 2020 lines (Daily Kos),0.0
HOU_TX_14_2014,2014,house,TX,14.0,0,1,"BROWN, DONALD G., JR.",D,"WEBER, RANDY K., SR.",52545.0,90116.0,3037.0,145698.0,36.83,1,R,R,"WEBER, RANDY K., SR.",0,1,1,1,2.08,"WIEDER, JOHN (FREDDIE), JR.",Lbt,2.08,0,-11.862553537834504,0.75*2012 + 0.25*2008; 2020 lines (Daily Kos),0.0
HOU_TX_15_2014,2014,house,TX,15.0,0,1,"HINOJOSA, RUBEN E.",D,"ZAMORA, EDWARD ROMERO (EDDIE), JR.",48708.0,39016.0,2460.0,90184.0,55.52,1,D,D,"HINOJOSA, RUBEN E.",0,1,1,1,2.73,"PARTAIN, JOHNNY (J.P.)",Lbt,2.73,0,5.519999994298885,0.75*2012 + 0.25*2008; 2020 lines (Daily Kos),0.0
HOU_TX_16_2014,2014,house,TX,16.0,0,1,"O'ROURKE, ROBERT (BETO)",D,"ROEN, COREY DEAN",49338.0,21324.0,2443.0,73105.0,69.82,1,D,D,"O'ROURKE, ROBERT (BETO)",0,1,1,1,3.34,"PEREZ, JAIME O.",Lbt,3.34,0,12.583766665884124,0.75*2012 + 0.25*2008; 2020 lines (Daily Kos),0.0
HOU_TX_17_2014,2014,house,TX,17.0,0,1,"HAYNES, NICK",D,"FLORES, WILLIAM H. (BILL)",43049.0,85807.0,0.0,128856.0,33.41,1,R,R,"FLORES, WILLIAM H. (BILL)",0,1,1,0,0.0,,,,0,-13.26256244997642,0.75*2012 + 0.25*2008; 2020 lines (Daily Kos),0.0
HOU_TX_18_2014,2014,house,TX,18.0,0,1,"JACKSON LEE, SHEILA",D,"SEIBERT, SEAN ERIC LEE",76097.0,26249.0,1302.0,103648.0,74.35,1,D,D,"JACKSON LEE, SHEILA",0,1,1,1,1.26,"ALESSI, REMINGTON",Lbt,1.26,0,24.501889577739604,0.75*2012 + 0.25*2008; 2020 lines (Daily Kos),0.0
HOU_TX_19_2014,2014,house,TX,19.0,0,1,"MARCHBANKS, JAMES NEAL",D,"NEUGEBAUER, ROBERT RANDOLPH (RANDY)",21458.0,90160.0,5146.0,116764.0,19.22,1,R,R,"NEUGEBAUER, ROBERT RANDOLPH (RANDY)",0,1,1,1,4.41,"PETERSON, RICHARD (CHIP)",Lbt,4.41,0,-26.3728578641138,0.75*2012 + 0.25*2008; 2020 lines (Daily Kos),0.0
HOU_TX_20_2014,2014,house,TX,20.0,0,1,"CASTRO, JOAQUIN",D,,66554.0,0.0,21410.0,87964.0,,0,D,D,"CASTRO, JOAQUIN",0,1,0,1,24.34,"BLUNT, JEFFREY C.",Lbt,24.34,0,7.0878316716700205,0.75*2012 + 0.25*2008; 2020 lines (Daily Kos),0.0
HOU_TX_21_2014,2014,house,TX,21.0,0,1,,,"SMITH, LAMAR S.",0.0,135660.0,53336.0,188996.0,,0,R,R,"SMITH, LAMAR S.",0,0,1,2,28.22,"DIAZ, ANTONIO (TONY)",Grn,14.73,0,-12.668609770114386,0.75*2012 + 0.25*2008; 2020 lines (Daily Kos),0.0
HOU_TX_22_2014,2014,house,TX,22.0,0,1,"BRISCOE, FRANK (CHIP)",D,"OLSON, PETER G. (PETE)",47844.0,100861.0,2861.0,151566.0,32.17,1,R,R,"OLSON, PETER G. (PETE)",0,1,1,1,1.89,"LAPHAM, ROB",Lbt,1.89,0,-14.832240722349658,0.75*2012 + 0.25*2008; 2020 lines (Daily Kos),0.0
HOU_TX_23_2014,2014,house,TX,23.0,0,1,"GALLEGO, PETE P.",D,"HURD, WILL",55037.0,57459.0,2933.0,115429.0,48.92,1,R,D,"GALLEGO, PETE P.",0,1,1,1,2.54,"CORVALAN, RUBEN S.",Lbt,2.54,0,-3.3863263612279493,0.75*2012 + 0.25*2008; 2020 lines (Daily Kos),0.0
HOU_TX_24_2014,2014,house,TX,24.0,0,1,"MCGEHEARTY, PATRICK FABIAN",D,"MARCHANT, KENNY E. (KEN)",46548.0,93712.0,3813.0,144073.0,33.19,1,R,R,"MARCHANT, KENNY E. (KEN)",0,1,1,1,2.65,"KOLLS, MIKE",Lbt,2.65,0,-13.258754503285749,0.75*2012 + 0.25*2008; 2020 lines (Daily Kos),0.0
HOU_TX_25_2014,2014,house,TX,25.0,0,1,"MONTOYA, MARCO",D,"WILLIAMS, ROGER",64463.0,107120.0,6300.0,177883.0,37.57,1,R,R,"WILLIAMS, ROGER",0,1,1,1,3.54,"BETZ, JOHN",Lbt,3.54,0,-12.613618720057886,0.75*2012 + 0.25*2008; 2020 lines (Daily Kos),0.0
HOU_TX_26_2014,2014,house,TX,26.0,0,1,,,"BURGESS, MICHAEL C.",0.0,116944.0,24526.0,141470.0,,0,R,R,"BURGESS, MICHAEL C.",0,0,1,1,17.34,"BOLER, MARK",Lbt,17.34,0,-20.21451319749561,0.75*2012 + 0.25*2008; 2020 lines (Daily Kos),0.0
HOU_TX_27_2014,2014,house,TX,27.0,0,1,"REED, WESLEY CRAIG",D,"FARENTHOLD, RANDOLPH BLAKE",44152.0,83342.0,3553.0,131047.0,34.63,1,R,R,"FARENTHOLD, RANDOLPH BLAKE",0,1,1,1,2.71,"SIMONSON, ROXANNE",Lbt,2.71,0,-13.31483053531117,0.75*2012 + 0.25*2008; 2020 lines (Daily Kos),0.0
HOU_TX_28_2014,2014,house,TX,28.0,0,1,"CUELLAR, ENRIQUE ROBERTO (HENRY)",D,,62508.0,0.0,13628.0,76136.0,,0,D,D,"CUELLAR, ENRIQUE ROBERTO (HENRY)",0,1,0,2,17.9,"AIKENS, WILLIAM",Lbt,13.34,0,7.909076903929694,0.75*2012 + 0.25*2008; 2020 lines (Daily Kos),0.0
HOU_TX_29_2014,2014,house,TX,29.0,0,1,"GREEN, RAYMOND EUGENE (GENE)",D,,41321.0,0.0,4822.0,46143.0,,0,D,D,"GREEN, RAYMOND EUGENE (GENE)",0,1,0,1,10.45,"STANCZAK, JAMES",Lbt,10.45,0,13.199116702542629,0.75*2012 + 0.25*2008; 2020 lines (Daily Kos),0.0
HOU_TX_30_2014,2014,house,TX,30.0,0,1,"JOHNSON, EDDIE BERNICE",D,,93041.0,0.0,12752.0,105793.0,,0,D,D,"JOHNSON, EDDIE BERNICE",0,1,0,2,12.05,"KOCH, MAX W., III",Lbt,6.76,0,27.407873336166755,0.75*2012 + 0.25*2008; 2020 lines (Daily Kos),0.0
HOU_TX_31_2014,2014,house,TX,31.0,0,1,"MINOR, LOUIE, JR.",D,"CARTER, JOHN R.",45715.0,91607.0,5706.0,143028.0,33.29,1,R,R,"CARTER, JOHN R.",0,1,1,1,3.99,"BALLARD, SCOTT J.",Lbt,3.99,0,-12.315201808437097,0.75*2012 + 0.25*2008; 2020 lines (Daily Kos),0.0
HOU_TX_32_2014,2014,house,TX,32.0,0,1,"PEREZ, FRANK ANTHONY",D,"SESSIONS, PETER A. (PETE)",55325.0,96495.0,4276.0,156096.0,36.44,1,R,R,"SESSIONS, PETER A. (PETE)",0,1,1,1,2.74,"RANKIN, ED",Lbt,2.74,0,-9.775930449135716,0.75*2012 + 0.25*2008; 2020 lines (Daily Kos),0.0
HOU_TX_33_2014,2014,house,TX,33.0,0,1,"VEASEY, MARC ALLISON",D,,43769.0,0.0,6823.0,50592.0,,0,D,D,"VEASEY, MARC ALLISON",0,1,0,1,13.49,"REEVES, JASON",Lbt,13.49,0,19.3140388573641,0.75*2012 + 0.25*2008; 2020 lines (Daily Kos),0.0
HOU_TX_34_2014,2014,house,TX,34.0,0,1,"VELA, FILEMON B., JR.",D,"SMITH, LARRY S.",47503.0,30811.0,1563.0,79877.0,60.66,1,D,D,"VELA, FILEMON B., JR.",0,1,1,1,1.96,"ROWLEY, RYAN",Lbt,1.96,0,8.690269815560702,0.75*2012 + 0.25*2008; 2020 lines (Daily Kos),0.0
HOU_TX_35_2014,2014,house,TX,35.0,0,1,"DOGGETT, LLOYD A., II",D,"NARVAIZ, SUSAN",60124.0,32040.0,4061.0,96225.0,65.24,1,D,D,"DOGGETT, LLOYD A., II",0,1,1,2,4.22,"BRUNER, CORY",Lbt,2.88,0,11.965764613495658,0.75*2012 + 0.25*2008; 2020 lines (Daily Kos),0.0
HOU_TX_36_2014,2014,house,TX,36.0,0,1,"COLE, MICHAEL K.",D,"BABIN, BRIAN",29543.0,101663.0,0.0,131206.0,22.52,1,R,,,1,1,1,0,0.0,,,,0,-25.49381141446179,0.75*2012 + 0.25*2008; 2020 lines (Daily Kos),0.0
HOU_UT_01_2014,2014,house,UT,1.0,0,1,"MCALEER, DONNA M.",D,"BISHOP, ROBERT WILLIAM (ROB)",36422.0,84231.0,9382.0,130035.0,30.19,1,R,R,"BISHOP, ROBERT WILLIAM (ROB)",0,1,1,2,7.21,"BOWDEN, CRAIG RICHARD",Lbt,3.73,0,-29.22949123376576,0.75*2012 + 0.25*2008; 2020 lines (Daily Kos),0.0
HOU_UT_02_2014,2014,house,UT,2.0,0,1,"ROBLES, LUZ",D,"STEWART, CHRIS",47585.0,88915.0,9571.0,146071.0,34.86,1,R,R,"STEWART, CHRIS",0,1,1,3,6.55,"MCCAUSLAND, SHAUN LYNN",Other,3.09,0,-19.999602292179844,0.75*2012 + 0.25*2008; 2020 lines (Daily Kos),0.0
HOU_UT_03_2014,2014,house,UT,3.0,0,1,"WONNACOTT, BRIAN",D,"CHAFFETZ, JASON",32059.0,102952.0,7289.0,142300.0,23.75,1,R,R,"CHAFFETZ, JASON",0,1,1,3,5.12,"STRONG, ZACH",Other,2.24,0,-29.89891926059707,0.75*2012 + 0.25*2008; 2020 lines (Daily Kos),0.0
HOU_UT_04_2014,2014,house,UT,4.0,0,1,"OWENS, H. DOUGLAS (DOUG)",D,"LOVE, MIA B.",67425.0,74936.0,4807.0,147168.0,47.36,1,R,,,1,1,1,3,3.27,"AALDERS, TIMOTHY N. (TIM)",I,1.38,0,-18.636673057405304,0.75*2012 + 0.25*2008; 2020 lines (Daily Kos),0.0
HOU_VA_01_2014,2014,house,VA,1.0,0,1,"MOSHER, NORMAN G.",D,"WITTMAN, ROBERT JOSEPH (ROB)",72059.0,131861.0,5097.0,209017.0,35.34,1,R,R,"WITTMAN, ROBERT JOSEPH (ROB)",0,1,1,1,2.44,"PARKER, GLENDA GAIL",I,2.44,0,-7.2399998,old course file (PS9 2012 values),0.0
HOU_VA_02_2014,2014,house,VA,2.0,0,1,"PATRICK, SUZANNE D.",D,"RIGELL, EDWARD (SCOTT)",71178.0,101558.0,0.0,172736.0,41.21,1,R,R,"RIGELL, EDWARD (SCOTT)",0,1,1,0,0.0,,,,0,-3.9100001,old course file (PS9 2012 values),0.0
HOU_VA_03_2014,2014,house,VA,3.0,0,1,"SCOTT, ROBERT CORTEZ (BOBBY)",D,,139197.0,0.0,0.0,139197.0,,0,D,D,"SCOTT, ROBERT CORTEZ (BOBBY)",0,1,0,0,0.0,,,,0,24.17,old course file (PS9 2012 values),0.0
HOU_VA_04_2014,2014,house,VA,4.0,0,1,"FAUSZ, ELLIOTT G.",D,"FORBES, JAMES RANDY",75270.0,120684.0,4427.0,200381.0,38.41,1,R,R,"FORBES, JAMES RANDY",0,1,1,1,2.21,"BROWN, BO C.",Lbt,2.21,0,-5.21,old course file (PS9 2012 values),0.0
HOU_VA_05_2014,2014,house,VA,5.0,0,1,"GAUGHAN, WALTER LAWRENCE",D,"HURT, ROBERT",73482.0,124735.0,6507.0,204724.0,37.07,1,R,R,"HURT, ROBERT",0,1,1,2,3.18,"JONES, PAUL F.",Lbt,2.1,0,-5.4000001,old course file (PS9 2012 values),0.0
HOU_VA_06_2014,2014,house,VA,6.0,0,1,,,"GOODLATTE, ROBERT W. (BOB)",0.0,133898.0,43608.0,177506.0,,0,R,R,"GOODLATTE, ROBERT W. (BOB)",0,0,1,2,24.57,"HAMMER, WILLIAM M.",Lbt,12.48,0,-11.6,old course file (PS9 2012 values),0.0
HOU_VA_07_2014,2014,house,VA,7.0,0,1,"TRAMMELL, JOHN K. (JACK)",D,"BRAT, DAVID A. (DAVE)",89914.0,148026.0,5086.0,243026.0,37.79,1,R,,,1,1,1,1,2.09,"CARR, JAMES A., JR.",Lbt,2.09,0,-10.39,old course file (PS9 2012 values),0.0
HOU_VA_08_2014,2014,house,VA,8.0,0,1,"BEYER, DONALD S. (DON), JR.",D,"EDMOND, MICAH K.",128102.0,63810.0,10792.0,202704.0,66.75,1,D,,,1,1,1,3,5.32,"BECK, GWENDOLYN J.",I,2.67,0,15.26,old course file (PS9 2012 values),0.0
HOU_VA_09_2014,2014,house,VA,9.0,0,1,"CARR, WILLIAM R., JR.",I,"GRIFFITH, HOWARD MORGAN",39412.0,117465.0,0.0,156877.0,25.12,1,R,R,"GRIFFITH, HOWARD MORGAN",0,0,1,0,0.0,,,,0,-11.89,old course file (PS9 2012 values),0.0
HOU_VA_10_2014,2014,house,VA,10.0,0,1,"FOUST, JOHN W.",D,"COMSTOCK, BARBARA JEAN",89957.0,125914.0,6781.0,222652.0,41.67,1,R,,,1,1,1,3,3.05,"REDPATH, WILLIAM B. (BILL)",Lbt,1.52,0,-3.25,old course file (PS9 2012 values),0.0
HOU_VA_11_2014,2014,house,VA,11.0,0,1,"CONNOLLY, GERALD EDWARD (GERRY)",D,"SCHOLTE, SUZANNE K.",106780.0,75796.0,5003.0,187579.0,58.49,1,D,D,"CONNOLLY, GERALD EDWARD (GERRY)",0,1,1,2,2.67,"HARROLD, MARC M.",Lbt,1.74,0,8.1899996,old course file (PS9 2012 values),0.0
HOU_VT_01_2014,2014,house,VT,1.0,0,1,"WELCH, PETER F.",D,"DONKA, MARK",123349.0,59432.0,2071.0,184852.0,67.48,1,D,D,"WELCH, PETER F.",0,1,1,1,1.12,"ANDREWS, MATTHEW",Other,1.12,0,15.9601277605656,0.75*2012 + 0.25*2008; 2020 lines (Daily Kos),0.0
HOU_WA_01_2014,2014,house,WA,1.0,0,1,"DELBENE, SUZAN K.",D,"CELLIS, PEDRO",124151.0,101428.0,0.0,225579.0,55.04,1,D,D,"DELBENE, SUZAN K.",0,1,1,0,0.0,,,,0,3.5476824040558714,0.75*2012 + 0.25*2008; 2020 lines (Daily Kos),0.0
HOU_WA_02_2014,2014,house,WA,2.0,0,1,"LARSEN, RICHARD RAY (RICK)",D,"GUILLOT, B.J.",122173.0,79518.0,0.0,201691.0,60.57,1,D,D,"LARSEN, RICHARD RAY (RICK)",0,1,1,0,0.0,,,,0,8.64611143347247,0.75*2012 + 0.25*2008; 2020 lines (Daily Kos),0.0
HOU_WA_03_2014,2014,house,WA,3.0,0,1,"DINGETHAL, BOB",D,"HERRERA BEUTLER, JAIME",78018.0,124796.0,0.0,202814.0,38.47,1,R,R,"HERRERA BEUTLER, JAIME",0,1,1,0,0.0,,,,0,-2.5900584240743094,0.75*2012 + 0.25*2008; 2020 lines (Daily Kos),0.0
HOU_WA_04_2014,2014,house,WA,4.0,0,1,,,"NEWHOUSE, DANIEL (DAN); DIDIER, CLINT",0.0,153079.0,0.0,153079.0,,0,R,,,1,0,2,0,0.0,,,,0,-13.344220162657312,0.75*2012 + 0.25*2008; 2020 lines (Daily Kos),0.0
HOU_WA_05_2014,2014,house,WA,5.0,0,1,"PAKOOTAS, JOSEPH A. (JOE)",D,"MCMORRIS RODGERS, CATHY",87772.0,135470.0,0.0,223242.0,39.32,1,R,R,"MCMORRIS RODGERS, CATHY",0,1,1,0,0.0,,,,0,-6.865383388569134,0.75*2012 + 0.25*2008; 2020 lines (Daily Kos),0.0
HOU_WA_06_2014,2014,house,WA,6.0,0,1,"KILMER, DEREK C.",D,"MCCLENDON, MARTY",141265.0,83025.0,0.0,224290.0,62.98,1,D,D,"KILMER, DEREK C.",0,1,1,0,0.0,,,,0,5.370304823980854,0.75*2012 + 0.25*2008; 2020 lines (Daily Kos),0.0
HOU_WA_07_2014,2014,house,WA,7.0,0,1,"MCDERMOTT, JAMES A. (JIM)",D,"KELLER, CRAIG",203954.0,47921.0,0.0,251875.0,80.97,1,D,D,"MCDERMOTT, JAMES A. (JIM)",0,1,1,0,0.0,,,,0,29.02529504741584,0.75*2012 + 0.25*2008; 2020 lines (Daily Kos),0.0
HOU_WA_08_2014,2014,house,WA,8.0,0,1,"RITCHIE, JASON M.",D,"REICHERT, DAVID GEORGE (DAVE)",73003.0,125741.0,0.0,198744.0,36.73,1,R,R,"REICHERT, DAVID GEORGE (DAVE)",0,1,1,0,0.0,,,,0,-1.2516053461507777,0.75*2012 + 0.25*2008; 2020 lines (Daily Kos),0.0
HOU_WA_09_2014,2014,house,WA,9.0,0,1,"SMITH, D. ADAM",D,"BASLER, DOUGLAS MICHAEL (DOUG)",118132.0,48662.0,0.0,166794.0,70.83,1,D,D,"SMITH, D. ADAM",0,1,1,0,0.0,,,,0,17.287272352403356,0.75*2012 + 0.25*2008; 2020 lines (Daily Kos),0.0
HOU_WA_10_2014,2014,house,WA,10.0,0,1,"HECK, DENNIS L. (DENNY)",D,"MCDONALD, JOYCE",99279.0,82213.0,0.0,181492.0,54.7,1,D,D,"HECK, DENNIS L. (DENNY)",0,1,1,0,0.0,,,,0,5.465581595227103,0.75*2012 + 0.25*2008; 2020 lines (Daily Kos),0.0
HOU_WI_01_2014,2014,house,WI,1.0,0,1,"ZERBAN, ROBERT T. (ROB)",D,"RYAN, PAUL D.",105552.0,182316.0,0.0,287868.0,36.67,1,R,R,"RYAN, PAUL D.",0,1,1,0,0.0,,,,0,-3.707221404769252,0.75*2012 + 0.25*2008; 2020 lines (Daily Kos),0.0
HOU_WI_02_2014,2014,house,WI,2.0,0,1,"POCAN, MARK",D,"THERON, DANIEL PETER",224920.0,103619.0,0.0,328539.0,68.46,1,D,D,"POCAN, MARK",0,1,1,0,0.0,,,,0,17.172566373365125,0.75*2012 + 0.25*2008; 2020 lines (Daily Kos),0.0
HOU_WI_03_2014,2014,house,WI,3.0,0,1,"KIND, RONALD JAMES (RON)",D,"KURTZ, TONY",155368.0,119540.0,0.0,274908.0,56.52,1,D,D,"KIND, RONALD JAMES (RON)",0,1,1,0,0.0,,,,0,4.299287963076251,0.75*2012 + 0.25*2008; 2020 lines (Daily Kos),0.0
HOU_WI_04_2014,2014,house,WI,4.0,0,1,"MOORE, GWENDOLYNNE S. (GWEN)",D,"SEBRING, DANIEL P. (DAN)",179045.0,68490.0,7002.0,254537.0,72.33,1,D,D,"MOORE, GWENDOLYNNE S. (GWEN)",0,1,1,1,2.75,"RAYMOND, ROBERT R.",I,2.75,0,23.339001538985496,0.75*2012 + 0.25*2008; 2020 lines (Daily Kos),0.0
HOU_WI_05_2014,2014,house,WI,5.0,0,1,"ROCKWOOD, CHRISTOPHER B. (CHRIS)",D,"SENSENBRENNER, FRANK JAMES (JIM), JR.",101190.0,231160.0,0.0,332350.0,30.45,1,R,R,"SENSENBRENNER, FRANK JAMES (JIM), JR.",0,1,1,0,0.0,,,,0,-13.318475647550985,0.75*2012 + 0.25*2008; 2020 lines (Daily Kos),0.0
HOU_WI_06_2014,2014,house,WI,6.0,0,1,"HARRIS, MARK L.",D,"GROTHMAN, GLENN S.",122212.0,169767.0,6865.0,298844.0,41.86,1,R,,,1,1,1,1,2.3,"FAHRENDORF, GUS",I,2.3,0,-5.211952584546899,0.75*2012 + 0.25*2008; 2020 lines (Daily Kos),0.0
HOU_WI_07_2014,2014,house,WI,7.0,0,1,"WESTLUND, KELLY",D,"DUFFY, SEAN P.",112949.0,169891.0,3686.0,286526.0,39.93,1,R,R,"DUFFY, SEAN P.",0,1,1,1,1.29,"DALE, LAWRENCE E.",I,1.29,0,-2.6250606719446585,0.75*2012 + 0.25*2008; 2020 lines (Daily Kos),0.0
HOU_WI_08_2014,2014,house,WI,8.0,0,1,"GRUETT, RONALD (RON)",D,"RIBBLE, REID J.",101345.0,188553.0,0.0,289898.0,34.96,1,R,R,"RIBBLE, REID J.",0,1,1,0,0.0,,,,0,-2.7590658773357783,0.75*2012 + 0.25*2008; 2020 lines (Daily Kos),0.0
HOU_WV_01_2014,2014,house,WV,1.0,0,1,"GAINER, GLEN B., III",D,"MCKINLEY, DAVID B.",52109.0,92491.0,0.0,144600.0,36.04,1,R,R,"MCKINLEY, DAVID B.",0,1,1,0,0.0,,,,0,-14.603963437318871,0.75*2012 + 0.25*2008; 2020 lines (Daily Kos),0.0
HOU_WV_02_2014,2014,house,WV,2.0,0,1,"CASEY, GEORGE NICHOLAS (NICK), JR.",D,"MOONEY, ALEXANDER X. (ALEX)",67687.0,72619.0,13840.0,154146.0,48.24,1,R,,,1,1,1,2,8.98,"JONES, DAVY H.",Lbt,4.94,0,-12.253603954171412,0.75*2012 + 0.25*2008; 2020 lines (Daily Kos),0.0
HOU_WV_03_2014,2014,house,WV,3.0,0,1,"RAHALL, NICK JOE, II",D,"JENKINS, EVAN HOLLIN",62688.0,77713.0,0.0,140401.0,44.65,1,R,D,"RAHALL, NICK JOE, II",0,1,1,0,0.0,,,,0,-16.51491929400582,0.75*2012 + 0.25*2008; 2020 lines (Daily Kos),0.0
HOU_WY_01_2014,2014,house,WY,1.0,0,1,"GRAYSON, RICHARD",D,"LUMMIS, CYNTHIA MARIE",37803.0,113038.0,13861.0,164702.0,25.06,1,R,R,"LUMMIS, CYNTHIA MARIE",0,1,1,2,8.42,"BRUBAKER, RICHARD P. (BRU)",Lbt,4.32,0,-22.46109314147694,0.75*2012 + 0.25*2008; 2020 lines (Daily Kos),0.0
HOU_AK_01_2016,2016,house,AK,1.0,0,0,"LINDBECK, STEVE",D,"YOUNG, DONALD E. (DON)",111019.0,155088.0,40863.0,306970.0,41.72,1,R,R,"YOUNG, DONALD E. (DON)",0,1,1,2,13.31,"MCDERMOTT, JAMES C. (JIM)",Lbt,10.35,0,-10.702775884381444,0.75*2012 + 0.25*2008; 2020 lines (Daily Kos),0.0
HOU_AL_01_2016,2016,house,AL,1.0,0,0,,,"BYRNE, BRADLEY R.",0.0,208083.0,0.0,208083.0,,0,R,R,"BYRNE, BRADLEY R.",0,0,1,0,0.0,,,,0,-14.515268885018337,0.75*2012 + 0.25*2008; 2020 lines (Daily Kos),0.0
HOU_AL_02_2016,2016,house,AL,2.0,0,0,"MATHIS, NATHAN",D,"ROBY, MARTHA D.",112089.0,134886.0,0.0,246975.0,45.38,1,R,R,"ROBY, MARTHA D.",0,1,1,0,0.0,,,,0,-16.146763800265553,0.75*2012 + 0.25*2008; 2020 lines (Daily Kos),0.0
HOU_AL_03_2016,2016,house,AL,3.0,0,0,"SMITH, JESSE T.",D,"ROGERS, MICHAEL DENNIS (MIKE)",94549.0,192164.0,0.0,286713.0,32.98,1,R,R,"ROGERS, MICHAEL DENNIS (MIKE)",0,1,1,0,0.0,,,,0,-15.366110270989374,0.75*2012 + 0.25*2008; 2020 lines (Daily Kos),0.0
HOU_AL_04_2016,2016,house,AL,4.0,0,0,,,"ADERHOLT, ROBERT BROWN",0.0,235925.0,0.0,235925.0,,0,R,R,"ADERHOLT, ROBERT BROWN",0,0,1,0,0.0,,,,0,-27.79292027032627,0.75*2012 + 0.25*2008; 2020 lines (Daily Kos),0.0
HOU_AL_05_2016,2016,house,AL,5.0,0,0,"BOYD, WILL, JR.",D,"BROOKS, MORRIS J. (MO), JR.",102234.0,205647.0,0.0,307881.0,33.21,1,R,R,"BROOKS, MORRIS J. (MO), JR.",0,1,1,0,0.0,,,,0,-16.787630152574376,0.75*2012 + 0.25*2008; 2020 lines (Daily Kos),0.0
HOU_AL_06_2016,2016,house,AL,6.0,0,0,"PUTMAN, DAVID J.",D,"PALMER, GARY J.",83709.0,245313.0,0.0,329022.0,25.44,1,R,R,"PALMER, GARY J.",0,1,1,0,0.0,,,,0,-27.45037638434006,0.75*2012 + 0.25*2008; 2020 lines (Daily Kos),0.0
HOU_AL_07_2016,2016,house,AL,7.0,0,0,"SEWELL, TERRYCINA ANDREA (TERRI)",D,,229330.0,0.0,0.0,229330.0,,0,D,D,"SEWELL, TERRYCINA ANDREA (TERRI)",0,1,0,0,0.0,,,,0,20.055124823465068,0.75*2012 + 0.25*2008; 2020 lines (Daily Kos),0.0
HOU_AR_01_2016,2016,house,AR,1.0,0,0,,,"CRAWFORD, ERIC ALAN (RICK)",0.0,183866.0,57181.0,241047.0,,0,R,R,"CRAWFORD, ERIC ALAN (RICK)",0,0,1,1,23.72,"WEST, MARK A.",Lbt,23.72,0,-14.365419645016525,0.75*2012 + 0.25*2008; 2020 lines (Daily Kos),0.0
HOU_AR_02_2016,2016,house,AR,2.0,0,0,"CURRY, DIANNE",D,"HILL, JAMES FRENCH",111347.0,176472.0,14342.0,302161.0,38.69,1,R,R,"HILL, JAMES FRENCH",0,1,1,1,4.75,"HAYES, CHRIS",Lbt,4.75,0,-8.203923636703017,0.75*2012 + 0.25*2008; 2020 lines (Daily Kos),0.0
HOU_AR_03_2016,2016,house,AR,3.0,0,0,,,"WOMACK, STEPHEN ALLEN (STEVE)",0.0,217192.0,63715.0,280907.0,,0,R,R,"WOMACK, STEPHEN ALLEN (STEVE)",0,0,1,1,22.68,"ISAACSON, STEVE",Lbt,22.68,0,-19.37358746640756,0.75*2012 + 0.25*2008; 2020 lines (Daily Kos),0.0
HOU_AR_04_2016,2016,house,AR,4.0,0,0,,,"WESTERMAN, BRUCE",0.0,182885.0,61274.0,244159.0,,0,R,R,"WESTERMAN, BRUCE",0,0,1,1,25.1,"HICKS, KERRY",Lbt,25.1,0,-15.301127297575176,0.75*2012 + 0.25*2008; 2020 lines (Daily Kos),0.0
HOU_AZ_01_2016,2016,house,AZ,1.0,0,0,"O'HALLERAN, TOM C.",D,"BABEU, PAUL",142219.0,121745.0,16746.0,280710.0,53.88,1,D,,,1,1,1,1,5.97,"PARRISH, RAY",Grn,5.97,0,-3.812639498787834,0.75*2012 + 0.25*2008; 2020 lines (Daily Kos),0.0
HOU_AZ_02_2016,2016,house,AZ,2.0,0,0,"HEINZ, MATTHEW GERALD (MATT)",D,"MCSALLY, MARTHA E.",135873.0,179806.0,0.0,315679.0,43.04,1,R,R,"MCSALLY, MARTHA E.",0,1,1,0,0.0,,,,0,-3.1642049872067464,0.75*2012 + 0.25*2008; 2020 lines (Daily Kos),0.0
HOU_AZ_03_2016,2016,house,AZ,3.0,0,0,"GRIJALVA, RAUL M.",D,,148973.0,0.0,2062.0,151035.0,,0,D,D,"GRIJALVA, RAUL M.",0,1,0,4,1.37,"ABATECOLA, BILL",Other,0.86,0,9.092300482573409,0.75*2012 + 0.25*2008; 2020 lines (Daily Kos),0.0
HOU_AZ_04_2016,2016,house,AZ,4.0,0,0,"WEISSER, MIKEL",D,"GOSAR, PAUL ANTHONY",81296.0,203487.0,0.0,284783.0,28.55,1,R,R,"GOSAR, PAUL ANTHONY",0,1,1,0,0.0,,,,0,-20.04298283038745,0.75*2012 + 0.25*2008; 2020 lines (Daily Kos),0.0
HOU_AZ_05_2016,2016,house,AZ,5.0,0,0,"FUENTES, TALIA",D,"BIGGS, ANDY",114940.0,205184.0,0.0,320124.0,35.9,1,R,,,1,1,1,0,0.0,,,,0,-16.91982943679989,0.75*2012 + 0.25*2008; 2020 lines (Daily Kos),0.0
HOU_AZ_06_2016,2016,house,AZ,6.0,0,0,"WILLIAMSON, W. JOHN",D,"SCHWEIKERT, DAVID",122866.0,201578.0,0.0,324444.0,37.87,1,R,R,"SCHWEIKERT, DAVID",0,1,1,0,0.0,,,,0,-12.432243397239612,0.75*2012 + 0.25*2008; 2020 lines (Daily Kos),0.0
HOU_AZ_07_2016,2016,house,AZ,7.0,0,0,"GALLEGO, RUBEN",D,"NUNEZ, EVE",119465.0,39286.0,60.0,158811.0,75.25,1,D,D,"GALLEGO, RUBEN",0,1,1,1,0.04,"WESTBROOKS, NEIL B.",Other,0.04,0,18.68073269240724,0.75*2012 + 0.25*2008; 2020 lines (Daily Kos),0.0
HOU_AZ_08_2016,2016,house,AZ,8.0,0,0,"SALAZAR, MARK",I,"FRANKS, TRENT",93954.0,204942.0,75.0,298971.0,31.43,1,R,R,"FRANKS, TRENT",0,0,1,1,0.03,"KEENER, HAYEN, III",Other,0.03,0,-14.691797183507036,0.75*2012 + 0.25*2008; 2020 lines (Daily Kos),0.0
HOU_AZ_09_2016,2016,house,AZ,9.0,0,0,"SINEMA, KYRSTEN",D,"GILES, DAVID VICTOR (DAVE)",169055.0,108350.0,102.0,277507.0,60.94,1,D,D,"SINEMA, KYRSTEN",0,1,1,2,0.04,"DOLEGO, CARY",Other,0.02,0,-0.2197569584595382,0.75*2012 + 0.25*2008; 2020 lines (Daily Kos),0.0
HOU_CA_01_2016,2016,house,CA,1.0,0,0,"REED, JAMES E. (JIM)",D,"LAMALFA, DOUG",128588.0,185448.0,0.0,314036.0,40.95,1,R,R,"LAMALFA, DOUG",0,1,1,0,0.0,,,,0,-10.42413003214097,2012 only; 2020 lines (Daily Kos),0.0
HOU_CA_02_2016,2016,house,CA,2.0,0,0,"HUFFMAN, JARED WILLIAM",D,"MENSING, DALE K.",254194.0,76572.0,0.0,330766.0,76.85,1,D,D,"HUFFMAN, JARED WILLIAM",0,1,1,0,0.0,,,,0,19.904388844973496,2012 only; 2020 lines (Daily Kos),0.0
HOU_CA_03_2016,2016,house,CA,3.0,0,0,"GARAMENDI, JOHN R.",D,"CLEEK, NORRIS EUGENE",152513.0,104453.0,0.0,256966.0,59.35,1,D,D,"GARAMENDI, JOHN R.",0,1,1,0,0.0,,,,0,3.745007245424148,2012 only; 2020 lines (Daily Kos),0.0
HOU_CA_04_2016,2016,house,CA,4.0,0,0,"DERLET, ROBERT W. (BOB)",D,"MCCLINTOCK, THOMAS MILLER (TOM), II",130845.0,220133.0,0.0,350978.0,37.28,1,R,R,"MCCLINTOCK, THOMAS MILLER (TOM), II",0,1,1,0,0.0,,,,0,-11.423198089421271,2012 only; 2020 lines (Daily Kos),0.0
HOU_CA_05_2016,2016,house,CA,5.0,0,0,"THOMPSON, C. MICHAEL (MIKE)",D,"SANTAMARIA, CARLOS",224526.0,67565.0,0.0,292091.0,76.87,1,D,D,"THOMPSON, C. MICHAEL (MIKE)",0,1,1,0,0.0,,,,0,19.74338258574205,2012 only; 2020 lines (Daily Kos),0.0
HOU_CA_06_2016,2016,house,CA,6.0,0,0,"MATSUI, DORIS O.",D,"EVANS, ROBERT S. (BOB)",177565.0,57848.0,0.0,235413.0,75.43,1,D,D,"MATSUI, DORIS O.",0,1,1,0,0.0,,,,0,18.962320716040992,2012 only; 2020 lines (Daily Kos),0.0
HOU_CA_07_2016,2016,house,CA,7.0,0,0,"BERA, AMERISH (AMI)",D,"JONES, SCOTT R.",152133.0,145168.0,0.0,297301.0,51.17,1,D,D,"BERA, AMERISH (AMI)",0,1,1,0,0.0,,,,0,0.0075955462629062,2012 only; 2020 lines (Daily Kos),0.0
HOU_CA_08_2016,2016,house,CA,8.0,0,0,"RAMIREZ-DEAN, RITA",D,"COOK, PAUL J.",83035.0,136972.0,0.0,220007.0,37.74,1,R,R,"COOK, PAUL J.",0,1,1,0,0.0,,,,0,-9.18852394744802,2012 only; 2020 lines (Daily Kos),0.0
HOU_CA_09_2016,2016,house,CA,9.0,0,0,"MCNERNEY, GERALD MARK (JERRY)",D,"AMADOR, ANTONIO C. (TONY)",133163.0,98992.0,0.0,232155.0,57.36,1,D,D,"MCNERNEY, GERALD MARK (JERRY)",0,1,1,0,0.0,,,,0,7.0288471384550855,2012 only; 2020 lines (Daily Kos),0.0
HOU_CA_10_2016,2016,house,CA,10.0,0,0,"EGGMAN, MICHAEL",D,"DENHAM, JEFFREY (JEFF)",116470.0,124671.0,0.0,241141.0,48.3,1,R,R,"DENHAM, JEFFREY (JEFF)",0,1,1,0,0.0,,,,0,-0.1622902090152256,2012 only; 2020 lines (Daily Kos),0.0
HOU_CA_11_2016,2016,house,CA,11.0,0,0,"DESAULNIER, MARK",D,"PETERSEN, ROGER ALLEN",214868.0,83341.0,0.0,298209.0,72.05,1,D,D,"DESAULNIER, MARK",0,1,1,0,0.0,,,,0,17.2931602008201,2012 only; 2020 lines (Daily Kos),0.0
HOU_CA_12_2016,2016,house,CA,12.0,0,0,"PELOSI, NANCY",D,,274035.0,0.0,64810.0,338845.0,,0,D,D,"PELOSI, NANCY",0,1,0,1,19.13,"PICUS, PRESTON",I,19.13,0,35.06356274089855,2012 only; 2020 lines (Daily Kos),0.0
HOU_CA_13_2016,2016,house,CA,13.0,0,0,"LEE, BARBARA J.",D,"CARO, SUZANNE M. (SUE)",293117.0,29754.0,0.0,322871.0,90.78,1,D,D,"LEE, BARBARA J.",0,1,1,0,0.0,,,,0,38.6947523479574,2012 only; 2020 lines (Daily Kos),0.0
HOU_CA_14_2016,2016,house,CA,14.0,0,0,"SPEIER, KAREN (JACKIE)",D,"CARDENAS, ANGEL",231630.0,54817.0,0.0,286447.0,80.86,1,D,D,"SPEIER, KAREN (JACKIE)",0,1,1,0,0.0,,,,0,23.89715851715452,2012 only; 2020 lines (Daily Kos),0.0
HOU_CA_15_2016,2016,house,CA,15.0,0,0,"SWALWELL, ERIC MICHAEL",D,"TURNER, DANNY R.",198578.0,70619.0,0.0,269197.0,73.77,1,D,D,"SWALWELL, ERIC MICHAEL",0,1,1,0,0.0,,,,0,17.49961880120464,2012 only; 2020 lines (Daily Kos),0.0
HOU_CA_16_2016,2016,house,CA,16.0,0,0,"COSTA, JIM",D,"TACHERRA, JOHNNY MARTIN",97473.0,70483.0,0.0,167956.0,58.03,1,D,D,"COSTA, JIM",0,1,1,0,0.0,,,,0,7.791425417549203,2012 only; 2020 lines (Daily Kos),0.0
HOU_CA_17_2016,2016,house,CA,17.0,0,0,"KHANNA, ROHIT (RO); HONDA, MICHAEL MAKOTO (MIKE)",D,,233192.0,0.0,0.0,233192.0,,0,D,D,"HONDA, MICHAEL MAKOTO (MIKE)",0,2,0,0,0.0,,,,0,21.783536256518264,2012 only; 2020 lines (Daily Kos),0.0
HOU_CA_18_2016,2016,house,CA,18.0,0,0,"ESHOO, ANNA G.",D,"FOX, RICHARD B.",230460.0,93470.0,0.0,323930.0,71.15,1,D,D,"ESHOO, ANNA G.",0,1,1,0,0.0,,,,0,18.21703471948053,2012 only; 2020 lines (Daily Kos),0.0
HOU_CA_19_2016,2016,house,CA,19.0,0,0,"LOFGREN, ZOE",D,"LANCASTER, G. BURT",181802.0,64061.0,0.0,245863.0,73.94,1,D,D,"LOFGREN, ZOE",0,1,1,0,0.0,,,,0,20.85527993879441,2012 only; 2020 lines (Daily Kos),0.0
HOU_CA_20_2016,2016,house,CA,20.0,0,0,"PANETTA, JIMMY VARNI",D,"LUCIUS, CASEY",180980.0,74811.0,0.0,255791.0,70.75,1,D,,,1,1,1,0,0.0,,,,0,21.0101643541056,2012 only; 2020 lines (Daily Kos),0.0
HOU_CA_21_2016,2016,house,CA,21.0,0,0,"HUERTA, EMILIO JESUS",D,"VALADAO, DAVID G.",57282.0,75126.0,0.0,132408.0,43.26,1,R,R,"VALADAO, DAVID G.",0,1,1,0,0.0,,,,0,3.640482993884697,2012 only; 2020 lines (Daily Kos),0.0
HOU_CA_22_2016,2016,house,CA,22.0,0,0,"CAMPOS, LOUIE J.",D,"NUNES, DEVIN GERALD",76211.0,158755.0,0.0,234966.0,32.43,1,R,R,"NUNES, DEVIN GERALD",0,1,1,0,0.0,,,,0,-9.653827043203131,2012 only; 2020 lines (Daily Kos),0.0
HOU_CA_23_2016,2016,house,CA,23.0,0,0,"REED, WENDY",D,"MCCARTHY, KEVIN",74468.0,167116.0,0.0,241584.0,30.82,1,R,R,"MCCARTHY, KEVIN",0,1,1,0,0.0,,,,0,-15.008519022970374,2012 only; 2020 lines (Daily Kos),0.0
HOU_CA_24_2016,2016,house,CA,24.0,0,0,"CARBAJAL, SALUD O.",D,"FAREED, JUSTIN DONALD",166034.0,144780.0,0.0,310814.0,53.42,1,D,,,1,1,1,0,0.0,,,,0,3.632895473616171,2012 only; 2020 lines (Daily Kos),0.0
HOU_CA_25_2016,2016,house,CA,25.0,0,0,"CAFORIO, BRYAN",D,"KNIGHT, STEPHEN (STEVE)",122406.0,138755.0,0.0,261161.0,46.87,1,R,R,"KNIGHT, STEPHEN (STEVE)",0,1,1,0,0.0,,,,0,-2.93626720706886,2012 only; 2020 lines (Daily Kos),0.0
HOU_CA_26_2016,2016,house,CA,26.0,0,0,"BROWNLEY, JULIA",D,"DAGNESSES, RAFAEL ALBERTO",169248.0,111059.0,0.0,280307.0,60.38,1,D,D,"BROWNLEY, JULIA",0,1,1,0,0.0,,,,0,3.2393307968026974,2012 only; 2020 lines (Daily Kos),0.0
HOU_CA_27_2016,2016,house,CA,27.0,0,0,"CHU, JUDY M.",D,"ORSWELL, JACK",168977.0,81655.0,0.0,250632.0,67.42,1,D,D,"CHU, JUDY M.",0,1,1,0,0.0,,,,0,12.137903020166307,2012 only; 2020 lines (Daily Kos),0.0
HOU_CA_28_2016,2016,house,CA,28.0,0,0,"SCHIFF, ADAM B.",D,"SOLIS, LENORE",210883.0,59526.0,0.0,270409.0,77.99,1,D,D,"SCHIFF, ADAM B.",0,1,1,0,0.0,,,,0,20.58594400393251,2012 only; 2020 lines (Daily Kos),0.0
HOU_CA_29_2016,2016,house,CA,29.0,0,0,"CARDENAS, TONY; ALARCON, RICHARD",D,,171824.0,0.0,0.0,171824.0,,0,D,D,"CARDENAS, TONY",0,2,0,0,0.0,,,,0,26.95296473334624,2012 only; 2020 lines (Daily Kos),0.0
HOU_CA_30_2016,2016,house,CA,30.0,0,0,"SHERMAN, BRAD",D,"REED, MARK S.",205279.0,77325.0,0.0,282604.0,72.64,1,D,D,"SHERMAN, BRAD",0,1,1,0,0.0,,,,0,15.009435359930537,2012 only; 2020 lines (Daily Kos),0.0
HOU_CA_31_2016,2016,house,CA,31.0,0,0,"AGUILAR, PETE",D,"CHABOT, PAUL R.",121070.0,94866.0,0.0,215936.0,56.07,1,D,D,"AGUILAR, PETE",0,1,1,0,0.0,,,,0,6.466316048609045,2012 only; 2020 lines (Daily Kos),0.0
HOU_CA_32_2016,2016,house,CA,32.0,0,0,"NAPOLITANO, GRACE FLORES; HERNANDEZ, ROGER",D,,186646.0,0.0,0.0,186646.0,,0,D,D,"NAPOLITANO, GRACE FLORES",0,2,0,0,0.0,,,,0,14.744233023960229,2012 only; 2020 lines (Daily Kos),0.0
HOU_CA_33_2016,2016,house,CA,33.0,0,0,"LIEU, TED W.",D,"WRIGHT, KENNETH WESTON (KEN)",219397.0,110822.0,0.0,330219.0,66.44,1,D,D,"LIEU, TED W.",0,1,1,0,0.0,,,,0,10.228016080769333,2012 only; 2020 lines (Daily Kos),0.0
HOU_CA_34_2016,2016,house,CA,34.0,0,0,"BECERRA, XAVIER; EDWARDS, ADRIENNE NICOLE",D,,159156.0,0.0,0.0,159156.0,,0,D,D,"BECERRA, XAVIER",0,2,0,0,0.0,,,,0,33.42451497151975,2012 only; 2020 lines (Daily Kos),0.0
HOU_CA_35_2016,2016,house,CA,35.0,0,0,"TORRES, NORMA J.",D,"FISCHELLA, TYLER R.",124044.0,47309.0,0.0,171353.0,72.39,1,D,D,"TORRES, NORMA J.",0,1,1,0,0.0,,,,0,16.785556655327618,2012 only; 2020 lines (Daily Kos),0.0
HOU_CA_36_2016,2016,house,CA,36.0,0,0,"RUIZ, RAUL",D,"STONE, JEFF",144348.0,88269.0,0.0,232617.0,62.05,1,D,D,"RUIZ, RAUL",0,1,1,0,0.0,,,,0,-0.3936882004516806,2012 only; 2020 lines (Daily Kos),0.0
HOU_CA_37_2016,2016,house,CA,37.0,0,0,"BASS, KAREN R.; WIGGINS, CHRISTOPHER BLAKE (CHRIS)",D,,237272.0,0.0,0.0,237272.0,,0,D,D,"BASS, KAREN R.",0,2,0,0,0.0,,,,0,34.96103411319209,2012 only; 2020 lines (Daily Kos),0.0
HOU_CA_38_2016,2016,house,CA,38.0,0,0,"SANCHEZ, LINDA T.",D,"DOWNING, RYAN",163590.0,68524.0,0.0,232114.0,70.48,1,D,D,"SANCHEZ, LINDA T.",0,1,1,0,0.0,,,,0,14.298277125059878,2012 only; 2020 lines (Daily Kos),0.0
HOU_CA_39_2016,2016,house,CA,39.0,0,0,"MURDOCK, BRETT",D,"ROYCE, EDWARD R. (ED)",112679.0,150777.0,0.0,263456.0,42.77,1,R,R,"ROYCE, EDWARD R. (ED)",0,1,1,0,0.0,,,,0,-3.878033690923033,2012 only; 2020 lines (Daily Kos),0.0
HOU_CA_40_2016,2016,house,CA,40.0,0,0,"ROYBAL-ALLARD, LUCILLE",D,,106554.0,0.0,42743.0,149297.0,,0,D,D,"ROYBAL-ALLARD, LUCILLE",0,1,0,1,28.63,"GONZALEZ, ROMAN GABRIEL",I,28.63,0,31.13254682645792,2012 only; 2020 lines (Daily Kos),0.0
HOU_CA_41_2016,2016,house,CA,41.0,0,0,"TAKANO, MARK ALLAN",D,"SHEPHERD, DOUG",128164.0,69159.0,0.0,197323.0,64.95,1,D,D,"TAKANO, MARK ALLAN",0,1,1,0,0.0,,,,0,10.872645823157,2012 only; 2020 lines (Daily Kos),0.0
HOU_CA_42_2016,2016,house,CA,42.0,0,0,"SHERIDAN, TIM",D,"CALVERT, KENNETH STANTON (KEN)",104689.0,149547.0,0.0,254236.0,41.18,1,R,R,"CALVERT, KENNETH STANTON (KEN)",0,1,1,0,0.0,,,,0,-9.746770083760095,2012 only; 2020 lines (Daily Kos),0.0
HOU_CA_43_2016,2016,house,CA,43.0,0,0,"WATERS, MAXINE",D,"NAVARRO, OMAR",167017.0,52499.0,0.0,219516.0,76.08,1,D,D,"WATERS, MAXINE",0,1,1,0,0.0,,,,0,27.56793681366532,2012 only; 2020 lines (Daily Kos),0.0
HOU_CA_44_2016,2016,house,CA,44.0,0,0,"BARRAGAN, NANETTE DIAZ; HALL, ISADORE, III",D,,178413.0,0.0,0.0,178413.0,,0,D,,,1,2,0,0,0.0,,,,0,34.138931331985525,2012 only; 2020 lines (Daily Kos),0.0
HOU_CA_45_2016,2016,house,CA,45.0,0,0,"VARASTEH, RON",D,"WALTERS, MIMI",129231.0,182618.0,0.0,311849.0,41.44,1,R,R,"WALTERS, MIMI",0,1,1,0,0.0,,,,0,-8.020243494032131,2012 only; 2020 lines (Daily Kos),0.0
HOU_CA_46_2016,2016,house,CA,46.0,0,0,"CORREA, JOSE LUIS (LOU); NGUYEN, BAO QUOC",D,,164593.0,0.0,0.0,164593.0,,0,D,,,1,2,0,0,0.0,,,,0,10.916601616121168,2012 only; 2020 lines (Daily Kos),0.0
HOU_CA_47_2016,2016,house,CA,47.0,0,0,"LOWENTHAL, ALAN S.",D,"WHALLON, ANDREW (ANDY)",154759.0,88109.0,0.0,242868.0,63.72,1,D,D,"LOWENTHAL, ALAN S.",0,1,1,0,0.0,,,,0,9.567115545456984,2012 only; 2020 lines (Daily Kos),0.0
HOU_CA_48_2016,2016,house,CA,48.0,0,0,"SAVARY, SUZANNE JOYCE (SUE)",D,"ROHRABACHER, DANA TYRONE",127715.0,178701.0,0.0,306416.0,41.68,1,R,R,"ROHRABACHER, DANA TYRONE",0,1,1,0,0.0,,,,0,-7.987363268000546,2012 only; 2020 lines (Daily Kos),0.0
HOU_CA_49_2016,2016,house,CA,49.0,0,0,"APPLEGATE, DOUG",D,"ISSA, DARRELL EDWARD",154267.0,155888.0,0.0,310155.0,49.74,1,R,R,"ISSA, DARRELL EDWARD",0,1,1,0,0.0,,,,0,-5.375969961622751,2012 only; 2020 lines (Daily Kos),0.0
HOU_CA_50_2016,2016,house,CA,50.0,0,0,"MALLOY, PATRICK",D,"HUNTER, DUNCAN DUANE, JR.",103646.0,179937.0,0.0,283583.0,36.55,1,R,R,"HUNTER, DUNCAN DUANE, JR.",0,1,1,0,0.0,,,,0,-13.672694462981566,2012 only; 2020 lines (Daily Kos),0.0
HOU_CA_51_2016,2016,house,CA,51.0,0,0,"VARGAS, JUAN CARLOS",D,"HIDALGO, JUAN M., JR.",145162.0,54362.0,0.0,199524.0,72.75,1,D,D,"VARGAS, JUAN CARLOS",0,1,1,0,0.0,,,,0,18.605433054629927,2012 only; 2020 lines (Daily Kos),0.0
HOU_CA_52_2016,2016,house,CA,52.0,0,0,"PETERS, SCOTT H.",D,"GITSHAM, DENISE",181253.0,139403.0,0.0,320656.0,56.53,1,D,D,"PETERS, SCOTT H.",0,1,1,0,0.0,,,,0,1.270758898010016,2012 only; 2020 lines (Daily Kos),0.0
HOU_CA_53_2016,2016,house,CA,53.0,0,0,"DAVIS, SUSAN A.",D,"VELTMEYER, JAMES",198988.0,97968.0,0.0,296956.0,67.01,1,D,D,"DAVIS, SUSAN A.",0,1,1,0,0.0,,,,0,10.772484662083292,2012 only; 2020 lines (Daily Kos),0.0
HOU_CO_01_2016,2016,house,CO,1.0,0,0,"DEGETTE, DIANA LOUISE",D,"STOCKHAM, CHARLES WESLEY (CASPER)",257254.0,105030.0,16752.0,379036.0,71.01,1,D,D,"DEGETTE, DIANA LOUISE",0,1,1,1,4.42,"DINGES, DARRELL",Lbt,4.42,0,18.4334238078864,0.75*2012 + 0.25*2008; 2020 lines (Daily Kos),0.0
HOU_CO_02_2016,2016,house,CO,2.0,0,0,"POLIS, JARED S.",D,"MORSE, NICHOLAS G. (NIC)",260175.0,170001.0,27136.0,457312.0,60.48,1,D,D,"POLIS, JARED S.",0,1,1,1,5.93,"LONGSTRETH, RICHARD",Lbt,5.93,0,7.68988462952711,0.75*2012 + 0.25*2008; 2020 lines (Daily Kos),0.0
HOU_CO_03_2016,2016,house,CO,3.0,0,0,"SCHWARTZ, GAIL S.",D,"TIPTON, SCOTT RANDALL",150914.0,204220.0,18903.0,374037.0,42.49,1,R,R,"TIPTON, SCOTT RANDALL",0,1,1,1,5.05,"KENT, GAYLON",Lbt,5.05,0,-4.949043095101713,0.75*2012 + 0.25*2008; 2020 lines (Daily Kos),0.0
HOU_CO_04_2016,2016,house,CO,4.0,0,0,"SEAY, BOB",D,"BUCK, KENNETH (KEN)",123642.0,248230.0,18761.0,390633.0,33.25,1,R,R,"BUCK, KENNETH (KEN)",0,1,1,1,4.8,"GRIFFITH, BRUCE",Lbt,4.8,0,-11.681804212529872,0.75*2012 + 0.25*2008; 2020 lines (Daily Kos),0.0
HOU_CO_05_2016,2016,house,CO,5.0,0,0,"PLOWRIGHT, MISTY",D,"LAMBORN, DOUGLAS L. (DOUG)",111676.0,225445.0,24872.0,361993.0,33.13,1,R,R,"LAMBORN, DOUGLAS L. (DOUG)",0,1,1,1,6.87,"MCREDMOND, MIKE",Lbt,6.87,0,-12.88305442061726,0.75*2012 + 0.25*2008; 2020 lines (Daily Kos),0.0
HOU_CO_06_2016,2016,house,CO,6.0,0,0,"CARROLL, MORGAN L.",D,"COFFMAN, MICHAEL H. (MIKE)",160372.0,191626.0,24419.0,376417.0,45.56,1,R,R,"COFFMAN, MICHAEL H. (MIKE)",0,1,1,2,6.49,"OLSEN, NORMAN T. (NORM)",Lbt,4.99,0,0.5886331186882587,0.75*2012 + 0.25*2008; 2020 lines (Daily Kos),0.0
HOU_CO_07_2016,2016,house,CO,7.0,0,0,"PERLMUTTER, EDWIN G. (ED)",D,"ATHANASOPOULOS, GEORGE",199758.0,144066.0,18186.0,362010.0,58.1,1,D,D,"PERLMUTTER, EDWIN G. (ED)",0,1,1,1,5.02,"BUCHANAN, MARTIN L.",Lbt,5.02,0,5.385769411532637,0.75*2012 + 0.25*2008; 2020 lines (Daily Kos),0.0
HOU_CT_01_2016,2016,house,CT,1.0,0,0,"LARSON, JOHN B.",D,"COREY, MATTHEW MCKINNON",200686.0,105674.0,6563.0,312923.0,65.51,1,D,D,"LARSON, JOHN B.",0,1,1,1,2.1,"DEROSA, S. MICHAEL (MIKE)",Grn,2.1,0,12.215058945192874,0.75*2012 + 0.25*2008; 2020 lines (Daily Kos),0.0
HOU_CT_02_2016,2016,house,CT,2.0,0,0,"COURTNEY, JOSEPH D. (JOE)",D,"NOVAK, DARIA IRENE",208818.0,111149.0,10281.0,330248.0,65.26,1,D,D,"COURTNEY, JOSEPH D. (JOE)",0,1,1,2,3.11,"PELTO, JONATHAN",Grn,1.61,0,4.978847503270647,0.75*2012 + 0.25*2008; 2020 lines (Daily Kos),0.0
HOU_CT_03_2016,2016,house,CT,3.0,0,0,"DELAURO, ROSA L.",D,"CADENA, ANGEL",213572.0,95786.0,0.0,309358.0,69.04,1,D,D,"DELAURO, ROSA L.",0,1,1,0,0.0,,,,0,10.873645522651612,0.75*2012 + 0.25*2008; 2020 lines (Daily Kos),0.0
HOU_CT_04_2016,2016,house,CT,4.0,0,0,"HIMES, JAMES A. (JIM)",D,"SHABAN, JOHN T.",187811.0,125724.0,0.0,313535.0,59.9,1,D,D,"HIMES, JAMES A. (JIM)",0,1,1,0,0.0,,,,0,4.229884212074103,0.75*2012 + 0.25*2008; 2020 lines (Daily Kos),0.0
HOU_CT_05_2016,2016,house,CT,5.0,0,0,"ESTY, ELIZABETH H.",D,"COPE, CLAY",179252.0,129801.0,0.0,309053.0,58.0,1,D,D,"ESTY, ELIZABETH H.",0,1,1,0,0.0,,,,0,2.4332154802833794,0.75*2012 + 0.25*2008; 2020 lines (Daily Kos),0.0
HOU_DE_01_2016,2016,house,DE,1.0,0,0,"BLUNT ROCHESTER, LISA LATRELLE",D,"REIGLE, HANS",233554.0,172301.0,14762.0,420617.0,57.55,1,D,,,1,1,1,2,3.51,"PERRI, MARK JOSEPH",Grn,1.98,0,7.794639057868869,0.75*2012 + 0.25*2008; 2020 lines (Daily Kos),0.0
HOU_FL_01_2016,2016,house,FL,1.0,0,0,"SPECHT, STEVEN",D,"GAETZ, MATT (JERRY)",114079.0,255107.0,0.0,369186.0,30.9,1,R,,,1,1,1,0,0.0,,,,0,-21.4,old course file (PS9 2016 values),0.0
HOU_FL_02_2016,2016,house,FL,2.0,0,0,"DARTLAND, WALTER",D,"DUNN, NEAL P.",102801.0,231163.0,9395.0,343359.0,30.78,1,R,,,1,1,1,1,2.74,"LAPHAM, ROBERT (ROB)",Lbt,2.74,0,-5.27,old course file (PS9 2016 values),0.0
HOU_FL_03_2016,2016,house,FL,3.0,0,0,"MCGURN, KENNETH (KEN)",D,"YOHO, THEODORE SCOTT (TED)",136338.0,193843.0,12519.0,342700.0,41.29,1,R,R,"YOHO, THEODORE SCOTT (TED)",0,1,1,1,3.65,"WELLS, TOM",I,3.65,0,-13.98,old course file (PS9 2016 values),0.0
HOU_FL_04_2016,2016,house,FL,4.0,0,0,"BRUDERLY, DAVID E.",D,"RUTHERFORD, JOHN H.",113088.0,287509.0,9054.0,409651.0,28.23,1,R,,,1,1,1,1,2.21,"KONIZ, GARY LEE",I,2.21,0,-19.129999,old course file (PS9 2016 values),0.0
HOU_FL_05_2016,2016,house,FL,5.0,0,0,"LAWSON, ALFRED J. (AL), JR.",D,"SCURRY-SMITH, GLOREATHA (GLO)",194549.0,108325.0,0.0,302874.0,64.23,1,D,,,1,1,1,0,0.0,,,,0,21.33,old course file (PS9 2016 values),0.0
HOU_FL_06_2016,2016,house,FL,6.0,0,0,"MCCULLOUGH, WILLIAM (BILL)",D,"DESANTIS, RONALD D. (RON)",151051.0,213519.0,0.0,364570.0,41.43,1,R,R,"DESANTIS, RONALD D. (RON)",0,1,1,0,0.0,,,,0,-9.6000004,old course file (PS9 2016 values),0.0
HOU_FL_07_2016,2016,house,FL,7.0,0,0,"MURPHY, STEPHANIE",D,"MICA, JOHN L.",182039.0,171583.0,0.0,353622.0,51.48,1,D,R,"MICA, JOHN L.",0,1,1,0,0.0,,,,0,-4.4400001,old course file (PS9 2016 values),0.0
HOU_FL_08_2016,2016,house,FL,8.0,0,0,"WESTBROOK, CORRY",D,"POSEY, WILLIAM (BILL)",127127.0,246483.0,16951.0,390561.0,34.03,1,R,R,"POSEY, WILLIAM (BILL)",0,1,1,1,4.34,"STINSON, BILL M.",I,4.34,0,-9.3299999,old course file (PS9 2016 values),0.0
HOU_FL_09_2016,2016,house,FL,9.0,0,0,"SOTO, DARREN MICHAEL",D,"LIEBNITZKY, WAYNE",195311.0,144450.0,0.0,339761.0,57.48,1,D,,,1,1,1,0,0.0,,,,0,9.1700001,old course file (PS9 2016 values),0.0
HOU_FL_10_2016,2016,house,FL,10.0,0,0,"DEMINGS, VALDEZ B. (VAL)",D,"LOWE, THUY (TWEE)",198491.0,107498.0,0.0,305989.0,64.87,1,D,,,1,1,1,0,0.0,,,,0,-6.0599999,old course file (PS9 2016 values),0.0
HOU_FL_11_2016,2016,house,FL,11.0,0,0,"KOLLER, DAVID (DAVE)",D,"WEBSTER, DANIEL A. (DAN)",124713.0,258016.0,11990.0,394719.0,32.59,1,R,R,"WEBSTER, DANIEL A. (DAN)",0,1,1,1,3.04,"RIGGS, BRUCE RAY, III",I,3.04,0,-11.05,old course file (PS9 2016 values),0.0
HOU_FL_12_2016,2016,house,FL,12.0,0,0,"TAGER, ROBERT MATTHEW",D,"BILIRAKIS, GUS MICHAEL",116110.0,253559.0,0.0,369669.0,31.41,1,R,R,"BILIRAKIS, GUS MICHAEL",0,1,1,0,0.0,,,,0,-6.5999999,old course file (PS9 2016 values),0.0
HOU_FL_13_2016,2016,house,FL,13.0,0,0,"CRIST, CHARLES J. (CHARLIE), JR.",D,"JOLLY, DAVID W.",184693.0,171149.0,0.0,355842.0,51.9,1,D,R,"JOLLY, DAVID W.",0,1,1,0,0.0,,,,0,-1.36,old course file (PS9 2016 values),0.0
HOU_FL_14_2016,2016,house,FL,14.0,0,0,"CASTOR, KATHERINE ANNE (KATHY)",D,"QUINN, CHRISTINE Y.",195789.0,121088.0,0.0,316877.0,61.79,1,D,D,"CASTOR, KATHERINE ANNE (KATHY)",0,1,1,0,0.0,,,,0,13.32,old course file (PS9 2016 values),0.0
HOU_FL_15_2016,2016,house,FL,15.0,0,0,"LANGE, JAMES K. (JIM)",D,"ROSS, DENNIS ALAN",135475.0,182999.0,0.0,318474.0,42.54,1,R,R,"ROSS, DENNIS ALAN",0,1,1,0,0.0,,,,0,-5.96,old course file (PS9 2016 values),0.0
HOU_FL_16_2016,2016,house,FL,16.0,0,0,"SCHNEIDER, JAN",D,"BUCHANAN, VERNON (VERN)",155262.0,230654.0,0.0,385916.0,40.23,1,R,R,"BUCHANAN, VERNON (VERN)",0,1,1,0,0.0,,,,0,-6.27,old course file (PS9 2016 values),0.0
HOU_FL_17_2016,2016,house,FL,17.0,0,0,"FREEMAN, APRIL",D,"ROONEY, THOMAS J. (TOM)",115974.0,209348.0,13353.0,338675.0,35.65,1,R,R,"ROONEY, THOMAS J. (TOM)",0,1,1,1,3.94,"SAWYER, JOHN W., III",I,3.94,0,-10.0,old course file (PS9 2016 values),0.0
HOU_FL_18_2016,2016,house,FL,18.0,0,0,"PERKINS, RANDY",D,"MAST, BRIAN J.",161918.0,201488.0,12503.0,375909.0,44.56,1,R,,,1,1,1,1,3.33,"SPALDING, CARLA ARLENE",I,3.33,0,-3.5899999,old course file (PS9 2016 values),0.0
HOU_FL_19_2016,2016,house,FL,19.0,0,0,"NEELD, ROBERT M., JR.",D,"ROONEY, FRANCIS",123812.0,239225.0,109.0,363146.0,34.1,1,R,,,1,1,1,1,0.03,"BYRON, DAVID",Other,0.03,0,-12.46,old course file (PS9 2016 values),0.0
HOU_FL_20_2016,2016,house,FL,20.0,0,0,"HASTINGS, ALCEE LAMAR",D,"STEIN, GARY S. (G-MAN)",222914.0,54646.0,0.0,277560.0,80.31,1,D,D,"HASTINGS, ALCEE LAMAR",0,1,1,0,0.0,,,,0,30.17,old course file (PS9 2016 values),0.0
HOU_FL_21_2016,2016,house,FL,21.0,0,0,"FRANKEL, LOIS JANE",D,"SPAIN, PAUL D.",210606.0,118038.0,7217.0,335861.0,64.08,1,D,D,"FRANKEL, LOIS JANE",0,1,1,1,2.15,"TROUT, W. MICHAEL (MIKE)",I,2.15,0,9.2799997,old course file (PS9 2016 values),0.0
HOU_FL_22_2016,2016,house,FL,22.0,0,0,"DEUTCH, THEODORE ELIOT (TED)",D,"MCGEE, ANDREA LEIGH",199113.0,138737.0,0.0,337850.0,58.94,1,D,D,"DEUTCH, THEODORE ELIOT (TED)",0,1,1,0,0.0,,,,0,2.95,old course file (PS9 2016 values),0.0
HOU_FL_23_2016,2016,house,FL,23.0,0,0,"WASSERMAN SCHULTZ, DEBBIE",D,"KAUFMAN, JOSEPH (JOE)",183225.0,130818.0,9077.0,323120.0,58.34,1,D,D,"WASSERMAN SCHULTZ, DEBBIE",0,1,1,2,2.81,"ENDRISS, DON",I,1.6,0,9.2700005,old course file (PS9 2016 values),0.0
HOU_FL_24_2016,2016,house,FL,24.0,0,0,"WILSON, FREDERICA S. (FREDDI)",,,0.0,0.0,0.0,0.0,,0,D,D,"WILSON, FREDERICA S. (FREDDI)",0,1,0,0,,,,,0,34.939999,old course file (PS9 2016 values),0.0
HOU_FL_25_2016,2016,house,FL,25.0,0,0,"VALDES, ALINA",D,"DIAZ-BALART, MARIO",95319.0,157921.0,0.0,253240.0,37.64,1,R,R,"DIAZ-BALART, MARIO",0,1,1,0,0.0,,,,0,-3.8900001,old course file (PS9 2016 values),0.0
HOU_FL_26_2016,2016,house,FL,26.0,0,0,"GARCIA, JOE",D,"CURBELO, CARLOS",115493.0,148547.0,16502.0,280542.0,43.74,1,R,R,"CURBELO, CARLOS",0,1,1,1,5.88,"PEIXOTO, JOSE F.",I,5.88,0,0.31999999,old course file (PS9 2016 values),0.0
HOU_FL_27_2016,2016,house,FL,27.0,0,0,"FUHRMAN, SCOTT",D,"ROS-LEHTINEN, ILEANA",129760.0,157917.0,0.0,287677.0,45.11,1,R,R,"ROS-LEHTINEN, ILEANA",0,1,1,0,0.0,,,,0,-0.13,old course file (PS9 2016 values),0.0
HOU_GA_01_2016,2016,house,GA,1.0,0,0,,,"CARTER, EARL L. (BUDDY)",0.0,210243.0,0.0,210243.0,,0,R,R,"CARTER, EARL L. (BUDDY)",0,0,1,0,0.0,,,,0,-8.659631864223211,0.75*2012 + 0.25*2008; 2020 lines (Daily Kos),0.0
HOU_GA_02_2016,2016,house,GA,2.0,0,0,"BISHOP, SANFORD DIXON, JR.",D,"DUKE, GREGORY P. (GREG)",148543.0,94056.0,0.0,242599.0,61.23,1,D,D,"BISHOP, SANFORD DIXON, JR.",0,1,1,0,0.0,,,,0,6.306048640836911,0.75*2012 + 0.25*2008; 2020 lines (Daily Kos),0.0
HOU_GA_03_2016,2016,house,GA,3.0,0,0,"PENDLEY, ANGELA",D,"FERGUSON, ANDREW DREW, IV",95969.0,207218.0,0.0,303187.0,31.65,1,R,,,1,1,1,0,0.0,,,,0,-18.86149595186985,0.75*2012 + 0.25*2008; 2020 lines (Daily Kos),0.0
HOU_GA_04_2016,2016,house,GA,4.0,0,0,"JOHNSON, HENRY C. (HANK), JR.",D,"ARMENDARIZ, VICTOR",220146.0,70593.0,0.0,290739.0,75.72,1,D,D,"JOHNSON, HENRY C. (HANK), JR.",0,1,1,0,0.0,,,,0,21.599508719191224,0.75*2012 + 0.25*2008; 2020 lines (Daily Kos),0.0
HOU_GA_05_2016,2016,house,GA,5.0,0,0,"LEWIS, JOHN ROBERT",D,"BELL, DOUGLAS",253781.0,46768.0,0.0,300549.0,84.44,1,D,D,"LEWIS, JOHN ROBERT",0,1,1,0,0.0,,,,0,31.783966427168743,0.75*2012 + 0.25*2008; 2020 lines (Daily Kos),0.0
HOU_GA_06_2016,2016,house,GA,6.0,0,0,"STOOKSBURY, RODNEY",D,"PRICE, THOMAS EDMUNDS (TOM)",124917.0,201088.0,0.0,326005.0,38.32,1,R,R,"PRICE, THOMAS EDMUNDS (TOM)",0,1,1,0,0.0,,,,0,-13.75679277771701,0.75*2012 + 0.25*2008; 2020 lines (Daily Kos),0.0
HOU_GA_07_2016,2016,house,GA,7.0,0,0,"MALIK, RASHID",D,"WOODALL, W. ROBERT (ROB)",114220.0,174081.0,0.0,288301.0,39.62,1,R,R,"WOODALL, W. ROBERT (ROB)",0,1,1,0,0.0,,,,0,-13.42932536577905,0.75*2012 + 0.25*2008; 2020 lines (Daily Kos),0.0
HOU_GA_08_2016,2016,house,GA,8.0,0,0,"HARRIS, JAMES NEAL",D,"SCOTT, AUSTIN",83225.0,173983.0,0.0,257208.0,32.36,1,R,R,"SCOTT, AUSTIN",0,1,1,0,0.0,,,,0,-14.576834457030625,0.75*2012 + 0.25*2008; 2020 lines (Daily Kos),0.0
HOU_GA_09_2016,2016,house,GA,9.0,0,0,,,"COLLINS, DOUGLAS ALLEN (DOUG)",0.0,256535.0,0.0,256535.0,,0,R,R,"COLLINS, DOUGLAS ALLEN (DOUG)",0,0,1,0,0.0,,,,0,-30.74003936322533,0.75*2012 + 0.25*2008; 2020 lines (Daily Kos),0.0
HOU_GA_10_2016,2016,house,GA,10.0,0,0,,,"HICE, JODY B.",0.0,243725.0,0.0,243725.0,,0,R,R,"HICE, JODY B.",0,0,1,0,0.0,,,,0,-15.10627408597005,0.75*2012 + 0.25*2008; 2020 lines (Daily Kos),0.0
HOU_GA_11_2016,2016,house,GA,11.0,0,0,"WILSON, DON E.",D,"LOUDERMILK, BARRY D.",105383.0,217935.0,0.0,323318.0,32.59,1,R,R,"LOUDERMILK, BARRY D.",0,1,1,0,0.0,,,,0,-19.71912342935236,0.75*2012 + 0.25*2008; 2020 lines (Daily Kos),0.0
HOU_GA_12_2016,2016,house,GA,12.0,0,0,"MCCRACKEN, PATRICIA CARPENTER (TRICIA)",D,"ALLEN, RICHARD W. (RICK)",99420.0,159492.0,0.0,258912.0,38.4,1,R,R,"ALLEN, RICHARD W. (RICK)",0,1,1,0,0.0,,,,0,-8.378780986338878,0.75*2012 + 0.25*2008; 2020 lines (Daily Kos),0.0
HOU_GA_13_2016,2016,house,GA,13.0,0,0,"SCOTT, DAVID ALBERT",D,,252833.0,0.0,0.0,252833.0,,0,D,D,"SCOTT, DAVID ALBERT",0,1,0,0,0.0,,,,0,16.765670874698504,0.75*2012 + 0.25*2008; 2020 lines (Daily Kos),0.0
HOU_GA_14_2016,2016,house,GA,14.0,0,0,,,"GRAVES, JOHN THOMAS (TOM), JR.",0.0,216743.0,0.0,216743.0,,0,R,R,"GRAVES, JOHN THOMAS (TOM), JR.",0,0,1,0,0.0,,,,0,-26.141380427379143,0.75*2012 + 0.25*2008; 2020 lines (Daily Kos),0.0
HOU_HI_01_2016,2016,house,HI,1.0,0,0,"HANABUSA, COLLEEN WAKAKO",D,"OSTROV, SHIRLENE D. (SHIRL)",145417.0,45958.0,10982.0,202357.0,75.99,1,D,,,1,1,1,2,5.43,"YIM, ALAN J. (JK)",Lbt,3.26,0,18.32477347888716,0.75*2012 + 0.25*2008; 2020 lines (Daily Kos),0.0
HOU_HI_02_2016,2016,house,HI,2.0,0,0,"GABBARD, TULSI",D,"KAAIHUE, ANGELA SUE",170848.0,39668.0,0.0,210516.0,81.16,1,D,D,"GABBARD, TULSI",0,1,1,0,0.0,,,,0,20.813791277803013,0.75*2012 + 0.25*2008; 2020 lines (Daily Kos),0.0
HOU_IA_01_2016,2016,house,IA,1.0,0,0,"VERNON, MONICA",D,"BLUM, RODNEY LELAND (ROD)",177403.0,206903.0,0.0,384306.0,46.16,1,R,R,"BLUM, RODNEY LELAND (ROD)",0,1,1,0,0.0,,,,0,5.025544670938423,0.75*2012 + 0.25*2008; 2020 lines (Daily Kos),0.0
HOU_IA_02_2016,2016,house,IA,2.0,0,0,"LOEBSACK, DAVID WAYNE (DAVE)",D,"PETERS, CHRISTOPHER C.",198571.0,170933.0,0.0,369504.0,53.74,1,D,D,"LOEBSACK, DAVID WAYNE (DAVE)",0,1,1,0,0.0,,,,0,4.475874782896206,0.75*2012 + 0.25*2008; 2020 lines (Daily Kos),0.0
HOU_IA_03_2016,2016,house,IA,3.0,0,0,"MOWRER, JIM",D,"YOUNG, DAVID",155002.0,208598.0,26238.0,389838.0,42.63,1,R,R,"YOUNG, DAVID",0,1,1,3,6.73,"HOLDER, BRYAN JACK",Lbt,3.94,0,-0.0391727103651651,0.75*2012 + 0.25*2008; 2020 lines (Daily Kos),0.0
HOU_IA_04_2016,2016,house,IA,4.0,0,0,"WEAVER, KIM",D,"KING, STEVEN A. (STEVE)",142993.0,226719.0,0.0,369712.0,38.68,1,R,R,"KING, STEVEN A. (STEVE)",0,1,1,0,0.0,,,,0,-5.770561231554734,0.75*2012 + 0.25*2008; 2020 lines (Daily Kos),0.0
HOU_ID_01_2016,2016,house,ID,1.0,0,0,"PIOTROWSKI, JAMES",D,"LABRADOR, RAUL RAFAEL",113052.0,242252.0,0.0,355304.0,31.82,1,R,R,"LABRADOR, RAUL RAFAEL",0,1,1,0,0.0,,,,0,-18.595657763327704,0.75*2012 + 0.25*2008; 2020 lines (Daily Kos),0.0
HOU_ID_02_2016,2016,house,ID,2.0,0,0,"MARTINEZ, JENNIFER",D,"SIMPSON, MICHAEL K. (MIKE)",95940.0,205292.0,25005.0,326237.0,31.85,1,R,R,"SIMPSON, MICHAEL K. (MIKE)",0,1,1,1,7.66,"TOMKINS, ANTHONY D.",Other,7.66,0,-17.441196861556797,0.75*2012 + 0.25*2008; 2020 lines (Daily Kos),0.0
HOU_IL_01_2016,2016,house,IL,1.0,0,0,"RUSH, BOBBY LEE",D,"DEUSER, AUGUST O'NEILL",234037.0,81817.0,0.0,315854.0,74.1,1,D,D,"RUSH, BOBBY LEE",0,1,1,0,0.0,,,,0,27.56578724951971,0.75*2012 + 0.25*2008; 2020 lines (Daily Kos),0.0
HOU_IL_02_2016,2016,house,IL,2.0,0,0,"KELLY, ROBIN L.",D,"MORROW, JOHN F.",235051.0,59471.0,0.0,294522.0,79.81,1,D,D,"KELLY, ROBIN L.",0,1,1,0,0.0,,,,0,28.951589842180844,0.75*2012 + 0.25*2008; 2020 lines (Daily Kos),0.0
HOU_IL_03_2016,2016,house,IL,3.0,0,0,"LIPINSKI, DANIEL WILLIAM (DAN)",D,,225320.0,0.0,91.0,225411.0,,0,D,D,"LIPINSKI, DANIEL WILLIAM (DAN)",0,1,0,1,0.04,"HARRIS, DIANE M.",Other,0.04,0,4.886054897859454,0.75*2012 + 0.25*2008; 2020 lines (Daily Kos),0.0
HOU_IL_04_2016,2016,house,IL,4.0,0,0,"GUTIERREZ, LUIS V.",D,,171297.0,0.0,0.0,171297.0,,0,D,D,"GUTIERREZ, LUIS V.",0,1,0,0,0.0,,,,0,29.880817730321024,0.75*2012 + 0.25*2008; 2020 lines (Daily Kos),0.0
HOU_IL_05_2016,2016,house,IL,5.0,0,0,"QUIGLEY, MICHAEL (MIKE)",D,"KOLBER, VINCENT A. (VINCE)",212842.0,86222.0,14657.0,313721.0,71.17,1,D,D,"QUIGLEY, MICHAEL (MIKE)",0,1,1,1,4.67,"SHERMAN, ROB",Grn,4.67,0,15.870625885171718,0.75*2012 + 0.25*2008; 2020 lines (Daily Kos),0.0
HOU_IL_06_2016,2016,house,IL,6.0,0,0,"HOWLAND, AMANDA D.",D,"ROSKAM, PETER J.",143591.0,208555.0,0.0,352146.0,40.78,1,R,R,"ROSKAM, PETER J.",0,1,1,0,0.0,,,,0,-5.074446145791629,0.75*2012 + 0.25*2008; 2020 lines (Daily Kos),0.0
HOU_IL_07_2016,2016,house,IL,7.0,0,0,"DAVIS, DANNY K.",D,"LEEF, JEFFREY A.",250584.0,46882.0,0.0,297466.0,84.24,1,D,D,"DAVIS, DANNY K.",0,1,1,0,0.0,,,,0,36.12149247440417,0.75*2012 + 0.25*2008; 2020 lines (Daily Kos),0.0
HOU_IL_08_2016,2016,house,IL,8.0,0,0,"KRISHNAMOORTHI, S. RAJA",D,"DICIANNI, PETER P. (PETE)",144954.0,103617.0,0.0,248571.0,58.31,1,D,,,1,1,1,0,0.0,,,,0,6.911858905758525,0.75*2012 + 0.25*2008; 2020 lines (Daily Kos),0.0
HOU_IL_09_2016,2016,house,IL,9.0,0,0,"SCHAKOWSKY, JANICE D. (JAN)",D,"MCCARTHY LASONDE, JOAN",217306.0,109550.0,79.0,326935.0,66.48,1,D,D,"SCHAKOWSKY, JANICE D. (JAN)",0,1,1,1,0.02,"WILLIAMS, DAVID EARL, III",I,0.02,0,14.50458611146988,0.75*2012 + 0.25*2008; 2020 lines (Daily Kos),0.0
HOU_IL_10_2016,2016,house,IL,10.0,0,0,"SCHNEIDER, BRADLEY SCOTT (BRAD)",D,"DOLD, ROBERT JAMES (BOB), JR.",150435.0,135535.0,26.0,285996.0,52.61,1,D,R,"DOLD, ROBERT JAMES (BOB), JR.",0,1,1,1,0.01,"KOPSICK, JOSEPH WILLIAM",I,0.01,0,7.195329288004176,0.75*2012 + 0.25*2008; 2020 lines (Daily Kos),0.0
HOU_IL_11_2016,2016,house,IL,11.0,0,0,"FOSTER, G. WILLIAM (BILL)",D,"KHOURI, TONIA",166578.0,108995.0,0.0,275573.0,60.45,1,D,D,"FOSTER, G. WILLIAM (BILL)",0,1,1,0,0.0,,,,0,7.118477175611165,0.75*2012 + 0.25*2008; 2020 lines (Daily Kos),0.0
HOU_IL_12_2016,2016,house,IL,12.0,0,0,"BARICEVIC, CHARLES JOHN (CJ)",D,"BOST, MICHAEL J. (MIKE)",124246.0,169976.0,18780.0,313002.0,42.23,1,R,R,"BOST, MICHAEL J. (MIKE)",0,1,1,1,6.0,"BRADSHAW, PAULA",Grn,6.0,0,-0.4161918936846226,0.75*2012 + 0.25*2008; 2020 lines (Daily Kos),0.0
HOU_IL_13_2016,2016,house,IL,13.0,0,0,"WICKLUND, MARK D.",D,"DAVIS, RODNEY L.",126811.0,187583.0,0.0,314394.0,40.34,1,R,R,"DAVIS, RODNEY L.",0,1,1,0,0.0,,,,0,-1.1575308353922815,0.75*2012 + 0.25*2008; 2020 lines (Daily Kos),0.0
HOU_IL_14_2016,2016,house,IL,14.0,0,0,"WALZ, JIM",D,"HULTGREN, RANDALL M. (RANDY)",137589.0,200508.0,0.0,338097.0,40.7,1,R,R,"HULTGREN, RANDALL M. (RANDY)",0,1,1,0,0.0,,,,0,-5.959886566248352,0.75*2012 + 0.25*2008; 2020 lines (Daily Kos),0.0
HOU_IL_15_2016,2016,house,IL,15.0,0,0,,,"SHIMKUS, JOHN MONDY",0.0,274554.0,0.0,274554.0,,0,R,R,"SHIMKUS, JOHN MONDY",0,0,1,0,0.0,,,,0,-15.490973695124868,0.75*2012 + 0.25*2008; 2020 lines (Daily Kos),0.0
HOU_IL_16_2016,2016,house,IL,16.0,0,0,,,"KINZINGER, ADAM",0.0,259722.0,131.0,259853.0,,0,R,R,"KINZINGER, ADAM",0,0,1,1,0.05,"BURCHARDT, JOHN F.",Other,0.05,0,-5.162199153684812,0.75*2012 + 0.25*2008; 2020 lines (Daily Kos),0.0
HOU_IL_17_2016,2016,house,IL,17.0,0,0,"BUSTOS, CHERI",D,"HARLAN, PATRICK",173125.0,113943.0,0.0,287068.0,60.31,1,D,D,"BUSTOS, CHERI",0,1,1,0,0.0,,,,0,6.752731084609474,0.75*2012 + 0.25*2008; 2020 lines (Daily Kos),0.0
HOU_IL_18_2016,2016,house,IL,18.0,0,0,"RODRIGUEZ, JUNIUS",D,"LAHOOD, DARIN M.",96770.0,250506.0,0.0,347276.0,27.87,1,R,R,"LAHOOD, DARIN M.",0,1,1,0,0.0,,,,0,-12.648507480024971,0.75*2012 + 0.25*2008; 2020 lines (Daily Kos),0.0
HOU_IN_01_2016,2016,house,IN,1.0,0,0,"VISCLOSKY, PETER J. (PETE)",D,,207515.0,0.0,47051.0,254566.0,,0,D,D,"VISCLOSKY, PETER J. (PETE)",0,1,0,1,18.48,"DUNN, DONNA T.",Lbt,18.48,0,10.076960922254138,0.75*2012 + 0.25*2008; 2020 lines (Daily Kos),0.0
HOU_IN_02_2016,2016,house,IN,2.0,0,0,"COLEMAN, LYNN C.",D,"WALORSKI, JACKIE SWIHART",102401.0,164355.0,10601.0,277357.0,38.39,1,R,R,"WALORSKI, JACKIE SWIHART",0,1,1,1,3.82,"CENKUSH, RON",Lbt,3.82,0,-7.746731483156369,0.75*2012 + 0.25*2008; 2020 lines (Daily Kos),0.0
HOU_IN_03_2016,2016,house,IN,3.0,0,0,"SCHRADER, THOMAS ALLEN (TOMMY)",D,"BANKS, JAMES E. (JIM)",66023.0,201396.0,19828.0,287247.0,24.69,1,R,,,1,1,1,1,6.9,"SNYDER, PEPPER",Lbt,6.9,0,-14.33851092089154,0.75*2012 + 0.25*2008; 2020 lines (Daily Kos),0.0
HOU_IN_04_2016,2016,house,IN,4.0,0,0,"DALE, JOHN F.",D,"ROKITA, THEODORE EDWARD (TODD)",91256.0,193412.0,14766.0,299434.0,32.06,1,R,R,"ROKITA, THEODORE EDWARD (TODD)",0,1,1,1,4.93,"MAYORAS, STEVEN M.",Lbt,4.93,0,-12.8783769239021,0.75*2012 + 0.25*2008; 2020 lines (Daily Kos),0.0
HOU_IN_05_2016,2016,house,IN,5.0,0,0,"DEMAREE, ANGELA JO",D,"BROOKS, SUSAN W.",123849.0,221957.0,15329.0,361135.0,35.81,1,R,R,"BROOKS, SUSAN W.",0,1,1,1,4.24,"WITTLIEF, MATTHEW",Lbt,4.24,0,-9.624592772585682,0.75*2012 + 0.25*2008; 2020 lines (Daily Kos),0.0
HOU_IN_06_2016,2016,house,IN,6.0,0,0,"WELSH, BARRY ALAN",D,"MESSER, ALLEN LUCAS (LUKE)",79135.0,204920.0,12330.0,296385.0,27.86,1,R,R,"MESSER, ALLEN LUCAS (LUKE)",0,1,1,1,4.16,"TURVEY, RICH",Lbt,4.16,0,-12.778149289363563,0.75*2012 + 0.25*2008; 2020 lines (Daily Kos),0.0
HOU_IN_07_2016,2016,house,IN,7.0,0,0,"CARSON, ANDRE D.",D,"PING, CATHERINE (CAT)",158739.0,94456.0,11475.0,264670.0,62.69,1,D,D,"CARSON, ANDRE D.",0,1,1,1,4.34,"THOMPSON, DREW",Lbt,4.34,0,12.287595930537323,0.75*2012 + 0.25*2008; 2020 lines (Daily Kos),0.0
HOU_IN_08_2016,2016,house,IN,8.0,0,0,"DRAKE, RON",D,"BUCSHON, LARRY D.",93356.0,187702.0,13655.0,294713.0,33.22,1,R,R,"BUCSHON, LARRY D.",0,1,1,1,4.63,"HORNING, ANDREW MICHAEL (ANDY)",Lbt,4.63,0,-9.94416352905241,0.75*2012 + 0.25*2008; 2020 lines (Daily Kos),0.0
HOU_IN_09_2016,2016,house,IN,9.0,0,0,"YODER, SHELLI",D,"HOLLINGSWORTH, JOSEPH A. (TREY), III",130627.0,174791.0,17425.0,322843.0,42.77,1,R,,,1,1,1,1,5.4,"BROOKSBANK, RUSSELL P. (RUSS)",Lbt,5.4,0,-9.579074899399451,0.75*2012 + 0.25*2008; 2020 lines (Daily Kos),0.0
HOU_KS_01_2016,2016,house,KS,1.0,0,0,"LAPOLICE, ALAN",I,"MARSHALL, ROGER W.",67739.0,169992.0,20240.0,257971.0,28.49,1,R,Other,"HUELSKAMP, TIMOTHY (TIM)",0,0,1,2,7.85,"BURT, KERRY",Lbt,7.51,0,-23.33910488833116,0.75*2012 + 0.25*2008; 2020 lines (Daily Kos),0.0
HOU_KS_02_2016,2016,house,KS,2.0,0,0,"POTTER, BRITANI",D,"JENKINS, LYNN M.",96840.0,181228.0,19333.0,297401.0,34.83,1,R,R,"JENKINS, LYNN M.",0,1,1,1,6.5,"BALES, JAMES HOUSTON",Lbt,6.5,0,-8.462518023704558,0.75*2012 + 0.25*2008; 2020 lines (Daily Kos),0.0
HOU_KS_03_2016,2016,house,KS,3.0,0,0,"SIDIE, JAY",D,"YODER, KEVIN W.",139300.0,176022.0,27791.0,343113.0,44.18,1,R,R,"YODER, KEVIN W.",0,1,1,1,8.1,"HOHE, STEVEN A. (STEVE)",Lbt,8.1,0,-6.233880613565979,0.75*2012 + 0.25*2008; 2020 lines (Daily Kos),0.0
HOU_KS_04_2016,2016,house,KS,4.0,0,0,"GIROUX, DANIEL B. (DAN)",D,"POMPEO, MICHAEL RICHARD (MIKE)",81495.0,166998.0,26758.0,275251.0,32.8,1,R,R,"POMPEO, MICHAEL RICHARD (MIKE)",0,1,1,2,9.72,"ALLEN, MIRANDA",I,6.91,0,-14.67230493159506,0.75*2012 + 0.25*2008; 2020 lines (Daily Kos),0.0
HOU_KY_01_2016,2016,house,KY,1.0,0,0,"GASKINS, SAMUEL L. (SAM)",D,"COMER, JAMES R. (JAMIE), JR.",81710.0,216959.0,332.0,299001.0,27.36,1,R,,,1,1,1,1,0.11,"MCINTOSH, TERRY",Other,0.11,0,-18.648494948563883,0.75*2012 + 0.25*2008; 2020 lines (Daily Kos),0.0
HOU_KY_02_2016,2016,house,KY,2.0,0,0,,,"GUTHRIE, STEVEN (BRETT)",0.0,251825.0,0.0,251825.0,,0,R,R,"GUTHRIE, STEVEN (BRETT)",0,0,1,0,0.0,,,,0,-16.247024327373385,0.75*2012 + 0.25*2008; 2020 lines (Daily Kos),0.0
HOU_KY_03_2016,2016,house,KY,3.0,0,0,"YARMUTH, JOHN A.",D,"BRATCHER, HAROLD",212401.0,122093.0,0.0,334494.0,63.5,1,D,D,"YARMUTH, JOHN A.",0,1,1,0,0.0,,,,0,4.166494709237467,0.75*2012 + 0.25*2008; 2020 lines (Daily Kos),0.0
HOU_KY_04_2016,2016,house,KY,4.0,0,0,"SIDLE, CALVIN",D,"MASSIE, THOMAS H.",94065.0,233922.0,0.0,327987.0,28.68,1,R,R,"MASSIE, THOMAS H.",0,1,1,0,0.0,,,,0,-16.458092989740642,0.75*2012 + 0.25*2008; 2020 lines (Daily Kos),0.0
HOU_KY_05_2016,2016,house,KY,5.0,0,0,,,"ROGERS, HAROLD DALLAS (HAL)",0.0,221242.0,0.0,221242.0,,0,R,R,"ROGERS, HAROLD DALLAS (HAL)",0,0,1,0,0.0,,,,0,-26.667614195423567,0.75*2012 + 0.25*2008; 2020 lines (Daily Kos),0.0
HOU_KY_06_2016,2016,house,KY,6.0,0,0,"KEMPER, NANCY JO",D,"BARR, GARLAND (ANDY)",128728.0,202099.0,0.0,330827.0,38.91,1,R,R,"BARR, GARLAND (ANDY)",0,1,1,0,0.0,,,,0,-8.791383784799063,0.75*2012 + 0.25*2008; 2020 lines (Daily Kos),0.0
HOU_LA_01_2016,2016,house,LA,1.0,0,0,"DUGAS, LEE ANN; FAUST, DANIL EZEKIEL; SWIDER, JOSEPH (JOE)",D,"SCALISE, STEPHEN J. (STEVE)",63785.0,243645.0,28763.0,336193.0,20.75,1,R,R,"SCALISE, STEPHEN J. (STEVE)",0,3,1,4,8.56,"KEARNEY, HOWARD",Lbt,2.8,0,-25.370694955482925,0.75*2012 + 0.25*2008; 2020 lines (Daily Kos),0.0
HOU_LA_02_2016,2016,house,LA,2.0,0,0,"RICHMOND, CEDRIC L.; HOLDEN, MELVIN L. (KIP); CUTNO, KENNETH",D,,284269.0,0.0,0.0,284269.0,,0,D,D,"RICHMOND, CEDRIC L.",0,3,0,0,0.0,,,,0,23.768620010808224,0.75*2012 + 0.25*2008; 2020 lines (Daily Kos),0.0
HOU_LA_03_2016,2016,house,LA,3.0,0,0,,,"HIGGINS, CLAY; ANGELLE, SCOTT A.",0.0,138433.0,0.0,138433.0,,0,R,,,1,0,2,0,0.0,,,,1,-19.190016588033405,0.75*2012 + 0.25*2008; 2020 lines (Daily Kos),0.0
HOU_LA_04_2016,2016,house,LA,4.0,0,0,"JONES, J. MARSHALL, JR.",D,"JOHNSON, JAMES MICHAEL (MIKE)",46579.0,87370.0,0.0,133949.0,34.77,1,R,,,1,1,1,0,0.0,,,,1,-12.20328107753796,0.75*2012 + 0.25*2008; 2020 lines (Daily Kos),0.0
HOU_LA_05_2016,2016,house,LA,5.0,0,0,,,"ABRAHAM, RALPH LEE; BURKETTE, BILLY",0.0,255462.0,0.0,255462.0,,0,R,R,"ABRAHAM, RALPH LEE",0,0,2,0,0.0,,,,0,-14.530038538375994,0.75*2012 + 0.25*2008; 2020 lines (Daily Kos),0.0
HOU_LA_06_2016,2016,house,LA,6.0,0,0,"LIEBERMAN, RICHARD; SAMPSON, JERMAINE",D,"GRAVES, GARRET; BELL, ROBERT LAMAR (BOB)",79202.0,241075.0,10821.0,331098.0,24.73,1,R,R,"GRAVES, GARRET",0,2,2,2,3.27,"FONTANESI, RICHARD M.",Lbt,2.3,0,-20.16568582027296,0.75*2012 + 0.25*2008; 2020 lines (Daily Kos),0.0
HOU_MA_01_2016,2016,house,MA,1.0,0,0,"NEAL, RICHARD E.",D,,235803.0,0.0,85015.0,320818.0,,0,D,D,"NEAL, RICHARD E.",0,1,0,2,26.5,"MAYOCK, FREDERICK O.",I,17.92,0,12.770998993055972,0.75*2012 + 0.25*2008; 2020 lines (Daily Kos),0.0
HOU_MA_02_2016,2016,house,MA,2.0,0,0,"MCGOVERN, JAMES P. (JIM)",D,,275487.0,0.0,0.0,275487.0,,0,D,D,"MCGOVERN, JAMES P. (JIM)",0,1,0,0,0.0,,,,0,7.967202124738814,0.75*2012 + 0.25*2008; 2020 lines (Daily Kos),0.0
HOU_MA_03_2016,2016,house,MA,3.0,0,0,"TSONGAS, NICOLA S. (NIKI)",D,"WOFFORD, ROSEANN EHRHARD (ANN)",236713.0,107519.0,0.0,344232.0,68.77,1,D,D,"TSONGAS, NICOLA S. (NIKI)",0,1,1,0,0.0,,,,0,5.935919132779057,0.75*2012 + 0.25*2008; 2020 lines (Daily Kos),0.0
HOU_MA_04_2016,2016,house,MA,4.0,0,0,"KENNEDY, JOSEPH P. (JOE), III",D,"ROSA, DAVID A. (DAVE)",265823.0,113055.0,0.0,378878.0,70.16,1,D,D,"KENNEDY, JOSEPH P. (JOE), III",0,1,1,0,0.0,,,,0,6.475491197806934,0.75*2012 + 0.25*2008; 2020 lines (Daily Kos),0.0
HOU_MA_05_2016,2016,house,MA,5.0,0,0,"CLARK, KATHERINE M.",D,,285606.0,0.0,0.0,285606.0,,0,D,D,"CLARK, KATHERINE M.",0,1,0,0,0.0,,,,0,14.111919145198003,0.75*2012 + 0.25*2008; 2020 lines (Daily Kos),0.0
HOU_MA_06_2016,2016,house,MA,6.0,0,0,"MOULTON, SETH W.",D,,308923.0,0.0,0.0,308923.0,,0,D,D,"MOULTON, SETH W.",0,1,0,0,0.0,,,,0,3.648504018418444,0.75*2012 + 0.25*2008; 2020 lines (Daily Kos),0.0
HOU_MA_07_2016,2016,house,MA,7.0,0,0,"CAPUANO, MICHAEL E. (MIKE)",D,,253354.0,0.0,0.0,253354.0,,0,D,D,"CAPUANO, MICHAEL E. (MIKE)",0,1,0,0,0.0,,,,0,31.362639084243288,0.75*2012 + 0.25*2008; 2020 lines (Daily Kos),0.0
HOU_MA_08_2016,2016,house,MA,8.0,0,0,"LYNCH, STEPHEN F.",D,"BURKE, WILLIAM (BILL)",271019.0,102744.0,0.0,373763.0,72.51,1,D,D,"LYNCH, STEPHEN F.",0,1,1,0,0.0,,,,0,6.187868199555743,0.75*2012 + 0.25*2008; 2020 lines (Daily Kos),0.0
HOU_MA_09_2016,2016,house,MA,9.0,0,0,"KEATING, WILLIAM RICHARD (BILL)",D,"ALLIEGRO, MARK C.",211790.0,127803.0,39891.0,379484.0,62.37,1,D,D,"KEATING, WILLIAM RICHARD (BILL)",0,1,1,3,10.51,"HARRINGTON, PAUL J.",I,6.91,0,4.442046443258646,0.75*2012 + 0.25*2008; 2020 lines (Daily Kos),0.0
HOU_MD_01_2016,2016,house,MD,1.0,0,0,"WERNER, JOSEPH M. (JOE)",D,"HARRIS, ANDREW P. (ANDY)",103622.0,242574.0,15370.0,361566.0,29.93,1,R,R,"HARRIS, ANDREW P. (ANDY)",0,1,1,1,4.25,"BEERS, MATT",Lbt,4.25,0,-13.82540971750214,0.75*2012 + 0.25*2008; 2020 lines (Daily Kos),0.0
HOU_MD_02_2016,2016,house,MD,2.0,0,0,"RUPPERSBERGER, C.A. (DUTCH)",D,"MCDONOUGH, PATRICK L. (PAT)",192183.0,102577.0,14128.0,308888.0,65.2,1,D,D,"RUPPERSBERGER, C.A. (DUTCH)",0,1,1,1,4.57,"KASPRZAK, KRISTIN S.",Lbt,4.57,0,11.227747082123766,0.75*2012 + 0.25*2008; 2020 lines (Daily Kos),0.0
HOU_MD_03_2016,2016,house,MD,3.0,0,0,"SARBANES, JOHN P.",D,"PLASTER, MARK L.",214640.0,115048.0,9461.0,339149.0,65.1,1,D,D,"SARBANES, JOHN P.",0,1,1,1,2.79,"EZE, NNABU",Grn,2.79,0,9.41840416133741,0.75*2012 + 0.25*2008; 2020 lines (Daily Kos),0.0
HOU_MD_04_2016,2016,house,MD,4.0,0,0,"BROWN, ANTHONY G.",D,"MCDERMOTT, GEORGE EDWARD",237501.0,68670.0,13948.0,320119.0,77.57,1,D,,,1,1,1,2,4.36,"CLARK, KAMESHA T.",Grn,2.56,0,26.262488388890905,0.75*2012 + 0.25*2008; 2020 lines (Daily Kos),0.0
HOU_MD_05_2016,2016,house,MD,5.0,0,0,"HOYER, STENY HAMILTON",D,"ARNESS, MARK KENNETH",242989.0,105931.0,11078.0,359998.0,69.64,1,D,D,"HOYER, STENY HAMILTON",0,1,1,1,3.08,"SUMMERS, JASON",Lbt,3.08,0,14.377541170703124,0.75*2012 + 0.25*2008; 2020 lines (Daily Kos),0.0
HOU_MD_06_2016,2016,house,MD,6.0,0,0,"DELANEY, JOHN K.",D,"HOEBER, AMORETTA (AMIE)",185770.0,133081.0,12816.0,331667.0,58.26,1,D,D,"DELANEY, JOHN K.",0,1,1,3,3.86,"HOWSER, DAVID L.",Lbt,2.08,0,4.086235924947296,0.75*2012 + 0.25*2008; 2020 lines (Daily Kos),0.0
HOU_MD_07_2016,2016,house,MD,7.0,0,0,"CUMMINGS, ELIJAH E.",D,"VAUGHN, CORROGAN R.",238838.0,69556.0,9715.0,318109.0,77.45,1,D,D,"CUMMINGS, ELIJAH E.",0,1,1,1,3.05,"HOENIG, MYLES B.",Grn,3.05,0,24.874448759532868,0.75*2012 + 0.25*2008; 2020 lines (Daily Kos),0.0
HOU_MD_08_2016,2016,house,MD,8.0,0,0,"RASKIN, JAMIN B. (JAMIE)",D,"COX, DAN",220657.0,124651.0,18484.0,363792.0,63.9,1,D,,,1,1,1,2,5.08,"WALLACE, NANCY",Grn,3.08,0,10.938662857569096,0.75*2012 + 0.25*2008; 2020 lines (Daily Kos),0.0
HOU_ME_01_2016,2016,house,ME,1.0,0,0,"PINGREE, ROCHELLE M. (CHELLIE)",D,"HOLBROOK, MARK I.",227546.0,164569.0,276.0,392391.0,58.03,1,D,D,"PINGREE, ROCHELLE M. (CHELLIE)",0,1,1,1,0.07,"BOUCHARD, JAMES J.",Lbt,0.07,0,8.708335173166436,0.75*2012 + 0.25*2008; 2020 lines (Daily Kos),0.0
HOU_ME_02_2016,2016,house,ME,2.0,0,0,"CAIN, EMILY ANN",D,"POLIQUIN, BRUCE L.",159081.0,192878.0,224.0,352183.0,45.2,1,R,R,"POLIQUIN, BRUCE L.",0,1,1,1,0.06,"DRESSER, JAY PARKER",Other,0.06,0,2.291640636326181,0.75*2012 + 0.25*2008; 2020 lines (Daily Kos),0.0
HOU_MI_01_2016,2016,house,MI,1.0,0,0,"JOHNSON, LON",D,"BERGMAN, JACK",144334.0,197777.0,18160.0,360271.0,42.19,1,R,,,1,1,1,2,5.04,"BOSTOW, DIANE E.",Lbt,3.72,0,-5.418913810667307,0.75*2012 + 0.25*2008; 2020 lines (Daily Kos),0.0
HOU_MI_02_2016,2016,house,MI,2.0,0,0,"MURPHY, DENNIS B.",D,"HUIZENGA, WILLIAM P. (BILL)",110391.0,212508.0,16411.0,339310.0,34.19,1,R,R,"HUIZENGA, WILLIAM P. (BILL)",0,1,1,3,4.84,"HAAS, ERWIN J.",Lbt,2.4,0,-7.640133012832571,0.75*2012 + 0.25*2008; 2020 lines (Daily Kos),0.0
HOU_MI_03_2016,2016,house,MI,3.0,0,0,"SMITH, DOUGLAS",D,"AMASH, JUSTIN",128400.0,203545.0,10420.0,342365.0,38.68,1,R,R,"AMASH, JUSTIN",0,1,1,1,3.04,"GERRARD, TED",Other,3.04,0,-5.111965724320697,0.75*2012 + 0.25*2008; 2020 lines (Daily Kos),0.0
HOU_MI_04_2016,2016,house,MI,4.0,0,0,"WIRTH, DEBRA FREIDELL",D,"MOOLENAAR, JOHN R.",101277.0,194572.0,19902.0,315751.0,34.23,1,R,R,"MOOLENAAR, JOHN R.",0,1,1,4,6.3,"SCHWARTZ, LEONARD C.",Lbt,2.7,0,-5.356555129993984,0.75*2012 + 0.25*2008; 2020 lines (Daily Kos),0.0
HOU_MI_05_2016,2016,house,MI,5.0,0,0,"KILDEE, DANIEL TIMOTHY (DAN)",D,"HARDWICK, ALLEN D. (AL)",195279.0,112102.0,11910.0,319291.0,63.53,1,D,D,"KILDEE, DANIEL TIMOTHY (DAN)",0,1,1,2,3.73,"SLUKA, STEVE",Lbt,2.19,0,9.544820410471136,0.75*2012 + 0.25*2008; 2020 lines (Daily Kos),0.0
HOU_MI_06_2016,2016,house,MI,6.0,0,0,"CLEMENTS, PAUL",D,"UPTON, FREDERICK STEPHEN (FRED)",119980.0,193259.0,16326.0,329565.0,38.3,1,R,R,"UPTON, FREDERICK STEPHEN (FRED)",0,1,1,2,4.95,"WENKE, LORENCE R.",Lbt,4.93,0,-1.950410230357977,0.75*2012 + 0.25*2008; 2020 lines (Daily Kos),0.0
HOU_MI_07_2016,2016,house,MI,7.0,0,0,"DRISKELL, GRETCHEN D.",D,"WALBERG, TIMOTHY L. (TIM)",134010.0,184321.0,16476.0,334807.0,42.1,1,R,R,"WALBERG, TIMOTHY L. (TIM)",0,1,1,1,4.92,"PROCTOR, KENNETH L. (KEN)",Lbt,4.92,0,-3.188730308615717,0.75*2012 + 0.25*2008; 2020 lines (Daily Kos),0.0
HOU_MI_08_2016,2016,house,MI,8.0,0,0,"SHKRELI, SUZANNA",D,"BISHOP, MIKE",143791.0,205629.0,17548.0,366968.0,41.15,1,R,R,"BISHOP, MIKE",0,1,1,3,4.78,"WOOD, JEFF",Lbt,2.62,0,-2.9327139322983067,0.75*2012 + 0.25*2008; 2020 lines (Daily Kos),0.0
HOU_MI_09_2016,2016,house,MI,9.0,0,0,"LEVIN, SANDER M. (SANDY)",D,"MORSE, CHRISTOPHER R.",199661.0,128937.0,16177.0,344775.0,60.76,1,D,D,"LEVIN, SANDER M. (SANDY)",0,1,1,2,4.69,"ORLANDO, MATTHEW",Lbt,2.77,0,5.639839306900282,0.75*2012 + 0.25*2008; 2020 lines (Daily Kos),0.0
HOU_MI_10_2016,2016,house,MI,10.0,0,0,"ACCAVITTI, FRANK, JR.",D,"MITCHELL, PAUL",110112.0,215132.0,15739.0,340983.0,33.86,1,R,,,1,1,1,2,4.62,"GIOIA, LISA LANE",Lbt,3.11,0,-7.084939274409787,0.75*2012 + 0.25*2008; 2020 lines (Daily Kos),0.0
HOU_MI_11_2016,2016,house,MI,11.0,0,0,"KUMAR, ANIL",D,"TROTT, DAVID A. (DAVE)",152461.0,200872.0,26155.0,379488.0,43.15,1,R,R,"TROTT, DAVID A. (DAVE)",0,1,1,2,6.89,"BENTIVOLIO, KERRY",I,4.38,0,-4.249803784693074,0.75*2012 + 0.25*2008; 2020 lines (Daily Kos),0.0
HOU_MI_12_2016,2016,house,MI,12.0,0,0,"DINGELL, DEBBIE INSLEY",D,"JONES, JEFFREY W. (JEFF)",211378.0,96104.0,21049.0,328531.0,68.74,1,D,D,"DINGELL, DEBBIE INSLEY",0,1,1,3,6.41,"WALKOWICZ, GARY",Other,2.8,0,14.72994497304785,0.75*2012 + 0.25*2008; 2020 lines (Daily Kos),0.0
HOU_MI_13_2016,2016,house,MI,13.0,0,0,"CONYERS, JOHN, JR.",D,"GORMAN, JEFFREY A. (JEFF)",198771.0,40541.0,18483.0,257795.0,83.06,1,D,D,"CONYERS, JOHN, JR.",0,1,1,2,7.17,"HAYDEN, TIFFANY L.",Lbt,3.74,0,33.19474186276496,0.75*2012 + 0.25*2008; 2020 lines (Daily Kos),0.0
HOU_MI_14_2016,2016,house,MI,14.0,0,0,"LAWRENCE, BRENDA LUIENAR",D,"KLAUSNER, HOWARD",244135.0,58103.0,8736.0,310974.0,80.78,1,D,D,"LAWRENCE, BRENDA LUIENAR",0,1,1,2,2.81,"CRESWELL, GREGORY (GREG)",Lbt,1.57,0,29.226909522979604,0.75*2012 + 0.25*2008; 2020 lines (Daily Kos),0.0
HOU_MN_01_2016,2016,house,MN,1.0,0,0,"WALZ, TIMOTHY J. (TIM)",D,"HAGEDORN, JAMES (JIM)",169074.0,166526.0,0.0,335600.0,50.38,1,D,D,"WALZ, TIMOTHY J. (TIM)",0,1,1,0,0.0,,,,0,-1.4001520905059102,0.75*2012 + 0.25*2008; 2020 lines (Daily Kos),0.0
HOU_MN_02_2016,2016,house,MN,2.0,0,0,"CRAIG, ANGELA DAWN (ANGIE)",D,"LEWIS, JASON",167315.0,173970.0,28869.0,370154.0,49.03,1,R,,,1,1,1,1,7.8,"OVERBY, PAULA M.",Other,7.8,0,-2.060429079634213,0.75*2012 + 0.25*2008; 2020 lines (Daily Kos),0.0
HOU_MN_03_2016,2016,house,MN,3.0,0,0,"BONOFF, TERRI E.",D,"PAULSEN, ERIK",169243.0,223077.0,0.0,392320.0,43.14,1,R,R,"PAULSEN, ERIK",0,1,1,0,0.0,,,,0,-1.6723788184414308,0.75*2012 + 0.25*2008; 2020 lines (Daily Kos),0.0
HOU_MN_04_2016,2016,house,MN,4.0,0,0,"MCCOLLUM, BETTY",D,"RYAN, GREG",203299.0,121032.0,27152.0,351483.0,62.68,1,D,D,"MCCOLLUM, BETTY",0,1,1,1,7.72,"SINDT, SUSAN PENDERGAST",Other,7.72,0,11.329551556175204,0.75*2012 + 0.25*2008; 2020 lines (Daily Kos),0.0
HOU_MN_05_2016,2016,house,MN,5.0,0,0,"ELLISON, KEITH MAURICE",D,"DRAKE, FRANK NELSON",249964.0,80660.0,30759.0,361383.0,75.6,1,D,D,"ELLISON, KEITH MAURICE",0,1,1,1,8.51,"SCHULLER, DENNIS",Other,8.51,0,22.83879212434701,0.75*2012 + 0.25*2008; 2020 lines (Daily Kos),0.0
HOU_MN_06_2016,2016,house,MN,6.0,0,0,"SNYDER, DAVID",D,"EMMER, THOMAS (TOM)",123008.0,235380.0,0.0,358388.0,34.32,1,R,R,"EMMER, THOMAS (TOM)",0,1,1,0,0.0,,,,0,-9.63232048146407,0.75*2012 + 0.25*2008; 2020 lines (Daily Kos),0.0
HOU_MN_07_2016,2016,house,MN,7.0,0,0,"PETERSON, COLLIN CLARK",D,"HUGHES, DAVE",173589.0,156952.0,0.0,330541.0,52.52,1,D,D,"PETERSON, COLLIN CLARK",0,1,1,0,0.0,,,,0,-6.589372208406615,0.75*2012 + 0.25*2008; 2020 lines (Daily Kos),0.0
HOU_MN_08_2016,2016,house,MN,8.0,0,0,"NOLAN, RICHARD MICHAEL (RICK)",D,"MILLS, STEWART",179098.0,177089.0,0.0,356187.0,50.28,1,D,D,"NOLAN, RICHARD MICHAEL (RICK)",0,1,1,0,0.0,,,,0,0.7363024570638754,0.75*2012 + 0.25*2008; 2020 lines (Daily Kos),0.0
HOU_MO_01_2016,2016,house,MO,1.0,0,0,"CLAY, WILLIAM LACY (BILL), JR.",D,"BAILEY, STEVEN G.",236993.0,62714.0,14317.0,314024.0,79.07,1,D,D,"CLAY, WILLIAM LACY (BILL), JR.",0,1,1,1,4.56,"CUNNINGHAM, ROBB E.",Lbt,4.56,0,28.492443546611824,0.75*2012 + 0.25*2008; 2020 lines (Daily Kos),0.0
HOU_MO_02_2016,2016,house,MO,2.0,0,0,"OTTO, BILL",D,"WAGNER, ANN L.",155689.0,241954.0,15653.0,413296.0,39.15,1,R,R,"WAGNER, ANN L.",0,1,1,2,3.79,"HIGGINS, JAMES EDWARD (JIM)",Lbt,2.84,0,-9.211571757955168,0.75*2012 + 0.25*2008; 2020 lines (Daily Kos),0.0
HOU_MO_03_2016,2016,house,MO,3.0,0,0,"MILLER, KEVIN",D,"LUETKEMEYER, W. BLAINE",102891.0,249865.0,15567.0,368323.0,29.17,1,R,R,"LUETKEMEYER, W. BLAINE",0,1,1,2,4.23,"HOGAN, DAN",Lbt,3.25,0,-14.024050364556857,0.75*2012 + 0.25*2008; 2020 lines (Daily Kos),0.0
HOU_MO_04_2016,2016,house,MO,4.0,0,0,"CHRISTENSEN, GORDON D.",D,"HARTZLER, VICKY J.",92510.0,225348.0,14376.0,332234.0,29.1,1,R,R,"HARTZLER, VICKY J.",0,1,1,1,4.33,"BLISS, MARK",Lbt,4.33,0,-13.839289998642116,0.75*2012 + 0.25*2008; 2020 lines (Daily Kos),0.0
HOU_MO_05_2016,2016,house,MO,5.0,0,0,"CLEAVER, EMANUEL, II",D,"TURK, JACOB",190766.0,123771.0,9733.0,324270.0,60.65,1,D,D,"CLEAVER, EMANUEL, II",0,1,1,1,3.0,"WELBORN, ROY",Lbt,3.0,0,8.201146685232697,0.75*2012 + 0.25*2008; 2020 lines (Daily Kos),0.0
HOU_MO_06_2016,2016,house,MO,6.0,0,0,"BLACKWELL, DAVID M.",D,"GRAVES, SAMUEL B. (SAM), JR.",99692.0,238388.0,12364.0,350444.0,29.49,1,R,R,"GRAVES, SAMUEL B. (SAM), JR.",0,1,1,2,3.53,"MONCHIL, RUSS LEE",Lbt,2.32,0,-12.474217674131316,0.75*2012 + 0.25*2008; 2020 lines (Daily Kos),0.0
HOU_MO_07_2016,2016,house,MO,7.0,0,0,"WILLIAMS, GENEVIEVE (GEN)",D,"LONG, BILLY",92756.0,228692.0,17153.0,338601.0,28.86,1,R,R,"LONG, BILLY",0,1,1,1,5.07,"BRIXEY, BENJAMIN T.",Lbt,5.07,0,-20.228894247932324,0.75*2012 + 0.25*2008; 2020 lines (Daily Kos),0.0
HOU_MO_08_2016,2016,house,MO,8.0,0,0,"COWELL, DAVE",D,"SMITH, JASON T.",70009.0,229792.0,9070.0,308871.0,23.35,1,R,R,"SMITH, JASON T.",0,1,1,1,2.94,"SHELL, JONATHAN LEE",Lbt,2.94,0,-18.18801945578589,0.75*2012 + 0.25*2008; 2020 lines (Daily Kos),0.0
HOU_MS_01_2016,2016,house,MS,1.0,0,0,"OWENS, JACOB AARON",D,"KELLY, JOHN TRENT",83947.0,206455.0,10021.0,300423.0,28.91,1,R,R,"KELLY, JOHN TRENT",0,1,1,2,3.34,"WILSON, CHASE F.",Lbt,2.06,0,-15.14580078768422,0.75*2012 + 0.25*2008; 2020 lines (Daily Kos),0.0
HOU_MS_02_2016,2016,house,MS,2.0,0,0,"THOMPSON, BENNIE G.",D,"BOUIE, JOHN, II",192343.0,83542.0,10741.0,286626.0,69.72,1,D,D,"THOMPSON, BENNIE G.",0,1,1,2,3.75,"RAY, TROY",I,2.41,0,13.766163308133326,0.75*2012 + 0.25*2008; 2020 lines (Daily Kos),0.0
HOU_MS_03_2016,2016,house,MS,3.0,0,0,"QUINN, DENNIS C.",D,"HARPER, GREGG",96101.0,209490.0,10854.0,316445.0,31.45,1,R,R,"HARPER, GREGG",0,1,1,2,3.43,"GERRARD, ROGER I.",Other,2.75,0,-13.197122506227942,0.75*2012 + 0.25*2008; 2020 lines (Daily Kos),0.0
HOU_MS_04_2016,2016,house,MS,4.0,0,0,"GLADNEY, MARK",D,"PALAZZO, STEVEN MCCARTY",77505.0,181323.0,19951.0,278779.0,29.94,1,R,R,"PALAZZO, STEVEN MCCARTY",0,1,1,2,7.16,"MCCLUSKEY, RICHARD BLAKE",Lbt,5.27,0,-20.89951823890924,0.75*2012 + 0.25*2008; 2020 lines (Daily Kos),0.0
HOU_MT_01_2016,2016,house,MT,1.0,0,0,"JUNEAU, DENISE",D,"ZINKE, RYAN K.",205919.0,285358.0,16554.0,507831.0,41.92,1,R,R,"ZINKE, RYAN K.",0,1,1,1,3.26,"BRECKENRIDGE, RICK",Lbt,3.26,0,-8.033611068358631,0.75*2012 + 0.25*2008; 2020 lines (Daily Kos),0.0
HOU_NC_01_2016,2016,house,NC,1.0,0,0,"BUTTERFIELD, GEORGE K. (G.K.), JR.",D,"DEW, H. POWELL, JR.",240661.0,101567.0,8471.0,350699.0,70.32,1,D,D,"BUTTERFIELD, GEORGE K. (G.K.), JR.",0,1,1,1,2.42,"SUMMERELL, JOSEPH JOHN",Lbt,2.42,0,20.51,old course file (PS9 2016 values),0.0
HOU_NC_02_2016,2016,house,NC,2.0,0,0,"MCNEIL, JOHN PATRICK",D,"HOLDING, GEORGE E.B.",169082.0,221485.0,0.0,390567.0,43.29,1,R,R,"HOLDING, GEORGE E.B.",0,1,1,0,0.0,,,,0,-10.12,old course file (PS9 2016 values),0.0
HOU_NC_03_2016,2016,house,NC,3.0,0,0,"REEVES, ERNEST TYRONE",D,"JONES, WALTER B., JR.",106170.0,217531.0,0.0,323701.0,32.8,1,R,R,"JONES, WALTER B., JR.",0,1,1,0,0.0,,,,0,-11.35,old course file (PS9 2016 values),0.0
HOU_NC_04_2016,2016,house,NC,4.0,0,0,"PRICE, DAVID EUGENE",D,"GOOGE, JIANGXIU FU (SUE)",279380.0,130161.0,0.0,409541.0,68.22,1,D,D,"PRICE, DAVID EUGENE",0,1,1,0,0.0,,,,0,20.68,old course file (PS9 2016 values),0.0
HOU_NC_05_2016,2016,house,NC,5.0,0,0,"BRANNON, JOSHUA ETHAN (JOSH)",D,"FOXX, VIRGINIA ANN",147887.0,207625.0,0.0,355512.0,41.6,1,R,R,"FOXX, VIRGINIA ANN",0,1,1,0,0.0,,,,0,-11.58,old course file (PS9 2016 values),0.0
HOU_NC_06_2016,2016,house,NC,6.0,0,0,"GLIDEWELL, POWELL WATKINS (PETE), III",D,"WALKER, BRADLEY MARK",143167.0,207983.0,0.0,351150.0,40.77,1,R,R,"WALKER, BRADLEY MARK",0,1,1,0,0.0,,,,0,-10.45,old course file (PS9 2016 values),0.0
HOU_NC_07_2016,2016,house,NC,7.0,0,0,"CASTEEN, J. WESLEY",D,"ROUZER, DAVID CHESTON",135905.0,211801.0,0.0,347706.0,39.09,1,R,R,"ROUZER, DAVID CHESTON",0,1,1,0,0.0,,,,0,-11.72,old course file (PS9 2016 values),0.0
HOU_NC_08_2016,2016,house,NC,8.0,0,0,"MILLS, THOMAS MARTIN",D,"HUDSON, RICHARD L., JR.",133182.0,189863.0,0.0,323045.0,41.23,1,R,R,"HUDSON, RICHARD L., JR.",0,1,1,0,0.0,,,,0,-10.88,old course file (PS9 2016 values),0.0
HOU_NC_09_2016,2016,house,NC,9.0,0,0,"CANO, FERNANDO CHRISTIAN, JR.",D,"PITTENGER, ROBERT M.",139041.0,193452.0,0.0,332493.0,41.82,1,R,R,"PITTENGER, ROBERT M.",0,1,1,0,0.0,,,,0,-8.6099997,old course file (PS9 2016 values),0.0
HOU_NC_10_2016,2016,house,NC,10.0,0,0,"MILLARD, CARL ANDREW (ANDY)",D,"MCHENRY, PATRICK TIMOTHY",128919.0,220825.0,0.0,349744.0,36.86,1,R,R,"MCHENRY, PATRICK TIMOTHY",0,1,1,0,0.0,,,,0,-10.81,old course file (PS9 2016 values),0.0
HOU_NC_11_2016,2016,house,NC,11.0,0,0,"BRYSON, FREDERICK E. (RICK)",D,"MEADOWS, MARK R.",129103.0,230405.0,0.0,359508.0,35.91,1,R,R,"MEADOWS, MARK R.",0,1,1,0,0.0,,,,0,-13.38,old course file (PS9 2016 values),0.0
HOU_NC_12_2016,2016,house,NC,12.0,0,0,"ADAMS, ALMA SHEALEY",D,"THREATT, ARCHIE LEON",234115.0,115185.0,0.0,349300.0,67.02,1,D,D,"ADAMS, ALMA SHEALEY",0,1,1,0,0.0,,,,0,26.58,old course file (PS9 2016 values),0.0
HOU_NC_13_2016,2016,house,NC,13.0,0,0,"DAVIS, BRUCE EDWARD",D,"BUDD, THEODORE PAUL (TED)",156049.0,199443.0,0.0,355492.0,43.9,1,R,,,1,1,1,0,0.0,,,,0,-8.5900002,old course file (PS9 2016 values),0.0
HOU_ND_01_2016,2016,house,ND,1.0,0,0,"IRON EYES, CHASE",D,"CRAMER, KEVIN J.",80377.0,233980.0,23528.0,337885.0,25.57,1,R,R,"CRAMER, KEVIN J.",0,1,1,1,6.96,"SEAMAN, ROBERT J. (JACK)",Lbt,6.96,0,-11.145723197396348,0.75*2012 + 0.25*2008; 2020 lines (Daily Kos),0.0
HOU_NE_01_2016,2016,house,NE,1.0,0,0,"WIK, DANIEL M.",D,"FORTENBERRY, JEFFREY (JEFF)",83467.0,189771.0,0.0,273238.0,30.55,1,R,R,"FORTENBERRY, JEFFREY (JEFF)",0,1,1,0,0.0,,,,0,-10.098036093009885,0.75*2012 + 0.25*2008; 2020 lines (Daily Kos),0.0
HOU_NE_02_2016,2016,house,NE,2.0,0,0,"ASHFORD, BRAD",D,"BACON, DONALD JOHN (DON)",137602.0,141066.0,9640.0,288308.0,49.38,1,R,D,"ASHFORD, BRAD",0,1,1,1,3.34,"LAIRD, STEVEN C.",Lbt,3.34,0,-4.999163060747697,0.75*2012 + 0.25*2008; 2020 lines (Daily Kos),0.0
HOU_NE_03_2016,2016,house,NE,3.0,0,0,,,"SMITH, ADRIAN M.",0.0,226720.0,0.0,226720.0,,0,R,R,"SMITH, ADRIAN M.",0,0,1,0,0.0,,,,0,-23.25332558986226,0.75*2012 + 0.25*2008; 2020 lines (Daily Kos),0.0
HOU_NH_01_2016,2016,house,NH,1.0,0,0,"SHEA-PORTER, CAROL",D,"GUINTA, FRANK C.",162080.0,157176.0,46316.0,365572.0,50.77,1,D,R,"GUINTA, FRANK C.",0,1,1,3,12.67,"O'CONNOR, SHAWN PATRICK",I,9.5,0,-1.0341917476005018,0.75*2012 + 0.25*2008; 2020 lines (Daily Kos),0.0
HOU_NH_02_2016,2016,house,NH,2.0,0,0,"KUSTER, ANN MCLANE (ANNIE)",D,"LAWRENCE, JAMES H. (JIM), III",174495.0,158973.0,17088.0,350556.0,52.33,1,D,D,"KUSTER, ANN MCLANE (ANNIE)",0,1,1,1,4.87,"BABIARZ, JOHN J.",I,4.87,0,2.8433325349908585,0.75*2012 + 0.25*2008; 2020 lines (Daily Kos),0.0
HOU_NJ_01_2016,2016,house,NJ,1.0,0,0,"NORCROSS, DONALD W.",D,"PATTERSON, ROBERT W. (BOB)",183231.0,112388.0,9854.0,305473.0,61.98,1,D,D,"NORCROSS, DONALD W.",0,1,1,3,3.23,"TOMASZEWSKI, SCOT JOHN",Other,1.79,0,13.243835997900732,0.75*2012 + 0.25*2008; 2020 lines (Daily Kos),0.0
HOU_NJ_02_2016,2016,house,NJ,2.0,0,0,"COLE, DAVID H. (DAVE)",D,"LOBIONDO, FRANK A.",110838.0,176338.0,10619.0,297795.0,38.6,1,R,R,"LOBIONDO, FRANK A.",0,1,1,5,3.57,"ORDILLE, JOHN",Lbt,1.27,0,1.608642830939505,0.75*2012 + 0.25*2008; 2020 lines (Daily Kos),0.0
HOU_NJ_03_2016,2016,house,NJ,3.0,0,0,"LAVERGNE, FREDERICK JOHN",D,"MACARTHUR, TOM",127526.0,194596.0,5938.0,328060.0,39.59,1,R,R,"MACARTHUR, TOM",0,1,1,1,1.81,"BERLINSKI, LAWRENCE W. (LARRY), JR.",Other,1.81,0,-0.280157024463995,0.75*2012 + 0.25*2008; 2020 lines (Daily Kos),0.0
HOU_NJ_04_2016,2016,house,NJ,4.0,0,0,"PHILLIPSON, LORNA",D,"SMITH, CHRISTOPHER H. (CHRIS)",111532.0,211992.0,9160.0,332684.0,34.47,1,R,R,"SMITH, CHRISTOPHER H. (CHRIS)",0,1,1,2,2.75,"SCHROEDER, HENRY E. (HANK)",Other,1.76,0,-7.131901384525131,0.75*2012 + 0.25*2008; 2020 lines (Daily Kos),0.0
HOU_NJ_05_2016,2016,house,NJ,5.0,0,0,"GOTTHEIMER, JOSHUA S. (JOSH)",D,"GARRETT, E. SCOTT",172587.0,157690.0,7424.0,337701.0,52.26,1,D,R,"GARRETT, E. SCOTT",0,1,1,1,2.2,"BELUSIC, CLAUDIO",Lbt,2.2,0,-3.846079372344476,0.75*2012 + 0.25*2008; 2020 lines (Daily Kos),0.0
HOU_NJ_06_2016,2016,house,NJ,6.0,0,0,"PALLONE, FRANK J., JR.",D,"SONNEK-SCHMELZ, BRENT",167895.0,91908.0,3632.0,263435.0,64.62,1,D,D,"PALLONE, FRANK J., JR.",0,1,1,2,1.38,"MALLIAH, RAJIT B.",Grn,0.73,0,8.938404836355422,0.75*2012 + 0.25*2008; 2020 lines (Daily Kos),0.0
HOU_NJ_07_2016,2016,house,NJ,7.0,0,0,"JACOB, PETER",D,"LANCE, LEONARD",148188.0,185850.0,9597.0,343635.0,44.36,1,R,R,"LANCE, LEONARD",0,1,1,2,2.79,"O'NEILL, DAN",Lbt,1.55,0,-5.335324340559909,0.75*2012 + 0.25*2008; 2020 lines (Daily Kos),0.0
HOU_NJ_08_2016,2016,house,NJ,8.0,0,0,"SIRES, ALBIO",D,"KHAN, AGHA",134733.0,32337.0,7819.0,174889.0,80.64,1,D,D,"SIRES, ALBIO",0,1,1,2,4.47,"OLIVERA, PABLO R.",I,2.51,0,25.27242177728312,0.75*2012 + 0.25*2008; 2020 lines (Daily Kos),0.0
HOU_NJ_09_2016,2016,house,NJ,9.0,0,0,"PASCRELL, WILLIAM J. (BILL), JR.",D,"CASTILLO, HECTOR L.",162642.0,65376.0,5224.0,233242.0,71.33,1,D,D,"PASCRELL, WILLIAM J. (BILL), JR.",0,1,1,2,2.24,"RIVERA, DIEGO",Lbt,1.43,0,15.386964346755416,0.75*2012 + 0.25*2008; 2020 lines (Daily Kos),0.0
HOU_NJ_10_2016,2016,house,NJ,10.0,0,0,"PAYNE, DONALD M. (DON), JR.",D,"PINCKNEY, DAVID H.",190856.0,26450.0,5465.0,222771.0,87.83,1,D,D,"PAYNE, DONALD M. (DON), JR.",0,1,1,2,2.45,"MILLER, JOANNE",Other,1.67,0,35.200910595514905,0.75*2012 + 0.25*2008; 2020 lines (Daily Kos),0.0
HOU_NJ_11_2016,2016,house,NJ,11.0,0,0,"WENZEL, JOSEPH M. (JOE)",D,"FRELINGHUYSEN, RODNEY P.",130162.0,194299.0,10531.0,334992.0,40.12,1,R,R,"FRELINGHUYSEN, RODNEY P.",0,1,1,2,3.14,"DEPASQUALE, THOMAS",Other,2.11,0,-5.286557975310923,0.75*2012 + 0.25*2008; 2020 lines (Daily Kos),0.0
HOU_NJ_12_2016,2016,house,NJ,12.0,0,0,"WATSON COLEMAN, BONNIE",D,"UCCIO, STEVEN J.",181430.0,92407.0,14797.0,288634.0,66.25,1,D,D,"WATSON COLEMAN, BONNIE",0,1,1,5,5.13,"FORCHION, ROBERT EDWARD",Other,2.11,0,14.559743117784212,0.75*2012 + 0.25*2008; 2020 lines (Daily Kos),0.0
HOU_NM_01_2016,2016,house,NM,1.0,0,0,"GRISHAM, MICHELLE LUJAN",D,"PRIEM, RICHARD GREGORY",181088.0,96879.0,0.0,277967.0,65.15,1,D,D,"GRISHAM, MICHELLE LUJAN",0,1,1,0,0.0,,,,0,6.360394585034398,0.75*2012 + 0.25*2008; 2020 lines (Daily Kos),0.0
HOU_NM_02_2016,2016,house,NM,2.0,0,0,"SOULES, MERRIE LEE",D,"PEARCE, STEVAN E. (STEVE)",85232.0,143514.0,0.0,228746.0,37.26,1,R,R,"PEARCE, STEVAN E. (STEVE)",0,1,1,0,0.0,,,,0,-5.32316412457652,0.75*2012 + 0.25*2008; 2020 lines (Daily Kos),0.0
HOU_NM_03_2016,2016,house,NM,3.0,0,0,"LUJAN, BEN RAY, JR.",D,"ROMERO, MICHAEL H.",170612.0,102730.0,0.0,273342.0,62.42,1,D,D,"LUJAN, BEN RAY, JR.",0,1,1,0,0.0,,,,0,7.898498385600108,0.75*2012 + 0.25*2008; 2020 lines (Daily Kos),0.0
HOU_NV_01_2016,2016,house,NV,1.0,0,0,"TITUS, ALICE C. (DINA)",D,"PERRY, MARY",116537.0,54174.0,17641.0,188352.0,68.27,1,D,D,"TITUS, ALICE C. (DINA)",0,1,1,2,9.37,"D'SILVA, REUBEN",I,7.38,0,14.29503354197666,0.75*2012 + 0.25*2008; 2020 lines (Daily Kos),0.0
HOU_NV_02_2016,2016,house,NV,2.0,0,0,"EVANS, H.D. (CHIP)",D,"AMODEI, MARK EUGENE",115722.0,182676.0,14938.0,313336.0,38.78,1,R,R,"AMODEI, MARK EUGENE",0,1,1,2,4.77,"EVERHART, JOHN H.",Other,2.77,0,-5.388519339098504,0.75*2012 + 0.25*2008; 2020 lines (Daily Kos),0.0
HOU_NV_03_2016,2016,house,NV,3.0,0,0,"ROSEN, JACKLYN S. (JACKY)",D,"TARKANIAN, DANIEL JOHN (DANNY)",146869.0,142926.0,21168.0,310963.0,50.68,1,D,,,1,1,1,2,6.81,"MARKOWITZ, WARREN ROSS",Other,3.73,0,-1.0053922893746234,0.75*2012 + 0.25*2008; 2020 lines (Daily Kos),0.0
HOU_NV_04_2016,2016,house,NV,4.0,0,0,"KIHUEN, RUBEN J.",D,"HARDY, CRESENT",128985.0,118328.0,18533.0,265846.0,52.15,1,D,R,"HARDY, CRESENT",0,1,1,2,6.97,"BROWN, STEVE",Lbt,3.84,0,3.555480723257637,0.75*2012 + 0.25*2008; 2020 lines (Daily Kos),0.0
HOU_NY_01_2016,2016,house,NY,1.0,0,0,"THRONE-HOLST, ANNA E.",D,"ZELDIN, LEE M.",135278.0,188499.0,0.0,323777.0,41.78,1,R,R,"ZELDIN, LEE M.",0,1,1,0,0.0,,,,0,-1.7755298434922018,0.75*2012 + 0.25*2008; 2020 lines (Daily Kos),0.0
HOU_NY_02_2016,2016,house,NY,2.0,0,0,"GREGORY, DUWAYNE",D,"KING, PETER T. (PETE)",110938.0,181506.0,0.0,292444.0,37.93,1,R,R,"KING, PETER T. (PETE)",0,1,1,0,0.0,,,,0,-0.35275288115863,0.75*2012 + 0.25*2008; 2020 lines (Daily Kos),0.0
HOU_NY_03_2016,2016,house,NY,3.0,0,0,"SUOZZI, THOMAS R. (TOM)",D,"MARTINS, JACK M.",171775.0,152304.0,0.0,324079.0,53.0,1,D,,,1,1,1,0,0.0,,,,0,-0.4882440421600575,0.75*2012 + 0.25*2008; 2020 lines (Daily Kos),0.0
HOU_NY_04_2016,2016,house,NY,4.0,0,0,"RICE, KATHLEEN M.",D,"GURFEIN, DAVID H. (BULL)",186423.0,126438.0,0.0,312861.0,59.59,1,D,D,"RICE, KATHLEEN M.",0,1,1,0,0.0,,,,0,4.11542954077286,0.75*2012 + 0.25*2008; 2020 lines (Daily Kos),0.0
HOU_NY_05_2016,2016,house,NY,5.0,0,0,"MEEKS, GREGORY W.",D,"O'REILLY, MICHAEL A.",199815.0,30312.0,3587.0,233714.0,86.83,1,D,D,"MEEKS, GREGORY W.",0,1,1,1,1.53,"FRANCOIS, FRANK",Grn,1.53,0,37.30083433661747,0.75*2012 + 0.25*2008; 2020 lines (Daily Kos),0.0
HOU_NY_06_2016,2016,house,NY,6.0,0,0,"MENG, GRACE",D,"MAIO, DANNIEL S.",136506.0,50617.0,2123.0,189246.0,72.95,1,D,D,"MENG, GRACE",0,1,1,1,1.12,"BHATTI, HARIS",Other,1.12,0,14.98859016902138,0.75*2012 + 0.25*2008; 2020 lines (Daily Kos),0.0
HOU_NY_07_2016,2016,house,NY,7.0,0,0,"VELAZQUEZ, NYDIA M.",D,"ROMAGUERA, ALLAN E. (AL)",172146.0,17478.0,0.0,189624.0,90.78,1,D,D,"VELAZQUEZ, NYDIA M.",0,1,1,0,0.0,,,,0,35.93814486613801,0.75*2012 + 0.25*2008; 2020 lines (Daily Kos),0.0
HOU_NY_08_2016,2016,house,NY,8.0,0,0,"JEFFRIES, HAKEEM S.",D,,214595.0,0.0,15401.0,229996.0,,0,D,D,"JEFFRIES, HAKEEM S.",0,1,0,1,6.7,"CAVANAGH, DANIEL J.",Other,6.7,0,36.47948496978761,0.75*2012 + 0.25*2008; 2020 lines (Daily Kos),0.0
HOU_NY_09_2016,2016,house,NY,9.0,0,0,"CLARKE, YVETTE DIANE",D,,214189.0,0.0,17576.0,231765.0,,0,D,D,"CLARKE, YVETTE DIANE",0,1,0,1,7.58,"BELLONE, ALAN",Other,7.58,0,33.201969871485325,0.75*2012 + 0.25*2008; 2020 lines (Daily Kos),0.0
HOU_NY_10_2016,2016,house,NY,10.0,0,0,"NADLER, JERROLD L. (JERRY)",D,"ROSENTHAL, PHILIP J. (PHIL)",192371.0,53857.0,0.0,246228.0,78.13,1,D,D,"NADLER, JERROLD L. (JERRY)",0,1,1,0,0.0,,,,0,22.62099605865656,0.75*2012 + 0.25*2008; 2020 lines (Daily Kos),0.0
HOU_NY_11_2016,2016,house,NY,11.0,0,0,"REICHARD, RICHARD A.",D,"DONOVAN, DANIEL M. (DAN), JR.",85257.0,142934.0,3906.0,232097.0,37.36,1,R,R,"DONOVAN, DANIEL M. (DAN), JR.",0,1,1,1,1.68,"BARDEL, HENRY J. (HANK)",Grn,1.68,0,-1.1596959938000322,0.75*2012 + 0.25*2008; 2020 lines (Daily Kos),0.0
HOU_NY_12_2016,2016,house,NY,12.0,0,0,"MALONEY, CAROLYN B.",D,"ARDINI, ROBERT",244358.0,49399.0,0.0,293757.0,83.18,1,D,D,"MALONEY, CAROLYN B.",0,1,1,0,0.0,,,,0,26.398350861951783,0.75*2012 + 0.25*2008; 2020 lines (Daily Kos),0.0
HOU_NY_13_2016,2016,house,NY,13.0,0,0,"ESPAILLAT, ADRIANO",D,"EVANS, ROBERT ANTHONY (TONY)",207194.0,16089.0,10125.0,233408.0,92.79,1,D,,,1,1,1,2,4.34,"VILA RIVERA, DANIEL",Grn,3.53,0,42.56404337885432,0.75*2012 + 0.25*2008; 2020 lines (Daily Kos),0.0
HOU_NY_14_2016,2016,house,NY,14.0,0,0,"CROWLEY, JOSEPH (JOE)",D,"SPOTORNO, FRANK J.",147587.0,30545.0,0.0,178132.0,82.85,1,D,D,"CROWLEY, JOSEPH (JOE)",0,1,1,0,0.0,,,,0,27.85359016708718,0.75*2012 + 0.25*2008; 2020 lines (Daily Kos),0.0
HOU_NY_15_2016,2016,house,NY,15.0,0,0,"SERRANO, JOSE E.",D,"VEGA, ALEJANDRO",165688.0,6129.0,2104.0,173921.0,96.43,1,D,D,"SERRANO, JOSE E.",0,1,1,1,1.21,"RAMIREZ, EDUARDO",Other,1.21,0,43.98977849159,0.75*2012 + 0.25*2008; 2020 lines (Daily Kos),0.0
HOU_NY_16_2016,2016,house,NY,16.0,0,0,"ENGEL, ELIOT L.",D,,209857.0,0.0,11825.0,221682.0,,0,D,D,"ENGEL, ELIOT L.",0,1,0,1,5.33,"LAWRENCE, DERICKSON K.",Other,5.33,0,21.60445613988148,0.75*2012 + 0.25*2008; 2020 lines (Daily Kos),0.0
HOU_NY_17_2016,2016,house,NY,17.0,0,0,"LOWEY, NITA M.",D,,214530.0,0.0,0.0,214530.0,,0,D,D,"LOWEY, NITA M.",0,1,0,0,0.0,,,,0,5.442894958596534,0.75*2012 + 0.25*2008; 2020 lines (Daily Kos),0.0
HOU_NY_18_2016,2016,house,NY,18.0,0,0,"MALONEY, SEAN PATRICK",D,"OLIVA, PHIL",162060.0,129369.0,0.0,291429.0,55.61,1,D,D,"MALONEY, SEAN PATRICK",0,1,1,0,0.0,,,,0,-0.1599340116311992,0.75*2012 + 0.25*2008; 2020 lines (Daily Kos),0.0
HOU_NY_19_2016,2016,house,NY,19.0,0,0,"TEACHOUT, ZEPHYR R.",D,"FASO, JOHN J.",141224.0,166171.0,0.0,307395.0,45.94,1,R,,,1,1,1,0,0.0,,,,0,0.9227330779291054,0.75*2012 + 0.25*2008; 2020 lines (Daily Kos),0.0
HOU_NY_20_2016,2016,house,NY,20.0,0,0,"TONKO, PAUL DAVID",D,"VITOLLO, FRANCIS JOSEPH (JOE)",213018.0,100740.0,0.0,313758.0,67.89,1,D,D,"TONKO, PAUL DAVID",0,1,1,0,0.0,,,,0,7.705042767133419,0.75*2012 + 0.25*2008; 2020 lines (Daily Kos),0.0
HOU_NY_21_2016,2016,house,NY,21.0,0,0,"DERRICK, WILLIAM MIKE",D,"STEFANIK, ELISE M.",82161.0,177886.0,12452.0,272499.0,31.59,1,R,R,"STEFANIK, ELISE M.",0,1,1,1,4.57,"FUNICIELLO, MATTHEW J. (MATT)",Grn,4.57,0,0.5313382673850953,0.75*2012 + 0.25*2008; 2020 lines (Daily Kos),0.0
HOU_NY_22_2016,2016,house,NY,22.0,0,0,"MYERS, KIM A.",D,"TENNEY, CLAUDIA",114266.0,129444.0,34638.0,278348.0,46.89,1,R,,,1,1,1,1,12.44,"BABINEC, MARTIN",Other,12.44,0,-2.63994453798861,0.75*2012 + 0.25*2008; 2020 lines (Daily Kos),0.0
HOU_NY_23_2016,2016,house,NY,23.0,0,0,"PLUMB, JOHN F.",D,"REED, THOMAS W. (TOM), II",118584.0,161050.0,0.0,279634.0,42.41,1,R,R,"REED, THOMAS W. (TOM), II",0,1,1,0,0.0,,,,0,-2.810314187302261,0.75*2012 + 0.25*2008; 2020 lines (Daily Kos),0.0
HOU_NY_24_2016,2016,house,NY,24.0,0,0,"DEACON, COLLEEN",D,"KATKO, JOHN M.",119040.0,182761.0,0.0,301801.0,39.44,1,R,R,"KATKO, JOHN M.",0,1,1,0,0.0,,,,0,5.450651639620829,0.75*2012 + 0.25*2008; 2020 lines (Daily Kos),0.0
HOU_NY_25_2016,2016,house,NY,25.0,0,0,"SLAUGHTER, LOUISE MCINTOSH",D,"ASSINI, MARK W.",182950.0,142650.0,0.0,325600.0,56.19,1,D,D,"SLAUGHTER, LOUISE MCINTOSH",0,1,1,0,0.0,,,,0,7.335479358422578,0.75*2012 + 0.25*2008; 2020 lines (Daily Kos),0.0
HOU_NY_26_2016,2016,house,NY,26.0,0,0,"HIGGINS, BRIAN M.",D,"SCHRATZ, SHELLY",215289.0,73377.0,0.0,288666.0,74.58,1,D,D,"HIGGINS, BRIAN M.",0,1,1,0,0.0,,,,0,12.469428370192498,0.75*2012 + 0.25*2008; 2020 lines (Daily Kos),0.0
HOU_NY_27_2016,2016,house,NY,27.0,0,0,"KASTENBAUM, DIANA K.",D,"COLLINS, CHRISTOPHER C. (CHRIS)",107832.0,220885.0,0.0,328717.0,32.8,1,R,R,"COLLINS, CHRISTOPHER C. (CHRIS)",0,1,1,0,0.0,,,,0,-8.386802712928798,0.75*2012 + 0.25*2008; 2020 lines (Daily Kos),0.0
HOU_OH_01_2016,2016,house,OH,1.0,0,0,"YOUNG, MICHELE",D,"CHABOT, STEVEN J. (STEVE)",144644.0,210014.0,114.0,354772.0,40.78,1,R,R,"CHABOT, STEVEN J. (STEVE)",0,1,1,1,0.03,"KELLER, SHOLOM D.",Other,0.03,0,-5.358071675153212,0.75*2012 + 0.25*2008; 2020 lines (Daily Kos),0.0
HOU_OH_02_2016,2016,house,OH,2.0,0,0,"SMITH, WILLIAM R.",D,"WENSTRUP, BRAD R.",111694.0,221193.0,7392.0,340279.0,33.55,1,R,R,"WENSTRUP, BRAD R.",0,1,1,1,2.17,"EVERHARD, JANET",Other,2.17,0,-7.930101953189062,0.75*2012 + 0.25*2008; 2020 lines (Daily Kos),0.0
HOU_OH_03_2016,2016,house,OH,3.0,0,0,"BEATTY, JOYCE",D,"ADAMS, JOHN",199791.0,91560.0,0.0,291351.0,68.57,1,D,D,"BEATTY, JOYCE",0,1,1,0,0.0,,,,0,17.6213429106917,0.75*2012 + 0.25*2008; 2020 lines (Daily Kos),0.0
HOU_OH_04_2016,2016,house,OH,4.0,0,0,"GARRETT, JANET PATRICIA",D,"JORDAN, JAMES D. (JIM)",98981.0,210227.0,0.0,309208.0,32.01,1,R,R,"JORDAN, JAMES D. (JIM)",0,1,1,0,0.0,,,,0,-9.16659494166523,0.75*2012 + 0.25*2008; 2020 lines (Daily Kos),0.0
HOU_OH_05_2016,2016,house,OH,5.0,0,0,"NEU, JAMES L., JR.",D,"LATTA, ROBERT EDWARD (BOB)",100392.0,244599.0,0.0,344991.0,29.1,1,R,R,"LATTA, ROBERT EDWARD (BOB)",0,1,1,0,0.0,,,,0,-6.984349548612951,0.75*2012 + 0.25*2008; 2020 lines (Daily Kos),0.0
HOU_OH_06_2016,2016,house,OH,6.0,0,0,"LORENTZ, MICHAEL (MIKE)",D,"JOHNSON, BILL",88780.0,213975.0,0.0,302755.0,29.32,1,R,R,"JOHNSON, BILL",0,1,1,0,0.0,,,,0,-8.323469441336478,0.75*2012 + 0.25*2008; 2020 lines (Daily Kos),0.0
HOU_OH_07_2016,2016,house,OH,7.0,0,0,"RICH, ROY",D,"GIBBS, ROBERT (BOB)",89638.0,198221.0,21694.0,309553.0,31.14,1,R,R,"GIBBS, ROBERT (BOB)",0,1,1,1,7.01,"PHILLIP, DANIEL GEORGE (DAN)",Other,7.01,0,-6.599944155970063,0.75*2012 + 0.25*2008; 2020 lines (Daily Kos),0.0
HOU_OH_08_2016,2016,house,OH,8.0,0,0,"FOUGHT, STEVE",D,"DAVIDSON, WARREN",87794.0,223833.0,13879.0,325506.0,28.17,1,R,R,"DAVIDSON, WARREN",0,1,1,1,4.26,"HENDRICKS, DERRICK J.",Grn,4.26,0,-14.969681201592792,0.75*2012 + 0.25*2008; 2020 lines (Daily Kos),0.0
HOU_OH_09_2016,2016,house,OH,9.0,0,0,"KAPTUR, MARCIA C. (MARCY)",D,"LARSON, DONALD PHILLIP",193966.0,88427.0,0.0,282393.0,68.69,1,D,D,"KAPTUR, MARCIA C. (MARCY)",0,1,1,0,0.0,,,,0,15.997921458365454,0.75*2012 + 0.25*2008; 2020 lines (Daily Kos),0.0
HOU_OH_10_2016,2016,house,OH,10.0,0,0,"KLEPINGER, ROBERT P.",D,"TURNER, MICHAEL R. (MIKE)",109981.0,215724.0,10890.0,336595.0,33.77,1,R,R,"TURNER, MICHAEL R. (MIKE)",0,1,1,1,3.24,"MCMASTERS, THOMAS (TOM)",I,3.24,0,-3.180097419684148,0.75*2012 + 0.25*2008; 2020 lines (Daily Kos),0.0
HOU_OH_11_2016,2016,house,OH,11.0,0,0,"FUDGE, MARCIA L.",D,"GOLDSTEIN, BEVERLY A. (BEV)",242917.0,59769.0,0.0,302686.0,80.25,1,D,D,"FUDGE, MARCIA L.",0,1,1,0,0.0,,,,0,30.7149819740912,0.75*2012 + 0.25*2008; 2020 lines (Daily Kos),0.0
HOU_OH_12_2016,2016,house,OH,12.0,0,0,"ALBERTSON, EDWARD G. (ED)",D,"TIBERI, PATRICK J. (PAT)",112638.0,251266.0,13630.0,377534.0,30.95,1,R,R,"TIBERI, PATRICK J. (PAT)",0,1,1,2,3.61,"MANCHIK, JOE",Grn,3.57,0,-7.586907098798629,0.75*2012 + 0.25*2008; 2020 lines (Daily Kos),0.0
HOU_OH_13_2016,2016,house,OH,13.0,0,0,"RYAN, TIMOTHY J. (TIM)",D,"MORCKEL, RICHARD A.",208610.0,99377.0,0.0,307987.0,67.73,1,D,D,"RYAN, TIMOTHY J. (TIM)",0,1,1,0,0.0,,,,0,11.421242357093664,0.75*2012 + 0.25*2008; 2020 lines (Daily Kos),0.0
HOU_OH_14_2016,2016,house,OH,14.0,0,0,"WAGER, MICHAEL",D,"JOYCE, DAVID P.",130907.0,219191.0,171.0,350269.0,37.39,1,R,R,"JOYCE, DAVID P.",0,1,1,1,0.05,"JARVI, ANDREW",Other,0.05,0,-3.752324325782193,0.75*2012 + 0.25*2008; 2020 lines (Daily Kos),0.0
HOU_OH_15_2016,2016,house,OH,15.0,0,0,"WHARTON, RICHARD SCOTT",D,"STIVERS, STEVEN (STEVE)",113960.0,222847.0,0.0,336807.0,33.84,1,R,R,"STIVERS, STEVEN (STEVE)",0,1,1,0,0.0,,,,0,-5.339238077003888,0.75*2012 + 0.25*2008; 2020 lines (Daily Kos),0.0
HOU_OH_16_2016,2016,house,OH,16.0,0,0,"MUNDY, KEITH",D,"RENACCI, JAMES B. (JIM)",119830.0,225794.0,0.0,345624.0,34.67,1,R,R,"RENACCI, JAMES B. (JIM)",0,1,1,0,0.0,,,,0,-6.072846610053402,0.75*2012 + 0.25*2008; 2020 lines (Daily Kos),0.0
HOU_OK_01_2016,2016,house,OK,1.0,0,0,,,"BRIDENSTINE, JAMES FREDERICK (JIM)",0.0,0.0,0.0,0.0,,0,R,R,"BRIDENSTINE, JAMES FREDERICK (JIM)",0,0,1,0,,,,,0,-17.824222887451093,0.75*2012 + 0.25*2008; 2020 lines (Daily Kos),0.0
HOU_OK_02_2016,2016,house,OK,2.0,0,0,"HARRIS-TILL, JOSHUA",D,"MULLIN, MARKWAYNE",62387.0,189839.0,16644.0,268870.0,24.73,1,R,R,"MULLIN, MARKWAYNE",0,1,1,1,6.19,"MCCARTHY, JOHN",I,6.19,0,-19.73226709366995,0.75*2012 + 0.25*2008; 2020 lines (Daily Kos),0.0
HOU_OK_03_2016,2016,house,OK,3.0,0,0,"ROBBINS, FRANKIE L.",D,"LUCAS, FRANK D.",63090.0,227525.0,0.0,290615.0,21.71,1,R,R,"LUCAS, FRANK D.",0,1,1,0,0.0,,,,0,-26.122356518532136,0.75*2012 + 0.25*2008; 2020 lines (Daily Kos),0.0
HOU_OK_04_2016,2016,house,OK,4.0,0,0,"OWEN, CHRISTINA N.",D,"COLE, TOM JEFFREY",76472.0,204143.0,12574.0,293189.0,27.25,1,R,R,"COLE, TOM JEFFREY",0,1,1,1,4.29,"WHITE, R.C. SEVIER (BOB)",Lbt,4.29,0,-19.309619260041945,0.75*2012 + 0.25*2008; 2020 lines (Daily Kos),0.0
HOU_OK_05_2016,2016,house,OK,5.0,0,0,"MCAFFREY, AL",D,"RUSSELL, STEVEN DANE (STEVE)",103273.0,160184.0,17113.0,280570.0,39.2,1,R,R,"RUSSELL, STEVEN DANE (STEVE)",0,1,1,1,6.1,"KNIGHT, ZACHARY",Lbt,6.1,0,-11.667725909463671,0.75*2012 + 0.25*2008; 2020 lines (Daily Kos),0.0
HOU_OR_01_2016,2016,house,OR,1.0,0,0,"BONAMICI, SUZANNE",D,"HEINRICH, BRIAN J.",225391.0,139756.0,12257.0,377404.0,61.73,1,D,D,"BONAMICI, SUZANNE",0,1,1,1,3.25,"SHEAHAN, KYLE",Lbt,3.25,0,7.0136318639917485,0.75*2012 + 0.25*2008; 2020 lines (Daily Kos),0.0
HOU_OR_02_2016,2016,house,OR,2.0,0,0,"CRARY, JAMES A. (JIM)",D,"WALDEN, GREGORY PAUL (GREG)",106640.0,272952.0,0.0,379592.0,28.09,1,R,R,"WALDEN, GREGORY PAUL (GREG)",0,1,1,0,0.0,,,,0,-10.1204677755487,0.75*2012 + 0.25*2008; 2020 lines (Daily Kos),0.0
HOU_OR_03_2016,2016,house,OR,3.0,0,0,"BLUMENAUER, EARL",D,,274687.0,0.0,106132.0,380819.0,,0,D,D,"BLUMENAUER, EARL",0,1,0,2,27.87,"WALKER, DAVID W.",Other,20.52,0,22.15718432667185,0.75*2012 + 0.25*2008; 2020 lines (Daily Kos),0.0
HOU_OR_04_2016,2016,house,OR,4.0,0,0,"DEFAZIO, PETER A.",D,"ROBINSON, ARTHUR BROUHARD (ART)",220628.0,157743.0,18721.0,397092.0,58.31,1,D,D,"DEFAZIO, PETER A.",0,1,1,2,4.71,"BEILSTEIN, MIKE A.",Other,3.07,0,1.6559519406466634,0.75*2012 + 0.25*2008; 2020 lines (Daily Kos),0.0
HOU_OR_05_2016,2016,house,OR,5.0,0,0,"SCHRADER, KURT",D,"WILLIS, COLM",199505.0,160443.0,12542.0,372490.0,55.43,1,D,D,"SCHRADER, KURT",0,1,1,1,3.37,"SANDNES, MARVIN J.",Other,3.37,0,-0.0285020659321871,0.75*2012 + 0.25*2008; 2020 lines (Daily Kos),0.0
HOU_PA_01_2016,2016,house,PA,1.0,0,0,"BRADY, ROBERT A. (BOB)",D,"WILLIAMS, DEBORAH LORRAINE (DEBBIE)",245791.0,53219.0,0.0,299010.0,82.2,1,D,D,"BRADY, ROBERT A. (BOB)",0,1,1,0,0.0,,,,0,29.4,old course file (PS9 2016 values),0.0
HOU_PA_02_2016,2016,house,PA,2.0,0,0,"EVANS, DWIGHT",D,"JONES, JAMES A.",322514.0,35131.0,0.0,357645.0,90.18,1,D,,,1,1,1,0,0.0,,,,0,38.650002,old course file (PS9 2016 values),0.0
HOU_PA_03_2016,2016,house,PA,3.0,0,0,,,"KELLY, GEORGE J. (MIKE), JR.",0.0,244893.0,0.0,244893.0,,0,R,R,"KELLY, GEORGE J. (MIKE), JR.",0,0,1,0,0.0,,,,0,-7.9200001,old course file (PS9 2016 values),0.0
HOU_PA_04_2016,2016,house,PA,4.0,0,0,"BURKHOLDER, JOSHUA THOMAS (JOSH)",D,"PERRY, SCOTT GORDON",113372.0,220628.0,0.0,334000.0,33.94,1,R,R,"PERRY, SCOTT GORDON",0,1,1,0,0.0,,,,0,-9.4200001,old course file (PS9 2016 values),0.0
HOU_PA_05_2016,2016,house,PA,5.0,0,0,"TAYLOR, KERITH STRANO",D,"THOMPSON, GLENN WILLIAM (GT), JR.",101082.0,206761.0,0.0,307843.0,32.84,1,R,R,"THOMPSON, GLENN WILLIAM (GT), JR.",0,1,1,0,0.0,,,,0,-8.9300003,old course file (PS9 2016 values),0.0
HOU_PA_06_2016,2016,house,PA,6.0,0,0,"PARRISH, MICHAEL D. (MIKE)",D,"COSTELLO, RYAN A.",155000.0,207469.0,0.0,362469.0,42.76,1,R,R,"COSTELLO, RYAN A.",0,1,1,0,0.0,,,,0,-2.4200001,old course file (PS9 2016 values),0.0
HOU_PA_07_2016,2016,house,PA,7.0,0,0,"BALCHUNIS, MARY ELLEN",D,"MEEHAN, PATRICK L. (PAT)",153824.0,225678.0,0.0,379502.0,40.53,1,R,R,"MEEHAN, PATRICK L. (PAT)",0,1,1,0,0.0,,,,0,-2.3099999,old course file (PS9 2016 values),0.0
HOU_PA_08_2016,2016,house,PA,8.0,0,0,"SANTARSIERO, STEVEN J. (STEVE)",D,"FITZPATRICK, BRIAN K.",173555.0,207263.0,0.0,380818.0,45.57,1,R,,,1,1,1,0,0.0,,,,0,-1.48,old course file (PS9 2016 values),0.0
HOU_PA_09_2016,2016,house,PA,9.0,0,0,"HALVORSON, ARTHUR L. (ART)",D,"SHUSTER, WILLIAM F. (BILL)",107985.0,186580.0,0.0,294565.0,36.66,1,R,R,"SHUSTER, WILLIAM F. (BILL)",0,1,1,0,0.0,,,,0,-14.78,old course file (PS9 2016 values),0.0
HOU_PA_10_2016,2016,house,PA,10.0,0,0,"MOLESEVICH, MICHAEL M. (MIKE)",D,"MARINO, THOMAS ANTHONY (TOM)",89823.0,211282.0,0.0,301105.0,29.83,1,R,R,"MARINO, THOMAS ANTHONY (TOM)",0,1,1,0,0.0,,,,0,-12.42,old course file (PS9 2016 values),0.0
HOU_PA_11_2016,2016,house,PA,11.0,0,0,"MARSICANO, MICHAEL PAUL",D,"BARLETTA, LOUIS J. (LOU)",113800.0,199421.0,0.0,313221.0,36.33,1,R,R,"BARLETTA, LOUIS J. (LOU)",0,1,1,0,0.0,,,,0,-6.54,old course file (PS9 2016 values),0.0
HOU_PA_12_2016,2016,house,PA,12.0,0,0,"MCCLELLAND, ERIN R.",D,"ROTHFUS, KEITH JAMES",137353.0,221851.0,0.0,359204.0,38.24,1,R,R,"ROTHFUS, KEITH JAMES",0,1,1,0,0.0,,,,0,-9.9700003,old course file (PS9 2016 values),0.0
HOU_PA_13_2016,2016,house,PA,13.0,0,0,"BOYLE, BRENDAN F.",D,,239316.0,0.0,0.0,239316.0,,0,D,D,"BOYLE, BRENDAN F.",0,1,0,0,0.0,,,,0,13.99,old course file (PS9 2016 values),0.0
HOU_PA_14_2016,2016,house,PA,14.0,0,0,"DOYLE, MICHAEL F. (MIKE), JR.",D,"MCALLISTER, LEONARD FRANCIS (LENNY), JR.",255293.0,87999.0,0.0,343292.0,74.37,1,D,D,"DOYLE, MICHAEL F. (MIKE), JR.",0,1,1,0,0.0,,,,0,16.23,old course file (PS9 2016 values),0.0
HOU_PA_15_2016,2016,house,PA,15.0,0,0,"DAUGHERTY, RICHARD DAVID (RICK)",D,"DENT, CHARLES WIEDER (CHARLIE)",124129.0,190618.0,11727.0,326474.0,39.44,1,R,R,"DENT, CHARLES WIEDER (CHARLIE)",0,1,1,1,3.59,"RIZZO, PAUL",Lbt,3.59,0,-2.8099999,old course file (PS9 2016 values),0.0
HOU_PA_16_2016,2016,house,PA,16.0,0,0,"HARTMAN, CHRISTINA MARIE",D,"SMUCKER, LLOYD K.",134586.0,168669.0,10518.0,313773.0,44.38,1,R,,,1,1,1,1,3.35,"HOUSE, SHAWN PATRICK",Lbt,3.35,0,-4.6300001,old course file (PS9 2016 values),0.0
HOU_PA_17_2016,2016,house,PA,17.0,0,0,"CARTWRIGHT, MATTHEW A. (MATT)",D,"CONNOLLY, MATTHEW D. (MATT)",157734.0,135430.0,0.0,293164.0,53.8,1,D,D,"CARTWRIGHT, MATTHEW A. (MATT)",0,1,1,0,0.0,,,,0,4.1100001,old course file (PS9 2016 values),0.0
HOU_PA_18_2016,2016,house,PA,18.0,0,0,,,"MURPHY, TIMOTHY F. (TIM)",0.0,293684.0,0.0,293684.0,,0,R,R,"MURPHY, TIMOTHY F. (TIM)",0,0,1,0,0.0,,,,0,-10.24,old course file (PS9 2016 values),0.0
HOU_RI_01_2016,2016,house,RI,1.0,0,0,"CICILLINE, DAVID N.",D,"TAUB, HAROLD RUSSELL",130540.0,71023.0,0.0,201563.0,64.76,1,D,D,"CICILLINE, DAVID N.",0,1,1,0,0.0,,,,0,14.94460573681102,0.75*2012 + 0.25*2008; 2020 lines (Daily Kos),0.0
HOU_RI_02_2016,2016,house,RI,2.0,0,0,"LANGEVIN, JAMES R. (JIM)",D,"REIS, RHUE R.",133108.0,70301.0,25174.0,228583.0,65.44,1,D,D,"LANGEVIN, JAMES R. (JIM)",0,1,1,2,11.01,"JOHNSON, JEFFREY C. (JEFF)",I,7.1,0,8.526467839932199,0.75*2012 + 0.25*2008; 2020 lines (Daily Kos),0.0
HOU_SC_01_2016,2016,house,SC,1.0,0,0,"CHERNY, DIMITRI",D,"SANFORD, MARSHALL CLEMENT (MARK), JR.",119779.0,190410.0,14388.0,324577.0,38.61,1,R,R,"SANFORD, MARSHALL CLEMENT (MARK), JR.",0,1,1,2,4.43,"GRIER, MICHAEL, JR.",Lbt,3.58,0,-11.01812156897772,0.75*2012 + 0.25*2008; 2020 lines (Daily Kos),0.0
HOU_SC_02_2016,2016,house,SC,2.0,0,0,"BJORN, ARIK M.",D,"WILSON, ADDISON GRAVES (JOE)",109452.0,183746.0,11444.0,304642.0,37.33,1,R,R,"WILSON, ADDISON GRAVES (JOE)",0,1,1,1,3.76,"MCCAIN, EDDIE",Other,3.76,0,-12.48759052491061,0.75*2012 + 0.25*2008; 2020 lines (Daily Kos),0.0
HOU_SC_03_2016,2016,house,SC,3.0,0,0,"CLEVELAND, HOSEA",D,"DUNCAN, JEFFREY D. (JEFF)",73766.0,198431.0,0.0,272197.0,27.1,1,R,R,"DUNCAN, JEFFREY D. (JEFF)",0,1,1,0,0.0,,,,0,-17.701575219625582,0.75*2012 + 0.25*2008; 2020 lines (Daily Kos),0.0
HOU_SC_04_2016,2016,house,SC,4.0,0,0,"FEDALEI, CHRIS",D,"GOWDY, HAROLD WATSON (TREY), III",91676.0,198648.0,5103.0,295427.0,31.58,1,R,R,"GOWDY, HAROLD WATSON (TREY), III",0,1,1,1,1.73,"CHANDLER, MICHAEL",Other,1.73,0,-15.255756757996732,0.75*2012 + 0.25*2008; 2020 lines (Daily Kos),0.0
HOU_SC_05_2016,2016,house,SC,5.0,0,0,"PERSON, FRANCIS (FRAN)",D,"MULVANEY, JOHN MICHAEL (MICK)",115437.0,175909.0,6239.0,297585.0,39.62,1,R,R,"MULVANEY, JOHN MICHAEL (MICK)",0,1,1,1,2.1,"BARNES, RUDY, JR.",Other,2.1,0,-8.219252493401118,0.75*2012 + 0.25*2008; 2020 lines (Daily Kos),0.0
HOU_SC_06_2016,2016,house,SC,6.0,0,0,"CLYBURN, JAMES E. (JIM)",D,"STERLING, LAURA",177947.0,70099.0,5630.0,253676.0,71.74,1,D,D,"CLYBURN, JAMES E. (JIM)",0,1,1,2,2.22,"PIOTROWSKI, RICH",Lbt,1.23,0,18.9627948829635,0.75*2012 + 0.25*2008; 2020 lines (Daily Kos),0.0
HOU_SC_07_2016,2016,house,SC,7.0,0,0,"HYMAN, MAL",D,"RICE, HUGH THOMPSON (TOM), JR.",112744.0,176468.0,0.0,289212.0,38.98,1,R,R,"RICE, HUGH THOMPSON (TOM), JR.",0,1,1,0,0.0,,,,0,-7.331584364005621,0.75*2012 + 0.25*2008; 2020 lines (Daily Kos),0.0
HOU_SD_01_2016,2016,house,SD,1.0,0,0,"HAWKS, PAULA",D,"NOEM, KRISTI LYNN",132792.0,237141.0,0.0,369933.0,35.9,1,R,R,"NOEM, KRISTI LYNN",0,1,1,0,0.0,,,,0,-10.437912956237165,0.75*2012 + 0.25*2008; 2020 lines (Daily Kos),0.0
HOU_TN_01_2016,2016,house,TN,1.0,0,0,"BOHMS, ALAN",D,"ROE, DAVID PHILIP (PHIL)",39024.0,198293.0,15702.0,253019.0,16.44,1,R,R,"ROE, DAVID PHILIP (PHIL)",0,1,1,1,6.21,"FRANKLIN, ROBERT D.",I,6.21,0,-25.61963580111562,0.75*2012 + 0.25*2008; 2020 lines (Daily Kos),0.0
HOU_TN_02_2016,2016,house,TN,2.0,0,0,"STARR, STUART",D,"DUNCAN, JOHN J. (JIMMY), JR.",68401.0,212455.0,0.0,280856.0,24.35,1,R,R,"DUNCAN, JOHN J. (JIMMY), JR.",0,1,1,0,0.0,,,,0,-20.09624645848584,0.75*2012 + 0.25*2008; 2020 lines (Daily Kos),0.0
HOU_TN_03_2016,2016,house,TN,3.0,0,0,"SHEKARI, MELODY F.",D,"FLEISCHMANN, CHARLES J. (CHUCK)",76727.0,176613.0,12666.0,266006.0,30.29,1,R,R,"FLEISCHMANN, CHARLES J. (CHUCK)",0,1,1,3,4.76,"TYLER, RICK",I,1.92,0,-16.251548622446407,0.75*2012 + 0.25*2008; 2020 lines (Daily Kos),0.0
HOU_TN_04_2016,2016,house,TN,4.0,0,0,"REYNOLDS, STEVEN",D,"DESJARLAIS, SCOTT EUGENE",89141.0,165796.0,0.0,254937.0,34.97,1,R,R,"DESJARLAIS, SCOTT EUGENE",0,1,1,0,0.0,,,,0,-18.126435175572382,0.75*2012 + 0.25*2008; 2020 lines (Daily Kos),0.0
HOU_TN_05_2016,2016,house,TN,5.0,0,0,"COOPER, JAMES H. (JIM)",D,"SNYDER, STACY RIES",171111.0,102433.0,0.0,273544.0,62.55,1,D,D,"COOPER, JAMES H. (JIM)",0,1,1,0,0.0,,,,0,4.714293011604465,0.75*2012 + 0.25*2008; 2020 lines (Daily Kos),0.0
HOU_TN_06_2016,2016,house,TN,6.0,0,0,"KENT, DAVID W.",D,"BLACK, DIANE L.",61995.0,202234.0,20261.0,284490.0,23.46,1,R,R,"BLACK, DIANE L.",0,1,1,1,7.12,"ROSS, DAVID W.",I,7.12,0,-21.496889093018893,0.75*2012 + 0.25*2008; 2020 lines (Daily Kos),0.0
HOU_TN_07_2016,2016,house,TN,7.0,0,0,"CHANDLER, WILLIAM (THARON)",D,"BLACKBURN, MARSHA W.",65226.0,200407.0,11880.0,277513.0,24.55,1,R,R,"BLACKBURN, MARSHA W.",0,1,1,1,4.28,"LADNER, LEONARD D. (LENNY)",I,4.28,0,-18.21644470054545,0.75*2012 + 0.25*2008; 2020 lines (Daily Kos),0.0
HOU_TN_08_2016,2016,house,TN,8.0,0,0,"HOBSON, RICKEY",D,"KUSTOFF, DAVID",70925.0,194386.0,17422.0,282733.0,26.73,1,R,,,1,1,1,5,6.16,"GODWIN, SHEILA L.",I,2.28,0,-18.73658921260224,0.75*2012 + 0.25*2008; 2020 lines (Daily Kos),0.0
HOU_TN_09_2016,2016,house,TN,9.0,0,0,"COHEN, STEPHEN IRA (STEVE)",D,"ALBERSON, FLOYD WAYNE",171631.0,41123.0,5203.0,217957.0,80.67,1,D,D,"COHEN, STEPHEN IRA (STEVE)",0,1,1,1,2.39,"COOK, EDWARD PAUL",I,2.39,0,26.097492124403704,0.75*2012 + 0.25*2008; 2020 lines (Daily Kos),0.0
HOU_TX_01_2016,2016,house,TX,1.0,0,0,"MCKELLAR, SHIRLEY JONETTA",D,"GOHMERT, LOUIS (LOUIE)",62847.0,192434.0,5128.0,260409.0,24.62,1,R,R,"GOHMERT, LOUIS (LOUIE)",0,1,1,2,1.97,"GRAY, PHIL",Lbt,1.94,0,-23.96989365675252,0.75*2012 + 0.25*2008; 2020 lines (Daily Kos),0.0
HOU_TX_02_2016,2016,house,TX,2.0,0,0,"BRYAN, PAT",D,"POE, LLOYD (TED)",100231.0,168692.0,9313.0,278236.0,37.27,1,R,R,"POE, LLOYD (TED)",0,1,1,2,3.35,"VEASAW, JAMES B.",Lbt,2.31,0,-15.955353394806618,0.75*2012 + 0.25*2008; 2020 lines (Daily Kos),0.0
HOU_TX_03_2016,2016,house,TX,3.0,0,0,"BELL, ADAM P.",D,"JOHNSON, SAMUEL ROBERT (SAM)",109420.0,193684.0,13363.0,316467.0,36.1,1,R,R,"JOHNSON, SAMUEL ROBERT (SAM)",0,1,1,2,4.22,"JAMESON, SCOTT LANIER",Lbt,3.3,0,-16.954094432150747,0.75*2012 + 0.25*2008; 2020 lines (Daily Kos),0.0
HOU_TX_04_2016,2016,house,TX,4.0,0,0,,,"RATCLIFFE, JOHN LEE",0.0,216643.0,29577.0,246220.0,,0,R,R,"RATCLIFFE, JOHN LEE",0,0,1,1,12.01,"WOMMACK, CODY",Lbt,12.01,0,-26.22353317927285,0.75*2012 + 0.25*2008; 2020 lines (Daily Kos),0.0
HOU_TX_05_2016,2016,house,TX,5.0,0,0,,,"HENSARLING, THOMAS JEB",0.0,155469.0,37406.0,192875.0,,0,R,R,"HENSARLING, THOMAS JEB",0,0,1,1,19.39,"ASHBY, KENNETH (KEN)",Lbt,19.39,0,-16.971296081430907,0.75*2012 + 0.25*2008; 2020 lines (Daily Kos),0.0
HOU_TX_06_2016,2016,house,TX,6.0,0,0,"WOOLRIDGE, RUBY FAYE",D,"BARTON, JOE LINUS",106667.0,159444.0,7185.0,273296.0,40.08,1,R,R,"BARTON, JOE LINUS",0,1,1,1,2.63,"SMITH, DARREL, JR.",Grn,2.63,0,-10.840015132154022,0.75*2012 + 0.25*2008; 2020 lines (Daily Kos),0.0
HOU_TX_07_2016,2016,house,TX,7.0,0,0,"CARGAS, JAMES P.",D,"CULBERSON, JOHN ABNEY",111991.0,143542.0,0.0,255533.0,43.83,1,R,R,"CULBERSON, JOHN ABNEY",0,1,1,0,0.0,,,,0,-12.876495287504358,0.75*2012 + 0.25*2008; 2020 lines (Daily Kos),0.0
HOU_TX_08_2016,2016,house,TX,8.0,0,0,,,"BRADY, KEVIN P.",0.0,236379.0,0.0,236379.0,,0,R,R,"BRADY, KEVIN P.",0,0,1,0,0.0,,,,0,-29.345246402833503,0.75*2012 + 0.25*2008; 2020 lines (Daily Kos),0.0
HOU_TX_09_2016,2016,house,TX,9.0,0,0,"GREEN, ALEXANDER (AL)",D,"MARTIN, JEFF",152032.0,36491.0,0.0,188523.0,80.64,1,D,D,"GREEN, ALEXANDER (AL)",0,1,1,0,0.0,,,,0,25.67447329294668,0.75*2012 + 0.25*2008; 2020 lines (Daily Kos),0.0
HOU_TX_10_2016,2016,house,TX,10.0,0,0,"CADIEN, TAWANA W.",D,"MCCAUL, MICHAEL T.",120170.0,179221.0,13209.0,312600.0,40.14,1,R,R,"MCCAUL, MICHAEL T.",0,1,1,1,4.23,"KELSEY, BILL",Lbt,4.23,0,-11.947919746002578,0.75*2012 + 0.25*2008; 2020 lines (Daily Kos),0.0
HOU_TX_11_2016,2016,house,TX,11.0,0,0,,,"CONAWAY, K. MICHAEL (MIKE)",0.0,201871.0,23677.0,225548.0,,0,R,R,"CONAWAY, K. MICHAEL (MIKE)",0,0,1,1,10.5,"LANDHOLT, NICHOLAS",Lbt,10.5,0,-31.74785086011629,0.75*2012 + 0.25*2008; 2020 lines (Daily Kos),0.0
HOU_TX_12_2016,2016,house,TX,12.0,0,0,"BRADSHAW, BILL",D,"GRANGER, KAY",76029.0,196482.0,10604.0,283115.0,27.9,1,R,R,"GRANGER, KAY",0,1,1,1,3.75,"COLLIVER, EDWARD L. (ED)",Lbt,3.75,0,-19.388519250833784,0.75*2012 + 0.25*2008; 2020 lines (Daily Kos),0.0
HOU_TX_13_2016,2016,house,TX,13.0,0,0,,,"THORNBERRY, WILLIAM M. (MAC)",0.0,199050.0,22192.0,221242.0,,0,R,R,"THORNBERRY, WILLIAM M. (MAC)",0,0,1,2,10.03,"DEWEESE, CALVIN",Lbt,6.66,0,-32.76814828580958,0.75*2012 + 0.25*2008; 2020 lines (Daily Kos),0.0
HOU_TX_14_2016,2016,house,TX,14.0,0,0,"COLE, MICHAEL K., JR.",D,"WEBER, RANDY K., SR.",99054.0,160631.0,0.0,259685.0,38.14,1,R,R,"WEBER, RANDY K., SR.",0,1,1,0,0.0,,,,0,-11.862553537834504,0.75*2012 + 0.25*2008; 2020 lines (Daily Kos),0.0
HOU_TX_15_2016,2016,house,TX,15.0,0,0,"GONZALEZ, VICENTE",D,"WESTLEY, TIM",101712.0,66877.0,8890.0,177479.0,60.33,1,D,,,1,1,1,2,5.01,"TIJERINA, VANESSA STEPHANIE",Grn,3.07,0,5.519999994298885,0.75*2012 + 0.25*2008; 2020 lines (Daily Kos),0.0
HOU_TX_16_2016,2016,house,TX,16.0,0,0,"O'ROURKE, ROBERT (BETO)",D,,150228.0,0.0,25001.0,175229.0,,0,D,D,"O'ROURKE, ROBERT (BETO)",0,1,0,2,14.27,"PEREZ, JAIME O.",Lbt,9.98,0,12.583766665884124,0.75*2012 + 0.25*2008; 2020 lines (Daily Kos),0.0
HOU_TX_17_2016,2016,house,TX,17.0,0,0,"MATTA, WILLIAM B. (BILL)",D,"FLORES, WILLIAM H. (BILL)",86603.0,149417.0,9708.0,245728.0,36.69,1,R,R,"FLORES, WILLIAM H. (BILL)",0,1,1,1,3.95,"PATTERSON, CLARK",Lbt,3.95,0,-13.26256244997642,0.75*2012 + 0.25*2008; 2020 lines (Daily Kos),0.0
HOU_TX_18_2016,2016,house,TX,18.0,0,0,"JACKSON LEE, SHEILA",D,"BARTLEY, LORI ANITA",150157.0,48306.0,5845.0,204308.0,75.66,1,D,D,"JACKSON LEE, SHEILA",0,1,1,1,2.86,"KLEVEN, THOMAS",Grn,2.86,0,24.501889577739604,0.75*2012 + 0.25*2008; 2020 lines (Daily Kos),0.0
HOU_TX_19_2016,2016,house,TX,19.0,0,0,,,"ARRINGTON, JODEY C.",0.0,176314.0,27161.0,203475.0,,0,R,,,1,0,1,2,13.35,"BONAR, TROY ARTHUR",Lbt,8.54,0,-26.3728578641138,0.75*2012 + 0.25*2008; 2020 lines (Daily Kos),0.0
HOU_TX_20_2016,2016,house,TX,20.0,0,0,"CASTRO, JOAQUIN",D,,149640.0,0.0,38029.0,187669.0,,0,D,D,"CASTRO, JOAQUIN",0,1,0,2,20.26,"BLUNT, JEFFREY C.",Lbt,15.48,0,7.0878316716700205,0.75*2012 + 0.25*2008; 2020 lines (Daily Kos),0.0
HOU_TX_21_2016,2016,house,TX,21.0,0,0,"WAKELY, THOMAS J. (TOM)",D,"SMITH, LAMAR S.",129765.0,202967.0,23299.0,356031.0,39.0,1,R,R,"SMITH, LAMAR S.",0,1,1,2,6.54,"LOEWE, MARK",Lbt,4.14,0,-12.668609770114386,0.75*2012 + 0.25*2008; 2020 lines (Daily Kos),0.0
HOU_TX_22_2016,2016,house,TX,22.0,0,0,"GIBSON, MARK",D,"OLSON, PETER G. (PETE)",123679.0,181864.0,0.0,305543.0,40.48,1,R,R,"OLSON, PETER G. (PETE)",0,1,1,0,0.0,,,,0,-14.832240722349658,0.75*2012 + 0.25*2008; 2020 lines (Daily Kos),0.0
HOU_TX_23_2016,2016,house,TX,23.0,0,0,"GALLEGO, PETE P.",D,"HURD, WILL",107526.0,110577.0,10862.0,228965.0,49.3,1,R,R,"HURD, WILL",0,1,1,1,4.74,"CORVALAN, RUBEN S.",Lbt,4.74,0,-3.3863263612279493,0.75*2012 + 0.25*2008; 2020 lines (Daily Kos),0.0
HOU_TX_24_2016,2016,house,TX,24.0,0,0,"MCDOWELL, JAN",D,"MARCHANT, KENNY E. (KEN)",108389.0,154845.0,12401.0,275635.0,41.18,1,R,R,"MARCHANT, KENNY E. (KEN)",0,1,1,2,4.5,"KOLLS, MIKE",Lbt,3.13,0,-13.258754503285749,0.75*2012 + 0.25*2008; 2020 lines (Daily Kos),0.0
HOU_TX_25_2016,2016,house,TX,25.0,0,0,"THOMAS, KATHLEEN (KATHI)",D,"WILLIAMS, ROGER",117073.0,180988.0,12135.0,310196.0,39.28,1,R,R,"WILLIAMS, ROGER",0,1,1,1,3.91,"SCHNEIDERMAN, LOREN MARC",Lbt,3.91,0,-12.613618720057886,0.75*2012 + 0.25*2008; 2020 lines (Daily Kos),0.0
HOU_TX_26_2016,2016,house,TX,26.0,0,0,"MAUCK, ERIC",D,"BURGESS, MICHAEL C.",94507.0,211730.0,12843.0,319080.0,30.86,1,R,R,"BURGESS, MICHAEL C.",0,1,1,1,4.03,"BOLER, MARK",Lbt,4.03,0,-20.21451319749561,0.75*2012 + 0.25*2008; 2020 lines (Daily Kos),0.0
HOU_TX_27_2016,2016,house,TX,27.0,0,0,"BARRERA, RAUL (ROY)",D,"FARENTHOLD, RANDOLPH BLAKE",88329.0,142251.0,0.0,230580.0,38.31,1,R,R,"FARENTHOLD, RANDOLPH BLAKE",0,1,1,0,0.0,,,,0,-13.31483053531117,0.75*2012 + 0.25*2008; 2020 lines (Daily Kos),0.0
HOU_TX_28_2016,2016,house,TX,28.0,0,0,"CUELLAR, ENRIQUE ROBERTO (HENRY)",D,"HARDIN, ZEFFEN",122086.0,57740.0,4616.0,184442.0,67.89,1,D,D,"CUELLAR, ENRIQUE ROBERTO (HENRY)",0,1,1,1,2.5,"CARY, MICHAEL D.",Grn,2.5,0,7.909076903929694,0.75*2012 + 0.25*2008; 2020 lines (Daily Kos),0.0
HOU_TX_29_2016,2016,house,TX,29.0,0,0,"GREEN, RAYMOND EUGENE (GENE)",D,"GARZA, JULIO (1)",95649.0,31646.0,4687.0,131982.0,75.14,1,D,D,"GREEN, RAYMOND EUGENE (GENE)",0,1,1,2,3.55,"PEREZ, N. RUBEN",Lbt,2.45,0,13.199116702542629,0.75*2012 + 0.25*2008; 2020 lines (Daily Kos),0.0
HOU_TX_30_2016,2016,house,TX,30.0,0,0,"JOHNSON, EDDIE BERNICE",D,"LINGERFELT, CHARLES",170502.0,41518.0,6806.0,218826.0,80.42,1,D,D,"JOHNSON, EDDIE BERNICE",0,1,1,2,3.11,"WOODS, JARRETT RAB",Lbt,2.17,0,27.407873336166755,0.75*2012 + 0.25*2008; 2020 lines (Daily Kos),0.0
HOU_TX_31_2016,2016,house,TX,31.0,0,0,"CLARK, MIKE",D,"CARTER, JOHN R.",103852.0,166060.0,14676.0,284588.0,38.48,1,R,R,"CARTER, JOHN R.",0,1,1,1,5.16,"BALLARD, SCOTT J.",Lbt,5.16,0,-12.315201808437097,0.75*2012 + 0.25*2008; 2020 lines (Daily Kos),0.0
HOU_TX_32_2016,2016,house,TX,32.0,0,0,,,"SESSIONS, PETER A. (PETE)",0.0,162868.0,66303.0,229171.0,,0,R,R,"SESSIONS, PETER A. (PETE)",0,0,1,2,28.93,"RANKIN, ED",Lbt,18.98,0,-9.775930449135716,0.75*2012 + 0.25*2008; 2020 lines (Daily Kos),0.0
HOU_TX_33_2016,2016,house,TX,33.0,0,0,"VEASEY, MARC ALLISON",D,"MITCHELL, MONTE MARK",93147.0,33222.0,0.0,126369.0,73.71,1,D,D,"VEASEY, MARC ALLISON",0,1,1,0,0.0,,,,0,19.3140388573641,0.75*2012 + 0.25*2008; 2020 lines (Daily Kos),0.0
HOU_TX_34_2016,2016,house,TX,34.0,0,0,"VELA, FILEMON B., JR.",D,"GONZALEZ, REYNALDO (REY), JR.",104638.0,62323.0,0.0,166961.0,62.67,1,D,D,"VELA, FILEMON B., JR.",0,1,1,0,0.0,,,,0,8.690269815560702,0.75*2012 + 0.25*2008; 2020 lines (Daily Kos),0.0
HOU_TX_35_2016,2016,house,TX,35.0,0,0,"DOGGETT, LLOYD A., II",D,"NARVAIZ, SUSAN",124612.0,62384.0,10580.0,197576.0,66.64,1,D,D,"DOGGETT, LLOYD A., II",0,1,1,2,5.35,"SMITH, RHETT ROSENQUEST",Lbt,3.29,0,11.965764613495658,0.75*2012 + 0.25*2008; 2020 lines (Daily Kos),0.0
HOU_TX_36_2016,2016,house,TX,36.0,0,0,,,"BABIN, BRIAN",0.0,193675.0,24890.0,218565.0,,0,R,R,"BABIN, BRIAN",0,0,1,1,11.39,"RIDLEY, HAL J., JR.",Grn,11.39,0,-25.49381141446179,0.75*2012 + 0.25*2008; 2020 lines (Daily Kos),0.0
HOU_UT_01_2016,2016,house,UT,1.0,0,0,"CLEMENS, PETER CONOVER",D,"BISHOP, ROBERT WILLIAM (ROB)",73381.0,182928.0,21146.0,277455.0,28.63,1,R,R,"BISHOP, ROBERT WILLIAM (ROB)",0,1,1,2,7.62,"BOWDEN, CRAIG RICHARD",Lbt,5.87,0,-29.22949123376576,0.75*2012 + 0.25*2008; 2020 lines (Daily Kos),0.0
HOU_UT_02_2016,2016,house,UT,2.0,0,0,"ALBARRAN, CHARLENE MCARTHUR",D,"STEWART, CHRIS",93780.0,170542.0,12517.0,276839.0,35.48,1,R,R,"STEWART, CHRIS",0,1,1,1,4.52,"MCCOLLAUM, PAUL JEFF, JR.",Other,4.52,0,-19.999602292179844,0.75*2012 + 0.25*2008; 2020 lines (Daily Kos),0.0
HOU_UT_03_2016,2016,house,UT,3.0,0,0,"TRYON, STEPHEN P. (STEVE)",D,"CHAFFETZ, JASON",75716.0,209589.0,0.0,285305.0,26.54,1,R,R,"CHAFFETZ, JASON",0,1,1,0,0.0,,,,0,-29.89891926059707,0.75*2012 + 0.25*2008; 2020 lines (Daily Kos),0.0
HOU_UT_04_2016,2016,house,UT,4.0,0,0,"OWENS, H. DOUGLAS (DOUG)",D,"LOVE, MIA B.",113413.0,147597.0,13559.0,274569.0,43.45,1,R,R,"LOVE, MIA B.",0,1,1,1,4.94,"SIMONSEN, COLLIN ROBERT",Other,4.94,0,-18.636673057405304,0.75*2012 + 0.25*2008; 2020 lines (Daily Kos),0.0
HOU_VA_01_2016,2016,house,VA,1.0,0,0,"ROWE, MATT D.",D,"WITTMAN, ROBERT JOSEPH (ROB)",140785.0,230213.0,12866.0,383864.0,37.95,1,R,R,"WITTMAN, ROBERT JOSEPH (ROB)",0,1,1,1,3.35,"PARKER, GLENDA GAIL",I,3.35,0,-8.022098680735285,2012 only; 2020 lines (Daily Kos),0.0
HOU_VA_02_2016,2016,house,VA,2.0,0,0,"BROWN, SHAUN D.",D,"TAYLOR, SCOTT W.",119440.0,190475.0,0.0,309915.0,38.54,1,R,,,1,1,1,0,0.0,,,,0,-3.161955390901122,2012 only; 2020 lines (Daily Kos),0.0
HOU_VA_03_2016,2016,house,VA,3.0,0,0,"SCOTT, ROBERT CORTEZ (BOBBY)",D,"WILLIAMS, MARTY",208337.0,103289.0,0.0,311626.0,66.85,1,D,D,"SCOTT, ROBERT CORTEZ (BOBBY)",0,1,1,0,0.0,,,,0,16.318164427416125,2012 only; 2020 lines (Daily Kos),0.0
HOU_VA_04_2016,2016,house,VA,4.0,0,0,"MCEACHIN, ASTON DONALD",D,"WADE, MICHAEL L. (MIKE)",200136.0,145731.0,0.0,345867.0,57.87,1,D,,,1,1,1,0,0.0,,,,0,9.01738045260897,2012 only; 2020 lines (Daily Kos),0.0
HOU_VA_05_2016,2016,house,VA,5.0,0,0,"DITTMAR, JANE DESIMONE",D,"GARRETT, THOMAS A. (TOM), JR.",148339.0,207758.0,0.0,356097.0,41.66,1,R,,,1,1,1,0,0.0,,,,0,-5.399027674930568,2012 only; 2020 lines (Daily Kos),0.0
HOU_VA_06_2016,2016,house,VA,6.0,0,0,"DEGNER, KAI E.",D,"GOODLATTE, ROBERT W. (BOB)",112170.0,225471.0,0.0,337641.0,33.22,1,R,R,"GOODLATTE, ROBERT W. (BOB)",0,1,1,0,0.0,,,,0,-11.865967758970058,2012 only; 2020 lines (Daily Kos),0.0
HOU_VA_07_2016,2016,house,VA,7.0,0,0,"BEDELL, EILEEN M.",D,"BRAT, DAVID A. (DAVE)",160159.0,218057.0,0.0,378216.0,42.35,1,R,R,"BRAT, DAVID A. (DAVE)",0,1,1,0,0.0,,,,0,-7.341607749763773,2012 only; 2020 lines (Daily Kos),0.0
HOU_VA_08_2016,2016,house,VA,8.0,0,0,"BEYER, DONALD S. (DON), JR.",D,"HERNICK, CHARLES A.",246653.0,98387.0,14664.0,359704.0,71.49,1,D,D,"BEYER, DONALD S. (DON), JR.",0,1,1,1,4.08,"GRACIA, JULIO",I,4.08,0,16.59992925527225,2012 only; 2020 lines (Daily Kos),0.0
HOU_VA_09_2016,2016,house,VA,9.0,0,0,"KITTS, DEREK W.",D,"GRIFFITH, HOWARD MORGAN",87877.0,212838.0,9050.0,309765.0,29.22,1,R,R,"GRIFFITH, HOWARD MORGAN",0,1,1,1,2.92,"BOYD, JANICE ALLEN",I,2.92,0,-16.389309355223347,2012 only; 2020 lines (Daily Kos),0.0
HOU_VA_10_2016,2016,house,VA,10.0,0,0,"BENNETT, LUANN L.",D,"COMSTOCK, BARBARA JEAN",187712.0,210791.0,0.0,398503.0,47.1,1,R,R,"COMSTOCK, BARBARA JEAN",0,1,1,0,0.0,,,,0,-2.5813110329509783,2012 only; 2020 lines (Daily Kos),0.0
HOU_VA_11_2016,2016,house,VA,11.0,0,0,"CONNOLLY, GERALD EDWARD (GERRY)",D,,247818.0,0.0,0.0,247818.0,,0,D,D,"CONNOLLY, GERALD EDWARD (GERRY)",0,1,0,0,0.0,,,,0,11.233702787788523,2012 only; 2020 lines (Daily Kos),0.0
HOU_VT_01_2016,2016,house,VT,1.0,0,0,"WELCH, PETER F.",D,,264414.0,0.0,29410.0,293824.0,,0,D,D,"WELCH, PETER F.",0,1,0,1,10.01,"CLAWSON, ERICA",Other,10.01,0,15.9601277605656,0.75*2012 + 0.25*2008; 2020 lines (Daily Kos),0.0
HOU_WA_01_2016,2016,house,WA,1.0,0,0,"DELBENE, SUZAN K.",D,"SUTHERLAND, ROBERT J.",193619.0,155779.0,0.0,349398.0,55.42,1,D,D,"DELBENE, SUZAN K.",0,1,1,0,0.0,,,,0,3.5476824040558714,0.75*2012 + 0.25*2008; 2020 lines (Daily Kos),0.0
HOU_WA_02_2016,2016,house,WA,2.0,0,0,"LARSEN, RICHARD RAY (RICK)",D,"HENNEMANN, MARC",208314.0,117094.0,0.0,325408.0,64.02,1,D,D,"LARSEN, RICHARD RAY (RICK)",0,1,1,0,0.0,,,,0,8.64611143347247,0.75*2012 + 0.25*2008; 2020 lines (Daily Kos),0.0
HOU_WA_03_2016,2016,house,WA,3.0,0,0,"MOELLER, JAMES C. (JIM)",D,"HERRERA BEUTLER, JAIME",119820.0,193457.0,0.0,313277.0,38.25,1,R,R,"HERRERA BEUTLER, JAIME",0,1,1,0,0.0,,,,0,-2.5900584240743094,0.75*2012 + 0.25*2008; 2020 lines (Daily Kos),0.0
HOU_WA_04_2016,2016,house,WA,4.0,0,0,,,"NEWHOUSE, DANIEL (DAN); DIDIER, CLINT",0.0,229919.0,0.0,229919.0,,0,R,R,"NEWHOUSE, DANIEL (DAN)",0,0,2,0,0.0,,,,0,-13.344220162657312,0.75*2012 + 0.25*2008; 2020 lines (Daily Kos),0.0
HOU_WA_05_2016,2016,house,WA,5.0,0,0,"PAKOOTAS, JOSEPH A. (JOE)",D,"MCMORRIS RODGERS, CATHY",130575.0,192959.0,0.0,323534.0,40.36,1,R,R,"MCMORRIS RODGERS, CATHY",0,1,1,0,0.0,,,,0,-6.865383388569134,0.75*2012 + 0.25*2008; 2020 lines (Daily Kos),0.0
HOU_WA_06_2016,2016,house,WA,6.0,0,0,"KILMER, DEREK C.",D,"BLOOM, TODD A.",201718.0,126116.0,0.0,327834.0,61.53,1,D,D,"KILMER, DEREK C.",0,1,1,0,0.0,,,,0,5.370304823980854,0.75*2012 + 0.25*2008; 2020 lines (Daily Kos),0.0
HOU_WA_07_2016,2016,house,WA,7.0,0,0,"JAYAPAL, PRAMILA; WALKINSHAW, BRADY P.",D,,378754.0,0.0,0.0,378754.0,,0,D,,,1,2,0,0,0.0,,,,0,29.02529504741584,0.75*2012 + 0.25*2008; 2020 lines (Daily Kos),0.0
HOU_WA_08_2016,2016,house,WA,8.0,0,0,"VENTRELLA, TONY",D,"REICHERT, DAVID GEORGE (DAVE)",127720.0,193145.0,0.0,320865.0,39.8,1,R,R,"REICHERT, DAVID GEORGE (DAVE)",0,1,1,0,0.0,,,,0,-1.2516053461507777,0.75*2012 + 0.25*2008; 2020 lines (Daily Kos),0.0
HOU_WA_09_2016,2016,house,WA,9.0,0,0,"SMITH, D. ADAM",D,"BASLER, DOUGLAS MICHAEL (DOUG)",205165.0,76317.0,0.0,281482.0,72.89,1,D,D,"SMITH, D. ADAM",0,1,1,0,0.0,,,,0,17.287272352403356,0.75*2012 + 0.25*2008; 2020 lines (Daily Kos),0.0
HOU_WA_10_2016,2016,house,WA,10.0,0,0,"HECK, DENNIS L. (DENNY)",D,"POSTMA, JAMES LEE (JIM)",170460.0,120104.0,0.0,290564.0,58.67,1,D,D,"HECK, DENNIS L. (DENNY)",0,1,1,0,0.0,,,,0,5.465581595227103,0.75*2012 + 0.25*2008; 2020 lines (Daily Kos),0.0
HOU_WI_01_2016,2016,house,WI,1.0,0,0,"SOLEN, RYAN A.",D,"RYAN, PAUL D.",107003.0,230072.0,16915.0,353990.0,31.74,1,R,R,"RYAN, PAUL D.",0,1,1,2,4.78,"ZIMMERMAN, SPENCER",Other,2.66,0,-3.707221404769252,0.75*2012 + 0.25*2008; 2020 lines (Daily Kos),0.0
HOU_WI_02_2016,2016,house,WI,2.0,0,0,"POCAN, MARK",D,"THERON, DANIEL PETER",273537.0,124044.0,0.0,397581.0,68.8,1,D,D,"POCAN, MARK",0,1,1,0,0.0,,,,0,17.172566373365125,0.75*2012 + 0.25*2008; 2020 lines (Daily Kos),0.0
HOU_WI_03_2016,2016,house,WI,3.0,0,0,"KIND, RONALD JAMES (RON)",D,,257401.0,0.0,169.0,257570.0,,0,D,D,"KIND, RONALD JAMES (RON)",0,1,0,1,0.07,"PETERSON, RYAN",Other,0.07,0,4.299287963076251,0.75*2012 + 0.25*2008; 2020 lines (Daily Kos),0.0
HOU_WI_04_2016,2016,house,WI,4.0,0,0,"MOORE, GWENDOLYNNE S. (GWEN)",D,,220181.0,0.0,65677.0,285858.0,,0,D,D,"MOORE, GWENDOLYNNE S. (GWEN)",0,1,0,2,22.98,"RAYMOND, ROBERT R.",I,11.72,0,23.339001538985496,0.75*2012 + 0.25*2008; 2020 lines (Daily Kos),0.0
HOU_WI_05_2016,2016,house,WI,5.0,0,0,"PENEBAKER, KHARY",D,"SENSENBRENNER, FRANK JAMES (JIM), JR.",114477.0,260706.0,15324.0,390507.0,30.51,1,R,R,"SENSENBRENNER, FRANK JAMES (JIM), JR.",0,1,1,1,3.92,"ARNDT, JOHN",Lbt,3.92,0,-13.318475647550985,0.75*2012 + 0.25*2008; 2020 lines (Daily Kos),0.0
HOU_WI_06_2016,2016,house,WI,6.0,0,0,"LLOYD, SARAH",D,"GROTHMAN, GLENN S.",133072.0,204147.0,19716.0,356935.0,39.46,1,R,R,"GROTHMAN, GLENN S.",0,1,1,1,5.52,"DAHLKE, JEFF",I,5.52,0,-5.211952584546899,0.75*2012 + 0.25*2008; 2020 lines (Daily Kos),0.0
HOU_WI_07_2016,2016,house,WI,7.0,0,0,"HOEFT, MARY E.",D,"DUFFY, SEAN P.",138643.0,223418.0,0.0,362061.0,38.29,1,R,R,"DUFFY, SEAN P.",0,1,1,0,0.0,,,,0,-2.6250606719446585,0.75*2012 + 0.25*2008; 2020 lines (Daily Kos),0.0
HOU_WI_08_2016,2016,house,WI,8.0,0,0,"NELSON, THOMAS (TOM)",D,"GALLAGHER, MIKE",135682.0,227892.0,16.0,363590.0,37.32,1,R,,,1,1,1,1,0.0,"GRIBBEN, WENDY",Grn,0.0,0,-2.7590658773357783,0.75*2012 + 0.25*2008; 2020 lines (Daily Kos),0.0
HOU_WV_01_2016,2016,house,WV,1.0,0,0,"MANYPENNY, MICHAEL N. (MIKE), II",D,"MCKINLEY, DAVID B.",73534.0,163469.0,0.0,237003.0,31.03,1,R,R,"MCKINLEY, DAVID B.",0,1,1,0,0.0,,,,0,-14.603963437318871,0.75*2012 + 0.25*2008; 2020 lines (Daily Kos),0.0
HOU_WV_02_2016,2016,house,WV,2.0,0,0,"HUNT, MARK ALLEN",D,"MOONEY, ALEXANDER X. (ALEX)",101207.0,140807.0,0.0,242014.0,41.82,1,R,R,"MOONEY, ALEXANDER X. (ALEX)",0,1,1,0,0.0,,,,0,-12.253603954171412,0.75*2012 + 0.25*2008; 2020 lines (Daily Kos),0.0
HOU_WV_03_2016,2016,house,WV,3.0,0,0,"DETCH, MATTHEW P. (MATT)",D,"JENKINS, EVAN HOLLIN",49708.0,140741.0,16883.0,207332.0,26.1,1,R,R,"JENKINS, EVAN HOLLIN",0,1,1,1,8.14,"LAWHORN, ZANE R.",Lbt,8.14,0,-16.51491929400582,0.75*2012 + 0.25*2008; 2020 lines (Daily Kos),0.0
HOU_WY_01_2016,2016,house,WY,1.0,0,0,"GREENE, RYAN",D,"CHENEY, ELIZABETH (LIZ)",75466.0,156176.0,19395.0,251037.0,32.58,1,R,,,1,1,1,2,7.73,"CUMMINGS, DANIEL CLYDE (DAN)",Other,4.13,0,-22.46109314147694,0.75*2012 + 0.25*2008; 2020 lines (Daily Kos),0.0
HOU_AK_01_2018,2018,house,AK,1.0,0,1,"GALVIN, ALYSE S.",D,"YOUNG, DONALD E. (DON)",131199.0,149779.0,0.0,280978.0,46.69,1,R,R,"YOUNG, DONALD E. (DON)",0,1,1,0,0.0,,,,0,-9.492416791684816,0.75*2016 + 0.25*2012; 2020 lines (Daily Kos),0.0
HOU_AL_01_2018,2018,house,AL,1.0,0,1,"KENNEDY, ROBERT, JR.",D,"BYRNE, BRADLEY R.",89226.0,153228.0,0.0,242454.0,36.8,1,R,R,"BYRNE, BRADLEY R.",0,1,1,0,0.0,,,,0,-15.763477117190249,0.75*2016 + 0.25*2012; 2020 lines (Daily Kos),0.0
HOU_AL_02_2018,2018,house,AL,2.0,0,1,"ISNER, TABITHA",D,"ROBY, MARTHA D.",86931.0,138879.0,0.0,225810.0,38.5,1,R,R,"ROBY, MARTHA D.",0,1,1,0,0.0,,,,0,-16.929274009752014,0.75*2016 + 0.25*2012; 2020 lines (Daily Kos),0.0
HOU_AL_03_2018,2018,house,AL,3.0,0,1,"HAGAN, MALLORY",D,"ROGERS, MICHAEL DENNIS (MIKE)",83996.0,147770.0,0.0,231766.0,36.24,1,R,R,"ROGERS, MICHAEL DENNIS (MIKE)",0,1,1,0,0.0,,,,0,-17.25539514666918,0.75*2016 + 0.25*2012; 2020 lines (Daily Kos),0.0
HOU_AL_04_2018,2018,house,AL,4.0,0,1,"AUMAN, JAMES LEE",D,"ADERHOLT, ROBERT BROWN",46492.0,184255.0,0.0,230747.0,20.15,1,R,R,"ADERHOLT, ROBERT BROWN",0,1,1,0,0.0,,,,0,-31.931122288769554,0.75*2016 + 0.25*2012; 2020 lines (Daily Kos),0.0
HOU_AL_05_2018,2018,house,AL,5.0,0,1,"JOFFRION, PETER",D,"BROOKS, MORRIS J. (MO), JR.",101388.0,159063.0,0.0,260451.0,38.93,1,R,R,"BROOKS, MORRIS J. (MO), JR.",0,1,1,0,0.0,,,,0,-18.07378528726696,0.75*2016 + 0.25*2012; 2020 lines (Daily Kos),0.0
HOU_AL_06_2018,2018,house,AL,6.0,0,1,"KLINE, DANNER",D,"PALMER, GARY J.",85644.0,192542.0,0.0,278186.0,30.79,1,R,R,"PALMER, GARY J.",0,1,1,0,0.0,,,,0,-24.936616297600573,0.75*2016 + 0.25*2012; 2020 lines (Daily Kos),0.0
HOU_AL_07_2018,2018,house,AL,7.0,0,1,"SEWELL, TERRYCINA ANDREA (TERRI)",D,,185010.0,0.0,0.0,185010.0,,0,D,D,"SEWELL, TERRYCINA ANDREA (TERRI)",0,1,0,0,0.0,,,,0,19.99924225273797,0.75*2016 + 0.25*2012; 2020 lines (Daily Kos),0.0
HOU_AR_01_2018,2018,house,AR,1.0,0,1,"DESAI, CHINTAN",D,"CRAWFORD, ERIC ALAN (RICK)",57907.0,138757.0,4581.0,201245.0,29.44,1,R,R,"CRAWFORD, ERIC ALAN (RICK)",0,1,1,1,2.28,"PRESLEY, ELVIS D.",Lbt,2.28,0,-18.255424246491824,0.75*2016 + 0.25*2012; 2020 lines (Daily Kos),0.0
HOU_AR_02_2018,2018,house,AR,2.0,0,1,"TUCKER, CLARKE",D,"HILL, JAMES FRENCH",116135.0,132125.0,5193.0,253453.0,46.78,1,R,R,"HILL, JAMES FRENCH",0,1,1,1,2.05,"SWAFFORD, JOE RYNE",Lbt,2.05,0,-7.16277805648012,0.75*2016 + 0.25*2012; 2020 lines (Daily Kos),0.0
HOU_AR_03_2018,2018,house,AR,3.0,0,1,"MAHONY, JOSH",D,"WOMACK, STEPHEN ALLEN (STEVE)",74952.0,148717.0,5899.0,229568.0,33.51,1,R,R,"WOMACK, STEPHEN ALLEN (STEVE)",0,1,1,1,2.57,"KALAGIAS, MICHAEL J.",Lbt,2.57,0,-18.492290019876,0.75*2016 + 0.25*2012; 2020 lines (Daily Kos),0.0
HOU_AR_04_2018,2018,house,AR,4.0,0,1,"SHAMEL, HAYDEN CATHERINE",D,"WESTERMAN, BRUCE",63984.0,136740.0,3952.0,204676.0,31.88,1,R,R,"WESTERMAN, BRUCE",0,1,1,1,1.93,"CANADA, TOM",Lbt,1.93,0,-17.58483562922944,0.75*2016 + 0.25*2012; 2020 lines (Daily Kos),0.0
HOU_AZ_01_2018,2018,house,AZ,1.0,0,1,"O'HALLERAN, TOM C.",D,"ROGERS, WENDY",143240.0,122784.0,65.0,266089.0,53.84,1,D,D,"O'HALLERAN, TOM C.",0,1,1,1,0.02,"SHOCK, DAVID",Other,0.02,0,-2.121386904470665,0.75*2016 + 0.25*2012; 2020 lines (Daily Kos),0.0
HOU_AZ_02_2018,2018,house,AZ,2.0,0,1,"KIRKPATRICK, ANN",D,"PETERSON, LEA MARQUEZ",161000.0,133083.0,69.0,294152.0,54.75,1,D,,,1,1,1,2,0.02,"FLAYER, JORDAN",Other,0.02,0,0.3756954980333572,0.75*2016 + 0.25*2012; 2020 lines (Daily Kos),0.0
HOU_AZ_03_2018,2018,house,AZ,3.0,0,1,"GRIJALVA, RAUL M.",D,"PIERSON, NICOLAS (NICK)",114650.0,64868.0,0.0,179518.0,63.87,1,D,D,"GRIJALVA, RAUL M.",0,1,1,0,0.0,,,,0,13.552861333425245,0.75*2016 + 0.25*2012; 2020 lines (Daily Kos),0.0
HOU_AZ_04_2018,2018,house,AZ,4.0,0,1,"BRILL, DAVID",D,"GOSAR, PAUL ANTHONY",84521.0,188842.0,3672.0,277035.0,30.92,1,R,R,"GOSAR, PAUL ANTHONY",0,1,1,1,1.33,"KNAUER, HARYAKSHA GREGOR",Grn,1.33,0,-21.791455824233463,0.75*2016 + 0.25*2012; 2020 lines (Daily Kos),0.0
HOU_AZ_05_2018,2018,house,AZ,5.0,0,1,"GREENE, JOAN",D,"BIGGS, ANDY",127027.0,186037.0,0.0,313064.0,40.58,1,R,R,"BIGGS, ANDY",0,1,1,0,0.0,,,,0,-13.500032899740312,0.75*2016 + 0.25*2012; 2020 lines (Daily Kos),0.0
HOU_AZ_06_2018,2018,house,AZ,6.0,0,1,"MALIK, ANITA",D,"SCHWEIKERT, DAVID",140559.0,173140.0,0.0,313699.0,44.81,1,R,R,"SCHWEIKERT, DAVID",0,1,1,0,0.0,,,,0,-7.950850386879756,0.75*2016 + 0.25*2012; 2020 lines (Daily Kos),0.0
HOU_AZ_07_2018,2018,house,AZ,7.0,0,1,"GALLEGO, RUBEN",D,,113044.0,0.0,19007.0,132051.0,,0,D,D,"GALLEGO, RUBEN",0,1,0,2,14.39,"SWING, GARY WARREN",Grn,14.17,0,23.884002570961407,0.75*2016 + 0.25*2012; 2020 lines (Daily Kos),0.0
HOU_AZ_08_2018,2018,house,AZ,8.0,0,1,"TIPIRNENI, HIRAL",D,"LESKO, DEBBIE",135569.0,168835.0,13.0,304417.0,44.54,1,R,R,"LESKO, DEBBIE",0,1,1,1,0.0,"HUMMEL, STEVEN",Other,0.0,0,-12.857429429517646,0.75*2016 + 0.25*2012; 2020 lines (Daily Kos),0.0
HOU_AZ_09_2018,2018,house,AZ,9.0,0,1,"STANTON, GREG",D,"FERRARA, STEPHEN L.",159583.0,101662.0,0.0,261245.0,61.09,1,D,,,1,1,1,0,0.0,,,,0,5.737092966887258,0.75*2016 + 0.25*2012; 2020 lines (Daily Kos),0.0
HOU_CA_01_2018,2018,house,CA,1.0,0,1,"DENNEY, AUDREY",D,"LAMALFA, DOUG",131548.0,160046.0,0.0,291594.0,45.11,1,R,R,"LAMALFA, DOUG",0,1,1,0,0.0,,,,0,-11.417732305076823,0.75*2016 + 0.25*2012; 2020 lines (Daily Kos),0.0
HOU_CA_02_2018,2018,house,CA,2.0,0,1,"HUFFMAN, JARED WILLIAM",D,"MENSING, DALE K.",243081.0,72576.0,0.0,315657.0,77.01,1,D,D,"HUFFMAN, JARED WILLIAM",0,1,1,0,0.0,,,,0,22.649598349539765,0.75*2016 + 0.25*2012; 2020 lines (Daily Kos),0.0
HOU_CA_03_2018,2018,house,CA,3.0,0,1,"GARAMENDI, JOHN R.",D,"SCHAUPP, CHARLES EUGENE",134875.0,97376.0,0.0,232251.0,58.07,1,D,D,"GARAMENDI, JOHN R.",0,1,1,0,0.0,,,,0,5.1240879439394345,0.75*2016 + 0.25*2012; 2020 lines (Daily Kos),0.0
HOU_CA_04_2018,2018,house,CA,4.0,0,1,"MORSE, JESSICA",D,"MCCLINTOCK, THOMAS MILLER (TOM), II",156253.0,184401.0,0.0,340654.0,45.87,1,R,R,"MCCLINTOCK, THOMAS MILLER (TOM), II",0,1,1,0,0.0,,,,0,-9.657136380133542,0.75*2016 + 0.25*2012; 2020 lines (Daily Kos),0.0
HOU_CA_05_2018,2018,house,CA,5.0,0,1,"THOMPSON, C. MICHAEL (MIKE)",D,,205860.0,0.0,55158.0,261018.0,,0,D,D,"THOMPSON, C. MICHAEL (MIKE)",0,1,0,1,21.13,"MILLS, ANTHONY",I,21.13,0,22.06972296036734,0.75*2016 + 0.25*2012; 2020 lines (Daily Kos),0.0
HOU_CA_06_2018,2018,house,CA,6.0,0,1,"MATSUI, DORIS O.; JEFFERSON, JRMAR",D,,201939.0,0.0,0.0,201939.0,,0,D,D,"MATSUI, DORIS O.",0,2,0,0,0.0,,,,0,21.80046836035416,0.75*2016 + 0.25*2012; 2020 lines (Daily Kos),0.0
HOU_CA_07_2018,2018,house,CA,7.0,0,1,"BERA, AMERISH (AMI)",D,"GRANT, ANDREW",155016.0,126601.0,0.0,281617.0,55.04,1,D,D,"BERA, AMERISH (AMI)",0,1,1,0,0.0,,,,0,3.7384496188835454,0.75*2016 + 0.25*2012; 2020 lines (Daily Kos),0.0
HOU_CA_08_2018,2018,house,CA,8.0,0,1,,,"COOK, PAUL J.; DONNELLY, TIM",0.0,170785.0,0.0,170785.0,,0,R,R,"COOK, PAUL J.",0,0,2,0,0.0,,,,0,-9.182379151150217,0.75*2016 + 0.25*2012; 2020 lines (Daily Kos),0.0
HOU_CA_09_2018,2018,house,CA,9.0,0,1,"MCNERNEY, GERALD MARK (JERRY)",D,"LIVENGOOD, MARLA",113414.0,87349.0,0.0,200763.0,56.49,1,D,D,"MCNERNEY, GERALD MARK (JERRY)",0,1,1,0,0.0,,,,0,8.251186333934202,0.75*2016 + 0.25*2012; 2020 lines (Daily Kos),0.0
HOU_CA_10_2018,2018,house,CA,10.0,0,1,"HARDER, JOSH",D,"DENHAM, JEFFREY (JEFF)",115945.0,105955.0,0.0,221900.0,52.25,1,D,R,"DENHAM, JEFFREY (JEFF)",0,1,1,0,0.0,,,,0,0.2833299655852744,0.75*2016 + 0.25*2012; 2020 lines (Daily Kos),0.0
HOU_CA_11_2018,2018,house,CA,11.0,0,1,"DESAULNIER, MARK",D,"FITZGERALD, JOHN",204369.0,71312.0,0.0,275681.0,74.13,1,D,D,"DESAULNIER, MARK",0,1,1,0,0.0,,,,0,22.898864283507105,0.75*2016 + 0.25*2012; 2020 lines (Daily Kos),0.0
HOU_CA_12_2018,2018,house,CA,12.0,0,1,"PELOSI, NANCY",D,"REMMER, LISA",275292.0,41780.0,0.0,317072.0,86.82,1,D,D,"PELOSI, NANCY",0,1,1,0,0.0,,,,0,38.52857557784981,0.75*2016 + 0.25*2012; 2020 lines (Daily Kos),0.0
HOU_CA_13_2018,2018,house,CA,13.0,0,1,"LEE, BARBARA J.",D,,260580.0,0.0,34257.0,294837.0,,0,D,D,"LEE, BARBARA J.",0,1,0,1,11.62,"WELLS, LAURA",Other,11.62,0,40.88111224082695,0.75*2016 + 0.25*2012; 2020 lines (Daily Kos),0.0
HOU_CA_14_2018,2018,house,CA,14.0,0,1,"SPEIER, KAREN (JACKIE)",D,"OSMENA, CRISTINA",211384.0,55439.0,0.0,266823.0,79.22,1,D,D,"SPEIER, KAREN (JACKIE)",0,1,1,0,0.0,,,,0,28.242792252011128,0.75*2016 + 0.25*2012; 2020 lines (Daily Kos),0.0
HOU_CA_15_2018,2018,house,CA,15.0,0,1,"SWALWELL, ERIC MICHAEL",D,"PETERS, RUDY L., JR.",177989.0,65940.0,0.0,243929.0,72.97,1,D,D,"SWALWELL, ERIC MICHAEL",0,1,1,0,0.0,,,,0,21.730658844360303,0.75*2016 + 0.25*2012; 2020 lines (Daily Kos),0.0
HOU_CA_16_2018,2018,house,CA,16.0,0,1,"COSTA, JIM",D,"HENG, ELIZABETH",82266.0,60693.0,0.0,142959.0,57.55,1,D,D,"COSTA, JIM",0,1,1,0,0.0,,,,0,9.658425688825504,0.75*2016 + 0.25*2012; 2020 lines (Daily Kos),0.0
HOU_CA_17_2018,2018,house,CA,17.0,0,1,"KHANNA, ROHIT (RO)",D,"COHEN, RON",159105.0,52057.0,0.0,211162.0,75.35,1,D,D,"KHANNA, ROHIT (RO)",0,1,1,0,0.0,,,,0,25.802122447825543,0.75*2016 + 0.25*2012; 2020 lines (Daily Kos),0.0
HOU_CA_18_2018,2018,house,CA,18.0,0,1,"ESHOO, ANNA G.",D,"RUSSELL, CHRISTINE",225142.0,77096.0,0.0,302238.0,74.49,1,D,D,"ESHOO, ANNA G.",0,1,1,0,0.0,,,,0,24.97706568058672,0.75*2016 + 0.25*2012; 2020 lines (Daily Kos),0.0
HOU_CA_19_2018,2018,house,CA,19.0,0,1,"LOFGREN, ZOE",D,,162496.0,0.0,57823.0,220319.0,,0,D,D,"LOFGREN, ZOE",0,1,0,1,26.25,"AGUILERA, JUSTIN JAMES",Other,26.25,0,24.76610926760057,0.75*2016 + 0.25*2012; 2020 lines (Daily Kos),0.0
HOU_CA_20_2018,2018,house,CA,20.0,0,1,"PANETTA, JIMMY VARNI",D,,183677.0,0.0,42044.0,225721.0,,0,D,D,"PANETTA, JIMMY VARNI",0,1,0,1,18.63,"KABAT, RONALD PAUL",I,18.63,0,23.26867422215557,0.75*2016 + 0.25*2012; 2020 lines (Daily Kos),0.0
HOU_CA_21_2018,2018,house,CA,21.0,0,1,"COX, T.J.",D,"VALADAO, DAVID G.",57239.0,56377.0,0.0,113616.0,50.38,1,D,R,"VALADAO, DAVID G.",0,1,1,0,0.0,,,,0,6.192625723637679,0.75*2016 + 0.25*2012; 2020 lines (Daily Kos),0.0
HOU_CA_22_2018,2018,house,CA,22.0,0,1,"JANZ, ANDREW",D,"NUNES, DEVIN GERALD",105136.0,117243.0,0.0,222379.0,47.28,1,R,R,"NUNES, DEVIN GERALD",0,1,1,0,0.0,,,,0,-7.045050446300079,0.75*2016 + 0.25*2012; 2020 lines (Daily Kos),0.0
HOU_CA_23_2018,2018,house,CA,23.0,0,1,"MATTA, TATIANA",D,"MCCARTHY, KEVIN",74661.0,131113.0,0.0,205774.0,36.28,1,R,R,"MCCARTHY, KEVIN",0,1,1,0,0.0,,,,0,-13.408989951736892,0.75*2016 + 0.25*2012; 2020 lines (Daily Kos),0.0
HOU_CA_24_2018,2018,house,CA,24.0,0,1,"CARBAJAL, SALUD O.",D,"FAREED, JUSTIN DONALD",166550.0,117881.0,0.0,284431.0,58.56,1,D,D,"CARBAJAL, SALUD O.",0,1,1,0,0.0,,,,0,8.170502052369311,0.75*2016 + 0.25*2012; 2020 lines (Daily Kos),0.0
HOU_CA_25_2018,2018,house,CA,25.0,0,1,"HILL, KATHERINE LAUREN (KATIE)",D,"KNIGHT, STEPHEN (STEVE)",133209.0,111813.0,0.0,245022.0,54.37,1,D,R,"KNIGHT, STEPHEN (STEVE)",0,1,1,0,0.0,,,,0,1.0585193817729253,0.75*2016 + 0.25*2012; 2020 lines (Daily Kos),0.0
HOU_CA_26_2018,2018,house,CA,26.0,0,1,"BROWNLEY, JULIA",D,"SABATO, ANTONIO, JR.",158216.0,97210.0,0.0,255426.0,61.94,1,D,D,"BROWNLEY, JULIA",0,1,1,0,0.0,,,,0,8.662100118299321,0.75*2016 + 0.25*2012; 2020 lines (Daily Kos),0.0
HOU_CA_27_2018,2018,house,CA,27.0,0,1,"CHU, JUDY M.; WITT, BRYAN",D,,202636.0,0.0,0.0,202636.0,,0,D,D,"CHU, JUDY M.",0,2,0,0,0.0,,,,0,17.12484466744743,0.75*2016 + 0.25*2012; 2020 lines (Daily Kos),0.0
HOU_CA_28_2018,2018,house,CA,28.0,0,1,"SCHIFF, ADAM B.",D,"NALBANDIAN, JOHNNY J.",196662.0,54272.0,0.0,250934.0,78.37,1,D,D,"SCHIFF, ADAM B.",0,1,1,0,0.0,,,,0,24.04179910861541,0.75*2016 + 0.25*2012; 2020 lines (Daily Kos),0.0
HOU_CA_29_2018,2018,house,CA,29.0,0,1,"CARDENAS, TONY",D,"BERNAL, BENITO (BENNY)",124697.0,29995.0,0.0,154692.0,80.61,1,D,D,"CARDENAS, TONY",0,1,1,0,0.0,,,,0,30.037565812676,0.75*2016 + 0.25*2012; 2020 lines (Daily Kos),0.0
HOU_CA_30_2018,2018,house,CA,30.0,0,1,"SHERMAN, BRAD",D,"REED, MARK S.",191573.0,69420.0,0.0,260993.0,73.4,1,D,D,"SHERMAN, BRAD",0,1,1,0,0.0,,,,0,20.06472166231837,0.75*2016 + 0.25*2012; 2020 lines (Daily Kos),0.0
HOU_CA_31_2018,2018,house,CA,31.0,0,1,"AGUILAR, PETE",D,"FLYNN, SEAN",110143.0,77352.0,0.0,187495.0,58.74,1,D,D,"AGUILAR, PETE",0,1,1,0,0.0,,,,0,9.136167753779391,0.75*2016 + 0.25*2012; 2020 lines (Daily Kos),0.0
HOU_CA_32_2018,2018,house,CA,32.0,0,1,"NAPOLITANO, GRACE FLORES",D,,121759.0,0.0,55272.0,177031.0,,0,D,D,"NAPOLITANO, GRACE FLORES",0,1,0,1,31.22,"SCOTT, JOSHUA M.",Other,31.22,0,18.28179827113645,0.75*2016 + 0.25*2012; 2020 lines (Daily Kos),0.0
HOU_CA_33_2018,2018,house,CA,33.0,0,1,"LIEU, TED W.",D,"WRIGHT, KENNETH WESTON (KEN)",219091.0,93769.0,0.0,312860.0,70.03,1,D,D,"LIEU, TED W.",0,1,1,0,0.0,,,,0,18.12368357983157,0.75*2016 + 0.25*2012; 2020 lines (Daily Kos),0.0
HOU_CA_34_2018,2018,house,CA,34.0,0,1,"GOMEZ, JIMMY",D,,110195.0,0.0,41711.0,151906.0,,0,D,D,"GOMEZ, JIMMY",0,1,0,1,27.46,"MEJIA, KENNETH",Grn,27.46,0,36.45876959412537,0.75*2016 + 0.25*2012; 2020 lines (Daily Kos),0.0
HOU_CA_35_2018,2018,house,CA,35.0,0,1,"TORRES, NORMA J.",D,"VALIENTE, CHRISTIAN LEONEL",103420.0,45604.0,0.0,149024.0,69.4,1,D,D,"TORRES, NORMA J.",0,1,1,0,0.0,,,,0,19.480174350447847,0.75*2016 + 0.25*2012; 2020 lines (Daily Kos),0.0
HOU_CA_36_2018,2018,house,CA,36.0,0,1,"RUIZ, RAUL",D,"PELZER, KIMBERLIN BROWN",122169.0,84839.0,0.0,207008.0,59.02,1,D,D,"RUIZ, RAUL",0,1,1,0,0.0,,,,0,2.458896800109436,0.75*2016 + 0.25*2012; 2020 lines (Daily Kos),0.0
HOU_CA_37_2018,2018,house,CA,37.0,0,1,"BASS, KAREN R.",D,"BASSILIAN, RON J.",210555.0,25823.0,0.0,236378.0,89.08,1,D,D,"BASS, KAREN R.",0,1,1,0,0.0,,,,0,37.7871471638751,0.75*2016 + 0.25*2012; 2020 lines (Daily Kos),0.0
HOU_CA_38_2018,2018,house,CA,38.0,0,1,"SANCHEZ, LINDA T.",D,"DOWNING, RYAN",139188.0,62968.0,0.0,202156.0,68.85,1,D,D,"SANCHEZ, LINDA T.",0,1,1,0,0.0,,,,0,18.42116319564961,0.75*2016 + 0.25*2012; 2020 lines (Daily Kos),0.0
HOU_CA_39_2018,2018,house,CA,39.0,0,1,"CISNEROS, GILBERT (GIL)",D,"KIM, YOUNG",126002.0,118391.0,0.0,244393.0,51.56,1,D,,,1,1,1,0,0.0,,,,0,1.5798527956283448,0.75*2016 + 0.25*2012; 2020 lines (Daily Kos),0.0
HOU_CA_40_2018,2018,house,CA,40.0,0,1,"ROYBAL-ALLARD, LUCILLE",D,,93938.0,0.0,27511.0,121449.0,,0,D,D,"ROYBAL-ALLARD, LUCILLE",0,1,0,1,22.65,"BARRAGAN, RODOLFO CORTES",Grn,22.65,0,34.31361973189871,0.75*2016 + 0.25*2012; 2020 lines (Daily Kos),0.0
HOU_CA_41_2018,2018,house,CA,41.0,0,1,"TAKANO, MARK ALLAN",D,"SMITH, AJA",108227.0,58021.0,0.0,166248.0,65.1,1,D,D,"TAKANO, MARK ALLAN",0,1,1,0,0.0,,,,0,12.952635283414034,0.75*2016 + 0.25*2012; 2020 lines (Daily Kos),0.0
HOU_CA_42_2018,2018,house,CA,42.0,0,1,"PEACOCK, JULIA C.",D,"CALVERT, KENNETH STANTON (KEN)",100892.0,131040.0,0.0,231932.0,43.5,1,R,R,"CALVERT, KENNETH STANTON (KEN)",0,1,1,0,0.0,,,,0,-8.038434925465129,0.75*2016 + 0.25*2012; 2020 lines (Daily Kos),0.0
HOU_CA_43_2018,2018,house,CA,43.0,0,1,"WATERS, MAXINE",D,"NAVARRO, OMAR",152272.0,43780.0,0.0,196052.0,77.67,1,D,D,"WATERS, MAXINE",0,1,1,0,0.0,,,,0,30.35929386490609,0.75*2016 + 0.25*2012; 2020 lines (Daily Kos),0.0
HOU_CA_44_2018,2018,house,CA,44.0,0,1,"BARRAGAN, NANETTE DIAZ; BROWN, AJA L.",D,,143322.0,0.0,0.0,143322.0,,0,D,D,"BARRAGAN, NANETTE DIAZ",0,2,0,0,0.0,,,,0,35.510549718161734,0.75*2016 + 0.25*2012; 2020 lines (Daily Kos),0.0
HOU_CA_45_2018,2018,house,CA,45.0,0,1,"PORTER, KATHERINE (KATIE)",D,"WALTERS, MIMI",158906.0,146383.0,0.0,305289.0,52.05,1,D,R,"WALTERS, MIMI",0,1,1,0,0.0,,,,0,-0.7116337802428263,0.75*2016 + 0.25*2012; 2020 lines (Daily Kos),0.0
HOU_CA_46_2018,2018,house,CA,46.0,0,1,"CORREA, JOSE LUIS (LOU)",D,"LAMBERT, RUSSELL RENE",102278.0,45638.0,0.0,147916.0,69.15,1,D,D,"CORREA, JOSE LUIS (LOU)",0,1,1,0,0.0,,,,0,17.142214615759215,0.75*2016 + 0.25*2012; 2020 lines (Daily Kos),0.0
HOU_CA_47_2018,2018,house,CA,47.0,0,1,"LOWENTHAL, ALAN S.",D,"BRISCOE, JOHN",143354.0,77682.0,0.0,221036.0,64.86,1,D,D,"LOWENTHAL, ALAN S.",0,1,1,0,0.0,,,,0,14.166547550884376,0.75*2016 + 0.25*2012; 2020 lines (Daily Kos),0.0
HOU_CA_48_2018,2018,house,CA,48.0,0,1,"ROUDA, HARLEY",D,"ROHRABACHER, DANA TYRONE",157837.0,136899.0,0.0,294736.0,53.55,1,D,R,"ROHRABACHER, DANA TYRONE",0,1,1,0,0.0,,,,0,-2.185601050775551,0.75*2016 + 0.25*2012; 2020 lines (Daily Kos),0.0
HOU_CA_49_2018,2018,house,CA,49.0,0,1,"LEVIN, MIKE",D,"HARKEY, DIANE L.",166453.0,128577.0,0.0,295030.0,56.42,1,D,,,1,1,1,0,0.0,,,,0,0.7755295636620723,0.75*2016 + 0.25*2012; 2020 lines (Daily Kos),0.0
HOU_CA_50_2018,2018,house,CA,50.0,0,1,"CAMPA-NAJJAR, AMMAR",D,"HUNTER, DUNCAN DUANE, JR.",125448.0,134362.0,0.0,259810.0,48.28,1,R,R,"HUNTER, DUNCAN DUANE, JR.",0,1,1,0,0.0,,,,0,-10.269410378506524,0.75*2016 + 0.25*2012; 2020 lines (Daily Kos),0.0
HOU_CA_51_2018,2018,house,CA,51.0,0,1,"VARGAS, JUAN CARLOS",D,"HIDALGO, JUAN M., JR.",109527.0,44301.0,0.0,153828.0,71.2,1,D,D,"VARGAS, JUAN CARLOS",0,1,1,0,0.0,,,,0,23.21687944209614,0.75*2016 + 0.25*2012; 2020 lines (Daily Kos),0.0
HOU_CA_52_2018,2018,house,CA,52.0,0,1,"PETERS, SCOTT H.",D,"QUDRAT, OMAR",188992.0,107015.0,0.0,296007.0,63.85,1,D,D,"PETERS, SCOTT H.",0,1,1,0,0.0,,,,0,8.476979045699714,0.75*2016 + 0.25*2012; 2020 lines (Daily Kos),0.0
HOU_CA_53_2018,2018,house,CA,53.0,0,1,"DAVIS, SUSAN A.",D,"MURTAUGH, MORGAN",185667.0,83127.0,0.0,268794.0,69.07,1,D,D,"DAVIS, SUSAN A.",0,1,1,0,0.0,,,,0,15.741587926141476,0.75*2016 + 0.25*2012; 2020 lines (Daily Kos),0.0
HOU_CO_01_2018,2018,house,CO,1.0,0,1,"DEGETTE, DIANA LOUISE",D,"STOCKHAM, CHARLES WESLEY (CASPER)",272886.0,85207.0,11600.0,369693.0,76.21,1,D,D,"DEGETTE, DIANA LOUISE",0,1,1,1,3.14,"DOANE, RAYMON ANTHONY",Lbt,3.14,0,22.37162841185296,0.75*2016 + 0.25*2012; 2020 lines (Daily Kos),0.0
HOU_CO_02_2018,2018,house,CO,2.0,0,1,"NEGUSE, JOE",D,"YU, PETER",259608.0,144901.0,26105.0,430614.0,64.18,1,D,,,1,1,1,2,6.06,"THOMAS, NICHOLAS (NICK)",I,3.8,0,9.730933679678396,0.75*2016 + 0.25*2012; 2020 lines (Daily Kos),0.0
HOU_CO_03_2018,2018,house,CO,3.0,0,1,"MITSCH BUSH, DIANE E.",D,"TIPTON, SCOTT RANDALL",146426.0,173205.0,16558.0,336189.0,45.81,1,R,R,"TIPTON, SCOTT RANDALL",0,1,1,2,4.93,"MALARSIE, MARY M.",I,3.22,0,-6.999218428281953,0.75*2016 + 0.25*2012; 2020 lines (Daily Kos),0.0
HOU_CO_04_2018,2018,house,CO,4.0,0,1,"MCCORMICK, KAREN",D,"BUCK, KENNETH (KEN)",145544.0,224038.0,0.0,369582.0,39.38,1,R,R,"BUCK, KENNETH (KEN)",0,1,1,0,0.0,,,,0,-13.314846526826322,0.75*2016 + 0.25*2012; 2020 lines (Daily Kos),0.0
HOU_CO_05_2018,2018,house,CO,5.0,0,1,"SPAULDING, STEPHANY ROSE",D,"LAMBORN, DOUGLAS L. (DOUG)",126848.0,184002.0,11795.0,322645.0,40.81,1,R,R,"LAMBORN, DOUGLAS L. (DOUG)",0,1,1,1,3.66,"RANDALL, DOUGLAS",Lbt,3.66,0,-13.9775236310566,0.75*2016 + 0.25*2012; 2020 lines (Daily Kos),0.0
HOU_CO_06_2018,2018,house,CO,6.0,0,1,"CROW, JASON",D,"COFFMAN, MICHAEL H. (MIKE)",187639.0,148685.0,10493.0,346817.0,55.79,1,D,R,"COFFMAN, MICHAEL H. (MIKE)",0,1,1,2,3.03,"MARTIN, KAT",Lbt,1.7,0,2.9301905249062727,0.75*2016 + 0.25*2012; 2020 lines (Daily Kos),0.0
HOU_CO_07_2018,2018,house,CO,7.0,0,1,"PERLMUTTER, EDWIN G. (ED)",D,"BARRINGTON, MARK",204260.0,119734.0,14012.0,338006.0,63.04,1,D,D,"PERLMUTTER, EDWIN G. (ED)",0,1,1,1,4.15,"NACKERUD, JENNIFER",Lbt,4.15,0,5.488196725396779,0.75*2016 + 0.25*2012; 2020 lines (Daily Kos),0.0
HOU_CT_01_2018,2018,house,CT,1.0,0,1,"LARSON, JOHN B.",D,"NYE, JENNIFER T.",166155.0,96024.0,3029.0,265208.0,63.37,1,D,D,"LARSON, JOHN B.",0,1,1,1,1.14,"MCCORMICK, THOMAS",Grn,1.14,0,11.174122364445775,0.75*2016 + 0.25*2012; 2020 lines (Daily Kos),0.0
HOU_CT_02_2018,2018,house,CT,2.0,0,1,"COURTNEY, JOSEPH D. (JOE)",D,"POSTEMSKI, DANNY, JR.",167659.0,102483.0,6900.0,277042.0,62.06,1,D,D,"COURTNEY, JOSEPH D. (JOE)",0,1,1,2,2.49,"BICKING, MICHELLE LOUISE",Grn,1.3,0,1.46140021506391,0.75*2016 + 0.25*2012; 2020 lines (Daily Kos),0.0
HOU_CT_03_2018,2018,house,CT,3.0,0,1,"DELAURO, ROSA L.",D,"CADENA, ANGEL",163211.0,95667.0,0.0,258878.0,63.05,1,D,D,"DELAURO, ROSA L.",0,1,1,0,0.0,,,,0,7.986338775932575,0.75*2016 + 0.25*2012; 2020 lines (Daily Kos),0.0
HOU_CT_04_2018,2018,house,CT,4.0,0,1,"HIMES, JAMES A. (JIM)",D,"ARORA, HARRY",168726.0,103175.0,0.0,271901.0,62.05,1,D,D,"HIMES, JAMES A. (JIM)",0,1,1,0,0.0,,,,0,8.996221991852638,0.75*2016 + 0.25*2012; 2020 lines (Daily Kos),0.0
HOU_CT_05_2018,2018,house,CT,5.0,0,1,"HAYES, JAHANA",D,"SANTOS, MANNY",142901.0,115146.0,0.0,258047.0,55.38,1,D,,,1,1,1,0,0.0,,,,0,1.271677130013951,0.75*2016 + 0.25*2012; 2020 lines (Daily Kos),0.0
HOU_DE_01_2018,2018,house,DE,1.0,0,1,"BLUNT ROCHESTER, LISA LATRELLE",D,"WALKER, SCOTT",227353.0,125384.0,0.0,352737.0,64.45,1,D,D,"BLUNT ROCHESTER, LISA LATRELLE",0,1,1,0,0.0,,,,0,5.486351674586781,0.75*2016 + 0.25*2012; 2020 lines (Daily Kos),0.0
HOU_FL_01_2018,2018,house,FL,1.0,0,1,"ZIMMERMAN, JENNIFER M.",D,"GAETZ, MATT (JERRY)",106199.0,216189.0,0.0,322388.0,32.94,1,R,R,"GAETZ, MATT (JERRY)",0,1,1,0,0.0,,,,0,-21.723066482697707,2016 only; 2020 lines (Daily Kos),0.0
HOU_FL_02_2018,2018,house,FL,2.0,0,1,"RACKLEFF, ROBERT BRUCE (BOB)",D,"DUNN, NEAL P.",96233.0,199335.0,0.0,295568.0,32.56,1,R,R,"DUNN, NEAL P.",0,1,1,0,0.0,,,,0,-19.547994170292693,2016 only; 2020 lines (Daily Kos),0.0
HOU_FL_03_2018,2018,house,FL,3.0,0,1,"HINSON, YVONNE HAYES",D,"YOHO, THEODORE SCOTT (TED)",129880.0,176616.0,0.0,306496.0,42.38,1,R,R,"YOHO, THEODORE SCOTT (TED)",0,1,1,0,0.0,,,,0,-9.443110832647244,2016 only; 2020 lines (Daily Kos),0.0
HOU_FL_04_2018,2018,house,FL,4.0,0,1,"SELMONT, GEORGE (GES)",D,"RUTHERFORD, JOHN H.",123351.0,248420.0,9476.0,381247.0,33.18,1,R,R,"RUTHERFORD, JOHN H.",0,1,1,2,2.49,"BERRIOS, JOCELINE",I,1.88,0,-15.731027826902434,2016 only; 2020 lines (Daily Kos),0.0
HOU_FL_05_2018,2018,house,FL,5.0,0,1,"LAWSON, ALFRED J. (AL), JR.",D,"FULLER, VIRGINIA",180527.0,89799.0,0.0,270326.0,66.78,1,D,D,"LAWSON, ALFRED J. (AL), JR.",0,1,1,0,0.0,,,,0,11.919919032618164,2016 only; 2020 lines (Daily Kos),0.0
HOU_FL_06_2018,2018,house,FL,6.0,0,1,"SODERBERG, NANCY",D,"WALTZ, MICHAEL",145758.0,187891.0,0.0,333649.0,43.69,1,R,,,1,1,1,0,0.0,,,,0,-9.9389153954117,2016 only; 2020 lines (Daily Kos),0.0
HOU_FL_07_2018,2018,house,FL,7.0,0,1,"MURPHY, STEPHANIE",D,"MILLER, MIKE",183113.0,134285.0,0.0,317398.0,57.69,1,D,D,"MURPHY, STEPHANIE",0,1,1,0,0.0,,,,0,2.654859715112634,2016 only; 2020 lines (Daily Kos),0.0
HOU_FL_08_2018,2018,house,FL,8.0,0,1,"PATEL, SANJAY",D,"POSEY, WILLIAM (BILL)",142415.0,218112.0,0.0,360527.0,39.5,1,R,R,"POSEY, WILLIAM (BILL)",0,1,1,0,0.0,,,,0,-11.942696025417066,2016 only; 2020 lines (Daily Kos),0.0
HOU_FL_09_2018,2018,house,FL,9.0,0,1,"SOTO, DARREN MICHAEL",D,"LIEBNITZKY, WAYNE",172172.0,124565.0,0.0,296737.0,58.02,1,D,D,"SOTO, DARREN MICHAEL",0,1,1,0,0.0,,,,0,5.51189599596894,2016 only; 2020 lines (Daily Kos),0.0
HOU_FL_10_2018,2018,house,FL,10.0,0,1,"DEMINGS, VALDEZ B. (VAL)",,,0.0,0.0,0.0,0.0,,0,D,D,"DEMINGS, VALDEZ B. (VAL)",0,1,0,0,,,,,0,12.751118679138497,2016 only; 2020 lines (Daily Kos),0.0
HOU_FL_11_2018,2018,house,FL,11.0,0,1,"COTTRELL, DANA",D,"WEBSTER, DANIEL A. (DAN)",128053.0,239395.0,0.0,367448.0,34.85,1,R,R,"WEBSTER, DANIEL A. (DAN)",0,1,1,0,0.0,,,,0,-17.775800255023793,2016 only; 2020 lines (Daily Kos),0.0
HOU_FL_12_2018,2018,house,FL,12.0,0,1,"HUNTER, CHRIS",D,"BILIRAKIS, GUS MICHAEL",132844.0,194564.0,7510.0,334918.0,40.57,1,R,R,"BILIRAKIS, GUS MICHAEL",0,1,1,1,2.24,"PURKIS, ANGELIKA",I,2.24,0,-10.818311532179193,2016 only; 2020 lines (Daily Kos),0.0
HOU_FL_13_2018,2018,house,FL,13.0,0,1,"CRIST, CHARLES J. (CHARLIE), JR.",D,"BUCK, GEORGE",182717.0,134254.0,0.0,316971.0,57.64,1,D,D,"CRIST, CHARLES J. (CHARLIE), JR.",0,1,1,0,0.0,,,,0,0.5045453384233123,2016 only; 2020 lines (Daily Kos),0.0
HOU_FL_14_2018,2018,house,FL,14.0,0,1,"CASTOR, KATHERINE ANNE (KATHY)",,,0.0,0.0,0.0,0.0,,0,D,D,"CASTOR, KATHERINE ANNE (KATHY)",0,1,0,0,,,,,0,8.292835182267332,2016 only; 2020 lines (Daily Kos),0.0
HOU_FL_15_2018,2018,house,FL,15.0,0,1,"CARLSON, KRISTEN",D,"SPANO, VINCENT ROSS",134132.0,151380.0,0.0,285512.0,46.98,1,R,,,1,1,1,0,0.0,,,,0,-6.352651201030307,2016 only; 2020 lines (Daily Kos),0.0
HOU_FL_16_2018,2018,house,FL,16.0,0,1,"SHAPIRO, DAVID",D,"BUCHANAN, VERNON (VERN)",164463.0,197483.0,0.0,361946.0,45.44,1,R,R,"BUCHANAN, VERNON (VERN)",0,1,1,0,0.0,,,,0,-6.743370240284907,2016 only; 2020 lines (Daily Kos),0.0
HOU_FL_17_2018,2018,house,FL,17.0,0,1,"ELLISON, ALLEN",D,"STEUBE, W. GREGORY (GREG)",117194.0,193326.0,0.0,310520.0,37.74,1,R,,,1,1,1,0,0.0,,,,0,-15.147393433496315,2016 only; 2020 lines (Daily Kos),0.0
HOU_FL_18_2018,2018,house,FL,18.0,0,1,"BAER, LAUREN",D,"MAST, BRIAN J.",156454.0,185905.0,0.0,342359.0,45.7,1,R,R,"MAST, BRIAN J.",0,1,1,0,0.0,,,,0,-5.891254379735838,2016 only; 2020 lines (Daily Kos),0.0
HOU_FL_19_2018,2018,house,FL,19.0,0,1,"HOLDEN, DAVID",D,"ROONEY, FRANCIS",128106.0,211465.0,0.0,339571.0,37.73,1,R,R,"ROONEY, FRANCIS",0,1,1,0,0.0,,,,0,-12.52382152871681,2016 only; 2020 lines (Daily Kos),0.0
HOU_FL_20_2018,2018,house,FL,20.0,0,1,"HASTINGS, ALCEE LAMAR",D,,202659.0,0.0,0.0,202659.0,,0,D,D,"HASTINGS, ALCEE LAMAR",0,1,0,0,0.0,,,,0,30.42933707556539,2016 only; 2020 lines (Daily Kos),0.0
HOU_FL_21_2018,2018,house,FL,21.0,0,1,"FRANKEL, LOIS JANE",,,0.0,0.0,0.0,0.0,,0,D,D,"FRANKEL, LOIS JANE",0,1,0,0,,,,,0,8.837959065398149,2016 only; 2020 lines (Daily Kos),0.0
HOU_FL_22_2018,2018,house,FL,22.0,0,1,"DEUTCH, THEODORE ELIOT (TED)",D,"KIMAZ, NICOLAS",184634.0,113049.0,0.0,297683.0,62.02,1,D,D,"DEUTCH, THEODORE ELIOT (TED)",0,1,1,0,0.0,,,,0,6.888230422709329,2016 only; 2020 lines (Daily Kos),0.0
HOU_FL_23_2018,2018,house,FL,23.0,0,1,"WASSERMAN SCHULTZ, DEBBIE",D,"KAUFMAN, JOSEPH (JOE)",161611.0,99446.0,15309.0,276366.0,61.91,1,D,D,"WASSERMAN SCHULTZ, DEBBIE",0,1,1,2,5.54,"CANOVA, TIMOTHY A. (TIM)",I,4.96,0,12.18593592075663,2016 only; 2020 lines (Daily Kos),0.0
HOU_FL_24_2018,2018,house,FL,24.0,0,1,"WILSON, FREDERICA S. (FREDDI)",,,0.0,0.0,0.0,0.0,,0,D,D,"WILSON, FREDERICA S. (FREDDI)",0,1,0,0,,,,,0,33.17479212424247,2016 only; 2020 lines (Daily Kos),0.0
HOU_FL_25_2018,2018,house,FL,25.0,0,1,"FLORES, MARY BARZEE",D,"DIAZ-BALART, MARIO",84173.0,128672.0,0.0,212845.0,39.55,1,R,R,"DIAZ-BALART, MARIO",0,1,1,0,0.0,,,,0,-2.063908426212429,2016 only; 2020 lines (Daily Kos),0.0
HOU_FL_26_2018,2018,house,FL,26.0,0,1,"MUCARSEL-POWELL, DEBBIE",D,"CURBELO, CARLOS",119797.0,115678.0,0.0,235475.0,50.87,1,D,R,"CURBELO, CARLOS",0,1,1,0,0.0,,,,0,7.195253382314304,2016 only; 2020 lines (Daily Kos),0.0
HOU_FL_27_2018,2018,house,FL,27.0,0,1,"SHALALA, DONNA",D,"SALAZAR, MARIA ELVIRA",130743.0,115588.0,6255.0,252586.0,53.08,1,D,,,1,1,1,1,2.48,"JOLI, MAYRA",I,2.48,0,8.894193795559048,2016 only; 2020 lines (Daily Kos),0.0
HOU_GA_01_2018,2018,house,GA,1.0,0,1,"RING, LISA M.",D,"CARTER, EARL L. (BUDDY)",105942.0,144741.0,0.0,250683.0,42.26,1,R,R,"CARTER, EARL L. (BUDDY)",0,1,1,0,0.0,,,,0,-8.981114064866293,0.75*2016 + 0.25*2012; 2020 lines (Daily Kos),0.0
HOU_GA_02_2018,2018,house,GA,2.0,0,1,"BISHOP, SANFORD DIXON, JR.",D,"WEST, HERMAN, JR.",136699.0,92472.0,0.0,229171.0,59.65,1,D,D,"BISHOP, SANFORD DIXON, JR.",0,1,1,0,0.0,,,,0,5.337650048622844,0.75*2016 + 0.25*2012; 2020 lines (Daily Kos),0.0
HOU_GA_03_2018,2018,house,GA,3.0,0,1,"ENDERLIN, CHUCK",D,"FERGUSON, ANDREW DREW, IV",101010.0,191996.0,0.0,293006.0,34.47,1,R,R,"FERGUSON, ANDREW DREW, IV",0,1,1,0,0.0,,,,0,-17.724691092251547,0.75*2016 + 0.25*2012; 2020 lines (Daily Kos),0.0
HOU_GA_04_2018,2018,house,GA,4.0,0,1,"JOHNSON, HENRY C. (HANK), JR.",D,"PROFIT, JOE",227717.0,61092.0,0.0,288809.0,78.85,1,D,D,"JOHNSON, HENRY C. (HANK), JR.",0,1,1,0,0.0,,,,0,25.07517313617832,0.75*2016 + 0.25*2012; 2020 lines (Daily Kos),0.0
HOU_GA_05_2018,2018,house,GA,5.0,0,1,"LEWIS, JOHN ROBERT",D,,275406.0,0.0,0.0,275406.0,,0,D,D,"LEWIS, JOHN ROBERT",0,1,0,0,0.0,,,,0,35.41671095604126,0.75*2016 + 0.25*2012; 2020 lines (Daily Kos),0.0
HOU_GA_06_2018,2018,house,GA,6.0,0,1,"MCBATH, LUCY",D,"HANDEL, KAREN C.",160139.0,156875.0,0.0,317014.0,50.51,1,D,R,"HANDEL, KAREN C.",0,1,1,0,0.0,,,,0,-4.9360317628136405,0.75*2016 + 0.25*2012; 2020 lines (Daily Kos),0.0
HOU_GA_07_2018,2018,house,GA,7.0,0,1,"BOURDEAUX, CAROLYN",D,"WOODALL, W. ROBERT (ROB)",140011.0,140430.0,0.0,280441.0,49.93,1,R,R,"WOODALL, W. ROBERT (ROB)",0,1,1,0,0.0,,,,0,-6.650336771557271,0.75*2016 + 0.25*2012; 2020 lines (Daily Kos),0.0
HOU_GA_08_2018,2018,house,GA,8.0,0,1,,,"SCOTT, AUSTIN",0.0,198152.0,0.0,198152.0,,0,R,R,"SCOTT, AUSTIN",0,0,1,0,0.0,,,,0,-15.521149406568842,0.75*2016 + 0.25*2012; 2020 lines (Daily Kos),0.0
HOU_GA_09_2018,2018,house,GA,9.0,0,1,"MCCALL, JOSH",D,"COLLINS, DOUGLAS ALLEN (DOUG)",57912.0,224661.0,0.0,282573.0,20.49,1,R,R,"COLLINS, DOUGLAS ALLEN (DOUG)",0,1,1,0,0.0,,,,0,-31.251095647803552,0.75*2016 + 0.25*2012; 2020 lines (Daily Kos),0.0
HOU_GA_10_2018,2018,house,GA,10.0,0,1,"JOHNSON-GREEN, TABITHA A.",D,"HICE, JODY B.",112339.0,190396.0,0.0,302735.0,37.11,1,R,R,"HICE, JODY B.",0,1,1,0,0.0,,,,0,-14.53929761926324,0.75*2016 + 0.25*2012; 2020 lines (Daily Kos),0.0
HOU_GA_11_2018,2018,house,GA,11.0,0,1,"BROADY, FLYNN D., JR.",D,"LOUDERMILK, BARRY D.",118653.0,191887.0,0.0,310540.0,38.21,1,R,R,"LOUDERMILK, BARRY D.",0,1,1,0,0.0,,,,0,-15.678747728442143,0.75*2016 + 0.25*2012; 2020 lines (Daily Kos),0.0
HOU_GA_12_2018,2018,house,GA,12.0,0,1,"JOHNSON, FRANCYS",D,"ALLEN, RICHARD W. (RICK)",101503.0,148986.0,0.0,250489.0,40.52,1,R,R,"ALLEN, RICHARD W. (RICK)",0,1,1,0,0.0,,,,0,-9.07389141689269,0.75*2016 + 0.25*2012; 2020 lines (Daily Kos),0.0
HOU_GA_13_2018,2018,house,GA,13.0,0,1,"SCOTT, DAVID ALBERT",D,"CALLAHAN, DAVID",223157.0,69760.0,0.0,292917.0,76.18,1,D,D,"SCOTT, DAVID ALBERT",0,1,1,0,0.0,,,,0,20.63130557284556,0.75*2016 + 0.25*2012; 2020 lines (Daily Kos),0.0
HOU_GA_14_2018,2018,house,GA,14.0,0,1,"FOSTER, STEVEN LAMAR",D,"GRAVES, JOHN THOMAS (TOM), JR.",53981.0,175743.0,0.0,229724.0,23.5,1,R,R,"GRAVES, JOHN THOMAS (TOM), JR.",0,1,1,0,0.0,,,,0,-27.885425770322616,0.75*2016 + 0.25*2012; 2020 lines (Daily Kos),0.0
HOU_HI_01_2018,2018,house,HI,1.0,0,1,"CASE, EDWARD ESPENETT (ED)",D,"CAVASSO, CAMPBELL (CAM)",134650.0,42498.0,7063.0,184211.0,76.01,1,D,,,1,1,1,3,3.83,"TIPPENS, MICHELLE ROSE",Lbt,1.9,0,16.809918484482473,0.75*2016 + 0.25*2012; 2020 lines (Daily Kos),0.0
HOU_HI_02_2018,2018,house,HI,2.0,0,1,"GABBARD, TULSI",D,"EVANS, BRIAN K.",153271.0,44850.0,0.0,198121.0,77.36,1,D,D,"GABBARD, TULSI",0,1,1,0,0.0,,,,0,17.454529352224142,0.75*2016 + 0.25*2012; 2020 lines (Daily Kos),0.0
HOU_IA_01_2018,2018,house,IA,1.0,0,1,"FINKENAUER, ABBY",D,"BLUM, RODNEY LELAND (ROD)",170342.0,153442.0,10285.0,334069.0,52.61,1,D,R,"BLUM, RODNEY LELAND (ROD)",0,1,1,1,3.08,"HAGEMAN, TROY",Lbt,3.08,0,-1.0629788353004672,0.75*2016 + 0.25*2012; 2020 lines (Daily Kos),0.0
HOU_IA_02_2018,2018,house,IA,2.0,0,1,"LOEBSACK, DAVID WAYNE (DAVE)",D,"PETERS, CHRISTOPHER C.",171446.0,133287.0,8018.0,312751.0,56.26,1,D,D,"LOEBSACK, DAVID WAYNE (DAVE)",0,1,1,2,2.56,"STRAUSS, MARK DAVID",Lbt,1.98,0,-1.3566550187545778,0.75*2016 + 0.25*2012; 2020 lines (Daily Kos),0.0
HOU_IA_03_2018,2018,house,IA,3.0,0,1,"AXNE, CYNTHIA (CINDY)",D,"YOUNG, DAVID",175642.0,167933.0,12471.0,356046.0,51.12,1,D,R,"YOUNG, DAVID",0,1,1,4,3.5,"HOLDER, BRYAN JACK",Lbt,2.04,0,-2.243659623113245,0.75*2016 + 0.25*2012; 2020 lines (Daily Kos),0.0
HOU_IA_04_2018,2018,house,IA,4.0,0,1,"SCHOLTEN, JAMES D.",D,"KING, STEVEN A. (STEVE)",147246.0,157676.0,8123.0,313045.0,48.29,1,R,R,"KING, STEVEN A. (STEVE)",0,1,1,2,2.59,"ALDRICH, CHARLES A. (CHURCH)",Lbt,1.97,0,-13.265732176786392,0.75*2016 + 0.25*2012; 2020 lines (Daily Kos),0.0
HOU_ID_01_2018,2018,house,ID,1.0,0,1,"MCNEIL, ANA CRISTINA",D,"FULCHER, RUSSELL M. (RUSS)",96922.0,197719.0,20337.0,314978.0,32.89,1,R,,,1,1,1,5,6.46,"FLEMING, NATALIE M.",I,1.96,0,-21.714373224541024,0.75*2016 + 0.25*2012; 2020 lines (Daily Kos),0.0
HOU_ID_02_2018,2018,house,ID,2.0,0,1,"SWISHER, CARLTON AARON",D,"SIMPSON, MICHAEL K. (MIKE)",110381.0,170274.0,0.0,280655.0,39.33,1,R,R,"SIMPSON, MICHAEL K. (MIKE)",0,1,1,0,0.0,,,,0,-16.349565719689757,0.75*2016 + 0.25*2012; 2020 lines (Daily Kos),0.0
HOU_IL_01_2018,2018,house,IL,1.0,0,1,"RUSH, BOBBY LEE",D,"TILLMAN, JIMMY LEE, II",189560.0,50960.0,17365.0,257885.0,78.81,1,D,D,"RUSH, BOBBY LEE",0,1,1,1,6.73,"RUDBECK, THOMAS",I,6.73,0,26.911997593927914,0.75*2016 + 0.25*2012; 2020 lines (Daily Kos),0.0
HOU_IL_02_2018,2018,house,IL,2.0,0,1,"KELLY, ROBIN L.",D,"MERKLE, DAVID",190684.0,44567.0,0.0,235251.0,81.06,1,D,D,"KELLY, ROBIN L.",0,1,1,0,0.0,,,,0,29.19238441222945,0.75*2016 + 0.25*2012; 2020 lines (Daily Kos),0.0
HOU_IL_03_2018,2018,house,IL,3.0,0,1,"LIPINSKI, DANIEL WILLIAM (DAN)",D,"JONES, ARTHUR J. (ART)",163053.0,57885.0,0.0,220938.0,73.8,1,D,D,"LIPINSKI, DANIEL WILLIAM (DAN)",0,1,1,0,0.0,,,,0,6.348999986832596,0.75*2016 + 0.25*2012; 2020 lines (Daily Kos),0.0
HOU_IL_04_2018,2018,house,IL,4.0,0,1,"GARCIA, JESUS G. (CHUY)",D,"LORCH, MARK WAYNE",143895.0,22294.0,0.0,166189.0,86.59,1,D,,,1,1,1,0,0.0,,,,0,33.85424722558023,0.75*2016 + 0.25*2012; 2020 lines (Daily Kos),0.0
HOU_IL_05_2018,2018,house,IL,5.0,0,1,"QUIGLEY, MICHAEL (MIKE)",D,"HANSON, TOM",213992.0,65134.0,0.0,279126.0,76.67,1,D,D,"QUIGLEY, MICHAEL (MIKE)",0,1,1,0,0.0,,,,0,21.486325898691955,0.75*2016 + 0.25*2012; 2020 lines (Daily Kos),0.0
HOU_IL_06_2018,2018,house,IL,6.0,0,1,"CASTEN, SEAN",D,"ROSKAM, PETER J.",169001.0,146445.0,0.0,315446.0,53.58,1,D,R,"ROSKAM, PETER J.",0,1,1,0,0.0,,,,0,0.3816209521905243,0.75*2016 + 0.25*2012; 2020 lines (Daily Kos),0.0
HOU_IL_07_2018,2018,house,IL,7.0,0,1,"DAVIS, DANNY K.",D,"CAMERON, CRAIG",215746.0,30497.0,0.0,246243.0,87.62,1,D,D,"DAVIS, DANNY K.",0,1,1,0,0.0,,,,0,38.495921844751216,0.75*2016 + 0.25*2012; 2020 lines (Daily Kos),0.0
HOU_IL_08_2018,2018,house,IL,8.0,0,1,"KRISHNAMOORTHI, S. RAJA",D,"DIGANVKER, JITENDRA (JD)",130054.0,67073.0,0.0,197127.0,65.97,1,D,D,"KRISHNAMOORTHI, S. RAJA",0,1,1,0,0.0,,,,0,9.316588223008024,0.75*2016 + 0.25*2012; 2020 lines (Daily Kos),0.0
HOU_IL_09_2018,2018,house,IL,9.0,0,1,"SCHAKOWSKY, JANICE D. (JAN)",D,"ELLESON, JOHN D.",213368.0,76983.0,0.0,290351.0,73.49,1,D,D,"SCHAKOWSKY, JANICE D. (JAN)",0,1,1,0,0.0,,,,0,20.52482940976106,0.75*2016 + 0.25*2012; 2020 lines (Daily Kos),0.0
HOU_IL_10_2018,2018,house,IL,10.0,0,1,"SCHNEIDER, BRADLEY SCOTT (BRAD)",D,"BENNETT, DOUGLAS R.",156540.0,82124.0,0.0,238664.0,65.59,1,D,D,"SCHNEIDER, BRADLEY SCOTT (BRAD)",0,1,1,0,0.0,,,,0,12.344873341598246,0.75*2016 + 0.25*2012; 2020 lines (Daily Kos),0.0
HOU_IL_11_2018,2018,house,IL,11.0,0,1,"FOSTER, G. WILLIAM (BILL)",D,"STELLA, DOMINICK (NICK)",145407.0,82358.0,0.0,227765.0,63.84,1,D,D,"FOSTER, G. WILLIAM (BILL)",0,1,1,0,0.0,,,,0,10.123704508436663,0.75*2016 + 0.25*2012; 2020 lines (Daily Kos),0.0
HOU_IL_12_2018,2018,house,IL,12.0,0,1,"KELLY, BRENDAN",D,"BOST, MICHAEL J. (MIKE)",118724.0,134884.0,7935.0,261543.0,46.81,1,R,R,"BOST, MICHAEL J. (MIKE)",0,1,1,1,3.03,"AUXIER, RANDY",Grn,3.03,0,-7.017815408184204,0.75*2016 + 0.25*2012; 2020 lines (Daily Kos),0.0
HOU_IL_13_2018,2018,house,IL,13.0,0,1,"LONDRIGAN, BETSY DIRKSEN",D,"DAVIS, RODNEY L.",134458.0,136516.0,0.0,270974.0,49.62,1,R,R,"DAVIS, RODNEY L.",0,1,1,0,0.0,,,,0,-3.594105342563617,0.75*2016 + 0.25*2012; 2020 lines (Daily Kos),0.0
HOU_IL_14_2018,2018,house,IL,14.0,0,1,"UNDERWOOD, LAUREN",D,"HULTGREN, RANDALL M. (RANDY)",156035.0,141164.0,0.0,297199.0,52.5,1,D,R,"HULTGREN, RANDALL M. (RANDY)",0,1,1,0,0.0,,,,0,-4.206626240341949,0.75*2016 + 0.25*2012; 2020 lines (Daily Kos),0.0
HOU_IL_15_2018,2018,house,IL,15.0,0,1,"GAITHER, KEVIN",D,"SHIMKUS, JOHN MONDY",74309.0,181294.0,0.0,255603.0,29.07,1,R,R,"SHIMKUS, JOHN MONDY",0,1,1,0,0.0,,,,0,-23.37563798432389,0.75*2016 + 0.25*2012; 2020 lines (Daily Kos),0.0
HOU_IL_16_2018,2018,house,IL,16.0,0,1,"DADY, SARA",D,"KINZINGER, ADAM",104569.0,151254.0,0.0,255823.0,40.88,1,R,R,"KINZINGER, ADAM",0,1,1,0,0.0,,,,0,-9.220718321036625,0.75*2016 + 0.25*2012; 2020 lines (Daily Kos),0.0
HOU_IL_17_2018,2018,house,IL,17.0,0,1,"BUSTOS, CHERI",D,"FAWELL, WILLIAM W. (BILL)",142659.0,87090.0,0.0,229749.0,62.09,1,D,D,"BUSTOS, CHERI",0,1,1,0,0.0,,,,0,0.5024135550053683,0.75*2016 + 0.25*2012; 2020 lines (Daily Kos),0.0
HOU_IL_18_2018,2018,house,IL,18.0,0,1,"RODRIGUEZ, JUNIUS",D,"LAHOOD, DARIN M.",95486.0,195927.0,0.0,291413.0,32.77,1,R,R,"LAHOOD, DARIN M.",0,1,1,0,0.0,,,,0,-15.277861319322444,0.75*2016 + 0.25*2012; 2020 lines (Daily Kos),0.0
HOU_IN_01_2018,2018,house,IN,1.0,0,1,"VISCLOSKY, PETER J. (PETE)",D,"LEYVA, MARK J.",159611.0,85594.0,0.0,245205.0,65.09,1,D,D,"VISCLOSKY, PETER J. (PETE)",0,1,1,0,0.0,,,,0,6.572483805484527,0.75*2016 + 0.25*2012; 2020 lines (Daily Kos),0.0
HOU_IN_02_2018,2018,house,IN,2.0,0,1,"HALL, MEL",D,"WALORSKI, JACKIE SWIHART",103363.0,125499.0,0.0,228862.0,45.16,1,R,R,"WALORSKI, JACKIE SWIHART",0,1,1,0,0.0,,,,0,-12.280277877629338,0.75*2016 + 0.25*2012; 2020 lines (Daily Kos),0.0
HOU_IN_03_2018,2018,house,IN,3.0,0,1,"TRITCH, COURTNEY",D,"BANKS, JAMES E. (JIM)",86610.0,158927.0,0.0,245537.0,35.27,1,R,R,"BANKS, JAMES E. (JIM)",0,1,1,0,0.0,,,,0,-18.568953204842103,0.75*2016 + 0.25*2012; 2020 lines (Daily Kos),0.0
HOU_IN_04_2018,2018,house,IN,4.0,0,1,"BECK, TOBI",D,"BAIRD, JAMES R. (JIM)",87824.0,156539.0,0.0,244363.0,35.94,1,R,,,1,1,1,0,0.0,,,,0,-17.98346723825159,0.75*2016 + 0.25*2012; 2020 lines (Daily Kos),0.0
HOU_IN_05_2018,2018,house,IN,5.0,0,1,"THORNTON, DEE",D,"BROOKS, SUSAN W.",137142.0,180035.0,0.0,317177.0,43.24,1,R,R,"BROOKS, SUSAN W.",0,1,1,0,0.0,,,,0,-8.202711688502387,0.75*2016 + 0.25*2012; 2020 lines (Daily Kos),0.0
HOU_IN_06_2018,2018,house,IN,6.0,0,1,"LAKE, JEANNINE LEE",D,"PENCE, GREG",79430.0,154260.0,8030.0,241720.0,33.99,1,R,,,1,1,1,1,3.32,"FERKINHOFF, TOM",Lbt,3.32,0,-20.250221599050217,0.75*2016 + 0.25*2012; 2020 lines (Daily Kos),0.0
HOU_IN_07_2018,2018,house,IN,7.0,0,1,"CARSON, ANDRE D.",D,"HARMON, WAYNE E. (GUNNY)",141139.0,76457.0,0.0,217596.0,64.86,1,D,D,"CARSON, ANDRE D.",0,1,1,0,0.0,,,,0,11.126171584029876,0.75*2016 + 0.25*2012; 2020 lines (Daily Kos),0.0
HOU_IN_08_2018,2018,house,IN,8.0,0,1,"TANOOS, WILLIAM",D,"BUCSHON, LARRY D.",86895.0,157396.0,0.0,244291.0,35.57,1,R,R,"BUCSHON, LARRY D.",0,1,1,0,0.0,,,,0,-17.0116066355409,0.75*2016 + 0.25*2012; 2020 lines (Daily Kos),0.0
HOU_IN_09_2018,2018,house,IN,9.0,0,1,"WATSON, LIZ",D,"HOLLINGSWORTH, JOSEPH A. (TREY), III",118090.0,153271.0,0.0,271361.0,43.52,1,R,R,"HOLLINGSWORTH, JOSEPH A. (TREY), III",0,1,1,0,0.0,,,,0,-14.070073832813277,0.75*2016 + 0.25*2012; 2020 lines (Daily Kos),0.0
HOU_KS_01_2018,2018,house,KS,1.0,0,1,"LAPOLICE, ALAN",D,"MARSHALL, ROGER W.",71558.0,153082.0,0.0,224640.0,31.85,1,R,R,"MARSHALL, ROGER W.",0,1,1,0,0.0,,,,0,-24.816821537913214,0.75*2016 + 0.25*2012; 2020 lines (Daily Kos),0.0
HOU_KS_02_2018,2018,house,KS,2.0,0,1,"DAVIS, PAUL",D,"WATKINS, STEVE",123859.0,126098.0,14731.0,264688.0,49.55,1,R,,,1,1,1,1,5.57,"STANDLEY, KELLY",Lbt,5.57,0,-10.460448267672732,0.75*2016 + 0.25*2012; 2020 lines (Daily Kos),0.0
HOU_KS_03_2018,2018,house,KS,3.0,0,1,"DAVIDS, SHARICE",D,"YODER, KEVIN W.",170518.0,139762.0,8021.0,318301.0,54.96,1,D,R,"YODER, KEVIN W.",0,1,1,1,2.52,"CLEMMONS, CHRISTOPHER KELLY",Lbt,2.52,0,-2.0966401168086,0.75*2016 + 0.25*2012; 2020 lines (Daily Kos),0.0
HOU_KS_04_2018,2018,house,KS,4.0,0,1,"THOMPSON, JAMES A.",D,"ESTES, RON",98445.0,144248.0,0.0,242693.0,40.56,1,R,R,"ESTES, RON",0,1,1,0,0.0,,,,0,-15.591283691794334,0.75*2016 + 0.25*2012; 2020 lines (Daily Kos),0.0
HOU_KY_01_2018,2018,house,KY,1.0,0,1,"WALKER, PAUL",D,"COMER, JAMES R. (JAMIE), JR.",78849.0,172167.0,0.0,251016.0,31.41,1,R,R,"COMER, JAMES R. (JAMIE), JR.",0,1,1,0,0.0,,,,0,-24.610116147400383,0.75*2016 + 0.25*2012; 2020 lines (Daily Kos),0.0
HOU_KY_02_2018,2018,house,KY,2.0,0,1,"LINDERMAN, HANK",D,"GUTHRIE, STEVEN (BRETT)",79964.0,171700.0,5681.0,257345.0,31.77,1,R,R,"GUTHRIE, STEVEN (BRETT)",0,1,1,1,2.21,"LOECKEN, THOMAS A.",I,2.21,0,-20.688027109193165,0.75*2016 + 0.25*2012; 2020 lines (Daily Kos),0.0
HOU_KY_03_2018,2018,house,KY,3.0,0,1,"YARMUTH, JOHN A.",D,"GLISSON, VICKIE YATES B.",173002.0,101930.0,3788.0,278720.0,62.93,1,D,D,"YARMUTH, JOHN A.",0,1,1,1,1.36,"BOLES, GREGORY",Lbt,1.36,0,6.182033966436521,0.75*2016 + 0.25*2012; 2020 lines (Daily Kos),0.0
HOU_KY_04_2018,2018,house,KY,4.0,0,1,"HALL, SETH",D,"MASSIE, THOMAS H.",90536.0,162946.0,8318.0,261800.0,35.72,1,R,R,"MASSIE, THOMAS H.",0,1,1,1,3.18,"MOFFETT, MIKE",I,3.18,0,-19.26872244622353,0.75*2016 + 0.25*2012; 2020 lines (Daily Kos),0.0
HOU_KY_05_2018,2018,house,KY,5.0,0,1,"STEPP, KENNETH S. (KEN)",D,"ROGERS, HAROLD DALLAS (HAL)",45890.0,172093.0,0.0,217983.0,21.05,1,R,R,"ROGERS, HAROLD DALLAS (HAL)",0,1,1,0,0.0,,,,0,-31.96183200089136,0.75*2016 + 0.25*2012; 2020 lines (Daily Kos),0.0
HOU_KY_06_2018,2018,house,KY,6.0,0,1,"MCGRATH, AMY",D,"BARR, GARLAND (ANDY)",144736.0,154468.0,3684.0,302888.0,48.37,1,R,R,"BARR, GARLAND (ANDY)",0,1,1,3,1.22,"HARRIS, FRANK",Lbt,0.71,0,-9.199820758624355,0.75*2016 + 0.25*2012; 2020 lines (Daily Kos),0.0
HOU_LA_01_2018,2018,house,LA,1.0,0,1,,,"SCALISE, STEPHEN J. (STEVE)",0.0,0.0,0.0,0.0,,0,R,R,"SCALISE, STEPHEN J. (STEVE)",0,0,1,0,,,,,0,-23.51381294643038,0.75*2016 + 0.25*2012; 2020 lines (Daily Kos),0.0
HOU_LA_02_2018,2018,house,LA,2.0,0,1,"RICHMOND, CEDRIC L.",,,0.0,0.0,0.0,0.0,,0,D,D,"RICHMOND, CEDRIC L.",0,1,0,0,,,,,0,25.6209850837703,0.75*2016 + 0.25*2012; 2020 lines (Daily Kos),0.0
HOU_LA_03_2018,2018,house,LA,3.0,0,1,,,"HIGGINS, CLAY",0.0,0.0,0.0,0.0,,0,R,R,"HIGGINS, CLAY",0,0,1,0,,,,,0,-20.47929271408266,0.75*2016 + 0.25*2012; 2020 lines (Daily Kos),0.0
HOU_LA_04_2018,2018,house,LA,4.0,0,1,,,"JOHNSON, JAMES MICHAEL (MIKE)",0.0,0.0,0.0,0.0,,0,R,R,"JOHNSON, JAMES MICHAEL (MIKE)",0,0,1,0,,,,,0,-13.07934818873102,0.75*2016 + 0.25*2012; 2020 lines (Daily Kos),0.0
HOU_LA_05_2018,2018,house,LA,5.0,0,1,,,"ABRAHAM, RALPH LEE",0.0,0.0,0.0,0.0,,0,R,R,"ABRAHAM, RALPH LEE",0,0,1,0,,,,,0,-15.62361624575088,0.75*2016 + 0.25*2012; 2020 lines (Daily Kos),0.0
HOU_LA_06_2018,2018,house,LA,6.0,0,1,,,"GRAVES, GARRET",0.0,0.0,0.0,0.0,,0,R,R,"GRAVES, GARRET",0,0,1,0,,,,,0,-18.95657217300328,0.75*2016 + 0.25*2012; 2020 lines (Daily Kos),0.0
HOU_MA_01_2018,2018,house,MA,1.0,0,1,"NEAL, RICHARD E.",D,,211790.0,0.0,0.0,211790.0,,0,D,D,"NEAL, RICHARD E.",0,1,0,0,0.0,,,,0,10.6692464818283,0.75*2016 + 0.25*2012; 2020 lines (Daily Kos),0.0
HOU_MA_02_2018,2018,house,MA,2.0,0,1,"MCGOVERN, JAMES P. (JIM)",D,"LOVVORN, TRACY LYN",191332.0,93391.0,0.0,284723.0,67.2,1,D,D,"MCGOVERN, JAMES P. (JIM)",0,1,1,0,0.0,,,,0,8.924496318035423,0.75*2016 + 0.25*2012; 2020 lines (Daily Kos),0.0
HOU_MA_03_2018,2018,house,MA,3.0,0,1,"TRAHAN, LORI LOUREIRO",D,"GREEN, RICK",173175.0,93445.0,12572.0,279192.0,64.95,1,D,,,1,1,1,1,4.5,"MULLEN, MICHAEL P.",I,4.5,0,9.74445581125649,0.75*2016 + 0.25*2012; 2020 lines (Daily Kos),0.0
HOU_MA_04_2018,2018,house,MA,4.0,0,1,"KENNEDY, JOSEPH P. (JOE), III",D,,245289.0,0.0,0.0,245289.0,,0,D,D,"KENNEDY, JOSEPH P. (JOE), III",0,1,0,0,0.0,,,,0,10.26943564294821,0.75*2016 + 0.25*2012; 2020 lines (Daily Kos),0.0
HOU_MA_05_2018,2018,house,MA,5.0,0,1,"CLARK, KATHERINE M.",D,"HUGO, JOHN",236243.0,74856.0,0.0,311099.0,75.94,1,D,D,"CLARK, KATHERINE M.",0,1,1,0,0.0,,,,0,19.926454594747472,0.75*2016 + 0.25*2012; 2020 lines (Daily Kos),0.0
HOU_MA_06_2018,2018,house,MA,6.0,0,1,"MOULTON, SETH W.",D,"SCHNEIDER, JOSEPH S.",217703.0,104798.0,11309.0,333810.0,67.5,1,D,D,"MOULTON, SETH W.",0,1,1,1,3.39,"CHARBONNEAU, MARY JEAN",I,3.39,0,7.103961687504926,0.75*2016 + 0.25*2012; 2020 lines (Daily Kos),0.0
HOU_MA_07_2018,2018,house,MA,7.0,0,1,"PRESSLEY, AYANNA S.",D,,216559.0,0.0,0.0,216559.0,,0,D,,,1,1,0,0,0.0,,,,0,35.32592984200005,0.75*2016 + 0.25*2012; 2020 lines (Daily Kos),0.0
HOU_MA_08_2018,2018,house,MA,8.0,0,1,"LYNCH, STEPHEN F.",D,,259159.0,0.0,0.0,259159.0,,0,D,D,"LYNCH, STEPHEN F.",0,1,0,0,0.0,,,,0,11.075623065123676,0.75*2016 + 0.25*2012; 2020 lines (Daily Kos),0.0
HOU_MA_09_2018,2018,house,MA,9.0,0,1,"KEATING, WILLIAM RICHARD (BILL)",D,"TEDESCHI, PETER D.",192347.0,131463.0,0.0,323810.0,59.4,1,D,D,"KEATING, WILLIAM RICHARD (BILL)",0,1,1,0,0.0,,,,0,4.455818040543285,0.75*2016 + 0.25*2012; 2020 lines (Daily Kos),0.0
HOU_MD_01_2018,2018,house,MD,1.0,0,1,"COLVIN, JESSE",D,"HARRIS, ANDREW P. (ANDY)",116631.0,183662.0,5744.0,306037.0,38.84,1,R,R,"HARRIS, ANDREW P. (ANDY)",0,1,1,1,1.88,"MARTIN, JENICA",Lbt,1.88,0,-15.496427382585743,0.75*2016 + 0.25*2012; 2020 lines (Daily Kos),0.0
HOU_MD_02_2018,2018,house,MD,2.0,0,1,"RUPPERSBERGER, C.A. (DUTCH)",D,"MATORY, ELIZABETH (LIZ)",167201.0,77782.0,8119.0,253102.0,68.25,1,D,D,"RUPPERSBERGER, C.A. (DUTCH)",0,1,1,2,3.21,"CARNEY, MICHAEL",Lbt,2.06,0,11.75489119893317,0.75*2016 + 0.25*2012; 2020 lines (Daily Kos),0.0
HOU_MD_03_2018,2018,house,MD,3.0,0,1,"SARBANES, JOHN P.",D,"ANTHONY, CHARLES",202407.0,82774.0,7476.0,292657.0,70.97,1,D,D,"SARBANES, JOHN P.",0,1,1,1,2.55,"LASHAR, JAMES DAVID",Lbt,2.55,0,13.682409139161097,0.75*2016 + 0.25*2012; 2020 lines (Daily Kos),0.0
HOU_MD_04_2018,2018,house,MD,4.0,0,1,"BROWN, ANTHONY G.",D,"MCDERMOTT, GEORGE EDWARD",209642.0,53327.0,5326.0,268295.0,79.72,1,D,D,"BROWN, ANTHONY G.",0,1,1,1,1.99,"BISHOP, DAVE",Lbt,1.99,0,28.106464995670507,0.75*2016 + 0.25*2012; 2020 lines (Daily Kos),0.0
HOU_MD_05_2018,2018,house,MD,5.0,0,1,"HOYER, STENY HAMILTON",D,"DEVINE, WILLIAM A., III",213796.0,82361.0,7773.0,303930.0,72.19,1,D,D,"HOYER, STENY HAMILTON",0,1,1,3,2.56,"ELDER, PATRICK J.",Grn,1.34,0,15.36934240498198,0.75*2016 + 0.25*2012; 2020 lines (Daily Kos),0.0
HOU_MD_06_2018,2018,house,MD,6.0,0,1,"TRONE, DAVID J.",D,"HOEBER, AMORETTA (AMIE)",163346.0,105209.0,8247.0,276802.0,60.82,1,D,,,1,1,1,2,2.98,"CALDWELL, KEVIN T.",Lbt,1.8,0,6.093128088783873,0.75*2016 + 0.25*2012; 2020 lines (Daily Kos),0.0
HOU_MD_07_2018,2018,house,MD,7.0,0,1,"CUMMINGS, ELIJAH E.",D,"DAVIS, RICHMOND",202345.0,56266.0,5827.0,264438.0,78.24,1,D,D,"CUMMINGS, ELIJAH E.",0,1,1,1,2.2,"GRIGGS, DAVID R.",Lbt,2.2,0,27.16913225721072,0.75*2016 + 0.25*2012; 2020 lines (Daily Kos),0.0
HOU_MD_08_2018,2018,house,MD,8.0,0,1,"RASKIN, JAMIN B. (JAMIE)",D,"WALSH, JOHN",217679.0,96525.0,4853.0,319057.0,69.28,1,D,D,"RASKIN, JAMIN B. (JAMIE)",0,1,1,1,1.52,"WUNDER, JASEN JOSEPH",Lbt,1.52,0,15.442776794091332,0.75*2016 + 0.25*2012; 2020 lines (Daily Kos),0.0
HOU_ME_01_2018,2018,house,ME,1.0,0,1,"PINGREE, ROCHELLE M. (CHELLIE)",D,"HOLBROOK, MARK I.",201195.0,111188.0,29670.0,342053.0,64.41,1,D,D,"PINGREE, ROCHELLE M. (CHELLIE)",0,1,1,1,8.67,"GROHMAN, MARTIN J.",I,8.67,0,7.319700964584999,0.75*2016 + 0.25*2012; 2020 lines (Daily Kos),0.0
HOU_ME_02_2018,2018,house,ME,2.0,0,1,"GOLDEN, JARED FORREST",D,"POLIQUIN, BRUCE L.",139231.0,136326.0,0.0,275557.0,50.53,1,D,R,"POLIQUIN, BRUCE L.",0,1,1,0,0.0,,,,0,-4.433629621480484,0.75*2016 + 0.25*2012; 2020 lines (Daily Kos),0.0
HOU_MI_01_2018,2018,house,MI,1.0,0,1,"MORGAN, MATTHEW W.",D,"BERGMAN, JACK",145246.0,187251.0,0.0,332497.0,43.68,1,R,R,"BERGMAN, JACK",0,1,1,0,0.0,,,,0,-10.874855643499655,0.75*2016 + 0.25*2012; 2020 lines (Daily Kos),0.0
HOU_MI_02_2018,2018,house,MI,2.0,0,1,"DAVIDSON, ROB",D,"HUIZENGA, WILLIAM P. (BILL)",131254.0,168970.0,5239.0,305463.0,43.72,1,R,R,"HUIZENGA, WILLIAM P. (BILL)",0,1,1,1,1.72,"GRAESER, RONALD E.",Other,1.72,0,-10.000281241544036,0.75*2016 + 0.25*2012; 2020 lines (Daily Kos),0.0
HOU_MI_03_2018,2018,house,MI,3.0,0,1,"ALBRO, CATHY",D,"AMASH, JUSTIN",134185.0,169107.0,7445.0,310737.0,44.24,1,R,R,"AMASH, JUSTIN",0,1,1,1,2.4,"GERRARD, TED",Other,2.4,0,-6.084866939853439,0.75*2016 + 0.25*2012; 2020 lines (Daily Kos),0.0
HOU_MI_04_2018,2018,house,MI,4.0,0,1,"HILLIARD, JERRY",D,"MOOLENAAR, JOHN R.",106540.0,178510.0,0.0,285050.0,37.38,1,R,R,"MOOLENAAR, JOHN R.",0,1,1,0,0.0,,,,0,-12.272863053720275,0.75*2016 + 0.25*2012; 2020 lines (Daily Kos),0.0
HOU_MI_05_2018,2018,house,MI,5.0,0,1,"KILDEE, DANIEL TIMOTHY (DAN)",D,"WINES, TRAVIS",164502.0,99265.0,12646.0,276413.0,62.37,1,D,D,"KILDEE, DANIEL TIMOTHY (DAN)",0,1,1,1,4.58,"GOODWIN, KATHY",Other,4.58,0,3.1335401527170017,0.75*2016 + 0.25*2012; 2020 lines (Daily Kos),0.0
HOU_MI_06_2018,2018,house,MI,6.0,0,1,"LONGJOHN, MATT",D,"UPTON, FREDERICK STEPHEN (FRED)",134082.0,147436.0,11920.0,293438.0,47.63,1,R,R,"UPTON, FREDERICK STEPHEN (FRED)",0,1,1,1,4.06,"YOUNG, STEPHEN J.",Other,4.06,0,-4.90323356543776,0.75*2016 + 0.25*2012; 2020 lines (Daily Kos),0.0
HOU_MI_07_2018,2018,house,MI,7.0,0,1,"DRISKELL, GRETCHEN D.",D,"WALBERG, TIMOTHY L. (TIM)",136330.0,158730.0,0.0,295060.0,46.2,1,R,R,"WALBERG, TIMOTHY L. (TIM)",0,1,1,0,0.0,,,,0,-8.546302721894222,0.75*2016 + 0.25*2012; 2020 lines (Daily Kos),0.0
HOU_MI_08_2018,2018,house,MI,8.0,0,1,"SLOTKIN, ELISSA",D,"BISHOP, MIKE",172880.0,159782.0,8931.0,341593.0,51.97,1,D,R,"BISHOP, MIKE",0,1,1,2,2.61,"ELLISON, BRIAN",Lbt,1.84,0,-4.468383737942869,0.75*2016 + 0.25*2012; 2020 lines (Daily Kos),0.0
HOU_MI_09_2018,2018,house,MI,9.0,0,1,"LEVIN, ANDY",D,"STEARNS, CANDIUS",181734.0,112123.0,10706.0,304563.0,61.84,1,D,,,1,1,1,2,3.52,"KIRBY, ANDREA L.",Other,2.23,0,3.600906446693089,0.75*2016 + 0.25*2012; 2020 lines (Daily Kos),0.0
HOU_MI_10_2018,2018,house,MI,10.0,0,1,"BIZON, KIMBERLY",D,"MITCHELL, PAUL",106061.0,182808.0,14195.0,303064.0,36.72,1,R,R,"MITCHELL, PAUL",0,1,1,2,4.68,"PERUSKI, JEREMY",I,3.74,0,-15.48275323876724,0.75*2016 + 0.25*2012; 2020 lines (Daily Kos),0.0
HOU_MI_11_2018,2018,house,MI,11.0,0,1,"STEVENS, HALEY M.",D,"EPSTEIN, LENA",181912.0,158463.0,10526.0,350901.0,53.44,1,D,,,1,1,1,2,3.0,"SCHWARTZ, LEONARD C.",Lbt,1.65,0,-3.780282258403029,0.75*2016 + 0.25*2012; 2020 lines (Daily Kos),0.0
HOU_MI_12_2018,2018,house,MI,12.0,0,1,"DINGELL, DEBBIE INSLEY",D,"JONES, JEFFREY W. (JEFF)",200588.0,85115.0,8925.0,294628.0,70.21,1,D,D,"DINGELL, DEBBIE INSLEY",0,1,1,2,3.03,"WALKOWICZ, GARY",Other,2.28,0,13.213283147055874,0.75*2016 + 0.25*2012; 2020 lines (Daily Kos),0.0
HOU_MI_13_2018,2018,house,MI,13.0,0,1,"TLAIB, RASHIDA",D,,165355.0,0.0,30166.0,195521.0,,0,D,,,1,1,0,2,15.43,"JOHNSON, SAM",Other,11.35,0,31.00586552576848,0.75*2016 + 0.25*2012; 2020 lines (Daily Kos),0.0
HOU_MI_14_2018,2018,house,MI,14.0,0,1,"LAWRENCE, BRENDA LUIENAR",D,"HERSCHFUS, MARC S.",214334.0,45899.0,4761.0,264994.0,82.36,1,D,D,"LAWRENCE, BRENDA LUIENAR",0,1,1,1,1.8,"KOLODY, PHILIP",Other,1.8,0,29.90445191514118,0.75*2016 + 0.25*2012; 2020 lines (Daily Kos),0.0
HOU_MN_01_2018,2018,house,MN,1.0,0,1,"FEEHAN, DAN",D,"HAGEDORN, JAMES (JIM)",144885.0,146200.0,0.0,291085.0,49.77,1,R,,,1,1,1,0,0.0,,,,0,-7.299500975310437,0.75*2016 + 0.25*2012; 2020 lines (Daily Kos),0.0
HOU_MN_02_2018,2018,house,MN,2.0,0,1,"CRAIG, ANGELA DAWN (ANGIE)",D,"LEWIS, JASON",177958.0,159344.0,0.0,337302.0,52.76,1,D,R,"LEWIS, JASON",0,1,1,0,0.0,,,,0,-1.855045480282484,0.75*2016 + 0.25*2012; 2020 lines (Daily Kos),0.0
HOU_MN_03_2018,2018,house,MN,3.0,0,1,"PHILLIPS, DEAN",D,"PAULSEN, ERIK",202404.0,160839.0,0.0,363243.0,55.72,1,D,R,"PAULSEN, ERIK",0,1,1,0,0.0,,,,0,2.5786477403547003,0.75*2016 + 0.25*2012; 2020 lines (Daily Kos),0.0
HOU_MN_04_2018,2018,house,MN,4.0,0,1,"MCCOLLUM, BETTY",D,"RYAN, GREG",216865.0,97747.0,13776.0,328388.0,68.93,1,D,D,"MCCOLLUM, BETTY",0,1,1,1,4.2,"SINDT, SUSAN PENDERGAST",Other,4.2,0,14.678760244397626,0.75*2016 + 0.25*2012; 2020 lines (Daily Kos),0.0
HOU_MN_05_2018,2018,house,MN,5.0,0,1,"OMAR, ILHAN",D,"ZIELINSKI, JENNIFER",267703.0,74440.0,0.0,342143.0,78.24,1,D,,,1,1,1,0,0.0,,,,0,27.441171609232857,0.75*2016 + 0.25*2012; 2020 lines (Daily Kos),0.0
HOU_MN_06_2018,2018,house,MN,6.0,0,1,"TODD, IAN",D,"EMMER, THOMAS (TOM)",122332.0,192931.0,0.0,315263.0,38.8,1,R,R,"EMMER, THOMAS (TOM)",0,1,1,0,0.0,,,,0,-13.724470351584186,0.75*2016 + 0.25*2012; 2020 lines (Daily Kos),0.0
HOU_MN_07_2018,2018,house,MN,7.0,0,1,"PETERSON, COLLIN CLARK",D,"HUGHES, DAVE",146672.0,134668.0,0.0,281340.0,52.13,1,D,D,"PETERSON, COLLIN CLARK",0,1,1,0,0.0,,,,0,-15.04250940431654,0.75*2016 + 0.25*2012; 2020 lines (Daily Kos),0.0
HOU_MN_08_2018,2018,house,MN,8.0,0,1,"RADINOVICH, JOE",D,"STAUBER, PETE",141950.0,159364.0,12741.0,314055.0,47.11,1,R,,,1,1,1,1,4.06,"SANDMAN, RAY SKIP",Other,4.06,0,-6.985977988380567,0.75*2016 + 0.25*2012; 2020 lines (Daily Kos),0.0
HOU_MO_01_2018,2018,house,MO,1.0,0,1,"CLAY, WILLIAM LACY (BILL), JR.",D,"VROMAN, ROBERT",219781.0,45867.0,8727.0,274375.0,82.73,1,D,D,"CLAY, WILLIAM LACY (BILL), JR.",0,1,1,1,3.18,"CUNNINGHAM, ROBB E.",Lbt,3.18,0,29.1153108125608,0.75*2016 + 0.25*2012; 2020 lines (Daily Kos),0.0
HOU_MO_02_2018,2018,house,MO,2.0,0,1,"VANOSTRAN, CORT",D,"WAGNER, ANN L.",177611.0,192477.0,5969.0,376057.0,47.99,1,R,R,"WAGNER, ANN L.",0,1,1,2,1.59,"KIRK, LARRY A.",Lbt,1.12,0,-7.430505146025335,0.75*2016 + 0.25*2012; 2020 lines (Daily Kos),0.0
HOU_MO_03_2018,2018,house,MO,3.0,0,1,"GEPPERT, KATY",D,"LUETKEMEYER, W. BLAINE",106589.0,211243.0,6776.0,324608.0,33.54,1,R,R,"LUETKEMEYER, W. BLAINE",0,1,1,1,2.09,"STOLLE, DONALD V.",Lbt,2.09,0,-20.05626311588357,0.75*2016 + 0.25*2012; 2020 lines (Daily Kos),0.0
HOU_MO_04_2018,2018,house,MO,4.0,0,1,"HOAGENSON, SUZANNE RENEE",D,"HARTZLER, VICKY J.",95968.0,190138.0,7210.0,293316.0,33.54,1,R,R,"HARTZLER, VICKY J.",0,1,1,1,2.46,"BLISS, MARK",Lbt,2.46,0,-18.797410221051152,0.75*2016 + 0.25*2012; 2020 lines (Daily Kos),0.0
HOU_MO_05_2018,2018,house,MO,5.0,0,1,"CLEAVER, EMANUEL, II",D,"TURK, JACOB",175019.0,101069.0,7692.0,283780.0,63.39,1,D,D,"CLEAVER, EMANUEL, II",0,1,1,3,2.71,"HOWELL, ALEXANDER",Lbt,1.67,0,6.450604309240138,0.75*2016 + 0.25*2012; 2020 lines (Daily Kos),0.0
HOU_MO_06_2018,2018,house,MO,6.0,0,1,"MARTIN, HENRY ROBERT",D,"GRAVES, SAMUEL B. (SAM), JR.",97660.0,199796.0,7953.0,305409.0,32.83,1,R,R,"GRAVES, SAMUEL B. (SAM), JR.",0,1,1,1,2.6,"HOGAN, DAN",Lbt,2.6,0,-16.64394537186955,0.75*2016 + 0.25*2012; 2020 lines (Daily Kos),0.0
HOU_MO_07_2018,2018,house,MO,7.0,0,1,"SCHOOLCRAFT, JAMIE DANIEL",D,"LONG, BILLY",89190.0,196343.0,10920.0,296453.0,31.24,1,R,R,"LONG, BILLY",0,1,1,1,3.68,"BRIXEY, BENJAMIN T.",Lbt,3.68,0,-24.150745781352825,0.75*2016 + 0.25*2012; 2020 lines (Daily Kos),0.0
HOU_MO_08_2018,2018,house,MO,8.0,0,1,"ELLIS, KATHY",D,"SMITH, JASON T.",66151.0,194042.0,4206.0,264399.0,25.42,1,R,R,"SMITH, JASON T.",0,1,1,1,1.59,"SHELL, JONATHAN LEE",Lbt,1.59,0,-26.84435487858055,0.75*2016 + 0.25*2012; 2020 lines (Daily Kos),0.0
HOU_MS_01_2018,2018,house,MS,1.0,0,1,"WADKINS, RANDY",D,"KELLY, JOHN TRENT",76601.0,158245.0,1675.0,236521.0,32.62,1,R,R,"KELLY, JOHN TRENT",0,1,1,1,0.71,"HILL, TRACELLA LOU O'HARA",Other,0.71,0,-17.148699962261865,0.75*2016 + 0.25*2012; 2020 lines (Daily Kos),0.0
HOU_MS_02_2018,2018,house,MS,2.0,0,1,"THOMPSON, BENNIE G.",D,,158921.0,0.0,62458.0,221379.0,,0,D,D,"THOMPSON, BENNIE G.",0,1,0,2,28.21,"RAY, TROY",I,21.73,0,13.61498699355272,0.75*2016 + 0.25*2012; 2020 lines (Daily Kos),0.0
HOU_MS_03_2018,2018,house,MS,3.0,0,1,"EVANS, MICHAEL TED",D,"GUEST, MICHAEL",94461.0,160284.0,2526.0,257271.0,37.08,1,R,,,1,1,1,1,0.98,"HOLLAND, MATTHEW",Other,0.98,0,-13.390798402333038,0.75*2016 + 0.25*2012; 2020 lines (Daily Kos),0.0
HOU_MS_04_2018,2018,house,MS,4.0,0,1,"ANDERSON, JERAMEY",D,"PALAZZO, STEVEN MCCARTY",68787.0,152633.0,2312.0,223732.0,31.07,1,R,R,"PALAZZO, STEVEN MCCARTY",0,1,1,1,1.03,"SHEETS, LAJENA",Other,1.03,0,-21.77615618323231,0.75*2016 + 0.25*2012; 2020 lines (Daily Kos),0.0
HOU_MT_01_2018,2018,house,MT,1.0,0,1,"WILLIAMS, KATHLEEN",D,"GIANFORTE, GREG",233284.0,256661.0,14476.0,504421.0,47.61,1,R,R,"GIANFORTE, GREG",0,1,1,1,2.87,"SWANSON, ELINOR",Lbt,2.87,0,-11.465159341732363,0.75*2016 + 0.25*2012; 2020 lines (Daily Kos),0.0
HOU_NC_01_2018,2018,house,NC,1.0,0,1,"BUTTERFIELD, GEORGE K. (G.K.), JR.",D,"ALLISON, ROGER W.",190457.0,82218.0,0.0,272675.0,69.85,1,D,D,"BUTTERFIELD, GEORGE K. (G.K.), JR.",0,1,1,0,0.0,,,,0,20.51,old course file (PS9 2016 values),0.0
HOU_NC_02_2018,2018,house,NC,2.0,0,1,"COLEMAN, LINDA D.",D,"HOLDING, GEORGE E.B.",151977.0,170072.0,9655.0,331704.0,47.19,1,R,R,"HOLDING, GEORGE E.B.",0,1,1,1,2.91,"MATEMU, JEFF",Lbt,2.91,0,-10.12,old course file (PS9 2016 values),0.0
HOU_NC_03_2018,2018,house,NC,3.0,0,1,,,"JONES, WALTER B., JR.",0.0,187901.0,0.0,187901.0,,0,R,R,"JONES, WALTER B., JR.",0,0,1,0,0.0,,,,0,-11.35,old course file (PS9 2016 values),0.0
HOU_NC_04_2018,2018,house,NC,4.0,0,1,"PRICE, DAVID EUGENE",D,"VON LOOR, STEVE A.",247067.0,82052.0,12284.0,341403.0,75.07,1,D,D,"PRICE, DAVID EUGENE",0,1,1,1,3.6,"HOWE, BARBARA J.",Lbt,3.6,0,20.68,old course file (PS9 2016 values),0.0
HOU_NC_05_2018,2018,house,NC,5.0,0,1,"ADAMS, D.D.",D,"FOXX, VIRGINIA ANN",120468.0,159917.0,0.0,280385.0,42.97,1,R,R,"FOXX, VIRGINIA ANN",0,1,1,0,0.0,,,,0,-11.58,old course file (PS9 2016 values),0.0
HOU_NC_06_2018,2018,house,NC,6.0,0,1,"WATTS, RYAN",D,"WALKER, BRADLEY MARK",123651.0,160709.0,0.0,284360.0,43.48,1,R,R,"WALKER, BRADLEY MARK",0,1,1,0,0.0,,,,0,-10.45,old course file (PS9 2016 values),0.0
HOU_NC_07_2018,2018,house,NC,7.0,0,1,"HORTON, LAUREN KYLE",D,"ROUZER, DAVID CHESTON",120838.0,156809.0,4665.0,282312.0,43.52,1,R,R,"ROUZER, DAVID CHESTON",0,1,1,1,1.65,"FALLIN, DAVID W.",Other,1.65,0,-11.72,old course file (PS9 2016 values),0.0
HOU_NC_08_2018,2018,house,NC,8.0,0,1,"MCNEILL, FRANK",D,"HUDSON, RICHARD L., JR.",114119.0,141402.0,0.0,255521.0,44.66,1,R,R,"HUDSON, RICHARD L., JR.",0,1,1,0,0.0,,,,0,-10.88,old course file (PS9 2016 values),0.0
HOU_NC_09_2018,2018,house,NC,9.0,0,1,"MCCREADY, DAN",D,"HARRIS, MARK",138341.0,139246.0,5130.0,282717.0,49.84,1,,,,1,1,1,1,1.81,"SCOTT, JEFF",Lbt,1.81,0,-8.6099997,old course file (PS9 2016 values),0.0
HOU_NC_10_2018,2018,house,NC,10.0,0,1,"BROWN, DAVID WILSON",D,"MCHENRY, PATRICK TIMOTHY",113259.0,164969.0,0.0,278228.0,40.71,1,R,R,"MCHENRY, PATRICK TIMOTHY",0,1,1,0,0.0,,,,0,-10.81,old course file (PS9 2016 values),0.0
HOU_NC_11_2018,2018,house,NC,11.0,0,1,"PRICE, PHILLIP G.",D,"MEADOWS, MARK R.",116508.0,178012.0,6146.0,300666.0,39.56,1,R,R,"MEADOWS, MARK R.",0,1,1,1,2.04,"INGRAM, CLIFTON B., JR.",Lbt,2.04,0,-13.38,old course file (PS9 2016 values),0.0
HOU_NC_12_2018,2018,house,NC,12.0,0,1,"ADAMS, ALMA SHEALEY",D,"WRIGHT, PAUL",203974.0,75164.0,0.0,279138.0,73.07,1,D,D,"ADAMS, ALMA SHEALEY",0,1,1,0,0.0,,,,0,26.58,old course file (PS9 2016 values),0.0
HOU_NC_13_2018,2018,house,NC,13.0,0,1,"MANNING, KATHY E.",D,"BUDD, THEODORE PAUL (TED)",130402.0,147570.0,8344.0,286316.0,46.91,1,R,R,"BUDD, THEODORE PAUL (TED)",0,1,1,2,2.91,"BAILEY, TOM",Lbt,1.93,0,-8.5900002,old course file (PS9 2016 values),0.0
HOU_ND_01_2018,2018,house,ND,1.0,0,1,"SCHNEIDER, MAC",D,"ARMSTRONG, KELLY",114377.0,193568.0,13066.0,321011.0,37.14,1,R,,,1,1,1,1,4.07,"TUTTLE, CHARLES",I,4.07,0,-18.760759095488435,0.75*2016 + 0.25*2012; 2020 lines (Daily Kos),0.0
HOU_NE_01_2018,2018,house,NE,1.0,0,1,"MCCLURE, JESSICA",D,"FORTENBERRY, JEFFREY (JEFF)",93069.0,141712.0,0.0,234781.0,39.64,1,R,R,"FORTENBERRY, JEFFREY (JEFF)",0,1,1,0,0.0,,,,0,-11.990542008067552,0.75*2016 + 0.25*2012; 2020 lines (Daily Kos),0.0
HOU_NE_02_2018,2018,house,NE,2.0,0,1,"EASTMAN, KARA",D,"BACON, DONALD JOHN (DON)",121770.0,126715.0,0.0,248485.0,49.0,1,R,R,"BACON, DONALD JOHN (DON)",0,1,1,0,0.0,,,,0,-3.167633103982252,0.75*2016 + 0.25*2012; 2020 lines (Daily Kos),0.0
HOU_NE_03_2018,2018,house,NE,3.0,0,1,"THEOBALD, PAUL",D,"SMITH, ADRIAN M.",49654.0,163650.0,0.0,213304.0,23.28,1,R,R,"SMITH, ADRIAN M.",0,1,1,0,0.0,,,,0,-28.474263600419828,0.75*2016 + 0.25*2012; 2020 lines (Daily Kos),0.0
HOU_NH_01_2018,2018,house,NH,1.0,0,1,"PAPPAS, CHRIS",D,"EDWARDS, EDDIE",155884.0,130996.0,4048.0,290928.0,54.34,1,D,,,1,1,1,1,1.39,"BELFORTI, DAN",Lbt,1.39,0,-1.800307221687858,0.75*2016 + 0.25*2012; 2020 lines (Daily Kos),0.0
HOU_NH_02_2018,2018,house,NH,2.0,0,1,"KUSTER, ANN MCLANE (ANNIE)",D,"NEGRON, STEVEN",155358.0,117990.0,6206.0,279554.0,56.84,1,D,D,"KUSTER, ANN MCLANE (ANNIE)",0,1,1,1,2.22,"O'DONNELL, JUSTIN",Lbt,2.22,0,0.7970138979114555,0.75*2016 + 0.25*2012; 2020 lines (Daily Kos),0.0
HOU_NJ_01_2018,2018,house,NJ,1.0,0,1,"NORCROSS, DONALD W.",D,"DILKS, PAUL E.",169628.0,87617.0,6173.0,263418.0,65.94,1,D,D,"NORCROSS, DONALD W.",0,1,1,3,2.34,"SHAPIRO, ROBERT",Lbt,1.07,0,12.057984762293025,0.75*2016 + 0.25*2012; 2020 lines (Daily Kos),0.0
HOU_NJ_02_2018,2018,house,NJ,2.0,0,1,"VAN DREW, JEFFERSON (JEFF)",D,"GROSSMAN, SETH",136685.0,116866.0,4812.0,258363.0,53.91,1,D,,,1,1,1,4,1.86,"ORDILLE, JOHN",Lbt,0.67,0,-2.1368317610202623,0.75*2016 + 0.25*2012; 2020 lines (Daily Kos),0.0
HOU_NJ_03_2018,2018,house,NJ,3.0,0,1,"KIM, ANDY",D,"MACARTHUR, TOM",153473.0,149500.0,3902.0,306875.0,50.66,1,D,R,"MACARTHUR, TOM",0,1,1,1,1.27,"BERLINSKI, LAWRENCE W. (LARRY), JR.",Other,1.27,0,-3.199984802932983,0.75*2016 + 0.25*2012; 2020 lines (Daily Kos),0.0
HOU_NJ_04_2018,2018,house,NJ,4.0,0,1,"WELLE, JOSHUA",D,"SMITH, CHRISTOPHER H. (CHRIS)",126766.0,163065.0,4517.0,294348.0,43.74,1,R,R,"SMITH, CHRISTOPHER H. (CHRIS)",0,1,1,5,1.53,"RUFO, MICHAEL",Lbt,0.47,0,-8.30693467965018,0.75*2016 + 0.25*2012; 2020 lines (Daily Kos),0.0
HOU_NJ_05_2018,2018,house,NJ,5.0,0,1,"GOTTHEIMER, JOSHUA S. (JOSH)",D,"MCCANN, JOHN J., JR.",169546.0,128255.0,4022.0,301823.0,56.93,1,D,D,"GOTTHEIMER, JOSHUA S. (JOSH)",0,1,1,2,1.33,"TOSONE, JAMES",Lbt,0.7,0,-2.190709427562887,0.75*2016 + 0.25*2012; 2020 lines (Daily Kos),0.0
HOU_NJ_06_2018,2018,house,NJ,6.0,0,1,"PALLONE, FRANK J., JR.",D,"PEZZULLO, RICHARD J.",140752.0,80443.0,0.0,221195.0,63.63,1,D,D,"PALLONE, FRANK J., JR.",0,1,1,0,0.0,,,,0,7.704624704006004,0.75*2016 + 0.25*2012; 2020 lines (Daily Kos),0.0
HOU_NJ_07_2018,2018,house,NJ,7.0,0,1,"MALINOWSKI, TOM",D,"LANCE, LEONARD",166985.0,150785.0,4972.0,322742.0,52.55,1,D,R,"LANCE, LEONARD",0,1,1,2,1.54,"MOXLEY, DIANE",Grn,0.83,0,-1.7156049159375717,0.75*2016 + 0.25*2012; 2020 lines (Daily Kos),0.0
HOU_NJ_08_2018,2018,house,NJ,8.0,0,1,"SIRES, ALBIO",D,"MUNIZ, JOHN R.",119881.0,28725.0,4849.0,153455.0,80.67,1,D,D,"SIRES, ALBIO",0,1,1,2,3.16,"MAHMOUD, MAHMOUD",Other,2.38,0,26.804405931890287,0.75*2016 + 0.25*2012; 2020 lines (Daily Kos),0.0
HOU_NJ_09_2018,2018,house,NJ,9.0,0,1,"PASCRELL, WILLIAM J. (BILL), JR.",D,"FISHER, ERIC P.",140832.0,57854.0,1730.0,200416.0,70.88,1,D,D,"PASCRELL, WILLIAM J. (BILL), JR.",0,1,1,1,0.86,"BELUSIC, CLAUDIO",Lbt,0.86,0,15.358451598907989,0.75*2016 + 0.25*2012; 2020 lines (Daily Kos),0.0
HOU_NJ_10_2018,2018,house,NJ,10.0,0,1,"PAYNE, DONALD M. (DON), JR.",D,"KHAN, AGHA",175253.0,20191.0,4715.0,200159.0,89.67,1,D,D,"PAYNE, DONALD M. (DON), JR.",0,1,1,3,2.36,"JOHNSON, CYNTHIA A.",Other,1.03,0,35.93767923316909,0.75*2016 + 0.25*2012; 2020 lines (Daily Kos),0.0
HOU_NJ_11_2018,2018,house,NJ,11.0,0,1,"SHERRILL, REBECCA MICHELLE (MIKIE)",D,"WEBBER, JAY",183684.0,136322.0,3568.0,323574.0,57.4,1,D,,,1,1,1,2,1.1,"CROOK, ROBERT F.",Other,0.67,0,-2.446976069466868,0.75*2016 + 0.25*2012; 2020 lines (Daily Kos),0.0
HOU_NJ_12_2018,2018,house,NJ,12.0,0,1,"WATSON COLEMAN, BONNIE",D,"KIPNIS, DARYL",173334.0,79041.0,0.0,252375.0,68.68,1,D,D,"WATSON COLEMAN, BONNIE",0,1,1,0,0.0,,,,0,15.806538912580468,0.75*2016 + 0.25*2012; 2020 lines (Daily Kos),0.0
HOU_NM_01_2018,2018,house,NM,1.0,0,1,"HAALAND, DEBRA A.",D,"ARNOLD-JONES, JANICE E.",147336.0,90507.0,11319.0,249162.0,61.95,1,D,,,1,1,1,1,4.54,"PRINCETON, LLOYD J.",Lbt,4.54,0,7.830710330917212,0.75*2016 + 0.25*2012; 2020 lines (Daily Kos),0.0
HOU_NM_02_2018,2018,house,NM,2.0,0,1,"TORRES SMALL, XOCHITL",D,"HERRELL, STELLA YVETTE",101489.0,97767.0,0.0,199256.0,50.93,1,D,,,1,1,1,0,0.0,,,,0,-6.504761179509228,0.75*2016 + 0.25*2012; 2020 lines (Daily Kos),0.0
HOU_NM_03_2018,2018,house,NM,3.0,0,1,"LUJAN, BEN RAY, JR.",D,"MCFALL, JERALD STEVE",155201.0,76427.0,13265.0,244893.0,67.0,1,D,D,"LUJAN, BEN RAY, JR.",0,1,1,1,5.42,"MANNING, CHRISTOPHER",Lbt,5.42,0,7.498088547362977,0.75*2016 + 0.25*2012; 2020 lines (Daily Kos),0.0
HOU_NV_01_2018,2018,house,NV,1.0,0,1,"TITUS, ALICE C. (DINA)",D,"BENTLEY, JOYCE",100707.0,46978.0,4516.0,152201.0,68.19,1,D,D,"TITUS, ALICE C. (DINA)",0,1,1,2,2.97,"GARFIELD, DAN",Other,1.61,0,14.401161443927249,0.75*2016 + 0.25*2012; 2020 lines (Daily Kos),0.0
HOU_NV_02_2018,2018,house,NV,2.0,0,1,"KOBLE, CLINT",D,"AMODEI, MARK EUGENE",120102.0,167435.0,0.0,287537.0,41.77,1,R,R,"AMODEI, MARK EUGENE",0,1,1,0,0.0,,,,0,-7.462001772896484,0.75*2016 + 0.25*2012; 2020 lines (Daily Kos),0.0
HOU_NV_03_2018,2018,house,NV,3.0,0,1,"LEE, SUSIE",D,"TARKANIAN, DANIEL JOHN (DANNY)",148501.0,122566.0,15101.0,286168.0,54.78,1,D,,,1,1,1,5,5.28,"BROWN, STEVE",Lbt,1.59,0,-1.67226774652742,0.75*2016 + 0.25*2012; 2020 lines (Daily Kos),0.0
HOU_NV_04_2018,2018,house,NV,4.0,0,1,"HORSFORD, STEVEN ALEXZANDER",D,"HARDY, CRESENT",121962.0,102748.0,10158.0,234868.0,54.28,1,D,,,1,1,1,4,4.32,"MARKOWITZ, WARREN ROSS",Other,1.35,0,1.9612668517297511,0.75*2016 + 0.25*2012; 2020 lines (Daily Kos),0.0
HOU_NY_01_2018,2018,house,NY,1.0,0,1,"GERSHON, PERRY",D,"ZELDIN, LEE M.",127991.0,139027.0,2988.0,270006.0,47.93,1,R,R,"ZELDIN, LEE M.",0,1,1,1,1.11,"BROWNING, KATE M.",Other,1.11,0,-6.073359689129052,0.75*2016 + 0.25*2012; 2020 lines (Daily Kos),0.0
HOU_NY_02_2018,2018,house,NY,2.0,0,1,"SHIRLEY, LIUBA GRECHEN",D,"KING, PETER T. (PETE)",113074.0,128078.0,0.0,241152.0,46.89,1,R,R,"KING, PETER T. (PETE)",0,1,1,0,0.0,,,,0,-4.303582268638314,0.75*2016 + 0.25*2012; 2020 lines (Daily Kos),0.0
HOU_NY_03_2018,2018,house,NY,3.0,0,1,"SUOZZI, THOMAS R. (TOM)",D,"DEBONO, DAN P.",157456.0,109514.0,0.0,266970.0,58.98,1,D,D,"SUOZZI, THOMAS R. (TOM)",0,1,1,0,0.0,,,,0,1.336597367473971,0.75*2016 + 0.25*2012; 2020 lines (Daily Kos),0.0
HOU_NY_04_2018,2018,house,NY,4.0,0,1,"RICE, KATHLEEN M.",D,"BENNO, AMEER N.",159535.0,100571.0,0.0,260106.0,61.33,1,D,D,"RICE, KATHLEEN M.",0,1,1,0,0.0,,,,0,4.0448760759604845,0.75*2016 + 0.25*2012; 2020 lines (Daily Kos),0.0
HOU_NY_05_2018,2018,house,NY,5.0,0,1,"MEEKS, GREGORY W.",D,,160500.0,0.0,0.0,160500.0,,0,D,D,"MEEKS, GREGORY W.",0,1,0,0,0.0,,,,0,36.67579357203629,0.75*2016 + 0.25*2012; 2020 lines (Daily Kos),0.0
HOU_NY_06_2018,2018,house,NY,6.0,0,1,"MENG, GRACE",D,,111646.0,0.0,11209.0,122855.0,,0,D,D,"MENG, GRACE",0,1,0,1,9.12,"HILLGARDNER, THOMAS J.",Grn,9.12,0,16.022196464761535,0.75*2016 + 0.25*2012; 2020 lines (Daily Kos),0.0
HOU_NY_07_2018,2018,house,NY,7.0,0,1,"VELAZQUEZ, NYDIA M.",D,,146687.0,0.0,10410.0,157097.0,,0,D,D,"VELAZQUEZ, NYDIA M.",0,1,0,2,6.63,"LIEBERMAN, JOSEPH",Other,5.52,0,38.01185650007466,0.75*2016 + 0.25*2012; 2020 lines (Daily Kos),0.0
HOU_NY_08_2018,2018,house,NY,8.0,0,1,"JEFFRIES, HAKEEM S.",D,,180376.0,0.0,11028.0,191404.0,,0,D,D,"JEFFRIES, HAKEEM S.",0,1,0,2,5.76,"JOHNSON, ERNEST C.",Other,5.22,0,35.76936285770273,0.75*2016 + 0.25*2012; 2020 lines (Daily Kos),0.0
HOU_NY_09_2018,2018,house,NY,9.0,0,1,"CLARKE, YVETTE DIANE",D,"GAYOT, LUTCHI",181455.0,20901.0,779.0,203135.0,89.67,1,D,D,"CLARKE, YVETTE DIANE",0,1,1,1,0.38,"ANABILAH-AZUMAH, JOEL",Other,0.38,0,34.08442474482205,0.75*2016 + 0.25*2012; 2020 lines (Daily Kos),0.0
HOU_NY_10_2018,2018,house,NY,10.0,0,1,"NADLER, JERROLD L. (JERRY)",D,"LEVIN, NAOMI",173095.0,37619.0,0.0,210714.0,82.15,1,D,D,"NADLER, JERROLD L. (JERRY)",0,1,1,0,0.0,,,,0,27.78166628023444,0.75*2016 + 0.25*2012; 2020 lines (Daily Kos),0.0
HOU_NY_11_2018,2018,house,NY,11.0,0,1,"ROSE, MAX N.",D,"DONOVAN, DANIEL M. (DAN), JR.",101823.0,89441.0,774.0,192038.0,53.24,1,D,R,"DONOVAN, DANIEL M. (DAN), JR.",0,1,1,1,0.4,"BARDEL, HENRY J. (HANK)",Grn,0.4,0,-4.618555879283455,0.75*2016 + 0.25*2012; 2020 lines (Daily Kos),0.0
HOU_NY_12_2018,2018,house,NY,12.0,0,1,"MALONEY, CAROLYN B.",D,"RABIN, ELIOT",217430.0,30446.0,3728.0,251604.0,87.72,1,D,D,"MALONEY, CAROLYN B.",0,1,1,1,1.48,"HUTCHINS, SCOTT",Grn,1.48,0,32.7119658757186,0.75*2016 + 0.25*2012; 2020 lines (Daily Kos),0.0
HOU_NY_13_2018,2018,house,NY,13.0,0,1,"ESPAILLAT, ADRIANO",D,"BUTLER, JINEEA R.",180035.0,10268.0,0.0,190303.0,94.6,1,D,D,"ESPAILLAT, ADRIANO",0,1,1,0,0.0,,,,0,43.30363568244938,0.75*2016 + 0.25*2012; 2020 lines (Daily Kos),0.0
HOU_NY_14_2018,2018,house,NY,14.0,0,1,"OCASIO-CORTEZ, ALEXANDRIA",D,"PAPPAS, ANTHONY",110318.0,19202.0,2254.0,131774.0,85.17,1,D,,,1,1,1,1,1.71,"PERRI, ELIZABETH",Other,1.71,0,28.785561323479527,0.75*2016 + 0.25*2012; 2020 lines (Daily Kos),0.0
HOU_NY_15_2018,2018,house,NY,15.0,0,1,"SERRANO, JOSE E.",D,"GONZALEZ, JASON D.",124469.0,5205.0,0.0,129674.0,95.99,1,D,D,"SERRANO, JOSE E.",0,1,1,0,0.0,,,,0,44.15148805688892,0.75*2016 + 0.25*2012; 2020 lines (Daily Kos),0.0
HOU_NY_16_2018,2018,house,NY,16.0,0,1,"ENGEL, ELIOT L.",D,,182044.0,0.0,0.0,182044.0,,0,D,D,"ENGEL, ELIOT L.",0,1,0,0,0.0,,,,0,24.928024013162705,0.75*2016 + 0.25*2012; 2020 lines (Daily Kos),0.0
HOU_NY_17_2018,2018,house,NY,17.0,0,1,"LOWEY, NITA M.",D,,170168.0,0.0,23150.0,193318.0,,0,D,D,"LOWEY, NITA M.",0,1,0,1,11.98,"CIARDULLO, JOSEPH J.",Other,11.98,0,8.334472125274024,0.75*2016 + 0.25*2012; 2020 lines (Daily Kos),0.0
HOU_NY_18_2018,2018,house,NY,18.0,0,1,"MALONEY, SEAN PATRICK",D,"O'DONNELL, JAMES",139564.0,112035.0,0.0,251599.0,55.47,1,D,D,"MALONEY, SEAN PATRICK",0,1,1,0,0.0,,,,0,-1.579610689974127,0.75*2016 + 0.25*2012; 2020 lines (Daily Kos),0.0
HOU_NY_19_2018,2018,house,NY,19.0,0,1,"DELGADO, ANTONIO",D,"FASO, JOHN J.",147873.0,132873.0,7148.0,287894.0,52.67,1,D,R,"FASO, JOHN J.",0,1,1,2,2.48,"GREENFIELD, STEVEN",Grn,1.5,0,-3.268528459223183,0.75*2016 + 0.25*2012; 2020 lines (Daily Kos),0.0
HOU_NY_20_2018,2018,house,NY,20.0,0,1,"TONKO, PAUL DAVID",D,"VITOLLO, FRANCIS JOSEPH (JOE)",176811.0,89058.0,0.0,265869.0,66.5,1,D,D,"TONKO, PAUL DAVID",0,1,1,0,0.0,,,,0,6.581047111201357,0.75*2016 + 0.25*2012; 2020 lines (Daily Kos),0.0
HOU_NY_21_2018,2018,house,NY,21.0,0,1,"COBB, TEDRA L.",D,"STEFANIK, ELISE M.",99791.0,131981.0,3437.0,235209.0,43.06,1,R,R,"STEFANIK, ELISE M.",0,1,1,1,1.46,"KAHN, LYNN",Grn,1.46,0,-6.126168153625804,0.75*2016 + 0.25*2012; 2020 lines (Daily Kos),0.0
HOU_NY_22_2018,2018,house,NY,22.0,0,1,"BRINDISI, ANTHONY J.",D,"TENNEY, CLAUDIA",127715.0,123242.0,0.0,250957.0,50.89,1,D,R,"TENNEY, CLAUDIA",0,1,1,0,0.0,,,,0,-7.604230895909833,0.75*2016 + 0.25*2012; 2020 lines (Daily Kos),0.0
HOU_NY_23_2018,2018,house,NY,23.0,0,1,"MITRANO, TRACY",D,"REED, THOMAS W. (TOM), II",109932.0,130323.0,0.0,240255.0,45.76,1,R,R,"REED, THOMAS W. (TOM), II",0,1,1,0,0.0,,,,0,-7.451893722928244,0.75*2016 + 0.25*2012; 2020 lines (Daily Kos),0.0
HOU_NY_24_2018,2018,house,NY,24.0,0,1,"BALTER, DANA",D,"KATKO, JOHN M.",123226.0,136920.0,0.0,260146.0,47.37,1,R,R,"KATKO, JOHN M.",0,1,1,0,0.0,,,,0,2.1097920844530327,0.75*2016 + 0.25*2012; 2020 lines (Daily Kos),0.0
HOU_NY_25_2018,2018,house,NY,25.0,0,1,"MORELLE, JOSEPH D.",D,"MAXWELL, JIM",159244.0,110736.0,0.0,269980.0,58.98,1,D,,,1,1,1,0,0.0,,,,0,7.577205979797233,0.75*2016 + 0.25*2012; 2020 lines (Daily Kos),0.0
HOU_NY_26_2018,2018,house,NY,26.0,0,1,"HIGGINS, BRIAN M.",D,"ZENO, RENEE M.",169166.0,61488.0,0.0,230654.0,73.34,1,D,D,"HIGGINS, BRIAN M.",0,1,1,0,0.0,,,,0,10.102314857037353,0.75*2016 + 0.25*2012; 2020 lines (Daily Kos),0.0
HOU_NY_27_2018,2018,house,NY,27.0,0,1,"MCMURRAY, NATHAN D.",D,"COLLINS, CHRISTOPHER C. (CHRIS)",139059.0,140146.0,5973.0,285178.0,49.81,1,R,R,"COLLINS, CHRISTOPHER C. (CHRIS)",0,1,1,1,2.09,"PIEGZA, LARRY",Other,2.09,0,-12.615129465649852,0.75*2016 + 0.25*2012; 2020 lines (Daily Kos),0.0
HOU_OH_01_2018,2018,house,OH,1.0,0,1,"PUREVAL, AFTAB",D,"CHABOT, STEVEN J. (STEVE)",141118.0,154409.0,5339.0,300866.0,47.75,1,R,R,"CHABOT, STEVEN J. (STEVE)",0,1,1,1,1.77,"KUBALA, DIRK",Lbt,1.77,0,-4.756849037169777,0.75*2016 + 0.25*2012; 2020 lines (Daily Kos),0.0
HOU_OH_02_2018,2018,house,OH,2.0,0,1,"SCHILLER, JILL",D,"WENSTRUP, BRAD R.",119333.0,166714.0,3606.0,289653.0,41.72,1,R,R,"WENSTRUP, BRAD R.",0,1,1,1,1.24,"CONDIT, JAMES J. (JIM), JR.",Grn,1.24,0,-9.106465954622877,0.75*2016 + 0.25*2012; 2020 lines (Daily Kos),0.0
HOU_OH_03_2018,2018,house,OH,3.0,0,1,"BEATTY, JOYCE",D,"BURGESS, JIM",181575.0,65040.0,0.0,246615.0,73.63,1,D,D,"BEATTY, JOYCE",0,1,1,0,0.0,,,,0,18.85893425483264,0.75*2016 + 0.25*2012; 2020 lines (Daily Kos),0.0
HOU_OH_04_2018,2018,house,OH,4.0,0,1,"GARRETT, JANET PATRICIA",D,"JORDAN, JAMES D. (JIM)",89412.0,167993.0,0.0,257405.0,34.74,1,R,R,"JORDAN, JAMES D. (JIM)",0,1,1,0,0.0,,,,0,-16.42071386348924,0.75*2016 + 0.25*2012; 2020 lines (Daily Kos),0.0
HOU_OH_05_2018,2018,house,OH,5.0,0,1,"GALBRAITH, J. MICHAEL",D,"LATTA, ROBERT EDWARD (BOB)",99655.0,176569.0,7393.0,283617.0,36.08,1,R,R,"LATTA, ROBERT EDWARD (BOB)",0,1,1,1,2.61,"KISSICK, DONALD CHARLES (DON)",Lbt,2.61,0,-12.605705529066729,0.75*2016 + 0.25*2012; 2020 lines (Daily Kos),0.0
HOU_OH_06_2018,2018,house,OH,6.0,0,1,"ROBERTS, SHAWNA",D,"JOHNSON, BILL",76716.0,172774.0,0.0,249490.0,30.75,1,R,R,"JOHNSON, BILL",0,1,1,0,0.0,,,,0,-19.60823112116892,0.75*2016 + 0.25*2012; 2020 lines (Daily Kos),0.0
HOU_OH_07_2018,2018,house,OH,7.0,0,1,"HARBAUGH, KEN",D,"GIBBS, ROBERT (BOB)",107536.0,153117.0,0.0,260653.0,41.26,1,R,R,"GIBBS, ROBERT (BOB)",0,1,1,0,0.0,,,,0,-14.251803718379708,0.75*2016 + 0.25*2012; 2020 lines (Daily Kos),0.0
HOU_OH_08_2018,2018,house,OH,8.0,0,1,"ENOCH, VANESSA",D,"DAVIDSON, WARREN",87281.0,173852.0,0.0,261133.0,33.42,1,R,R,"DAVIDSON, WARREN",0,1,1,0,0.0,,,,0,-18.12859272279783,0.75*2016 + 0.25*2012; 2020 lines (Daily Kos),0.0
HOU_OH_09_2018,2018,house,OH,9.0,0,1,"KAPTUR, MARCIA C. (MARCY)",D,"KRAUS, STEVEN WAYNE (STEVE)",157219.0,74670.0,0.0,231889.0,67.8,1,D,D,"KAPTUR, MARCIA C. (MARCY)",0,1,1,0,0.0,,,,0,12.018201913765258,0.75*2016 + 0.25*2012; 2020 lines (Daily Kos),0.0
HOU_OH_10_2018,2018,house,OH,10.0,0,1,"GASPER, THERESA A.",D,"TURNER, MICHAEL R. (MIKE)",118785.0,157554.0,5387.0,281726.0,42.99,1,R,R,"TURNER, MICHAEL R. (MIKE)",0,1,1,1,1.91,"HARLOW, DAVID A. (DAVE)",Lbt,1.91,0,-4.484321871561822,0.75*2016 + 0.25*2012; 2020 lines (Daily Kos),0.0
HOU_OH_11_2018,2018,house,OH,11.0,0,1,"FUDGE, MARCIA L.",D,"GOLDSTEIN, BEVERLY A. (BEV)",206138.0,44486.0,0.0,250624.0,82.25,1,D,D,"FUDGE, MARCIA L.",0,1,1,0,0.0,,,,0,31.37285161275761,0.75*2016 + 0.25*2012; 2020 lines (Daily Kos),0.0
HOU_OH_12_2018,2018,house,OH,12.0,0,1,"O'CONNOR, DANNY",D,"BALDERSON, TROY",161251.0,175677.0,4718.0,341646.0,47.86,1,R,R,"BALDERSON, TROY",0,1,1,1,1.38,"MANCHIK, JOE",Grn,1.38,0,-7.151758369049962,0.75*2016 + 0.25*2012; 2020 lines (Daily Kos),0.0
HOU_OH_13_2018,2018,house,OH,13.0,0,1,"RYAN, TIMOTHY J. (TIM)",D,"DEPIZZO, CHRIS",153323.0,98047.0,0.0,251370.0,60.99,1,D,D,"RYAN, TIMOTHY J. (TIM)",0,1,1,0,0.0,,,,0,4.664603657662994,0.75*2016 + 0.25*2012; 2020 lines (Daily Kos),0.0
HOU_OH_14_2018,2018,house,OH,14.0,0,1,"RADER, BETSY",D,"JOYCE, DAVID P.",137549.0,169809.0,0.0,307358.0,44.75,1,R,R,"JOYCE, DAVID P.",0,1,1,0,0.0,,,,0,-6.279907911889163,0.75*2016 + 0.25*2012; 2020 lines (Daily Kos),0.0
HOU_OH_15_2018,2018,house,OH,15.0,0,1,"NEAL, RICK",D,"STIVERS, STEVEN (STEVE)",116112.0,170593.0,5738.0,292443.0,40.5,1,R,R,"STIVERS, STEVEN (STEVE)",0,1,1,1,1.96,"MILLER, JOHNATHAN",Lbt,1.96,0,-8.17620672749651,0.75*2016 + 0.25*2012; 2020 lines (Daily Kos),0.0
HOU_OH_16_2018,2018,house,OH,16.0,0,1,"PALMER, SUSAN MORAN",D,"GONZALEZ, ANTHONY",129681.0,170029.0,0.0,299710.0,43.27,1,R,,,1,1,1,0,0.0,,,,0,-8.9395954788843,0.75*2016 + 0.25*2012; 2020 lines (Daily Kos),0.0
HOU_OK_01_2018,2018,house,OK,1.0,0,1,"GILPIN, TIM",D,"HERN, KEVIN",103042.0,150129.0,0.0,253171.0,40.7,1,R,,,1,1,1,0,0.0,,,,0,-16.780086258814183,0.75*2016 + 0.25*2012; 2020 lines (Daily Kos),0.0
HOU_OK_02_2018,2018,house,OK,2.0,0,1,"NICHOLS, JASON",D,"MULLIN, MARKWAYNE",65021.0,140451.0,10530.0,216002.0,31.64,1,R,R,"MULLIN, MARKWAYNE",0,1,1,2,4.87,"FOREMAN, JOHN",I,2.96,0,-25.44726461362743,0.75*2016 + 0.25*2012; 2020 lines (Daily Kos),0.0
HOU_OK_03_2018,2018,house,OK,3.0,0,1,"ROBBINS, FRANKIE L.",D,"LUCAS, FRANK D.",61152.0,172913.0,0.0,234065.0,26.13,1,R,R,"LUCAS, FRANK D.",0,1,1,0,0.0,,,,0,-28.30510287846751,0.75*2016 + 0.25*2012; 2020 lines (Daily Kos),0.0
HOU_OK_04_2018,2018,house,OK,4.0,0,1,"BRANNON, MARY",D,"COLE, TOM JEFFREY",78088.0,149227.0,9323.0,236638.0,34.35,1,R,R,"COLE, TOM JEFFREY",0,1,1,1,3.94,"PETERS, RUBY",I,3.94,0,-20.56959528112145,0.75*2016 + 0.25*2012; 2020 lines (Daily Kos),0.0
HOU_OK_05_2018,2018,house,OK,5.0,0,1,"HORN, KENDRA S.",D,"RUSSELL, STEVEN DANE (STEVE)",121149.0,117811.0,0.0,238960.0,50.7,1,D,R,"RUSSELL, STEVEN DANE (STEVE)",0,1,1,0,0.0,,,,0,-9.080143997339466,0.75*2016 + 0.25*2012; 2020 lines (Daily Kos),0.0
HOU_OR_01_2018,2018,house,OR,1.0,0,1,"BONAMICI, SUZANNE",D,"VERBEEK, JOHN",231198.0,116446.0,15121.0,362765.0,66.5,1,D,D,"BONAMICI, SUZANNE",0,1,1,1,4.17,"LAYDA, DREW A.",Lbt,4.17,0,10.151492335084704,0.75*2016 + 0.25*2012; 2020 lines (Daily Kos),0.0
HOU_OR_02_2018,2018,house,OR,2.0,0,1,"MCLEOD-SKINNER, JAMIE",D,"WALDEN, GREGORY PAUL (GREG)",145298.0,207597.0,15536.0,368431.0,41.17,1,R,R,"WALDEN, GREGORY PAUL (GREG)",0,1,1,1,4.22,"ROBERTS, MARK R.",I,4.22,0,-11.580160876098024,0.75*2016 + 0.25*2012; 2020 lines (Daily Kos),0.0
HOU_OR_03_2018,2018,house,OR,3.0,0,1,"BLUMENAUER, EARL",D,"HARRISON, THOMAS S. (TOM), IV",279019.0,76187.0,28606.0,383812.0,78.55,1,D,D,"BLUMENAUER, EARL",0,1,1,3,7.45,"KOLLER, MARC W.",I,5.56,0,24.166027505800702,0.75*2016 + 0.25*2012; 2020 lines (Daily Kos),0.0
HOU_OR_04_2018,2018,house,OR,4.0,0,1,"DEFAZIO, PETER A.",D,"ROBINSON, ARTHUR BROUHARD (ART)",208710.0,152414.0,11326.0,372450.0,57.79,1,D,D,"DEFAZIO, PETER A.",0,1,1,2,3.04,"BEILSTEIN, MIKE A.",Other,1.6,0,-0.4433448890575481,0.75*2016 + 0.25*2012; 2020 lines (Daily Kos),0.0
HOU_OR_05_2018,2018,house,OR,5.0,0,1,"SCHRADER, KURT",D,"CALLAHAN, MARK ALLEN",197187.0,149887.0,10856.0,357930.0,56.81,1,D,D,"SCHRADER, KURT",0,1,1,2,3.03,"SOUZA, DANIEL (DAN)",Lbt,1.69,0,0.7838571547311379,0.75*2016 + 0.25*2012; 2020 lines (Daily Kos),0.0
HOU_PA_01_2018,2018,house,PA,1.0,0,1,"WALLACE, HENRY SCOTT",D,"FITZPATRICK, BRIAN K.",160745.0,169053.0,0.0,329798.0,48.74,1,R,R,"FITZPATRICK, BRIAN K.",0,1,1,0,0.0,,,,0,-0.3973491936974993,0.75*2016 + 0.25*2012; 2020 lines (Daily Kos),0.0
HOU_PA_02_2018,2018,house,PA,2.0,0,1,"BOYLE, BRENDAN F.",D,"TORRES, DAVID",159600.0,42382.0,0.0,201982.0,79.02,1,D,D,"BOYLE, BRENDAN F.",0,1,1,0,0.0,,,,0,24.04755104404147,0.75*2016 + 0.25*2012; 2020 lines (Daily Kos),0.0
HOU_PA_03_2018,2018,house,PA,3.0,0,1,"EVANS, DWIGHT",D,"LEIB, BRYAN E.",287610.0,20387.0,0.0,307997.0,93.38,1,D,D,"EVANS, DWIGHT",0,1,1,0,0.0,,,,0,41.33855537240904,0.75*2016 + 0.25*2012; 2020 lines (Daily Kos),0.0
HOU_PA_04_2018,2018,house,PA,4.0,0,1,"DEAN CUNNANE, MADELEINE",D,"DAVID, DANIEL",211524.0,121467.0,0.0,332991.0,63.52,1,D,,,1,1,1,0,0.0,,,,0,7.845330372273524,0.75*2016 + 0.25*2012; 2020 lines (Daily Kos),0.0
HOU_PA_05_2018,2018,house,PA,5.0,0,1,"SCANLON, MARY GAY",D,"KIM, PEARL",198639.0,106075.0,0.0,304714.0,65.19,1,D,,,1,1,1,0,0.0,,,,0,13.0374424178366,0.75*2016 + 0.25*2012; 2020 lines (Daily Kos),0.0
HOU_PA_06_2018,2018,house,PA,6.0,0,1,"HOULAHAN, CHRISTINA JAMPOLER (CHRISSY)",D,"MCCAULEY, GREG",177704.0,124124.0,0.0,301828.0,58.88,1,D,,,1,1,1,0,0.0,,,,0,2.662343217668997,0.75*2016 + 0.25*2012; 2020 lines (Daily Kos),0.0
HOU_PA_07_2018,2018,house,PA,7.0,0,1,"WILD, SUSAN ELLIS",D,"NOTHSTEIN, MARTY",140813.0,114437.0,8011.0,263261.0,55.17,1,D,,,1,1,1,1,3.04,"SILFIES, TIM",Lbt,3.04,0,-0.064961887301565,0.75*2016 + 0.25*2012; 2020 lines (Daily Kos),0.0
HOU_PA_08_2018,2018,house,PA,8.0,0,1,"CARTWRIGHT, MATTHEW A. (MATT)",D,"CHRIN, JOHN",135603.0,112563.0,0.0,248166.0,54.64,1,D,D,"CARTWRIGHT, MATTHEW A. (MATT)",0,1,1,0,0.0,,,,0,-3.5449025863252106,0.75*2016 + 0.25*2012; 2020 lines (Daily Kos),0.0
HOU_PA_09_2018,2018,house,PA,9.0,0,1,"WOLFF, DENNY",D,"MEUSER, DANIEL PHILIP (DAN)",100204.0,148723.0,0.0,248927.0,40.25,1,R,,,1,1,1,0,0.0,,,,0,-16.68695724027251,0.75*2016 + 0.25*2012; 2020 lines (Daily Kos),0.0
HOU_PA_10_2018,2018,house,PA,10.0,0,1,"SCOTT, GEORGE B.",D,"PERRY, SCOTT GORDON",141668.0,149365.0,0.0,291033.0,48.68,1,R,R,"PERRY, SCOTT GORDON",0,1,1,0,0.0,,,,0,-5.717882038784959,0.75*2016 + 0.25*2012; 2020 lines (Daily Kos),0.0
HOU_PA_11_2018,2018,house,PA,11.0,0,1,"KING, JESSICA",D,"SMUCKER, LLOYD K.",113876.0,163708.0,0.0,277584.0,41.02,1,R,R,"SMUCKER, LLOYD K.",0,1,1,0,0.0,,,,0,-14.426559829169,0.75*2016 + 0.25*2012; 2020 lines (Daily Kos),0.0
HOU_PA_12_2018,2018,house,PA,12.0,0,1,"FRIEDENBERG, MARC",D,"MARINO, THOMAS ANTHONY (TOM)",82825.0,161047.0,0.0,243872.0,33.96,1,R,R,"MARINO, THOMAS ANTHONY (TOM)",0,1,1,0,0.0,,,,0,-18.76774884501486,0.75*2016 + 0.25*2012; 2020 lines (Daily Kos),0.0
HOU_PA_13_2018,2018,house,PA,13.0,0,1,"OTTAWAY, BRENT",D,"JOYCE, JOHN",74733.0,178533.0,0.0,253266.0,29.51,1,R,,,1,1,1,0,0.0,,,,0,-23.48475688294914,0.75*2016 + 0.25*2012; 2020 lines (Daily Kos),0.0
HOU_PA_14_2018,2018,house,PA,14.0,0,1,"BOERIO, BIBIANA",D,"RESCHENTHALER, GUY",110051.0,151386.0,0.0,261437.0,42.09,1,R,,,1,1,1,0,0.0,,,,0,-14.85373953802514,0.75*2016 + 0.25*2012; 2020 lines (Daily Kos),0.0
HOU_PA_15_2018,2018,house,PA,15.0,0,1,"BOSER, SUSAN",D,"THOMPSON, GLENN WILLIAM (GT), JR.",78327.0,165245.0,0.0,243572.0,32.16,1,R,R,"THOMPSON, GLENN WILLIAM (GT), JR.",0,1,1,0,0.0,,,,0,-21.63098682052676,0.75*2016 + 0.25*2012; 2020 lines (Daily Kos),0.0
HOU_PA_16_2018,2018,house,PA,16.0,0,1,"DINICOLA, RONALD",D,"KELLY, GEORGE J. (MIKE), JR.",124109.0,135348.0,2939.0,262396.0,47.83,1,R,R,"KELLY, GEORGE J. (MIKE), JR.",0,1,1,1,1.12,"BEEMAN, EBERT G. BILL",Lbt,1.12,0,-9.803459930515231,0.75*2016 + 0.25*2012; 2020 lines (Daily Kos),0.0
HOU_PA_17_2018,2018,house,PA,17.0,0,1,"LAMB, CONOR JAMES",D,"ROTHFUS, KEITH JAMES",183162.0,142417.0,0.0,325579.0,56.26,1,D,D/R,"LAMB, CONOR JAMES; ROTHFUS, KEITH JAMES",0,1,1,0,0.0,,,,0,-2.936356783882714,0.75*2016 + 0.25*2012; 2020 lines (Daily Kos),0.0
HOU_PA_18_2018,2018,house,PA,18.0,0,1,"DOYLE, MICHAEL F. (MIKE), JR.",D,,231472.0,0.0,0.0,231472.0,,0,D,D,"DOYLE, MICHAEL F. (MIKE), JR.",0,1,0,0,0.0,,,,0,12.896721879801198,0.75*2016 + 0.25*2012; 2020 lines (Daily Kos),0.0
HOU_RI_01_2018,2018,house,RI,1.0,0,1,"CICILLINE, DAVID N.",D,"DONOVAN, PATRICK J.",116099.0,57567.0,0.0,173666.0,66.85,1,D,D,"CICILLINE, DAVID N.",0,1,1,0,0.0,,,,0,12.983617460665815,0.75*2016 + 0.25*2012; 2020 lines (Daily Kos),0.0
HOU_RI_02_2018,2018,house,RI,2.0,0,1,"LANGEVIN, JAMES R. (JIM)",D,"CAIOZZO, SALVATORE G.",126476.0,72271.0,0.0,198747.0,63.64,1,D,D,"LANGEVIN, JAMES R. (JIM)",0,1,1,0,0.0,,,,0,4.14951428036359,0.75*2016 + 0.25*2012; 2020 lines (Daily Kos),0.0
HOU_SC_01_2018,2018,house,SC,1.0,0,1,"CUNNINGHAM, JOE",D,"ARRINGTON, KATIE",145455.0,141473.0,0.0,286928.0,50.69,1,D,,,1,1,1,0,0.0,,,,0,-8.867020965533584,0.75*2016 + 0.25*2012; 2020 lines (Daily Kos),0.0
HOU_SC_02_2018,2018,house,SC,2.0,0,1,"CARRIGAN, SEAN",D,"WILSON, ADDISON GRAVES (JOE)",109199.0,144642.0,3111.0,256952.0,43.02,1,R,R,"WILSON, ADDISON GRAVES (JOE)",0,1,1,1,1.21,"NARANG, SONNY",Other,1.21,0,-10.878473720703502,0.75*2016 + 0.25*2012; 2020 lines (Daily Kos),0.0
HOU_SC_03_2018,2018,house,SC,3.0,0,1,"GEREN, MARY",D,"DUNCAN, JEFFREY D. (JEFF)",70046.0,153338.0,2697.0,226081.0,31.36,1,R,R,"DUNCAN, JEFFREY D. (JEFF)",0,1,1,1,1.19,"MOORE, DAVE",Other,1.19,0,-20.09143557097117,0.75*2016 + 0.25*2012; 2020 lines (Daily Kos),0.0
HOU_SC_04_2018,2018,house,SC,4.0,0,1,"BROWN, BRANDON P.",D,"TIMMONS, WILLIAM R., IV",89182.0,145321.0,9203.0,243706.0,38.03,1,R,,,1,1,1,1,3.78,"FURAY, GUY V.",Other,3.78,0,-14.870603248927988,0.75*2016 + 0.25*2012; 2020 lines (Daily Kos),0.0
HOU_SC_05_2018,2018,house,SC,5.0,0,1,"PARNELL, ARCHIE",D,"NORMAN, RALPH W.",103129.0,141757.0,3443.0,248329.0,42.11,1,R,R,"NORMAN, RALPH W.",0,1,1,1,1.39,"CHANDLER, MICHAEL",Other,1.39,0,-10.043837020717785,0.75*2016 + 0.25*2012; 2020 lines (Daily Kos),0.0
HOU_SC_06_2018,2018,house,SC,6.0,0,1,"CLYBURN, JAMES E. (JIM)",D,"GRESSMANN, GERHARD R.",144765.0,58282.0,3214.0,206261.0,71.3,1,D,D,"CLYBURN, JAMES E. (JIM)",0,1,1,1,1.56,"PUGH, BRYAN",Grn,1.56,0,18.142544108703568,0.75*2016 + 0.25*2012; 2020 lines (Daily Kos),0.0
HOU_SC_07_2018,2018,house,SC,7.0,0,1,"WILLIAMS, ROBERT",D,"RICE, HUGH THOMPSON (TOM), JR.",96564.0,142681.0,0.0,239245.0,40.36,1,R,R,"RICE, HUGH THOMPSON (TOM), JR.",0,1,1,0,0.0,,,,0,-9.952733550011072,0.75*2016 + 0.25*2012; 2020 lines (Daily Kos),0.0
HOU_SD_01_2018,2018,house,SD,1.0,0,1,"BJORKMAN, TIM",D,"JOHNSON, DUSTIN (DUSTY)",121033.0,202695.0,12237.0,335965.0,37.39,1,R,,,1,1,1,2,3.64,"WIECZOREK, RONALD LEE (RON)",I,2.18,0,-15.657464120278853,0.75*2016 + 0.25*2012; 2020 lines (Daily Kos),0.0
HOU_TN_01_2018,2018,house,TN,1.0,0,1,"OLSEN, MARTY",D,"ROE, DAVID PHILIP (PHIL)",47138.0,172835.0,4309.0,224282.0,21.43,1,R,R,"ROE, DAVID PHILIP (PHIL)",0,1,1,1,1.92,"SALYER, MICHAEL D.",I,1.92,0,-29.541652559818168,0.75*2016 + 0.25*2012; 2020 lines (Daily Kos),0.0
HOU_TN_02_2018,2018,house,TN,2.0,0,1,"HOYOS, RENEE",D,"BURCHETT, TIM",86668.0,172856.0,2610.0,262134.0,33.39,1,R,,,1,1,1,4,1.0,"SAMPLES, GREG",I,0.37,0,-20.01212314492375,0.75*2016 + 0.25*2012; 2020 lines (Daily Kos),0.0
HOU_TN_03_2018,2018,house,TN,3.0,0,1,"MITCHELL, DANIELLE",D,"FLEISCHMANN, CHARLES J. (CHUCK)",84731.0,156512.0,4522.0,245765.0,35.12,1,R,R,"FLEISCHMANN, CHARLES J. (CHUCK)",0,1,1,1,1.84,"TYLER, RICK",I,1.84,0,-18.772703401573303,0.75*2016 + 0.25*2012; 2020 lines (Daily Kos),0.0
HOU_TN_04_2018,2018,house,TN,4.0,0,1,"PHILLIPS, MARIAH",D,"DESJARLAIS, SCOTT EUGENE",78065.0,147323.0,7056.0,232444.0,34.64,1,R,R,"DESJARLAIS, SCOTT EUGENE",0,1,1,1,3.04,"SHUPE, MICHAEL",I,3.04,0,-21.54083447869032,0.75*2016 + 0.25*2012; 2020 lines (Daily Kos),0.0
HOU_TN_05_2018,2018,house,TN,5.0,0,1,"COOPER, JAMES H. (JIM)",D,"BALL, JODY M.",177923.0,84317.0,0.0,262240.0,67.85,1,D,D,"COOPER, JAMES H. (JIM)",0,1,1,0,0.0,,,,0,7.595361869364396,0.75*2016 + 0.25*2012; 2020 lines (Daily Kos),0.0
HOU_TN_06_2018,2018,house,TN,6.0,0,1,"BARLOW, DAWN",D,"ROSE, JOHN W.",70370.0,172810.0,5560.0,248740.0,28.94,1,R,,,1,1,1,2,2.24,"ROSS, DAVID W.",I,1.38,0,-25.45618461310247,0.75*2016 + 0.25*2012; 2020 lines (Daily Kos),0.0
HOU_TN_07_2018,2018,house,TN,7.0,0,1,"KANEW, JUSTIN",D,"GREEN, MARK E.",81661.0,170071.0,2652.0,254384.0,32.44,1,R,,,1,1,1,2,1.04,"LADNER, LEONARD D. (LENNY)",I,0.62,0,-20.91675023315615,0.75*2016 + 0.25*2012; 2020 lines (Daily Kos),0.0
HOU_TN_08_2018,2018,house,TN,8.0,0,1,"PEARSON, ERIKA STOTTS",D,"KUSTOFF, DAVID",74755.0,168030.0,5560.0,248345.0,30.79,1,R,R,"KUSTOFF, DAVID",0,1,1,1,2.24,"HART, JAMES L.",Other,2.24,0,-19.34775426888516,0.75*2016 + 0.25*2012; 2020 lines (Daily Kos),0.0
HOU_TN_09_2018,2018,house,TN,9.0,0,1,"COHEN, STEPHEN IRA (STEVE)",D,"BERGMANN, CHARLOTTE",145139.0,34901.0,1436.0,181476.0,80.61,1,D,D,"COHEN, STEPHEN IRA (STEVE)",0,1,1,1,0.79,"AWGOWHAT, LEO",I,0.79,0,28.116003510725097,0.75*2016 + 0.25*2012; 2020 lines (Daily Kos),0.0
HOU_TX_01_2018,2018,house,TX,1.0,0,1,"MCKELLAR, SHIRLEY JONETTA",D,"GOHMERT, LOUIS (LOUIE)",61263.0,168165.0,3292.0,232720.0,26.7,1,R,R,"GOHMERT, LOUIS (LOUIE)",0,1,1,1,1.41,"CALLAWAY, JEFF",Lbt,1.41,0,-24.98510857030092,0.75*2016 + 0.25*2012; 2020 lines (Daily Kos),0.0
HOU_TX_02_2018,2018,house,TX,2.0,0,1,"LITTON, TODD",D,"CRENSHAW, DAN",119992.0,139188.0,4212.0,263392.0,46.3,1,R,,,1,1,1,2,1.6,"GUNNELS, PATRICK",Lbt,0.9,0,-8.507637404784909,0.75*2016 + 0.25*2012; 2020 lines (Daily Kos),0.0
HOU_TX_03_2018,2018,house,TX,3.0,0,1,"BURCH, LORIE",D,"TAYLOR, NICHOLAS VANCAMPEN (VAN)",138234.0,169520.0,4604.0,312358.0,44.92,1,R,,,1,1,1,1,1.47,"CLAYTOR, CHRISTOPHER J. (CHRIS)",Lbt,1.47,0,-10.76755564936203,0.75*2016 + 0.25*2012; 2020 lines (Daily Kos),0.0
HOU_TX_04_2018,2018,house,TX,4.0,0,1,"KRANTZ, CATHERINE",D,"RATCLIFFE, JOHN LEE",57400.0,188667.0,3178.0,249245.0,23.33,1,R,R,"RATCLIFFE, JOHN LEE",0,1,1,1,1.28,"ASHBY, KENNETH (KEN)",Lbt,1.28,0,-28.2852590886239,0.75*2016 + 0.25*2012; 2020 lines (Daily Kos),0.0
HOU_TX_05_2018,2018,house,TX,5.0,0,1,"WOOD, DANIEL (DAN)",D,"GOODEN, LANCE",78666.0,130617.0,0.0,209283.0,37.59,1,R,,,1,1,1,0,0.0,,,,0,-16.17153599634555,0.75*2016 + 0.25*2012; 2020 lines (Daily Kos),0.0
HOU_TX_06_2018,2018,house,TX,6.0,0,1,"SANCHEZ, JANA LYNNE",D,"WRIGHT, RON",116350.0,135961.0,3731.0,256042.0,46.11,1,R,,,1,1,1,1,1.46,"HARBER, JASON ALLEN",Lbt,1.46,0,-8.32684197929829,0.75*2016 + 0.25*2012; 2020 lines (Daily Kos),0.0
HOU_TX_07_2018,2018,house,TX,7.0,0,1,"FLETCHER, ELIZABETH PANNILL (LIZZIE)",D,"CULBERSON, JOHN ABNEY",127959.0,115642.0,0.0,243601.0,52.53,1,D,R,"CULBERSON, JOHN ABNEY",0,1,1,0,0.0,,,,0,-3.544682975058889,0.75*2016 + 0.25*2012; 2020 lines (Daily Kos),0.0
HOU_TX_08_2018,2018,house,TX,8.0,0,1,"DAVID, STEVEN",D,"BRADY, KEVIN P.",67930.0,200619.0,4621.0,273170.0,25.3,1,R,R,"BRADY, KEVIN P.",0,1,1,1,1.69,"DUNCAN, CHRIS",Lbt,1.69,0,-27.31726864666652,0.75*2016 + 0.25*2012; 2020 lines (Daily Kos),0.0
HOU_TX_09_2018,2018,house,TX,9.0,0,1,"GREEN, ALEXANDER (AL)",D,,136256.0,0.0,16745.0,153001.0,,0,D,D,"GREEN, ALEXANDER (AL)",0,1,0,3,10.94,"KURTZ, PHIL",Lbt,3.88,0,29.40497874208719,0.75*2016 + 0.25*2012; 2020 lines (Daily Kos),0.0
HOU_TX_10_2018,2018,house,TX,10.0,0,1,"SIEGEL, MIKE",D,"MCCAUL, MICHAEL T.",144034.0,157166.0,6627.0,307827.0,47.82,1,R,R,"MCCAUL, MICHAEL T.",0,1,1,1,2.15,"RYAN, MIKE",Lbt,2.15,0,-7.572402450913537,0.75*2016 + 0.25*2012; 2020 lines (Daily Kos),0.0
HOU_TX_11_2018,2018,house,TX,11.0,0,1,"LEEDER, VIRGINIA LOUISE (JENNIE LOU)",D,"CONAWAY, K. MICHAEL (MIKE)",40631.0,176603.0,3143.0,220377.0,18.7,1,R,R,"CONAWAY, K. MICHAEL (MIKE)",0,1,1,1,1.43,"SMITH, RHETT ROSENQUEST",Lbt,1.43,0,-31.65316543201126,0.75*2016 + 0.25*2012; 2020 lines (Daily Kos),0.0
HOU_TX_12_2018,2018,house,TX,12.0,0,1,"ADIA, VANESSA",D,"GRANGER, KAY",90994.0,172557.0,4940.0,268491.0,34.53,1,R,R,"GRANGER, KAY",0,1,1,1,1.84,"LEDDY, JACOB",Lbt,1.84,0,-17.673826652171563,0.75*2016 + 0.25*2012; 2020 lines (Daily Kos),0.0
HOU_TX_13_2018,2018,house,TX,13.0,0,1,"SAGAN, GREG",D,"THORNBERRY, WILLIAM M. (MAC)",35083.0,169027.0,3175.0,207285.0,17.19,1,R,R,"THORNBERRY, WILLIAM M. (MAC)",0,1,1,1,1.53,"DEWEESE, CALVIN",Lbt,1.53,0,-33.61966528825409,0.75*2016 + 0.25*2012; 2020 lines (Daily Kos),0.0
HOU_TX_14_2018,2018,house,TX,14.0,0,1,"BELL, ADRIENNE",D,"WEBER, RANDY K., SR.",92212.0,138942.0,3374.0,234528.0,39.89,1,R,R,"WEBER, RANDY K., SR.",0,1,1,1,1.44,"CONLEY, DON E., III",Lbt,1.44,0,-11.544678895453872,0.75*2016 + 0.25*2012; 2020 lines (Daily Kos),0.0
HOU_TX_15_2018,2018,house,TX,15.0,0,1,"GONZALEZ, VICENTE",D,"WESTLEY, TIM",98333.0,63862.0,2607.0,164802.0,60.63,1,D,D,"GONZALEZ, VICENTE",0,1,1,1,1.58,"CRISTO, ANTHONY",Lbt,1.58,0,7.108829312075063,0.75*2016 + 0.25*2012; 2020 lines (Daily Kos),0.0
HOU_TX_16_2018,2018,house,TX,16.0,0,1,"ESCOBAR, VERONICA",D,"SEEBERGER, RICK",124437.0,49127.0,8147.0,181711.0,71.7,1,D,,,1,1,1,1,4.48,"MENDOZA, BEN E. (BUDDY)",I,4.48,0,18.447996920361803,0.75*2016 + 0.25*2012; 2020 lines (Daily Kos),0.0
HOU_TX_17_2018,2018,house,TX,17.0,0,1,"KENNEDY, RICK",D,"FLORES, WILLIAM H. (BILL)",98070.0,134841.0,4440.0,237351.0,42.11,1,R,R,"FLORES, WILLIAM H. (BILL)",0,1,1,1,1.87,"CHURCHMAN, PETER",Lbt,1.87,0,-11.147866237802406,0.75*2016 + 0.25*2012; 2020 lines (Daily Kos),0.0
HOU_TX_18_2018,2018,house,TX,18.0,0,1,"JACKSON LEE, SHEILA",D,"PATE, AVA REYNERO",138704.0,38368.0,7260.0,184332.0,78.33,1,D,D,"JACKSON LEE, SHEILA",0,1,1,2,3.94,"SPENCER, LUKE",Lbt,2.21,0,27.336683642284484,0.75*2016 + 0.25*2012; 2020 lines (Daily Kos),0.0
HOU_TX_19_2018,2018,house,TX,19.0,0,1,"LEVARIO, MIGUEL",D,"ARRINGTON, JODEY C.",50039.0,151946.0,0.0,201985.0,24.77,1,R,R,"ARRINGTON, JODEY C.",0,1,1,0,0.0,,,,0,-26.693387842890456,0.75*2016 + 0.25*2012; 2020 lines (Daily Kos),0.0
HOU_TX_20_2018,2018,house,TX,20.0,0,1,"CASTRO, JOAQUIN",D,,139038.0,0.0,32925.0,171963.0,,0,D,D,"CASTRO, JOAQUIN",0,1,0,1,19.15,"BLUNT, JEFFREY C.",Lbt,19.15,0,11.579545609860508,0.75*2016 + 0.25*2012; 2020 lines (Daily Kos),0.0
HOU_TX_21_2018,2018,house,TX,21.0,0,1,"KOPSER, JOSEPH",D,"ROY, CHIP",168421.0,177654.0,7542.0,353617.0,48.67,1,R,,,1,1,1,1,2.13,"SANTOS, LEE",Lbt,2.13,0,-8.119743333058658,0.75*2016 + 0.25*2012; 2020 lines (Daily Kos),0.0
HOU_TX_22_2018,2018,house,TX,22.0,0,1,"KULKARNI, SRI PRESTON",D,"OLSON, PETER G. (PETE)",138153.0,152750.0,6502.0,297405.0,47.49,1,R,R,"OLSON, PETER G. (PETE)",0,1,1,2,2.19,"MCELLIGOTT, JOHN B.",Lbt,1.1,0,-7.664410545293723,0.75*2016 + 0.25*2012; 2020 lines (Daily Kos),0.0
HOU_TX_23_2018,2018,house,TX,23.0,0,1,"JONES, GINA ORTIZ",D,"HURD, WILL",102359.0,103285.0,4425.0,210069.0,49.77,1,R,R,"HURD, WILL",0,1,1,1,2.11,"CORVALAN, RUBEN S.",Lbt,2.11,0,-0.3840481659673502,0.75*2016 + 0.25*2012; 2020 lines (Daily Kos),0.0
HOU_TX_24_2018,2018,house,TX,24.0,0,1,"MCDOWELL, JAN",D,"MARCHANT, KENNY E. (KEN)",125231.0,133317.0,4870.0,263418.0,48.44,1,R,R,"MARCHANT, KENNY E. (KEN)",0,1,1,1,1.85,"KOLLS, MIKE",Lbt,1.85,0,-6.685407541303043,0.75*2016 + 0.25*2012; 2020 lines (Daily Kos),0.0
HOU_TX_25_2018,2018,house,TX,25.0,0,1,"OLIVER, JULIE",D,"WILLIAMS, ROGER",136385.0,163023.0,5145.0,304553.0,45.55,1,R,R,"WILLIAMS, ROGER",0,1,1,1,1.69,"LINDSEY, DESARAE",Lbt,1.69,0,-10.046918427023432,0.75*2016 + 0.25*2012; 2020 lines (Daily Kos),0.0
HOU_TX_26_2018,2018,house,TX,26.0,0,1,"FAGAN, LINSEY",D,"BURGESS, MICHAEL C.",121938.0,185551.0,5016.0,312505.0,39.66,1,R,R,"BURGESS, MICHAEL C.",0,1,1,1,1.61,"BOLER, MARK",Lbt,1.61,0,-16.503406155224607,0.75*2016 + 0.25*2012; 2020 lines (Daily Kos),0.0
HOU_TX_27_2018,2018,house,TX,27.0,0,1,"HOLGUIN, ERIC",D,"CLOUD, MICHAEL",75929.0,125118.0,6374.0,207421.0,37.77,1,R,R,"CLOUD, MICHAEL",0,1,1,2,3.07,"DUERR, JAMES",I,2.06,0,-13.347621266229426,0.75*2016 + 0.25*2012; 2020 lines (Daily Kos),0.0
HOU_TX_28_2018,2018,house,TX,28.0,0,1,"CUELLAR, ENRIQUE ROBERTO (HENRY)",D,,117494.0,0.0,21732.0,139226.0,,0,D,D,"CUELLAR, ENRIQUE ROBERTO (HENRY)",0,1,0,1,15.61,"THOMAS, ARTHUR M., IV",Lbt,15.61,0,9.056778066455085,0.75*2016 + 0.25*2012; 2020 lines (Daily Kos),0.0
HOU_TX_29_2018,2018,house,TX,29.0,0,1,"GARCIA, SYLVIA R.",D,"ARONOFF, PHILLIP",88188.0,28098.0,1199.0,117485.0,75.84,1,D,,,1,1,1,1,1.02,"BURNS, CULLEN",Lbt,1.02,0,20.517112322906417,0.75*2016 + 0.25*2012; 2020 lines (Daily Kos),0.0
HOU_TX_30_2018,2018,house,TX,30.0,0,1,"JOHNSON, EDDIE BERNICE",D,,166784.0,0.0,16390.0,183174.0,,0,D,D,"JOHNSON, EDDIE BERNICE",0,1,0,1,8.95,"JONES, SHAWN",Lbt,8.95,0,29.59952640228545,0.75*2016 + 0.25*2012; 2020 lines (Daily Kos),0.0
HOU_TX_31_2018,2018,house,TX,31.0,0,1,"HEGAR, MARY JENNINGS (MJ)",D,"CARTER, JOHN R.",136362.0,144680.0,4965.0,286007.0,48.52,1,R,R,"CARTER, JOHN R.",0,1,1,1,1.74,"HOPE, JASON",Lbt,1.74,0,-9.170835976822946,0.75*2016 + 0.25*2012; 2020 lines (Daily Kos),0.0
HOU_TX_32_2018,2018,house,TX,32.0,0,1,"ALLRED, COLIN Z.",D,"SESSIONS, PETER A. (PETE)",144067.0,126101.0,5452.0,275620.0,53.32,1,D,R,"SESSIONS, PETER A. (PETE)",0,1,1,1,1.98,"BAKER, MELINA",Lbt,1.98,0,-2.6075825943748603,0.75*2016 + 0.25*2012; 2020 lines (Daily Kos),0.0
HOU_TX_33_2018,2018,house,TX,33.0,0,1,"VEASEY, MARC ALLISON",D,"BILLUPS, WILLIE",90805.0,26120.0,2299.0,119224.0,77.66,1,D,D,"VEASEY, MARC ALLISON",0,1,1,1,1.93,"REEVES, JASON",Lbt,1.93,0,23.35911273245798,0.75*2016 + 0.25*2012; 2020 lines (Daily Kos),0.0
HOU_TX_34_2018,2018,house,TX,34.0,0,1,"VELA, FILEMON B., JR.",D,"GONZALEZ, REYNALDO (REY), JR.",85825.0,57243.0,0.0,143068.0,59.99,1,D,D,"VELA, FILEMON B., JR.",0,1,1,0,0.0,,,,0,9.795076544418354,0.75*2016 + 0.25*2012; 2020 lines (Daily Kos),0.0
HOU_TX_35_2018,2018,house,TX,35.0,0,1,"DOGGETT, LLOYD A., II",D,"SMALLING, DAVID",138278.0,50553.0,5236.0,194067.0,73.23,1,D,D,"DOGGETT, LLOYD A., II",0,1,1,1,2.7,"PATTERSON, CLARK",Lbt,2.7,0,15.58617915170806,0.75*2016 + 0.25*2012; 2020 lines (Daily Kos),0.0
HOU_TX_36_2018,2018,house,TX,36.0,0,1,"STEELE, DAYNA",D,"BABIN, BRIAN",60908.0,161048.0,0.0,221956.0,27.44,1,R,R,"BABIN, BRIAN",0,1,1,0,0.0,,,,0,-25.405279157368533,0.75*2016 + 0.25*2012; 2020 lines (Daily Kos),0.0
HOU_UT_01_2018,2018,house,UT,1.0,0,1,"CASTILLO, LEE",D,"BISHOP, ROBERT WILLIAM (ROB)",63308.0,156692.0,34333.0,254333.0,28.78,1,R,R,"BISHOP, ROBERT WILLIAM (ROB)",0,1,1,2,13.5,"ELIASON, ERIC",I,11.62,0,-22.890597236170567,0.75*2016 + 0.25*2012; 2020 lines (Daily Kos),0.0
HOU_UT_02_2018,2018,house,UT,2.0,0,1,"GHORBANI, SHIREEN",D,"STEWART, CHRIS",105051.0,151489.0,13504.0,270044.0,40.95,1,R,R,"STEWART, CHRIS",0,1,1,1,5.0,"WHIPPLE, JEFFREY",Lbt,5.0,0,-13.114281158766705,0.75*2016 + 0.25*2012; 2020 lines (Daily Kos),0.0
HOU_UT_03_2018,2018,house,UT,3.0,0,1,"SINGER, JAMES COURAGE",D,"CURTIS, JOHN R.",70686.0,174856.0,13316.0,258858.0,28.79,1,R,R,"CURTIS, JOHN R.",0,1,1,2,5.14,"DUERDEN, GREGORY C.",I,2.58,0,-21.620433196596338,0.75*2016 + 0.25*2012; 2020 lines (Daily Kos),0.0
HOU_UT_04_2018,2018,house,UT,4.0,0,1,"MCADAMS, BENJAMIN MICHAEL (BEN)",D,"LOVE, MIA B.",134964.0,134270.0,0.0,269234.0,50.13,1,D,R,"LOVE, MIA B.",0,1,1,0,0.0,,,,0,-9.640361593552814,0.75*2016 + 0.25*2012; 2020 lines (Daily Kos),0.0
HOU_VA_01_2018,2018,house,VA,1.0,0,1,"WILLIAMS, VANGIE A.",D,"WITTMAN, ROBERT JOSEPH (ROB)",148464.0,183250.0,0.0,331714.0,44.76,1,R,R,"WITTMAN, ROBERT JOSEPH (ROB)",0,1,1,0,0.0,,,,0,-7.784425143669226,0.75*2016 + 0.25*2012; 2020 lines (Daily Kos),0.0
HOU_VA_02_2018,2018,house,VA,2.0,0,1,"LURIA, ELAINE G.",D,"TAYLOR, SCOTT W.",139571.0,133458.0,0.0,273029.0,51.12,1,D,R,"TAYLOR, SCOTT W.",0,1,1,0,0.0,,,,0,-3.017772422121588,0.75*2016 + 0.25*2012; 2020 lines (Daily Kos),0.0
HOU_VA_03_2018,2018,house,VA,3.0,0,1,"SCOTT, ROBERT CORTEZ (BOBBY)",D,,198615.0,0.0,0.0,198615.0,,0,D,D,"SCOTT, ROBERT CORTEZ (BOBBY)",0,1,0,0,0.0,,,,0,15.67673612932543,0.75*2016 + 0.25*2012; 2020 lines (Daily Kos),0.0
HOU_VA_04_2018,2018,house,VA,4.0,0,1,"MCEACHIN, ASTON DONALD",D,"MCADAMS, RYAN A.",187642.0,107706.0,4233.0,299581.0,63.53,1,D,D,"MCEACHIN, ASTON DONALD",0,1,1,1,1.41,"WELLS, PETER J. (PETE)",Lbt,1.41,0,9.80340163850163,0.75*2016 + 0.25*2012; 2020 lines (Daily Kos),0.0
HOU_VA_05_2018,2018,house,VA,5.0,0,1,"COCKBURN, LESLIE C.",D,"RIGGLEMAN, DENVER L., III",145040.0,165339.0,0.0,310379.0,46.73,1,R,,,1,1,1,0,0.0,,,,0,-6.565400576942215,0.75*2016 + 0.25*2012; 2020 lines (Daily Kos),0.0
HOU_VA_06_2018,2018,house,VA,6.0,0,1,"LEWIS, JENNIFER LYNN",D,"CLINE, BENJAMIN LEE (BEN)",113133.0,167957.0,0.0,281090.0,40.25,1,R,,,1,1,1,0,0.0,,,,0,-13.67019289646421,0.75*2016 + 0.25*2012; 2020 lines (Daily Kos),0.0
HOU_VA_07_2018,2018,house,VA,7.0,0,1,"SPANBERGER, ABIGAIL ANNE DAVIS",D,"BRAT, DAVID A. (DAVE)",176079.0,169295.0,4216.0,349590.0,50.98,1,D,R,"BRAT, DAVID A. (DAVE)",0,1,1,1,1.21,"WALTON, JOSEPH B.",Lbt,1.21,0,-5.286509763236408,0.75*2016 + 0.25*2012; 2020 lines (Daily Kos),0.0
HOU_VA_08_2018,2018,house,VA,8.0,0,1,"BEYER, DONALD S. (DON), JR.",D,"OH, THOMAS S.",247137.0,76899.0,0.0,324036.0,76.27,1,D,D,"BEYER, DONALD S. (DON), JR.",0,1,1,0,0.0,,,,0,24.179874613890902,0.75*2016 + 0.25*2012; 2020 lines (Daily Kos),0.0
HOU_VA_09_2018,2018,house,VA,9.0,0,1,"FLACCAVENTO, ANTHONY JUDE",D,"GRIFFITH, HOWARD MORGAN",85833.0,160933.0,0.0,246766.0,34.78,1,R,R,"GRIFFITH, HOWARD MORGAN",0,1,1,0,0.0,,,,0,-21.158904818770107,0.75*2016 + 0.25*2012; 2020 lines (Daily Kos),0.0
HOU_VA_10_2018,2018,house,VA,10.0,0,1,"WEXTON, JENNIFER TOSINI",D,"COMSTOCK, BARBARA JEAN",206356.0,160841.0,0.0,367197.0,56.2,1,D,R,"COMSTOCK, BARBARA JEAN",0,1,1,0,0.0,,,,0,2.428007393218857,0.75*2016 + 0.25*2012; 2020 lines (Daily Kos),0.0
HOU_VA_11_2018,2018,house,VA,11.0,0,1,"CONNOLLY, GERALD EDWARD (GERRY)",D,"DOVE, JEFF A., JR.",219191.0,83023.0,5546.0,307760.0,72.53,1,D,D,"CONNOLLY, GERALD EDWARD (GERRY)",0,1,1,1,1.8,"PORTER, STEVAN M.",Lbt,1.8,0,17.590274783772117,0.75*2016 + 0.25*2012; 2020 lines (Daily Kos),0.0
HOU_VT_01_2018,2018,house,VT,1.0,0,1,"WELCH, PETER F.",D,"TYNIO, NATASHA ANYA",188547.0,70705.0,13034.0,272286.0,72.73,1,D,D,"WELCH, PETER F.",0,1,1,2,4.79,"ERICSON, CRIS",I,3.35,0,14.578530617830989,0.75*2016 + 0.25*2012; 2020 lines (Daily Kos),0.0
HOU_WA_01_2018,2018,house,WA,1.0,0,1,"DELBENE, SUZAN K.",D,"BEELER, JEFFREY, SR.",197209.0,135534.0,0.0,332743.0,59.27,1,D,D,"DELBENE, SUZAN K.",0,1,1,0,0.0,,,,0,6.652451438743615,0.75*2016 + 0.25*2012; 2020 lines (Daily Kos),0.0
HOU_WA_02_2018,2018,house,WA,2.0,0,1,"LARSEN, RICHARD RAY (RICK)",D,,210187.0,0.0,84646.0,294833.0,,0,D,D,"LARSEN, RICHARD RAY (RICK)",0,1,0,1,28.71,"LUKE, BRIAN",Lbt,28.71,0,10.38513403900688,0.75*2016 + 0.25*2012; 2020 lines (Daily Kos),0.0
HOU_WA_03_2018,2018,house,WA,3.0,0,1,"LONG, CAROLYN",D,"HERRERA BEUTLER, JAIME",145407.0,161819.0,0.0,307226.0,47.33,1,R,R,"HERRERA BEUTLER, JAIME",0,1,1,0,0.0,,,,0,-4.589434047533919,0.75*2016 + 0.25*2012; 2020 lines (Daily Kos),0.0
HOU_WA_04_2018,2018,house,WA,4.0,0,1,"BROWN, CHRISTINE",D,"NEWHOUSE, DANIEL (DAN)",83785.0,141551.0,0.0,225336.0,37.18,1,R,R,"NEWHOUSE, DANIEL (DAN)",0,1,1,0,0.0,,,,0,-13.3865612537538,0.75*2016 + 0.25*2012; 2020 lines (Daily Kos),0.0
HOU_WA_05_2018,2018,house,WA,5.0,0,1,"BROWN, LISA",D,"MCMORRIS RODGERS, CATHY",144925.0,175422.0,0.0,320347.0,45.24,1,R,R,"MCMORRIS RODGERS, CATHY",0,1,1,0,0.0,,,,0,-7.986313911844839,0.75*2016 + 0.25*2012; 2020 lines (Daily Kos),0.0
HOU_WA_06_2018,2018,house,WA,6.0,0,1,"KILMER, DEREK C.",D,"DIGHTMAN, DOUGLAS",206409.0,116677.0,0.0,323086.0,63.89,1,D,D,"KILMER, DEREK C.",0,1,1,0,0.0,,,,0,5.621945927302187,0.75*2016 + 0.25*2012; 2020 lines (Daily Kos),0.0
HOU_WA_07_2018,2018,house,WA,7.0,0,1,"JAYAPAL, PRAMILA",D,"KELLER, CRAIG",329800.0,64881.0,0.0,394681.0,83.56,1,D,D,"JAYAPAL, PRAMILA",0,1,1,0,0.0,,,,0,34.29507068585333,0.75*2016 + 0.25*2012; 2020 lines (Daily Kos),0.0
HOU_WA_08_2018,2018,house,WA,8.0,0,1,"SCHRIER, KIM",D,"ROSSI, DINO",164089.0,148968.0,0.0,313057.0,52.42,1,D,,,1,1,1,0,0.0,,,,0,0.0602701262976984,0.75*2016 + 0.25*2012; 2020 lines (Daily Kos),0.0
HOU_WA_09_2018,2018,house,WA,9.0,0,1,"SMITH, D. ADAM; SMITH, SARAH",D,,240567.0,0.0,0.0,240567.0,,0,D,D,"SMITH, D. ADAM",0,2,0,0,0.0,,,,0,22.411316756398417,0.75*2016 + 0.25*2012; 2020 lines (Daily Kos),0.0
HOU_WA_10_2018,2018,house,WA,10.0,0,1,"HECK, DENNIS L. (DENNY)",D,"BRUMBLES, JOSEPH",166215.0,103860.0,0.0,270075.0,61.54,1,D,D,"HECK, DENNIS L. (DENNY)",0,1,1,0,0.0,,,,0,5.245350953920974,0.75*2016 + 0.25*2012; 2020 lines (Daily Kos),0.0
HOU_WI_01_2018,2018,house,WI,1.0,0,1,"BRYCE, RANDY",D,"STEIL, BRYAN",137508.0,177492.0,10006.0,325006.0,43.65,1,R,,,1,1,1,1,3.08,"YORGAN, KEN",I,3.08,0,-6.005709974706128,0.75*2016 + 0.25*2012; 2020 lines (Daily Kos),0.0
HOU_WI_02_2018,2018,house,WI,2.0,0,1,"POCAN, MARK",D,,309116.0,0.0,0.0,309116.0,,0,D,D,"POCAN, MARK",0,1,0,0,0.0,,,,0,17.97932173159593,0.75*2016 + 0.25*2012; 2020 lines (Daily Kos),0.0
HOU_WI_03_2018,2018,house,WI,3.0,0,1,"KIND, RONALD JAMES (RON)",D,"TOFT, STEVE",187888.0,126980.0,0.0,314868.0,59.67,1,D,D,"KIND, RONALD JAMES (RON)",0,1,1,0,0.0,,,,0,-1.773263915181734,0.75*2016 + 0.25*2012; 2020 lines (Daily Kos),0.0
HOU_WI_04_2018,2018,house,WI,4.0,0,1,"MOORE, GWENDOLYNNE S. (GWEN)",D,"ROGERS, TIM",206487.0,59091.0,7170.0,272748.0,77.75,1,D,D,"MOORE, GWENDOLYNNE S. (GWEN)",0,1,1,1,2.63,"RAYMOND, ROBERT R.",I,2.63,0,25.54952978321117,0.75*2016 + 0.25*2012; 2020 lines (Daily Kos),0.0
HOU_WI_05_2018,2018,house,WI,5.0,0,1,"PALZEWICZ, TOM",D,"SENSENBRENNER, FRANK JAMES (JIM), JR.",138385.0,225619.0,0.0,364004.0,38.02,1,R,R,"SENSENBRENNER, FRANK JAMES (JIM), JR.",0,1,1,0,0.0,,,,0,-12.322168580854164,0.75*2016 + 0.25*2012; 2020 lines (Daily Kos),0.0
HOU_WI_06_2018,2018,house,WI,6.0,0,1,"KOHL, DAN",D,"GROTHMAN, GLENN S.",144536.0,180311.0,0.0,324847.0,44.49,1,R,R,"GROTHMAN, GLENN S.",0,1,1,0,0.0,,,,0,-8.97980744679092,0.75*2016 + 0.25*2012; 2020 lines (Daily Kos),0.0
HOU_WI_07_2018,2018,house,WI,7.0,0,1,"ENGEBRETSON, MARGARET",D,"DUFFY, SEAN P.",124307.0,194061.0,4416.0,322784.0,39.05,1,R,R,"DUFFY, SEAN P.",0,1,1,1,1.37,"DRIESSEN, KEN",I,1.37,0,-9.832818672307,0.75*2016 + 0.25*2012; 2020 lines (Daily Kos),0.0
HOU_WI_08_2018,2018,house,WI,8.0,0,1,"LIEGEOIS, BEAU",D,"GALLAGHER, MIKE",119265.0,209410.0,0.0,328675.0,36.29,1,R,R,"GALLAGHER, MIKE",0,1,1,0,0.0,,,,0,-8.79413592887528,0.75*2016 + 0.25*2012; 2020 lines (Daily Kos),0.0
HOU_WV_01_2018,2018,house,WV,1.0,0,1,"FERSHEE, KENDRA",D,"MCKINLEY, DAVID B.",70217.0,127997.0,0.0,198214.0,35.42,1,R,R,"MCKINLEY, DAVID B.",0,1,1,0,0.0,,,,0,-21.315863420989096,0.75*2016 + 0.25*2012; 2020 lines (Daily Kos),0.0
HOU_WV_02_2018,2018,house,WV,2.0,0,1,"SERGENT, TALLEY",D,"MOONEY, ALEXANDER X. (ALEX)",88011.0,110504.0,6277.0,204792.0,44.33,1,R,R,"MOONEY, ALEXANDER X. (ALEX)",0,1,1,1,3.07,"LUTZ, DANIEL P., JR.",Other,3.07,0,-18.5440269742402,0.75*2016 + 0.25*2012; 2020 lines (Daily Kos),0.0
HOU_WV_03_2018,2018,house,WV,3.0,0,1,"OJEDA, RICHARD N., II",D,"MILLER, CAROL D.",76340.0,98645.0,0.0,174985.0,43.63,1,R,,,1,1,1,0,0.0,,,,0,-24.777403694581626,0.75*2016 + 0.25*2012; 2020 lines (Daily Kos),0.0
HOU_WY_01_2018,2018,house,WY,1.0,0,1,"HUNTER, GREG",D,"CHENEY, ELIZABETH (LIZ)",59903.0,127963.0,12988.0,200854.0,31.89,1,R,R,"CHENEY, ELIZABETH (LIZ)",0,1,1,2,6.47,"BRUBAKER, RICHARD P. (BRU)",Lbt,3.44,0,-25.94350136273937,0.75*2016 + 0.25*2012; 2020 lines (Daily Kos),0.0
HOU_AK_01_2020,2020,house,AK,1.0,0,0,"GALVIN, ALYSE S.",D,"YOUNG, DONALD E. (DON)",159856.0,192126.0,0.0,351982.0,45.42,1,R,R,"YOUNG, DONALD E. (DON)",0,1,1,0,0.0,,,,0,-9.492416791684816,0.75*2016 + 0.25*2012; 2020 lines (Daily Kos),0.0
HOU_AL_01_2020,2020,house,AL,1.0,0,0,"AVERHART, JAMES",D,"CARL, JERRY L.",116949.0,211825.0,0.0,328774.0,35.57,1,R,,,1,1,1,0,0.0,,,,0,-15.763477117190249,0.75*2016 + 0.25*2012; 2020 lines (Daily Kos),0.0
HOU_AL_02_2020,2020,house,AL,2.0,0,0,"HARVEY-HALL, PHYLLIS",D,"MOORE, FELIX BARRY",105286.0,197996.0,0.0,303282.0,34.72,1,R,,,1,1,1,0,0.0,,,,0,-16.929274009752014,0.75*2016 + 0.25*2012; 2020 lines (Daily Kos),0.0
HOU_AL_03_2020,2020,house,AL,3.0,0,0,"WINFREY, ADIA MCCLELLAN",D,"ROGERS, MICHAEL DENNIS (MIKE)",104595.0,217384.0,0.0,321979.0,32.49,1,R,R,"ROGERS, MICHAEL DENNIS (MIKE)",0,1,1,0,0.0,,,,0,-17.25539514666918,0.75*2016 + 0.25*2012; 2020 lines (Daily Kos),0.0
HOU_AL_04_2020,2020,house,AL,4.0,0,0,"NEIGHBORS, RICK",D,"ADERHOLT, ROBERT BROWN",56237.0,261553.0,0.0,317790.0,17.7,1,R,R,"ADERHOLT, ROBERT BROWN",0,1,1,0,0.0,,,,0,-31.931122288769554,0.75*2016 + 0.25*2012; 2020 lines (Daily Kos),0.0
HOU_AL_05_2020,2020,house,AL,5.0,0,0,,,"BROOKS, MORRIS J. (MO), JR.",0.0,253094.0,0.0,253094.0,,0,R,R,"BROOKS, MORRIS J. (MO), JR.",0,0,1,0,0.0,,,,0,-18.07378528726696,0.75*2016 + 0.25*2012; 2020 lines (Daily Kos),0.0
HOU_AL_06_2020,2020,house,AL,6.0,0,0,,,"PALMER, GARY J.",0.0,274160.0,0.0,274160.0,,0,R,R,"PALMER, GARY J.",0,0,1,0,0.0,,,,0,-24.936616297600573,0.75*2016 + 0.25*2012; 2020 lines (Daily Kos),0.0
HOU_AL_07_2020,2020,house,AL,7.0,0,0,"SEWELL, TERRYCINA ANDREA (TERRI)",D,,225742.0,0.0,0.0,225742.0,,0,D,D,"SEWELL, TERRYCINA ANDREA (TERRI)",0,1,0,0,0.0,,,,0,19.99924225273797,0.75*2016 + 0.25*2012; 2020 lines (Daily Kos),0.0
HOU_AR_01_2020,2020,house,AR,1.0,0,0,,,"CRAWFORD, ERIC ALAN (RICK)",0.0,237596.0,0.0,237596.0,,0,R,R,"CRAWFORD, ERIC ALAN (RICK)",0,0,1,0,0.0,,,,0,-18.255424246491824,0.75*2016 + 0.25*2012; 2020 lines (Daily Kos),0.0
HOU_AR_02_2020,2020,house,AR,2.0,0,0,"ELLIOTT, JOYCE",D,"HILL, JAMES FRENCH",148410.0,184093.0,0.0,332503.0,44.63,1,R,R,"HILL, JAMES FRENCH",0,1,1,0,0.0,,,,0,-7.16277805648012,0.75*2016 + 0.25*2012; 2020 lines (Daily Kos),0.0
HOU_AR_03_2020,2020,house,AR,3.0,0,0,"WILLIAMS, CELESTE",D,"WOMACK, STEPHEN ALLEN (STEVE)",106325.0,214960.0,12977.0,334262.0,33.09,1,R,R,"WOMACK, STEPHEN ALLEN (STEVE)",0,1,1,1,3.88,"KALAGIAS, MICHAEL J.",Lbt,3.88,0,-18.492290019876,0.75*2016 + 0.25*2012; 2020 lines (Daily Kos),0.0
HOU_AR_04_2020,2020,house,AR,4.0,0,0,"HANSON, WILLIAM H.",D,"WESTERMAN, BRUCE",75750.0,191617.0,7668.0,275035.0,28.33,1,R,R,"WESTERMAN, BRUCE",0,1,1,1,2.79,"GILBERT, FRANK",Lbt,2.79,0,-17.58483562922944,0.75*2016 + 0.25*2012; 2020 lines (Daily Kos),0.0
HOU_AZ_01_2020,2020,house,AZ,1.0,0,0,"O'HALLERAN, TOM C.",D,"SHEDD, TIFFANY",188469.0,176709.0,0.0,365178.0,51.61,1,D,D,"O'HALLERAN, TOM C.",0,1,1,0,0.0,,,,0,-2.121386904470665,0.75*2016 + 0.25*2012; 2020 lines (Daily Kos),0.0
HOU_AZ_02_2020,2020,house,AZ,2.0,0,0,"KIRKPATRICK, ANN",D,"MARTIN, BRANDON",209945.0,170975.0,134.0,381054.0,55.12,1,D,D,"KIRKPATRICK, ANN",0,1,1,2,0.04,"BAH, IMAN",Other,0.03,0,0.3756954980333572,0.75*2016 + 0.25*2012; 2020 lines (Daily Kos),0.0
HOU_AZ_03_2020,2020,house,AZ,3.0,0,0,"GRIJALVA, RAUL M.",D,"WOOD, DANIEL",174243.0,95594.0,0.0,269837.0,64.57,1,D,D,"GRIJALVA, RAUL M.",0,1,1,0,0.0,,,,0,13.552861333425245,0.75*2016 + 0.25*2012; 2020 lines (Daily Kos),0.0
HOU_AZ_04_2020,2020,house,AZ,4.0,0,0,"DISANTO, DELINA",D,"GOSAR, PAUL ANTHONY",120484.0,278002.0,125.0,398611.0,30.24,1,R,R,"GOSAR, PAUL ANTHONY",0,1,1,3,0.03,"BRENNAN, BRETT",Other,0.02,0,-21.791455824233463,0.75*2016 + 0.25*2012; 2020 lines (Daily Kos),0.0
HOU_AZ_05_2020,2020,house,AZ,5.0,0,0,"GREENE, JOAN",D,"BIGGS, ANDY",183171.0,262414.0,72.0,445657.0,41.11,1,R,R,"BIGGS, ANDY",0,1,1,1,0.02,"STEPHENS, KAREN",Other,0.02,0,-13.500032899740312,0.75*2016 + 0.25*2012; 2020 lines (Daily Kos),0.0
HOU_AZ_06_2020,2020,house,AZ,6.0,0,0,"TIPIRNENI, HIRAL",D,"SCHWEIKERT, DAVID",199644.0,217783.0,0.0,417427.0,47.83,1,R,R,"SCHWEIKERT, DAVID",0,1,1,0,0.0,,,,0,-7.950850386879756,0.75*2016 + 0.25*2012; 2020 lines (Daily Kos),0.0
HOU_AZ_07_2020,2020,house,AZ,7.0,0,0,"GALLEGO, RUBEN",D,"BARNETT, JOSHUA (JOSH)",165452.0,50226.0,51.0,215729.0,76.71,1,D,D,"GALLEGO, RUBEN",0,1,1,1,0.02,"RODRIGUEZ, ROXANNE RENEE",Other,0.02,0,23.884002570961407,0.75*2016 + 0.25*2012; 2020 lines (Daily Kos),0.0
HOU_AZ_08_2020,2020,house,AZ,8.0,0,0,"MUSCATO, MICHAEL",D,"LESKO, DEBBIE",170816.0,251633.0,18.0,422467.0,40.43,1,R,R,"LESKO, DEBBIE",0,1,1,1,0.0,"HENDRIX, TALIBAN",Other,0.0,0,-12.857429429517646,0.75*2016 + 0.25*2012; 2020 lines (Daily Kos),0.0
HOU_AZ_09_2020,2020,house,AZ,9.0,0,0,"STANTON, GREG",D,"GILES, DAVID VICTOR (DAVE)",217094.0,135180.0,0.0,352274.0,61.63,1,D,D,"STANTON, GREG",0,1,1,0,0.0,,,,0,5.737092966887258,0.75*2016 + 0.25*2012; 2020 lines (Daily Kos),0.0
HOU_CA_01_2020,2020,house,CA,1.0,0,0,"DENNEY, AUDREY",D,"LAMALFA, DOUG",154073.0,204190.0,0.0,358263.0,43.01,1,R,R,"LAMALFA, DOUG",0,1,1,0,0.0,,,,0,-11.417732305076823,0.75*2016 + 0.25*2012; 2020 lines (Daily Kos),0.0
HOU_CA_02_2020,2020,house,CA,2.0,0,0,"HUFFMAN, JARED WILLIAM",D,"MENSING, DALE K.",294435.0,94320.0,0.0,388755.0,75.74,1,D,D,"HUFFMAN, JARED WILLIAM",0,1,1,0,0.0,,,,0,22.649598349539765,0.75*2016 + 0.25*2012; 2020 lines (Daily Kos),0.0
HOU_CA_03_2020,2020,house,CA,3.0,0,0,"GARAMENDI, JOHN R.",D,"HAMILTON, TAMIKA",176043.0,145945.0,0.0,321988.0,54.67,1,D,D,"GARAMENDI, JOHN R.",0,1,1,0,0.0,,,,0,5.1240879439394345,0.75*2016 + 0.25*2012; 2020 lines (Daily Kos),0.0
HOU_CA_04_2020,2020,house,CA,4.0,0,0,"KENNEDY, BRYNNE S.",D,"MCCLINTOCK, THOMAS MILLER (TOM), II",194731.0,247291.0,0.0,442022.0,44.05,1,R,R,"MCCLINTOCK, THOMAS MILLER (TOM), II",0,1,1,0,0.0,,,,0,-9.657136380133542,0.75*2016 + 0.25*2012; 2020 lines (Daily Kos),0.0
HOU_CA_05_2020,2020,house,CA,5.0,0,0,"THOMPSON, C. MICHAEL (MIKE)",D,"GIBLIN, SCOTT",271233.0,85227.0,0.0,356460.0,76.09,1,D,D,"THOMPSON, C. MICHAEL (MIKE)",0,1,1,0,0.0,,,,0,22.06972296036734,0.75*2016 + 0.25*2012; 2020 lines (Daily Kos),0.0
HOU_CA_06_2020,2020,house,CA,6.0,0,0,"MATSUI, DORIS O.",D,"BISH, CHRISTINE (CHRIS)",229648.0,83466.0,0.0,313114.0,73.34,1,D,D,"MATSUI, DORIS O.",0,1,1,0,0.0,,,,0,21.80046836035416,0.75*2016 + 0.25*2012; 2020 lines (Daily Kos),0.0
HOU_CA_07_2020,2020,house,CA,7.0,0,0,"BERA, AMERISH (AMI)",D,"PATTERSON, BUZZ",217416.0,166549.0,0.0,383965.0,56.62,1,D,D,"BERA, AMERISH (AMI)",0,1,1,0,0.0,,,,0,3.7384496188835454,0.75*2016 + 0.25*2012; 2020 lines (Daily Kos),0.0
HOU_CA_08_2020,2020,house,CA,8.0,0,0,"BUBSER, CHRISTINE",D,"OBERNOLTE, JAY",124400.0,158711.0,0.0,283111.0,43.94,1,R,,,1,1,1,0,0.0,,,,0,-9.182379151150217,0.75*2016 + 0.25*2012; 2020 lines (Daily Kos),0.0
HOU_CA_09_2020,2020,house,CA,9.0,0,0,"MCNERNEY, GERALD MARK (JERRY)",D,"AMADOR, ANTONIO C. (TONY)",174252.0,128358.0,0.0,302610.0,57.58,1,D,D,"MCNERNEY, GERALD MARK (JERRY)",0,1,1,0,0.0,,,,0,8.251186333934202,0.75*2016 + 0.25*2012; 2020 lines (Daily Kos),0.0
HOU_CA_10_2020,2020,house,CA,10.0,0,0,"HARDER, JOSH",D,"HOWZE, TED D.",166865.0,135629.0,0.0,302494.0,55.16,1,D,D,"HARDER, JOSH",0,1,1,0,0.0,,,,0,0.2833299655852744,0.75*2016 + 0.25*2012; 2020 lines (Daily Kos),0.0
HOU_CA_11_2020,2020,house,CA,11.0,0,0,"DESAULNIER, MARK",D,"SHARMA, NISHA",271063.0,100293.0,0.0,371356.0,72.99,1,D,D,"DESAULNIER, MARK",0,1,1,0,0.0,,,,0,22.898864283507105,0.75*2016 + 0.25*2012; 2020 lines (Daily Kos),0.0
HOU_CA_12_2020,2020,house,CA,12.0,0,0,"PELOSI, NANCY; BUTTAR, SHAHID",D,,362950.0,0.0,0.0,362950.0,,0,D,D,"PELOSI, NANCY",0,2,0,0,0.0,,,,0,38.52857557784981,0.75*2016 + 0.25*2012; 2020 lines (Daily Kos),0.0
HOU_CA_13_2020,2020,house,CA,13.0,0,0,"LEE, BARBARA J.",D,"PITERMAN, NIKKA",327863.0,34955.0,0.0,362818.0,90.37,1,D,D,"LEE, BARBARA J.",0,1,1,0,0.0,,,,0,40.88111224082695,0.75*2016 + 0.25*2012; 2020 lines (Daily Kos),0.0
HOU_CA_14_2020,2020,house,CA,14.0,0,0,"SPEIER, KAREN (JACKIE)",D,"PETEL, RAN S.",278300.0,72705.0,0.0,351005.0,79.29,1,D,D,"SPEIER, KAREN (JACKIE)",0,1,1,0,0.0,,,,0,28.242792252011128,0.75*2016 + 0.25*2012; 2020 lines (Daily Kos),0.0
HOU_CA_15_2020,2020,house,CA,15.0,0,0,"SWALWELL, ERIC MICHAEL",D,"HAYDEN, ALISON",242991.0,99710.0,0.0,342701.0,70.9,1,D,D,"SWALWELL, ERIC MICHAEL",0,1,1,0,0.0,,,,0,21.730658844360303,0.75*2016 + 0.25*2012; 2020 lines (Daily Kos),0.0
HOU_CA_16_2020,2020,house,CA,16.0,0,0,"COSTA, JIM",D,"COOKINGHAM, KEVIN",128690.0,88039.0,0.0,216729.0,59.38,1,D,D,"COSTA, JIM",0,1,1,0,0.0,,,,0,9.658425688825504,0.75*2016 + 0.25*2012; 2020 lines (Daily Kos),0.0
HOU_CA_17_2020,2020,house,CA,17.0,0,0,"KHANNA, ROHIT (RO)",D,"TANDON, RITESH",212137.0,85199.0,0.0,297336.0,71.35,1,D,D,"KHANNA, ROHIT (RO)",0,1,1,0,0.0,,,,0,25.802122447825543,0.75*2016 + 0.25*2012; 2020 lines (Daily Kos),0.0
HOU_CA_18_2020,2020,house,CA,18.0,0,0,"ESHOO, ANNA G.; KUMAR, RISHI",D,,344139.0,0.0,0.0,344139.0,,0,D,D,"ESHOO, ANNA G.",0,2,0,0,0.0,,,,0,24.97706568058672,0.75*2016 + 0.25*2012; 2020 lines (Daily Kos),0.0
HOU_CA_19_2020,2020,house,CA,19.0,0,0,"LOFGREN, ZOE",D,"AGUILERA, JUSTIN JAMES",224385.0,88642.0,0.0,313027.0,71.68,1,D,D,"LOFGREN, ZOE",0,1,1,0,0.0,,,,0,24.76610926760057,0.75*2016 + 0.25*2012; 2020 lines (Daily Kos),0.0
HOU_CA_20_2020,2020,house,CA,20.0,0,0,"PANETTA, JIMMY VARNI",D,"GORMAN, JEFFREY A. (JEFF)",236896.0,71658.0,0.0,308554.0,76.78,1,D,D,"PANETTA, JIMMY VARNI",0,1,1,0,0.0,,,,0,23.26867422215557,0.75*2016 + 0.25*2012; 2020 lines (Daily Kos),0.0
HOU_CA_21_2020,2020,house,CA,21.0,0,0,"COX, T.J.",D,"VALADAO, DAVID G.",84406.0,85928.0,0.0,170334.0,49.55,1,R,D,"COX, T.J.",0,1,1,0,0.0,,,,0,6.192625723637679,0.75*2016 + 0.25*2012; 2020 lines (Daily Kos),0.0
HOU_CA_22_2020,2020,house,CA,22.0,0,0,"ARBALLO, PHIL",D,"NUNES, DEVIN GERALD",144251.0,170888.0,0.0,315139.0,45.77,1,R,R,"NUNES, DEVIN GERALD",0,1,1,0,0.0,,,,0,-7.045050446300079,0.75*2016 + 0.25*2012; 2020 lines (Daily Kos),0.0
HOU_CA_23_2020,2020,house,CA,23.0,0,0,"MANGONE, KIM",D,"MCCARTHY, KEVIN",115896.0,190222.0,0.0,306118.0,37.86,1,R,R,"MCCARTHY, KEVIN",0,1,1,0,0.0,,,,0,-13.408989951736892,0.75*2016 + 0.25*2012; 2020 lines (Daily Kos),0.0
HOU_CA_24_2020,2020,house,CA,24.0,0,0,"CARBAJAL, SALUD O.",D,"CALDWELL, ANDY",212564.0,149781.0,0.0,362345.0,58.66,1,D,D,"CARBAJAL, SALUD O.",0,1,1,0,0.0,,,,0,8.170502052369311,0.75*2016 + 0.25*2012; 2020 lines (Daily Kos),0.0
HOU_CA_25_2020,2020,house,CA,25.0,0,0,"SMITH, CHRISTY",D,"GARCIA, MICHAEL (MIKE)",169305.0,169638.0,0.0,338943.0,49.95,1,R,R,"GARCIA, MICHAEL (MIKE)",0,1,1,0,0.0,,,,0,1.0585193817729253,0.75*2016 + 0.25*2012; 2020 lines (Daily Kos),0.0
HOU_CA_26_2020,2020,house,CA,26.0,0,0,"BROWNLEY, JULIA",D,"BALDWIN KENNEDY, RONDA",208856.0,135877.0,0.0,344733.0,60.58,1,D,D,"BROWNLEY, JULIA",0,1,1,0,0.0,,,,0,8.662100118299321,0.75*2016 + 0.25*2012; 2020 lines (Daily Kos),0.0
HOU_CA_27_2020,2020,house,CA,27.0,0,0,"CHU, JUDY M.",D,"NALBANDIAN, JOHNNY J.",221411.0,95907.0,0.0,317318.0,69.78,1,D,D,"CHU, JUDY M.",0,1,1,0,0.0,,,,0,17.12484466744743,0.75*2016 + 0.25*2012; 2020 lines (Daily Kos),0.0
HOU_CA_28_2020,2020,house,CA,28.0,0,0,"SCHIFF, ADAM B.",D,"EARLY, ERIC",244271.0,91928.0,0.0,336199.0,72.66,1,D,D,"SCHIFF, ADAM B.",0,1,1,0,0.0,,,,0,24.04179910861541,0.75*2016 + 0.25*2012; 2020 lines (Daily Kos),0.0
HOU_CA_29_2020,2020,house,CA,29.0,0,0,"CARDENAS, TONY; DUENAS, ANGELICA MARIA",D,,210944.0,0.0,0.0,210944.0,,0,D,D,"CARDENAS, TONY",0,2,0,0,0.0,,,,0,30.037565812676,0.75*2016 + 0.25*2012; 2020 lines (Daily Kos),0.0
HOU_CA_30_2020,2020,house,CA,30.0,0,0,"SHERMAN, BRAD",D,"REED, MARK S.",240038.0,105426.0,0.0,345464.0,69.48,1,D,D,"SHERMAN, BRAD",0,1,1,0,0.0,,,,0,20.06472166231837,0.75*2016 + 0.25*2012; 2020 lines (Daily Kos),0.0
HOU_CA_31_2020,2020,house,CA,31.0,0,0,"AGUILAR, PETE",D,"GIBBONEY, AGNES",175315.0,110735.0,0.0,286050.0,61.29,1,D,D,"AGUILAR, PETE",0,1,1,0,0.0,,,,0,9.136167753779391,0.75*2016 + 0.25*2012; 2020 lines (Daily Kos),0.0
HOU_CA_32_2020,2020,house,CA,32.0,0,0,"NAPOLITANO, GRACE FLORES",D,"SCOTT, JOSHUA M.",172942.0,86818.0,0.0,259760.0,66.58,1,D,D,"NAPOLITANO, GRACE FLORES",0,1,1,0,0.0,,,,0,18.28179827113645,0.75*2016 + 0.25*2012; 2020 lines (Daily Kos),0.0
HOU_CA_33_2020,2020,house,CA,33.0,0,0,"LIEU, TED W.",D,"BRADLEY, JAMES P.",257094.0,123334.0,0.0,380428.0,67.58,1,D,D,"LIEU, TED W.",0,1,1,0,0.0,,,,0,18.12368357983157,0.75*2016 + 0.25*2012; 2020 lines (Daily Kos),0.0
HOU_CA_34_2020,2020,house,CA,34.0,0,0,"GOMEZ, JIMMY; KIM, DAVID YUNG HO",D,,205346.0,0.0,0.0,205346.0,,0,D,D,"GOMEZ, JIMMY",0,2,0,0,0.0,,,,0,36.45876959412537,0.75*2016 + 0.25*2012; 2020 lines (Daily Kos),0.0
HOU_CA_35_2020,2020,house,CA,35.0,0,0,"TORRES, NORMA J.",D,"CARGILE, MIKE",169405.0,74941.0,0.0,244346.0,69.33,1,D,D,"TORRES, NORMA J.",0,1,1,0,0.0,,,,0,19.480174350447847,0.75*2016 + 0.25*2012; 2020 lines (Daily Kos),0.0
HOU_CA_36_2020,2020,house,CA,36.0,0,0,"RUIZ, RAUL",D,"CRUZ, ERIN",185151.0,121698.0,0.0,306849.0,60.34,1,D,D,"RUIZ, RAUL",0,1,1,0,0.0,,,,0,2.458896800109436,0.75*2016 + 0.25*2012; 2020 lines (Daily Kos),0.0
HOU_CA_37_2020,2020,house,CA,37.0,0,0,"BASS, KAREN R.",D,"WEBBER, ERROL",254916.0,41705.0,0.0,296621.0,85.94,1,D,D,"BASS, KAREN R.",0,1,1,0,0.0,,,,0,37.7871471638751,0.75*2016 + 0.25*2012; 2020 lines (Daily Kos),0.0
HOU_CA_38_2020,2020,house,CA,38.0,0,0,"SANCHEZ, LINDA T.; TOLAR, MICHAEL",D,,256206.0,0.0,0.0,256206.0,,0,D,D,"SANCHEZ, LINDA T.",0,2,0,0,0.0,,,,0,18.42116319564961,0.75*2016 + 0.25*2012; 2020 lines (Daily Kos),0.0
HOU_CA_39_2020,2020,house,CA,39.0,0,0,"CISNEROS, GILBERT (GIL)",D,"KIM, YOUNG",169837.0,173946.0,0.0,343783.0,49.4,1,R,D,"CISNEROS, GILBERT (GIL)",0,1,1,0,0.0,,,,0,1.5798527956283448,0.75*2016 + 0.25*2012; 2020 lines (Daily Kos),0.0
HOU_CA_40_2020,2020,house,CA,40.0,0,0,"ROYBAL-ALLARD, LUCILLE",D,"DELGADO, C. ANTONIO",135572.0,50809.0,0.0,186381.0,72.74,1,D,D,"ROYBAL-ALLARD, LUCILLE",0,1,1,0,0.0,,,,0,34.31361973189871,0.75*2016 + 0.25*2012; 2020 lines (Daily Kos),0.0
HOU_CA_41_2020,2020,house,CA,41.0,0,0,"TAKANO, MARK ALLAN",D,"SMITH, AJA",168126.0,94447.0,0.0,262573.0,64.03,1,D,D,"TAKANO, MARK ALLAN",0,1,1,0,0.0,,,,0,12.952635283414034,0.75*2016 + 0.25*2012; 2020 lines (Daily Kos),0.0
HOU_CA_42_2020,2020,house,CA,42.0,0,0,"O'MARA, WILLIAM (LIAM)",D,"CALVERT, KENNETH STANTON (KEN)",157773.0,210274.0,0.0,368047.0,42.87,1,R,R,"CALVERT, KENNETH STANTON (KEN)",0,1,1,0,0.0,,,,0,-8.038434925465129,0.75*2016 + 0.25*2012; 2020 lines (Daily Kos),0.0
HOU_CA_43_2020,2020,house,CA,43.0,0,0,"WATERS, MAXINE",D,"COLLINS, JOE E., III",199210.0,78688.0,0.0,277898.0,71.68,1,D,D,"WATERS, MAXINE",0,1,1,0,0.0,,,,0,30.35929386490609,0.75*2016 + 0.25*2012; 2020 lines (Daily Kos),0.0
HOU_CA_44_2020,2020,house,CA,44.0,0,0,"BARRAGAN, NANETTE DIAZ; JOYA, ANALILIA",D,,206036.0,0.0,0.0,206036.0,,0,D,D,"BARRAGAN, NANETTE DIAZ",0,2,0,0,0.0,,,,0,35.510549718161734,0.75*2016 + 0.25*2012; 2020 lines (Daily Kos),0.0
HOU_CA_45_2020,2020,house,CA,45.0,0,0,"PORTER, KATHERINE (KATIE)",D,"RATHS, GREGORY (GREG)",221843.0,193096.0,0.0,414939.0,53.46,1,D,D,"PORTER, KATHERINE (KATIE)",0,1,1,0,0.0,,,,0,-0.7116337802428263,0.75*2016 + 0.25*2012; 2020 lines (Daily Kos),0.0
HOU_CA_46_2020,2020,house,CA,46.0,0,0,"CORREA, JOSE LUIS (LOU)",D,"WATERS, JAMES S.",157803.0,71716.0,0.0,229519.0,68.75,1,D,D,"CORREA, JOSE LUIS (LOU)",0,1,1,0,0.0,,,,0,17.142214615759215,0.75*2016 + 0.25*2012; 2020 lines (Daily Kos),0.0
HOU_CA_47_2020,2020,house,CA,47.0,0,0,"LOWENTHAL, ALAN S.",D,"BRISCOE, JOHN",197028.0,114371.0,0.0,311399.0,63.27,1,D,D,"LOWENTHAL, ALAN S.",0,1,1,0,0.0,,,,0,14.166547550884376,0.75*2016 + 0.25*2012; 2020 lines (Daily Kos),0.0
HOU_CA_48_2020,2020,house,CA,48.0,0,0,"ROUDA, HARLEY",D,"STEEL, MICHELLE",193362.0,201738.0,0.0,395100.0,48.94,1,R,D,"ROUDA, HARLEY",0,1,1,0,0.0,,,,0,-2.185601050775551,0.75*2016 + 0.25*2012; 2020 lines (Daily Kos),0.0
HOU_CA_49_2020,2020,house,CA,49.0,0,0,"LEVIN, MIKE",D,"MARYOTT, BRIAN",205349.0,181157.0,0.0,386506.0,53.13,1,D,D,"LEVIN, MIKE",0,1,1,0,0.0,,,,0,0.7755295636620723,0.75*2016 + 0.25*2012; 2020 lines (Daily Kos),0.0
HOU_CA_50_2020,2020,house,CA,50.0,0,0,"CAMPA-NAJJAR, AMMAR",D,"ISSA, DARRELL EDWARD",166869.0,195521.0,0.0,362390.0,46.05,1,R,,,1,1,1,0,0.0,,,,0,-10.269410378506524,0.75*2016 + 0.25*2012; 2020 lines (Daily Kos),0.0
HOU_CA_51_2020,2020,house,CA,51.0,0,0,"VARGAS, JUAN CARLOS",D,"HIDALGO, JUAN M., JR.",165596.0,76841.0,0.0,242437.0,68.3,1,D,D,"VARGAS, JUAN CARLOS",0,1,1,0,0.0,,,,0,23.21687944209614,0.75*2016 + 0.25*2012; 2020 lines (Daily Kos),0.0
HOU_CA_52_2020,2020,house,CA,52.0,0,0,"PETERS, SCOTT H.",D,"DEBELLO, JIM",244145.0,152350.0,0.0,396495.0,61.58,1,D,D,"PETERS, SCOTT H.",0,1,1,0,0.0,,,,0,8.476979045699714,0.75*2016 + 0.25*2012; 2020 lines (Daily Kos),0.0
HOU_CA_53_2020,2020,house,CA,53.0,0,0,"JACOBS, SARA; GOMEZ, GEORGETTE",D,,334858.0,0.0,0.0,334858.0,,0,D,,,1,2,0,0,0.0,,,,0,15.741587926141476,0.75*2016 + 0.25*2012; 2020 lines (Daily Kos),0.0
HOU_CO_01_2020,2020,house,CO,1.0,0,0,"DEGETTE, DIANA LOUISE",D,"BOLLING, SHANE",331621.0,105955.0,12714.0,450290.0,75.79,1,D,D,"DEGETTE, DIANA LOUISE",0,1,1,3,2.82,"FUREY, KYLE",Lbt,1.94,0,22.37162841185296,0.75*2016 + 0.25*2012; 2020 lines (Daily Kos),0.0
HOU_CO_02_2020,2020,house,CO,2.0,0,0,"NEGUSE, JOE",D,"WINN, CHARLIE",316925.0,182547.0,16191.0,515663.0,63.45,1,D,D,"NEGUSE, JOE",0,1,1,2,3.14,"ATKINSON, THOM",Lbt,2.65,0,9.730933679678396,0.75*2016 + 0.25*2012; 2020 lines (Daily Kos),0.0
HOU_CO_03_2020,2020,house,CO,3.0,0,0,"MITSCH BUSH, DIANE E.",D,"BOEBERT, LAUREN",194122.0,220634.0,14563.0,429319.0,46.8,1,R,,,1,1,1,2,3.39,"KEIL, JOHN RYAN",Lbt,2.4,0,-6.999218428281953,0.75*2016 + 0.25*2012; 2020 lines (Daily Kos),0.0
HOU_CO_04_2020,2020,house,CO,4.0,0,0,"MCCORKLE, IKE",D,"BUCK, KENNETH (KEN)",173945.0,285606.0,15556.0,475107.0,37.85,1,R,R,"BUCK, KENNETH (KEN)",0,1,1,2,3.27,"GRIFFITH, BRUCE",Lbt,2.32,0,-13.314846526826322,0.75*2016 + 0.25*2012; 2020 lines (Daily Kos),0.0
HOU_CO_05_2020,2020,house,CO,5.0,0,0,"FREELAND, JILLIAN",D,"LAMBORN, DOUGLAS L. (DOUG)",161600.0,249013.0,21794.0,432407.0,39.36,1,R,R,"LAMBORN, DOUGLAS L. (DOUG)",0,1,1,3,5.04,"DUFFETT, ED",Lbt,3.42,0,-13.9775236310566,0.75*2016 + 0.25*2012; 2020 lines (Daily Kos),0.0
HOU_CO_06_2020,2020,house,CO,6.0,0,0,"CROW, JASON",D,"HOUSE, STEVE",250314.0,175192.0,12967.0,438473.0,58.83,1,D,D,"CROW, JASON",0,1,1,2,2.96,"OLSEN, NORMAN T. (NORM)",Lbt,2.07,0,2.9301905249062727,0.75*2016 + 0.25*2012; 2020 lines (Daily Kos),0.0
HOU_CO_07_2020,2020,house,CO,7.0,0,0,"PERLMUTTER, EDWIN G. (ED)",D,"STOCKHAM, CHARLES WESLEY (CASPER)",250525.0,159301.0,13865.0,423691.0,61.13,1,D,D,"PERLMUTTER, EDWIN G. (ED)",0,1,1,2,3.27,"BILES, KEN",Lbt,2.72,0,5.488196725396779,0.75*2016 + 0.25*2012; 2020 lines (Daily Kos),0.0
HOU_CT_01_2020,2020,house,CT,1.0,0,0,"LARSON, JOHN B.",D,"FAY, MARY",222668.0,122111.0,8916.0,353695.0,64.58,1,D,D,"LARSON, JOHN B.",0,1,1,2,2.52,"MCCORMICK, THOMAS",Grn,1.26,0,11.174122364445775,0.75*2016 + 0.25*2012; 2020 lines (Daily Kos),0.0
HOU_CT_02_2020,2020,house,CT,2.0,0,0,"COURTNEY, JOSEPH D. (JOE)",D,"ANDERSON, JUSTIN",218119.0,140356.0,8872.0,367347.0,60.85,1,D,D,"COURTNEY, JOSEPH D. (JOE)",0,1,1,3,2.42,"MARTINEAU, CASSANDRA",Grn,1.35,0,1.46140021506391,0.75*2016 + 0.25*2012; 2020 lines (Daily Kos),0.0
HOU_CT_03_2020,2020,house,CT,3.0,0,0,"DELAURO, ROSA L.",D,"STREICKER, MARGARET",203265.0,137598.0,5240.0,346103.0,59.63,1,D,D,"DELAURO, ROSA L.",0,1,1,1,1.51,"PAGLINO, JUSTIN C.",Grn,1.51,0,7.986338775932575,0.75*2016 + 0.25*2012; 2020 lines (Daily Kos),0.0
HOU_CT_04_2020,2020,house,CT,4.0,0,0,"HIMES, JAMES A. (JIM)",D,"RIDDLE, JONATHAN",224432.0,130627.0,5657.0,360716.0,63.21,1,D,D,"HIMES, JAMES A. (JIM)",0,1,1,2,1.57,"MERLEN, BRIAN",I,1.57,0,8.996221991852638,0.75*2016 + 0.25*2012; 2020 lines (Daily Kos),0.0
HOU_CT_05_2020,2020,house,CT,5.0,0,0,"HAYES, JAHANA",D,"SULLIVAN, DAVID X.",192484.0,151988.0,5052.0,349524.0,55.88,1,D,D,"HAYES, JAHANA",0,1,1,1,1.45,"WALCZAK, BRUCE W.",I,1.45,0,1.271677130013951,0.75*2016 + 0.25*2012; 2020 lines (Daily Kos),0.0
HOU_DE_01_2020,2020,house,DE,1.0,0,0,"BLUNT ROCHESTER, LISA LATRELLE",D,"MURPHY, LEE",281382.0,196392.0,10496.0,488270.0,58.89,1,D,D,"BLUNT ROCHESTER, LISA LATRELLE",0,1,1,2,2.15,"PURCELL, CATHERINE S.",Other,1.37,0,5.486351674586781,0.75*2016 + 0.25*2012; 2020 lines (Daily Kos),0.0
HOU_FL_01_2020,2020,house,FL,1.0,0,0,"EHR, PHIL",D,"GAETZ, MATT (JERRY)",149172.0,283352.0,6038.0,438562.0,34.49,1,R,R,"GAETZ, MATT (JERRY)",0,1,1,1,1.38,"ORAM, ALBERT F. (BERT)",I,1.38,0,-21.723066482697707,2016 only; 2020 lines (Daily Kos),0.0
HOU_FL_02_2020,2020,house,FL,2.0,0,0,,,"DUNN, NEAL P.",0.0,305337.0,6662.0,311999.0,,0,R,R,"DUNN, NEAL P.",0,0,1,1,2.14,"O'CONNOR, KIM",Other,2.14,0,-19.547994170292693,2016 only; 2020 lines (Daily Kos),0.0
HOU_FL_03_2020,2020,house,FL,3.0,0,0,"CHRISTENSEN, ADAM",D,"CAMMACK, KATHRYN C. (KAT)",167326.0,223075.0,0.0,390401.0,42.86,1,R,,,1,1,1,0,0.0,,,,0,-9.443110832647244,2016 only; 2020 lines (Daily Kos),0.0
HOU_FL_04_2020,2020,house,FL,4.0,0,0,"DEEGAN, DONNA",D,"RUTHERFORD, JOHN H.",196423.0,308497.0,20.0,504940.0,38.9,1,R,R,"RUTHERFORD, JOHN H.",0,1,1,1,0.0,"KONIZ, GARY LEE",Other,0.0,0,-15.731027826902434,2016 only; 2020 lines (Daily Kos),0.0
HOU_FL_05_2020,2020,house,FL,5.0,0,0,"LAWSON, ALFRED J. (AL), JR.",D,"ADLER, GARY",219463.0,117510.0,0.0,336973.0,65.13,1,D,D,"LAWSON, ALFRED J. (AL), JR.",0,1,1,0,0.0,,,,0,11.919919032618164,2016 only; 2020 lines (Daily Kos),0.0
HOU_FL_06_2020,2020,house,FL,6.0,0,0,"CURTIS, CLINT",D,"WALTZ, MICHAEL",172305.0,265393.0,158.0,437856.0,39.37,1,R,R,"WALTZ, MICHAEL",0,1,1,2,0.04,"NOLAN, JOHN G. (GERRY)",Other,0.03,0,-9.9389153954117,2016 only; 2020 lines (Daily Kos),0.0
HOU_FL_07_2020,2020,house,FL,7.0,0,0,"MURPHY, STEPHANIE",D,"VALENTIN, LEO",224946.0,175750.0,5753.0,406449.0,56.14,1,D,D,"MURPHY, STEPHANIE",0,1,1,1,1.42,"GARLINGTON, WILLIAM R.",I,1.42,0,2.654859715112634,2016 only; 2020 lines (Daily Kos),0.0
HOU_FL_08_2020,2020,house,FL,8.0,0,0,"KENNEDY, JIM",D,"POSEY, WILLIAM (BILL)",177695.0,282093.0,0.0,459788.0,38.65,1,R,R,"POSEY, WILLIAM (BILL)",0,1,1,0,0.0,,,,0,-11.942696025417066,2016 only; 2020 lines (Daily Kos),0.0
HOU_FL_09_2020,2020,house,FL,9.0,0,0,"SOTO, DARREN MICHAEL",D,"OLSON, WILLIAM P. (BILL)",240724.0,188889.0,25.0,429638.0,56.03,1,D,D,"SOTO, DARREN MICHAEL",0,1,1,1,0.01,"HILL, CLAY",Other,0.01,0,5.51189599596894,2016 only; 2020 lines (Daily Kos),0.0
HOU_FL_10_2020,2020,house,FL,10.0,0,0,"DEMINGS, VALDEZ B. (VAL)",D,"FRANCOIS, VENNIA",239434.0,136889.0,74.0,376397.0,63.62,1,D,D,"DEMINGS, VALDEZ B. (VAL)",0,1,1,1,0.02,"YASMINE, SUFIYAH",Other,0.02,0,12.751118679138497,2016 only; 2020 lines (Daily Kos),0.0
HOU_FL_11_2020,2020,house,FL,11.0,0,0,"COTTRELL, DANA",D,"WEBSTER, DANIEL A. (DAN)",158094.0,316979.0,0.0,475073.0,33.28,1,R,R,"WEBSTER, DANIEL A. (DAN)",0,1,1,0,0.0,,,,0,-17.775800255023793,2016 only; 2020 lines (Daily Kos),0.0
HOU_FL_12_2020,2020,house,FL,12.0,0,0,"WALKER, KIMBERLY",D,"BILIRAKIS, GUS MICHAEL",168194.0,284941.0,0.0,453135.0,37.12,1,R,R,"BILIRAKIS, GUS MICHAEL",0,1,1,0,0.0,,,,0,-10.818311532179193,2016 only; 2020 lines (Daily Kos),0.0
HOU_FL_13_2020,2020,house,FL,13.0,0,0,"CRIST, CHARLES J. (CHARLIE), JR.",D,"LUNA, ANNA PAULINA",215405.0,190713.0,0.0,406118.0,53.04,1,D,D,"CRIST, CHARLES J. (CHARLIE), JR.",0,1,1,0,0.0,,,,0,0.5045453384233123,2016 only; 2020 lines (Daily Kos),0.0
HOU_FL_14_2020,2020,house,FL,14.0,0,0,"CASTOR, KATHERINE ANNE (KATHY)",D,"QUINN, CHRISTINE Y.",224240.0,147896.0,0.0,372136.0,60.26,1,D,D,"CASTOR, KATHERINE ANNE (KATHY)",0,1,1,0,0.0,,,,0,8.292835182267332,2016 only; 2020 lines (Daily Kos),0.0
HOU_FL_15_2020,2020,house,FL,15.0,0,0,"COHN, ALAN M.",D,"FRANKLIN, C. SCOTT",174297.0,216374.0,0.0,390671.0,44.61,1,R,,,1,1,1,0,0.0,,,,0,-6.352651201030307,2016 only; 2020 lines (Daily Kos),0.0
HOU_FL_16_2020,2020,house,FL,16.0,0,0,"GOOD, MARGARET",D,"BUCHANAN, VERNON (VERN)",215683.0,269001.0,0.0,484684.0,44.5,1,R,R,"BUCHANAN, VERNON (VERN)",0,1,1,0,0.0,,,,0,-6.743370240284907,2016 only; 2020 lines (Daily Kos),0.0
HOU_FL_17_2020,2020,house,FL,17.0,0,0,"ELLISON, ALLEN",D,"STEUBE, W. GREGORY (GREG)",140487.0,266514.0,5396.0,412397.0,34.52,1,R,R,"STEUBE, W. GREGORY (GREG)",0,1,1,1,1.31,"MURRAY, THEODORE (PINK TIE)",I,1.31,0,-15.147393433496315,2016 only; 2020 lines (Daily Kos),0.0
HOU_FL_18_2020,2020,house,FL,18.0,0,0,"KEITH, PAMELA MICHELE (PAM)",D,"MAST, BRIAN J.",186674.0,253286.0,9760.0,449720.0,42.43,1,R,R,"MAST, BRIAN J.",0,1,1,1,2.17,"MILLER, KARL (K.W.)",I,2.17,0,-5.891254379735838,2016 only; 2020 lines (Daily Kos),0.0
HOU_FL_19_2020,2020,house,FL,19.0,0,0,"BANYAI, CINDY LYN",D,"DONALDS, BYRON",172146.0,272440.0,0.0,444586.0,38.72,1,R,,,1,1,1,0,0.0,,,,0,-12.52382152871681,2016 only; 2020 lines (Daily Kos),0.0
HOU_FL_20_2020,2020,house,FL,20.0,0,0,"HASTINGS, ALCEE LAMAR",D,"MUSSELWHITE, GREG",253661.0,68748.0,0.0,322409.0,78.68,1,D,D,"HASTINGS, ALCEE LAMAR",0,1,1,0,0.0,,,,0,30.42933707556539,2016 only; 2020 lines (Daily Kos),0.0
HOU_FL_21_2020,2020,house,FL,21.0,0,0,"FRANKEL, LOIS JANE",D,"LOOMER, LAURA",237925.0,157612.0,7544.0,403081.0,60.15,1,D,D,"FRANKEL, LOIS JANE",0,1,1,1,1.87,"MALKEMUS, CHARLESTON",I,1.87,0,8.837959065398149,2016 only; 2020 lines (Daily Kos),0.0
HOU_FL_22_2020,2020,house,FL,22.0,0,0,"DEUTCH, THEODORE ELIOT (TED)",D,"PRUDEN, JAMES (JIM)",235764.0,166553.0,0.0,402317.0,58.6,1,D,D,"DEUTCH, THEODORE ELIOT (TED)",0,1,1,0,0.0,,,,0,6.888230422709329,2016 only; 2020 lines (Daily Kos),0.0
HOU_FL_23_2020,2020,house,FL,23.0,0,0,"WASSERMAN SCHULTZ, DEBBIE",D,"SPALDING, CARLA ARLENE",221239.0,158874.0,83.0,380196.0,58.2,1,D,D,"WASSERMAN SCHULTZ, DEBBIE",0,1,1,2,0.02,"OLSON, JEFF",Other,0.01,0,12.18593592075663,2016 only; 2020 lines (Daily Kos),0.0
HOU_FL_24_2020,2020,house,FL,24.0,0,0,"WILSON, FREDERICA S. (FREDDI)",D,"SPICER, LAVERN",218825.0,59084.0,11720.0,289629.0,78.74,1,D,D,"WILSON, FREDERICA S. (FREDDI)",0,1,1,2,4.05,"OLIVO, CHRISTINE ALEXANDRIA",I,4.04,0,33.17479212424247,2016 only; 2020 lines (Daily Kos),0.0
HOU_FL_25_2020,2020,house,FL,25.0,0,0,,,"DIAZ-BALART, MARIO",0.0,0.0,0.0,0.0,,0,R,R,"DIAZ-BALART, MARIO",0,0,1,0,,,,,0,-2.063908426212429,2016 only; 2020 lines (Daily Kos),0.0
HOU_FL_26_2020,2020,house,FL,26.0,0,0,"MUCARSEL-POWELL, DEBBIE",D,"GIMENEZ, CARLOS A.",165407.0,177223.0,0.0,342630.0,48.28,1,R,D,"MUCARSEL-POWELL, DEBBIE",0,1,1,0,0.0,,,,0,7.195253382314304,2016 only; 2020 lines (Daily Kos),0.0
HOU_FL_27_2020,2020,house,FL,27.0,0,0,"SHALALA, DONNA",D,"SALAZAR, MARIA ELVIRA",166758.0,176141.0,76.0,342975.0,48.63,1,R,D,"SHALALA, DONNA",0,1,1,1,0.02,"POLO, FRANK E.",Other,0.02,0,8.894193795559048,2016 only; 2020 lines (Daily Kos),0.0
HOU_GA_01_2020,2020,house,GA,1.0,0,0,"GRIGGS, JOYCE MARIE",D,"CARTER, EARL L. (BUDDY)",135238.0,189457.0,0.0,324695.0,41.65,1,R,R,"CARTER, EARL L. (BUDDY)",0,1,1,0,0.0,,,,0,-8.981114064866293,0.75*2016 + 0.25*2012; 2020 lines (Daily Kos),0.0
HOU_GA_02_2020,2020,house,GA,2.0,0,0,"BISHOP, SANFORD DIXON, JR.",D,"COLE, DON",161397.0,111620.0,17.0,273034.0,59.12,1,D,D,"BISHOP, SANFORD DIXON, JR.",0,1,1,1,0.01,"HILL, JAMELLE",Other,0.01,0,5.337650048622844,0.75*2016 + 0.25*2012; 2020 lines (Daily Kos),0.0
HOU_GA_03_2020,2020,house,GA,3.0,0,0,"ALMONORD, VAL",D,"FERGUSON, ANDREW DREW, IV",129792.0,241526.0,0.0,371318.0,34.95,1,R,R,"FERGUSON, ANDREW DREW, IV",0,1,1,0,0.0,,,,0,-17.724691092251547,0.75*2016 + 0.25*2012; 2020 lines (Daily Kos),0.0
HOU_GA_04_2020,2020,house,GA,4.0,0,0,"JOHNSON, HENRY C. (HANK), JR.",D,"EZAMMUDEEN, JOHSIE CRUZ",278906.0,69393.0,0.0,348299.0,80.08,1,D,D,"JOHNSON, HENRY C. (HANK), JR.",0,1,1,0,0.0,,,,0,25.07517313617832,0.75*2016 + 0.25*2012; 2020 lines (Daily Kos),0.0
HOU_GA_05_2020,2020,house,GA,5.0,0,0,"WILLIAMS, NIKEMA",D,"STANTON-KING, ANGELA",301857.0,52646.0,0.0,354503.0,85.15,1,D,,,1,1,1,0,0.0,,,,0,35.41671095604126,0.75*2016 + 0.25*2012; 2020 lines (Daily Kos),0.0
HOU_GA_06_2020,2020,house,GA,6.0,0,0,"MCBATH, LUCY",D,"HANDEL, KAREN C.",216775.0,180329.0,0.0,397104.0,54.59,1,D,D,"MCBATH, LUCY",0,1,1,0,0.0,,,,0,-4.9360317628136405,0.75*2016 + 0.25*2012; 2020 lines (Daily Kos),0.0
HOU_GA_07_2020,2020,house,GA,7.0,0,0,"BOURDEAUX, CAROLYN",D,"MCCORMICK, RICHARD (RICH)",190900.0,180564.0,0.0,371464.0,51.39,1,D,,,1,1,1,0,0.0,,,,0,-6.650336771557271,0.75*2016 + 0.25*2012; 2020 lines (Daily Kos),0.0
HOU_GA_08_2020,2020,house,GA,8.0,0,0,"HOLLIDAY, LINDSAY",D,"SCOTT, AUSTIN",109264.0,198701.0,48.0,308013.0,35.48,1,R,R,"SCOTT, AUSTIN",0,1,1,1,0.02,"COOPER, JAMES L., III",Other,0.02,0,-15.521149406568842,0.75*2016 + 0.25*2012; 2020 lines (Daily Kos),0.0
HOU_GA_09_2020,2020,house,GA,9.0,0,0,"PANDY, DEVIN",D,"CLYDE, ANDREW S.",79797.0,292750.0,0.0,372547.0,21.42,1,R,,,1,1,1,0,0.0,,,,0,-31.251095647803552,0.75*2016 + 0.25*2012; 2020 lines (Daily Kos),0.0
HOU_GA_10_2020,2020,house,GA,10.0,0,0,"JOHNSON-GREEN, TABITHA A.",D,"HICE, JODY B.",142636.0,235810.0,0.0,378446.0,37.69,1,R,R,"HICE, JODY B.",0,1,1,0,0.0,,,,0,-14.53929761926324,0.75*2016 + 0.25*2012; 2020 lines (Daily Kos),0.0
HOU_GA_11_2020,2020,house,GA,11.0,0,0,"BARRETT, DANA",D,"LOUDERMILK, BARRY D.",160623.0,245259.0,0.0,405882.0,39.57,1,R,R,"LOUDERMILK, BARRY D.",0,1,1,0,0.0,,,,0,-15.678747728442143,0.75*2016 + 0.25*2012; 2020 lines (Daily Kos),0.0
HOU_GA_12_2020,2020,house,GA,12.0,0,0,"JOHNSON, ELIZABETH H. (LIZ)",D,"ALLEN, RICHARD W. (RICK)",129061.0,181038.0,0.0,310099.0,41.62,1,R,R,"ALLEN, RICHARD W. (RICK)",0,1,1,0,0.0,,,,0,-9.07389141689269,0.75*2016 + 0.25*2012; 2020 lines (Daily Kos),0.0
HOU_GA_13_2020,2020,house,GA,13.0,0,0,"SCOTT, DAVID ALBERT",D,"HITES, BECKY E.",279045.0,81476.0,61.0,360582.0,77.4,1,D,D,"SCOTT, DAVID ALBERT",0,1,1,1,0.02,"COWEN, MARTIN",Other,0.02,0,20.63130557284556,0.75*2016 + 0.25*2012; 2020 lines (Daily Kos),0.0
HOU_GA_14_2020,2020,house,GA,14.0,0,0,"VAN AUSDAL, KEVIN",D,"GREENE, MARJORIE TAYLOR",77798.0,229827.0,0.0,307625.0,25.29,1,R,,,1,1,1,0,0.0,,,,0,-27.885425770322616,0.75*2016 + 0.25*2012; 2020 lines (Daily Kos),0.0
HOU_HI_01_2020,2020,house,HI,1.0,0,0,"CASE, EDWARD ESPENETT (ED)",D,"CURTIS, RON",183245.0,71188.0,0.0,254433.0,72.02,1,D,D,"CASE, EDWARD ESPENETT (ED)",0,1,1,0,0.0,,,,0,16.809918484482473,0.75*2016 + 0.25*2012; 2020 lines (Daily Kos),0.0
HOU_HI_02_2020,2020,house,HI,2.0,0,0,"KAHELE, KAIALIAI (KAI)",D,"AKANA, JOE",171517.0,84027.0,16558.0,272102.0,67.12,1,D,,,1,1,1,4,6.09,"TIPPENS, MICHELLE ROSE",Lbt,2.49,0,17.454529352224142,0.75*2016 + 0.25*2012; 2020 lines (Daily Kos),0.0
HOU_IA_01_2020,2020,house,IA,1.0,0,0,"FINKENAUER, ABBY",D,"HINSON, ASHLEY",201347.0,212088.0,0.0,413435.0,48.7,1,R,D,"FINKENAUER, ABBY",0,1,1,0,0.0,,,,0,-1.0629788353004672,0.75*2016 + 0.25*2012; 2020 lines (Daily Kos),0.0
HOU_IA_02_2020,2020,house,IA,2.0,0,0,"HART, RITA R.",D,"MILLER-MEEKS, MARIANNETTE JANE",196958.0,196964.0,0.0,393922.0,50.0,1,R,,,1,1,1,0,0.0,,,,0,-1.3566550187545778,0.75*2016 + 0.25*2012; 2020 lines (Daily Kos),0.0
HOU_IA_03_2020,2020,house,IA,3.0,0,0,"AXNE, CYNTHIA (CINDY)",D,"YOUNG, DAVID",219205.0,212997.0,15361.0,447563.0,50.72,1,D,D,"AXNE, CYNTHIA (CINDY)",0,1,1,1,3.43,"HOLDER, BRYAN JACK",Lbt,3.43,0,-2.243659623113245,0.75*2016 + 0.25*2012; 2020 lines (Daily Kos),0.0
HOU_IA_04_2020,2020,house,IA,4.0,0,0,"SCHOLTEN, JAMES D.",D,"FEENSTRA, RANDY",144761.0,237369.0,0.0,382130.0,37.88,1,R,,,1,1,1,0,0.0,,,,0,-13.265732176786392,0.75*2016 + 0.25*2012; 2020 lines (Daily Kos),0.0
HOU_ID_01_2020,2020,house,ID,1.0,0,0,"SOTO, RUDY",D,"FULCHER, RUSSELL M. (RUSS)",131380.0,310736.0,16453.0,458569.0,29.72,1,R,R,"FULCHER, RUSSELL M. (RUSS)",0,1,1,1,3.59,"EVANS, JOE",Lbt,3.59,0,-21.714373224541024,0.75*2016 + 0.25*2012; 2020 lines (Daily Kos),0.0
HOU_ID_02_2020,2020,house,ID,2.0,0,0,"SWISHER, CARLTON AARON",D,"SIMPSON, MICHAEL K. (MIKE)",124151.0,250669.0,16513.0,391333.0,33.12,1,R,R,"SIMPSON, MICHAEL K. (MIKE)",0,1,1,2,4.22,"RICHARDSON, MARVIN (PRO-LIFE)",Other,2.19,0,-16.349565719689757,0.75*2016 + 0.25*2012; 2020 lines (Daily Kos),0.0
HOU_IL_01_2020,2020,house,IL,1.0,0,0,"RUSH, BOBBY LEE",D,"WHITE, PHILANISE",239943.0,85027.0,153.0,325123.0,73.84,1,D,D,"RUSH, BOBBY LEE",0,1,1,1,0.05,"PELLEGRINI, RUTH",Other,0.05,0,26.911997593927914,0.75*2016 + 0.25*2012; 2020 lines (Daily Kos),0.0
HOU_IL_02_2020,2020,house,IL,2.0,0,0,"KELLY, ROBIN L.",D,"RABORN, THERESA J.",234896.0,63142.0,0.0,298038.0,78.81,1,D,D,"KELLY, ROBIN L.",0,1,1,0,0.0,,,,0,29.19238441222945,0.75*2016 + 0.25*2012; 2020 lines (Daily Kos),0.0
HOU_IL_03_2020,2020,house,IL,3.0,0,0,"NEWMAN, MARIE",D,"FRICILONE, MIKE",172997.0,133851.0,0.0,306848.0,56.38,1,D,,,1,1,1,0,0.0,,,,0,6.348999986832596,0.75*2016 + 0.25*2012; 2020 lines (Daily Kos),0.0
HOU_IL_04_2020,2020,house,IL,4.0,0,0,"GARCIA, JESUS G. (CHUY)",D,"SOLORIO, JESUS",187219.0,35518.0,0.0,222737.0,84.05,1,D,D,"GARCIA, JESUS G. (CHUY)",0,1,1,0,0.0,,,,0,33.85424722558023,0.75*2016 + 0.25*2012; 2020 lines (Daily Kos),0.0
HOU_IL_05_2020,2020,house,IL,5.0,0,0,"QUIGLEY, MICHAEL (MIKE)",D,"HANSON, TOM",255661.0,96200.0,9408.0,361269.0,72.66,1,D,D,"QUIGLEY, MICHAEL (MIKE)",0,1,1,1,2.6,"WILDA, THOMAS J.",Grn,2.6,0,21.486325898691955,0.75*2016 + 0.25*2012; 2020 lines (Daily Kos),0.0
HOU_IL_06_2020,2020,house,IL,6.0,0,0,"CASTEN, SEAN",D,"IVES, JEANNE",213777.0,183891.0,7079.0,404747.0,53.76,1,D,D,"CASTEN, SEAN",0,1,1,1,1.75,"REDPATH, BILL",Lbt,1.75,0,0.3816209521905243,0.75*2016 + 0.25*2012; 2020 lines (Daily Kos),0.0
HOU_IL_07_2020,2020,house,IL,7.0,0,0,"DAVIS, DANNY K.",D,"CAMERON, CRAIG",249383.0,41390.0,19355.0,310128.0,85.77,1,D,D,"DAVIS, DANNY K.",0,1,1,1,6.24,"JENNINGS, TRACY",I,6.24,0,38.495921844751216,0.75*2016 + 0.25*2012; 2020 lines (Daily Kos),0.0
HOU_IL_08_2020,2020,house,IL,8.0,0,0,"KRISHNAMOORTHI, S. RAJA",D,,186251.0,0.0,68327.0,254578.0,,0,D,D,"KRISHNAMOORTHI, S. RAJA",0,1,0,1,26.84,"NELSON, PRESTON GABRIEL",Lbt,26.84,0,9.316588223008024,0.75*2016 + 0.25*2012; 2020 lines (Daily Kos),0.0
HOU_IL_09_2020,2020,house,IL,9.0,0,0,"SCHAKOWSKY, JANICE D. (JAN)",D,"SANGARI, SARGIS",262045.0,107125.0,0.0,369170.0,70.98,1,D,D,"SCHAKOWSKY, JANICE D. (JAN)",0,1,1,0,0.0,,,,0,20.52482940976106,0.75*2016 + 0.25*2012; 2020 lines (Daily Kos),0.0
HOU_IL_10_2020,2020,house,IL,10.0,0,0,"SCHNEIDER, BRADLEY SCOTT (BRAD)",D,"MUKHERJEE, VALERIE RAMIREZ",202402.0,114442.0,30.0,316874.0,63.88,1,D,D,"SCHNEIDER, BRADLEY SCOTT (BRAD)",0,1,1,2,0.01,"KOPSICK, JOSEPH WILLIAM",Other,0.01,0,12.344873341598246,0.75*2016 + 0.25*2012; 2020 lines (Daily Kos),0.0
HOU_IL_11_2020,2020,house,IL,11.0,0,0,"FOSTER, G. WILLIAM (BILL)",D,"LAIB, RICK",194557.0,112807.0,13.0,307377.0,63.3,1,D,D,"FOSTER, G. WILLIAM (BILL)",0,1,1,1,0.0,"HARLSON, JON",Other,0.0,0,10.123704508436663,0.75*2016 + 0.25*2012; 2020 lines (Daily Kos),0.0
HOU_IL_12_2020,2020,house,IL,12.0,0,0,"LENZI, RAYMOND C.",D,"BOST, MICHAEL J. (MIKE)",127577.0,194839.0,0.0,322416.0,39.57,1,R,R,"BOST, MICHAEL J. (MIKE)",0,1,1,0,0.0,,,,0,-7.017815408184204,0.75*2016 + 0.25*2012; 2020 lines (Daily Kos),0.0
HOU_IL_13_2020,2020,house,IL,13.0,0,0,"LONDRIGAN, BETSY DIRKSEN",D,"DAVIS, RODNEY L.",151648.0,181373.0,0.0,333021.0,45.54,1,R,R,"DAVIS, RODNEY L.",0,1,1,0,0.0,,,,0,-3.594105342563617,0.75*2016 + 0.25*2012; 2020 lines (Daily Kos),0.0
HOU_IL_14_2020,2020,house,IL,14.0,0,0,"UNDERWOOD, LAUREN",D,"OBERWEIS, JAMES D. (JIM)",203209.0,197835.0,0.0,401044.0,50.67,1,D,D,"UNDERWOOD, LAUREN",0,1,1,0,0.0,,,,0,-4.206626240341949,0.75*2016 + 0.25*2012; 2020 lines (Daily Kos),0.0
HOU_IL_15_2020,2020,house,IL,15.0,0,0,"WEAVER, ERIKA C.",D,"MILLER, MARY E.",88559.0,244947.0,0.0,333506.0,26.55,1,R,,,1,1,1,0,0.0,,,,0,-23.37563798432389,0.75*2016 + 0.25*2012; 2020 lines (Daily Kos),0.0
HOU_IL_16_2020,2020,house,IL,16.0,0,0,"BRZOZOWSKI, DANI",D,"KINZINGER, ADAM",119313.0,218839.0,0.0,338152.0,35.28,1,R,R,"KINZINGER, ADAM",0,1,1,0,0.0,,,,0,-9.220718321036625,0.75*2016 + 0.25*2012; 2020 lines (Daily Kos),0.0
HOU_IL_17_2020,2020,house,IL,17.0,0,0,"BUSTOS, CHERI",D,"KING, ESTHER JOY",156011.0,143863.0,21.0,299895.0,52.03,1,D,D,"BUSTOS, CHERI",0,1,1,1,0.01,"PARKER, GENERAL (THE GENERAL)",Other,0.01,0,0.5024135550053683,0.75*2016 + 0.25*2012; 2020 lines (Daily Kos),0.0
HOU_IL_18_2020,2020,house,IL,18.0,0,0,"PETRILLI, GEORGE",D,"LAHOOD, DARIN M.",110039.0,261840.0,0.0,371879.0,29.59,1,R,R,"LAHOOD, DARIN M.",0,1,1,0,0.0,,,,0,-15.277861319322444,0.75*2016 + 0.25*2012; 2020 lines (Daily Kos),0.0
HOU_IN_01_2020,2020,house,IN,1.0,0,0,"MRVAN, FRANK J.",D,"LEYVA, MARK J.",185180.0,132247.0,9521.0,326948.0,58.34,1,D,,,1,1,1,1,2.91,"STRAUSS, MICHAEL",Lbt,2.91,0,6.572483805484527,0.75*2016 + 0.25*2012; 2020 lines (Daily Kos),0.0
HOU_IN_02_2020,2020,house,IN,2.0,0,0,"HACKETT, MARY PATRICIA (PAT)",D,"WALORSKI, JACKIE SWIHART",114967.0,183601.0,0.0,298568.0,38.51,1,R,R,"WALORSKI, JACKIE SWIHART",0,1,1,0,0.0,,,,0,-12.280277877629338,0.75*2016 + 0.25*2012; 2020 lines (Daily Kos),0.0
HOU_IN_03_2020,2020,house,IN,3.0,0,0,"COLDIRON, CHIP",D,"BANKS, JAMES E. (JIM)",104762.0,220989.0,0.0,325751.0,32.16,1,R,R,"BANKS, JAMES E. (JIM)",0,1,1,0,0.0,,,,0,-18.568953204842103,0.75*2016 + 0.25*2012; 2020 lines (Daily Kos),0.0
HOU_IN_04_2020,2020,house,IN,4.0,0,0,"MACKEY, JOSEPH W. (JOE)",D,"BAIRD, JAMES R. (JIM)",112984.0,225531.0,0.0,338515.0,33.38,1,R,R,"BAIRD, JAMES R. (JIM)",0,1,1,0,0.0,,,,0,-17.98346723825159,0.75*2016 + 0.25*2012; 2020 lines (Daily Kos),0.0
HOU_IN_05_2020,2020,house,IN,5.0,0,0,"HALE, CHRISTINA",D,"SPARTZ, VICTORIA",191226.0,208212.0,16788.0,416226.0,47.87,1,R,,,1,1,1,1,4.03,"TUCKER, KENNETH",Lbt,4.03,0,-8.202711688502387,0.75*2016 + 0.25*2012; 2020 lines (Daily Kos),0.0
HOU_IN_06_2020,2020,house,IN,6.0,0,0,"LAKE, JEANNINE LEE",D,"PENCE, GREG",91103.0,225319.0,11791.0,328213.0,28.79,1,R,R,"PENCE, GREG",0,1,1,1,3.59,"FERKINHOFF, TOM",Lbt,3.59,0,-20.250221599050217,0.75*2016 + 0.25*2012; 2020 lines (Daily Kos),0.0
HOU_IN_07_2020,2020,house,IN,7.0,0,0,"CARSON, ANDRE D.",D,"SMITH, SUSAN MARIE",176422.0,106146.0,0.0,282568.0,62.44,1,D,D,"CARSON, ANDRE D.",0,1,1,0,0.0,,,,0,11.126171584029876,0.75*2016 + 0.25*2012; 2020 lines (Daily Kos),0.0
HOU_IN_08_2020,2020,house,IN,8.0,0,0,"MARSILI, E. THOMASINA",D,"BUCSHON, LARRY D.",95691.0,214643.0,10283.0,320617.0,30.83,1,R,R,"BUCSHON, LARRY D.",0,1,1,1,3.21,"RODENBERGER, JAMES D.",Lbt,3.21,0,-17.0116066355409,0.75*2016 + 0.25*2012; 2020 lines (Daily Kos),0.0
HOU_IN_09_2020,2020,house,IN,9.0,0,0,"RUFF, ANDY",D,"HOLLINGSWORTH, JOSEPH A. (TREY), III",122566.0,222057.0,14415.0,359038.0,35.57,1,R,R,"HOLLINGSWORTH, JOSEPH A. (TREY), III",0,1,1,1,4.01,"MILLIS, TONYA L.",Lbt,4.01,0,-14.070073832813277,0.75*2016 + 0.25*2012; 2020 lines (Daily Kos),0.0
HOU_KS_01_2020,2020,house,KS,1.0,0,0,"BARNETT, KALI",D,"MANN, TRACEY ROBERT",84393.0,208229.0,0.0,292622.0,28.84,1,R,,,1,1,1,0,0.0,,,,0,-24.816821537913214,0.75*2016 + 0.25*2012; 2020 lines (Daily Kos),0.0
HOU_KS_02_2020,2020,house,KS,2.0,0,0,"DE LA ISLA, MICHELLE",D,"LATURNER, JACOB ANDREW (JAKE)",136650.0,185464.0,14201.0,336315.0,42.42,1,R,,,1,1,1,1,4.22,"GARRARD, ROBERT DAVID",Lbt,4.22,0,-10.460448267672732,0.75*2016 + 0.25*2012; 2020 lines (Daily Kos),0.0
HOU_KS_03_2020,2020,house,KS,3.0,0,0,"DAVIDS, SHARICE",D,"ADKINS, AMANDA L.",220049.0,178773.0,11596.0,410418.0,55.17,1,D,D,"DAVIDS, SHARICE",0,1,1,1,2.83,"HOHE, STEVEN A. (STEVE)",Lbt,2.83,0,-2.0966401168086,0.75*2016 + 0.25*2012; 2020 lines (Daily Kos),0.0
HOU_KS_04_2020,2020,house,KS,4.0,0,0,"LOMBARD, LAURA",D,"ESTES, RON",116166.0,203432.0,0.0,319598.0,36.35,1,R,R,"ESTES, RON",0,1,1,0,0.0,,,,0,-15.591283691794334,0.75*2016 + 0.25*2012; 2020 lines (Daily Kos),0.0
HOU_KY_01_2020,2020,house,KY,1.0,0,0,"RHODES, JAMES",D,"COMER, JAMES R. (JAMIE), JR.",82141.0,246329.0,0.0,328470.0,25.01,1,R,R,"COMER, JAMES R. (JAMIE), JR.",0,1,1,0,0.0,,,,0,-24.610116147400383,0.75*2016 + 0.25*2012; 2020 lines (Daily Kos),0.0
HOU_KY_02_2020,2020,house,KY,2.0,0,0,"LINDERMAN, HANK",D,"GUTHRIE, STEVEN (BRETT)",94643.0,255735.0,10019.0,360397.0,27.01,1,R,R,"GUTHRIE, STEVEN (BRETT)",0,1,1,2,2.78,"PERRY, ROBERT LEE",Lbt,2.11,0,-20.688027109193165,0.75*2016 + 0.25*2012; 2020 lines (Daily Kos),0.0
HOU_KY_03_2020,2020,house,KY,3.0,0,0,"YARMUTH, JOHN A.",D,"PALAZZO, RHONDA R.",230672.0,137425.0,0.0,368097.0,62.67,1,D,D,"YARMUTH, JOHN A.",0,1,1,0,0.0,,,,0,6.182033966436521,0.75*2016 + 0.25*2012; 2020 lines (Daily Kos),0.0
HOU_KY_04_2020,2020,house,KY,4.0,0,0,"OWENSBY, ALEXANDRA",D,"MASSIE, THOMAS H.",125896.0,256613.0,0.0,382509.0,32.91,1,R,R,"MASSIE, THOMAS H.",0,1,1,0,0.0,,,,0,-19.26872244622353,0.75*2016 + 0.25*2012; 2020 lines (Daily Kos),0.0
HOU_KY_05_2020,2020,house,KY,5.0,0,0,"BEST, MATTHEW RYAN",D,"ROGERS, HAROLD DALLAS (HAL)",47056.0,250914.0,0.0,297970.0,15.79,1,R,R,"ROGERS, HAROLD DALLAS (HAL)",0,1,1,0,0.0,,,,0,-31.96183200089136,0.75*2016 + 0.25*2012; 2020 lines (Daily Kos),0.0
HOU_KY_06_2020,2020,house,KY,6.0,0,0,"HICKS, JOSH",D,"BARR, GARLAND (ANDY)",155011.0,216948.0,6491.0,378450.0,41.67,1,R,R,"BARR, GARLAND (ANDY)",0,1,1,1,1.72,"HARRIS, FRANK",Lbt,1.72,0,-9.199820758624355,0.75*2016 + 0.25*2012; 2020 lines (Daily Kos),0.0
HOU_LA_01_2020,2020,house,LA,1.0,0,0,"DUGAS, LEE ANN",D,"SCALISE, STEPHEN J. (STEVE)",94730.0,270330.0,9309.0,374369.0,25.95,1,R,R,"SCALISE, STEPHEN J. (STEVE)",0,1,1,1,2.49,"KEARNEY, HOWARD",Lbt,2.49,0,-23.51381294643038,0.75*2016 + 0.25*2012; 2020 lines (Daily Kos),0.0
HOU_LA_02_2020,2020,house,LA,2.0,0,0,"RICHMOND, CEDRIC L.; HARRIS, GLENN ADRAIN",D,"SCHILLING, DAVID M.; VINCENT, SHELDON C., SR.",235320.0,63140.0,18522.0,316982.0,78.84,1,D,D,"RICHMOND, CEDRIC L.",0,2,2,2,5.84,"BATISTE, BELDEN (NOONIE MAN)",I,3.87,0,25.6209850837703,0.75*2016 + 0.25*2012; 2020 lines (Daily Kos),0.0
HOU_LA_03_2020,2020,house,LA,3.0,0,0,"HARRIS, BRAYLON; ANDERSON, ROB",D,"HIGGINS, CLAY",100275.0,230480.0,9365.0,340120.0,30.32,1,R,R,"HIGGINS, CLAY",0,2,1,1,2.75,"LELEUX, BRANDON",Lbt,2.75,0,-20.47929271408266,0.75*2016 + 0.25*2012; 2020 lines (Daily Kos),0.0
HOU_LA_04_2020,2020,house,LA,4.0,0,0,"HOUSTON, KENNY; TRUNDLE, RYAN",D,"JOHNSON, MIKE; GIBSON, BEN",101970.0,204608.0,0.0,306578.0,33.26,1,R,R,"JOHNSON, MIKE",0,2,2,0,0.0,,,,0,-13.07934818873102,0.75*2016 + 0.25*2012; 2020 lines (Daily Kos),0.0
HOU_LA_05_2020,2020,house,LA,5.0,0,0,,,"LETLOW, LUKE J.; HARRIS, LANCE",0.0,79307.0,0.0,79307.0,,0,R,,,1,0,2,0,0.0,,,,1,-15.62361624575088,0.75*2016 + 0.25*2012; 2020 lines (Daily Kos),0.0
HOU_LA_06_2020,2020,house,LA,6.0,0,0,"WILLIAMS, DARTANYON (DAW)",D,"GRAVES, GARRET",95541.0,265706.0,12749.0,373996.0,26.45,1,R,R,"GRAVES, GARRET",0,1,1,2,3.41,"SLOAN, SHANNON",Lbt,2.6,0,-18.95657217300328,0.75*2016 + 0.25*2012; 2020 lines (Daily Kos),0.0
HOU_MA_01_2020,2020,house,MA,1.0,0,0,"NEAL, RICHARD E.",D,,275376.0,0.0,1274.0,276650.0,,0,D,D,"NEAL, RICHARD E.",0,1,0,1,0.46,"MORSE, ALEX B.",Other,0.46,0,10.6692464818283,0.75*2016 + 0.25*2012; 2020 lines (Daily Kos),0.0
HOU_MA_02_2020,2020,house,MA,2.0,0,0,"MCGOVERN, JAMES P. (JIM)",D,"LOVVORN, TRACY LYN",249854.0,132220.0,0.0,382074.0,65.39,1,D,D,"MCGOVERN, JAMES P. (JIM)",0,1,1,0,0.0,,,,0,8.924496318035423,0.75*2016 + 0.25*2012; 2020 lines (Daily Kos),0.0
HOU_MA_03_2020,2020,house,MA,3.0,0,0,"TRAHAN, LORI LOUREIRO",D,,286896.0,0.0,0.0,286896.0,,0,D,D,"TRAHAN, LORI LOUREIRO",0,1,0,0,0.0,,,,0,9.74445581125649,0.75*2016 + 0.25*2012; 2020 lines (Daily Kos),0.0
HOU_MA_04_2020,2020,house,MA,4.0,0,0,"AUCHINCLOSS, JAKE",D,"HALL, JULIE A.",251102.0,160474.0,0.0,411576.0,61.01,1,D,,,1,1,1,0,0.0,,,,0,10.26943564294821,0.75*2016 + 0.25*2012; 2020 lines (Daily Kos),0.0
HOU_MA_05_2020,2020,house,MA,5.0,0,0,"CLARK, KATHERINE M.",D,"COLARUSSO, CAROLINE",294427.0,101351.0,0.0,395778.0,74.39,1,D,D,"CLARK, KATHERINE M.",0,1,1,0,0.0,,,,0,19.926454594747472,0.75*2016 + 0.25*2012; 2020 lines (Daily Kos),0.0
HOU_MA_06_2020,2020,house,MA,6.0,0,0,"MOULTON, SETH W.",D,"MORAN, JOHN PAUL",286377.0,150695.0,0.0,437072.0,65.52,1,D,D,"MOULTON, SETH W.",0,1,1,0,0.0,,,,0,7.103961687504926,0.75*2016 + 0.25*2012; 2020 lines (Daily Kos),0.0
HOU_MA_07_2020,2020,house,MA,7.0,0,0,"PRESSLEY, AYANNA S.",D,,267362.0,0.0,39381.0,306743.0,,0,D,D,"PRESSLEY, AYANNA S.",0,1,0,3,12.84,"OWENS, ROY A., SR.",I,12.61,0,35.32592984200005,0.75*2016 + 0.25*2012; 2020 lines (Daily Kos),0.0
HOU_MA_08_2020,2020,house,MA,8.0,0,0,"LYNCH, STEPHEN F.",D,,310940.0,0.0,72060.0,383000.0,,0,D,D,"LYNCH, STEPHEN F.",0,1,0,1,18.81,"LOTT, JONATHAN D.",I,18.81,0,11.075623065123676,0.75*2016 + 0.25*2012; 2020 lines (Daily Kos),0.0
HOU_MA_09_2020,2020,house,MA,9.0,0,0,"KEATING, WILLIAM RICHARD (BILL)",D,"BRADY, HELEN",260262.0,154261.0,9717.0,424240.0,62.79,1,D,D,"KEATING, WILLIAM RICHARD (BILL)",0,1,1,1,2.29,"MANLEY, MICHAEL",I,2.29,0,4.455818040543285,0.75*2016 + 0.25*2012; 2020 lines (Daily Kos),0.0
HOU_MD_01_2020,2020,house,MD,1.0,0,0,"MASON, MIA",D,"HARRIS, ANDREW P. (ANDY)",143877.0,250901.0,0.0,394778.0,36.45,1,R,R,"HARRIS, ANDREW P. (ANDY)",0,1,1,0,0.0,,,,0,-15.496427382585743,0.75*2016 + 0.25*2012; 2020 lines (Daily Kos),0.0
HOU_MD_02_2020,2020,house,MD,2.0,0,0,"RUPPERSBERGER, C.A. (DUTCH)",D,"SALLING, JOHNNY RAY",224836.0,106355.0,0.0,331191.0,67.89,1,D,D,"RUPPERSBERGER, C.A. (DUTCH)",0,1,1,0,0.0,,,,0,11.75489119893317,0.75*2016 + 0.25*2012; 2020 lines (Daily Kos),0.0
HOU_MD_03_2020,2020,house,MD,3.0,0,0,"SARBANES, JOHN P.",D,"ANTHONY, CHARLES",260358.0,112117.0,0.0,372475.0,69.9,1,D,D,"SARBANES, JOHN P.",0,1,1,0,0.0,,,,0,13.682409139161097,0.75*2016 + 0.25*2012; 2020 lines (Daily Kos),0.0
HOU_MD_04_2020,2020,house,MD,4.0,0,0,"BROWN, ANTHONY G.",D,"MCDERMOTT, GEORGE EDWARD",282119.0,71671.0,0.0,353790.0,79.74,1,D,D,"BROWN, ANTHONY G.",0,1,1,0,0.0,,,,0,28.106464995670507,0.75*2016 + 0.25*2012; 2020 lines (Daily Kos),0.0
HOU_MD_05_2020,2020,house,MD,5.0,0,0,"HOYER, STENY HAMILTON",D,"PALOMBI, CHRIS",274210.0,123525.0,0.0,397735.0,68.94,1,D,D,"HOYER, STENY HAMILTON",0,1,1,0,0.0,,,,0,15.36934240498198,0.75*2016 + 0.25*2012; 2020 lines (Daily Kos),0.0
HOU_MD_06_2020,2020,house,MD,6.0,0,0,"TRONE, DAVID J.",D,"PARROTT, NEIL C.",215540.0,143599.0,6939.0,366078.0,60.02,1,D,D,"TRONE, DAVID J.",0,1,1,2,1.9,"GLUCK, GEORGE",Grn,1.88,0,6.093128088783873,0.75*2016 + 0.25*2012; 2020 lines (Daily Kos),0.0
HOU_MD_07_2020,2020,house,MD,7.0,0,0,"MFUME, KWEISI",D,"KLACIK, KIMBERLY (KIM)",237084.0,92825.0,37.0,329946.0,71.86,1,D,D,"MFUME, KWEISI",0,1,1,2,0.01,"SMITH, CHARLES ULYSSES",Other,0.01,0,27.16913225721072,0.75*2016 + 0.25*2012; 2020 lines (Daily Kos),0.0
HOU_MD_08_2020,2020,house,MD,8.0,0,0,"RASKIN, JAMIN B. (JAMIE)",D,"COLL, GREGORY THOMAS",274716.0,127157.0,27.0,401900.0,68.36,1,D,D,"RASKIN, JAMIN B. (JAMIE)",0,1,1,1,0.01,"YOUNG, LIH Y.",Other,0.01,0,15.442776794091332,0.75*2016 + 0.25*2012; 2020 lines (Daily Kos),0.0
HOU_ME_01_2020,2020,house,ME,1.0,0,0,"PINGREE, ROCHELLE M. (CHELLIE)",D,"ALLEN, JAY T.",271004.0,165008.0,0.0,436012.0,62.16,1,D,D,"PINGREE, ROCHELLE M. (CHELLIE)",0,1,1,0,0.0,,,,0,7.319700964584999,0.75*2016 + 0.25*2012; 2020 lines (Daily Kos),0.0
HOU_ME_02_2020,2020,house,ME,2.0,0,0,"GOLDEN, JARED FORREST",D,"CRAFTS, DALE JOHN",197974.0,175228.0,0.0,373202.0,53.05,1,D,D,"GOLDEN, JARED FORREST",0,1,1,0,0.0,,,,0,-4.433629621480484,0.75*2016 + 0.25*2012; 2020 lines (Daily Kos),0.0
HOU_MI_01_2020,2020,house,MI,1.0,0,0,"FERGUSON, DANA",D,"BERGMAN, JACK",153328.0,256581.0,6310.0,416219.0,37.41,1,R,R,"BERGMAN, JACK",0,1,1,1,1.52,"BOREN, BEN",Lbt,1.52,0,-10.874855643499655,0.75*2016 + 0.25*2012; 2020 lines (Daily Kos),0.0
HOU_MI_02_2020,2020,house,MI,2.0,0,0,"BERGHOEF, BRYAN",D,"HUIZENGA, WILLIAM P. (BILL)",154122.0,238711.0,10414.0,403247.0,39.23,1,R,R,"HUIZENGA, WILLIAM P. (BILL)",0,1,1,3,2.58,"RIEKSE, MAX",Lbt,1.31,0,-10.000281241544036,0.75*2016 + 0.25*2012; 2020 lines (Daily Kos),0.0
HOU_MI_03_2020,2020,house,MI,3.0,0,0,"SCHOLTEN, HILLARY J.",D,"MEIJER, PETER",189769.0,213649.0,0.0,403418.0,47.04,1,R,,,1,1,1,0,0.0,,,,0,-6.084866939853439,0.75*2016 + 0.25*2012; 2020 lines (Daily Kos),0.0
HOU_MI_04_2020,2020,house,MI,4.0,0,0,"HILLIARD, JERRY",D,"MOOLENAAR, JOHN R.",120802.0,242621.0,9822.0,373245.0,33.24,1,R,R,"MOOLENAAR, JOHN R.",0,1,1,2,2.63,"CANNY, DAVID",Lbt,1.44,0,-12.272863053720275,0.75*2016 + 0.25*2012; 2020 lines (Daily Kos),0.0
HOU_MI_05_2020,2020,house,MI,5.0,0,0,"KILDEE, DANIEL TIMOTHY (DAN)",D,"KELLY, TIM",196599.0,150772.0,13661.0,361032.0,56.6,1,D,D,"KILDEE, DANIEL TIMOTHY (DAN)",0,1,1,2,3.78,"GOODWIN, KATHY",Other,2.27,0,3.1335401527170017,0.75*2016 + 0.25*2012; 2020 lines (Daily Kos),0.0
HOU_MI_06_2020,2020,house,MI,6.0,0,0,"HOADLEY, JON",D,"UPTON, FREDERICK STEPHEN (FRED)",152085.0,211496.0,15399.0,378980.0,41.83,1,R,R,"UPTON, FREDERICK STEPHEN (FRED)",0,1,1,3,4.06,"DEPOY, JEFF",Lbt,2.74,0,-4.90323356543776,0.75*2016 + 0.25*2012; 2020 lines (Daily Kos),0.0
HOU_MI_07_2020,2020,house,MI,7.0,0,0,"DRISKELL, GRETCHEN D.",D,"WALBERG, TIMOTHY L. (TIM)",159743.0,227524.0,0.0,387267.0,41.25,1,R,R,"WALBERG, TIMOTHY L. (TIM)",0,1,1,0,0.0,,,,0,-8.546302721894222,0.75*2016 + 0.25*2012; 2020 lines (Daily Kos),0.0
HOU_MI_08_2020,2020,house,MI,8.0,0,0,"SLOTKIN, ELISSA",D,"JUNGE, PAUL",217922.0,202525.0,7897.0,428344.0,51.83,1,D,D,"SLOTKIN, ELISSA",0,1,1,1,1.84,"HARTMAN, JOE",Lbt,1.84,0,-4.468383737942869,0.75*2016 + 0.25*2012; 2020 lines (Daily Kos),0.0
HOU_MI_09_2020,2020,house,MI,9.0,0,0,"LEVIN, ANDY",D,"LANGWORTHY, CHARLES J.",230318.0,153296.0,15502.0,399116.0,60.04,1,D,D,"LEVIN, ANDY",0,1,1,2,3.88,"KIRBY, ANDREA L.",Other,2.25,0,3.600906446693089,0.75*2016 + 0.25*2012; 2020 lines (Daily Kos),0.0
HOU_MI_10_2020,2020,house,MI,10.0,0,0,"BIZON, KIMBERLY",D,"MCCLAIN, LISA C.",138179.0,271607.0,0.0,409786.0,33.72,1,R,,,1,1,1,0,0.0,,,,0,-15.48275323876724,0.75*2016 + 0.25*2012; 2020 lines (Daily Kos),0.0
HOU_MI_11_2020,2020,house,MI,11.0,0,0,"STEVENS, HALEY M.",D,"ESSHAKI, ERIC S.",226128.0,215405.0,8936.0,450469.0,51.21,1,D,D,"STEVENS, HALEY M.",0,1,1,1,1.98,"SCHWARTZ, LEONARD C.",Lbt,1.98,0,-3.780282258403029,0.75*2016 + 0.25*2012; 2020 lines (Daily Kos),0.0
HOU_MI_12_2020,2020,house,MI,12.0,0,0,"DINGELL, DEBBIE INSLEY",D,"JONES, JEFFREY W. (JEFF)",254957.0,117719.0,11147.0,383823.0,68.41,1,D,D,"DINGELL, DEBBIE INSLEY",0,1,1,1,2.9,"WALKOWICZ, GARY",Other,2.9,0,13.213283147055874,0.75*2016 + 0.25*2012; 2020 lines (Daily Kos),0.0
HOU_MI_13_2020,2020,house,MI,13.0,0,0,"TLAIB, RASHIDA",D,"DUDENHOEFER, DAVID ANTHONY",223205.0,53311.0,9363.0,285879.0,80.72,1,D,D,"TLAIB, RASHIDA",0,1,1,3,3.28,"JOHNSON, SAM",Other,1.85,0,31.00586552576848,0.75*2016 + 0.25*2012; 2020 lines (Daily Kos),0.0
HOU_MI_14_2020,2020,house,MI,14.0,0,0,"LAWRENCE, BRENDA LUIENAR",D,"PATRICK, ROBERT VANCE",271370.0,62664.0,8269.0,342303.0,81.24,1,D,D,"LAWRENCE, BRENDA LUIENAR",0,1,1,3,2.42,"GIOIA, LISA LANE",Lbt,1.09,0,29.90445191514118,0.75*2016 + 0.25*2012; 2020 lines (Daily Kos),0.0
HOU_MN_01_2020,2020,house,MN,1.0,0,0,"FEEHAN, DAN",D,"HAGEDORN, JAMES (JIM)",167890.0,179234.0,21448.0,368572.0,48.37,1,R,R,"HAGEDORN, JAMES (JIM)",0,1,1,1,5.82,"ROOD, BILL",Other,5.82,0,-7.299500975310437,0.75*2016 + 0.25*2012; 2020 lines (Daily Kos),0.0
HOU_MN_02_2020,2020,house,MN,2.0,0,0,"CRAIG, ANGELA DAWN (ANGIE)",D,"KISTNER, TYLER",204534.0,194954.0,24751.0,424239.0,51.2,1,D,D,"CRAIG, ANGELA DAWN (ANGIE)",0,1,1,1,5.83,"WEEKS, ADAM CHARLES",Other,5.83,0,-1.855045480282484,0.75*2016 + 0.25*2012; 2020 lines (Daily Kos),0.0
HOU_MN_03_2020,2020,house,MN,3.0,0,0,"PHILLIPS, DEAN",D,"QUALLS, KENDALL",246666.0,196625.0,0.0,443291.0,55.64,1,D,D,"PHILLIPS, DEAN",0,1,1,0,0.0,,,,0,2.5786477403547003,0.75*2016 + 0.25*2012; 2020 lines (Daily Kos),0.0
HOU_MN_04_2020,2020,house,MN,4.0,0,0,"MCCOLLUM, BETTY",D,"RECHTZIGEL, GENE",245813.0,112730.0,29537.0,388080.0,68.56,1,D,D,"MCCOLLUM, BETTY",0,1,1,1,7.61,"SINDT, SUSAN PENDERGAST",Other,7.61,0,14.678760244397626,0.75*2016 + 0.25*2012; 2020 lines (Daily Kos),0.0
HOU_MN_05_2020,2020,house,MN,5.0,0,0,"OMAR, ILHAN",D,"JOHNSON, LACY",255924.0,102878.0,37979.0,396781.0,71.33,1,D,D,"OMAR, ILHAN",0,1,1,1,9.57,"MOORE, MICHAEL",Other,9.57,0,27.441171609232857,0.75*2016 + 0.25*2012; 2020 lines (Daily Kos),0.0
HOU_MN_06_2020,2020,house,MN,6.0,0,0,"ZAHRADKA, TAWNJA",D,"EMMER, THOMAS (TOM)",140853.0,270901.0,0.0,411754.0,34.21,1,R,R,"EMMER, THOMAS (TOM)",0,1,1,0,0.0,,,,0,-13.724470351584186,0.75*2016 + 0.25*2012; 2020 lines (Daily Kos),0.0
HOU_MN_07_2020,2020,house,MN,7.0,0,0,"PETERSON, COLLIN CLARK",D,"FISCHBACH, MICHELLE",144840.0,194066.0,24209.0,363115.0,42.74,1,R,D,"PETERSON, COLLIN CLARK",0,1,1,2,6.67,"JOHNSON, SLATER",Other,4.88,0,-15.04250940431654,0.75*2016 + 0.25*2012; 2020 lines (Daily Kos),0.0
HOU_MN_08_2020,2020,house,MN,8.0,0,0,"NYSTROM, QUINN",D,"STAUBER, PETE",147853.0,223432.0,22190.0,393475.0,39.82,1,R,R,"STAUBER, PETE",0,1,1,1,5.64,"SCHWARTZBACKER, JUDITH",Other,5.64,0,-6.985977988380567,0.75*2016 + 0.25*2012; 2020 lines (Daily Kos),0.0
HOU_MO_01_2020,2020,house,MO,1.0,0,0,"BUSH, CORI",D,"ROGERS, ANTHONY",249087.0,59940.0,7144.0,316171.0,80.6,1,D,,,1,1,1,2,2.26,"FURMAN, ALEX",Lbt,2.14,0,29.1153108125608,0.75*2016 + 0.25*2012; 2020 lines (Daily Kos),0.0
HOU_MO_02_2020,2020,house,MO,2.0,0,0,"SCHUPP, JILL",D,"WAGNER, ANN L.",204540.0,233157.0,11647.0,449344.0,46.73,1,R,R,"WAGNER, ANN L.",0,1,1,1,2.59,"SCHULTE, MARTIN",Lbt,2.59,0,-7.430505146025335,0.75*2016 + 0.25*2012; 2020 lines (Daily Kos),0.0
HOU_MO_03_2020,2020,house,MO,3.0,0,0,"REZABEK, MEGAN",D,"LUETKEMEYER, W. BLAINE",116095.0,282866.0,8387.0,407348.0,29.1,1,R,R,"LUETKEMEYER, W. BLAINE",0,1,1,2,2.06,"STEINMAN, LEONARD JOSEPH, II",Lbt,2.05,0,-20.05626311588357,0.75*2016 + 0.25*2012; 2020 lines (Daily Kos),0.0
HOU_MO_04_2020,2020,house,MO,4.0,0,0,"SIMMONS, LINDSEY",D,"HARTZLER, VICKY J.",107635.0,245247.0,9954.0,362836.0,30.5,1,R,R,"HARTZLER, VICKY J.",0,1,1,1,2.74,"KOONSE, STEVEN K.",Lbt,2.74,0,-18.797410221051152,0.75*2016 + 0.25*2012; 2020 lines (Daily Kos),0.0
HOU_MO_05_2020,2020,house,MO,5.0,0,0,"CLEAVER, EMANUEL, II",D,"DERKS, RYAN",207180.0,135934.0,9313.0,352427.0,60.38,1,D,D,"CLEAVER, EMANUEL, II",0,1,1,2,2.64,"DOMINICK, ROBIN",Lbt,2.63,0,6.450604309240138,0.75*2016 + 0.25*2012; 2020 lines (Daily Kos),0.0
HOU_MO_06_2020,2020,house,MO,6.0,0,0,"ROSS, GENA L.",D,"GRAVES, SAMUEL B. (SAM), JR.",118926.0,258709.0,8144.0,385779.0,31.49,1,R,R,"GRAVES, SAMUEL B. (SAM), JR.",0,1,1,1,2.11,"HIGGINS, JAMES EDWARD (JIM)",Lbt,2.11,0,-16.64394537186955,0.75*2016 + 0.25*2012; 2020 lines (Daily Kos),0.0
HOU_MO_07_2020,2020,house,MO,7.0,0,0,"MONTSENY, TERESA",D,"LONG, BILLY",98111.0,254318.0,16852.0,369281.0,27.84,1,R,R,"LONG, BILLY",0,1,1,2,4.56,"CRAIG, KEVIN",Lbt,4.22,0,-24.150745781352825,0.75*2016 + 0.25*2012; 2020 lines (Daily Kos),0.0
HOU_MO_08_2020,2020,house,MO,8.0,0,0,"ELLIS, KATHY",D,"SMITH, JASON T.",70561.0,253811.0,5854.0,330226.0,21.75,1,R,R,"SMITH, JASON T.",0,1,1,1,1.77,"SCHMITZ, TOM",Lbt,1.77,0,-26.84435487858055,0.75*2016 + 0.25*2012; 2020 lines (Daily Kos),0.0
HOU_MS_01_2020,2020,house,MS,1.0,0,0,"ELIASON, ANTONIA",D,"KELLY, JOHN TRENT",104008.0,228787.0,0.0,332795.0,31.25,1,R,R,"KELLY, JOHN TRENT",0,1,1,0,0.0,,,,0,-17.148699962261865,0.75*2016 + 0.25*2012; 2020 lines (Daily Kos),0.0
HOU_MS_02_2020,2020,house,MS,2.0,0,0,"THOMPSON, BENNIE G.",D,"FLOWERS, BRIAN",196224.0,101010.0,0.0,297234.0,66.02,1,D,D,"THOMPSON, BENNIE G.",0,1,1,0,0.0,,,,0,13.61498699355272,0.75*2016 + 0.25*2012; 2020 lines (Daily Kos),0.0
HOU_MS_03_2020,2020,house,MS,3.0,0,0,"BENFORD, DOROTHY (DOT)",D,"GUEST, MICHAEL",120782.0,221064.0,0.0,341846.0,35.33,1,R,R,"GUEST, MICHAEL",0,1,1,0,0.0,,,,0,-13.390798402333038,0.75*2016 + 0.25*2012; 2020 lines (Daily Kos),0.0
HOU_MS_04_2020,2020,house,MS,4.0,0,0,,,"PALAZZO, STEVEN MCCARTY",0.0,255971.0,0.0,255971.0,,0,R,R,"PALAZZO, STEVEN MCCARTY",0,0,1,0,0.0,,,,0,-21.77615618323231,0.75*2016 + 0.25*2012; 2020 lines (Daily Kos),0.0
HOU_MT_01_2020,2020,house,MT,1.0,0,0,"WILLIAMS, KATHLEEN",D,"ROSENDALE, MATTHEW M. (MATT), SR.",262340.0,339169.0,0.0,601509.0,43.61,1,R,,,1,1,1,0,0.0,,,,0,-11.465159341732363,0.75*2016 + 0.25*2012; 2020 lines (Daily Kos),0.0
HOU_NC_01_2020,2020,house,NC,1.0,0,0,"BUTTERFIELD, GEORGE K. (G.K.), JR.",D,"SMITH, SANDY",188870.0,159748.0,0.0,348618.0,54.18,1,D,D,"BUTTERFIELD, GEORGE K. (G.K.), JR.",0,1,1,0,0.0,,,,0,4.723737329906153,0.75*2016 + 0.25*2012; 2020 lines (Daily Kos),0.0
HOU_NC_02_2020,2020,house,NC,2.0,0,0,"ROSS, DEBORAH K.",D,"SWAIN, ALAN D.",311887.0,172544.0,10914.0,495345.0,64.38,1,D,,,1,1,1,1,2.2,"MATEMU, JEFF",Lbt,2.2,0,10.083290831808029,0.75*2016 + 0.25*2012; 2020 lines (Daily Kos),0.0
HOU_NC_03_2020,2020,house,NC,3.0,0,0,"FARROW, DARYL",D,"MURPHY, GREGORY F. (GREG)",132752.0,229800.0,0.0,362552.0,36.62,1,R,R,"MURPHY, GREGORY F. (GREG)",0,1,1,0,0.0,,,,0,-13.07940258073007,0.75*2016 + 0.25*2012; 2020 lines (Daily Kos),0.0
HOU_NC_04_2020,2020,house,NC,4.0,0,0,"PRICE, DAVID EUGENE",D,"THOMAS, ROBERT",332421.0,161298.0,0.0,493719.0,67.33,1,D,D,"PRICE, DAVID EUGENE",0,1,1,0,0.0,,,,0,14.932802256254435,0.75*2016 + 0.25*2012; 2020 lines (Daily Kos),0.0
HOU_NC_05_2020,2020,house,NC,5.0,0,0,"BROWN, DAVID WILSON",D,"FOXX, VIRGINIA ANN",119846.0,257843.0,7555.0,385244.0,31.73,1,R,R,"FOXX, VIRGINIA ANN",0,1,1,1,1.96,"GREGORY, JEFFREY DALE (JEFF)",Other,1.96,0,-19.04408158751789,0.75*2016 + 0.25*2012; 2020 lines (Daily Kos),0.0
HOU_NC_06_2020,2020,house,NC,6.0,0,0,"MANNING, KATHY E.",D,"HAYWOOD, LEE",253531.0,153598.0,0.0,407129.0,62.27,1,D,,,1,1,1,0,0.0,,,,0,9.142673517825614,0.75*2016 + 0.25*2012; 2020 lines (Daily Kos),0.0
HOU_NC_07_2020,2020,house,NC,7.0,0,0,"WARD, CHRISTOPHER M.",D,"ROUZER, DAVID CHESTON",179045.0,272443.0,294.0,451782.0,39.66,1,R,R,"ROUZER, DAVID CHESTON",0,1,1,1,0.07,"EVERETT, THERESA (TERRI)",Other,0.07,0,-10.992738135152186,0.75*2016 + 0.25*2012; 2020 lines (Daily Kos),0.0
HOU_NC_08_2020,2020,house,NC,8.0,0,0,"TIMMONS-GOODSON, PATRICIA (PAT)",D,"HUDSON, RICHARD L., JR.",177781.0,202774.0,0.0,380555.0,46.72,1,R,R,"HUDSON, RICHARD L., JR.",0,1,1,0,0.0,,,,0,-5.453138297352581,0.75*2016 + 0.25*2012; 2020 lines (Daily Kos),0.0
HOU_NC_09_2020,2020,house,NC,9.0,0,0,"WALLACE, CYNTHIA L.",D,"BISHOP, JAMES DANIEL (DAN)",179463.0,224661.0,0.0,404124.0,44.41,1,R,R,"BISHOP, JAMES DANIEL (DAN)",0,1,1,0,0.0,,,,0,-6.784540364968834,0.75*2016 + 0.25*2012; 2020 lines (Daily Kos),0.0
HOU_NC_10_2020,2020,house,NC,10.0,0,0,"PARKER, DAVID",D,"MCHENRY, PATRICK TIMOTHY",128189.0,284095.0,0.0,412284.0,31.09,1,R,R,"MCHENRY, PATRICK TIMOTHY",0,1,1,0,0.0,,,,0,-20.01133009956013,0.75*2016 + 0.25*2012; 2020 lines (Daily Kos),0.0
HOU_NC_11_2020,2020,house,NC,11.0,0,0,"DAVIS, MOE",D,"CAWTHORN, DAVID MADISON",190609.0,245351.0,14185.0,450145.0,43.72,1,R,,,1,1,1,2,3.15,"DEBRUHL, TRACEY",Lbt,1.93,0,-9.530615423772854,0.75*2016 + 0.25*2012; 2020 lines (Daily Kos),0.0
HOU_NC_12_2020,2020,house,NC,12.0,0,0,"ADAMS, ALMA SHEALEY",D,,341457.0,0.0,0.0,341457.0,,0,D,D,"ADAMS, ALMA SHEALEY",0,1,0,0,0.0,,,,0,17.56700789093769,0.75*2016 + 0.25*2012; 2020 lines (Daily Kos),0.0
HOU_NC_13_2020,2020,house,NC,13.0,0,0,"HUFFMAN, SCOTT",D,"BUDD, THEODORE PAUL (TED)",124684.0,267181.0,0.0,391865.0,31.82,1,R,R,"BUDD, THEODORE PAUL (TED)",0,1,1,0,0.0,,,,0,-19.188434956480982,0.75*2016 + 0.25*2012; 2020 lines (Daily Kos),0.0
HOU_ND_01_2020,2020,house,ND,1.0,0,0,"RAKNERUD, ZACH",D,"ARMSTRONG, KELLY",97970.0,245229.0,12024.0,355223.0,28.55,1,R,R,"ARMSTRONG, KELLY",0,1,1,1,3.38,"PETERSON, STEVEN JAMES",Lbt,3.38,0,-18.760759095488435,0.75*2016 + 0.25*2012; 2020 lines (Daily Kos),0.0
HOU_NE_01_2020,2020,house,NE,1.0,0,0,"BOLZ, KATE",D,"FORTENBERRY, JEFFREY (JEFF)",119622.0,189006.0,8938.0,317566.0,38.76,1,R,R,"FORTENBERRY, JEFFREY (JEFF)",0,1,1,1,2.81,"GRACE, DENNIS B.",Lbt,2.81,0,-11.990542008067552,0.75*2016 + 0.25*2012; 2020 lines (Daily Kos),0.0
HOU_NE_02_2020,2020,house,NE,2.0,0,0,"EASTMAN, KARA",D,"BACON, DONALD JOHN (DON)",155706.0,171071.0,10185.0,336962.0,47.65,1,R,R,"BACON, DONALD JOHN (DON)",0,1,1,1,3.02,"SCHAEFFER, TYLER",Lbt,3.02,0,-3.167633103982252,0.75*2016 + 0.25*2012; 2020 lines (Daily Kos),0.0
HOU_NE_03_2020,2020,house,NE,3.0,0,0,"ELWORTH, MARK, JR.",D,"SMITH, ADRIAN M.",50690.0,225157.0,10923.0,286770.0,18.38,1,R,R,"SMITH, ADRIAN M.",0,1,1,1,3.81,"HOBBS, DUSTIN C.",Lbt,3.81,0,-28.474263600419828,0.75*2016 + 0.25*2012; 2020 lines (Daily Kos),0.0
HOU_NH_01_2020,2020,house,NH,1.0,0,0,"PAPPAS, CHRIS",D,"MOWERS, MATT",205606.0,185159.0,9747.0,400512.0,52.62,1,D,D,"PAPPAS, CHRIS",0,1,1,1,2.43,"DUMONT, ZACHARY S.",Lbt,2.43,0,-1.800307221687858,0.75*2016 + 0.25*2012; 2020 lines (Daily Kos),0.0
HOU_NH_02_2020,2020,house,NH,2.0,0,0,"KUSTER, ANN MCLANE (ANNIE)",D,"NEGRON, STEVEN",208289.0,168886.0,9119.0,386294.0,55.22,1,D,D,"KUSTER, ANN MCLANE (ANNIE)",0,1,1,1,2.36,"OLDING, ANDREW",Lbt,2.36,0,0.7970138979114555,0.75*2016 + 0.25*2012; 2020 lines (Daily Kos),0.0
HOU_NJ_01_2020,2020,house,NJ,1.0,0,0,"NORCROSS, DONALD W.",D,"GUSTAFSON, CLAIRE H.",240567.0,144463.0,0.0,385030.0,62.48,1,D,D,"NORCROSS, DONALD W.",0,1,1,0,0.0,,,,0,12.057984762293025,0.75*2016 + 0.25*2012; 2020 lines (Daily Kos),0.0
HOU_NJ_02_2020,2020,house,NJ,2.0,0,0,"KENNEDY, AMY",D,"VAN DREW, JEFFERSON (JEFF)",173849.0,195526.0,7172.0,376547.0,47.07,1,R,R,"VAN DREW, JEFFERSON (JEFF)",0,1,1,2,1.9,"HARVEY, JENNA",Other,1.1,0,-2.1368317610202623,0.75*2016 + 0.25*2012; 2020 lines (Daily Kos),0.0
HOU_NJ_03_2020,2020,house,NJ,3.0,0,0,"KIM, ANDY",D,"RICHTER, DAVID",229840.0,196327.0,5595.0,431762.0,53.93,1,D,D,"KIM, ANDY",0,1,1,2,1.3,"WEBER, MARTIN",Other,0.86,0,-3.199984802932983,0.75*2016 + 0.25*2012; 2020 lines (Daily Kos),0.0
HOU_NJ_04_2020,2020,house,NJ,4.0,0,0,"SCHMID, STEPHANIE",D,"SMITH, CHRISTOPHER H. (CHRIS)",162420.0,254103.0,7845.0,424368.0,38.99,1,R,R,"SMITH, CHRISTOPHER H. (CHRIS)",0,1,1,3,1.85,"SCHROEDER, HENRY E. (HANK)",Other,0.75,0,-8.30693467965018,0.75*2016 + 0.25*2012; 2020 lines (Daily Kos),0.0
HOU_NJ_05_2020,2020,house,NJ,5.0,0,0,"GOTTHEIMER, JOSHUA S. (JOSH)",D,"PALLOTTA, FRANK T.",225175.0,193333.0,5128.0,423636.0,53.8,1,D,D,"GOTTHEIMER, JOSHUA S. (JOSH)",0,1,1,1,1.21,"VELLUCCI, LOUIS A.",Other,1.21,0,-2.190709427562887,0.75*2016 + 0.25*2012; 2020 lines (Daily Kos),0.0
HOU_NJ_06_2020,2020,house,NJ,6.0,0,0,"PALLONE, FRANK J., JR.",D,"ONUOHA, CHRISTIAN",199648.0,126760.0,0.0,326408.0,61.17,1,D,D,"PALLONE, FRANK J., JR.",0,1,1,0,0.0,,,,0,7.704624704006004,0.75*2016 + 0.25*2012; 2020 lines (Daily Kos),0.0
HOU_NJ_07_2020,2020,house,NJ,7.0,0,0,"MALINOWSKI, TOM",D,"KEAN, THOMAS H., JR.",219629.0,214318.0,0.0,433947.0,50.61,1,D,D,"MALINOWSKI, TOM",0,1,1,0,0.0,,,,0,-1.7156049159375717,0.75*2016 + 0.25*2012; 2020 lines (Daily Kos),0.0
HOU_NJ_08_2020,2020,house,NJ,8.0,0,0,"SIRES, ALBIO",D,"MUSHNICK, JASON TODD",176758.0,58686.0,3329.0,238773.0,75.07,1,D,D,"SIRES, ALBIO",0,1,1,1,1.39,"DELANEY, DAN",Lbt,1.39,0,26.804405931890287,0.75*2016 + 0.25*2012; 2020 lines (Daily Kos),0.0
HOU_NJ_09_2020,2020,house,NJ,9.0,0,0,"PASCRELL, WILLIAM J. (BILL), JR.",D,"PREMPEH, WILLIAM SREBOE (BILLY)",203674.0,98629.0,7239.0,309542.0,67.37,1,D,D,"PASCRELL, WILLIAM J. (BILL), JR.",0,1,1,1,2.34,"AURIEMMA, CHRIS",Other,2.34,0,15.358451598907989,0.75*2016 + 0.25*2012; 2020 lines (Daily Kos),0.0
HOU_NJ_10_2020,2020,house,NJ,10.0,0,0,"PAYNE, DONALD M. (DON), JR.",D,"ZINONE, JENNIFER",241522.0,40298.0,8189.0,290009.0,85.7,1,D,D,"PAYNE, DONALD M. (DON), JR.",0,1,1,3,2.82,"KHALFANI, AKIL",Other,1.22,0,35.93767923316909,0.75*2016 + 0.25*2012; 2020 lines (Daily Kos),0.0
HOU_NJ_11_2020,2020,house,NJ,11.0,0,0,"SHERRILL, REBECCA MICHELLE (MIKIE)",D,"BECCHI, ROSEMARY",235163.0,206013.0,0.0,441176.0,53.3,1,D,D,"SHERRILL, REBECCA MICHELLE (MIKIE)",0,1,1,0,0.0,,,,0,-2.446976069466868,0.75*2016 + 0.25*2012; 2020 lines (Daily Kos),0.0
HOU_NJ_12_2020,2020,house,NJ,12.0,0,0,"WATSON COLEMAN, BONNIE",D,"RAZZOLI, MARK",230883.0,114591.0,6251.0,351725.0,66.83,1,D,D,"WATSON COLEMAN, BONNIE",0,1,1,2,1.78,"FORCHION, ROBERT EDWARD",Other,1.28,0,15.806538912580468,0.75*2016 + 0.25*2012; 2020 lines (Daily Kos),0.0
HOU_NM_01_2020,2020,house,NM,1.0,0,0,"HAALAND, DEBRA A.",D,"HOLMES, MICHELLE GARCIA",186953.0,134337.0,0.0,321290.0,58.19,1,D,D,"HAALAND, DEBRA A.",0,1,1,0,0.0,,,,0,7.830710330917212,0.75*2016 + 0.25*2012; 2020 lines (Daily Kos),0.0
HOU_NM_02_2020,2020,house,NM,2.0,0,0,"TORRES SMALL, XOCHITL",D,"HERRELL, STELLA YVETTE",122546.0,142283.0,117.0,264946.0,46.27,1,R,D,"TORRES SMALL, XOCHITL",0,1,1,1,0.04,"JONES, STEVE",Other,0.04,0,-6.504761179509228,0.75*2016 + 0.25*2012; 2020 lines (Daily Kos),0.0
HOU_NM_03_2020,2020,house,NM,3.0,0,0,"FERNANDEZ, TERESA LEGER",D,"JOHNSON, ALEXIS MARTINEZ",186282.0,131166.0,0.0,317448.0,58.68,1,D,,,1,1,1,0,0.0,,,,0,7.498088547362977,0.75*2016 + 0.25*2012; 2020 lines (Daily Kos),0.0
HOU_NV_01_2020,2020,house,NV,1.0,0,0,"TITUS, ALICE C. (DINA)",D,"BENTLEY, JOYCE",137868.0,74490.0,10855.0,223213.0,64.92,1,D,D,"TITUS, ALICE C. (DINA)",0,1,1,2,4.86,"BAKARI, KAMAU A.",Other,2.77,0,14.401161443927249,0.75*2016 + 0.25*2012; 2020 lines (Daily Kos),0.0
HOU_NV_02_2020,2020,house,NV,2.0,0,0,"ACKERMAN, PATRICIA",D,"AMODEI, MARK EUGENE",155780.0,216078.0,10815.0,382673.0,41.89,1,R,R,"AMODEI, MARK EUGENE",0,1,1,1,2.83,"HANSEN, JANINE",Other,2.83,0,-7.462001772896484,0.75*2016 + 0.25*2012; 2020 lines (Daily Kos),0.0
HOU_NV_03_2020,2020,house,NV,3.0,0,0,"LEE, SUSIE",D,"RODIMER, DAN (BIG DAN)",203421.0,190975.0,22856.0,417252.0,51.58,1,D,D,"LEE, SUSIE",0,1,1,2,5.48,"BROWN, STEVE",Lbt,2.95,0,-1.67226774652742,0.75*2016 + 0.25*2012; 2020 lines (Daily Kos),0.0
HOU_NV_04_2020,2020,house,NV,4.0,0,0,"HORSFORD, STEVEN ALEXZANDER",D,"MARCHANT, JIM",168457.0,152284.0,11728.0,332469.0,52.52,1,D,D,"HORSFORD, STEVEN ALEXZANDER",0,1,1,2,3.53,"ESTEBAN, JONATHAN ROYCE",Lbt,2.4,0,1.9612668517297511,0.75*2016 + 0.25*2012; 2020 lines (Daily Kos),0.0
HOU_NY_01_2020,2020,house,NY,1.0,0,0,"GOROFF, NANCY S.",D,"ZELDIN, LEE M.",157484.0,199763.0,0.0,357247.0,44.08,1,R,R,"ZELDIN, LEE M.",0,1,1,0,0.0,,,,0,-6.073359689129052,0.75*2016 + 0.25*2012; 2020 lines (Daily Kos),0.0
HOU_NY_02_2020,2020,house,NY,2.0,0,0,"GORDON, JACKIE",D,"GARBARINO, ANDREW R.",154123.0,177353.0,3446.0,334922.0,46.5,1,R,,,1,1,1,1,1.03,"BURGER, HARRY R.",Grn,1.03,0,-4.303582268638314,0.75*2016 + 0.25*2012; 2020 lines (Daily Kos),0.0
HOU_NY_03_2020,2020,house,NY,3.0,0,0,"SUOZZI, THOMAS R. (TOM)",D,"SANTOS, GEORGE A.D.",208412.0,161907.0,2154.0,372473.0,56.28,1,D,D,"SUOZZI, THOMAS R. (TOM)",0,1,1,1,0.58,"RABIN, HOWARD",Lbt,0.58,0,1.336597367473971,0.75*2016 + 0.25*2012; 2020 lines (Daily Kos),0.0
HOU_NY_04_2020,2020,house,NY,4.0,0,0,"RICE, KATHLEEN M.",D,"TUMAN, DOUGLAS L.",199762.0,153007.0,3024.0,355793.0,56.63,1,D,D,"RICE, KATHLEEN M.",0,1,1,1,0.85,"NAHAM, JOSEPH R.",Grn,0.85,0,4.0448760759604845,0.75*2016 + 0.25*2012; 2020 lines (Daily Kos),0.0
HOU_NY_05_2020,2020,house,NY,5.0,0,0,"MEEKS, GREGORY W.",D,,229125.0,0.0,0.0,229125.0,,0,D,D,"MEEKS, GREGORY W.",0,1,0,0,0.0,,,,0,36.67579357203629,0.75*2016 + 0.25*2012; 2020 lines (Daily Kos),0.0
HOU_NY_06_2020,2020,house,NY,6.0,0,0,"MENG, GRACE",D,"ZMICH, THOMAS J.",158862.0,74829.0,0.0,233691.0,67.98,1,D,D,"MENG, GRACE",0,1,1,0,0.0,,,,0,16.022196464761535,0.75*2016 + 0.25*2012; 2020 lines (Daily Kos),0.0
HOU_NY_07_2020,2020,house,NY,7.0,0,0,"VELAZQUEZ, NYDIA M.",D,"KELLY, BRIAN W.",191073.0,32520.0,1522.0,225115.0,85.46,1,D,D,"VELAZQUEZ, NYDIA M.",0,1,1,1,0.68,"MIDONNET, GILBERT",Lbt,0.68,0,38.01185650007466,0.75*2016 + 0.25*2012; 2020 lines (Daily Kos),0.0
HOU_NY_08_2020,2020,house,NY,8.0,0,0,"JEFFRIES, HAKEEM S.",D,"WALLACE, GARFIELD H.",234933.0,42007.0,0.0,276940.0,84.83,1,D,D,"JEFFRIES, HAKEEM S.",0,1,1,0,0.0,,,,0,35.76936285770273,0.75*2016 + 0.25*2012; 2020 lines (Daily Kos),0.0
HOU_NY_09_2020,2020,house,NY,9.0,0,0,"CLARKE, YVETTE DIANE",D,"JEAN-PIERRE, CONSTANTINE",230221.0,43950.0,5392.0,279563.0,83.97,1,D,D,"CLARKE, YVETTE DIANE",0,1,1,4,1.93,"POPKIN, GARY S.",Lbt,0.59,0,34.08442474482205,0.75*2016 + 0.25*2012; 2020 lines (Daily Kos),0.0
HOU_NY_10_2020,2020,house,NY,10.0,0,0,"NADLER, JERROLD L. (JERRY)",D,"BERNSTEIN, CATHY A.",206310.0,66889.0,3370.0,276569.0,75.52,1,D,D,"NADLER, JERROLD L. (JERRY)",0,1,1,1,1.22,"MADRID, MICHAEL",Lbt,1.22,0,27.78166628023444,0.75*2016 + 0.25*2012; 2020 lines (Daily Kos),0.0
HOU_NY_11_2020,2020,house,NY,11.0,0,0,"ROSE, MAX N.",D,"MALLIOTAKIS, NICOLE",137198.0,155608.0,0.0,292806.0,46.86,1,R,D,"ROSE, MAX N.",0,1,1,0,0.0,,,,0,-4.618555879283455,0.75*2016 + 0.25*2012; 2020 lines (Daily Kos),0.0
HOU_NY_12_2020,2020,house,NY,12.0,0,0,"MALONEY, CAROLYN B.",D,"SANTIAGO-CANO, CARLOS",265172.0,53061.0,4015.0,322248.0,83.33,1,D,D,"MALONEY, CAROLYN B.",0,1,1,1,1.25,"KOLLN, STEVEN",Lbt,1.25,0,32.7119658757186,0.75*2016 + 0.25*2012; 2020 lines (Daily Kos),0.0
HOU_NY_13_2020,2020,house,NY,13.0,0,0,"ESPAILLAT, ADRIANO",D,"GWINN, LOVELYNN",231841.0,19829.0,3295.0,254965.0,92.12,1,D,D,"ESPAILLAT, ADRIANO",0,1,1,1,1.29,"MORRIS-PERRY, CHRISTOPHER",Other,1.29,0,43.30363568244938,0.75*2016 + 0.25*2012; 2020 lines (Daily Kos),0.0
HOU_NY_14_2020,2020,house,NY,14.0,0,0,"OCASIO-CORTEZ, ALEXANDRIA",D,"CUMMINGS, JOHN C.",152661.0,58440.0,2000.0,213101.0,72.32,1,D,D,"OCASIO-CORTEZ, ALEXANDRIA",0,1,1,1,0.94,"CARUSO-CABRERA, MICHELLE",Other,0.94,0,28.785561323479527,0.75*2016 + 0.25*2012; 2020 lines (Daily Kos),0.0
HOU_NY_15_2020,2020,house,NY,15.0,0,0,"TORRES, RITCHIE",D,"DELICES, PATRICK",169533.0,21221.0,0.0,190754.0,88.88,1,D,,,1,1,1,0,0.0,,,,0,44.15148805688892,0.75*2016 + 0.25*2012; 2020 lines (Daily Kos),0.0
HOU_NY_16_2020,2020,house,NY,16.0,0,0,"BOWMAN, JAMAAL",D,,218471.0,0.0,41085.0,259556.0,,0,D,,,1,1,0,1,15.83,"MCMANUS, PATRICK A.",Other,15.83,0,24.928024013162705,0.75*2016 + 0.25*2012; 2020 lines (Daily Kos),0.0
HOU_NY_17_2020,2020,house,NY,17.0,0,0,"JONES, MONDAIRE L.",D,"MCARDLE-SCHULMAN, MAUREEN",197353.0,126194.0,17995.0,341542.0,61.0,1,D,,,1,1,1,3,5.27,"GOTTESFELD, YEHUDIS",Other,2.6,0,8.334472125274024,0.75*2016 + 0.25*2012; 2020 lines (Daily Kos),0.0
HOU_NY_18_2020,2020,house,NY,18.0,0,0,"MALONEY, SEAN PATRICK",D,"FARLEY, CHELE CHIAVACCI",187169.0,145574.0,2686.0,335429.0,56.25,1,D,D,"MALONEY, SEAN PATRICK",0,1,1,1,0.8,"SMITH, SCOTT A.",Lbt,0.8,0,-1.579610689974127,0.75*2016 + 0.25*2012; 2020 lines (Daily Kos),0.0
HOU_NY_19_2020,2020,house,NY,19.0,0,0,"DELGADO, ANTONIO",D,"VAN DE WATER, KYLE",192100.0,151475.0,7023.0,350598.0,55.91,1,D,D,"DELGADO, ANTONIO",0,1,1,2,2.0,"ALEXANDER, VICTORIA N.",Lbt,1.2,0,-3.268528459223183,0.75*2016 + 0.25*2012; 2020 lines (Daily Kos),0.0
HOU_NY_20_2020,2020,house,NY,20.0,0,0,"TONKO, PAUL DAVID",D,"JOY, ELIZABETH L.",219705.0,139446.0,0.0,359151.0,61.17,1,D,D,"TONKO, PAUL DAVID",0,1,1,0,0.0,,,,0,6.581047111201357,0.75*2016 + 0.25*2012; 2020 lines (Daily Kos),0.0
HOU_NY_21_2020,2020,house,NY,21.0,0,0,"COBB, TEDRA L.",D,"STEFANIK, ELISE M.",131992.0,188649.0,0.0,320641.0,41.17,1,R,R,"STEFANIK, ELISE M.",0,1,1,0,0.0,,,,0,-6.126168153625804,0.75*2016 + 0.25*2012; 2020 lines (Daily Kos),0.0
HOU_NY_22_2020,2020,house,NY,22.0,0,0,"BRINDISI, ANTHONY J.",D,"TENNEY, CLAUDIA",155989.0,156098.0,6780.0,318867.0,49.98,1,R,D,"BRINDISI, ANTHONY J.",0,1,1,1,2.13,"PRICE, KEITH D., JR.",Lbt,2.13,0,-7.604230895909833,0.75*2016 + 0.25*2012; 2020 lines (Daily Kos),0.0
HOU_NY_23_2020,2020,house,NY,23.0,0,0,"MITRANO, TRACY",D,"REED, THOMAS W. (TOM), II",129014.0,181060.0,3650.0,313724.0,41.61,1,R,R,"REED, THOMAS W. (TOM), II",0,1,1,1,1.16,"KOLSTEE, ANDREW M.",Lbt,1.16,0,-7.451893722928244,0.75*2016 + 0.25*2012; 2020 lines (Daily Kos),0.0
HOU_NY_24_2020,2020,house,NY,24.0,0,0,"BALTER, DANA",D,"KATKO, JOHN M.",147638.0,182567.0,13232.0,343437.0,44.71,1,R,R,"KATKO, JOHN M.",0,1,1,1,3.85,"WILLIAMS, STEVEN",Other,3.85,0,2.1097920844530327,0.75*2016 + 0.25*2012; 2020 lines (Daily Kos),0.0
HOU_NY_25_2020,2020,house,NY,25.0,0,0,"MORELLE, JOSEPH D.",D,"MITRIS, GEORGE",206396.0,136198.0,5325.0,347919.0,60.25,1,D,D,"MORELLE, JOSEPH D.",0,1,1,1,1.53,"WILSON, KEVIN A.",Lbt,1.53,0,7.577205979797233,0.75*2016 + 0.25*2012; 2020 lines (Daily Kos),0.0
HOU_NY_26_2020,2020,house,NY,26.0,0,0,"HIGGINS, BRIAN M.",D,"DONOVAN, RICKY T., SR.",223276.0,91687.0,4628.0,319591.0,70.89,1,D,D,"HIGGINS, BRIAN M.",0,1,1,1,1.45,"RALEIGH, MICHAEL P.",Grn,1.45,0,10.102314857037353,0.75*2016 + 0.25*2012; 2020 lines (Daily Kos),0.0
HOU_NY_27_2020,2020,house,NY,27.0,0,0,"MCMURRAY, NATHAN D.",D,"JACOBS, CHRIS",149559.0,229044.0,4884.0,383487.0,39.5,1,R,R,"JACOBS, CHRIS",0,1,1,1,1.27,"WHITMER, DUANE J.",Lbt,1.27,0,-12.615129465649852,0.75*2016 + 0.25*2012; 2020 lines (Daily Kos),0.0
HOU_OH_01_2020,2020,house,OH,1.0,0,0,"SCHRODER, KATE",D,"CHABOT, STEVEN J. (STEVE)",172022.0,199560.0,13703.0,385285.0,46.29,1,R,R,"CHABOT, STEVEN J. (STEVE)",0,1,1,2,3.56,"KAHN, KEVIN DAVID",Lbt,3.55,0,-4.756849037169777,0.75*2016 + 0.25*2012; 2020 lines (Daily Kos),0.0
HOU_OH_02_2020,2020,house,OH,2.0,0,0,"CASTLE, JAIME M.",D,"WENSTRUP, BRAD R.",146781.0,230430.0,37.0,377248.0,38.91,1,R,R,"WENSTRUP, BRAD R.",0,1,1,1,0.01,"CONDIT, JAMES J. (JIM), JR.",Other,0.01,0,-9.106465954622877,0.75*2016 + 0.25*2012; 2020 lines (Daily Kos),0.0
HOU_OH_03_2020,2020,house,OH,3.0,0,0,"BEATTY, JOYCE",D,"RICHARDSON, MARK F.",227420.0,93569.0,103.0,321092.0,70.85,1,D,D,"BEATTY, JOYCE",0,1,1,2,0.03,"MOSS, NICHOLAS D.",Other,0.03,0,18.85893425483264,0.75*2016 + 0.25*2012; 2020 lines (Daily Kos),0.0
HOU_OH_04_2020,2020,house,OH,4.0,0,0,"FRESHOUR, SHANNON M.",D,"JORDAN, JAMES D. (JIM)",101897.0,235875.0,9854.0,347626.0,30.17,1,R,R,"JORDAN, JAMES D. (JIM)",0,1,1,1,2.83,"PERKINS, STEVE",Lbt,2.83,0,-16.42071386348924,0.75*2016 + 0.25*2012; 2020 lines (Daily Kos),0.0
HOU_OH_05_2020,2020,house,OH,5.0,0,0,"RUBANDO, NICK",D,"LATTA, ROBERT EDWARD (BOB)",120962.0,257019.0,0.0,377981.0,32.0,1,R,R,"LATTA, ROBERT EDWARD (BOB)",0,1,1,0,0.0,,,,0,-12.605705529066729,0.75*2016 + 0.25*2012; 2020 lines (Daily Kos),0.0
HOU_OH_06_2020,2020,house,OH,6.0,0,0,"ROBERTS, SHAWNA",D,"JOHNSON, BILL",85661.0,249130.0,0.0,334791.0,25.59,1,R,R,"JOHNSON, BILL",0,1,1,0,0.0,,,,0,-19.60823112116892,0.75*2016 + 0.25*2012; 2020 lines (Daily Kos),0.0
HOU_OH_07_2020,2020,house,OH,7.0,0,0,"POTTER, QUENTIN",D,"GIBBS, ROBERT (BOB)",102271.0,236607.0,11671.0,350549.0,30.18,1,R,R,"GIBBS, ROBERT (BOB)",0,1,1,1,3.33,"LAPE, BRANDON",Lbt,3.33,0,-14.251803718379708,0.75*2016 + 0.25*2012; 2020 lines (Daily Kos),0.0
HOU_OH_08_2020,2020,house,OH,8.0,0,0,"ENOCH, VANESSA",D,"DAVIDSON, WARREN",110766.0,246277.0,114.0,357157.0,31.02,1,R,R,"DAVIDSON, WARREN",0,1,1,1,0.03,"REED, ISAAC",Other,0.03,0,-18.12859272279783,0.75*2016 + 0.25*2012; 2020 lines (Daily Kos),0.0
HOU_OH_09_2020,2020,house,OH,9.0,0,0,"KAPTUR, MARCIA C. (MARCY)",D,"WEBER, ROB",190328.0,111385.0,39.0,301752.0,63.08,1,D,D,"KAPTUR, MARCIA C. (MARCY)",0,1,1,1,0.01,"LEVINDOFSKE, MCKENZIE",Other,0.01,0,12.018201913765258,0.75*2016 + 0.25*2012; 2020 lines (Daily Kos),0.0
HOU_OH_10_2020,2020,house,OH,10.0,0,0,"TIMS, DESIREE",D,"TURNER, MICHAEL R. (MIKE)",151976.0,212972.0,0.0,364948.0,41.64,1,R,R,"TURNER, MICHAEL R. (MIKE)",0,1,1,0,0.0,,,,0,-4.484321871561822,0.75*2016 + 0.25*2012; 2020 lines (Daily Kos),0.0
HOU_OH_11_2020,2020,house,OH,11.0,0,0,"FUDGE, MARCIA L.",D,"GORE, LAVERNE",242098.0,60323.0,0.0,302421.0,80.05,1,D,D,"FUDGE, MARCIA L.",0,1,1,0,0.0,,,,0,31.37285161275761,0.75*2016 + 0.25*2012; 2020 lines (Daily Kos),0.0
HOU_OH_12_2020,2020,house,OH,12.0,0,0,"SHEARER, ALAINA",D,"BALDERSON, TROY",182847.0,241790.0,13035.0,437672.0,43.06,1,R,R,"BALDERSON, TROY",0,1,1,1,2.98,"STEWART, JOHN S.",Lbt,2.98,0,-7.151758369049962,0.75*2016 + 0.25*2012; 2020 lines (Daily Kos),0.0
HOU_OH_13_2020,2020,house,OH,13.0,0,0,"RYAN, TIMOTHY J. (TIM)",D,"HAGAN, CHRISTINA M.",173631.0,148648.0,8522.0,330801.0,53.88,1,D,D,"RYAN, TIMOTHY J. (TIM)",0,1,1,1,2.58,"FRICKE, MICHAEL",Lbt,2.58,0,4.664603657662994,0.75*2016 + 0.25*2012; 2020 lines (Daily Kos),0.0
HOU_OH_14_2020,2020,house,OH,14.0,0,0,"MUERI, HILLARY O'CONNOR",D,"JOYCE, DAVID P.",158586.0,238864.0,0.0,397450.0,39.9,1,R,R,"JOYCE, DAVID P.",0,1,1,0,0.0,,,,0,-6.279907911889163,0.75*2016 + 0.25*2012; 2020 lines (Daily Kos),0.0
HOU_OH_15_2020,2020,house,OH,15.0,0,0,"NEWBY, JOEL",D,"STIVERS, STEVEN (STEVE)",140183.0,243103.0,75.0,383361.0,36.57,1,R,R,"STIVERS, STEVEN (STEVE)",0,1,1,1,0.02,"HOFFMAN, SHANE",Other,0.02,0,-8.17620672749651,0.75*2016 + 0.25*2012; 2020 lines (Daily Kos),0.0
HOU_OH_16_2020,2020,house,OH,16.0,0,0,"GODFREY, AARON PAUL",D,"GONZALEZ, ANTHONY",144071.0,247335.0,0.0,391406.0,36.81,1,R,R,"GONZALEZ, ANTHONY",0,1,1,0,0.0,,,,0,-8.9395954788843,0.75*2016 + 0.25*2012; 2020 lines (Daily Kos),0.0
HOU_OK_01_2020,2020,house,OK,1.0,0,0,"ASAMOA-CAESAR, KOJO",D,"HERN, KEVIN",109641.0,213700.0,12130.0,335471.0,33.91,1,R,R,"HERN, KEVIN",0,1,1,1,3.62,"ROGERS, EVELYN L. (LOUISE)",I,3.62,0,-16.780086258814183,0.75*2016 + 0.25*2012; 2020 lines (Daily Kos),0.0
HOU_OK_02_2020,2020,house,OK,2.0,0,0,"LANIER, DANYELL",D,"MULLIN, MARKWAYNE",63472.0,216511.0,8544.0,288527.0,22.67,1,R,R,"MULLIN, MARKWAYNE",0,1,1,1,2.96,"CASTALDO, RICHARD (RICHIE)",Lbt,2.96,0,-25.44726461362743,0.75*2016 + 0.25*2012; 2020 lines (Daily Kos),0.0
HOU_OK_03_2020,2020,house,OK,3.0,0,0,"MIDYETT, ZOE",D,"LUCAS, FRANK D.",66501.0,242677.0,0.0,309178.0,21.51,1,R,R,"LUCAS, FRANK D.",0,1,1,0,0.0,,,,0,-28.30510287846751,0.75*2016 + 0.25*2012; 2020 lines (Daily Kos),0.0
HOU_OK_04_2020,2020,house,OK,4.0,0,0,"BRANNON, MARY",D,"COLE, TOM JEFFREY",90459.0,213096.0,10803.0,314358.0,29.8,1,R,R,"COLE, TOM JEFFREY",0,1,1,1,3.44,"WHITE, R.C. SEVIER (BOB)",Lbt,3.44,0,-20.56959528112145,0.75*2016 + 0.25*2012; 2020 lines (Daily Kos),0.0
HOU_OK_05_2020,2020,house,OK,5.0,0,0,"HORN, KENDRA S.",D,"BICE, STEPHANIE I.",145658.0,158191.0,0.0,303849.0,47.94,1,R,D,"HORN, KENDRA S.",0,1,1,0,0.0,,,,0,-9.080143997339466,0.75*2016 + 0.25*2012; 2020 lines (Daily Kos),0.0
HOU_OR_01_2020,2020,house,OR,1.0,0,0,"BONAMICI, SUZANNE",D,"CHRISTENSEN, CHRISTOPHER C.",297071.0,161928.0,0.0,458999.0,64.72,1,D,D,"BONAMICI, SUZANNE",0,1,1,0,0.0,,,,0,10.151492335084704,0.75*2016 + 0.25*2012; 2020 lines (Daily Kos),0.0
HOU_OR_02_2020,2020,house,OR,2.0,0,0,"SPENSER, ALEX",D,"BENTZ, CLIFF S.",168881.0,273835.0,14094.0,456810.0,38.15,1,R,,,1,1,1,1,3.09,"WERCH, ROBERT",Lbt,3.09,0,-11.580160876098024,0.75*2016 + 0.25*2012; 2020 lines (Daily Kos),0.0
HOU_OR_03_2020,2020,house,OR,3.0,0,0,"BLUMENAUER, EARL",D,"HARBOUR, JOANNA",343574.0,110570.0,15741.0,469885.0,75.65,1,D,D,"BLUMENAUER, EARL",0,1,1,2,3.35,"DIBLASI, ALEX C.",Other,1.89,0,24.166027505800702,0.75*2016 + 0.25*2012; 2020 lines (Daily Kos),0.0
HOU_OR_04_2020,2020,house,OR,4.0,0,0,"DEFAZIO, PETER A.",D,"SKARLATOS, ALEK",240950.0,216081.0,10118.0,467149.0,52.72,1,D,D,"DEFAZIO, PETER A.",0,1,1,1,2.17,"HOFFAY, DANIEL",Other,2.17,0,-0.4433448890575481,0.75*2016 + 0.25*2012; 2020 lines (Daily Kos),0.0
HOU_OR_05_2020,2020,house,OR,5.0,0,0,"SCHRADER, KURT",D,"COURSER, AMY RYAN",234863.0,204372.0,12640.0,451875.0,53.47,1,D,D,"SCHRADER, KURT",0,1,1,1,2.8,"RIX, MATTHEW JAMES",Lbt,2.8,0,0.7838571547311379,0.75*2016 + 0.25*2012; 2020 lines (Daily Kos),0.0
HOU_PA_01_2020,2020,house,PA,1.0,0,0,"FINELLO, CHRISTINA",D,"FITZPATRICK, BRIAN K.",191875.0,249804.0,0.0,441679.0,43.44,1,R,R,"FITZPATRICK, BRIAN K.",0,1,1,0,0.0,,,,0,-0.3973491936974993,0.75*2016 + 0.25*2012; 2020 lines (Daily Kos),0.0
HOU_PA_02_2020,2020,house,PA,2.0,0,0,"BOYLE, BRENDAN F.",D,"TORRES, DAVID",198140.0,75022.0,0.0,273162.0,72.54,1,D,D,"BOYLE, BRENDAN F.",0,1,1,0,0.0,,,,0,24.04755104404147,0.75*2016 + 0.25*2012; 2020 lines (Daily Kos),0.0
HOU_PA_03_2020,2020,house,PA,3.0,0,0,"EVANS, DWIGHT",D,"HARVEY, MICHAEL",341708.0,33671.0,0.0,375379.0,91.03,1,D,D,"EVANS, DWIGHT",0,1,1,0,0.0,,,,0,41.33855537240904,0.75*2016 + 0.25*2012; 2020 lines (Daily Kos),0.0
HOU_PA_04_2020,2020,house,PA,4.0,0,0,"DEAN CUNNANE, MADELEINE",D,"BARNETTE, KATHY J.",264637.0,179926.0,0.0,444563.0,59.53,1,D,D,"DEAN CUNNANE, MADELEINE",0,1,1,0,0.0,,,,0,7.845330372273524,0.75*2016 + 0.25*2012; 2020 lines (Daily Kos),0.0
HOU_PA_05_2020,2020,house,PA,5.0,0,0,"SCANLON, MARY GAY",D,"PRUETT, DASHA",255743.0,139552.0,0.0,395295.0,64.7,1,D,D,"SCANLON, MARY GAY",0,1,1,0,0.0,,,,0,13.0374424178366,0.75*2016 + 0.25*2012; 2020 lines (Daily Kos),0.0
HOU_PA_06_2020,2020,house,PA,6.0,0,0,"HOULAHAN, CHRISTINA JAMPOLER (CHRISSY)",D,"EMMONS, JOHN WILLIAM",226440.0,177526.0,0.0,403966.0,56.05,1,D,D,"HOULAHAN, CHRISTINA JAMPOLER (CHRISSY)",0,1,1,0,0.0,,,,0,2.662343217668997,0.75*2016 + 0.25*2012; 2020 lines (Daily Kos),0.0
HOU_PA_07_2020,2020,house,PA,7.0,0,0,"WILD, SUSAN ELLIS",D,"SCHELLER, LISA JANE",195475.0,181407.0,0.0,376882.0,51.87,1,D,D,"WILD, SUSAN ELLIS",0,1,1,0,0.0,,,,0,-0.064961887301565,0.75*2016 + 0.25*2012; 2020 lines (Daily Kos),0.0
HOU_PA_08_2020,2020,house,PA,8.0,0,0,"CARTWRIGHT, MATTHEW A. (MATT)",D,"BOGNET, JAMES ROCCO (JIM)",178004.0,165783.0,0.0,343787.0,51.78,1,D,D,"CARTWRIGHT, MATTHEW A. (MATT)",0,1,1,0,0.0,,,,0,-3.5449025863252106,0.75*2016 + 0.25*2012; 2020 lines (Daily Kos),0.0
HOU_PA_09_2020,2020,house,PA,9.0,0,0,"WEGMAN, GARY STEVEN",D,"MEUSER, DANIEL PHILIP (DAN)",118266.0,232988.0,0.0,351254.0,33.67,1,R,R,"MEUSER, DANIEL PHILIP (DAN)",0,1,1,0,0.0,,,,0,-16.68695724027251,0.75*2016 + 0.25*2012; 2020 lines (Daily Kos),0.0
HOU_PA_10_2020,2020,house,PA,10.0,0,0,"DEPASQUALE, EUGENE A.",D,"PERRY, SCOTT GORDON",182938.0,208896.0,0.0,391834.0,46.69,1,R,R,"PERRY, SCOTT GORDON",0,1,1,0,0.0,,,,0,-5.717882038784959,0.75*2016 + 0.25*2012; 2020 lines (Daily Kos),0.0
HOU_PA_11_2020,2020,house,PA,11.0,0,0,"HAMMOND, SARAH E.",D,"SMUCKER, LLOYD K.",141325.0,241915.0,0.0,383240.0,36.88,1,R,R,"SMUCKER, LLOYD K.",0,1,1,0,0.0,,,,0,-14.426559829169,0.75*2016 + 0.25*2012; 2020 lines (Daily Kos),0.0
HOU_PA_12_2020,2020,house,PA,12.0,0,0,"GRIFFIN, LEE",D,"KELLER, FREDERICK B. (FRED)",99199.0,241035.0,0.0,340234.0,29.16,1,R,R,"KELLER, FREDERICK B. (FRED)",0,1,1,0,0.0,,,,0,-18.76774884501486,0.75*2016 + 0.25*2012; 2020 lines (Daily Kos),0.0
HOU_PA_13_2020,2020,house,PA,13.0,0,0,"ROWLEY, RAYMOND TODD",D,"JOYCE, JOHN",96612.0,267789.0,0.0,364401.0,26.51,1,R,R,"JOYCE, JOHN",0,1,1,0,0.0,,,,0,-23.48475688294914,0.75*2016 + 0.25*2012; 2020 lines (Daily Kos),0.0
HOU_PA_14_2020,2020,house,PA,14.0,0,0,"MARX, WILLIAM A.",D,"RESCHENTHALER, GUY",131895.0,241688.0,0.0,373583.0,35.31,1,R,R,"RESCHENTHALER, GUY",0,1,1,0,0.0,,,,0,-14.85373953802514,0.75*2016 + 0.25*2012; 2020 lines (Daily Kos),0.0
HOU_PA_15_2020,2020,house,PA,15.0,0,0,"WILLIAMS, ROBERT M.",D,"THOMPSON, GLENN WILLIAM (GT), JR.",92156.0,255058.0,0.0,347214.0,26.54,1,R,R,"THOMPSON, GLENN WILLIAM (GT), JR.",0,1,1,0,0.0,,,,0,-21.63098682052676,0.75*2016 + 0.25*2012; 2020 lines (Daily Kos),0.0
HOU_PA_16_2020,2020,house,PA,16.0,0,0,"GNIBUS, KRISTY MARIE",D,"KELLY, GEORGE J. (MIKE), JR.",143962.0,210088.0,0.0,354050.0,40.66,1,R,R,"KELLY, GEORGE J. (MIKE), JR.",0,1,1,0,0.0,,,,0,-9.803459930515231,0.75*2016 + 0.25*2012; 2020 lines (Daily Kos),0.0
HOU_PA_17_2020,2020,house,PA,17.0,0,0,"LAMB, CONOR JAMES",D,"PARNELL, RICHARD SEAN",222253.0,212284.0,0.0,434537.0,51.15,1,D,D,"LAMB, CONOR JAMES",0,1,1,0,0.0,,,,0,-2.936356783882714,0.75*2016 + 0.25*2012; 2020 lines (Daily Kos),0.0
HOU_PA_18_2020,2020,house,PA,18.0,0,0,"DOYLE, MICHAEL F. (MIKE), JR.",D,"NEGRON, LUKE EDISON",266084.0,118163.0,0.0,384247.0,69.25,1,D,D,"DOYLE, MICHAEL F. (MIKE), JR.",0,1,1,0,0.0,,,,0,12.896721879801198,0.75*2016 + 0.25*2012; 2020 lines (Daily Kos),0.0
HOU_RI_01_2020,2020,house,RI,1.0,0,0,"CICILLINE, DAVID N.",D,,158550.0,0.0,63757.0,222307.0,,0,D,D,"CICILLINE, DAVID N.",0,1,0,2,28.68,"WYSOCKI, FREDERICK",I,15.95,0,12.983617460665815,0.75*2016 + 0.25*2012; 2020 lines (Daily Kos),0.0
HOU_RI_02_2020,2020,house,RI,2.0,0,0,"LANGEVIN, JAMES R. (JIM)",D,"LANCIA, ROBERT B.",154086.0,109894.0,0.0,263980.0,58.37,1,D,D,"LANGEVIN, JAMES R. (JIM)",0,1,1,0,0.0,,,,0,4.14951428036359,0.75*2016 + 0.25*2012; 2020 lines (Daily Kos),0.0
HOU_SC_01_2020,2020,house,SC,1.0,0,0,"CUNNINGHAM, JOE",D,"MACE, NANCY",210627.0,216042.0,0.0,426669.0,49.37,1,R,D,"CUNNINGHAM, JOE",0,1,1,0,0.0,,,,0,-8.867020965533584,0.75*2016 + 0.25*2012; 2020 lines (Daily Kos),0.0
HOU_SC_02_2020,2020,house,SC,2.0,0,0,"BOROUGHS, ADAIR FORD",D,"WILSON, ADDISON GRAVES (JOE)",155118.0,202715.0,6163.0,363996.0,43.35,1,R,R,"WILSON, ADDISON GRAVES (JOE)",0,1,1,1,1.69,"WRIGHT, KATHLEEN K.",Other,1.69,0,-10.878473720703502,0.75*2016 + 0.25*2012; 2020 lines (Daily Kos),0.0
HOU_SC_03_2020,2020,house,SC,3.0,0,0,"CLEVELAND, HOSEA",D,"DUNCAN, JEFFREY D. (JEFF)",95712.0,237544.0,0.0,333256.0,28.72,1,R,R,"DUNCAN, JEFFREY D. (JEFF)",0,1,1,0,0.0,,,,0,-20.09143557097117,0.75*2016 + 0.25*2012; 2020 lines (Daily Kos),0.0
HOU_SC_04_2020,2020,house,SC,4.0,0,0,"NELSON, KIM",D,"TIMMONS, WILLIAM R., IV",133023.0,222126.0,5090.0,360239.0,37.46,1,R,R,"TIMMONS, WILLIAM R., IV",0,1,1,1,1.41,"CHANDLER, MICHAEL",Other,1.41,0,-14.870603248927988,0.75*2016 + 0.25*2012; 2020 lines (Daily Kos),0.0
HOU_SC_05_2020,2020,house,SC,5.0,0,0,"BROWN, MOE",D,"NORMAN, RALPH W.",145979.0,220006.0,0.0,365985.0,39.89,1,R,R,"NORMAN, RALPH W.",0,1,1,0,0.0,,,,0,-10.043837020717785,0.75*2016 + 0.25*2012; 2020 lines (Daily Kos),0.0
HOU_SC_06_2020,2020,house,SC,6.0,0,0,"CLYBURN, JAMES E. (JIM)",D,"MCCOLLUM, JOHN",197477.0,89258.0,2646.0,289381.0,68.87,1,D,D,"CLYBURN, JAMES E. (JIM)",0,1,1,1,0.91,"HACKETT, MARK",Other,0.91,0,18.142544108703568,0.75*2016 + 0.25*2012; 2020 lines (Daily Kos),0.0
HOU_SC_07_2020,2020,house,SC,7.0,0,0,"WATSON, MELISSA WARD",D,"RICE, HUGH THOMPSON (TOM), JR.",138863.0,224993.0,0.0,363856.0,38.16,1,R,R,"RICE, HUGH THOMPSON (TOM), JR.",0,1,1,0,0.0,,,,0,-9.952733550011072,0.75*2016 + 0.25*2012; 2020 lines (Daily Kos),0.0
HOU_SD_01_2020,2020,house,SD,1.0,0,0,,,"JOHNSON, DUSTIN (DUSTY)",0.0,321984.0,75748.0,397732.0,,0,R,R,"JOHNSON, DUSTIN (DUSTY)",0,0,1,1,19.04,"LUALLIN, RANDY (URIAH)",Lbt,19.04,0,-15.657464120278853,0.75*2016 + 0.25*2012; 2020 lines (Daily Kos),0.0
HOU_TN_01_2020,2020,house,TN,1.0,0,0,"WALSINGHAM, BLAIR",D,"HARSHBARGER, DIANA LYNN",68617.0,228181.0,8621.0,305419.0,23.12,1,R,,,1,1,1,1,2.82,"HOLDER, STEVE",I,2.82,0,-29.541652559818168,0.75*2016 + 0.25*2012; 2020 lines (Daily Kos),0.0
HOU_TN_02_2020,2020,house,TN,2.0,0,0,"HOYOS, RENEE",D,"BURCHETT, TIM",109684.0,238907.0,4592.0,353183.0,31.46,1,R,R,"BURCHETT, TIM",0,1,1,1,1.3,"CAMPBELL, MATTHEW L.",I,1.3,0,-20.01212314492375,0.75*2016 + 0.25*2012; 2020 lines (Daily Kos),0.0
HOU_TN_03_2020,2020,house,TN,3.0,0,0,"GORMAN, MEG",D,"FLEISCHMANN, CHARLES J. (CHUCK)",97687.0,215571.0,7033.0,320291.0,31.18,1,R,R,"FLEISCHMANN, CHARLES J. (CHUCK)",0,1,1,2,2.2,"HYSELL, AMBER L.",I,1.57,0,-18.772703401573303,0.75*2016 + 0.25*2012; 2020 lines (Daily Kos),0.0
HOU_TN_04_2020,2020,house,TN,4.0,0,0,"HALE, CHRISTOPHER J.",D,"DESJARLAIS, SCOTT EUGENE",111908.0,223802.0,0.0,335710.0,33.33,1,R,R,"DESJARLAIS, SCOTT EUGENE",0,1,1,0,0.0,,,,0,-21.54083447869032,0.75*2016 + 0.25*2012; 2020 lines (Daily Kos),0.0
HOU_TN_05_2020,2020,house,TN,5.0,0,0,"COOPER, JAMES H. (JIM)",D,,252155.0,0.0,0.0,252155.0,,0,D,D,"COOPER, JAMES H. (JIM)",0,1,0,0,0.0,,,,0,7.595361869364396,0.75*2016 + 0.25*2012; 2020 lines (Daily Kos),0.0
HOU_TN_06_2020,2020,house,TN,6.0,0,0,"FINLEY, CHRISTOPHER MARTIN",D,"ROSE, JOHN W.",83852.0,257572.0,8154.0,349578.0,24.56,1,R,R,"ROSE, JOHN W.",0,1,1,1,2.33,"MONDAY, CHRISTOPHER BRIAN",I,2.33,0,-25.45618461310247,0.75*2016 + 0.25*2012; 2020 lines (Daily Kos),0.0
HOU_TN_07_2020,2020,house,TN,7.0,0,0,"SREEPADA, KIRAN",D,"GREEN, MARK E.",95839.0,245188.0,9608.0,350635.0,28.1,1,R,R,"GREEN, MARK E.",0,1,1,2,2.74,"BROWN, RONALD",I,2.17,0,-20.91675023315615,0.75*2016 + 0.25*2012; 2020 lines (Daily Kos),0.0
HOU_TN_08_2020,2020,house,TN,8.0,0,0,"PEARSON, ERIKA STOTTS",D,"KUSTOFF, DAVID",97890.0,227216.0,6747.0,331853.0,30.11,1,R,R,"KUSTOFF, DAVID",0,1,1,2,2.03,"HART, JAMES L.",I,1.13,0,-19.34775426888516,0.75*2016 + 0.25*2012; 2020 lines (Daily Kos),0.0
HOU_TN_09_2020,2020,house,TN,9.0,0,0,"COHEN, STEPHEN IRA (STEVE)",D,"BERGMANN, CHARLOTTE",187905.0,48818.0,6154.0,242877.0,79.38,1,D,D,"COHEN, STEPHEN IRA (STEVE)",0,1,1,2,2.53,"CLARK, DENNIS",I,1.63,0,28.116003510725097,0.75*2016 + 0.25*2012; 2020 lines (Daily Kos),0.0
HOU_TX_01_2020,2020,house,TX,1.0,0,0,"GILBERT, HANK",D,"GOHMERT, LOUIS (LOUIE)",83016.0,219726.0,0.0,302742.0,27.42,1,R,R,"GOHMERT, LOUIS (LOUIE)",0,1,1,0,0.0,,,,0,-24.98510857030092,0.75*2016 + 0.25*2012; 2020 lines (Daily Kos),0.0
HOU_TX_02_2020,2020,house,TX,2.0,0,0,"LADJEVARDIAN, SIMA JANDAGHI",D,"CRENSHAW, DAN",148374.0,192828.0,5524.0,346726.0,43.49,1,R,R,"CRENSHAW, DAN",0,1,1,1,1.59,"SCHEIRMAN, ELLIOTT ROBERT",Lbt,1.59,0,-8.507637404784909,0.75*2016 + 0.25*2012; 2020 lines (Daily Kos),0.0
HOU_TX_03_2020,2020,house,TX,3.0,0,0,"SEIKALY, HELANE SAWSAN (LULU)",D,"TAYLOR, NICHOLAS VANCAMPEN (VAN)",179458.0,230512.0,8621.0,418591.0,43.77,1,R,R,"TAYLOR, NICHOLAS VANCAMPEN (VAN)",0,1,1,1,2.06,"CLAYTOR, CHRISTOPHER J. (CHRIS)",Lbt,2.06,0,-10.76755564936203,0.75*2016 + 0.25*2012; 2020 lines (Daily Kos),0.0
HOU_TX_04_2020,2020,house,TX,4.0,0,0,"FOSTER, RUSSELL",D,"FALLON, PATRICK EDWARD (PAT)",76326.0,253837.0,7640.0,337803.0,23.12,1,R,,,1,1,1,2,2.26,"ANTONELLI, LOU",Lbt,1.88,0,-28.2852590886239,0.75*2016 + 0.25*2012; 2020 lines (Daily Kos),0.0
HOU_TX_05_2020,2020,house,TX,5.0,0,0,"SALTER, CAROLYN",D,"GOODEN, LANCE",100743.0,173836.0,5834.0,280413.0,36.69,1,R,R,"GOODEN, LANCE",0,1,1,1,2.08,"HALE, KEVIN A.",Lbt,2.08,0,-16.17153599634555,0.75*2016 + 0.25*2012; 2020 lines (Daily Kos),0.0
HOU_TX_06_2020,2020,house,TX,6.0,0,0,"DANIEL, STEPHEN",D,"WRIGHT, RON",149530.0,179507.0,10955.0,339992.0,45.44,1,R,R,"WRIGHT, RON",0,1,1,1,3.22,"BLACK, MELANIE A.",Lbt,3.22,0,-8.32684197929829,0.75*2016 + 0.25*2012; 2020 lines (Daily Kos),0.0
HOU_TX_07_2020,2020,house,TX,7.0,0,0,"FLETCHER, ELIZABETH PANNILL (LIZZIE)",D,"HUNT, WESLEY",159529.0,149054.0,5542.0,314125.0,51.7,1,D,D,"FLETCHER, ELIZABETH PANNILL (LIZZIE)",0,1,1,1,1.76,"KELLY, SHAWN",Lbt,1.76,0,-3.544682975058889,0.75*2016 + 0.25*2012; 2020 lines (Daily Kos),0.0
HOU_TX_08_2020,2020,house,TX,8.0,0,0,"HERNANDEZ, ELIZABETH",D,"BRADY, KEVIN P.",97409.0,277327.0,7735.0,382471.0,25.99,1,R,R,"BRADY, KEVIN P.",0,1,1,1,2.02,"DUNCAN, CHRIS",Lbt,2.02,0,-27.31726864666652,0.75*2016 + 0.25*2012; 2020 lines (Daily Kos),0.0
HOU_TX_09_2020,2020,house,TX,9.0,0,0,"GREEN, ALEXANDER (AL)",D,"TEAGUE, JOHNNY",172938.0,49575.0,6594.0,229107.0,77.72,1,D,D,"GREEN, ALEXANDER (AL)",0,1,1,1,2.88,"SOSA, JOSE R.",Lbt,2.88,0,29.40497874208719,0.75*2016 + 0.25*2012; 2020 lines (Daily Kos),0.0
HOU_TX_10_2020,2020,house,TX,10.0,0,0,"SIEGEL, MIKE",D,"MCCAUL, MICHAEL T.",187686.0,217216.0,8992.0,413894.0,46.35,1,R,R,"MCCAUL, MICHAEL T.",0,1,1,1,2.17,"ERIKSEN, ROY",Lbt,2.17,0,-7.572402450913537,0.75*2016 + 0.25*2012; 2020 lines (Daily Kos),0.0
HOU_TX_11_2020,2020,house,TX,11.0,0,0,"HOGG, JON MARK",D,"PFLUGER, AUGUST",53394.0,232568.0,5811.0,291773.0,18.67,1,R,,,1,1,1,1,1.99,"CODY, WACEY ALPHA",Lbt,1.99,0,-31.65316543201126,0.75*2016 + 0.25*2012; 2020 lines (Daily Kos),0.0
HOU_TX_12_2020,2020,house,TX,12.0,0,0,"WELCH, LISA",D,"GRANGER, KAY",121250.0,233853.0,11918.0,367021.0,34.15,1,R,R,"GRANGER, KAY",0,1,1,1,3.25,"HOLCOMB, TREY",Lbt,3.25,0,-17.673826652171563,0.75*2016 + 0.25*2012; 2020 lines (Daily Kos),0.0
HOU_TX_13_2020,2020,house,TX,13.0,0,0,"TRUJILLO, GUS",D,"JACKSON, RONNY",50477.0,217124.0,5907.0,273508.0,18.86,1,R,,,1,1,1,1,2.16,"WESTBROOK, JACK B.",Lbt,2.16,0,-33.61966528825409,0.75*2016 + 0.25*2012; 2020 lines (Daily Kos),0.0
HOU_TX_14_2020,2020,house,TX,14.0,0,0,"BELL, ADRIENNE",D,"WEBER, RANDY K., SR.",118574.0,190541.0,0.0,309115.0,38.36,1,R,R,"WEBER, RANDY K., SR.",0,1,1,0,0.0,,,,0,-11.544678895453872,0.75*2016 + 0.25*2012; 2020 lines (Daily Kos),0.0
HOU_TX_15_2020,2020,house,TX,15.0,0,0,"GONZALEZ, VICENTE",D,"DE LA CRUZ-HERNANDEZ, MONICA",115605.0,109017.0,4295.0,228917.0,51.47,1,D,D,"GONZALEZ, VICENTE",0,1,1,1,1.88,"LEONE, ROSS LYNN, JR.",Lbt,1.88,0,7.108829312075063,0.75*2016 + 0.25*2012; 2020 lines (Daily Kos),0.0
HOU_TX_16_2020,2020,house,TX,16.0,0,0,"ESCOBAR, VERONICA",D,"ARMENDARIZ-JACKSON, IRENE",154108.0,84006.0,0.0,238114.0,64.72,1,D,D,"ESCOBAR, VERONICA",0,1,1,0,0.0,,,,0,18.447996920361803,0.75*2016 + 0.25*2012; 2020 lines (Daily Kos),0.0
HOU_TX_17_2020,2020,house,TX,17.0,0,0,"KENNEDY, RICK",D,"SESSIONS, PETER A. (PETE)",125565.0,171390.0,9918.0,306873.0,42.28,1,R,,,1,1,1,1,3.23,"BROWN, TED",Lbt,3.23,0,-11.147866237802406,0.75*2016 + 0.25*2012; 2020 lines (Daily Kos),0.0
HOU_TX_18_2020,2020,house,TX,18.0,0,0,"JACKSON LEE, SHEILA",D,"CHAMPION, WENDELL",180952.0,58033.0,7910.0,246895.0,75.72,1,D,D,"JACKSON LEE, SHEILA",0,1,1,2,3.2,"SPENCER, LUKE",Lbt,1.83,0,27.336683642284484,0.75*2016 + 0.25*2012; 2020 lines (Daily Kos),0.0
HOU_TX_19_2020,2020,house,TX,19.0,0,0,"WATSON, TOM",D,"ARRINGTON, JODEY C.",60583.0,198198.0,6271.0,265052.0,23.41,1,R,R,"ARRINGTON, JODEY C.",0,1,1,1,2.37,"BURNES, JOE",Lbt,2.37,0,-26.693387842890456,0.75*2016 + 0.25*2012; 2020 lines (Daily Kos),0.0
HOU_TX_20_2020,2020,house,TX,20.0,0,0,"CASTRO, JOAQUIN",D,"GARZA, MAURO",175078.0,89628.0,6017.0,270723.0,66.14,1,D,D,"CASTRO, JOAQUIN",0,1,1,1,2.22,"BLUNT, JEFFREY C.",Lbt,2.22,0,11.579545609860508,0.75*2016 + 0.25*2012; 2020 lines (Daily Kos),0.0
HOU_TX_21_2020,2020,house,TX,21.0,0,0,"DAVIS, WENDY R.",D,"ROY, CHIP",205780.0,235740.0,12230.0,453750.0,46.61,1,R,R,"ROY, CHIP",0,1,1,2,2.7,"DIBIANCA, ARTHUR",Lbt,1.91,0,-8.119743333058658,0.75*2016 + 0.25*2012; 2020 lines (Daily Kos),0.0
HOU_TX_22_2020,2020,house,TX,22.0,0,0,"KULKARNI, SRI PRESTON",D,"NEHLS, TROY E.",181998.0,210259.0,15791.0,408048.0,46.4,1,R,,,1,1,1,1,3.87,"LEBLANC, JOSEPH, JR.",Lbt,3.87,0,-7.664410545293723,0.75*2016 + 0.25*2012; 2020 lines (Daily Kos),0.0
HOU_TX_23_2020,2020,house,TX,23.0,0,0,"JONES, GINA ORTIZ",D,"GONZALES, ERNEST ANTHONY (TONY)",137693.0,149395.0,8369.0,295457.0,47.96,1,R,,,1,1,1,1,2.83,"VILLELA, BETO",Lbt,2.83,0,-0.3840481659673502,0.75*2016 + 0.25*2012; 2020 lines (Daily Kos),0.0
HOU_TX_24_2020,2020,house,TX,24.0,0,0,"VALENZUELA, CANDACE",D,"VAN DUYNE, ELIZABETH ANN (BETH)",163326.0,167910.0,12785.0,344021.0,49.31,1,R,,,1,1,1,3,3.72,"HAMILTON, DARREN",Lbt,1.64,0,-6.685407541303043,0.75*2016 + 0.25*2012; 2020 lines (Daily Kos),0.0
HOU_TX_25_2020,2020,house,TX,25.0,0,0,"OLIVER, JULIE",D,"WILLIAMS, ROGER",165697.0,220088.0,7738.0,393523.0,42.95,1,R,R,"WILLIAMS, ROGER",0,1,1,1,1.97,"KELSEY, BILL",Lbt,1.97,0,-10.046918427023432,0.75*2016 + 0.25*2012; 2020 lines (Daily Kos),0.0
HOU_TX_26_2020,2020,house,TX,26.0,0,0,"IANNUZZI, CAROL H.",D,"BURGESS, MICHAEL C.",161009.0,261963.0,9243.0,432215.0,38.07,1,R,R,"BURGESS, MICHAEL C.",0,1,1,1,2.14,"BOLER, MARK",Lbt,2.14,0,-16.503406155224607,0.75*2016 + 0.25*2012; 2020 lines (Daily Kos),0.0
HOU_TX_27_2020,2020,house,TX,27.0,0,0,"DE LA FUENTE, RICARDO",D,"CLOUD, MICHAEL",95466.0,172305.0,5482.0,273253.0,35.65,1,R,R,"CLOUD, MICHAEL",0,1,1,1,2.01,"GRAY, PHIL",Lbt,2.01,0,-13.347621266229426,0.75*2016 + 0.25*2012; 2020 lines (Daily Kos),0.0
HOU_TX_28_2020,2020,house,TX,28.0,0,0,"CUELLAR, ENRIQUE ROBERTO (HENRY)",D,"WHITTEN, SANDRA",137494.0,91925.0,6425.0,235844.0,59.93,1,D,D,"CUELLAR, ENRIQUE ROBERTO (HENRY)",0,1,1,1,2.72,"CONGDON, BEKAH",Lbt,2.72,0,9.056778066455085,0.75*2016 + 0.25*2012; 2020 lines (Daily Kos),0.0
HOU_TX_29_2020,2020,house,TX,29.0,0,0,"GARCIA, SYLVIA R.",D,"BLANCO, JAIMY Z.",111305.0,42840.0,2328.0,156473.0,72.21,1,D,D,"GARCIA, SYLVIA R.",0,1,1,1,1.49,"KURTZ, PHIL",Lbt,1.49,0,20.517112322906417,0.75*2016 + 0.25*2012; 2020 lines (Daily Kos),0.0
HOU_TX_30_2020,2020,house,TX,30.0,0,0,"JOHNSON, EDDIE BERNICE",D,"PENNIE, DEMETRICK (TRE)",204928.0,48685.0,10851.0,264464.0,80.8,1,D,D,"JOHNSON, EDDIE BERNICE",0,1,1,1,4.1,"WILLIAMS, ERIC LEMONTE",I,4.1,0,29.59952640228545,0.75*2016 + 0.25*2012; 2020 lines (Daily Kos),0.0
HOU_TX_31_2020,2020,house,TX,31.0,0,0,"IMAM, DONNA",D,"CARTER, JOHN R.",176293.0,212695.0,9069.0,398057.0,45.32,1,R,R,"CARTER, JOHN R.",0,1,1,2,2.28,"PATTERSON, CLARK",Lbt,2.24,0,-9.170835976822946,0.75*2016 + 0.25*2012; 2020 lines (Daily Kos),0.0
HOU_TX_32_2020,2020,house,TX,32.0,0,0,"ALLRED, COLIN Z.",D,"COLLINS, GENEVIEVE",178542.0,157867.0,7278.0,343687.0,53.07,1,D,D,"ALLRED, COLIN Z.",0,1,1,2,2.12,"PETERSON, CHRISTY MOWREY",Lbt,1.44,0,-2.6075825943748603,0.75*2016 + 0.25*2012; 2020 lines (Daily Kos),0.0
HOU_TX_33_2020,2020,house,TX,33.0,0,0,"VEASEY, MARC ALLISON",D,"VASQUEZ, FABIAN CORDOVA",105317.0,39638.0,12651.0,157606.0,72.65,1,D,D,"VEASEY, MARC ALLISON",0,1,1,3,8.03,"QUINTANILLA, CARLOS, JR.",I,5.12,0,23.35911273245798,0.75*2016 + 0.25*2012; 2020 lines (Daily Kos),0.0
HOU_TX_34_2020,2020,house,TX,34.0,0,0,"VELA, FILEMON B., JR.",D,"GONZALEZ, REYNALDO (REY), JR.",111439.0,84119.0,5469.0,201027.0,56.99,1,D,D,"VELA, FILEMON B., JR.",0,1,1,2,2.72,"CRISTO, ANTHONY",Lbt,1.6,0,9.795076544418354,0.75*2016 + 0.25*2012; 2020 lines (Daily Kos),0.0
HOU_TX_35_2020,2020,house,TX,35.0,0,0,"DOGGETT, LLOYD A., II",D,"SHARON, JENNIFER GARCIA (JENNY)",176373.0,80795.0,12629.0,269797.0,68.58,1,D,D,"DOGGETT, LLOYD A., II",0,1,1,2,4.68,"LOEWE, MARK",Lbt,2.74,0,15.58617915170806,0.75*2016 + 0.25*2012; 2020 lines (Daily Kos),0.0
HOU_TX_36_2020,2020,house,TX,36.0,0,0,"LEWIS, BRANDON RASHAD",D,"BABIN, BRIAN",73418.0,222712.0,6419.0,302549.0,24.79,1,R,R,"BABIN, BRIAN",0,1,1,2,2.12,"ABBEY, CHAD",Lbt,1.6,0,-25.405279157368533,0.75*2016 + 0.25*2012; 2020 lines (Daily Kos),0.0
HOU_UT_01_2020,2020,house,UT,1.0,0,0,"PARRY, DARREN",D,"MOORE, BLAKE DAVID",104194.0,237988.0,169.0,342351.0,30.45,1,R,,,1,1,1,2,0.05,"LEE, TAYLOR",Other,0.05,0,-22.890597236170567,0.75*2016 + 0.25*2012; 2020 lines (Daily Kos),0.0
HOU_UT_02_2020,2020,house,UT,2.0,0,0,"WESTON, JOHN KAEL",D,"STEWART, CHRIS",129762.0,208997.0,15465.0,354224.0,38.31,1,R,R,"STEWART, CHRIS",0,1,1,1,4.37,"LATHAM, J. ROBERT",Lbt,4.37,0,-13.114281158766705,0.75*2016 + 0.25*2012; 2020 lines (Daily Kos),0.0
HOU_UT_03_2020,2020,house,UT,3.0,0,0,"THORPE, DEVIN D.",D,"CURTIS, JOHN R.",96067.0,246674.0,16179.0,358920.0,28.03,1,R,R,"CURTIS, JOHN R.",0,1,1,3,4.51,"CUMMINGS, DANIEL CLYDE",Other,2.48,0,-21.620433196596338,0.75*2016 + 0.25*2012; 2020 lines (Daily Kos),0.0
HOU_UT_04_2020,2020,house,UT,4.0,0,0,"MCADAMS, BENJAMIN MICHAEL (BEN)",D,"OWENS, CLARENCE BURGESS",175923.0,179688.0,21119.0,376730.0,49.47,1,R,D,"MCADAMS, BENJAMIN MICHAEL (BEN)",0,1,1,3,5.61,"MOLNAR, JOHN",Lbt,3.46,0,-9.640361593552814,0.75*2016 + 0.25*2012; 2020 lines (Daily Kos),0.0
HOU_VA_01_2020,2020,house,VA,1.0,0,0,"RASHID, QASIM",D,"WITTMAN, ROBERT JOSEPH (ROB)",186923.0,260614.0,0.0,447537.0,41.77,1,R,R,"WITTMAN, ROBERT JOSEPH (ROB)",0,1,1,0,0.0,,,,0,-7.784425143669226,0.75*2016 + 0.25*2012; 2020 lines (Daily Kos),0.0
HOU_VA_02_2020,2020,house,VA,2.0,0,0,"LURIA, ELAINE G.",D,"TAYLOR, SCOTT W.",185733.0,165031.0,0.0,350764.0,52.95,1,D,D,"LURIA, ELAINE G.",0,1,1,0,0.0,,,,0,-3.017772422121588,0.75*2016 + 0.25*2012; 2020 lines (Daily Kos),0.0
HOU_VA_03_2020,2020,house,VA,3.0,0,0,"SCOTT, ROBERT CORTEZ (BOBBY)",D,"COLLICK, JOHN W., JR.",233326.0,107299.0,0.0,340625.0,68.5,1,D,D,"SCOTT, ROBERT CORTEZ (BOBBY)",0,1,1,0,0.0,,,,0,15.67673612932543,0.75*2016 + 0.25*2012; 2020 lines (Daily Kos),0.0
HOU_VA_04_2020,2020,house,VA,4.0,0,0,"MCEACHIN, ASTON DONALD",D,"BENJAMIN, LEON, SR.",241142.0,149625.0,0.0,390767.0,61.71,1,D,D,"MCEACHIN, ASTON DONALD",0,1,1,0,0.0,,,,0,9.80340163850163,0.75*2016 + 0.25*2012; 2020 lines (Daily Kos),0.0
HOU_VA_05_2020,2020,house,VA,5.0,0,0,"WEBB, B. CAMERON",D,"GOOD, ROBERT GEORGE (BOB)",190315.0,210988.0,0.0,401303.0,47.42,1,R,,,1,1,1,0,0.0,,,,0,-6.565400576942215,0.75*2016 + 0.25*2012; 2020 lines (Daily Kos),0.0
HOU_VA_06_2020,2020,house,VA,6.0,0,0,"BETTS, NICHOLAS A.",D,"CLINE, BENJAMIN LEE (BEN)",134729.0,246606.0,0.0,381335.0,35.33,1,R,R,"CLINE, BENJAMIN LEE (BEN)",0,1,1,0,0.0,,,,0,-13.67019289646421,0.75*2016 + 0.25*2012; 2020 lines (Daily Kos),0.0
HOU_VA_07_2020,2020,house,VA,7.0,0,0,"SPANBERGER, ABIGAIL ANNE DAVIS",D,"FREITAS, NICK J.",230893.0,222623.0,0.0,453516.0,50.91,1,D,D,"SPANBERGER, ABIGAIL ANNE DAVIS",0,1,1,0,0.0,,,,0,-5.286509763236408,0.75*2016 + 0.25*2012; 2020 lines (Daily Kos),0.0
HOU_VA_08_2020,2020,house,VA,8.0,0,0,"BEYER, DONALD S. (DON), JR.",D,"JORDAN, JEFF A.",301454.0,95365.0,0.0,396819.0,75.97,1,D,D,"BEYER, DONALD S. (DON), JR.",0,1,1,0,0.0,,,,0,24.179874613890902,0.75*2016 + 0.25*2012; 2020 lines (Daily Kos),0.0
HOU_VA_09_2020,2020,house,VA,9.0,0,0,,,"GRIFFITH, HOWARD MORGAN",0.0,271851.0,0.0,271851.0,,0,R,R,"GRIFFITH, HOWARD MORGAN",0,0,1,0,0.0,,,,0,-21.158904818770107,0.75*2016 + 0.25*2012; 2020 lines (Daily Kos),0.0
HOU_VA_10_2020,2020,house,VA,10.0,0,0,"WEXTON, JENNIFER TOSINI",D,"ANDREWS, ALISCIA N.",268734.0,206253.0,0.0,474987.0,56.58,1,D,D,"WEXTON, JENNIFER TOSINI",0,1,1,0,0.0,,,,0,2.428007393218857,0.75*2016 + 0.25*2012; 2020 lines (Daily Kos),0.0
HOU_VA_11_2020,2020,house,VA,11.0,0,0,"CONNOLLY, GERALD EDWARD (GERRY)",D,"ANANTATMULA, MANGA A.",280725.0,111380.0,0.0,392105.0,71.59,1,D,D,"CONNOLLY, GERALD EDWARD (GERRY)",0,1,1,0,0.0,,,,0,17.590274783772117,0.75*2016 + 0.25*2012; 2020 lines (Daily Kos),0.0
HOU_VT_01_2020,2020,house,VT,1.0,0,0,"WELCH, PETER F.",D,"BERRY, MIRIAM",238827.0,95830.0,19638.0,354295.0,71.36,1,D,D,"WELCH, PETER F.",0,1,1,5,5.54,"BECKER, PETER R.",I,2.28,0,14.578530617830989,0.75*2016 + 0.25*2012; 2020 lines (Daily Kos),0.0
HOU_WA_01_2020,2020,house,WA,1.0,0,0,"DELBENE, SUZAN K.",D,"BEELER, JEFFREY, SR.",249944.0,176407.0,0.0,426351.0,58.62,1,D,D,"DELBENE, SUZAN K.",0,1,1,0,0.0,,,,0,6.652451438743615,0.75*2016 + 0.25*2012; 2020 lines (Daily Kos),0.0
HOU_WA_02_2020,2020,house,WA,2.0,0,0,"LARSEN, RICHARD RAY (RICK)",D,"HAZELO, TIMOTHY S.",255252.0,148384.0,0.0,403636.0,63.24,1,D,D,"LARSEN, RICHARD RAY (RICK)",0,1,1,0,0.0,,,,0,10.38513403900688,0.75*2016 + 0.25*2012; 2020 lines (Daily Kos),0.0
HOU_WA_03_2020,2020,house,WA,3.0,0,0,"LONG, CAROLYN",D,"HERRERA BEUTLER, JAIME",181347.0,235579.0,0.0,416926.0,43.5,1,R,R,"HERRERA BEUTLER, JAIME",0,1,1,0,0.0,,,,0,-4.589434047533919,0.75*2016 + 0.25*2012; 2020 lines (Daily Kos),0.0
HOU_WA_04_2020,2020,house,WA,4.0,0,0,"MCKINLEY, DOUGLAS E. (DOUG)",D,"NEWHOUSE, DANIEL (DAN)",102667.0,202108.0,0.0,304775.0,33.69,1,R,R,"NEWHOUSE, DANIEL (DAN)",0,1,1,0,0.0,,,,0,-13.3865612537538,0.75*2016 + 0.25*2012; 2020 lines (Daily Kos),0.0
HOU_WA_05_2020,2020,house,WA,5.0,0,0,"WILSON, DAVID J. (DAVE)",D,"MCMORRIS RODGERS, CATHY",155737.0,247815.0,0.0,403552.0,38.59,1,R,R,"MCMORRIS RODGERS, CATHY",0,1,1,0,0.0,,,,0,-7.986313911844839,0.75*2016 + 0.25*2012; 2020 lines (Daily Kos),0.0
HOU_WA_06_2020,2020,house,WA,6.0,0,0,"KILMER, DEREK C.",D,"KREISELMAIER, ELIZABETH",247429.0,168783.0,0.0,416212.0,59.45,1,D,D,"KILMER, DEREK C.",0,1,1,0,0.0,,,,0,5.621945927302187,0.75*2016 + 0.25*2012; 2020 lines (Daily Kos),0.0
HOU_WA_07_2020,2020,house,WA,7.0,0,0,"JAYAPAL, PRAMILA",D,"KELLER, CRAIG",387109.0,78240.0,0.0,465349.0,83.19,1,D,D,"JAYAPAL, PRAMILA",0,1,1,0,0.0,,,,0,34.29507068585333,0.75*2016 + 0.25*2012; 2020 lines (Daily Kos),0.0
HOU_WA_08_2020,2020,house,WA,8.0,0,0,"SCHRIER, KIM",D,"JENSEN, JESSE",213123.0,198423.0,0.0,411546.0,51.79,1,D,D,"SCHRIER, KIM",0,1,1,0,0.0,,,,0,0.0602701262976984,0.75*2016 + 0.25*2012; 2020 lines (Daily Kos),0.0
HOU_WA_09_2020,2020,house,WA,9.0,0,0,"SMITH, D. ADAM",D,"BASLER, DOUGLAS MICHAEL (DOUG)",258771.0,89697.0,0.0,348468.0,74.26,1,D,D,"SMITH, D. ADAM",0,1,1,0,0.0,,,,0,22.411316756398417,0.75*2016 + 0.25*2012; 2020 lines (Daily Kos),0.0
HOU_WA_10_2020,2020,house,WA,10.0,0,0,"STRICKLAND, MARILYN; DOGLIO, BETH",D,,288977.0,0.0,0.0,288977.0,,0,D,,,1,2,0,0,0.0,,,,0,5.245350953920974,0.75*2016 + 0.25*2012; 2020 lines (Daily Kos),0.0
HOU_WI_01_2020,2020,house,WI,1.0,0,0,"POLACK, ROGER",D,"STEIL, BRYAN",163170.0,238271.0,0.0,401441.0,40.65,1,R,R,"STEIL, BRYAN",0,1,1,0,0.0,,,,0,-6.005709974706128,0.75*2016 + 0.25*2012; 2020 lines (Daily Kos),0.0
HOU_WI_02_2020,2020,house,WI,2.0,0,0,"POCAN, MARK",D,"THERON, DANIEL PETER",318523.0,138306.0,0.0,456829.0,69.72,1,D,D,"POCAN, MARK",0,1,1,0,0.0,,,,0,17.97932173159593,0.75*2016 + 0.25*2012; 2020 lines (Daily Kos),0.0
HOU_WI_03_2020,2020,house,WI,3.0,0,0,"KIND, RONALD JAMES (RON)",D,"VAN ORDEN, DERRICK",199870.0,189524.0,0.0,389394.0,51.33,1,D,D,"KIND, RONALD JAMES (RON)",0,1,1,0,0.0,,,,0,-1.773263915181734,0.75*2016 + 0.25*2012; 2020 lines (Daily Kos),0.0
HOU_WI_04_2020,2020,house,WI,4.0,0,0,"MOORE, GWENDOLYNNE S. (GWEN)",D,"ROGERS, TIM",232668.0,70769.0,7911.0,311348.0,76.68,1,D,D,"MOORE, GWENDOLYNNE S. (GWEN)",0,1,1,1,2.54,"RAYMOND, ROBERT R.",I,2.54,0,25.54952978321117,0.75*2016 + 0.25*2012; 2020 lines (Daily Kos),0.0
HOU_WI_05_2020,2020,house,WI,5.0,0,0,"PALZEWICZ, TOM",D,"FITZGERALD, SCOTT LAWRENCE",175902.0,265434.0,0.0,441336.0,39.86,1,R,,,1,1,1,0,0.0,,,,0,-12.322168580854164,0.75*2016 + 0.25*2012; 2020 lines (Daily Kos),0.0
HOU_WI_06_2020,2020,house,WI,6.0,0,0,"KING, JESSICA J.",D,"GROTHMAN, GLENN S.",164239.0,238874.0,0.0,403113.0,40.74,1,R,R,"GROTHMAN, GLENN S.",0,1,1,0,0.0,,,,0,-8.97980744679092,0.75*2016 + 0.25*2012; 2020 lines (Daily Kos),0.0
HOU_WI_07_2020,2020,house,WI,7.0,0,0,"ZUNKER, TRICIA",D,"TIFFANY, THOMAS P. (TOM)",162741.0,252048.0,0.0,414789.0,39.23,1,R,R,"TIFFANY, THOMAS P. (TOM)",0,1,1,0,0.0,,,,0,-9.832818672307,0.75*2016 + 0.25*2012; 2020 lines (Daily Kos),0.0
HOU_WI_08_2020,2020,house,WI,8.0,0,0,"STUCK, AMANDA",D,"GALLAGHER, MIKE",149558.0,268173.0,0.0,417731.0,35.8,1,R,R,"GALLAGHER, MIKE",0,1,1,0,0.0,,,,0,-8.79413592887528,0.75*2016 + 0.25*2012; 2020 lines (Daily Kos),0.0
HOU_WV_01_2020,2020,house,WV,1.0,0,0,"CLINE, NATALIE",D,"MCKINLEY, DAVID B.",81177.0,180488.0,58.0,261723.0,31.02,1,R,R,"MCKINLEY, DAVID B.",0,1,1,1,0.02,"COSNER, SHAWN",Other,0.02,0,-21.315863420989096,0.75*2016 + 0.25*2012; 2020 lines (Daily Kos),0.0
HOU_WV_02_2020,2020,house,WV,2.0,0,0,"KUNKEL, CATHY",D,"MOONEY, ALEXANDER X. (ALEX)",100799.0,172195.0,0.0,272994.0,36.92,1,R,R,"MOONEY, ALEXANDER X. (ALEX)",0,1,1,0,0.0,,,,0,-18.5440269742402,0.75*2016 + 0.25*2012; 2020 lines (Daily Kos),0.0
HOU_WV_03_2020,2020,house,WV,3.0,0,0,"TURNER, HILARY",D,"MILLER, CAROL D.",64927.0,161585.0,156.0,226668.0,28.66,1,R,R,"MILLER, CAROL D.",0,1,1,1,0.07,"FOX-SPENCER, BELINDA",Other,0.07,0,-24.777403694581626,0.75*2016 + 0.25*2012; 2020 lines (Daily Kos),0.0
HOU_WY_01_2020,2020,house,WY,1.0,0,0,"GREY BULL, LYNNETTE",D,"CHENEY, ELIZABETH (LIZ)",66576.0,185732.0,18059.0,270367.0,26.39,1,R,R,"CHENEY, ELIZABETH (LIZ)",0,1,1,2,6.68,"BRUBAKER, RICHARD P. (BRU)",Lbt,3.76,0,-25.94350136273937,0.75*2016 + 0.25*2012; 2020 lines (Daily Kos),0.0
HOU_AK_01_2022,2022,house,AK,1.0,0,1,"PELTOLA, MARY SATTLER",D,"PALIN, SARAH H.; BEGICH, NICK",128553.0,129379.0,4570.0,262502.0,49.84,1,D,D,"PELTOLA, MARY SATTLER",0,1,2,1,1.74,"BYE, CHRIS",Lbt,1.74,0,-7.529835844978011,2020 only; 2022 lines (Daily Kos),0.0
HOU_AL_01_2022,2022,house,AL,1.0,0,1,,,"CARL, JERRY L.",0.0,140592.0,26369.0,166961.0,,0,R,R,"CARL, JERRY L.",0,0,1,1,15.79,"REMREY, ALEXANDER M.",Lbt,15.79,0,-16.564484884910385,2020 only; 2022 lines (Daily Kos),0.0
HOU_AL_02_2022,2022,house,AL,2.0,0,1,"HARVEY-HALL, PHYLLIS",D,"MOORE, FELIX BARRY",58014.0,137460.0,3396.0,198870.0,29.68,1,R,R,"MOORE, FELIX BARRY",0,1,1,1,1.71,"REALZ, JONATHAN",Lbt,1.71,0,-17.135641641290583,2020 only; 2022 lines (Daily Kos),0.0
HOU_AL_03_2022,2022,house,AL,3.0,0,1,"VEASEY, LIN",D,"ROGERS, MICHAEL DENNIS (MIKE)",47859.0,135602.0,6865.0,190326.0,26.09,1,R,R,"ROGERS, MICHAEL DENNIS (MIKE)",0,1,1,2,3.61,"BELL, DOUGLAS A.",I,2.01,0,-19.493027584199503,2020 only; 2022 lines (Daily Kos),0.0
HOU_AL_04_2022,2022,house,AL,4.0,0,1,"NEIGHBORS, RICK",D,"ADERHOLT, ROBERT BROWN",26694.0,164655.0,4303.0,195652.0,13.95,1,R,R,"ADERHOLT, ROBERT BROWN",0,1,1,1,2.2,"COCHRAN, JOHNNY C.",Lbt,2.2,0,-33.47064842761549,2020 only; 2022 lines (Daily Kos),0.0
HOU_AL_05_2022,2022,house,AL,5.0,0,1,"WARNER-STANTON, KATHY",D,"STRONG, DALE W.",62740.0,142435.0,6773.0,211948.0,30.58,1,R,,,1,1,1,1,3.2,"GREER, P.J.",Lbt,3.2,0,-16.04113193876974,2020 only; 2022 lines (Daily Kos),0.0
HOU_AL_06_2022,2022,house,AL,6.0,0,1,,,"PALMER, GARY J.",0.0,154233.0,27833.0,182066.0,,0,R,R,"PALMER, GARY J.",0,0,1,1,15.29,"CHIEFFO, ANDRIA",Lbt,15.29,0,-17.402231141071063,2020 only; 2022 lines (Daily Kos),0.0
HOU_AL_07_2022,2022,house,AL,7.0,0,1,"SEWELL, TERRYCINA ANDREA (TERRI)",D,"NICHOLS, BEATRICE",123233.0,67416.0,3212.0,193861.0,64.64,1,D,D,"SEWELL, TERRYCINA ANDREA (TERRI)",0,1,1,1,1.66,"GOODMAN, GAVIN",Lbt,1.66,0,13.867667554102326,2020 only; 2022 lines (Daily Kos),0.0
HOU_AR_01_2022,2022,house,AR,1.0,0,1,"HODGES, MONTE",D,"CRAWFORD, ERIC ALAN (RICK)",54598.0,153774.0,0.0,208372.0,26.2,1,R,R,"CRAWFORD, ERIC ALAN (RICK)",0,1,1,0,0.0,,,,0,-23.34160719384344,2020 only; 2022 lines (Daily Kos),0.0
HOU_AR_02_2022,2022,house,AR,2.0,0,1,"HATHAWAY, QUINTESSA",D,"HILL, JAMES FRENCH",86887.0,147975.0,11584.0,246446.0,36.99,1,R,R,"HILL, JAMES FRENCH",0,1,1,1,4.7,"WHITE, MICHAEL",Lbt,4.7,0,-9.008821991493704,2020 only; 2022 lines (Daily Kos),0.0
HOU_AR_03_2022,2022,house,AR,3.0,0,1,"MALLETT-HAYS, LAUREN",D,"WOMACK, STEPHEN ALLEN (STEVE)",73541.0,142401.0,7646.0,223588.0,34.06,1,R,R,"WOMACK, STEPHEN ALLEN (STEVE)",0,1,1,1,3.42,"KALAGIAS, MICHAEL J.",Lbt,3.42,0,-14.338278565924478,2020 only; 2022 lines (Daily Kos),0.0
HOU_AR_04_2022,2022,house,AR,4.0,0,1,"WHITE, JOHN",D,"WESTERMAN, BRUCE",56745.0,153850.0,6101.0,216696.0,26.95,1,R,R,"WESTERMAN, BRUCE",0,1,1,1,2.82,"MAXWELL, GREGORY",Lbt,2.82,0,-20.38967660314012,2020 only; 2022 lines (Daily Kos),0.0
HOU_AZ_01_2022,2022,house,AZ,1.0,0,1,"HODGE, JEVIN D.",D,"SCHWEIKERT, DAVID",179141.0,182336.0,0.0,361477.0,49.56,1,R,R,"SCHWEIKERT, DAVID",0,1,1,0,0.0,,,,0,-1.5157605912301864,2020 only; 2022 lines (Daily Kos),0.0
HOU_AZ_02_2022,2022,house,AZ,2.0,0,1,"O'HALLERAN, TOM C.",D,"CRANE, ELIJAH (ELI)",149151.0,174169.0,76.0,323396.0,46.13,1,R,D,"O'HALLERAN, TOM C.",0,1,1,1,0.02,"SARAPPO, CHRIS",Other,0.02,0,-6.267389429776577,2020 only; 2022 lines (Daily Kos),0.0
HOU_AZ_03_2022,2022,house,AZ,3.0,0,1,"GALLEGO, RUBEN",D,"ZINK, JEFF NELSON",108599.0,32475.0,0.0,141074.0,76.98,1,D,D,"GALLEGO, RUBEN",0,1,1,0,0.0,,,,0,23.46113193086713,2020 only; 2022 lines (Daily Kos),0.0
HOU_AZ_04_2022,2022,house,AZ,4.0,0,1,"STANTON, GREG",D,"COOPER, KELLY",148941.0,116521.0,36.0,265498.0,56.11,1,D,D,"STANTON, GREG",0,1,1,1,0.01,"JONES, STEPHAN (STEVE)",Other,0.01,0,2.984786622853519,2020 only; 2022 lines (Daily Kos),0.0
HOU_AZ_05_2022,2022,house,AZ,5.0,0,1,"RAMOS, JAVIER GARCIA",D,"BIGGS, ANDY",120243.0,182464.0,18883.0,321590.0,39.72,1,R,R,"BIGGS, ANDY",0,1,1,2,5.87,"SMITH, CLINT WILLIAM",I,5.86,0,-10.586885533880224,2020 only; 2022 lines (Daily Kos),0.0
HOU_AZ_06_2022,2022,house,AZ,6.0,0,1,"ENGEL, KIRSTEN",D,"CISCOMANI, JUAN",171969.0,177201.0,113.0,349283.0,49.25,1,R,,,1,1,1,2,0.03,"THORNTON, AVERY ALEXANDER",Other,0.02,0,-2.23117560191769,2020 only; 2022 lines (Daily Kos),0.0
HOU_AZ_07_2022,2022,house,AZ,7.0,0,1,"GRIJALVA, RAUL M.",D,"POZZOLO, LUIS",126418.0,69444.0,0.0,195862.0,64.54,1,D,D,"GRIJALVA, RAUL M.",0,1,1,0,0.0,,,,0,14.364489676384997,2020 only; 2022 lines (Daily Kos),0.0
HOU_AZ_08_2022,2022,house,AZ,8.0,0,1,,,"LESKO, DEBBIE",0.0,197555.0,7158.0,204713.0,,0,R,R,"LESKO, DEBBIE",0,0,1,2,3.5,"SPREITZER, JEREMY",Other,2.51,0,-9.130786373939925,2020 only; 2022 lines (Daily Kos),0.0
HOU_AZ_09_2022,2022,house,AZ,9.0,0,1,,,"GOSAR, PAUL ANTHONY",0.0,192796.0,4389.0,197185.0,,0,R,R,"GOSAR, PAUL ANTHONY",0,0,1,2,2.23,"GRAYSON, RICHARD ARNOLD",Other,1.79,0,-15.338427145013538,2020 only; 2022 lines (Daily Kos),0.0
HOU_CA_01_2022,2022,house,CA,1.0,0,1,"STEINER, MAX",D,"LAMALFA, DOUG",93386.0,152839.0,0.0,246225.0,37.93,1,R,R,"LAMALFA, DOUG",0,1,1,0,0.0,,,,0,-12.06206492671306,2020 only; 2022 lines (Daily Kos),0.0
HOU_CA_02_2022,2022,house,CA,2.0,0,1,"HUFFMAN, JARED WILLIAM",D,"BROWER, DOUGLAS",229720.0,79029.0,0.0,308749.0,74.4,1,D,D,"HUFFMAN, JARED WILLIAM",0,1,1,0,0.0,,,,0,23.0887443568203,2020 only; 2022 lines (Daily Kos),0.0
HOU_CA_03_2022,2022,house,CA,3.0,0,1,"JONES, KERMIT",D,"KILEY, KEVIN",156761.0,181438.0,0.0,338199.0,46.35,1,R,,,1,1,1,0,0.0,,,,0,-3.191558932233163,2020 only; 2022 lines (Daily Kos),0.0
HOU_CA_04_2022,2022,house,CA,4.0,0,1,"THOMPSON, C. MICHAEL (MIKE)",D,"BROCK, MATT",176900.0,84007.0,0.0,260907.0,67.8,1,D,D,"THOMPSON, C. MICHAEL (MIKE)",0,1,1,0,0.0,,,,0,16.46914804080286,2020 only; 2022 lines (Daily Kos),0.0
HOU_CA_05_2022,2022,house,CA,5.0,0,1,"BARKLEY, MICHAEL JAMES (MIKE)",D,"MCCLINTOCK, THOMAS MILLER (TOM), II",109506.0,173524.0,0.0,283030.0,38.69,1,R,R,"MCCLINTOCK, THOMAS MILLER (TOM), II",0,1,1,0,0.0,,,,0,-8.558962111904522,2020 only; 2022 lines (Daily Kos),0.0
HOU_CA_06_2022,2022,house,CA,6.0,0,1,"BERA, AMERISH (AMI)",D,"HAMILTON, TAMIKA",121058.0,95325.0,0.0,216383.0,55.95,1,D,D,"BERA, AMERISH (AMI)",0,1,1,0,0.0,,,,0,7.19801806901692,2020 only; 2022 lines (Daily Kos),0.0
HOU_CA_07_2022,2022,house,CA,7.0,0,1,"MATSUI, DORIS O.",D,"SEMENENKO, MAX",150618.0,70033.0,0.0,220651.0,68.26,1,D,D,"MATSUI, DORIS O.",0,1,1,0,0.0,,,,0,16.75306565999266,2020 only; 2022 lines (Daily Kos),0.0
HOU_CA_08_2022,2022,house,CA,8.0,0,1,"GARAMENDI, JOHN R.",D,"RECILE, RUDY",145501.0,46634.0,0.0,192135.0,75.73,1,D,D,"GARAMENDI, JOHN R.",0,1,1,0,0.0,,,,0,25.30804827140881,2020 only; 2022 lines (Daily Kos),0.0
HOU_CA_09_2022,2022,house,CA,9.0,0,1,"HARDER, JOSH",D,"PATTI, TOM",95598.0,78802.0,0.0,174400.0,54.82,1,D,D,"HARDER, JOSH",0,1,1,0,0.0,,,,0,4.176845925768536,2020 only; 2022 lines (Daily Kos),0.0
HOU_CA_10_2022,2022,house,CA,10.0,0,1,"DESAULNIER, MARK",D,,198415.0,0.0,52965.0,251380.0,,0,D,D,"DESAULNIER, MARK",0,1,0,1,21.07,"KERR, MICHAEL ERNEST",Grn,21.07,0,17.8371285679761,2020 only; 2022 lines (Daily Kos),0.0
HOU_CA_11_2022,2022,house,CA,11.0,0,1,"PELOSI, NANCY",D,"DENNIS, JOHN",220848.0,42217.0,0.0,263065.0,83.95,1,D,D,"PELOSI, NANCY",0,1,1,0,0.0,,,,0,35.76056269681863,2020 only; 2022 lines (Daily Kos),0.0
HOU_CA_12_2022,2022,house,CA,12.0,0,1,"LEE, BARBARA J.",D,"SLAUSON, STEPHEN",217110.0,22859.0,0.0,239969.0,90.47,1,D,D,"LEE, BARBARA J.",0,1,1,0,0.0,,,,0,38.93088218987691,2020 only; 2022 lines (Daily Kos),0.0
HOU_CA_13_2022,2022,house,CA,13.0,0,1,"GRAY, ADAM",D,"DUARTE, JOHN S.",66496.0,67060.0,0.0,133556.0,49.79,1,R,,,1,1,1,0,0.0,,,,0,3.2842762727533503,2020 only; 2022 lines (Daily Kos),0.0
HOU_CA_14_2022,2022,house,CA,14.0,0,1,"SWALWELL, ERIC MICHAEL",D,"HAYDEN, ALISON",137612.0,60852.0,0.0,198464.0,69.34,1,D,D,"SWALWELL, ERIC MICHAEL",0,1,1,0,0.0,,,,0,20.95041965792709,2020 only; 2022 lines (Daily Kos),0.0
HOU_CA_15_2022,2022,house,CA,15.0,0,1,"MULLIN, KEVIN; CANEPA, DAVID J.",D,,194874.0,0.0,0.0,194874.0,,0,D,,,1,2,0,0,0.0,,,,0,26.9584037098495,2020 only; 2022 lines (Daily Kos),0.0
HOU_CA_16_2022,2022,house,CA,16.0,0,1,"ESHOO, ANNA G.; KUMAR, RISHI",D,,241007.0,0.0,0.0,241007.0,,0,D,D,"ESHOO, ANNA G.",0,2,0,0,0.0,,,,0,24.833092708221592,2020 only; 2022 lines (Daily Kos),0.0
HOU_CA_17_2022,2022,house,CA,17.0,0,1,"KHANNA, ROHIT (RO)",D,"TANDON, RITESH",127853.0,52400.0,0.0,180253.0,70.93,1,D,D,"KHANNA, ROHIT (RO)",0,1,1,0,0.0,,,,0,21.920955905748407,2020 only; 2022 lines (Daily Kos),0.0
HOU_CA_18_2022,2022,house,CA,18.0,0,1,"LOFGREN, ZOE",D,"HERNANDEZ, PETER D.",99776.0,51737.0,0.0,151513.0,65.85,1,D,D,"LOFGREN, ZOE",0,1,1,0,0.0,,,,0,20.255279240506773,2020 only; 2022 lines (Daily Kos),0.0
HOU_CA_19_2022,2022,house,CA,19.0,0,1,"PANETTA, JIMMY VARNI",D,"GORMAN, JEFFREY A. (JEFF)",194494.0,88816.0,0.0,283310.0,68.65,1,D,D,"PANETTA, JIMMY VARNI",0,1,1,0,0.0,,,,0,17.990886452868793,2020 only; 2022 lines (Daily Kos),0.0
HOU_CA_20_2022,2022,house,CA,20.0,0,1,"WOOD, MARISA",D,"MCCARTHY, KEVIN",74934.0,153847.0,0.0,228781.0,32.75,1,R,R,"MCCARTHY, KEVIN",0,1,1,0,0.0,,,,0,-14.987165020297027,2020 only; 2022 lines (Daily Kos),0.0
HOU_CA_21_2022,2022,house,CA,21.0,0,1,"COSTA, JIM",D,"MAHER, MICHAEL",68074.0,57573.0,0.0,125647.0,54.18,1,D,D,"COSTA, JIM",0,1,1,0,0.0,,,,0,8.100673654448753,2020 only; 2022 lines (Daily Kos),0.0
HOU_CA_22_2022,2022,house,CA,22.0,0,1,"SALAS, RUDY",D,"VALADAO, DAVID G.",49862.0,52994.0,0.0,102856.0,48.48,1,R,R,"VALADAO, DAVID G.",0,1,1,0,0.0,,,,0,4.342973597983535,2020 only; 2022 lines (Daily Kos),0.0
HOU_CA_23_2022,2022,house,CA,23.0,0,1,"MARSHALL, DEREK",D,"OBERNOLTE, JAY",65908.0,103197.0,0.0,169105.0,38.97,1,R,R,"OBERNOLTE, JAY",0,1,1,0,0.0,,,,0,-7.293380611156886,2020 only; 2022 lines (Daily Kos),0.0
HOU_CA_24_2022,2022,house,CA,24.0,0,1,"CARBAJAL, SALUD O.",D,"ALLEN, BRADLEY (BRAD)",159019.0,103533.0,0.0,262552.0,60.57,1,D,D,"CARBAJAL, SALUD O.",0,1,1,0,0.0,,,,0,12.608961897413462,2020 only; 2022 lines (Daily Kos),0.0
HOU_CA_25_2022,2022,house,CA,25.0,0,1,"RUIZ, RAUL",D,"HAWKINS, BRIAN E.",87641.0,65101.0,0.0,152742.0,57.38,1,D,D,"RUIZ, RAUL",0,1,1,0,0.0,,,,0,5.532653735818305,2020 only; 2022 lines (Daily Kos),0.0
HOU_CA_26_2022,2022,house,CA,26.0,0,1,"BROWNLEY, JULIA",D,"JACOBS, MATT",134575.0,112214.0,0.0,246789.0,54.53,1,D,D,"BROWNLEY, JULIA",0,1,1,0,0.0,,,,0,7.933033935096622,2020 only; 2022 lines (Daily Kos),0.0
HOU_CA_27_2022,2022,house,CA,27.0,0,1,"SMITH, CHRISTY",D,"GARCIA, MICHAEL (MIKE)",91892.0,104624.0,0.0,196516.0,46.76,1,R,R,"GARCIA, MICHAEL (MIKE)",0,1,1,0,0.0,,,,0,4.052194702505152,2020 only; 2022 lines (Daily Kos),0.0
HOU_CA_28_2022,2022,house,CA,28.0,0,1,"CHU, JUDY M.",D,"HALLMAN, WES",150062.0,76495.0,0.0,226557.0,66.24,1,D,D,"CHU, JUDY M.",0,1,1,0,0.0,,,,0,15.17051772743848,2020 only; 2022 lines (Daily Kos),0.0
HOU_CA_29_2022,2022,house,CA,29.0,0,1,"CARDENAS, TONY; DUENAS, ANGELICA MARIA",D,,119435.0,0.0,0.0,119435.0,,0,D,D,"CARDENAS, TONY",0,2,0,0,0.0,,,,0,23.96609519737224,2020 only; 2022 lines (Daily Kos),0.0
HOU_CA_30_2022,2022,house,CA,30.0,0,1,"SCHIFF, ADAM B.; PUDLO, G. (MAEBE A. GIRL)",D,,211068.0,0.0,0.0,211068.0,,0,D,D,"SCHIFF, ADAM B.",0,2,0,0,0.0,,,,0,21.266721542106847,2020 only; 2022 lines (Daily Kos),0.0
HOU_CA_31_2022,2022,house,CA,31.0,0,1,"NAPOLITANO, GRACE FLORES",D,"MARTINEZ, DANIEL JOSE BOCIC",91472.0,62153.0,0.0,153625.0,59.54,1,D,D,"NAPOLITANO, GRACE FLORES",0,1,1,0,0.0,,,,0,13.586147693721353,2020 only; 2022 lines (Daily Kos),0.0
HOU_CA_32_2022,2022,house,CA,32.0,0,1,"SHERMAN, BRAD",D,"VOLOTZKY, LUCIE LAPOINTE",167411.0,74618.0,0.0,242029.0,69.17,1,D,D,"SHERMAN, BRAD",0,1,1,0,0.0,,,,0,18.49707373998328,2020 only; 2022 lines (Daily Kos),0.0
HOU_CA_33_2022,2022,house,CA,33.0,0,1,"AGUILAR, PETE",D,"PORTER, JOHN MARK",76588.0,56119.0,0.0,132707.0,57.71,1,D,D,"AGUILAR, PETE",0,1,1,0,0.0,,,,0,10.6861579180366,2020 only; 2022 lines (Daily Kos),0.0
HOU_CA_34_2022,2022,house,CA,34.0,0,1,"GOMEZ, JIMMY; KIM, DAVID YUNG HO",D,,121467.0,0.0,0.0,121467.0,,0,D,D,"GOMEZ, JIMMY",0,2,0,0,0.0,,,,0,30.62731991805342,2020 only; 2022 lines (Daily Kos),0.0
HOU_CA_35_2022,2022,house,CA,35.0,0,1,"TORRES, NORMA J.",D,"CARGILE, MIKE",75121.0,55832.0,0.0,130953.0,57.36,1,D,D,"TORRES, NORMA J.",0,1,1,0,0.0,,,,0,11.851513035888106,2020 only; 2022 lines (Daily Kos),0.0
HOU_CA_36_2022,2022,house,CA,36.0,0,1,"LIEU, TED W.",D,"COLLINS, JOE E., III",194299.0,84264.0,0.0,278563.0,69.75,1,D,D,"LIEU, TED W.",0,1,1,0,0.0,,,,0,20.25108248778774,2020 only; 2022 lines (Daily Kos),0.0
HOU_CA_37_2022,2022,house,CA,37.0,0,1,"KAMLAGER-DOVE, SYDNEY; PERRY, JAN C.",D,,131880.0,0.0,0.0,131880.0,,0,D,,,1,2,0,0,0.0,,,,0,35.07230594120503,2020 only; 2022 lines (Daily Kos),0.0
HOU_CA_38_2022,2022,house,CA,38.0,0,1,"SANCHEZ, LINDA T.",D,"CHING, ERIC J.",101260.0,73051.0,0.0,174311.0,58.09,1,D,D,"SANCHEZ, LINDA T.",0,1,1,0,0.0,,,,0,13.13851451048409,2020 only; 2022 lines (Daily Kos),0.0
HOU_CA_39_2022,2022,house,CA,39.0,0,1,"TAKANO, MARK ALLAN",D,"SMITH, AJA",75896.0,55701.0,0.0,131597.0,57.67,1,D,D,"TAKANO, MARK ALLAN",0,1,1,0,0.0,,,,0,11.084398779468495,2020 only; 2022 lines (Daily Kos),0.0
HOU_CA_40_2022,2022,house,CA,40.0,0,1,"MAHMOOD, ASIF",D,"KIM, YOUNG",122722.0,161589.0,0.0,284311.0,43.16,1,R,R,"KIM, YOUNG",0,1,1,0,0.0,,,,0,-1.3114133185243904,2020 only; 2022 lines (Daily Kos),0.0
HOU_CA_41_2022,2022,house,CA,41.0,0,1,"ROLLINS, WILL",D,"CALVERT, KENNETH STANTON (KEN)",112769.0,123869.0,0.0,236638.0,47.65,1,R,R,"CALVERT, KENNETH STANTON (KEN)",0,1,1,0,0.0,,,,0,-2.817470972846703,2020 only; 2022 lines (Daily Kos),0.0
HOU_CA_42_2022,2022,house,CA,42.0,0,1,"GARCIA, ROBERT",D,"BRISCOE, JOHN",99217.0,45903.0,0.0,145120.0,68.37,1,D,,,1,1,1,0,0.0,,,,0,21.207434636445697,2020 only; 2022 lines (Daily Kos),0.0
HOU_CA_43_2022,2022,house,CA,43.0,0,1,"WATERS, MAXINE",D,"NAVARRO, OMAR",95462.0,27985.0,0.0,123447.0,77.33,1,D,D,"WATERS, MAXINE",0,1,1,0,0.0,,,,0,30.34453151798432,2020 only; 2022 lines (Daily Kos),0.0
HOU_CA_44_2022,2022,house,CA,44.0,0,1,"BARRAGAN, NANETTE DIAZ",D,"JONES, PAUL",100160.0,38554.0,0.0,138714.0,72.21,1,D,D,"BARRAGAN, NANETTE DIAZ",0,1,1,0,0.0,,,,0,22.40576350627652,2020 only; 2022 lines (Daily Kos),0.0
HOU_CA_45_2022,2022,house,CA,45.0,0,1,"CHEN, JAY F.",D,"STEEL, MICHELLE",103466.0,113960.0,0.0,217426.0,47.59,1,R,R,"STEEL, MICHELLE",0,1,1,0,0.0,,,,0,0.8842821854488925,2020 only; 2022 lines (Daily Kos),0.0
HOU_CA_46_2022,2022,house,CA,46.0,0,1,"CORREA, JOSE LUIS (LOU)",D,"GONZALES, CHRISTOPHER J.",78041.0,48257.0,0.0,126298.0,61.79,1,D,D,"CORREA, JOSE LUIS (LOU)",0,1,1,0,0.0,,,,0,13.271541793323935,2020 only; 2022 lines (Daily Kos),0.0
HOU_CA_47_2022,2022,house,CA,47.0,0,1,"PORTER, KATHERINE (KATIE)",D,"BAUGH, SCOTT",137374.0,128261.0,0.0,265635.0,51.72,1,D,D,"PORTER, KATHERINE (KATIE)",0,1,1,0,0.0,,,,0,3.391806553067145,2020 only; 2022 lines (Daily Kos),0.0
HOU_CA_48_2022,2022,house,CA,48.0,0,1,"HOULAHAN, STEPHEN",D,"ISSA, DARRELL EDWARD",101900.0,155171.0,0.0,257071.0,39.64,1,R,R,"ISSA, DARRELL EDWARD",0,1,1,0,0.0,,,,0,-8.570450821326553,2020 only; 2022 lines (Daily Kos),0.0
HOU_CA_49_2022,2022,house,CA,49.0,0,1,"LEVIN, MIKE",D,"MARYOTT, BRIAN",153541.0,138194.0,0.0,291735.0,52.63,1,D,D,"LEVIN, MIKE",0,1,1,0,0.0,,,,0,3.5693032897961663,2020 only; 2022 lines (Daily Kos),0.0
HOU_CA_50_2022,2022,house,CA,50.0,0,1,"PETERS, SCOTT H.",D,"GUSTAFSON, COREY",168816.0,99819.0,0.0,268635.0,62.84,1,D,D,"PETERS, SCOTT H.",0,1,1,0,0.0,,,,0,14.703052806967776,2020 only; 2022 lines (Daily Kos),0.0
HOU_CA_51_2022,2022,house,CA,51.0,0,1,"JACOBS, SARA",D,"CAPLAN, STAN",144186.0,88886.0,0.0,233072.0,61.86,1,D,D,"JACOBS, SARA",0,1,1,0,0.0,,,,0,11.715682059535638,2020 only; 2022 lines (Daily Kos),0.0
HOU_CA_52_2022,2022,house,CA,52.0,0,1,"VARGAS, JUAN CARLOS",D,"GEFFENEY, TYLER",100686.0,50330.0,0.0,151016.0,66.67,1,D,D,"VARGAS, JUAN CARLOS",0,1,1,0,0.0,,,,0,16.55292405980573,2020 only; 2022 lines (Daily Kos),0.0
HOU_CO_01_2022,2022,house,CO,1.0,0,1,"DEGETTE, DIANA LOUISE",D,"QUALTERI, JENNIFER",226929.0,49530.0,6157.0,282616.0,82.08,1,D,D,"DEGETTE, DIANA LOUISE",0,1,1,1,2.18,"KITTLESON, JOHN C.",Lbt,2.18,0,29.09127943831551,2020 only; 2022 lines (Daily Kos),0.0
HOU_CO_02_2022,2022,house,CO,2.0,0,1,"NEGUSE, JOE",D,"DAWSON, MARSHALL",244107.0,97700.0,7032.0,348839.0,71.42,1,D,D,"NEGUSE, JOE",0,1,1,3,2.02,"YURASH, STEVE",Other,0.82,0,18.18653606344679,2020 only; 2022 lines (Daily Kos),0.0
HOU_CO_03_2022,2022,house,CO,3.0,0,1,"FRISCH, ADAM",D,"BOEBERT, LAUREN",163293.0,163839.0,153.0,327285.0,49.92,1,R,R,"BOEBERT, LAUREN",0,1,1,3,0.05,"ZIMMERMAN, MARINA",Other,0.02,0,-6.493766814270802,2020 only; 2022 lines (Daily Kos),0.0
HOU_CO_04_2022,2022,house,CO,4.0,0,1,"MCCORKLE, IKE",D,"BUCK, KENNETH (KEN)",129619.0,216024.0,8870.0,354513.0,37.5,1,R,R,"BUCK, KENNETH (KEN)",0,1,1,1,2.5,"MCGONIGAL, RYAN",Other,2.5,0,-11.781485324406871,2020 only; 2022 lines (Daily Kos),0.0
HOU_CO_05_2022,2022,house,CO,5.0,0,1,"TORRES, DAVID",D,"LAMBORN, DOUGLAS L. (DOUG)",111978.0,155528.0,10458.0,277964.0,41.86,1,R,R,"LAMBORN, DOUGLAS L. (DOUG)",0,1,1,3,3.76,"FLANAGAN, BRIAN",Lbt,2.55,0,-7.516084628571407,2020 only; 2022 lines (Daily Kos),0.0
HOU_CO_06_2022,2022,house,CO,6.0,0,1,"CROW, JASON",D,"MONAHAN, STEVEN",170140.0,105084.0,5531.0,280755.0,61.82,1,D,D,"CROW, JASON",0,1,1,1,1.97,"MULDER, ERIC C.",Lbt,1.97,0,9.950352249812,2020 only; 2022 lines (Daily Kos),0.0
HOU_CO_07_2022,2022,house,CO,7.0,0,1,"PETTERSEN, BRITTANY",D,"AADLAND, ERIK",204984.0,150510.0,8107.0,363601.0,57.66,1,D,,,1,1,1,3,2.23,"KLOPF, ROSS",Lbt,1.7,0,5.020263664575275,2020 only; 2022 lines (Daily Kos),0.0
HOU_CO_08_2022,2022,house,CO,8.0,0,1,"CARAVEO, YADIRA",D,"KIRKMEYER, BARBARA J.",114377.0,112745.0,9379.0,236501.0,50.36,1,D,,,1,1,1,2,3.97,"WARD, RICHARD",Lbt,3.92,0,0.0789865248506216,2020 only; 2022 lines (Daily Kos),0.0
HOU_CT_01_2022,2022,house,CT,1.0,0,1,"LARSON, JOHN B.",D,"LAZOR, LARRY",149556.0,91506.0,2851.0,243913.0,62.04,1,D,D,"LARSON, JOHN B.",0,1,1,1,1.17,"SANDERS, MARY L.",Grn,1.17,0,11.983780192461213,2020 only; 2022 lines (Daily Kos),0.0
HOU_CT_02_2022,2022,house,CT,2.0,0,1,"COURTNEY, JOSEPH D. (JOE)",D,"FRANCE, MIKE",165946.0,114506.0,4579.0,285031.0,59.17,1,D,D,"COURTNEY, JOSEPH D. (JOE)",0,1,1,2,1.61,"BLACKER, KEVIN",Grn,0.86,0,3.5715775589320264,2020 only; 2022 lines (Daily Kos),0.0
HOU_CT_03_2022,2022,house,CT,3.0,0,1,"DELAURO, ROSA L.",D,"DENARDIS, LESLEY",137924.0,98704.0,6023.0,242651.0,58.29,1,D,D,"DELAURO, ROSA L.",0,1,1,2,2.48,"CHAI, AMY F.",I,1.67,0,7.716387698910165,2020 only; 2022 lines (Daily Kos),0.0
HOU_CT_04_2022,2022,house,CT,4.0,0,1,"HIMES, JAMES A. (JIM)",D,"STEVENSON, JAYME",140262.0,95822.0,0.0,236084.0,59.41,1,D,D,"HIMES, JAMES A. (JIM)",0,1,1,0,0.0,,,,0,13.44329085110406,2020 only; 2022 lines (Daily Kos),0.0
HOU_CT_05_2022,2022,house,CT,5.0,0,1,"HAYES, JAHANA",D,"LOGAN, GEORGE",127838.0,125834.0,0.0,253672.0,50.39,1,D,D,"HAYES, JAHANA",0,1,1,0,0.0,,,,0,3.1874692886729727,2020 only; 2022 lines (Daily Kos),0.0
HOU_DE_01_2022,2022,house,DE,1.0,0,1,"BLUNT ROCHESTER, LISA LATRELLE",D,"MURPHY, LEE",178416.0,138201.0,5032.0,321649.0,56.35,1,D,D,"BLUNT ROCHESTER, LISA LATRELLE",0,1,1,2,1.56,"MCNUTT, CODY",Lbt,0.96,0,7.358757043855768,2020 only; 2022 lines (Daily Kos),0.0
HOU_FL_01_2022,2022,house,FL,1.0,0,1,"JONES, REBEKAH",D,"GAETZ, MATT (JERRY)",93467.0,197349.0,0.0,290816.0,32.14,1,R,R,"GAETZ, MATT (JERRY)",0,1,1,0,0.0,,,,0,-18.706388631370245,2020 only; 2022 lines (Daily Kos),0.0
HOU_FL_02_2022,2022,house,FL,2.0,0,1,"LAWSON, ALFRED J. (AL), JR.",D,"DUNN, NEAL P.",121153.0,180236.0,0.0,301389.0,40.2,1,R,D/R,"LAWSON, ALFRED J. (AL), JR.; DUNN, NEAL P.",0,1,1,0,0.0,,,,0,-7.823285872123992,2020 only; 2022 lines (Daily Kos),0.0
HOU_FL_03_2022,2022,house,FL,3.0,0,1,"HAWK, DANIELLE",D,"CAMMACK, KATHRYN C. (KAT)",103382.0,178101.0,3410.0,284893.0,36.73,1,R,R,"CAMMACK, KATHRYN C. (KAT)",0,1,1,1,1.2,"BROOKS, LINDA S.",I,1.2,0,-9.386900313868802,2020 only; 2022 lines (Daily Kos),0.0
HOU_FL_04_2022,2022,house,FL,4.0,0,1,"HOLLOWAY, LASHONDA (L.J.)",D,"BEAN, AARON",108402.0,165696.0,5.0,274103.0,39.55,1,R,,,1,1,1,1,0.0,"KONIZ, GARY LEE",Other,0.0,0,-5.6547176159845165,2020 only; 2022 lines (Daily Kos),0.0
HOU_FL_05_2022,2022,house,FL,5.0,0,1,,,"RUTHERFORD, JOHN H.",0.0,0.0,0.0,0.0,,0,R,R,"RUTHERFORD, JOHN H.",0,0,1,0,,,,,0,-10.266370665124624,2020 only; 2022 lines (Daily Kos),0.0
HOU_FL_06_2022,2022,house,FL,6.0,0,1,,,"WALTZ, MICHAEL",0.0,226548.0,74207.0,300755.0,,0,R,R,"WALTZ, MICHAEL",0,0,1,1,24.67,"HANNOUSH, JOSEPH (JOE)",Lbt,24.67,0,-14.211059723552887,2020 only; 2022 lines (Daily Kos),0.0
HOU_FL_07_2022,2022,house,FL,7.0,0,1,"GREEN, KAREN",D,"MILLS, CORY",126079.0,177966.0,10.0,304055.0,41.47,1,R,,,1,1,1,1,0.0,"POMPEY, CARDON",Other,0.0,0,-5.070606736500904,2020 only; 2022 lines (Daily Kos),0.0
HOU_FL_08_2022,2022,house,FL,8.0,0,1,"TERRY, JOANNE",D,"POSEY, WILLIAM (BILL)",120080.0,222128.0,0.0,342208.0,35.09,1,R,R,"POSEY, WILLIAM (BILL)",0,1,1,0,0.0,,,,0,-11.18682153169172,2020 only; 2022 lines (Daily Kos),0.0
HOU_FL_09_2022,2022,house,FL,9.0,0,1,"SOTO, DARREN MICHAEL",D,"MOORE, SCOTTY",108541.0,93827.0,0.0,202368.0,53.64,1,D,D,"SOTO, DARREN MICHAEL",0,1,1,0,0.0,,,,0,6.533346138273655,2020 only; 2022 lines (Daily Kos),0.0
HOU_FL_10_2022,2022,house,FL,10.0,0,1,"FROST, MAXWELL ALEJANDRO",D,"WIMBISH, CALVIN B.",117955.0,78844.0,3111.0,199910.0,59.94,1,D,,,1,1,1,2,1.56,"HOLIC, JASON",I,1.0,0,13.808124769539532,2020 only; 2022 lines (Daily Kos),0.0
HOU_FL_11_2022,2022,house,FL,11.0,0,1,"MUNNS, SHANTE",D,"WEBSTER, DANIEL A. (DAN)",115647.0,205995.0,4967.0,326609.0,35.96,1,R,R,"WEBSTER, DANIEL A. (DAN)",0,1,1,1,1.52,"PORTER, KEVIN",I,1.52,0,-7.751538579456263,2020 only; 2022 lines (Daily Kos),0.0
HOU_FL_12_2022,2022,house,FL,12.0,0,1,"WALKER, KIMBERLY",D,"BILIRAKIS, GUS MICHAEL",95390.0,226601.0,4.0,321995.0,29.63,1,R,R,"BILIRAKIS, GUS MICHAEL",0,1,1,1,0.0,"SMITH, CHARLES",Other,0.0,0,-16.77286822903253,2020 only; 2022 lines (Daily Kos),0.0
HOU_FL_13_2022,2022,house,FL,13.0,0,1,"LYNN, ERIC",D,"LUNA, ANNA PAULINA",153876.0,181487.0,6183.0,341546.0,45.88,1,R,,,1,1,1,3,1.81,"CRAFT, FRANK",Lbt,1.8,0,-5.678737986986604,2020 only; 2022 lines (Daily Kos),0.0
HOU_FL_14_2022,2022,house,FL,14.0,0,1,"CASTOR, KATHERINE ANNE (KATHY)",D,"JUDGE, JAMES",149737.0,113427.0,0.0,263164.0,56.9,1,D,D,"CASTOR, KATHERINE ANNE (KATHY)",0,1,1,0,0.0,,,,0,7.420377213625173,2020 only; 2022 lines (Daily Kos),0.0
HOU_FL_15_2022,2022,house,FL,15.0,0,1,"COHN, ALAN M.",D,"LEE, LAUREL M.",102835.0,145219.0,0.0,248054.0,41.46,1,R,,,1,1,1,0,0.0,,,,0,-3.863842827424857,2020 only; 2022 lines (Daily Kos),0.0
HOU_FL_16_2022,2022,house,FL,16.0,0,1,"SCHNEIDER, JAN",D,"BUCHANAN, VERNON (VERN)",115575.0,189762.0,21.0,305358.0,37.85,1,R,R,"BUCHANAN, VERNON (VERN)",0,1,1,1,0.01,"HARTMAN, RALPH E.",Other,0.01,0,-6.762346873185221,2020 only; 2022 lines (Daily Kos),0.0
HOU_FL_17_2022,2022,house,FL,17.0,0,1,"KALE, ANDREA DORIA",D,"STEUBE, W. GREGORY (GREG)",123798.0,222483.0,2225.0,348506.0,35.75,1,R,R,"STEUBE, W. GREGORY (GREG)",0,1,1,1,0.64,"MURRAY, THEODORE (PINK TIE)",I,0.64,0,-10.306517859766684,2020 only; 2022 lines (Daily Kos),0.0
HOU_FL_18_2022,2022,house,FL,18.0,0,1,"HAYDEN, KEITH R., JR.",I,"FRANKLIN, C. SCOTT",56647.0,167429.0,158.0,224234.0,25.28,1,R,R,"FRANKLIN, C. SCOTT",0,0,1,1,0.07,"SERRATORE, LEONARD L.",Other,0.07,0,-13.779476251305484,2020 only; 2022 lines (Daily Kos),0.0
HOU_FL_19_2022,2022,house,FL,19.0,0,1,"BANYAI, CINDY LYN",D,"DONALDS, BYRON",100226.0,213035.0,13.0,313274.0,31.99,1,R,R,"DONALDS, BYRON",0,1,1,1,0.0,"POST, PATRICK",Other,0.0,0,-12.852828762974344,2020 only; 2022 lines (Daily Kos),0.0
HOU_FL_20_2022,2022,house,FL,20.0,0,1,"CHERFILUS-MCCORMICK, SHEILA",D,"CLARK, DREW MONTEZ",136215.0,52151.0,0.0,188366.0,72.31,1,D,D,"CHERFILUS-MCCORMICK, SHEILA",0,1,1,0,0.0,,,,0,24.073270228240894,2020 only; 2022 lines (Daily Kos),0.0
HOU_FL_21_2022,2022,house,FL,21.0,0,1,"ROBINSON, CORINNA BALDERRAMOS",D,"MAST, BRIAN J.",119891.0,208614.0,0.0,328505.0,36.5,1,R,R,"MAST, BRIAN J.",0,1,1,0,0.0,,,,0,-7.016566837874061,2020 only; 2022 lines (Daily Kos),0.0
HOU_FL_22_2022,2022,house,FL,22.0,0,1,"FRANKEL, LOIS JANE",D,"FRANZESE, DAN",150010.0,122194.0,0.0,272204.0,55.11,1,D,D,"FRANKEL, LOIS JANE",0,1,1,0,0.0,,,,0,6.593743425565912,2020 only; 2022 lines (Daily Kos),0.0
HOU_FL_23_2022,2022,house,FL,23.0,0,1,"MOSKOWITZ, JARED",D,"BUDD, JOSEPH E. (JOE)",143951.0,130681.0,4417.0,279049.0,52.42,1,D,,,1,1,1,2,1.58,"SCOTT, CHRISTINE",I,1.1,0,4.381977826983796,2020 only; 2022 lines (Daily Kos),0.0
HOU_FL_24_2022,2022,house,FL,24.0,0,1,"WILSON, FREDERICA S. (FREDDI)",D,"NAVARRO, JESUS GABRIEL",133442.0,52449.0,0.0,185891.0,71.79,1,D,D,"WILSON, FREDERICA S. (FREDDI)",0,1,1,0,0.0,,,,0,22.39314819676412,2020 only; 2022 lines (Daily Kos),0.0
HOU_FL_25_2022,2022,house,FL,25.0,0,1,"WASSERMAN SCHULTZ, DEBBIE",D,"SPALDING, CARLA ARLENE",129113.0,105239.0,0.0,234352.0,55.09,1,D,D,"WASSERMAN SCHULTZ, DEBBIE",0,1,1,0,0.0,,,,0,7.750211845388355,2020 only; 2022 lines (Daily Kos),0.0
HOU_FL_26_2022,2022,house,FL,26.0,0,1,"OLIVO, CHRISTINE ALEXANDRIA",D,"DIAZ-BALART, MARIO",58868.0,143240.0,0.0,202108.0,29.13,1,R,R,"DIAZ-BALART, MARIO",0,1,1,0,0.0,,,,0,-11.475720004486789,2020 only; 2022 lines (Daily Kos),0.0
HOU_FL_27_2022,2022,house,FL,27.0,0,1,"TADDEO, ANNETTE",D,"SALAZAR, MARIA ELVIRA",101404.0,136038.0,0.0,237442.0,42.71,1,R,R,"SALAZAR, MARIA ELVIRA",0,1,1,0,0.0,,,,0,-2.427570586489564,2020 only; 2022 lines (Daily Kos),0.0
HOU_FL_28_2022,2022,house,FL,28.0,0,1,"ASENCIO, ROBERT",D,"GIMENEZ, CARLOS A.",76665.0,134457.0,28.0,211150.0,36.31,1,R,R,"GIMENEZ, CARLOS A.",0,1,1,1,0.01,"SCHAFFER, JEREMIAH",Other,0.01,0,-5.459565277122325,2020 only; 2022 lines (Daily Kos),0.0
HOU_GA_01_2022,2022,house,GA,1.0,0,1,"HERRING, WADE",D,"CARTER, EARL L. (BUDDY)",107837.0,156128.0,0.0,263965.0,40.85,1,R,R,"CARTER, EARL L. (BUDDY)",0,1,1,0,0.0,,,,0,-9.065296202440088,2020 only; 2022 lines (Daily Kos),0.0
HOU_GA_02_2022,2022,house,GA,2.0,0,1,"BISHOP, SANFORD DIXON, JR.",D,"WEST, CHRIS",132675.0,108665.0,0.0,241340.0,54.97,1,D,D,"BISHOP, SANFORD DIXON, JR.",0,1,1,0,0.0,,,,0,2.9535452064664347,2020 only; 2022 lines (Daily Kos),0.0
HOU_GA_03_2022,2022,house,GA,3.0,0,1,"ALMONORD, VAL",D,"FERGUSON, ANDREW DREW, IV",97057.0,213524.0,0.0,310581.0,31.25,1,R,R,"FERGUSON, ANDREW DREW, IV",0,1,1,0,0.0,,,,0,-17.49031623858376,2020 only; 2022 lines (Daily Kos),0.0
HOU_GA_04_2022,2022,house,GA,4.0,0,1,"JOHNSON, HENRY C. (HANK), JR.",D,"CHAVEZ, JONATHAN",216332.0,59302.0,0.0,275634.0,78.49,1,D,D,"JOHNSON, HENRY C. (HANK), JR.",0,1,1,0,0.0,,,,0,26.91477988226999,2020 only; 2022 lines (Daily Kos),0.0
HOU_GA_05_2022,2022,house,GA,5.0,0,1,"WILLIAMS, NIKEMA",D,"ZIMM, CHRISTIAN",243687.0,51769.0,0.0,295456.0,82.48,1,D,D,"WILLIAMS, NIKEMA",0,1,1,0,0.0,,,,0,31.363410835041204,2020 only; 2022 lines (Daily Kos),0.0
HOU_GA_06_2022,2022,house,GA,6.0,0,1,"CHRISTIAN, BOB",D,"MCCORMICK, RICHARD (RICH)",125612.0,206886.0,0.0,332498.0,37.78,1,R,,,1,1,1,0,0.0,,,,0,-9.836946017070314,2020 only; 2022 lines (Daily Kos),0.0
HOU_GA_07_2022,2022,house,GA,7.0,0,1,"MCBATH, LUCY",D,"GONSALVES, MARK",143063.0,91962.0,14.0,235039.0,60.87,1,D,D,"MCBATH, LUCY",0,1,1,1,0.01,"BABBAGE, LISA NOEL",Other,0.01,0,10.79444121170282,2020 only; 2022 lines (Daily Kos),0.0
HOU_GA_08_2022,2022,house,GA,8.0,0,1,"BUTLER, DARRIUS",D,"SCOTT, AUSTIN",81886.0,178700.0,0.0,260586.0,31.42,1,R,R,"SCOTT, AUSTIN",0,1,1,0,0.0,,,,0,-16.22160721833319,2020 only; 2022 lines (Daily Kos),0.0
HOU_GA_09_2022,2022,house,GA,9.0,0,1,"FORD, MICHAEL (MIKE)",D,"CLYDE, ANDREW S.",81318.0,212820.0,0.0,294138.0,27.65,1,R,R,"CLYDE, ANDREW S.",0,1,1,0,0.0,,,,0,-21.452209091279283,2020 only; 2022 lines (Daily Kos),0.0
HOU_GA_10_2022,2022,house,GA,10.0,0,1,"JOHNSON-GREEN, TABITHA A.",D,"COLLINS, M.A. (MIKE)",109107.0,198523.0,0.0,307630.0,35.47,1,R,,,1,1,1,0,0.0,,,,0,-14.116092401123936,2020 only; 2022 lines (Daily Kos),0.0
HOU_GA_11_2022,2022,house,GA,11.0,0,1,"DAZA, ANTONIO",D,"LOUDERMILK, BARRY D.",113571.0,190086.0,0.0,303657.0,37.4,1,R,R,"LOUDERMILK, BARRY D.",0,1,1,0,0.0,,,,0,-10.061581247109574,2020 only; 2022 lines (Daily Kos),0.0
HOU_GA_12_2022,2022,house,GA,12.0,0,1,"JOHNSON, ELIZABETH H. (LIZ)",D,"ALLEN, RICHARD W. (RICK)",107148.0,158047.0,0.0,265195.0,40.4,1,R,R,"ALLEN, RICHARD W. (RICK)",0,1,1,0,0.0,,,,0,-7.402784502043541,2020 only; 2022 lines (Daily Kos),0.0
HOU_GA_13_2022,2022,house,GA,13.0,0,1,"SCOTT, DAVID ALBERT",D,"GONZALES, CAESAR",216388.0,48228.0,0.0,264616.0,81.77,1,D,D,"SCOTT, DAVID ALBERT",0,1,1,0,0.0,,,,0,28.217889323662227,2020 only; 2022 lines (Daily Kos),0.0
HOU_GA_14_2022,2022,house,GA,14.0,0,1,"FLOWERS, MARCUS",D,"GREENE, MARJORIE TAYLOR",88189.0,170162.0,0.0,258351.0,34.14,1,R,R,"GREENE, MARJORIE TAYLOR",0,1,1,0,0.0,,,,0,-21.19397733460747,2020 only; 2022 lines (Daily Kos),0.0
HOU_HI_01_2022,2022,house,HI,1.0,0,1,"CASE, EDWARD ESPENETT (ED)",D,"KRESS, CONRAD",143546.0,51217.0,0.0,194763.0,73.7,1,D,D,"CASE, EDWARD ESPENETT (ED)",0,1,1,0,0.0,,,,0,12.697045914646951,2020 only; 2022 lines (Daily Kos),0.0
HOU_HI_02_2022,2022,house,HI,2.0,0,1,"TOKUDA, JILL N.",D,"AKANA, JOE",128407.0,72874.0,5130.0,206411.0,63.79,1,D,,,1,1,1,1,2.49,"TIPPENS, MICHELLE ROSE",Lbt,2.49,0,12.82926235502574,2020 only; 2022 lines (Daily Kos),0.0
HOU_IA_01_2022,2022,house,IA,1.0,0,1,"BOHANNAN, CHRISTINA",D,"MILLER-MEEKS, MARIANNETTE JANE",142173.0,162947.0,0.0,305120.0,46.6,1,R,R,"MILLER-MEEKS, MARIANNETTE JANE",0,1,1,0,0.0,,,,0,-3.740280520501704,2020 only; 2022 lines (Daily Kos),0.0
HOU_IA_02_2022,2022,house,IA,2.0,0,1,"MATHIS, LIZ",D,"HINSON, ASHLEY",145940.0,172181.0,0.0,318121.0,45.88,1,R,R,"HINSON, ASHLEY",0,1,1,0,0.0,,,,0,-4.50810480191487,2020 only; 2022 lines (Daily Kos),0.0
HOU_IA_03_2022,2022,house,IA,3.0,0,1,"AXNE, CYNTHIA (CINDY)",D,"NUNN, ZACHARY (ZACH)",154117.0,156262.0,0.0,310379.0,49.65,1,R,D,"AXNE, CYNTHIA (CINDY)",0,1,1,0,0.0,,,,0,-2.443929966362007,2020 only; 2022 lines (Daily Kos),0.0
HOU_IA_04_2022,2022,house,IA,4.0,0,1,"MELTON, RYAN",D,"FEENSTRA, RANDY",84230.0,186467.0,6035.0,276732.0,31.12,1,R,R,"FEENSTRA, RANDY",0,1,1,1,2.18,"HOLDER, BRYAN JACK",Other,2.18,0,-15.506753367413744,2020 only; 2022 lines (Daily Kos),0.0
HOU_ID_01_2022,2022,house,ID,1.0,0,1,"PETERSON, KAYLEE",D,"FULCHER, RUSSELL M. (RUSS)",82261.0,222901.0,7280.0,312442.0,26.96,1,R,R,"FULCHER, RUSSELL M. (RUSS)",0,1,1,1,2.33,"DRAKE, DARIAN",Lbt,2.33,0,-21.900344426514884,2020 only; 2022 lines (Daily Kos),0.0
HOU_ID_02_2022,2022,house,ID,2.0,0,1,"NORMAN, WENDY",D,"SIMPSON, MICHAEL K. (MIKE)",98736.0,172450.0,0.0,271186.0,36.41,1,R,R,"SIMPSON, MICHAEL K. (MIKE)",0,1,1,0,0.0,,,,0,-14.123960782611883,2020 only; 2022 lines (Daily Kos),0.0
HOU_IL_01_2022,2022,house,IL,1.0,0,1,"JACKSON, JONATHAN L.",D,"CARLSON, ERIC",159142.0,78258.0,25.0,237425.0,67.04,1,D,,,1,1,1,2,0.01,"NICHOLSON, TORI (NICK)",Other,0.01,0,19.21313353996625,2020 only; 2022 lines (Daily Kos),0.0
HOU_IL_02_2022,2022,house,IL,2.0,0,1,"KELLY, ROBIN L.",D,"LYNCH, THOMAS",140414.0,68761.0,0.0,209175.0,67.13,1,D,D,"KELLY, ROBIN L.",0,1,1,0,0.0,,,,0,18.028205547115185,2020 only; 2022 lines (Daily Kos),0.0
HOU_IL_03_2022,2022,house,IL,3.0,0,1,"RAMIREZ, DELIA C.",D,"BURAU, JUSTIN",121764.0,55995.0,0.0,177759.0,68.5,1,D,,,1,1,1,0,0.0,,,,0,18.863935959335688,2020 only; 2022 lines (Daily Kos),0.0
HOU_IL_04_2022,2022,house,IL,4.0,0,1,"GARCIA, JESUS G. (CHUY)",D,"FALAKOS, JAMES",91036.0,37352.0,4659.0,133047.0,70.91,1,D,D,"GARCIA, JESUS G. (CHUY)",0,1,1,2,3.5,"HERSHEY, EDWARD (ED)",Other,3.46,0,21.377937966282857,2020 only; 2022 lines (Daily Kos),0.0
HOU_IL_05_2022,2022,house,IL,5.0,0,1,"QUIGLEY, MICHAEL (MIKE)",D,"HANSON, TOM",190999.0,79112.0,4439.0,274550.0,70.71,1,D,D,"QUIGLEY, MICHAEL (MIKE)",0,1,1,1,1.62,"CRUZ, JERICO MATIAS",I,1.62,0,17.894283995857464,2020 only; 2022 lines (Daily Kos),0.0
HOU_IL_06_2022,2022,house,IL,6.0,0,1,"CASTEN, SEAN",D,"PEKAU, KEITH",150496.0,126351.0,12.0,276859.0,54.36,1,D,D,"CASTEN, SEAN",0,1,1,1,0.0,"JONES, ARTHUR J. (ART)",Other,0.0,0,3.274649301965704,2020 only; 2022 lines (Daily Kos),0.0
HOU_IL_07_2022,2022,house,IL,7.0,0,1,"DAVIS, DANNY K.",D,,167650.0,0.0,96.0,167746.0,,0,D,D,"DAVIS, DANNY K.",0,1,0,3,0.06,"KOPPIE, CHAD",Other,0.05,0,34.73045990934782,2020 only; 2022 lines (Daily Kos),0.0
HOU_IL_08_2022,2022,house,IL,8.0,0,1,"KRISHNAMOORTHI, S. RAJA",D,"DARGIS, CHRIS",117880.0,89335.0,0.0,207215.0,56.89,1,D,D,"KRISHNAMOORTHI, S. RAJA",0,1,1,0,0.0,,,,0,5.582587929204963,2020 only; 2022 lines (Daily Kos),0.0
HOU_IL_09_2022,2022,house,IL,9.0,0,1,"SCHAKOWSKY, JANICE D. (JAN)",D,"RICE, MAXWELL (MAX)",179615.0,70915.0,0.0,250530.0,71.69,1,D,D,"SCHAKOWSKY, JANICE D. (JAN)",0,1,1,0,0.0,,,,0,18.85931238990679,2020 only; 2022 lines (Daily Kos),0.0
HOU_IL_10_2022,2022,house,IL,10.0,0,1,"SCHNEIDER, BRADLEY SCOTT (BRAD)",D,"SEVERINO, JOSEPH",152566.0,89599.0,0.0,242165.0,63.0,1,D,D,"SCHNEIDER, BRADLEY SCOTT (BRAD)",0,1,1,0,0.0,,,,0,10.912682078477989,2020 only; 2022 lines (Daily Kos),0.0
HOU_IL_11_2022,2022,house,IL,11.0,0,1,"FOSTER, G. WILLIAM (BILL)",D,"LAUF, CATALINA",149172.0,115069.0,0.0,264241.0,56.45,1,D,D,"FOSTER, G. WILLIAM (BILL)",0,1,1,0,0.0,,,,0,5.544758960730112,2020 only; 2022 lines (Daily Kos),0.0
HOU_IL_12_2022,2022,house,IL,12.0,0,1,"MARKEL, HOMER (CHIP)",D,"BOST, MICHAEL J. (MIKE)",72791.0,218379.0,1.0,291171.0,25.0,1,R,R,"BOST, MICHAEL J. (MIKE)",0,1,1,1,0.0,"FOSTER, NANCY",Other,0.0,0,-24.05231741021997,2020 only; 2022 lines (Daily Kos),0.0
HOU_IL_13_2022,2022,house,IL,13.0,0,1,"BUDZINSKI, NIKKI",D,"DEERING, REGAN",141788.0,108646.0,16.0,250450.0,56.62,1,D,,,1,1,1,1,0.01,"FOSTER, NANCY",Other,0.01,0,3.473387094985836,2020 only; 2022 lines (Daily Kos),0.0
HOU_IL_14_2022,2022,house,IL,14.0,0,1,"UNDERWOOD, LAUREN",D,"GRYDER, SCOTT R.",128141.0,108451.0,8.0,236600.0,54.16,1,D,D,"UNDERWOOD, LAUREN",0,1,1,1,0.0,"WILSON, BARRY A.",Other,0.0,0,3.58088210264611,2020 only; 2022 lines (Daily Kos),0.0
HOU_IL_15_2022,2022,house,IL,15.0,0,1,"LANGE, PAUL J.",D,"MILLER, MARY E.",86396.0,213007.0,0.0,299403.0,28.86,1,R,R,"MILLER, MARY E.",0,1,1,0,0.0,,,,0,-22.0436082702298,2020 only; 2022 lines (Daily Kos),0.0
HOU_IL_16_2022,2022,house,IL,16.0,0,1,"HADERLEIN, ELIZABETH (LISA)",D,"LAHOOD, DARIN M.",100325.0,197621.0,0.0,297946.0,33.67,1,R,R,"LAHOOD, DARIN M.",0,1,1,0,0.0,,,,0,-13.273502444852742,2020 only; 2022 lines (Daily Kos),0.0
HOU_IL_17_2022,2022,house,IL,17.0,0,1,"SORENSEN, ERIC",D,"KING, ESTHER JOY",121186.0,111931.0,6.0,233123.0,51.99,1,D,,,1,1,1,1,0.0,"AHRENS, BRAD",Other,0.0,0,1.7215099577537862,2020 only; 2022 lines (Daily Kos),0.0
HOU_IN_01_2022,2022,house,IN,1.0,0,1,"MRVAN, FRANK J.",D,"GREEN, JENNIFER-RUTH",112656.0,100542.0,9.0,213207.0,52.84,1,D,D,"MRVAN, FRANK J.",0,1,1,1,0.0,"POWERS, WILLIAM F. (BILL)",Other,0.0,0,1.978560242877525,2020 only; 2022 lines (Daily Kos),0.0
HOU_IN_02_2022,2022,house,IN,2.0,0,1,"STEURY, PAUL D.",D,"YAKYM, RUDOLPH (RUDY), III",62891.0,125313.0,5869.0,194073.0,33.42,1,R,,,1,1,1,2,3.02,"HENRY, WILLIAM E.",Lbt,3.02,0,-13.764737517335512,2020 only; 2022 lines (Daily Kos),0.0
HOU_IN_03_2022,2022,house,IN,3.0,0,1,"SNYDER, GARY L.",D,"BANKS, JAMES E. (JIM)",60577.0,131579.0,9386.0,201542.0,31.52,1,R,R,"BANKS, JAMES E. (JIM)",0,1,1,1,4.66,"GOTSCH, NATHAN",I,4.66,0,-17.5445160231789,2020 only; 2022 lines (Daily Kos),0.0
HOU_IN_04_2022,2022,house,IN,4.0,0,1,"DAY, ROGER D.",D,"BAIRD, JAMES R. (JIM)",62834.0,134864.0,0.0,197698.0,31.78,1,R,R,"BAIRD, JAMES R. (JIM)",0,1,1,0,0.0,,,,0,-17.175864914622945,2020 only; 2022 lines (Daily Kos),0.0
HOU_IN_05_2022,2022,house,IN,5.0,0,1,"LAKE, JEANNINE LEE",D,"SPARTZ, VICTORIA",93434.0,146575.0,0.0,240009.0,38.93,1,R,R,"SPARTZ, VICTORIA",0,1,1,0,0.0,,,,0,-10.400345222503791,2020 only; 2022 lines (Daily Kos),0.0
HOU_IN_06_2022,2022,house,IN,6.0,0,1,"WIRTH, CYNTHIA (CINDE)",D,"PENCE, GREG",62838.0,130686.0,0.0,193524.0,32.47,1,R,R,"PENCE, GREG",0,1,1,0,0.0,,,,0,-18.57798394501072,2020 only; 2022 lines (Daily Kos),0.0
HOU_IN_07_2022,2022,house,IN,7.0,0,1,"CARSON, ANDRE D.",D,"GRABOVSKY, ANGELA",117309.0,53631.0,4240.0,175180.0,68.63,1,D,D,"CARSON, ANDRE D.",0,1,1,1,2.42,"MAPLE, GAVIN",Lbt,2.42,0,19.30100135498673,2020 only; 2022 lines (Daily Kos),0.0
HOU_IN_08_2022,2022,house,IN,8.0,0,1,"MCCORMICK, RAY",D,"BUCSHON, LARRY D.",68109.0,141995.0,5936.0,216040.0,32.42,1,R,R,"BUCSHON, LARRY D.",0,1,1,1,2.75,"HORNING, ANDREW MICHAEL (ANDY)",Lbt,2.75,0,-18.992234448034,2020 only; 2022 lines (Daily Kos),0.0
HOU_IN_09_2022,2022,house,IN,9.0,0,1,"FYFE, MATTHEW",D,"HOUCHIN, ERIN",75700.0,143166.0,6410.0,225276.0,34.59,1,R,,,1,1,1,2,2.85,"MILLIS, TONYA L.",Lbt,2.83,0,-16.19705626378461,2020 only; 2022 lines (Daily Kos),0.0
HOU_KS_01_2022,2022,house,KS,1.0,0,1,"BEARD, JAMES (JIMMY)",D,"MANN, TRACEY ROBERT",77092.0,161333.0,0.0,238425.0,32.33,1,R,R,"MANN, TRACEY ROBERT",0,1,1,0,0.0,,,,0,-17.41093610560912,2020 only; 2022 lines (Daily Kos),0.0
HOU_KS_02_2022,2022,house,KS,2.0,0,1,"SCHMIDT, PATRICK",D,"LATURNER, JACOB ANDREW (JAKE)",98852.0,134506.0,0.0,233358.0,42.36,1,R,R,"LATURNER, JACOB ANDREW (JAKE)",0,1,1,0,0.0,,,,0,-10.603592698139774,2020 only; 2022 lines (Daily Kos),0.0
HOU_KS_03_2022,2022,house,KS,3.0,0,1,"DAVIDS, SHARICE",D,"ADKINS, AMANDA L.",165527.0,128839.0,6928.0,301294.0,56.23,1,D,D,"DAVIDS, SHARICE",0,1,1,1,2.3,"HOHE, STEVEN A. (STEVE)",Lbt,2.3,0,0.0060289049028994,2020 only; 2022 lines (Daily Kos),0.0
HOU_KS_04_2022,2022,house,KS,4.0,0,1,"HERNANDEZ, BOB",D,"ESTES, RON",83851.0,144889.0,0.0,228740.0,36.66,1,R,R,"ESTES, RON",0,1,1,0,0.0,,,,0,-13.398787923237542,2020 only; 2022 lines (Daily Kos),0.0
HOU_KY_01_2022,2022,house,KY,1.0,0,1,"AUSBROOKS, JIMMY C.",D,"COMER, JAMES R. (JAMIE), JR.",61701.0,184157.0,0.0,245858.0,25.1,1,R,R,"COMER, JAMES R. (JAMIE), JR.",0,1,1,0,0.0,,,,0,-23.961177655486924,2020 only; 2022 lines (Daily Kos),0.0
HOU_KY_02_2022,2022,house,KY,2.0,0,1,"LINDERMAN, HANK",D,"GUTHRIE, STEVEN (BRETT)",66769.0,170487.0,0.0,237256.0,28.14,1,R,R,"GUTHRIE, STEVEN (BRETT)",0,1,1,0,0.0,,,,0,-20.95440078313178,2020 only; 2022 lines (Daily Kos),0.0
HOU_KY_03_2022,2022,house,KY,3.0,0,1,"MCGARVEY, MORGAN",D,"RAY, STUART N.",160920.0,98637.0,30.0,259587.0,62.0,1,D,,,1,1,1,1,0.01,"COBBLE, DANIEL",Other,0.01,0,9.11949895497397,2020 only; 2022 lines (Daily Kos),0.0
HOU_KY_04_2022,2022,house,KY,4.0,0,1,"LEHMAN, MATTHEW",D,"MASSIE, THOMAS H.",79977.0,167541.0,10111.0,257629.0,32.31,1,R,R,"MASSIE, THOMAS H.",0,1,1,1,3.92,"OSBORNE, ETHAN KEITH",I,3.92,0,-18.827367790134,2020 only; 2022 lines (Daily Kos),0.0
HOU_KY_05_2022,2022,house,KY,5.0,0,1,"HALBLEIB, CONOR",D,"ROGERS, HAROLD DALLAS (HAL)",38549.0,177712.0,9.0,216270.0,17.83,1,R,R,"ROGERS, HAROLD DALLAS (HAL)",0,1,1,1,0.0,"MAZUR, STEPHAN WILLIAM",Other,0.0,0,-32.3346471573269,2020 only; 2022 lines (Daily Kos),0.0
HOU_KY_06_2022,2022,house,KY,6.0,0,1,"YOUNG, GEOFFREY M. (GEOFF)",D,"BARR, GARLAND (ANDY)",83005.0,154762.0,9051.0,246818.0,34.91,1,R,R,"BARR, GARLAND (ANDY)",0,1,1,2,3.67,"CRAVENS, MAURICE RANDALL, II",Other,3.63,0,-7.8746713072787795,2020 only; 2022 lines (Daily Kos),0.0
HOU_LA_01_2022,2022,house,LA,1.0,0,1,"DARLING, KATIE",D,"SCALISE, STEPHEN J. (STEVE)",61467.0,177670.0,4907.0,244044.0,25.7,1,R,R,"SCALISE, STEPHEN J. (STEVE)",0,1,1,1,2.01,"KEARNEY, HOWARD L.",Lbt,2.01,0,-22.111039774505432,2020 only; 2022 lines (Daily Kos),0.0
HOU_LA_02_2022,2022,house,LA,2.0,0,1,"CARTER, TROY A.",D,"LUX, DAN",158120.0,46927.0,0.0,205047.0,77.11,1,D,D,"CARTER, TROY A.",0,1,1,0,0.0,,,,0,24.401300055057007,2020 only; 2022 lines (Daily Kos),0.0
HOU_LA_03_2022,2022,house,LA,3.0,0,1,"LEBLANC, LESSIE OLIVIA; LEBRUN, TIA",D,"HIGGINS, CLAY; HOGGATT, HOLDEN; PAYNE, THOMAS (LANE), JR.; SHAHEEN, JACOB (JAKE)",44813.0,174864.0,4875.0,224552.0,20.4,1,R,R,"HIGGINS, CLAY",0,2,4,2,2.17,"WIGGINS, GLORIA R.",I,1.45,0,-21.42394123205696,2020 only; 2022 lines (Daily Kos),0.0
HOU_LA_04_2022,2022,house,LA,4.0,0,1,,,"JOHNSON, JAMES MICHAEL (MIKE)",0.0,0.0,0.0,0.0,,0,R,R,"JOHNSON, JAMES MICHAEL (MIKE)",0,0,1,0,,,,,0,-14.515630287878276,2020 only; 2022 lines (Daily Kos),0.0
HOU_LA_05_2022,2022,house,LA,5.0,0,1,"DANTZLER, OSCAR (OMAR); HUFF, WALTER EARL",D,"LETLOW, JULIA; GUILLORY, ALLEN, SR.; PULLEN, HUNTER",54532.0,169021.0,0.0,223553.0,24.39,1,R,R,"LETLOW, JULIA",0,2,3,0,0.0,,,,0,-17.316584065360935,2020 only; 2022 lines (Daily Kos),0.0
HOU_LA_06_2022,2022,house,LA,6.0,0,1,,,"GRAVES, GARRET; BELZER, BRIAN",0.0,205219.0,30709.0,235928.0,,0,R,R,"GRAVES, GARRET",0,0,2,1,13.02,"CRAIG, RUFUS HOLT, JR.",Lbt,13.02,0,-17.766392203395487,2020 only; 2022 lines (Daily Kos),0.0
HOU_MA_01_2022,2022,house,MA,1.0,0,1,"NEAL, RICHARD E.",D,"MARTILLI, DEAN JAMES",157635.0,98386.0,0.0,256021.0,61.57,1,D,D,"NEAL, RICHARD E.",0,1,1,0,0.0,,,,0,8.784429803354088,2020 only; 2022 lines (Daily Kos),0.0
HOU_MA_02_2022,2022,house,MA,2.0,0,1,"MCGOVERN, JAMES P. (JIM)",D,"SOSSA-PAQUETTE, JEFFREY A.",180639.0,91956.0,0.0,272595.0,66.27,1,D,D,"MCGOVERN, JAMES P. (JIM)",0,1,1,0,0.0,,,,0,13.488932234531726,2020 only; 2022 lines (Daily Kos),0.0
HOU_MA_03_2022,2022,house,MA,3.0,0,1,"TRAHAN, LORI LOUREIRO",D,"TRAN, DEAN A.",154496.0,88585.0,0.0,243081.0,63.56,1,D,D,"TRAHAN, LORI LOUREIRO",0,1,1,0,0.0,,,,0,11.73003131721857,2020 only; 2022 lines (Daily Kos),0.0
HOU_MA_04_2022,2022,house,MA,4.0,0,1,"AUCHINCLOSS, JAKE",D,,201882.0,0.0,0.0,201882.0,,0,D,D,"AUCHINCLOSS, JAKE",0,1,0,0,0.0,,,,0,12.231803115536454,2020 only; 2022 lines (Daily Kos),0.0
HOU_MA_05_2022,2022,house,MA,5.0,0,1,"CLARK, KATHERINE M.",D,"COLARUSSO, CAROLINE",203994.0,71491.0,0.0,275485.0,74.05,1,D,D,"CLARK, KATHERINE M.",0,1,1,0,0.0,,,,0,23.72546044632047,2020 only; 2022 lines (Daily Kos),0.0
HOU_MA_06_2022,2022,house,MA,6.0,0,1,"MOULTON, SETH W.",D,"MAY, BOB",198119.0,110770.0,5995.0,314884.0,64.14,1,D,D,"MOULTON, SETH W.",0,1,1,1,1.9,"TASHJIAN, MARK T.",Lbt,1.9,0,11.782857719004458,2020 only; 2022 lines (Daily Kos),0.0
HOU_MA_07_2022,2022,house,MA,7.0,0,1,"PRESSLEY, AYANNA S.",D,"PALMER, DONNIE DIONICIO, JR.",151825.0,27129.0,0.0,178954.0,84.84,1,D,D,"PRESSLEY, AYANNA S.",0,1,1,0,0.0,,,,0,34.453887246134975,2020 only; 2022 lines (Daily Kos),0.0
HOU_MA_08_2022,2022,house,MA,8.0,0,1,"LYNCH, STEPHEN F.",D,"BURKE, ROBERT G.",189987.0,82126.0,0.0,272113.0,69.82,1,D,D,"LYNCH, STEPHEN F.",0,1,1,0,0.0,,,,0,15.764813957558754,2020 only; 2022 lines (Daily Kos),0.0
HOU_MA_09_2022,2022,house,MA,9.0,0,1,"KEATING, WILLIAM RICHARD (BILL)",D,"BROWN, JESSE G.",197823.0,136347.0,0.0,334170.0,59.2,1,D,D,"KEATING, WILLIAM RICHARD (BILL)",0,1,1,0,0.0,,,,0,6.988228704604749,2020 only; 2022 lines (Daily Kos),0.0
HOU_MD_01_2022,2022,house,MD,1.0,0,1,"MIZEUR, HEATHER R.",D,"HARRIS, ANDREW P. (ANDY)",126511.0,159673.0,6924.0,293108.0,44.21,1,R,R,"HARRIS, ANDREW P. (ANDY)",0,1,1,1,2.36,"THIBEAULT, DANIEL FRANK",Lbt,2.36,0,-9.684956603362526,2020 only; 2022 lines (Daily Kos),0.0
HOU_MD_02_2022,2022,house,MD,2.0,0,1,"RUPPERSBERGER, C.A. (DUTCH)",D,"AMBROSE, NICOLEE",158998.0,109075.0,0.0,268073.0,59.31,1,D,D,"RUPPERSBERGER, C.A. (DUTCH)",0,1,1,0,0.0,,,,0,8.357448564381965,2020 only; 2022 lines (Daily Kos),0.0
HOU_MD_03_2022,2022,house,MD,3.0,0,1,"SARBANES, JOHN P.",D,"MORGAN, YURIPZY",175514.0,115801.0,0.0,291315.0,60.25,1,D,D,"SARBANES, JOHN P.",0,1,1,0,0.0,,,,0,10.757789078234849,2020 only; 2022 lines (Daily Kos),0.0
HOU_MD_04_2022,2022,house,MD,4.0,0,1,"IVEY, GLENN FREDERICK",D,"WARNER, JEFF",144168.0,15441.0,0.0,159609.0,90.33,1,D,,,1,1,1,0,0.0,,,,0,38.91960275826151,2020 only; 2022 lines (Daily Kos),0.0
HOU_MD_05_2022,2022,house,MD,5.0,0,1,"HOYER, STENY HAMILTON",D,"PALOMBI, CHRIS",182478.0,94000.0,0.0,276478.0,66.0,1,D,D,"HOYER, STENY HAMILTON",0,1,1,0,0.0,,,,0,16.28657329259713,2020 only; 2022 lines (Daily Kos),0.0
HOU_MD_06_2022,2022,house,MD,6.0,0,1,"TRONE, DAVID J.",D,"PARROTT, NEIL C.",140295.0,115771.0,0.0,256066.0,54.79,1,D,D,"TRONE, DAVID J.",0,1,1,0,0.0,,,,0,2.7463262494763607,2020 only; 2022 lines (Daily Kos),0.0
HOU_MD_07_2022,2022,house,MD,7.0,0,1,"MFUME, KWEISI",D,"COLLIER, SCOTT M.",151640.0,32737.0,0.0,184377.0,82.24,1,D,D,"MFUME, KWEISI",0,1,1,0,0.0,,,,0,29.982601088116457,2020 only; 2022 lines (Daily Kos),0.0
HOU_MD_08_2022,2022,house,MD,8.0,0,1,"RASKIN, JAMIN B. (JAMIE)",D,"COLL, GREGORY THOMAS",211842.0,47965.0,4125.0,263932.0,81.54,1,D,D,"RASKIN, JAMIN B. (JAMIE)",0,1,1,1,1.56,"GARCIA, ANDRES",Lbt,1.56,0,29.529279682783937,2020 only; 2022 lines (Daily Kos),0.0
HOU_ME_01_2022,2022,house,ME,1.0,0,1,"PINGREE, ROCHELLE M. (CHELLIE)",D,"THELANDER, EDWIN",219753.0,129263.0,0.0,349016.0,62.96,1,D,D,"PINGREE, ROCHELLE M. (CHELLIE)",0,1,1,0,0.0,,,,0,9.46463295235651,2020 only; 2022 lines (Daily Kos),0.0
HOU_ME_02_2022,2022,house,ME,2.0,0,1,"GOLDEN, JARED FORREST",D,"POLIQUIN, BRUCE L.",153074.0,141260.0,21655.0,315989.0,52.01,1,D,D,"GOLDEN, JARED FORREST",0,1,1,1,6.85,"BOND, TIFFANY",I,6.85,0,-5.408313637204004,2020 only; 2022 lines (Daily Kos),0.0
HOU_MI_01_2022,2022,house,MI,1.0,0,1,"LORINSER, BOB",D,"BERGMAN, JACK",145403.0,233094.0,10102.0,388599.0,38.42,1,R,R,"BERGMAN, JACK",0,1,1,2,2.6,"HAKOLA, LIZ",Other,1.42,0,-12.312110780448831,2020 only; 2022 lines (Daily Kos),0.0
HOU_MI_02_2022,2022,house,MI,2.0,0,1,"HILLIARD, JERRY",D,"MOOLENAAR, JOHN R.",116452.0,216222.0,6847.0,339521.0,35.0,1,R,R,"MOOLENAAR, JOHN R.",0,1,1,1,2.02,"HEWER, NATHAN",Lbt,2.02,0,-16.624088925570508,2020 only; 2022 lines (Daily Kos),0.0
HOU_MI_03_2022,2022,house,MI,3.0,0,1,"SCHOLTEN, HILLARY J.",D,"GIBBS, JOHN",185989.0,142229.0,10770.0,338988.0,56.67,1,D,,,1,1,1,2,3.18,"LEWIS, JAMIE",Lbt,1.96,0,2.0614208420435376,2020 only; 2022 lines (Daily Kos),0.0
HOU_MI_04_2022,2022,house,MI,4.0,0,1,"ALFONSO, JOSEPH",D,"HUIZENGA, WILLIAM P. (BILL)",143690.0,183936.0,10722.0,338348.0,43.86,1,R,R,"HUIZENGA, WILLIAM P. (BILL)",0,1,1,2,3.17,"WENKE, LORENCE R.",Lbt,2.51,0,-4.275911952347849,2020 only; 2022 lines (Daily Kos),0.0
HOU_MI_05_2022,2022,house,MI,5.0,0,1,"GOLDBERG, BART",D,"WALBERG, TIMOTHY L. (TIM)",110946.0,198020.0,8292.0,317258.0,35.91,1,R,R,"WALBERG, TIMOTHY L. (TIM)",0,1,1,3,2.61,"PETERSON, NORMAN M.",Lbt,1.62,0,-14.56276700697786,2020 only; 2022 lines (Daily Kos),0.0
HOU_MI_06_2022,2022,house,MI,6.0,0,1,"DINGELL, DEBBIE INSLEY",D,"WILLIAMS, WHITTNEY",241759.0,125167.0,1.0,366927.0,65.89,1,D,D,"DINGELL, DEBBIE INSLEY",0,1,1,1,0.0,"ACOSTA, FRANK",Other,0.0,0,11.245573702393752,2020 only; 2022 lines (Daily Kos),0.0
HOU_MI_07_2022,2022,house,MI,7.0,0,1,"SLOTKIN, ELISSA",D,"BARRETT, TOM",192809.0,172624.0,7275.0,372708.0,52.76,1,D,D,"SLOTKIN, ELISSA",0,1,1,1,1.95,"DAILEY, LEAH R.",Lbt,1.95,0,-2.00183695571764,2020 only; 2022 lines (Daily Kos),0.0
HOU_MI_08_2022,2022,house,MI,8.0,0,1,"KILDEE, DANIEL TIMOTHY (DAN)",D,"JUNGE, PAUL",178322.0,143850.0,13657.0,335829.0,55.35,1,D,D,"KILDEE, DANIEL TIMOTHY (DAN)",0,1,1,2,4.07,"GOODWIN, KATHY",Other,2.7,0,-1.2380678527246558,2020 only; 2022 lines (Daily Kos),0.0
HOU_MI_09_2022,2022,house,MI,9.0,0,1,"JAYE, BRIAN",D,"MCCLAIN, LISA C.",123702.0,238300.0,10920.0,372922.0,34.17,1,R,R,"MCCLAIN, LISA C.",0,1,1,2,2.93,"WALKOWICZ, JIM",Other,1.76,0,-17.20959739679649,2020 only; 2022 lines (Daily Kos),0.0
HOU_MI_10_2022,2022,house,MI,10.0,0,1,"MARLINGA, CARL J.",D,"JAMES, JOHN",157602.0,159202.0,9433.0,326237.0,49.75,1,R,,,1,1,1,3,2.89,"KIRBY, ANDREA L.",Other,1.81,0,-2.764042724623722,2020 only; 2022 lines (Daily Kos),0.0
HOU_MI_11_2022,2022,house,MI,11.0,0,1,"STEVENS, HALEY M.",D,"AMBROSE, MARK",224537.0,141642.0,0.0,366179.0,61.32,1,D,D,"STEVENS, HALEY M.",0,1,1,0,0.0,,,,0,7.782035905696194,2020 only; 2022 lines (Daily Kos),0.0
HOU_MI_12_2022,2022,house,MI,12.0,0,1,"TLAIB, RASHIDA",D,"ELLIOTT, STEVEN",196643.0,72888.0,8046.0,277577.0,72.96,1,D,D,"TLAIB, RASHIDA",0,1,1,1,2.9,"WALKOWICZ, GARY",Other,2.9,0,22.283038502925724,2020 only; 2022 lines (Daily Kos),0.0
HOU_MI_13_2022,2022,house,MI,13.0,0,1,"THANEDAR, SHRI",D,"BIVINGS, MARTELL D.",166650.0,56187.0,11607.0,234444.0,74.79,1,D,,,1,1,1,5,4.95,"COLEMAN, SIMONE R.",Other,3.77,0,22.80440299553484,2020 only; 2022 lines (Daily Kos),0.0
HOU_MN_01_2022,2022,house,MN,1.0,0,1,"ETTINGER, JEFF",D,"FINSTAD, BRAD",125457.0,159621.0,11332.0,296410.0,44.01,1,R,R,"FINSTAD, BRAD",0,1,1,2,3.82,"REISDORF, RICHARD B.",Other,2.16,0,-6.970734602751133,2020 only; 2022 lines (Daily Kos),0.0
HOU_MN_02_2022,2022,house,MN,2.0,0,1,"CRAIG, ANGELA DAWN (ANGIE)",D,"KISTNER, TYLER",165583.0,148576.0,10728.0,324887.0,52.71,1,D,D,"CRAIG, ANGELA DAWN (ANGIE)",0,1,1,1,3.3,"OVERBY, PAULA M.",Other,3.3,0,1.3966174587129676,2020 only; 2022 lines (Daily Kos),0.0
HOU_MN_03_2022,2022,house,MN,3.0,0,1,"PHILLIPS, DEAN",D,"WEILER, TOM",198883.0,134797.0,0.0,333680.0,59.6,1,D,D,"PHILLIPS, DEAN",0,1,1,0,0.0,,,,0,8.430738102677083,2020 only; 2022 lines (Daily Kos),0.0
HOU_MN_04_2022,2022,house,MN,4.0,0,1,"MCCOLLUM, BETTY",D,"XIONG, MAY LOR",200055.0,95493.0,0.0,295548.0,67.69,1,D,D,"MCCOLLUM, BETTY",0,1,1,0,0.0,,,,0,16.930617141691595,2020 only; 2022 lines (Daily Kos),0.0
HOU_MN_05_2022,2022,house,MN,5.0,0,1,"OMAR, ILHAN",D,"DAVIS, CICELY",214224.0,70702.0,0.0,284926.0,75.19,1,D,D,"OMAR, ILHAN",0,1,1,0,0.0,,,,0,29.938504706884107,2020 only; 2022 lines (Daily Kos),0.0
HOU_MN_06_2022,2022,house,MN,6.0,0,1,"HENDRICKS, JEANNE",D,"EMMER, THOMAS (TOM)",120852.0,198145.0,0.0,318997.0,37.88,1,R,R,"EMMER, THOMAS (TOM)",0,1,1,0,0.0,,,,0,-11.28748372846305,2020 only; 2022 lines (Daily Kos),0.0
HOU_MN_07_2022,2022,house,MN,7.0,0,1,"ABAHSAIN, JILL",D,"FISCHBACH, MICHELLE",84455.0,204766.0,16421.0,305642.0,29.2,1,R,R,"FISCHBACH, MICHELLE",0,1,1,1,5.37,"JOHNSON, TRAVIS (BULL)",Other,5.37,0,-19.18412189594748,2020 only; 2022 lines (Daily Kos),0.0
HOU_MN_08_2022,2022,house,MN,8.0,0,1,"SCHULTZ, JEN",D,"STAUBER, PETE",141009.0,188755.0,0.0,329764.0,42.76,1,R,R,"STAUBER, PETE",0,1,1,0,0.0,,,,0,-8.036187142096784,2020 only; 2022 lines (Daily Kos),0.0
HOU_MO_01_2022,2022,house,MO,1.0,0,1,"BUSH, CORI",D,"JONES, ANDREW",160999.0,53767.0,6192.0,220958.0,74.96,1,D,D,"BUSH, CORI",0,1,1,1,2.8,"ZSIDISIN, GEORGE A.",Lbt,2.8,0,27.39543889776701,2020 only; 2022 lines (Daily Kos),0.0
HOU_MO_02_2022,2022,house,MO,2.0,0,1,"GUNBY, TRISH",D,"WAGNER, ANN L.",135895.0,173277.0,6494.0,315666.0,43.95,1,R,R,"WAGNER, ANN L.",0,1,1,1,2.06,"SLANTZ, BILL",Lbt,2.06,0,-6.208742156002484,2020 only; 2022 lines (Daily Kos),0.0
HOU_MO_03_2022,2022,house,MO,3.0,0,1,"MANN, BETHANY E.",D,"LUETKEMEYER, W. BLAINE",96851.0,180746.0,0.0,277597.0,34.89,1,R,R,"LUETKEMEYER, W. BLAINE",0,1,1,0,0.0,,,,0,-15.679072043525188,2020 only; 2022 lines (Daily Kos),0.0
HOU_MO_04_2022,2022,house,MO,4.0,0,1,"TRUMAN, JACK",D,"ALFORD, MARK",67069.0,181890.0,6120.0,255079.0,26.94,1,R,,,1,1,1,4,2.4,"LANGKRAEHR, RANDALL DAVID (RANDY)",Lbt,2.4,0,-22.3362104112097,2020 only; 2022 lines (Daily Kos),0.0
HOU_MO_05_2022,2022,house,MO,5.0,0,1,"CLEAVER, EMANUEL, II",D,"TURK, JACOB",140688.0,84008.0,5859.0,230555.0,62.61,1,D,D,"CLEAVER, EMANUEL, II",0,1,1,1,2.54,"DOMINICK, ROBIN",Lbt,2.54,0,11.150924126306649,2020 only; 2022 lines (Daily Kos),0.0
HOU_MO_06_2022,2022,house,MO,6.0,0,1,"MARTIN, HENRY ROBERT",D,"GRAVES, SAMUEL B. (SAM), JR.",72253.0,184865.0,5774.0,262892.0,28.1,1,R,R,"GRAVES, SAMUEL B. (SAM), JR.",0,1,1,1,2.2,"MAIDMENT, EDWARD A. (ANDY)",Lbt,2.2,0,-21.146019460573605,2020 only; 2022 lines (Daily Kos),0.0
HOU_MO_07_2022,2022,house,MO,7.0,0,1,"RADAKER-SHEAFER, KRISTEN",D,"BURLISON, ERIC",67485.0,178592.0,5870.0,251947.0,27.42,1,R,,,1,1,1,2,2.33,"CRAIG, KEVIN",Lbt,2.33,0,-23.351738336366907,2020 only; 2022 lines (Daily Kos),0.0
HOU_MO_08_2022,2022,house,MO,8.0,0,1,"MCCALLIAN, RANDI",D,"SMITH, JASON T.",53738.0,186472.0,5185.0,245395.0,22.37,1,R,R,"SMITH, JASON T.",0,1,1,1,2.11,"HIGGINS, JAMES EDWARD (JIM)",Lbt,2.11,0,-28.31445321210362,2020 only; 2022 lines (Daily Kos),0.0
HOU_MS_01_2022,2022,house,MS,1.0,0,1,"BLACK, DIANNE DODSON",D,"KELLY, JOHN TRENT",45238.0,122151.0,0.0,167389.0,27.03,1,R,R,"KELLY, JOHN TRENT",0,1,1,0,0.0,,,,0,-18.34887091803093,2020 only; 2022 lines (Daily Kos),0.0
HOU_MS_02_2022,2022,house,MS,2.0,0,1,"THOMPSON, BENNIE G.",D,"FLOWERS, BRIAN",108285.0,71884.0,0.0,180169.0,60.1,1,D,D,"THOMPSON, BENNIE G.",0,1,1,0,0.0,,,,0,10.932093089334494,2020 only; 2022 lines (Daily Kos),0.0
HOU_MS_03_2022,2022,house,MS,3.0,0,1,"YOUNG, SHUWASKI A.",D,"GUEST, MICHAEL",54803.0,132481.0,0.0,187284.0,29.26,1,R,R,"GUEST, MICHAEL",0,1,1,0,0.0,,,,0,-14.58574222459587,2020 only; 2022 lines (Daily Kos),0.0
HOU_MS_04_2022,2022,house,MS,4.0,0,1,"DUPREE, JOHNNY L.",D,"EZELL, MIKE",42876.0,127813.0,3569.0,174258.0,25.12,1,R,,,1,1,1,1,2.05,"JOHNSON, ALDEN PATRICK",Lbt,2.05,0,-21.548438742119448,2020 only; 2022 lines (Daily Kos),0.0
HOU_MT_01_2022,2022,house,MT,1.0,0,1,"TRANEL, MONICA",D,"ZINKE, RYAN K.",115265.0,123102.0,9593.0,247960.0,48.36,1,R,,,1,1,1,1,3.87,"LAMB, JOHN",Lbt,3.87,0,-5.795591654200849,2020 only; 2022 lines (Daily Kos),0.0
HOU_MT_02_2022,2022,house,MT,2.0,0,1,"RONNING, PENNY",D,"ROSENDALE, MATTHEW M. (MATT), SR.",43480.0,121979.0,50213.0,215672.0,26.28,1,R,R,"ROSENDALE, MATTHEW M. (MATT), SR.",0,1,1,2,23.28,"BUCHANAN, GARY",I,21.88,0,-16.03641821956278,2020 only; 2022 lines (Daily Kos),0.0
HOU_NC_01_2022,2022,house,NC,1.0,0,1,"DAVIS, DONALD G. (DON)",D,"SMITH, SANDY",134996.0,122780.0,0.0,257776.0,52.37,1,D,,,1,1,1,0,0.0,,,,0,1.4164291432688605,2020 only; 2022 lines (Daily Kos),0.0
HOU_NC_02_2022,2022,house,NC,2.0,0,1,"ROSS, DEBORAH K.",D,"VILLAVERDE, CHRISTINE E.",190714.0,104155.0,0.0,294869.0,64.68,1,D,D,"ROSS, DEBORAH K.",0,1,1,0,0.0,,,,0,12.34784748729396,2020 only; 2022 lines (Daily Kos),0.0
HOU_NC_03_2022,2022,house,NC,3.0,0,1,"GASKINS, BARBARA D.",D,"MURPHY, GREGORY F. (GREG)",82378.0,166520.0,0.0,248898.0,33.1,1,R,R,"MURPHY, GREGORY F. (GREG)",0,1,1,0,0.0,,,,0,-15.118641822996493,2020 only; 2022 lines (Daily Kos),0.0
HOU_NC_04_2022,2022,house,NC,4.0,0,1,"FOUSHEE, VALERIE P.",D,"GEELS, COURTNEY",194983.0,96442.0,0.0,291425.0,66.91,1,D,,,1,1,1,0,0.0,,,,0,15.482348606736696,2020 only; 2022 lines (Daily Kos),0.0
HOU_NC_05_2022,2022,house,NC,5.0,0,1,"PARRISH, KYLE",D,"FOXX, VIRGINIA ANN",102269.0,175279.0,0.0,277548.0,36.85,1,R,R,"FOXX, VIRGINIA ANN",0,1,1,0,0.0,,,,0,-13.041388020203804,2020 only; 2022 lines (Daily Kos),0.0
HOU_NC_06_2022,2022,house,NC,6.0,0,1,"MANNING, KATHY E.",D,"CASTELLI, CHRISTIAN",139553.0,116635.0,2810.0,258998.0,54.47,1,D,D,"MANNING, KATHY E.",0,1,1,1,1.08,"WATERCOTT, THOMAS",Lbt,1.08,0,4.008465449491371,2020 only; 2022 lines (Daily Kos),0.0
HOU_NC_07_2022,2022,house,NC,7.0,0,1,"GRAHAM, CHARLES",D,"ROUZER, DAVID CHESTON",120222.0,164047.0,0.0,284269.0,42.29,1,R,R,"ROUZER, DAVID CHESTON",0,1,1,0,0.0,,,,0,-8.711076246880744,2020 only; 2022 lines (Daily Kos),0.0
HOU_NC_08_2022,2022,house,NC,8.0,0,1,"HUFFMAN, SCOTT",D,"BISHOP, DAN",79192.0,183998.0,0.0,263190.0,30.09,1,R,R,"BISHOP, DAN",0,1,1,0,0.0,,,,0,-19.504181656257668,2020 only; 2022 lines (Daily Kos),0.0
HOU_NC_09_2022,2022,house,NC,9.0,0,1,"CLARK, BEN",D,"HUDSON, RICHARD L., JR.",101202.0,131453.0,0.0,232655.0,43.5,1,R,R,"HUDSON, RICHARD L., JR.",0,1,1,0,0.0,,,,0,-6.313690828204887,2020 only; 2022 lines (Daily Kos),0.0
HOU_NC_10_2022,2022,house,NC,10.0,0,1,"GENANT, PAM",D,"MCHENRY, PATRICK TIMOTHY",73174.0,194681.0,110.0,267965.0,27.32,1,R,R,"MCHENRY, PATRICK TIMOTHY",0,1,1,1,0.04,"JIMISON, DIANA R.",Other,0.04,0,-22.250495084748813,2020 only; 2022 lines (Daily Kos),0.0
HOU_NC_11_2022,2022,house,NC,11.0,0,1,"BEACH-FERRARA, JASMINE",D,"EDWARDS, CHUCK",144165.0,174232.0,5515.0,323912.0,45.28,1,R,,,1,1,1,1,1.7,"COATNEY, DAVID ADAM",Lbt,1.7,0,-7.416683038466065,2020 only; 2022 lines (Daily Kos),0.0
HOU_NC_12_2022,2022,house,NC,12.0,0,1,"ADAMS, ALMA SHEALEY",D,"LEE, TYLER",140494.0,83414.0,0.0,223908.0,62.75,1,D,D,"ADAMS, ALMA SHEALEY",0,1,1,0,0.0,,,,0,13.023466299314244,2020 only; 2022 lines (Daily Kos),0.0
HOU_NC_13_2022,2022,house,NC,13.0,0,1,"NICKEL, WILEY",D,"HINES, BO",143090.0,134256.0,0.0,277346.0,51.59,1,D,,,1,1,1,0,0.0,,,,0,-1.4058925027947144,2020 only; 2022 lines (Daily Kos),0.0
HOU_NC_14_2022,2022,house,NC,14.0,0,1,"JACKSON, JEFF",D,"HARRIGAN, PAT",148738.0,109014.0,0.0,257752.0,57.71,1,D,,,1,1,1,0,0.0,,,,0,6.053656120636363,2020 only; 2022 lines (Daily Kos),0.0
HOU_ND_01_2022,2022,house,ND,1.0,0,1,"MUND, CARA",I,"ARMSTRONG, KELLY",89644.0,148399.0,0.0,238043.0,37.66,1,R,R,"ARMSTRONG, KELLY",0,0,1,0,0.0,,,,0,-19.48539554402533,2020 only; 2022 lines (Daily Kos),0.0
HOU_NE_01_2022,2022,house,NE,1.0,0,1,"BROOKS, PATTY PANSING",D,"FLOOD, MIKE",93929.0,129236.0,0.0,223165.0,42.09,1,R,R,"FLOOD, MIKE",0,1,1,0,0.0,,,,0,-7.933258820152328,2020 only; 2022 lines (Daily Kos),0.0
HOU_NE_02_2022,2022,house,NE,2.0,0,1,"VARGAS, TONY",D,"BACON, DONALD JOHN (DON)",106807.0,112663.0,0.0,219470.0,48.67,1,R,R,"BACON, DONALD JOHN (DON)",0,1,1,0,0.0,,,,0,0.9618358632345392,2020 only; 2022 lines (Daily Kos),0.0
HOU_NE_03_2022,2022,house,NE,3.0,0,1,"ELSE, DAVID J.",D,"SMITH, ADRIAN M.",34836.0,172700.0,13016.0,220552.0,16.79,1,R,R,"SMITH, ADRIAN M.",0,1,1,1,5.9,"ELWORTH, MARK, JR.",Other,5.9,0,-28.716098292835145,2020 only; 2022 lines (Daily Kos),0.0
HOU_NH_01_2022,2022,house,NH,1.0,0,1,"PAPPAS, CHRIS",D,"LEAVITT, KAROLINE",167391.0,142229.0,0.0,309620.0,54.06,1,D,D,"PAPPAS, CHRIS",0,1,1,0,0.0,,,,0,0.7442129192020142,2020 only; 2022 lines (Daily Kos),0.0
HOU_NH_02_2022,2022,house,NH,2.0,0,1,"KUSTER, ANN MCLANE (ANNIE)",D,"BURNS, ROBERT",171636.0,135579.0,0.0,307215.0,55.87,1,D,D,"KUSTER, ANN MCLANE (ANNIE)",0,1,1,0,0.0,,,,0,2.222881855734637,2020 only; 2022 lines (Daily Kos),0.0
HOU_NJ_01_2022,2022,house,NJ,1.0,0,1,"NORCROSS, DONALD W.",D,"GUSTAFSON, CLAIRE H.",139559.0,78794.0,5531.0,223884.0,63.91,1,D,D,"NORCROSS, DONALD W.",0,1,1,3,2.47,"KLINE, PATRICIA",Other,1.49,0,10.112482717054297,2020 only; 2022 lines (Daily Kos),0.0
HOU_NJ_02_2022,2022,house,NJ,2.0,0,1,"ALEXANDER, TIM",D,"VAN DREW, JEFFERSON (JEFF)",94522.0,139217.0,2745.0,236484.0,40.44,1,R,R,"VAN DREW, JEFFERSON (JEFF)",0,1,1,2,1.16,"GALLO, MICHAEL",Lbt,0.77,0,-4.758884797396185,2020 only; 2022 lines (Daily Kos),0.0
HOU_NJ_03_2022,2022,house,NJ,3.0,0,1,"KIM, ANDY",D,"HEALEY, BOB",150498.0,118415.0,2463.0,271376.0,55.97,1,D,D,"KIM, ANDY",0,1,1,2,0.91,"RUSSOMANNO, CHRISTOPHER (CHRIS)",Lbt,0.5,0,4.823712327335194,2020 only; 2022 lines (Daily Kos),0.0
HOU_NJ_04_2022,2022,house,NJ,4.0,0,1,"JENKINS, MATTHEW",D,"SMITH, CHRISTOPHER H. (CHRIS)",81233.0,173288.0,4441.0,258962.0,31.92,1,R,R,"SMITH, CHRISTOPHER H. (CHRIS)",0,1,1,4,1.71,"CULLEN, JASON",Lbt,0.73,0,-13.632375257386665,2020 only; 2022 lines (Daily Kos),0.0
HOU_NJ_05_2022,2022,house,NJ,5.0,0,1,"GOTTHEIMER, JOSHUA S. (JOSH)",D,"PALLOTTA, FRANK T.",145559.0,117873.0,2511.0,265943.0,55.25,1,D,D,"GOTTHEIMER, JOSHUA S. (JOSH)",0,1,1,3,0.94,"MARCUS, JEREMY",Lbt,0.45,0,4.010736260770265,2020 only; 2022 lines (Daily Kos),0.0
HOU_NJ_06_2022,2022,house,NJ,6.0,0,1,"PALLONE, FRANK J., JR.",D,"KILEY, SUSAN M.",106238.0,75839.0,2842.0,184919.0,58.35,1,D,D,"PALLONE, FRANK J., JR.",0,1,1,3,1.54,"FISHER, TARA",Lbt,0.74,0,7.481068645664868,2020 only; 2022 lines (Daily Kos),0.0
HOU_NJ_07_2022,2022,house,NJ,7.0,0,1,"MALINOWSKI, TOM",D,"KEAN, THOMAS H., JR.",150701.0,159392.0,0.0,310093.0,48.6,1,R,D,"MALINOWSKI, TOM",0,1,1,0,0.0,,,,0,-0.3081116050325017,2020 only; 2022 lines (Daily Kos),0.0
HOU_NJ_08_2022,2022,house,NJ,8.0,0,1,"MENENDEZ, ROBERT J.",D,"ARROYO, MARCOS",78382.0,24957.0,3134.0,106473.0,75.85,1,D,,,1,1,1,5,2.94,"KUNIANSKY, JOANNE",Other,0.95,0,20.635354802133666,2020 only; 2022 lines (Daily Kos),0.0
HOU_NJ_09_2022,2022,house,NJ,9.0,0,1,"PASCRELL, WILLIAM J. (BILL), JR.",D,"PREMPEH, WILLIAM SREBOE (BILLY)",82457.0,65365.0,2162.0,149984.0,55.78,1,D,D,"PASCRELL, WILLIAM J. (BILL), JR.",0,1,1,2,1.44,"SHERMAN, LEA",Other,0.74,0,7.285677836562043,2020 only; 2022 lines (Daily Kos),0.0
HOU_NJ_10_2022,2022,house,NJ,10.0,0,1,"PAYNE, DONALD M. (DON), JR.",D,"PINCKNEY, DAVID H.",100710.0,25993.0,3004.0,129707.0,79.49,1,D,D,"PAYNE, DONALD M. (DON), JR.",0,1,1,3,2.32,"JOHNSON, CYNTHIA A.",Other,1.53,0,29.00735010994119,2020 only; 2022 lines (Daily Kos),0.0
HOU_NJ_11_2022,2022,house,NJ,11.0,0,1,"SHERRILL, REBECCA MICHELLE (MIKIE)",D,"DEGROOT, PAUL",161436.0,109952.0,2276.0,273664.0,59.49,1,D,D,"SHERRILL, REBECCA MICHELLE (MIKIE)",0,1,1,1,0.83,"BIASCO, JOSEPH",Lbt,0.83,0,6.305636236660439,2020 only; 2022 lines (Daily Kos),0.0
HOU_NJ_12_2022,2022,house,NJ,12.0,0,1,"WATSON COLEMAN, BONNIE",D,"MAYFIELD, DARIUS",125127.0,71175.0,1925.0,198227.0,63.74,1,D,D,"WATSON COLEMAN, BONNIE",0,1,1,1,0.97,"GENRICH, C. LYNN",Lbt,0.97,0,15.175521883503574,2020 only; 2022 lines (Daily Kos),0.0
HOU_NM_01_2022,2022,house,NM,1.0,0,1,"STANSBURY, MELANIE ANN",D,"HOLMES, MICHELLE GARCIA",156462.0,124151.0,58.0,280671.0,55.76,1,D,D,"STANSBURY, MELANIE ANN",0,1,1,1,0.02,"GONZALES, VICTORIA L.",Other,0.02,0,5.1429675287811065,2020 only; 2022 lines (Daily Kos),0.0
HOU_NM_02_2022,2022,house,NM,2.0,0,1,"VASQUEZ, GABRIEL (GABE)",D,"HERRELL, STELLA YVETTE",96986.0,95636.0,51.0,192673.0,50.35,1,D,R,"HERRELL, STELLA YVETTE",0,1,1,1,0.03,"LUNA, ELISEO",Other,0.03,0,0.7319408023290452,2020 only; 2022 lines (Daily Kos),0.0
HOU_NM_03_2022,2022,house,NM,3.0,0,1,"FERNANDEZ, TERESA LEGER",D,"JOHNSON, ALEXIS MARTINEZ",134217.0,96565.0,0.0,230782.0,58.16,1,D,D,"FERNANDEZ, TERESA LEGER",0,1,1,0,0.0,,,,0,3.216712244809705,2020 only; 2022 lines (Daily Kos),0.0
HOU_NV_01_2022,2022,house,NV,1.0,0,1,"TITUS, ALICE C. (DINA)",D,"ROBERTSON, MARK",115700.0,103115.0,5534.0,224349.0,52.88,1,D,D,"TITUS, ALICE C. (DINA)",0,1,1,1,2.47,"CAVANAUGH, KEN",Lbt,2.47,0,2.084751258430717,2020 only; 2022 lines (Daily Kos),0.0
HOU_NV_02_2022,2022,house,NV,2.0,0,1,"KRAUSE, ELIZABETH MERCEDES",D,"AMODEI, MARK EUGENE",117371.0,185467.0,7660.0,310498.0,38.76,1,R,R,"AMODEI, MARK EUGENE",0,1,1,2,2.47,"BEST, RUSSELL (RUSS)",Other,1.35,0,-7.939521913281528,2020 only; 2022 lines (Daily Kos),0.0
HOU_NV_03_2022,2022,house,NV,3.0,0,1,"LEE, SUSIE",D,"BECKER, APRIL",131086.0,121083.0,0.0,252169.0,51.98,1,D,D,"LEE, SUSIE",0,1,1,0,0.0,,,,0,1.1143308073332636,2020 only; 2022 lines (Daily Kos),0.0
HOU_NV_04_2022,2022,house,NV,4.0,0,1,"HORSFORD, STEVEN ALEXZANDER",D,"PETERS, SAM",116617.0,105870.0,0.0,222487.0,52.42,1,D,D,"HORSFORD, STEVEN ALEXZANDER",0,1,1,0,0.0,,,,0,1.959031814834511,2020 only; 2022 lines (Daily Kos),0.0
HOU_NY_01_2022,2022,house,NY,1.0,0,1,"FLEMING, BRIDGET M.",D,"LALOTA, NICHOLAS J. (NICK)",141907.0,177040.0,0.0,318947.0,44.49,1,R,,,1,1,1,0,0.0,,,,0,-2.16004173307236,2020 only; 2022 lines (Daily Kos),0.0
HOU_NY_02_2022,2022,house,NY,2.0,0,1,"GORDON, JACKIE",D,"GARBARINO, ANDREW R.",97774.0,151178.0,0.0,248952.0,39.27,1,R,R,"GARBARINO, ANDREW R.",0,1,1,0,0.0,,,,0,-3.02697142352622,2020 only; 2022 lines (Daily Kos),0.0
HOU_NY_03_2022,2022,house,NY,3.0,0,1,"ZIMMERMAN, ROBERT P.",D,"SANTOS, GEORGE A.D.",125404.0,145824.0,0.0,271228.0,46.24,1,R,,,1,1,1,0,0.0,,,,0,1.8581659810995463,2020 only; 2022 lines (Daily Kos),0.0
HOU_NY_04_2022,2022,house,NY,4.0,0,1,"GILLEN, LAURA A.",D,"D'ESPOSITO, ANTHONY P.",130871.0,140622.0,0.0,271493.0,48.2,1,R,,,1,1,1,0,0.0,,,,0,5.078693993594429,2020 only; 2022 lines (Daily Kos),0.0
HOU_NY_05_2022,2022,house,NY,5.0,0,1,"MEEKS, GREGORY W.",D,"KING, PAUL",104396.0,34407.0,0.0,138803.0,75.21,1,D,D,"MEEKS, GREGORY W.",0,1,1,0,0.0,,,,0,29.092371171550923,2020 only; 2022 lines (Daily Kos),0.0
HOU_NY_06_2022,2022,house,NY,6.0,0,1,"MENG, GRACE",D,"ZMICH, THOMAS J.",85049.0,47935.0,0.0,132984.0,63.95,1,D,D,"MENG, GRACE",0,1,1,0,0.0,,,,0,13.018259930897123,2020 only; 2022 lines (Daily Kos),0.0
HOU_NY_07_2022,2022,house,NY,7.0,0,1,"VELAZQUEZ, NYDIA M.",D,"PAGAN, JUAN",119473.0,28597.0,0.0,148070.0,80.69,1,D,D,"VELAZQUEZ, NYDIA M.",0,1,1,0,0.0,,,,0,29.339422858932373,2020 only; 2022 lines (Daily Kos),0.0
HOU_NY_08_2022,2022,house,NY,8.0,0,1,"JEFFRIES, HAKEEM S.",D,"DASHEVSKY, YURI",99079.0,39060.0,0.0,138139.0,71.72,1,D,D,"JEFFRIES, HAKEEM S.",0,1,1,0,0.0,,,,0,24.50846593241313,2020 only; 2022 lines (Daily Kos),0.0
HOU_NY_09_2022,2022,house,NY,9.0,0,1,"CLARKE, YVETTE DIANE",D,,116970.0,0.0,26521.0,143491.0,,0,D,D,"CLARKE, YVETTE DIANE",0,1,0,1,18.48,"RAITPORT, MENACHEM M.",Other,18.48,0,23.68565213672749,2020 only; 2022 lines (Daily Kos),0.0
HOU_NY_10_2022,2022,house,NY,10.0,0,1,"GOLDMAN, DANIEL S.",D,"HAMDAN, BENINE A.",160582.0,29058.0,1447.0,191087.0,84.68,1,D,,,1,1,1,1,0.76,"SPEER, STEVE F.",Other,0.76,0,33.71102395487219,2020 only; 2022 lines (Daily Kos),0.0
HOU_NY_11_2022,2022,house,NY,11.0,0,1,"ROSE, MAX N.",D,"MALLIOTAKIS, NICOLE",71801.0,115992.0,0.0,187793.0,38.23,1,R,R,"MALLIOTAKIS, NICOLE",0,1,1,0,0.0,,,,0,-6.123415599014731,2020 only; 2022 lines (Daily Kos),0.0
HOU_NY_12_2022,2022,house,NY,12.0,0,1,"NADLER, JERROLD L. (JERRY)",D,"ZUMBLUSKAS, MICHAEL K.",200890.0,44173.0,631.0,245694.0,81.97,1,D,D,"NADLER, JERROLD L. (JERRY)",0,1,1,1,0.26,"ITKIS, MIKHAIL",Other,0.26,0,33.778816643456345,2020 only; 2022 lines (Daily Kos),0.0
HOU_NY_13_2022,2022,house,NY,13.0,0,1,"ESPAILLAT, ADRIANO",D,,116589.0,0.0,0.0,116589.0,,0,D,D,"ESPAILLAT, ADRIANO",0,1,0,0,0.0,,,,0,36.56373040270038,2020 only; 2022 lines (Daily Kos),0.0
HOU_NY_14_2022,2022,house,NY,14.0,0,1,"OCASIO-CORTEZ, ALEXANDRIA",D,"FORTE, TINA",82453.0,31935.0,2208.0,116596.0,72.08,1,D,D,"OCASIO-CORTEZ, ALEXANDRIA",0,1,1,1,1.89,"CUELLAR, DESI",Other,1.89,0,26.226731145128934,2020 only; 2022 lines (Daily Kos),0.0
HOU_NY_15_2022,2022,house,NY,15.0,0,1,"TORRES, RITCHIE",D,"SAPASKIS, STYLO A.",76406.0,15882.0,0.0,92288.0,82.79,1,D,D,"TORRES, RITCHIE",0,1,1,0,0.0,,,,0,32.9357812696489,2020 only; 2022 lines (Daily Kos),0.0
HOU_NY_16_2022,2022,house,NY,16.0,0,1,"BOWMAN, JAMAAL",D,"FLISSER, MIRIAM LEVITT",133567.0,74156.0,0.0,207723.0,64.3,1,D,D,"BOWMAN, JAMAAL",0,1,1,0,0.0,,,,0,19.795417965618523,2020 only; 2022 lines (Daily Kos),0.0
HOU_NY_17_2022,2022,house,NY,17.0,0,1,"MALONEY, SEAN PATRICK",D,"LAWLER, MICHAEL V.",141730.0,143550.0,0.0,285280.0,49.68,1,R,D,"MALONEY, SEAN PATRICK",0,1,1,0,0.0,,,,0,2.8189568877840854,2020 only; 2022 lines (Daily Kos),0.0
HOU_NY_18_2022,2022,house,NY,18.0,0,1,"RYAN, PATRICK (PAT)",D,"SCHMITT, COLIN J.",135245.0,131653.0,0.0,266898.0,50.67,1,D,D,"RYAN, PATRICK (PAT)",0,1,1,0,0.0,,,,0,1.9784745249511904,2020 only; 2022 lines (Daily Kos),0.0
HOU_NY_19_2022,2022,house,NY,19.0,0,1,"RILEY, JOSH",D,"MOLINARO, MARCUS J. (MARC)",141509.0,146004.0,0.0,287513.0,49.22,1,R,,,1,1,1,0,0.0,,,,0,0.0934999963435934,2020 only; 2022 lines (Daily Kos),0.0
HOU_NY_20_2022,2022,house,NY,20.0,0,1,"TONKO, PAUL DAVID",D,"JOY, ELIZABETH L.",160420.0,130869.0,0.0,291289.0,55.07,1,D,D,"TONKO, PAUL DAVID",0,1,1,0,0.0,,,,0,7.515882694672871,2020 only; 2022 lines (Daily Kos),0.0
HOU_NY_21_2022,2022,house,NY,21.0,0,1,"CASTELLI, MATT",D,"STEFANIK, ELISE M.",116421.0,168579.0,0.0,285000.0,40.85,1,R,R,"STEFANIK, ELISE M.",0,1,1,0,0.0,,,,0,-8.580524566900017,2020 only; 2022 lines (Daily Kos),0.0
HOU_NY_22_2022,2022,house,NY,22.0,0,1,"CONOLE, FRANCIS",D,"WILLIAMS, BRANDON M.",132913.0,135544.0,0.0,268457.0,49.51,1,R,,,1,1,1,0,0.0,,,,0,1.5415759456478884,2020 only; 2022 lines (Daily Kos),0.0
HOU_NY_23_2022,2022,house,NY,23.0,0,1,"DELLA PIA, MAX H.",D,"LANGWORTHY, NICHOLAS A. (NICK)",104114.0,192694.0,0.0,296808.0,35.08,1,R,,,1,1,1,0,0.0,,,,0,-11.045676023011442,2020 only; 2022 lines (Daily Kos),0.0
HOU_NY_24_2022,2022,house,NY,24.0,0,1,"HOLDEN, STEVEN",D,"TENNEY, CLAUDIA",95028.0,182054.0,0.0,277082.0,34.3,1,R,R,"TENNEY, CLAUDIA",0,1,1,0,0.0,,,,0,-11.069926736291414,2020 only; 2022 lines (Daily Kos),0.0
HOU_NY_25_2022,2022,house,NY,25.0,0,1,"MORELLE, JOSEPH D.",D,"SINGLETARY, LA'RON D.",152022.0,130190.0,0.0,282212.0,53.87,1,D,D,"MORELLE, JOSEPH D.",0,1,1,0,0.0,,,,0,7.79731307474314,2020 only; 2022 lines (Daily Kos),0.0
HOU_NY_26_2022,2022,house,NY,26.0,0,1,"HIGGINS, BRIAN M.",D,"SAMS, STEVEN L., II",156883.0,88339.0,0.0,245222.0,63.98,1,D,D,"HIGGINS, BRIAN M.",0,1,1,0,0.0,,,,0,9.64031315594902,2020 only; 2022 lines (Daily Kos),0.0
HOU_OH_01_2022,2022,house,OH,1.0,0,1,"LANDSMAN, GREG",D,"CHABOT, STEVEN J. (STEVE)",156416.0,140058.0,0.0,296474.0,52.76,1,D,R,"CHABOT, STEVEN J. (STEVE)",0,1,1,0,0.0,,,,0,2.026891950669163,2020 only; 2022 lines (Daily Kos),0.0
HOU_OH_02_2022,2022,house,OH,2.0,0,1,"MEADOWS, SAMANTHA",D,"WENSTRUP, BRAD R.",65745.0,192117.0,0.0,257862.0,25.5,1,R,R,"WENSTRUP, BRAD R.",0,1,1,0,0.0,,,,0,-25.255449084906267,2020 only; 2022 lines (Daily Kos),0.0
HOU_OH_03_2022,2022,house,OH,3.0,0,1,"BEATTY, JOYCE",D,"STAHLEY, LEE R.",182324.0,76455.0,18.0,258797.0,70.46,1,D,D,"BEATTY, JOYCE",0,1,1,1,0.01,"AMICUCCI, ALEXANDER Q.",Other,0.01,0,19.945720035983665,2020 only; 2022 lines (Daily Kos),0.0
HOU_OH_04_2022,2022,house,OH,4.0,0,1,"WILSON, TAMIE",D,"JORDAN, JAMES D. (JIM)",89383.0,200773.0,0.0,290156.0,30.81,1,R,R,"JORDAN, JAMES D. (JIM)",0,1,1,0,0.0,,,,0,-20.39020017487616,2020 only; 2022 lines (Daily Kos),0.0
HOU_OH_05_2022,2022,house,OH,5.0,0,1,"SWARTZ, CRAIG",D,"LATTA, ROBERT EDWARD (BOB)",92634.0,187303.0,0.0,279937.0,33.09,1,R,R,"LATTA, ROBERT EDWARD (BOB)",0,1,1,0,0.0,,,,0,-15.877215839511038,2020 only; 2022 lines (Daily Kos),0.0
HOU_OH_06_2022,2022,house,OH,6.0,0,1,"LYRAS, LOUIS G.",D,"JOHNSON, BILL",90500.0,189883.0,0.0,280383.0,32.28,1,R,R,"JOHNSON, BILL",0,1,1,0,0.0,,,,0,-16.827710321938838,2020 only; 2022 lines (Daily Kos),0.0
HOU_OH_07_2022,2022,house,OH,7.0,0,1,"DIEMER, MATTHEW (MATT)",D,"MILLER, MAX L.",135485.0,168002.0,86.0,303573.0,44.64,1,R,,,1,1,1,2,0.03,"LICURSI, VINCE",Other,0.02,0,-6.935319939172619,2020 only; 2022 lines (Daily Kos),0.0
HOU_OH_08_2022,2022,house,OH,8.0,0,1,"ENOCH, VANESSA",D,"DAVIDSON, WARREN",98629.0,180287.0,0.0,278916.0,35.36,1,R,R,"DAVIDSON, WARREN",0,1,1,0,0.0,,,,0,-13.442695583969304,2020 only; 2022 lines (Daily Kos),0.0
HOU_OH_09_2022,2022,house,OH,9.0,0,1,"KAPTUR, MARCIA C. (MARCY)",D,"MAJEWSKI, J.R.",150655.0,115362.0,0.0,266017.0,56.63,1,D,D,"KAPTUR, MARCIA C. (MARCY)",0,1,1,0,0.0,,,,0,-3.75223384878054,2020 only; 2022 lines (Daily Kos),0.0
HOU_OH_10_2022,2022,house,OH,10.0,0,1,"ESRATI, DAVID",D,"TURNER, MICHAEL R. (MIKE)",104634.0,168327.0,0.0,272961.0,38.33,1,R,R,"TURNER, MICHAEL R. (MIKE)",0,1,1,0,0.0,,,,0,-4.058413642500991,2020 only; 2022 lines (Daily Kos),0.0
HOU_OH_11_2022,2022,house,OH,11.0,0,1,"BROWN, SHONTEL M.",D,"BREWER, ERIC J.",167722.0,47988.0,0.0,215710.0,77.75,1,D,D,"BROWN, SHONTEL M.",0,1,1,0,0.0,,,,0,26.836782861335617,2020 only; 2022 lines (Daily Kos),0.0
HOU_OH_12_2022,2022,house,OH,12.0,0,1,"RIPPEL-ELTON, AMY",D,"BALDERSON, TROY",84893.0,191344.0,0.0,276237.0,30.73,1,R,R,"BALDERSON, TROY",0,1,1,0,0.0,,,,0,-17.94005539526782,2020 only; 2022 lines (Daily Kos),0.0
HOU_OH_13_2022,2022,house,OH,13.0,0,1,"SYKES, EMILIA STRONG",D,"GILBERT, MADISON GESIOTTO",149816.0,134593.0,0.0,284409.0,52.68,1,D,,,1,1,1,0,0.0,,,,0,-0.8376508042095221,2020 only; 2022 lines (Daily Kos),0.0
HOU_OH_14_2022,2022,house,OH,14.0,0,1,"KILBOY, MATT",D,"JOYCE, DAVID P.",113639.0,183389.0,0.0,297028.0,38.26,1,R,R,"JOYCE, DAVID P.",0,1,1,0,0.0,,,,0,-9.841926631657255,2020 only; 2022 lines (Daily Kos),0.0
HOU_OH_15_2022,2022,house,OH,15.0,0,1,"JOSEPHSON, GARY",D,"CAREY, MIKE",108139.0,143112.0,0.0,251251.0,43.04,1,R,R,"CAREY, MIKE",0,1,1,0,0.0,,,,0,-5.703680088956187,2020 only; 2022 lines (Daily Kos),0.0
HOU_OK_01_2022,2022,house,OK,1.0,0,1,"MARTIN, ADAM",D,"HERN, KEVIN",80974.0,142800.0,9721.0,233495.0,36.19,1,R,R,"HERN, KEVIN",0,1,1,1,4.16,"ROGERS, EVELYN L. (LOUISE)",I,4.16,0,-13.22583540076473,2020 only; 2022 lines (Daily Kos),0.0
HOU_OK_02_2022,2022,house,OK,2.0,0,1,"ANDREWS, NAOMI",D,"BRECHEEN, JOSH",54194.0,167843.0,9635.0,231672.0,24.41,1,R,,,1,1,1,1,4.16,"ROBINSON, BULLDOG BEN",I,4.16,0,-29.455308800085216,2020 only; 2022 lines (Daily Kos),0.0
HOU_OK_03_2022,2022,house,OK,3.0,0,1,"ROSS, JEREMIAH A.",D,"LUCAS, FRANK D.",50354.0,147418.0,0.0,197772.0,25.46,1,R,R,"LUCAS, FRANK D.",0,1,1,0,0.0,,,,0,-25.10577890843051,2020 only; 2022 lines (Daily Kos),0.0
HOU_OK_04_2022,2022,house,OK,4.0,0,1,"BRANNON, MARY",D,"COLE, TOM JEFFREY",74667.0,149879.0,0.0,224546.0,33.25,1,R,R,"COLE, TOM JEFFREY",0,1,1,0,0.0,,,,0,-18.471467452171165,2020 only; 2022 lines (Daily Kos),0.0
HOU_OK_05_2022,2022,house,OK,5.0,0,1,"HARRIS-TILL, JOSHUA",D,"BICE, STEPHANIE I.",96799.0,152699.0,9328.0,258826.0,38.8,1,R,R,"BICE, STEPHANIE I.",0,1,1,1,3.6,"FROSCH, DAVID K.",I,3.6,0,-10.930592662423557,2020 only; 2022 lines (Daily Kos),0.0
HOU_OR_01_2022,2022,house,OR,1.0,0,1,"BONAMICI, SUZANNE",D,"MANN, CHRISTOPHER A.",210682.0,99042.0,0.0,309724.0,68.02,1,D,D,"BONAMICI, SUZANNE",0,1,1,0,0.0,,,,0,17.904315675389647,2020 only; 2022 lines (Daily Kos),0.0
HOU_OR_02_2022,2022,house,OR,2.0,0,1,"YETTER, JOE",D,"BENTZ, CLIFF S.",99882.0,208369.0,0.0,308251.0,32.4,1,R,R,"BENTZ, CLIFF S.",0,1,1,0,0.0,,,,0,-14.780028797437678,2020 only; 2022 lines (Daily Kos),0.0
HOU_OR_03_2022,2022,house,OR,3.0,0,1,"BLUMENAUER, EARL",D,"HARBOUR, JOANNA",212119.0,79766.0,10982.0,302867.0,72.67,1,D,D,"BLUMENAUER, EARL",0,1,1,1,3.63,"DELK, DAVID E.",Other,3.63,0,21.92883773828589,2020 only; 2022 lines (Daily Kos),0.0
HOU_OR_04_2022,2022,house,OR,4.0,0,1,"HOYLE, VAL T.",D,"SKARLATOS, ALEK",171372.0,146055.0,21160.0,338587.0,53.99,1,D,,,1,1,1,3,6.25,"LEATHERBERRY, LEVI",I,2.67,0,4.271349708587701,2020 only; 2022 lines (Daily Kos),0.0
HOU_OR_05_2022,2022,house,OR,5.0,0,1,"MCLEOD-SKINNER, JAMIE",D,"CHAVEZ-DEREMER, LORI",171514.0,178813.0,0.0,350327.0,48.96,1,R,,,1,1,1,0,0.0,,,,0,2.2785878141687865,2020 only; 2022 lines (Daily Kos),0.0
HOU_OR_06_2022,2022,house,OR,6.0,0,1,"SALINAS, ANDREA",D,"ERICKSON, MIKE",147156.0,139946.0,6762.0,293864.0,51.26,1,D,,,1,1,1,1,2.3,"MCFARLAND, LARRY D.",Other,2.3,0,4.505520389715311,2020 only; 2022 lines (Daily Kos),0.0
HOU_PA_01_2022,2022,house,PA,1.0,0,1,"EHASZ, ASHLEY",D,"FITZPATRICK, BRIAN K.",165809.0,201571.0,0.0,367380.0,45.13,1,R,R,"FITZPATRICK, BRIAN K.",0,1,1,0,0.0,,,,0,0.0765302142374246,2020 only; 2022 lines (Daily Kos),0.0
HOU_PA_02_2022,2022,house,PA,2.0,0,1,"BOYLE, BRENDAN F.",D,"BASHIR, AARON",141229.0,45454.0,0.0,186683.0,75.65,1,D,D,"BOYLE, BRENDAN F.",0,1,1,0,0.0,,,,0,19.26694114523504,2020 only; 2022 lines (Daily Kos),0.0
HOU_PA_03_2022,2022,house,PA,3.0,0,1,"EVANS, DWIGHT",D,,251115.0,0.0,12820.0,263935.0,,0,D,D,"EVANS, DWIGHT",0,1,0,1,4.86,"HOEPPNER, CHRISTOPHER",Other,4.86,0,38.41918230879671,2020 only; 2022 lines (Daily Kos),0.0
HOU_PA_04_2022,2022,house,PA,4.0,0,1,"DEAN CUNNANE, MADELEINE",D,"NASCIMENTO, SERGIO CHRISTIAN",224799.0,141986.0,0.0,366785.0,61.29,1,D,D,"DEAN CUNNANE, MADELEINE",0,1,1,0,0.0,,,,0,7.300863989280693,2020 only; 2022 lines (Daily Kos),0.0
HOU_PA_05_2022,2022,house,PA,5.0,0,1,"SCANLON, MARY GAY",D,"GALLUCH, DAVID LEWCZYK",205128.0,110058.0,0.0,315186.0,65.08,1,D,D,"SCANLON, MARY GAY",0,1,1,0,0.0,,,,0,14.014090175484062,2020 only; 2022 lines (Daily Kos),0.0
HOU_PA_06_2022,2022,house,PA,6.0,0,1,"HOULAHAN, CHRISTINA JAMPOLER (CHRISSY)",D,"CIARROCCHI, GUY LOUIS",190386.0,136097.0,0.0,326483.0,58.31,1,D,D,"HOULAHAN, CHRISTINA JAMPOLER (CHRISSY)",0,1,1,0,0.0,,,,0,5.178327110744208,2020 only; 2022 lines (Daily Kos),0.0
HOU_PA_07_2022,2022,house,PA,7.0,0,1,"WILD, SUSAN ELLIS",D,"SCHELLER, LISA JANE",151364.0,145527.0,0.0,296891.0,50.98,1,D,D,"WILD, SUSAN ELLIS",0,1,1,0,0.0,,,,0,-1.9544263722527044,2020 only; 2022 lines (Daily Kos),0.0
HOU_PA_08_2022,2022,house,PA,8.0,0,1,"CARTWRIGHT, MATTHEW A. (MATT)",D,"BOGNET, JAMES ROCCO (JIM)",146956.0,139930.0,0.0,286886.0,51.22,1,D,D,"CARTWRIGHT, MATTHEW A. (MATT)",0,1,1,0,0.0,,,,0,-3.735445003326726,2020 only; 2022 lines (Daily Kos),0.0
HOU_PA_09_2022,2022,house,PA,9.0,0,1,"WALDMAN, AMANDA R.",D,"MEUSER, DANIEL PHILIP (DAN)",92622.0,209185.0,0.0,301807.0,30.69,1,R,R,"MEUSER, DANIEL PHILIP (DAN)",0,1,1,0,0.0,,,,0,-20.80063076490998,2020 only; 2022 lines (Daily Kos),0.0
HOU_PA_10_2022,2022,house,PA,10.0,0,1,"DANIELS, SHAMAINE ANDREA",D,"PERRY, SCOTT GORDON",145215.0,169331.0,0.0,314546.0,46.17,1,R,R,"PERRY, SCOTT GORDON",0,1,1,0,0.0,,,,0,-4.36509205529656,2020 only; 2022 lines (Daily Kos),0.0
HOU_PA_11_2022,2022,house,PA,11.0,0,1,"HOLLISTER, ROBERT M. (BOB)",D,"SMUCKER, LLOYD K.",121835.0,194991.0,0.0,316826.0,38.45,1,R,R,"SMUCKER, LLOYD K.",0,1,1,0,0.0,,,,0,-13.058887170394678,2020 only; 2022 lines (Daily Kos),0.0
HOU_PA_12_2022,2022,house,PA,12.0,0,1,"LEE, SUMMER L.",D,"DOYLE, MICHAEL (MIKE)",184674.0,143946.0,0.0,328620.0,56.2,1,D,,,1,1,1,0,0.0,,,,0,7.816316781345489,2020 only; 2022 lines (Daily Kos),0.0
HOU_PA_13_2022,2022,house,PA,13.0,0,1,,,"JOYCE, JOHN",0.0,260345.0,0.0,260345.0,,0,R,R,"JOYCE, JOHN",0,0,1,0,0.0,,,,0,-25.151227501940767,2020 only; 2022 lines (Daily Kos),0.0
HOU_PA_14_2022,2022,house,PA,14.0,0,1,,,"RESCHENTHALER, GUY",0.0,230865.0,0.0,230865.0,,0,R,R,"RESCHENTHALER, GUY",0,0,1,0,0.0,,,,0,-18.19128039656625,2020 only; 2022 lines (Daily Kos),0.0
HOU_PA_15_2022,2022,house,PA,15.0,0,1,"MOLESEVICH, MICHAEL M. (MIKE)",D,"THOMPSON, GLENN WILLIAM (GT), JR.",91729.0,213417.0,0.0,305146.0,30.06,1,R,R,"THOMPSON, GLENN WILLIAM (GT), JR.",0,1,1,0,0.0,,,,0,-21.0336628007819,2020 only; 2022 lines (Daily Kos),0.0
HOU_PA_16_2022,2022,house,PA,16.0,0,1,"PASTORE, DANIEL (DAN)",D,"KELLY, GEORGE J. (MIKE), JR.",130443.0,190546.0,0.0,320989.0,40.64,1,R,R,"KELLY, GEORGE J. (MIKE), JR.",0,1,1,0,0.0,,,,0,-12.72336388177347,2020 only; 2022 lines (Daily Kos),0.0
HOU_PA_17_2022,2022,house,PA,17.0,0,1,"DELUZIO, CHRISTOPHER R. (CHRIS)",D,"SHAFFER, JEREMY KEVIN",193615.0,169013.0,0.0,362628.0,53.39,1,D,,,1,1,1,0,0.0,,,,0,0.6838321832410399,2020 only; 2022 lines (Daily Kos),0.0
HOU_RI_01_2022,2022,house,RI,1.0,0,1,"CICILLINE, DAVID N.",D,"WATERS, ALLEN RODNEY",100318.0,56055.0,0.0,156373.0,64.15,1,D,D,"CICILLINE, DAVID N.",0,1,1,0,0.0,,,,0,12.494317041907069,2020 only; 2022 lines (Daily Kos),0.0
HOU_RI_02_2022,2022,house,RI,2.0,0,1,"MAGAZINER, SETH M.",D,"FUNG, ALLAN W.",101432.0,93969.0,5489.0,200890.0,51.91,1,D,,,1,1,1,1,2.73,"GILBERT, WILLIAM H.",Other,2.73,0,4.706326051637211,2020 only; 2022 lines (Daily Kos),0.0
HOU_SC_01_2022,2022,house,SC,1.0,0,1,"ANDREWS, ANNIE",D,"MACE, NANCY",115796.0,153757.0,2634.0,272187.0,42.96,1,R,R,"MACE, NANCY",0,1,1,1,0.97,"ODDO, JOSEPH",Other,0.97,0,-6.6579300228459815,2020 only; 2022 lines (Daily Kos),0.0
HOU_SC_02_2022,2022,house,SC,2.0,0,1,"LARKINS, JUDD",D,"WILSON, ADDISON GRAVES (JOE)",98081.0,147699.0,0.0,245780.0,39.91,1,R,R,"WILSON, ADDISON GRAVES (JOE)",0,1,1,0,0.0,,,,0,-7.64216019131293,2020 only; 2022 lines (Daily Kos),0.0
HOU_SC_03_2022,2022,house,SC,3.0,0,1,,,"DUNCAN, JEFFREY D. (JEFF)",0.0,189971.0,0.0,189971.0,,0,R,R,"DUNCAN, JEFFREY D. (JEFF)",0,0,1,0,0.0,,,,0,-21.269692994266045,2020 only; 2022 lines (Daily Kos),0.0
HOU_SC_04_2022,2022,house,SC,4.0,0,1,,,"TIMMONS, WILLIAM R., IV",0.0,165607.0,0.0,165607.0,,0,R,R,"TIMMONS, WILLIAM R., IV",0,0,1,0,0.0,,,,0,-11.714915308649532,2020 only; 2022 lines (Daily Kos),0.0
HOU_SC_05_2022,2022,house,SC,5.0,0,1,"HUNDLEY, EVANGELINE",D,"NORMAN, RALPH W.",83299.0,154725.0,3547.0,241571.0,35.0,1,R,R,"NORMAN, RALPH W.",0,1,1,1,1.47,"GAITHER, LARRY",Grn,1.47,0,-11.477447754447317,2020 only; 2022 lines (Daily Kos),0.0
HOU_SC_06_2022,2022,house,SC,6.0,0,1,"CLYBURN, JAMES E. (JIM)",D,"BUCKNER, DUKE",130923.0,79879.0,0.0,210802.0,62.11,1,D,D,"CLYBURN, JAMES E. (JIM)",0,1,1,0,0.0,,,,0,14.01971977001466,2020 only; 2022 lines (Daily Kos),0.0
HOU_SC_07_2022,2022,house,SC,7.0,0,1,"SCOTT, DARYL W.",D,"FRY, RUSSELL",89030.0,164440.0,0.0,253470.0,35.12,1,R,,,1,1,1,0,0.0,,,,0,-11.691495930869811,2020 only; 2022 lines (Daily Kos),0.0
HOU_SD_01_2022,2022,house,SD,1.0,0,1,,,"JOHNSON, DUSTIN (DUSTY)",0.0,253821.0,74020.0,327841.0,,0,R,R,"JOHNSON, DUSTIN (DUSTY)",0,0,1,1,22.58,"DUPREL, COLLIN",Lbt,22.58,0,-15.702766982810202,2020 only; 2022 lines (Daily Kos),0.0
HOU_TN_01_2022,2022,house,TN,1.0,0,1,"PARSONS, CAMERON",D,"HARSHBARGER, DIANA LYNN",37049.0,147241.0,3713.0,188003.0,20.1,1,R,R,"HARSHBARGER, DIANA LYNN",0,1,1,2,1.97,"BAKER, RICHARD G.",I,1.31,0,-29.84873317651524,2020 only; 2022 lines (Daily Kos),0.0
HOU_TN_02_2022,2022,house,TN,2.0,0,1,"HARMON, MARK",D,"BURCHETT, TIM",66673.0,141089.0,0.0,207762.0,32.09,1,R,R,"BURCHETT, TIM",0,1,1,0,0.0,,,,0,-17.161302946165254,2020 only; 2022 lines (Daily Kos),0.0
HOU_TN_03_2022,2022,house,TN,3.0,0,1,"GORMAN, MEG",D,"FLEISCHMANN, CHARLES J. (CHUCK)",60334.0,136639.0,2857.0,199830.0,30.63,1,R,R,"FLEISCHMANN, CHARLES J. (CHUCK)",0,1,1,2,1.43,"TYLER, RICK",I,0.87,0,-18.517891653079303,2020 only; 2022 lines (Daily Kos),0.0
HOU_TN_04_2022,2022,house,TN,4.0,0,1,"STEELE, WAYNE",D,"DESJARLAIS, SCOTT EUGENE",44648.0,122401.0,6388.0,173437.0,26.73,1,R,R,"DESJARLAIS, SCOTT EUGENE",0,1,1,5,3.68,"WINTON, MIKE",I,1.63,0,-21.49121125601351,2020 only; 2022 lines (Daily Kos),0.0
HOU_TN_05_2022,2022,house,TN,5.0,0,1,"CAMPBELL, HEIDI",D,"OGLES, ANDREW (ANDY)",93648.0,123558.0,4069.0,221275.0,43.11,1,R,,,1,1,1,3,1.84,"BRANTLEY, DERRICK",I,0.94,0,-8.045025954866137,2020 only; 2022 lines (Daily Kos),0.0
HOU_TN_06_2022,2022,house,TN,6.0,0,1,"COOPER, RANDAL",D,"ROSE, JOHN W.",65675.0,129388.0,0.0,195063.0,33.67,1,R,R,"ROSE, JOHN W.",0,1,1,0,0.0,,,,0,-17.11310102790194,2020 only; 2022 lines (Daily Kos),0.0
HOU_TN_07_2022,2022,house,TN,7.0,0,1,"KELLY, ODESSA",D,"GREEN, MARK E.",68973.0,108421.0,3428.0,180822.0,38.88,1,R,R,"GREEN, MARK E.",0,1,1,1,1.9,"HOOPER, STEVEN J.",I,1.9,0,-10.01126382673218,2020 only; 2022 lines (Daily Kos),0.0
HOU_TN_08_2022,2022,house,TN,8.0,0,1,"WILLIAMS, LYNNETTE P.",D,"KUSTOFF, DAVID",51102.0,155602.0,3611.0,210315.0,24.72,1,R,R,"KUSTOFF, DAVID",0,1,1,2,1.72,"HART, JAMES L.",I,1.21,0,-21.19195302806405,2020 only; 2022 lines (Daily Kos),0.0
HOU_TN_09_2022,2022,house,TN,9.0,0,1,"COHEN, STEPHEN IRA (STEVE)",D,"BERGMANN, CHARLOTTE",93800.0,35123.0,4995.0,133918.0,72.76,1,D,D,"COHEN, STEPHEN IRA (STEVE)",0,1,1,4,3.73,"FLINN, GEORGE S., JR.",I,2.5,0,22.19536986039555,2020 only; 2022 lines (Daily Kos),0.0
HOU_TX_01_2022,2022,house,TX,1.0,0,1,"JEFFERSON, JRMAR (JJ)",D,"MORAN, NATHANIEL",51438.0,183224.0,0.0,234662.0,21.92,1,R,,,1,1,1,0,0.0,,,,0,-25.477308297530527,2020 only; 2022 lines (Daily Kos),0.0
HOU_TX_02_2022,2022,house,TX,2.0,0,1,"FULFORD, ROBIN",D,"CRENSHAW, DAN",78496.0,151791.0,0.0,230287.0,34.09,1,R,R,"CRENSHAW, DAN",0,1,1,0,0.0,,,,0,-13.81562433093197,2020 only; 2022 lines (Daily Kos),0.0
HOU_TX_03_2022,2022,house,TX,3.0,0,1,"SRIVASTAVA, SANDEEP",D,"SELF, KEITH A.",100121.0,164240.0,6895.0,271256.0,37.87,1,R,,,1,1,1,1,2.54,"CLAYTOR, CHRISTOPHER J. (CHRIS)",Lbt,2.54,0,-9.58843701989352,2020 only; 2022 lines (Daily Kos),0.0
HOU_TX_04_2022,2022,house,TX,4.0,0,1,"OMERE, IRO",D,"FALLON, PATRICK EDWARD (PAT)",79179.0,170781.0,6049.0,256009.0,31.68,1,R,R,"FALLON, PATRICK EDWARD (PAT)",0,1,1,1,2.36,"SIMMONS, JOHN",Lbt,2.36,0,-15.412860797558237,2020 only; 2022 lines (Daily Kos),0.0
HOU_TX_05_2022,2022,house,TX,5.0,0,1,"HILL, TARTISHA",D,"GOODEN, LANCE",71930.0,135595.0,4440.0,211965.0,34.66,1,R,R,"GOODEN, LANCE",0,1,1,2,2.09,"HALE, KEVIN A.",Lbt,2.03,0,-13.622913944501802,2020 only; 2022 lines (Daily Kos),0.0
HOU_TX_06_2022,2022,house,TX,6.0,0,1,,,"ELLZEY, JOHN KEVIN (JAKE)",0.0,149321.0,0.0,149321.0,,0,R,R,"ELLZEY, JOHN KEVIN (JAKE)",0,0,1,0,0.0,,,,0,-14.400028874495446,2020 only; 2022 lines (Daily Kos),0.0
HOU_TX_07_2022,2022,house,TX,7.0,0,1,"FLETCHER, ELIZABETH PANNILL (LIZZIE)",D,"TEAGUE, JOHNNY",115994.0,65835.0,0.0,181829.0,63.79,1,D,D,"FLETCHER, ELIZABETH PANNILL (LIZZIE)",0,1,1,0,0.0,,,,0,12.803728231337374,2020 only; 2022 lines (Daily Kos),0.0
HOU_TX_08_2022,2022,house,TX,8.0,0,1,"JONES, LAURA",D,"LUTTRELL, MORGAN",68715.0,153127.0,3126.0,224968.0,30.97,1,R,,,1,1,1,1,1.39,"ERIKSEN, ROY",Lbt,1.39,0,-16.036109752407956,2020 only; 2022 lines (Daily Kos),0.0
HOU_TX_09_2022,2022,house,TX,9.0,0,1,"GREEN, ALEXANDER (AL)",D,"LEON, JIMMY I.",125446.0,38161.0,0.0,163607.0,76.68,1,D,D,"GREEN, ALEXANDER (AL)",0,1,1,0,0.0,,,,0,24.73781483339731,2020 only; 2022 lines (Daily Kos),0.0
HOU_TX_10_2022,2022,house,TX,10.0,0,1,"NUNO, LINDA",D,"MCCAUL, MICHAEL T.",86404.0,159469.0,6064.0,251937.0,35.14,1,R,R,"MCCAUL, MICHAEL T.",0,1,1,1,2.41,"KELSEY, BILL",Lbt,2.41,0,-11.819640223305496,2020 only; 2022 lines (Daily Kos),0.0
HOU_TX_11_2022,2022,house,TX,11.0,0,1,,,"PFLUGER, AUGUST",0.0,151066.0,0.0,151066.0,,0,R,R,"PFLUGER, AUGUST",0,0,1,0,0.0,,,,0,-22.73806339666462,2020 only; 2022 lines (Daily Kos),0.0
HOU_TX_12_2022,2022,house,TX,12.0,0,1,"HUNT, TREY J.",D,"GRANGER, KAY",85026.0,152953.0,0.0,237979.0,35.73,1,R,R,"GRANGER, KAY",0,1,1,0,0.0,,,,0,-11.483467113510953,2020 only; 2022 lines (Daily Kos),0.0
HOU_TX_13_2022,2022,house,TX,13.0,0,1,"BROWN, KATHLEEN",D,"JACKSON, RONNY",52910.0,161767.0,0.0,214677.0,24.65,1,R,R,"JACKSON, RONNY",0,1,1,0,0.0,,,,0,-25.38009927815844,2020 only; 2022 lines (Daily Kos),0.0
HOU_TX_14_2022,2022,house,TX,14.0,0,1,"WILLIAMS, MIKAL",D,"WEBER, RANDY K., SR.",63606.0,149543.0,0.0,213149.0,29.84,1,R,R,"WEBER, RANDY K., SR.",0,1,1,0,0.0,,,,0,-16.73932237720691,2020 only; 2022 lines (Daily Kos),0.0
HOU_TX_15_2022,2022,house,TX,15.0,0,1,"VALLEJO, MICHELLE",D,"DE LA CRUZ-HERNANDEZ, MONICA",68097.0,80978.0,2814.0,151889.0,45.68,1,R,,,1,1,1,1,1.85,"LEONE, ROSS LYNN, JR.",Lbt,1.85,0,-3.723075654450287,2020 only; 2022 lines (Daily Kos),0.0
HOU_TX_16_2022,2022,house,TX,16.0,0,1,"ESCOBAR, VERONICA",D,"JACKSON, IRENE ARMENDARIZ",95510.0,54986.0,0.0,150496.0,63.46,1,D,D,"ESCOBAR, VERONICA",0,1,1,0,0.0,,,,0,15.722837769983066,2020 only; 2022 lines (Daily Kos),0.0
HOU_TX_17_2022,2022,house,TX,17.0,0,1,"WOODS, MARY JO",D,"SESSIONS, PETER A. (PETE)",72801.0,144408.0,0.0,217209.0,33.52,1,R,R,"SESSIONS, PETER A. (PETE)",0,1,1,0,0.0,,,,0,-13.7089699385796,2020 only; 2022 lines (Daily Kos),0.0
HOU_TX_18_2022,2022,house,TX,18.0,0,1,"JACKSON LEE, SHEILA",D,"MONTIEL, CARMEN MARIA",110511.0,40941.0,4816.0,156268.0,72.97,1,D,D,"JACKSON LEE, SHEILA",0,1,1,2,3.08,"DUNCAN, VINCE",I,1.77,0,22.338658063757364,2020 only; 2022 lines (Daily Kos),0.0
HOU_TX_19_2022,2022,house,TX,19.0,0,1,,,"ARRINGTON, JODEY C.",0.0,152321.0,37360.0,189681.0,,0,R,R,"ARRINGTON, JODEY C.",0,0,1,1,19.7,"LEWIS, NATHAN",I,19.7,0,-25.72070558096989,2020 only; 2022 lines (Daily Kos),0.0
HOU_TX_20_2022,2022,house,TX,20.0,0,1,"CASTRO, JOAQUIN",D,"SINCLAIR, KYLE",115352.0,53226.0,21.0,168599.0,68.43,1,D,D,"CASTRO, JOAQUIN",0,1,1,1,0.01,"JONASZ, ADAM",Other,0.01,0,14.5507759703295,2020 only; 2022 lines (Daily Kos),0.0
HOU_TX_21_2022,2022,house,TX,21.0,0,1,"ZAPATA, CLAUDIA ANDREANA",D,"ROY, CHIP",122655.0,207426.0,0.0,330081.0,37.16,1,R,R,"ROY, CHIP",0,1,1,0,0.0,,,,0,-12.262507386213269,2020 only; 2022 lines (Daily Kos),0.0
HOU_TX_22_2022,2022,house,TX,22.0,0,1,"JORDAN, JAMIE KAYE",D,"NEHLS, TROY E.",85653.0,150014.0,5548.0,241215.0,36.34,1,R,R,"NEHLS, TROY E.",0,1,1,2,2.3,"LEBLANC, JOSEPH, JR.",Lbt,2.23,0,-10.39714616973164,2020 only; 2022 lines (Daily Kos),0.0
HOU_TX_23_2022,2022,house,TX,23.0,0,1,"LIRA, JOHN",D,"GONZALES, ERNEST ANTHONY (TONY)",80947.0,116649.0,11180.0,208776.0,40.97,1,R,R,"GONZALES, ERNEST ANTHONY (TONY)",0,1,1,1,5.36,"LOPEZ, FRANK, JR.",I,5.36,0,-5.908009947869847,2020 only; 2022 lines (Daily Kos),0.0
HOU_TX_24_2022,2022,house,TX,24.0,0,1,"MCDOWELL, JAN",D,"VAN DUYNE, ELIZABETH ANN (BETH)",119878.0,177947.0,0.0,297825.0,40.25,1,R,R,"VAN DUYNE, ELIZABETH ANN (BETH)",0,1,1,0,0.0,,,,0,-8.539159760743503,2020 only; 2022 lines (Daily Kos),0.0
HOU_TX_25_2022,2022,house,TX,25.0,0,1,,,"WILLIAMS, ROGER",0.0,185270.0,0.0,185270.0,,0,R,R,"WILLIAMS, ROGER",0,0,1,0,0.0,,,,0,-18.0574288540196,2020 only; 2022 lines (Daily Kos),0.0
HOU_TX_26_2022,2022,house,TX,26.0,0,1,,,"BURGESS, MICHAEL C.",0.0,183639.0,81384.0,265023.0,,0,R,R,"BURGESS, MICHAEL C.",0,0,1,1,30.71,"KOLLS, MIKE",Lbt,30.71,0,-11.67693835567452,2020 only; 2022 lines (Daily Kos),0.0
HOU_TX_27_2022,2022,house,TX,27.0,0,1,"PEREZ, MACLOVIO, JR.",D,"CLOUD, MICHAEL",73611.0,133416.0,0.0,207027.0,35.56,1,R,R,"CLOUD, MICHAEL",0,1,1,0,0.0,,,,0,-13.63060325876478,2020 only; 2022 lines (Daily Kos),0.0
HOU_TX_28_2022,2022,house,TX,28.0,0,1,"CUELLAR, ENRIQUE ROBERTO (HENRY)",D,"GARCIA, CASSY",93803.0,71778.0,0.0,165581.0,56.65,1,D,D,"CUELLAR, ENRIQUE ROBERTO (HENRY)",0,1,1,0,0.0,,,,0,1.2988449878494457,2020 only; 2022 lines (Daily Kos),0.0
HOU_TX_29_2022,2022,house,TX,29.0,0,1,"GARCIA, SYLVIA R.",D,"SCHAFRANEK, ROBERT",71837.0,28765.0,0.0,100602.0,71.41,1,D,D,"GARCIA, SYLVIA R.",0,1,1,0,0.0,,,,0,16.318206646040466,2020 only; 2022 lines (Daily Kos),0.0
HOU_TX_30_2022,2022,house,TX,30.0,0,1,"CROCKETT, JASMINE",D,"RODGERS, JAMES",134876.0,39209.0,6428.0,180513.0,77.48,1,D,,,1,1,1,3,3.56,"MANNING, ZACHARIAH",I,2.12,0,26.45395640524992,2020 only; 2022 lines (Daily Kos),0.0
HOU_TX_31_2022,2022,house,TX,31.0,0,1,,,"CARTER, JOHN R.",0.0,183185.0,0.0,183185.0,,0,R,R,"CARTER, JOHN R.",0,0,1,0,0.0,,,,0,-12.584880757405587,2020 only; 2022 lines (Daily Kos),0.0
HOU_TX_32_2022,2022,house,TX,32.0,0,1,"ALLRED, COLIN Z.",D,"SWAD, ANTONIO",116005.0,61494.0,0.0,177499.0,65.36,1,D,D,"ALLRED, COLIN Z.",0,1,1,0,0.0,,,,0,14.494430723063124,2020 only; 2022 lines (Daily Kos),0.0
HOU_TX_33_2022,2022,house,TX,33.0,0,1,"VEASEY, MARC ALLISON",D,"GILLESPIE, PATRICK DAVID",82081.0,29203.0,2746.0,114030.0,73.76,1,D,D,"VEASEY, MARC ALLISON",0,1,1,1,2.41,"ASHBY, KENNETH (KEN)",Lbt,2.41,0,23.034147368234137,2020 only; 2022 lines (Daily Kos),0.0
HOU_TX_34_2022,2022,house,TX,34.0,0,1,"GONZALEZ, VICENTE",D,"FLORES, MAYRA",70896.0,59464.0,4079.0,134439.0,54.38,1,D,D/R,"GONZALEZ, VICENTE; FLORES, MAYRA",0,1,1,1,3.03,"ROYAL, CHRIS",I,3.03,0,5.579126757975505,2020 only; 2022 lines (Daily Kos),0.0
HOU_TX_35_2022,2022,house,TX,35.0,0,1,"CASAR, GREG",D,"MCQUEEN, DAN",129599.0,48969.0,0.0,178568.0,72.58,1,D,,,1,1,1,0,0.0,,,,0,20.7760370642488,2020 only; 2022 lines (Daily Kos),0.0
HOU_TX_36_2022,2022,house,TX,36.0,0,1,"HAIRE, JON",D,"BABIN, BRIAN",64016.0,145599.0,0.0,209615.0,30.54,1,R,R,"BABIN, BRIAN",0,1,1,0,0.0,,,,0,-18.259707803931192,2020 only; 2022 lines (Daily Kos),0.0
HOU_TX_37_2022,2022,house,TX,37.0,0,1,"DOGGETT, LLOYD A., II",D,"SHARON, JENNIFER GARCIA (JENNY)",219358.0,59923.0,6508.0,285789.0,78.54,1,D,D,"DOGGETT, LLOYD A., II",0,1,1,2,2.28,"PATTERSON, CLARK",Lbt,2.22,0,24.63836103818577,2020 only; 2022 lines (Daily Kos),0.0
HOU_TX_38_2022,2022,house,TX,38.0,0,1,"KLUSSMANN, DUNCAN F.",D,"HUNT, WESLEY",92302.0,163597.0,3970.0,259869.0,36.07,1,R,,,1,1,1,1,1.53,"DEJEAN, JOEL",I,1.53,0,-11.458253543134555,2020 only; 2022 lines (Daily Kos),0.0
HOU_UT_01_2022,2022,house,UT,1.0,0,1,"JONES, RICK EDWIN",D,"MOORE, BLAKE DAVID",87986.0,178434.0,0.0,266420.0,33.03,1,R,R,"MOORE, BLAKE DAVID",0,1,1,0,0.0,,,,0,-12.641675795801229,2020 only; 2022 lines (Daily Kos),0.0
HOU_UT_02_2022,2022,house,UT,2.0,0,1,"MITCHELL, NICK",D,"STEWART, CHRIS",88224.0,154883.0,16292.0,259399.0,36.29,1,R,R,"STEWART, CHRIS",0,1,1,2,6.28,"MCFARLAND, JAYMAC",Other,3.32,0,-11.168110911916685,2020 only; 2022 lines (Daily Kos),0.0
HOU_UT_03_2022,2022,house,UT,3.0,0,1,"WRIGHT, GLENN J.",D,"CURTIS, JOHN R.",83687.0,182497.0,17196.0,283380.0,31.44,1,R,R,"CURTIS, JOHN R.",0,1,1,3,6.07,"STODDARD, MICHAEL R.",Lbt,2.92,0,-12.306747389326256,2020 only; 2022 lines (Daily Kos),0.0
HOU_UT_04_2022,2022,house,UT,4.0,0,1,"MCDONALD, DARLENE",D,"OWENS, CLARENCE BURGESS",82181.0,155110.0,16768.0,254059.0,34.63,1,R,R,"OWENS, CLARENCE BURGESS",0,1,1,2,6.6,"WALKER, JANUARY",Other,6.59,0,-15.828016373913483,2020 only; 2022 lines (Daily Kos),0.0
HOU_VA_01_2022,2022,house,VA,1.0,0,1,"JONES, HERBERT CARROLL (HERB), JR.",D,"WITTMAN, ROBERT JOSEPH (ROB)",147229.0,191828.0,3388.0,342445.0,43.42,1,R,R,"WITTMAN, ROBERT JOSEPH (ROB)",0,1,1,1,0.99,"FOSTER, DAVID BRUCE",I,0.99,0,-5.402810556352467,2020 only; 2022 lines (Daily Kos),0.0
HOU_VA_02_2022,2022,house,VA,2.0,0,1,"LURIA, ELAINE G.",D,"KIGGANS, JENNIFER ANN",143219.0,153328.0,0.0,296547.0,48.3,1,R,D,"LURIA, ELAINE G.",0,1,1,0,0.0,,,,0,-1.2930141666312789,2020 only; 2022 lines (Daily Kos),0.0
HOU_VA_03_2022,2022,house,VA,3.0,0,1,"SCOTT, ROBERT CORTEZ (BOBBY)",D,"NAMKUNG, TERRY T.",139659.0,67668.0,0.0,207327.0,67.36,1,D,D,"SCOTT, ROBERT CORTEZ (BOBBY)",0,1,1,0,0.0,,,,0,17.24344178713829,2020 only; 2022 lines (Daily Kos),0.0
HOU_VA_04_2022,2022,house,VA,4.0,0,1,"MCEACHIN, ASTON DONALD",D,"BENJAMIN, LEON, SR.",159044.0,85503.0,0.0,244547.0,65.04,1,D,D,"MCEACHIN, ASTON DONALD",0,1,1,0,0.0,,,,0,15.802041202002703,2020 only; 2022 lines (Daily Kos),0.0
HOU_VA_05_2022,2022,house,VA,5.0,0,1,"THRONEBURG, JOSHUA MARQUIS",D,"GOOD, ROBERT GEORGE (BOB)",129996.0,177191.0,0.0,307187.0,42.32,1,R,R,"GOOD, ROBERT GEORGE (BOB)",0,1,1,0,0.0,,,,0,-6.4605348868065295,2020 only; 2022 lines (Daily Kos),0.0
HOU_VA_06_2022,2022,house,VA,6.0,0,1,"LEWIS, JENNIFER LYNN",D,"CLINE, BENJAMIN LEE (BEN)",95410.0,173352.0,0.0,268762.0,35.5,1,R,R,"CLINE, BENJAMIN LEE (BEN)",0,1,1,0,0.0,,,,0,-13.199422499466015,2020 only; 2022 lines (Daily Kos),0.0
HOU_VA_07_2022,2022,house,VA,7.0,0,1,"SPANBERGER, ABIGAIL ANNE DAVIS",D,"VEGA, YESLI ISABEL",143357.0,130586.0,0.0,273943.0,52.33,1,D,D,"SPANBERGER, ABIGAIL ANNE DAVIS",0,1,1,0,0.0,,,,0,1.1849932233057303,2020 only; 2022 lines (Daily Kos),0.0
HOU_VA_08_2022,2022,house,VA,8.0,0,1,"BEYER, DONALD S. (DON), JR.",D,"LIPSMAN, KARINA ALLISON",197760.0,66589.0,4078.0,268427.0,74.81,1,D,D,"BEYER, DONALD S. (DON), JR.",0,1,1,1,1.52,"FIKRE, THEODORE (TEDDY)",I,1.52,0,26.116168904452,2020 only; 2022 lines (Daily Kos),0.0
HOU_VA_09_2022,2022,house,VA,9.0,0,1,"DEVAUGHAN, TAYSHA LEE",D,"GRIFFITH, HOWARD MORGAN",66027.0,182207.0,0.0,248234.0,26.6,1,R,R,"GRIFFITH, HOWARD MORGAN",0,1,1,0,0.0,,,,0,-23.457606045596584,2020 only; 2022 lines (Daily Kos),0.0
HOU_VA_10_2022,2022,house,VA,10.0,0,1,"WEXTON, JENNIFER TOSINI",D,"CAO, HUNG",157405.0,138163.0,0.0,295568.0,53.26,1,D,D,"WEXTON, JENNIFER TOSINI",0,1,1,0,0.0,,,,0,6.896579485212628,2020 only; 2022 lines (Daily Kos),0.0
HOU_VA_11_2022,2022,house,VA,11.0,0,1,"CONNOLLY, GERALD EDWARD (GERRY)",D,"MYLES, JAMES G. (JIM)",193190.0,95634.0,0.0,288824.0,66.89,1,D,D,"CONNOLLY, GERALD EDWARD (GERRY)",0,1,1,0,0.0,,,,0,18.664195464164614,2020 only; 2022 lines (Daily Kos),0.0
HOU_VT_01_2022,2022,house,VT,1.0,0,1,"BALINT, BECCA",D,"MADDEN, LIAM",176494.0,78397.0,26131.0,281022.0,69.24,1,D,,,1,1,1,4,9.3,"REDIC, ERICKA BUNDY",Lbt,4.48,0,16.031199431677855,2020 only; 2022 lines (Daily Kos),0.0
HOU_WA_01_2022,2022,house,WA,1.0,0,1,"DELBENE, SUZAN K.",D,"CAVELERI, VINCENT J.",181992.0,104329.0,0.0,286321.0,63.56,1,D,D,"DELBENE, SUZAN K.",0,1,1,0,0.0,,,,0,13.472502383140894,2020 only; 2022 lines (Daily Kos),0.0
HOU_WA_02_2022,2022,house,WA,2.0,0,1,"LARSEN, RICHARD RAY (RICK)",D,"MATTHEWS, DAN",202980.0,134335.0,0.0,337315.0,60.18,1,D,D,"LARSEN, RICHARD RAY (RICK)",0,1,1,0,0.0,,,,0,9.504942195630662,2020 only; 2022 lines (Daily Kos),0.0
HOU_WA_03_2022,2022,house,WA,3.0,0,1,"PEREZ, MARIE GLUESENKAMP",D,"KENT, JOE",160314.0,157685.0,0.0,317999.0,50.41,1,D,,,1,1,1,0,0.0,,,,0,-4.423935358871861,2020 only; 2022 lines (Daily Kos),0.0
HOU_WA_04_2022,2022,house,WA,4.0,0,1,"WHITE, DOUG",D,"NEWHOUSE, DANIEL (DAN)",70710.0,150619.0,0.0,221329.0,31.95,1,R,R,"NEWHOUSE, DANIEL (DAN)",0,1,1,0,0.0,,,,0,-10.96009456597558,2020 only; 2022 lines (Daily Kos),0.0
HOU_WA_05_2022,2022,house,WA,5.0,0,1,"HILL, NATASHA",D,"MCMORRIS RODGERS, CATHY",127585.0,188648.0,0.0,316233.0,40.35,1,R,R,"MCMORRIS RODGERS, CATHY",0,1,1,0,0.0,,,,0,-7.402001309769868,2020 only; 2022 lines (Daily Kos),0.0
HOU_WA_06_2022,2022,house,WA,6.0,0,1,"KILMER, DEREK C.",D,"KREISELMAIER, ELIZABETH",208710.0,138754.0,0.0,347464.0,60.07,1,D,D,"KILMER, DEREK C.",0,1,1,0,0.0,,,,0,6.606174651764407,2020 only; 2022 lines (Daily Kos),0.0
HOU_WA_07_2022,2022,house,WA,7.0,0,1,"JAYAPAL, PRAMILA",D,"MOON, CLIFF",295998.0,49207.0,0.0,345205.0,85.75,1,D,D,"JAYAPAL, PRAMILA",0,1,1,0,0.0,,,,0,36.23724164592685,2020 only; 2022 lines (Daily Kos),0.0
HOU_WA_08_2022,2022,house,WA,8.0,0,1,"SCHRIER, KIM",D,"LARKIN, MATT",179003.0,155976.0,0.0,334979.0,53.44,1,D,D,"SCHRIER, KIM",0,1,1,0,0.0,,,,0,1.1841189991595449,2020 only; 2022 lines (Daily Kos),0.0
HOU_WA_09_2022,2022,house,WA,9.0,0,1,"SMITH, D. ADAM",D,"BASLER, DOUGLAS MICHAEL (DOUG)",171746.0,67631.0,0.0,239377.0,71.75,1,D,D,"SMITH, D. ADAM",0,1,1,0,0.0,,,,0,20.819685088727248,2020 only; 2022 lines (Daily Kos),0.0
HOU_WA_10_2022,2022,house,WA,10.0,0,1,"STRICKLAND, MARILYN",D,"SWANK, KEITH ROLAND",152544.0,114777.0,0.0,267321.0,57.06,1,D,D,"STRICKLAND, MARILYN",0,1,1,0,0.0,,,,0,6.864114351097783,2020 only; 2022 lines (Daily Kos),0.0
HOU_WI_01_2022,2022,house,WI,1.0,0,1,"ROE, ANN",D,"STEIL, BRYAN",135825.0,162610.0,2247.0,300682.0,45.51,1,R,R,"STEIL, BRYAN",0,1,1,1,0.75,"BARMAN, CHARLES E.",Other,0.75,0,-3.2860671043465906,2020 only; 2022 lines (Daily Kos),0.0
HOU_WI_02_2022,2022,house,WI,2.0,0,1,"POCAN, MARK",D,"OLSEN, ERIK",268740.0,101890.0,7689.0,378319.0,72.51,1,D,D,"POCAN, MARK",0,1,1,1,2.03,"ALEXANDER, DOUGLAS",I,2.03,0,18.90195848846663,2020 only; 2022 lines (Daily Kos),0.0
HOU_WI_03_2022,2022,house,WI,3.0,0,1,"PFAFF, BRAD",D,"VAN ORDEN, DERRICK",152977.0,164743.0,0.0,317720.0,48.15,1,R,,,1,1,1,0,0.0,,,,0,-4.647964784030689,2020 only; 2022 lines (Daily Kos),0.0
HOU_WI_04_2022,2022,house,WI,4.0,0,1,"MOORE, GWENDOLYNNE S. (GWEN)",D,"ROGERS, TIM",191955.0,57660.0,5164.0,254779.0,76.9,1,D,D,"MOORE, GWENDOLYNNE S. (GWEN)",0,1,1,1,2.03,"RAYMOND, ROBERT R.",I,2.03,0,24.59857641305636,2020 only; 2022 lines (Daily Kos),0.0
HOU_WI_05_2022,2022,house,WI,5.0,0,1,"VAN SOMEREN, MIKE",D,"FITZGERALD, SCOTT LAWRENCE",134581.0,243741.0,0.0,378322.0,35.57,1,R,R,"FITZGERALD, SCOTT LAWRENCE",0,1,1,0,0.0,,,,0,-13.874622997267394,2020 only; 2022 lines (Daily Kos),0.0
HOU_WI_06_2022,2022,house,WI,6.0,0,1,,,"GROTHMAN, GLENN S.",0.0,239231.0,340.0,239571.0,,0,R,R,"GROTHMAN, GLENN S.",0,0,1,1,0.14,"POWELL, TOM",Other,0.14,0,-10.230517562332174,2020 only; 2022 lines (Daily Kos),0.0
HOU_WI_07_2022,2022,house,WI,7.0,0,1,"AUSMAN, RICHARD DICK",D,"TIFFANY, THOMAS P. (TOM)",128877.0,209224.0,0.0,338101.0,38.12,1,R,R,"TIFFANY, THOMAS P. (TOM)",0,1,1,0,0.0,,,,0,-12.402458805912492,2020 only; 2022 lines (Daily Kos),0.0
HOU_WI_08_2022,2022,house,WI,8.0,0,1,,,"GALLAGHER, MIKE",0.0,223981.0,84248.0,308229.0,,0,R,R,"GALLAGHER, MIKE",0,0,1,4,27.33,"BOUCHER, PAUL DAVID",I,15.86,0,-10.135910652873958,2020 only; 2022 lines (Daily Kos),0.0
HOU_WV_01_2022,2022,house,WV,1.0,0,1,"WATSON, LACY",D,"MILLER, CAROL D.",65428.0,151511.0,10257.0,227196.0,30.16,1,R,R,"MILLER, CAROL D.",0,1,1,1,4.51,"FOX-SPENCER, BELINDA",I,4.51,0,-23.042691496630034,2020 only; 2022 lines (Daily Kos),0.0
HOU_WV_02_2022,2022,house,WV,2.0,0,1,"WENDELL, BARRY LEE",D,"MOONEY, ALEXANDER X. (ALEX)",84278.0,160493.0,115.0,244886.0,34.43,1,R,R,"MOONEY, ALEXANDER X. (ALEX)",0,1,1,1,0.05,"BUCHSER-LOCHOCKI, SUSAN",Other,0.05,0,-21.111176213953144,2020 only; 2022 lines (Daily Kos),0.0
HOU_WY_01_2022,2022,house,WY,1.0,0,1,"GREY BULL, LYNNETTE",D,"HAGEMAN, HARRIET M.",47250.0,132206.0,9925.0,189381.0,26.33,1,R,,,1,1,1,2,5.24,"BRUBAKER, RICHARD P. (BRU)",Lbt,2.86,0,-24.7484214967138,2020 only; 2022 lines (Daily Kos),0.0
HOU_AK_01_2024,2024,house,AK,1.0,0,0,"PELTOLA, MARY SATTLER; HAFNER, ERIC",D,"BEGICH, NICK",156245.0,159550.0,13010.0,328805.0,49.48,1,R,D,"PELTOLA, MARY SATTLER",0,2,1,1,3.96,"HOWE, JOHN WAYNE",Other,3.96,0,-7.529835844978011,2020 only; 2022 lines (Daily Kos),1.0
HOU_AL_01_2024,2024,house,AL,1.0,0,0,"HOLMES, TOM",D,"MOORE, FELIX BARRY",70929.0,258619.0,0.0,329548.0,21.52,1,R,R,"MOORE, FELIX BARRY",0,1,1,0,0.0,,,,0,-16.469999,old course file (PS9 2024 values),0.0
HOU_AL_02_2024,2024,house,AL,2.0,0,0,"FIGURES, SHOMARI",D,"DOBSON, CAROLEENE",158041.0,131414.0,0.0,289455.0,54.6,1,D,,,1,1,1,0,0.0,,,,0,-17.32,old course file (PS9 2024 values),0.0
HOU_AL_03_2024,2024,house,AL,3.0,0,0,,,"ROGERS, MICHAEL DENNIS (MIKE)",0.0,243848.0,0.0,243848.0,,0,R,R,"ROGERS, MICHAEL DENNIS (MIKE)",0,0,1,0,0.0,,,,0,-19.360001,old course file (PS9 2024 values),0.0
HOU_AL_04_2024,2024,house,AL,4.0,0,0,,,"ADERHOLT, ROBERT BROWN",0.0,274498.0,0.0,274498.0,,0,R,R,"ADERHOLT, ROBERT BROWN",0,0,1,0,0.0,,,,0,-33.240002,old course file (PS9 2024 values),0.0
HOU_AL_05_2024,2024,house,AL,5.0,0,0,,,"STRONG, DALE W.",0.0,250322.0,0.0,250322.0,,0,R,R,"STRONG, DALE W.",0,0,1,0,0.0,,,,0,-16.67,old course file (PS9 2024 values),0.0
HOU_AL_06_2024,2024,house,AL,6.0,0,0,"ANDERSON, ELIZABETH",D,"PALMER, GARY J.",102504.0,243741.0,0.0,346245.0,29.6,1,R,R,"PALMER, GARY J.",0,1,1,0,0.0,,,,0,-18.389999,old course file (PS9 2024 values),0.0
HOU_AL_07_2024,2024,house,AL,7.0,0,0,"SEWELL, TERRYCINA ANDREA (TERRI)",D,"LITAKER, ROBIN",186723.0,106312.0,0.0,293035.0,63.72,1,D,D,"SEWELL, TERRYCINA ANDREA (TERRI)",0,1,1,0,0.0,,,,0,14.11,old course file (PS9 2024 values),0.0
HOU_AR_01_2024,2024,house,AR,1.0,0,0,"GOVENS, RODNEY",D,"CRAWFORD, ERIC ALAN (RICK)",64113.0,194711.0,8353.0,267177.0,24.77,1,R,R,"CRAWFORD, ERIC ALAN (RICK)",0,1,1,1,3.13,"PARSONS, STEVE G.",Lbt,3.13,0,-23.34160719384344,2020 only; 2022 lines (Daily Kos),1.0
HOU_AR_02_2024,2024,house,AR,2.0,0,0,"JONES, MARCUS A.",D,"HILL, JAMES FRENCH",125777.0,180509.0,0.0,306286.0,41.07,1,R,R,"HILL, JAMES FRENCH",0,1,1,0,0.0,,,,0,-9.008821991493704,2020 only; 2022 lines (Daily Kos),1.0
HOU_AR_03_2024,2024,house,AR,3.0,0,0,"DRAPER, CAITLIN",D,"WOMACK, STEPHEN ALLEN (STEVE)",95652.0,192101.0,13331.0,301084.0,33.24,1,R,R,"WOMACK, STEPHEN ALLEN (STEVE)",0,1,1,1,4.43,"WILSON, BOBBY",Lbt,4.43,0,-14.338278565924478,2020 only; 2022 lines (Daily Kos),1.0
HOU_AR_04_2024,2024,house,AR,4.0,0,0,"HOWARD, RISIE",D,"WESTERMAN, BRUCE",73207.0,197046.0,0.0,270253.0,27.09,1,R,R,"WESTERMAN, BRUCE",0,1,1,0,0.0,,,,0,-20.38967660314012,2020 only; 2022 lines (Daily Kos),1.0
HOU_AZ_01_2024,2024,house,AZ,1.0,0,0,"SHAH, AMISH",D,"SCHWEIKERT, DAVID",208966.0,225538.0,0.0,434504.0,48.09,1,R,R,"SCHWEIKERT, DAVID",0,1,1,0,0.0,,,,0,-1.5157605912301864,2020 only; 2022 lines (Daily Kos),1.0
HOU_AZ_02_2024,2024,house,AZ,2.0,0,0,"NEZ, JONATHAN",D,"CRANE, ELIJAH (ELI)",184963.0,221413.0,55.0,406431.0,45.52,1,R,R,"CRANE, ELIJAH (ELI)",0,1,1,3,0.01,"ESTER, RICHARD WILLIAM",Other,0.01,0,-6.267389429776577,2020 only; 2022 lines (Daily Kos),1.0
HOU_AZ_03_2024,2024,house,AZ,3.0,0,0,"ANSARI, YASSAMIN",D,"ZINK, JEFF NELSON",143336.0,53705.0,5024.0,202065.0,72.74,1,D,,,1,1,1,2,2.49,"AVERSA, ALAN",Grn,2.48,0,23.46113193086713,2020 only; 2022 lines (Daily Kos),1.0
HOU_AZ_04_2024,2024,house,AZ,4.0,0,0,"STANTON, GREG",D,"COOPER, KELLY",176428.0,152052.0,6065.0,334545.0,53.71,1,D,D,"STANTON, GREG",0,1,1,1,1.81,"BECK-JONES, VINCENT",Grn,1.81,0,2.984786622853519,2020 only; 2022 lines (Daily Kos),1.0
HOU_AZ_05_2024,2024,house,AZ,5.0,0,0,"SCHAFFNER, KATRINA",D,"BIGGS, ANDY",167680.0,255628.0,0.0,423308.0,39.61,1,R,R,"BIGGS, ANDY",0,1,1,0,0.0,,,,0,-10.586885533880224,2020 only; 2022 lines (Daily Kos),1.0
HOU_AZ_06_2024,2024,house,AZ,6.0,0,0,"ENGEL, KIRSTEN",D,"CISCOMANI, JUAN",204774.0,215596.0,10850.0,431220.0,48.71,1,R,R,"CISCOMANI, JUAN",0,1,1,2,2.52,"EASTWOOD, ATHENA",Grn,2.5,0,-2.23117560191769,2020 only; 2022 lines (Daily Kos),1.0
HOU_AZ_07_2024,2024,house,AZ,7.0,0,0,"GRIJALVA, RAUL M.",D,"BUTIEREZ, DANIEL FRANCIS, SR.",171954.0,99057.0,0.0,271011.0,63.45,1,D,D,"GRIJALVA, RAUL M.",0,1,1,0,0.0,,,,0,14.364489676384997,2020 only; 2022 lines (Daily Kos),1.0
HOU_AZ_08_2024,2024,house,AZ,8.0,0,0,"WHITTEN, GREGORY",D,"HAMADEH, ABRAHAM (ABE)",160344.0,208269.0,0.0,368613.0,43.5,1,R,,,1,1,1,0,0.0,,,,0,-9.130786373939925,2020 only; 2022 lines (Daily Kos),1.0
HOU_AZ_09_2024,2024,house,AZ,9.0,0,0,"SMITH, QUACY",D,"GOSAR, PAUL ANTHONY",132640.0,249583.0,0.0,382223.0,34.7,1,R,R,"GOSAR, PAUL ANTHONY",0,1,1,0,0.0,,,,0,-15.338427145013538,2020 only; 2022 lines (Daily Kos),1.0
HOU_CA_01_2024,2024,house,CA,1.0,0,0,"YEE, ROSE PENELOPE",D,"LAMALFA, DOUG",110636.0,208592.0,0.0,319228.0,34.66,1,R,R,"LAMALFA, DOUG",0,1,1,0,0.0,,,,0,-12.06206492671306,2020 only; 2022 lines (Daily Kos),0.0
HOU_CA_02_2024,2024,house,CA,2.0,0,0,"HUFFMAN, JARED WILLIAM",D,"COULOMBE, CHRIS",272883.0,106734.0,0.0,379617.0,71.88,1,D,D,"HUFFMAN, JARED WILLIAM",0,1,1,0,0.0,,,,0,23.0887443568203,2020 only; 2022 lines (Daily Kos),0.0
HOU_CA_03_2024,2024,house,CA,3.0,0,0,"MORSE, JESSICA",D,"KILEY, KEVIN",188067.0,234246.0,0.0,422313.0,44.53,1,R,R,"KILEY, KEVIN",0,1,1,0,0.0,,,,0,-3.191558932233163,2020 only; 2022 lines (Daily Kos),0.0
HOU_CA_04_2024,2024,house,CA,4.0,0,0,"THOMPSON, C. MICHAEL (MIKE)",D,"MUNN, JOHN",227730.0,114950.0,0.0,342680.0,66.46,1,D,D,"THOMPSON, C. MICHAEL (MIKE)",0,1,1,0,0.0,,,,0,16.46914804080286,2020 only; 2022 lines (Daily Kos),0.0
HOU_CA_05_2024,2024,house,CA,5.0,0,0,"BARKLEY, MICHAEL JAMES (MIKE)",D,"MCCLINTOCK, THOMAS MILLER (TOM), II",140919.0,227643.0,0.0,368562.0,38.23,1,R,R,"MCCLINTOCK, THOMAS MILLER (TOM), II",0,1,1,0,0.0,,,,0,-8.558962111904522,2020 only; 2022 lines (Daily Kos),0.0
HOU_CA_06_2024,2024,house,CA,6.0,0,0,"BERA, AMERISH (AMI)",D,"BISH, CHRISTINE (CHRIS)",165408.0,121664.0,0.0,287072.0,57.62,1,D,D,"BERA, AMERISH (AMI)",0,1,1,0,0.0,,,,0,7.19801806901692,2020 only; 2022 lines (Daily Kos),0.0
HOU_CA_07_2024,2024,house,CA,7.0,0,0,"MATSUI, DORIS O.",D,"SILVA, TOM",197429.0,98341.0,0.0,295770.0,66.75,1,D,D,"MATSUI, DORIS O.",0,1,1,0,0.0,,,,0,16.75306565999266,2020 only; 2022 lines (Daily Kos),0.0
HOU_CA_08_2024,2024,house,CA,8.0,0,0,"GARAMENDI, JOHN R.",D,"RECILE, RUDY",201962.0,71068.0,0.0,273030.0,73.97,1,D,D,"GARAMENDI, JOHN R.",0,1,1,0,0.0,,,,0,25.30804827140881,2020 only; 2022 lines (Daily Kos),0.0
HOU_CA_09_2024,2024,house,CA,9.0,0,0,"HARDER, JOSH",D,"LINCOLN, KEVIN",130183.0,121174.0,0.0,251357.0,51.79,1,D,D,"HARDER, JOSH",0,1,1,0,0.0,,,,0,4.176845925768536,2020 only; 2022 lines (Daily Kos),0.0
HOU_CA_10_2024,2024,house,CA,10.0,0,0,"DESAULNIER, MARK",D,"PICCININI, KATHERINE",242325.0,122219.0,0.0,364544.0,66.47,1,D,D,"DESAULNIER, MARK",0,1,1,0,0.0,,,,0,17.8371285679761,2020 only; 2022 lines (Daily Kos),0.0
HOU_CA_11_2024,2024,house,CA,11.0,0,0,"PELOSI, NANCY",D,"LOU, BRUCE",274796.0,64315.0,0.0,339111.0,81.03,1,D,D,"PELOSI, NANCY",0,1,1,0,0.0,,,,0,35.76056269681863,2020 only; 2022 lines (Daily Kos),0.0
HOU_CA_12_2024,2024,house,CA,12.0,0,0,"SIMON, LATEEFAH; TRAN, JENNIFER",D,,283025.0,0.0,0.0,283025.0,,0,D,,,1,2,0,0,0.0,,,,0,38.93088218987691,2020 only; 2022 lines (Daily Kos),0.0
HOU_CA_13_2024,2024,house,CA,13.0,0,0,"GRAY, ADAM",D,"DUARTE, JOHN S.",105554.0,105367.0,0.0,210921.0,50.04,1,D,R,"DUARTE, JOHN S.",0,1,1,0,0.0,,,,0,3.2842762727533503,2020 only; 2022 lines (Daily Kos),0.0
HOU_CA_14_2024,2024,house,CA,14.0,0,0,"SWALWELL, ERIC MICHAEL",D,"KRUTTIVENTI, VIN",187263.0,89125.0,0.0,276388.0,67.75,1,D,D,"SWALWELL, ERIC MICHAEL",0,1,1,0,0.0,,,,0,20.95041965792709,2020 only; 2022 lines (Daily Kos),0.0
HOU_CA_15_2024,2024,house,CA,15.0,0,0,"MULLIN, KEVIN",D,"KRAMER, ANNA CHENG",211648.0,77896.0,0.0,289544.0,73.1,1,D,D,"MULLIN, KEVIN",0,1,1,0,0.0,,,,0,26.9584037098495,2020 only; 2022 lines (Daily Kos),0.0
HOU_CA_16_2024,2024,house,CA,16.0,0,0,"LICCARDO, SAM; LOW, EVAN",D,,308476.0,0.0,0.0,308476.0,,0,D,,,1,2,0,0,0.0,,,,0,24.833092708221592,2020 only; 2022 lines (Daily Kos),0.0
HOU_CA_17_2024,2024,house,CA,17.0,0,0,"KHANNA, ROHIT (RO)",D,"CHEN, ANITA",172462.0,82415.0,0.0,254877.0,67.66,1,D,D,"KHANNA, ROHIT (RO)",0,1,1,0,0.0,,,,0,21.920955905748407,2020 only; 2022 lines (Daily Kos),0.0
HOU_CA_18_2024,2024,house,CA,18.0,0,0,"LOFGREN, ZOE",D,"HERNANDEZ, PETER D.",147674.0,80832.0,0.0,228506.0,64.63,1,D,D,"LOFGREN, ZOE",0,1,1,0,0.0,,,,0,20.255279240506773,2020 only; 2022 lines (Daily Kos),0.0
HOU_CA_19_2024,2024,house,CA,19.0,0,0,"PANETTA, JIMMY VARNI",D,"ANDERSON, JASON MICHAEL",252458.0,111862.0,0.0,364320.0,69.3,1,D,D,"PANETTA, JIMMY VARNI",0,1,1,0,0.0,,,,0,17.990886452868793,2020 only; 2022 lines (Daily Kos),0.0
HOU_CA_20_2024,2024,house,CA,20.0,0,0,,,"FONG, VINCE; BOUDREAUX, MIKE",0.0,288788.0,0.0,288788.0,,0,R,R,"FONG, VINCE",0,0,2,0,0.0,,,,0,-14.987165020297027,2020 only; 2022 lines (Daily Kos),0.0
HOU_CA_21_2024,2024,house,CA,21.0,0,0,"COSTA, JIM",D,"MAHER, MICHAEL",102798.0,92733.0,0.0,195531.0,52.57,1,D,D,"COSTA, JIM",0,1,1,0,0.0,,,,0,8.100673654448753,2020 only; 2022 lines (Daily Kos),0.0
HOU_CA_22_2024,2024,house,CA,22.0,0,0,"SALAS, RUDY",D,"VALADAO, DAVID G.",78023.0,89484.0,0.0,167507.0,46.58,1,R,R,"VALADAO, DAVID G.",0,1,1,0,0.0,,,,0,4.342973597983535,2020 only; 2022 lines (Daily Kos),0.0
HOU_CA_23_2024,2024,house,CA,23.0,0,0,"MARSHALL, DEREK",D,"OBERNOLTE, JAY",105563.0,159286.0,0.0,264849.0,39.86,1,R,R,"OBERNOLTE, JAY",0,1,1,0,0.0,,,,0,-7.293380611156886,2020 only; 2022 lines (Daily Kos),0.0
HOU_CA_24_2024,2024,house,CA,24.0,0,0,"CARBAJAL, SALUD O.",D,"COLE, THOMAS",214724.0,127755.0,0.0,342479.0,62.7,1,D,D,"CARBAJAL, SALUD O.",0,1,1,0,0.0,,,,0,12.608961897413462,2020 only; 2022 lines (Daily Kos),0.0
HOU_CA_25_2024,2024,house,CA,25.0,0,0,"RUIZ, RAUL",D,"WEEKS, IAN M.",137837.0,107194.0,0.0,245031.0,56.25,1,D,D,"RUIZ, RAUL",0,1,1,0,0.0,,,,0,5.532653735818305,2020 only; 2022 lines (Daily Kos),0.0
HOU_CA_26_2024,2024,house,CA,26.0,0,0,"BROWNLEY, JULIA",D,"KOSLOW, MICHAEL",187393.0,146913.0,0.0,334306.0,56.05,1,D,D,"BROWNLEY, JULIA",0,1,1,0,0.0,,,,0,7.933033935096622,2020 only; 2022 lines (Daily Kos),0.0
HOU_CA_27_2024,2024,house,CA,27.0,0,0,"WHITESIDES, GEORGE",D,"GARCIA, MICHAEL (MIKE)",154040.0,146050.0,0.0,300090.0,51.33,1,D,R,"GARCIA, MICHAEL (MIKE)",0,1,1,0,0.0,,,,0,4.052194702505152,2020 only; 2022 lines (Daily Kos),0.0
HOU_CA_28_2024,2024,house,CA,28.0,0,0,"CHU, JUDY M.",D,"VERLATO, APRIL A.",204489.0,110455.0,0.0,314944.0,64.93,1,D,D,"CHU, JUDY M.",0,1,1,0,0.0,,,,0,15.17051772743848,2020 only; 2022 lines (Daily Kos),0.0
HOU_CA_29_2024,2024,house,CA,29.0,0,0,"RIVAS, LUZ MARIA",D,"BERNAL, BENITO (BENNY)",146312.0,63374.0,0.0,209686.0,69.78,1,D,,,1,1,1,0,0.0,,,,0,23.96609519737224,2020 only; 2022 lines (Daily Kos),0.0
HOU_CA_30_2024,2024,house,CA,30.0,0,0,"FRIEDMAN, LAURA",D,"BALEKIAN, ALEX",213100.0,98559.0,0.0,311659.0,68.38,1,D,,,1,1,1,0,0.0,,,,0,21.266721542106847,2020 only; 2022 lines (Daily Kos),0.0
HOU_CA_31_2024,2024,house,CA,31.0,0,0,"CISNEROS, GILBERT (GIL)",D,"MARTINEZ, DANIEL JOSE BOCIC",148095.0,99856.0,0.0,247951.0,59.73,1,D,,,1,1,1,0,0.0,,,,0,13.586147693721353,2020 only; 2022 lines (Daily Kos),0.0
HOU_CA_32_2024,2024,house,CA,32.0,0,0,"SHERMAN, BRAD",D,"THOMPSON, LARRY",212934.0,108711.0,0.0,321645.0,66.2,1,D,D,"SHERMAN, BRAD",0,1,1,0,0.0,,,,0,18.49707373998328,2020 only; 2022 lines (Daily Kos),0.0
HOU_CA_33_2024,2024,house,CA,33.0,0,0,"AGUILAR, PETE",D,"HERMAN, TOM",137197.0,96078.0,0.0,233275.0,58.81,1,D,D,"AGUILAR, PETE",0,1,1,0,0.0,,,,0,10.6861579180366,2020 only; 2022 lines (Daily Kos),0.0
HOU_CA_34_2024,2024,house,CA,34.0,0,0,"GOMEZ, JIMMY; KIM, DAVID YUNG HO",D,,189414.0,0.0,0.0,189414.0,,0,D,D,"GOMEZ, JIMMY",0,2,0,0,0.0,,,,0,30.62731991805342,2020 only; 2022 lines (Daily Kos),0.0
HOU_CA_35_2024,2024,house,CA,35.0,0,0,"TORRES, NORMA J.",D,"CARGILE, MIKE",136413.0,97142.0,0.0,233555.0,58.41,1,D,D,"TORRES, NORMA J.",0,1,1,0,0.0,,,,0,11.851513035888106,2020 only; 2022 lines (Daily Kos),0.0
HOU_CA_36_2024,2024,house,CA,36.0,0,0,"LIEU, TED W.",D,"TOOMIM, MELISSA",246002.0,111985.0,0.0,357987.0,68.72,1,D,D,"LIEU, TED W.",0,1,1,0,0.0,,,,0,20.25108248778774,2020 only; 2022 lines (Daily Kos),0.0
HOU_CA_37_2024,2024,house,CA,37.0,0,0,"KAMLAGER-DOVE, SYDNEY",D,,160364.0,0.0,44450.0,204814.0,,0,D,D,"KAMLAGER-DOVE, SYDNEY",0,1,0,1,21.7,"REY, JUAN",Other,21.7,0,35.07230594120503,2020 only; 2022 lines (Daily Kos),0.0
HOU_CA_38_2024,2024,house,CA,38.0,0,0,"SANCHEZ, LINDA T.",D,"CHING, ERIC J.",165110.0,110818.0,0.0,275928.0,59.84,1,D,D,"SANCHEZ, LINDA T.",0,1,1,0,0.0,,,,0,13.13851451048409,2020 only; 2022 lines (Daily Kos),0.0
HOU_CA_39_2024,2024,house,CA,39.0,0,0,"TAKANO, MARK ALLAN",D,"SERPA, DAVID",130191.0,99469.0,0.0,229660.0,56.69,1,D,D,"TAKANO, MARK ALLAN",0,1,1,0,0.0,,,,0,11.084398779468495,2020 only; 2022 lines (Daily Kos),0.0
HOU_CA_40_2024,2024,house,CA,40.0,0,0,"KERR, JOE",D,"KIM, YOUNG",171637.0,211998.0,0.0,383635.0,44.74,1,R,R,"KIM, YOUNG",0,1,1,0,0.0,,,,0,-1.3114133185243904,2020 only; 2022 lines (Daily Kos),0.0
HOU_CA_41_2024,2024,house,CA,41.0,0,0,"ROLLINS, WILL",D,"CALVERT, KENNETH STANTON (KEN)",171229.0,183216.0,0.0,354445.0,48.31,1,R,R,"CALVERT, KENNETH STANTON (KEN)",0,1,1,0,0.0,,,,0,-2.817470972846703,2020 only; 2022 lines (Daily Kos),0.0
HOU_CA_42_2024,2024,house,CA,42.0,0,0,"GARCIA, ROBERT",D,"BRISCOE, JOHN",159153.0,74410.0,0.0,233563.0,68.14,1,D,D,"GARCIA, ROBERT",0,1,1,0,0.0,,,,0,21.207434636445697,2020 only; 2022 lines (Daily Kos),0.0
HOU_CA_43_2024,2024,house,CA,43.0,0,0,"WATERS, MAXINE",D,"WILLIAMS, STEVE",160080.0,53152.0,0.0,213232.0,75.07,1,D,D,"WATERS, MAXINE",0,1,1,0,0.0,,,,0,30.34453151798432,2020 only; 2022 lines (Daily Kos),0.0
HOU_CA_44_2024,2024,house,CA,44.0,0,0,"BARRAGAN, NANETTE DIAZ",D,"GROH, ROGER",164765.0,66087.0,0.0,230852.0,71.37,1,D,D,"BARRAGAN, NANETTE DIAZ",0,1,1,0,0.0,,,,0,22.40576350627652,2020 only; 2022 lines (Daily Kos),0.0
HOU_CA_45_2024,2024,house,CA,45.0,0,0,"TRAN, DEREK",D,"STEEL, MICHELLE",158264.0,157611.0,0.0,315875.0,50.1,1,D,R,"STEEL, MICHELLE",0,1,1,0,0.0,,,,0,0.8842821854488925,2020 only; 2022 lines (Daily Kos),0.0
HOU_CA_46_2024,2024,house,CA,46.0,0,0,"CORREA, JOSE LUIS (LOU)",D,"PAN, DAVID",134013.0,77279.0,0.0,211292.0,63.43,1,D,D,"CORREA, JOSE LUIS (LOU)",0,1,1,0,0.0,,,,0,13.271541793323935,2020 only; 2022 lines (Daily Kos),0.0
HOU_CA_47_2024,2024,house,CA,47.0,0,0,"MIN, DAVID (DAVE)",D,"BAUGH, SCOTT",181721.0,171554.0,0.0,353275.0,51.44,1,D,,,1,1,1,0,0.0,,,,0,3.391806553067145,2020 only; 2022 lines (Daily Kos),0.0
HOU_CA_48_2024,2024,house,CA,48.0,0,0,"HOULAHAN, STEPHEN",D,"ISSA, DARRELL EDWARD",146665.0,213625.0,0.0,360290.0,40.71,1,R,R,"ISSA, DARRELL EDWARD",0,1,1,0,0.0,,,,0,-8.570450821326553,2020 only; 2022 lines (Daily Kos),0.0
HOU_CA_49_2024,2024,house,CA,49.0,0,0,"LEVIN, MIKE",D,"GUNDERSON, MATT",197397.0,180950.0,0.0,378347.0,52.17,1,D,D,"LEVIN, MIKE",0,1,1,0,0.0,,,,0,3.5693032897961663,2020 only; 2022 lines (Daily Kos),0.0
HOU_CA_50_2024,2024,house,CA,50.0,0,0,"PETERS, SCOTT H.",D,"BONO, PETER J.",231836.0,128859.0,0.0,360695.0,64.27,1,D,D,"PETERS, SCOTT H.",0,1,1,0,0.0,,,,0,14.703052806967776,2020 only; 2022 lines (Daily Kos),0.0
HOU_CA_51_2024,2024,house,CA,51.0,0,0,"JACOBS, SARA",D,"WELLS, BILL",198835.0,128749.0,0.0,327584.0,60.7,1,D,D,"JACOBS, SARA",0,1,1,0,0.0,,,,0,11.715682059535638,2020 only; 2022 lines (Daily Kos),0.0
HOU_CA_52_2024,2024,house,CA,52.0,0,0,"VARGAS, JUAN CARLOS",D,"LEE, JUSTIN",172217.0,87501.0,0.0,259718.0,66.31,1,D,D,"VARGAS, JUAN CARLOS",0,1,1,0,0.0,,,,0,16.55292405980573,2020 only; 2022 lines (Daily Kos),0.0
HOU_CO_01_2024,2024,house,CO,1.0,0,0,"DEGETTE, DIANA LOUISE",D,"ARCHULETA, VALDAMAR",264606.0,74598.0,6531.0,345735.0,78.01,1,D,D,"DEGETTE, DIANA LOUISE",0,1,1,4,1.89,"MILTON, CRITTER",Other,1.18,0,29.09127943831551,2020 only; 2022 lines (Daily Kos),1.0
HOU_CO_02_2024,2024,house,CO,2.0,0,0,"NEGUSE, JOE",D,"DAWSON, MARSHALL",284994.0,120633.0,11281.0,416908.0,70.26,1,D,D,"NEGUSE, JOE",0,1,1,4,2.71,"KENT, GAYLON",Lbt,1.24,0,18.18653606344679,2020 only; 2022 lines (Daily Kos),1.0
HOU_CO_03_2024,2024,house,CO,3.0,0,0,"FRISCH, ADAM",D,"HURD, JEFF",182147.0,201951.0,13455.0,397553.0,47.42,1,R,,,1,1,1,2,3.38,"WILEY, JAMES",Lbt,2.7,0,-6.493766814270802,2020 only; 2022 lines (Daily Kos),1.0
HOU_CO_04_2024,2024,house,CO,4.0,0,0,"CALVARESE, TRISHA",D,"BOEBERT, LAUREN",188249.0,240213.0,19345.0,447807.0,43.94,1,R,R,"BOEBERT, LAUREN",0,1,1,3,4.32,"GOODMAN, HANNAH",Lbt,2.61,0,-11.781485324406871,2020 only; 2022 lines (Daily Kos),1.0
HOU_CO_05_2024,2024,house,CO,5.0,0,0,"GASSEN, RIVER",D,"CRANK, JEFFREY G. (JEFF)",147972.0,197924.0,16189.0,362085.0,42.78,1,R,,,1,1,1,5,4.47,"VANCE, MICHAEL KEITH",Lbt,1.78,0,-7.516084628571407,2020 only; 2022 lines (Daily Kos),1.0
HOU_CO_06_2024,2024,house,CO,6.0,0,0,"CROW, JASON",D,"FABBRICATORE, JOHN E.",202686.0,132174.0,8861.0,343721.0,60.53,1,D,D,"CROW, JASON",0,1,1,3,2.58,"KITTLESON, JOHN C.",Lbt,1.41,0,9.950352249812,2020 only; 2022 lines (Daily Kos),1.0
HOU_CO_07_2024,2024,house,CO,7.0,0,0,"PETTERSEN, BRITTANY",D,"MATVEYUK, SERGEI",235688.0,175273.0,15005.0,425966.0,57.35,1,D,D,"PETTERSEN, BRITTANY",0,1,1,3,3.52,"BOHAN, PATRICK",Lbt,2.28,0,5.020263664575275,2020 only; 2022 lines (Daily Kos),1.0
HOU_CO_08_2024,2024,house,CO,8.0,0,0,"CARAVEO, YADIRA",D,"EVANS, GABE",160871.0,163320.0,9425.0,333616.0,49.62,1,R,D,"CARAVEO, YADIRA",0,1,1,3,2.83,"BAUM, CHRIS",Other,1.72,0,0.0789865248506216,2020 only; 2022 lines (Daily Kos),1.0
HOU_CT_01_2024,2024,house,CT,1.0,0,0,"LARSON, JOHN B.",D,"GRIFFIN, JIM",208649.0,115065.0,6768.0,330482.0,64.45,1,D,D,"LARSON, JOHN B.",0,1,1,1,2.05,"SANDERS, MARY L.",Grn,2.05,0,11.983780192461213,2020 only; 2022 lines (Daily Kos),1.0
HOU_CT_02_2024,2024,house,CT,2.0,0,0,"COURTNEY, JOSEPH D. (JOE)",D,"FRANCE, MIKE",218162.0,157878.0,7.0,376047.0,58.02,1,D,D,"COURTNEY, JOSEPH D. (JOE)",0,1,1,2,0.0,"RUSSELL, JEFFREY (JEFF)",Other,0.0,0,3.5715775589320264,2020 only; 2022 lines (Daily Kos),1.0
HOU_CT_03_2024,2024,house,CT,3.0,0,0,"DELAURO, ROSA L.",D,"MASSEY, MICHAEL",193684.0,135113.0,126.0,328923.0,58.91,1,D,D,"DELAURO, ROSA L.",0,1,1,2,0.04,"OMAR, SHAHD",Other,0.04,0,7.716387698910165,2020 only; 2022 lines (Daily Kos),1.0
HOU_CT_04_2024,2024,house,CT,4.0,0,0,"HIMES, JAMES A. (JIM)",D,"GOLDSTEIN, MICHAEL TED",200791.0,122793.0,5273.0,328857.0,62.05,1,D,D,"HIMES, JAMES A. (JIM)",0,1,1,1,1.6,"WESLEY, BENJAMIN",I,1.6,0,13.44329085110406,2020 only; 2022 lines (Daily Kos),1.0
HOU_CT_05_2024,2024,house,CT,5.0,0,0,"HAYES, JAHANA",D,"LOGAN, GEORGE",180268.0,157258.0,155.0,337681.0,53.41,1,D,D,"HAYES, JAHANA",0,1,1,3,0.05,"DARWISH, AHMAD A. J.",W,0.02,0,3.1874692886729727,2020 only; 2022 lines (Daily Kos),1.0
HOU_DE_01_2024,2024,house,DE,1.0,0,0,"MCBRIDE, SARAH",D,"WHALEN, JOHN J., III",287830.0,209606.0,0.0,497436.0,57.86,1,D,,,1,1,1,0,0.0,,,,0,7.358757043855768,2020 only; 2022 lines (Daily Kos),1.0
HOU_FL_01_2024,2024,house,FL,1.0,0,0,"VALIMONT, GAY",D,"GAETZ, MATT (JERRY)",140980.0,274108.0,0.0,415088.0,33.96,1,R,R,"GAETZ, MATT (JERRY)",0,1,1,0,0.0,,,,0,-18.706388631370245,2020 only; 2022 lines (Daily Kos),0.0
HOU_FL_02_2024,2024,house,FL,2.0,0,0,"BAILEY, YEN",D,"DUNN, NEAL P.",154323.0,247957.0,0.0,402280.0,38.36,1,R,R,"DUNN, NEAL P.",0,1,1,0,0.0,,,,0,-7.823285872123992,2020 only; 2022 lines (Daily Kos),0.0
HOU_FL_03_2024,2024,house,FL,3.0,0,0,"WELLS, TOM",D,"CAMMACK, KATHRYN C. (KAT)",150283.0,241174.0,0.0,391457.0,38.39,1,R,R,"CAMMACK, KATHRYN C. (KAT)",0,1,1,0,0.0,,,,0,-9.386900313868802,2020 only; 2022 lines (Daily Kos),0.0
HOU_FL_04_2024,2024,house,FL,4.0,0,0,"HOLLOWAY, LASHONDA (L.J.)",D,"BEAN, AARON",165912.0,222364.0,73.0,388349.0,42.73,1,R,R,"BEAN, AARON",0,1,1,1,0.02,"SCHAEFER, TODD",Other,0.02,0,-5.6547176159845165,2020 only; 2022 lines (Daily Kos),0.0
HOU_FL_05_2024,2024,house,FL,5.0,0,0,"MCGOVERN, JAY",D,"RUTHERFORD, JOHN H.",156570.0,267471.0,23.0,424064.0,36.92,1,R,R,"RUTHERFORD, JOHN H.",0,1,1,1,0.01,"KONIZ, GARY LEE",Other,0.01,0,-10.266370665124624,2020 only; 2022 lines (Daily Kos),0.0
HOU_FL_06_2024,2024,house,FL,6.0,0,0,"STOCKTON, JAMES DAVID, III",D,"WALTZ, MICHAEL",143050.0,284414.0,10.0,427474.0,33.46,1,R,R,"WALTZ, MICHAEL",0,1,1,1,0.0,"DEMBINSKY, RICHARD PAUL",Other,0.0,0,-14.211059723552887,2020 only; 2022 lines (Daily Kos),0.0
HOU_FL_07_2024,2024,house,FL,7.0,0,0,"ADAMS, JENNIFER",D,"MILLS, CORY",179917.0,233937.0,0.0,413854.0,43.47,1,R,R,"MILLS, CORY",0,1,1,0,0.0,,,,0,-5.070606736500904,2020 only; 2022 lines (Daily Kos),0.0
HOU_FL_08_2024,2024,house,FL,8.0,0,0,"KENNEDY, SANDY",D,"HARIDOPOLOS, MIKE",170096.0,280352.0,0.0,450448.0,37.76,1,R,,,1,1,1,0,0.0,,,,0,-11.18682153169172,2020 only; 2022 lines (Daily Kos),0.0
HOU_FL_09_2024,2024,house,FL,9.0,0,0,"SOTO, DARREN MICHAEL",D,"CHALIFOUX, THOMAS",178785.0,138076.0,7412.0,324273.0,56.42,1,D,D,"SOTO, DARREN MICHAEL",0,1,1,1,2.29,"CARTER, MARCUS",Other,2.29,0,6.533346138273655,2020 only; 2022 lines (Daily Kos),0.0
HOU_FL_10_2024,2024,house,FL,10.0,0,0,"FROST, MAXWELL ALEJANDRO",D,"MONTAGUE, WILLIE J.",181455.0,109460.0,0.0,290915.0,62.37,1,D,D,"FROST, MAXWELL ALEJANDRO",0,1,1,0,0.0,,,,0,13.808124769539532,2020 only; 2022 lines (Daily Kos),0.0
HOU_FL_11_2024,2024,house,FL,11.0,0,0,"HALL, BARBIE HARDEN",D,"WEBSTER, DANIEL A. (DAN)",176726.0,269277.0,0.0,446003.0,39.62,1,R,R,"WEBSTER, DANIEL A. (DAN)",0,1,1,0,0.0,,,,0,-7.751538579456263,2020 only; 2022 lines (Daily Kos),0.0
HOU_FL_12_2024,2024,house,FL,12.0,0,0,"ABOUJAOUDE, ROCK, JR.",D,"BILIRAKIS, GUS MICHAEL",124949.0,306487.0,0.0,431436.0,28.96,1,R,R,"BILIRAKIS, GUS MICHAEL",0,1,1,0,0.0,,,,0,-16.77286822903253,2020 only; 2022 lines (Daily Kos),0.0
HOU_FL_13_2024,2024,house,FL,13.0,0,0,"FOX, WHITNEY",D,"LUNA, ANNA PAULINA",185930.0,225636.0,27.0,411593.0,45.18,1,R,R,"LUNA, ANNA PAULINA",0,1,1,1,0.01,"D’ARRIGO, TONY",Other,0.01,0,-5.678737986986604,2020 only; 2022 lines (Daily Kos),0.0
HOU_FL_14_2024,2024,house,FL,14.0,0,0,"CASTOR, KATHERINE ANNE (KATHY)",D,"ROCHFORD, ROBERT (ROCKY)",199423.0,145643.0,5119.0,350185.0,57.79,1,D,D,"CASTOR, KATHERINE ANNE (KATHY)",0,1,1,2,1.46,"BRADLEY, CHRISTOPHER",Other,0.74,0,7.420377213625173,2020 only; 2022 lines (Daily Kos),0.0
HOU_FL_15_2024,2024,house,FL,15.0,0,0,"KEMP, PATRICIA (PAT)",D,"LEE, LAUREL M.",152361.0,195334.0,0.0,347695.0,43.82,1,R,R,"LEE, LAUREL M.",0,1,1,0,0.0,,,,0,-3.863842827424857,2020 only; 2022 lines (Daily Kos),0.0
HOU_FL_16_2024,2024,house,FL,16.0,0,0,"SCHNEIDER, JAN",D,"BUCHANAN, VERNON (VERN)",168625.0,247516.0,0.0,416141.0,40.52,1,R,R,"BUCHANAN, VERNON (VERN)",0,1,1,0,0.0,,,,0,-6.762346873185221,2020 only; 2022 lines (Daily Kos),0.0
HOU_FL_17_2024,2024,house,FL,17.0,0,0,"LOPEZ, MANNY",D,"STEUBE, W. GREGORY (GREG)",164566.0,291347.0,8.0,455921.0,36.1,1,R,R,"STEUBE, W. GREGORY (GREG)",0,1,1,1,0.0,"HARTMAN, RALPH E.",Other,0.0,0,-10.306517859766684,2020 only; 2022 lines (Daily Kos),0.0
HOU_FL_18_2024,2024,house,FL,18.0,0,0,"KALE, ANDREA DORIA",D,"FRANKLIN, C. SCOTT",119637.0,225170.0,0.0,344807.0,34.7,1,R,R,"FRANKLIN, C. SCOTT",0,1,1,0,0.0,,,,0,-13.779476251305484,2020 only; 2022 lines (Daily Kos),0.0
HOU_FL_19_2024,2024,house,FL,19.0,0,0,"LERNER, KARI L.",D,"DONALDS, BYRON",140038.0,275708.0,0.0,415746.0,33.68,1,R,R,"DONALDS, BYRON",0,1,1,0,0.0,,,,0,-12.852828762974344,2020 only; 2022 lines (Daily Kos),0.0
HOU_FL_20_2024,2024,house,FL,20.0,0,0,"CHERFILUS-MCCORMICK, SHEILA",,,0.0,0.0,0.0,0.0,,0,D,D,"CHERFILUS-MCCORMICK, SHEILA",0,1,0,0,,,,,0,24.073270228240894,2020 only; 2022 lines (Daily Kos),0.0
HOU_FL_21_2024,2024,house,FL,21.0,0,0,"WITKOP, THOMAS",D,"MAST, BRIAN J.",171312.0,277435.0,19.0,448766.0,38.18,1,R,R,"MAST, BRIAN J.",0,1,1,1,0.0,"FELTON, ELIZABETH",Other,0.0,0,-7.016566837874061,2020 only; 2022 lines (Daily Kos),0.0
HOU_FL_22_2024,2024,house,FL,22.0,0,0,"FRANKEL, LOIS JANE",D,"FRANZESE, DAN",201608.0,165248.0,0.0,366856.0,54.96,1,D,D,"FRANKEL, LOIS JANE",0,1,1,0,0.0,,,,0,6.593743425565912,2020 only; 2022 lines (Daily Kos),0.0
HOU_FL_23_2024,2024,house,FL,23.0,0,0,"MOSKOWITZ, JARED",D,"KAUFMAN, JOSEPH (JOE)",196311.0,178006.0,0.0,374317.0,52.45,1,D,D,"MOSKOWITZ, JARED",0,1,1,0,0.0,,,,0,4.381977826983796,2020 only; 2022 lines (Daily Kos),0.0
HOU_FL_24_2024,2024,house,FL,24.0,0,0,"WILSON, FREDERICA S. (FREDDI)",D,"NAVARRO, JESUS GABRIEL",194874.0,90692.0,22.0,285588.0,68.24,1,D,D,"WILSON, FREDERICA S. (FREDDI)",0,1,1,1,0.01,"SPICER, LAVERN",Other,0.01,0,22.39314819676412,2020 only; 2022 lines (Daily Kos),0.0
HOU_FL_25_2024,2024,house,FL,25.0,0,0,"WASSERMAN SCHULTZ, DEBBIE",D,"EDDY, CHRIS",186942.0,156208.0,41.0,343191.0,54.48,1,D,D,"WASSERMAN SCHULTZ, DEBBIE",0,1,1,1,0.01,"GOLDFARB, EDDIE",Other,0.01,0,7.750211845388355,2020 only; 2022 lines (Daily Kos),0.0
HOU_FL_26_2024,2024,house,FL,26.0,0,0,"ATKINS, JOEY",D,"DIAZ-BALART, MARIO",89072.0,217199.0,0.0,306271.0,29.08,1,R,R,"DIAZ-BALART, MARIO",0,1,1,0,0.0,,,,0,-11.475720004486789,2020 only; 2022 lines (Daily Kos),0.0
HOU_FL_27_2024,2024,house,FL,27.0,0,0,"BAEZ-GELLER, LUCIA",D,"SALAZAR, MARIA ELVIRA",130708.0,199159.0,0.0,329867.0,39.62,1,R,R,"SALAZAR, MARIA ELVIRA",0,1,1,0,0.0,,,,0,-2.427570586489564,2020 only; 2022 lines (Daily Kos),0.0
HOU_FL_28_2024,2024,house,FL,28.0,0,0,"EHR, PHIL",D,"GIMENEZ, CARLOS A.",115280.0,210057.0,0.0,325337.0,35.43,1,R,R,"GIMENEZ, CARLOS A.",0,1,1,0,0.0,,,,0,-5.459565277122325,2020 only; 2022 lines (Daily Kos),0.0
HOU_GA_01_2024,2024,house,GA,1.0,0,0,"HEWITT, PATTI",D,"CARTER, EARL L. (BUDDY)",135281.0,220576.0,0.0,355857.0,38.02,1,R,R,"CARTER, EARL L. (BUDDY)",0,1,1,0,0.0,,,,0,-9.06524732128497,2020 only; 2024 lines = 2026 lines (Downballot),1.0
HOU_GA_02_2024,2024,house,GA,2.0,0,0,"BISHOP, SANFORD DIXON, JR.",D,"JOHNSON, A. WAYNE",176028.0,136473.0,0.0,312501.0,56.33,1,D,D,"BISHOP, SANFORD DIXON, JR.",0,1,1,0,0.0,,,,0,2.9535721267275883,2020 only; 2024 lines = 2026 lines (Downballot),1.0
HOU_GA_03_2024,2024,house,GA,3.0,0,0,"KELLER, MAURA",D,"JACK, BRIAN",138749.0,273036.0,0.0,411785.0,33.69,1,R,,,1,1,1,0,0.0,,,,0,-17.490287830400707,2020 only; 2024 lines = 2026 lines (Downballot),1.0
HOU_GA_04_2024,2024,house,GA,4.0,0,0,"JOHNSON, HENRY C. (HANK), JR.",D,"YU, EUGENE C.",229290.0,74071.0,0.0,303361.0,75.58,1,D,D,"JOHNSON, HENRY C. (HANK), JR.",0,1,1,0,0.0,,,,0,26.917141199978268,2020 only; 2024 lines = 2026 lines (Downballot),1.0
HOU_GA_05_2024,2024,house,GA,5.0,0,0,"WILLIAMS, NIKEMA",D,"SALVESEN, JOHN (BONGO)",294470.0,49221.0,0.0,343691.0,85.68,1,D,D,"WILLIAMS, NIKEMA",0,1,1,0,0.0,,,,0,34.53801745744984,2020 only; 2024 lines = 2026 lines (Downballot),1.0
HOU_GA_06_2024,2024,house,GA,6.0,0,0,"MCBATH, LUCY",D,"CRISWELL, JEFF",277027.0,93909.0,0.0,370936.0,74.68,1,D,D,"MCBATH, LUCY",0,1,1,0,0.0,,,,0,22.75326875003183,2020 only; 2024 lines = 2026 lines (Downballot),1.0
HOU_GA_07_2024,2024,house,GA,7.0,0,0,"CHRISTIAN, BOB",D,"MCCORMICK, RICHARD (RICH)",149535.0,275907.0,0.0,425442.0,35.15,1,R,R,"MCCORMICK, RICHARD (RICH)",0,1,1,0,0.0,,,,0,-12.139381627708634,2020 only; 2024 lines = 2026 lines (Downballot),1.0
HOU_GA_08_2024,2024,house,GA,8.0,0,0,"BUTLER, DARRIUS",D,"SCOTT, AUSTIN",104434.0,231547.0,0.0,335981.0,31.08,1,R,R,"SCOTT, AUSTIN",0,1,1,0,0.0,,,,0,-16.221596377262358,2020 only; 2024 lines = 2026 lines (Downballot),1.0
HOU_GA_09_2024,2024,house,GA,9.0,0,0,"CASH, TAMBREI",D,"CLYDE, ANDREW S.",121754.0,271062.0,0.0,392816.0,31.0,1,R,R,"CLYDE, ANDREW S.",0,1,1,0,0.0,,,,0,-18.621904253592547,2020 only; 2024 lines = 2026 lines (Downballot),1.0
HOU_GA_10_2024,2024,house,GA,10.0,0,0,"DOHERTY, ALEXANDRA (LEXY)",D,"COLLINS, M.A. (MIKE)",150274.0,256442.0,0.0,406716.0,36.95,1,R,R,"COLLINS, M.A. (MIKE)",0,1,1,0,0.0,,,,0,-13.021705329939548,2020 only; 2024 lines = 2026 lines (Downballot),1.0
HOU_GA_11_2024,2024,house,GA,11.0,0,0,"STAMPER, KATY (KATE) L.",D,"LOUDERMILK, BARRY D.",131064.0,269849.0,0.0,400913.0,32.69,1,R,R,"LOUDERMILK, BARRY D.",0,1,1,0,0.0,,,,0,-13.42177813010929,2020 only; 2024 lines = 2026 lines (Downballot),1.0
HOU_GA_12_2024,2024,house,GA,12.0,0,0,"JOHNSON, ELIZABETH H. (LIZ)",D,"ALLEN, RICHARD W. (RICK)",135417.0,205849.0,0.0,341266.0,39.68,1,R,R,"ALLEN, RICHARD W. (RICK)",0,1,1,0,0.0,,,,0,-7.40276445134726,2020 only; 2024 lines = 2026 lines (Downballot),1.0
HOU_GA_13_2024,2024,house,GA,13.0,0,0,"SCOTT, DAVID ALBERT",D,"CHAVEZ, JONATHAN",256902.0,100730.0,0.0,357632.0,71.83,1,D,D,"SCOTT, DAVID ALBERT",0,1,1,0,0.0,,,,0,18.234955613843795,2020 only; 2024 lines = 2026 lines (Downballot),1.0
HOU_GA_14_2024,2024,house,GA,14.0,0,0,"HARRIS, SHAWN",D,"GREENE, MARJORIE TAYLOR",134759.0,243446.0,0.0,378205.0,35.63,1,R,R,"GREENE, MARJORIE TAYLOR",0,1,1,0,0.0,,,,0,-21.29150056002251,2020 only; 2024 lines = 2026 lines (Downballot),1.0
HOU_HI_01_2024,2024,house,HI,1.0,0,0,"CASE, EDWARD ESPENETT (ED)",D,"LARGEY, PATRICK C.",164237.0,64373.0,0.0,228610.0,71.84,1,D,D,"CASE, EDWARD ESPENETT (ED)",0,1,1,0,0.0,,,,0,12.697045914646951,2020 only; 2022 lines (Daily Kos),1.0
HOU_HI_02_2024,2024,house,HI,2.0,0,0,"TOKUDA, JILL N.",D,"BOND, STEVEN R. (STEVE)",166251.0,75471.0,8434.0,250156.0,68.78,1,D,D,"TOKUDA, JILL N.",0,1,1,2,3.37,"TOMAN, AARON",Lbt,1.8,0,12.82926235502574,2020 only; 2022 lines (Daily Kos),1.0
HOU_IA_01_2024,2024,house,IA,1.0,0,0,"BOHANNAN, CHRISTINA",D,"MILLER-MEEKS, MARIANNETTE JANE",206156.0,206955.0,0.0,413111.0,49.9,1,R,R,"MILLER-MEEKS, MARIANNETTE JANE",0,1,1,0,0.0,,,,0,-3.740280520501704,2020 only; 2022 lines (Daily Kos),1.0
HOU_IA_02_2024,2024,house,IA,2.0,0,0,"CORKERY, SARAH",D,"HINSON, ASHLEY",169740.0,233340.0,5381.0,408461.0,42.11,1,R,R,"HINSON, ASHLEY",0,1,1,1,1.32,"PUFFETT, JODY MADLOM",Other,1.32,0,-4.50810480191487,2020 only; 2022 lines (Daily Kos),1.0
HOU_IA_03_2024,2024,house,IA,3.0,0,0,"BACCAM, LANON",D,"NUNN, ZACHARY (ZACH)",197962.0,213746.0,0.0,411708.0,48.08,1,R,R,"NUNN, ZACHARY (ZACH)",0,1,1,0,0.0,,,,0,-2.443929966362007,2020 only; 2022 lines (Daily Kos),1.0
HOU_IA_04_2024,2024,house,IA,4.0,0,0,"MELTON, RYAN",D,"FEENSTRA, RANDY",122175.0,250522.0,0.0,372697.0,32.78,1,R,R,"FEENSTRA, RANDY",0,1,1,0,0.0,,,,0,-15.506753367413744,2020 only; 2022 lines (Daily Kos),1.0
HOU_ID_01_2024,2024,house,ID,1.0,0,0,"PETERSON, KAYLEE",D,"FULCHER, RUSSELL M. (RUSS)",118656.0,331049.0,16537.0,466242.0,26.39,1,R,R,"FULCHER, RUSSELL M. (RUSS)",0,1,1,4,3.55,"LOESBY, MATT",Lbt,2.06,0,-21.900344426514884,2020 only; 2022 lines (Daily Kos),1.0
HOU_ID_02_2024,2024,house,ID,2.0,0,0,"ROTH, DAVID",D,"SIMPSON, MICHAEL K. (MIKE)",126229.0,250119.0,31114.0,407462.0,33.54,1,R,R,"SIMPSON, MICHAEL K. (MIKE)",0,1,1,2,7.64,"CORSETTI, TODD",Lbt,5.23,0,-14.123960782611883,2020 only; 2022 lines (Daily Kos),1.0
HOU_IL_01_2024,2024,house,IL,1.0,0,0,"JACKSON, JONATHAN L.",D,"LEWIS, MARCUS",208398.0,108064.0,45.0,316507.0,65.85,1,D,D,"JACKSON, JONATHAN L.",0,1,1,1,0.01,"MYRICK-WINSTON, HILARY",Other,0.01,0,19.21313353996625,2020 only; 2022 lines (Daily Kos),1.0
HOU_IL_02_2024,2024,house,IL,2.0,0,0,"KELLY, ROBIN L.",D,"RAMOS, ASHLEY",195777.0,94004.0,62.0,289843.0,67.56,1,D,D,"KELLY, ROBIN L.",0,1,1,2,0.02,"VICK, MIKE",Other,0.01,0,18.028205547115185,2020 only; 2022 lines (Daily Kos),1.0
HOU_IL_03_2024,2024,house,IL,3.0,0,0,"RAMIREZ, DELIA C.",D,"BOORAS, JOHN",174825.0,84987.0,96.0,259908.0,67.29,1,D,D,"RAMIREZ, DELIA C.",0,1,1,1,0.04,"OAKLEY, ANGEL",Other,0.04,0,18.863935959335688,2020 only; 2022 lines (Daily Kos),1.0
HOU_IL_04_2024,2024,house,IL,4.0,0,0,"GARCIA, JESUS G. (CHUY)",D,"CASTILLO, LUPE",139343.0,56323.0,10730.0,206396.0,71.21,1,D,D,"GARCIA, JESUS G. (CHUY)",0,1,1,2,5.2,"HERSHEY, EDWARD (ED)",Other,5.19,0,21.377937966282857,2020 only; 2022 lines (Daily Kos),1.0
HOU_IL_05_2024,2024,house,IL,5.0,0,0,"QUIGLEY, MICHAEL (MIKE)",D,"HANSON, TOM",251025.0,112931.0,9.0,363965.0,68.97,1,D,D,"QUIGLEY, MICHAEL (MIKE)",0,1,1,1,0.0,"ROWDER, FRANK",Other,0.0,0,17.894283995857464,2020 only; 2022 lines (Daily Kos),1.0
HOU_IL_06_2024,2024,house,IL,6.0,0,0,"CASTEN, SEAN",D,"CONFORTI, NIKI",196647.0,166116.0,86.0,362849.0,54.21,1,D,D,"CASTEN, SEAN",0,1,1,1,0.02,"MEYER, PETER J., JR.",Other,0.02,0,3.274649301965704,2020 only; 2022 lines (Daily Kos),1.0
HOU_IL_07_2024,2024,house,IL,7.0,0,0,"DAVIS, DANNY K.",D,"KOPPIE, CHAD",222408.0,44598.0,146.0,267152.0,83.3,1,D,D,"DAVIS, DANNY K.",0,1,1,2,0.05,"CHOI, LIEN",Other,0.05,0,34.73045990934782,2020 only; 2022 lines (Daily Kos),1.0
HOU_IL_08_2024,2024,house,IL,8.0,0,0,"KRISHNAMOORTHI, S. RAJA",D,"RICE, MARK",172920.0,130153.0,0.0,303073.0,57.06,1,D,D,"KRISHNAMOORTHI, S. RAJA",0,1,1,0,0.0,,,,0,5.582587929204963,2020 only; 2022 lines (Daily Kos),1.0
HOU_IL_09_2024,2024,house,IL,9.0,0,0,"SCHAKOWSKY, JANICE D. (JAN)",D,"COHEN, SETH ALAN",231722.0,107106.0,0.0,338828.0,68.39,1,D,D,"SCHAKOWSKY, JANICE D. (JAN)",0,1,1,0,0.0,,,,0,18.85931238990679,2020 only; 2022 lines (Daily Kos),1.0
HOU_IL_10_2024,2024,house,IL,10.0,0,0,"SCHNEIDER, BRADLEY SCOTT (BRAD)",D,"CARRIS, JIM",196358.0,131025.0,238.0,327621.0,59.98,1,D,D,"SCHNEIDER, BRADLEY SCOTT (BRAD)",0,1,1,1,0.07,"SEVERINO, JOSEPH",Other,0.07,0,10.912682078477989,2020 only; 2022 lines (Daily Kos),1.0
HOU_IL_11_2024,2024,house,IL,11.0,0,0,"FOSTER, G. WILLIAM (BILL)",D,"EVANS, JERRY",199825.0,159630.0,229.0,359684.0,55.59,1,D,D,"FOSTER, G. WILLIAM (BILL)",0,1,1,1,0.06,"SCHIEFELBEIN, ANNA",Other,0.06,0,5.544758960730112,2020 only; 2022 lines (Daily Kos),1.0
HOU_IL_12_2024,2024,house,IL,12.0,0,0,"ROBERTS, BRIAN",D,"BOST, MICHAEL J. (MIKE)",94875.0,272754.0,0.0,367629.0,25.81,1,R,R,"BOST, MICHAEL J. (MIKE)",0,1,1,0,0.0,,,,0,-24.05231741021997,2020 only; 2022 lines (Daily Kos),1.0
HOU_IL_13_2024,2024,house,IL,13.0,0,0,"BUDZINSKI, NIKKI",D,"LOYD, JOSHUA O.",191339.0,137917.0,244.0,329500.0,58.11,1,D,D,"BUDZINSKI, NIKKI",0,1,1,1,0.07,"ASONYE, CHIBUIHE",Other,0.07,0,3.473387094985836,2020 only; 2022 lines (Daily Kos),1.0
HOU_IL_14_2024,2024,house,IL,14.0,0,0,"UNDERWOOD, LAUREN",D,"MARTER, JAMES T. (JIM)",183446.0,149464.0,19.0,332929.0,55.1,1,D,D,"UNDERWOOD, LAUREN",0,1,1,2,0.01,"JONES, ROY",Other,0.0,0,3.58088210264611,2020 only; 2022 lines (Daily Kos),1.0
HOU_IL_15_2024,2024,house,IL,15.0,0,0,,,"MILLER, MARY E.",0.0,308825.0,1409.0,310234.0,,0,R,R,"MILLER, MARY E.",0,0,1,1,0.45,"BONNETT, WILLIAM",Other,0.45,0,-22.0436082702298,2020 only; 2022 lines (Daily Kos),1.0
HOU_IL_16_2024,2024,house,IL,16.0,0,0,,,"LAHOOD, DARIN M.",0.0,310925.0,183.0,311108.0,,0,R,R,"LAHOOD, DARIN M.",0,0,1,1,0.06,"SUMMERS, SCOTT K.",Other,0.06,0,-13.273502444852742,2020 only; 2022 lines (Daily Kos),1.0
HOU_IL_17_2024,2024,house,IL,17.0,0,0,"SORENSEN, ERIC",D,"MCGRAW, JOE",170261.0,142567.0,0.0,312828.0,54.43,1,D,D,"SORENSEN, ERIC",0,1,1,0,0.0,,,,0,1.7215099577537862,2020 only; 2022 lines (Daily Kos),1.0
HOU_IN_01_2024,2024,house,IN,1.0,0,0,"MRVAN, FRANK J.",D,"NIEMEYER, RANDY",172467.0,145056.0,5200.0,322723.0,54.32,1,D,D,"MRVAN, FRANK J.",0,1,1,1,1.61,"MISKUS, DAKOTAH",Lbt,1.61,0,1.978560242877525,2020 only; 2022 lines (Daily Kos),1.0
HOU_IN_02_2024,2024,house,IN,2.0,0,0,"CAMP, LORI A.",D,"YAKYM, RUDOLPH (RUDY), III",101962.0,184848.0,7808.0,294618.0,35.55,1,R,R,"YAKYM, RUDOLPH (RUDY), III",0,1,1,2,2.65,"HENRY, WILLIAM E.",Lbt,2.65,0,-13.764737517335512,2020 only; 2022 lines (Daily Kos),1.0
HOU_IN_03_2024,2024,house,IN,3.0,0,0,"ADOLPH, KILEY M.",D,"STUTZMAN, MARLIN A.",97871.0,202653.0,11015.0,311539.0,32.57,1,R,,,1,1,1,1,3.54,"LANCASTER, JARRAD",Lbt,3.54,0,-17.5445160231789,2020 only; 2022 lines (Daily Kos),1.0
HOU_IN_04_2024,2024,house,IN,4.0,0,0,"HOLDER, DERRICK",D,"BAIRD, JAMES R. (JIM)",100091.0,209794.0,13710.0,323595.0,32.3,1,R,R,"BAIRD, JAMES R. (JIM)",0,1,1,1,4.24,"GROFF, ASHLEY",Lbt,4.24,0,-17.175864914622945,2020 only; 2022 lines (Daily Kos),1.0
HOU_IN_05_2024,2024,house,IN,5.0,0,0,"PICKETT, DEBORAH A.",D,"SPARTZ, VICTORIA",136554.0,203293.0,19357.0,359204.0,40.18,1,R,R,"SPARTZ, VICTORIA",0,1,1,2,5.39,"SLAUGHTER, ROBBY",I,2.73,0,-10.400345222503791,2020 only; 2022 lines (Daily Kos),1.0
HOU_IN_06_2024,2024,house,IN,6.0,0,0,"WIRTH, CYNTHIA (CINDE)",D,"SHREVE, JEFFERSON",99841.0,201357.0,13711.0,314909.0,33.15,1,R,,,1,1,1,1,4.35,"SCENIAK, JAMES MICHAEL",Lbt,4.35,0,-18.57798394501072,2020 only; 2022 lines (Daily Kos),1.0
HOU_IN_07_2024,2024,house,IN,7.0,0,0,"CARSON, ANDRE D.",D,"SCHMITZ, JOHN P.",185987.0,78792.0,7369.0,272148.0,70.24,1,D,D,"CARSON, ANDRE D.",0,1,1,1,2.71,"JOHNSON, RUSTY",Lbt,2.71,0,19.30100135498673,2020 only; 2022 lines (Daily Kos),1.0
HOU_IN_08_2024,2024,house,IN,8.0,0,0,"HURT, ERIK",D,"MESSMER, MARK",95311.0,219941.0,8381.0,323633.0,30.23,1,R,,,1,1,1,1,2.59,"FITZLAFF, K. RICHARD",Lbt,2.59,0,-18.992234448034,2020 only; 2022 lines (Daily Kos),1.0
HOU_IN_09_2024,2024,house,IN,9.0,0,0,"PECK, TIMOTHY (TIM)",D,"HOUCHIN, ERIN",113400.0,222884.0,9454.0,345738.0,33.72,1,R,R,"HOUCHIN, ERIN",0,1,1,1,2.73,"BROOKSBANK, RUSSELL P. (RUSS)",Lbt,2.73,0,-16.19705626378461,2020 only; 2022 lines (Daily Kos),1.0
HOU_KS_01_2024,2024,house,KS,1.0,0,0,"BUSKIRK, PAUL",D,"MANN, TRACEY ROBERT",93965.0,210493.0,0.0,304458.0,30.86,1,R,R,"MANN, TRACEY ROBERT",0,1,1,0,0.0,,,,0,-17.41093610560912,2020 only; 2022 lines (Daily Kos),1.0
HOU_KS_02_2024,2024,house,KS,2.0,0,0,"BOYDA, NANCY E.",D,"SCHMIDT, DEREK",115685.0,172847.0,14229.0,302761.0,40.09,1,R,,,1,1,1,1,4.7,"HAUER, JOHN",Lbt,4.7,0,-10.603592698139774,2020 only; 2022 lines (Daily Kos),1.0
HOU_KS_03_2024,2024,house,KS,3.0,0,0,"DAVIDS, SHARICE",D,"REDDY, PRASANTH",209871.0,167570.0,15892.0,393333.0,55.6,1,D,D,"DAVIDS, SHARICE",0,1,1,1,4.04,"ROBERTS, STEVE",Lbt,4.04,0,0.0060289049028994,2020 only; 2022 lines (Daily Kos),1.0
HOU_KS_04_2024,2024,house,KS,4.0,0,0,"FREEMAN, ESAU A.",D,"ESTES, RON",106632.0,198465.0,0.0,305097.0,34.95,1,R,R,"ESTES, RON",0,1,1,0,0.0,,,,0,-13.398787923237542,2020 only; 2022 lines (Daily Kos),1.0
HOU_KY_01_2024,2024,house,KY,1.0,0,0,"MARSHALL, ERIN",D,"COMER, JAMES R. (JAMIE), JR.",85524.0,252729.0,0.0,338253.0,25.28,1,R,R,"COMER, JAMES R. (JAMIE), JR.",0,1,1,0,0.0,,,,0,-23.961177655486924,2020 only; 2022 lines (Daily Kos),1.0
HOU_KY_02_2024,2024,house,KY,2.0,0,0,"LINDERMAN, HANK",D,"GUTHRIE, STEVEN (BRETT)",93029.0,252826.0,0.0,345855.0,26.9,1,R,R,"GUTHRIE, STEVEN (BRETT)",0,1,1,0,0.0,,,,0,-20.95440078313178,2020 only; 2022 lines (Daily Kos),1.0
HOU_KY_03_2024,2024,house,KY,3.0,0,0,"MCGARVEY, MORGAN",D,"CRAVEN, MIKE",203100.0,124713.0,51.0,327864.0,61.96,1,D,D,"MCGARVEY, MORGAN",0,1,1,2,0.02,"COBBLE, DANIEL",Other,0.01,0,9.11949895497397,2020 only; 2022 lines (Daily Kos),1.0
HOU_KY_04_2024,2024,house,KY,4.0,0,0,,,"MASSIE, THOMAS H.",0.0,278386.0,1131.0,279517.0,,0,R,R,"MASSIE, THOMAS H.",0,0,1,1,0.4,"MIDDENDORF, BENJAMIN AUGUST",Other,0.4,0,-18.827367790134,2020 only; 2022 lines (Daily Kos),1.0
HOU_KY_05_2024,2024,house,KY,5.0,0,0,,,"ROGERS, HAROLD DALLAS (HAL)",0.0,261407.0,0.0,261407.0,,0,R,R,"ROGERS, HAROLD DALLAS (HAL)",0,0,1,0,0.0,,,,0,-32.3346471573269,2020 only; 2022 lines (Daily Kos),1.0
HOU_KY_06_2024,2024,house,KY,6.0,0,0,"CRAVENS, RANDY",D,"BARR, GARLAND (ANDY)",130345.0,222293.0,0.0,352638.0,36.96,1,R,R,"BARR, GARLAND (ANDY)",0,1,1,0,0.0,,,,0,-7.8746713072787795,2020 only; 2022 lines (Daily Kos),1.0
HOU_LA_01_2024,2024,house,LA,1.0,0,0,"MANUEL, MEL",D,"SCALISE, STEPHEN J. (STEVE); ARRINGTON, RANDALL; SHALES, ROSS",85911.0,265028.0,6781.0,357720.0,24.48,1,R,R,"SCALISE, STEPHEN J. (STEVE)",0,1,3,1,1.9,"HYERS, J. (FRANKIE)",Other,1.9,0,-22.76,old course file (PS9 2024 values),0.0
HOU_LA_02_2024,2024,house,LA,2.0,0,0,"CARTER, TROY A.; DAVIS, DEVIN",D,"LYNCH, CHRISTY; GRAHAM, DEVIN LANCE; PERRILLOUX, SHONDRELL",216491.0,88693.0,0.0,305184.0,70.94,1,D,D,"CARTER, TROY A.",0,2,3,0,0.0,,,,0,24.91,old course file (PS9 2024 values),0.0
HOU_LA_03_2024,2024,house,LA,3.0,0,0,"GONZALEZ, PRISCILLA; SUMMERLIN, SADI",D,"HIGGINS, CLAY; JOHN, XAN",81157.0,239525.0,0.0,320682.0,25.31,1,R,R,"HIGGINS, CLAY",0,2,2,0,0.0,,,,0,-21.25,old course file (PS9 2024 values),0.0
HOU_LA_04_2024,2024,house,LA,4.0,0,0,,,"JOHNSON, JAMES MICHAEL (MIKE); MOROTT, JOSHUA",0.0,306248.0,0.0,306248.0,,0,R,R,"JOHNSON, JAMES MICHAEL (MIKE)",0,0,2,0,0.0,,,,0,-14.15,old course file (PS9 2024 values),0.0
HOU_LA_05_2024,2024,house,LA,5.0,0,0,"VALLIEN, MICHAEL, JR.",D,"LETLOW, JULIA; MENDOZA, M.V.",82981.0,236870.0,0.0,319851.0,25.94,1,R,R,"LETLOW, JULIA",0,1,2,0,0.0,,,,0,-16.969999,old course file (PS9 2024 values),0.0
HOU_LA_06_2024,2024,house,LA,6.0,0,0,"FIELDS, CLEO; ANDERSON, QUENTIN ANTHONY; WILLIAMS, PETER; JONES, WILKEN, JR.",D,"GUILLORY, ELBERT LEE",184296.0,111737.0,0.0,296033.0,62.26,1,D,,,1,4,1,0,0.0,,,,0,-19.48,old course file (PS9 2024 values),0.0
HOU_MA_01_2024,2024,house,MA,1.0,0,0,"NEAL, RICHARD E.",D,,223325.0,0.0,133552.0,356877.0,,0,D,D,"NEAL, RICHARD E.",0,1,0,1,37.42,"MILLERON, NADIA DONYA",I,37.42,0,8.784429803354088,2020 only; 2022 lines (Daily Kos),1.0
HOU_MA_02_2024,2024,house,MA,2.0,0,0,"MCGOVERN, JAMES P. (JIM)",D,,251441.0,0.0,114065.0,365506.0,,0,D,D,"MCGOVERN, JAMES P. (JIM)",0,1,0,1,31.21,"SHEA, CORNELIUS",I,31.21,0,13.488932234531726,2020 only; 2022 lines (Daily Kos),1.0
HOU_MA_03_2024,2024,house,MA,3.0,0,0,"TRAHAN, LORI LOUREIRO",D,,264698.0,0.0,0.0,264698.0,,0,D,D,"TRAHAN, LORI LOUREIRO",0,1,0,0,0.0,,,,0,11.73003131721857,2020 only; 2022 lines (Daily Kos),1.0
HOU_MA_04_2024,2024,house,MA,4.0,0,0,"AUCHINCLOSS, JAKE",D,,289347.0,0.0,1099.0,290446.0,,0,D,D,"AUCHINCLOSS, JAKE",0,1,0,1,0.38,"FADEL, SANA A.",Other,0.38,0,12.231803115536454,2020 only; 2022 lines (Daily Kos),1.0
HOU_MA_05_2024,2024,house,MA,5.0,0,0,"CLARK, KATHERINE M.",D,,286689.0,0.0,0.0,286689.0,,0,D,D,"CLARK, KATHERINE M.",0,1,0,0,0.0,,,,0,23.72546044632047,2020 only; 2022 lines (Daily Kos),1.0
HOU_MA_06_2024,2024,house,MA,6.0,0,0,"MOULTON, SETH W.",D,,321186.0,0.0,0.0,321186.0,,0,D,D,"MOULTON, SETH W.",0,1,0,0,0.0,,,,0,11.782857719004458,2020 only; 2022 lines (Daily Kos),1.0
HOU_MA_07_2024,2024,house,MA,7.0,0,0,"PRESSLEY, AYANNA S.",D,,232094.0,0.0,0.0,232094.0,,0,D,D,"PRESSLEY, AYANNA S.",0,1,0,0,0.0,,,,0,34.453887246134975,2020 only; 2022 lines (Daily Kos),1.0
HOU_MA_08_2024,2024,house,MA,8.0,0,0,"LYNCH, STEPHEN F.",D,"BURKE, ROBERT G.",265432.0,110638.0,0.0,376070.0,70.58,1,D,D,"LYNCH, STEPHEN F.",0,1,1,0,0.0,,,,0,15.764813957558754,2020 only; 2022 lines (Daily Kos),1.0
HOU_MA_09_2024,2024,house,MA,9.0,0,0,"KEATING, WILLIAM RICHARD (BILL)",D,"SULLIVAN, DAN",251931.0,193822.0,0.0,445753.0,56.52,1,D,D,"KEATING, WILLIAM RICHARD (BILL)",0,1,1,0,0.0,,,,0,6.988228704604749,2020 only; 2022 lines (Daily Kos),1.0
HOU_MD_01_2024,2024,house,MD,1.0,0,0,"MILLER, BLANE H., III",D,"HARRIS, ANDREW P. (ANDY)",154985.0,246356.0,12664.0,414005.0,38.62,1,R,R,"HARRIS, ANDREW P. (ANDY)",0,1,1,1,3.06,"O’BRIEN, JOSHUA W.",Lbt,3.06,0,-9.684956603362526,2020 only; 2022 lines (Daily Kos),1.0
HOU_MD_02_2024,2024,house,MD,2.0,0,0,"OLSZEWSKI, JOHN (JOHNNY O), JR.",D,"KLACIK, KIMBERLY (KIM)",223797.0,152079.0,8169.0,384045.0,59.54,1,D,,,1,1,1,1,2.13,"WUNDER, JASEN JOSEPH",Lbt,2.13,0,8.357448564381965,2020 only; 2022 lines (Daily Kos),1.0
HOU_MD_03_2024,2024,house,MD,3.0,0,0,"ELFRETH, SARAH",D,"STEINBERGER, ROBERT J.",236681.0,151186.0,10471.0,398338.0,61.02,1,D,,,1,1,1,1,2.63,"BARAJAS, MIGUEL",Lbt,2.63,0,10.757789078234849,2020 only; 2022 lines (Daily Kos),1.0
HOU_MD_04_2024,2024,house,MD,4.0,0,0,"IVEY, GLENN FREDERICK",D,"MCDERMOTT, GEORGE EDWARD",239596.0,30454.0,0.0,270050.0,88.72,1,D,D,"IVEY, GLENN FREDERICK",0,1,1,0,0.0,,,,0,38.91960275826151,2020 only; 2022 lines (Daily Kos),1.0
HOU_MD_05_2024,2024,house,MD,5.0,0,0,"HOYER, STENY HAMILTON",D,"TALKINGTON, MICHELLE",283619.0,133985.0,0.0,417604.0,67.92,1,D,D,"HOYER, STENY HAMILTON",0,1,1,0,0.0,,,,0,16.28657329259713,2020 only; 2022 lines (Daily Kos),1.0
HOU_MD_06_2024,2024,house,MD,6.0,0,0,"MCCLAIN-DELANEY, APRIL",D,"PARROTT, NEIL C.",199788.0,175974.0,0.0,375762.0,53.17,1,D,,,1,1,1,0,0.0,,,,0,2.7463262494763607,2020 only; 2022 lines (Daily Kos),1.0
HOU_MD_07_2024,2024,house,MD,7.0,0,0,"MFUME, KWEISI",D,"COLLIER, SCOTT M.",232849.0,49799.0,6840.0,289488.0,82.38,1,D,D,"MFUME, KWEISI",0,1,1,1,2.36,"OWENS-BEY, RONALD M.",Lbt,2.36,0,29.982601088116457,2020 only; 2022 lines (Daily Kos),1.0
HOU_MD_08_2024,2024,house,MD,8.0,0,0,"RASKIN, JAMIN B. (JAMIE)",D,"RILEY, CHERYL",292101.0,77821.0,9612.0,379534.0,78.96,1,D,D,"RASKIN, JAMIN B. (JAMIE)",0,1,1,1,2.53,"WALLACE, NANCY",Grn,2.53,0,29.529279682783937,2020 only; 2022 lines (Daily Kos),1.0
HOU_ME_01_2024,2024,house,ME,1.0,0,0,"PINGREE, ROCHELLE M. (CHELLIE)",D,"RUSSELL, RONALD C.",249798.0,154849.0,20883.0,425530.0,61.73,1,D,D,"PINGREE, ROCHELLE M. (CHELLIE)",0,1,1,1,4.91,"ALCORN, ETHAN WELD",I,4.91,0,9.46463295235651,2020 only; 2022 lines (Daily Kos),1.0
HOU_ME_02_2024,2024,house,ME,2.0,0,0,"GOLDEN, JARED FORREST",D,"THERIAULT, AUSTIN",197151.0,194445.0,0.0,391596.0,50.35,1,D,D,"GOLDEN, JARED FORREST",0,1,1,0,0.0,,,,0,-5.408313637204004,2020 only; 2022 lines (Daily Kos),1.0
HOU_MI_01_2024,2024,house,MI,1.0,0,0,"BARR, CALLIE",D,"BERGMAN, JACK",180937.0,282264.0,13983.0,477184.0,39.06,1,R,R,"BERGMAN, JACK",0,1,1,2,2.93,"HAKOLA, LIZ",Other,1.78,0,-12.312110780448831,2020 only; 2022 lines (Daily Kos),1.0
HOU_MI_02_2024,2024,house,MI,2.0,0,0,"LYNCH, MICHAEL",D,"MOOLENAAR, JOHN R.",135824.0,279167.0,13559.0,428550.0,32.73,1,R,R,"MOOLENAAR, JOHN R.",0,1,1,2,3.16,"DEJONG, BEN",Lbt,1.64,0,-16.624088925570508,2020 only; 2022 lines (Daily Kos),1.0
HOU_MI_03_2024,2024,house,MI,3.0,0,0,"SCHOLTEN, HILLARY J.",D,"HUDSON, PAUL",225510.0,183952.0,10827.0,420289.0,55.07,1,D,D,"SCHOLTEN, HILLARY J.",0,1,1,2,2.58,"PALUS, LOUIS",Other,1.32,0,2.0614208420435376,2020 only; 2022 lines (Daily Kos),1.0
HOU_MI_04_2024,2024,house,MI,4.0,0,0,"SWARTZ, JESSICA",D,"HUIZENGA, WILLIAM P. (BILL)",184641.0,234489.0,6687.0,425817.0,44.05,1,R,R,"HUIZENGA, WILLIAM P. (BILL)",0,1,1,1,1.57,"CLARK, CURTIS MICHAEL",Other,1.57,0,-4.275911952347849,2020 only; 2022 lines (Daily Kos),1.0
HOU_MI_05_2024,2024,house,MI,5.0,0,0,"URBAN, LIBBI",D,"WALBERG, TIMOTHY L. (TIM)",134282.0,269215.0,6379.0,409876.0,33.28,1,R,R,"WALBERG, TIMOTHY L. (TIM)",0,1,1,1,1.56,"BRONKE, JAMES",Grn,1.56,0,-14.56276700697786,2020 only; 2022 lines (Daily Kos),1.0
HOU_MI_06_2024,2024,house,MI,6.0,0,0,"DINGELL, DEBBIE INSLEY",D,"SMILEY, HEATHER",281162.0,158658.0,13486.0,453306.0,63.93,1,D,D,"DINGELL, DEBBIE INSLEY",0,1,1,2,2.98,"SHABAZZ, CLYDE K.",Grn,1.76,0,11.245573702393752,2020 only; 2022 lines (Daily Kos),1.0
HOU_MI_07_2024,2024,house,MI,7.0,0,0,"HERTEL, CURTIS",D,"BARRETT, TOM",209959.0,226722.0,14231.0,450912.0,48.08,1,R,,,1,1,1,1,3.16,"DAILEY, L. RACHEL",Lbt,3.16,0,-2.00183695571764,2020 only; 2022 lines (Daily Kos),1.0
HOU_MI_08_2024,2024,house,MI,8.0,0,0,"MCDONALD RIVET, KRISTEN",D,"JUNGE, PAUL",217490.0,189317.0,17543.0,424350.0,53.46,1,D,,,1,1,1,4,4.13,"GOODWIN, KATHY",Other,2.0,0,-1.2380678527246558,2020 only; 2022 lines (Daily Kos),1.0
HOU_MI_09_2024,2024,house,MI,9.0,0,0,"ST. MOSLEY, CLINTON",D,"MCCLAIN, LISA C.",138138.0,312593.0,17507.0,468238.0,30.65,1,R,R,"MCCLAIN, LISA C.",0,1,1,2,3.74,"WALKOWICZ, JIM",Other,2.6,0,-17.20959739679649,2020 only; 2022 lines (Daily Kos),1.0
HOU_MI_10_2024,2024,house,MI,10.0,0,0,"MARLINGA, CARL J.",D,"JAMES, JOHN",191363.0,217437.0,16501.0,425301.0,46.81,1,R,R,"JAMES, JOHN",0,1,1,2,3.88,"KIRBY, ANDREA L.",Other,2.62,0,-2.764042724623722,2020 only; 2022 lines (Daily Kos),1.0
HOU_MI_11_2024,2024,house,MI,11.0,0,0,"STEVENS, HALEY M.",D,"SOMBERG, NICK",260780.0,177432.0,9713.0,447925.0,59.51,1,D,D,"STEVENS, HALEY M.",0,1,1,1,2.17,"CAMPBELL, DOUGLAS",Grn,2.17,0,7.782035905696194,2020 only; 2022 lines (Daily Kos),1.0
HOU_MI_12_2024,2024,house,MI,12.0,0,0,"TLAIB, RASHIDA",D,"HOOPER, JAMES D.",253354.0,92490.0,17655.0,363499.0,73.26,1,D,D,"TLAIB, RASHIDA",0,1,1,2,4.86,"WALKOWICZ, GARY",Other,2.59,0,22.283038502925724,2020 only; 2022 lines (Daily Kos),1.0
HOU_MI_13_2024,2024,house,MI,13.0,0,0,"THANEDAR, SHRI",D,"BIVINGS, MARTELL D.",220788.0,78917.0,21944.0,321649.0,73.67,1,D,D,"THANEDAR, SHRI",0,1,1,5,6.82,"COLEMAN, SIMONE R.",Other,4.16,0,22.80440299553484,2020 only; 2022 lines (Daily Kos),1.0
HOU_MN_01_2024,2024,house,MN,1.0,0,0,"BOHMAN, RACHEL",D,"FINSTAD, BRAD",156375.0,220929.0,0.0,377304.0,41.45,1,R,R,"FINSTAD, BRAD",0,1,1,0,0.0,,,,0,-6.970734602751133,2020 only; 2022 lines (Daily Kos),1.0
HOU_MN_02_2024,2024,house,MN,2.0,0,0,"CRAIG, ANGELA DAWN (ANGIE)",D,"TEIRAB, JOE",231751.0,175621.0,9492.0,416864.0,56.89,1,D,D,"CRAIG, ANGELA DAWN (ANGIE)",0,1,1,1,2.28,"BOWMAN, THOMAS WILLIAM",Other,2.28,0,1.3966174587129676,2020 only; 2022 lines (Daily Kos),1.0
HOU_MN_03_2024,2024,house,MN,3.0,0,0,"MORRISON, KELLY",D,"JUDE, TAD",240209.0,170427.0,0.0,410636.0,58.5,1,D,,,1,1,1,0,0.0,,,,0,8.430738102677083,2020 only; 2022 lines (Daily Kos),1.0
HOU_MN_04_2024,2024,house,MN,4.0,0,0,"MCCOLLUM, BETTY",D,"XIONG, MAY LOR",242802.0,117618.0,0.0,360420.0,67.37,1,D,D,"MCCOLLUM, BETTY",0,1,1,0,0.0,,,,0,16.930617141691595,2020 only; 2022 lines (Daily Kos),1.0
HOU_MN_05_2024,2024,house,MN,5.0,0,0,"OMAR, ILHAN",D,"AL-AQIDI, DALIA",261066.0,86213.0,0.0,347279.0,75.17,1,D,D,"OMAR, ILHAN",0,1,1,0,0.0,,,,0,29.938504706884107,2020 only; 2022 lines (Daily Kos),1.0
HOU_MN_06_2024,2024,house,MN,6.0,0,0,"HENDRICKS, JEANNE",D,"EMMER, THOMAS (TOM)",155836.0,260095.0,0.0,415931.0,37.47,1,R,R,"EMMER, THOMAS (TOM)",0,1,1,0,0.0,,,,0,-11.28748372846305,2020 only; 2022 lines (Daily Kos),1.0
HOU_MN_07_2024,2024,house,MN,7.0,0,0,"PETERS, A.J. (JOHN)",D,"FISCHBACH, MICHELLE",114979.0,275098.0,0.0,390077.0,29.48,1,R,R,"FISCHBACH, MICHELLE",0,1,1,0,0.0,,,,0,-19.18412189594748,2020 only; 2022 lines (Daily Kos),1.0
HOU_MN_08_2024,2024,house,MN,8.0,0,0,"SCHULTZ, JEN",D,"STAUBER, PETE",176724.0,244498.0,0.0,421222.0,41.96,1,R,R,"STAUBER, PETE",0,1,1,0,0.0,,,,0,-8.036187142096784,2020 only; 2022 lines (Daily Kos),1.0
HOU_MO_01_2024,2024,house,MO,1.0,0,0,"BELL, WESLEY",D,"JONES, ANDREW",233312.0,56453.0,17500.0,307265.0,80.52,1,D,,,1,1,1,3,5.7,"RIGGINS, ROCHELLE A.",Lbt,3.28,0,27.39543889776701,2020 only; 2022 lines (Daily Kos),1.0
HOU_MO_02_2024,2024,house,MO,2.0,0,0,"HARTMANN, RAY",D,"WAGNER, ANN L.",182056.0,233444.0,12892.0,428392.0,43.82,1,R,R,"WAGNER, ANN L.",0,1,1,2,3.01,"DAUGHERTY, BRANDON",Lbt,2.09,0,-6.208742156002484,2020 only; 2022 lines (Daily Kos),1.0
HOU_MO_03_2024,2024,house,MO,3.0,0,0,"MANN, BETHANY E.",D,"ONDER, ROBERT (BOB)",138532.0,240620.0,13311.0,392463.0,36.54,1,R,,,1,1,1,2,3.39,"ROWDEN, JORDAN",Lbt,2.37,0,-15.679072043525188,2020 only; 2022 lines (Daily Kos),1.0
HOU_MO_04_2024,2024,house,MO,4.0,0,0,"CASS, JEANETTE",D,"ALFORD, MARK",96568.0,259886.0,9242.0,365696.0,27.09,1,R,R,"ALFORD, MARK",0,1,1,2,2.53,"HOLBROOK, THOMAS",Lbt,2.53,0,-22.3362104112097,2020 only; 2022 lines (Daily Kos),1.0
HOU_MO_05_2024,2024,house,MO,5.0,0,0,"CLEAVER, EMANUEL, II",D,"SMITH, SEAN E.",199900.0,120957.0,11072.0,331929.0,62.3,1,D,D,"CLEAVER, EMANUEL, II",0,1,1,2,3.34,"WAYNE, WILLIAM TRUMAN (BILL)",Lbt,2.01,0,11.150924126306649,2020 only; 2022 lines (Daily Kos),1.0
HOU_MO_06_2024,2024,house,MO,6.0,0,0,"MAY, PAM",D,"GRAVES, SAMUEL B. (SAM), JR.",100999.0,265210.0,8977.0,375186.0,27.58,1,R,R,"GRAVES, SAMUEL B. (SAM), JR.",0,1,1,2,2.39,"MAIDMENT, EDWARD A. (ANDY)",Lbt,1.58,0,-21.146019460573605,2020 only; 2022 lines (Daily Kos),1.0
HOU_MO_07_2024,2024,house,MO,7.0,0,0,"HESKETH, MISSI",D,"BURLISON, ERIC",96655.0,263231.0,7982.0,367868.0,26.86,1,R,R,"BURLISON, ERIC",0,1,1,1,2.17,"CRAIG, KEVIN",Lbt,2.17,0,-23.351738336366907,2020 only; 2022 lines (Daily Kos),1.0
HOU_MO_08_2024,2024,house,MO,8.0,0,0,"MCCALLIAN, RANDI",D,"SMITH, JASON T.",77649.0,271249.0,7166.0,356064.0,22.26,1,R,R,"SMITH, JASON T.",0,1,1,1,2.01,"DAWSON, JAKE",Lbt,2.01,0,-28.31445321210362,2020 only; 2022 lines (Daily Kos),1.0
HOU_MS_01_2024,2024,house,MS,1.0,0,0,"BLACK, DIANNE DODSON",D,"KELLY, JOHN TRENT",96697.0,223589.0,0.0,320286.0,30.19,1,R,R,"KELLY, JOHN TRENT",0,1,1,0,0.0,,,,0,-18.34887091803093,2020 only; 2022 lines (Daily Kos),1.0
HOU_MS_02_2024,2024,house,MS,2.0,0,0,"THOMPSON, BENNIE G.",D,"ELLER, RONALD (RON)",177885.0,108956.0,0.0,286841.0,62.02,1,D,D,"THOMPSON, BENNIE G.",0,1,1,0,0.0,,,,0,10.932093089334494,2020 only; 2022 lines (Daily Kos),1.0
HOU_MS_03_2024,2024,house,MS,3.0,0,0,,,"GUEST, MICHAEL",0.0,265159.0,0.0,265159.0,,0,R,R,"GUEST, MICHAEL",0,0,1,0,0.0,,,,0,-14.58574222459587,2020 only; 2022 lines (Daily Kos),1.0
HOU_MS_04_2024,2024,house,MS,4.0,0,0,"RAYBON, CRAIG ELLIOT",D,"EZELL, MIKE",75771.0,215095.0,0.0,290866.0,26.05,1,R,R,"EZELL, MIKE",0,1,1,0,0.0,,,,0,-21.548438742119448,2020 only; 2022 lines (Daily Kos),1.0
HOU_MT_01_2024,2024,house,MT,1.0,0,0,"TRANEL, MONICA",D,"ZINKE, RYAN K.",143783.0,168529.0,9954.0,322266.0,46.04,1,R,R,"ZINKE, RYAN K.",0,1,1,1,3.09,"HAYES, DENNIS",Lbt,3.09,0,-5.795591654200849,2020 only; 2022 lines (Daily Kos),1.0
HOU_MT_02_2024,2024,house,MT,2.0,0,0,"DRISCOLL, JOHN B.",D,"DOWNING, TROY",93713.0,181832.0,0.0,275545.0,34.01,1,R,,,1,1,1,0,0.0,,,,0,-16.03641821956278,2020 only; 2022 lines (Daily Kos),1.0
HOU_NC_01_2024,2024,house,NC,1.0,0,0,"DAVIS, DONALD G. (DON)",D,"BUCKHOUT, LAURIE",186341.0,180034.0,9949.0,376324.0,50.86,1,D,D,"DAVIS, DONALD G. (DON)",0,1,1,1,2.64,"BAILEY, TOM",Lbt,2.64,0,2.05,old course file (PS9 2024 values),0.0
HOU_NC_02_2024,2024,house,NC,2.0,0,0,"ROSS, DEBORAH K.",D,"SWAIN, ALAN D.",268662.0,128164.0,8691.0,405517.0,67.7,1,D,D,"ROSS, DEBORAH K.",0,1,1,1,2.14,"DUBLIN, MICHAEL",Grn,2.14,0,11.89,old course file (PS9 2024 values),0.0
HOU_NC_03_2024,2024,house,NC,3.0,0,0,,,"MURPHY, GREGORY F. (GREG)",0.0,248276.0,72565.0,320841.0,,0,R,R,"MURPHY, GREGORY F. (GREG)",0,0,1,1,22.62,"CORMOS, GHEORGHE",Lbt,22.62,0,-14.99,old course file (PS9 2024 values),0.0
HOU_NC_04_2024,2024,house,NC,4.0,0,0,"FOUSHEE, VALERIE P.",D,"BLANKENBURG, ERIC",308064.0,112084.0,8632.0,428780.0,73.32,1,D,D,"FOUSHEE, VALERIE P.",0,1,1,1,2.01,"MEILLEUR, GUY",Lbt,2.01,0,15.76,old course file (PS9 2024 values),0.0
HOU_NC_05_2024,2024,house,NC,5.0,0,0,"HUBBARD, CHUCK",D,"FOXX, VIRGINIA ANN",162390.0,238304.0,0.0,400694.0,40.53,1,R,R,"FOXX, VIRGINIA ANN",0,1,1,0,0.0,,,,0,-13.0,old course file (PS9 2024 values),0.0
HOU_NC_06_2024,2024,house,NC,6.0,0,0,"HAYES, KEVIN E.",I,"MCDOWELL, ADDISON",104017.0,233303.0,0.0,337320.0,30.84,1,R,,,1,0,1,0,0.0,,,,0,4.0799999,old course file (PS9 2024 values),0.0
HOU_NC_07_2024,2024,house,NC,7.0,0,0,"PRIDGEN, MARLANDO D.",D,"ROUZER, DAVID CHESTON",179512.0,254022.0,0.0,433534.0,41.41,1,R,R,"ROUZER, DAVID CHESTON",0,1,1,0,0.0,,,,0,-8.4899998,old course file (PS9 2024 values),0.0
HOU_NC_08_2024,2024,house,NC,8.0,0,0,"DUES, JUSTIN E.",D,"HARRIS, MARK",161709.0,238640.0,0.0,400349.0,40.39,1,R,,,1,1,1,0,0.0,,,,0,-19.629999,old course file (PS9 2024 values),0.0
HOU_NC_09_2024,2024,house,NC,9.0,0,0,"BRISTOW, NIGEL WILLIAM",D,"HUDSON, RICHARD L., JR.",140852.0,210042.0,22183.0,373077.0,40.14,1,R,R,"HUDSON, RICHARD L., JR.",0,1,1,1,5.95,"ETCHISON, SHELANE",I,5.95,0,-6.0799999,old course file (PS9 2024 values),0.0
HOU_NC_10_2024,2024,house,NC,10.0,0,0,"SCOTT, RALPH R., JR.",D,"HARRIGAN, PAT",155383.0,233814.0,17498.0,406695.0,39.92,1,R,,,1,1,1,2,4.3,"FELDMAN, STEVEN",Lbt,2.86,0,-22.16,old course file (PS9 2024 values),0.0
HOU_NC_11_2024,2024,house,NC,11.0,0,0,"RUDOW, CALEB",D,"EDWARDS, CHUCK",186977.0,245546.0,0.0,432523.0,43.23,1,R,R,"EDWARDS, CHUCK",0,1,1,0,0.0,,,,0,-7.8299999,old course file (PS9 2024 values),0.0
HOU_NC_12_2024,2024,house,NC,12.0,0,0,"ADAMS, ALMA SHEALEY",D,"ALI, ADDUL",259627.0,91128.0,0.0,350755.0,74.02,1,D,D,"ADAMS, ALMA SHEALEY",0,1,1,0,0.0,,,,0,12.7,old course file (PS9 2024 values),0.0
HOU_NC_13_2024,2024,house,NC,13.0,0,0,"PIERCE, FRANK",D,"KNOTT, BRAD",171835.0,243655.0,0.0,415490.0,41.36,1,R,,,1,1,1,0,0.0,,,,0,-1.64,old course file (PS9 2024 values),0.0
HOU_NC_14_2024,2024,house,NC,14.0,0,0,"GENANT, PAM",D,"MOORE, TIM",168269.0,232987.0,0.0,401256.0,41.94,1,R,,,1,1,1,0,0.0,,,,0,5.54,old course file (PS9 2024 values),0.0
HOU_ND_01_2024,2024,house,ND,1.0,0,0,"HAMMER, TRYGVE",D,"FEDORCHAK, JULIE",109231.0,249101.0,0.0,358332.0,30.48,1,R,,,1,1,1,0,0.0,,,,0,-19.48539554402533,2020 only; 2022 lines (Daily Kos),1.0
HOU_NE_01_2024,2024,house,NE,1.0,0,0,"BLOOD, CAROL",D,"FLOOD, MIKE",124498.0,187559.0,0.0,312057.0,39.9,1,R,R,"FLOOD, MIKE",0,1,1,0,0.0,,,,0,-7.933258820152328,2020 only; 2022 lines (Daily Kos),1.0
HOU_NE_02_2024,2024,house,NE,2.0,0,0,"VARGAS, TONY",D,"BACON, DONALD JOHN (DON)",154369.0,160198.0,0.0,314567.0,49.07,1,R,R,"BACON, DONALD JOHN (DON)",0,1,1,0,0.0,,,,0,0.9618358632345392,2020 only; 2022 lines (Daily Kos),1.0
HOU_NE_03_2024,2024,house,NE,3.0,0,0,"EBERS, DANIEL",D,"SMITH, ADRIAN M.",59287.0,243481.0,0.0,302768.0,19.58,1,R,R,"SMITH, ADRIAN M.",0,1,1,0,0.0,,,,0,-28.716098292835145,2020 only; 2022 lines (Daily Kos),1.0
HOU_NH_01_2024,2024,house,NH,1.0,0,0,"PAPPAS, CHRIS",D,"PRESCOTT, RUSSELL",218577.0,185936.0,0.0,404513.0,54.03,1,D,D,"PAPPAS, CHRIS",0,1,1,0,0.0,,,,0,0.7442129192020142,2020 only; 2022 lines (Daily Kos),1.0
HOU_NH_02_2024,2024,house,NH,2.0,0,0,"GOODLANDER, MAGGIE",D,"WILLIAMS, LILY TANG",211641.0,187810.0,0.0,399451.0,52.98,1,D,,,1,1,1,0,0.0,,,,0,2.222881855734637,2020 only; 2022 lines (Daily Kos),1.0
HOU_NJ_01_2024,2024,house,NJ,1.0,0,0,"NORCROSS, DONALD W.",D,"LIDDELL, THEODORE (TEDDY)",208808.0,144390.0,7862.0,361060.0,59.12,1,D,D,"NORCROSS, DONALD W.",0,1,1,2,2.18,"BROWNFIELD, ROBIN",Grn,1.6,0,10.112482717054297,2020 only; 2022 lines (Daily Kos),1.0
HOU_NJ_02_2024,2024,house,NJ,2.0,0,0,"SALERNO, JOSEPH F.",D,"VAN DREW, JEFFERSON (JEFF)",153117.0,215946.0,2557.0,371620.0,41.49,1,R,R,"VAN DREW, JEFFERSON (JEFF)",0,1,1,1,0.69,"CANNAVO, THOMAS",Grn,0.69,0,-4.758884797396185,2020 only; 2022 lines (Daily Kos),1.0
HOU_NJ_03_2024,2024,house,NJ,3.0,0,0,"CONAWAY, HERB",D,"MOHAN, RAJESH",202034.0,169454.0,7996.0,379484.0,54.39,1,D,,,1,1,1,4,2.11,"WELZER, STEVEN W.",Grn,0.92,0,4.823712327335194,2020 only; 2022 lines (Daily Kos),1.0
HOU_NJ_04_2024,2024,house,NJ,4.0,0,0,"JENKINS, MATTHEW",D,"SMITH, CHRISTOPHER H. (CHRIS)",124803.0,265652.0,3773.0,394228.0,31.96,1,R,R,"SMITH, CHRISTOPHER H. (CHRIS)",0,1,1,2,0.96,"MORRISON, JOHN",Lbt,0.49,0,-13.632375257386665,2020 only; 2022 lines (Daily Kos),1.0
HOU_NJ_05_2024,2024,house,NJ,5.0,0,0,"GOTTHEIMER, JOSHUA S. (JOSH)",D,"GUINCHARD, MARY JO",208359.0,165287.0,8243.0,381889.0,55.76,1,D,D,"GOTTHEIMER, JOSHUA S. (JOSH)",0,1,1,3,2.16,"FORTE, BEAU",Grn,0.9,0,4.010736260770265,2020 only; 2022 lines (Daily Kos),1.0
HOU_NJ_06_2024,2024,house,NJ,6.0,0,0,"PALLONE, FRANK J., JR.",D,"FEGLER, SCOTT",170275.0,122519.0,10887.0,303681.0,58.16,1,D,D,"PALLONE, FRANK J., JR.",0,1,1,3,3.59,"AKHTAR, FAHAD",Other,1.6,0,7.481068645664868,2020 only; 2022 lines (Daily Kos),1.0
HOU_NJ_07_2024,2024,house,NJ,7.0,0,0,"ALTMAN, SUE",D,"KEAN, THOMAS H., JR.",200025.0,223331.0,8042.0,431398.0,47.25,1,R,R,"KEAN, THOMAS H., JR.",0,1,1,2,1.86,"BLACK, ANDREW",Grn,0.99,0,-0.3081116050325017,2020 only; 2022 lines (Daily Kos),1.0
HOU_NJ_08_2024,2024,house,NJ,8.0,0,0,"MENENDEZ, ROBERT J.",D,"VALDES, ANTHONY",116434.0,68152.0,12179.0,196765.0,63.08,1,D,D,"MENENDEZ, ROBERT J.",0,1,1,3,6.19,"ROBBINS, CHRISTIAN J.",Grn,2.78,0,20.635354802133666,2020 only; 2022 lines (Daily Kos),1.0
HOU_NJ_09_2024,2024,house,NJ,9.0,0,0,"POU, NELLIE",D,"PREMPEH, WILLIAM SREBOE (BILLY)",130514.0,117939.0,8560.0,257013.0,52.53,1,D,,,1,1,1,2,3.33,"TAYLOR, BENJAMIN",Grn,1.96,0,7.285677836562043,2020 only; 2022 lines (Daily Kos),1.0
HOU_NJ_10_2024,2024,house,NJ,10.0,0,0,"MCIVER, LAMONICA",D,"BUCCO, CARMEN",182020.0,54405.0,8152.0,244577.0,76.99,1,D,D,"MCIVER, LAMONICA",0,1,1,4,3.33,"SERRANO, JON CARLOS",Grn,1.31,0,29.00735010994119,2020 only; 2022 lines (Daily Kos),1.0
HOU_NJ_11_2024,2024,house,NJ,11.0,0,0,"SHERRILL, REBECCA MICHELLE (MIKIE)",D,"BELNOME, JOSEPH",222583.0,164556.0,6612.0,393751.0,57.49,1,D,D,"SHERRILL, REBECCA MICHELLE (MIKIE)",0,1,1,2,1.68,"BENAVIDES, LILY",Grn,1.21,0,6.305636236660439,2020 only; 2022 lines (Daily Kos),1.0
HOU_NJ_12_2024,2024,house,NJ,12.0,0,0,"WATSON COLEMAN, BONNIE",D,"MAYFIELD, DARIUS",196871.0,117222.0,7567.0,321660.0,62.68,1,D,D,"WATSON COLEMAN, BONNIE",0,1,1,2,2.35,"MEUDT, KIM",Grn,1.45,0,15.175521883503574,2020 only; 2022 lines (Daily Kos),1.0
HOU_NM_01_2024,2024,house,NM,1.0,0,0,"STANSBURY, MELANIE ANN",D,"JONES, STEVE",193203.0,149546.0,0.0,342749.0,56.37,1,D,D,"STANSBURY, MELANIE ANN",0,1,1,0,0.0,,,,0,5.1429675287811065,2020 only; 2022 lines (Daily Kos),1.0
HOU_NM_02_2024,2024,house,NM,2.0,0,0,"VASQUEZ, GABRIEL (GABE)",D,"HERRELL, STELLA YVETTE",138177.0,127145.0,0.0,265322.0,52.08,1,D,D,"VASQUEZ, GABRIEL (GABE)",0,1,1,0,0.0,,,,0,0.7319408023290452,2020 only; 2022 lines (Daily Kos),1.0
HOU_NM_03_2024,2024,house,NM,3.0,0,0,"FERNANDEZ, TERESA LEGER",D,"CLAHCHISCHILLIAGE, SHARON E.",162342.0,126085.0,0.0,288427.0,56.29,1,D,D,"FERNANDEZ, TERESA LEGER",0,1,1,0,0.0,,,,0,3.216712244809705,2020 only; 2022 lines (Daily Kos),1.0
HOU_NV_01_2024,2024,house,NV,1.0,0,0,"TITUS, ALICE C. (DINA)",D,"ROBERTSON, MARK",167885.0,143650.0,11364.0,322899.0,53.89,1,D,D,"TITUS, ALICE C. (DINA)",0,1,1,4,3.52,"QUINCE, RON (RON Q.)",I,1.03,0,2.084751258430717,2020 only; 2022 lines (Daily Kos),1.0
HOU_NV_02_2024,2024,house,NV,2.0,0,0,"KIDD, GREG",I,"AMODEI, MARK EUGENE",144064.0,219919.0,35601.0,399584.0,39.58,1,R,R,"AMODEI, MARK EUGENE",0,0,1,2,8.91,"CHAPMAN, LYNN",Other,4.95,0,-7.939521913281528,2020 only; 2022 lines (Daily Kos),1.0
HOU_NV_03_2024,2024,house,NV,3.0,0,0,"LEE, SUSIE",D,"JOHNSON, DREW",191304.0,181084.0,0.0,372388.0,51.37,1,D,D,"LEE, SUSIE",0,1,1,0,0.0,,,,0,1.1143308073332636,2020 only; 2022 lines (Daily Kos),1.0
HOU_NV_04_2024,2024,house,NV,4.0,0,0,"HORSFORD, STEVEN ALEXZANDER",D,"LEE, JOHN",174926.0,148061.0,9219.0,332206.0,54.16,1,D,D,"HORSFORD, STEVEN ALEXZANDER",0,1,1,2,2.78,"BEST, RUSSELL (RUSS)",Other,1.48,0,1.959031814834511,2020 only; 2022 lines (Daily Kos),1.0
HOU_NY_01_2024,2024,house,NY,1.0,0,0,"AVLON, JOHN P.",D,"LALOTA, NICHOLAS J. (NICK)",183540.0,226285.0,0.0,409825.0,44.78,1,R,R,"LALOTA, NICHOLAS J. (NICK)",0,1,1,0,0.0,,,,0,-3.1545236742216543,2020 only; 2024 lines = 2026 lines (Downballot),1.0
HOU_NY_02_2024,2024,house,NY,2.0,0,0,"LUBIN, ROB",D,"GARBARINO, ANDREW R.",136371.0,202597.0,0.0,338968.0,40.23,1,R,R,"GARBARINO, ANDREW R.",0,1,1,0,0.0,,,,0,-3.5038458327155686,2020 only; 2024 lines = 2026 lines (Downballot),1.0
HOU_NY_03_2024,2024,house,NY,3.0,0,0,"SUOZZI, THOMAS R. (TOM)",D,"LIPETRI, MICHAEL J., JR.",187651.0,174693.0,0.0,362344.0,51.79,1,D,D,"SUOZZI, THOMAS R. (TOM)",0,1,1,0,0.0,,,,0,3.442772832541119,2020 only; 2024 lines = 2026 lines (Downballot),1.0
HOU_NY_04_2024,2024,house,NY,4.0,0,0,"GILLEN, LAURA A.",D,"D'ESPOSITO, ANTHONY P.",191760.0,183157.0,0.0,374917.0,51.15,1,D,R,"D'ESPOSITO, ANTHONY P.",0,1,1,0,0.0,,,,0,5.078848685011439,2020 only; 2024 lines = 2026 lines (Downballot),1.0
HOU_NY_05_2024,2024,house,NY,5.0,0,0,"MEEKS, GREGORY W.",D,"KING, PAUL",168425.0,62529.0,0.0,230954.0,72.93,1,D,D,"MEEKS, GREGORY W.",0,1,1,0,0.0,,,,0,29.092560673831315,2020 only; 2024 lines = 2026 lines (Downballot),1.0
HOU_NY_06_2024,2024,house,NY,6.0,0,0,"MENG, GRACE",D,"ZMICH, THOMAS J.",120205.0,74559.0,3272.0,198036.0,61.72,1,D,D,"MENG, GRACE",0,1,1,1,1.65,"CHOU, JOSEPH J.",Other,1.65,0,12.533217854589996,2020 only; 2024 lines = 2026 lines (Downballot),1.0
HOU_NY_07_2024,2024,house,NY,7.0,0,0,"VELAZQUEZ, NYDIA M.",D,"KREGLER, BILL",172795.0,48435.0,0.0,221230.0,78.11,1,D,D,"VELAZQUEZ, NYDIA M.",0,1,1,0,0.0,,,,0,28.28080372669369,2020 only; 2024 lines = 2026 lines (Downballot),1.0
HOU_NY_08_2024,2024,house,NY,8.0,0,0,"JEFFRIES, HAKEEM S.",D,"DELANEY, JOHN J.",168036.0,54863.0,0.0,222899.0,75.39,1,D,D,"JEFFRIES, HAKEEM S.",0,1,1,0,0.0,,,,0,25.66617555829713,2020 only; 2024 lines = 2026 lines (Downballot),1.0
HOU_NY_09_2024,2024,house,NY,9.0,0,0,"CLARKE, YVETTE DIANE",D,"RAITPORT, MENACHEM M.",173207.0,60064.0,0.0,233271.0,74.25,1,D,D,"CLARKE, YVETTE DIANE",0,1,1,0,0.0,,,,0,23.968671967489666,2020 only; 2024 lines = 2026 lines (Downballot),1.0
HOU_NY_10_2024,2024,house,NY,10.0,0,0,"GOLDMAN, DANIEL S.",D,"DODENHOFF, ALEXANDER",206206.0,37555.0,6747.0,250508.0,84.59,1,D,D,"GOLDMAN, DANIEL S.",0,1,1,1,2.69,"BRISCOE, PAUL J.",Other,2.69,0,33.46618669482256,2020 only; 2024 lines = 2026 lines (Downballot),1.0
HOU_NY_11_2024,2024,house,NY,11.0,0,0,"MORSE, ANDREA S.",D,"MALLIOTAKIS, NICOLE",93586.0,167099.0,0.0,260685.0,35.9,1,R,R,"MALLIOTAKIS, NICOLE",0,1,1,0,0.0,,,,0,-6.1236803922502245,2020 only; 2024 lines = 2026 lines (Downballot),1.0
HOU_NY_12_2024,2024,house,NY,12.0,0,0,"NADLER, JERROLD L. (JERRY)",D,"ZUMBLUSKAS, MICHAEL K.",260165.0,62989.0,0.0,323154.0,80.51,1,D,D,"NADLER, JERROLD L. (JERRY)",0,1,1,0,0.0,,,,0,33.77872384075534,2020 only; 2024 lines = 2026 lines (Downballot),1.0
HOU_NY_13_2024,2024,house,NY,13.0,0,0,"ESPAILLAT, ADRIANO",D,"VARGAS, RUBEN D.",181800.0,35822.0,0.0,217622.0,83.54,1,D,D,"ESPAILLAT, ADRIANO",0,1,1,0,0.0,,,,0,36.5638320938761,2020 only; 2024 lines = 2026 lines (Downballot),1.0
HOU_NY_14_2024,2024,house,NY,14.0,0,0,"OCASIO-CORTEZ, ALEXANDRIA",D,"FORTE, TINA",132714.0,59078.0,0.0,191792.0,69.2,1,D,D,"OCASIO-CORTEZ, ALEXANDRIA",0,1,1,0,0.0,,,,0,25.5412532751255,2020 only; 2024 lines = 2026 lines (Downballot),1.0
HOU_NY_15_2024,2024,house,NY,15.0,0,0,"TORRES, RITCHIE",D,"DURAN, GONZALO",130392.0,36010.0,4086.0,170488.0,78.36,1,D,D,"TORRES, RITCHIE",0,1,1,1,2.4,"VEGA, JOSE",LaRouche,2.4,0,33.22309050216106,2020 only; 2024 lines = 2026 lines (Downballot),1.0
HOU_NY_16_2024,2024,house,NY,16.0,0,0,"LATIMER, GEORGE S.",D,"FLISSER, MIRIAM LEVITT",217668.0,86408.0,0.0,304076.0,71.58,1,D,,,1,1,1,0,0.0,,,,0,20.237409512579507,2020 only; 2024 lines = 2026 lines (Downballot),1.0
HOU_NY_17_2024,2024,house,NY,17.0,0,0,"JONES, MONDAIRE L.",D,"LAWLER, MICHAEL V.",173899.0,197845.0,7530.0,379274.0,46.78,1,R,R,"LAWLER, MICHAEL V.",0,1,1,1,1.99,"FRASCONE, ANTHONY",Other,1.99,0,2.8218661604011097,2020 only; 2024 lines = 2026 lines (Downballot),1.0
HOU_NY_18_2024,2024,house,NY,18.0,0,0,"RYAN, PATRICK (PAT)",D,"ESPOSITO, ALISON",207106.0,155129.0,0.0,362235.0,57.17,1,D,D,"RYAN, PATRICK (PAT)",0,1,1,0,0.0,,,,0,2.346746391514898,2020 only; 2024 lines = 2026 lines (Downballot),1.0
HOU_NY_19_2024,2024,house,NY,19.0,0,0,"RILEY, JOSH",D,"MOLINARO, MARCUS J. (MARC)",192647.0,184290.0,0.0,376937.0,51.11,1,D,R,"MOLINARO, MARCUS J. (MARC)",0,1,1,0,0.0,,,,0,0.0123424212061906,2020 only; 2024 lines = 2026 lines (Downballot),1.0
HOU_NY_20_2024,2024,house,NY,20.0,0,0,"TONKO, PAUL DAVID",D,"WALTZ, KEVIN M.",221997.0,141151.0,0.0,363148.0,61.13,1,D,D,"TONKO, PAUL DAVID",0,1,1,0,0.0,,,,0,7.50649302204498,2020 only; 2024 lines = 2026 lines (Downballot),1.0
HOU_NY_21_2024,2024,house,NY,21.0,0,0,"COLLINS, PAULA",D,"STEFANIK, ELISE M.",132447.0,215996.0,0.0,348443.0,38.01,1,R,R,"STEFANIK, ELISE M.",0,1,1,0,0.0,,,,0,-10.253540893199323,2020 only; 2024 lines = 2026 lines (Downballot),1.0
HOU_NY_22_2024,2024,house,NY,22.0,0,0,"MANNION, JOHN W.",D,"WILLIAMS, BRANDON M.",194450.0,161939.0,0.0,356389.0,54.56,1,D,R,"WILLIAMS, BRANDON M.",0,1,1,0,0.0,,,,0,3.5388966806710664,2020 only; 2024 lines = 2026 lines (Downballot),1.0
HOU_NY_23_2024,2024,house,NY,23.0,0,0,"CARLE, THOMAS A.",D,"LANGWORTHY, NICHOLAS A. (NICK)",128397.0,246969.0,0.0,375366.0,34.21,1,R,R,"LANGWORTHY, NICHOLAS A. (NICK)",0,1,1,0,0.0,,,,0,-11.544813503479396,2020 only; 2024 lines = 2026 lines (Downballot),1.0
HOU_NY_24_2024,2024,house,NY,24.0,0,0,"WAGENHAUSER, DAVID",D,"TENNEY, CLAUDIA",123317.0,235867.0,0.0,359184.0,34.33,1,R,R,"TENNEY, CLAUDIA",0,1,1,0,0.0,,,,0,-12.628884164740706,2020 only; 2024 lines = 2026 lines (Downballot),1.0
HOU_NY_25_2024,2024,house,NY,25.0,0,0,"MORELLE, JOSEPH D.",D,"SADWICK, GREGG A.",219175.0,141195.0,0.0,360370.0,60.82,1,D,D,"MORELLE, JOSEPH D.",0,1,1,0,0.0,,,,0,8.279126136551174,2020 only; 2024 lines = 2026 lines (Downballot),1.0
HOU_NY_26_2024,2024,house,NY,26.0,0,0,"KENNEDY, TIMOTHY M.",D,"MARECKI, ANTHONY G.",209131.0,111772.0,0.0,320903.0,65.17,1,D,D,"KENNEDY, TIMOTHY M.",0,1,1,0,0.0,,,,0,10.524628588879292,2020 only; 2024 lines = 2026 lines (Downballot),1.0
HOU_OH_01_2024,2024,house,OH,1.0,0,0,"LANDSMAN, GREG",D,"SONZA, ORLANDO",213916.0,177993.0,0.0,391909.0,54.58,1,D,D,"LANDSMAN, GREG",0,1,1,0,0.0,,,,0,1.75,old course file (PS9 2024 values),0.0
HOU_OH_02_2024,2024,house,OH,2.0,0,0,"MEADOWS, SAMANTHA",D,"TAYLOR, DAVID J.",96401.0,268211.0,4.0,364616.0,26.44,1,R,,,1,1,1,1,0.0,"SCHRANK, ALEXANDER DAVID",Other,0.0,0,-24.870001,old course file (PS9 2024 values),0.0
HOU_OH_03_2024,2024,house,OH,3.0,0,0,"BEATTY, JOYCE",D,"YOUNG, MICHAEL",242632.0,100355.0,0.0,342987.0,70.74,1,D,D,"BEATTY, JOYCE",0,1,1,0,0.0,,,,0,19.709999,old course file (PS9 2024 values),0.0
HOU_OH_04_2024,2024,house,OH,4.0,0,0,"WILSON, TAMIE",D,"JORDAN, JAMES D. (JIM)",125905.0,273297.0,0.0,399202.0,31.54,1,R,R,"JORDAN, JAMES D. (JIM)",0,1,1,0,0.0,,,,0,-20.49,old course file (PS9 2024 values),0.0
HOU_OH_05_2024,2024,house,OH,5.0,0,0,"MUNDY, KEITH",D,"LATTA, ROBERT EDWARD (BOB)",123024.0,255633.0,0.0,378657.0,32.49,1,R,R,"LATTA, ROBERT EDWARD (BOB)",0,1,1,0,0.0,,,,0,-15.48,old course file (PS9 2024 values),0.0
HOU_OH_06_2024,2024,house,OH,6.0,0,0,"KRIPCHAK, MICHAEL L.",D,"RULLI, MICHAEL A.",122515.0,245860.0,0.0,368375.0,33.26,1,R,R,"RULLI, MICHAEL A.",0,1,1,0,0.0,,,,0,-16.110001,old course file (PS9 2024 values),0.0
HOU_OH_07_2024,2024,house,OH,7.0,0,0,"DIEMER, MATTHEW (MATT)",D,"MILLER, MAX L.",144613.0,204494.0,51264.0,400371.0,41.42,1,R,R,"MILLER, MAX L.",0,1,1,1,12.8,"KUCINICH, DENNIS J.",I,12.8,0,-6.98,old course file (PS9 2024 values),0.0
HOU_OH_08_2024,2024,house,OH,8.0,0,0,"ENOCH, VANESSA",D,"DAVIDSON, WARREN",140625.0,237503.0,0.0,378128.0,37.19,1,R,R,"DAVIDSON, WARREN",0,1,1,0,0.0,,,,0,-13.74,old course file (PS9 2024 values),0.0
HOU_OH_09_2024,2024,house,OH,9.0,0,0,"KAPTUR, MARCIA C. (MARCY)",D,"MERRIN, DEREK",181098.0,178716.0,15381.0,375195.0,50.33,1,D,D,"KAPTUR, MARCIA C. (MARCY)",0,1,1,1,4.1,"PRUSS, TOM",Lbt,4.1,0,-3.22,old course file (PS9 2024 values),0.0
HOU_OH_10_2024,2024,house,OH,10.0,0,0,"COX, AMY",D,"TURNER, MICHAEL R. (MIKE)",145420.0,213695.0,11631.0,370746.0,40.49,1,R,R,"TURNER, MICHAEL R. (MIKE)",0,1,1,1,3.14,"HARBAUGH, MICHAEL",I,3.14,0,-4.1199999,old course file (PS9 2024 values),0.0
HOU_OH_11_2024,2024,house,OH,11.0,0,0,"BROWN, SHONTEL M.",D,"RAPOPORT, ALAN",236883.0,59394.0,6136.0,302413.0,79.95,1,D,D,"BROWN, SHONTEL M.",0,1,1,3,2.03,"FREEMAN, SEAN",I,2.02,0,27.629999,old course file (PS9 2024 values),0.0
HOU_OH_12_2024,2024,house,OH,12.0,0,0,"CHRISTIAN, JERRAD",D,"BALDERSON, TROY",119738.0,260450.0,0.0,380188.0,31.49,1,R,R,"BALDERSON, TROY",0,1,1,0,0.0,,,,0,-17.58,old course file (PS9 2024 values),0.0
HOU_OH_13_2024,2024,house,OH,13.0,0,0,"SYKES, EMILIA STRONG",D,"COUGHLIN, KEVIN",197466.0,188924.0,0.0,386390.0,51.11,1,D,D,"SYKES, EMILIA STRONG",0,1,1,0,0.0,,,,0,-0.63999999,old course file (PS9 2024 values),0.0
HOU_OH_14_2024,2024,house,OH,14.0,0,0,"KENDERES, BRIAN BOB",D,"JOYCE, DAVID P.",140431.0,243427.0,0.0,383858.0,36.58,1,R,R,"JOYCE, DAVID P.",0,1,1,0,0.0,,,,0,-9.4499998,old course file (PS9 2024 values),0.0
HOU_OH_15_2024,2024,house,OH,15.0,0,0,"MILLER, ADAM",D,"CAREY, MIKE",151411.0,196338.0,0.0,347749.0,43.54,1,R,R,"CAREY, MIKE",0,1,1,0,0.0,,,,0,-5.9200001,old course file (PS9 2024 values),0.0
HOU_OK_01_2024,2024,house,OK,1.0,0,0,"BAKER, DENNIS L.",D,"HERN, KEVIN",107903.0,188832.0,15766.0,312501.0,36.36,1,R,R,"HERN, KEVIN",0,1,1,1,5.05,"SANDERS, MARK DAVID GARCIA",I,5.05,0,-13.22583540076473,2020 only; 2022 lines (Daily Kos),1.0
HOU_OK_02_2024,2024,house,OK,2.0,0,0,"WADE, BRANDON",D,"BRECHEEN, JOSH",68841.0,238123.0,14061.0,321025.0,22.43,1,R,R,"BRECHEEN, JOSH",0,1,1,1,4.38,"HOPKINS, RONNIE",I,4.38,0,-29.455308800085216,2020 only; 2022 lines (Daily Kos),1.0
HOU_OK_03_2024,2024,house,OK,3.0,0,0,,,"LUCAS, FRANK D.",0.0,0.0,0.0,0.0,,0,R,R,"LUCAS, FRANK D.",0,0,1,0,,,,,0,-25.10577890843051,2020 only; 2022 lines (Daily Kos),1.0
HOU_OK_04_2024,2024,house,OK,4.0,0,0,"BRANNON, MARY",D,"COLE, TOM JEFFREY",86641.0,199962.0,19870.0,306473.0,30.23,1,R,R,"COLE, TOM JEFFREY",0,1,1,1,6.48,"STACY, JAMES",I,6.48,0,-18.471467452171165,2020 only; 2022 lines (Daily Kos),1.0
HOU_OK_05_2024,2024,house,OK,5.0,0,0,"HORN, MADISON",D,"BICE, STEPHANIE I.",134471.0,207636.0,0.0,342107.0,39.31,1,R,R,"BICE, STEPHANIE I.",0,1,1,0,0.0,,,,0,-10.930592662423557,2020 only; 2022 lines (Daily Kos),1.0
HOU_OR_01_2024,2024,house,OR,1.0,0,0,"BONAMICI, SUZANNE",D,"TODD, BOB",241556.0,98908.0,10840.0,351304.0,70.95,1,D,D,"BONAMICI, SUZANNE",0,1,1,1,3.09,"CHRISTMAN, JOE",Lbt,3.09,0,17.904315675389647,2020 only; 2022 lines (Daily Kos),1.0
HOU_OR_02_2024,2024,house,OR,2.0,0,0,"RUBY, DAN",D,"BENTZ, CLIFF S.",115337.0,224601.0,11255.0,351193.0,33.93,1,R,R,"BENTZ, CLIFF S.",0,1,1,1,3.2,"STETTLER, MICHAEL KURT",Other,3.2,0,-14.780028797437678,2020 only; 2022 lines (Daily Kos),1.0
HOU_OR_03_2024,2024,house,OR,3.0,0,0,"DEXTER, MAXINE E.",D,"HARBOUR, JOANNA",226405.0,84344.0,22810.0,333559.0,72.86,1,D,,,1,1,1,3,6.84,"WALKER, DAVID W.",Other,3.07,0,21.92883773828589,2020 only; 2022 lines (Daily Kos),1.0
HOU_OR_04_2024,2024,house,OR,4.0,0,0,"HOYLE, VAL T.",D,"DESPAIN, MONIQUE",195862.0,166430.0,16019.0,378311.0,54.06,1,D,D,"HOYLE, VAL T.",0,1,1,2,4.23,"FILIP, JUSTIN",Other,2.73,0,4.271349708587701,2020 only; 2022 lines (Daily Kos),1.0
HOU_OR_05_2024,2024,house,OR,5.0,0,0,"BYNUM, JANELLE S.",D,"CHAVEZ-DEREMER, LORI",191365.0,180420.0,29013.0,400798.0,51.47,1,D,R,"CHAVEZ-DEREMER, LORI",0,1,1,3,7.24,"SMITH, BRETT",I,4.66,0,2.2785878141687865,2020 only; 2022 lines (Daily Kos),1.0
HOU_OR_06_2024,2024,house,OR,6.0,0,0,"SALINAS, ANDREA",D,"ERICKSON, MIKE",180869.0,157634.0,0.0,338503.0,53.43,1,D,D,"SALINAS, ANDREA",0,1,1,0,0.0,,,,0,4.505520389715311,2020 only; 2022 lines (Daily Kos),1.0
HOU_PA_01_2024,2024,house,PA,1.0,0,0,"EHASZ, ASHLEY",D,"FITZPATRICK, BRIAN K.",202042.0,261390.0,0.0,463432.0,43.6,1,R,R,"FITZPATRICK, BRIAN K.",0,1,1,0,0.0,,,,0,0.0765302142374246,2020 only; 2022 lines (Daily Kos),1.0
HOU_PA_02_2024,2024,house,PA,2.0,0,0,"BOYLE, BRENDAN F.",D,"BASHIR, AARON",193691.0,77355.0,0.0,271046.0,71.46,1,D,D,"BOYLE, BRENDAN F.",0,1,1,0,0.0,,,,0,19.26694114523504,2020 only; 2022 lines (Daily Kos),1.0
HOU_PA_03_2024,2024,house,PA,3.0,0,0,"EVANS, DWIGHT",D,,340223.0,0.0,0.0,340223.0,,0,D,D,"EVANS, DWIGHT",0,1,0,0,0.0,,,,0,38.41918230879671,2020 only; 2022 lines (Daily Kos),1.0
HOU_PA_04_2024,2024,house,PA,4.0,0,0,"DEAN CUNNANE, MADELEINE",D,"WINKLER, DAVID",269066.0,186457.0,0.0,455523.0,59.07,1,D,D,"DEAN CUNNANE, MADELEINE",0,1,1,0,0.0,,,,0,7.300863989280693,2020 only; 2022 lines (Daily Kos),1.0
HOU_PA_05_2024,2024,house,PA,5.0,0,0,"SCANLON, MARY GAY",D,"GOODWIN, ALFEIA",267754.0,142355.0,0.0,410109.0,65.29,1,D,D,"SCANLON, MARY GAY",0,1,1,0,0.0,,,,0,14.014090175484062,2020 only; 2022 lines (Daily Kos),1.0
HOU_PA_06_2024,2024,house,PA,6.0,0,0,"HOULAHAN, CHRISTINA JAMPOLER (CHRISSY)",D,"YOUNG, NEIL",235625.0,183638.0,0.0,419263.0,56.2,1,D,D,"HOULAHAN, CHRISTINA JAMPOLER (CHRISSY)",0,1,1,0,0.0,,,,0,5.178327110744208,2020 only; 2022 lines (Daily Kos),1.0
HOU_PA_07_2024,2024,house,PA,7.0,0,0,"WILD, SUSAN ELLIS",D,"MACKENZIE, RYAN E.",199626.0,203688.0,0.0,403314.0,49.5,1,R,D,"WILD, SUSAN ELLIS",0,1,1,0,0.0,,,,0,-1.9544263722527044,2020 only; 2022 lines (Daily Kos),1.0
HOU_PA_08_2024,2024,house,PA,8.0,0,0,"CARTWRIGHT, MATTHEW A. (MATT)",D,"BRESNAHAN, ROB, JR.",189411.0,195663.0,0.0,385074.0,49.19,1,R,D,"CARTWRIGHT, MATTHEW A. (MATT)",0,1,1,0,0.0,,,,0,-3.735445003326726,2020 only; 2022 lines (Daily Kos),1.0
HOU_PA_09_2024,2024,house,PA,9.0,0,0,"WALDMAN, AMANDA R.",D,"MEUSER, DANIEL PHILIP (DAN)",115523.0,276212.0,0.0,391735.0,29.49,1,R,R,"MEUSER, DANIEL PHILIP (DAN)",0,1,1,0,0.0,,,,0,-20.80063076490998,2020 only; 2022 lines (Daily Kos),1.0
HOU_PA_10_2024,2024,house,PA,10.0,0,0,"STELSON, JANELLE",D,"PERRY, SCOTT GORDON",200434.0,205567.0,0.0,406001.0,49.37,1,R,R,"PERRY, SCOTT GORDON",0,1,1,0,0.0,,,,0,-4.36509205529656,2020 only; 2022 lines (Daily Kos),1.0
HOU_PA_11_2024,2024,house,PA,11.0,0,0,"ATKINSON, JIM",D,"SMUCKER, LLOYD K.",149641.0,253672.0,0.0,403313.0,37.1,1,R,R,"SMUCKER, LLOYD K.",0,1,1,0,0.0,,,,0,-13.058887170394678,2020 only; 2022 lines (Daily Kos),1.0
HOU_PA_12_2024,2024,house,PA,12.0,0,0,"LEE, SUMMER L.",D,"HAYES, JAMES",234802.0,181426.0,0.0,416228.0,56.41,1,D,D,"LEE, SUMMER L.",0,1,1,0,0.0,,,,0,7.816316781345489,2020 only; 2022 lines (Daily Kos),1.0
HOU_PA_13_2024,2024,house,PA,13.0,0,0,"FARNHAM, BETH",D,"JOYCE, JOHN",104823.0,301460.0,0.0,406283.0,25.8,1,R,R,"JOYCE, JOHN",0,1,1,0,0.0,,,,0,-25.151227501940767,2020 only; 2022 lines (Daily Kos),1.0
HOU_PA_14_2024,2024,house,PA,14.0,0,0,"DZIADOS, CHRIS",D,"RESCHENTHALER, GUY",134755.0,268380.0,0.0,403135.0,33.43,1,R,R,"RESCHENTHALER, GUY",0,1,1,0,0.0,,,,0,-18.19128039656625,2020 only; 2022 lines (Daily Kos),1.0
HOU_PA_15_2024,2024,house,PA,15.0,0,0,"WOMER, ZACH",D,"THOMPSON, GLENN WILLIAM (GT), JR.",111408.0,279027.0,0.0,390435.0,28.53,1,R,R,"THOMPSON, GLENN WILLIAM (GT), JR.",0,1,1,0,0.0,,,,0,-21.0336628007819,2020 only; 2022 lines (Daily Kos),1.0
HOU_PA_16_2024,2024,house,PA,16.0,0,0,"NOURI, PRESTON",D,"KELLY, GEORGE J. (MIKE), JR.",146709.0,256923.0,0.0,403632.0,36.35,1,R,R,"KELLY, GEORGE J. (MIKE), JR.",0,1,1,0,0.0,,,,0,-12.72336388177347,2020 only; 2022 lines (Daily Kos),1.0
HOU_PA_17_2024,2024,house,PA,17.0,0,0,"DELUZIO, CHRISTOPHER R. (CHRIS)",D,"MERCURI, ROB",242838.0,207900.0,0.0,450738.0,53.88,1,D,D,"DELUZIO, CHRISTOPHER R. (CHRIS)",0,1,1,0,0.0,,,,0,0.6838321832410399,2020 only; 2022 lines (Daily Kos),1.0
HOU_RI_01_2024,2024,house,RI,1.0,0,0,"AMO, GABE",D,"WATERS, ALLEN RODNEY",139352.0,70742.0,10463.0,220557.0,66.33,1,D,D,"AMO, GABE",0,1,1,1,4.74,"REYNOLDS, C.D.",I,4.74,0,12.494317041907069,2020 only; 2022 lines (Daily Kos),1.0
HOU_RI_02_2024,2024,house,RI,2.0,0,0,"MAGAZINER, SETH M.",D,"CORVI, STEPHEN JOSEPH",153439.0,109381.0,0.0,262820.0,58.38,1,D,D,"MAGAZINER, SETH M.",0,1,1,0,0.0,,,,0,4.706326051637211,2020 only; 2022 lines (Daily Kos),1.0
HOU_SC_01_2024,2024,house,SC,1.0,0,0,"MOORE, MICHAEL B.",D,"MACE, NANCY",162582.0,227502.0,0.0,390084.0,41.68,1,R,R,"MACE, NANCY",0,1,1,0,0.0,,,,0,-6.6579300228459815,2020 only; 2022 lines (Daily Kos),1.0
HOU_SC_02_2024,2024,house,SC,2.0,0,0,"ROBINSON, DAVID, II",D,"WILSON, ADDISON GRAVES (JOE)",142985.0,211514.0,0.0,354499.0,40.33,1,R,R,"WILSON, ADDISON GRAVES (JOE)",0,1,1,0,0.0,,,,0,-7.64216019131293,2020 only; 2022 lines (Daily Kos),1.0
HOU_SC_03_2024,2024,house,SC,3.0,0,0,"BEST, BRYON L.",D,"BIGGS, SHERI",87735.0,248451.0,9918.0,346104.0,26.1,1,R,,,1,1,1,1,2.87,"BEDENBAUGH, MIKE",Other,2.87,0,-21.269692994266045,2020 only; 2022 lines (Daily Kos),1.0
HOU_SC_04_2024,2024,house,SC,4.0,0,0,"HARVEY, KATHRYN",D,"TIMMONS, WILLIAM R., IV",128976.0,206916.0,9779.0,345671.0,38.4,1,R,R,"TIMMONS, WILLIAM R., IV",0,1,1,1,2.83,"HACKETT, MARK",Other,2.83,0,-11.714915308649532,2020 only; 2022 lines (Daily Kos),1.0
HOU_SC_05_2024,2024,house,SC,5.0,0,0,"HUNDLEY, EVANGELINE",D,"NORMAN, RALPH W.",130592.0,228260.0,0.0,358852.0,36.39,1,R,R,"NORMAN, RALPH W.",0,1,1,0,0.0,,,,0,-11.477447754447317,2020 only; 2022 lines (Daily Kos),1.0
HOU_SC_06_2024,2024,house,SC,6.0,0,0,"CLYBURN, JAMES E. (JIM)",D,"BUCKNER, DUKE",182056.0,112360.0,11262.0,305678.0,61.84,1,D,D,"CLYBURN, JAMES E. (JIM)",0,1,1,3,3.68,"SIMPSON, MICHAEL",Lbt,1.73,0,14.01971977001466,2020 only; 2022 lines (Daily Kos),1.0
HOU_SC_07_2024,2024,house,SC,7.0,0,0,"HYMAN, MAL",D,"FRY, RUSSELL",129522.0,240326.0,0.0,369848.0,35.02,1,R,R,"FRY, RUSSELL",0,1,1,0,0.0,,,,0,-11.691495930869811,2020 only; 2022 lines (Daily Kos),1.0
HOU_SD_01_2024,2024,house,SD,1.0,0,0,"JOHNSON, SHERYL",D,"JOHNSON, DUSTIN (DUSTY)",117818.0,303630.0,0.0,421448.0,27.96,1,R,R,"JOHNSON, DUSTIN (DUSTY)",0,1,1,0,0.0,,,,0,-15.702766982810202,2020 only; 2022 lines (Daily Kos),1.0
HOU_TN_01_2024,2024,house,TN,1.0,0,0,"JENKINS, KEVIN",D,"HARSHBARGER, DIANA LYNN",64021.0,257825.0,8353.0,330199.0,19.89,1,R,R,"HARSHBARGER, DIANA LYNN",0,1,1,2,2.53,"BAKER, RICHARD G.",I,1.73,0,-29.84873317651524,2020 only; 2022 lines (Daily Kos),0.0
HOU_TN_02_2024,2024,house,TN,2.0,0,0,"GEORGE, JANE",D,"BURCHETT, TIM",111316.0,250782.0,0.0,362098.0,30.74,1,R,R,"BURCHETT, TIM",0,1,1,0,0.0,,,,0,-17.161302946165254,2020 only; 2022 lines (Daily Kos),0.0
HOU_TN_03_2024,2024,house,TN,3.0,0,0,"ALLEN, JACK",D,"FLEISCHMANN, CHARLES J. (CHUCK)",102841.0,236519.0,10968.0,350328.0,30.3,1,R,R,"FLEISCHMANN, CHARLES J. (CHUCK)",0,1,1,2,3.13,"KING, STEPHEN (SCOOTER)",I,1.67,0,-18.517891653079303,2020 only; 2022 lines (Daily Kos),0.0
HOU_TN_04_2024,2024,house,TN,4.0,0,0,"BRODERICK, VICTORIA ISABEL",D,"DESJARLAIS, SCOTT EUGENE",83832.0,219133.0,10290.0,313255.0,27.67,1,R,R,"DESJARLAIS, SCOTT EUGENE",0,1,1,2,3.28,"NOLAN, KEITH",I,1.79,0,-21.49121125601351,2020 only; 2022 lines (Daily Kos),0.0
HOU_TN_05_2024,2024,house,TN,5.0,0,0,"ABOLFAZLI, MARYAM",D,"OGLES, ANDREW (ANDY)",142387.0,205075.0,13252.0,360714.0,40.98,1,R,R,"OGLES, ANDREW (ANDY)",0,1,1,3,3.67,"LARKIN, JIM",I,2.11,0,-8.045025954866137,2020 only; 2022 lines (Daily Kos),0.0
HOU_TN_06_2024,2024,house,TN,6.0,0,0,"BERGMAN, LORE",D,"ROSE, JOHN W.",106144.0,225543.0,0.0,331687.0,32.0,1,R,R,"ROSE, JOHN W.",0,1,1,0,0.0,,,,0,-17.11310102790194,2020 only; 2022 lines (Daily Kos),0.0
HOU_TN_07_2024,2024,house,TN,7.0,0,0,"BARRY, MEGAN",D,"GREEN, MARK E.",122764.0,191992.0,7900.0,322656.0,39.0,1,R,R,"GREEN, MARK E.",0,1,1,1,2.45,"GREENE, SHAUN",I,2.45,0,-10.01126382673218,2020 only; 2022 lines (Daily Kos),0.0
HOU_TN_08_2024,2024,house,TN,8.0,0,0,"FREEMAN, SARAH",D,"KUSTOFF, DAVID",85043.0,240411.0,6861.0,332315.0,26.13,1,R,R,"KUSTOFF, DAVID",0,1,1,1,2.06,"HART, JAMES L.",I,2.06,0,-21.19195302806405,2020 only; 2022 lines (Daily Kos),0.0
HOU_TN_09_2024,2024,house,TN,9.0,0,0,"COHEN, STEPHEN IRA (STEVE)",D,"BERGMANN, CHARLOTTE",159522.0,57411.0,6770.0,223703.0,73.54,1,D,D,"COHEN, STEPHEN IRA (STEVE)",0,1,1,2,3.03,"WELLS, WENDELL",I,1.66,0,22.19536986039555,2020 only; 2022 lines (Daily Kos),0.0
HOU_TX_01_2024,2024,house,TX,1.0,0,0,,,"MORAN, NATHANIEL",0.0,258523.0,0.0,258523.0,,0,R,R,"MORAN, NATHANIEL",0,0,1,0,0.0,,,,0,-25.477308297530527,2020 only; 2022 lines (Daily Kos),0.0
HOU_TX_02_2024,2024,house,TX,2.0,0,0,"FILLER, PETER",D,"CRENSHAW, DAN",112252.0,214631.0,0.0,326883.0,34.34,1,R,R,"CRENSHAW, DAN",0,1,1,0,0.0,,,,0,-13.81562433093197,2020 only; 2022 lines (Daily Kos),0.0
HOU_TX_03_2024,2024,house,TX,3.0,0,0,"SRIVASTAVA, SANDEEP",D,"SELF, KEITH A.",142953.0,237794.0,0.0,380747.0,37.55,1,R,R,"SELF, KEITH A.",0,1,1,0,0.0,,,,0,-9.58843701989352,2020 only; 2022 lines (Daily Kos),0.0
HOU_TX_04_2024,2024,house,TX,4.0,0,0,"CARDELL, SIMON",D,"FALLON, PATRICK EDWARD (PAT)",111696.0,241603.0,0.0,353299.0,31.62,1,R,R,"FALLON, PATRICK EDWARD (PAT)",0,1,1,0,0.0,,,,0,-15.412860797558237,2020 only; 2022 lines (Daily Kos),0.0
HOU_TX_05_2024,2024,house,TX,5.0,0,0,"TORRES, RUTH (TRUTH)",D,"GOODEN, LANCE",107712.0,192185.0,0.0,299897.0,35.92,1,R,R,"GOODEN, LANCE",0,1,1,0,0.0,,,,0,-13.622913944501802,2020 only; 2022 lines (Daily Kos),0.0
HOU_TX_06_2024,2024,house,TX,6.0,0,0,"LOVE, JOHN, III",D,"ELLZEY, JOHN KEVIN (JAKE)",98319.0,188119.0,0.0,286438.0,34.32,1,R,R,"ELLZEY, JOHN KEVIN (JAKE)",0,1,1,0,0.0,,,,0,-14.400028874495446,2020 only; 2022 lines (Daily Kos),0.0
HOU_TX_07_2024,2024,house,TX,7.0,0,0,"FLETCHER, ELIZABETH PANNILL (LIZZIE)",D,"KANE, CAROLINE",149820.0,94651.0,0.0,244471.0,61.28,1,D,D,"FLETCHER, ELIZABETH PANNILL (LIZZIE)",0,1,1,0,0.0,,,,0,12.803728231337374,2020 only; 2022 lines (Daily Kos),0.0
HOU_TX_08_2024,2024,house,TX,8.0,0,0,"JONES, LAURA",D,"LUTTRELL, MORGAN",108754.0,233423.0,0.0,342177.0,31.78,1,R,R,"LUTTRELL, MORGAN",0,1,1,0,0.0,,,,0,-16.036109752407956,2020 only; 2022 lines (Daily Kos),0.0
HOU_TX_09_2024,2024,house,TX,9.0,0,0,"GREEN, ALEXANDER (AL)",D,,184141.0,0.0,0.0,184141.0,,0,D,D,"GREEN, ALEXANDER (AL)",0,1,0,0,0.0,,,,0,24.73781483339731,2020 only; 2022 lines (Daily Kos),0.0
HOU_TX_10_2024,2024,house,TX,10.0,0,0,"BOISSEAU, THERESA",D,"MCCAUL, MICHAEL T.",118280.0,221229.0,8309.0,347818.0,34.84,1,R,R,"MCCAUL, MICHAEL T.",0,1,1,1,2.39,"MILLER, JEFF",Lbt,2.39,0,-11.819640223305496,2020 only; 2022 lines (Daily Kos),0.0
HOU_TX_11_2024,2024,house,TX,11.0,0,0,,,"PFLUGER, AUGUST",0.0,211975.0,0.0,211975.0,,0,R,R,"PFLUGER, AUGUST",0,0,1,0,0.0,,,,0,-22.73806339666462,2020 only; 2022 lines (Daily Kos),0.0
HOU_TX_12_2024,2024,house,TX,12.0,0,0,"HUNT, TREY J.",D,"GOLDMAN, CRAIG",124154.0,215564.0,0.0,339718.0,36.55,1,R,,,1,1,1,0,0.0,,,,0,-11.483467113510953,2020 only; 2022 lines (Daily Kos),0.0
HOU_TX_13_2024,2024,house,TX,13.0,0,0,,,"JACKSON, RONNY",0.0,240622.0,0.0,240622.0,,0,R,R,"JACKSON, RONNY",0,0,1,0,0.0,,,,0,-25.38009927815844,2020 only; 2022 lines (Daily Kos),0.0
HOU_TX_14_2024,2024,house,TX,14.0,0,0,"HART, RHONDA",D,"WEBER, RANDY K., SR.",95875.0,210320.0,0.0,306195.0,31.31,1,R,R,"WEBER, RANDY K., SR.",0,1,1,0,0.0,,,,0,-16.73932237720691,2020 only; 2022 lines (Daily Kos),0.0
HOU_TX_15_2024,2024,house,TX,15.0,0,0,"VALLEJO, MICHELLE",D,"DE LA CRUZ-HERNANDEZ, MONICA",95965.0,127804.0,0.0,223769.0,42.89,1,R,R,"DE LA CRUZ-HERNANDEZ, MONICA",0,1,1,0,0.0,,,,0,-3.723075654450287,2020 only; 2022 lines (Daily Kos),0.0
HOU_TX_16_2024,2024,house,TX,16.0,0,0,"ESCOBAR, VERONICA",D,"JACKSON, IRENE ARMENDARIZ",131391.0,89281.0,156.0,220828.0,59.54,1,D,D,"ESCOBAR, VERONICA",0,1,1,1,0.07,"MONTANEZ BERRIOS, DELIRIS (DMB)",Other,0.07,0,15.722837769983066,2020 only; 2022 lines (Daily Kos),0.0
HOU_TX_17_2024,2024,house,TX,17.0,0,0,"LORENZEN, MARK",D,"SESSIONS, PETER A. (PETE)",97941.0,193101.0,0.0,291042.0,33.65,1,R,R,"SESSIONS, PETER A. (PETE)",0,1,1,0,0.0,,,,0,-13.7089699385796,2020 only; 2022 lines (Daily Kos),0.0
HOU_TX_18_2024,2024,house,TX,18.0,0,0,"TURNER, SYLVESTER",D,"CENTONZE, LANA",151834.0,66810.0,76.0,218720.0,69.44,1,D,,,1,1,1,2,0.03,"DUNCAN, VINCE",Other,0.03,0,22.338658063757364,2020 only; 2022 lines (Daily Kos),0.0
HOU_TX_19_2024,2024,house,TX,19.0,0,0,,,"ARRINGTON, JODEY C.",0.0,214950.0,51425.0,266375.0,,0,R,R,"ARRINGTON, JODEY C.",0,0,1,2,19.31,"LEWIS, NATHAN",I,10.31,0,-25.72070558096989,2020 only; 2022 lines (Daily Kos),0.0
HOU_TX_20_2024,2024,house,TX,20.0,0,0,"CASTRO, JOAQUIN",D,,157890.0,0.0,0.0,157890.0,,0,D,D,"CASTRO, JOAQUIN",0,1,0,0,0.0,,,,0,14.5507759703295,2020 only; 2022 lines (Daily Kos),0.0
HOU_TX_21_2024,2024,house,TX,21.0,0,0,"HOOK, KRISTIN",D,"ROY, CHIP",153765.0,263744.0,8914.0,426423.0,36.83,1,R,R,"ROY, CHIP",0,1,1,1,2.09,"KING, BOB",Lbt,2.09,0,-12.262507386213269,2020 only; 2022 lines (Daily Kos),0.0
HOU_TX_22_2024,2024,house,TX,22.0,0,0,"GREENE-SCOTT, MARQUETTE",D,"NEHLS, TROY E.",127604.0,209285.0,0.0,336889.0,37.88,1,R,R,"NEHLS, TROY E.",0,1,1,0,0.0,,,,0,-10.39714616973164,2020 only; 2022 lines (Daily Kos),0.0
HOU_TX_23_2024,2024,house,TX,23.0,0,0,"LIMON, S.",D,"GONZALES, ERNEST ANTHONY (TONY)",109373.0,180720.0,0.0,290093.0,37.7,1,R,R,"GONZALES, ERNEST ANTHONY (TONY)",0,1,1,0,0.0,,,,0,-5.908009947869847,2020 only; 2022 lines (Daily Kos),0.0
HOU_TX_24_2024,2024,house,TX,24.0,0,0,"EPPLER, SAM",D,"VAN DUYNE, ELIZABETH ANN (BETH)",149518.0,227108.0,0.0,376626.0,39.7,1,R,R,"VAN DUYNE, ELIZABETH ANN (BETH)",0,1,1,0,0.0,,,,0,-8.539159760743503,2020 only; 2022 lines (Daily Kos),0.0
HOU_TX_25_2024,2024,house,TX,25.0,0,0,,,"WILLIAMS, ROGER",0.0,263042.0,1661.0,264703.0,,0,R,R,"WILLIAMS, ROGER",0,0,1,1,0.63,"HAGG, CHAD",Other,0.63,0,-18.0574288540196,2020 only; 2022 lines (Daily Kos),0.0
HOU_TX_26_2024,2024,house,TX,26.0,0,0,"LINEBERGER, ERNEST R., III",D,"GILL, BRANDON",138558.0,241096.0,8773.0,388427.0,36.5,1,R,,,1,1,1,1,2.26,"GRAY, PHIL",Lbt,2.26,0,-11.67693835567452,2020 only; 2022 lines (Daily Kos),0.0
HOU_TX_27_2024,2024,house,TX,27.0,0,0,"LLOYD, TANYA",D,"CLOUD, MICHAEL",94596.0,183980.0,0.0,278576.0,33.96,1,R,R,"CLOUD, MICHAEL",0,1,1,0,0.0,,,,0,-13.63060325876478,2020 only; 2022 lines (Daily Kos),0.0
HOU_TX_28_2024,2024,house,TX,28.0,0,0,"CUELLAR, ENRIQUE ROBERTO (HENRY)",D,"FURMAN, JAY",125280.0,112018.0,0.0,237298.0,52.79,1,D,D,"CUELLAR, ENRIQUE ROBERTO (HENRY)",0,1,1,0,0.0,,,,0,1.2988449878494457,2020 only; 2022 lines (Daily Kos),0.0
HOU_TX_29_2024,2024,house,TX,29.0,0,0,"GARCIA, SYLVIA R.",D,"GARZA, ALAN",99379.0,52830.0,0.0,152209.0,65.29,1,D,D,"GARCIA, SYLVIA R.",0,1,1,0,0.0,,,,0,16.318206646040466,2020 only; 2022 lines (Daily Kos),0.0
HOU_TX_30_2024,2024,house,TX,30.0,0,0,"CROCKETT, JASMINE",D,,197650.0,0.0,35175.0,232825.0,,0,D,D,"CROCKETT, JASMINE",0,1,0,1,15.11,"JEFFERSON, JRMAR (JJ)",Lbt,15.11,0,26.45395640524992,2020 only; 2022 lines (Daily Kos),0.0
HOU_TX_31_2024,2024,house,TX,31.0,0,0,"WHITLOW, STUART",D,"CARTER, JOHN R.",126470.0,229087.0,0.0,355557.0,35.57,1,R,R,"CARTER, JOHN R.",0,1,1,0,0.0,,,,0,-12.584880757405587,2020 only; 2022 lines (Daily Kos),0.0
HOU_TX_32_2024,2024,house,TX,32.0,0,0,"JOHNSON, JULIE",D,"DAY, DARRELL",140536.0,85941.0,5987.0,232464.0,62.05,1,D,,,1,1,1,1,2.58,"HALE, KEVIN A.",Lbt,2.58,0,14.494430723063124,2020 only; 2022 lines (Daily Kos),0.0
HOU_TX_33_2024,2024,house,TX,33.0,0,0,"VEASEY, MARC ALLISON",D,"GILLESPIE, PATRICK DAVID",114289.0,51864.0,0.0,166153.0,68.79,1,D,D,"VEASEY, MARC ALLISON",0,1,1,0,0.0,,,,0,23.034147368234137,2020 only; 2022 lines (Daily Kos),0.0
HOU_TX_34_2024,2024,house,TX,34.0,0,0,"GONZALEZ, VICENTE",D,"FLORES, MAYRA",102780.0,97603.0,0.0,200383.0,51.29,1,D,D/R,"GONZALEZ, VICENTE; FLORES, MAYRA",0,1,1,0,0.0,,,,0,5.579126757975505,2020 only; 2022 lines (Daily Kos),0.0
HOU_TX_35_2024,2024,house,TX,35.0,0,0,"CASAR, GREG",D,"WRIGHT, STEVEN",170509.0,82610.0,0.0,253119.0,67.36,1,D,D,"CASAR, GREG",0,1,1,0,0.0,,,,0,20.7760370642488,2020 only; 2022 lines (Daily Kos),0.0
HOU_TX_36_2024,2024,house,TX,36.0,0,0,"STEELE, DAYNA",D,"BABIN, BRIAN",91009.0,206009.0,0.0,297018.0,30.64,1,R,R,"BABIN, BRIAN",0,1,1,0,0.0,,,,0,-18.259707803931192,2020 only; 2022 lines (Daily Kos),0.0
HOU_TX_37_2024,2024,house,TX,37.0,0,0,"DOGGETT, LLOYD A., II",D,"SHARON, JENNIFER GARCIA (JENNY)",252980.0,80366.0,7511.0,340857.0,75.89,1,D,D,"DOGGETT, LLOYD A., II",0,1,1,1,2.2,"ALTEKAR, GIRISH",Lbt,2.2,0,24.63836103818577,2020 only; 2022 lines (Daily Kos),0.0
HOU_TX_38_2024,2024,house,TX,38.0,0,0,"MCDONOUGH, MELISSA",D,"HUNT, WESLEY",127640.0,215030.0,94.0,342764.0,37.25,1,R,R,"HUNT, WESLEY",0,1,1,1,0.03,"AYERS, AVERY",Other,0.03,0,-11.458253543134555,2020 only; 2022 lines (Daily Kos),0.0
HOU_UT_01_2024,2024,house,UT,1.0,0,0,"CAMPBELL, BILL",D,"MOORE, BLAKE DAVID",117319.0,230975.0,17601.0,365895.0,33.68,1,R,R,"MOORE, BLAKE DAVID",0,1,1,1,4.81,"COTTAM, DANIEL R.",Lbt,4.81,0,-12.641675795801229,2020 only; 2022 lines (Daily Kos),0.0
HOU_UT_02_2024,2024,house,UT,2.0,0,0,"WOODWARD, NATHANIEL E.",D,"MALOY, CELESTE",121114.0,205234.0,27490.0,353838.0,37.11,1,R,R,"MALOY, CELESTE",0,1,1,2,7.77,"EASLEY, CASSIE",Other,5.55,0,-11.168110911916685,2020 only; 2022 lines (Daily Kos),0.0
HOU_UT_03_2024,2024,house,UT,3.0,0,0,"WRIGHT, GLENN J.",D,"KENNEDY, MIKE",122780.0,242496.0,0.0,365276.0,33.61,1,R,,,1,1,1,0,0.0,,,,0,-12.306747389326256,2020 only; 2022 lines (Daily Kos),0.0
HOU_UT_04_2024,2024,house,UT,4.0,0,0,"FALLICK-WANG, KATRINA",D,"OWENS, CLARENCE BURGESS",109838.0,230627.0,23203.0,363668.0,32.26,1,R,R,"OWENS, CLARENCE BURGESS",0,1,1,2,6.38,"COOK, VAUGHN R.",Other,4.77,0,-15.828016373913483,2020 only; 2022 lines (Daily Kos),0.0
HOU_VA_01_2024,2024,house,VA,1.0,0,0,"MEHTA, LESLIE C.",D,"WITTMAN, ROBERT JOSEPH (ROB)",208445.0,269657.0,0.0,478102.0,43.6,1,R,R,"WITTMAN, ROBERT JOSEPH (ROB)",0,1,1,0,0.0,,,,0,-5.402810556352467,2020 only; 2022 lines (Daily Kos),1.0
HOU_VA_02_2024,2024,house,VA,2.0,0,0,"SMASAL, MISSY COTTER",D,"KIGGANS, JENNIFER ANN",191666.0,207368.0,9197.0,408231.0,48.03,1,R,R,"KIGGANS, JENNIFER ANN",0,1,1,1,2.25,"REID, ROBERT E., JR.",I,2.25,0,-1.2930141666312789,2020 only; 2022 lines (Daily Kos),1.0
HOU_VA_03_2024,2024,house,VA,3.0,0,0,"SCOTT, ROBERT CORTEZ (BOBBY)",D,"SITKA, JOHN, III",219926.0,93801.0,0.0,313727.0,70.1,1,D,D,"SCOTT, ROBERT CORTEZ (BOBBY)",0,1,1,0,0.0,,,,0,17.24344178713829,2020 only; 2022 lines (Daily Kos),1.0
HOU_VA_04_2024,2024,house,VA,4.0,0,0,"MCCLELLAN, JENNIFER LEIGH",D,"MOHER, WILLIAM J. (BILL), III",252885.0,121814.0,0.0,374699.0,67.49,1,D,D,"MCCLELLAN, JENNIFER LEIGH",0,1,1,0,0.0,,,,0,15.802041202002703,2020 only; 2022 lines (Daily Kos),1.0
HOU_VA_05_2024,2024,house,VA,5.0,0,0,"WITT, GLORIA TINSLEY",D,"MCGUIRE, JOHN J., III",184229.0,249564.0,0.0,433793.0,42.47,1,R,,,1,1,1,0,0.0,,,,0,-6.4605348868065295,2020 only; 2022 lines (Daily Kos),1.0
HOU_VA_06_2024,2024,house,VA,6.0,0,0,"MITCHELL, KEN L.",D,"CLINE, BENJAMIN LEE (BEN)",141612.0,256933.0,7980.0,406525.0,35.53,1,R,R,"CLINE, BENJAMIN LEE (BEN)",0,1,1,1,1.96,"WELLS, ROBERT C. (ROBBY), JR.",I,1.96,0,-13.199422499466015,2020 only; 2022 lines (Daily Kos),1.0
HOU_VA_07_2024,2024,house,VA,7.0,0,0,"VINDMAN, EUGENE S.",D,"ANDERSON, DERRICK MARTIN",203336.0,192847.0,0.0,396183.0,51.32,1,D,,,1,1,1,0,0.0,,,,0,1.1849932233057303,2020 only; 2022 lines (Daily Kos),1.0
HOU_VA_08_2024,2024,house,VA,8.0,0,0,"BEYER, DONALD S. (DON), JR.",D,"TORRES, JERRY W.",274593.0,94676.0,13612.0,382881.0,74.36,1,D,D,"BEYER, DONALD S. (DON), JR.",0,1,1,2,3.56,"KENNEDY, DAVID R.",I,2.6,0,26.116168904452,2020 only; 2022 lines (Daily Kos),1.0
HOU_VA_09_2024,2024,house,VA,9.0,0,0,"BAKER, KAREN G.H.",D,"GRIFFITH, HOWARD MORGAN",109570.0,290645.0,0.0,400215.0,27.38,1,R,R,"GRIFFITH, HOWARD MORGAN",0,1,1,0,0.0,,,,0,-23.457606045596584,2020 only; 2022 lines (Daily Kos),1.0
HOU_VA_10_2024,2024,house,VA,10.0,0,0,"SUBRAMANYAM, SUHAS",D,"CLANCY, MIKE W.",215131.0,196343.0,0.0,411474.0,52.28,1,D,,,1,1,1,0,0.0,,,,0,6.896579485212628,2020 only; 2022 lines (Daily Kos),1.0
HOU_VA_11_2024,2024,house,VA,11.0,0,0,"CONNOLLY, GERALD EDWARD (GERRY)",D,"VAN METER, MIKE L.",273529.0,134802.0,0.0,408331.0,66.99,1,D,D,"CONNOLLY, GERALD EDWARD (GERRY)",0,1,1,0,0.0,,,,0,18.664195464164614,2020 only; 2022 lines (Daily Kos),1.0
HOU_VT_01_2024,2024,house,VT,1.0,0,0,"BALINT, BECCA",D,,218398.0,0.0,131289.0,349687.0,,0,D,D,"BALINT, BECCA",0,1,0,3,37.54,"COESTER, MARK",Other,29.87,0,16.031199431677855,2020 only; 2022 lines (Daily Kos),1.0
HOU_WA_01_2024,2024,house,WA,1.0,0,0,"DELBENE, SUZAN K.",D,"BREWER, JEB",227213.0,132538.0,0.0,359751.0,63.16,1,D,D,"DELBENE, SUZAN K.",0,1,1,0,0.0,,,,0,13.472502383140894,2020 only; 2022 lines (Daily Kos),1.0
HOU_WA_02_2024,2024,house,WA,2.0,0,0,"LARSEN, RICHARD RAY (RICK)",D,"HART, CODY",263750.0,148167.0,0.0,411917.0,64.03,1,D,D,"LARSEN, RICHARD RAY (RICK)",0,1,1,0,0.0,,,,0,9.504942195630662,2020 only; 2022 lines (Daily Kos),1.0
HOU_WA_03_2024,2024,house,WA,3.0,0,0,"PEREZ, MARIE GLUESENKAMP",D,"KENT, JOE",215177.0,199054.0,0.0,414231.0,51.95,1,D,D,"PEREZ, MARIE GLUESENKAMP",0,1,1,0,0.0,,,,0,-4.423935358871861,2020 only; 2022 lines (Daily Kos),1.0
HOU_WA_04_2024,2024,house,WA,4.0,0,0,,,"NEWHOUSE, DANIEL (DAN); SESSLER, JERROD",0.0,289652.0,0.0,289652.0,,0,R,R,"NEWHOUSE, DANIEL (DAN)",0,0,2,0,0.0,,,,0,-10.96009456597558,2020 only; 2022 lines (Daily Kos),1.0
HOU_WA_05_2024,2024,house,WA,5.0,0,0,"CONROY, CARMELA",D,"BAUMGARTNER, MICHAEL JAMES",156074.0,240619.0,0.0,396693.0,39.34,1,R,,,1,1,1,0,0.0,,,,0,-7.402001309769868,2020 only; 2022 lines (Daily Kos),1.0
HOU_WA_06_2024,2024,house,WA,6.0,0,0,"RANDALL, EMILY",D,"MACEWEN, DREW C.",239687.0,182182.0,0.0,421869.0,56.82,1,D,,,1,1,1,0,0.0,,,,0,6.606174651764407,2020 only; 2022 lines (Daily Kos),1.0
HOU_WA_07_2024,2024,house,WA,7.0,0,0,"JAYAPAL, PRAMILA",D,"ALEXANDER, DAN",352286.0,66220.0,0.0,418506.0,84.18,1,D,D,"JAYAPAL, PRAMILA",0,1,1,0,0.0,,,,0,36.23724164592685,2020 only; 2022 lines (Daily Kos),1.0
HOU_WA_08_2024,2024,house,WA,8.0,0,0,"SCHRIER, KIM",D,"GOERS, CARMEN",224607.0,190675.0,0.0,415282.0,54.09,1,D,D,"SCHRIER, KIM",0,1,1,0,0.0,,,,0,1.1841189991595449,2020 only; 2022 lines (Daily Kos),1.0
HOU_WA_09_2024,2024,house,WA,9.0,0,0,"SMITH, D. ADAM; CHAUDHRY, MELISSA",D,,273381.0,0.0,0.0,273381.0,,0,D,D,"SMITH, D. ADAM",0,2,0,0,0.0,,,,0,20.819685088727248,2020 only; 2022 lines (Daily Kos),1.0
HOU_WA_10_2024,2024,house,WA,10.0,0,0,"STRICKLAND, MARILYN",D,"HEWETT, DON",203732.0,143492.0,0.0,347224.0,58.67,1,D,D,"STRICKLAND, MARILYN",0,1,1,0,0.0,,,,0,6.864114351097783,2020 only; 2022 lines (Daily Kos),1.0
HOU_WI_01_2024,2024,house,WI,1.0,0,0,"BARCA, PETER",D,"STEIL, BRYAN",172402.0,212515.0,8191.0,393108.0,44.79,1,R,R,"STEIL, BRYAN",0,1,1,1,2.08,"TODD, CHESTER, JR.",Grn,2.08,0,-3.2860671043465906,2020 only; 2022 lines (Daily Kos),1.0
HOU_WI_02_2024,2024,house,WI,2.0,0,0,"POCAN, MARK",D,"OLSEN, ERIK",320317.0,136357.0,0.0,456674.0,70.14,1,D,D,"POCAN, MARK",0,1,1,0,0.0,,,,0,18.90195848846663,2020 only; 2022 lines (Daily Kos),1.0
HOU_WI_03_2024,2024,house,WI,3.0,0,0,"COOKE, REBECCA",D,"VAN ORDEN, DERRICK",200808.0,212064.0,0.0,412872.0,48.64,1,R,R,"VAN ORDEN, DERRICK",0,1,1,0,0.0,,,,0,-4.647964784030689,2020 only; 2022 lines (Daily Kos),1.0
HOU_WI_04_2024,2024,house,WI,4.0,0,0,"MOORE, GWENDOLYNNE S. (GWEN)",D,"ROGERS, TIM",249938.0,74921.0,8805.0,333664.0,76.94,1,D,D,"MOORE, GWENDOLYNNE S. (GWEN)",0,1,1,2,2.64,"RAYMOND, ROBERT R.",I,2.63,0,24.59857641305636,2020 only; 2022 lines (Daily Kos),1.0
HOU_WI_05_2024,2024,house,WI,5.0,0,0,"STEINHOFF, BEN",D,"FITZGERALD, SCOTT LAWRENCE",165653.0,300521.0,0.0,466174.0,35.53,1,R,R,"FITZGERALD, SCOTT LAWRENCE",0,1,1,0,0.0,,,,0,-13.874622997267394,2020 only; 2022 lines (Daily Kos),1.0
HOU_WI_06_2024,2024,house,WI,6.0,0,0,"ZARBANO, JOHN",D,"GROTHMAN, GLENN S.",159042.0,251889.0,0.0,410931.0,38.7,1,R,R,"GROTHMAN, GLENN S.",0,1,1,0,0.0,,,,0,-10.230517562332174,2020 only; 2022 lines (Daily Kos),1.0
HOU_WI_07_2024,2024,house,WI,7.0,0,0,"KILBOURN, KYLE",D,"TIFFANY, THOMAS P. (TOM)",156524.0,273553.0,0.0,430077.0,36.39,1,R,R,"TIFFANY, THOMAS P. (TOM)",0,1,1,0,0.0,,,,0,-12.402458805912492,2020 only; 2022 lines (Daily Kos),1.0
HOU_WI_08_2024,2024,house,WI,8.0,0,0,"LYERLY, KRISTIN",D,"WIED, TONY",178666.0,240040.0,0.0,418706.0,42.67,1,R,,,1,1,1,0,0.0,,,,0,-10.135910652873958,2020 only; 2022 lines (Daily Kos),1.0
HOU_WV_01_2024,2024,house,WV,1.0,0,0,"REED, CHRIS BOB",D,"MILLER, CAROL D.",90038.0,228491.0,25790.0,344319.0,28.27,1,R,R,"MILLER, CAROL D.",0,1,1,3,7.49,"HOLDEN, WES",I,7.44,0,-23.042691496630034,2020 only; 2022 lines (Daily Kos),1.0
HOU_WV_02_2024,2024,house,WV,2.0,0,0,"WENDELIN, STEVEN",D,"MOORE, RILEY",110775.0,268190.0,0.0,378965.0,29.23,1,R,,,1,1,1,0,0.0,,,,0,-21.111176213953144,2020 only; 2022 lines (Daily Kos),1.0
HOU_WY_01_2024,2024,house,WY,1.0,0,0,"CAMERON, KYLE G.",D,"HAGEMAN, HARRIET M.",60778.0,184680.0,14585.0,260043.0,24.76,1,R,R,"HAGEMAN, HARRIET M.",0,1,1,2,5.61,"BRUBAKER, RICHARD P. (BRU)",Lbt,3.55,0,-24.7484214967138,2020 only; 2022 lines (Daily Kos),1.0
SEN_AZ_2012,2012,senate,AZ,,0,0,"CARMONA, RICHARD",D,"FLAKE, JEFFRY LANE (JEFF)",1036542.0,1104457.0,102109.0,2243108.0,48.41,1,R,,,1,1,1,1,4.55,"VICTOR, MARC J.",Lbt,4.55,0,-7.073999247126433,state: 0.75*latest + 0.25*prior presidential lean,
SEN_CA_2012,2012,senate,CA,,0,0,"FEINSTEIN, DIANNE",D,"EMKEN, ELIZABETH",7864624.0,4713887.0,0.0,12578511.0,62.52,1,D,D,"FEINSTEIN, DIANNE",0,1,1,0,0.0,,,,0,7.94934485710254,state: 0.75*latest + 0.25*prior presidential lean,
SEN_CT_2012,2012,senate,CT,,0,0,"MURPHY, CHRISTOPHER SCOTT (CHRIS)",D,"MCMAHON, LINDA E.",828761.0,651089.0,25045.0,1504895.0,56.0,1,D,,,1,1,1,1,1.66,"PASSARELLI, PAUL",Lbt,1.66,0,7.287668127669537,state: 0.75*latest + 0.25*prior presidential lean,
SEN_DE_2012,2012,senate,DE,,0,0,"CARPER, THOMAS RICHARD (TOM)",D,"WADE, KEVIN L.",265415.0,115700.0,18491.0,399606.0,69.64,1,D,D,"CARPER, THOMAS RICHARD (TOM)",0,1,1,2,4.63,"PIRES, ALEXANDER J., JR.",Other,3.83,0,7.91665809889719,state: 0.75*latest + 0.25*prior presidential lean,
SEN_FL_2012,2012,senate,FL,,0,0,"NELSON, CLARENCE W. (BILL)",D,"MACK, CONNIE, IV",4523451.0,3458267.0,208168.0,8189886.0,56.67,1,D,D,"NELSON, CLARENCE W. (BILL)",0,1,1,2,2.54,"GAYLOR, WILLIAM G. (BILL)",I,1.54,0,-2.085997320534852,state: 0.75*latest + 0.25*prior presidential lean,
SEN_HI_2012,2012,senate,HI,,0,0,"HIRONO, MAZIE K.",D,"LINGLE, LINDA",269489.0,160994.0,0.0,430483.0,62.6,1,D,,,1,1,1,0,0.0,,,,0,15.826583959782004,state: 0.75*latest + 0.25*prior presidential lean,
SEN_IN_2012,2012,senate,IN,,0,0,"DONNELLY, JOSEPH S. (JOE)",D,"MOURDOCK, RICHARD E.",1281181.0,1133621.0,155282.0,2570084.0,53.06,1,D,,,1,1,1,1,6.04,"HORNING, ANDREW MICHAEL (ANDY)",Lbt,6.04,0,-4.7342264281731765,state: 0.75*latest + 0.25*prior presidential lean,
SEN_MA_2012,2012,senate,MA,,0,0,"WARREN, ELIZABETH A.",D,"BROWN, SCOTT P.",1696346.0,1458048.0,0.0,3154394.0,53.78,1,D,R,"BROWN, SCOTT P.",0,1,1,0,0.0,,,,0,10.56370008847056,state: 0.75*latest + 0.25*prior presidential lean,
SEN_MD_2012,2012,senate,MD,,0,0,"CARDIN, BENJAMIN L. (BEN)",D,"BONGINO, DANIEL JOHN (DAN)",1474028.0,693291.0,463186.0,2630505.0,68.01,1,D,D,"CARDIN, BENJAMIN L. (BEN)",0,1,1,2,17.61,"SOBHANI, S. ROB",I,16.38,0,8.819171290351502,state: 0.75*latest + 0.25*prior presidential lean,
SEN_ME_2012,2012,senate,ME,,0,0,"RINGELSTEIN, ZAK",D,"BRAKEY, ERIC L.",66268.0,223502.0,344575.0,634345.0,22.87,1,I,I,"KING, ANGUS S., JR.",0,1,1,1,54.32,"KING, ANGUS S., JR.",I,54.32,0,5.248075390340724,state: 0.75*latest + 0.25*prior presidential lean,
SEN_MI_2012,2012,senate,MI,,0,0,"STABENOW, DEBORAH ANN (DEBBIE)",D,"HOEKSTRA, PETER (PETE)",2735826.0,1767386.0,138408.0,4641620.0,60.75,1,D,D,"STABENOW, DEBORAH ANN (DEBBIE)",0,1,1,3,2.98,"BOMAN, SCOTT AVERY (SCOTTY)",Lbt,1.82,0,4.190114849315068,state: 0.75*latest + 0.25*prior presidential lean,
SEN_MN_2012,2012,senate,MN,,0,0,"KLOBUCHAR, AMY J.",D,"BILLS, KURT PATRICK",1854595.0,867974.0,118056.0,2840625.0,68.12,1,D,D,"KLOBUCHAR, AMY J.",0,1,1,3,4.16,"WILLIAMS, STEPHEN J. (STEVE)",I,2.59,0,1.8424364494196608,state: 0.75*latest + 0.25*prior presidential lean,
SEN_MO_2012,2012,senate,MO,,0,0,"MCCASKILL, CLAIRE",D,"AKIN, WILLIAM TODD",1494125.0,1066159.0,165458.0,2725742.0,58.36,1,D,D,"MCCASKILL, CLAIRE",0,1,1,1,6.07,"DINE, JONATHAN",Lbt,6.07,0,-3.4754349784095764,state: 0.75*latest + 0.25*prior presidential lean,
SEN_MS_2012,2012,senate,MS,,0,0,"GORE, ALBERT N., JR.",D,"WICKER, ROGER F.",503467.0,709626.0,28475.0,1241568.0,41.5,1,R,R,"WICKER, ROGER F.",0,1,1,2,2.29,"CRAMER, THOMAS EVERETT",Other,1.23,0,-9.877520886845344,state: 0.75*latest + 0.25*prior presidential lean,
SEN_MT_2012,2012,senate,MT,,0,0,"TESTER, JON",D,"REHBERG, DENNIS R. (DENNY)",236123.0,218051.0,31892.0,486066.0,51.99,1,D,D,"TESTER, JON",0,1,1,1,6.56,"COX, DAN",Lbt,6.56,0,-6.021893956663512,state: 0.75*latest + 0.25*prior presidential lean,
SEN_ND_2012,2012,senate,ND,,0,0,"HEITKAMP, M.K. HEIDI",D,"BERG, RICHARD A. (RICK)",161337.0,158401.0,0.0,319738.0,50.46,1,D,,,1,1,1,0,0.0,,,,0,-9.30365319875404,state: 0.75*latest + 0.25*prior presidential lean,
SEN_NE_2012,2012,senate,NE,,0,0,"KERREY, J. ROBERT (BOB)",D,"FISCHER, DEBRA S. (DEB)",332979.0,455593.0,0.0,788572.0,42.23,1,R,,,1,1,1,0,0.0,,,,0,-12.438462581315031,state: 0.75*latest + 0.25*prior presidential lean,
SEN_NJ_2012,2012,senate,NJ,,0,0,"MENENDEZ, ROBERT (BOB)",D,"KYRILLOS, JOSEPH M. (JOE), JR.",1985783.0,1329405.0,59480.0,3374668.0,59.9,1,D,D,"MENENDEZ, ROBERT (BOB)",0,1,1,9,1.76,"KAPLAN, KENNETH R.",Lbt,0.5,0,4.221284033486384,state: 0.75*latest + 0.25*prior presidential lean,
SEN_NM_2012,2012,senate,NM,,0,0,"HEINRICH, MARTIN TREVOR",D,"WILSON, HEATHER A.",395717.0,351260.0,28816.0,775793.0,52.98,1,D,,,1,1,1,2,3.71,"BARRIE, JON ROSS",Other,3.63,0,3.128768592717347,state: 0.75*latest + 0.25*prior presidential lean,
SEN_NV_2012,2012,senate,NV,,0,0,"BERKLEY, SHELLEY L.",D,"HELLER, DEAN",446080.0,457656.0,94069.0,997805.0,49.36,1,R,R,"HELLER, DEAN",0,1,1,2,9.43,"VANDERBEEK, DAVID LORY",Other,4.89,0,1.9408322128895743,state: 0.75*latest + 0.25*prior presidential lean,
SEN_NY_2012,2012,senate,NY,,0,0,"GILLIBRAND, KIRSTEN ELIZABETH",D,"LONG, WENDY",4808878.0,1755466.0,96321.0,6660665.0,73.26,1,D,D,"GILLIBRAND, KIRSTEN ELIZABETH",0,1,1,3,1.45,"CLARK, COLIA LIDDELL LAFAYETTE",Grn,0.64,0,11.7605182491576,state: 0.75*latest + 0.25*prior presidential lean,
SEN_OH_2012,2012,senate,OH,,0,0,"BROWN, SHERROD C.",D,"MANDEL, JOSH",2762690.0,2435712.0,250616.0,5449018.0,53.14,1,D,D,"BROWN, SHERROD C.",0,1,1,1,4.6,"RUPERT, SCOTT ALLEN",I,4.6,0,-1.034127879298835,state: 0.75*latest + 0.25*prior presidential lean,
SEN_PA_2012,2012,senate,PA,,0,0,"CASEY, ROBERT P. (BOB), JR.",D,"SMITH, TOM",3021364.0,2509132.0,96926.0,5627422.0,54.63,1,D,D,"CASEY, ROBERT P. (BOB), JR.",0,1,1,1,1.72,"SMITH, RAYBURN DOUGLAS",Lbt,1.72,0,1.717025936086812,state: 0.75*latest + 0.25*prior presidential lean,
SEN_RI_2012,2012,senate,RI,,0,0,"WHITEHOUSE, SHELDON, II",D,"HINCKLEY, BENJAMIN BARRETT (BARRY), III",271034.0,146222.0,0.0,417256.0,64.96,1,D,D,"WHITEHOUSE, SHELDON, II",0,1,1,0,0.0,,,,0,10.773158326036736,state: 0.75*latest + 0.25*prior presidential lean,
SEN_TN_2012,2012,senate,TN,,0,0,"CLAYTON, MARK E.",D,"CORKER, ROBERT P. (BOB), JR.",705882.0,1506443.0,107864.0,2320189.0,31.91,1,R,R,"CORKER, ROBERT P. (BOB), JR.",0,1,1,7,4.65,"PLEASANT, MARTIN",Grn,1.66,0,-10.039787665243155,state: 0.75*latest + 0.25*prior presidential lean,
SEN_TX_2012,2012,senate,TX,,0,0,"SADLER, PAUL LINDSEY",D,"CRUZ, RAFAEL EDWARD (TED)",3194927.0,4440137.0,229758.0,7864822.0,41.85,1,R,,,1,1,1,2,2.92,"MYERS, JOHN JAY",Lbt,2.06,0,-9.849322987275144,state: 0.75*latest + 0.25*prior presidential lean,
SEN_UT_2012,2012,senate,UT,,0,0,"HOWELL, SCOTT NEWELL",D,"HATCH, ORRIN G.",301873.0,657608.0,47419.0,1006900.0,31.46,1,R,R,"HATCH, ORRIN G.",0,1,1,3,4.71,"MCCAUSLAND, SHAUN LYNN",Other,3.17,0,-19.251203269377683,state: 0.75*latest + 0.25*prior presidential lean,
SEN_VA_2012,2012,senate,VA,,0,0,"KAINE, TIMOTHY MICHAEL (TIM)",D,"ALLEN, GEORGE FELIX",2010067.0,1785542.0,0.0,3795609.0,52.96,1,D,,,1,1,1,0,0.0,,,,0,-1.1663083235789768,state: 0.75*latest + 0.25*prior presidential lean,
SEN_VT_2012,2012,senate,VT,,0,0,"SANDERS, BERNARD (BERNIE)",I,"MACGOVERN, JOHN",207848.0,72898.0,11764.0,292510.0,74.03,1,I,I,"SANDERS, BERNARD (BERNIE)",0,0,1,4,4.02,"ERICSON, CHRIS",Other,2.03,0,14.22981438952424,state: 0.75*latest + 0.25*prior presidential lean,
SEN_WA_2012,2012,senate,WA,,0,0,"CANTWELL, MARIA",D,"BAUMGARTNER, MICHAEL JAMES",1855493.0,1213924.0,0.0,3069417.0,60.45,1,D,D,"CANTWELL, MARIA",0,1,1,0,0.0,,,,0,4.955832072652822,state: 0.75*latest + 0.25*prior presidential lean,
SEN_WI_2012,2012,senate,WI,,0,0,"BALDWIN, TAMMY",D,"THOMPSON, TOMMY G.",1547104.0,1380126.0,78808.0,3006038.0,52.85,1,D,,,1,1,1,4,2.62,"KEXEL, JOSEPH M. (JOE)",Lbt,2.07,0,2.8198870546389907,state: 0.75*latest + 0.25*prior presidential lean,
SEN_WV_2012,2012,senate,WV,,0,0,"MANCHIN, JOE, III",D,"RAESE, JOHN REEVES",354626.0,217174.0,17576.0,589376.0,62.02,1,D,D,"MANCHIN, JOE, III",0,1,1,1,2.98,"BABER, BOB HENRY",Other,2.98,0,-9.145057932581436,state: 0.75*latest + 0.25*prior presidential lean,
SEN_WY_2012,2012,senate,WY,,0,0,"CHESNUT, TIM",D,"BARRASSO, JOHN ANTHONY, III",53019.0,185250.0,23356.0,261625.0,22.25,1,R,R,"BARRASSO, JOHN ANTHONY, III",0,1,1,4,8.93,"BRUBAKER, RICHARD P. (BRU)",Lbt,3.23,0,-20.019515759406985,state: 0.75*latest + 0.25*prior presidential lean,
SEN_AK_2014,2014,senate,AK,,0,1,"BEGICH, MARK",D,"SULLIVAN, DANIEL S. (DAN)",129431.0,135445.0,16148.0,281024.0,48.86,1,R,D,"BEGICH, MARK",0,1,1,2,5.75,"FISH, MARK S.",Lbt,3.74,0,-10.702775884381444,state: 0.75*latest + 0.25*prior presidential lean,
SEN_AL_2014,2014,senate,AL,,0,1,,,"SESSIONS, JEFFERSON B. (JEFF)",0.0,795606.0,0.0,795606.0,,0,R,R,"SESSIONS, JEFFERSON B. (JEFF)",0,0,1,0,0.0,,,,0,-13.585008882533335,state: 0.75*latest + 0.25*prior presidential lean,
SEN_AR_2014,2014,senate,AR,,0,1,"PRYOR, MARK LUNSFORD",D,"COTTON, THOMAS (TOM)",334174.0,478819.0,34007.0,847000.0,41.1,1,R,D,"PRYOR, MARK LUNSFORD",0,1,1,2,4.01,"LAFRANCE, NATHAN",Lbt,2.03,0,-14.108845960163418,state: 0.75*latest + 0.25*prior presidential lean,
SEN_CO_2014,2014,senate,CO,,0,1,"UDALL, MARK EMERY",D,"GARDNER, CORY",944203.0,983891.0,112926.0,2041020.0,48.97,1,R,D,"UDALL, MARK EMERY",0,1,1,4,5.53,"KENT, GAYLON",Lbt,2.59,0,0.748538114883357,state: 0.75*latest + 0.25*prior presidential lean,
SEN_DE_2014,2014,senate,DE,,0,1,"COONS, CHRISTOPHER A.",D,"WADE, KEVIN L.",130655.0,98823.0,4560.0,234038.0,56.94,1,D,D,"COONS, CHRISTOPHER A.",0,1,1,1,1.95,"GROFF, ANDREW RICHARD",Grn,1.95,0,7.794639057868869,state: 0.75*latest + 0.25*prior presidential lean,
SEN_GA_2014,2014,senate,GA,,0,1,"NUNN, M. MICHELLE",D,"PERDUE, DAVID A.",1160811.0,1358088.0,48862.0,2567761.0,46.08,1,R,,,1,1,1,1,1.9,"SWAFFORD, AMANDA C.",Lbt,1.9,0,-6.074682495307381,state: 0.75*latest + 0.25*prior presidential lean,
SEN_HI_2014_S,2014,senate,HI,,1,1,"SCHATZ, BRIAN EMANUEL",D,"CAVASSO, CAMPBELL (CAM)",246827.0,98006.0,8941.0,353774.0,71.58,1,D,D,"SCHATZ, BRIAN EMANUEL",0,1,1,1,2.53,"KOKOSKI, MICHAEL A.",Lbt,2.53,0,19.57620605135778,state: 0.75*latest + 0.25*prior presidential lean,
SEN_IA_2014,2014,senate,IA,,0,1,"BRALEY, BRUCE L.",D,"ERNST, JONI K.",494370.0,588575.0,45644.0,1128589.0,45.65,1,R,,,1,1,1,4,4.04,"STEWART, RICK W.",I,2.38,0,0.9815965993800774,state: 0.75*latest + 0.25*prior presidential lean,
SEN_ID_2014,2014,senate,ID,,0,1,"MITCHELL, BRIANE NELSON (NELS)",D,"RISCH, JAMES E. (JIM)",151574.0,285596.0,0.0,437170.0,34.67,1,R,R,"RISCH, JAMES E. (JIM)",0,1,1,0,0.0,,,,0,-18.02229937799853,state: 0.75*latest + 0.25*prior presidential lean,
SEN_IL_2014,2014,senate,IL,,0,1,"DURBIN, RICHARD J. (DICK)",D,"OBERWEIS, JAMES D. (JIM)",1929637.0,1538522.0,135316.0,3603475.0,55.64,1,D,D,"DURBIN, RICHARD J. (DICK)",0,1,1,1,3.76,"HANSEN, SHARON N.",Lbt,3.76,0,7.166596761165628,state: 0.75*latest + 0.25*prior presidential lean,
SEN_KS_2014,2014,senate,KS,,0,1,"ORMAN, GREGORY JOHN (GREG)",I,"ROBERTS, PAT",368372.0,460350.0,37469.0,866191.0,44.45,1,R,R,"ROBERTS, PAT",0,0,1,1,4.33,"BATSON, RANDALL A.",Lbt,4.33,0,-12.68817580772904,state: 0.75*latest + 0.25*prior presidential lean,
SEN_KY_2014,2014,senate,KY,,0,1,"GRIMES, ALISON LUNDERGAN",D,"MCCONNELL, MITCH, JR.",584698.0,806787.0,44374.0,1435859.0,42.02,1,R,R,"MCCONNELL, MITCH, JR.",0,1,1,4,3.09,"PATTERSON, DAVID M.",Lbt,3.08,0,-13.165547986341725,state: 0.75*latest + 0.25*prior presidential lean,
SEN_LA_2014,2014,senate,LA,,0,1,"LANDRIEU, MARY L.",D,"CASSIDY, WILLIAM (BILL)",561201.0,712379.0,0.0,1273580.0,44.06,1,R,D,"LANDRIEU, MARY L.",0,1,1,0,0.0,,,,1,-11.374524545043714,state: 0.75*latest + 0.25*prior presidential lean,
SEN_MA_2014,2014,senate,MA,,0,1,"MARKEY, EDWARD JOHN (ED)",D,"HERR, BRIAN J.",1289944.0,791950.0,0.0,2081894.0,61.96,1,D,D,"MARKEY, EDWARD JOHN (ED)",0,1,1,0,0.0,,,,0,9.688418321071357,state: 0.75*latest + 0.25*prior presidential lean,
SEN_ME_2014,2014,senate,ME,,0,1,"BELLOWS, SHENNA MANCHESTER",D,"COLLINS, SUSAN M.",190254.0,413505.0,0.0,603759.0,31.51,1,R,R,"COLLINS, SUSAN M.",0,1,1,0,0.0,,,,0,5.652210496972839,state: 0.75*latest + 0.25*prior presidential lean,
SEN_MI_2014,2014,senate,MI,,0,1,"PETERS, GARY C.",D,"LAND, TERRI LYNN",1704936.0,1290199.0,126630.0,3121765.0,56.92,1,D,,,1,1,1,4,4.06,"FULNER, JIM",Lbt,2.01,0,3.243112653360148,state: 0.75*latest + 0.25*prior presidential lean,
SEN_MN_2014,2014,senate,MN,,0,1,"FRANKEN, AL",D,"MCFADDEN, MIKE",1053205.0,850227.0,77215.0,1980647.0,55.33,1,D,D,"FRANKEN, AL",0,1,1,2,3.9,"CARLSON, STEPHEN W. (STEVE)",Other,2.4,0,1.813151801059934,state: 0.75*latest + 0.25*prior presidential lean,
SEN_MS_2014,2014,senate,MS,,0,1,"CHILDERS, TRAVIS W.",D,"COCHRAN, WILLIAM THAD",239439.0,378481.0,13938.0,631858.0,38.75,1,R,R,"COCHRAN, WILLIAM THAD",0,1,1,1,2.21,"O'HARA, SHAWN R.",Other,2.21,0,-8.462018941368683,state: 0.75*latest + 0.25*prior presidential lean,
SEN_MT_2014,2014,senate,MT,,0,1,"CURTIS, AMANDA",D,"DAINES, STEVEN (STEVE)",148184.0,213709.0,7933.0,369826.0,40.95,1,R,,,1,1,1,1,2.15,"ROOTS, ROGER",Lbt,2.15,0,-8.018136512958165,state: 0.75*latest + 0.25*prior presidential lean,
SEN_NC_2014,2014,senate,NC,,0,1,"HAGAN, KAY R.",D,"TILLIS, THOM",1377651.0,1423259.0,110064.0,2910974.0,49.19,1,R,D,"HAGAN, KAY R.",0,1,1,4,3.78,"HAUGH, SEAN N.",Lbt,3.75,0,-3.1841471462988102,state: 0.75*latest + 0.25*prior presidential lean,
SEN_NE_2014,2014,senate,NE,,0,1,"DOMINA, DAVE",D,"SASSE, BEN",170127.0,347636.0,22128.0,539891.0,32.86,1,R,,,1,1,1,2,4.1,"JENKINS, JAMES (JIM)",I,2.94,0,-12.699423100772323,state: 0.75*latest + 0.25*prior presidential lean,
SEN_NH_2014,2014,senate,NH,,0,1,"SHAHEEN, JEANNE",D,"BROWN, SCOTT P.",251184.0,235347.0,0.0,486531.0,51.63,1,D,D,"SHAHEEN, JEANNE",0,1,1,0,0.0,,,,0,0.892337469659063,state: 0.75*latest + 0.25*prior presidential lean,
SEN_NJ_2014,2014,senate,NJ,,0,1,"BOOKER, CORY",D,"BELL, JEFFREY L. (JEFF)",1043866.0,791297.0,34372.0,1869535.0,56.88,1,D,D,"BOOKER, CORY",0,1,1,5,1.84,"BARATELLI, JOSEPH",Lbt,0.89,0,6.230019836733424,state: 0.75*latest + 0.25*prior presidential lean,
SEN_NM_2014,2014,senate,NM,,0,1,"UDALL, TOM S.",D,"WEH, ALLEN E.",286409.0,229097.0,0.0,515506.0,55.56,1,D,D,"UDALL, TOM S.",0,1,1,0,0.0,,,,0,3.437516695819026,state: 0.75*latest + 0.25*prior presidential lean,
SEN_OK_2014,2014,senate,OK,,0,1,"SILVERSTEIN, MATTHEW BENJAMIN (MATT)",D,"INHOFE, JAMES M. (JIM)",234307.0,558166.0,28260.0,820733.0,29.57,1,R,R,"INHOFE, JAMES M. (JIM)",0,1,1,3,3.44,"FARR, JOAN ELIZABETH",I,1.29,0,-18.94062188199769,state: 0.75*latest + 0.25*prior presidential lean,
SEN_OK_2014_S,2014,senate,OK,,1,1,"JOHNSON, CONSTANCE (CONNIE)",D,"LANKFORD, JAMES PAUL",237923.0,557002.0,25965.0,820890.0,29.93,1,R,,,1,1,1,1,3.16,"BEARD, MARK T.",I,3.16,0,-18.94062188199769,state: 0.75*latest + 0.25*prior presidential lean,
SEN_OR_2014,2014,senate,OR,,0,1,"MERKLEY, JEFFERY A. (JEFF)",D,"WEHBY, MONICA",814537.0,538847.0,101562.0,1454946.0,60.19,1,D,D,"MERKLEY, JEFFERY A. (JEFF)",0,1,1,3,6.98,"MONTCHALIN, MIKE",Lbt,3.09,0,4.356693884305443,state: 0.75*latest + 0.25*prior presidential lean,
SEN_RI_2014,2014,senate,RI,,0,1,"REED, JOHN F. (JACK)",D,"ZACCARIA, MARK S.",223675.0,92684.0,0.0,316359.0,70.7,1,D,D,"REED, JOHN F. (JACK)",0,1,1,0,0.0,,,,0,11.61198206738614,state: 0.75*latest + 0.25*prior presidential lean,
SEN_SC_2014,2014,senate,SC,,0,1,"HUTTO, CHARLES BRADLEY (BRAD)",D,"GRAHAM, LINDSEY O.",480933.0,672941.0,81427.0,1235301.0,41.68,1,R,R,"GRAHAM, LINDSEY O.",0,1,1,2,6.59,"RAVENEL, THOMAS",Other,3.85,0,-7.567410119788204,state: 0.75*latest + 0.25*prior presidential lean,
SEN_SC_2014_S,2014,senate,SC,,1,1,"DICKERSON, JOYCE",D,"SCOTT, TIMOTHY E. (TIM)",459583.0,757215.0,21652.0,1238450.0,37.77,1,R,R,"SCOTT, TIMOTHY E. (TIM)",0,1,1,1,1.75,"BOSSI, JILL B.",Other,1.75,0,-7.567410119788204,state: 0.75*latest + 0.25*prior presidential lean,
SEN_SD_2014,2014,senate,SD,,0,1,"WEILAND, RICHARD PAUL (RICK)",D,"ROUNDS, MICHAEL (MIKE)",82456.0,140741.0,56215.0,279412.0,36.94,1,R,,,1,1,1,2,20.12,"PRESSLER, LARRY L.",I,17.09,0,-10.437912956237165,state: 0.75*latest + 0.25*prior presidential lean,
SEN_TN_2014,2014,senate,TN,,0,1,"BALL, GORDON",D,"ALEXANDER, LAMAR",437848.0,850087.0,78693.0,1366628.0,34.0,1,R,R,"ALEXANDER, LAMAR",0,1,1,8,5.76,"WILMOTH, JOE B.",Other,2.64,0,-12.121283389371042,state: 0.75*latest + 0.25*prior presidential lean,
SEN_TX_2014,2014,senate,TX,,0,1,"ALAMEEL, DAVID M.",D,"CORNYN, JOHN, III",1597387.0,2861531.0,188452.0,4647370.0,35.82,1,R,R,"CORNYN, JOHN, III",0,1,1,2,4.06,"PADDOCK, REBECCA",Lbt,2.88,0,-9.94001889312686,state: 0.75*latest + 0.25*prior presidential lean,
SEN_VA_2014,2014,senate,VA,,0,1,"WARNER, MARK R.",D,"GILLESPIE, EDWARD WALTER (ED)",1073667.0,1055940.0,53102.0,2182709.0,50.42,1,D,D,"WARNER, MARK R.",0,1,1,1,2.43,"SARVIS, ROBERT C.",Lbt,2.43,0,-0.1789331759566442,state: 0.75*latest + 0.25*prior presidential lean,
SEN_WV_2014,2014,senate,WV,,0,1,"TENNANT, NATALIE E.",D,"CAPITO, SHELLEY MOORE",156360.0,281820.0,15479.0,453659.0,35.68,1,R,,,1,1,1,3,3.41,"BUCKLEY, JOHN S.",Lbt,1.63,0,-14.374270959878256,state: 0.75*latest + 0.25*prior presidential lean,
SEN_WY_2014,2014,senate,WY,,0,1,"HARDY, CHARLES E. (CHARLIE)",D,"ENZI, MICHAEL B. (MIKE)",29377.0,121554.0,16988.0,167919.0,19.46,1,R,R,"ENZI, MICHAEL B. (MIKE)",0,1,1,2,10.12,"GOTTSHALL, CURT",I,7.93,0,-22.46109314147694,state: 0.75*latest + 0.25*prior presidential lean,
SEN_AK_2016,2016,senate,AK,,0,0,"METCALFE, RAY",D,"MURKOWSKI, LISA A.",36200.0,138149.0,136386.0,310735.0,20.76,1,R,R,"MURKOWSKI, LISA A.",0,1,1,4,43.89,"MILLER, JOSEPH W. (JOE)",Lbt,29.23,0,-10.702775884381444,state: 0.75*latest + 0.25*prior presidential lean,
SEN_AL_2016,2016,senate,AL,,0,0,"CRUMPTON, RONALD STEVEN (RON)",D,"SHELBY, RICHARD CRAIG",748709.0,1335104.0,0.0,2083813.0,35.93,1,R,R,"SHELBY, RICHARD CRAIG",0,1,1,0,0.0,,,,0,-13.585008882533335,state: 0.75*latest + 0.25*prior presidential lean,
SEN_AR_2016,2016,senate,AR,,0,0,"ELDRIDGE, CONNER W., JR.",D,"BOOZMAN, JOHN NICHOLS",400602.0,661984.0,43866.0,1106452.0,37.7,1,R,R,"BOOZMAN, JOHN NICHOLS",0,1,1,1,3.96,"GILBERT, FRANK",Lbt,3.96,0,-14.108845960163418,state: 0.75*latest + 0.25*prior presidential lean,
SEN_AZ_2016,2016,senate,AZ,,0,0,"KIRKPATRICK, ANN",D,"MCCAIN, JOHN S.",1031245.0,1359267.0,138634.0,2529146.0,43.14,1,R,R,"MCCAIN, JOHN S.",0,1,1,1,5.48,"SWING, GARY WARREN",Grn,5.48,0,-6.988622141743363,state: 0.75*latest + 0.25*prior presidential lean,
SEN_CA_2016,2016,senate,CA,,0,0,"HARRIS, KAMALA D.; SANCHEZ, LORETTA L.",D,,12244170.0,0.0,0.0,12244170.0,,0,D,,,1,2,0,0,0.0,,,,0,9.52410897630693,state: 0.75*latest + 0.25*prior presidential lean,
SEN_CO_2016,2016,senate,CO,,0,0,"BENNET, MICHAEL F.",D,"GLENN, DARRYL",1370710.0,1215318.0,156995.0,2743023.0,53.0,1,D,D,"BENNET, MICHAEL F.",0,1,1,5,5.72,"WILLIAMS, LILY TANG",Lbt,3.62,0,0.748538114883357,state: 0.75*latest + 0.25*prior presidential lean,
SEN_CT_2016,2016,senate,CT,,0,0,"BLUMENTHAL, RICHARD",D,"CARTER, DAN",1008714.0,552621.0,34903.0,1596238.0,64.61,1,D,D,"BLUMENTHAL, RICHARD",0,1,1,2,2.19,"LION, RICHARD",Lbt,1.14,0,6.958905876056976,state: 0.75*latest + 0.25*prior presidential lean,
SEN_FL_2016,2016,senate,FL,,0,0,"MURPHY, PATRICK ERIN",D,"RUBIO, MARCO",4122088.0,4835191.0,344484.0,9301763.0,46.02,1,R,R,"RUBIO, MARCO",0,1,1,8,3.7,"STANTON, PAUL ANTHONY",Lbt,2.12,0,-1.7635076818123958,state: 0.75*latest + 0.25*prior presidential lean,
SEN_GA_2016,2016,senate,GA,,0,0,"BARKSDALE, JIM",D,"ISAKSON, JOHN HARDY (JOHNNY)",1599726.0,2135806.0,162260.0,3897792.0,42.82,1,R,R,"ISAKSON, JOHN HARDY (JOHNNY)",0,1,1,1,4.16,"BUCKLEY, ALLEN",Lbt,4.16,0,-6.074682495307381,state: 0.75*latest + 0.25*prior presidential lean,
SEN_HI_2016,2016,senate,HI,,0,0,"SCHATZ, BRIAN EMANUEL",D,"CARROLL, JOHN STANLEY (JACK)",306604.0,92653.0,17305.0,416562.0,76.79,1,D,D,"SCHATZ, BRIAN EMANUEL",0,1,1,3,4.15,"ALLISON, JOY J.",Other,2.19,0,19.57620605135778,state: 0.75*latest + 0.25*prior presidential lean,
SEN_IA_2016,2016,senate,IA,,0,0,"JUDGE, PATTY",D,"GRASSLEY, CHARLES ERNEST (CHUCK)",549460.0,926007.0,63884.0,1539351.0,37.24,1,R,R,"GRASSLEY, CHARLES ERNEST (CHUCK)",0,1,1,3,4.15,"ALDRICH, CHARLES A. (CHURCH)",Lbt,2.72,0,0.9815965993800774,state: 0.75*latest + 0.25*prior presidential lean,
SEN_ID_2016,2016,senate,ID,,0,0,"STURGILL, JERRY",D,"CRAPO, MICHAEL D. (MIKE)",188249.0,449017.0,41730.0,678996.0,29.54,1,R,R,"CRAPO, MICHAEL D. (MIKE)",0,1,1,2,6.15,"WRITZ, RAYMOND J. (RAY), JR.",Other,6.14,0,-18.02229937799853,state: 0.75*latest + 0.25*prior presidential lean,
SEN_IL_2016,2016,senate,IL,,0,0,"DUCKWORTH, L. TAMMY",D,"KIRK, MARK STEVEN",3012940.0,2184692.0,294198.0,5491830.0,57.97,1,D,R,"KIRK, MARK STEVEN",0,1,1,5,5.36,"MCMILLEN, KENTON",Lbt,3.2,0,7.166596761165628,state: 0.75*latest + 0.25*prior presidential lean,
SEN_IN_2016,2016,senate,IN,,0,0,"BAYH, EVAN",D,"YOUNG, TODD CHRISTOPHER",1158947.0,1423991.0,149608.0,2732546.0,44.87,1,R,,,1,1,1,2,5.48,"BRENTON, LUCY M.",Lbt,5.47,0,-6.219904380712845,state: 0.75*latest + 0.25*prior presidential lean,
SEN_KS_2016,2016,senate,KS,,0,0,"WIESNER, PATRICK",D,"MORAN, JERRY W.",379740.0,732376.0,65760.0,1177876.0,34.15,1,R,R,"MORAN, JERRY W.",0,1,1,1,5.58,"GARRARD, ROBERT DAVID",Lbt,5.58,0,-12.68817580772904,state: 0.75*latest + 0.25*prior presidential lean,
SEN_KY_2016,2016,senate,KY,,0,0,"GRAY, JIM",D,"PAUL, RAND",813246.0,1090177.0,36.0,1903459.0,42.73,1,R,R,"PAUL, RAND",0,1,1,1,0.0,"WILSON, BILLY RAY",Other,0.0,0,-13.165547986341725,state: 0.75*latest + 0.25*prior presidential lean,
SEN_LA_2016,2016,senate,LA,,0,0,"CAMPBELL, FOSTER L., JR.",D,"KENNEDY, JOHN NEELY",347816.0,536191.0,0.0,884007.0,39.35,1,R,,,1,1,1,0,0.0,,,,1,-11.374524545043714,state: 0.75*latest + 0.25*prior presidential lean,
SEN_MD_2016,2016,senate,MD,,0,0,"VAN HOLLEN, CHRISTOPHER (CHRIS), JR.",D,"SZELIGA, KATHY",1659907.0,972557.0,90212.0,2722676.0,63.06,1,D,,,1,1,1,2,3.31,"FLOWERS, MARGARET A.",Grn,3.3,0,10.77370436933898,state: 0.75*latest + 0.25*prior presidential lean,
SEN_MO_2016,2016,senate,MO,,0,0,"KANDER, JASON",D,"BLUNT, ROY D.",1300200.0,1378458.0,123888.0,2802546.0,48.54,1,R,R,"BLUNT, ROY D.",0,1,1,3,4.42,"DINE, JONATHAN",Lbt,2.42,0,-6.051006646516032,state: 0.75*latest + 0.25*prior presidential lean,
SEN_NC_2016,2016,senate,NC,,0,0,"ROSS, DEBORAH K.",D,"BURR, RICHARD M.",2128165.0,2395376.0,167592.0,4691133.0,47.05,1,R,R,"BURR, RICHARD M.",0,1,1,1,3.57,"HAUGH, SEAN N.",Lbt,3.57,0,-3.1841471462988102,state: 0.75*latest + 0.25*prior presidential lean,
SEN_ND_2016,2016,senate,ND,,0,0,"GLASSHEIM, ELIOT",D,"HOEVEN, JOHN H.",58116.0,268788.0,15231.0,342135.0,17.78,1,R,R,"HOEVEN, JOHN H.",0,1,1,2,4.45,"MARQUETTE, ROBERT N.",Lbt,3.09,0,-11.135682081237716,state: 0.75*latest + 0.25*prior presidential lean,
SEN_NH_2016,2016,senate,NH,,0,0,"HASSEN, MARGARET WOOD (MAGGIE)",D,"AYOTTE, KELLY A.",354649.0,353632.0,30339.0,738620.0,50.07,1,D,R,"AYOTTE, KELLY A.",0,1,1,2,4.11,"DAY, AARON",I,2.4,0,0.892337469659063,state: 0.75*latest + 0.25*prior presidential lean,
SEN_NV_2016,2016,senate,NV,,0,0,"CORTEZ MASTO, CATHERINE",D,"HECK, JOSEPH JOHN (JOE), JR.",521994.0,495079.0,91221.0,1108294.0,51.32,1,D,,,1,1,1,5,8.23,[NONE OF THESE],NPA,3.81,0,1.7022293597470344,state: 0.75*latest + 0.25*prior presidential lean,
SEN_NY_2016,2016,senate,NY,,0,0,"SCHUMER, CHARLES E. (CHUCK)",D,"LONG, WENDY",5221945.0,2009355.0,161533.0,7392833.0,72.21,1,D,D,"SCHUMER, CHARLES E. (CHUCK)",0,1,1,2,2.18,"WILSON, ROBIN LAVERNE",Grn,1.53,0,13.522873703592214,state: 0.75*latest + 0.25*prior presidential lean,
SEN_OH_2016,2016,senate,OH,,0,0,"STRICKLAND, TED",D,"PORTMAN, ROBERT J. (ROB)",1996908.0,3118567.0,258689.0,5374164.0,39.04,1,R,R,"PORTMAN, ROBERT J. (ROB)",0,1,1,4,4.81,"CONNORS, TOM",I,1.73,0,-0.7311090265612386,state: 0.75*latest + 0.25*prior presidential lean,
SEN_OK_2016,2016,senate,OK,,0,0,"WORKMAN, MIKE",D,"LANKFORD, JAMES PAUL",355911.0,980892.0,111244.0,1448047.0,26.62,1,R,R,"LANKFORD, JAMES PAUL",0,1,1,3,7.68,"MURPHY, ROBERT T.",Lbt,3.0,0,-18.94062188199769,state: 0.75*latest + 0.25*prior presidential lean,
SEN_OR_2016,2016,senate,OR,,0,0,"WYDEN, RON",D,"CALLAHAN, MARK ALLEN",1105119.0,651106.0,194195.0,1950420.0,62.93,1,D,D,"WYDEN, RON",0,1,1,4,9.96,"LEWALLEN, SHANTI S.",Other,3.17,0,4.356693884305443,state: 0.75*latest + 0.25*prior presidential lean,
SEN_PA_2016,2016,senate,PA,,0,0,"MCGINTY, KATHLEEN ALANA (KATIE)",D,"TOOMEY, PATRICK J. (PAT)",2865012.0,2951702.0,235142.0,6051856.0,49.25,1,R,R,"TOOMEY, PATRICK J. (PAT)",0,1,1,1,3.89,"CLIFFORD, EDWARD T., III",Lbt,3.89,0,0.90626466122809,state: 0.75*latest + 0.25*prior presidential lean,
SEN_SC_2016,2016,senate,SC,,0,0,"DIXON, THOMAS",D,"SCOTT, TIMOTHY E. (TIM)",757022.0,1241609.0,49405.0,2048036.0,37.88,1,R,R,"SCOTT, TIMOTHY E. (TIM)",0,1,1,2,2.41,"BLEDSOE, BILL",Other,1.83,0,-7.567410119788204,state: 0.75*latest + 0.25*prior presidential lean,
SEN_SD_2016,2016,senate,SD,,0,0,"WILLIAMS, JAY H.",D,"THUNE, JOHN R.",104125.0,265494.0,0.0,369619.0,28.17,1,R,R,"THUNE, JOHN R.",0,1,1,0,0.0,,,,0,-10.437912956237165,state: 0.75*latest + 0.25*prior presidential lean,
SEN_UT_2016,2016,senate,UT,,0,0,"SNOW, MISTY KATHERINE",D,"LEE, MICHAEL (MIKE)",301860.0,760241.0,53505.0,1115606.0,28.42,1,R,R,"LEE, MICHAEL (MIKE)",0,1,1,2,4.8,"FONUA, STONE TEIKO (STONEY)",Other,2.45,0,-24.55134380860752,state: 0.75*latest + 0.25*prior presidential lean,
SEN_VT_2016,2016,senate,VT,,0,0,"LEAHY, PATRICK J.",D,"MILNE, SCOTT",192243.0,103637.0,17620.0,313500.0,64.97,1,D,D,"LEAHY, PATRICK J.",0,1,1,3,5.62,"ERICSON, CRIS",Other,2.92,0,15.9601277605656,state: 0.75*latest + 0.25*prior presidential lean,
SEN_WA_2016,2016,senate,WA,,0,0,"MURRAY, PATTY",D,"VANCE, CHRISTOPHER (CHRIS)",1913979.0,1329338.0,0.0,3243317.0,59.01,1,D,D,"MURRAY, PATTY",0,1,1,0,0.0,,,,0,5.459118609431733,state: 0.75*latest + 0.25*prior presidential lean,
SEN_WI_2016,2016,senate,WI,,0,0,"FEINGOLD, RUSSELL D. (RUSS)",D,"JOHNSON, RON",1380335.0,1479471.0,87531.0,2947337.0,48.27,1,R,R,"JOHNSON, RON",0,1,1,1,2.97,"ANDERSON, PHILLIP N. (PHIL)",Lbt,2.97,0,1.9113802550470207,state: 0.75*latest + 0.25*prior presidential lean,
SEN_AZ_2018,2018,senate,AZ,,0,1,"SINEMA, KYRSTEN",D,"MCSALLY, MARTHA E.",1191100.0,1135200.0,365.0,2326665.0,51.2,1,D,,,1,1,1,1,0.02,"HESS, BARRY JOEL, II",Other,0.02,0,-3.9445385285219934,state: 0.75*latest + 0.25*prior presidential lean,
SEN_CA_2018,2018,senate,CA,,0,1,"FEINSTEIN, DIANNE; DE LEON, KEVIN",D,,11113364.0,0.0,0.0,11113364.0,,0,D,D,"FEINSTEIN, DIANNE",0,2,0,0,0.0,,,,0,13.6900150598779,state: 0.75*latest + 0.25*prior presidential lean,
SEN_CT_2018,2018,senate,CT,,0,1,"MURPHY, CHRISTOPHER SCOTT (CHRIS)",D,"COREY, MATTHEW MCKINNON",787685.0,545717.0,15456.0,1348858.0,59.07,1,D,D,"MURPHY, CHRISTOPHER SCOTT (CHRIS)",0,1,1,2,1.15,"LION, RICHARD",Lbt,0.66,0,6.174951869180829,state: 0.75*latest + 0.25*prior presidential lean,
SEN_DE_2018,2018,senate,DE,,0,1,"CARPER, THOMAS RICHARD (TOM)",D,"ARLETT, ROBERT B.",217385.0,137127.0,8080.0,362592.0,61.32,1,D,D,"CARPER, THOMAS RICHARD (TOM)",0,1,1,2,2.23,"THEODOROPOULOS, DEMITRI G.",Grn,1.15,0,5.486351674586781,state: 0.75*latest + 0.25*prior presidential lean,
SEN_FL_2018,2018,senate,FL,,0,1,"NELSON, CLARENCE W. (BILL)",D,"SCOTT, RICHARD (RICK)",4089472.0,4099505.0,1028.0,8190005.0,49.94,1,R,D,"NELSON, CLARENCE W. (BILL)",0,1,1,5,0.01,"JONES, LATERESA L.A.",Other,0.01,0,-1.727916707733726,state: 0.75*latest + 0.25*prior presidential lean,
SEN_HI_2018,2018,senate,HI,,0,1,"HIRONO, MAZIE K.",D,"CURTIS, RON",276316.0,112035.0,0.0,388351.0,71.15,1,D,D,"HIRONO, MAZIE K.",0,1,1,0,0.0,,,,0,17.132612075176525,state: 0.75*latest + 0.25*prior presidential lean,
SEN_IN_2018,2018,senate,IN,,0,1,"DONNELLY, JOSEPH S. (JOE)",D,"BRAUN, MIKE",1023553.0,1158000.0,101006.0,2282559.0,46.92,1,R,D,"DONNELLY, JOSEPH S. (JOE)",0,1,1,3,4.43,"BRENTON, LUCY M.",Lbt,4.42,0,-10.262428930706552,state: 0.75*latest + 0.25*prior presidential lean,
SEN_MA_2018,2018,senate,MA,,0,1,"WARREN, ELIZABETH A.",D,"DIEHL, GEOFF",1633371.0,979210.0,91710.0,2704291.0,62.52,1,D,D,"WARREN, ELIZABETH A.",0,1,1,1,3.39,"AYYADURAI, SHIVA",I,3.39,0,12.560526066493455,state: 0.75*latest + 0.25*prior presidential lean,
SEN_MD_2018,2018,senate,MD,,0,1,"CARDIN, BENJAMIN L. (BEN)",D,"CAMPBELL, TONY",1491614.0,697017.0,109608.0,2298239.0,68.15,1,D,D,"CARDIN, BENJAMIN L. (BEN)",0,1,1,5,4.77,"SIMON, NEAL",I,3.74,0,12.464324940156692,state: 0.75*latest + 0.25*prior presidential lean,
SEN_ME_2018,2018,senate,ME,,0,1,"DILL, CYNTHIA ANN",D,"SUMNERS, CHARLES E., JR.",92900.0,215399.0,392117.0,700416.0,30.13,1,I,,,1,1,1,4,55.98,"KING, ANGUS S., JR.",I,52.91,0,1.7882205572725045,state: 0.75*latest + 0.25*prior presidential lean,
SEN_MI_2018,2018,senate,MI,,0,1,"STABENOW, DEBORAH ANN (DEBBIE)",D,"JAMES, JOHN",2214478.0,1938818.0,83967.0,4237263.0,53.32,1,D,D,"STABENOW, DEBORAH ANN (DEBBIE)",0,1,1,4,1.98,"SQUIER, MARCIA",Grn,0.95,0,-0.2624712829203637,state: 0.75*latest + 0.25*prior presidential lean,
SEN_MN_2018,2018,senate,MN,,0,1,"KLOBUCHAR, AMY J.",D,"NEWBERGER, JAMES (JIM)",1566174.0,940437.0,89337.0,2595948.0,62.48,1,D,D,"KLOBUCHAR, AMY J.",0,1,1,2,3.44,"SCHULLER, DENNIS",I,2.55,0,0.2347237578162353,state: 0.75*latest + 0.25*prior presidential lean,
SEN_MN_2018_S,2018,senate,MN,,1,1,"SMITH, TINA",D,"HOUSLEY, KARIN",1370540.0,1095777.0,119938.0,2586255.0,55.57,1,D,D,"SMITH, TINA",0,1,1,2,4.64,"WELLINGTON, SARAH",Other,3.7,0,0.2347237578162353,state: 0.75*latest + 0.25*prior presidential lean,
SEN_MO_2018,2018,senate,MO,,0,1,"MCCASKILL, CLAIRE",D,"HAWLEY, JOSH",1112935.0,1254927.0,74420.0,2442282.0,47.0,1,R,D,"MCCASKILL, CLAIRE",0,1,1,3,3.05,"O'DEAR, CRAIG",I,1.41,0,-9.932940573013216,state: 0.75*latest + 0.25*prior presidential lean,
SEN_MS_2018,2018,senate,MS,,0,1,"BARIA, DAVID",D,"WICKER, ROGER F.",369567.0,547619.0,19029.0,936215.0,40.29,1,R,R,"WICKER, ROGER F.",0,1,1,2,2.03,"BEDWELL, DANNY",Lbt,1.39,0,-9.64221343073566,state: 0.75*latest + 0.25*prior presidential lean,
SEN_MS_2018_S,2018,senate,MS,,1,1,"ESPY, ALPHONSO MICHAEL (MIKE); BARTEE, TOBEY BERNARD",D,"HYDE-SMITH, CINDY; MCDANIEL, CHRISTOPHER BRIAN (CHRIS)",400594.0,544873.0,0.0,945467.0,42.37,1,R,R,"HYDE-SMITH, CINDY",0,2,2,0,0.0,,,,0,-9.64221343073566,state: 0.75*latest + 0.25*prior presidential lean,
SEN_MT_2018,2018,senate,MT,,0,1,"TESTER, JON",D,"ROSENDALE, MATTHEW M. (MATT), SR.",253876.0,235963.0,14545.0,504384.0,51.83,1,D,D,"TESTER, JON",0,1,1,1,2.88,"BRECKENRIDGE, RICK",Lbt,2.88,0,-11.465159341732363,state: 0.75*latest + 0.25*prior presidential lean,
SEN_ND_2018,2018,senate,ND,,0,1,"HEITKAMP, M.K. HEIDI",D,"CRAMER, KEVIN J.",144376.0,179720.0,0.0,324096.0,44.55,1,R,D,"HEITKAMP, M.K. HEIDI",0,1,1,0,0.0,,,,0,-18.75908738261141,state: 0.75*latest + 0.25*prior presidential lean,
SEN_NE_2018,2018,senate,NE,,0,1,"RAYBOULD, JANE",D,"FISCHER, DEBRA S. (DEB)",269917.0,403151.0,25349.0,698417.0,40.1,1,R,R,"FISCHER, DEBRA S. (DEB)",0,1,1,1,3.63,"SCHULTZ, JIM",Lbt,3.63,0,-14.317456289933192,state: 0.75*latest + 0.25*prior presidential lean,
SEN_NJ_2018,2018,senate,NJ,,0,1,"MENENDEZ, ROBERT (BOB)",D,"HUGIN, ROBERT (BOB)",1711654.0,1357355.0,100301.0,3169310.0,55.77,1,D,D,"MENENDEZ, ROBERT (BOB)",0,1,1,6,3.16,"HOFFMAN, MADELYN R.",Grn,0.79,0,6.326780856828741,state: 0.75*latest + 0.25*prior presidential lean,
SEN_NM_2018,2018,senate,NM,,0,1,"HEINRICH, MARTIN TREVOR",D,"RICH, MICK",376998.0,212813.0,107201.0,697012.0,63.92,1,D,D,"HEINRICH, MARTIN TREVOR",0,1,1,1,15.38,"JOHNSON, GARY E.",Lbt,15.38,0,3.437544224476582,state: 0.75*latest + 0.25*prior presidential lean,
SEN_NV_2018,2018,senate,NV,,0,1,"ROSEN, JACKLYN S. (JACKY)",D,"HELLER, DEAN",490071.0,441202.0,25556.0,956829.0,52.62,1,D,R,"HELLER, DEAN",0,1,1,3,2.67,"MICHAELS, BARRY",Other,0.97,0,0.4478144678318613,state: 0.75*latest + 0.25*prior presidential lean,
SEN_NY_2018,2018,senate,NY,,0,1,"GILLIBRAND, KIRSTEN ELIZABETH",D,"FARLEY, CHELE CHIAVACCI",4056931.0,1998220.0,0.0,6055151.0,67.0,1,D,D,"GILLIBRAND, KIRSTEN ELIZABETH",0,1,1,0,0.0,,,,0,12.694950454407202,state: 0.75*latest + 0.25*prior presidential lean,
SEN_OH_2018,2018,senate,OH,,0,1,"BROWN, SHERROD C.",D,"RENACCI, JAMES B. (JIM)",2355923.0,2053963.0,1012.0,4410898.0,53.42,1,D,D,"BROWN, SHERROD C.",0,1,1,1,0.02,"FARRIS, STEPHEN",Other,0.02,0,-4.196602378533227,state: 0.75*latest + 0.25*prior presidential lean,
SEN_PA_2018,2018,senate,PA,,0,1,"CASEY, ROBERT P. (BOB), JR.",D,"BARLETTA, LOUIS J. (LOU)",2777680.0,2134848.0,82115.0,4994643.0,56.54,1,D,D,"CASEY, ROBERT P. (BOB), JR.",0,1,1,2,1.64,"KERNS, DALE R., JR.",Lbt,1.02,0,-0.9730214931383389,state: 0.75*latest + 0.25*prior presidential lean,
SEN_RI_2018,2018,senate,RI,,0,1,"WHITEHOUSE, SHELDON, II",D,"FLANDERS, ROBERT G., JR.",231477.0,144421.0,0.0,375898.0,61.58,1,D,D,"WHITEHOUSE, SHELDON, II",0,1,1,0,0.0,,,,0,8.362861426221718,state: 0.75*latest + 0.25*prior presidential lean,
SEN_TN_2018,2018,senate,TN,,0,1,"BREDESEN, PHILIP NORMAN (PHIL), JR.",D,"BLACKBURN, MARSHA W.",985450.0,1227483.0,30807.0,2243740.0,44.53,1,R,,,1,1,1,6,1.37,"AUSTIN, TRUDY A.",I,0.42,0,-14.180378303513674,state: 0.75*latest + 0.25*prior presidential lean,
SEN_TX_2018,2018,senate,TX,,0,1,"O'ROURKE, ROBERT (BETO)",D,"CRUZ, RAFAEL EDWARD (TED)",4045632.0,4260553.0,65470.0,8371655.0,48.71,1,R,R,"CRUZ, RAFAEL EDWARD (TED)",0,1,1,1,0.78,"DIKEMAN, NEAL M.",Lbt,0.78,0,-6.911246625249257,state: 0.75*latest + 0.25*prior presidential lean,
SEN_UT_2018,2018,senate,UT,,0,1,"WILSON, JENNY",D,"ROMNEY, MITT",328541.0,665215.0,69089.0,1062845.0,33.06,1,R,,,1,1,1,3,6.5,"AALDERS, TIMOTHY N. (TIM)",Other,2.71,0,-16.818074120839007,state: 0.75*latest + 0.25*prior presidential lean,
SEN_VA_2018,2018,senate,VA,,0,1,"KAINE, TIMOTHY MICHAEL (TIM)",D,"STEWART, COREY ALAN",1910370.0,1374313.0,61565.0,3346248.0,58.16,1,D,D,"KAINE, TIMOTHY MICHAEL (TIM)",0,1,1,1,1.84,"WATERS, MATT J.",Lbt,1.84,0,1.2372732420634691,state: 0.75*latest + 0.25*prior presidential lean,
SEN_VT_2018,2018,senate,VT,,0,1,"SANDERS, BERNARD (BERNIE)",I,"ZUPAN, LAWRENCE",183649.0,74815.0,13856.0,272320.0,71.05,1,I,I,"SANDERS, BERNARD (BERNIE)",0,0,1,7,5.09,"PEACOCK, BRAD J.",I,1.34,0,14.57728131146926,state: 0.75*latest + 0.25*prior presidential lean,
SEN_WA_2018,2018,senate,WA,,0,1,"CANTWELL, MARIA",D,"HUTCHISON, SUSAN",1803364.0,1282804.0,0.0,3086168.0,58.43,1,D,D,"CANTWELL, MARIA",0,1,1,0,0.0,,,,0,7.122919829710362,state: 0.75*latest + 0.25*prior presidential lean,
SEN_WI_2018,2018,senate,WI,,0,1,"BALDWIN, TAMMY",D,"VUKMIR, LEAH",1472914.0,1184885.0,0.0,2657799.0,55.42,1,D,D,"BALDWIN, TAMMY",0,1,1,0,0.0,,,,0,-0.8144874207978561,state: 0.75*latest + 0.25*prior presidential lean,
SEN_WV_2018,2018,senate,WV,,0,1,"MANCHIN, JOE, III",D,"MORRISEY, PATRICK",290510.0,271113.0,24411.0,586034.0,51.73,1,D,D,"MANCHIN, JOE, III",0,1,1,1,4.17,"HOLLEN, RUSTY",Lbt,4.17,0,-21.41371673447619,state: 0.75*latest + 0.25*prior presidential lean,
SEN_WY_2018,2018,senate,WY,,0,1,"TRAUNER, GARY",D,"BARRASSO, JOHN ANTHONY, III",61227.0,136210.0,5658.0,203095.0,31.01,1,R,R,"BARRASSO, JOHN ANTHONY, III",0,1,1,1,2.79,"PORAMBO, JOSEPH (JOE)",Lbt,2.79,0,-25.94350136273937,state: 0.75*latest + 0.25*prior presidential lean,
SEN_AK_2020,2020,senate,AK,,0,0,"GROSS, AL",D,"SULLIVAN, DANIEL S. (DAN)",146068.0,191112.0,16806.0,353986.0,43.32,1,R,R,"SULLIVAN, DANIEL S. (DAN)",0,1,1,1,4.75,"HOWE, JOHN WAYNE",Other,4.75,0,-9.492416791684816,state: 0.75*latest + 0.25*prior presidential lean,
SEN_AL_2020,2020,senate,AL,,0,0,"JONES, DOUG",D,"TUBERVILLE, TOMMY",920478.0,1392076.0,0.0,2312554.0,39.8,1,R,D,"JONES, DOUG",0,1,1,0,0.0,,,,0,-14.959017966823655,state: 0.75*latest + 0.25*prior presidential lean,
SEN_AR_2020,2020,senate,AR,,0,0,,,"COTTON, THOMAS (TOM)",0.0,793871.0,399390.0,1193261.0,,0,R,R,"COTTON, THOMAS (TOM)",0,0,1,1,33.47,"HARRINGTON, RICKY DALE, JR.",Lbt,33.47,0,-15.126807743128929,state: 0.75*latest + 0.25*prior presidential lean,
SEN_AZ_2020_S,2020,senate,AZ,,1,0,"KELLY, MARK",D,"MCSALLY, MARTHA E.",1716467.0,1637661.0,1181.0,3355309.0,51.17,1,D,R,"MCSALLY, MARTHA E.",0,1,1,16,0.04,"DORCHESTER, MATTHEW (DOC)",Other,0.01,0,-3.9445385285219934,state: 0.75*latest + 0.25*prior presidential lean,
SEN_CO_2020,2020,senate,CO,,0,0,"HICKENLOOPER, JOHN W.",D,"GARDNER, CORY",1731114.0,1429492.0,75053.0,3235659.0,54.77,1,D,R,"GARDNER, CORY",0,1,1,3,2.32,"DOANE, RAYMON ANTHONY",Lbt,1.74,0,1.3251439700687873,state: 0.75*latest + 0.25*prior presidential lean,
SEN_DE_2020,2020,senate,DE,,0,0,"COONS, CHRISTOPHER A.",D,"WITZKE, LAUREN",291804.0,186054.0,13077.0,490935.0,61.07,1,D,D,"COONS, CHRISTOPHER A.",0,1,1,2,2.66,"TURLEY, MARK W.",Other,1.6,0,5.486351674586781,state: 0.75*latest + 0.25*prior presidential lean,
SEN_GA_2020,2020,senate,GA,,0,0,"OSSOFF, THOMAS JONATHAN (JON)",D,"PERDUE, DAVID A.",2269923.0,2214979.0,0.0,4484902.0,50.61,1,D,R,"PERDUE, DAVID A.",0,1,1,0,0.0,,,,1,-4.359394861985264,state: 0.75*latest + 0.25*prior presidential lean,
SEN_GA_2020_S,2020,senate,GA,,1,0,"WARNOCK, RAPHAEL GAMALIEL",D,"LOEFFLER, KELLY",2289113.0,2195841.0,0.0,4484954.0,51.04,1,D,R,"LOEFFLER, KELLY",0,1,1,0,0.0,,,,1,-4.359394861985264,state: 0.75*latest + 0.25*prior presidential lean,
SEN_IA_2020,2020,senate,IA,,0,0,"GREENFIELD, THERESA",D,"ERNST, JONI K.",754859.0,864997.0,50761.0,1670617.0,46.6,1,R,R,"ERNST, JONI K.",0,1,1,2,3.04,"STEWART, RICK W.",Lbt,2.21,0,-4.43217603980889,state: 0.75*latest + 0.25*prior presidential lean,
SEN_ID_2020,2020,senate,ID,,0,0,"JORDAN, PAULETTE",D,"RISCH, JAMES E. (JIM)",285864.0,538446.0,35517.0,859827.0,34.68,1,R,R,"RISCH, JAMES E. (JIM)",0,1,1,2,4.13,"FLEMING, NATALIE M.",I,2.95,0,-19.212332359491693,state: 0.75*latest + 0.25*prior presidential lean,
SEN_IL_2020,2020,senate,IL,,0,0,"DURBIN, RICHARD J. (DICK)",D,"CURRAN, MARK C., JR.",3278930.0,2319870.0,370093.0,5968893.0,58.56,1,D,D,"DURBIN, RICHARD J. (DICK)",0,1,1,4,6.2,"WILSON, WILLIE L.",Other,3.98,0,7.5350662530691634,state: 0.75*latest + 0.25*prior presidential lean,
SEN_KS_2020,2020,senate,KS,,0,0,"BOLLIER, BARBARA",D,"MARSHALL, ROGER W.",571530.0,727962.0,68263.0,1367755.0,43.98,1,R,,,1,1,1,1,4.99,"BUCKLEY, JASON",Lbt,4.99,0,-12.486287581261935,state: 0.75*latest + 0.25*prior presidential lean,
SEN_KY_2020,2020,senate,KY,,0,0,"MCGRATH, AMY",D,"MCCONNELL, MITCH, JR.",816257.0,1233315.0,85474.0,2135046.0,39.83,1,R,R,"MCCONNELL, MITCH, JR.",0,1,1,3,4.0,"BARRON, STEPHEN BRADLEY (BRAD)",Lbt,4.0,0,-16.013017999577297,state: 0.75*latest + 0.25*prior presidential lean,
SEN_LA_2020,2020,senate,LA,,0,0,"PERKINS, ADRIAN; EDWARDS, DERRICK (CHAMP); PIERCE, ANTOINE; KNIGHT, DAVID DREW; WENSTRUP, PETER",D,"CASSIDY, WILLIAM (BILL); MURPHY, DUSTIN",730989.0,1267291.0,73263.0,2071543.0,36.58,1,R,R,"CASSIDY, WILLIAM (BILL)",0,5,2,8,3.54,"BILLIOT, BERYL",I,0.84,0,-11.189817469878012,state: 0.75*latest + 0.25*prior presidential lean,
SEN_MA_2020,2020,senate,MA,,0,0,"MARKEY, EDWARD JOHN (ED)",D,"O'CONNOR, KEVIN J.",2357809.0,1177765.0,21134.0,3556708.0,66.69,1,D,D,"MARKEY, EDWARD JOHN (ED)",0,1,1,1,0.59,"AYYADURAI, SHIVA",Other,0.59,0,12.560526066493455,state: 0.75*latest + 0.25*prior presidential lean,
SEN_ME_2020,2020,senate,ME,,0,0,"GIDEON, SARA I.",D,"COLLINS, SUSAN M.",347223.0,417645.0,54087.0,818955.0,45.4,1,R,R,"COLLINS, SUSAN M.",0,1,1,2,6.6,"SAVAGE, LISA",I,4.95,0,1.7882205572725045,state: 0.75*latest + 0.25*prior presidential lean,
SEN_MI_2020,2020,senate,MI,,0,0,"PETERS, GARY C.",D,"JAMES, JOHN",2734568.0,2642233.0,102907.0,5479708.0,50.86,1,D,D,"PETERS, GARY C.",0,1,1,3,1.88,"WILLIS, VALERIE LEE",Other,0.92,0,-0.2624712829203637,state: 0.75*latest + 0.25*prior presidential lean,
SEN_MN_2020,2020,senate,MN,,0,0,"SMITH, TINA",D,"LEWIS, JASON",1566522.0,1398145.0,247328.0,3211995.0,52.84,1,D,D,"SMITH, TINA",0,1,1,2,7.7,"O'CONNOR, KEVIN",Other,5.92,0,0.2347237578162353,state: 0.75*latest + 0.25*prior presidential lean,
SEN_MS_2020,2020,senate,MS,,0,0,"ESPY, ALPHONSO MICHAEL (MIKE)",D,"HYDE-SMITH, CINDY",578691.0,709511.0,23152.0,1311354.0,44.92,1,R,R,"HYDE-SMITH, CINDY",0,1,1,1,1.77,"EDWARDS, JIMMY L.",Lbt,1.77,0,-9.64221343073566,state: 0.75*latest + 0.25*prior presidential lean,
SEN_MT_2020,2020,senate,MT,,0,0,"BULLOCK, STEVE",D,"DAINES, STEVEN (STEVE)",272463.0,333174.0,0.0,605637.0,44.99,1,R,R,"DAINES, STEVEN (STEVE)",0,1,1,0,0.0,,,,0,-11.465159341732363,state: 0.75*latest + 0.25*prior presidential lean,
SEN_NC_2020,2020,senate,NC,,0,0,"CUNNINGHAM, CAL",D,"TILLIS, THOM",2569965.0,2665598.0,239389.0,5474952.0,49.09,1,R,R,"TILLIS, THOM",0,1,1,2,4.37,"BRAY, SHANNON W.",Lbt,3.13,0,-3.0606712165339585,state: 0.75*latest + 0.25*prior presidential lean,
SEN_NE_2020,2020,senate,NE,,0,0,"JANICEK, CHRIS",D,"SASSE, BEN",227191.0,583507.0,113526.0,924224.0,28.02,1,R,R,"SASSE, BEN",0,1,1,2,12.28,"LOVE, PRESTON, JR.",Other,6.32,0,-14.317456289933192,state: 0.75*latest + 0.25*prior presidential lean,
SEN_NH_2020,2020,senate,NH,,0,0,"SHAHEEN, JEANNE",D,"MESSNER, CORKY",450778.0,326229.0,18421.0,795428.0,58.01,1,D,D,"SHAHEEN, JEANNE",0,1,1,1,2.32,"O'DONNELL, JUSTIN",Lbt,2.32,0,-0.5181438116436232,state: 0.75*latest + 0.25*prior presidential lean,
SEN_NJ_2020,2020,senate,NJ,,0,0,"BOOKER, CORY",D,"MEHTA, RIKIN (RIK)",2541178.0,1817052.0,82210.0,4440440.0,58.31,1,D,D,"BOOKER, CORY",0,1,1,3,1.85,"HOFFMAN, MADELYN R.",Grn,0.86,0,6.326780856828741,state: 0.75*latest + 0.25*prior presidential lean,
SEN_NM_2020,2020,senate,NM,,0,0,"LUJAN, BEN RAY, JR.",D,"RONCHETTI, MARK V.",474483.0,418483.0,24271.0,917237.0,53.14,1,D,,,1,1,1,1,2.65,"WALSH, BOB",Lbt,2.65,0,3.437544224476582,state: 0.75*latest + 0.25*prior presidential lean,
SEN_OK_2020,2020,senate,OK,,0,0,"BROYLES, ABBY",D,"INHOFE, JAMES M. (JIM)",509763.0,979140.0,67458.0,1556361.0,34.24,1,R,R,"INHOFE, JAMES M. (JIM)",0,1,1,3,4.33,"MURPHY, ROBERT T.",Lbt,2.21,0,-20.045986002493912,state: 0.75*latest + 0.25*prior presidential lean,
SEN_OR_2020,2020,senate,OR,,0,0,"MERKLEY, JEFFERY A. (JEFF)",D,"PERKINS, JO RAE",1321047.0,912814.0,84986.0,2318847.0,59.14,1,D,D,"MERKLEY, JEFFERY A. (JEFF)",0,1,1,2,3.67,"DYE, GARY LYNDON",Lbt,1.84,0,4.810317865483944,state: 0.75*latest + 0.25*prior presidential lean,
SEN_RI_2020,2020,senate,RI,,0,0,"REED, JOHN F. (JACK)",D,"WATERS, ALLEN RODNEY",328574.0,164855.0,0.0,493429.0,66.59,1,D,D,"REED, JOHN F. (JACK)",0,1,1,0,0.0,,,,0,8.362861426221718,state: 0.75*latest + 0.25*prior presidential lean,
SEN_SC_2020,2020,senate,SC,,0,0,"HARRISON, JAIME",D,"GRAHAM, LINDSEY O.",1110828.0,1369137.0,32845.0,2512810.0,44.79,1,R,R,"GRAHAM, LINDSEY O.",0,1,1,1,1.31,"BLEDSOE, BILL",Other,1.31,0,-8.296609084528031,state: 0.75*latest + 0.25*prior presidential lean,
SEN_SD_2020,2020,senate,SD,,0,0,"AHLERS, DAN",D,"ROUNDS, MICHAEL (MIKE)",143987.0,276232.0,0.0,420219.0,34.26,1,R,R,"ROUNDS, MICHAEL (MIKE)",0,1,1,0,0.0,,,,0,-15.65787148211592,state: 0.75*latest + 0.25*prior presidential lean,
SEN_TN_2020,2020,senate,TN,,0,0,"BRADSHAW, MARQUITA",D,"HAGERTY, WILLIAM FRANCIS (BILL), IV",1040691.0,1840926.0,78144.0,2959761.0,36.11,1,R,,,1,1,1,10,2.64,"MCLEOD, ELIZABETH",I,0.56,0,-14.180378303513674,state: 0.75*latest + 0.25*prior presidential lean,
SEN_TX_2020,2020,senate,TX,,0,0,"HEGAR, MARY JENNINGS (MJ)",D,"CORNYN, JOHN, III",4888764.0,5962983.0,292293.0,11144040.0,45.05,1,R,R,"CORNYN, JOHN, III",0,1,1,3,2.62,"MCKENNON, KERRY DOUGLAS",Lbt,1.88,0,-6.911246625249257,state: 0.75*latest + 0.25*prior presidential lean,
SEN_VA_2020,2020,senate,VA,,0,0,"WARNER, MARK R.",D,"GADE, DANIEL M.",2466500.0,1934199.0,0.0,4400699.0,56.05,1,D,D,"WARNER, MARK R.",0,1,1,0,0.0,,,,0,1.2372732420634691,state: 0.75*latest + 0.25*prior presidential lean,
SEN_WV_2020,2020,senate,WV,,0,0,"SWEARENGIN, PAULA JEAN",D,"CAPITO, SHELLEY MOORE",210309.0,547454.0,21155.0,778918.0,27.75,1,R,R,"CAPITO, SHELLEY MOORE",0,1,1,1,2.72,"MORAN, DAVID D. (DAVE)",Lbt,2.72,0,-21.41371673447619,state: 0.75*latest + 0.25*prior presidential lean,
SEN_WY_2020,2020,senate,WY,,0,0,"BEN-DAVID, MERAV",D,"LUMMIS, CYNTHIA MARIE",72766.0,198100.0,0.0,270866.0,26.86,1,R,,,1,1,1,0,0.0,,,,0,-25.94350136273937,state: 0.75*latest + 0.25*prior presidential lean,
SEN_AK_2022,2022,senate,AK,,0,1,"CHESBRO, PATRICIA R.",D,"MURKOWSKI, LISA A.; TSHIBAKA, KELLY C.; KELLEY, BUZZ A.",27145.0,232532.0,0.0,259677.0,10.45,1,R,R,"MURKOWSKI, LISA A.",0,1,3,0,0.0,,,,0,-8.034417165896548,state: 0.75*latest + 0.25*prior presidential lean,
SEN_AL_2022,2022,senate,AL,,0,1,"BOYD, WILL, JR.",D,"BRITT, KATIE",436746.0,942154.0,32879.0,1411779.0,31.67,1,R,,,1,1,1,1,2.33,"SOPHOCLEUS, JOHN P.",Lbt,2.33,0,-15.268683968748771,state: 0.75*latest + 0.25*prior presidential lean,
SEN_AR_2022,2022,senate,AR,,0,1,"JAMES, NATALIE",D,"BOOZMAN, JOHN NICHOLS",280187.0,592437.0,28682.0,901306.0,32.11,1,R,R,"BOOZMAN, JOHN NICHOLS",0,1,1,1,3.18,"CATES, KENNETH",Lbt,3.18,0,-16.222226326172525,state: 0.75*latest + 0.25*prior presidential lean,
SEN_AZ_2022,2022,senate,AZ,,0,1,"KELLY, MARK",D,"MASTERS, BLAKE",1322027.0,1196308.0,53959.0,2572294.0,52.5,1,D,D,"KELLY, MARK",0,1,1,9,2.1,"VICTOR, MARC J.",Lbt,2.09,0,-2.34627329742974,state: 0.75*latest + 0.25*prior presidential lean,
SEN_CA_2022,2022,senate,CA,,0,1,"PADILLA, ALEX",D,"MEUSER, MARK P.",6621621.0,4222029.0,0.0,10843650.0,61.06,1,D,D,"PADILLA, ALEX",0,1,1,0,0.0,,,,0,13.2221217109406,state: 0.75*latest + 0.25*prior presidential lean,
SEN_CA_2022_S,2022,senate,CA,,1,1,"PADILLA, ALEX",D,"MEUSER, MARK P.",6559308.0,4212450.0,0.0,10771758.0,60.89,1,D,D,"PADILLA, ALEX",0,1,1,0,0.0,,,,0,13.2221217109406,state: 0.75*latest + 0.25*prior presidential lean,
SEN_CO_2022,2022,senate,CO,,0,1,"BENNET, MICHAEL F.",D,"O'DEA, JOE",1397170.0,1031693.0,71267.0,2500130.0,57.52,1,D,D,"BENNET, MICHAEL F.",0,1,1,3,2.85,"PEOTTER, BRIAN",Lbt,1.74,0,3.882956017153175,state: 0.75*latest + 0.25*prior presidential lean,
SEN_CT_2022,2022,senate,CT,,0,1,"BLUMENTHAL, RICHARD",D,"LEVY, LEORA R.",723864.0,535943.0,80.0,1259887.0,57.46,1,D,D,"BLUMENTHAL, RICHARD",0,1,1,2,0.01,"ANDERSON, JOHN",Other,0.01,0,7.440056750131745,state: 0.75*latest + 0.25*prior presidential lean,
SEN_FL_2022,2022,senate,FL,,0,1,"DEMINGS, VALDEZ B. (VAL)",D,"RUBIO, MARCO",3201522.0,4474847.0,81645.0,7758014.0,41.71,1,R,R,"RUBIO, MARCO",0,1,1,7,1.05,"MISIGOY, DENNIS",Lbt,0.41,0,-3.4173918100425844,state: 0.75*latest + 0.25*prior presidential lean,
SEN_GA_2022,2022,senate,GA,,0,1,"WARNOCK, RAPHAEL GAMALIEL",D,"WALKER, HERSCHEL JUNIOR",1820633.0,1721244.0,0.0,3541877.0,51.4,1,D,D,"WARNOCK, RAPHAEL GAMALIEL",0,1,1,0,0.0,,,,1,-2.56741284788687,state: 0.75*latest + 0.25*prior presidential lean,
SEN_HI_2022,2022,senate,HI,,0,1,"SCHATZ, BRIAN EMANUEL",D,"MCDERMOTT, ROBERT (BOB)",290894.0,106358.0,11265.0,408517.0,73.23,1,D,D,"SCHATZ, BRIAN EMANUEL",0,1,1,3,2.76,"BONOAN, FEENA M.",Lbt,1.2,0,13.64321590227748,state: 0.75*latest + 0.25*prior presidential lean,
SEN_IA_2022,2022,senate,IA,,0,1,"FRANKEN, MICHAEL",D,"GRASSLEY, CHARLES ERNEST (CHUCK)",533330.0,681501.0,0.0,1214831.0,43.9,1,R,R,"GRASSLEY, CHARLES ERNEST (CHUCK)",0,1,1,0,0.0,,,,0,-6.394951220000422,state: 0.75*latest + 0.25*prior presidential lean,
SEN_ID_2022,2022,senate,ID,,0,1,"ROTH, DAVID",D,"CRAPO, MICHAEL D. (MIKE)",169808.0,358539.0,66669.0,595016.0,32.14,1,R,R,"CRAPO, MICHAEL D. (MIKE)",0,1,1,4,11.2,"CLEVELAND, SCOTT OH",I,8.39,0,-18.477018309252344,state: 0.75*latest + 0.25*prior presidential lean,
SEN_IL_2022,2022,senate,IL,,0,1,"DUCKWORTH, L. TAMMY",D,"SALVI, KATHLEEN R. (KATHY)",2329136.0,1701055.0,68705.0,4098896.0,57.79,1,D,D,"DUCKWORTH, L. TAMMY",0,1,1,3,1.68,"REDPATH, BILL",Lbt,1.68,0,6.757678702040519,state: 0.75*latest + 0.25*prior presidential lean,
SEN_IN_2022,2022,senate,IN,,0,1,"MCDERMOTT, THOMAS M., JR.",D,"YOUNG, TODD CHRISTOPHER",704411.0,1090165.0,65275.0,1859851.0,39.25,1,R,R,"YOUNG, TODD CHRISTOPHER",0,1,1,7,3.51,"SCENIAK, JAMES MICHAEL",Lbt,3.43,0,-10.667230331951789,state: 0.75*latest + 0.25*prior presidential lean,
SEN_KS_2022,2022,senate,KS,,0,1,"HOLLAND, MARK R.",D,"MORAN, JERRY W.",372214.0,602976.0,29766.0,1004956.0,38.17,1,R,R,"MORAN, JERRY W.",0,1,1,1,2.96,"GRAHAM, DAVID C.",Lbt,2.96,0,-10.389555722617729,state: 0.75*latest + 0.25*prior presidential lean,
SEN_KY_2022,2022,senate,KY,,0,1,"BOOKER, CHARLES",D,"PAUL, RAND",564311.0,913326.0,193.0,1477830.0,38.19,1,R,R,"PAUL, RAND",0,1,1,2,0.01,"THOMASON, CHARLES LEE",Other,0.01,0,-15.809351374817238,state: 0.75*latest + 0.25*prior presidential lean,
SEN_LA_2022,2022,senate,LA,,0,1,"CHAMBERS, GARY, JR.; MIXON, LUKE; STEIB, SYRITA; MENDOZA, MANILLO V. (VINNY); RODRIGUEZ, SALVADOR P.",D,"KENNEDY, JOHN NEELY; GRAHAM, DEVIN LANCE",481065.0,876843.0,27058.0,1384966.0,35.43,1,R,R,"KENNEDY, JOHN NEELY",0,5,2,7,1.95,"BILLIOT, BERYL A.",Other,0.68,0,-11.632866596912782,state: 0.75*latest + 0.25*prior presidential lean,
SEN_MD_2022,2022,senate,MD,,0,1,"VAN HOLLEN, CHRISTOPHER (CHRIS), JR.",D,"CHAFFEE, CHRISTOPHER P. (CHRIS)",1316897.0,682293.0,423.0,1999613.0,65.87,1,D,D,"VAN HOLLEN, CHRISTOPHER (CHRIS), JR.",0,1,1,2,0.02,"GRIFFIN, SCOTTIE",Other,0.02,0,14.282917217217998,state: 0.75*latest + 0.25*prior presidential lean,
SEN_MO_2022,2022,senate,MO,,0,1,"VALENTINE, TRUDY BUSCH",D,"SCHMITT, ERIC",872694.0,1146966.0,49470.0,2069130.0,43.21,1,R,,,1,1,1,8,2.39,"DINE, JONATHAN",Lbt,1.68,0,-10.323122677435151,state: 0.75*latest + 0.25*prior presidential lean,
SEN_NC_2022,2022,senate,NC,,0,1,"BEASLEY, CHERI",D,"BUDD, THEODORE PAUL (TED)",1784049.0,1905786.0,81711.0,3771546.0,48.35,1,R,,,1,1,1,3,2.17,"BRAY, SHANNON W.",Lbt,1.37,0,-2.980690296062267,state: 0.75*latest + 0.25*prior presidential lean,
SEN_ND_2022,2022,senate,ND,,0,1,"CHRISTIANSEN, KATRINA",D,"HOEVEN, JOHN H.",59995.0,135474.0,44406.0,239875.0,30.69,1,R,R,"HOEVEN, JOHN H.",0,1,1,1,18.51,"BECKER, RICK",I,18.51,0,-19.85698398654496,state: 0.75*latest + 0.25*prior presidential lean,
SEN_NH_2022,2022,senate,NH,,0,1,"HASSEN, MARGARET WOOD (MAGGIE)",D,"BOLDUC, DONALD C. (DON)",332193.0,275928.0,12390.0,620511.0,54.63,1,D,D,"HASSEN, MARGARET WOOD (MAGGIE)",0,1,1,1,2.0,"KAUFFMAN, JEREMY",Lbt,2.0,0,0.8689009565489125,state: 0.75*latest + 0.25*prior presidential lean,
SEN_NV_2022,2022,senate,NV,,0,1,"CORTEZ MASTO, CATHERINE",D,"LAXALT, ADAM PAUL",498316.0,490388.0,32146.0,1020850.0,50.4,1,D,D,"CORTEZ MASTO, CATHERINE",0,1,1,4,3.15,[NONE OF THESE],NPA,1.22,0,-0.7508515852133968,state: 0.75*latest + 0.25*prior presidential lean,
SEN_NY_2022,2022,senate,NY,,0,1,"SCHUMER, CHARLES E. (CHUCK)",D,"PINION, JOE",3320561.0,2501151.0,26844.0,5848556.0,57.04,1,D,D,"SCHUMER, CHARLES E. (CHUCK)",0,1,1,1,0.46,"SARE, DIANE",Other,0.46,0,10.148885849460475,state: 0.75*latest + 0.25*prior presidential lean,
SEN_OH_2022,2022,senate,OH,,0,1,"RYAN, TIMOTHY J. (TIM)",D,"VANCE, J.D.",1939489.0,2192114.0,1739.0,4133342.0,46.94,1,R,,,1,1,1,5,0.04,"CHENG, JOHN",Other,0.02,0,-6.11606132530356,state: 0.75*latest + 0.25*prior presidential lean,
SEN_OK_2022_S,2022,senate,OK,,1,1,"HORN, KENDRA S.",D,"MULLIN, MARKWAYNE",405389.0,710643.0,34449.0,1150481.0,36.32,1,R,,,1,1,1,2,2.99,"MURPHY, ROBERT T.",Lbt,1.51,0,-19.522830877504465,state: 0.75*latest + 0.25*prior presidential lean,
SEN_OK_2022,2022,senate,OK,,0,1,"HORN, MADISON",D,"LANKFORD, JAMES PAUL",369370.0,739960.0,41402.0,1150732.0,33.3,1,R,R,"LANKFORD, JAMES PAUL",0,1,1,2,3.6,"DELANEY, MICHAEL L.",I,1.82,0,-19.522830877504465,state: 0.75*latest + 0.25*prior presidential lean,
SEN_OR_2022,2022,senate,OR,,0,1,"WYDEN, RON",D,"PERKINS, JO RAE",1076424.0,788991.0,60337.0,1925752.0,57.7,1,D,D,"WYDEN, RON",0,1,1,2,3.13,"HENRY, CHRIS",Other,1.92,0,5.777710530102342,state: 0.75*latest + 0.25*prior presidential lean,
SEN_PA_2022,2022,senate,PA,,0,1,"FETTERMAN, JOHN KART",D,"OZ, MEHMET C.",2751012.0,2487260.0,129749.0,5368021.0,52.52,1,D,,,1,1,1,3,2.42,"GERHARDT, ERIK",Lbt,1.36,0,-1.6435969526032947,state: 0.75*latest + 0.25*prior presidential lean,
SEN_SC_2022,2022,senate,SC,,0,1,"MATTHEWS, KRYSTLE",D,"SCOTT, TIMOTHY E. (TIM)",627616.0,1066274.0,0.0,1693890.0,37.05,1,R,R,"SCOTT, TIMOTHY E. (TIM)",0,1,1,0,0.0,,,,0,-8.301637597560124,state: 0.75*latest + 0.25*prior presidential lean,
SEN_SD_2022,2022,senate,SD,,0,1,"BENGS, BRIAN L.",D,"THUNE, JOHN R.",91007.0,242316.0,14697.0,348020.0,27.3,1,R,R,"THUNE, JOHN R.",0,1,1,1,4.22,"LESNAR, TAMARA J.",Lbt,4.22,0,-16.060666361361484,state: 0.75*latest + 0.25*prior presidential lean,
SEN_UT_2022,2022,senate,UT,,0,1,"MCMULLIN, EVAN",I,"LEE, MICHAEL (MIKE)",459958.0,571974.0,44136.0,1076068.0,44.57,1,R,R,"LEE, MICHAEL (MIKE)",0,0,1,5,4.1,"HANSEN, JAMES ARTHUR",Lbt,2.95,0,-13.107545372984095,state: 0.75*latest + 0.25*prior presidential lean,
SEN_VT_2022,2022,senate,VT,,0,1,"WELCH, PETER F.",D,"MALLOY, GERALD",196575.0,80468.0,9445.0,286488.0,70.95,1,D,,,1,1,1,6,3.3,"ELLIS, DAWN MARIE",I,0.96,0,15.52937955031746,state: 0.75*latest + 0.25*prior presidential lean,
SEN_WA_2022,2022,senate,WA,,0,1,"MURRAY, PATTY",D,"SMILEY, TIFFANY",1741827.0,1299322.0,0.0,3041149.0,57.28,1,D,D,"MURRAY, PATTY",0,1,1,0,0.0,,,,0,7.649243243366667,state: 0.75*latest + 0.25*prior presidential lean,
SEN_WI_2022,2022,senate,WI,,0,1,"BARNES, MANDELA",D,"JOHNSON, RON",1310467.0,1337185.0,67.0,2647719.0,49.5,1,R,R,"JOHNSON, RON",0,1,1,1,0.0,"PAUL, ADAM",Other,0.0,0,-1.8543167548494817,state: 0.75*latest + 0.25*prior presidential lean,
SEN_AZ_2024,2024,senate,AZ,,0,0,"GALLEGO, RUBEN",D,"LAKE, KARI",1676335.0,1595761.0,76718.0,3348814.0,51.23,1,D,,,1,1,1,8,2.29,"QUINTANA, EDUARDO",Grn,2.27,0,-2.34627329742974,state: 0.75*latest + 0.25*prior presidential lean,
SEN_CA_2024,2024,senate,CA,,0,0,"SCHIFF, ADAM B.",D,"GARVEY, STEVE",9036252.0,6312594.0,0.0,15348846.0,58.87,1,D,,,1,1,1,0,0.0,,,,0,13.2221217109406,state: 0.75*latest + 0.25*prior presidential lean,
SEN_CA_2024_S,2024,senate,CA,,1,0,"SCHIFF, ADAM B.",D,"GARVEY, STEVE",8837051.0,6204637.0,0.0,15041688.0,58.75,1,D,,,1,1,1,0,0.0,,,,0,13.2221217109406,state: 0.75*latest + 0.25*prior presidential lean,
SEN_CT_2024,2024,senate,CT,,0,0,"MURPHY, CHRISTOPHER SCOTT (CHRIS)",D,"COREY, MATTHEW MCKINNON",1000695.0,678256.0,29308.0,1708259.0,59.6,1,D,D,"MURPHY, CHRISTOPHER SCOTT (CHRIS)",0,1,1,3,1.72,"HYDE, ROBERT FINLEY",Other,0.87,0,7.440056750131745,state: 0.75*latest + 0.25*prior presidential lean,
SEN_DE_2024,2024,senate,DE,,0,0,"BLUNT ROCHESTER, LISA LATRELLE",D,"HANSEN, ERIC",283298.0,197753.0,19555.0,500606.0,58.89,1,D,,,1,1,1,1,3.91,"KATZ, MICHAEL (DR. MIKE)",I,3.91,0,6.728096539416109,state: 0.75*latest + 0.25*prior presidential lean,
SEN_FL_2024,2024,senate,FL,,0,0,"MUCARSEL-POWELL, DEBBIE",D,"SCOTT, RICHARD (RICK)",4603077.0,5977706.0,176645.0,10757428.0,43.5,1,R,R,"SCOTT, RICHARD (RICK)",0,1,1,4,1.64,"EVERIDGE, BEN",Other,0.58,0,-3.4173918100425844,state: 0.75*latest + 0.25*prior presidential lean,
SEN_HI_2024,2024,senate,HI,,0,0,"HIRONO, MAZIE K.",D,"MCDERMOTT, ROBERT (BOB)",324194.0,160075.0,17494.0,501763.0,66.95,1,D,D,"HIRONO, MAZIE K.",0,1,1,2,3.49,"BILLIONAIRE, SHELBY PIKACHU",Other,1.84,0,13.64321590227748,state: 0.75*latest + 0.25*prior presidential lean,
SEN_IN_2024,2024,senate,IN,,0,0,"MCCRAY, VALERIE",D,"BANKS, JAMES E. (JIM)",1097061.0,1659416.0,73420.0,2829897.0,39.8,1,R,,,1,1,1,3,2.59,"HORNING, ANDREW MICHAEL (ANDY)",Lbt,2.59,0,-10.667230331951789,state: 0.75*latest + 0.25*prior presidential lean,
SEN_MA_2024,2024,senate,MA,,0,0,"WARREN, ELIZABETH A.",D,"DEATON, JOHN",2041668.0,1365440.0,0.0,3407108.0,59.92,1,D,D,"WARREN, ELIZABETH A.",0,1,1,0,0.0,,,,0,14.507864882275936,state: 0.75*latest + 0.25*prior presidential lean,
SEN_MD_2024,2024,senate,MD,,0,0,"ALSOBROOKS, ANGELA",D,"HOGAN, LAWRENCE JOSEPH (LARRY), JR.",1650912.0,1294344.0,70367.0,3015623.0,56.05,1,D,,,1,1,1,6,2.33,"SCOTT, MIKE",Lbt,2.3,0,14.282917217217998,state: 0.75*latest + 0.25*prior presidential lean,
SEN_ME_2024,2024,senate,ME,,0,0,"COSTELLO, DAVID ALLEN",D,"KOUZOUNAS, DEMI",88891.0,284338.0,447553.0,820782.0,23.82,1,I,I,"KING, ANGUS S., JR.",0,1,1,2,54.53,"KING, ANGUS S., JR.",I,52.06,0,1.9103842735510663,state: 0.75*latest + 0.25*prior presidential lean,
SEN_MI_2024,2024,senate,MI,,0,0,"SLOTKIN, ELISSA",D,"ROGERS, MICHAEL J. (MIKE)",2712686.0,2693680.0,170821.0,5577187.0,50.18,1,D,,,1,1,1,7,3.06,"SOLIS-MULLEN, JOSEPH",Lbt,1.02,0,-0.9608644911758348,state: 0.75*latest + 0.25*prior presidential lean,
SEN_MN_2024,2024,senate,MN,,0,0,"KLOBUCHAR, AMY J.",D,"WHITE, ROYCE",1792441.0,1291712.0,101592.0,3185745.0,58.12,1,D,D,"KLOBUCHAR, AMY J.",0,1,1,2,3.19,"WHITING, REBECCA",Lbt,1.73,0,0.9459417179775776,state: 0.75*latest + 0.25*prior presidential lean,
SEN_MO_2024,2024,senate,MO,,0,0,"KUNCE, LUCAS",D,"HAWLEY, JOSH",1243728.0,1651907.0,76924.0,2972559.0,42.95,1,R,R,"HAWLEY, JOSH",0,1,1,4,2.59,"YOUNG, W.C.",Lbt,1.2,0,-10.323122677435151,state: 0.75*latest + 0.25*prior presidential lean,
SEN_MS_2024,2024,senate,MS,,0,0,"PINKINS, TY",D,"WICKER, ROGER F.",451981.0,763420.0,0.0,1215401.0,37.19,1,R,R,"WICKER, ROGER F.",0,1,1,0,0.0,,,,0,-10.552818146799204,state: 0.75*latest + 0.25*prior presidential lean,
SEN_MT_2024,2024,senate,MT,,0,0,"TESTER, JON",D,"SHEEHY, TIM",276305.0,319682.0,11275.0,607262.0,46.36,1,R,D,"TESTER, JON",0,1,1,2,1.86,"DAOUD, SID",Lbt,1.2,0,-11.066918093534737,state: 0.75*latest + 0.25*prior presidential lean,
SEN_ND_2024,2024,senate,ND,,0,0,"CHRISTIANSEN, KATRINA",D,"CRAMER, KEVIN J.",121602.0,241569.0,0.0,363171.0,33.48,1,R,R,"CRAMER, KEVIN J.",0,1,1,0,0.0,,,,0,-19.85698398654496,state: 0.75*latest + 0.25*prior presidential lean,
SEN_NE_2024,2024,senate,NE,,0,0,"OSBORN, DAN",I,"FISCHER, DEBRA S. (DEB)",436493.0,499124.0,0.0,935617.0,46.65,1,R,R,"FISCHER, DEBRA S. (DEB)",0,0,1,0,0.0,,,,0,-12.716574658488234,state: 0.75*latest + 0.25*prior presidential lean,
SEN_NE_2024_S,2024,senate,NE,,1,0,"LOVE, PRESTON, JR.",D,"RICKETTS, PETE",349902.0,585103.0,0.0,935005.0,37.42,1,R,R,"RICKETTS, PETE",0,1,1,0,0.0,,,,0,-12.716574658488234,state: 0.75*latest + 0.25*prior presidential lean,
SEN_NJ_2024,2024,senate,NJ,,0,0,"KIM, ANDY",D,"BASHAW, CURTIS",2161491.0,1773589.0,96715.0,4031795.0,54.93,1,D,,,1,1,1,4,2.4,"KHALIL, CHRISTINA",Grn,1.13,0,5.882893280578907,state: 0.75*latest + 0.25*prior presidential lean,
SEN_NM_2024,2024,senate,NM,,0,0,"HEINRICH, MARTIN TREVOR",D,"DOMENICI, NELLA",497333.0,405978.0,0.0,903311.0,55.06,1,D,D,"HEINRICH, MARTIN TREVOR",0,1,1,0,0.0,,,,0,3.3099494021282903,state: 0.75*latest + 0.25*prior presidential lean,
SEN_NV_2024,2024,senate,NV,,0,0,"ROSEN, JACKLYN S. (JACKY)",D,"BROWN, SAM",701105.0,677046.0,86577.0,1464728.0,50.87,1,D,D,"ROSEN, JACKLYN S. (JACKY)",0,1,1,3,5.91,[NONE OF THESE],NPA,3.03,0,-0.7508515852133968,state: 0.75*latest + 0.25*prior presidential lean,
SEN_NY_2024,2024,senate,NY,,0,0,"GILLIBRAND, KIRSTEN ELIZABETH",D,"SAPRAICONE, MICHAEL D.",4711298.0,3246114.0,39413.0,7996825.0,59.21,1,D,D,"GILLIBRAND, KIRSTEN ELIZABETH",0,1,1,1,0.49,"SARE, DIANE",Other,0.49,0,10.148885849460475,state: 0.75*latest + 0.25*prior presidential lean,
SEN_OH_2024,2024,senate,OH,,0,0,"BROWN, SHERROD C.",D,"MORENO, BERNIE",2650949.0,2857383.0,195648.0,5703980.0,48.13,1,R,D,"BROWN, SHERROD C.",0,1,1,1,3.43,"KISSICK, DONALD CHARLES (DON)",Lbt,3.43,0,-6.11606132530356,state: 0.75*latest + 0.25*prior presidential lean,
SEN_PA_2024,2024,senate,PA,,0,0,"CASEY, ROBERT P. (BOB), JR.",D,"MCCORMICK, DAVID H. (DAVE)",3384180.0,3399295.0,179662.0,6963137.0,49.89,1,R,D,"CASEY, ROBERT P. (BOB), JR.",0,1,1,3,2.58,"THOMAS, JOHN C.",Lbt,1.29,0,-1.6435969526032947,state: 0.75*latest + 0.25*prior presidential lean,
SEN_RI_2024,2024,senate,RI,,0,0,"WHITEHOUSE, SHELDON, II",D,"MORGAN, PATRICIA L.",294665.0,196039.0,0.0,490704.0,60.05,1,D,D,"WHITEHOUSE, SHELDON, II",0,1,1,0,0.0,,,,0,8.035578990891851,state: 0.75*latest + 0.25*prior presidential lean,
SEN_TN_2024,2024,senate,TN,,0,0,"JOHNSON, GLORIA",D,"BLACKBURN, MARSHA W.",1027461.0,1918743.0,61404.0,3007608.0,34.87,1,R,R,"BLACKBURN, MARSHA W.",0,1,1,3,2.04,"CHANDLER, WILLIAM (THARON)",I,0.95,0,-14.268530485607812,state: 0.75*latest + 0.25*prior presidential lean,
SEN_TX_2024,2024,senate,TX,,0,0,"ALLRED, COLIN Z.",D,"CRUZ, RAFAEL EDWARD (TED)",5031249.0,5990741.0,269864.0,11291854.0,45.65,1,R,R,"CRUZ, RAFAEL EDWARD (TED)",0,1,1,3,2.39,"BROWN, TED",Lbt,2.36,0,-5.292964267320192,state: 0.75*latest + 0.25*prior presidential lean,
SEN_UT_2024,2024,senate,UT,,0,0,"GLEICH, CAROLINE",D,"CURTIS, JOHN R.",464515.0,914700.0,84294.0,1463509.0,33.68,1,R,,,1,1,1,2,5.76,"BOWEN, CARLTON EDWARD",Other,5.74,0,-13.107545372984095,state: 0.75*latest + 0.25*prior presidential lean,
SEN_VA_2024,2024,senate,VA,,0,0,"KAINE, TIMOTHY MICHAEL (TIM)",D,"CAO, HUNG",2417115.0,2019911.0,0.0,4437026.0,54.48,1,D,D,"KAINE, TIMOTHY MICHAEL (TIM)",0,1,1,0,0.0,,,,0,2.580992373596056,state: 0.75*latest + 0.25*prior presidential lean,
SEN_VT_2024,2024,senate,VT,,0,0,"SANDERS, BERNARD (BERNIE)",I,"MALLOY, GERALD",229429.0,116512.0,16914.0,362855.0,66.32,1,I,I,"SANDERS, BERNARD (BERNIE)",0,0,1,4,4.66,"BERRY, STEVE",I,2.19,0,15.52937955031746,state: 0.75*latest + 0.25*prior presidential lean,
SEN_WA_2024,2024,senate,WA,,0,0,"CANTWELL, MARIA",D,"GARCIA, RAUL",2252577.0,1549187.0,0.0,3801764.0,59.25,1,D,D,"CANTWELL, MARIA",0,1,1,0,0.0,,,,0,7.649243243366667,state: 0.75*latest + 0.25*prior presidential lean,
SEN_WI_2024,2024,senate,WI,,0,0,"BALDWIN, TAMMY",D,"HOVDE, ERIC D.",1672777.0,1643996.0,71092.0,3387865.0,50.43,1,D,D,"BALDWIN, TAMMY",0,1,1,3,2.1,"ANDERSON, PHILLIP N. (PHIL)",Other,1.25,0,-1.8543167548494817,state: 0.75*latest + 0.25*prior presidential lean,
SEN_WV_2024,2024,senate,WV,,0,0,"ELLIOTT, GLENN",D,"JUSTICE, JAMES (JIM), JR.",207548.0,514079.0,26090.0,747717.0,28.76,1,R,,,1,1,1,4,3.49,"MORAN, DAVID D. (DAVE)",Lbt,3.49,0,-22.38077924350801,state: 0.75*latest + 0.25*prior presidential lean,
SEN_WY_2024,2024,senate,WY,,0,0,"MORROW, SCOTT D.",D,"BARRASSO, JOHN ANTHONY, III",63727.0,198418.0,0.0,262145.0,24.31,1,R,R,"BARRASSO, JOHN ANTHONY, III",0,1,1,0,0.0,,,,0,-25.27827263421981,state: 0.75*latest + 0.25*prior presidential lean,
