cycle,chamber,state,district,candidate,candidate_wiki,party,match_tier,n_endorsements,n_cross_party,n_orgs,n_labor,n_newspaper,first_endorsement,last_endorsement,votes,share,won,margin_D,two_party_D,uncontested,votes_unreliable,nominee,same_party_general,race_endorsements,endorsement_share,n_matched_in_race,two_sided,endorsement_share_diff_D
2022,house,AZ,04,GREG STANTON,Greg Stanton,DEMOCRAT,exact,10,0,9,0,0,2021-02-21,2022-07-15,148941.0,56.098727674031444,True,12.212670740068258,56.10633537003413,False,False,True,False,12,83.33333333333333,2,True,66.66666666666666
2022,house,AZ,04,KELLY COOPER,Kelly Cooper,REPUBLICAN,exact,2,0,1,0,0,2022-07-28,2022-07-28,116521.0,43.887712901792106,False,12.212670740068258,56.10633537003413,False,False,True,False,12,16.666666666666668,2,True,66.66666666666666
2024,house,FL,08,MIKE HARIDOPOLOS,Mike Haridopolos,REPUBLICAN,exact,14,0,0,0,0,2024-04-09,2024-08-06,280352.0,62.23848257734522,True,-24.47696515469044,37.76151742265478,False,False,True,False,14,100.0,1,False,
2022,senate,IN,,TODD YOUNG,Todd Young,REPUBLICAN,exact,11,0,10,0,1,2022-04-19,2022-10-31,1090165.0,58.615717065506864,True,-21.49555103823967,39.252224480880166,False,False,True,False,20,55.0,2,True,-10.0
2022,senate,IN,,"THOMAS M. MCDERMOTT, JR.",Thomas McDermott Jr.,DEMOCRAT,core,9,0,2,5,0,2022-10-26,2022-10-26,704411.0,37.87459317977623,False,-21.49555103823967,39.252224480880166,False,False,True,False,20,45.0,2,True,-10.0
2022,house,OR,03,EARL BLUMENAUER,Earl Blumenauer,DEMOCRAT,exact,4,0,2,2,0,2022-03-24,2022-05-16,212119.0,69.92918696881985,True,45.34422803501379,72.6721140175069,False,False,True,False,4,100.0,1,False,
2022,house,OR,04,VAL HOYLE,Val Hoyle,DEMOCRAT,exact,15,0,10,1,1,2021-12-01,2022-07-19,171372.0,50.540732635949944,True,7.97569204888053,53.987846024440266,False,False,True,False,15,100.0,1,False,
2022,house,NJ,06,"FRANK PALLONE, JR",Frank Pallone,DEMOCRAT,exact,5,0,3,2,0,2021-12-29,2022-10-17,106238.0,57.45110021144393,True,16.69568369426122,58.34784184713061,False,False,True,False,6,83.33333333333333,2,True,66.66666666666666
2022,house,NJ,06,SUSAN M KILEY,Sue Kiley,REPUBLICAN,core,1,0,0,0,0,2022-03-08,2022-03-08,75839.0,41.01201066412862,False,16.69568369426122,58.34784184713061,False,False,True,False,6,16.666666666666668,2,True,66.66666666666666
2022,house,GA,05,NIKEMA WILLIAMS,Nikema Williams,DEMOCRAT,exact,7,0,7,0,0,2021-07-20,2022-04-21,243687.0,82.47827087620492,True,64.95654175240983,82.47827087620492,False,False,True,False,7,100.0,1,False,
2024,house,TN,08,DAVID KUSTOFF,David Kustoff,REPUBLICAN,exact,3,0,2,0,0,2023-08-31,2024-05-28,240411.0,72.34431187277131,True,-47.73885095896809,26.130574520515957,False,False,True,False,3,100.0,1,False,
2022,house,MI,02,JOHN R MOOLENAAR,John Moolenaar,REPUBLICAN,core,1,0,0,0,1,2022-06-20,2022-06-20,216222.0,63.68442600015905,True,-29.9903208546505,35.00483957267475,False,False,True,False,1,100.0,1,False,
2024,house,IN,01,RANDY NIEMEYER,Randy Niemeyer,REPUBLICAN,exact,5,0,2,0,0,2023-10-01,2024-07-31,145056.0,44.9475246573687,False,8.632760461446887,54.316380230723446,False,False,True,False,17,29.41176470588235,2,True,41.176470588235304
2024,house,IN,01,FRANK J. MRVAN,Frank Mrvan,DEMOCRAT,core,12,0,9,3,0,2024-02-28,2024-08-19,172467.0,53.44118640443972,True,8.632760461446887,54.316380230723446,False,False,True,False,17,70.58823529411765,2,True,41.176470588235304
2022,house,AL,02,BARRY MOORE,Barry Moore,REPUBLICAN,exact,2,0,1,0,0,2021-09-16,2022-01-21,137460.0,69.08891692341716,True,-40.64274532674422,29.67862733662789,False,False,True,False,3,66.66666666666667,2,True,-33.333333333333336
2022,house,AL,02,PHYLLIS HARVEY-HALL,Phyllis Harvey-Hall,DEMOCRAT,exact,1,0,0,1,0,2022-08-10,2022-08-10,58014.0,29.15847829474118,False,-40.64274532674422,29.67862733662789,False,False,True,False,3,33.333333333333336,2,True,-33.333333333333336
2024,house,WA,01,SUZAN K. DELBENE,Suzan DelBene,DEMOCRAT,core,11,0,7,2,2,2023-12-18,2024-07-18,227213.0,62.99957300267844,True,26.316813573833013,63.15840678691651,False,False,True,False,11,100.0,1,False,
2024,house,WI,07,KYLE KILBOURN,Kyle Kilbourn,DEMOCRAT,exact,2,0,2,0,0,,,156524.0,36.368452358823745,False,-27.211173813061382,36.39441309346931,False,False,True,False,4,50.0,2,True,0.0
2024,house,WI,07,THOMAS P. TIFFANY,Tom Tiffany,REPUBLICAN,core,2,0,2,0,0,2024-02-14,2024-02-14,273553.0,63.560215993159595,True,-27.211173813061382,36.39441309346931,False,False,True,False,4,50.0,2,True,0.0
2024,house,LA,06,CLEO FIELDS,Cleo Fields,DEMOCRAT,exact,1,0,0,0,0,,,150323.0,50.77913610982559,True,14.724108982675723,57.36205449133786,False,False,True,False,3,33.333333333333336,3,True,0.0
2024,house,LA,06,ELBERT GUILLORY,Elbert Guillory,REPUBLICAN,exact,1,0,0,0,0,,,111737.0,37.74477845375347,False,14.724108982675723,57.36205449133786,False,False,True,False,3,33.333333333333336,3,True,0.0
2024,house,LA,06,QUENTIN ANTHONY ANDERSON,Quentin Anderson,DEMOCRAT,core,1,0,1,0,0,,,23811.0,8.043360030807376,False,14.724108982675723,57.36205449133786,False,False,False,False,3,33.333333333333336,3,True,0.0
2022,house,KY,01,JAMES COMER,James Comer,REPUBLICAN,exact,1,0,0,0,0,,,184157.0,74.90380626215132,True,-49.80761252430265,25.096193737848676,False,False,True,False,1,100.0,1,False,
2024,senate,VT,,BERNIE SANDERS,Bernie Sanders,OTHER,exact,6,0,3,2,0,2023-12-15,2023-12-15,229429.0,61.5280850664414,True,,,True,False,False,False,6,100.0,1,False,
2022,house,FL,06,MICHAEL WALTZ,Michael Waltz,REPUBLICAN,exact,4,0,1,0,0,2021-09-20,2022-02-14,226548.0,75.32642848830443,True,,,True,False,True,False,4,100.0,1,False,
2022,house,MN,08,PETE STAUBER,Pete Stauber,REPUBLICAN,exact,3,0,2,1,0,2022-03-10,2022-05-04,188755.0,57.18462190984004,True,-14.478839412428282,42.76058029378586,False,False,True,False,10,30.0,2,True,40.0
2022,house,MN,08,JEN SCHULTZ,Jennifer Schultz,DEMOCRAT,exact,7,0,5,0,0,2022-04-27,2022-06-14,141009.0,42.719643722733885,False,-14.478839412428282,42.76058029378586,False,False,True,False,10,70.0,2,True,40.0
2022,house,TX,08,MORGAN LUTTRELL,Morgan Luttrell,REPUBLICAN,exact,11,0,2,0,0,2021-11-03,2022-02-10,153127.0,68.06612495999431,True,-38.05050441305073,30.974747793474634,False,False,True,False,11,100.0,1,False,
2022,house,TN,01,DIANA HARSHBARGER,Diana Harshbarger,REPUBLICAN,exact,1,0,0,0,0,2021-09-20,2021-09-20,147241.0,78.31843108886561,True,-59.79271799880623,20.103641000596884,False,False,True,False,1,100.0,1,False,
2024,house,NE,03,ADRIAN SMITH,Adrian Smith,REPUBLICAN,exact,4,0,4,0,0,2024-02-18,2024-02-18,243481.0,80.41834011520372,True,-60.83668023040744,19.58165988479628,False,False,True,False,4,100.0,1,False,
2024,house,WA,07,PRAMILA JAYAPAL,Pramila Jayapal,DEMOCRAT,exact,23,0,14,7,2,2023-09-20,2024-06-10,352286.0,83.91378189172,True,68.35409767124008,84.17704883562004,False,False,True,False,23,100.0,1,False,
2022,house,MD,03,YURIPZY MORGAN,Yuripzy Morgan,REPUBLICAN,exact,2,0,1,0,0,2022-06-29,2022-06-29,115801.0,39.712004718760504,False,20.497742992980108,60.248871496490054,False,False,True,False,18,11.11111111111111,2,True,77.77777777777777
2022,house,MD,03,JOHN P SARBANES,John Sarbanes,DEMOCRAT,core,16,0,8,7,1,2021-03-19,2022-10-21,175514.0,60.18957345971564,True,20.497742992980108,60.248871496490054,False,False,True,False,18,88.88888888888889,2,True,77.77777777777777
2024,house,HI,02,JILL N. TOKUDA,Jill Tokuda,DEMOCRAT,core,6,0,4,2,0,,,166251.0,61.39163380156866,True,37.555539007620325,68.77776950381016,False,False,True,False,6,100.0,1,False,
2022,house,NV,03,SUSIE LEE,Susie Lee,DEMOCRAT,exact,19,0,13,5,1,2021-03-19,2022-10-12,131086.0,51.98339209022521,True,3.966784180450412,51.98339209022521,False,False,True,False,29,65.51724137931035,2,True,31.03448275862069
2022,house,NV,03,APRIL BECKER,April Becker,REPUBLICAN,exact,10,0,3,0,1,2021-11-10,2022-10-12,121083.0,48.01660790977479,False,3.966784180450412,51.98339209022521,False,False,True,False,29,34.48275862068966,2,True,31.03448275862069
2022,house,MD,04,GLENN F IVEY,Glenn Ivey,DEMOCRAT,core,26,0,10,4,4,2022-04-18,2022-10-27,144168.0,90.09993187883181,True,80.65146702253632,90.32573351126815,False,False,True,False,26,100.0,1,False,
2022,house,NV,04,STEVEN HORSFORD,Steven Horsford,DEMOCRAT,exact,14,0,9,4,1,2021-11-16,2021-11-16,116617.0,52.41519729242607,True,4.830394584852149,52.41519729242607,False,False,True,False,21,66.66666666666667,2,True,33.333333333333336
2022,house,NV,04,SAM PETERS,Sam Peters,REPUBLICAN,exact,7,0,2,0,0,2022-01-18,2022-07-26,105870.0,47.58480270757393,False,4.830394584852149,52.41519729242607,False,False,True,False,21,33.333333333333336,2,True,33.333333333333336
2022,house,OR,02,CLIFF BENTZ,Cliff Bentz,REPUBLICAN,exact,1,0,1,0,0,,,208369.0,67.50411434643445,True,-35.19437082118144,32.40281458940928,False,False,True,False,1,100.0,1,False,
2024,senate,RI,,SHELDON WHITEHOUSE,Sheldon Whitehouse,DEMOCRAT,exact,13,0,12,0,0,2023-09-20,2024-05-09,294665.0,59.897590802279915,True,20.09887834621279,60.04943917310639,False,False,True,False,13,100.0,1,False,
2024,house,NC,05,VIRGINIA FOXX,Virginia Foxx,REPUBLICAN,exact,9,0,7,0,1,2024-02-01,2024-08-22,238304.0,59.47281466655353,True,-18.94562933310706,40.52718533344647,False,False,True,False,9,100.0,1,False,
2022,house,TN,07,ODESSA KELLY,Odessa Kelly,DEMOCRAT,exact,5,0,1,2,0,2022-03-28,2022-03-28,68973.0,38.14414175266284,False,-22.237505214381546,38.88124739280923,False,False,True,False,6,83.33333333333333,2,True,66.66666666666666
2022,house,TN,07,MARK E GREEN,Mark Green,REPUBLICAN,core,1,0,0,0,0,,,108421.0,59.96007123027065,True,-22.237505214381546,38.88124739280923,False,False,True,False,6,16.666666666666668,2,True,66.66666666666666
2022,house,OH,05,ROBERT E LATTA,Bob Latta,REPUBLICAN,core,1,0,0,0,0,2022-04-29,2022-04-29,187303.0,66.90898309262441,True,-33.81796618524882,33.09101690737559,False,False,True,False,1,100.0,1,False,
2022,house,NY,10,DANIEL GOLDMAN,Daniel Goldman,DEMOCRAT,exact,22,0,6,1,1,2021-05-13,2022-10-17,160582.0,79.44451865374435,True,69.35456654714196,84.67728327357098,False,False,True,False,22,100.0,1,False,
2022,house,NY,26,BRIAN HIGGINS,Brian Higgins,DEMOCRAT,exact,2,0,2,0,0,,,156883.0,62.42857142857143,True,27.951815090000082,63.97590754500004,False,False,True,False,2,100.0,1,False,
2022,house,TX,20,JOAQUIN CASTRO,Joaquin Castro,DEMOCRAT,exact,5,0,3,2,0,2021-06-29,2022-01-18,115352.0,68.4179621468692,True,36.85297013845223,68.42648506922612,False,False,True,False,5,100.0,1,False,
2024,house,AR,03,STEVE WOMACK,Steve Womack,REPUBLICAN,exact,10,0,6,0,0,2023-07-21,2024-03-07,192101.0,63.803124709383425,True,-33.517982436325596,33.2410087818372,False,False,True,False,13,76.92307692307692,2,True,-53.84615384615384
2024,house,AR,03,CAITLIN DRAPER,Caitlin Draper,DEMOCRAT,exact,3,0,1,1,0,,,95652.0,31.769207264417904,False,-33.517982436325596,33.2410087818372,False,False,True,False,13,23.076923076923077,2,True,-53.84615384615384
2024,house,AR,04,BRUCE WESTERMAN,Bruce Westerman,REPUBLICAN,exact,3,0,3,0,0,,,197046.0,72.9116790562917,True,-45.82335811258339,27.088320943708304,False,False,True,False,5,60.0,2,True,-20.0
2024,house,AR,04,RISIE HOWARD,Risie Howard,DEMOCRAT,exact,2,0,0,1,0,,,73207.0,27.088320943708304,False,-45.82335811258339,27.088320943708304,False,False,True,False,5,40.0,2,True,-20.0
2022,house,IN,01,JENNIFER-RUTH GREEN,Jennifer-Ruth Green,REPUBLICAN,exact,20,0,9,0,0,2022-03-02,2022-08-22,100542.0,47.156988278996465,False,5.682042045422565,52.84102102271128,False,False,True,False,24,83.33333333333333,2,True,-66.66666666666666
2022,house,IN,01,FRANK J MRVAN,Frank Mrvan,DEMOCRAT,core,4,0,2,2,0,2022-04-26,2022-07-09,112656.0,52.83879047123218,True,5.682042045422565,52.84102102271128,False,False,True,False,24,16.666666666666668,2,True,-66.66666666666666
2024,house,WI,06,GLENN GROTHMAN,Glenn Grothman,REPUBLICAN,exact,1,0,1,0,0,,,251889.0,61.23486382609414,True,-22.594304153252004,38.702847923373994,False,False,True,False,2,50.0,2,True,0.0
2024,house,WI,06,JOHN ZARBANO,John Zarbano,DEMOCRAT,exact,1,0,0,1,0,,,159042.0,38.6635192986977,False,-22.594304153252004,38.702847923373994,False,False,True,False,2,50.0,2,True,0.0
2024,house,NJ,09,NELLIE POU,Nellie Pou,DEMOCRAT,exact,15,0,3,0,0,2023-09-25,2024-08-28,130514.0,50.78108889433609,True,5.061319444723952,52.530659722361975,False,False,True,False,17,88.23529411764706,2,True,76.47058823529412
2024,house,NJ,09,BILLY PREMPEH,Billy Prempeh,REPUBLICAN,exact,2,0,0,0,0,2024-03-19,2024-03-19,117939.0,45.888340278507314,False,5.061319444723952,52.530659722361975,False,False,True,False,17,11.764705882352942,2,True,76.47058823529412
2024,house,AL,07,ROBIN LITAKER,Robin Litaker,REPUBLICAN,exact,1,0,1,0,0,,,106312.0,36.25673555691972,False,27.44074939853601,63.72037469926801,False,False,True,False,6,16.666666666666668,2,True,66.66666666666666
2024,house,AL,07,TERRI A. SEWELL,Terri Sewell,DEMOCRAT,core,5,0,4,1,0,,,186723.0,63.68017188459177,True,27.44074939853601,63.72037469926801,False,False,True,False,6,83.33333333333333,2,True,66.66666666666666
2024,house,IL,16,DARIN LAHOOD,Darin LaHood,REPUBLICAN,exact,1,0,0,1,0,,,310925.0,99.9411779832084,True,,,True,False,True,False,1,100.0,1,False,
2024,house,MA,05,KATHERINE M. CLARK,Katherine Clark,DEMOCRAT,core,12,0,12,0,0,2023-09-20,2024-08-19,286689.0,75.50388331871657,True,,,True,False,True,False,12,100.0,1,False,
2022,house,LA,06,GARRET GRAVES,Garret Graves,REPUBLICAN,exact,1,0,1,0,0,2022-05-04,2022-05-04,189684.0,80.39910481163744,True,,,True,False,True,False,1,100.0,1,False,
2022,senate,GA,,RAPHAEL WARNOCK,Raphael Warnock,DEMOCRAT,exact,90,0,35,4,0,2020-10-20,2022-11-30,1946117.0,49.44498420193073,True,0.9774140180497951,50.4887070090249,False,False,True,False,159,56.60377358490566,2,True,13.20754716981132
2022,senate,GA,,HERSCHEL JUNIOR WALKER,Herschel Walker,REPUBLICAN,core,69,1,7,0,0,2021-01-26,2022-11-09,1908442.0,48.48777567859542,False,0.9774140180497951,50.4887070090249,False,False,True,False,159,43.39622641509434,2,True,13.20754716981132
2024,house,OK,01,DENNIS BAKER,Dennis Baker,DEMOCRAT,exact,1,0,0,0,1,2024-06-03,2024-06-03,107903.0,34.52884950768158,False,-27.273156183126357,36.36342190843682,False,False,True,False,7,14.285714285714286,3,True,-57.142857142857146
2024,house,OK,01,KEVIN HERN,Kevin Hern,REPUBLICAN,exact,5,0,4,0,1,2024-03-07,2024-06-06,188832.0,60.42604663665076,True,-27.273156183126357,36.36342190843682,False,False,True,False,7,71.42857142857143,3,True,-57.142857142857146
2024,house,OK,01,MARK DAVID GARCIA SANDERS,Mark Sanders,OTHER,core,1,0,0,0,0,,,15766.0,5.045103855667662,False,-27.273156183126357,36.36342190843682,False,False,False,False,7,14.285714285714286,3,True,-57.142857142857146
2024,house,NE,02,DON BACON,Don Bacon,REPUBLICAN,exact,21,0,9,2,0,2023-11-27,2024-10-28,160198.0,50.92651168113629,True,-1.8530233622725842,49.07348831886371,False,False,True,False,37,56.75675675675676,2,True,-13.513513513513516
2024,house,NE,02,TONY VARGAS,Tony Vargas,DEMOCRAT,exact,16,0,14,1,0,2023-03-28,2024-09-26,154369.0,49.07348831886371,False,-1.8530233622725842,49.07348831886371,False,False,True,False,37,43.24324324324324,2,True,-13.513513513513516
2024,house,NY,05,PAUL KING,Paul King,REPUBLICAN,exact,5,0,1,0,0,2024-02-29,2024-04-30,56689.0,24.46275071633238,False,49.63529589452455,74.81764794726227,False,False,True,False,15,33.333333333333336,2,True,33.333333333333336
2024,house,NY,05,GREGORY W. MEEKS,Gregory Meeks,DEMOCRAT,core,10,0,7,3,0,2023-12-18,2024-01-09,168425.0,72.67968723029655,True,49.63529589452455,74.81764794726227,False,False,True,False,15,66.66666666666667,2,True,33.333333333333336
2022,house,MI,10,JOHN JAMES,John James,REPUBLICAN,exact,6,0,3,0,0,2021-12-28,2022-07-13,159202.0,48.79949239356664,True,-0.5050441282307041,49.747477935884646,False,False,True,False,19,31.57894736842105,2,True,36.84210526315789
2022,house,MI,10,CARL J MARLINGA,Carl Marlinga,DEMOCRAT,core,13,0,9,0,2,2022-01-07,2022-09-22,157602.0,48.30905139515138,False,-0.5050441282307041,49.747477935884646,False,False,True,False,19,68.42105263157895,2,True,36.84210526315789
2024,house,OR,06,ANDREA SALINAS,Andrea Salinas,DEMOCRAT,exact,22,0,13,5,3,2023-03-15,2024-02-29,180869.0,53.34345921873387,True,6.864045518060402,53.432022759030204,False,False,True,False,23,95.65217391304348,2,True,91.30434782608697
2024,house,OR,06,MIKE ERICKSON,Mike Erickson,REPUBLICAN,exact,1,0,0,0,1,,,157634.0,46.490790851311694,False,6.864045518060402,53.432022759030204,False,False,True,False,23,4.3478260869565215,2,True,91.30434782608697
2024,house,GA,07,RICHARD MCCORMICK,Rich McCormick,REPUBLICAN,exact,3,0,3,0,0,,,275907.0,64.85184819552371,True,-29.70369639104743,35.148151804476285,False,False,True,False,3,100.0,1,False,
2022,house,MD,02,NICOLEE AMBROSE,Nicolee Ambrose,REPUBLICAN,exact,10,0,3,0,0,2021-01-16,2022-10-25,109075.0,40.63382432925784,False,18.622912415647978,59.31145620782399,False,False,True,False,28,35.714285714285715,2,True,28.571428571428577
2022,house,MD,02,C A DUTCH RUPPERSBERGER,Dutch Ruppersberger,DEMOCRAT,middle_name,18,0,9,8,1,2021-03-19,2022-10-23,158998.0,59.231691961524994,True,18.622912415647978,59.31145620782399,False,False,True,False,28,64.28571428571429,2,True,28.571428571428577
2022,house,FL,15,LAUREL LEE,Laurel Lee,REPUBLICAN,exact,14,0,2,0,1,2022-05-26,2022-10-20,145219.0,58.543301055415355,True,-17.086602110830707,41.456698944584645,False,False,True,False,26,53.84615384615385,2,True,-7.692307692307693
2022,house,FL,15,ALAN M COHN,Alan Cohn,DEMOCRAT,core,12,0,0,3,1,2021-11-15,2022-07-05,102835.0,41.456698944584645,False,-17.086602110830707,41.456698944584645,False,False,True,False,26,46.15384615384615,2,True,-7.692307692307693
2024,house,AZ,07,RAúL M. GRIJALVA,Raúl Grijalva,DEMOCRAT,core,10,0,8,2,0,,,171954.0,63.44908509248702,True,26.89817018497404,63.44908509248702,False,False,True,False,10,100.0,1,False,
2024,house,WA,06,EMILY RANDALL,Emily Randall,DEMOCRAT,exact,29,0,10,2,1,2023-06-19,2024-09-26,239687.0,56.71427422140825,True,13.631008678049348,56.81550433902467,False,False,True,False,33,87.87878787878788,2,True,75.75757575757575
2024,house,WA,06,DREW C. MACEWEN,Drew MacEwen,REPUBLICAN,core,4,0,4,0,0,,,182182.0,43.10755237540876,False,13.631008678049348,56.81550433902467,False,False,True,False,33,12.121212121212121,2,True,75.75757575757575
2022,house,IN,07,ANDRÉ CARSON,André Carson,DEMOCRAT,exact,3,0,2,1,0,2021-03-19,2021-03-19,117309.0,66.96483616851239,True,37.25166725166725,68.62583362583362,False,False,True,False,3,100.0,1,False,
2022,house,WA,07,PRAMILA JAYAPAL,Pramila Jayapal,DEMOCRAT,exact,14,0,10,2,2,2021-07-13,2022-07-15,295998.0,85.3888826385343,True,71.49114294404774,85.74557147202387,False,False,True,False,15,93.33333333333333,2,True,86.66666666666666
2022,house,WA,07,CLIFF MOON,Cliff Moon,REPUBLICAN,exact,1,0,1,0,0,2021-08-30,2021-08-30,49207.0,14.195132223847315,False,71.49114294404774,85.74557147202387,False,False,True,False,15,6.666666666666667,2,True,86.66666666666666
2022,house,HI,02,JILL N TOKUDA,Jill Tokuda,DEMOCRAT,core,25,0,6,7,1,2022-04-28,2022-11-09,128407.0,59.177823351844594,True,27.58978741162852,63.79489370581426,False,False,True,False,25,100.0,1,False,
2024,house,AR,02,MARCUS A. JONES,Marcus Jones,DEMOCRAT,core,2,0,0,1,0,,,125777.0,41.06521355856944,False,-17.869572882861117,41.06521355856944,False,False,True,False,5,40.0,2,True,-20.0
2024,house,AR,02,J. FRENCH HILL,French Hill,REPUBLICAN,middle_name,3,0,3,0,0,2024-03-07,2024-03-07,180509.0,58.93478644143056,True,-17.869572882861117,41.06521355856944,False,False,True,False,5,60.0,2,True,-20.0
2024,house,MS,03,MICHAEL GUEST,Michael Guest,REPUBLICAN,exact,1,0,1,0,0,,,265159.0,100.0,True,,,True,False,True,False,1,100.0,1,False,
2024,house,NJ,11,MIKIE SHERRILL,Mikie Sherrill,DEMOCRAT,exact,13,0,10,1,0,2024-08-19,2024-08-19,222583.0,56.52887230762588,True,14.988673318885464,57.49433665944273,False,False,True,False,15,86.66666666666667,2,True,73.33333333333334
2024,house,NJ,11,JOSEPH BELNOME,Joseph Belnome,REPUBLICAN,exact,2,0,0,0,0,2024-02-20,2024-02-20,164556.0,41.791893861856856,False,14.988673318885464,57.49433665944273,False,False,True,False,15,13.333333333333334,2,True,73.33333333333334
2024,house,IN,08,MARK MESSMER,Mark Messmer,REPUBLICAN,exact,5,0,5,0,0,2024-04-10,2024-04-10,219941.0,67.96000407869407,True,-39.53345260299697,30.233273698501517,False,False,True,False,5,100.0,1,False,
2024,house,MS,04,MIKE EZELL,Mike Ezell,REPUBLICAN,exact,2,0,1,0,0,2024-03-03,2024-03-03,215095.0,73.94986007302332,True,-47.89972014604663,26.050139926976684,False,False,True,False,2,100.0,1,False,
2024,house,VA,09,KAREN G. H. BAKER,Karen Baker,DEMOCRAT,core,1,0,1,0,0,2024-06-05,2024-06-05,109570.0,27.326710943403757,False,-45.24443111827393,27.377784440863035,False,False,True,False,2,50.0,2,True,0.0
2024,house,VA,09,H. MORGAN GRIFFITH,Morgan Griffith,REPUBLICAN,middle_name,1,0,1,0,0,,,290645.0,72.48673817783686,True,-45.24443111827393,27.377784440863035,False,False,True,False,2,50.0,2,True,0.0
2022,senate,SD,,JOHN R THUNE,John Thune,REPUBLICAN,core,7,0,7,0,0,2022-05-04,2022-08-11,242316.0,69.627032929142,True,-45.394107217323736,27.302946391338132,False,False,True,False,8,87.5,2,True,-75.0
2022,senate,SD,,BRIAN L BENGS,Brian Bengs,DEMOCRAT,core,1,0,1,0,0,2022-05-31,2022-05-31,91007.0,26.149933911844148,False,-45.394107217323736,27.302946391338132,False,False,True,False,8,12.5,2,True,-75.0
2024,house,FL,13,ANNA PAULINA LUNA,Anna Paulina Luna,REPUBLICAN,exact,4,0,3,0,0,2024-05-28,2024-05-28,225636.0,54.820174298396715,True,-9.64754134209337,45.17622932895331,False,False,True,False,33,12.121212121212121,2,True,75.75757575757575
2024,house,FL,13,WHITNEY FOX,Whitney Fox,DEMOCRAT,exact,29,0,4,1,1,2023-11-13,2024-08-16,185930.0,45.17326582327688,False,-9.64754134209337,45.17622932895331,False,False,True,False,33,87.87878787878788,2,True,75.75757575757575
2024,house,MN,03,KELLY MORRISON,Kelly Morrison,DEMOCRAT,exact,10,0,6,1,0,2024-02-06,2024-09-26,240209.0,58.42511066789901,True,16.99363913538998,58.49681956769499,False,False,True,False,11,90.9090909090909,2,True,81.81818181818181
2024,house,MN,03,TAD JUDE,Tad Jude,REPUBLICAN,exact,1,0,1,0,0,2024-04-28,2024-04-28,170427.0,41.45230335165637,False,16.99363913538998,58.49681956769499,False,False,True,False,11,9.090909090909092,2,True,81.81818181818181
2024,house,AL,06,GARY J. PALMER,Gary Palmer,REPUBLICAN,core,7,0,4,0,0,2023-11-27,2023-11-28,243741.0,70.31835557158313,True,-40.79105835463328,29.60447082268336,False,False,True,False,7,100.0,1,False,
2024,house,MN,04,BETTY MCCOLLUM,Betty McCollum,DEMOCRAT,exact,6,0,5,1,0,2024-05-12,2024-05-12,242802.0,67.25016133812316,True,34.7328117196604,67.3664058598302,False,False,True,False,6,100.0,1,False,
2024,house,PA,07,SUSAN WILD,Susan Wild,DEMOCRAT,exact,26,0,20,4,0,2023-03-15,2024-10-16,199626.0,49.49642214254898,False,-1.0071557149020367,49.49642214254898,False,False,True,False,31,83.87096774193549,2,True,67.74193548387098
2024,house,PA,07,RYAN E. MACKENZIE,Ryan Mackenzie,REPUBLICAN,core,5,0,4,0,0,2023-09-20,2024-07-02,203688.0,50.50357785745102,True,-1.0071557149020367,49.49642214254898,False,False,True,False,31,16.129032258064516,2,True,67.74193548387098
2022,house,IL,16,DARIN LAHOOD,Darin LaHood,REPUBLICAN,exact,1,0,0,0,0,2022-06-27,2022-06-27,197621.0,66.32779094198277,True,-32.65558188396555,33.67220905801722,False,False,True,False,2,50.0,2,True,0.0
2022,house,IL,16,"ELIZABETH ""LISA"" HADERLEIN",Elizabeth Haderlein,DEMOCRAT,exact,1,0,1,0,0,2022-06-14,2022-06-14,100325.0,33.67220905801722,False,-32.65558188396555,33.67220905801722,False,False,True,False,2,50.0,2,True,0.0
2022,house,MA,05,KATHERINE M CLARK,Katherine Clark,DEMOCRAT,core,7,0,6,0,0,2022-03-03,2022-09-08,203994.0,71.60674106030237,True,48.09808156523949,74.04904078261974,False,False,True,False,7,100.0,1,False,
2022,senate,OH,,JD VANCE,JD Vance,REPUBLICAN,exact,54,2,3,0,11,2021-01-27,2022-11-04,2192114.0,53.03490492681225,True,-6.114454849606799,46.9427725751966,False,False,True,False,123,43.90243902439025,2,True,12.195121951219505
2022,senate,OH,,TIM RYAN,Tim Ryan,DEMOCRAT,exact,69,5,9,9,5,2021-02-01,2022-11-06,1939489.0,46.9230225807591,False,-6.114454849606799,46.9427725751966,False,False,True,False,123,56.09756097560975,2,True,12.195121951219505
2024,house,OH,09,MARCY KAPTUR,Marcy Kaptur,DEMOCRAT,exact,12,0,8,2,0,2023-09-20,2024-03-21,181098.0,48.26770079558629,True,0.6620087044973236,50.33100435224866,False,False,True,False,19,63.1578947368421,2,True,26.315789473684205
2024,house,OH,09,DEREK MERRIN,Derek Merrin,REPUBLICAN,exact,7,0,3,0,0,2024-01-25,2024-03-21,178716.0,47.63283092791748,False,0.6620087044973236,50.33100435224866,False,False,True,False,19,36.8421052631579,2,True,26.315789473684205
2022,house,NE,02,DON BACON,Don Bacon,REPUBLICAN,exact,6,0,6,0,0,2022-03-16,2022-05-04,112663.0,51.33412311477651,True,-2.6682462295530143,48.66587688522349,False,False,True,False,23,26.08695652173913,2,True,47.82608695652175
2022,house,NE,02,TONY VARGAS,Tony Vargas,DEMOCRAT,exact,17,0,11,5,0,2021-09-23,2022-09-07,106807.0,48.66587688522349,False,-2.6682462295530143,48.66587688522349,False,False,True,False,23,73.91304347826087,2,True,47.82608695652175
2024,house,GA,06,LUCY MCBATH,Lucy McBath,DEMOCRAT,exact,19,0,16,2,0,2023-09-20,2024-03-07,277027.0,74.6832337653935,True,49.366467530786984,74.6832337653935,False,False,True,False,20,95.0,2,True,90.0
2024,house,GA,06,JEFF CRISWELL,Jeff Criswell,REPUBLICAN,exact,1,0,1,0,0,,,93909.0,25.316766234606508,False,49.366467530786984,74.6832337653935,False,False,True,False,20,5.0,2,True,90.0
2022,senate,NH,,MAGGIE HASSAN,Maggie Hassan,DEMOCRAT,exact,54,0,39,2,1,2021-04-23,2022-11-10,332490.0,53.54321832601956,True,9.349948447759575,54.67497422387979,False,False,True,False,73,73.97260273972603,2,True,47.945205479452056
2022,senate,NH,,DONALD C. BOLDUC,Don Bolduc,REPUBLICAN,surname_initial,19,2,1,0,0,2021-09-23,2022-11-04,275631.0,44.386811063247315,False,9.349948447759575,54.67497422387979,False,False,True,False,73,26.027397260273972,2,True,47.945205479452056
2022,house,NC,05,VIRGINIA FOXX,Virginia Foxx,REPUBLICAN,exact,3,0,2,0,0,2021-06-04,2021-06-04,175279.0,63.15267989681064,True,-26.305359793621285,36.84732010318936,False,False,True,False,4,75.0,2,True,-50.0
2022,house,NC,05,KYLE PARRISH,Kyle Parrish,DEMOCRAT,exact,1,0,0,1,0,2021-02-21,2021-02-21,102269.0,36.84732010318936,False,-26.305359793621285,36.84732010318936,False,False,True,False,4,25.0,2,True,-50.0
2024,house,MD,07,KWEISI MFUME,Kweisi Mfume,DEMOCRAT,exact,9,0,3,5,1,,,232849.0,80.25484512488927,True,64.76253148792844,82.38126574396422,False,False,True,False,9,100.0,1,False,
2024,house,AZ,06,JUAN CISCOMANI,Juan Ciscomani,REPUBLICAN,exact,8,0,8,0,0,2023-06-15,2024-08-27,215596.0,49.996753397337784,True,-2.574398743963651,48.71280062801817,False,False,True,False,33,24.242424242424242,2,True,51.51515151515151
2024,house,AZ,06,KIRSTEN ENGEL,Kirsten Engel,DEMOCRAT,exact,25,0,19,2,0,2023-03-28,2024-04-19,204774.0,47.48712953944622,False,-2.574398743963651,48.71280062801817,False,False,True,False,33,75.75757575757575,2,True,51.51515151515151
2024,house,OH,01,GREG LANDSMAN,Greg Landsman,DEMOCRAT,exact,21,0,18,2,0,2023-04-27,2024-08-19,213916.0,54.58307923523063,True,9.166158470461255,54.58307923523063,False,False,True,False,24,87.5,2,True,75.0
2024,house,OH,01,ORLANDO SONZA,Orlando Sonza,REPUBLICAN,exact,3,0,2,0,0,2023-09-20,2024-04-03,177993.0,45.41692076476937,False,9.166158470461255,54.58307923523063,False,False,True,False,24,12.5,2,True,75.0
2022,house,IN,06,GREG PENCE,Greg Pence,REPUBLICAN,exact,2,0,1,0,0,,,130686.0,67.52960873070006,True,-35.05921746140014,32.47039126929993,False,False,True,False,3,66.66666666666667,2,True,-33.333333333333336
2022,house,IN,06,"CYNTHIA ""CINDE"" WIRTH",Cinde Wirth,DEMOCRAT,nickname,1,0,0,1,0,,,62838.0,32.47039126929993,False,-35.05921746140014,32.47039126929993,False,False,True,False,3,33.333333333333336,2,True,-33.333333333333336
2022,house,WA,06,DEREK KILMER,Derek Kilmer,DEMOCRAT,exact,7,0,3,2,2,2022-02-10,2022-10-22,208710.0,59.9960330350444,True,20.133308774434187,60.06665438721709,False,False,True,False,7,100.0,1,False,
2022,house,GA,01,WADE HERRING,Wade Herring,DEMOCRAT,exact,4,0,0,0,0,2021-09-29,2021-09-29,107837.0,40.852764571060554,False,-18.294470857878885,40.852764571060554,False,False,True,False,4,100.0,1,False,
2024,house,TN,04,SCOTT DESJARLAIS,Scott DesJarlais,REPUBLICAN,exact,2,0,1,0,0,2023-08-31,2023-08-31,219133.0,69.95355221784169,True,-44.65895400458799,27.670522997706005,False,False,True,False,2,100.0,1,False,
2024,senate,VA,,HUNG CAO,Hung Cao,REPUBLICAN,exact,5,0,2,0,0,2023-03-14,2024-05-27,2019911.0,45.436848433315674,False,8.952032284687988,54.476016142343994,False,False,True,False,27,18.51851851851852,2,True,62.96296296296296
2024,senate,VA,,TIMOTHY M. KAINE,Tim Kaine,DEMOCRAT,core,22,2,16,1,1,2023-05-10,2024-10-16,2417115.0,54.3717460328172,True,8.952032284687988,54.476016142343994,False,False,True,False,27,81.48148148148148,2,True,62.96296296296296
2022,house,NJ,09,"BILL PASCRELL, JR",Bill Pascrell,DEMOCRAT,exact,5,0,3,2,0,2022-02-04,2022-02-22,82457.0,54.97719756774056,True,11.562554964754908,55.781277482377455,False,False,True,False,7,71.42857142857143,2,True,42.85714285714286
2022,house,NJ,09,BILLY PREMPEH,Billy Prempeh,REPUBLICAN,exact,2,0,1,0,0,2021-09-17,2022-03-12,65365.0,43.581315340302965,False,11.562554964754908,55.781277482377455,False,False,True,False,7,28.571428571428573,2,True,42.85714285714286
2024,house,NY,21,PAULA COLLINS,Paula Collins,DEMOCRAT,exact,3,0,2,0,0,,,132447.0,37.989616796695735,False,-23.97780985699239,38.0110950715038,False,False,True,False,9,33.333333333333336,2,True,-33.333333333333336
2024,house,NY,21,ELISE M. STEFANIK,Elise Stefanik,REPUBLICAN,core,6,0,6,0,0,,,215996.0,61.95387792565397,True,-23.97780985699239,38.0110950715038,False,False,True,False,9,66.66666666666667,2,True,-33.333333333333336
2024,house,MN,02,ANGIE CRAIG,Angie Craig,DEMOCRAT,exact,26,0,21,3,0,2023-03-15,2024-08-19,231751.0,55.53329707010704,True,13.778561118584488,56.889280559292246,False,False,True,False,28,92.85714285714286,2,True,85.71428571428572
2024,house,MN,02,JOE TEIRAB,Joe Teirab,REPUBLICAN,exact,2,0,1,0,0,2024-01-11,2024-04-03,175621.0,42.08315461313767,False,13.778561118584488,56.889280559292246,False,False,True,False,28,7.142857142857143,2,True,85.71428571428572
2024,house,FL,14,KATHY CASTOR,Kathy Castor,DEMOCRAT,exact,6,0,5,1,0,2023-09-20,2024-03-28,199423.0,56.94789896768851,True,15.585424237682066,57.79271211884103,False,False,True,False,7,85.71428571428571,2,True,71.42857142857142
2024,house,FL,14,"ROBERT ""ROCKY"" ROCHFORD",Robert Rochford,REPUBLICAN,exact,1,0,1,0,0,2024-07-11,2024-07-11,145643.0,41.59030226880078,False,15.585424237682066,57.79271211884103,False,False,True,False,7,14.285714285714286,2,True,71.42857142857142
2024,house,VA,11,GERALD E. CONNOLLY,Gerry Connolly,DEMOCRAT,surname_initial,5,0,5,0,0,,,273529.0,66.68413841525552,True,33.97415332169245,66.98707666084623,False,False,True,False,5,100.0,1,False,
2022,house,MS,04,MIKE EZELL,Mike Ezell,REPUBLICAN,exact,6,0,0,0,0,2021-06-17,2022-11-03,127813.0,73.34699124286976,True,-49.76126170989343,25.119369145053284,False,False,True,False,6,100.0,1,False,
2024,senate,OH,,SHERROD BROWN,Sherrod Brown,DEMOCRAT,exact,30,1,17,7,0,2023-01-01,2024-10-20,2650949.0,46.470211863366885,False,-3.747668078104225,48.12616596094789,False,False,True,False,81,37.03703703703704,2,True,-25.925925925925924
2024,senate,OH,,BERNIE MORENO,Bernie Moreno,REPUBLICAN,exact,51,0,9,0,0,2023-01-17,2024-10-15,2857383.0,50.08892792157935,True,-3.747668078104225,48.12616596094789,False,False,True,False,81,62.96296296296296,2,True,-25.925925925925924
2022,house,NY,05,PAUL KING,Paul King,REPUBLICAN,exact,3,0,0,0,0,2022-06-10,2022-07-22,34407.0,23.841431303528367,False,50.423261745063144,75.21163087253157,False,False,True,False,6,50.0,2,True,0.0
2022,house,NY,05,GREGORY W MEEKS,Gregory Meeks,DEMOCRAT,core,3,0,2,1,0,2021-03-19,2022-08-08,104396.0,72.33847944787827,True,50.423261745063144,75.21163087253157,False,False,True,False,6,50.0,2,True,0.0
2022,house,VA,09,TAYSHA LEE DEVAUGHAN,Taysha DeVaughan,DEMOCRAT,core,1,0,1,0,0,,,66027.0,26.539036624971864,False,-46.80261366291483,26.598693168542585,False,False,True,False,1,100.0,1,False,
2024,house,PA,06,CHRISSY HOULAHAN,Chrissy Houlahan,DEMOCRAT,exact,14,0,11,2,0,2024-04-18,2024-09-11,235625.0,56.19980775789898,True,12.39961551579796,56.19980775789898,False,False,True,False,14,100.0,1,False,
2022,house,TX,03,KEITH SELF,Keith Self,REPUBLICAN,exact,1,0,1,0,0,2021-10-19,2021-10-19,164240.0,60.54796944583714,True,-24.254334035655788,37.872832982172106,False,False,True,False,3,33.333333333333336,2,True,33.333333333333336
2022,house,TX,03,SANDEEP SRIVASTAVA,Sandeep Srivastava,DEMOCRAT,exact,2,0,1,1,0,2022-04-21,2022-04-21,100121.0,36.910151296192524,False,-24.254334035655788,37.872832982172106,False,False,True,False,3,66.66666666666667,2,True,33.333333333333336
2022,house,GA,07,LUCY MCBATH,Lucy McBath,DEMOCRAT,exact,13,0,9,0,0,2021-12-20,2022-03-08,143063.0,60.86777088057727,True,21.74279331985959,60.87139665992979,False,False,True,False,13,100.0,1,False,
2022,house,TX,04,PAT FALLON,Pat Fallon,REPUBLICAN,exact,2,0,1,0,0,2021-11-12,2021-11-12,170781.0,66.70898288732037,True,-36.646663466154585,31.676668266922707,False,False,True,False,2,100.0,1,False,
2022,house,PA,07,SUSAN WILD,Susan Wild,DEMOCRAT,exact,13,0,12,1,0,2022-03-17,2022-06-09,151364.0,50.98302070456835,True,1.9660414091366865,50.98302070456835,False,False,True,False,16,81.25,2,True,62.5
2022,house,PA,07,LISA SCHELLER,Lisa Scheller,REPUBLICAN,exact,3,0,1,0,0,2022-03-15,2022-06-07,145527.0,49.01697929543165,False,1.9660414091366865,50.98302070456835,False,False,True,False,16,18.75,2,True,62.5
2024,house,OH,11,SHONTEL M. BROWN,Shontel Brown,DEMOCRAT,core,12,0,9,2,0,2024-01-30,2024-03-21,236883.0,78.33095799453066,True,59.906438906833806,79.9532194534169,False,False,True,False,12,100.0,1,False,
2022,senate,NC,,TED BUDD,Ted Budd,REPUBLICAN,exact,90,0,21,0,1,2021-04-20,2022-11-01,1905786.0,50.498791178624685,True,-3.299253218639858,48.35037339068007,False,False,True,False,135,66.66666666666667,3,True,-34.074074074074076
2022,senate,NC,,CHERI BEASLEY,Cheri Beasley,DEMOCRAT,exact,44,0,22,0,3,2021-01-26,2022-11-03,1784049.0,47.273050543678146,False,-3.299253218639858,48.35037339068007,False,False,True,False,135,32.592592592592595,3,True,-34.074074074074076
2022,senate,NC,,MICHELLE ESTELLE LEWIS,Michelle Lewis,OTHER,core,1,0,0,0,0,2022-11-01,2022-11-01,137.0,0.0036301737925829984,False,-3.299253218639858,48.35037339068007,False,False,False,False,135,0.7407407407407407,3,True,-34.074074074074076
2022,house,TX,24,BETH VAN DUYNE,Beth Van Duyne,REPUBLICAN,exact,4,0,3,0,0,,,177947.0,59.74884579870729,True,-19.49769159741459,40.25115420129271,False,False,True,False,6,66.66666666666667,2,True,-33.333333333333336
2022,house,TX,24,JAN MCDOWELL,Jan McDowell,DEMOCRAT,exact,2,0,0,2,0,2022-07-24,2022-07-24,119878.0,40.25115420129271,False,-19.49769159741459,40.25115420129271,False,False,True,False,6,33.333333333333336,2,True,-33.333333333333336
2022,house,IL,03,DELIA RAMIREZ,Delia Ramirez,DEMOCRAT,exact,67,0,15,10,0,2021-11-10,2022-08-12,121764.0,68.49948525813039,True,36.99897051626078,68.49948525813039,False,False,True,False,69,97.10144927536231,2,True,94.20289855072463
2022,house,IL,03,JUSTIN BURAU,Justin Burau,REPUBLICAN,exact,2,0,0,0,0,,,55995.0,31.50051474186961,False,36.99897051626078,68.49948525813039,False,False,True,False,69,2.898550724637681,2,True,94.20289855072463
2022,house,IL,04,"JESÚS G ""CHUY"" GARCÍA","Jesús ""Chuy"" García",DEMOCRAT,core,5,0,5,0,0,2021-02-21,2022-01-06,91036.0,68.42394041203484,True,41.81387668629467,70.90693834314733,False,False,True,False,5,100.0,1,False,
2024,house,NJ,08,ROBERT MENENDEZ,Rob Menendez,DEMOCRAT,exact,45,0,9,13,0,2023-09-27,2024-06-03,116434.0,59.17414174268798,True,26.156913308701636,63.078456654350816,False,False,True,False,45,100.0,1,False,
2022,house,CO,03,LAUREN BOEBERT,Lauren Boebert,REPUBLICAN,exact,4,0,2,0,1,2021-12-15,2022-06-05,163839.0,50.0600394151886,True,-0.16690510252742013,49.91654744873629,False,False,True,False,8,50.0,2,True,0.0
2022,house,CO,03,ADAM FRISCH,Adam Frisch,DEMOCRAT,exact,4,2,1,0,1,2021-12-10,2022-10-21,163293.0,49.893212337870665,False,-0.16690510252742013,49.91654744873629,False,False,True,False,8,50.0,2,True,0.0
2024,house,NC,01,LAURIE BUCKHOUT,Laurie Buckhout,REPUBLICAN,exact,4,0,3,0,0,2024-02-05,2024-04-03,180034.0,47.84015901191526,False,1.7214602524735585,50.86073012623678,False,False,True,False,14,28.571428571428573,2,True,42.85714285714286
2024,house,NC,01,DONALD G. DAVIS,Don Davis,DEMOCRAT,surname_initial,10,0,8,1,0,2023-12-18,2024-05-14,186341.0,49.516108459731505,True,1.7214602524735585,50.86073012623678,False,False,True,False,14,71.42857142857143,2,True,42.85714285714286
2022,house,TX,12,KAY GRANGER,Kay Granger,REPUBLICAN,exact,3,0,2,0,0,2021-12-10,2021-12-10,152953.0,64.27163741338522,True,-28.54327482677043,35.728362586614786,False,False,True,False,5,60.0,2,True,-20.0
2022,house,TX,12,TREY J HUNT,Trey Hunt,DEMOCRAT,core,2,0,0,2,0,2022-05-06,2022-05-06,85026.0,35.728362586614786,False,-28.54327482677043,35.728362586614786,False,False,True,False,5,40.0,2,True,-20.0
2022,house,WY,00,HARRIET HAGEMAN,Harriet Hageman,REPUBLICAN,exact,136,0,4,0,0,2021-01-27,2022-08-07,132206.0,66.70400306763943,True,-47.34085235378031,26.329573823109843,False,False,True,False,136,100.0,1,False,
2022,house,MI,05,TIM WALBERG,Tim Walberg,REPUBLICAN,exact,2,0,0,0,1,2022-07-19,2022-10-12,198020.0,62.4160777663605,True,-28.182389000731472,35.90880549963426,False,False,True,False,2,100.0,1,False,
2024,house,TN,02,TIM BURCHETT,Tim Burchett,REPUBLICAN,exact,8,0,7,0,0,,,250782.0,69.25804616429807,True,-38.51609232859612,30.74195383570194,False,False,True,False,9,88.88888888888889,2,True,-77.77777777777777
2024,house,TN,02,JANE GEORGE,Jane George,DEMOCRAT,exact,1,0,1,0,0,,,111316.0,30.74195383570194,False,-38.51609232859612,30.74195383570194,False,False,True,False,9,11.11111111111111,2,True,-77.77777777777777
2022,house,OH,01,STEVE CHABOT,Steve Chabot,REPUBLICAN,exact,2,0,2,0,0,2022-04-28,2022-04-28,140058.0,47.241242065071475,False,5.5175158698570534,52.758757934928525,False,False,True,False,10,20.0,2,True,60.0
2022,house,OH,01,GREG LANDSMAN,Greg Landsman,DEMOCRAT,exact,8,0,8,0,0,2022-03-10,2022-07-06,156416.0,52.758757934928525,True,5.5175158698570534,52.758757934928525,False,False,True,False,10,80.0,2,True,60.0
2022,house,IL,12,MIKE BOST,Mike Bost,REPUBLICAN,exact,2,0,1,0,0,2022-06-27,2022-06-27,218379.0,75.00025758059697,True,-50.001030325926436,24.999484837036782,False,False,True,False,2,100.0,1,False,
2022,house,NJ,11,MIKIE SHERRILL,Mikie Sherrill,DEMOCRAT,exact,12,0,8,3,1,2022-09-29,2022-10-17,161436.0,58.99058699719364,True,18.97062508290713,59.48531254145357,False,False,True,False,13,92.3076923076923,2,True,84.61538461538461
2022,house,NJ,11,PAUL DEGROOT,Paul DeGroot,REPUBLICAN,exact,1,0,0,0,0,2022-01-27,2022-01-27,109952.0,40.177736202058,False,18.97062508290713,59.48531254145357,False,False,True,False,13,7.6923076923076925,2,True,84.61538461538461
2024,house,FL,22,LOIS FRANKEL,Lois Frankel,DEMOCRAT,exact,9,0,8,1,0,2024-01-30,2024-07-09,201608.0,54.95562291471313,True,9.91124582942626,54.95562291471313,False,False,True,False,10,90.0,2,True,80.0
2024,house,FL,22,DAN FRANZESE,Dan Franzese,REPUBLICAN,exact,1,0,0,0,0,2024-07-16,2024-07-16,165248.0,45.04437708528687,False,9.91124582942626,54.95562291471313,False,False,True,False,10,10.0,2,True,80.0
2022,house,MS,02,BENNIE G THOMPSON,Bennie Thompson,DEMOCRAT,core,1,0,1,0,0,,,108285.0,60.101904323163254,True,20.203808646326504,60.101904323163254,False,False,True,False,1,100.0,1,False,
2024,house,MO,05,EMANUEL CLEAVER,Emanuel Cleaver,DEMOCRAT,exact,3,0,3,0,0,,,199900.0,60.22372254307397,True,24.603795460282928,62.30189773014146,False,False,True,False,3,100.0,1,False,
2024,house,ME,02,AUSTIN THERIAULT,Austin Theriault,REPUBLICAN,exact,11,0,5,0,0,2024-01-10,2024-10-09,194445.0,48.25704330216213,False,0.6910182943646003,50.3455091471823,False,False,True,False,21,52.38095238095238,2,True,-4.761904761904759
2024,house,ME,02,JARED F. GOLDEN,Jared Golden,DEMOCRAT,core,10,0,8,1,0,2023-04-27,2024-10-02,197151.0,48.928613973434985,True,0.6910182943646003,50.3455091471823,False,False,True,False,21,47.61904761904762,2,True,-4.761904761904759
2024,house,MA,01,RICHARD E. NEAL,Richard Neal,DEMOCRAT,core,4,0,4,0,0,2023-12-18,2023-12-18,223325.0,58.0057401851924,True,,,True,False,True,False,5,80.0,2,False,
2024,house,MA,01,NADIA DONYA MILLERON,Nadia Milleron,OTHER,core,1,0,0,0,0,,,133552.0,34.6883806703809,False,,,True,False,False,False,5,20.0,2,False,
2022,house,MN,02,ANGIE CRAIG,Angie Craig,DEMOCRAT,exact,18,0,16,2,0,2021-03-19,2022-04-21,165583.0,50.87472962343919,True,5.413500806916243,52.70675040345812,False,False,True,False,20,90.0,2,True,80.0
2022,house,MN,02,TYLER KISTNER,Tyler Kistner,REPUBLICAN,exact,2,0,2,0,0,2022-08-05,2022-10-06,148576.0,45.64939533969128,False,5.413500806916243,52.70675040345812,False,False,True,False,20,10.0,2,True,80.0
2022,house,TX,02,DAN CRENSHAW,Dan Crenshaw,REPUBLICAN,exact,5,0,4,0,1,2022-02-08,2022-05-04,151791.0,65.91383795003625,True,-31.827675900072517,34.08616204996374,False,False,True,False,5,100.0,1,False,
2022,house,VA,11,GERALD E CONNOLLY,Gerry Connolly,DEMOCRAT,surname_initial,4,0,4,0,0,,,193190.0,66.69175216448723,True,33.77697144281639,66.88848572140819,False,False,True,False,4,100.0,1,False,
2024,house,NC,07,DAVID ROUZER,David Rouzer,REPUBLICAN,exact,4,0,4,0,0,2024-01-05,2024-08-22,254022.0,58.59332832027015,True,-17.186656640540303,41.40667167972985,False,False,True,False,4,100.0,1,False,
2024,house,KY,04,THOMAS MASSIE,Thomas Massie,REPUBLICAN,exact,3,0,2,0,0,2024-05-10,2024-05-10,278386.0,99.59537344776884,True,,,True,False,True,False,3,100.0,1,False,
2022,house,FL,27,MARIA ELVIRA SALAZAR,Maria Elvira Salazar,REPUBLICAN,exact,5,0,4,0,0,2021-04-29,2021-06-15,136038.0,57.29314948492684,True,-14.58629896985369,42.70685051507316,False,False,True,False,50,10.0,2,True,80.0
2022,house,FL,27,ANNETTE TADDEO,Annette Taddeo,DEMOCRAT,exact,45,0,7,7,1,2022-06-08,2022-10-06,101404.0,42.70685051507316,False,-14.58629896985369,42.70685051507316,False,False,True,False,50,90.0,2,True,80.0
2022,house,IL,02,ROBIN L KELLY,Robin Kelly,DEMOCRAT,core,4,0,4,0,0,,,140414.0,67.12752479980877,True,34.25504959961754,67.12752479980877,False,False,True,False,4,100.0,1,False,
2024,house,NH,01,CHRIS PAPPAS,Chris Pappas,DEMOCRAT,exact,19,0,17,1,0,2023-04-27,2024-10-07,218577.0,52.47166088121336,True,8.069209147790058,54.03460457389503,False,False,True,False,24,79.16666666666667,2,True,58.33333333333334
2024,house,NH,01,RUSSELL PRESCOTT,Russell Prescott,REPUBLICAN,exact,5,0,3,0,0,2023-11-15,2023-11-15,185936.0,44.63585252615457,False,8.069209147790058,54.03460457389503,False,False,True,False,24,20.833333333333332,2,True,58.33333333333334
2022,house,TX,37,LLOYD DOGGETT,Lloyd Doggett,DEMOCRAT,exact,10,0,3,2,1,,,219358.0,76.75522850774523,True,57.08766439535808,78.54383219767904,False,False,True,False,10,100.0,1,False,
2022,house,GA,06,RICH MCCORMICK,Rich McCormick,REPUBLICAN,exact,13,0,3,0,0,2022-05-04,2022-06-16,206886.0,62.22172764948962,True,-24.44345529897924,37.77827235051038,False,False,True,False,15,86.66666666666667,2,True,-73.33333333333334
2022,house,GA,06,BOB CHRISTIAN,Bob Christian,DEMOCRAT,exact,2,0,2,0,0,,,125612.0,37.77827235051038,False,-24.44345529897924,37.77827235051038,False,False,True,False,15,13.333333333333334,2,True,-73.33333333333334
2022,house,PA,06,CHRISSY HOULAHAN,Chrissy Houlahan,DEMOCRAT,exact,20,0,18,2,0,2022-03-23,2022-11-09,190386.0,58.31421544153907,True,16.62843088307814,58.31421544153907,False,False,True,False,25,80.0,2,True,60.0
2022,house,PA,06,GUY CIARROCCHI,Guy Ciarrocchi,REPUBLICAN,exact,5,0,2,0,0,2022-07-18,2022-10-06,136097.0,41.68578455846093,False,16.62843088307814,58.31421544153907,False,False,True,False,25,20.0,2,True,60.0
2024,house,PA,15,GLENN THOMPSON,Glenn Thompson,REPUBLICAN,exact,2,0,2,0,0,,,279027.0,71.46567290330016,True,-42.93134580660033,28.534327096699833,False,False,True,False,3,66.66666666666667,2,True,-33.333333333333336
2024,house,PA,15,ZACH WOMER,Zacheray Womer,DEMOCRAT,surname_initial,1,0,0,1,0,,,111408.0,28.534327096699833,False,-42.93134580660033,28.534327096699833,False,False,True,False,3,33.333333333333336,2,True,-33.333333333333336
2024,senate,CT,,CHRISTOPHER S. MURPHY,Chris Murphy,DEMOCRAT,core,13,0,11,0,0,2023-09-20,2023-12-07,1000695.0,58.57981722912041,True,19.20478918086353,59.602394590431764,False,False,True,False,14,92.85714285714286,2,True,85.71428571428572
2024,senate,CT,,MATTHEW M. COREY,Matthew Corey,REPUBLICAN,core,1,0,1,0,0,2024-07-31,2024-07-31,678256.0,39.70451787463142,False,19.20478918086353,59.602394590431764,False,False,True,False,14,7.142857142857143,2,True,85.71428571428572
2022,senate,NY,,JOE PINION,Joe Pinion,REPUBLICAN,exact,6,0,4,0,0,2022-06-07,2022-09-16,2501151.0,42.765274026614435,False,14.075069326686034,57.03753466334302,False,False,True,False,42,14.285714285714286,2,True,71.42857142857142
2022,senate,NY,,CHARLES E. SCHUMER,Chuck Schumer,DEMOCRAT,core,36,0,29,0,3,2021-11-30,2022-11-04,3320561.0,56.77574088373267,True,14.075069326686034,57.03753466334302,False,False,True,False,42,85.71428571428571,2,True,71.42857142857142
2024,house,OH,08,WARREN DAVIDSON,Warren Davidson,REPUBLICAN,exact,1,0,1,0,0,,,237503.0,62.81021241484365,True,-25.620424829687302,37.18978758515635,False,False,True,False,1,100.0,1,False,
2024,house,NY,07,BILL KREGLER,William Kregler,REPUBLICAN,exact,1,0,0,0,0,,,48435.0,21.839308500804854,False,56.212991004836596,78.1064955024183,False,False,True,False,10,10.0,2,True,80.0
2024,house,NY,07,NYDIA M. VELáZQUEZ,Nydia Velázquez,DEMOCRAT,core,9,0,6,2,0,2023-09-27,2024-05-15,172795.0,77.91314777323372,True,56.212991004836596,78.1064955024183,False,False,True,False,10,90.0,2,True,80.0
2022,house,SC,03,JEFF DUNCAN,Jeff Duncan,REPUBLICAN,exact,1,0,0,0,0,2022-06-12,2022-06-12,189971.0,97.63682806613592,True,,,True,False,True,False,1,100.0,1,False,
2024,house,FL,10,MAXWELL FROST,Maxwell Alejandro Frost,DEMOCRAT,core,12,0,6,2,0,2024-02-06,2024-08-19,181455.0,62.373889280373994,True,24.747778560747985,62.373889280373994,False,False,True,False,12,100.0,1,False,
2024,senate,WI,,TAMMY BALDWIN,Tammy Baldwin,DEMOCRAT,exact,40,0,26,6,2,2023-04-12,2024-11-08,1672777.0,49.33300145364483,True,0.8677410241822398,50.43387051209112,False,False,True,False,57,70.17543859649123,2,True,40.350877192982466
2024,senate,WI,,ERIC HOVDE,Eric Hovde,REPUBLICAN,exact,17,0,6,0,0,2023-03-20,2024-10-15,1643996.0,48.484201455296365,False,0.8677410241822398,50.43387051209112,False,False,True,False,57,29.82456140350877,2,True,40.350877192982466
2024,house,KY,02,BRETT GUTHRIE,Brett Guthrie,REPUBLICAN,exact,2,0,2,0,0,,,252826.0,73.10173338537827,True,-46.20346677075653,26.898266614621736,False,False,True,False,3,66.66666666666667,2,True,-33.333333333333336
2024,house,KY,02,HANK LINDERMAN,Hank Linderman,DEMOCRAT,exact,1,0,0,1,0,,,93029.0,26.898266614621736,False,-46.20346677075653,26.898266614621736,False,False,True,False,3,33.333333333333336,2,True,-33.333333333333336
2022,house,ME,02,BRUCE POLIQUIN,Bruce Poliquin,REPUBLICAN,exact,2,0,1,0,0,2021-08-19,2022-01-05,146142.0,22.274212624827772,False,6.101941030204512,53.05097051510226,False,False,True,False,12,16.666666666666668,2,True,66.66666666666666
2022,house,ME,02,JARED F GOLDEN,Jared Golden,DEMOCRAT,core,10,0,10,0,0,2021-10-14,2022-07-25,165136.0,25.16918049577506,False,6.101941030204512,53.05097051510226,False,False,True,False,12,83.33333333333333,2,True,66.66666666666666
2024,senate,NM,,MARTIN HEINRICH,Martin Heinrich,DEMOCRAT,exact,12,0,11,1,0,2022-05-20,2024-05-31,497333.0,55.05667483292022,True,10.113349665840447,55.05667483292022,False,False,True,False,13,92.3076923076923,2,True,84.61538461538461
2024,senate,NM,,NELLA LOUISE DOMENICI,Nella Domenici,REPUBLICAN,core,1,0,1,0,0,2024-01-21,2024-01-21,405978.0,44.94332516707978,False,10.113349665840447,55.05667483292022,False,False,True,False,13,7.6923076923076925,2,True,84.61538461538461
2022,house,MA,01,RICHARD E NEAL,Richard Neal,DEMOCRAT,core,1,0,1,0,0,,,157635.0,59.78926687173574,True,23.142242237941417,61.57112111897071,False,False,True,False,2,50.0,2,True,0.0
2022,house,MA,01,DEAN JAMES MARTILLI,Dean Martilli,REPUBLICAN,core,1,0,0,0,0,2022-10-14,2022-10-14,98386.0,37.31675586286416,False,23.142242237941417,61.57112111897071,False,False,True,False,2,50.0,2,True,0.0
2024,house,NC,06,ADDISON MCDOWELL,Addison McDowell,REPUBLICAN,exact,3,0,1,0,0,2024-01-20,2024-02-21,233303.0,69.16370212261354,True,,,True,False,True,False,3,100.0,1,False,
2022,house,NJ,08,ROBERT J MENENDEZ,Robert J. Menendez,DEMOCRAT,exact,24,0,7,0,0,2021-12-20,2022-10-06,78382.0,73.6167854761301,True,51.698777808958866,75.84938890447943,False,False,True,False,24,100.0,1,False,
2022,house,TX,34,VICENTE GONZALEZ,Vicente Gonzalez,DEMOCRAT,exact,4,0,1,2,0,2021-10-27,2021-10-27,70896.0,52.734697520808695,True,8.769561215096655,54.38478060754833,False,False,True,False,7,57.142857142857146,2,True,14.285714285714292
2022,house,TX,34,MAYRA FLORES,Mayra Flores,REPUBLICAN,exact,3,0,0,0,0,2022-01-22,2022-04-08,59464.0,44.23121266894279,False,8.769561215096655,54.38478060754833,False,False,True,False,7,42.857142857142854,2,True,14.285714285714292
2024,house,IL,07,DANNY K. DAVIS,Danny Davis,DEMOCRAT,core,20,0,3,6,1,2023-07-28,2024-03-15,222408.0,83.25148230220998,True,66.59400912339049,83.29700456169525,False,False,True,False,20,100.0,1,False,
2022,house,NC,01,DON DAVIS,Don Davis,DEMOCRAT,exact,8,0,6,0,0,2021-11-17,2022-05-12,134996.0,52.369499099993796,True,4.738998199987586,52.369499099993796,False,False,True,False,10,80.0,2,True,60.0
2022,house,NC,01,SANDY SMITH,Sandy Smith,REPUBLICAN,exact,2,0,1,0,0,2022-07-28,2022-09-28,122780.0,47.630500900006204,False,4.738998199987586,52.369499099993796,False,False,True,False,10,20.0,2,True,60.0
2024,house,MI,01,JACK BERGMAN,Jack Bergman,REPUBLICAN,exact,1,0,1,0,0,,,282264.0,59.15202521459227,True,-21.8753845522786,39.0623077238607,False,False,True,False,4,25.0,2,True,50.0
2024,house,MI,01,CALLIE BARR,Callie Barr,DEMOCRAT,exact,3,0,2,0,0,,,180937.0,37.91765859710301,False,-21.8753845522786,39.0623077238607,False,False,True,False,4,75.0,2,True,50.0
2024,house,IA,03,LANON BACCAM,Lanon Baccam,DEMOCRAT,exact,19,0,9,2,0,2023-11-21,2024-05-06,197962.0,47.943715866845885,False,-3.8337851098351257,48.08310744508244,False,False,True,False,22,86.36363636363636,2,True,72.72727272727272
2024,house,IA,03,ZACHARY NUNN,Zach Nunn,REPUBLICAN,surname_initial,3,0,3,0,0,2023-06-30,2023-06-30,213746.0,51.76638694130611,True,-3.8337851098351257,48.08310744508244,False,False,True,False,22,13.636363636363637,2,True,72.72727272727272
2024,house,CO,07,BRITTANY PETTERSEN,Brittany Pettersen,DEMOCRAT,exact,12,0,11,1,0,2023-03-15,2024-05-14,235688.0,55.33023762459915,True,14.700908358700705,57.35045417935035,False,False,True,False,12,100.0,1,False,
2022,house,VA,08,"DONALD S BEYER, JR",Don Beyer,DEMOCRAT,surname_initial,7,0,6,0,1,2022-02-10,2022-06-02,197760.0,73.53422375583781,True,49.62038819893399,74.810194099467,False,False,True,False,7,100.0,1,False,
2024,house,IA,04,RANDY FEENSTRA,Randy Feenstra,REPUBLICAN,exact,17,0,5,0,0,2023-07-21,2024-08-22,250522.0,67.01602893340181,True,-34.43735796102464,32.78132101948768,False,False,True,False,20,85.0,2,True,-70.0
2024,house,IA,04,RYAN MELTON,Ryan Melton,DEMOCRAT,exact,3,0,0,2,0,2024-01-04,2024-01-04,122175.0,32.68249229583975,False,-34.43735796102464,32.78132101948768,False,False,True,False,20,15.0,2,True,-70.0
2022,house,PA,15,GLENN THOMPSON,Glenn Thompson,REPUBLICAN,exact,2,0,2,0,0,2022-06-08,2022-06-08,213417.0,69.9393077412124,True,-39.878615482424806,30.060692258787597,False,False,True,False,2,100.0,1,False,
2022,house,TX,10,LINDA NUNO,Linda Nuno,DEMOCRAT,exact,2,0,0,2,0,,,86404.0,34.29587555619064,False,-29.716560988803163,35.14171950559842,False,False,True,False,4,50.0,2,True,0.0
2022,house,TX,10,MICHAEL T MCCAUL,Michael McCaul,REPUBLICAN,core,2,0,1,0,0,2021-11-10,2021-11-10,159469.0,63.29717349972414,True,-29.716560988803163,35.14171950559842,False,False,True,False,4,50.0,2,True,0.0
2022,house,TX,26,MICHAEL C BURGESS,Michael Burgess,REPUBLICAN,core,3,0,2,0,0,,,183639.0,69.29172185055637,True,,,True,False,True,False,3,100.0,1,False,
2022,house,SC,02,JOE WILSON,Joe Wilson,REPUBLICAN,exact,1,0,0,0,0,2022-06-12,2022-06-12,147699.0,60.009507325516196,True,-20.187972983969402,39.9060135080153,False,False,True,False,1,100.0,1,False,
2022,house,MA,07,AYANNA PRESSLEY,Ayanna Pressley,DEMOCRAT,exact,13,0,10,1,0,2021-07-07,2022-08-16,151825.0,79.97945530211241,True,69.68047654704561,84.8402382735228,False,False,True,False,14,92.85714285714286,2,True,85.71428571428572
2022,house,MA,07,"DONNIE DIONICIO PALMER, JR",Donnie Palmer,REPUBLICAN,core,1,0,0,0,0,,,27129.0,14.291207922878366,False,69.68047654704561,84.8402382735228,False,False,True,False,14,7.142857142857143,2,True,85.71428571428572
2024,house,AZ,09,PAUL A. GOSAR,Paul Gosar,REPUBLICAN,core,7,0,1,0,0,2023-10-26,2023-12-17,249583.0,65.29774503365836,True,-30.595490067316724,34.70225496634164,False,False,True,False,7,100.0,1,False,
2024,house,AK,00,NICK BEGICH,Nick Begich,REPUBLICAN,exact,21,0,7,0,0,2023-08-04,2024-10-24,159550.0,48.41377008390102,True,-2.151880093988693,48.92405995300565,False,False,True,False,43,48.83720930232558,2,True,2.3255813953488342
2024,house,AK,00,MARY SATTLER PELTOLA,Mary Peltola,DEMOCRAT,core,22,2,14,5,0,2023-03-15,2024-10-21,152828.0,46.37404985510764,False,-2.151880093988693,48.92405995300565,False,False,True,False,43,51.16279069767442,2,True,2.3255813953488342
2022,house,NY,23,NICK LANGWORTHY,Nick Langworthy,REPUBLICAN,exact,1,0,0,0,0,2022-07-05,2022-07-05,192694.0,62.945976493339344,True,-29.844209050968978,35.077895474515515,False,False,True,False,1,100.0,1,False,
2024,house,NY,06,GRACE MENG,Grace Meng,DEMOCRAT,exact,13,0,10,3,0,2024-02-15,2024-05-07,120205.0,60.49876692334793,True,23.436569386539606,61.7182846932698,False,False,True,False,14,92.85714285714286,2,True,85.71428571428572
2024,house,NY,06,THOMAS J. ZMICH,Thomas Zmich,REPUBLICAN,core,1,0,0,0,0,,,74559.0,37.52529065378227,False,23.436569386539606,61.7182846932698,False,False,True,False,14,7.142857142857143,2,True,85.71428571428572
2022,house,WA,09,DOUG BASLER,Doug Basler,REPUBLICAN,exact,1,0,1,0,0,,,67631.0,28.197441713084952,False,43.4941535736516,71.7470767868258,False,False,True,False,8,12.5,2,True,75.0
2022,house,WA,09,ADAM SMITH,Adam Smith,DEMOCRAT,exact,7,0,3,2,2,,,171746.0,71.60618391648043,True,43.4941535736516,71.7470767868258,False,False,True,False,8,87.5,2,True,75.0
2024,house,VT,00,BECCA BALINT,Becca Balint,DEMOCRAT,exact,13,0,11,1,0,2023-04-18,2023-06-22,218398.0,58.569800340587584,True,,,True,False,True,False,13,100.0,1,False,
2022,house,NY,01,BRIDGET FLEMING,Bridget Fleming,DEMOCRAT,exact,10,0,4,0,0,2021-05-03,2022-09-29,141907.0,43.38973618874063,False,-11.015309753658132,44.492345123170935,False,False,True,False,23,43.47826086956522,2,True,-13.043478260869563
2022,house,NY,01,NICHOLAS J LALOTA,Nick LaLota,REPUBLICAN,core,13,0,4,1,1,2022-02-23,2022-10-24,177040.0,54.13206462580874,True,-11.015309753658132,44.492345123170935,False,False,True,False,23,56.52173913043478,2,True,-13.043478260869563
2024,house,MA,08,STEPHEN F. LYNCH,Stephen F. Lynch,DEMOCRAT,exact,1,0,1,0,0,,,265432.0,66.73052314545953,True,41.1609540776983,70.58047703884915,False,False,True,False,1,100.0,1,False,
2024,house,MI,11,HALEY M. STEVENS,Haley Stevens,DEMOCRAT,core,17,0,13,4,0,2024-02-15,2024-10-16,260780.0,58.21956800803706,True,19.020017708323824,59.51000885416191,False,False,True,False,17,100.0,1,False,
2024,house,IA,02,ASHLEY HINSON,Ashley Hinson,REPUBLICAN,exact,5,0,5,0,0,2024-09-05,2024-09-05,233340.0,57.07897710872256,True,-15.778505507591545,42.11074724620423,False,False,True,False,7,71.42857142857143,2,True,-42.85714285714286
2024,house,IA,02,SARAH CORKERY,Sarah Corkery,DEMOCRAT,exact,2,0,1,1,0,2024-05-09,2024-05-09,169740.0,41.521323281197255,False,-15.778505507591545,42.11074724620423,False,False,True,False,7,28.571428571428573,2,True,-42.85714285714286
2022,house,DE,00,LISA BLUNT ROCHESTER,Lisa Blunt Rochester,DEMOCRAT,exact,4,0,4,0,0,2021-03-19,2021-03-19,178416.0,55.469160482389185,True,12.701465808847914,56.35073290442396,False,False,True,False,4,100.0,1,False,
2024,house,IL,06,SEAN CASTEN,Sean Casten,DEMOCRAT,exact,18,0,9,8,1,2023-09-20,2024-02-23,196647.0,54.19527131120659,True,8.41623870130085,54.20811935065043,False,False,True,False,18,100.0,1,False,
2022,house,TX,38,WESLEY HUNT,Wesley Hunt,REPUBLICAN,exact,4,0,3,0,0,,,163597.0,62.95364202732915,True,-27.860601252838034,36.06969937358098,False,False,True,False,4,100.0,1,False,
2024,house,FL,16,VERN BUCHANAN,Vern Buchanan,REPUBLICAN,exact,8,0,2,0,1,2024-01-24,2024-09-05,247516.0,59.478878553182696,True,-18.957757106365392,40.521121446817304,False,False,True,False,8,100.0,1,False,
2024,senate,AZ,,RUBEN GALLEGO,Ruben Gallego,DEMOCRAT,exact,76,2,29,8,0,2023-01-23,2024-10-22,1676335.0,50.070281520350875,True,2.462458314181491,51.231229157090745,False,False,True,False,134,56.71641791044776,3,True,14.179104477611936
2024,senate,AZ,,KARI LAKE,Kari Lake,REPUBLICAN,exact,57,0,8,0,0,2022-12-18,2024-08-10,1595761.0,47.66362481794906,False,2.462458314181491,51.231229157090745,False,False,True,False,134,42.53731343283582,3,True,14.179104477611936
2024,senate,AZ,,EDUARDO QUINTANA,Eduardo Heredia Quintana,OTHER,core,1,0,0,0,0,,,75868.0,2.266093661700066,False,2.462458314181491,51.231229157090745,False,False,False,False,134,0.746268656716418,3,True,14.179104477611936
2024,house,CO,06,JASON CROW,Jason Crow,DEMOCRAT,exact,12,0,9,1,0,2023-12-18,2024-05-14,202686.0,58.968174769653295,True,21.05715821537359,60.528579107686795,False,False,True,False,12,100.0,1,False,
2022,house,NY,07,NYDIA M VELÁZQUEZ,Nydia Velázquez,DEMOCRAT,core,5,0,4,1,0,2021-04-07,2022-07-28,119473.0,77.80368202035726,True,61.373674613358546,80.68683730667928,False,False,True,False,5,100.0,1,False,
2022,house,MI,01,BOB LORINSER,Bob Lorinser,DEMOCRAT,exact,1,0,1,0,0,2022-11-28,2022-11-28,145403.0,37.41723473297667,False,-23.16821533592076,38.41589233203962,False,False,True,False,1,100.0,1,False,
2022,house,MA,06,SETH MOULTON,Seth Moulton,DEMOCRAT,exact,20,0,20,0,0,2022-03-24,2022-10-31,198119.0,61.33107555907774,True,28.27844306530825,64.13922153265412,False,False,True,False,20,100.0,1,False,
2024,house,MN,05,ILHAN OMAR,Ilhan Omar,DEMOCRAT,exact,29,0,15,2,0,2023-08-18,2024-07-31,261066.0,74.36781969365926,True,50.3494308610656,75.1747154305328,False,False,True,False,29,100.0,1,False,
2022,house,AZ,09,PAUL GOSAR,Paul Gosar,REPUBLICAN,exact,1,0,0,0,0,2021-11-19,2021-11-19,192796.0,97.7741714633466,True,-96.40293999297091,1.7985300035145446,False,False,True,False,1,100.0,1,False,
2024,house,UT,04,BURGESS OWENS,Burgess Owens,REPUBLICAN,exact,4,0,2,1,0,2024-04-27,2024-04-27,230627.0,63.41690772902758,True,-35.477655559308594,32.261172220345706,False,False,True,False,4,100.0,1,False,
2024,house,SC,07,RUSSELL FRY,Russell Fry,REPUBLICAN,exact,1,0,1,0,0,,,240326.0,64.89526880152513,True,-29.959334645584132,35.02033267720793,False,False,True,False,1,100.0,1,False,
2024,house,NY,15,RITCHIE TORRES,Ritchie Torres,DEMOCRAT,exact,12,0,9,2,0,2023-06-22,2024-04-03,130392.0,76.21029252754317,True,56.71927020107931,78.35963510053966,False,False,True,False,12,100.0,1,False,
2024,house,OH,13,KEVIN COUGHLIN,Kevin Coughlin,REPUBLICAN,exact,4,0,2,0,0,2023-05-24,2023-12-15,188924.0,48.894640130438155,False,2.2107197391236832,51.105359869561845,False,False,True,False,27,14.814814814814815,2,True,70.37037037037038
2024,house,OH,13,EMILIA STRONG SYKES,Emilia Sykes,DEMOCRAT,core,23,0,18,2,0,2023-03-15,2024-09-05,197466.0,51.105359869561845,True,2.2107197391236832,51.105359869561845,False,False,True,False,27,85.18518518518519,2,True,70.37037037037038
2024,senate,MT,,JON TESTER,Jon Tester,DEMOCRAT,exact,33,5,16,5,0,2023-03-16,2024-08-06,276305.0,45.5001300921184,False,-7.278178886452221,46.36091055677389,False,False,True,False,64,51.5625,2,True,3.125
2024,senate,MT,,TIM SHEEHY,Tim Sheehy,REPUBLICAN,exact,31,0,7,0,0,2023-06-27,2024-10-29,319682.0,52.64317543333849,True,-7.278178886452221,46.36091055677389,False,False,True,False,64,48.4375,2,True,3.125
2022,house,OR,01,SUZANNE BONAMICI,Suzanne Bonamici,DEMOCRAT,exact,9,0,7,2,0,2022-02-10,2022-02-10,210682.0,67.90870382248754,True,36.04499489868399,68.022497449342,False,False,True,False,9,100.0,1,False,
2022,house,IA,03,CYNTHIA AXNE,Cindy Axne,DEMOCRAT,exact,14,0,12,2,0,2021-03-19,2022-03-23,154117.0,48.9199749872238,False,-0.6910905699161348,49.65445471504193,False,False,True,False,19,73.6842105263158,2,True,47.36842105263159
2022,house,IA,03,ZACH NUNN,Zach Nunn,REPUBLICAN,exact,5,0,2,0,0,2021-12-14,2022-07-06,156262.0,49.60084307022305,True,-0.6910905699161348,49.65445471504193,False,False,True,False,19,26.31578947368421,2,True,47.36842105263159
2022,house,IA,04,RANDY FEENSTRA,Randy Feenstra,REPUBLICAN,exact,3,0,0,0,0,2022-06-05,2022-06-05,186467.0,65.62642978313049,True,-37.76805801320295,31.115970993398523,False,False,True,False,3,100.0,1,False,
2024,house,VA,03,"ROBERT C. ""BOBBY"" SCOTT",Bobby Scott,DEMOCRAT,core,5,0,4,1,0,,,219926.0,69.9516852896179,True,40.202150277151794,70.1010751385759,False,False,True,False,5,100.0,1,False,
2024,house,PA,17,ROB MERCURI,Rob Mercuri,REPUBLICAN,exact,3,0,3,0,0,2024-04-15,2024-04-15,207900.0,46.124356056068045,False,7.751287887863903,53.875643943931955,False,False,True,False,24,12.5,2,True,75.0
2024,house,PA,17,CHRISTOPHER R. DELUZIO,Chris Deluzio,DEMOCRAT,core,21,0,16,3,0,,,242838.0,53.875643943931955,True,7.751287887863903,53.875643943931955,False,False,True,False,24,87.5,2,True,75.0
2024,house,VA,04,JENNIFER L. MCCLELLAN,Jennifer McClellan,DEMOCRAT,core,12,0,11,1,0,2023-12-18,2024-03-28,252885.0,67.34477028452123,True,34.98034422296296,67.49017211148148,False,False,True,False,12,100.0,1,False,
2024,house,MO,07,ERIC BURLISON,Eric Burlison,REPUBLICAN,exact,2,0,2,0,0,,,263231.0,71.55582980851827,True,-46.28576827106362,26.85711586446819,False,False,True,False,2,100.0,1,False,
2022,house,PA,09,DANIEL MEUSER,Dan Meuser,REPUBLICAN,exact,4,0,3,0,1,2022-05-27,2022-11-01,209185.0,69.31085097429815,True,-38.62170194859629,30.689149025701855,False,False,True,False,5,80.0,2,True,-60.0
2022,house,PA,09,AMANDA R WALDMAN,Amanda Waldman,DEMOCRAT,core,1,0,0,1,0,,,92622.0,30.689149025701855,False,-38.62170194859629,30.689149025701855,False,False,True,False,5,20.0,2,True,-60.0
2022,house,NC,08,DAN BISHOP,Dan Bishop,REPUBLICAN,exact,2,0,1,0,0,2022-04-10,2022-04-10,183998.0,69.91071089327102,True,-39.82142178654204,30.08928910672898,False,False,True,False,2,100.0,1,False,
2024,house,TN,05,ANDREW OGLES,Andy Ogles,REPUBLICAN,exact,10,0,3,0,0,2023-05-12,2024-08-02,205075.0,56.85252027922398,True,-18.041685133913923,40.979157433043035,False,False,True,False,10,100.0,1,False,
2024,senate,MD,,ANGELA ALSOBROOKS,Angela Alsobrooks,DEMOCRAT,exact,142,0,30,26,5,2023-05-01,2024-11-04,1650912.0,54.64102803422809,True,12.106519772814316,56.053259886407155,False,False,True,False,216,65.74074074074075,2,True,31.481481481481488
2024,senate,MD,,LARRY HOGAN,Larry Hogan,REPUBLICAN,exact,74,1,9,6,0,2023-07-21,2024-10-31,1294344.0,42.83952554099487,False,12.106519772814316,56.053259886407155,False,False,True,False,216,34.25925925925926,2,True,31.481481481481488
2024,house,MI,08,KRISTEN MCDONALD RIVET,Kristen McDonald Rivet,DEMOCRAT,exact,24,0,5,6,1,2023-05-09,2024-10-16,217490.0,51.25250382938612,True,6.925397055606221,53.46269852780311,False,False,True,False,26,92.3076923076923,2,True,84.61538461538461
2024,house,MI,08,PAUL JUNGE,Paul Junge,REPUBLICAN,exact,2,0,0,0,1,2024-07-02,2024-07-02,189317.0,44.61340874278308,False,6.925397055606221,53.46269852780311,False,False,True,False,26,7.6923076923076925,2,True,84.61538461538461
2024,senate,NV,,SAM BROWN,Sam Brown,REPUBLICAN,exact,12,0,3,0,0,2023-07-10,2024-09-02,677046.0,46.223326105597764,False,1.7457448421834763,50.872872421091735,False,False,True,False,52,23.076923076923077,2,True,53.84615384615384
2024,senate,NV,,JACKY S. ROSEN,Jacky Rosen,DEMOCRAT,core,40,0,24,6,3,2023-03-16,2024-10-27,701105.0,47.86588363163673,True,1.7457448421834763,50.872872421091735,False,False,True,False,52,76.92307692307692,2,True,53.84615384615384
2022,house,FL,16,VERN BUCHANAN,Vern Buchanan,REPUBLICAN,exact,2,0,0,0,1,2021-12-20,2021-12-20,189762.0,62.14410626215786,True,-24.2967606284204,37.8516196857898,False,False,True,False,2,100.0,1,False,
2022,house,WI,08,MIKE GALLAGHER,Mike Gallagher,REPUBLICAN,exact,2,0,1,0,0,2022-04-21,2022-04-21,223981.0,72.20628247946459,True,-97.21758731360697,1.3912063431965167,False,False,True,False,2,100.0,1,False,
2022,house,NY,06,GRACE MENG,Grace Meng,DEMOCRAT,exact,5,0,4,1,0,2021-05-13,2022-08-08,85049.0,61.76756819568312,True,27.90862058593515,63.95431029296758,False,False,True,False,5,100.0,1,False,
2024,house,UT,02,CELESTE MALOY,Celeste Maloy,REPUBLICAN,exact,10,0,3,0,0,2023-07-21,2024-06-17,205234.0,58.00224961705639,True,-25.776165320455465,37.11191733977227,False,False,True,False,10,100.0,1,False,
2024,house,ID,02,DAVID ROTH,David Roth,DEMOCRAT,exact,1,0,1,0,0,,,126229.0,29.457380622336725,False,-32.91900049953766,33.54049975023117,False,False,True,False,5,20.0,2,True,-60.0
2024,house,ID,02,MICHAEL K. SIMPSON,Mike Simpson,REPUBLICAN,core,4,0,4,0,0,,,250119.0,58.36892143547235,True,-32.91900049953766,33.54049975023117,False,False,True,False,5,80.0,2,True,-60.0
2024,senate,HI,,MAZIE K. HIRONO,Mazie Hirono,DEMOCRAT,core,15,0,12,3,0,2023-04-19,2023-09-20,324194.0,64.61098167860125,True,33.890048712595686,66.94502435629784,False,False,True,False,15,100.0,1,False,
2022,house,VT,00,BECCA BALINT,Becca Balint,DEMOCRAT,exact,41,0,11,3,0,2021-12-13,2022-09-15,176494.0,60.45246698977582,True,38.485862584398824,69.24293129219942,False,False,True,False,41,100.0,1,False,
2024,house,SC,06,JAMES E. CLYBURN,Jim Clyburn,DEMOCRAT,core,6,0,6,0,0,2023-12-18,2024-08-19,182056.0,59.49989705108554,True,23.672626487690888,61.836313243845446,False,False,True,False,6,100.0,1,False,
2022,house,MN,05,ILHAN OMAR,Ilhan Omar,DEMOCRAT,exact,15,0,12,0,0,2021-02-21,2022-05-07,214224.0,74.33016661693372,True,50.37167545257365,75.18583772628682,False,False,True,False,16,93.75,2,True,87.5
2022,house,MN,05,CICELY DAVIS,Cicely Davis,REPUBLICAN,exact,1,0,1,0,0,,,70702.0,24.531758533826498,False,50.37167545257365,75.18583772628682,False,False,True,False,16,6.25,2,True,87.5
2022,house,TX,05,LANCE GOODEN,Lance Gooden,REPUBLICAN,exact,1,0,0,0,0,,,135595.0,63.97046682235275,True,-30.67823153836887,34.66088423081556,False,False,True,False,1,100.0,1,False,
2024,house,NY,19,JOSH RILEY,Josh Riley,DEMOCRAT,exact,19,0,11,1,0,2023-04-14,2024-05-07,192647.0,51.05355074825822,True,2.2170813690351436,51.10854068451757,False,False,True,False,28,67.85714285714286,2,True,35.714285714285715
2024,house,NY,19,MARCUS J. MOLINARO,Marc Molinaro,REPUBLICAN,surname_initial,9,0,4,2,0,,,184290.0,48.838854834990975,False,2.2170813690351436,51.10854068451757,False,False,True,False,28,32.142857142857146,2,True,35.714285714285715
2024,house,NE,01,MIKE FLOOD,Mike Flood,REPUBLICAN,exact,5,0,5,0,0,2024-02-18,2024-08-21,187559.0,60.10408354883884,True,-20.208167097677666,39.89591645116116,False,False,True,False,8,62.5,2,True,-25.0
2024,house,NE,01,CAROL BLOOD,Carol Blood,DEMOCRAT,exact,3,0,1,1,0,2024-01-27,2024-01-27,124498.0,39.89591645116116,False,-20.208167097677666,39.89591645116116,False,False,True,False,8,37.5,2,True,-25.0
2024,house,OH,14,DAVID P. JOYCE,David Joyce,REPUBLICAN,core,3,0,3,0,0,,,243427.0,63.4158985874985,True,-26.831797174997003,36.5841014125015,False,False,True,False,3,100.0,1,False,
2022,house,NV,01,DINA TITUS,Dina Titus,DEMOCRAT,exact,16,0,11,4,1,2022-01-31,2022-06-09,115700.0,51.571435575821596,True,5.751433859653131,52.87571692982657,False,False,True,False,16,100.0,1,False,
2022,house,NJ,03,ANDY KIM,Andy Kim,DEMOCRAT,exact,10,0,8,2,0,2021-10-01,2022-11-07,150498.0,55.45737279641531,True,11.930624402687858,55.96531220134393,False,False,True,False,11,90.9090909090909,2,True,81.81818181818181
2022,house,NJ,03,BOB HEALEY,Robert Healey Jr.,REPUBLICAN,exact,1,0,0,1,0,2022-05-24,2022-05-24,118415.0,43.63503036377572,False,11.930624402687858,55.96531220134393,False,False,True,False,11,9.090909090909092,2,True,81.81818181818181
2022,house,IA,02,ASHLEY HINSON,Ashley Hinson,REPUBLICAN,exact,11,0,1,0,0,2021-09-01,2022-06-05,172181.0,53.55435495961208,True,-8.248748117854527,45.875625941072734,False,False,True,False,106,10.377358490566039,2,True,79.24528301886792
2022,house,IA,02,LIZ MATHIS,Liz Mathis,DEMOCRAT,exact,95,0,6,2,0,2021-07-30,2022-05-25,145940.0,45.392479790486675,False,-8.248748117854527,45.875625941072734,False,False,True,False,106,89.62264150943396,2,True,79.24528301886792
2022,house,NJ,04,CHRISTOPHER H SMITH,Chris Smith,REPUBLICAN,core,9,0,4,0,0,2021-10-28,2022-06-01,173288.0,66.9163815540504,True,-36.16793899128166,31.91603050435917,False,False,True,False,9,100.0,1,False,
2022,senate,AR,,JOHN BOOZMAN,John Boozman,REPUBLICAN,exact,7,0,3,0,0,2021-03-08,2022-05-04,592437.0,65.73095042083376,True,-35.782880140816665,32.10855992959167,False,False,True,False,10,70.0,2,True,-40.0
2022,senate,AR,,NATALIE JAMES,Natalie James,DEMOCRAT,exact,3,0,3,0,0,2022-10-19,2022-10-19,280187.0,31.08677851917107,False,-35.782880140816665,32.10855992959167,False,False,True,False,10,30.0,2,True,-40.0
2022,house,OH,13,EMILIA SYKES,Emilia Sykes,DEMOCRAT,exact,9,0,7,1,0,2022-03-08,2022-04-26,149816.0,52.67625145477112,True,5.352502909542244,52.67625145477112,False,False,True,False,13,69.23076923076923,2,True,38.46153846153845
2022,house,OH,13,MADISON GESIOTTO GILBERT,Madison Gesiotto Gilbert,REPUBLICAN,exact,4,0,1,0,0,2021-07-30,2022-03-15,134593.0,47.32374854522888,False,5.352502909542244,52.67625145477112,False,False,True,False,13,30.76923076923077,2,True,38.46153846153845
2024,house,VA,02,MISSY COTTER SMASAL,Missy Cotter Smasal,DEMOCRAT,exact,24,0,14,0,0,2023-03-28,2024-08-23,191666.0,46.89627161110051,False,-3.9350030323230603,48.03249848383847,False,False,True,False,28,85.71428571428571,2,True,71.42857142857142
2024,house,VA,02,JENNIFER A. KIGGANS,Jen Kiggans,REPUBLICAN,core,4,0,4,0,0,2024-03-13,2024-03-13,207368.0,50.73819066214504,True,-3.9350030323230603,48.03249848383847,False,False,True,False,28,14.285714285714286,2,True,71.42857142857142
2022,house,HI,01,ED CASE,Ed Case,DEMOCRAT,exact,2,0,1,0,1,2022-10-24,2022-10-24,143546.0,70.9296465030784,True,47.40582143425599,73.70291071712799,False,False,True,False,2,100.0,1,False,
2022,house,PA,11,LLOYD SMUCKER,Lloyd Smucker,REPUBLICAN,exact,4,0,3,0,0,2022-04-20,2022-10-19,194991.0,61.54513834091899,True,-23.09027668183798,38.45486165908101,False,False,True,False,17,23.529411764705884,2,True,52.94117647058823
2022,house,PA,11,BOB HOLLISTER,Bob Hollister,DEMOCRAT,exact,13,0,0,4,0,2021-09-25,2022-09-24,121835.0,38.45486165908101,False,-23.09027668183798,38.45486165908101,False,False,True,False,17,76.47058823529412,2,True,52.94117647058823
2024,house,MO,06,SAM GRAVES,Sam Graves,REPUBLICAN,exact,1,0,1,0,0,,,265210.0,70.68760561428198,True,-44.84078763766046,27.57960618116977,False,False,True,False,1,100.0,1,False,
2022,house,PA,17,CHRIS DELUZIO,Chris Deluzio,DEMOCRAT,exact,9,0,6,0,0,2022-10-04,2022-11-09,193615.0,53.392181519353166,True,6.784363038706332,53.392181519353166,False,False,True,False,11,81.81818181818181,2,True,63.636363636363626
2022,house,PA,17,JEREMY SHAFFER,Jeremy Shaffer,REPUBLICAN,exact,2,0,1,0,0,2022-06-23,2022-09-16,169013.0,46.607818480646834,False,6.784363038706332,53.392181519353166,False,False,True,False,11,18.181818181818183,2,True,63.636363636363626
2022,house,MO,07,ERIC BURLISON,Eric Burlison,REPUBLICAN,exact,6,0,4,0,0,2021-09-29,2022-07-30,178592.0,70.88474957034614,True,-45.15131442597236,27.42434278701382,False,False,True,False,6,100.0,1,False,
2024,house,AR,01,RODNEY GOVENS,Rodney Govens,DEMOCRAT,exact,3,0,1,1,0,,,64113.0,23.99645179038615,False,-50.458226439588294,24.770886780205853,False,False,True,False,6,50.0,2,True,0.0
2024,house,AR,01,"ERIC A. ""RICK"" CRAWFORD",Rick Crawford,REPUBLICAN,nickname,3,0,3,0,0,,,194711.0,72.8771563420504,True,-50.458226439588294,24.770886780205853,False,False,True,False,6,50.0,2,True,0.0
2024,house,LA,03,CLAY HIGGINS,Clay Higgins,REPUBLICAN,exact,3,0,1,0,0,2024-01-09,2024-02-07,226279.0,70.56180265808496,True,-58.17456739120557,20.912716304397215,False,False,True,False,3,100.0,1,False,
2022,house,NJ,12,BONNIE WATSON COLEMAN,Bonnie Watson Coleman,DEMOCRAT,exact,6,0,4,2,0,,,125127.0,63.12308615879774,True,27.484182535073508,63.74209126753676,False,False,True,False,9,66.66666666666667,2,True,33.333333333333336
2022,house,NJ,12,DARIUS MAYFIELD,Darius Mayfield,REPUBLICAN,exact,3,0,0,0,0,2022-02-01,2022-02-01,71175.0,35.90580496097908,False,27.484182535073508,63.74209126753676,False,False,True,False,9,33.333333333333336,2,True,33.333333333333336
2022,house,UT,03,JOHN R CURTIS,John Curtis,REPUBLICAN,core,1,0,1,0,0,2022-05-04,2022-05-04,182497.0,64.40009880725528,True,-37.12093889940793,31.439530550296034,False,False,True,False,1,100.0,1,False,
2022,house,FL,03,KAT CAMMACK,Kat Cammack,REPUBLICAN,exact,4,0,3,0,0,2021-10-18,2022-08-22,178101.0,62.51504950981597,True,-26.54476469271679,36.72761765364161,False,False,True,False,5,80.0,2,True,-60.0
2022,house,FL,03,DANIELLE HAWK,Danielle Hawk,DEMOCRAT,exact,1,0,1,0,0,,,103382.0,36.288009884412745,False,-26.54476469271679,36.72761765364161,False,False,True,False,5,20.0,2,True,-60.0
2022,house,UT,04,BURGESS OWENS,Burgess Owens,REPUBLICAN,exact,3,0,1,0,0,2021-11-16,2021-11-16,155110.0,61.0527475901267,True,-30.733993282509662,34.63300335874517,False,False,True,False,3,100.0,1,False,
2022,house,FL,04,AARON BEAN,Aaron Bean,REPUBLICAN,exact,68,0,1,0,0,2021-05-04,2022-08-22,165696.0,60.4502686946148,True,-20.902742814613752,39.54862859269313,False,False,True,False,68,100.0,1,False,
2024,house,NJ,10,CARMEN BUCCO,Carmen Bucco,REPUBLICAN,exact,2,0,1,0,0,,,54405.0,22.244528308058403,False,53.97694829227028,76.98847414613513,False,False,True,False,2,100.0,1,False,
2024,house,KY,05,HAROLD ROGERS,Hal Rogers,REPUBLICAN,surname_initial,2,0,2,0,0,,,261407.0,100.0,True,,,True,False,True,False,2,100.0,1,False,
2022,house,NY,15,RITCHIE TORRES,Ritchie Torres,DEMOCRAT,exact,7,0,6,1,0,2022-06-18,2022-07-28,76406.0,75.10517831164235,True,65.58165742024966,82.79082871012483,False,False,True,False,7,100.0,1,False,
2022,house,ID,02,MICHAEL K SIMPSON,Mike Simpson,REPUBLICAN,core,1,0,1,0,0,,,172450.0,63.591040835441355,True,-27.182081670882717,36.408959164558645,False,False,True,False,1,100.0,1,False,
2024,house,FL,21,BRIAN J. MAST,Brian Mast,REPUBLICAN,core,3,0,2,0,0,2024-03-07,2024-03-07,277435.0,61.821751202185546,True,-23.648737484595998,38.175631257702,False,False,True,False,3,100.0,1,False,
2024,house,KS,03,SHARICE DAVIDS,Sharice Davids,DEMOCRAT,exact,23,0,20,1,0,2023-03-15,2024-08-19,209871.0,53.35707911616874,True,11.207314520680054,55.60365726034003,False,False,True,False,26,88.46153846153847,2,True,76.92307692307693
2024,house,KS,03,PRASANTH REDDY,Prasanth Reddy,REPUBLICAN,exact,3,0,1,0,0,2023-12-11,2024-04-03,167570.0,42.60257847676142,False,11.207314520680054,55.60365726034003,False,False,True,False,26,11.538461538461538,2,True,76.92307692307693
2024,house,KS,04,RON ESTES,Ron Estes,REPUBLICAN,exact,2,0,2,0,0,,,198465.0,65.04980383287938,True,-30.099607665758757,34.95019616712062,False,False,True,False,2,100.0,1,False,
2024,house,CT,03,ROSA L. DELAURO,Rosa DeLauro,DEMOCRAT,core,11,0,9,1,0,2023-09-20,2024-08-19,193684.0,58.88429814880686,True,19.63963073577965,59.819815367889824,False,False,True,False,11,100.0,1,False,
2024,house,CT,04,JAMES A. HIMES,Jim Himes,DEMOCRAT,core,3,0,2,1,0,2023-06-21,2023-06-21,200791.0,61.057237644325646,True,24.104405656645568,62.052202828322784,False,False,True,False,3,100.0,1,False,
2024,house,MD,08,JAMIE RASKIN,Jamie Raskin,DEMOCRAT,exact,20,0,13,6,0,2023-12-20,2024-05-09,292101.0,76.80400715187211,True,57.92572488254281,78.9628624412714,False,False,True,False,20,100.0,1,False,
2022,house,NJ,02,TIM ALEXANDER,Tim Alexander,DEMOCRAT,exact,9,0,2,0,0,2021-03-24,2022-07-26,94522.0,39.969723110231556,False,-19.121755462289133,40.439122268855435,False,False,True,False,11,81.81818181818181,2,True,63.636363636363626
2022,house,NJ,02,JEFFERSON VAN DREW,Jeff Van Drew,REPUBLICAN,surname_initial,2,0,1,0,0,2021-12-17,2022-06-01,139217.0,58.86952182811522,True,-19.121755462289133,40.439122268855435,False,False,True,False,11,18.181818181818183,2,True,63.636363636363626
2022,house,NE,01,MIKE FLOOD,Mike Flood,REPUBLICAN,exact,12,0,6,0,0,2022-01-21,2022-07-22,129236.0,57.91051464163287,True,-15.821029283265744,42.08948535836713,False,False,True,False,50,24.0,2,True,52.0
2022,house,NE,01,PATTY PANSING BROOKS,Patty Pansing Brooks,DEMOCRAT,exact,38,0,2,3,2,2021-11-15,2022-11-01,93929.0,42.08948535836713,False,-15.821029283265744,42.08948535836713,False,False,True,False,50,76.0,2,True,52.0
2022,house,FL,12,GUS M BILIRAKIS,Gus Bilirakis,REPUBLICAN,core,5,0,1,0,0,2021-11-10,2022-08-11,226601.0,70.3740741315859,True,-40.74989673624418,29.62505163187791,False,False,True,False,5,100.0,1,False,
2022,house,AZ,08,DEBBIE LESKO,Debbie Lesko,REPUBLICAN,exact,2,0,2,0,0,2022-05-04,2022-05-04,197555.0,96.50339743934191,True,-94.92353231376418,2.5382338431179083,False,False,True,False,2,100.0,1,False,
2022,house,OH,14,DAVID P JOYCE,David Joyce,REPUBLICAN,core,3,0,3,0,0,2022-05-04,2022-05-04,183389.0,61.74131731688595,True,-23.4826346337719,38.25868268311405,False,False,True,False,3,100.0,1,False,
2022,house,VA,02,ELAINE G LURIA,Elaine Luria,DEMOCRAT,core,16,0,16,0,0,2021-03-26,2022-10-15,143219.0,48.222534983636145,False,-3.40890314182912,48.29554842908544,False,False,True,False,23,69.56521739130434,2,True,39.13043478260869
2022,house,VA,02,JEN A KIGGANS,Jen Kiggans,REPUBLICAN,core,7,0,2,0,0,2021-11-10,2022-10-15,153328.0,51.626284529084565,True,-3.40890314182912,48.29554842908544,False,False,True,False,23,30.434782608695652,2,True,39.13043478260869
2024,house,WI,03,DERRICK VAN ORDEN,Derrick Van Orden,REPUBLICAN,exact,3,0,1,0,0,2024-05-28,2024-05-28,212064.0,51.32472209515927,True,-2.7262686740684763,48.63686566296576,False,False,True,False,27,11.11111111111111,2,True,77.77777777777777
2024,house,WI,03,REBECCA COOKE,Rebecca Cooke,DEMOCRAT,exact,24,0,7,4,0,2023-08-30,2024-09-26,200808.0,48.60049227820253,False,-2.7262686740684763,48.63686566296576,False,False,True,False,27,88.88888888888889,2,True,77.77777777777777
2024,house,WI,04,GWEN MOORE,Gwen Moore,DEMOCRAT,exact,9,0,8,1,0,,,249938.0,74.76860854009489,True,53.874757971920125,76.93737898596007,False,False,True,False,9,100.0,1,False,
2024,house,IL,09,JANICE D. SCHAKOWSKY,Janice Schakowsky,DEMOCRAT,core,16,0,8,8,0,2024-02-15,2024-02-15,231722.0,68.38927125267097,True,36.778542505341946,68.38927125267097,False,False,True,False,16,100.0,1,False,
2024,house,MS,01,TRENT KELLY,Trent Kelly,REPUBLICAN,exact,2,0,2,0,0,2024-03-28,2024-03-28,223589.0,69.80917055381752,True,-39.618341107635054,30.190829446182473,False,False,True,False,2,100.0,1,False,
2022,house,UT,02,CHRIS STEWART,Chris Stewart,REPUBLICAN,exact,1,0,0,0,0,2022-06-28,2022-06-28,154883.0,59.70840288513063,True,-27.419613585787328,36.290193207106334,False,False,True,False,1,100.0,1,False,
2022,house,FL,02,"AL LAWSON, JR",Al Lawson,DEMOCRAT,exact,5,0,2,3,0,2021-03-19,2022-07-20,121153.0,40.19821559512789,False,-19.603568809744218,40.19821559512789,False,False,True,False,5,100.0,1,False,
2022,house,AR,01,"ERIC A ""RICK"" CRAWFORD",Rick Crawford,REPUBLICAN,nickname,2,0,1,0,0,,,153774.0,73.79782312402818,True,-47.59564624805636,26.20217687597182,False,False,True,False,2,100.0,1,False,
2024,house,NM,03,TERESA LEGER FERNANDEZ,Teresa Leger Fernandez,DEMOCRAT,exact,12,0,11,1,0,2023-09-20,2023-12-18,162342.0,56.285299226494054,True,12.570598452988104,56.285299226494054,False,False,True,False,12,100.0,1,False,
2022,house,LA,03,CLAY HIGGINS,Clay Higgins,REPUBLICAN,exact,6,0,0,0,0,2022-06-16,2022-10-10,144423.0,64.3160604225302,True,-71.86666984006092,14.066665079969535,False,False,True,True,9,66.66666666666667,2,False,
2022,house,LA,03,HOLDEN HOGGATT,Holden Hoggatt,REPUBLICAN,exact,3,0,0,0,0,,,24474.0,10.899034522070611,False,-71.86666984006092,14.066665079969535,False,False,False,True,9,33.333333333333336,2,False,
2024,house,MN,01,BRAD FINSTAD,Brad Finstad,REPUBLICAN,exact,3,0,3,0,0,2024-08-15,2024-08-15,220929.0,58.50858445819794,True,-17.10928058011577,41.44535970994212,False,False,True,False,3,100.0,1,False,
2022,house,LA,04,MIKE JOHNSON,Mike Johnson,REPUBLICAN,exact,1,0,0,0,0,2022-04-06,2022-04-06,1.0,100.0,True,,,True,True,True,False,1,100.0,1,False,
2024,house,KS,02,DEREK SCHMIDT,Derek Schmidt,REPUBLICAN,exact,2,0,1,0,0,2024-07-26,2024-07-26,172847.0,57.09024610171059,True,-19.81132075471698,40.094339622641506,False,False,True,False,4,50.0,2,True,0.0
2024,house,KS,02,NANCY BOYDA,Nancy Boyda,DEMOCRAT,exact,2,0,0,1,1,2024-10-24,2024-10-24,115685.0,38.21000723342835,False,-19.81132075471698,40.094339622641506,False,False,True,False,4,50.0,2,True,0.0
2024,house,OR,03,MAXINE E. DEXTER,Maxine Dexter,DEMOCRAT,core,36,0,6,20,6,2023-07-10,2024-10-25,226405.0,67.71112154535857,True,45.71567406492056,72.85783703246028,False,False,True,False,36,100.0,1,False,
2024,house,CT,02,JOE COURTNEY,Joe Courtney,DEMOCRAT,exact,5,0,4,1,0,2024-05-13,2024-05-13,218162.0,58.014556691051915,True,16.03127326880119,58.01563663440059,False,False,True,False,6,83.33333333333333,2,True,66.66666666666666
2024,house,CT,02,MIKE FRANCE,Mike France,REPUBLICAN,exact,1,0,1,0,0,,,157878.0,41.983581839504104,False,16.03127326880119,58.01563663440059,False,False,True,False,6,16.666666666666668,2,True,66.66666666666666
2024,house,OR,04,MONIQUE DESPAIN,Monique DeSpain,REPUBLICAN,exact,2,0,1,0,0,2023-11-27,2024-04-08,166430.0,43.94017398650878,False,8.123833813608913,54.061916906804456,False,False,True,False,16,12.5,2,True,75.0
2024,house,OR,04,VAL T. HOYLE,Val Hoyle,DEMOCRAT,core,14,0,9,4,1,2024-03-21,2024-08-19,195862.0,51.71069132575607,True,8.123833813608913,54.061916906804456,False,False,True,False,16,87.5,2,True,75.0
2022,house,KY,05,HAROLD ROGERS,Hal Rogers,REPUBLICAN,surname_initial,1,0,0,0,0,,,177712.0,82.17135987423129,True,-64.34955909757191,17.825220451214044,False,False,True,False,2,50.0,2,True,0.0
2022,house,KY,05,CONOR HALBLEIB,Conor Halblieb,DEMOCRAT,fuzzy,1,0,1,0,0,,,38549.0,17.824478660933092,False,-64.34955909757191,17.825220451214044,False,False,True,False,2,50.0,2,True,0.0
2024,house,NY,17,MICHAEL LAWLER,Mike Lawler,REPUBLICAN,exact,11,0,6,2,0,2023-09-19,2024-04-22,197845.0,52.1319708675443,True,-6.441529654816217,46.77923517259189,False,False,True,False,39,28.205128205128204,2,True,43.58974358974359
2024,house,NY,17,MONDAIRE L. JONES,Mondaire Jones,DEMOCRAT,core,28,0,16,4,0,2023-03-28,2024-03-14,173899.0,45.822222456443605,False,-6.441529654816217,46.77923517259189,False,False,True,False,39,71.7948717948718,2,True,43.58974358974359
2022,house,NC,13,BO HINES,Bo Hines,REPUBLICAN,exact,9,0,3,0,0,2021-11-10,2022-03-14,134256.0,48.407404469507405,False,3.185191060985195,51.592595530492595,False,False,True,False,19,47.36842105263158,2,True,5.263157894736835
2022,house,NC,13,WILEY NICKEL,Wiley Nickel,DEMOCRAT,exact,10,0,6,1,1,2021-11-04,2022-07-19,143090.0,51.592595530492595,True,3.185191060985195,51.592595530492595,False,False,True,False,19,52.63157894736842,2,True,5.263157894736835
2024,house,WA,03,MARIE GLUESENKAMP PEREZ,Marie Gluesenkamp Perez,DEMOCRAT,exact,32,0,19,11,1,2023-03-15,2024-10-21,215177.0,51.73717973378472,True,3.8922726691145764,51.94613633455729,False,False,True,False,41,78.04878048780488,2,True,56.09756097560975
2024,house,WA,03,JOE KENT,Joe Kent,REPUBLICAN,exact,9,0,3,0,0,2023-01-14,2024-08-18,199054.0,47.860563976302224,False,3.8922726691145764,51.94613633455729,False,False,True,False,41,21.951219512195124,2,True,56.09756097560975
2024,house,WA,04,DAN NEWHOUSE,Dan Newhouse,REPUBLICAN,exact,37,5,16,1,1,2023-12-05,2024-10-20,153477.0,52.01693260848935,True,,,True,False,True,True,44,84.0909090909091,2,False,
2024,house,WA,04,JERROD SESSLER,Jerrod Sessler,REPUBLICAN,exact,7,0,2,0,0,2023-12-05,2024-04-19,136175.0,46.152881525968304,False,,,True,False,False,True,44,15.909090909090908,2,False,
2024,house,OH,10,AMY COX,Amy Cox,DEMOCRAT,exact,3,0,1,1,0,2023-03-15,2023-03-15,145420.0,39.223619405199244,False,-19.012015649583002,40.4939921752085,False,False,True,False,5,60.0,2,True,20.0
2024,house,OH,10,MICHAEL R. TURNER,Mike Turner,REPUBLICAN,core,2,0,2,0,0,2023-03-15,2024-01-30,213695.0,57.63919233113776,True,-19.012015649583002,40.4939921752085,False,False,True,False,5,40.0,2,True,20.0
2024,house,MI,13,SHRI THANEDAR,Shri Thanedar,DEMOCRAT,exact,10,0,5,2,0,,,220788.0,68.64252648072899,True,47.3368812665788,73.6684406332894,False,False,True,False,10,100.0,1,False,
2024,senate,MS,,TY PINKINS,Ty Pinkins,DEMOCRAT,exact,6,0,6,0,0,,,451981.0,37.18780879726115,False,-25.6243824054777,37.18780879726115,False,False,True,False,16,37.5,2,True,-25.0
2024,senate,MS,,ROGER F. WICKER,Roger Wicker,REPUBLICAN,core,10,0,8,0,0,2024-02-20,2024-02-29,763420.0,62.81219120273885,True,-25.6243824054777,37.18780879726115,False,False,True,False,16,62.5,2,True,-25.0
2022,house,MD,08,JAMIE RASKIN,Jamie Raskin,DEMOCRAT,exact,30,0,18,10,2,2022-02-28,2022-07-28,211842.0,80.18061664004603,True,63.07643750938196,81.53821875469099,False,False,True,False,32,93.75,2,True,87.5
2022,house,MD,08,GREGORY THOMAS COLL,Gregory Coll,REPUBLICAN,core,2,0,2,0,0,,,47965.0,18.15439467688092,False,63.07643750938196,81.53821875469099,False,False,True,False,32,6.25,2,True,87.5
2024,senate,TX,,TED CRUZ,Ted Cruz,REPUBLICAN,exact,17,2,9,1,0,2023-07-12,2024-10-21,5990741.0,53.0536526596961,True,-8.70525195540914,45.64737402229543,False,False,True,False,85,20.0,2,True,60.0
2024,senate,TX,,COLIN ALLRED,Colin Allred,DEMOCRAT,exact,68,10,16,4,10,2023-03-22,2024-10-30,5031249.0,44.55644750631738,False,-8.70525195540914,45.64737402229543,False,False,True,False,85,80.0,2,True,60.0
2022,house,TN,03,"CHARLES J ""CHUCK"" FLEISCHMANN",Chuck Fleischmann,REPUBLICAN,core,1,0,0,0,0,2021-06-18,2021-06-18,136639.0,68.37762097783116,True,-38.738811918384755,30.630594040807622,False,False,True,False,1,100.0,1,False,
2024,house,WI,02,MARK POCAN,Mark Pocan,DEMOCRAT,exact,13,0,9,3,0,2023-06-22,2023-06-22,320317.0,70.05185267803445,True,40.28256480552867,70.14128240276433,False,False,True,False,13,100.0,1,False,
2024,house,TN,01,DIANA HARSHBARGER,Diana Harshbarger,REPUBLICAN,exact,2,0,1,0,0,2024-05-28,2024-05-28,257825.0,78.08170224622121,True,-60.21637677647073,19.891811611764634,False,False,True,False,2,100.0,1,False,
2024,house,IL,11,BILL FOSTER,Bill Foster,DEMOCRAT,exact,37,0,9,7,2,2023-05-08,2024-05-14,199825.0,55.55571001212175,True,11.182206395793632,55.591103197896814,False,False,True,False,37,100.0,1,False,
2024,house,NY,18,PATRICK RYAN,Pat Ryan,DEMOCRAT,exact,20,0,15,3,0,2023-04-27,2024-03-07,207106.0,57.131271223611,True,14.3489723522023,57.17448617610115,False,False,True,False,27,74.07407407407408,2,True,48.14814814814815
2024,house,NY,18,ALISON ESPOSITO,Alison Esposito,REPUBLICAN,exact,7,0,2,0,0,2023-11-12,2024-06-22,155129.0,42.79314444606892,False,14.3489723522023,57.17448617610115,False,False,True,False,27,25.925925925925927,2,True,48.14814814814815
2024,house,NM,02,GABE VASQUEZ,Gabe Vasquez,DEMOCRAT,exact,11,0,10,1,0,2023-06-21,2024-08-19,138177.0,52.07898327315488,True,4.157966546309767,52.07898327315488,False,False,True,False,19,57.89473684210526,2,True,15.78947368421052
2024,house,NM,02,YVETTE HERRELL,Yvette Herrell,REPUBLICAN,exact,8,0,4,0,0,2023-06-30,2024-06-06,127145.0,47.92101672684512,False,4.157966546309767,52.07898327315488,False,False,True,False,19,42.10526315789474,2,True,15.78947368421052
2022,house,TX,23,TONY GONZALES,Tony Gonzales,REPUBLICAN,exact,1,0,1,0,0,,,116649.0,55.8728014714335,True,-18.068179517804005,40.965910241098,False,False,True,False,11,9.090909090909092,2,True,81.81818181818181
2022,house,TX,23,JOHN LIRA,John Lira,DEMOCRAT,exact,10,0,6,1,0,2021-06-17,2022-04-04,80947.0,38.772176878568416,False,-18.068179517804005,40.965910241098,False,False,True,False,11,90.9090909090909,2,True,81.81818181818181
2024,house,AL,03,MIKE ROGERS,Mike Rogers,REPUBLICAN,exact,5,0,4,0,0,2023-11-01,2024-02-15,243848.0,97.92777742080575,True,,,True,False,True,False,5,100.0,1,False,
2022,house,NJ,10,"DONALD M PAYNE, JR",Donald Payne Jr.,DEMOCRAT,core,25,0,5,3,0,2022-02-07,2022-10-17,100710.0,77.64422891594131,True,58.970190129673334,79.48509506483667,False,False,True,False,25,100.0,1,False,
2022,house,LA,02,TROY A CARTER,Troy Carter,DEMOCRAT,core,1,0,1,0,0,,,158120.0,77.11402751564276,True,54.22805503128551,77.11402751564276,False,False,True,False,1,100.0,1,False,
2024,house,AL,04,ROBERT B. ADERHOLT,Robert Aderholt,REPUBLICAN,core,5,0,4,0,0,2023-11-28,2024-08-09,274498.0,98.785771866183,True,,,True,False,True,False,5,100.0,1,False,
2024,house,IL,17,ERIC SORENSEN,Eric Sorensen,DEMOCRAT,exact,28,0,20,5,0,2023-06-09,2024-02-28,170261.0,54.42639405679798,True,8.85278811359597,54.42639405679798,False,False,True,False,36,77.77777777777777,2,True,55.55555555555555
2024,house,IL,17,JOE MCGRAW,Joe McGraw,REPUBLICAN,exact,8,0,3,0,1,2024-01-18,2024-06-06,142567.0,45.57360594320202,False,8.85278811359597,54.42639405679798,False,False,True,False,36,22.22222222222222,2,True,55.55555555555555
2024,house,PA,16,MIKE KELLY,Mike Kelly,REPUBLICAN,exact,2,0,2,0,0,,,256923.0,63.6527827327863,True,-27.305565465572602,36.3472172672137,False,False,True,False,3,66.66666666666667,2,True,-33.333333333333336
2024,house,PA,16,PRESTON NOURI,Preston Nouri,DEMOCRAT,exact,1,0,0,1,0,,,146709.0,36.3472172672137,False,-27.305565465572602,36.3472172672137,False,False,True,False,3,33.333333333333336,2,True,-33.333333333333336
2022,house,IL,09,JANICE D SCHAKOWSKY,Jan Schakowsky,DEMOCRAT,surname_initial,8,0,8,0,0,2021-11-03,2022-07-12,179615.0,71.6940087015527,True,43.388017403105415,71.6940087015527,False,False,True,False,8,100.0,1,False,
2022,house,MS,01,TRENT KELLY,Trent Kelly,REPUBLICAN,exact,1,0,0,0,0,2022-06-05,2022-06-05,122151.0,72.97432925700016,True,-45.94865851400032,27.02567074299984,False,False,True,False,1,100.0,1,False,
2024,house,FL,07,CORY MILLS,Cory Mills,REPUBLICAN,exact,3,0,2,0,0,2024-06-17,2024-08-15,233937.0,56.52645618986406,True,-13.052912379728117,43.47354381013594,False,False,True,False,3,100.0,1,False,
2024,house,OR,02,CLIFF BENTZ,Cliff Bentz,REPUBLICAN,exact,1,0,1,0,0,,,224601.0,63.89986599865145,True,-32.14233183698204,33.92883408150898,False,False,True,False,1,100.0,1,False,
2022,house,KS,03,SHARICE DAVIDS,Sharice Davids,DEMOCRAT,exact,17,0,17,0,0,2021-03-19,2022-04-21,165527.0,54.93869775037007,True,12.463395908494867,56.23169795424743,False,False,True,False,21,80.95238095238095,2,True,61.9047619047619
2022,house,KS,03,AMANDA L ADKINS,Amanda Adkins,REPUBLICAN,core,4,0,2,0,0,2021-08-06,2022-02-03,128839.0,42.76188706047913,False,12.463395908494867,56.23169795424743,False,False,True,False,21,19.047619047619047,2,True,61.9047619047619
2022,house,MN,01,BRAD FINSTAD,Brad Finstad,REPUBLICAN,exact,2,0,1,0,1,2022-08-05,2022-10-18,159621.0,53.826543515867634,True,-11.984088565234778,44.007955717382615,False,False,True,False,2,100.0,1,False,
2022,house,TX,01,"JRMAR ""JJ"" JEFFERSON",Jrmar Jefferson,DEMOCRAT,exact,2,0,0,2,0,2022-02-10,2022-07-11,51438.0,21.920038182577496,False,-56.15992363484501,21.920038182577496,False,False,True,False,2,100.0,1,False,
2022,house,TX,30,JASMINE CROCKETT,Jasmine Crockett,DEMOCRAT,exact,8,0,5,0,1,2021-11-05,2022-08-12,134876.0,74.71816434273431,True,54.95418904558118,77.4770945227906,False,False,True,False,8,100.0,1,False,
2022,house,VA,10,JENNIFER WEXTON,Jennifer Wexton,DEMOCRAT,exact,7,0,7,0,0,,,157405.0,53.15132789680731,True,6.510177015103124,53.25508850755156,False,False,True,False,7,100.0,1,False,
2024,house,WA,02,RICK LARSEN,Rick Larsen,DEMOCRAT,exact,11,0,6,5,0,2024-06-03,2024-06-03,263750.0,63.8279850926867,True,28.059779033154737,64.02988951657737,False,False,True,False,11,100.0,1,False,
2024,house,GA,03,BRIAN JACK,Brian Jack,REPUBLICAN,exact,12,0,2,0,0,2024-01-10,2024-06-05,273036.0,66.30547494444917,True,-32.61094988889833,33.694525055550834,False,False,True,False,12,100.0,1,False,
2024,house,GA,04,"HENRY C. ""HANK"" JOHNSON, JR.",Hank Johnson,DEMOCRAT,core,3,0,0,3,0,,,229290.0,75.58321603633954,True,51.166432072679086,75.58321603633954,False,False,True,False,3,100.0,1,False,
2022,house,NC,14,JEFF JACKSON,Jeff Jackson,DEMOCRAT,exact,6,0,6,0,0,2022-04-07,2022-08-02,148738.0,57.70585679257581,True,15.411713585151618,57.70585679257581,False,False,True,False,6,100.0,1,False,
2024,house,TN,07,MEGAN BARRY,Megan Barry,DEMOCRAT,exact,5,0,1,1,0,2024-04-26,2024-04-26,122764.0,38.04795199841317,False,-21.994179618498137,39.00291019075093,False,False,True,False,8,62.5,2,True,25.0
2024,house,TN,07,MARK E. GREEN,Mark Green,REPUBLICAN,core,3,0,1,0,0,2024-02-29,2024-03-05,191992.0,59.50361995437866,True,-21.994179618498137,39.00291019075093,False,False,True,False,8,37.5,2,True,25.0
2022,house,CT,02,JOE COURTNEY,Joe Courtney,DEMOCRAT,exact,3,0,2,1,0,2021-02-09,2021-02-09,165946.0,58.22033392859022,True,18.34181963401937,59.17090981700969,False,False,True,False,3,100.0,1,False,
2024,house,AZ,03,YASSAMIN ANSARI,Yassamin Ansari,DEMOCRAT,exact,9,0,3,4,0,2023-09-20,2024-09-26,143336.0,70.9355900329102,True,45.488502392903,72.7442511964515,False,False,True,False,9,100.0,1,False,
2024,house,NJ,05,JOSH GOTTHEIMER,Josh Gottheimer,DEMOCRAT,exact,21,0,8,2,0,2024-01-09,2024-09-30,208359.0,54.56009468719969,True,11.527488585452542,55.76374429272627,False,False,True,False,24,87.5,2,True,75.0
2024,house,NJ,05,MARY JO GUINCHARD,Mary Jo-Ann Guinchard,REPUBLICAN,core,3,0,1,0,0,2024-02-20,2024-03-21,165287.0,43.28142470717931,False,11.527488585452542,55.76374429272627,False,False,True,False,24,12.5,2,True,75.0
2022,house,IN,03,JIM BANKS,Jim Banks,REPUBLICAN,exact,2,0,1,0,0,2022-04-28,2022-07-25,131579.0,65.2861438310625,True,-36.950186306958926,31.524906846520537,False,False,True,False,3,66.66666666666667,2,True,-33.333333333333336
2022,house,IN,03,GARY L SNYDER,Gary Snyder,DEMOCRAT,core,1,0,0,1,0,,,60577.0,30.056762362187534,False,-36.950186306958926,31.524906846520537,False,False,True,False,3,33.333333333333336,2,True,-33.333333333333336
2024,house,AZ,04,GREG STANTON,Greg Stanton,DEMOCRAT,exact,14,0,11,3,0,2023-07-24,2024-10-28,176428.0,52.736702087910444,True,7.420847540185095,53.71042377009255,False,False,True,False,14,100.0,1,False,
2022,house,IN,04,JAMES R BAIRD,Jim Baird,REPUBLICAN,core,2,0,1,0,0,2022-04-29,2022-04-29,134864.0,68.21717973879352,True,-36.43435947758703,31.782820261206485,False,False,True,False,2,100.0,1,False,
2022,house,WA,03,JOE KENT,Joe Kent,REPUBLICAN,exact,24,1,7,0,0,2021-04-09,2022-10-27,157685.0,49.31370188172968,False,0.8267321595350928,50.41336607976755,False,False,True,False,33,72.72727272727273,2,True,-45.45454545454546
2022,house,WA,03,MARIE GLUESENKAMP PEREZ,Marie Gluesenkamp Perez,DEMOCRAT,exact,9,0,4,2,1,2021-10-07,2022-10-27,160314.0,50.1358835873267,True,0.8267321595350928,50.41336607976755,False,False,True,False,33,27.272727272727273,2,True,-45.45454545454546
2022,house,WA,04,DAN NEWHOUSE,Dan Newhouse,REPUBLICAN,exact,4,0,3,0,0,2022-05-04,2022-05-04,150619.0,66.45532480024002,True,-36.10417071418567,31.947914642907165,False,False,True,False,4,100.0,1,False,
2022,house,MI,13,SHRI THANEDAR,Shri Thanedar,DEMOCRAT,exact,2,0,2,0,0,,,166650.0,71.08307314326662,True,49.57121124409321,74.7856056220466,False,False,True,False,2,100.0,1,False,
2022,house,TN,02,MARK HARMON,Mark Harmon,DEMOCRAT,exact,1,0,0,1,0,2022-05-24,2022-05-24,66673.0,32.091046485882885,False,-35.81790702823423,32.091046485882885,False,False,True,False,1,100.0,1,False,
2024,senate,ME,,ANGUS S. KING JR.,Angus King,OTHER,core,10,0,8,1,0,2024-06-03,2024-09-23,427570.0,50.753341159740614,True,-52.385289398326854,23.807355300836573,False,False,False,False,12,83.33333333333333,2,False,
2024,senate,ME,,DEMI KOUZOUNAS,"Demitroula ""Demi"" Kouzounas",REPUBLICAN,surname_initial,2,0,0,0,0,2024-08-28,2024-09-24,284434.0,33.76283611906743,False,-52.385289398326854,23.807355300836573,False,False,True,False,12,16.666666666666668,2,False,
2024,house,OK,03,FRANK D. LUCAS,Frank Lucas,REPUBLICAN,core,3,0,3,0,0,2024-02-15,2024-02-15,1.0,-100.0,True,,,True,True,True,False,3,100.0,1,False,
2022,house,MN,07,MICHELLE FISCHBACH,Michelle Fischbach,REPUBLICAN,exact,5,0,4,0,0,2021-10-21,2021-10-21,204766.0,66.94630982194818,True,-41.598293346610376,29.200853326694812,False,False,True,False,6,83.33333333333333,2,True,-66.66666666666666
2022,house,MN,07,JILL ABAHSAIN,Jill Abahsain,DEMOCRAT,exact,1,0,1,0,0,,,84455.0,27.611764628955164,False,-41.598293346610376,29.200853326694812,False,False,True,False,6,16.666666666666668,2,True,-66.66666666666666
2024,house,GA,12,RICK W. ALLEN,Rick Allen,REPUBLICAN,core,1,0,1,0,0,,,205849.0,60.31922312799986,True,-20.638446255999717,39.68077687200014,False,False,True,False,1,100.0,1,False,
2024,house,OK,04,TOM COLE,Tom Cole,REPUBLICAN,exact,7,0,6,0,0,2024-02-15,2024-06-17,199962.0,65.24620439647212,True,-39.539362811973355,30.230318594013323,False,False,True,False,7,100.0,1,False,
2022,senate,KY,,RAND PAUL,Rand Paul,REPUBLICAN,exact,29,2,16,0,0,2021-04-09,2022-10-24,913326.0,61.80183106311281,True,-23.619806488332383,38.19009675583381,False,False,True,False,81,35.80246913580247,2,True,28.395061728395063
2022,senate,KY,,CHARLES BOOKER,Charles Booker,DEMOCRAT,exact,52,0,27,10,1,2021-05-02,2022-10-21,564311.0,38.18510924801905,False,-23.619806488332383,38.19009675583381,False,False,True,False,81,64.19753086419753,2,True,28.395061728395063
2024,house,AL,02,CAROLEENE DOBSON,Caroleene Dobson,REPUBLICAN,exact,7,0,4,0,0,2023-12-01,2024-11-04,131414.0,45.36617024655302,False,9.199011936224975,54.59950596811249,False,False,True,False,26,26.923076923076923,2,True,46.15384615384616
2024,house,AL,02,SHOMARI FIGURES,Shomari Figures,DEMOCRAT,exact,19,0,6,1,0,2023-10-30,2024-11-01,158041.0,54.558227524734704,True,9.199011936224975,54.59950596811249,False,False,True,False,26,73.07692307692308,2,True,46.15384615384616
2022,house,IL,11,BILL FOSTER,Bill Foster,DEMOCRAT,exact,12,0,9,0,0,2021-03-19,2022-08-18,149172.0,56.453010698566835,True,12.906021397133678,56.453010698566835,False,False,True,False,18,66.66666666666667,2,True,33.333333333333336
2022,house,IL,11,CATALINA LAUF,Catalina Lauf,REPUBLICAN,exact,6,0,2,0,0,2020-02-19,2022-05-09,115069.0,43.546989301433165,False,12.906021397133678,56.453010698566835,False,False,True,False,18,33.333333333333336,2,True,33.333333333333336
2024,house,PA,03,DWIGHT EVANS,Dwight Evans,DEMOCRAT,exact,7,0,3,3,1,2022-10-29,2024-04-09,340223.0,100.0,True,,,True,False,True,False,7,100.0,1,False,
2024,house,KY,01,JAMES COMER,James Comer,REPUBLICAN,exact,2,0,2,0,0,,,252729.0,74.71596704242091,True,-49.43193408484182,25.28403295757909,False,False,True,False,4,50.0,2,True,0.0
2024,house,KY,01,ERIN MARSHALL,Erin Marshall,DEMOCRAT,exact,2,0,1,1,0,,,85524.0,25.28403295757909,False,-49.43193408484182,25.28403295757909,False,False,True,False,4,50.0,2,True,0.0
2024,house,PA,04,MADELEINE DEAN,Madeleine Dean,DEMOCRAT,exact,9,0,6,2,0,2023-12-20,2024-02-02,269066.0,59.0674894571734,True,18.134978914346807,59.0674894571734,False,False,True,False,9,100.0,1,False,
2024,house,FL,06,MICHAEL WALTZ,Michael Waltz,REPUBLICAN,exact,4,0,3,0,0,2024-03-28,2024-06-26,284414.0,66.53363713348648,True,-33.07038721389404,33.46480639305298,False,False,True,False,4,100.0,1,False,
2024,house,MN,08,PETE STAUBER,Pete Stauber,REPUBLICAN,exact,4,0,3,1,0,2024-08-22,2024-08-22,244498.0,57.99205893654265,True,-16.089852856688395,41.9550735716558,False,False,True,False,5,80.0,2,True,-60.0
2024,house,MN,08,JEN SCHULTZ,Jennifer Schultz,DEMOCRAT,exact,1,0,0,1,0,,,176724.0,41.916860765738626,False,-16.089852856688395,41.9550735716558,False,False,True,False,5,20.0,2,True,-60.0
2024,house,GA,02,"SANFORD D. BISHOP, JR.",Sanford Bishop,DEMOCRAT,core,4,0,2,2,0,,,176028.0,56.328779747904804,True,12.657559495809613,56.328779747904804,False,False,True,False,4,100.0,1,False,
2022,house,ME,01,CHELLIE PINGREE,Chellie Pingree,DEMOCRAT,exact,4,0,4,0,0,2022-03-03,2022-03-03,219753.0,61.359866866961895,True,25.92717812363903,62.96358906181951,False,False,True,False,4,100.0,1,False,
2024,house,IL,08,RAJA KRISHNAMOORTHI,Raja Krishnamoorthi,DEMOCRAT,exact,15,0,8,7,0,,,172920.0,57.05556087147321,True,14.111121742946418,57.05556087147321,False,False,True,False,16,93.75,2,True,87.5
2024,house,IL,08,MARK RICE,Mark Rice,REPUBLICAN,exact,1,0,0,0,0,2024-03-27,2024-03-27,130153.0,42.94443912852679,False,14.111121742946418,57.05556087147321,False,False,True,False,16,6.25,2,True,87.5
2024,house,AZ,02,JONATHAN NEZ,Jonathan Nez,DEMOCRAT,exact,12,0,4,5,0,2023-12-09,2024-10-24,184963.0,45.50907780164407,False,-8.969525759395239,45.51523712030238,False,False,True,False,14,85.71428571428571,2,True,71.42857142857142
2024,house,AZ,02,ELIJAH CRANE,Eli Crane,REPUBLICAN,surname_initial,2,0,2,0,0,,,221413.0,54.477389766036545,True,-8.969525759395239,45.51523712030238,False,False,True,False,14,14.285714285714286,2,True,71.42857142857142
2022,senate,VT,,PETER WELCH,Peter Welch,DEMOCRAT,exact,26,0,18,1,1,2021-11-22,2022-11-03,196575.0,68.40103554104932,True,41.90937868850684,70.95468934425342,False,False,True,False,39,66.66666666666667,2,True,33.333333333333336
2022,senate,VT,,GERALD MALLOY,Gerald Malloy,REPUBLICAN,exact,13,0,0,0,0,2022-06-29,2022-11-03,80468.0,27.999972162875018,False,41.90937868850684,70.95468934425342,False,False,True,False,39,33.333333333333336,2,True,33.333333333333336
2022,house,WA,02,RICK LARSEN,Rick Larsen,DEMOCRAT,exact,5,0,3,2,0,2021-03-19,2022-10-22,202980.0,60.06693832618674,True,20.350414301172496,60.175207150586246,False,False,True,False,5,100.0,1,False,
2024,house,TN,06,JOHN W. ROSE,John Rose,REPUBLICAN,core,2,0,1,0,0,,,225543.0,67.99874580553353,True,-35.99749161106706,32.00125419446647,False,False,True,False,2,100.0,1,False,
2024,house,VA,05,JOHN J. MCGUIRE III,John McGuire,REPUBLICAN,core,13,0,2,0,0,2024-01-31,2024-06-17,249564.0,57.260593934916336,True,-15.061331095706938,42.46933445214653,False,False,True,False,14,92.85714285714286,2,True,-85.71428571428572
2024,house,VA,05,GLORIA TINSLEY WITT,Glorida Witt,DEMOCRAT,surname_initial,1,1,0,0,0,2024-08-13,2024-08-13,184229.0,42.26996666200134,False,-15.061331095706938,42.46933445214653,False,False,True,False,14,7.142857142857143,2,True,-85.71428571428572
2024,house,MD,04,GLENN IVEY,Glenn Ivey,DEMOCRAT,exact,12,0,7,5,0,2023-12-18,2023-12-18,239596.0,88.42159648669595,True,77.44565821144232,88.72282910572116,False,False,True,False,12,100.0,1,False,
2024,house,NV,04,JOHN LEE,John Lee,REPUBLICAN,exact,4,0,0,0,0,2023-11-02,2024-06-03,148061.0,44.56903246780612,False,8.317672228294018,54.15883611414701,False,False,True,False,28,14.285714285714286,3,True,67.85714285714285
2024,house,NV,04,RUSSELL BEST,Russell Best,OTHER,exact,1,0,0,0,0,,,4919.0,1.4807077536227522,False,8.317672228294018,54.15883611414701,False,False,False,False,28,3.5714285714285716,3,True,67.85714285714285
2024,house,NV,04,STEVEN HORSFORD,Steven Horsford,DEMOCRAT,exact,23,0,17,4,0,2023-04-27,2024-02-06,174926.0,52.655882193578684,True,8.317672228294018,54.15883611414701,False,False,True,False,28,82.14285714285714,3,True,67.85714285714285
2024,house,PA,12,SUMMER L. LEE,Summer Lee,DEMOCRAT,core,44,0,19,12,0,2023-08-29,2024-04-18,234802.0,56.4118704171752,True,12.823740834350405,56.4118704171752,False,False,True,False,44,100.0,1,False,
2024,house,OK,02,JOSH BRECHEEN,Josh Brecheen,REPUBLICAN,exact,2,0,2,0,0,,,238123.0,74.1758430028814,True,-55.14718338306772,22.42640830846614,False,False,True,False,3,66.66666666666667,2,True,-33.333333333333336
2024,house,OK,02,BRANDON WADE,Brandon Wade,DEMOCRAT,exact,1,0,1,0,0,,,68841.0,21.444124289385563,False,-55.14718338306772,22.42640830846614,False,False,True,False,3,33.333333333333336,2,True,-33.333333333333336
2022,house,TX,31,JOHN R CARTER,John Carter,REPUBLICAN,core,2,0,1,0,0,,,183185.0,100.0,True,,,True,False,True,False,2,100.0,1,False,
2022,house,NY,18,PATRICK RYAN,Pat Ryan,DEMOCRAT,exact,5,0,5,0,0,2022-03-26,2022-11-08,135245.0,49.60989226643973,True,1.3458324903146521,50.672916245157325,False,False,True,False,8,62.5,2,True,25.0
2022,house,NY,18,COLIN J SCHMITT,Colin Schmitt,REPUBLICAN,core,3,0,1,0,0,2021-08-17,2021-12-21,131653.0,48.29229285040918,False,1.3458324903146521,50.672916245157325,False,False,True,False,8,37.5,2,True,25.0
2024,house,OH,05,ROBERT E. LATTA,Bob Latta,REPUBLICAN,core,2,0,2,0,0,2023-08-31,2023-08-31,255633.0,67.51043820660915,True,-35.020876413218296,32.489561793390855,False,False,True,False,2,100.0,1,False,
2022,house,MN,06,TOM EMMER,Tom Emmer,REPUBLICAN,exact,1,0,1,0,0,,,198145.0,61.96543107950477,True,-24.230008432681185,37.884995783659406,False,False,True,False,1,100.0,1,False,
2022,house,OK,03,FRANK D LUCAS,Frank Lucas,REPUBLICAN,core,7,0,3,0,1,2021-03-06,2022-06-06,147418.0,74.53936856582327,True,-49.07873713164654,25.46063143417673,False,False,True,False,7,100.0,1,False,
2022,house,NY,22,FRANCIS CONOLE,Francis Conole,DEMOCRAT,exact,34,0,6,2,0,2021-11-08,2022-09-13,132913.0,48.511758114613784,False,-0.9800452213948603,49.50997738930257,False,False,True,False,35,97.14285714285714,2,True,94.28571428571428
2022,house,NY,22,BRANDON M WILLIAMS,Brandon Williams,REPUBLICAN,core,1,0,1,0,0,2022-03-05,2022-03-05,135544.0,49.47204368186115,True,-0.9800452213948603,49.50997738930257,False,False,True,False,35,2.857142857142857,2,True,94.28571428571428
2022,house,OK,04,TOM COLE,Tom Cole,REPUBLICAN,exact,3,0,2,0,0,2022-06-28,2022-06-28,149879.0,66.74757065367453,True,-33.49514130734905,33.25242934632548,False,False,True,False,3,100.0,1,False,
2024,house,PA,02,BRENDAN F. BOYLE,Brendan Boyle,DEMOCRAT,core,6,0,4,2,0,2022-10-29,2023-12-18,193691.0,71.46056388952428,True,42.921127779048575,71.46056388952428,False,False,True,False,6,100.0,1,False,
2022,house,GA,04,"HENRY C ""HANK"" JOHNSON, JR",Hank Johnson,DEMOCRAT,core,2,0,2,0,0,2021-03-19,2021-03-19,216332.0,78.48523767024388,True,56.970475340487745,78.48523767024388,False,False,True,False,2,100.0,1,False,
2022,house,PA,03,DWIGHT EVANS,Dwight Evans,DEMOCRAT,exact,6,0,5,1,0,2022-04-07,2022-06-08,251115.0,95.14274347850797,True,,,True,False,True,False,6,100.0,1,False,
2022,senate,IA,,CHUCK GRASSLEY,Chuck Grassley,REPUBLICAN,exact,87,1,14,0,1,2020-02-20,2022-11-06,681501.0,55.387852563685776,True,-12.196840548191476,43.90157972590426,False,False,True,False,138,63.04347826086956,2,True,-26.086956521739125
2022,senate,IA,,MICHAEL FRANKEN,Michael Franken,DEMOCRAT,exact,51,0,10,2,5,2021-10-15,2022-11-05,533330.0,43.34550265926321,False,-12.196840548191476,43.90157972590426,False,False,True,False,138,36.95652173913044,2,True,-26.086956521739125
2022,house,PA,04,MADELEINE DEAN,Madeleine Dean,DEMOCRAT,exact,13,0,10,3,0,2022-03-23,2022-06-08,224799.0,61.289038537562874,True,22.578077075125755,61.289038537562874,False,False,True,False,14,92.85714285714286,2,True,85.71428571428572
2022,house,PA,04,CHRISTIAN NASCIMENTO,Christian Nascimento,REPUBLICAN,exact,1,0,0,0,0,2022-09-23,2022-09-23,141986.0,38.710961462437126,False,22.578077075125755,61.289038537562874,False,False,True,False,14,7.142857142857143,2,True,85.71428571428572
2022,house,NC,10,PAM GENANT,Pam Genant,DEMOCRAT,exact,1,0,1,0,0,,,73174.0,27.2826585435876,False,-45.36297623714323,27.318511881428385,False,False,True,False,2,50.0,2,True,0.0
2022,house,NC,10,PATRICK T MCHENRY,Patrick McHenry,REPUBLICAN,core,1,0,0,0,0,2022-05-14,2022-05-14,194681.0,72.58609954251753,True,-45.36297623714323,27.318511881428385,False,False,True,False,2,50.0,2,True,0.0
2022,house,NJ,05,JOSH GOTTHEIMER,Josh Gottheimer,DEMOCRAT,exact,7,0,5,1,0,2021-12-29,2022-11-07,145559.0,54.73315710509395,True,10.509733062042576,55.254866531021285,False,False,True,False,15,46.666666666666664,2,True,-6.666666666666671
2022,house,NJ,05,FRANK T PALLOTTA,Frank Pallotta,REPUBLICAN,core,8,0,0,0,0,2021-09-27,2022-11-07,117873.0,44.32265560665255,False,10.509733062042576,55.254866531021285,False,False,True,False,15,53.333333333333336,2,True,-6.666666666666671
2024,house,MI,10,JOHN JAMES,John James,REPUBLICAN,exact,5,0,4,0,0,2023-06-30,2024-07-18,217437.0,51.12543821904957,True,-6.378180039138943,46.81090998043053,False,False,True,False,9,55.55555555555556,2,True,-11.111111111111114
2024,house,MI,10,CARL J. MARLINGA,Carl Marlinga,DEMOCRAT,core,4,0,1,2,0,2024-07-26,2024-07-26,191363.0,44.99472138555988,False,-6.378180039138943,46.81090998043053,False,False,True,False,9,44.44444444444444,2,True,-11.111111111111114
2024,house,MD,02,"JOHN ""JOHNNY O"" OLSZEWSKI, JR.",Johnny Olszewski,DEMOCRAT,exact,36,0,11,9,1,2024-01-26,2024-11-05,223797.0,58.160210398291035,True,19.08022858602305,59.54011429301153,False,False,True,False,40,90.0,2,True,80.0
2024,house,MD,02,KIM KLACIK,Kim Klacik,REPUBLICAN,exact,4,0,0,0,0,2024-02-08,2024-02-08,152079.0,39.522185896869495,False,19.08022858602305,59.54011429301153,False,False,True,False,40,10.0,2,True,80.0
2024,house,NV,02,LYNN CHAPMAN,Lynn Chapman,OTHER,exact,1,0,0,0,0,2024-08-08,2024-08-08,19784.0,4.951149195162969,False,,,True,False,False,False,4,25.0,3,False,
2024,house,NV,02,GREG KIDD,Greg Kidd,OTHER,exact,2,1,0,0,0,2024-08-08,2024-08-08,144064.0,36.05349563546088,False,,,True,False,False,False,4,50.0,3,False,
2024,house,NV,02,MARK E. AMODEI,Mark Amodei,REPUBLICAN,core,1,0,1,0,0,2023-03-15,2023-03-15,219919.0,55.036988468006726,True,,,True,False,True,False,4,25.0,3,False,
2024,house,FL,15,LAUREL M. LEE,Laurel Lee,REPUBLICAN,core,12,0,4,0,1,2023-11-29,2024-10-03,195334.0,56.17969772357957,True,-12.359395447159148,43.82030227642043,False,False,True,False,12,100.0,1,False,
2022,house,IL,08,RAJA KRISHNAMOORTHI,Raja Krishnamoorthi,DEMOCRAT,exact,5,0,5,0,0,2021-11-03,2021-11-03,117880.0,56.88777356851579,True,13.775547137031586,56.88777356851579,False,False,True,False,5,100.0,1,False,
2022,house,AZ,02,TOM O'HALLERAN,Tom O'Halleran,DEMOCRAT,exact,10,0,10,0,0,2021-10-14,2022-03-08,149151.0,46.12023649024725,False,-7.7378448595818385,46.13107757020908,False,False,True,False,11,90.9090909090909,2,True,81.81818181818181
2022,house,AZ,02,ELI CRANE,Eli Crane,REPUBLICAN,exact,1,0,0,0,0,2022-07-23,2022-07-23,174169.0,53.85626290986902,True,-7.7378448595818385,46.13107757020908,False,False,True,False,11,9.090909090909092,2,True,81.81818181818181
2024,house,IA,01,MARIANNETTE MILLER-MEEKS,Mariannette Miller-Meeks,REPUBLICAN,exact,7,0,7,0,0,2024-03-14,2024-06-06,206955.0,49.979713966933765,True,-0.19341048773816238,49.90329475613092,False,False,True,False,26,26.923076923076923,2,True,46.15384615384616
2024,house,IA,01,CHRISTINA BOHANNAN,Christina Bohannan,DEMOCRAT,exact,19,0,13,2,0,2023-03-28,2024-09-09,206156.0,49.7867551524109,False,-0.19341048773816238,49.90329475613092,False,False,True,False,26,73.07692307692308,2,True,46.15384615384616
2024,house,IN,07,ANDRé CARSON,André Carson,DEMOCRAT,exact,7,0,4,3,0,,,185987.0,68.34038831812103,True,40.48470611340023,70.24235305670011,False,False,True,False,7,100.0,1,False,
2022,house,CO,08,YADIRA CARAVEO,Yadira Caraveo,DEMOCRAT,exact,20,0,11,0,1,2021-08-31,2022-10-03,114377.0,48.36216337351639,True,0.7185565467017726,50.35927827335089,False,False,True,False,23,86.95652173913044,2,True,73.91304347826087
2022,house,CO,08,BARBARA KIRKMEYER,Barbara Kirkmeyer,REPUBLICAN,exact,3,0,3,0,0,2021-12-14,2022-10-28,112745.0,47.67210286637266,False,0.7185565467017726,50.35927827335089,False,False,True,False,23,13.043478260869565,2,True,73.91304347826087
2024,house,NY,16,GEORGE S. LATIMER,George Latimer,DEMOCRAT,core,35,0,6,6,3,2023-04-27,2024-06-16,217668.0,71.34807705545121,True,43.16683986898013,71.58341993449007,False,False,True,False,35,100.0,1,False,
2022,house,VA,05,BOB GOOD,Bob Good,REPUBLICAN,exact,16,0,3,0,0,2021-12-29,2022-10-25,177191.0,57.56879690698203,True,-15.36360588175932,42.318197059120344,False,False,True,False,30,53.333333333333336,2,True,-6.666666666666671
2022,house,VA,05,JOSHUA M THRONEBURG,Josh Throneburg,DEMOCRAT,surname_initial,14,0,2,0,0,2021-12-09,2021-12-20,129996.0,42.23529029533123,False,-15.36360588175932,42.318197059120344,False,False,True,False,30,46.666666666666664,2,True,-6.666666666666671
2022,house,PA,12,SUMMER LEE,Summer Lee,DEMOCRAT,exact,35,0,14,4,0,2021-02-21,2022-11-05,184674.0,56.196823078327554,True,12.393646156655103,56.196823078327554,False,False,True,False,35,100.0,1,False,
2022,house,OK,02,JOSH BRECHEEN,Josh Brecheen,REPUBLICAN,exact,9,0,2,0,1,2021-03-06,2022-08-11,167843.0,72.44854794709762,True,-51.184712457833605,24.407643771083197,False,False,True,False,9,100.0,1,False,
2022,house,GA,02,CHRIS WEST,Chris West,REPUBLICAN,exact,1,0,0,0,0,2022-08-03,2022-08-03,108665.0,45.02568989806912,False,9.948620203861772,54.97431010193088,False,False,True,False,3,33.333333333333336,2,True,33.333333333333336
2022,house,GA,02,"SANFORD D BISHOP, JR",Sanford Bishop,DEMOCRAT,core,2,0,2,0,0,,,132675.0,54.97431010193088,True,9.948620203861772,54.97431010193088,False,False,True,False,3,66.66666666666667,2,True,33.333333333333336
2022,house,TX,15,MICHELLE VALLEJO,Michelle Vallejo,DEMOCRAT,exact,47,0,12,3,0,2021-09-29,2022-11-04,68097.0,44.833398073593216,False,-8.64061713902398,45.679691430488006,False,False,True,False,53,88.67924528301887,2,True,77.35849056603774
2022,house,TX,15,MONICA DE LA CRUZ,Monica de la Cruz,REPUBLICAN,exact,6,0,4,0,0,2021-11-10,2022-03-16,80978.0,53.313933201219314,True,-8.64061713902398,45.679691430488006,False,False,True,False,53,11.320754716981131,2,True,77.35849056603774
2024,house,NC,03,GREGORY F. MURPHY,Greg Murphy,REPUBLICAN,core,1,0,1,0,0,,,248276.0,77.38287812343185,True,,,True,False,True,False,1,100.0,1,False,
2022,house,PA,02,BRENDAN F BOYLE,Brendan Boyle,DEMOCRAT,core,5,0,4,1,0,2021-03-19,2022-06-08,141229.0,75.65177332697675,True,51.3035466539535,75.65177332697675,False,False,True,False,5,100.0,1,False,
2024,house,CT,05,JAHANA HAYES,Jahana Hayes,DEMOCRAT,exact,17,0,13,1,0,2023-03-15,2024-05-13,171337.0,50.750729402704344,True,4.284605669593268,52.14230283479663,False,False,True,False,22,77.27272727272727,2,True,54.54545454545454
2024,house,CT,05,GEORGE LOGAN,George Logan,REPUBLICAN,exact,5,0,4,0,0,2024-04-03,2024-08-27,157258.0,46.58047126079294,False,4.284605669593268,52.14230283479663,False,False,True,False,22,22.727272727272727,2,True,54.54545454545454
2022,house,MT,02,PENNY RONNING,Penny Ronning,DEMOCRAT,exact,1,0,1,0,0,,,43480.0,20.16024333246782,False,-47.44317323324812,26.27841338337594,False,False,True,False,12,8.333333333333334,3,True,-8.333333333333334
2022,house,MT,02,GARY BUCHANAN,Gary Buchanan,OTHER,exact,9,0,0,2,0,2022-04-08,2022-10-28,47195.0,21.88276642308691,False,-47.44317323324812,26.27841338337594,False,False,False,False,12,75.0,3,True,-8.333333333333334
2022,house,MT,02,"MATTHEW M ROSENDALE, SR",Matt Rosendale,REPUBLICAN,core,2,0,1,0,0,2021-11-15,2022-07-12,121979.0,56.55764308765162,True,-47.44317323324812,26.27841338337594,False,False,True,False,12,16.666666666666668,3,True,-8.333333333333334
2022,house,RI,01,DAVID N CICILLINE,David Cicilline,DEMOCRAT,core,5,0,3,2,0,2022-06-26,2022-10-18,100318.0,64.00525731494123,True,28.306037487290006,64.153018743645,False,False,True,False,5,100.0,1,False,
2024,house,FL,19,BYRON DONALDS,Byron Donalds,REPUBLICAN,exact,3,0,2,0,0,,,275708.0,66.31645283418241,True,-32.63290566836482,33.68354716581759,False,False,True,False,3,100.0,1,False,
2024,house,NJ,01,DONALD NORCROSS,Donald Norcross,DEMOCRAT,exact,8,0,4,3,0,2023-12-18,2024-05-17,208808.0,57.83193928986872,True,18.23849512171643,59.11924756085821,False,False,True,False,9,88.88888888888889,2,True,77.77777777777777
2024,house,NJ,01,"THEODORE ""TEDDY"" LIDDELL",Teddy Liddell,REPUBLICAN,nickname,1,0,0,0,0,2024-03-08,2024-03-08,144390.0,39.99058328255692,False,18.23849512171643,59.11924756085821,False,False,True,False,9,11.11111111111111,2,True,77.77777777777777
2024,house,NC,12,ALMA S. ADAMS,Alma Adams,DEMOCRAT,core,6,0,6,0,0,2021-02-22,2021-02-22,259627.0,74.01947228122194,True,48.038944562443874,74.01947228122194,False,False,True,False,6,100.0,1,False,
2024,house,CA,37,JUAN REY,Juan Rey,OTHER,exact,1,0,0,0,0,,,44450.0,21.702617985098676,False,,,True,False,False,False,1,100.0,1,False,
2024,house,IN,06,JEFFERSON SHREVE,Jefferson Shreve,REPUBLICAN,exact,4,0,4,0,0,2024-04-22,2024-07-17,201357.0,63.941329082369826,True,-33.70407506025936,33.147962469870315,False,False,True,False,4,100.0,1,False,
2022,senate,ID,,MIKE CRAPO,Mike Crapo,REPUBLICAN,exact,10,0,9,0,0,2021-03-05,2022-05-04,358539.0,60.677791128636464,True,-35.72103182188978,32.13948408905511,False,False,True,False,13,76.92307692307692,2,True,-53.84615384615384
2022,senate,ID,,DAVID ROTH,David Roth,DEMOCRAT,exact,3,0,2,0,1,,,169808.0,28.737666909238605,False,-35.72103182188978,32.13948408905511,False,False,True,False,13,23.076923076923077,2,True,-53.84615384615384
2024,house,WI,05,SCOTT FITZGERALD,Scott Fitzgerald,REPUBLICAN,exact,1,0,1,0,0,2024-02-14,2024-02-14,300521.0,64.39524129921445,True,-28.930828403128444,35.53458579843578,False,False,True,False,1,100.0,1,False,
2024,house,NY,03,THOMAS R. SUOZZI,Tom Suozzi,DEMOCRAT,core,14,0,6,4,0,2023-08-04,2024-08-19,187651.0,51.67683766426895,True,3.576159671472413,51.788079835736205,False,False,True,False,15,93.33333333333333,2,True,86.66666666666666
2024,house,NY,03,"MICHAEL J. LIPETRI, JR.",Mike LiPetri,REPUBLICAN,core,1,0,0,0,0,2023-07-25,2023-07-25,174693.0,48.10835967878741,False,3.576159671472413,51.788079835736205,False,False,True,False,15,6.666666666666667,2,True,86.66666666666666
2024,house,NY,04,ANTHONY D'ESPOSITO,Anthony D'Esposito,REPUBLICAN,exact,8,0,4,0,0,2023-05-10,2024-05-27,183157.0,48.774492833898776,False,2.2946412139220147,51.14732060696101,False,False,True,False,23,34.78260869565217,2,True,30.434782608695656
2024,house,NY,04,LAURA A. GILLEN,Laura Gillen,DEMOCRAT,core,15,0,10,0,0,2023-06-28,2024-09-26,191760.0,51.06546157574337,True,2.2946412139220147,51.14732060696101,False,False,True,False,23,65.21739130434783,2,True,30.434782608695656
2022,house,KY,06,ANDY BARR,Andy Barr,REPUBLICAN,exact,2,0,1,0,0,,,154762.0,62.702882285732805,True,-30.17954552145588,34.91022723927206,False,False,True,False,2,100.0,1,False,
2024,house,UT,01,BLAKE D. MOORE,Blake Moore,REPUBLICAN,core,1,0,1,0,0,,,230975.0,63.126033424889656,True,-32.63220153089057,33.683899234554715,False,False,True,False,1,100.0,1,False,
2024,house,ID,01,RUSS FULCHER,Russ Fulcher,REPUBLICAN,exact,2,0,2,0,0,,,331049.0,67.68727790204586,True,-47.22940594389655,26.385297028051724,False,False,True,False,4,50.0,2,True,0.0
2024,house,ID,01,KAYLEE PETERSON,Kaylee Peterson,DEMOCRAT,exact,2,0,2,0,0,,,118656.0,24.260763955623347,False,-47.22940594389655,26.385297028051724,False,False,True,False,4,50.0,2,True,0.0
2024,house,NJ,07,SUE ALTMAN,Sue Altman,DEMOCRAT,exact,43,0,15,7,0,2023-03-13,2024-09-09,200025.0,46.36669618310702,False,-5.505059571613488,47.24747021419326,False,False,True,False,54,79.62962962962963,2,True,59.25925925925927
2024,house,NJ,07,"THOMAS H. KEAN, JR.",Thomas Kean Jr.,REPUBLICAN,core,11,0,6,0,0,2023-09-19,2024-09-04,223331.0,51.76913198484926,True,-5.505059571613488,47.24747021419326,False,False,True,False,54,20.37037037037037,2,True,59.25925925925927
2024,house,NY,12,MICHAEL K. ZUMBLUSKAS,Michael Zumbluskas,REPUBLICAN,core,1,0,0,0,0,,,62989.0,19.43984939201284,False,61.016109966146175,80.50805498307308,False,False,True,False,18,5.555555555555555,2,True,88.88888888888889
2024,house,NY,12,JERROLD NADLER,Jerry Nadler,DEMOCRAT,surname_initial,17,0,10,5,0,2023-09-12,2024-03-15,260165.0,80.29288315536078,True,61.016109966146175,80.50805498307308,False,False,True,False,18,94.44444444444444,2,True,88.88888888888889
2022,house,CT,05,JAHANA HAYES,Jahana Hayes,DEMOCRAT,exact,12,0,11,1,0,2021-03-26,2022-03-23,123818.0,48.810274685420545,True,0.19258779737821655,50.09629389868911,False,False,True,False,17,70.58823529411765,2,True,41.176470588235304
2022,house,CT,05,GEORGE LOGAN,George Logan,REPUBLICAN,exact,5,0,2,0,0,2022-06-04,2022-10-27,123342.0,48.62263079882683,False,0.19258779737821655,50.09629389868911,False,False,True,False,17,29.41176470588235,2,True,41.176470588235304
2022,senate,UT,,MIKE LEE,Mike Lee,REPUBLICAN,exact,83,1,23,0,0,2021-02-12,2022-10-27,571974.0,53.15442154301661,True,,,True,False,True,False,150,55.333333333333336,2,False,
2022,senate,UT,,EVAN MCMULLIN,Evan McMullin,OTHER,exact,67,20,3,3,0,2021-10-14,2022-11-03,459958.0,42.74460276880214,False,,,True,False,False,False,150,44.666666666666664,2,False,
2024,house,IL,03,DELIA C. RAMIREZ,Delia Ramirez,DEMOCRAT,core,16,0,9,7,0,2024-02-23,2024-02-23,174825.0,67.26418578881758,True,34.57807953443259,67.2890397672163,False,False,True,False,16,100.0,1,False,
2024,house,IL,04,"JESúS G. ""CHUY"" GARCíA",Chuy García,DEMOCRAT,nickname,16,0,7,9,0,2024-01-29,2024-03-11,139343.0,67.5124517917014,True,42.42944609692026,71.21472304846013,False,False,True,False,16,100.0,1,False,
2024,house,FL,09,DARREN SOTO,Darren Soto,DEMOCRAT,exact,6,0,5,1,0,2023-12-18,2023-12-18,178785.0,55.13409997132046,True,12.847589321500594,56.423794660750296,False,False,True,False,7,85.71428571428571,2,True,71.42857142857142
2024,house,FL,09,THOMAS CHALIFOUX,Thomas Chalifoux,REPUBLICAN,exact,1,0,0,0,1,2024-08-13,2024-08-13,138076.0,42.580171645496236,False,12.847589321500594,56.423794660750296,False,False,True,False,7,14.285714285714286,2,True,71.42857142857142
2024,house,VA,01,ROBERT J. WITTMAN,Rob Wittman,REPUBLICAN,core,1,0,1,0,0,,,269657.0,56.30687441794423,True,-12.803125692843787,43.598437153578104,False,False,True,False,4,25.0,2,True,50.0
2024,house,VA,01,LESLIE C. MEHTA,Leslie Mehta,DEMOCRAT,core,3,0,2,0,0,2024-06-18,2024-06-18,208445.0,43.52524294955586,False,-12.803125692843787,43.598437153578104,False,False,True,False,4,75.0,2,True,50.0
2024,house,CO,03,JEFF HURD,Jeff Hurd,REPUBLICAN,exact,19,0,1,0,1,2023-10-26,2024-05-14,201951.0,50.7985098842167,True,-5.155975818671276,47.42201209066436,False,False,True,False,28,67.85714285714286,2,True,-35.714285714285715
2024,house,CO,03,ADAM FRISCH,Adam Frisch,DEMOCRAT,exact,9,0,9,0,0,2023-03-28,2024-02-08,182147.0,45.81703571599258,False,-5.155975818671276,47.42201209066436,False,False,True,False,28,32.142857142857146,2,True,-35.714285714285715
2024,house,CO,04,LAUREN BOEBERT,Lauren Boebert,REPUBLICAN,exact,7,0,4,0,0,2023-12-16,2024-04-09,240213.0,53.64208241496895,True,-12.128030023666042,43.93598498816698,False,False,True,False,7,100.0,1,False,
2022,house,NY,16,JAMAAL BOWMAN,Jamaal Bowman,DEMOCRAT,exact,15,0,8,2,0,2021-08-11,2022-07-22,133567.0,60.274732961186295,True,28.601069693774882,64.30053484688744,False,False,True,False,15,100.0,1,False,
2022,house,FL,19,BYRON DONALDS,Byron Donalds,REPUBLICAN,exact,4,0,2,0,0,2021-06-15,2021-12-14,213035.0,68.00277073743752,True,-36.011185560922044,31.994407219538978,False,False,True,False,4,100.0,1,False,
2024,house,NY,02,ROB LUBIN,Rob Lubin,DEMOCRAT,exact,1,0,0,0,0,2024-06-19,2024-06-19,136371.0,40.2088118482001,False,-19.53753746666352,40.23123126666824,False,False,True,False,5,20.0,2,True,-60.0
2024,house,NY,02,ANDREW R. GARBARINO,Andrew Garbarino,REPUBLICAN,core,4,0,3,1,0,,,202597.0,59.735461747804116,True,-19.53753746666352,40.23123126666824,False,False,True,False,5,80.0,2,True,-60.0
2022,house,PA,10,SCOTT PERRY,Scott Perry,REPUBLICAN,exact,3,0,2,0,0,2022-05-10,2022-06-08,169331.0,53.833461560471285,True,-7.666923120942565,46.166538439528715,False,False,True,False,3,100.0,1,False,
2024,house,NH,02,MAGGIE GOODLANDER,Maggie Goodlander,DEMOCRAT,exact,10,0,5,0,1,2024-06-13,2024-09-26,211641.0,51.068712236743046,True,5.965938250248466,52.982969125124235,False,False,True,False,15,66.66666666666667,2,True,33.333333333333336
2024,house,NH,02,LILY TANG WILLIAMS,Lily Tang Williams,REPUBLICAN,exact,5,0,1,0,0,2024-03-14,2024-11-03,187810.0,45.31832133274135,False,5.965938250248466,52.982969125124235,False,False,True,False,15,33.333333333333336,2,True,33.333333333333336
2024,senate,NJ,,ANDY KIM,Andy Kim,DEMOCRAT,exact,84,0,21,8,5,2023-09-22,2024-10-12,2161491.0,53.611133502571434,True,9.857537839129066,54.92876891956453,False,False,True,False,111,75.67567567567568,3,True,52.252252252252255
2024,senate,NJ,,CURTIS BASHAW,Curtis Bashaw,REPUBLICAN,exact,26,0,1,0,0,2023-09-24,2024-10-16,1773589.0,43.99005901837767,False,9.857537839129066,54.92876891956453,False,False,True,False,111,23.423423423423422,3,True,52.252252252252255
2024,senate,NJ,,KENNETH R. KAPLAN,Ken Kaplan,OTHER,core,1,0,0,0,0,,,24242.0,0.601270649921437,False,9.857537839129066,54.92876891956453,False,False,False,False,111,0.9009009009009009,3,True,52.252252252252255
2022,house,MA,03,LORI TRAHAN,Lori Trahan,DEMOCRAT,exact,12,0,3,0,0,2022-02-02,2022-04-21,154496.0,61.45694521239991,True,27.11483003607851,63.55741501803926,False,False,True,False,12,100.0,1,False,
2024,house,MI,05,TIM WALBERG,Tim Walberg,REPUBLICAN,exact,1,0,1,0,0,2023-06-30,2023-06-30,269215.0,65.68205994007944,True,-33.440892993008625,33.27955350349569,False,False,True,False,1,100.0,1,False,
2022,house,MA,04,JAKE AUCHINCLOSS,Jake Auchincloss,DEMOCRAT,exact,24,0,5,0,0,2022-01-31,2022-10-31,201882.0,69.23987117972075,True,,,True,False,True,False,24,100.0,1,False,
2024,house,AL,05,DALE W. STRONG,Dale Strong,REPUBLICAN,core,3,0,2,0,0,2023-11-29,2024-01-22,250322.0,95.39346823672878,True,,,True,False,True,False,3,100.0,1,False,
2022,house,WI,05,MIKE VAN SOMEREN,Mike Van Someren,DEMOCRAT,exact,1,0,1,0,0,,,134581.0,35.55424637340399,False,-28.853727776867323,35.573136111566335,False,False,True,False,1,100.0,1,False,
2024,house,IL,12,MIKE BOST,Mike Bost,REPUBLICAN,exact,17,0,7,3,1,2023-12-04,2024-03-19,272754.0,74.19273234701288,True,-48.38546469402577,25.807267652987115,False,False,True,False,19,89.47368421052632,2,True,-78.94736842105263
2024,house,IL,12,BRIAN ROBERTS,Brian Roberts,DEMOCRAT,exact,2,0,0,2,0,,,94875.0,25.807267652987115,False,-48.38546469402577,25.807267652987115,False,False,True,False,19,10.526315789473685,2,True,-78.94736842105263
2022,house,TX,13,RONNY JACKSON,Ronny Jackson,REPUBLICAN,exact,1,0,0,0,0,2022-10-23,2022-10-23,161767.0,75.3536708636696,True,-50.70734172733921,24.646329136330394,False,False,True,False,3,33.333333333333336,2,True,33.333333333333336
2022,house,TX,13,KATHLEEN BROWN,Kathleen Brown,DEMOCRAT,exact,2,0,0,2,0,2022-04-21,2022-04-21,52910.0,24.646329136330394,False,-50.70734172733921,24.646329136330394,False,False,True,False,3,66.66666666666667,2,True,33.333333333333336
2022,house,IL,13,REGAN DEERING,Regan Deering,REPUBLICAN,exact,9,0,4,1,0,2022-03-17,2022-10-20,108646.0,43.380315432222,False,13.233826077928716,56.616913038964356,False,False,True,False,50,18.0,2,True,64.0
2022,house,IL,13,NIKKI BUDZINSKI,Nikki Budzinski,DEMOCRAT,exact,41,0,25,1,0,2020-10-21,2022-06-23,141788.0,56.613296067079254,True,13.233826077928716,56.616913038964356,False,False,True,False,50,82.0,2,True,64.0
2024,house,NJ,06,"FRANK PALLONE, JR.",Frank Pallone,DEMOCRAT,exact,7,0,4,1,0,2023-09-19,2024-03-27,170275.0,56.0703501371505,True,16.310443520017486,58.15522176000874,False,False,True,False,9,77.77777777777777,2,True,55.55555555555555
2024,house,NJ,06,SCOTT FEGLER,Scott Fegler,REPUBLICAN,exact,2,0,0,0,0,2024-03-14,2024-03-14,122519.0,40.34463795891083,False,16.310443520017486,58.15522176000874,False,False,True,False,9,22.22222222222222,2,True,55.55555555555555
2022,house,ID,01,RUSS FULCHER,Russ Fulcher,REPUBLICAN,exact,1,0,0,0,0,2022-05-14,2022-05-14,222901.0,71.34156099372044,True,-46.08699641501891,26.956501792490545,False,False,True,False,1,100.0,1,False,
2024,house,ND,00,JULIE FEDORCHAK,Julie Fedorchak,REPUBLICAN,exact,20,0,5,0,0,2024-01-22,2024-07-30,249101.0,69.23568667016873,True,,,True,False,True,False,22,90.9090909090909,2,False,
2024,house,ND,00,TRYGVE HAMMER,Trygve Hammer,OTHER,exact,2,0,1,0,0,2024-04-06,2024-04-06,109231.0,30.359907389649987,False,,,True,False,False,False,22,9.090909090909092,2,False,
2024,senate,UT,,JOHN CURTIS,John Curtis,REPUBLICAN,exact,12,0,7,0,0,2023-04-13,2024-10-15,914700.0,62.50046976137489,True,-32.640668786229845,33.679665606885074,False,False,True,False,15,80.0,2,True,-60.0
2024,senate,UT,,CAROLINE GLEICH,Caroline Gleich,DEMOCRAT,exact,3,0,1,0,0,2024-04-28,2024-06-27,464515.0,31.739811644479126,False,-32.640668786229845,33.679665606885074,False,False,True,False,15,20.0,2,True,-60.0
2024,senate,FL,,RICK SCOTT,Rick Scott,REPUBLICAN,exact,27,0,11,0,0,2023-06-26,2024-10-12,5977706.0,55.56817112789414,True,-12.991751177582982,43.50412441120851,False,False,True,False,68,39.705882352941174,2,True,20.588235294117652
2024,senate,FL,,DEBBIE MUCARSEL-POWELL,Debbie Mucarsel-Powell,DEMOCRAT,exact,41,0,18,3,0,2023-03-28,2024-10-04,4603077.0,42.789754205187336,False,-12.991751177582982,43.50412441120851,False,False,True,False,68,60.294117647058826,2,True,20.588235294117652
2024,house,FL,27,MARIA ELVIRA SALAZAR,María Elvira Salazar,REPUBLICAN,exact,5,0,4,0,0,2023-11-29,2023-11-29,199159.0,60.3755452955282,True,-20.751090591056396,39.6244547044718,False,False,True,False,17,29.41176470588235,2,True,41.176470588235304
2024,house,FL,27,LUCIA BAEZ-GELLER,Lucia Báez-Geller,DEMOCRAT,exact,12,0,5,0,0,2023-12-17,2024-05-17,130708.0,39.6244547044718,False,-20.751090591056396,39.6244547044718,False,False,True,False,17,70.58823529411765,2,True,41.176470588235304
2024,house,AZ,05,ANDY BIGGS,Andy Biggs,REPUBLICAN,exact,2,0,2,0,0,2023-06-30,2023-06-30,255628.0,60.388180710026745,True,-20.776361420053483,39.611819289973255,False,False,True,False,2,100.0,1,False,
2024,house,IL,02,ROBIN L. KELLY,Robin Kelly,DEMOCRAT,core,15,0,7,7,0,2023-12-20,2024-08-19,195777.0,67.54587828583061,True,35.120660084684644,67.56033004234231,False,False,True,False,15,100.0,1,False,
2022,house,NJ,01,DONALD NORCROSS,Donald Norcross,DEMOCRAT,exact,4,0,2,2,0,2021-03-19,2022-09-30,139559.0,62.335405835164636,True,27.82879099439898,63.914395497199486,False,False,True,False,5,80.0,2,True,60.0
2022,house,NJ,01,CLAIRE GUSTAFSON,Claire Gustafson,REPUBLICAN,exact,1,0,0,0,0,2022-01-24,2022-01-24,78794.0,35.19411838273392,False,27.82879099439898,63.914395497199486,False,False,True,False,5,20.0,2,True,60.0
2024,house,OH,07,MATT DIEMER,Matthew Diemer,DEMOCRAT,exact,1,0,0,0,0,,,144613.0,36.119748932864766,False,-17.152620829716962,41.42368958514152,False,False,True,False,6,16.666666666666668,3,True,-50.0
2024,house,OH,07,DENNIS KUCINICH,Dennis Kucinich,OTHER,exact,1,0,0,0,1,2024-09-11,2024-09-11,51264.0,12.804124174827848,False,-17.152620829716962,41.42368958514152,False,False,False,False,6,16.666666666666668,3,True,-50.0
2024,house,OH,07,MAX L. MILLER,Max Miller,REPUBLICAN,core,4,0,4,0,0,2023-08-31,2024-03-21,204494.0,51.076126892307386,True,-17.152620829716962,41.42368958514152,False,False,True,False,6,66.66666666666667,3,True,-50.0
2022,house,WA,05,CATHY MCMORRIS RODGERS,Cathy McMorris Rodgers,REPUBLICAN,exact,3,0,3,0,0,,,188648.0,59.509283735954526,True,-19.309496478862105,40.34525176056895,False,False,True,False,5,60.0,2,True,-20.0
2022,house,WA,05,NATASHA HILL,Natasha Hill,DEMOCRAT,exact,2,0,1,1,0,,,127585.0,40.246872298947025,False,-19.309496478862105,40.34525176056895,False,False,True,False,5,40.0,2,True,-20.0
2024,house,FL,28,CARLOS A. GIMENEZ,Carlos A. Giménez,REPUBLICAN,exact,2,0,1,0,0,,,210057.0,64.5659731294012,True,-29.13194625880241,35.43402687059879,False,False,True,False,4,50.0,2,True,0.0
2024,house,FL,28,PHIL EHR,Phil Ehr,DEMOCRAT,exact,2,0,0,1,0,2023-10-18,2024-06-21,115280.0,35.43402687059879,False,-29.13194625880241,35.43402687059879,False,False,True,False,4,50.0,2,True,0.0
2024,house,FL,11,DANIEL WEBSTER,Daniel Webster,REPUBLICAN,exact,8,0,1,0,0,2024-01-09,2024-10-03,269277.0,60.37560285468932,True,-20.751205709378638,39.62439714531068,False,False,True,False,8,100.0,1,False,
2024,house,CO,02,JOE NEGUSE,Joe Neguse,DEMOCRAT,exact,13,0,10,1,0,2023-09-20,2024-08-19,284994.0,68.35896648661095,True,40.52023164138482,70.2601158206924,False,False,True,False,13,100.0,1,False,
2024,house,FL,25,DEBBIE WASSERMAN SCHULTZ,Debbie Wasserman Schultz,DEMOCRAT,exact,10,0,9,1,0,2024-05-09,2024-05-09,186942.0,54.47170817416541,True,8.956433046772549,54.47821652338627,False,False,True,False,11,90.9090909090909,2,True,81.81818181818181
2024,house,FL,25,CHRIS EDDY,Chris Eddy,REPUBLICAN,exact,1,0,1,0,0,,,156208.0,45.516345125600616,False,8.956433046772549,54.47821652338627,False,False,True,False,11,9.090909090909092,2,True,81.81818181818181
2024,house,FL,17,W. GREGORY STEUBE,Greg Steube,REPUBLICAN,middle_name,2,0,1,0,0,2023-11-29,2023-11-29,291347.0,63.90295687191421,True,-27.808156380712987,36.09592180964351,False,False,True,False,2,100.0,1,False,
2022,house,FL,23,JARED MOSKOWITZ,Jared Moskowitz,DEMOCRAT,exact,73,0,3,6,2,2021-05-10,2022-08-16,143951.0,51.58628054571061,True,4.831920533659588,52.41596026682979,False,False,True,False,73,100.0,1,False,
2022,house,FL,09,DARREN SOTO,Darren Soto,DEMOCRAT,exact,7,0,5,2,0,2022-02-10,2022-08-10,108541.0,53.63545619860847,True,7.270912397216951,53.63545619860847,False,False,True,False,10,70.0,2,True,40.0
2022,house,FL,09,SCOTTY MOORE,Scotty Moore,REPUBLICAN,exact,3,0,1,0,0,2022-05-16,2022-08-11,93827.0,46.36454380139153,False,7.270912397216951,53.63545619860847,False,False,True,False,10,30.0,2,True,40.0
2022,house,NY,03,ROBERT P ZIMMERMAN,Robert Zimmerman,DEMOCRAT,core,18,0,4,1,0,2021-12-26,2022-07-28,125404.0,44.82364210857413,False,-7.528721223472503,46.23563938826375,False,False,True,False,22,81.81818181818181,2,True,63.636363636363626
2022,house,NY,03,GEORGE A D SANTOS,George Santos,REPUBLICAN,core,4,0,1,1,1,2021-09-08,2022-10-28,145824.0,52.12244256037059,True,-7.528721223472503,46.23563938826375,False,False,True,False,22,18.181818181818183,2,True,63.636363636363626
2022,house,VA,01,"HERBERT C ""HERB"" JONES, JR",Herb Jones,DEMOCRAT,nickname,1,0,1,0,0,2021-03-19,2021-03-19,147229.0,42.95621779647665,False,-13.153835490787685,43.42308225460616,False,False,True,False,1,100.0,1,False,
2022,house,MA,02,JAMES P MCGOVERN,Jim McGovern,DEMOCRAT,core,5,0,4,0,0,2021-02-21,2022-05-06,180639.0,64.49757382949323,True,32.53287844604633,66.26643922302317,False,False,True,False,6,83.33333333333333,2,True,66.66666666666666
2022,house,MA,02,JEFFREY A SOSSA-PAQUETTE,Jeffrey Sossa-Paquette,REPUBLICAN,core,1,0,1,0,0,2022-09-23,2022-09-23,91956.0,32.83310303458766,False,32.53287844604633,66.26643922302317,False,False,True,False,6,16.666666666666668,2,True,66.66666666666666
2022,house,CO,04,KEN BUCK,Ken Buck,REPUBLICAN,exact,3,0,2,0,1,2022-06-05,2022-06-20,216024.0,60.93542408882044,True,-24.99833643383491,37.500831783082546,False,False,True,False,3,100.0,1,False,
2022,house,NH,02,ROBERT BURNS,Robert Burns,REPUBLICAN,exact,4,0,0,0,0,2021-11-04,2022-07-07,135579.0,44.07869069912609,False,11.736731604902104,55.86836580245105,False,False,True,False,13,30.76923076923077,2,True,38.46153846153845
2022,house,NH,02,ANN M KUSTER,Annie Kuster,DEMOCRAT,surname_initial,9,0,9,0,0,2021-12-16,2022-07-13,171636.0,55.80134207240949,True,11.736731604902104,55.86836580245105,False,False,True,False,13,69.23076923076923,2,True,38.46153846153845
2022,house,TX,14,"RANDY K WEBER, SR",Randy Weber,REPUBLICAN,core,2,0,1,0,0,2022-04-08,2022-04-08,149543.0,70.15890292706041,True,-40.31780585412083,29.841097072939586,False,False,True,False,2,100.0,1,False,
2024,house,SC,03,SHERI BIGGS,Sheri Biggs,REPUBLICAN,exact,4,0,2,0,0,2024-04-02,2024-07-04,248451.0,71.6589801939933,True,-47.80567899912548,26.09716050043726,False,False,True,False,4,100.0,1,False,
2022,house,AL,05,DALE STRONG,Dale Strong,REPUBLICAN,exact,9,0,9,0,0,2022-02-16,2022-06-20,142435.0,67.08600818587301,True,-38.84245156573657,30.578774217131716,False,False,True,False,11,81.81818181818181,2,True,-63.636363636363626
2022,house,AL,05,KATHY WARNER-STANTON,Kathy Warner-Stanton,DEMOCRAT,exact,2,0,1,1,0,,,62740.0,29.550153779490103,False,-38.84245156573657,30.578774217131716,False,False,True,False,11,18.181818181818183,2,True,-63.636363636363626
2024,house,SC,04,WILLIAM R. TIMMONS IV,William Timmons,REPUBLICAN,core,7,0,2,0,0,2024-02-29,2024-05-22,206916.0,59.73084228697454,True,-23.203886963666893,38.398056518166555,False,False,True,False,7,100.0,1,False,
2022,house,IL,14,LAUREN UNDERWOOD,Lauren Underwood,DEMOCRAT,exact,15,0,15,0,0,2021-03-19,2022-03-23,128141.0,54.15934065934066,True,8.322343950767566,54.16117197538378,False,False,True,False,17,88.23529411764706,2,True,76.47058823529412
2022,house,IL,14,SCOTT R GRYDER,Scott Gryder,REPUBLICAN,core,2,0,0,1,0,2022-06-21,2022-06-21,108451.0,45.837278106508876,False,8.322343950767566,54.16117197538378,False,False,True,False,17,11.764705882352942,2,True,76.47058823529412
2024,house,FL,18,SCOTT FRANKLIN,Scott Franklin,REPUBLICAN,exact,2,0,1,0,0,,,225170.0,65.30319860095648,True,-30.606397201912955,34.69680139904352,False,False,True,False,2,100.0,1,False,
2024,house,KS,01,TRACEY MANN,Tracey Mann,REPUBLICAN,exact,2,0,2,0,0,,,210493.0,69.13695813544068,True,-38.27391627088137,30.863041864559314,False,False,True,False,2,100.0,1,False,
2022,house,NY,12,JERROLD NADLER,Jerry Nadler,DEMOCRAT,surname_initial,18,0,7,2,1,2022-05-18,2022-11-08,200890.0,80.01099259990919,True,63.94967824600205,81.97483912300102,False,False,True,False,18,100.0,1,False,
2024,house,CT,01,JOHN B. LARSON,John Larson,DEMOCRAT,core,3,0,2,1,0,,,197788.0,59.84834272365817,True,26.441491690985863,63.22074584549293,False,False,True,False,3,100.0,1,False,
2022,house,VA,07,ABIGAIL DAVIS SPANBERGER,Abigail Spanberger,DEMOCRAT,core,26,1,15,0,1,2021-10-11,2022-11-05,143357.0,52.2076550493463,True,4.66191872031773,52.330959360158865,False,False,True,False,41,63.41463414634146,2,True,26.829268292682926
2022,house,VA,07,YESLI I VEGA,Yesli Vega,REPUBLICAN,core,15,0,5,0,0,2022-06-11,2022-10-28,130586.0,47.55672092938563,False,4.66191872031773,52.330959360158865,False,False,True,False,41,36.58536585365854,2,True,26.829268292682926
2022,house,ND,00,KELLY ARMSTRONG,Kelly Armstrong,REPUBLICAN,exact,1,0,0,0,0,2022-06-12,2022-06-12,148399.0,62.19937464897354,True,,,True,False,True,False,2,50.0,2,False,
2022,house,ND,00,CARA MUND,Cara Mund,OTHER,exact,1,0,1,0,0,,,89644.0,37.57303446136823,False,,,True,False,False,False,2,50.0,2,False,
2024,house,MD,05,STENY H. HOYER,Steny Hoyer,DEMOCRAT,core,15,0,10,5,0,2024-01-09,2024-08-19,283619.0,67.75369502846372,True,35.83155333761171,67.91577666880585,False,False,True,False,15,100.0,1,False,
2024,house,OH,06,MICHAEL A. RULLI,Michael Rulli,REPUBLICAN,core,3,0,3,0,0,2024-03-15,2024-03-15,245860.0,66.74177129284017,True,-33.483542585680354,33.25822870715982,False,False,True,False,3,100.0,1,False,
2022,house,AZ,05,ANDY BIGGS,Andy Biggs,REPUBLICAN,exact,1,0,1,0,0,,,182464.0,56.73808265182375,True,-20.55485998011278,39.72257000994361,False,False,True,False,3,33.333333333333336,2,False,
2022,house,AZ,05,CLINT SMITH,Clint Smith,OTHER,exact,2,0,2,0,0,2022-05-19,2022-05-19,18851.0,5.861811623495756,False,-20.55485998011278,39.72257000994361,False,False,False,False,3,66.66666666666667,2,False,
2022,house,OH,07,MAX MILLER,Max Miller,REPUBLICAN,exact,4,0,3,0,0,2022-02-02,2022-06-16,168002.0,55.341548820217874,True,-10.714462233967188,44.64276888301641,False,False,True,False,6,66.66666666666667,2,True,-33.333333333333336
2022,house,OH,07,MATTHEW DIEMER,Mathew Diemer,DEMOCRAT,surname_initial,2,0,1,0,1,2022-04-06,2022-04-06,135485.0,44.63012191466303,False,-10.714462233967188,44.64276888301641,False,False,True,False,6,33.333333333333336,2,True,-33.333333333333336
2024,house,MO,03,BOB ONDER,Bob Onder,REPUBLICAN,exact,11,0,3,0,0,2024-01-06,2024-07-24,240620.0,61.310238162578386,True,-26.925349200320717,36.537325399839645,False,False,True,False,11,100.0,1,False,
2022,house,FL,28,CARLOS A GIMENEZ,Carlos A. Giménez,REPUBLICAN,exact,2,0,1,0,0,2022-08-07,2022-08-07,134457.0,63.678427658062986,True,-27.37374598573337,36.31312700713332,False,False,True,False,12,16.666666666666668,2,True,66.66666666666666
2022,house,FL,28,ROBERT ASENCIO,Robert Asencio,DEMOCRAT,exact,10,0,1,7,1,2022-07-15,2022-09-09,76665.0,36.30831162680559,False,-27.37374598573337,36.31312700713332,False,False,True,False,12,83.33333333333333,2,True,66.66666666666666
2022,house,FL,11,DANIEL WEBSTER,Daniel Webster,REPUBLICAN,exact,4,0,2,0,1,2021-10-15,2022-08-19,205995.0,63.070827809399006,True,-28.089615162198967,35.955192418900516,False,False,True,False,4,100.0,1,False,
2024,house,MO,04,MARK ALFORD,Mark Alford,REPUBLICAN,exact,1,0,1,0,0,,,259886.0,71.06613143157158,True,-45.81741262547201,27.091293687263995,False,False,True,False,1,100.0,1,False,
2022,house,CO,02,JOE NEGUSE,Joe Neguse,DEMOCRAT,exact,6,0,6,0,0,2021-08-11,2022-04-21,244107.0,69.97698078483197,True,42.83323630001726,71.41661815000863,False,False,True,False,6,100.0,1,False,
2022,house,OR,05,LORI CHAVEZ-DEREMER,Lori Chavez-DeRemer,REPUBLICAN,exact,5,0,3,0,1,2022-02-03,2022-03-05,178813.0,50.9100796337474,True,-2.083482003956304,48.95825899802185,False,False,True,False,34,14.705882352941176,2,True,70.58823529411765
2022,house,OR,05,JAMIE MCLEOD-SKINNER,Jamie McLeod-Skinner,DEMOCRAT,exact,29,0,17,7,2,2021-11-07,2022-07-06,171514.0,48.8319719388554,False,-2.083482003956304,48.95825899802185,False,False,True,False,34,85.29411764705883,2,True,70.58823529411765
2024,house,VA,08,"DONALD S. BEYER, JR.",Don Beyer,DEMOCRAT,surname_initial,10,0,9,1,0,2023-09-20,2023-09-20,274593.0,71.52442597970905,True,48.722476026961374,74.36123801348069,False,False,True,False,10,100.0,1,False,
2022,house,FL,25,DEBBIE WASSERMAN SCHULTZ,Debbie Wasserman Schultz,DEMOCRAT,exact,8,0,5,2,1,2022-05-27,2022-07-26,129113.0,55.09361985389499,True,10.187239707789992,55.09361985389499,False,False,True,False,9,88.88888888888889,2,True,77.77777777777777
2022,house,FL,25,CARLA SPALDING,Carla Spalding,REPUBLICAN,exact,1,0,0,0,0,,,105239.0,44.90638014610501,False,10.187239707789992,55.09361985389499,False,False,True,False,9,11.11111111111111,2,True,77.77777777777777
2022,house,FL,17,W GREGORY STEUBE,Greg Steube,REPUBLICAN,middle_name,2,0,1,0,0,2022-04-21,2022-05-04,222483.0,63.83907307191268,True,-28.49853153941452,35.75073423029274,False,False,True,False,2,100.0,1,False,
2024,house,WI,01,BRYAN STEIL,Bryan Steil,REPUBLICAN,exact,1,0,1,0,0,,,212515.0,54.007313980172455,True,-10.421207688930341,44.78939615553483,False,False,True,False,23,4.3478260869565215,2,True,91.30434782608697
2024,house,WI,01,PETER BARCA,Peter Barca,DEMOCRAT,exact,22,0,0,1,0,2024-04-19,2024-08-12,172402.0,43.81323174745167,False,-10.421207688930341,44.78939615553483,False,False,True,False,23,95.65217391304348,2,True,91.30434782608697
2022,house,TX,18,SHEILA JACKSON LEE,Sheila Jackson Lee,DEMOCRAT,exact,4,0,2,2,0,2021-03-19,2022-10-04,110511.0,70.71889318350526,True,45.93534585215118,72.9676729260756,False,False,True,False,4,100.0,1,False,
2022,house,OK,05,JOSHUA HARRIS-TILL,Joshua Harris-Till,DEMOCRAT,exact,3,0,1,1,1,2022-11-03,2022-11-03,96799.0,37.39925664345931,False,-22.404989218350448,38.797505390824774,False,False,True,False,10,30.0,2,True,-40.0
2022,house,OK,05,STEPHANIE I BICE,Stephanie Bice,REPUBLICAN,core,7,0,6,0,0,2021-03-06,2022-09-27,152699.0,58.99677775803049,True,-22.404989218350448,38.797505390824774,False,False,True,False,10,70.0,2,True,-40.0
2024,house,IL,10,JIM CARRIS,Jim Carris,REPUBLICAN,exact,4,0,0,0,0,2024-05-30,2024-10-10,131025.0,39.99285760070325,False,19.956137001615843,59.97806850080792,False,False,True,False,17,23.529411764705884,2,True,52.94117647058823
2024,house,IL,10,BRADLEY SCOTT SCHNEIDER,Brad Schneider,DEMOCRAT,surname_initial,13,0,8,5,0,2024-02-15,2024-02-15,196358.0,59.93449748337255,True,19.956137001615843,59.97806850080792,False,False,True,False,17,76.47058823529412,2,True,52.94117647058823
2022,house,TX,22,TROY E NEHLS,Troy Nehls,REPUBLICAN,core,2,0,1,0,0,,,150014.0,62.19099143917252,True,-27.310145247319312,36.344927376340344,False,False,True,False,2,100.0,1,False,
2024,house,NM,01,MELANIE A. STANSBURY,Melanie Stansbury,DEMOCRAT,core,9,0,8,1,0,2022-05-20,2024-05-14,193203.0,56.36865461314256,True,12.737309226285124,56.36865461314256,False,False,True,False,9,100.0,1,False,
2024,house,SC,02,JOE WILSON,Joe Wilson,REPUBLICAN,exact,2,0,2,0,0,2024-05-17,2024-05-17,211514.0,59.53361385929606,True,-19.331225193865144,40.334387403067424,False,False,True,False,2,100.0,1,False,
2024,house,MA,07,AYANNA PRESSLEY,Ayanna Pressley,DEMOCRAT,exact,10,0,10,0,0,2024-02-13,2024-03-28,232094.0,81.95583239757904,True,,,True,False,True,False,10,100.0,1,False,
2024,house,IN,09,ERIN HOUCHIN,Erin Houchin,REPUBLICAN,exact,5,0,5,0,0,2024-09-06,2024-09-06,222884.0,64.46615645373086,True,-32.55700538830274,33.72149730584863,False,False,True,False,5,100.0,1,False,
2022,senate,WA,,PATTY MURRAY,Patty Murray,DEMOCRAT,exact,24,0,15,3,5,2021-03-19,2022-10-27,1741827.0,57.14843006660323,True,14.550585979180894,57.27529298959045,False,False,True,False,47,51.06382978723404,2,True,2.1276595744680833
2022,senate,WA,,TIFFANY SMILEY,Tiffany Smiley,REPUBLICAN,exact,23,0,7,0,0,2021-04-16,2022-10-13,1299322.0,42.63007316513009,False,14.550585979180894,57.27529298959045,False,False,True,False,47,48.93617021276596,2,True,2.1276595744680833
2024,house,WA,09,MELISSA CHAUDHRY,Melissa Chaudhry,DEMOCRAT,exact,1,0,0,0,1,,,90601.0,32.4388287778645,False,,,True,False,False,True,8,12.5,2,False,
2024,house,WA,09,ADAM SMITH,Adam Smith,DEMOCRAT,exact,7,0,3,3,1,2024-01-30,2024-07-16,182780.0,65.44264548976362,True,,,True,False,True,True,8,87.5,2,False,
2024,senate,TN,,MARSHA BLACKBURN,Marsha Blackburn,REPUBLICAN,exact,5,0,3,0,0,,,1918743.0,63.796312551369724,True,-30.251876652125922,34.87406167393704,False,False,True,False,34,14.705882352941176,2,True,70.58823529411765
2024,senate,TN,,GLORIA JOHNSON,Gloria Johnson,DEMOCRAT,exact,29,0,2,1,0,2024-03-13,2024-03-13,1027461.0,34.16206500315201,False,-30.251876652125922,34.87406167393704,False,False,True,False,34,85.29411764705883,2,True,70.58823529411765
2024,house,RI,02,SETH MAGAZINER,Seth Magaziner,DEMOCRAT,exact,10,0,7,2,0,,,153439.0,58.23553969940792,True,16.763564416711056,58.38178220835553,False,False,True,False,10,100.0,1,False,
2022,house,NY,21,MATT CASTELLI,Matt Castelli,DEMOCRAT,exact,1,0,0,0,0,2022-02-01,2022-02-01,112645.0,38.89447097373428,False,-19.889483116661452,40.055258441669274,False,False,True,False,5,20.0,2,True,-60.0
2022,house,NY,21,ELISE M STEFANIK,Elise Stefanik,REPUBLICAN,core,4,0,2,0,0,2021-09-08,2022-02-10,168579.0,58.207563782512764,True,-19.889483116661452,40.055258441669274,False,False,True,False,5,80.0,2,True,-60.0
2024,house,OR,01,SUZANNE BONAMICI,Suzanne Bonamici,DEMOCRAT,exact,17,0,9,4,4,2023-03-15,2024-10-16,241556.0,68.62561826864892,True,41.89811551294704,70.94905775647352,False,False,True,False,17,100.0,1,False,
2022,house,PA,05,MARY GAY SCANLON,Mary Gay Scanlon,DEMOCRAT,exact,8,0,8,0,0,2022-03-23,2022-10-05,205128.0,65.08157088195541,True,30.163141763910833,65.08157088195541,False,False,True,False,8,100.0,1,False,
2022,house,TN,09,STEVE COHEN,Steve Cohen,DEMOCRAT,exact,3,0,2,1,0,,,93800.0,70.04286204991114,True,45.5132133133731,72.75660665668654,False,False,True,False,3,100.0,1,False,
2022,house,VA,06,BEN CLINE,Ben Cline,REPUBLICAN,exact,1,0,0,0,0,2022-10-27,2022-10-27,173352.0,64.38711306892888,True,-29.000379517937805,35.4998102410311,False,False,True,False,1,100.0,1,False,
2022,house,CT,01,JOHN B LARSON,John Larson,DEMOCRAT,core,4,0,3,1,0,2022-01-31,2022-06-24,144873.0,59.39535818099076,True,22.576878656733466,61.288439328366735,False,False,True,False,4,100.0,1,False,
2024,house,MO,02,ANN WAGNER,Ann Wagner,REPUBLICAN,exact,2,0,2,0,0,2024-01-30,2024-01-30,233444.0,54.493081103288574,True,-12.367749699157642,43.81612515042118,False,False,True,False,2,100.0,1,False,
2022,senate,AL,,KATIE BRITT,Katie Britt,REPUBLICAN,exact,105,0,27,0,0,2021-02-08,2022-10-28,942154.0,66.6191970516985,True,-36.65298426281819,31.673507868590907,False,False,True,False,114,92.10526315789474,2,True,-84.21052631578948
2022,senate,AL,,WILL BOYD,Will Boyd,DEMOCRAT,exact,9,0,6,3,0,2022-03-30,2022-08-10,436746.0,30.882072183041327,False,-36.65298426281819,31.673507868590907,False,False,True,False,114,7.894736842105263,2,True,-84.21052631578948
2022,house,MD,05,CHRIS PALOMBI,Chris Palombi,REPUBLICAN,exact,2,0,2,0,0,,,94000.0,33.944821609128994,False,32.00182292985337,66.00091146492669,False,False,True,False,55,3.6363636363636362,2,True,92.72727272727272
2022,house,MD,05,STENY H HOYER,Steny Hoyer,DEMOCRAT,core,53,0,14,8,0,2022-03-03,2022-07-28,182478.0,65.8955655062834,True,32.00182292985337,66.00091146492669,False,False,True,False,55,96.36363636363636,2,True,92.72727272727272
2024,house,FL,20,SHEILA CHERFILUS-MCCORMICK,Sheila Cherfilus-McCormick,DEMOCRAT,exact,5,0,5,0,0,2024-01-09,2024-03-07,1.0,-100.0,True,,,True,True,True,False,5,100.0,1,False,
2024,house,DE,00,SARAH MCBRIDE,Sarah McBride,DEMOCRAT,exact,58,0,20,14,0,2023-06-26,2024-09-09,287830.0,57.86272002830515,True,15.725440056610298,57.86272002830515,False,False,True,False,58,100.0,1,False,
2022,house,OH,06,BILL JOHNSON,Bill Johnson,REPUBLICAN,exact,2,0,1,0,0,2022-04-21,2022-04-21,189883.0,67.7227221336529,True,-35.445444267305795,32.277277866347106,False,False,True,False,2,100.0,1,False,
2022,house,MO,03,BLAINE LUETKEMEYER,Blaine Luetkemeyer,REPUBLICAN,exact,1,0,0,0,0,2022-07-30,2022-07-30,180746.0,65.11093419597474,True,-30.22186839194948,34.88906580402526,False,False,True,False,1,100.0,1,False,
2022,house,MO,04,MARK ALFORD,Mark Alford,REPUBLICAN,exact,5,0,0,0,0,2022-01-19,2022-11-03,181890.0,71.3073204771855,True,-46.12044553520861,26.939777232395695,False,False,True,False,5,100.0,1,False,
2024,house,OH,15,MIKE CAREY,Mike Carey,REPUBLICAN,exact,1,0,1,0,0,,,196338.0,56.45968787832604,True,-12.919375756652068,43.54031212167396,False,False,True,False,6,16.666666666666668,2,True,66.66666666666666
2024,house,OH,15,ADAM MILLER,Adam Miller,DEMOCRAT,exact,5,0,1,2,0,2024-01-25,2024-01-25,151411.0,43.54031212167396,False,-12.919375756652068,43.54031212167396,False,False,True,False,6,83.33333333333333,2,True,66.66666666666666
2024,senate,IN,,JIM BANKS,Jim Banks,REPUBLICAN,exact,37,0,8,0,0,2023-01-17,2024-05-03,1659416.0,58.63874197541465,True,-20.401222284822257,39.79938885758887,False,False,True,False,38,97.36842105263158,2,True,-94.73684210526315
2024,senate,IN,,VALERIE MCCRAY,Valerie McCray,DEMOCRAT,exact,1,0,0,1,0,,,1097061.0,38.76681730819178,False,-20.401222284822257,39.79938885758887,False,False,True,False,38,2.6315789473684212,2,True,-94.73684210526315
2024,senate,WA,,MARIA CANTWELL,Maria Cantwell,DEMOCRAT,exact,17,0,12,2,2,2023-04-27,2024-07-19,2252577.0,59.085676154413335,True,18.50167448584394,59.25083724292197,False,False,True,False,27,62.96296296296296,2,True,25.925925925925924
2024,senate,WA,,DR RAUL GARCIA,Raul Garcia,REPUBLICAN,exact,10,0,1,0,0,2023-07-07,2024-04-20,1549187.0,40.63557489250184,False,18.50167448584394,59.25083724292197,False,False,True,False,27,37.03703703703704,2,True,25.925925925925924
2024,house,AL,01,BARRY MOORE,Barry Moore,REPUBLICAN,exact,13,0,5,0,0,2024-01-23,2024-02-28,258619.0,78.40408180588987,True,-56.953766977799894,21.523116511100053,False,False,True,False,13,100.0,1,False,
2022,house,WI,01,ANN ROE,Ann Roe,DEMOCRAT,exact,7,0,1,2,0,2022-05-09,2022-07-18,135825.0,45.14453230164823,False,-8.975153718565181,45.51242314071741,False,False,True,False,7,100.0,1,False,
2024,house,MA,06,SETH MOULTON,Seth Moulton,DEMOCRAT,exact,3,0,2,1,0,,,321186.0,73.23433043073787,True,,,True,False,True,False,3,100.0,1,False,
2022,house,KS,01,TRACEY MANN,Tracey Mann,REPUBLICAN,exact,1,0,0,0,0,2022-06-16,2022-06-16,161333.0,67.66614239278599,True,-35.332284785571986,32.33385760721401,False,False,True,False,1,100.0,1,False,
2022,house,FL,08,BILL POSEY,Bill Posey,REPUBLICAN,exact,1,0,0,0,0,2022-03-17,2022-03-17,222128.0,64.91023003553394,True,-29.820460071067888,35.08976996446606,False,False,True,False,1,100.0,1,False,
2022,senate,AZ,,MARK KELLY,Mark Kelly,DEMOCRAT,exact,73,11,38,6,0,2021-05-13,2022-11-04,1322027.0,51.39486388414388,True,4.9921475895780345,52.49607379478902,False,False,True,False,148,49.32432432432432,2,True,-1.3513513513513544
2022,senate,AZ,,BLAKE MASTERS,Blake Masters,REPUBLICAN,exact,75,4,15,1,0,2020-06-10,2022-11-06,1196308.0,46.50743655274242,False,4.9921475895780345,52.49607379478902,False,False,True,False,148,50.67567567567568,2,True,-1.3513513513513544
2022,house,IL,10,BRADLEY SCOTT SCHNEIDER,Brad Schneider,DEMOCRAT,surname_initial,5,0,5,0,0,2021-12-27,2022-02-28,152566.0,63.00084653025829,True,26.00169306051659,63.00084653025829,False,False,True,False,5,100.0,1,False,
2022,house,NM,01,MELANIE A STANSBURY,Melanie Stansbury,DEMOCRAT,core,8,0,4,2,1,2021-03-19,2022-10-16,156462.0,55.74569513772353,True,11.514434470249062,55.75721723512453,False,False,True,False,8,100.0,1,False,
2022,house,IN,09,ERIN HOUCHIN,Erin Houchin,REPUBLICAN,exact,12,0,4,0,0,2021-11-17,2022-11-03,143166.0,63.55137697757417,True,-30.825253808266247,34.58737309586688,False,False,True,False,14,85.71428571428571,2,True,-71.42857142857142
2022,house,IN,09,MATTHEW FYFE,Matthew Fyfe,DEMOCRAT,exact,2,0,1,1,0,,,75700.0,33.60322448907118,False,-30.825253808266247,34.58737309586688,False,False,True,False,14,14.285714285714286,2,True,-71.42857142857142
2024,house,GA,01,"EARL L. ""BUDDY"" CARTER",Buddy Carter,REPUBLICAN,nickname,1,0,1,0,0,,,220576.0,61.9844488094937,True,-23.968897618987402,38.0155511905063,False,False,True,False,1,100.0,1,False,
2022,house,NC,07,DAVID ROUZER,David Rouzer,REPUBLICAN,exact,1,0,0,0,0,2022-05-14,2022-05-14,164047.0,57.70836777840707,True,-15.416735556814144,42.29163222159293,False,False,True,False,3,33.333333333333336,2,True,33.333333333333336
2022,house,NC,07,CHARLES GRAHAM,Charles Graham,DEMOCRAT,exact,2,0,2,0,0,,,120222.0,42.29163222159293,False,-15.416735556814144,42.29163222159293,False,False,True,False,3,66.66666666666667,2,True,33.333333333333336
2022,senate,OK,,JAMES LANKFORD,James Lankford,REPUBLICAN,exact,106,0,10,1,2,2021-03-29,2022-10-28,739960.0,64.30341730307318,True,-33.40665086133071,33.29667456933464,False,False,True,False,113,93.80530973451327,2,True,-87.61061946902655
2022,senate,OK,,MADISON HORN,Madison Horn,DEMOCRAT,exact,7,0,5,1,1,2022-11-02,2022-11-02,369370.0,32.098698915125325,False,-33.40665086133071,33.29667456933464,False,False,True,False,113,6.1946902654867255,2,True,-87.61061946902655
2024,house,AZ,01,DAVID SCHWEIKERT,David Schweikert,REPUBLICAN,exact,5,0,5,0,0,2023-11-29,2024-01-23,225538.0,51.90700200688601,True,-3.814004013772025,48.09299799311399,False,False,True,False,11,45.45454545454545,2,True,9.090909090909093
2024,house,AZ,01,AMISH SHAH,Amish Shah,DEMOCRAT,exact,6,0,6,0,0,2024-06-06,2024-09-09,208966.0,48.09299799311399,False,-3.814004013772025,48.09299799311399,False,False,True,False,11,54.54545454545455,2,True,9.090909090909093
2024,house,MI,07,CURTIS HERTEL,Curtis Hertel Jr.,DEMOCRAT,exact,24,0,12,4,0,2023-02-27,2024-10-16,209959.0,46.56318749556454,False,-3.8387289577517683,48.080635521124115,False,False,True,False,33,72.72727272727273,2,True,45.45454545454546
2024,house,MI,07,TOM BARRETT,Tom Barrett,REPUBLICAN,exact,9,0,6,0,0,2023-09-20,2024-08-13,226722.0,50.28076431764956,True,-3.8387289577517683,48.080635521124115,False,False,True,False,33,27.272727272727273,2,True,45.45454545454546
2022,house,WA,01,SUZAN K DELBENE,Susan DelBene,DEMOCRAT,surname_initial,6,0,4,1,1,2022-03-03,2022-07-14,181992.0,63.481742964378896,True,27.12445122781773,63.562225613908865,False,False,True,False,7,85.71428571428571,2,True,71.42857142857142
2022,house,WA,01,VINCENT J CAVELERI,Vincent Cavaleri,REPUBLICAN,fuzzy,1,0,1,0,0,,,104329.0,36.39163678475255,False,27.12445122781773,63.562225613908865,False,False,True,False,7,14.285714285714286,2,True,71.42857142857142
2022,house,TX,36,BRIAN BABIN,Brian Babin,REPUBLICAN,exact,1,0,0,0,0,,,145599.0,69.46020084440522,True,-38.920401688810436,30.539799155594782,False,False,True,False,1,100.0,1,False,
2022,house,MO,02,ANN WAGNER,Ann Wagner,REPUBLICAN,exact,2,0,2,0,0,2021-11-29,2021-11-29,173277.0,54.89251297257228,True,-12.091004360032603,43.9544978199837,False,False,True,False,4,50.0,2,True,0.0
2022,house,MO,02,TRISH GUNBY,Trish Gunby,DEMOCRAT,exact,2,0,2,0,0,,,135895.0,43.0502493141485,False,-12.091004360032603,43.9544978199837,False,False,True,False,4,50.0,2,True,0.0
2022,senate,PA,,MEHMET C OZ,Mehmet Oz,REPUBLICAN,core,92,0,11,7,1,2020-10-04,2022-11-07,2487260.0,46.33476657412481,False,5.035095542957678,52.51754777147884,False,False,True,False,173,53.179190751445084,2,True,-6.358381502890168
2022,senate,PA,,JOHN K FETTERMAN,John Fetterman,DEMOCRAT,core,81,1,22,8,6,2021-02-09,2022-11-07,2751012.0,51.248160169269084,True,5.035095542957678,52.51754777147884,False,False,True,False,173,46.820809248554916,2,True,-6.358381502890168
2024,house,PA,09,DANIEL MEUSER,Dan Meuser,REPUBLICAN,exact,2,0,2,0,0,,,276212.0,70.50991103679783,True,-41.01982207359567,29.490088963202165,False,False,True,False,2,100.0,1,False,
2022,house,FL,20,SHEILA CHERFILUS-MCCORMICK,Sheila Cherfilus-McCormick,DEMOCRAT,exact,9,0,3,3,2,2021-12-06,2022-07-27,136215.0,72.31400571228353,True,44.62801142456706,72.31400571228353,False,False,True,False,9,100.0,1,False,
2024,house,WI,08,TONY WIED,Tony Wied,REPUBLICAN,exact,5,0,1,0,0,2024-04-07,2024-05-20,240040.0,57.29179097709188,True,-14.658017797690981,42.670991101154506,False,False,True,False,8,62.5,2,True,-25.0
2024,house,WI,08,KRISTIN LYERLY,Kristin Lyerly,DEMOCRAT,exact,3,0,1,0,0,2024-05-09,2024-05-09,178666.0,42.64328914644683,False,-14.658017797690981,42.670991101154506,False,False,True,False,8,37.5,2,True,-25.0
2022,house,NE,03,ADRIAN SMITH,Adrian Smith,REPUBLICAN,exact,3,0,2,0,0,2022-05-03,2022-05-03,172700.0,78.30352932641735,True,-66.42895690386246,16.78552154806877,False,False,True,False,3,100.0,1,False,
2024,house,GA,11,BARRY LOUDERMILK,Barry Loudermilk,REPUBLICAN,exact,2,0,2,0,0,2024-04-09,2024-04-09,269849.0,67.30861807923415,True,-34.617236158468295,32.69138192076585,False,False,True,False,2,100.0,1,False,
2022,house,OH,15,MIKE CAREY,Mike Carey,REPUBLICAN,exact,1,0,1,0,0,,,143112.0,56.95977329443465,True,-13.919546588869299,43.04022670556535,False,False,True,False,1,100.0,1,False,
2024,house,PA,01,ASHLEY EHASZ,Ashley Ehasz,DEMOCRAT,exact,22,0,11,0,0,2023-06-13,2024-04-18,202042.0,43.59690310552573,False,-12.80619378894854,43.59690310552573,False,False,True,False,31,70.96774193548387,2,True,41.935483870967744
2024,house,PA,01,BRIAN K. FITZPATRICK,Brian Fitzpatrick,REPUBLICAN,core,9,0,6,2,0,2024-01-09,2024-06-27,261390.0,56.40309689447427,True,-12.80619378894854,43.59690310552573,False,False,True,False,31,29.032258064516128,2,True,41.935483870967744
2022,house,AL,01,JERRY L CARL,Jerry Carl,REPUBLICAN,core,1,0,0,1,0,,,140592.0,83.61106155218555,True,,,True,False,True,False,1,100.0,1,False,
2024,house,MT,01,MONICA TRANEL,Monica Tranel,DEMOCRAT,exact,18,0,10,1,0,2023-03-28,2024-02-08,143783.0,44.616248688971226,False,-7.923486769640616,46.03825661517969,False,False,True,False,22,81.81818181818181,2,True,63.636363636363626
2024,house,MT,01,RYAN K. ZINKE,Ryan Zinke,REPUBLICAN,core,4,0,2,0,0,2024-03-22,2024-03-22,168529.0,52.294998541577456,True,-7.923486769640616,46.03825661517969,False,False,True,False,22,18.181818181818183,2,True,63.636363636363626
2022,senate,MD,,CHRIS VAN HOLLEN,Chris Van Hollen,OTHER,exact,34,0,22,9,2,2021-11-30,2022-10-23,1316897.0,65.76803293752897,True,,,True,False,False,False,35,97.14285714285714,2,False,
2022,senate,MD,,CHRIS CHAFFEE,Chris Chaffee,REPUBLICAN,exact,1,0,1,0,0,,,682293.0,34.07485057452895,False,,,True,False,True,False,35,2.857142857142857,2,False,
2024,house,WY,00,HARRIET M. HAGEMAN,Harriet Hageman,REPUBLICAN,core,1,0,1,0,0,,,184680.0,68.11668504700819,True,-50.477882163139924,24.761058918430038,False,False,True,False,1,100.0,1,False,
2022,senate,ND,,JOHN HOEVEN,John Hoeven,REPUBLICAN,exact,4,0,2,0,0,2022-03-23,2022-04-02,135474.0,56.41459148829849,True,-38.61430712798449,30.692846436007756,False,False,True,False,7,57.142857142857146,2,True,-14.285714285714292
2022,senate,ND,,KATRINA CHRISTIANSEN,Katrina Christiansen,DEMOCRAT,exact,3,0,3,0,0,2022-03-26,2022-03-26,59995.0,24.983343049887566,False,-38.61430712798449,30.692846436007756,False,False,True,False,7,42.857142857142854,2,True,-14.285714285714292
2024,house,IL,05,MIKE QUIGLEY,Mike Quigley,DEMOCRAT,exact,12,0,5,7,0,2024-02-23,2024-03-07,251025.0,68.96954377481352,True,37.94249854378002,68.97124927189,False,False,True,False,12,100.0,1,False,
2024,house,MD,01,ANDY HARRIS,Andy Harris,REPUBLICAN,exact,2,0,2,0,0,,,246356.0,59.40870068486544,True,-22.766425558315746,38.61678722084213,False,False,True,False,4,50.0,2,True,0.0
2024,house,MD,01,BLANE H. MILLER III,Blane Miller,DEMOCRAT,core,2,0,0,2,0,2024-04-22,2024-07-12,154985.0,37.37460210282627,False,-22.766425558315746,38.61678722084213,False,False,True,False,4,50.0,2,True,0.0
2024,house,WA,08,KIM SCHRIER,Kim Schrier,DEMOCRAT,exact,22,0,18,2,2,2023-03-15,2024-08-19,224607.0,53.95613978192406,True,8.170833313266648,54.08541665663332,False,False,True,False,22,100.0,1,False,
2022,house,NC,06,KATHY E MANNING,Kathy Manning,DEMOCRAT,core,8,0,7,1,0,2022-04-27,2022-05-10,139553.0,53.88188325778577,True,8.945774197074023,54.472887098537015,False,False,True,False,8,100.0,1,False,
2024,house,NV,01,WILLIAM HOGE,William Hoge,OTHER,exact,1,0,0,0,0,2023-12-20,2023-12-20,2736.0,0.8473237761653024,False,7.7792222382717835,53.88961111913589,False,False,False,False,23,4.3478260869565215,2,False,
2024,house,NV,01,DINA TITUS,Dina Titus,DEMOCRAT,exact,22,0,16,5,0,2023-03-15,2024-08-19,167885.0,51.993038070728,True,7.7792222382717835,53.88961111913589,False,False,True,False,23,95.65217391304348,2,False,
2022,house,AR,03,STEVE WOMACK,Steve Womack,REPUBLICAN,exact,1,0,1,0,0,,,142401.0,63.68901729967619,True,-31.88819219975734,34.05590390012133,False,False,True,False,1,100.0,1,False,
2024,house,CO,05,JEFF CRANK,Jeff Crank,REPUBLICAN,exact,15,0,3,0,0,2023-12-13,2024-05-28,197924.0,54.66230305038872,True,-14.441334967735967,42.779332516132015,False,False,True,False,17,88.23529411764706,3,True,-82.35294117647058
2024,house,CO,05,RIVER GASSEN,River Gassen,DEMOCRAT,exact,1,0,1,0,0,,,147972.0,40.86664733418949,False,-14.441334967735967,42.779332516132015,False,False,True,False,17,5.882352941176471,3,True,-82.35294117647058
2024,house,CO,05,CHRISTOPHER SWEAT,Christopher Sweat,OTHER,exact,1,0,0,0,0,,,1627.0,0.44934200533024016,False,-14.441334967735967,42.779332516132015,False,False,False,False,17,5.882352941176471,3,True,-82.35294117647058
2022,house,AR,04,BRUCE WESTERMAN,Bruce Westerman,REPUBLICAN,exact,1,0,1,0,0,2022-05-04,2022-05-04,153850.0,70.99808025990328,True,-46.109831667418504,26.945084166290748,False,False,True,False,1,100.0,1,False,
2024,house,MI,06,DEBBIE DINGELL,Debbie Dingell,DEMOCRAT,exact,11,0,7,3,0,2023-09-20,2024-10-16,281162.0,62.024769140492296,True,27.853212677913692,63.926606338956844,False,False,True,False,11,100.0,1,False,
2022,house,AZ,01,DAVID SCHWEIKERT,David Schweikert,REPUBLICAN,exact,1,0,1,0,0,2022-03-16,2022-03-16,182336.0,50.44193683138899,True,-0.8838736627779914,49.55806316861101,False,False,True,False,5,20.0,2,True,60.0
2022,house,AZ,01,JEVIN HODGE,Jevin Hodge,DEMOCRAT,exact,4,0,4,0,0,2022-07-05,2022-09-07,179141.0,49.55806316861101,False,-0.8838736627779914,49.55806316861101,False,False,True,False,5,80.0,2,True,60.0
2022,house,MI,07,ELISSA SLOTKIN,Elissa Slotkin,DEMOCRAT,exact,13,1,12,0,0,2021-03-17,2022-10-27,192809.0,51.731918821168314,True,5.523584350619676,52.761792175309836,False,False,True,False,35,37.142857142857146,2,True,-25.714285714285708
2022,house,MI,07,TOM BARRETT,Tom Barrett,REPUBLICAN,exact,22,1,5,0,0,2022-03-24,2022-11-02,172624.0,46.316150981465384,False,5.523584350619676,52.761792175309836,False,False,True,False,35,62.857142857142854,2,True,-25.714285714285708
2024,senate,PA,,DAVE MCCORMICK,Dave McCormick,REPUBLICAN,exact,39,0,5,0,0,2022-12-08,2024-10-31,3399295.0,48.8184420326643,True,-0.2228208993178275,49.88858955034109,False,False,True,False,84,46.42857142857143,3,True,4.761904761904759
2024,senate,PA,,ROBERT P CASEY JR,Bob Casey Jr.,DEMOCRAT,core,43,0,20,7,1,2023-04-30,2024-10-10,3384180.0,48.60137033064264,False,-0.2228208993178275,49.88858955034109,False,False,True,False,84,51.19047619047619,3,True,4.761904761904759
2024,senate,PA,,JOHN C THOMAS,John Thomas,OTHER,core,2,0,0,0,0,2024-10-03,2024-10-03,89653.0,1.287537499262186,False,-0.2228208993178275,49.88858955034109,False,False,False,False,84,2.380952380952381,3,True,4.761904761904759
2022,house,TX,16,VERONICA ESCOBAR,Veronica Escobar,DEMOCRAT,exact,10,0,8,2,0,2021-09-15,2022-08-12,95510.0,63.46348075696364,True,26.92696151392728,63.46348075696364,False,False,True,False,11,90.9090909090909,2,True,81.81818181818181
2022,house,TX,16,IRENE ARMENDARIZ JACKSON,Irene Armendariz-Jackson,REPUBLICAN,exact,1,0,0,0,0,2022-08-22,2022-08-22,54986.0,36.53651924303636,False,26.92696151392728,63.46348075696364,False,False,True,False,11,9.090909090909092,2,True,81.81818181818181
2022,house,AL,07,TERRI A SEWELL,Terri Sewell,DEMOCRAT,core,3,0,2,1,0,,,123233.0,63.5418170568217,True,29.27736311231635,64.63868155615818,False,False,True,False,3,100.0,1,False,
2024,house,HI,01,ED CASE,Ed Case,DEMOCRAT,exact,2,0,2,0,0,2024-10-18,2024-10-18,164237.0,65.32064335486335,True,43.68312847207034,71.84156423603517,False,False,True,False,2,100.0,1,False,
2024,house,PA,11,LLOYD SMUCKER,Lloyd Smucker,REPUBLICAN,exact,2,0,2,0,0,,,253672.0,62.897055140796354,True,-25.794110281592708,37.102944859203646,False,False,True,False,2,100.0,1,False,
2022,house,OK,01,KEVIN HERN,Kevin Hern,REPUBLICAN,exact,3,0,2,0,0,2022-06-05,2022-06-27,142800.0,61.15762650163815,True,-27.62876831088509,36.185615844557454,False,False,True,False,3,100.0,1,False,
2024,house,FL,03,KAT CAMMACK,Kat Cammack,REPUBLICAN,exact,5,0,4,0,0,,,241174.0,61.60932107485624,True,-23.218642149712483,38.39067892514376,False,False,True,False,5,100.0,1,False,
2024,house,FL,04,AARON BEAN,Aaron Bean,REPUBLICAN,exact,2,0,1,0,0,2024-03-28,2024-05-28,222364.0,57.25880586791777,True,-14.539142259629747,42.73042887018513,False,False,True,False,2,100.0,1,False,
2022,house,AK,00,NICK BEGICH,Nick Begich III,REPUBLICAN,exact,21,0,6,0,0,2022-03-28,2022-11-04,61513.0,23.334850726451954,False,30.89670551219587,65.44835275609793,False,False,False,False,49,42.857142857142854,4,False,
2022,house,AK,00,CHRIS BYE,Chris Bye,OTHER,exact,1,0,1,0,0,2022-04-02,2022-04-02,4570.0,1.7336216380258715,False,30.89670551219587,65.44835275609793,False,False,False,False,49,2.0408163265306123,4,False,
2022,house,AK,00,SARAH PALIN,Sarah Palin,REPUBLICAN,exact,5,0,2,0,0,2022-04-03,2022-09-23,67866.0,25.744850347103675,False,30.89670551219587,65.44835275609793,False,False,True,False,49,10.204081632653061,4,False,
2022,house,AK,00,MARY SATTLER PELTOLA,Mary Peltola,DEMOCRAT,core,22,2,3,2,0,2022-03-19,2022-10-24,128553.0,48.76635939456015,True,30.89670551219587,65.44835275609793,False,False,True,False,49,44.89795918367347,4,False,
2022,house,AZ,07,RAÚL M GRIJALVA,Raúl Grijalva,DEMOCRAT,core,8,0,8,0,0,2021-02-21,2021-02-21,126418.0,64.54442413536061,True,29.088848270721222,64.54442413536061,False,False,True,False,8,100.0,1,False,
2024,house,FL,24,FREDERICA S. WILSON,Frederica Wilson,DEMOCRAT,core,6,0,5,1,0,,,194874.0,68.23606033866969,True,36.48263448729891,68.24131724364945,False,False,True,False,6,100.0,1,False,
2022,house,PA,01,ASHLEY EHASZ,Ashley Ehasz,DEMOCRAT,exact,10,0,9,0,1,2021-03-19,2022-07-06,165809.0,45.13283248952039,False,-9.734335020959225,45.13283248952039,False,False,True,False,16,62.5,2,True,25.0
2022,house,PA,01,BRIAN K FITZPATRICK,Brian Fitzpatrick,REPUBLICAN,core,6,0,6,0,0,2022-03-01,2022-07-26,201571.0,54.86716751047961,True,-9.734335020959225,45.13283248952039,False,False,True,False,16,37.5,2,True,25.0
2022,house,MT,01,MONICA TRANEL,Monica Tranel,DEMOCRAT,exact,6,0,1,1,0,2021-07-26,2022-09-17,115265.0,46.48532021293757,False,-3.2877873195534617,48.35610634022327,False,False,True,False,11,54.54545454545455,2,True,9.090909090909093
2022,house,MT,01,RYAN K ZINKE,Ryan Zinke,REPUBLICAN,core,5,0,1,0,0,2021-07-09,2022-02-14,123102.0,49.6459106307469,True,-3.2877873195534617,48.35610634022327,False,False,True,False,11,45.45454545454545,2,True,9.090909090909093
2024,house,TN,03,"CHARLES J. ""CHUCK"" FLEISCHMANN",Chuck Fleischmann,REPUBLICAN,core,2,0,1,0,0,2024-03-16,2024-03-16,236519.0,67.51358726678998,True,-39.39120697784064,30.30439651107968,False,False,True,False,2,100.0,1,False,
2024,house,GA,08,AUSTIN SCOTT,Austin Scott,REPUBLICAN,exact,1,0,1,0,0,,,231547.0,68.9166946940452,True,-37.833389388090396,31.083305305954802,False,False,True,False,1,100.0,1,False,
2022,house,AR,02,J FRENCH HILL,French Hill,REPUBLICAN,middle_name,2,0,2,0,0,2022-02-24,2022-02-24,147975.0,60.04357952654943,True,-26.01016767293134,36.99491616353433,False,False,True,False,2,100.0,1,False,
2024,house,FL,12,GUS M. BILIRAKIS,Gus Bilirakis,REPUBLICAN,core,10,0,1,0,1,2024-02-14,2024-08-16,306487.0,71.03880992777607,True,-42.07761985555216,28.96119007222392,False,False,True,False,10,100.0,1,False,
2022,house,IL,05,MIKE QUIGLEY,Mike Quigley,DEMOCRAT,exact,4,0,4,0,0,2021-03-19,2022-08-16,190999.0,69.5680203970133,True,41.422600338379404,70.7113001691897,False,False,True,False,4,100.0,1,False,
2024,house,AZ,08,"ABRAHAM ""ABE"" HAMADEH",Abraham Hamadeh,REPUBLICAN,exact,15,0,1,0,0,2023-03-11,2023-12-08,208269.0,56.50072026759772,True,-13.00144053519545,43.49927973240228,False,False,True,False,16,93.75,2,True,-87.5
2024,house,AZ,08,GREGORY WHITTEN,Greg Whitten,DEMOCRAT,exact,1,0,0,1,0,,,160344.0,43.49927973240228,False,-13.00144053519545,43.49927973240228,False,False,True,False,16,6.25,2,True,-87.5
2022,house,IN,08,LARRY BUCSHON,Larry Bucshon,REPUBLICAN,exact,3,0,2,0,0,2022-04-29,2022-07-25,141995.0,65.72625439733383,True,-35.16639378593459,32.416803107032706,False,False,True,False,5,60.0,2,True,-20.0
2022,house,IN,08,RAY MCCORMICK,Ray McCormick,DEMOCRAT,exact,2,0,0,2,0,,,68109.0,31.52610627661544,False,-35.16639378593459,32.416803107032706,False,False,True,False,5,40.0,2,True,-20.0
2022,house,MD,01,ANDY HARRIS,Andy Harris,REPUBLICAN,exact,6,0,6,0,0,2022-03-16,2022-07-19,159673.0,54.42940025497856,True,-11.58764990355855,44.20617504822072,False,False,True,False,60,10.0,2,True,80.0
2022,house,MD,01,HEATHER R MIZEUR,Heather Mizeur,DEMOCRAT,core,54,0,15,8,1,2021-05-07,2022-11-02,126511.0,43.12512356915441,False,-11.58764990355855,44.20617504822072,False,False,True,False,60,90.0,2,True,80.0
2022,house,WA,08,MATT LARKIN,Matt Larkin,REPUBLICAN,exact,4,0,0,0,0,2022-10-24,2022-10-24,155976.0,46.41617912259923,False,6.874162260917848,53.43708113045892,False,False,True,False,25,16.0,2,True,68.0
2022,house,WA,08,KIM SCHRIER,Kim Schrier,DEMOCRAT,exact,21,1,14,2,3,2021-03-26,2022-08-19,179003.0,53.26867794713693,True,6.874162260917848,53.43708113045892,False,False,True,False,25,84.0,2,True,68.0
2022,house,CO,05,DOUG LAMBORN,Doug Lamborn,REPUBLICAN,exact,3,0,0,0,1,2021-10-22,2022-06-02,155528.0,55.95256939747593,True,-16.280008672702667,41.85999566364867,False,False,True,False,3,100.0,1,False,
2022,house,FL,13,ERIC LYNN,Eric Lynn,DEMOCRAT,exact,36,0,5,0,0,2021-06-14,2022-10-17,153876.0,45.05278937536964,False,-8.233168238595194,45.8834158807024,False,False,True,False,56,64.28571428571429,2,True,28.571428571428577
2022,house,FL,13,ANNA PAULINA LUNA,Anna Paulina Luna,REPUBLICAN,exact,20,0,8,0,0,2021-07-07,2022-10-23,181487.0,53.13691274381782,True,-8.233168238595194,45.8834158807024,False,False,True,False,56,35.714285714285715,2,True,28.571428571428577
2022,house,MI,06,DEBBIE DINGELL,Debbie Dingell,DEMOCRAT,exact,7,0,6,0,1,2021-03-19,2022-03-08,241759.0,65.88749260752138,True,31.775344347361592,65.8876721736808,False,False,True,False,7,100.0,1,False,
2022,house,MN,03,DEAN PHILLIPS,Dean Phillips,DEMOCRAT,exact,4,0,4,0,0,2021-02-21,2022-05-05,198883.0,59.55989590352209,True,19.205825941021338,59.602912970510666,False,False,True,False,4,100.0,1,False,
2022,house,AL,06,GARY J PALMER,Gary Palmer,REPUBLICAN,core,1,0,0,0,0,,,154233.0,83.72990667904432,True,,,True,False,True,False,1,100.0,1,False,
2022,house,MN,04,BETTY MCCOLLUM,Betty McCollum,DEMOCRAT,exact,15,0,6,1,0,2022-02-05,2022-05-12,200055.0,67.59231416379197,True,35.379024726947904,67.68951236347395,False,False,True,False,15,100.0,1,False,
2024,house,NC,09,RICHARD HUDSON,Richard Hudson,REPUBLICAN,exact,4,0,3,0,1,,,210042.0,56.299905917545175,True,-19.71820549795665,40.14089725102168,False,False,True,False,6,66.66666666666667,2,False,
2024,house,NC,09,SHELANE ETCHISON,Shelane Etchison,OTHER,exact,2,0,0,0,0,2024-06-15,2024-06-15,22183.0,5.945957536915972,False,-19.71820549795665,40.14089725102168,False,False,False,False,6,33.333333333333336,2,False,
2024,house,SC,05,RALPH NORMAN,Ralph Norman,REPUBLICAN,exact,3,0,3,0,0,,,228260.0,63.50981750596117,True,-27.216791323442532,36.39160433827873,False,False,True,False,3,100.0,1,False,
2022,house,OH,09,MARCY KAPTUR,Marcy Kaptur,DEMOCRAT,exact,5,0,5,0,0,2022-03-08,2022-10-05,150655.0,56.63359860460046,True,13.267197209200916,56.63359860460046,False,False,True,False,6,83.33333333333333,2,True,66.66666666666666
2022,house,OH,09,J R MAJEWSKI,J.R. Majewski,REPUBLICAN,exact,1,0,0,0,0,2022-06-05,2022-06-05,115362.0,43.36640139539954,False,13.267197209200916,56.63359860460046,False,False,True,False,6,16.666666666666668,2,True,66.66666666666666
2024,house,FL,02,NEAL P. DUNN,Neal Dunn,REPUBLICAN,core,5,0,1,0,0,2024-05-30,2024-08-07,247957.0,61.63791389082231,True,-23.275827781644626,38.36208610917769,False,False,True,False,5,100.0,1,False,
2024,house,LA,04,MIKE JOHNSON,Mike Johnson,REPUBLICAN,exact,3,0,2,0,0,2024-01-09,2024-01-09,262821.0,85.81966249575507,True,,,True,False,True,True,3,100.0,1,False,
2022,house,MD,07,KWEISI MFUME,Kweisi Mfume,DEMOCRAT,exact,16,0,7,8,1,2022-06-23,2022-06-23,151640.0,82.05583303120655,True,64.48906316948427,82.24453158474213,False,False,True,False,16,100.0,1,False,
2024,house,PA,08,MATT CARTWRIGHT,Matt Cartwright,DEMOCRAT,exact,15,0,13,2,0,2024-03-21,2024-09-26,189411.0,49.18820798080369,False,-1.6235840383926206,49.18820798080369,False,False,True,False,24,62.5,2,True,25.0
2024,house,PA,08,"ROB BRESNAHAN, JR.",Rob Bresnahan Jr,REPUBLICAN,exact,9,0,6,0,0,2024-02-12,2024-07-01,195663.0,50.81179201919631,True,-1.6235840383926206,49.18820798080369,False,False,True,False,24,37.5,2,True,25.0
2022,house,AZ,06,KIRSTEN ENGEL,Kirsten Engel,DEMOCRAT,exact,13,0,7,0,0,2021-02-21,2022-09-28,171969.0,49.234861129800194,False,-1.4984105163673855,49.25079474181631,False,False,True,False,16,81.25,2,True,62.5
2022,house,AZ,06,JUAN CISCOMANI,Juan Ciscomani,REPUBLICAN,exact,3,0,2,0,0,2022-01-05,2022-07-28,177201.0,50.732786880552446,True,-1.4984105163673855,49.25079474181631,False,False,True,False,16,18.75,2,True,62.5
2022,house,FL,24,FREDERICA S WILSON,Frederica Wilson,DEMOCRAT,core,8,0,3,3,1,2022-03-22,2022-08-16,133442.0,71.78507835236779,True,43.570156704735574,71.78507835236779,False,False,True,False,8,100.0,1,False,
2024,house,MA,09,DAN SULLIVAN,Dan Sullivan,REPUBLICAN,exact,2,0,1,0,0,,,193822.0,41.673457364807774,False,13.036143334985967,56.51807166749298,False,False,True,False,5,40.0,2,True,20.0
2024,house,MA,09,WILLIAM R. KEATING,Bill Keating,DEMOCRAT,core,3,0,3,0,0,,,251931.0,54.167410239154414,True,13.036143334985967,56.51807166749298,False,False,True,False,5,60.0,2,True,20.0
2022,house,OR,06,ANDREA SALINAS,Andrea Salinas,DEMOCRAT,exact,14,0,7,2,2,2021-11-30,2022-08-12,147156.0,49.98895973530541,True,2.5113026032559858,51.25565130162799,False,False,True,False,17,82.3529411764706,2,True,64.70588235294119
2022,house,OR,06,MIKE ERICKSON,Mike Erickson,REPUBLICAN,exact,3,0,3,0,0,2022-08-11,2022-10-26,139946.0,47.539719475366624,False,2.5113026032559858,51.25565130162799,False,False,True,False,17,17.647058823529413,2,True,64.70588235294119
2024,house,NY,23,NICHOLAS A. LANGWORTHY,Nick Langworthy,REPUBLICAN,core,2,0,2,0,0,,,246969.0,65.75424527548364,True,-31.588369751122904,34.20581512443855,False,False,True,False,3,66.66666666666667,2,True,-33.333333333333336
2024,house,NY,23,THOMAS A. CARLE,Thomas Carle,DEMOCRAT,core,1,0,0,0,0,,,128397.0,34.18505087940702,False,-31.588369751122904,34.20581512443855,False,False,True,False,3,33.333333333333336,2,True,-33.333333333333336
2024,house,NY,09,YVETTE D. CLARKE,Yvette Clarke,DEMOCRAT,core,5,0,3,2,0,2023-09-12,2024-06-16,173207.0,73.4637700829615,True,48.502814323254924,74.25140716162747,False,False,True,False,5,100.0,1,False,
2022,house,TX,33,MARC A VEASEY,Marc Veasey,DEMOCRAT,core,3,0,1,2,0,,,82081.0,71.98193457861966,True,47.51626469213903,73.75813234606952,False,False,True,False,3,100.0,1,False,
2024,house,KY,03,MORGAN MCGARVEY,Morgan McGarvey,DEMOCRAT,exact,6,0,4,2,0,2024-03-07,2024-03-07,203100.0,61.94641680696874,True,23.912108427670653,61.95605421383533,False,False,True,False,6,100.0,1,False,
2022,house,FL,14,KATHY CASTOR,Kathy Castor,DEMOCRAT,exact,9,0,6,2,1,2022-03-08,2022-07-27,149737.0,56.898739949233175,True,13.797479898466355,56.898739949233175,False,False,True,False,16,56.25,2,True,12.5
2022,house,FL,14,JAMES JUDGE,James Judge,REPUBLICAN,exact,7,0,1,0,1,2022-06-06,2022-10-31,113427.0,43.101260050766825,False,13.797479898466355,56.898739949233175,False,False,True,False,16,43.75,2,True,12.5
2024,house,NY,01,NICK LALOTA,Nick LaLota,REPUBLICAN,exact,14,0,6,0,0,2024-05-17,2024-06-03,226285.0,55.178005364545236,True,-10.430061611663515,44.78496919416824,False,False,True,False,27,51.851851851851855,2,True,-3.7037037037037095
2024,house,NY,01,JOHN P. AVLON,John Avlon,DEMOCRAT,core,13,0,2,2,0,2023-10-04,2024-10-16,183540.0,44.75493782004389,False,-10.430061611663515,44.78496919416824,False,False,True,False,27,48.148148148148145,2,True,-3.7037037037037095
2024,house,NC,11,CHUCK EDWARDS,Chuck Edwards,REPUBLICAN,exact,3,0,3,0,0,,,245546.0,56.77062260272864,True,-13.541245205457281,43.22937739727136,False,False,True,False,3,100.0,1,False,
2022,house,OH,11,SHONTEL M BROWN,Shontel Brown,DEMOCRAT,core,14,0,4,0,0,2021-11-29,2022-05-03,167722.0,77.75346530063511,True,55.50693060127023,77.75346530063511,False,False,True,False,14,100.0,1,False,
2022,senate,IL,,TAMMY DUCKWORTH,Tammy Duckworth,OTHER,exact,37,0,31,1,2,2021-06-10,2022-11-05,2329136.0,56.82349588767317,True,,,True,False,False,False,78,47.43589743589744,2,False,
2022,senate,IL,,KATHY SALVI,Kathy Salvi,REPUBLICAN,exact,41,0,34,0,3,2022-05-11,2022-08-05,1701055.0,41.50032106206159,False,,,True,False,True,False,78,52.56410256410256,2,False,
2022,house,TX,21,CHIP ROY,Chip Roy,REPUBLICAN,exact,4,0,4,0,0,2021-09-02,2022-02-17,207426.0,62.840939042235085,True,-25.681878084470174,37.159060957764915,False,False,True,False,8,50.0,2,True,0.0
2022,house,TX,21,CLAUDIA ANDREANA ZAPATA,Claudia Zapata,DEMOCRAT,core,4,0,1,2,1,2022-02-10,2022-07-24,122655.0,37.159060957764915,False,-25.681878084470174,37.159060957764915,False,False,True,False,8,50.0,2,True,0.0
2024,senate,MA,,JOHN DEATON,John Deaton,REPUBLICAN,exact,12,1,3,0,1,2024-04-12,2024-10-24,1365440.0,38.86897831724515,False,19.84756573610229,59.92378286805114,False,False,True,False,33,36.36363636363637,2,True,27.272727272727266
2024,senate,MA,,ELIZABETH ANN WARREN,Elizabeth Warren,DEMOCRAT,core,21,0,13,2,0,2022-10-14,2024-04-25,2041668.0,58.118664476661934,True,19.84756573610229,59.92378286805114,False,False,True,False,33,63.63636363636363,2,True,27.272727272727266
2022,senate,CO,,MICHAEL BENNET,Michael Bennet,DEMOCRAT,exact,57,0,23,2,2,2021-03-08,2022-11-03,1397170.0,55.882307062512176,True,15.047246386477953,57.523623193238976,False,False,True,False,117,48.717948717948715,3,True,-1.7094017094017104
2022,senate,CO,,JOE O'DEA,Joe O'Dea,REPUBLICAN,exact,59,0,0,0,2,2020-11-23,2022-10-30,1031693.0,41.264402342051696,False,15.047246386477953,57.523623193238976,False,False,True,False,117,50.427350427350426,3,True,-1.7094017094017104
2022,senate,CO,,BRIAN PEOTTER,Brian Peotter,OTHER,exact,1,1,0,0,0,2021-10-01,2021-10-01,43534.0,1.7412200059115248,False,15.047246386477953,57.523623193238976,False,False,False,False,117,0.8547008547008547,3,True,-1.7094017094017104
2022,house,MD,06,DAVID J TRONE,David Trone,DEMOCRAT,core,47,0,12,9,2,2021-05-07,2022-10-07,140295.0,54.71766550441111,True,9.57721837338811,54.78860918669405,False,False,True,False,61,77.04918032786885,2,True,54.09836065573771
2022,house,MD,06,NEIL C PARROTT,Neil Parrott,REPUBLICAN,core,14,0,10,0,1,2022-05-13,2022-10-22,115771.0,45.15284830614903,False,9.57721837338811,54.78860918669405,False,False,True,False,61,22.950819672131146,2,True,54.09836065573771
2024,house,VA,10,SUHAS SUBRAMANYAM,Suhas Subramanyam,DEMOCRAT,exact,10,1,5,0,0,2023-09-18,2024-08-01,215131.0,52.08831704647807,True,4.566023612670546,52.283011806335274,False,False,True,False,11,90.9090909090909,2,True,81.81818181818181
2024,house,VA,10,MIKE W. CLANCY,Mike Clancy,REPUBLICAN,core,1,0,0,0,0,2024-11-01,2024-11-01,196343.0,47.53929667903112,False,4.566023612670546,52.283011806335274,False,False,True,False,11,9.090909090909092,2,True,81.81818181818181
2022,house,PA,08,MATT CARTWRIGHT,Matt Cartwright,DEMOCRAT,exact,10,0,8,2,0,2022-02-13,2022-11-09,146956.0,51.22452820981156,True,2.4490564196231257,51.22452820981156,False,False,True,False,17,58.8235294117647,2,True,17.647058823529406
2022,house,PA,08,JIM BOGNET,Jim Bognet,REPUBLICAN,exact,7,0,6,0,0,2022-05-04,2022-11-01,139930.0,48.77547179018844,False,2.4490564196231257,51.22452820981156,False,False,True,False,17,41.1764705882353,2,True,17.647058823529406
2024,house,IL,01,JONATHAN L. JACKSON,Jonathan Jackson,DEMOCRAT,core,6,0,1,5,0,2024-01-18,2024-02-27,208398.0,65.84309351767891,True,31.70491243814423,65.85245621907211,False,False,True,False,6,100.0,1,False,
2022,house,NY,19,JOSH RILEY,Josh Riley,DEMOCRAT,exact,8,0,4,1,0,2022-05-27,2022-07-07,141509.0,48.366412944284754,False,-1.5634075676578103,49.2182962161711,False,False,True,False,10,80.0,2,True,60.0
2022,house,NY,19,MARCUS MOLINARO,Marc Molinaro,REPUBLICAN,surname_initial,2,0,2,0,0,2022-02-24,2022-02-24,146004.0,49.90276064078858,True,-1.5634075676578103,49.2182962161711,False,False,True,False,10,20.0,2,True,60.0
2024,house,NY,11,NICOLE MALLIOTAKIS,Nicole Malliotakis,REPUBLICAN,exact,5,0,4,1,0,2023-11-09,2024-05-21,167099.0,63.844525614378284,True,-28.199934787195275,35.90003260640236,False,False,True,False,6,83.33333333333333,2,True,-66.66666666666666
2024,house,NY,11,ANDREA S. MORSE,Andrea Morse,DEMOCRAT,core,1,0,0,0,0,,,93586.0,35.75696906712312,False,-28.199934787195275,35.90003260640236,False,False,True,False,6,16.666666666666668,2,True,-66.66666666666666
2022,house,MA,09,WILLIAM R KEATING,Bill Keating,DEMOCRAT,core,1,0,1,0,0,,,197823.0,57.76612985647749,True,18.39662447257384,59.19831223628692,False,False,True,False,7,14.285714285714286,2,True,-71.42857142857142
2022,house,MA,09,JESSE G BROWN,Jesse Brown,REPUBLICAN,core,6,0,0,1,0,2022-10-20,2022-11-01,136347.0,39.814574177629176,False,18.39662447257384,59.19831223628692,False,False,True,False,7,85.71428571428571,2,True,-71.42857142857142
2024,house,CO,01,DIANA DEGETTE,Diana DeGette,DEMOCRAT,exact,7,0,6,1,0,,,264606.0,76.53433988459369,True,56.01584886970672,78.00792443485336,False,False,True,False,8,87.5,2,True,75.0
2024,house,CO,01,VALDAMAR ARCHULETA,Valdamar Archuleta,REPUBLICAN,exact,1,0,1,0,0,2024-01-15,2024-01-15,74598.0,21.576641069026856,False,56.01584886970672,78.00792443485336,False,False,True,False,8,12.5,2,True,75.0
2024,house,FL,26,MARIO DIAZ-BALART,Mario Díaz-Balart,REPUBLICAN,exact,3,0,2,0,0,,,217199.0,70.9172595511818,True,-41.83451910236359,29.082740448818203,False,False,True,False,3,100.0,1,False,
2024,house,IN,03,MARLIN A. STUTZMAN,Marlin Stutzman,REPUBLICAN,core,6,0,5,0,0,2023-05-01,2023-05-01,202653.0,65.04899868074303,True,-34.86643329650877,32.56678335174562,False,False,True,False,6,100.0,1,False,
2024,house,IN,04,JAMES R. BAIRD,Jim Baird,REPUBLICAN,core,2,0,2,0,0,,,209794.0,64.83227491154067,True,-35.40119721832293,32.29940139083854,False,False,True,False,2,100.0,1,False,
2024,house,NY,25,JOSEPH D. MORELLE,Joseph Morelle,DEMOCRAT,core,8,0,5,2,0,,,219175.0,60.77508159264404,True,21.638871160196466,60.81943558009823,False,False,True,False,9,88.88888888888889,2,True,77.77777777777777
2024,house,NY,25,GREGG A. SADWICK,Gregg Sadwick,REPUBLICAN,core,1,0,0,0,0,,,141195.0,39.151991082346875,False,21.638871160196466,60.81943558009823,False,False,True,False,9,11.11111111111111,2,True,77.77777777777777
2022,house,FL,22,LOIS FRANKEL,Lois Frankel,DEMOCRAT,exact,7,0,5,2,0,2021-07-13,2022-08-07,150010.0,55.10940324168638,True,10.218806483372765,55.10940324168638,False,False,True,False,7,100.0,1,False,
2022,house,MO,05,EMANUEL CLEAVER,Emanuel Cleaver,DEMOCRAT,exact,2,0,2,0,0,,,140688.0,61.0214482444536,True,25.225193149855805,62.612596574927906,False,False,True,False,2,100.0,1,False,
2022,house,NC,09,RICHARD HUDSON,Richard Hudson,REPUBLICAN,exact,2,0,0,0,1,2022-05-14,2022-11-05,131453.0,56.50125722636522,True,-13.002514452730438,43.49874277363478,False,False,True,False,2,100.0,1,False,
2022,house,KY,03,MORGAN MCGARVEY,Morgan McGarvey,DEMOCRAT,exact,7,0,5,0,0,2021-10-12,2022-08-12,160920.0,61.99077765835732,True,23.995885296871208,61.997942648435604,False,False,True,False,7,100.0,1,False,
2024,house,MI,09,LISA C. MCCLAIN,Lisa McClain,REPUBLICAN,core,2,0,2,0,0,2024-03-28,2024-03-28,312593.0,66.75942576211243,True,-38.70490381180793,30.647548094096035,False,False,True,False,2,100.0,1,False,
2022,house,KY,04,THOMAS MASSIE,Thomas Massie,REPUBLICAN,exact,2,0,1,0,0,2021-09-09,2021-09-09,167541.0,65.03188693819406,True,-35.376821079679054,32.31158946016048,False,False,True,False,4,50.0,2,True,0.0
2022,house,KY,04,MATTHEW LEHMAN,Matthew Lehman,DEMOCRAT,exact,2,0,1,0,0,2022-08-30,2022-08-30,79977.0,31.043477248291147,False,-35.376821079679054,32.31158946016048,False,False,True,False,4,50.0,2,True,0.0
2024,house,MN,07,MICHELLE FISCHBACH,Michelle Fischbach,REPUBLICAN,exact,4,0,3,0,0,2024-03-21,2024-08-22,275098.0,70.44582725154285,True,-41.04804948766525,29.475975256167374,False,False,True,False,4,100.0,1,False,
2022,house,NH,01,CHRIS PAPPAS,Chris Pappas,DEMOCRAT,exact,10,0,10,0,0,2021-03-19,2022-04-21,167391.0,54.0037165846136,True,8.126735998966476,54.06336799948324,False,False,True,False,30,33.333333333333336,2,True,-33.333333333333336
2022,house,NH,01,KAROLINE LEAVITT,Karoline Leavitt,REPUBLICAN,exact,20,0,0,0,0,2021-08-18,2022-09-28,142229.0,45.885947309670215,False,8.126735998966476,54.06336799948324,False,False,True,False,30,66.66666666666667,2,True,-33.333333333333336
2024,house,GA,13,DAVID SCOTT,David Scott,DEMOCRAT,exact,4,0,2,2,0,,,256902.0,71.83417591267,True,43.66835182534001,71.83417591267,False,False,True,False,4,100.0,1,False,
2024,senate,NY,,DIANE SARE,Diane Sare,OTHER,exact,1,0,1,0,0,2023-11-08,2023-11-08,39421.0,0.4703392525136323,False,18.408053720622554,59.20402686031128,False,False,False,False,61,1.639344262295082,3,True,39.34426229508196
2024,senate,NY,,KIRSTEN E. GILLIBRAND,Kirsten Gillibrand,DEMOCRAT,core,42,0,30,8,0,2023-04-06,2024-05-14,4711669.0,56.21579552907469,True,18.408053720622554,59.20402686031128,False,False,True,False,61,68.85245901639344,3,True,39.34426229508196
2024,senate,NY,,MICHAEL D. SAPRAICONE,Mike Sapraicone,REPUBLICAN,core,18,0,0,0,0,2024-02-20,2024-03-03,3246690.0,38.736859738298996,False,18.408053720622554,59.20402686031128,False,False,True,False,61,29.508196721311474,3,True,39.34426229508196
2024,house,NC,08,MARK HARRIS,Mark Harris,REPUBLICAN,exact,7,0,3,0,0,2024-01-04,2024-02-02,238640.0,59.60799202695648,True,-19.215984053912962,40.39200797304352,False,False,True,False,7,100.0,1,False,
2024,house,ME,01,CHELLIE PINGREE,Chellie Pingree,DEMOCRAT,exact,5,0,4,1,0,,,249798.0,58.70279416257373,True,23.46464943518672,61.73232471759336,False,False,True,False,5,100.0,1,False,
2022,house,NY,09,YVETTE D CLARKE,Yvette Clarke,DEMOCRAT,core,5,0,3,2,0,2021-12-26,2022-07-07,116970.0,69.81908041997696,True,,,True,False,True,False,5,100.0,1,False,
2024,house,IN,02,RUDY YAKYM III,Rudy Yakym,REPUBLICAN,exact,3,0,3,0,0,,,184848.0,62.74158401726982,True,-28.899271294585265,35.55036435270737,False,False,True,False,3,100.0,1,False,
2022,senate,SC,,TIM SCOTT,Tim Scott,REPUBLICAN,exact,37,0,11,0,0,2021-03-02,2022-10-19,1066274.0,62.88097790767482,True,-25.896486784856158,37.05175660757192,False,False,True,False,37,100.0,1,False,
2024,senate,MI,,ELISSA SLOTKIN,Elissa Slotkin,DEMOCRAT,exact,60,1,13,18,1,2023-01-05,2024-10-23,2712686.0,48.638964409836,True,0.3515485263113892,50.175774263155695,False,False,True,False,85,70.58823529411765,2,True,41.176470588235304
2024,senate,MI,,MIKE ROGERS,Mike Rogers,REPUBLICAN,exact,25,0,4,1,1,2023-01-06,2024-10-24,2693680.0,48.298183295629144,False,0.3515485263113892,50.175774263155695,False,False,True,False,85,29.41176470588235,2,True,41.176470588235304
2022,house,CO,01,DIANA DEGETTE,Diana DeGette,DEMOCRAT,exact,12,0,9,0,0,2022-01-12,2022-04-28,226929.0,80.29587850652476,True,64.16828535153495,82.08414267576747,False,False,True,False,12,100.0,1,False,
2022,house,FL,10,MAXWELL ALEJANDRO FROST,Maxwell Alejandro Frost,DEMOCRAT,exact,45,0,16,6,1,2021-02-21,2022-08-20,117955.0,59.004051823320495,True,19.873576593377,59.9367882966885,False,False,True,False,46,97.82608695652173,2,True,95.65217391304347
2022,house,FL,10,CALVIN B WIMBISH,Calvin Wimbish,REPUBLICAN,core,1,0,1,0,0,2022-08-11,2022-08-11,78844.0,39.43974788654895,False,19.873576593377,59.9367882966885,False,False,True,False,46,2.1739130434782608,2,True,95.65217391304347
2022,house,FL,26,MARIO DIAZ-BALART,Mario Díaz-Balart,REPUBLICAN,exact,1,0,0,0,0,2022-01-26,2022-01-26,143240.0,70.8729985948107,True,-41.74599718962139,29.127001405189304,False,False,True,False,2,50.0,2,True,0.0
2022,house,FL,26,CHRISTINE ALEXANDRIA OLIVO,Christine Olivo,DEMOCRAT,core,1,0,0,0,0,,,58868.0,29.127001405189304,False,-41.74599718962139,29.127001405189304,False,False,True,False,2,50.0,2,True,0.0
2022,house,KY,02,BRETT GUTHRIE,Brett Guthrie,REPUBLICAN,exact,1,0,0,0,0,,,170487.0,71.85782445965539,True,-43.71564891931079,28.142175540344606,False,False,True,False,1,100.0,1,False,
2022,house,NC,11,CHUCK EDWARDS,Chuck Edwards,REPUBLICAN,exact,3,0,0,0,0,2021-10-28,2022-03-31,174232.0,53.78991824940107,True,-9.443242241604036,45.27837887919798,False,False,True,False,9,33.333333333333336,2,True,33.333333333333336
2022,house,NC,11,JASMINE BEACH-FERRARA,Jasmine Beach-Ferrara,DEMOCRAT,exact,6,0,6,0,0,2021-04-12,2022-06-01,144165.0,44.50745881597471,False,-9.443242241604036,45.27837887919798,False,False,True,False,9,66.66666666666667,2,True,33.333333333333336
2024,house,PA,13,JOHN JOYCE,John Joyce,REPUBLICAN,exact,1,0,1,0,0,,,301460.0,74.1995111781689,True,-48.399022356337824,25.800488821831088,False,False,True,False,2,50.0,2,True,0.0
2024,house,PA,13,BETH FARNHAM,Beth Farnham,DEMOCRAT,exact,1,0,0,1,0,,,104823.0,25.800488821831088,False,-48.399022356337824,25.800488821831088,False,False,True,False,2,50.0,2,True,0.0
2024,house,NY,08,HAKEEM S. JEFFRIES,Hakeem Jeffries,DEMOCRAT,core,11,0,8,3,0,,,168036.0,75.08176797555004,True,50.77322015800878,75.3866100790044,False,False,True,False,11,100.0,1,False,
2024,house,MN,06,TOM EMMER,Tom Emmer,REPUBLICAN,exact,2,0,2,0,0,2024-08-08,2024-08-08,260095.0,62.448378855979406,True,-25.066417266325423,37.466791366837285,False,False,True,False,2,100.0,1,False,
2024,house,SC,01,NANCY MACE,Nancy Mace,REPUBLICAN,exact,8,0,4,0,0,2024-02-27,2024-06-04,227502.0,58.21785826699115,True,-16.64256929276771,41.67871535361614,False,False,True,False,11,72.72727272727273,2,True,-45.45454545454546
2024,house,SC,01,MICHAEL B. MOORE,Michael B. Moore,DEMOCRAT,exact,3,0,1,1,0,2024-03-25,2024-04-19,162582.0,41.60480273915814,False,-16.64256929276771,41.67871535361614,False,False,True,False,11,27.272727272727273,2,True,-45.45454545454546
2022,house,MI,09,LISA MCCLAIN,Lisa McClain,REPUBLICAN,exact,2,0,1,0,0,2022-02-07,2022-02-07,238300.0,63.9007620896595,True,-31.656731178280783,34.17163441085961,False,False,True,False,2,100.0,1,False,
2024,house,GA,14,MARJORIE TAYLOR GREENE,Marjorie Taylor Greene,REPUBLICAN,exact,1,0,1,0,0,,,243446.0,64.36879470128633,True,-28.737589402572677,35.63120529871366,False,False,True,False,2,50.0,2,True,0.0
2024,house,GA,14,SHAWN HARRIS,Shawn Harris,DEMOCRAT,exact,1,0,1,0,0,2024-03-25,2024-03-25,134759.0,35.63120529871366,False,-28.737589402572677,35.63120529871366,False,False,True,False,2,50.0,2,True,0.0
2024,house,NJ,03,HERB CONAWAY,Herb Conaway,DEMOCRAT,exact,13,0,5,2,0,2023-12-14,2024-09-26,202034.0,53.23913524680882,True,8.770135239900078,54.385067619950036,False,False,True,False,17,76.47058823529412,2,True,52.94117647058823
2024,house,NJ,03,RAJESH MOHAN,Rajesh Mohan,REPUBLICAN,exact,4,0,0,0,0,2024-02-18,2024-05-23,169454.0,44.653793045293085,False,8.770135239900078,54.385067619950036,False,False,True,False,17,23.529411764705884,2,True,52.94117647058823
2022,house,TX,07,LIZZIE FLETCHER,Lizzie Fletcher,DEMOCRAT,exact,8,0,5,3,0,2021-03-26,2022-03-23,115994.0,63.79290432219283,True,27.585808644385658,63.79290432219283,False,False,True,False,9,88.88888888888889,2,True,77.77777777777777
2022,house,TX,07,JOHNNY TEAGUE,Johnny Teague,REPUBLICAN,exact,1,0,0,0,0,,,65835.0,36.20709567780717,False,27.585808644385658,63.79290432219283,False,False,True,False,9,11.11111111111111,2,True,77.77777777777777
2024,house,NJ,04,MATTHEW JENKINS,Matthew Jenkins,DEMOCRAT,exact,2,0,0,0,0,2024-02-10,2024-02-10,124803.0,31.657568716580254,False,-36.073042988308515,31.963478505845742,False,False,True,False,7,28.571428571428573,2,True,-42.85714285714286
2024,house,NJ,04,CHRISTOPHER H. SMITH,Chris Smith,REPUBLICAN,core,5,0,4,0,0,2024-03-07,2024-06-03,265652.0,67.38537090211756,True,-36.073042988308515,31.963478505845742,False,False,True,False,7,71.42857142857143,2,True,-42.85714285714286
2024,house,RI,01,GABE AMO,Gabe Amo,DEMOCRAT,exact,8,0,6,2,0,2023-12-18,2023-12-18,139352.0,63.0215541023345,True,32.6568107608975,66.32840538044876,False,False,True,False,8,100.0,1,False,
2022,house,IL,07,DANNY K DAVIS,Danny Davis,DEMOCRAT,core,10,0,5,0,0,2021-03-19,2022-06-26,167650.0,99.94277061748119,True,,,True,False,True,False,10,100.0,1,False,
2022,senate,MO,,ERIC SCHMITT,Eric Schmitt,REPUBLICAN,exact,33,0,10,0,1,2021-03-08,2022-09-22,1143636.0,56.82632293686842,True,-13.652645873736839,43.17367706313158,False,False,True,False,58,56.89655172413793,2,True,-13.793103448275858
2022,senate,MO,,TRUDY BUSCH VALENTINE,Trudy Busch Valentine,DEMOCRAT,exact,25,0,4,0,1,2021-02-08,2022-10-31,868875.0,43.17367706313158,False,-13.652645873736839,43.17367706313158,False,False,True,False,58,43.10344827586207,2,True,-13.793103448275858
2022,house,CO,07,BRITTANY PETTERSEN,Brittany Pettersen,DEMOCRAT,exact,12,0,7,0,0,2021-09-10,2022-07-06,204984.0,56.37608257403033,True,15.323465374943037,57.66173268747152,False,False,True,False,15,80.0,2,True,60.0
2022,house,CO,07,ERIK AADLAND,Erik Aadland,REPUBLICAN,exact,3,0,1,0,0,2022-08-08,2022-09-19,150510.0,41.39427559330145,False,15.323465374943037,57.66173268747152,False,False,True,False,15,20.0,2,True,60.0
2022,house,NY,11,NICOLE MALLIOTAKIS,Nicole Malliotakis,REPUBLICAN,exact,5,0,3,0,0,2021-06-17,2022-05-04,115992.0,60.702417274168816,True,-23.531761034756354,38.23411948262182,False,False,True,False,32,15.625,2,True,68.75
2022,house,NY,11,MAX N ROSE,Max Rose,DEMOCRAT,core,27,0,9,4,0,2021-08-27,2022-10-30,71801.0,37.57581783832157,False,-23.531761034756354,38.23411948262182,False,False,True,False,32,84.375,2,True,68.75
2024,house,NJ,12,BONNIE WATSON COLEMAN,Bonnie Watson Coleman,DEMOCRAT,exact,13,0,9,1,0,2024-03-13,2024-03-13,196871.0,61.20468818006591,True,25.35841295412505,62.67920647706253,False,False,True,False,16,81.25,2,True,62.5
2024,house,NJ,12,DARIUS MAYFIELD,Darius Mayfield,REPUBLICAN,exact,3,0,0,0,0,2024-02-26,2024-02-26,117222.0,36.442827830628616,False,25.35841295412505,62.67920647706253,False,False,True,False,16,18.75,2,True,62.5
2024,house,UT,03,MIKE KENNEDY,Mike Kennedy,REPUBLICAN,exact,3,0,0,1,0,2024-04-27,2024-06-17,242496.0,66.38706074310932,True,-32.77412148621864,33.61293925689068,False,False,True,False,3,100.0,1,False,
2022,house,NY,17,SEAN PATRICK MALONEY,Sean Patrick Maloney,DEMOCRAT,exact,13,0,8,0,1,2022-06-13,2022-08-10,141730.0,48.65297211199143,False,-0.6379697139652272,49.68101514301738,False,False,True,False,13,100.0,1,False,
2024,house,MO,01,WESLEY BELL,Wesley Bell,DEMOCRAT,exact,16,0,5,5,1,2023-03-28,2024-07-25,233312.0,75.93185035718354,True,61.03532172622643,80.5176608631132,False,False,True,False,16,100.0,1,False,
2022,house,IN,02,PAUL D STEURY,Paul Steury,DEMOCRAT,core,3,0,1,2,0,2021-03-19,2022-10-31,62891.0,32.40584728426932,False,-33.16720154725723,33.41639922637138,False,False,True,False,3,100.0,1,False,
2024,house,NY,20,PAUL TONKO,Paul Tonko,DEMOCRAT,exact,7,0,4,2,0,2023-09-12,2024-05-07,221997.0,61.08131904414698,True,22.262548602773524,61.13127430138676,False,False,True,False,7,100.0,1,False,
2024,house,CO,08,YADIRA CARAVEO,Yadira Caraveo,DEMOCRAT,exact,17,0,16,1,0,2023-04-27,2024-02-29,160871.0,48.22040909308906,False,-0.7554188734418907,49.62229056327905,False,False,True,False,25,68.0,2,True,36.0
2024,house,CO,08,GABE EVANS,Gabe Evans,REPUBLICAN,exact,8,0,2,1,0,2023-10-06,2024-06-25,163320.0,48.95448659536713,True,-0.7554188734418907,49.62229056327905,False,False,True,False,25,32.0,2,True,36.0
2024,house,PA,14,GUY RESCHENTHALER,Guy Reschenthaler,REPUBLICAN,exact,4,0,4,0,0,2024-03-28,2024-03-28,268380.0,66.57323229191213,True,-33.146464583824276,33.42676770808786,False,False,True,False,4,100.0,1,False,
2022,house,RI,02,SETH M MAGAZINER,Seth Magaziner,DEMOCRAT,core,24,2,5,10,0,2022-01-31,2022-09-21,101432.0,50.44134686631293,True,3.8193253872805153,51.90966269364026,False,False,True,False,36,66.66666666666667,2,True,33.333333333333336
2022,house,RI,02,ALLAN W FUNG,Allan Fung,REPUBLICAN,core,12,0,6,0,0,2022-01-23,2022-10-21,93969.0,46.730054851334486,False,3.8193253872805153,51.90966269364026,False,False,True,False,36,33.333333333333336,2,True,33.333333333333336
2024,house,NJ,02,JOSEPH F. SALERNO,Joe Salerno,DEMOCRAT,core,5,0,1,1,0,2024-02-28,2024-05-20,153117.0,41.20257252031645,False,-17.023922744897213,41.4880386275514,False,False,True,False,8,62.5,2,True,25.0
2024,house,NJ,02,JEFFERSON VAN DREW,Jeff Van Drew,REPUBLICAN,surname_initial,3,0,1,0,0,2024-02-24,2024-03-07,215946.0,58.10935902265755,True,-17.023922744897213,41.4880386275514,False,False,True,False,8,37.5,2,True,25.0
2022,house,GA,13,DAVID SCOTT,David Scott,DEMOCRAT,exact,1,0,1,0,0,,,216388.0,81.77434471082626,True,63.548689421652504,81.77434471082626,False,False,True,False,1,100.0,1,False,
2022,house,MA,08,STEPHEN F LYNCH,Stephen Lynch,DEMOCRAT,core,1,0,1,0,0,,,189987.0,66.7597853701732,True,39.63831202478382,69.81915601239191,False,False,True,False,1,100.0,1,False,
2024,house,FL,05,JOHN H. RUTHERFORD,John Rutherford,REPUBLICAN,core,2,0,1,0,0,2023-12-18,2024-05-28,267471.0,63.073262526411106,True,-26.153367245148463,36.92331637742577,False,False,True,False,2,100.0,1,False,
2022,house,MI,11,HALEY M STEVENS,Haley Stevens,DEMOCRAT,core,32,0,12,4,1,2021-09-09,2022-08-02,224537.0,61.31891779703369,True,22.637835594067383,61.31891779703369,False,False,True,False,32,100.0,1,False,
2024,house,WA,10,MARILYN STRICKLAND,Marilyn Strickland,DEMOCRAT,exact,12,0,8,2,2,2024-01-30,2024-07-09,203732.0,58.53627702244544,True,17.349031172960395,58.6745155864802,False,False,True,False,12,100.0,1,False,
2022,house,TX,06,JAKE ELLZEY,Jake Ellzey,REPUBLICAN,exact,2,0,1,0,0,,,149321.0,100.0,True,,,True,False,True,False,2,100.0,1,False,
2024,senate,MO,,JOSH HAWLEY,Josh Hawley,REPUBLICAN,exact,4,0,3,0,0,2024-02-27,2024-02-27,1651907.0,55.57188267751793,True,-14.096355376281887,42.951822311859054,False,False,True,False,63,6.349206349206349,3,True,85.71428571428571
2024,senate,MO,,LUCAS KUNCE,Lucas Kunce,DEMOCRAT,exact,58,1,8,22,2,2023-01-06,2024-10-24,1243728.0,41.84031334617749,False,-14.096355376281887,42.951822311859054,False,False,True,False,63,92.06349206349206,3,True,85.71428571428571
2024,senate,MO,,JARED YOUNG,Jared Young,OTHER,exact,1,0,0,0,0,2024-10-04,2024-10-04,21111.0,0.7101961643149892,False,-14.096355376281887,42.951822311859054,False,False,False,False,63,1.5873015873015872,3,True,85.71428571428571
2022,house,SC,01,NANCY MACE,Nancy Mace,REPUBLICAN,exact,12,0,3,0,0,2022-02-07,2022-11-02,153757.0,56.38713368368167,True,-14.082944727011014,42.958527636494495,False,False,True,False,15,80.0,2,True,-60.0
2022,house,SC,01,ANNIE ANDREWS,Annie Andrews,DEMOCRAT,exact,3,0,3,0,0,2022-05-26,2022-05-26,115796.0,42.46573835360733,False,-14.082944727011014,42.958527636494495,False,False,True,False,15,20.0,2,True,-60.0
2022,house,IL,06,SEAN CASTEN,Sean Casten,DEMOCRAT,exact,31,0,8,3,1,2021-06-29,2022-06-07,150496.0,54.358355697304404,True,8.72142374669041,54.3607118733452,False,False,True,False,31,100.0,1,False,
2022,house,CO,06,JASON CROW,Jason Crow,DEMOCRAT,exact,7,0,7,0,0,2022-05-18,2022-05-18,170140.0,60.60087977061851,True,23.637473476150337,61.81873673807517,False,False,True,False,7,100.0,1,False,
2024,house,OH,03,JOYCE BEATTY,Joyce Beatty,DEMOCRAT,exact,10,0,8,1,0,,,242632.0,70.74087356080551,True,41.48174712161102,70.74087356080551,False,False,True,False,10,100.0,1,False,
2024,house,OH,04,JIM JORDAN,Jim Jordan,REPUBLICAN,exact,2,0,2,0,0,,,273297.0,68.46082935456235,True,-36.921658709124706,31.539170645437647,False,False,True,False,2,100.0,1,False,
2022,house,TX,35,GREG CASAR,Greg Casar,DEMOCRAT,exact,41,0,15,5,2,2021-02-21,2022-08-12,129599.0,72.57683347520272,True,45.153666950405444,72.57683347520272,False,False,True,False,41,100.0,1,False,
2022,house,SC,07,RUSSELL FRY,Russell Fry,REPUBLICAN,exact,10,0,0,0,0,2022-02-01,2022-03-04,164440.0,64.77458491718039,True,-29.75105535171815,35.124472324140925,False,False,True,False,10,100.0,1,False,
2022,house,MO,01,CORI BUSH,Cori Bush,DEMOCRAT,exact,16,0,13,0,0,2021-02-21,2022-07-28,160999.0,72.86407371536671,True,49.92969091941927,74.96484545970964,False,False,True,False,16,100.0,1,False,
2022,house,NY,08,HAKEEM S JEFFRIES,Hakeem Jeffries,DEMOCRAT,core,9,0,7,2,0,2021-10-20,2022-07-28,99079.0,68.57817215316038,True,43.44826587712377,71.72413293856188,False,False,True,False,9,100.0,1,False,
2024,house,OH,12,TROY BALDERSON,Troy Balderson,REPUBLICAN,exact,2,0,2,0,0,,,260450.0,68.50558144917777,True,-37.01116289835555,31.494418550822225,False,False,True,False,5,40.0,2,True,20.0
2024,house,OH,12,JERRAD CHRISTIAN,Jerrad Christian,DEMOCRAT,exact,3,0,1,0,0,2023-11-30,2023-11-30,119738.0,31.494418550822225,False,-37.01116289835555,31.494418550822225,False,False,True,False,5,60.0,2,True,20.0
2024,house,NC,13,BRAD KNOTT,Brad Knott,REPUBLICAN,exact,2,0,0,0,0,2024-02-20,2024-02-20,243655.0,58.64280728778069,True,-17.285614575561386,41.35719271221931,False,False,True,False,2,100.0,1,False,
2022,house,GA,14,MARJORIE TAYLOR GREENE,Marjorie Taylor Greene,REPUBLICAN,exact,1,0,0,0,0,2022-04-06,2022-04-06,170162.0,65.86465699765048,True,-31.729313995300966,34.135343002349515,False,False,True,False,9,11.11111111111111,2,True,77.77777777777777
2022,house,GA,14,MARCUS FLOWERS,Marcus Flowers,DEMOCRAT,exact,8,0,4,0,0,2021-05-05,2022-01-06,88189.0,34.135343002349515,False,-31.729313995300966,34.135343002349515,False,False,True,False,9,88.88888888888889,2,True,77.77777777777777
2022,house,PA,14,GUY RESCHENTHALER,Guy Reschenthaler,REPUBLICAN,exact,2,0,1,0,0,2022-05-10,2022-06-08,230865.0,100.0,True,,,True,False,True,False,2,100.0,1,False,
2024,house,LA,05,JULIA LETLOW,Julia Letlow,REPUBLICAN,exact,7,0,2,0,0,2023-11-29,2024-03-01,201037.0,62.853328581120586,True,-41.56637959565943,29.216810202170286,False,False,True,False,7,100.0,1,False,
2024,house,KY,06,ANDY BARR,Andy Barr,REPUBLICAN,exact,3,0,3,0,0,2024-03-07,2024-03-07,222293.0,63.03716559191012,True,-26.074331183820235,36.96283440808988,False,False,True,False,4,75.0,2,True,-50.0
2024,house,KY,06,RANDY CRAVENS,Randy Cravens,DEMOCRAT,exact,1,0,0,0,1,,,130345.0,36.96283440808988,False,-26.074331183820235,36.96283440808988,False,False,True,False,4,25.0,2,True,-50.0
2022,house,VA,03,"ROBERT C ""BOBBY"" SCOTT",Bobby Scott,DEMOCRAT,core,1,0,1,0,0,,,139659.0,67.19220591772913,True,34.72340794976052,67.36170397488026,False,False,True,False,1,100.0,1,False,
2022,house,WA,10,MARILYN STRICKLAND,Marilyn Strickland,DEMOCRAT,exact,8,0,4,2,2,,,152544.0,56.972974588045474,True,14.12795852177719,57.063979260888594,False,False,True,False,10,80.0,2,True,60.0
2022,house,WA,10,KEITH R SWANK,Keith Swank,REPUBLICAN,core,2,0,2,0,0,,,114777.0,42.867547096523595,False,14.12795852177719,57.063979260888594,False,False,True,False,10,20.0,2,True,60.0
2022,house,VA,04,A DONALD MCEACHIN,Donald McEachin,DEMOCRAT,middle_name,2,0,2,0,0,2022-02-10,2022-02-10,159044.0,64.92174807533738,True,30.072337832809236,65.03616891640462,False,False,True,False,2,100.0,1,False,
2024,senate,NE,,DEB FISCHER,Deb Fischer,REPUBLICAN,exact,18,0,5,1,0,2023-06-15,2024-09-11,499124.0,53.192459843808614,True,,,True,False,True,False,30,60.0,2,False,
2024,senate,NE,,DAN OSBORN,Dan Osborn,OTHER,exact,12,0,0,7,0,2024-03-13,2024-11-07,436493.0,46.517771885550594,False,,,True,False,False,False,30,40.0,2,False,
2024,house,OH,02,SAMANTHA MEADOWS,Samantha Meadows,DEMOCRAT,exact,2,0,1,0,0,2024-01-27,2024-01-27,96401.0,26.439048204138054,False,-47.121323489078804,26.439338255460598,False,False,True,False,4,50.0,2,True,0.0
2024,house,OH,02,DAVID J. TAYLOR,David Taylor,REPUBLICAN,core,2,0,1,0,0,2023-12-19,2024-01-25,268211.0,73.5598547513,True,-47.121323489078804,26.439338255460598,False,False,True,False,4,50.0,2,True,0.0
2022,house,MI,08,PAUL JUNGE,Paul Junge,REPUBLICAN,exact,2,0,1,0,1,2022-07-29,2022-10-12,143850.0,42.834299598903016,False,10.69987460114473,55.349937300572364,False,False,True,False,10,20.0,2,True,60.0
2022,house,MI,08,DANIEL T KILDEE,Dan Kildee,DEMOCRAT,core,8,0,7,0,0,2021-12-28,2022-06-03,178322.0,53.09904743187753,True,10.69987460114473,55.349937300572364,False,False,True,False,10,80.0,2,True,60.0
2024,house,NC,04,ERIC BLANKENBURG,Eric Blankenburg,REPUBLICAN,exact,1,0,0,0,1,,,112084.0,26.140211763608377,False,46.645467787541534,73.32273389377076,False,False,True,False,8,12.5,2,True,75.0
2024,house,NC,04,VALERIE P. FOUSHEE,Valerie Foushee,DEMOCRAT,core,7,0,7,0,0,2021-02-22,2024-02-15,308064.0,71.8466346378096,True,46.645467787541534,73.32273389377076,False,False,True,False,8,87.5,2,True,75.0
2024,house,SD,00,DUSTY JOHNSON,Dusty Johnson,REPUBLICAN,exact,2,0,2,0,0,,,303630.0,72.04447523775175,True,-44.0889504755035,27.95552476224825,False,False,True,False,2,100.0,1,False,
2024,senate,WY,,JOHN BARRASSO,John Barrasso,REPUBLICAN,exact,5,0,2,0,0,2024-05-04,2024-05-14,198418.0,73.18375792536966,True,-51.38034293997597,24.309828530012016,False,False,True,False,5,100.0,1,False,
2022,house,IL,15,MARY E MILLER,Mary Miller,REPUBLICAN,core,15,0,11,0,0,2021-12-22,2022-06-15,213007.0,71.14390971366352,True,-42.28781942732705,28.856090286336475,False,False,True,False,16,93.75,2,True,-87.5
2022,house,IL,15,PAUL J LANGE,Paul Lange,DEMOCRAT,core,1,0,0,1,0,,,86396.0,28.856090286336475,False,-42.28781942732705,28.856090286336475,False,False,True,False,16,6.25,2,True,-87.5
2024,house,NY,13,ADRIANO ESPAILLAT,Adriano Espaillat,DEMOCRAT,exact,9,0,7,2,0,2021-02-22,2024-05-21,181800.0,83.02393445767287,True,67.07869608771172,83.53934804385587,False,False,True,False,10,90.0,2,True,80.0
2024,house,NY,13,RUBEN D. VARGAS,Ruben Vargas,REPUBLICAN,core,1,0,0,0,0,,,35822.0,16.359094500235187,False,67.07869608771172,83.53934804385587,False,False,True,False,10,10.0,2,True,80.0
2022,house,OH,03,JOYCE BEATTY,Joyce Beatty,DEMOCRAT,exact,4,0,4,0,0,2022-08-03,2022-08-03,182324.0,70.45058482130781,True,40.91097036467411,70.45548518233706,False,False,True,False,4,100.0,1,False,
2022,house,OH,04,JIM JORDAN,Jim Jordan,REPUBLICAN,exact,2,0,1,0,0,2022-04-06,2022-06-16,200773.0,69.19484690993811,True,-38.38969381987621,30.805153090061896,False,False,True,False,2,100.0,1,False,
2022,house,NY,20,PAUL TONKO,Paul Tonko,DEMOCRAT,exact,2,0,2,0,0,,,160420.0,54.24689404237764,True,10.144907634685827,55.07245381734291,False,False,True,False,4,50.0,2,True,0.0
2022,house,NY,20,ELIZABETH L JOY,Liz Joy,REPUBLICAN,core,2,0,2,0,0,2022-08-21,2022-08-21,130869.0,44.254062937488584,False,10.144907634685827,55.07245381734291,False,False,True,False,4,50.0,2,True,0.0
2022,house,SC,06,JAMES E CLYBURN,Jim Clyburn,DEMOCRAT,core,1,0,1,0,0,,,130923.0,62.04058229239722,True,24.214191516209524,62.10709575810476,False,False,True,False,1,100.0,1,False,
2024,house,PA,10,SCOTT PERRY,Scott Perry,REPUBLICAN,exact,3,0,3,0,0,2024-03-28,2024-03-28,205567.0,50.63214130014458,True,-1.2642826002891618,49.36785869985542,False,False,True,False,17,17.647058823529413,2,True,64.70588235294119
2024,house,PA,10,JANELLE STELSON,Janelle Stelson,DEMOCRAT,exact,14,5,7,1,0,2024-02-21,2024-10-28,200434.0,49.36785869985542,False,-1.2642826002891618,49.36785869985542,False,False,True,False,17,82.3529411764706,2,True,64.70588235294119
2024,house,NC,14,PAM GENANT,Pam Genant,DEMOCRAT,exact,1,0,1,0,0,,,168269.0,41.93557230296868,False,-16.128855394062644,41.93557230296868,False,False,True,False,7,14.285714285714286,2,True,-71.42857142857142
2024,house,NC,14,TIM MOORE,Tim Moore,REPUBLICAN,exact,6,0,4,0,1,2024-02-02,2024-02-02,232987.0,58.06442769703132,True,-16.128855394062644,41.93557230296868,False,False,True,False,7,85.71428571428571,2,True,-71.42857142857142
2024,senate,ND,,KEVIN CRAMER,Kevin Cramer,REPUBLICAN,exact,5,0,4,0,0,2024-03-12,2024-06-03,241569.0,66.3055441951873,True,-33.0331992367232,33.483400381638404,False,False,True,False,11,45.45454545454545,2,True,9.090909090909093
2024,senate,ND,,KATRINA CHRISTIANSEN,Katrina Christiansen,DEMOCRAT,exact,6,0,4,0,0,2024-03-01,2024-04-06,121602.0,33.377158431848315,False,-33.0331992367232,33.483400381638404,False,False,True,False,11,54.54545454545455,2,True,9.090909090909093
2024,house,MA,03,LORI TRAHAN,Lori Trahan,DEMOCRAT,exact,4,0,4,0,0,,,264698.0,72.9843001229741,True,,,True,False,True,False,4,100.0,1,False,
2024,house,MA,04,JAKE AUCHINCLOSS,Jake Auchincloss,DEMOCRAT,exact,6,0,5,0,0,2024-03-07,2024-03-07,289347.0,70.30186258740748,True,,,True,False,True,False,6,100.0,1,False,
2024,house,NY,24,CLAUDIA TENNEY,Claudia Tenney,REPUBLICAN,exact,8,0,5,0,0,2023-10-09,2024-03-28,235867.0,65.6267128909565,True,-31.334914695532095,34.332542652233954,False,False,True,False,8,100.0,1,False,
2024,house,IL,13,NIKKI BUDZINSKI,Nikki Budzinski,DEMOCRAT,exact,19,0,12,5,0,2023-03-15,2024-05-14,191339.0,58.069499241274656,True,16.225064995019075,58.112532497509534,False,False,True,False,19,100.0,1,False,
2022,house,LA,05,JULIA LETLOW,Julia Letlow,REPUBLICAN,exact,1,0,1,0,0,,,151080.0,67.58128944813981,True,-62.25185121543905,18.874074392280473,False,False,True,False,1,100.0,1,False,
2024,house,NC,02,MICHAEL DUBLIN,Michael Dublin,OTHER,exact,1,0,0,0,0,,,8691.0,2.1431900512185678,False,35.40544218372788,67.70272109186394,False,False,False,False,15,6.666666666666667,3,True,80.0
2024,house,NC,02,DEBORAH K. ROSS,Deborah Ross,DEMOCRAT,core,13,0,11,1,1,2024-02-21,2024-04-04,268662.0,66.25172310901885,True,35.40544218372788,67.70272109186394,False,False,True,False,15,86.66666666666667,3,True,80.0
2024,house,NC,02,ALAN D. SWAIN,Alan Swain,REPUBLICAN,core,1,0,0,0,1,,,128164.0,31.605086839762574,False,35.40544218372788,67.70272109186394,False,False,True,False,15,6.666666666666667,3,True,80.0
2024,house,OR,05,LORI CHAVEZ-DEREMER,Lori Chavez-DeRemer,REPUBLICAN,exact,11,0,6,5,0,2024-01-23,2024-08-02,180420.0,44.95966787359859,False,2.9439057519803113,51.471952875990155,False,False,True,False,44,25.0,2,True,50.0
2024,house,OR,05,JANELLE S. BYNUM,Janelle Bynum,DEMOCRAT,core,33,0,8,1,7,2023-06-21,2024-09-26,191365.0,47.68710144458039,True,2.9439057519803113,51.471952875990155,False,False,True,False,44,75.0,2,True,50.0
2022,house,TX,19,JODEY C ARRINGTON,Jodey Arrington,REPUBLICAN,core,1,0,0,0,0,,,152321.0,80.30377317707098,True,,,True,False,True,False,1,100.0,1,False,
2022,house,OH,02,BRAD R WENSTRUP,Brad Wenstrup,REPUBLICAN,core,2,0,1,0,0,2022-04-21,2022-04-21,192117.0,74.50380436047188,True,-49.00760872094376,25.49619563952812,False,False,True,False,2,100.0,1,False,
2024,house,IN,05,VICTORIA SPARTZ,Victoria Spartz,REPUBLICAN,exact,4,0,4,0,0,2024-04-10,2024-09-06,203293.0,56.59541653210989,True,-19.637954726685834,40.18102263665708,False,False,True,False,4,100.0,1,False,
2024,house,NY,14,ALEXANDRIA OCASIO-CORTEZ,Alexandria Ocasio-Cortez,DEMOCRAT,exact,16,0,12,3,0,2023-06-21,2024-06-24,132714.0,68.92407725745387,True,38.39367648285643,69.19683824142821,False,False,True,False,17,94.11764705882354,2,True,88.23529411764707
2024,house,NY,14,TINA FORTE,Tina Forte,REPUBLICAN,exact,1,0,0,0,0,,,59078.0,30.68174146070392,False,38.39367648285643,69.19683824142821,False,False,True,False,17,5.882352941176471,2,True,88.23529411764707
2024,house,WA,05,MICHAEL BAUMGARTNER,Michael Baumgartner,REPUBLICAN,exact,38,0,8,0,2,2024-02-08,2024-11-01,240619.0,60.565688194398994,True,-21.312450686046894,39.34377465697656,False,False,True,False,46,82.6086956521739,2,True,-65.21739130434781
2024,house,WA,05,CARMELA CONROY,Carmela Conroy,DEMOCRAT,exact,8,0,0,2,0,2023-06-19,2024-08-02,156074.0,39.28504905785756,False,-21.312450686046894,39.34377465697656,False,False,True,False,46,17.391304347826086,2,True,-65.21739130434781
2022,senate,FL,,MARCO RUBIO,Marco Rubio,REPUBLICAN,exact,33,0,20,5,0,2021-04-09,2022-11-04,4474847.0,57.68031612214157,True,-16.587594994456364,41.706202502771816,False,False,True,False,86,38.372093023255815,2,True,23.25581395348837
2022,senate,FL,,VAL DEMINGS,Val Demings,DEMOCRAT,exact,53,0,21,9,6,2021-05-04,2022-11-04,3201522.0,41.26728825186446,False,-16.587594994456364,41.706202502771816,False,False,True,False,86,61.627906976744185,2,True,23.25581395348837
2024,house,FL,23,JARED MOSKOWITZ,Jared Moskowitz,DEMOCRAT,exact,7,0,6,1,0,,,196311.0,52.44512004530919,True,4.89024009061838,52.44512004530919,False,False,True,False,7,100.0,1,False,
2022,house,IA,01,MARIANNETTE MILLER-MEEKS,Mariannette Miller-Meeks,REPUBLICAN,exact,13,0,3,0,0,2021-11-15,2022-05-04,162947.0,52.60835033706124,True,-6.808468799160986,46.595765600419504,False,False,True,False,25,52.0,2,True,-4.0
2022,house,IA,01,CHRISTINA BOHANNAN,Christina Bohannan,DEMOCRAT,exact,12,0,8,1,0,2021-09-09,2022-07-27,142173.0,45.901348244957,False,-6.808468799160986,46.595765600419504,False,False,True,False,25,48.0,2,True,-4.0
2024,house,MA,02,JAMES P. MCGOVERN,Jim McGovern,DEMOCRAT,core,5,0,4,1,0,,,251441.0,64.58184041074955,True,,,True,False,True,False,5,100.0,1,False,
2022,house,TN,05,HEIDI CAMPBELL,Heidi Campbell,DEMOCRAT,exact,12,0,3,3,0,2022-01-25,2022-10-28,93648.0,42.321997514405155,False,-13.770337835971382,43.11483108201431,False,False,True,False,15,80.0,2,True,60.0
2022,house,TN,05,ANDY OGLES,Andy Ogles,REPUBLICAN,exact,3,0,2,0,0,2022-06-27,2022-07-03,123558.0,55.839114224381426,True,-13.770337835971382,43.11483108201431,False,False,True,False,15,20.0,2,True,60.0
2022,house,MO,08,JASON SMITH,Jason Smith,REPUBLICAN,exact,1,0,0,0,0,,,186472.0,75.98850832331547,True,-55.25748303567712,22.37125848216144,False,False,True,False,1,100.0,1,False,
2022,house,CT,03,ROSA L DELAURO,Rosa DeLauro,DEMOCRAT,core,4,0,3,1,0,2021-07-13,2022-10-27,137924.0,56.840482833369734,True,16.57453893875619,58.287269469378096,False,False,True,False,4,100.0,1,False,
2022,house,CT,04,JAMES A HIMES,Jim Himes,DEMOCRAT,core,3,0,2,1,0,2022-03-06,2022-03-06,140262.0,59.4119042374748,True,20.09195559760436,60.04597779880218,False,False,True,False,3,100.0,1,False,
2022,house,GA,10,MIKE COLLINS,Mike Collins,REPUBLICAN,exact,5,0,1,0,0,2021-03-31,2022-06-16,198523.0,64.53304294119559,True,-29.066085882391185,35.46695705880441,False,False,True,False,5,100.0,1,False,
2024,house,TN,09,STEVE COHEN,Steve Cohen,DEMOCRAT,exact,5,0,3,2,0,,,159522.0,71.30972762993791,True,47.070293592952666,73.53514679647633,False,False,True,False,5,100.0,1,False,
2024,house,FL,01,MATT GAETZ,Matt Gaetz,REPUBLICAN,exact,4,0,3,0,0,2024-05-28,2024-05-28,274108.0,66.03611764252399,True,-32.07223528504799,33.963882357476,False,False,True,False,5,80.0,2,True,-60.0
2024,house,FL,01,GAY VALIMONT,Gay Valimont,DEMOCRAT,exact,1,0,1,0,0,2024-02-23,2024-02-23,140980.0,33.963882357476,False,-32.07223528504799,33.963882357476,False,False,True,False,5,20.0,2,True,-60.0
2024,senate,MN,,AMY KLOBUCHAR,Amy Klobuchar,DEMOCRAT,exact,15,0,13,0,0,2023-03-30,2024-01-24,1792441.0,56.201300401370446,True,16.23554343769586,58.11777171884793,False,False,True,False,21,71.42857142857143,2,True,42.85714285714286
2024,senate,MN,,ROYCE WHITE,Royce White,REPUBLICAN,exact,6,0,0,0,0,2024-05-18,2024-08-13,1291712.0,40.501134566803046,False,16.23554343769586,58.11777171884793,False,False,True,False,21,28.571428571428573,2,True,42.85714285714286
2024,house,IL,14,LAUREN UNDERWOOD,Lauren Underwood,DEMOCRAT,exact,21,0,14,5,0,2023-03-15,2024-03-28,183446.0,55.10063707276927,True,10.20756360577934,55.10378180288967,False,False,True,False,21,100.0,1,False,
2022,senate,WI,,RON JOHNSON,Ron Johnson,REPUBLICAN,exact,25,0,16,0,0,2019-07-18,2022-10-24,1337185.0,50.41268972360552,True,-1.009120533967455,49.49543973301627,False,False,True,False,170,14.705882352941176,2,True,70.58823529411765
2022,senate,WI,,MANDELA BARNES,Mandela Barnes,DEMOCRAT,exact,145,1,38,9,5,2021-01-04,2022-11-04,1310467.0,49.40540483480159,False,-1.009120533967455,49.49543973301627,False,False,True,False,170,85.29411764705883,2,True,70.58823529411765
2022,house,NC,03,GREGORY F MURPHY,Greg Murphy,REPUBLICAN,core,2,0,1,0,0,2022-04-06,2022-04-06,166520.0,66.90290801854574,True,-33.805816037091496,33.09709198145425,False,False,True,False,3,66.66666666666667,2,True,-33.333333333333336
2022,house,NC,03,BARBARA D GASKINS,Barbara Gaskins,DEMOCRAT,core,1,0,0,1,0,2022-04-25,2022-04-25,82378.0,33.09709198145425,False,-33.805816037091496,33.09709198145425,False,False,True,False,3,33.333333333333336,2,True,-33.333333333333336
2022,house,NC,04,COURTNEY GEELS,Courtney Geels,REPUBLICAN,exact,1,0,1,0,0,2022-07-26,2022-07-26,96442.0,33.093248691773184,False,33.81350261645363,66.90675130822682,False,False,True,False,20,5.0,2,True,90.0
2022,house,NC,04,VALERIE P FOUSHEE,Valerie Foushee,DEMOCRAT,core,19,0,9,1,1,2022-01-11,2022-10-19,194983.0,66.90675130822682,True,33.81350261645363,66.90675130822682,False,False,True,False,20,95.0,2,True,90.0
2024,house,VA,07,EUGENE S. VINDMAN,Eugene Vindman,DEMOCRAT,core,18,3,2,0,1,2023-11-17,2024-10-16,203336.0,51.17959018270874,True,2.647513901404149,51.32375695070208,False,False,True,False,29,62.06896551724138,2,True,24.13793103448276
2024,house,VA,07,DERRICK M. ANDERSON,Derrick Anderson,REPUBLICAN,core,11,0,1,0,1,2023-09-21,2024-06-29,192847.0,48.53951306195082,False,2.647513901404149,51.32375695070208,False,False,True,False,29,37.93103448275862,2,True,24.13793103448276
2024,house,MI,03,HILLARY J. SCHOLTEN,Hillary Scholten,DEMOCRAT,core,22,0,17,3,0,2023-03-15,2024-08-19,225510.0,53.65593674828511,True,10.149415574583234,55.074707787291615,False,False,True,False,22,100.0,1,False,
2022,house,TX,09,AL GREEN,Al Green,DEMOCRAT,exact,3,0,1,2,0,2021-03-19,2021-11-30,125446.0,76.6752033837183,True,53.3504067674366,76.6752033837183,False,False,True,False,3,100.0,1,False,
2024,house,MI,04,BILL HUIZENGA,Bill Huizenga,REPUBLICAN,exact,1,0,1,0,0,,,234489.0,55.06802217854148,True,-11.89320735809892,44.05339632095054,False,False,True,False,5,20.0,2,True,60.0
2024,house,MI,04,JESSICA SWARTZ,Jessica Swartz,DEMOCRAT,exact,4,0,0,3,0,2024-02-06,2024-02-26,184641.0,43.3615849061921,False,-11.89320735809892,44.05339632095054,False,False,True,False,5,80.0,2,True,60.0
2022,house,WI,03,BRAD PFAFF,Brad Pfaff,DEMOCRAT,exact,7,0,3,1,0,2021-10-07,2022-09-21,152977.0,48.11777731644869,False,-3.7032607327206346,48.14836963363968,False,False,True,False,16,43.75,2,True,-12.5
2022,house,WI,03,DERRICK VAN ORDEN,Derrick Van Orden,REPUBLICAN,exact,9,0,4,0,0,2021-08-12,2022-08-08,164743.0,51.818685086279025,True,-3.7032607327206346,48.14836963363968,False,False,True,False,16,56.25,2,True,-12.5
2022,house,NY,13,ADRIANO ESPAILLAT,Adriano Espaillat,DEMOCRAT,exact,5,0,3,2,0,2022-07-28,2022-07-28,116589.0,81.64781680030814,True,,,True,False,True,False,5,100.0,1,False,
2024,house,GA,05,NIKEMA WILLIAMS,Nikema Williams,DEMOCRAT,exact,11,0,8,3,0,2024-02-06,2024-03-28,294470.0,85.67870558146707,True,71.35741116293414,85.67870558146707,False,False,True,False,11,100.0,1,False,
2024,house,NY,22,BRANDON WILLIAMS,Brandon Williams,REPUBLICAN,exact,10,0,6,1,0,2024-05-28,2024-05-28,161939.0,45.38750868853562,False,9.122335425616392,54.56116771280819,False,False,True,False,32,31.25,2,True,37.5
2024,house,NY,22,JOHN W. MANNION,John Mannion,DEMOCRAT,core,22,0,3,11,0,2023-04-13,2024-03-14,194450.0,54.49954034843831,True,9.122335425616392,54.56116771280819,False,False,True,False,32,68.75,2,True,37.5
2022,house,WI,04,GWEN MOORE,Gwen Moore,DEMOCRAT,exact,3,0,2,1,0,2021-03-19,2021-03-19,191955.0,75.27292833278435,True,53.80085331410372,76.90042665705187,False,False,True,False,3,100.0,1,False,
2022,house,NM,03,TERESA LEGER FERNANDEZ,Teresa Leger Fernandez,DEMOCRAT,exact,15,0,12,2,1,2022-01-24,2022-03-10,134217.0,58.157481952665286,True,16.314963905330572,58.157481952665286,False,False,True,False,16,93.75,2,True,87.5
2022,house,NM,03,ALEXIS MARTINEZ JOHNSON,Alexis Martinez Johnson,REPUBLICAN,exact,1,0,1,0,0,,,96565.0,41.842518047334714,False,16.314963905330572,58.157481952665286,False,False,True,False,16,6.25,2,True,87.5
2022,house,IN,05,VICTORIA SPARTZ,Victoria Spartz,REPUBLICAN,exact,3,0,2,0,0,,,146575.0,61.07062651817223,True,-22.14125303634447,38.92937348182777,False,False,True,False,6,50.0,2,True,0.0
2022,house,IN,05,JEANNINE LEE LAKE,Jeanine Lee Lake,DEMOCRAT,surname_initial,3,0,1,1,1,2022-10-31,2022-10-31,93434.0,38.92937348182777,False,-22.14125303634447,38.92937348182777,False,False,True,False,6,50.0,2,True,0.0
2022,senate,LA,,"GARY CHAMBERS, JR.",Gary Chambers,DEMOCRAT,exact,8,0,2,0,1,2021-03-06,2022-10-20,246933.0,17.85113750551222,False,-55.0418251781291,22.47908741093545,False,False,True,False,29,27.586206896551722,4,True,-10.344827586206897
2022,senate,LA,,JOHN KENNEDY,John Kennedy,REPUBLICAN,exact,11,0,9,0,0,2021-02-03,2022-10-26,851568.0,61.56106094889719,True,-55.0418251781291,22.47908741093545,False,False,True,False,29,37.93103448275862,4,True,-10.344827586206897
2022,senate,LA,,"LUKE"" MIXON",Luke Mixon,DEMOCRAT,exact,9,0,5,0,0,2022-01-28,2022-10-25,182887.0,13.221161144806945,False,-55.0418251781291,22.47908741093545,False,False,False,False,29,31.03448275862069,4,True,-10.344827586206897
2022,senate,LA,,SYRITA STEIB,Syrita Steib,DEMOCRAT,exact,1,0,1,0,0,,,31568.0,2.2820955837170804,False,-55.0418251781291,22.47908741093545,False,False,False,False,29,3.4482758620689653,4,True,-10.344827586206897
2022,house,NC,12,ALMA S ADAMS,Alma Adams,DEMOCRAT,core,6,0,6,0,0,2021-02-21,2021-02-21,140494.0,62.746306518748774,True,25.492613037497545,62.746306518748774,False,False,True,False,6,100.0,1,False,
2024,house,MI,12,RASHIDA TLAIB,Rashida Tlaib,DEMOCRAT,exact,16,0,13,3,0,2024-01-08,2024-02-13,253354.0,69.69867867586981,True,46.51345693434034,73.25672846717016,False,False,True,False,16,100.0,1,False,
2022,house,TX,29,SYLVIA R GARCIA,Sylvia Garcia,DEMOCRAT,core,6,0,4,2,0,2022-10-04,2022-10-04,71837.0,71.40712908292082,True,42.814258165841636,71.40712908292082,False,False,True,False,6,100.0,1,False,
2024,house,NC,10,PAT HARRIGAN,Pat Harrigan,REPUBLICAN,exact,5,0,4,0,0,2024-01-05,2024-03-12,233814.0,57.49124036440084,True,-20.15200528267176,39.923997358664124,False,False,True,False,5,100.0,1,False,
2024,house,OK,05,MADISON HORN,Madison Horn,DEMOCRAT,exact,2,0,1,0,0,2024-07-09,2024-07-09,134471.0,39.306708135174084,False,-21.386583729651836,39.306708135174084,False,False,True,False,7,28.571428571428573,2,True,-42.85714285714286
2024,house,OK,05,STEPHANIE I. BICE,Stephanie Bice,REPUBLICAN,core,5,0,5,0,0,2024-02-15,2024-02-15,207636.0,60.693291864825916,True,-21.386583729651836,39.306708135174084,False,False,True,False,7,71.42857142857143,2,True,-42.85714285714286
2022,house,NY,04,LAURA A GILLEN,Laura Gillen,DEMOCRAT,core,3,0,2,0,0,2021-03-19,2022-03-11,130871.0,46.98328474805061,False,-3.5916211467698984,48.20418942661505,False,False,True,False,6,50.0,2,True,0.0
2022,house,NY,04,ANTHONY P D'ESPOSITO,Anthony D'Esposito,REPUBLICAN,core,3,0,2,0,1,2022-04-11,2022-10-28,140622.0,50.48393813633557,True,-3.5916211467698984,48.20418942661505,False,False,True,False,6,50.0,2,True,0.0
2022,house,OH,10,MICHAEL R TURNER,Mike Turner,REPUBLICAN,core,1,0,0,0,0,2022-04-29,2022-04-29,168327.0,61.66705133700419,True,-23.334102674008374,38.33294866299581,False,False,True,False,1,100.0,1,False,
2022,house,NY,24,CLAUDIA TENNEY,Claudia Tenney,REPUBLICAN,exact,12,0,2,0,0,2022-02-25,2022-06-03,182054.0,63.76114175641362,True,-31.408030835637103,34.29598458218145,False,False,True,False,13,92.3076923076923,2,True,-84.61538461538461
2022,house,NY,24,STEVEN HOLDEN,Steven Holden,DEMOCRAT,exact,1,0,0,0,0,2022-11-04,2022-11-04,95028.0,33.281849225111635,False,-31.408030835637103,34.29598458218145,False,False,True,False,13,7.6923076923076925,2,True,-84.61538461538461
2024,house,LA,01,MEL MANUEL,Mel Manuel,DEMOCRAT,exact,1,0,1,0,0,,,85911.0,24.016269708151626,False,-47.091481833886064,26.454259083056968,False,False,True,False,4,25.0,2,True,-50.0
2024,house,LA,01,STEVE SCALISE,Steve Scalise,REPUBLICAN,exact,3,0,2,0,0,2024-03-07,2024-05-23,238842.0,66.76786313317679,True,-47.091481833886064,26.454259083056968,False,False,True,False,4,75.0,2,True,-50.0
2022,house,FL,01,MATT GAETZ,Matt Gaetz,REPUBLICAN,exact,1,0,0,0,0,2022-08-21,2022-08-21,197349.0,67.86043408890845,True,-35.720868177816904,32.13956591109155,False,False,True,False,1,100.0,1,False,
2022,house,NJ,07,TOM MALINOWSKI,Tom Malinowski,DEMOCRAT,exact,17,0,14,2,1,2021-12-29,2022-10-06,150701.0,48.59864621258784,False,-2.802707574824327,48.59864621258784,False,False,True,False,36,47.22222222222222,2,True,-5.555555555555557
2022,house,NJ,07,"THOMAS H KEAN, JR",Thomas Kean Jr.,REPUBLICAN,core,19,0,7,0,0,2021-07-21,2022-08-04,159392.0,51.40135378741216,True,-2.802707574824327,48.59864621258784,False,False,True,False,36,52.77777777777778,2,True,-5.555555555555557
2024,house,PA,05,MARY GAY SCANLON,Mary Gay Scanlon,DEMOCRAT,exact,12,0,9,3,0,2024-03-28,2024-03-28,267754.0,65.28849647288891,True,30.57699294577783,65.28849647288891,False,False,True,False,12,100.0,1,False,
2022,house,TX,27,MICHAEL CLOUD,Michael Cloud,REPUBLICAN,exact,2,0,1,0,0,,,133416.0,64.44376820414729,True,-28.88753640829457,35.55623179585272,False,False,True,False,2,100.0,1,False,
2022,house,NC,02,DEBORAH K ROSS,Deborah Ross,DEMOCRAT,core,4,0,3,1,0,2022-04-25,2022-04-25,190714.0,64.67753476967738,True,29.355069539354766,64.67753476967738,False,False,True,False,4,100.0,1,False,
2024,senate,DE,,LISA BLUNT ROCHESTER,Lisa Blunt Rochester,DEMOCRAT,exact,22,0,13,1,0,2023-05-26,2024-09-10,283298.0,56.591011693827085,True,17.782937775828344,58.89146888791417,False,False,True,False,22,100.0,1,False,
2024,house,MI,02,JOHN R. MOOLENAAR,John Moolenaar,REPUBLICAN,core,1,0,1,0,0,2024-02-28,2024-02-28,279167.0,65.14222377785556,True,-34.54123101464851,32.72938449267574,False,False,True,False,1,100.0,1,False,
2022,house,WI,02,MARK POCAN,Mark Pocan,DEMOCRAT,exact,3,0,2,1,0,,,268740.0,70.99438099842287,True,45.017942422361926,72.50897121118096,False,False,True,False,3,100.0,1,False,
2022,house,TX,28,HENRY CUELLAR,Henry Cuellar,DEMOCRAT,exact,7,0,4,0,0,2021-12-30,2022-05-23,93803.0,56.65082346404479,True,13.301646928089575,56.65082346404479,False,False,True,False,10,70.0,2,True,40.0
2022,house,TX,28,CASSY GARCIA,Cassy Garcia,REPUBLICAN,exact,3,0,0,1,0,2022-02-14,2022-02-14,71778.0,43.34917653595521,False,13.301646928089575,56.65082346404479,False,False,True,False,10,30.0,2,True,40.0
2022,house,TX,11,AUGUST PFLUGER,August Pfluger,REPUBLICAN,exact,1,0,0,0,0,2022-03-02,2022-03-02,151066.0,100.0,True,,,True,False,True,False,1,100.0,1,False,
2022,house,NY,14,ALEXANDRIA OCASIO-CORTEZ,Alexandria Ocasio-Cortez,DEMOCRAT,exact,13,0,11,1,0,2021-02-21,2022-10-17,82453.0,67.2635460344912,True,44.16372346749659,72.0818617337483,False,False,True,False,15,86.66666666666667,2,True,73.33333333333334
2022,house,NY,14,TINA FORTE,Tina Forte,REPUBLICAN,exact,2,0,0,0,0,2022-07-23,2022-11-03,31935.0,26.051948899512162,False,44.16372346749659,72.0818617337483,False,False,True,False,15,13.333333333333334,2,True,73.33333333333334
2022,house,TX,32,COLIN Z ALLRED,Colin Allred,DEMOCRAT,core,8,0,6,2,0,2021-02-21,2022-10-04,116005.0,65.3552977763255,True,30.710595552651,65.3552977763255,False,False,True,False,8,100.0,1,False,
2024,house,VA,06,BEN CLINE,Ben Cline,REPUBLICAN,exact,2,0,2,0,0,2024-05-17,2024-05-17,256933.0,63.12307295441424,True,-28.93550289176881,35.5322485541156,False,False,True,False,2,100.0,1,False,
2022,house,TX,25,ROGER WILLIAMS,Roger Williams,REPUBLICAN,exact,1,0,0,0,0,,,185270.0,100.0,True,,,True,False,True,False,1,100.0,1,False,
2022,house,TX,17,PETE SESSIONS,Pete Sessions,REPUBLICAN,exact,1,0,1,0,0,,,144408.0,66.4834330069196,True,-32.96686601383921,33.516566993080396,False,False,True,False,3,33.333333333333336,2,True,33.333333333333336
2022,house,TX,17,MARY JO WOODS,Mary Jo Woods,DEMOCRAT,exact,2,0,0,2,0,,,72801.0,33.516566993080396,False,-32.96686601383921,33.516566993080396,False,False,True,False,3,66.66666666666667,2,True,33.333333333333336
2024,house,NY,10,DANIEL S. GOLDMAN,Dan Goldman,DEMOCRAT,core,11,0,8,3,0,2023-06-22,2024-06-16,206206.0,81.00614403117585,True,69.18703155960141,84.59351577980071,False,False,True,False,12,91.66666666666667,2,True,83.33333333333334
2024,house,NY,10,ALEXANDER DODENHOFF,Alex Dodenhoff,REPUBLICAN,surname_initial,1,0,0,0,0,2022-07-28,2022-07-28,37555.0,14.75313879853549,False,69.18703155960141,84.59351577980071,False,False,True,False,12,8.333333333333334,2,True,83.33333333333334
2024,house,NY,26,TIMOTHY M. KENNEDY,Tim Kennedy,DEMOCRAT,core,5,0,2,2,0,,,209131.0,65.08820307247964,True,30.339074424358763,65.16953721217938,False,False,True,False,5,100.0,1,False,
2022,house,MI,03,JOHN GIBBS,John Gibbs,REPUBLICAN,exact,6,1,1,0,0,2021-11-15,2022-11-03,142229.0,41.956942428640545,False,13.33260211201092,56.66630105600546,False,False,True,False,23,26.08695652173913,2,True,47.82608695652175
2022,house,MI,03,HILLARY SCHOLTEN,Hillary Scholten,DEMOCRAT,exact,17,0,10,3,1,2022-02-04,2022-11-09,185989.0,54.86595395707223,True,13.33260211201092,56.66630105600546,False,False,True,False,23,73.91304347826087,2,True,47.82608695652175
2022,house,NM,02,YVETTE HERRELL,Yvette Herrell,REPUBLICAN,exact,9,0,7,0,0,2021-09-15,2022-10-18,95636.0,49.636430636363166,False,0.7008545233670089,50.35042726168351,False,False,True,False,20,45.0,2,True,10.0
2022,house,NM,02,GABRIEL VASQUEZ,Gabe Vasquez,DEMOCRAT,surname_initial,11,0,4,1,1,2021-10-05,2022-11-04,96986.0,50.33709964551338,True,0.7008545233670089,50.35042726168351,False,False,True,False,20,55.0,2,True,10.0
2022,house,AL,03,MIKE ROGERS,Mike Rogers,REPUBLICAN,exact,2,0,2,0,0,2022-04-25,2022-05-03,135602.0,71.21729357268153,True,-47.82651353693701,26.086743231531496,False,False,True,False,3,66.66666666666667,2,True,-33.333333333333336
2022,house,AL,03,LIN VEASEY,Lin Veasey,DEMOCRAT,exact,1,0,0,1,0,,,47859.0,25.13523733495793,False,-47.82651353693701,26.086743231531496,False,False,True,False,3,33.333333333333336,2,True,-33.333333333333336
2022,house,MI,04,BILL HUIZENGA,Bill Huizenga,REPUBLICAN,exact,3,0,1,0,0,2021-03-23,2022-03-11,183936.0,54.36296357596321,True,-12.284128854242338,43.85793557287883,False,False,True,False,6,50.0,2,True,0.0
2022,house,MI,04,JOSEPH ALFONSO,Joseph Alfonso,DEMOCRAT,exact,3,0,3,0,0,2022-08-23,2022-08-23,143690.0,42.46810975681842,False,-12.284128854242338,43.85793557287883,False,False,True,False,6,50.0,2,True,0.0
2022,house,AL,04,RICK NEIGHBORS,Rick Neighbors,DEMOCRAT,exact,1,0,0,1,0,,,26694.0,13.6379660047105,False,-72.09914867597949,13.950425662010254,False,False,True,False,1,100.0,1,False,
2022,house,IL,17,ERIC SORENSEN,Eric Sorensen,DEMOCRAT,exact,9,0,7,0,0,2022-03-08,2022-09-06,121186.0,51.98371675038499,True,3.970109430028698,51.98505471501435,False,False,True,False,19,47.36842105263158,2,True,-5.263157894736835
2022,house,IL,17,ESTHER JOY KING,Esther Joy King,REPUBLICAN,exact,10,0,7,0,1,2021-08-06,2022-08-17,111931.0,48.01370950099304,False,3.970109430028698,51.98505471501435,False,False,True,False,19,52.63157894736842,2,True,-5.263157894736835
2022,house,PA,16,MIKE KELLY,Mike Kelly,REPUBLICAN,exact,2,0,1,0,0,2022-05-10,2022-05-10,190546.0,59.362158827872605,True,-18.724317655745214,40.637841172127395,False,False,True,False,3,66.66666666666667,2,True,-33.333333333333336
2022,house,PA,16,DAN PASTORE,Dan Pastore,DEMOCRAT,exact,1,0,1,0,0,2022-11-09,2022-11-09,130443.0,40.637841172127395,False,-18.724317655745214,40.637841172127395,False,False,True,False,3,33.333333333333336,2,True,-33.333333333333336
2022,house,FL,07,KAREN GREEN,Karen Green,DEMOCRAT,exact,3,0,0,0,0,2022-03-15,2022-06-07,126079.0,41.46585321734555,False,-17.06556595240836,41.46721702379582,False,False,True,False,21,14.285714285714286,2,True,-71.42857142857142
2022,house,FL,07,CORY MILLS,Cory Mills,REPUBLICAN,exact,18,0,3,0,0,2020-12-03,2022-07-22,177966.0,58.530857903997635,True,-17.06556595240836,41.46721702379582,False,False,True,False,21,85.71428571428571,2,True,-71.42857142857142
2022,senate,KS,,JERRY MORAN,Jerry Moran,REPUBLICAN,exact,12,0,9,0,0,2021-02-25,2022-09-12,602976.0,60.00023881642579,True,-23.663286128856942,38.16835693557153,False,False,True,False,16,75.0,2,True,-50.0
2022,senate,KS,,MARK R. HOLLAND,Mark Holland,DEMOCRAT,core,4,0,3,0,1,,,372214.0,37.03784046266702,False,-23.663286128856942,38.16835693557153,False,False,True,False,16,25.0,2,True,-50.0
2022,house,NY,02,JACKIE GORDON,Jackie Gordon,DEMOCRAT,exact,9,0,8,1,0,2021-10-26,2022-07-06,97774.0,38.175521343760856,False,-21.45152479192776,39.27423760403612,False,False,True,False,13,69.23076923076923,2,True,38.46153846153845
2022,house,NY,02,ANDREW R GARBARINO,Andrew Garbarino,REPUBLICAN,core,4,0,1,2,1,2022-08-19,2022-08-19,151178.0,59.02692909881031,True,-21.45152479192776,39.27423760403612,False,False,True,False,13,30.76923076923077,2,True,38.46153846153845
2024,house,MD,03,SARAH ELFRETH,Sarah Elfreth,DEMOCRAT,exact,33,0,10,9,0,2023-10-26,2024-10-10,236681.0,59.28882765531062,True,22.04234956827985,61.02117478413992,False,False,True,False,33,100.0,1,False,
2024,house,NV,03,DREW JOHNSON,Drew Johnson,REPUBLICAN,exact,10,0,0,0,0,2023-05-04,2024-05-02,181084.0,48.627775331106264,False,2.744449337787469,51.372224668893736,False,False,True,False,34,29.41176470588235,2,True,41.176470588235304
2024,house,NV,03,SUSIE LEE,Susie Lee,DEMOCRAT,exact,24,0,19,4,0,2023-03-15,2024-10-17,191304.0,51.372224668893736,True,2.744449337787469,51.372224668893736,False,False,True,False,34,70.58823529411765,2,True,41.176470588235304
2022,house,MI,12,RASHIDA TLAIB,Rashida Tlaib,DEMOCRAT,exact,15,0,13,0,1,2022-03-15,2022-03-24,196643.0,70.84268509278506,True,45.914941138496125,72.95747056924806,False,False,True,False,16,93.75,2,True,87.5
2022,house,MI,12,STEVEN ELLIOTT,Steven Elliot,REPUBLICAN,fuzzy,1,0,0,0,1,,,72888.0,26.258659759274003,False,45.914941138496125,72.95747056924806,False,False,True,False,16,6.25,2,True,87.5
2022,house,AZ,03,RUBEN GALLEGO,Ruben Gallego,DEMOCRAT,exact,6,0,6,0,0,2021-02-21,2022-09-07,108599.0,76.98016643747253,True,53.96033287494507,76.98016643747253,False,False,True,False,6,100.0,1,False,
