state_newspaper,newspaper,member,year,newspaper_bias,n_endorsements
AL,TALLADEGA DAILY HOME,10586,2000,.6330552365788227,12
AL,TALLADEGA DAILY HOME,10586,2002,.4898146473080159,13
AL,TALLADEGA DAILY HOME,10586,2006,.203333468766402,20
AL,TALLADEGA DAILY HOME,10586,2008,.0600928794955957,1
AL,ANNISTON STAR,100050,1964,1.950882995873877,1
AL,ANNISTON STAR,100050,1966,1.898459665892048,1
AL,ANNISTON STAR,100050,1968,1.846036335910218,1
AL,ANNISTON STAR,100050,1972,1.741189675946559,2
AL,ANNISTON STAR,100050,1976,1.6363430159829,1
AL,ANNISTON STAR,100050,1978,1.583919686001071,4
AL,ANNISTON STAR,100050,1980,1.531496356019241,2
AL,ANNISTON STAR,100050,1984,1.426649696055583,3
AL,ANNISTON STAR,100050,1986,1.374226366073753,5
AL,ANNISTON STAR,100050,1988,1.321803036091924,2
AL,ANNISTON STAR,100050,1990,1.269379706110094,7
AL,ANNISTON STAR,100050,1992,1.216956376128264,3
AL,ANNISTON STAR,100050,1994,1.164533046146435,7
AL,ANNISTON STAR,100050,1996,1.112109716164605,2
AL,ANNISTON STAR,100050,2004,.9024163962372881,2
AL,ANNISTON STAR,100050,2008,.797569736273629,2
AL,ANNISTON STAR,100050,2016,.5878764163463108,2
AL,BIRMINGHAM POST HERALD,100100,1952,-.0461241460227044,1
AL,BIRMINGHAM POST HERALD,100100,1956,-.0269777484238924,1
AL,BIRMINGHAM POST HERALD,100100,1960,-.0078313508250804,1
AL,BIRMINGHAM POST HERALD,100100,1964,.0113150467737318,1
AL,BIRMINGHAM POST HERALD,100100,1972,.0496078419713558,3
AL,BIRMINGHAM POST HERALD,100100,1976,.0687542395701678,1
AL,BIRMINGHAM POST HERALD,100100,1978,.0783274383695738,4
AL,BIRMINGHAM POST HERALD,100100,1980,.0879006371689798,2
AL,BIRMINGHAM POST HERALD,100100,1982,.0974738359683858,1
AL,BIRMINGHAM POST HERALD,100100,1984,.1070470347677918,2
AL,BIRMINGHAM POST HERALD,100100,1986,.1166202335671978,4
AL,BIRMINGHAM POST HERALD,100100,1988,.1261934323666038,3
AL,BIRMINGHAM POST HERALD,100100,1990,.1357666311660098,9
AL,BIRMINGHAM POST HERALD,100100,1992,.1453398299654158,3
AL,BIRMINGHAM POST HERALD,100100,1994,.1549130287648218,8
AL,BIRMINGHAM POST HERALD,100100,1996,.1644862275642278,9
AL,BIRMINGHAM POST HERALD,100100,1998,.1740594263636338,13
AL,BIRMINGHAM POST HERALD,100100,2000,.1836326251630402,15
AL,BIRMINGHAM POST HERALD,100100,2004,.2027790227618522,1
AL,BIRMINGHAM POST HERALD,100100,2006,.2123522215612582,1
AL,BIRMINGHAM NEWS,100101,1952,-1.148498440218041,1
AL,BIRMINGHAM NEWS,100101,1956,-1.117699377495579,1
AL,BIRMINGHAM NEWS,100101,1960,-1.086900314773116,1
AL,BIRMINGHAM NEWS,100101,1964,-1.056101252050653,1
AL,BIRMINGHAM NEWS,100101,1968,-1.02530218932819,1
AL,BIRMINGHAM NEWS,100101,1972,-.9945031266057276,1
AL,BIRMINGHAM NEWS,100101,1976,-.9637040638832648,1
AL,BIRMINGHAM NEWS,100101,1980,-.9329050011608021,1
AL,BIRMINGHAM NEWS,100101,1984,-.9021059384383393,1
AL,BIRMINGHAM NEWS,100101,1988,-.8713068757158767,1
AL,BIRMINGHAM NEWS,100101,1992,-.8405078129934138,1
AL,BIRMINGHAM NEWS,100101,1994,-.8251082816321825,15
AL,BIRMINGHAM NEWS,100101,1996,-.809708750270951,10
AL,BIRMINGHAM NEWS,100101,1998,-.7943092189097196,12
AL,BIRMINGHAM NEWS,100101,2000,-.7789096875484883,15
AL,BIRMINGHAM NEWS,100101,2002,-.763510156187257,13
AL,BIRMINGHAM NEWS,100101,2004,-.7481106248260255,6
AL,BIRMINGHAM NEWS,100101,2006,-.7327110934647942,10
AL,BIRMINGHAM NEWS,100101,2008,-.7173115621035626,1
AL,BIRMINGHAM NEWS,100101,2010,-.7019120307423313,1
AL,BIRMINGHAM NEWS,100101,2016,-.6557134366586375,1
AL,DECATUR DAILY,100150,2006,.9346513044540125,8
AL,DECATUR DAILY,100150,2008,1.04621031589429,1
AL,DECATUR DAILY,100150,2010,1.157769327334566,1
AL,DECATUR DAILY,100150,2012,1.269328338774844,1
AL,FLORENCE TIMES DAILY,100250,1984,-2.001389226873029,1
AL,FLORENCE TIMES DAILY,100250,2002,-.2663271102168988,14
AL,FLORENCE TIMES DAILY,100250,2004,-.0735424305884395,1
AL,FLORENCE TIMES DAILY,100250,2006,.1192422490400199,9
AL,FLORENCE TIMES DAILY,100250,2008,.3120269286684784,1
AL,FLORENCE TIMES DAILY,100250,2012,.6975962879253962,1
AL,GADSDEN TIMES,100300,2004,-.572979158651883,1
AL,GADSDEN TIMES,100300,2006,-.8533328733382262,10
AL,GADSDEN TIMES,100300,2008,-1.133686588024569,1
AL,HUNTSVILLE TIMES,100350,1994,-.2919589534058803,13
AL,HUNTSVILLE TIMES,100350,1998,-.1486790738229175,12
AL,HUNTSVILLE TIMES,100350,2002,-.0053991942399546,13
AL,HUNTSVILLE TIMES,100350,2006,.1378806853430082,18
AL,MOBILE REGISTER,100400,1972,-1.049211813096955,1
AL,MOBILE REGISTER,100400,1976,-1.032130899076566,1
AL,MOBILE REGISTER,100400,1980,-1.015049985056176,1
AL,MOBILE REGISTER,100400,1984,-.9979690710357864,1
AL,MOBILE REGISTER,100400,1988,-.9808881570153966,1
AL,MOBILE REGISTER,100400,1992,-.9638072429950069,1
AL,MOBILE REGISTER,100400,1994,-.955266785984812,12
AL,MOBILE REGISTER,100400,1996,-.9467263289746172,8
AL,MOBILE REGISTER,100400,1998,-.9381858719644223,8
AL,MOBILE REGISTER,100400,2000,-.9296454149542275,7
AL,MOBILE REGISTER,100400,2004,-.9125645009338378,5
AL,MOBILE REGISTER,100400,2006,-.904024043923643,18
AL,MOBILE REGISTER,100400,2008,-.8954835869134481,1
AL,MONTGOMERY ADVERTISER JOURNAL,100450,1996,-.3424302473856006,1
AL,MONTGOMERY ADVERTISER JOURNAL,100450,2000,-.1329918771326685,1
AL,MONTGOMERY ADVERTISER JOURNAL,100450,2002,-.028272692006202,12
AL,MONTGOMERY ADVERTISER JOURNAL,100450,2004,.076446493120264,6
AL,MONTGOMERY ADVERTISER JOURNAL,100450,2006,.1811656782467301,20
AL,MONTGOMERY ADVERTISER JOURNAL,100450,2008,.2858848633731961,1
AL,MONTGOMERY ADVERTISER JOURNAL,100450,2010,.3906040484996626,1
AL,MONTGOMERY ADVERTISER JOURNAL,100450,2012,.4953232336261286,1
AL,MONTGOMERY JOURNAL,100451,1952,-.0950660569562345,1
AL,MONTGOMERY JOURNAL,100451,1956,-.0842589116120923,1
AL,MONTGOMERY JOURNAL,100451,1960,-.0734517662679503,1
AL,MONTGOMERY JOURNAL,100451,1964,-.0626446209238081,1
AL,MONTGOMERY JOURNAL,100451,1966,-.057241048251737,2
AL,MONTGOMERY JOURNAL,100451,1968,-.0518374755796659,1
AL,MONTGOMERY JOURNAL,100451,1972,-.0410303302355239,3
AL,MONTGOMERY JOURNAL,100451,1976,-.0302231848913817,2
AL,MONTGOMERY JOURNAL,100451,1982,-.0140124668751685,3
AL,MONTGOMERY JOURNAL,100451,1984,-.0086088942030974,1
AL,MONTGOMERY JOURNAL,100451,1986,-.0032053215310263,3
AL,MONTGOMERY JOURNAL,100451,1988,.0021982511410448,12
AL,MONTGOMERY JOURNAL,100451,1990,.0076018238131157,13
AL,MONTGOMERY ADVERTISER,100452,1952,-.5272057415599528,1
AL,MONTGOMERY ADVERTISER,100452,1956,-.4852025058345584,1
AL,MONTGOMERY ADVERTISER,100452,1960,-.4431992701091641,1
AL,MONTGOMERY ADVERTISER,100452,1964,-.40119603438377,1
AL,MONTGOMERY ADVERTISER,100452,1966,-.3801944165210727,2
AL,MONTGOMERY ADVERTISER,100452,1968,-.3591927986583757,1
AL,MONTGOMERY ADVERTISER,100452,1972,-.3171895629329813,3
AL,MONTGOMERY ADVERTISER,100452,1976,-.275186327207587,2
AL,MONTGOMERY ADVERTISER,100452,1982,-.2121814736194956,3
AL,MONTGOMERY ADVERTISER,100452,1984,-.1911798557567985,2
AL,MONTGOMERY ADVERTISER,100452,1986,-.1701782378941014,5
AL,MONTGOMERY ADVERTISER,100452,1988,-.1491766200314042,12
AL,MONTGOMERY ADVERTISER,100452,1990,-.1281750021687071,6
AL,OPELIKA AUBURN NEWS,100470,2006,.1506792798664358,10
AL,OPELIKA AUBURN NEWS,100470,2008,-.5025086971382583,1
AL,OPELIKA AUBURN NEWS,100470,2010,-1.155696674142949,1
AL,TUSCALOOSA NEWS,100550,2004,.7732844752001984,1
AL,TUSCALOOSA NEWS,100550,2006,.4929307605153519,10
AL,TUSCALOOSA NEWS,100550,2008,.2125770458305055,1
AR,LITTLE ROCK ARKANSAS GAZETTE,101052,1952,2.736278630646217,1
AR,LITTLE ROCK ARKANSAS GAZETTE,101052,1956,2.708192735529482,1
AR,LITTLE ROCK ARKANSAS GAZETTE,101052,1960,2.680106840412747,1
AR,LITTLE ROCK ARKANSAS GAZETTE,101052,1964,2.652020945296012,1
AR,LITTLE ROCK ARKANSAS GAZETTE,101052,1968,2.623935050179277,1
AR,LITTLE ROCK ARKANSAS GAZETTE,101052,1972,2.595849155062541,1
AR,LITTLE ROCK ARKANSAS GAZETTE,101052,1976,2.567763259945806,1
AR,LITTLE ROCK ARKANSAS GAZETTE,101052,1980,2.539677364829071,1
AR,LITTLE ROCK ARKANSAS GAZETTE,101052,1984,2.511591469712335,1
AR,LITTLE ROCK ARKANSAS GAZETTE,101052,1988,2.4835055745956,1
AZ,ARIZONA DAILY SUN,100580,1980,-1.135804426051386,3
AZ,ARIZONA DAILY SUN,100580,1982,-1.018169017419736,6
AZ,ARIZONA DAILY SUN,100580,1984,-.9005336087880863,10
AZ,ARIZONA DAILY SUN,100580,1994,-.3123565656298355,6
AZ,PHOENIX ARIZONA REPUBLIC,100650,1952,-.2763195219341407,6
AZ,PHOENIX ARIZONA REPUBLIC,100650,1956,-.2983135167131031,44
AZ,PHOENIX ARIZONA REPUBLIC,100650,1958,-.3093105141025842,20
AZ,PHOENIX ARIZONA REPUBLIC,100650,1960,-.3203075114920653,17
AZ,PHOENIX ARIZONA REPUBLIC,100650,1962,-.3313045088815464,14
AZ,PHOENIX ARIZONA REPUBLIC,100650,1964,-.3423015062710275,19
AZ,PHOENIX ARIZONA REPUBLIC,100650,1966,-.3532985036605088,11
AZ,PHOENIX ARIZONA REPUBLIC,100650,1968,-.3642955010499899,16
AZ,PHOENIX ARIZONA REPUBLIC,100650,1972,-.3862894958289521,1
AZ,PHOENIX ARIZONA REPUBLIC,100650,1976,-.4082834906079145,43
AZ,PHOENIX ARIZONA REPUBLIC,100650,1978,-.4192804879973956,6
AZ,PHOENIX ARIZONA REPUBLIC,100650,1980,-.4302774853868767,5
AZ,PHOENIX ARIZONA REPUBLIC,100650,1982,-.4412744827763578,10
AZ,PHOENIX ARIZONA REPUBLIC,100650,1984,-.4522714801658389,8
AZ,PHOENIX ARIZONA REPUBLIC,100650,1986,-.46326847755532,8
AZ,PHOENIX ARIZONA REPUBLIC,100650,1988,-.4742654749448013,5
AZ,PHOENIX ARIZONA REPUBLIC,100650,1990,-.4852624723342824,7
AZ,PHOENIX ARIZONA REPUBLIC,100650,1992,-.4962594697237635,1
AZ,PHOENIX ARIZONA REPUBLIC,100650,1996,-.5182534645027259,4
AZ,PHOENIX ARIZONA REPUBLIC,100650,1998,-.5292504618922069,9
AZ,PHOENIX ARIZONA REPUBLIC,100650,2000,-.540247459281688,3
AZ,PHOENIX ARIZONA REPUBLIC,100650,2002,-.5512444566711692,8
AZ,PHOENIX ARIZONA REPUBLIC,100650,2004,-.5622414540606503,1
AZ,PHOENIX ARIZONA REPUBLIC,100650,2006,-.5732384514501313,6
AZ,PHOENIX ARIZONA REPUBLIC,100650,2008,-.5842354488396126,16
AZ,PHOENIX ARIZONA REPUBLIC,100650,2010,-.5952324462290938,14
AZ,PHOENIX ARIZONA REPUBLIC,100650,2012,-.6062294436185749,5
AZ,PHOENIX ARIZONA REPUBLIC,100650,2014,-.6172264410080559,7
AZ,PHOENIX ARIZONA REPUBLIC,100650,2018,-.6392204357870184,2
AZ,PHOENIX ARIZONA GAZETTE,100651,1952,-.3211510396268626,2
AZ,PHOENIX ARIZONA GAZETTE,100651,1956,-.337443240485172,44
AZ,PHOENIX ARIZONA GAZETTE,100651,1960,-.3537354413434811,11
AZ,PHOENIX ARIZONA GAZETTE,100651,1962,-.3618815417726358,26
AZ,PHOENIX ARIZONA GAZETTE,100651,1964,-.3700276422017905,6
AZ,PHOENIX ARIZONA GAZETTE,100651,1970,-.3944659434892545,16
AZ,PHOENIX ARIZONA GAZETTE,100651,1972,-.4026120439184092,12
AZ,PHOENIX ARIZONA GAZETTE,100651,1976,-.4189042447767183,25
AZ,PHOENIX ARIZONA GAZETTE,100651,1978,-.427050345205873,32
AZ,PHOENIX ARIZONA GAZETTE,100651,1980,-.4351964456350276,8
AZ,PHOENIX ARIZONA GAZETTE,100651,1982,-.4433425460641823,10
AZ,PHOENIX ARIZONA GAZETTE,100651,1984,-.451488646493337,30
AZ,PHOENIX ARIZONA GAZETTE,100651,1986,-.4596347469224917,10
AZ,PHOENIX ARIZONA GAZETTE,100651,1988,-.4677808473516463,1
AZ,TUCSON ARIZONA STAR,100750,1952,1.590471909910662,1
AZ,TUCSON ARIZONA STAR,100750,1954,1.55023679612115,1
AZ,TUCSON ARIZONA STAR,100750,1956,1.510001682331639,1
AZ,TUCSON ARIZONA STAR,100750,1960,1.429531454752615,12
AZ,TUCSON ARIZONA STAR,100750,1962,1.389296340963103,22
AZ,TUCSON ARIZONA STAR,100750,1964,1.349061227173591,28
AZ,TUCSON ARIZONA STAR,100750,1966,1.30882611338408,7
AZ,TUCSON ARIZONA STAR,100750,1968,1.268590999594568,17
AZ,TUCSON ARIZONA STAR,100750,1970,1.228355885805056,11
AZ,TUCSON ARIZONA STAR,100750,1972,1.188120772015544,21
AZ,TUCSON ARIZONA STAR,100750,1974,1.147885658226032,7
AZ,TUCSON ARIZONA STAR,100750,1976,1.107650544436521,14
AZ,TUCSON ARIZONA STAR,100750,1978,1.067415430647009,21
AZ,TUCSON ARIZONA STAR,100750,1980,1.027180316857497,14
AZ,TUCSON ARIZONA STAR,100750,1982,.9869452030679848,23
AZ,TUCSON ARIZONA STAR,100750,1984,.9467100892784731,21
AZ,TUCSON ARIZONA STAR,100750,1986,.9064749754889613,8
AZ,TUCSON ARIZONA STAR,100750,1988,.8662398616994494,16
AZ,TUCSON ARIZONA STAR,100750,1990,.8260047479099377,16
AZ,TUCSON ARIZONA STAR,100750,1992,.7857696341204259,1
AZ,TUCSON ARIZONA STAR,100750,1994,.7455345203309141,5
AZ,TUCSON ARIZONA STAR,100750,1996,.7052994065414023,4
AZ,TUCSON ARIZONA STAR,100750,1998,.6650642927518905,8
AZ,TUCSON ARIZONA STAR,100750,2000,.6248291789623788,3
AZ,TUCSON ARIZONA STAR,100750,2002,.5845940651728669,7
AZ,TUCSON ARIZONA STAR,100750,2004,.5443589513833547,1
AZ,TUCSON ARIZONA STAR,100750,2006,.5041238375938429,9
AZ,TUCSON ARIZONA STAR,100750,2008,.4638887238043311,14
AZ,TUCSON ARIZONA STAR,100750,2010,.4236536100148193,10
AZ,TUCSON ARIZONA STAR,100750,2012,.3834184962253075,13
AZ,TUCSON ARIZONA STAR,100750,2014,.3431833824357958,9
AZ,TUCSON ARIZONA CITIZEN,100751,1950,-.7441778006512478,2
AZ,TUCSON ARIZONA CITIZEN,100751,1952,-.7147742199276745,3
AZ,TUCSON ARIZONA CITIZEN,100751,1954,-.685370639204101,1
AZ,TUCSON ARIZONA CITIZEN,100751,1956,-.6559670584805277,4
AZ,TUCSON ARIZONA CITIZEN,100751,1960,-.5971598970333809,26
AZ,TUCSON ARIZONA CITIZEN,100751,1962,-.5677563163098076,27
AZ,TUCSON ARIZONA CITIZEN,100751,1964,-.5383527355862341,30
AZ,TUCSON ARIZONA CITIZEN,100751,1966,-.5089491548626608,12
AZ,TUCSON ARIZONA CITIZEN,100751,1968,-.4795455741390872,18
AZ,TUCSON ARIZONA CITIZEN,100751,1970,-.4501419934155139,11
AZ,TUCSON ARIZONA CITIZEN,100751,1972,-.4207384126919403,19
AZ,TUCSON ARIZONA CITIZEN,100751,1974,-.391334831968367,10
AZ,TUCSON ARIZONA CITIZEN,100751,1976,-.3619312512447935,17
AZ,TUCSON ARIZONA CITIZEN,100751,1978,-.3325276705212202,18
AZ,TUCSON ARIZONA CITIZEN,100751,1980,-.3031240897976469,15
AZ,TUCSON ARIZONA CITIZEN,100751,1982,-.2737205090740734,25
AZ,TUCSON ARIZONA CITIZEN,100751,1984,-.2443169283505001,19
AZ,TUCSON ARIZONA CITIZEN,100751,1986,-.2149133476269265,10
AZ,TUCSON ARIZONA CITIZEN,100751,1988,-.1855097669033532,22
AZ,TUCSON ARIZONA CITIZEN,100751,1990,-.1561061861797799,16
AZ,TUCSON ARIZONA CITIZEN,100751,1992,-.1267026054562064,5
AZ,TUCSON ARIZONA CITIZEN,100751,1994,-.0972990247326328,1
AZ,TUCSON ARIZONA CITIZEN,100751,1996,-.0678954440090595,11
AZ,TUCSON ARIZONA CITIZEN,100751,1998,-.0384918632854862,6
AZ,TUCSON ARIZONA CITIZEN,100751,2000,-.0090882825619129,9
AZ,TUCSON ARIZONA CITIZEN,100751,2002,.0203152981616604,10
AZ,TUCSON ARIZONA CITIZEN,100751,2004,.0497188788852341,4
AZ,TUCSON ARIZONA CITIZEN,100751,2006,.0791224596088075,8
AZ,TUCSON ARIZONA CITIZEN,100751,2008,.1085260403323808,8
CA,AUBURN JOURNAL,62,1956,1.094530710863328,1
CA,AUBURN JOURNAL,62,1958,.9875508770736038,1
CA,AUBURN JOURNAL,62,1960,.8805710432838786,4
CA,AUBURN JOURNAL,62,1962,.7735912094941539,2
CA,AUBURN JOURNAL,62,1964,.6666113757044287,3
CA,AUBURN JOURNAL,62,1974,.131712206755804,1
CA,AUBURN JOURNAL,62,1976,.0247323729660793,2
CA,AUBURN JOURNAL,62,1980,-.1892272946133705,1
CA,AUBURN JOURNAL,62,1984,-.4031869621928203,1
CA,AUBURN JOURNAL,62,1986,-.5101667959825452,2
CA,OCEANSIDE NORTH COUNTY TIMES,748,1990,-1.637687252450045,2
CA,OCEANSIDE NORTH COUNTY TIMES,748,1992,-1.544035964198438,3
CA,OCEANSIDE NORTH COUNTY TIMES,748,1994,-1.450384675946832,3
CA,OCEANSIDE NORTH COUNTY TIMES,748,1996,-1.356733387695226,3
CA,OCEANSIDE NORTH COUNTY TIMES,748,1998,-1.26308209944362,2
CA,OCEANSIDE NORTH COUNTY TIMES,748,2000,-1.169430811192014,3
CA,OCEANSIDE NORTH COUNTY TIMES,748,2002,-1.075779522940407,3
CA,PASADENA INDEPENDENT STAR NEWS,788,1958,-.1477228515056575,15
CA,PASADENA INDEPENDENT STAR NEWS,788,1960,-.1666557577968724,9
CA,PASADENA INDEPENDENT STAR NEWS,788,1962,-.1855886640880873,5
CA,PASADENA INDEPENDENT STAR NEWS,788,1964,-.2045215703793025,10
CA,PASADENA INDEPENDENT STAR NEWS,788,1966,-.2234544766705174,7
CA,PASADENA INDEPENDENT STAR NEWS,788,1968,-.2423873829617325,1
CA,SONOMA INDEX TRIBUNE,965,2004,-.3652569056395062,2
CA,SONOMA INDEX TRIBUNE,965,2006,-.0481107897474641,8
CA,ALAMEDA TIMES STAR,101245,1956,-.2442694250967379,1
CA,ALAMEDA TIMES STAR,101245,1964,-.1076407800539946,1
CA,ALAMEDA TIMES STAR,101245,1968,-.039326457532623,1
CA,ALAMEDA TIMES STAR,101245,1972,.0289878649887486,1
CA,ALAMEDA TIMES STAR,101245,2002,.5413452838990365,9
CA,ALAMEDA TIMES STAR,101245,2006,.6096596064204081,3
CA,BAKERSFIELD CALIFORNIAN,101350,1998,-.4480759503094659,9
CA,BAKERSFIELD CALIFORNIAN,101350,2000,-.438305417448912,2
CA,BAKERSFIELD CALIFORNIAN,101350,2002,-.4285348845883579,8
CA,BAKERSFIELD CALIFORNIAN,101350,2004,-.4187643517278038,1
CA,BAKERSFIELD CALIFORNIAN,101350,2006,-.4089938188672499,8
CA,BAKERSFIELD CALIFORNIAN,101350,2008,-.3992232860066958,1
CA,ESCONDIDO TIMES ADVOCATE,101700,1952,-.6600151293522325,1
CA,ESCONDIDO TIMES ADVOCATE,101700,1956,-.7615031846334094,1
CA,ESCONDIDO TIMES ADVOCATE,101700,1960,-.8629912399145862,1
CA,ESCONDIDO TIMES ADVOCATE,101700,1964,-.9644792951957629,1
CA,ESCONDIDO TIMES ADVOCATE,101700,1972,-1.167455405758117,1
CA,ESCONDIDO TIMES ADVOCATE,101700,1976,-1.268943461039293,3
CA,ESCONDIDO TIMES ADVOCATE,101700,1984,-1.471919571601647,1
CA,OCEANSIDE NORTH COUNTY TIMES ADVOCATE,101700,2000,-1.877871792726354,1
CA,OCEANSIDE NORTH COUNTY TIMES ADVOCATE,101700,2004,-1.979359848007531,1
CA,ESCONDIDO TIMES ADVOCATE,101700,2008,-2.080847903288708,1
CA,ESCONDIDO TIMES ADVOCATE,101700,2012,-2.182335958569884,1
CA,EUREKA TIMES STANDARD,101750,1952,-.2533953360398335,1
CA,EUREKA TIMES STANDARD,101750,1954,-.2488084892937638,1
CA,EUREKA TIMES STANDARD,101750,1956,-.2442216425476944,2
CA,EUREKA TIMES STANDARD,101750,1970,-.2121137153252071,3
CA,EUREKA TIMES STANDARD,101750,1972,-.2075268685791375,3
CA,EUREKA TIMES STANDARD,101750,1974,-.2029400218330678,3
CA,FREMONT ARGUS,101780,1966,-1.418235222245358,6
CA,FREMONT ARGUS,101780,1968,-1.278854286948385,3
CA,FREMONT ARGUS,101780,1970,-1.139473351651412,6
CA,FREMONT ARGUS,101780,1972,-1.000092416354438,1
CA,FREMONT ARGUS,101780,2000,.9512406778031868,1
CA,FREMONT ARGUS,101780,2002,1.09062161310016,8
CA,FREMONT ARGUS,101780,2004,1.230002548397133,1
CA,FREMONT ARGUS,101780,2006,1.369383483694106,2
CA,FREMONT ARGUS,101780,2008,1.50876441899108,1
CA,FRESNO BEE,101800,1952,2.751078446188774,1
CA,FRESNO BEE,101800,1960,2.426134671835275,1
CA,FRESNO BEE,101800,1962,2.3448987282469,1
CA,FRESNO BEE,101800,1964,2.263662784658525,5
CA,FRESNO BEE,101800,1968,2.101190897481776,4
CA,FRESNO BEE,101800,1970,2.019954953893401,8
CA,FRESNO BEE,101800,1980,1.613775235951527,1
CA,FRESNO BEE,101800,1984,1.451303348774777,1
CA,FRESNO BEE,101800,1986,1.370067405186403,10
CA,FRESNO BEE,101800,1988,1.288831461598028,4
CA,FRESNO BEE,101800,1990,1.207595518009653,8
CA,FRESNO BEE,101800,1992,1.126359574421278,1
CA,FRESNO BEE,101800,1994,1.045123630832903,8
CA,FRESNO BEE,101800,1996,.9638876872445284,2
CA,FRESNO BEE,101800,1998,.8826517436561532,11
CA,FRESNO BEE,101800,2000,.8014158000677784,4
CA,FRESNO BEE,101800,2002,.7201798564794036,10
CA,FRESNO BEE,101800,2004,.6389439128910288,3
CA,FRESNO BEE,101800,2006,.557707969302654,10
CA,FRESNO BEE,101800,2010,.3952360821259044,8
CA,FRESNO BEE,101800,2012,.3140001385375296,2
CA,FRESNO BEE,101800,2014,.2327641949491548,9
CA,FRESNO BEE,101800,2016,.15152825136078,2
CA,FRESNO BEE,101800,2018,.0702923077724052,4
CA,HAYWARD DAILY REVIEW,102050,1952,-1.427382623567532,1
CA,HAYWARD DAILY REVIEW,102050,1956,-1.218811200424624,1
CA,HAYWARD DAILY REVIEW,102050,1960,-1.010239777281715,1
CA,HAYWARD DAILY REVIEW,102050,1964,-.801668354138807,1
CA,HAYWARD DAILY REVIEW,102050,1972,-.3845255078529899,1
CA,HAYWARD DAILY REVIEW,102050,1980,.0326173384328272,1
CA,HAYWARD DAILY REVIEW,102050,1996,.8669030310044609,1
CA,HAYWARD DAILY REVIEW,102050,2000,1.07547445414737,1
CA,HAYWARD DAILY REVIEW,102050,2002,1.179760165718824,9
CA,HAYWARD DAILY REVIEW,102050,2004,1.284045877290277,2
CA,HAYWARD DAILY REVIEW,102050,2006,1.388331588861732,1
CA,HAYWARD DAILY REVIEW,102050,2008,1.492617300433186,1
CA,SAN DIEGO UNION TRIBUNE,102700,1990,-2.437060688628225,8
CA,SAN DIEGO UNION TRIBUNE,102700,1992,-2.193043787930558,3
CA,SAN DIEGO UNION TRIBUNE,102700,1994,-1.949026887232893,10
CA,SAN DIEGO UNION TRIBUNE,102700,1996,-1.705009986535227,3
CA,SAN DIEGO UNION TRIBUNE,102700,1998,-1.460993085837561,10
CA,SAN DIEGO UNION TRIBUNE,102700,2000,-1.216976185139896,4
CA,SAN DIEGO UNION TRIBUNE,102700,2002,-.9729592844422296,10
CA,SAN DIEGO UNION TRIBUNE,102700,2004,-.7289423837445634,2
CA,SAN DIEGO UNION TRIBUNE,102700,2006,-.4849254830468982,9
CA,SAN DIEGO UNION TRIBUNE,102700,2008,-.240908582349232,1
CA,SAN DIEGO UNION TRIBUNE,102700,2016,.7351590204414317,1
CA,SAN DIEGO UNION TRIBUNE,102700,2020,1.223192821836763,1
CA,SAN DIEGO UNION,102701,1952,-.4558649267097848,1
CA,SAN DIEGO UNION,102701,1956,-.544497210207992,1
CA,SAN DIEGO UNION,102701,1960,-.633129493706199,1
CA,SAN DIEGO UNION,102701,1962,-.6774456354553028,2
CA,SAN DIEGO UNION,102701,1966,-.7660779189535097,1
CA,SAN DIEGO UNION,102701,1968,-.8103940607026134,1
CA,SAN DIEGO UNION,102701,1970,-.854710202451717,1
CA,SAN DIEGO UNION,102701,1972,-.8990263442008206,1
CA,SAN DIEGO UNION,102701,1976,-.9876586276990278,2
CA,SAN DIEGO UNION,102701,1978,-1.031974769448131,1
CA,SAN DIEGO UNION,102701,1980,-1.076290911197235,1
CA,SAN DIEGO UNION,102701,1984,-1.164923194695442,1
CA,SAN DIEGO UNION,102701,1988,-1.253555478193649,1
CA,TORRANCE DAILY BREEZE,102800,1974,-1.891480227280709,2
CA,TORRANCE DAILY BREEZE,102800,1976,-1.808553972296514,5
CA,TORRANCE DAILY BREEZE,102800,1978,-1.72562771731232,2
CA,TORRANCE DAILY BREEZE,102800,1980,-1.642701462328126,3
CA,TORRANCE DAILY BREEZE,102800,1982,-1.559775207343931,4
CA,TORRANCE DAILY BREEZE,102800,1984,-1.476848952359737,6
CA,TORRANCE DAILY BREEZE,102800,1986,-1.393922697375543,1
CA,TORRANCE DAILY BREEZE,102800,1988,-1.310996442391348,4
CA,TORRANCE DAILY BREEZE,102800,1990,-1.228070187407154,1
CA,TORRANCE DAILY BREEZE,102800,1992,-1.14514393242296,3
CA,TORRANCE DAILY BREEZE,102800,1994,-1.062217677438765,10
CA,TORRANCE DAILY BREEZE,102800,2000,-.8134389124861823,1
CA,TORRANCE DAILY BREEZE,102800,2002,-.7305126575019883,7
CA,TORRANCE DAILY BREEZE,102800,2004,-.647586402517794,2
CA,TORRANCE DAILY BREEZE,102800,2006,-.5646601475335995,4
CA,TORRANCE DAILY BREEZE,102800,2008,-.4817338925494051,1
CA,TORRANCE DAILY BREEZE,102800,2012,-.3158813825810167,1
CA,LODI NEWS SENTINEL,102820,1984,-1.149272209251718,1
CA,LODI NEWS SENTINEL,102820,2002,-.8188310574645676,6
CA,LODI NEWS SENTINEL,102820,2004,-.782115373932662,2
CA,LODI NEWS SENTINEL,102820,2006,-.7453996904007564,9
CA,PLEASANTON TRI VALLEY HERALD,102830,1968,-.7513962694554567,1
CA,PLEASANTON TRI VALLEY HERALD,102830,1972,-.6217031305660279,1
CA,PLEASANTON TRI VALLEY HERALD,102830,1980,-.3623168527871702,1
CA,PLEASANTON TRI VALLEY HERALD,102830,1996,.1564557027705448,1
CA,PLEASANTON TRI VALLEY HERALD,102830,2000,.286148841659974,1
CA,PLEASANTON TRI VALLEY HERALD,102830,2002,.3509954111046882,10
CA,PLEASANTON TRI VALLEY HERALD,102830,2004,.4158419805494024,5
CA,PLEASANTON TRI VALLEY HERALD,102830,2006,.480688549994117,3
CA,PLEASANTON TRI VALLEY HERALD,102830,2008,.5455351194388316,1
CA,LOMPOC RECORD,102840,1966,-.4518436980110203,7
CA,LOMPOC RECORD,102840,1968,-.4906631434638639,1
CA,LOMPOC RECORD,102840,1970,-.5294825889167073,5
CA,LOMPOC RECORD,102840,1976,-.6459409252752377,1
CA,LOMPOC RECORD,102840,1978,-.6847603707280812,1
CA,LOMPOC RECORD,102840,1984,-.8012187070866116,1
CA,LOMPOC RECORD,102840,1988,-.8788575979922987,3
CA,LOMPOC RECORD,102840,2000,-1.11177427070936,2
CA,LONG BEACH PRESS TELEGRAM,102850,1952,.4067471356857897,1
CA,LONG BEACH PRESS TELEGRAM,102850,1954,.3582422287552834,8
CA,LONG BEACH PRESS TELEGRAM,102850,1956,.3097373218247777,3
CA,LONG BEACH PRESS TELEGRAM,102850,1958,.2612324148942715,8
CA,LONG BEACH PRESS TELEGRAM,102850,1960,.2127275079637658,1
CA,LONG BEACH PRESS TELEGRAM,102850,1962,.16422260103326,11
CA,LONG BEACH PRESS TELEGRAM,102850,1964,.1157176941027538,2
CA,LONG BEACH PRESS TELEGRAM,102850,1966,.0672127871722481,11
CA,LONG BEACH PRESS TELEGRAM,102850,1968,.0187078802417419,5
CA,LONG BEACH PRESS TELEGRAM,102850,1970,-.0297970266887639,12
CA,LONG BEACH PRESS TELEGRAM,102850,1972,-.0783019336192701,6
CA,LONG BEACH PRESS TELEGRAM,102850,1974,-.1268068405497758,13
CA,LONG BEACH PRESS TELEGRAM,102850,1976,-.1753117474802818,6
CA,LONG BEACH PRESS TELEGRAM,102850,1980,-.2723215613412935,1
CA,LONG BEACH PRESS TELEGRAM,102850,1984,-.3693313752023055,1
CA,LONG BEACH PRESS TELEGRAM,102850,1992,-.5633510029243294,2
CA,LONG BEACH PRESS TELEGRAM,102850,1994,-.6118559098548353,11
CA,LONG BEACH PRESS TELEGRAM,102850,1996,-.6603608167853411,1
CA,LONG BEACH PRESS TELEGRAM,102850,1998,-.708865723715847,8
CA,LONG BEACH PRESS TELEGRAM,102850,2000,-.757370630646353,2
CA,LONG BEACH PRESS TELEGRAM,102850,2002,-.805875537576859,8
CA,LONG BEACH PRESS TELEGRAM,102850,2004,-.8543804445073649,2
CA,LONG BEACH PRESS TELEGRAM,102850,2006,-.902885351437871,9
CA,LONG BEACH PRESS TELEGRAM,102850,2008,-.9513902583683767,1
CA,PASADENA INDEPENDENT,102851,1958,.2210947788940434,9
CA,PASADENA INDEPENDENT,102851,1960,.1619668829826979,9
CA,LONG BEACH INDEPENDENT,102851,1962,.102838987071352,6
CA,LONG BEACH INDEPENDENT,102851,1964,.043711091160006,11
CA,LONG BEACH INDEPENDENT,102851,1966,-.0154168047513395,6
CA,LONG BEACH INDEPENDENT,102851,1968,-.0745447006626854,11
CA,LONG BEACH INDEPENDENT,102851,1970,-.1336725965740311,16
CA,LONG BEACH INDEPENDENT,102851,1972,-.1928004924853768,5
CA,LONG BEACH INDEPENDENT,102851,1974,-.2519283883967228,12
CA,LONG BEACH INDEPENDENT,102851,1976,-.3110562843080683,11
CA,LONG BEACH INDEPENDENT,102851,1980,-.4293120761307599,1
CA,LOS ANGELES TIMES,103000,1950,-.4478866741600859,8
CA,LOS ANGELES TIMES,103000,1952,-.3959829899707985,1
CA,LOS ANGELES TIMES,103000,1954,-.3440793057815113,9
CA,LOS ANGELES TIMES,103000,1956,-.2921756215922239,5
CA,LOS ANGELES TIMES,103000,1958,-.2402719374029365,12
CA,LOS ANGELES TIMES,103000,1960,-.1883682532136493,8
CA,LOS ANGELES TIMES,103000,1962,-.1364645690243619,10
CA,LOS ANGELES TIMES,103000,1964,-.0845608848350747,5
CA,LOS ANGELES TIMES,103000,1966,-.0326572006457872,14
CA,LOS ANGELES TIMES,103000,1968,.0192464835435002,10
CA,LOS ANGELES TIMES,103000,1970,.0711501677327872,9
CA,LOS ANGELES TIMES,103000,1974,.174957536111362,9
CA,LOS ANGELES TIMES,103000,1976,.2268612203006494,8
CA,LOS ANGELES TIMES,103000,1978,.2787649044899368,7
CA,LOS ANGELES TIMES,103000,1980,.3306685886792243,4
CA,LOS ANGELES TIMES,103000,1982,.3825722728685117,5
CA,LOS ANGELES TIMES,103000,1984,.4344759570577987,7
CA,LOS ANGELES TIMES,103000,1986,.4863796412470861,6
CA,LOS ANGELES TIMES,103000,1988,.5382833254363735,8
CA,LOS ANGELES TIMES,103000,1990,.5901870096256605,7
CA,LOS ANGELES TIMES,103000,1992,.6420906938149483,4
CA,LOS ANGELES TIMES,103000,1994,.6939943780042354,15
CA,LOS ANGELES TIMES,103000,1996,.7458980621935227,2
CA,LOS ANGELES TIMES,103000,1998,.7978017463828102,7
CA,LOS ANGELES TIMES,103000,2000,.8497054305720976,2
CA,LOS ANGELES TIMES,103000,2002,.9016091147613849,7
CA,LOS ANGELES TIMES,103000,2006,1.00541648313996,8
CA,LOS ANGELES TIMES,103000,2008,1.057320167329247,1
CA,LOS ANGELES TIMES,103000,2016,1.264934904086396,1
CA,LOS ANGELES TIMES,103000,2020,1.368742272464971,1
CA,MERCED SUN STAR,103100,1968,-.6160217364225886,3
CA,MERCED SUN STAR,103100,1972,-.5356486424381629,3
CA,MERCED SUN STAR,103100,1974,-.49546209544595,6
CA,MERCED SUN STAR,103100,1976,-.455275548453737,3
CA,MERCED SUN STAR,103100,1978,-.4150890014615241,1
CA,MERCED SUN STAR,103100,1980,-.3749024544693113,1
CA,MERCED SUN STAR,103100,1982,-.3347159074770983,3
CA,MERCED SUN STAR,103100,1986,-.2543428134926726,2
CA,MERCED SUN STAR,103100,1988,-.2141562665004597,2
CA,MERCED SUN STAR,103100,1992,-.1337831725160337,1
CA,MERCED SUN STAR,103100,1994,-.0935966255238208,1
CA,MERCED SUN STAR,103100,1996,-.0534100785316081,2
CA,MERCED SUN STAR,103100,1998,-.0132235315393951,6
CA,MERCED SUN STAR,103100,2002,.0671495624450306,2
CA,MERCED SUN STAR,103100,2004,.1073361094372438,3
CA,MERCED SUN STAR,103100,2006,.1475226564294565,9
CA,MERCED SUN STAR,103100,2008,.1877092034216693,1
CA,MODESTO BEE,103150,1980,2.364981698216528,1
CA,MODESTO BEE,103150,1984,2.104000840305048,1
CA,MODESTO BEE,103150,1988,1.843019982393566,1
CA,MODESTO BEE,103150,1992,1.582039124482084,1
CA,MODESTO BEE,103150,1996,1.321058266570603,1
CA,MODESTO BEE,103150,2000,1.060077408659122,4
CA,MODESTO BEE,103150,2002,.929586979703381,10
CA,MODESTO BEE,103150,2004,.79909655074764,4
CA,MODESTO BEE,103150,2006,.6686061217918994,11
CA,MODESTO BEE,103150,2008,.5381156928361588,2
CA,MODESTO BEE,103150,2010,.4076252638804178,6
CA,MODESTO BEE,103150,2012,.2771348349246777,1
CA,MODESTO BEE,103150,2014,.1466444059689366,8
CA,MODESTO BEE,103150,2016,.0161539770131956,3
CA,MODESTO BEE,103150,2018,-.1143364519425446,7
CA,MONTEREY COUNTY HERALD,103200,2002,-.3593570426621046,2
CA,MONTEREY COUNTY HERALD,103200,2004,.1407065255573822,1
CA,MONTEREY COUNTY HERALD,103200,2006,.6407700937768672,7
CA,MONTEREY COUNTY HERALD,103200,2008,1.140833661996352,1
CA,MONTEREY COUNTY HERALD,103200,2012,2.140960798435324,1
CA,OAKLAND TRIBUNE,103350,1950,-1.119064576308508,5
CA,OAKLAND TRIBUNE,103350,1952,-1.039718424696776,2
CA,OAKLAND TRIBUNE,103350,1954,-.9603722730850439,7
CA,OAKLAND TRIBUNE,103350,1956,-.8810261214733118,5
CA,OAKLAND TRIBUNE,103350,1958,-.8016799698615797,10
CA,OAKLAND TRIBUNE,103350,1960,-.7223338182498474,4
CA,OAKLAND TRIBUNE,103350,1962,-.6429876666381152,11
CA,OAKLAND TRIBUNE,103350,1964,-.5636415150263829,5
CA,OAKLAND TRIBUNE,103350,1966,-.4842953634146508,9
CA,OAKLAND TRIBUNE,103350,1974,-.1669107569677219,9
CA,OAKLAND TRIBUNE,103350,1976,-.0875646053559898,1
CA,OAKLAND TRIBUNE,103350,1984,.2298200010909387,1
CA,OAKLAND TRIBUNE,103350,1992,.547204607537868,1
CA,OAKLAND TRIBUNE,103350,1994,.6265507591495997,8
CA,OAKLAND TRIBUNE,103350,1996,.7058969107613322,1
CA,OAKLAND TRIBUNE,103350,1998,.7852430623730644,15
CA,OAKLAND TRIBUNE,103350,2000,.8645892139847965,1
CA,OAKLAND TRIBUNE,103350,2002,.943935365596529,8
CA,OAKLAND TRIBUNE,103350,2004,1.023281517208261,1
CA,OAKLAND TRIBUNE,103350,2006,1.102627668819993,4
CA,OAKLAND TRIBUNE,103350,2008,1.181973820431725,1
CA,OAKLAND TRIBUNE,103350,2012,1.34066612365519,1
CA,INLAND VALLEY DAILY BULLETIN,103451,1996,-1.157055891589857,1
CA,INLAND VALLEY DAILY BULLETIN,103451,2000,-.7740675929473274,1
CA,INLAND VALLEY DAILY BULLETIN,103451,2002,-.5825734436260628,4
CA,INLAND VALLEY DAILY BULLETIN,103451,2004,-.3910792943047981,4
CA,INLAND VALLEY DAILY BULLETIN,103451,2006,-.1995851449835335,9
CA,INLAND VALLEY DAILY BULLETIN,103451,2008,-.0080909956622689,1
CA,INLAND VALLEY DAILY BULLETIN,103451,2012,.3748973029802604,1
CA,PALM SPRINGS DESERT SUN,103530,1952,-1.088178502612613,1
CA,PALM SPRINGS DESERT SUN,103530,1956,-1.047294835029439,1
CA,PALM SPRINGS DESERT SUN,103530,1960,-1.006411167446265,1
CA,PALM SPRINGS DESERT SUN,103530,1964,-.9655274998630903,1
CA,PALM SPRINGS DESERT SUN,103530,1974,-.8633183309051545,3
CA,PALM SPRINGS DESERT SUN,103530,1980,-.8019928295303931,1
CA,PALM SPRINGS DESERT SUN,103530,1984,-.7611091619472189,1
CA,PALM SPRINGS DESERT SUN,103530,1988,-.7202254943640447,2
CA,PALM SPRINGS DESERT SUN,103530,2002,-.5771326578229347,1
CA,PALM SPRINGS DESERT SUN,103530,2004,-.5566908240313475,2
CA,PALM SPRINGS DESERT SUN,103530,2006,-.5362489902397602,3
CA,PALM SPRINGS DESERT SUN,103530,2008,-.5158071564481731,1
CA,PALM SPRINGS DESERT SUN,103530,2014,-.4544816550734118,2
CA,PASADENA STAR NEWS,103600,1952,-.7102886844017943,1
CA,PASADENA STAR NEWS,103600,1956,-.705300858027615,1
CA,PASADENA STAR NEWS,103600,1960,-.7003130316534357,1
CA,PASADENA STAR NEWS,103600,1972,-.6853495525308978,1
CA,PASADENA STAR NEWS,103600,1980,-.6753738997825393,1
CA,PASADENA STAR NEWS,103600,1984,-.67038607340836,1
CA,PASADENA STAR NEWS,103600,2000,-.6504347679116428,1
CA,PASADENA STAR NEWS,103600,2002,-.6479408547245532,11
CA,PASADENA STAR NEWS,103600,2004,-.6454469415374637,4
CA,PASADENA STAR NEWS,103600,2006,-.6429530283503739,4
CA,PASADENA STAR NEWS,103600,2008,-.6404591151632845,1
CA,PASADENA STAR NEWS,103600,2012,-.6354712887891051,1
CA,PETALUMA ARGUS COURIER,103650,1954,.0786568596554704,8
CA,PETALUMA ARGUS COURIER,103650,1962,.1085929091008228,1
CA,PETALUMA ARGUS COURIER,103650,1970,.1385289585461753,5
CA,PETALUMA ARGUS COURIER,103650,1972,.1460129709075136,4
CA,PETALUMA ARGUS COURIER,103650,1974,.1534969832688515,5
CA,PETALUMA ARGUS COURIER,103650,1976,.1609809956301898,3
CA,PETALUMA ARGUS COURIER,103650,1978,.1684650079915277,4
CA,PETALUMA ARGUS COURIER,103650,1982,.183433032714204,9
CA,REDDING RECORD SEARCHLIGHT,103750,1978,-.0967967854365046,3
CA,REDDING RECORD SEARCHLIGHT,103750,1980,-.1421064132039873,3
CA,REDDING RECORD SEARCHLIGHT,103750,1982,-.18741604097147,4
CA,REDDING RECORD SEARCHLIGHT,103750,1984,-.2327256687389528,2
CA,REDDING RECORD SEARCHLIGHT,103750,1986,-.2780352965064354,3
CA,REDDING RECORD SEARCHLIGHT,103750,1988,-.3233449242739181,2
CA,REDDING RECORD SEARCHLIGHT,103750,1994,-.4592738075763663,1
CA,REDDING RECORD SEARCHLIGHT,103750,1996,-.504583435343849,1
CA,REDDING RECORD SEARCHLIGHT,103750,1998,-.5498930631113317,3
CA,REDDING RECORD SEARCHLIGHT,103750,2000,-.5952026908788144,2
CA,REDDING RECORD SEARCHLIGHT,103750,2002,-.6405123186462971,1
CA,REDDING RECORD SEARCHLIGHT,103750,2004,-.6858219464137801,1
CA,REDDING RECORD SEARCHLIGHT,103750,2006,-.7311315741812628,6
CA,RIVERSIDE PRESS ENTERPRISE,103900,1962,1.649851419005706,1
CA,RIVERSIDE PRESS ENTERPRISE,103900,1984,.7960652669179865,1
CA,RIVERSIDE PRESS ENTERPRISE,103900,1988,.6408314210838556,1
CA,RIVERSIDE PRESS ENTERPRISE,103900,1992,.4855975752497251,3
CA,RIVERSIDE PRESS ENTERPRISE,103900,1994,.4079806523326598,9
CA,RIVERSIDE PRESS ENTERPRISE,103900,1996,.3303637294155946,2
CA,RIVERSIDE PRESS ENTERPRISE,103900,1998,.2527468064985289,7
CA,RIVERSIDE PRESS ENTERPRISE,103900,2000,.1751298835814636,3
CA,RIVERSIDE PRESS ENTERPRISE,103900,2002,.0975129606643979,8
CA,RIVERSIDE PRESS ENTERPRISE,103900,2004,.0198960377473327,2
CA,RIVERSIDE PRESS ENTERPRISE,103900,2006,-.0577208851697326,12
CA,RIVERSIDE PRESS ENTERPRISE,103900,2008,-.1353378080867979,1
CA,SACRAMENTO BEE,104000,1952,2.220788118765078,1
CA,SACRAMENTO BEE,104000,1956,2.136520218066654,1
CA,SACRAMENTO BEE,104000,1960,2.052252317368231,5
CA,SACRAMENTO BEE,104000,1962,2.010118367019019,9
CA,SACRAMENTO BEE,104000,1964,1.967984416669808,7
CA,SACRAMENTO BEE,104000,1966,1.925850466320596,8
CA,SACRAMENTO BEE,104000,1968,1.883716515971384,4
CA,SACRAMENTO BEE,104000,1970,1.841582565622172,10
CA,SACRAMENTO BEE,104000,1972,1.79944861527296,4
CA,SACRAMENTO BEE,104000,1974,1.757314664923749,12
CA,SACRAMENTO BEE,104000,1976,1.715180714574537,6
CA,SACRAMENTO BEE,104000,1978,1.673046764225325,9
CA,SACRAMENTO BEE,104000,1980,1.630912813876113,3
CA,SACRAMENTO BEE,104000,1982,1.588778863526902,8
CA,SACRAMENTO BEE,104000,1984,1.54664491317769,1
CA,SACRAMENTO BEE,104000,1986,1.504510962828478,6
CA,SACRAMENTO BEE,104000,1988,1.462377012479266,4
CA,SACRAMENTO BEE,104000,1990,1.420243062130054,10
CA,SACRAMENTO BEE,104000,1992,1.378109111780842,5
CA,SACRAMENTO BEE,104000,1994,1.33597516143163,14
CA,SACRAMENTO BEE,104000,1996,1.293841211082419,3
CA,SACRAMENTO BEE,104000,1998,1.251707260733207,10
CA,SACRAMENTO BEE,104000,2000,1.209573310383995,4
CA,SACRAMENTO BEE,104000,2002,1.167439360034783,10
CA,SACRAMENTO BEE,104000,2004,1.125305409685572,2
CA,SACRAMENTO BEE,104000,2006,1.08317145933636,5
CA,SACRAMENTO BEE,104000,2008,1.041037508987148,2
CA,SACRAMENTO BEE,104000,2010,.9989035586379361,6
CA,SACRAMENTO BEE,104000,2014,.9146356579395125,5
CA,SACRAMENTO BEE,104000,2016,.8725017075903004,1
CA,SACRAMENTO BEE,104000,2018,.8303677572410889,6
CA,SAN BERNARDINO SUN,104150,1950,1.158682183695849,1
CA,SAN BERNARDINO SUN,104150,1962,.9814918922061933,6
CA,SAN BERNARDINO SUN,104150,1964,.9519601769579172,1
CA,SAN BERNARDINO SUN,104150,1966,.9224284617096417,6
CA,SAN BERNARDINO SUN,104150,1968,.8928967464613656,3
CA,SAN BERNARDINO SUN,104150,1970,.8633650312130902,8
CA,SAN BERNARDINO SUN,104150,1972,.8338333159648141,1
CA,SAN BERNARDINO SUN,104150,1974,.8043016007165381,10
CA,SAN BERNARDINO SUN,104150,1976,.7747698854682621,4
CA,SAN BERNARDINO SUN,104150,1978,.7452381702199865,7
CA,SAN BERNARDINO SUN,104150,1980,.7157064549717105,3
CA,SAN BERNARDINO SUN,104150,1982,.6861747397234349,9
CA,SAN BERNARDINO SUN,104150,1984,.6566430244751589,2
CA,SAN BERNARDINO SUN,104150,1986,.6271113092268829,7
CA,SAN BERNARDINO SUN,104150,1988,.5975795939786068,3
CA,SAN BERNARDINO SUN,104150,1990,.5680478787303312,9
CA,SAN BERNARDINO SUN,104150,1994,.5089844482337796,9
CA,SAN BERNARDINO SUN,104150,2004,.3613258719924,1
CA,SAN BERNARDINO SUN,104150,2006,.3317941567441244,10
CA,SAN BERNARDINO SUN,104150,2008,.3022624414958484,1
CA,SAN BERNARDINO SUN,104150,2012,.2431990109992967,1
CA,SALINAS CALIFORNIAN,104200,1966,-.3506072467728093,13
CA,SALINAS CALIFORNIAN,104200,1972,.2194391667121025,12
CA,SALINAS CALIFORNIAN,104200,1974,.4094546378737402,4
CA,SALINAS CALIFORNIAN,104200,1976,.599470109035377,4
CA,SAN FRANCISCO CHRONICLE,104251,1952,-1.011135982306175,1
CA,SAN FRANCISCO CHRONICLE,104251,1956,-.8728408411517483,1
CA,SAN FRANCISCO CHRONICLE,104251,1960,-.7345456999973223,1
CA,SAN FRANCISCO CHRONICLE,104251,1962,-.6653981294201095,1
CA,SAN FRANCISCO CHRONICLE,104251,1964,-.5962505588428965,1
CA,SAN FRANCISCO CHRONICLE,104251,1968,-.4579554176884705,1
CA,SAN FRANCISCO CHRONICLE,104251,1970,-.3888078471112573,1
CA,SAN FRANCISCO CHRONICLE,104251,1976,-.1813651353796182,11
CA,SAN FRANCISCO CHRONICLE,104251,1978,-.1122175648024053,15
CA,SAN FRANCISCO CHRONICLE,104251,1980,-.0430699942251923,10
CA,SAN FRANCISCO CHRONICLE,104251,1982,.0260775763520207,17
CA,SAN FRANCISCO CHRONICLE,104251,1984,.0952251469292336,10
CA,SAN FRANCISCO CHRONICLE,104251,1986,.1643727175064466,18
CA,SAN FRANCISCO CHRONICLE,104251,1988,.2335202880836595,12
CA,SAN FRANCISCO CHRONICLE,104251,1990,.302667858660873,23
CA,SAN FRANCISCO CHRONICLE,104251,1992,.3718154292380855,18
CA,SAN FRANCISCO CHRONICLE,104251,1994,.4409629998152989,25
CA,SAN FRANCISCO CHRONICLE,104251,1996,.5101105703925114,13
CA,SAN FRANCISCO CHRONICLE,104251,1998,.5792581409697248,19
CA,SAN FRANCISCO CHRONICLE,104251,2000,.6484057115469378,13
CA,SAN FRANCISCO CHRONICLE,104251,2002,.7175532821241507,18
CA,SAN FRANCISCO CHRONICLE,104251,2004,.7867008527013637,9
CA,SAN FRANCISCO CHRONICLE,104251,2006,.8558484232785767,10
CA,SAN FRANCISCO CHRONICLE,104251,2008,.9249959938557896,1
CA,SAN FRANCISCO CHRONICLE,104251,2016,1.201586276164642,1
CA,SAN FRANCISCO CHRONICLE,104251,2020,1.339881417319068,1
CA,SAN FRANCISCO EXAMINER,104252,1950,.4688134413485687,7
CA,SAN FRANCISCO EXAMINER,104252,1952,.467262004149429,3
CA,SAN FRANCISCO EXAMINER,104252,1954,.4657105669502892,8
CA,SAN FRANCISCO EXAMINER,104252,1956,.4641591297511495,9
CA,SAN FRANCISCO EXAMINER,104252,1958,.4626076925520097,15
CA,SAN FRANCISCO EXAMINER,104252,1960,.4610562553528699,7
CA,SAN FRANCISCO EXAMINER,104252,1962,.4595048181537302,14
CA,SAN FRANCISCO EXAMINER,104252,1964,.4579533809545904,11
CA,SAN FRANCISCO EXAMINER,104252,1966,.4564019437554507,14
CA,SAN FRANCISCO EXAMINER,104252,1968,.4548505065563114,5
CA,SAN FRANCISCO EXAMINER,104252,1970,.4532990693571716,12
CA,SAN FRANCISCO EXAMINER,104252,1972,.4517476321580318,9
CA,SAN FRANCISCO EXAMINER,104252,1974,.4501961949588921,16
CA,SAN FRANCISCO EXAMINER,104252,1976,.4486447577597523,13
CA,SAN FRANCISCO EXAMINER,104252,1978,.4470933205606126,16
CA,SAN FRANCISCO EXAMINER,104252,1980,.4455418833614728,10
CA,SAN FRANCISCO EXAMINER,104252,1982,.4439904461623331,17
CA,SAN FRANCISCO EXAMINER,104252,1984,.4424390089631933,10
CA,SAN FRANCISCO EXAMINER,104252,1986,.4408875717640535,6
CA,SAN FRANCISCO EXAMINER,104252,1988,.4393361345649138,2
CA,SAN FRANCISCO EXAMINER,104252,1990,.437784697365774,15
CA,SAN FRANCISCO EXAMINER,104252,1992,.4362332601666343,12
CA,SAN FRANCISCO EXAMINER,104252,1994,.4346818229674945,18
CA,SAN FRANCISCO EXAMINER,104252,1996,.4331303857683548,11
CA,SAN FRANCISCO EXAMINER,104252,1998,.431578948569215,20
CA,SAN FRANCISCO EXAMINER,104252,2000,.4300275113700757,12
CA,SAN FRANCISCO EXAMINER,104252,2002,.4284760741709359,2
CA,SAN FRANCISCO EXAMINER,104252,2004,.4269246369717962,1
CA,SAN FRANCISCO EXAMINER,104252,2006,.4253731997726564,9
CA,SAN FRANCISCO EXAMINER,104252,2010,.4222703253743769,5
CA,SAN FRANCISCO EXAMINER,104252,2012,.4207188881752371,1
CA,SAN JOSE MERCURY NEWS,104300,1956,-.7122066341439344,1
CA,SAN JOSE MERCURY NEWS,104300,1960,-.5638242039354057,1
CA,SAN JOSE MERCURY NEWS,104300,1962,-.4896329888311414,1
CA,SAN JOSE MERCURY NEWS,104300,1968,-.2670593435183481,2
CA,SAN JOSE MERCURY NEWS,104300,1976,.0297055168987092,1
CA,SAN JOSE MERCURY NEWS,104300,1980,.1780879471072382,2
CA,SAN JOSE MERCURY NEWS,104300,1986,.4006615924200312,11
CA,SAN JOSE MERCURY NEWS,104300,1988,.4748528075242957,5
CA,SAN JOSE MERCURY NEWS,104300,1990,.5490440226285598,11
CA,SAN JOSE MERCURY NEWS,104300,1992,.6232352377328242,6
CA,SAN JOSE MERCURY NEWS,104300,1994,.6974264528370887,13
CA,SAN JOSE MERCURY NEWS,104300,1996,.7716176679413528,6
CA,SAN JOSE MERCURY NEWS,104300,1998,.8458088830456173,13
CA,SAN JOSE MERCURY NEWS,104300,2000,.9200000981498817,6
CA,SAN JOSE MERCURY NEWS,104300,2002,.9941913132541458,12
CA,SAN JOSE MERCURY NEWS,104300,2004,1.068382528358411,1
CA,SAN JOSE MERCURY NEWS,104300,2006,1.142573743462675,6
CA,SAN JOSE MERCURY NEWS,104300,2008,1.216764958566939,1
CA,SAN JOSE MERCURY NEWS,104300,2016,1.513529818983997,1
CA,SAN JOSE MERCURY NEWS,104300,2020,1.661912249192525,1
CA,SAN MATEO COUNTY TIMES,104400,1970,-.3674154539742627,3
CA,SAN MATEO COUNTY TIMES,104400,1972,-.2779646587080532,1
CA,SAN MATEO COUNTY TIMES,104400,1974,-.1885138634418436,1
CA,SAN MATEO COUNTY TIMES,104400,2002,1.063797270285091,5
CA,SAN MATEO COUNTY TIMES,104400,2004,1.153248065551302,4
CA,SAN MATEO COUNTY TIMES,104400,2006,1.242698860817511,5
CA,SAN MATEO COUNTY TIMES,104400,2008,1.33214965608372,1
CA,SANTA BARBARA NEWS PRESS,104600,1956,1.598161425111069,3
CA,SANTA BARBARA NEWS PRESS,104600,1958,1.368212853895904,2
CA,SANTA BARBARA NEWS PRESS,104600,1960,1.13826428268074,1
CA,SANTA BARBARA NEWS PRESS,104600,1962,.9083157114655749,2
CA,SANTA BARBARA NEWS PRESS,104600,1964,.6783671402504104,1
CA,SANTA BARBARA NEWS PRESS,104600,1980,-1.161221429470906,1
CA,SANTA MONICA OUTLOOK,104750,1952,-.6575456418139498,1
CA,SANTA MONICA OUTLOOK,104750,1956,-.7537553009750777,1
CA,SANTA MONICA OUTLOOK,104750,1960,-.8499649601362058,1
CA,SANTA MONICA OUTLOOK,104750,1964,-.9461746192973337,1
CA,SANTA MONICA OUTLOOK,104750,1968,-1.042384278458462,1
CA,SANTA MONICA OUTLOOK,104750,1972,-1.13859393761959,1
CA,SANTA MONICA OUTLOOK,104750,1976,-1.234803596780718,1
CA,SANTA MONICA OUTLOOK,104750,1980,-1.331013255941845,1
CA,SANTA MONICA OUTLOOK,104750,1984,-1.427222915102973,1
CA,SANTA MONICA OUTLOOK,104750,1988,-1.523432574264102,1
CA,SANTA MONICA OUTLOOK,104750,1992,-1.619642233425229,1
CA,SANTA ROSA PRESS DEMOCRAT,104850,1950,-.3520571924215276,1
CA,SANTA ROSA PRESS DEMOCRAT,104850,1954,-.2489831428212803,1
CA,SANTA ROSA PRESS DEMOCRAT,104850,1956,-.1974461180211567,1
CA,SANTA ROSA PRESS DEMOCRAT,104850,1958,-.1459090932210332,2
CA,SANTA ROSA PRESS DEMOCRAT,104850,1960,-.0943720684209096,1
CA,SANTA ROSA PRESS DEMOCRAT,104850,1962,-.0428350436207858,2
CA,SANTA ROSA PRESS DEMOCRAT,104850,1964,.008701981179338,2
CA,SANTA ROSA PRESS DEMOCRAT,104850,1966,.0602390059794613,2
CA,SANTA ROSA PRESS DEMOCRAT,104850,1968,.1117760307795851,3
CA,SANTA ROSA PRESS DEMOCRAT,104850,1970,.1633130555797084,4
CA,SANTA ROSA PRESS DEMOCRAT,104850,1972,.2148500803798322,5
CA,SANTA ROSA PRESS DEMOCRAT,104850,1974,.266387105179956,1
CA,SANTA ROSA PRESS DEMOCRAT,104850,1976,.3179241299800798,1
CA,SANTA ROSA PRESS DEMOCRAT,104850,1982,.4725352043804502,9
CA,SANTA ROSA PRESS DEMOCRAT,104850,1986,.5756092539806978,6
CA,SANTA ROSA PRESS DEMOCRAT,104850,1988,.6271462787808216,3
CA,SANTA ROSA PRESS DEMOCRAT,104850,1990,.678683303580945,8
CA,SANTA ROSA PRESS DEMOCRAT,104850,1992,.7302203283810688,2
CA,SANTA ROSA PRESS DEMOCRAT,104850,1994,.781757353181192,10
CA,SANTA ROSA PRESS DEMOCRAT,104850,1996,.8332943779813158,2
CA,SANTA ROSA PRESS DEMOCRAT,104850,1998,.8848314027814396,8
CA,SANTA ROSA PRESS DEMOCRAT,104850,2000,.9363684275815634,3
CA,SANTA ROSA PRESS DEMOCRAT,104850,2002,.9879054523816867,9
CA,SANTA ROSA PRESS DEMOCRAT,104850,2004,1.03944247718181,4
CA,SANTA ROSA PRESS DEMOCRAT,104850,2006,1.090979501981934,6
CA,SANTA ROSA PRESS DEMOCRAT,104850,2008,1.142516526782058,1
CA,VALLEJO TIMES HERALD,105100,1998,1.879169252359737,3
CA,VALLEJO TIMES HERALD,105100,2000,1.433982365908161,2
CA,VALLEJO TIMES HERALD,105100,2002,.988795479456586,2
CA,VALLEJO TIMES HERALD,105100,2004,.5436085930050096,3
CA,VALLEJO TIMES HERALD,105100,2006,.098421706553435,3
CA,VALLEJO TIMES HERALD,105100,2008,-.3467651798981414,1
CA,LOS ANGELES DAILY NEWS,105120,1984,-1.316186674728165,1
CA,LOS ANGELES DAILY NEWS,105120,1986,-1.192225298424212,8
CA,LOS ANGELES DAILY NEWS,105120,1988,-1.068263922120259,6
CA,LOS ANGELES DAILY NEWS,105120,1990,-.9443025458163057,8
CA,LOS ANGELES DAILY NEWS,105120,1992,-.8203411695123521,1
CA,LOS ANGELES DAILY NEWS,105120,1994,-.696379793208399,10
CA,LOS ANGELES DAILY NEWS,105120,1996,-.5724184169044459,2
CA,LOS ANGELES DAILY NEWS,105120,1998,-.4484570406004924,8
CA,LOS ANGELES DAILY NEWS,105120,2000,-.3244956642965393,3
CA,LOS ANGELES DAILY NEWS,105120,2002,-.2005342879925858,2
CA,LOS ANGELES DAILY NEWS,105120,2004,-.0765729116886327,1
CA,LOS ANGELES DAILY NEWS,105120,2006,.0473884646153204,4
CA,LOS ANGELES DAILY NEWS,105120,2008,.171349840919274,1
CA,VENTURA COUNTY STAR FREE PRESS,105150,1958,2.815809844284932,2
CA,VENTURA COUNTY STAR FREE PRESS,105150,1960,2.568371784611684,1
CA,VENTURA COUNTY STAR FREE PRESS,105150,1962,2.320933724938436,3
CA,VENTURA COUNTY STAR FREE PRESS,105150,1964,2.073495665265187,3
CA,VENTURA COUNTY STAR FREE PRESS,105150,1966,1.826057605591939,2
CA,VENTURA COUNTY STAR FREE PRESS,105150,1968,1.57861954591869,1
CA,VENTURA COUNTY STAR FREE PRESS,105150,1970,1.331181486245442,4
CA,SAN GABRIEL VALLEY TRIBUNE,105300,1968,-1.622289653458246,1
CA,SAN GABRIEL VALLEY TRIBUNE,105300,1980,-1.217588984065816,1
CA,SAN GABRIEL VALLEY TRIBUNE,105300,1984,-1.082688760935006,1
CA,SAN GABRIEL VALLEY TRIBUNE,105300,1988,-.9477885378041956,1
CA,SAN GABRIEL VALLEY TRIBUNE,105300,2000,-.5430878684117652,1
CA,SAN GABRIEL VALLEY TRIBUNE,105300,2002,-.4756377568463601,11
CA,SAN GABRIEL VALLEY TRIBUNE,105300,2004,-.4081876452809551,6
CA,SAN GABRIEL VALLEY TRIBUNE,105300,2006,-.3407375337155498,7
CA,SAN GABRIEL VALLEY TRIBUNE,105300,2008,-.2732874221501448,1
CA,WHITTIER DAILY NEWS,105350,1952,-.2062564999403707,1
CA,WHITTIER DAILY NEWS,105350,1956,-.2254747811924192,1
CA,WHITTIER DAILY NEWS,105350,1960,-.2446930624444677,1
CA,WHITTIER DAILY NEWS,105350,1968,-.2831296249485648,1
CA,WHITTIER DAILY NEWS,105350,1972,-.3023479062006134,1
CA,WHITTIER DAILY NEWS,105350,1976,-.3215661874526619,1
CA,WHITTIER DAILY NEWS,105350,1980,-.3407844687047104,1
CA,WHITTIER DAILY NEWS,105350,1984,-.360002749956759,1
CA,WHITTIER DAILY NEWS,105350,2002,-.4464850155909773,11
CA,WHITTIER DAILY NEWS,105350,2004,-.4560941562170017,6
CA,WHITTIER DAILY NEWS,105350,2006,-.4657032968430259,4
CA,WHITTIER DAILY NEWS,105350,2008,-.47531243746905,1
CA,CONTRA COSTA TIMES,172450,1984,-.9256109765124553,1
CA,CONTRA COSTA TIMES,172450,1992,-.4600424689864685,1
CA,CONTRA COSTA TIMES,172450,1994,-.3436503421049717,8
CA,CONTRA COSTA TIMES,172450,1996,-.2272582152234749,1
CA,CONTRA COSTA TIMES,172450,1998,-.1108660883419781,1
CA,CONTRA COSTA TIMES,172450,2000,.0055260385395187,1
CA,CONTRA COSTA TIMES,172450,2002,.1219181654210155,2
CA,CONTRA COSTA TIMES,172450,2004,.2383102923025123,1
CA,CONTRA COSTA TIMES,172450,2006,.3547024191840087,10
CA,CONTRA COSTA TIMES,172450,2008,.4710945460655055,1
CA,CONTRA COSTA TIMES,172450,2012,.7038787998284991,2
CA,CONTRA COSTA TIMES,172450,2016,.9366630535914927,1
CA,CONTRA COSTA TIMES,172450,2020,1.169447307354486,1
CA,REDWOOD CITY TRIBUNE,400065,1950,.0775613406893725,3
CA,REDWOOD CITY TRIBUNE,400065,1952,.0783634567529286,1
CA,REDWOOD CITY TRIBUNE,400065,1954,.0791655728164847,5
CA,REDWOOD CITY TRIBUNE,400065,1956,.0799676888800408,4
CA,REDWOOD CITY TRIBUNE,400065,1958,.0807698049435964,5
CA,REDWOOD CITY TRIBUNE,400065,1960,.0815719210071525,3
CA,REDWOOD CITY TRIBUNE,400065,1962,.0823740370707086,4
CA,REDWOOD CITY TRIBUNE,400065,1964,.0831761531342647,2
CA,REDWOOD CITY TRIBUNE,400065,1966,.0839782691978208,3
CA,REDWOOD CITY TRIBUNE,400065,1968,.0847803852613769,2
CA,REDWOOD CITY TRIBUNE,400065,1970,.085582501324933,6
CA,REDWOOD CITY TRIBUNE,400065,1972,.0863846173884887,1
CA,PALO ALTO TIMES,400066,1952,.141700427778896,1
CA,PALO ALTO TIMES,400066,1954,.1217702578348074,5
CA,PALO ALTO TIMES,400066,1956,.1018400878907184,5
CA,PALO ALTO TIMES,400066,1958,.0819099179466294,6
CA,PALO ALTO TIMES,400066,1960,.0619797480025408,5
CA,PALO ALTO TIMES,400066,1964,.0221194081143628,1
CA,PALO ALTO TIMES,400066,1968,-.0177409317738148,1
CA,POMONA PROGRESS BULLETIN,400072,1952,.1593239101187272,1
CA,POMONA PROGRESS BULLETIN,400072,1956,.0535372509147351,1
CA,POMONA PROGRESS BULLETIN,400072,1960,-.0522494082892569,1
CA,POMONA PROGRESS BULLETIN,400072,1964,-.1580360674932488,1
CA,POMONA PROGRESS BULLETIN,400072,1968,-.2638227266972407,7
CA,POMONA PROGRESS BULLETIN,400072,1970,-.3167160562992368,5
CA,POMONA PROGRESS BULLETIN,400072,1972,-.3696093859012327,1
CA,POMONA PROGRESS BULLETIN,400072,1974,-.4225027155032285,5
CA,POMONA PROGRESS BULLETIN,400072,1976,-.4753960451052246,5
CA,POMONA PROGRESS BULLETIN,400072,1984,-.6869693635132085,1
CA,POMONA PROGRESS BULLETIN,400072,1988,-.7927560227172004,1
CA,SACRAMENTO UNION,400076,1952,-.753188792416435,1
CA,SACRAMENTO UNION,400076,1956,-.7845335262217495,1
CA,SACRAMENTO UNION,400076,1960,-.8158782600270642,1
CA,SACRAMENTO UNION,400076,1962,-.8315506269297216,1
CA,SACRAMENTO UNION,400076,1964,-.847222993832379,1
CA,SACRAMENTO UNION,400076,1966,-.8628953607350361,1
CA,SACRAMENTO UNION,400076,1968,-.8785677276376935,1
CA,SACRAMENTO UNION,400076,1970,-.894240094540351,1
CA,SACRAMENTO UNION,400076,1972,-.9099124614430082,1
CA,SACRAMENTO UNION,400076,1974,-.9255848283456656,2
CA,SACRAMENTO UNION,400076,1978,-.9569295621509804,2
CA,SACRAMENTO UNION,400076,1980,-.9726019290536375,1
CA,SACRAMENTO UNION,400076,1984,-1.003946662858952,1
CA,SACRAMENTO UNION,400076,1988,-1.035291396664267,1
CA,SACRAMENTO UNION,400076,1992,-1.066636130469582,1
CO,BOULDER DAILY CAMERA,105500,1968,-.2383515323719332,1
CO,BOULDER DAILY CAMERA,105500,1980,.068480539943119,1
CO,BOULDER DAILY CAMERA,105500,1988,.2730352548198207,1
CO,BOULDER DAILY CAMERA,105500,1996,.4775899696965216,4
CO,BOULDER DAILY CAMERA,105500,1998,.5287286484156972,7
CO,BOULDER DAILY CAMERA,105500,2000,.5798673271348729,6
CO,BOULDER DAILY CAMERA,105500,2002,.6310060058540476,7
CO,BOULDER DAILY CAMERA,105500,2004,.6821446845732233,1
CO,BOULDER DAILY CAMERA,105500,2006,.733283363292399,6
CO,BOULDER DAILY CAMERA,105500,2008,.7844220420115737,1
CO,BOULDER DAILY CAMERA,105500,2012,.8866993994499246,1
CO,DENVER POST,105650,1952,.3962751948008332,1
CO,DENVER POST,105650,1956,.3870904316461607,5
CO,DENVER POST,105650,1960,.3779056684914887,1
CO,DENVER POST,105650,1964,.3687209053368166,1
CO,DENVER POST,105650,1966,.3641285237594801,4
CO,DENVER POST,105650,1968,.3595361421821441,3
CO,DENVER POST,105650,1970,.3549437606048081,2
CO,DENVER POST,105650,1972,.3503513790274721,1
CO,DENVER POST,105650,1974,.3457589974501361,3
CO,DENVER POST,105650,1976,.3411666158728001,1
CO,DENVER POST,105650,1978,.3365742342954636,2
CO,DENVER POST,105650,1984,.3227970895634555,1
CO,DENVER POST,105650,1988,.313612326408783,1
CO,DENVER POST,105650,1990,.309019944831447,1
CO,DENVER POST,105650,1992,.304427563254111,1
CO,DENVER POST,105650,1994,.299835181676775,7
CO,DENVER POST,105650,1996,.2952428000994389,9
CO,DENVER POST,105650,1998,.2906504185221024,14
CO,DENVER POST,105650,2000,.2860580369447664,12
CO,DENVER POST,105650,2002,.2814656553674304,10
CO,DENVER POST,105650,2004,.2768732737900944,13
CO,DENVER POST,105650,2006,.2722808922127584,11
CO,DENVER POST,105650,2008,.2676885106354219,1
CO,DENVER POST,105650,2016,.2493189843260778,1
CO,DENVER ROCKY MOUNTAIN NEWS,105700,1952,-.3195888826874648,1
CO,DENVER ROCKY MOUNTAIN NEWS,105700,1956,-.3372947429447373,1
CO,DENVER ROCKY MOUNTAIN NEWS,105700,1960,-.3550006032020098,1
CO,DENVER ROCKY MOUNTAIN NEWS,105700,1964,-.3727064634592823,1
CO,DENVER ROCKY MOUNTAIN NEWS,105700,1972,-.4081181839738274,1
CO,DENVER ROCKY MOUNTAIN NEWS,105700,1976,-.4258240442310999,1
CO,DENVER ROCKY MOUNTAIN NEWS,105700,1980,-.4435299044883724,1
CO,DENVER ROCKY MOUNTAIN NEWS,105700,1984,-.4612357647456449,1
CO,DENVER ROCKY MOUNTAIN NEWS,105700,1990,-.4877945551315536,1
CO,DENVER ROCKY MOUNTAIN NEWS,105700,1992,-.49664748526019,1
CO,DENVER ROCKY MOUNTAIN NEWS,105700,1994,-.5055004153888261,7
CO,DENVER ROCKY MOUNTAIN NEWS,105700,1996,-.5143533455174625,7
CO,DENVER ROCKY MOUNTAIN NEWS,105700,1998,-.5232062756460987,14
CO,DENVER ROCKY MOUNTAIN NEWS,105700,2000,-.532059205774735,12
CO,DENVER ROCKY MOUNTAIN NEWS,105700,2002,-.5409121359033712,10
CO,DENVER ROCKY MOUNTAIN NEWS,105700,2004,-.5497650660320075,13
CO,DENVER ROCKY MOUNTAIN NEWS,105700,2006,-.5586179961606437,11
CO,FORT COLLINS COLORADOAN,105800,1952,-.7019632571277071,1
CO,FORT COLLINS COLORADOAN,105800,1966,-.692866528911224,4
CO,FORT COLLINS COLORADOAN,105800,1968,-.6915669963088694,3
CO,FORT COLLINS COLORADOAN,105800,1970,-.6902674637065146,2
CO,FORT COLLINS COLORADOAN,105800,1974,-.6876683985018052,3
CO,FORT COLLINS COLORADOAN,105800,1994,-.674673072478258,5
CO,FORT COLLINS COLORADOAN,105800,2002,-.6694749420688392,5
CO,FORT COLLINS COLORADOAN,105800,2004,-.6681754094664846,2
CO,FORT COLLINS COLORADOAN,105800,2006,-.6668758768641297,1
CO,FORT COLLINS COLORADOAN,105800,2008,-.6655763442617751,1
CO,FORT COLLINS COLORADOAN,105800,2010,-.6642768116594203,3
CO,GRAND JUNCTION DAILY SENTINEL,105850,1996,-.7582896515149639,1
CO,GRAND JUNCTION DAILY SENTINEL,105850,2002,-1.035504202620201,2
CO,GRAND JUNCTION DAILY SENTINEL,105850,2004,-1.127909052988613,4
CO,GRAND JUNCTION DAILY SENTINEL,105850,2006,-1.220313903357026,4
CO,GRAND JUNCTION DAILY SENTINEL,105850,2008,-1.312718753725438,1
CO,GRAND JUNCTION DAILY SENTINEL,105850,2010,-1.405123604093851,4
CO,GREELEY DAILY TRIBUNE,105900,2002,-.6523097945838859,6
CO,GREELEY DAILY TRIBUNE,105900,2006,-.6969869415862664,4
CO,PUEBLO CHIEFTAIN,106000,2002,-1.197678115018728,7
CO,PUEBLO CHIEFTAIN,106000,2004,-1.428797255793,1
CO,PUEBLO CHIEFTAIN,106000,2006,-1.659916396567272,3
CO,PUEBLO CHIEFTAIN,106000,2008,-1.891035537341543,1
CT,BRIDGEPORT CONNECTICUT POST,106200,1952,-.5385319700061942,1
CT,BRIDGEPORT CONNECTICUT POST,106200,1970,-.3323411831223972,1
CT,BRIDGEPORT CONNECTICUT POST,106200,1974,-.2865210082593311,1
CT,BRIDGEPORT CONNECTICUT POST,106200,1976,-.263610920827798,3
CT,BRIDGEPORT CONNECTICUT POST,106200,2002,.0342202157821312,7
CT,BRIDGEPORT CONNECTICUT POST,106200,2004,.0571303032136641,4
CT,BRIDGEPORT CONNECTICUT POST,106200,2006,.0800403906451969,7
CT,BRIDGEPORT CONNECTICUT POST,106200,2008,.1029504780767302,1
CT,DANBURY NEWS TIMES,106300,1956,.8622727597858574,1
CT,DANBURY NEWS TIMES,106300,1960,.8429433944003468,1
CT,DANBURY NEWS TIMES,106300,1964,.8236140290148364,1
CT,DANBURY NEWS TIMES,106300,1968,.8042846636293263,1
CT,DANBURY NEWS TIMES,106300,1972,.7849552982438158,1
CT,DANBURY NEWS TIMES,106300,1984,.7269672020872852,1
CT,DANBURY NEWS TIMES,106300,2000,.6496497405452436,1
CT,DANBURY NEWS TIMES,106300,2002,.6399850578524884,1
CT,DANBURY NEWS TIMES,106300,2004,.6303203751597335,1
CT,DANBURY NEWS TIMES,106300,2006,.6206556924669783,4
CT,DANBURY NEWS TIMES,106300,2008,.610991009774223,1
CT,DANBURY NEWS TIMES,106300,2018,.5626675963104473,2
CT,HARTFORD COURANT,106450,1952,-1.027505041067707,1
CT,HARTFORD COURANT,106450,1956,-.8714710388701792,2
CT,HARTFORD COURANT,106450,1958,-.7934540377714151,7
CT,HARTFORD COURANT,106450,1960,-.7154370366726511,1
CT,HARTFORD COURANT,106450,1962,-.637420035573887,2
CT,HARTFORD COURANT,106450,1964,-.5594030344751232,1
CT,HARTFORD COURANT,106450,1968,-.4033690322775951,1
CT,HARTFORD COURANT,106450,1970,-.325352031178831,2
CT,HARTFORD COURANT,106450,1972,-.2473350300800671,1
CT,HARTFORD COURANT,106450,1976,-.0913010278825391,2
CT,HARTFORD COURANT,106450,1978,-.0132840267837752,2
CT,HARTFORD COURANT,106450,1980,.064732974314989,8
CT,HARTFORD COURANT,106450,1982,.1427499754137529,6
CT,HARTFORD COURANT,106450,1984,.2207669765125168,4
CT,HARTFORD COURANT,106450,1986,.2987839776112807,8
CT,HARTFORD COURANT,106450,1988,.376800978710045,8
CT,HARTFORD COURANT,106450,1990,.4548179798088089,11
CT,HARTFORD COURANT,106450,1992,.5328349809075729,8
CT,HARTFORD COURANT,106450,1994,.6108519820063372,8
CT,HARTFORD COURANT,106450,1996,.6888689831051006,6
CT,HARTFORD COURANT,106450,1998,.766885984203865,10
CT,HARTFORD COURANT,106450,2000,.8449029853026289,4
CT,HARTFORD COURANT,106450,2002,.9229199864013927,9
CT,HARTFORD COURANT,106450,2004,1.000936987500157,1
CT,HARTFORD COURANT,106450,2006,1.078953988598921,9
CT,HARTFORD COURANT,106450,2008,1.156970989697685,1
CT,HARTFORD COURANT,106450,2012,1.313004991895213,2
CT,HARTFORD COURANT,106450,2016,1.46903899409274,1
CT,HARTFORD COURANT,106450,2020,1.625072996290269,1
CT,HARTFORD TIMES,106500,1952,2.348838986445097,1
CT,HARTFORD TIMES,106500,1958,2.074115057534987,8
CT,HARTFORD TIMES,106500,1960,1.982540414564951,1
CT,HARTFORD TIMES,106500,1962,1.890965771594914,2
CT,HARTFORD TIMES,106500,1964,1.799391128624878,1
CT,HARTFORD TIMES,106500,1966,1.707816485654841,1
CT,HARTFORD TIMES,106500,1968,1.616241842684805,1
CT,HARTFORD TIMES,106500,1970,1.524667199714769,2
CT,HARTFORD TIMES,106500,1972,1.433092556744732,1
CT,NEW HAVEN REGISTER,106751,1952,-1.760973870237415,1
CT,NEW HAVEN REGISTER,106751,1960,-1.434953563022163,1
CT,NEW HAVEN REGISTER,106751,1964,-1.271943409414536,1
CT,NEW HAVEN REGISTER,106751,1968,-1.10893325580691,1
CT,NEW HAVEN REGISTER,106751,1976,-.7829129485916573,1
CT,NEW HAVEN REGISTER,106751,1980,-.619902794984031,1
CT,NEW HAVEN REGISTER,106751,1984,-.4568926413764047,1
CT,NEW HAVEN REGISTER,106751,1990,-.2123774109649653,7
CT,NEW HAVEN REGISTER,106751,1992,-.130872334161152,4
CT,NEW HAVEN REGISTER,106751,1996,.0321378194464741,3
CT,NEW HAVEN REGISTER,106751,1998,.1136428962502874,3
CT,NEW HAVEN REGISTER,106751,2000,.1951479730541008,1
CT,NEW HAVEN REGISTER,106751,2002,.2766530498579137,2
CT,NEW HAVEN REGISTER,106751,2004,.3581581266617266,1
CT,NEW HAVEN REGISTER,106751,2006,.4396632034655404,3
CT,NEW HAVEN REGISTER,106751,2008,.5211682802693532,1
CT,NEW HAVEN REGISTER,106751,2012,.6841784338769791,1
CT,STAMFORD ADVOCATE,106880,1952,-.0513391570869721,1
CT,STAMFORD ADVOCATE,106880,1956,-.0506337839402907,1
CT,STAMFORD ADVOCATE,106880,1960,-.0499284107936091,1
CT,STAMFORD ADVOCATE,106880,1984,-.0456961719135202,1
CT,STAMFORD ADVOCATE,106880,1992,-.0442854256201572,1
CT,STAMFORD ADVOCATE,106880,2000,-.0428746793267943,1
CT,STAMFORD ADVOCATE,106880,2004,-.0421693061801129,1
CT,STAMFORD ADVOCATE,106880,2006,-.0418166196067721,3
CT,STAMFORD ADVOCATE,106880,2008,-.0414639330334315,1
CT,STAMFORD ADVOCATE,106880,2012,-.0407585598867499,1
CT,WATERBURY REPUBLICAN AMERICAN,106900,2000,-1.570887967660824,1
CT,WATERBURY REPUBLICAN AMERICAN,106900,2004,-1.94841162332207,5
CT,WATERBURY REPUBLICAN AMERICAN,106900,2006,-2.137173451152693,7
CT,WATERBURY REPUBLICAN AMERICAN,106900,2008,-2.325935278983317,1
DC,WASHINGTON POST,107050,1956,.5951437137788638,1
DC,WASHINGTON POST,107050,1960,.6312956160636188,1
DC,WASHINGTON POST,107050,1968,.7035994206331285,1
DC,WASHINGTON POST,107050,1972,.7397513229178833,4
DC,WASHINGTON POST,107050,1974,.7578272740602607,4
DC,WASHINGTON POST,107050,1976,.7759032252026383,6
DC,WASHINGTON POST,107050,1978,.7939791763450154,9
DC,WASHINGTON POST,107050,1980,.8120551274873929,1
DC,WASHINGTON POST,107050,1982,.8301310786297704,4
DC,WASHINGTON POST,107050,1984,.848207029772148,9
DC,WASHINGTON POST,107050,1986,.866282980914525,9
DC,WASHINGTON POST,107050,1988,.8843589320569026,5
DC,WASHINGTON POST,107050,1990,.9024348831992801,6
DC,WASHINGTON POST,107050,1992,.9205108343416577,11
DC,WASHINGTON POST,107050,1994,.9385867854840348,15
DC,WASHINGTON POST,107050,1996,.9566627366264123,8
DC,WASHINGTON POST,107050,1998,.9747386877687899,14
DC,WASHINGTON POST,107050,2000,.9928146389111674,7
DC,WASHINGTON POST,107050,2002,1.010890590053545,11
DC,WASHINGTON POST,107050,2004,1.028966541195922,6
DC,WASHINGTON POST,107050,2006,1.047042492338299,7
DC,WASHINGTON POST,107050,2008,1.065118443480677,2
DC,WASHINGTON POST,107050,2010,1.083194394623054,1
DC,WASHINGTON POST,107050,2012,1.101270345765432,1
DC,WASHINGTON POST,107050,2014,1.119346296907809,1
DC,WASHINGTON POST,107050,2016,1.137422248050187,1
DC,WASHINGTON POST,107050,2018,1.155498199192564,3
DC,WASHINGTON POST,107050,2020,1.173574150334942,1
DC,WASHINGTON TIMES,107070,1984,-2.006165916713615,1
DC,WASHINGTON TIMES,107070,1990,-1.999337212713785,4
DC,WASHINGTON TIMES,107070,1992,-1.997060978047175,9
DC,WASHINGTON TIMES,107070,1994,-1.994784743380565,24
DC,WASHINGTON TIMES,107070,1996,-1.992508508713954,21
DC,WASHINGTON TIMES,107070,1998,-1.990232274047345,4
DC,WASHINGTON TIMES,107070,2000,-1.987956039380734,4
DC,WASHINGTON TIMES,107070,2002,-1.985679804714124,8
DC,WASHINGTON TIMES,107070,2004,-1.983403570047514,2
DC,WASHINGTON TIMES,107070,2006,-1.981127335380904,4
DC,WASHINGTON TIMES,107070,2008,-1.978851100714294,1
DC,WASHINGTON TIMES,107070,2012,-1.974298631381074,1
DE,MERIDEN RECORD JOURNAL,106600,1984,2.210303397167118,1
DE,MERIDEN RECORD JOURNAL,106600,1998,1.542314041490121,2
DE,MERIDEN RECORD JOURNAL,106600,2000,1.446886990679121,2
DE,MERIDEN RECORD JOURNAL,106600,2002,1.351459939868122,6
DE,MERIDEN RECORD JOURNAL,106600,2004,1.256032889057122,3
DE,MERIDEN RECORD JOURNAL,106600,2006,1.160605838246122,3
DE,MERIDEN RECORD JOURNAL,106600,2008,1.065178787435123,1
DE,MERIDEN RECORD JOURNAL,106600,2010,.9697517366241236,2
DE,MERIDEN RECORD JOURNAL,106600,2012,.8743246858131237,4
DE,MERIDEN RECORD JOURNAL,106600,2018,.5880435333801252,2
DE,WILMINGTON MORNING NEWS,106950,1952,-1.267887071670599,1
DE,WILMINGTON MORNING NEWS,106950,1956,-.8988825239532782,1
DE,WILMINGTON MORNING NEWS,106950,1960,-.5298779762359576,6
DE,WILMINGTON MORNING NEWS,106950,1962,-.3453757023772975,13
DE,WILMINGTON MORNING NEWS,106950,1964,-.1608734285186372,4
DE,WILMINGTON MORNING NEWS,106950,1966,.0236288453400231,20
DE,WILMINGTON MORNING NEWS,106950,1968,.2081311191986836,13
DE,WILMINGTON MORNING NEWS,106950,1970,.3926333930573437,17
DE,WILMINGTON MORNING NEWS,106950,1972,.5771356669160038,11
DE,WILMINGTON MORNING NEWS,106950,1974,.7616379407746638,13
DE,WILMINGTON MORNING NEWS,106950,1976,.9461402146333244,16
DE,WILMINGTON MORNING NEWS,106950,1978,1.130642488491985,27
DE,WILMINGTON MORNING NEWS,106950,1980,1.315144762350645,3
DE,WILMINGTON MORNING NEWS,106950,1984,1.684149310067965,18
DE,WILMINGTON MORNING NEWS,106950,1986,1.868651583926626,27
DE,WILMINGTON MORNING NEWS,106950,1988,2.053153857785285,4
DE,WILMINGTON EVENING JOURNAL,106951,1952,-1.283710276799019,1
DE,WILMINGTON EVENING JOURNAL,106951,1956,-.9131501411568047,1
DE,WILMINGTON EVENING JOURNAL,106951,1960,-.5425900055145905,4
DE,WILMINGTON EVENING JOURNAL,106951,1962,-.3573099376934831,17
DE,WILMINGTON EVENING JOURNAL,106951,1964,-.172029869872376,4
DE,WILMINGTON EVENING JOURNAL,106951,1966,.0132501979487311,23
DE,WILMINGTON EVENING JOURNAL,106951,1968,.198530265769838,13
DE,WILMINGTON EVENING JOURNAL,106951,1970,.3838103335909454,19
DE,WILMINGTON EVENING JOURNAL,106951,1972,.5690904014120527,10
DE,WILMINGTON EVENING JOURNAL,106951,1974,.75437046923316,23
DE,WILMINGTON EVENING JOURNAL,106951,1976,.9396505370542669,16
DE,WILMINGTON EVENING JOURNAL,106951,1978,1.124930604875374,28
DE,WILMINGTON EVENING JOURNAL,106951,1980,1.310210672696481,4
DE,WILMINGTON EVENING JOURNAL,106951,1984,1.680770808338696,19
DE,WILMINGTON EVENING JOURNAL,106951,1986,1.866050876159803,28
DE,WILMINGTON EVENING JOURNAL,106951,1988,2.05133094398091,4
FL,BRANDENTON HERALD,130,1990,.7317242491408634,1
FL,BRANDENTON HERALD,130,1992,.6500693740355735,2
FL,BRANDENTON HERALD,130,1994,.5684144989302836,5
FL,BRANDENTON HERALD,130,1996,.4867596238249938,2
FL,BRANDENTON HERALD,130,1998,.4051047487197039,4
FL,BRANDENTON HERALD,130,2000,.3234498736144145,4
FL,BRANDENTON HERALD,130,2002,.2417949985091246,3
FL,BRANDENTON HERALD,130,2004,.1601401234038348,2
FL,BRANDENTON HERALD,130,2006,.0784852482985449,6
FL,BRANDENTON HERALD,130,2008,-.003169626806745,1
FL,BRANDENTON HERALD,130,2010,-.0848245019120344,5
FL,BRANDENTON HERALD,130,2012,-.1664793770173243,2
FL,BRANDENTON HERALD,130,2014,-.2481342521226141,4
FL,TAMPA BAY TIMES,1015,1980,2.892668449556468,1
FL,TAMPA BAY TIMES,1015,1984,2.720242848771267,1
FL,TAMPA BAY TIMES,1015,1988,2.547817247986065,1
FL,TAMPA BAY TIMES,1015,1992,2.375391647200864,1
FL,TAMPA BAY TIMES,1015,1996,2.202966046415661,1
FL,TAMPA BAY TIMES,1015,2000,2.03054044563046,1
FL,TAMPA BAY TIMES,1015,2004,1.858114844845258,1
FL,TAMPA BAY TIMES,1015,2012,1.513263643274855,1
FL,TAMPA BAY TIMES,1015,2016,1.340838042489653,1
FL,TAMPA BAY TIMES,1015,2020,1.168412441704451,1
FL,BRADENTON HERALD,107150,1986,.2520556489150065,2
FL,BRADENTON HERALD,107150,1988,.19405104856511,1
FL,BRADENTON HERALD,107150,1998,-.0959719531843719,1
FL,BRADENTON HERALD,107150,2002,-.2119811538841647,1
FL,BRADENTON HERALD,107150,2004,-.2699857542340611,1
FL,BRADENTON HERALD,107150,2006,-.3279903545839576,6
FL,BRADENTON HERALD,107150,2008,-.3859949549338539,1
FL,DAYTONA BEACH NEWS JOURNAL,107350,1966,.4639899642520247,1
FL,DAYTONA BEACH NEWS JOURNAL,107350,1980,1.070393472500931,1
FL,DAYTONA BEACH NEWS JOURNAL,107350,1984,1.243651617714904,1
FL,DAYTONA BEACH NEWS JOURNAL,107350,1986,1.33028069032189,3
FL,DAYTONA BEACH NEWS JOURNAL,107350,1988,1.416909762928877,3
FL,DAYTONA BEACH NEWS JOURNAL,107350,1992,1.590167908142851,1
FL,DAYTONA BEACH NEWS JOURNAL,107350,1996,1.763426053356824,3
FL,DAYTONA BEACH NEWS JOURNAL,107350,1998,1.85005512596381,8
FL,DAYTONA BEACH NEWS JOURNAL,107350,2000,1.936684198570797,5
FL,DAYTONA BEACH NEWS JOURNAL,107350,2002,2.023313271177783,5
FL,DAYTONA BEACH NEWS JOURNAL,107350,2004,2.10994234378477,1
FL,DAYTONA BEACH NEWS JOURNAL,107350,2006,2.196571416391757,4
FL,DAYTONA BEACH NEWS JOURNAL,107350,2008,2.283200488998744,1
FL,FORT LAUDERDALE NEWS,107450,1962,-.2037055158444885,2
FL,FORT LAUDERDALE NEWS,107450,1964,-.2535007591311059,3
FL,FORT LAUDERDALE NEWS,107450,1966,-.3032960024177233,2
FL,FORT LAUDERDALE NEWS,107450,1968,-.3530912457043406,7
FL,FORT LAUDERDALE NEWS,107450,1970,-.402886488990958,7
FL,FORT LAUDERDALE NEWS,107450,1972,-.4526817322775754,1
FL,FORT LAUDERDALE NEWS,107450,1974,-.5024769755641926,7
FL,FORT LAUDERDALE NEWS,107450,1976,-.5522722188508099,5
FL,FORT LAUDERDALE NEWS,107450,1978,-.6020674621374273,3
FL,FORT LAUDERDALE NEWS,107450,1980,-.6518627054240447,3
FL,FORT LAUDERDALE NEWS,107450,1986,-.8012484352838969,2
FL,FORT LAUDERDALE NEWS AND SUN SENTINEL,107452,1980,.3613205993947383,1
FL,FORT LAUDERDALE SOUTH SUN SENTINEL,107452,1982,.3912752690763684,8
FL,FORT LAUDERDALE SOUTH SUN SENTINEL,107452,1984,.4212299387579981,2
FL,FORT LAUDERDALE SOUTH SUN SENTINEL,107452,1986,.4511846084396282,8
FL,FORT LAUDERDALE SOUTH SUN SENTINEL,107452,1988,.4811392781212579,8
FL,FORT LAUDERDALE SOUTH SUN SENTINEL,107452,1990,.511093947802888,6
FL,FORT LAUDERDALE NEWS AND SUN SENTINEL,107452,1992,.5410486174845182,6
FL,FORT LAUDERDALE SOUTH SUN SENTINEL,107452,1994,.5710032871661483,9
FL,FORT LAUDERDALE NEWS AND SUN SENTINEL,107452,1996,.600957956847778,5
FL,FORT LAUDERDALE SOUTH SUN SENTINEL,107452,1998,.6309126265294082,5
FL,FORT LAUDERDALE SOUTH SUN SENTINEL,107452,2000,.6608672962110382,10
FL,FORT LAUDERDALE SOUTH SUN SENTINEL,107452,2002,.690821965892668,13
FL,FORT LAUDERDALE SOUTH SUN SENTINEL,107452,2004,.7207766355742981,4
FL,FORT LAUDERDALE SOUTH SUN SENTINEL,107452,2006,.7507313052559282,10
FL,FORT LAUDERDALE NEWS AND SUN SENTINEL,107452,2008,.7806859749375583,10
FL,FORT LAUDERDALE NEWS AND SUN SENTINEL,107452,2010,.8106406446191881,9
FL,FORT LAUDERDALE NEWS AND SUN SENTINEL,107452,2012,.8405953143008181,11
FL,FORT LAUDERDALE NEWS AND SUN SENTINEL,107452,2014,.8705499839824479,14
FL,FORT LAUDERDALE NEWS AND SUN SENTINEL,107452,2016,.9005046536640779,8
FL,FORT LAUDERDALE NEWS AND SUN SENTINEL,107452,2018,.9304593233457081,4
FL,FORT LAUDERDALE NEWS AND SUN SENTINEL,107452,2020,.9604139930273382,3
FL,FORT MYERS NEWS PRESS,107500,1974,.818131700081989,7
FL,FORT MYERS NEWS PRESS,107500,1982,.283297262067459,1
FL,FORT MYERS NEWS PRESS,107500,1986,.0158800430601942,1
FL,FORT MYERS NEWS PRESS,107500,1988,-.1178285664434386,2
FL,GAINESVILLE SUN,107650,1966,.467956421722984,1
FL,GAINESVILLE SUN,107650,1974,.638222198217271,2
FL,GAINESVILLE SUN,107650,1986,.8936208629587019,3
FL,GAINESVILLE SUN,107650,1988,.9361873070822737,2
FL,GAINESVILLE SUN,107650,2000,1.191585971823704,1
FL,GAINESVILLE SUN,107650,2004,1.276718860070848,2
FL,GAINESVILLE SUN,107650,2006,1.31928530419442,4
FL,GAINESVILLE SUN,107650,2008,1.361851748317991,1
FL,JACKSONVILLE FLORIDA TIMES UNION,107750,1952,.7568642941759722,1
FL,JACKSONVILLE FLORIDA TIMES UNION,107750,1970,.0339998358308676,3
FL,JACKSONVILLE FLORIDA TIMES UNION,107750,1974,-.1266367104680448,2
FL,JACKSONVILLE FLORIDA TIMES UNION,107750,1980,-.367591529916413,1
FL,JACKSONVILLE FLORIDA TIMES UNION,107750,1982,-.447909803065869,2
FL,JACKSONVILLE FLORIDA TIMES UNION,107750,1984,-.5282280762153251,1
FL,JACKSONVILLE FLORIDA TIMES UNION,107750,1986,-.6085463493647812,2
FL,JACKSONVILLE FLORIDA TIMES UNION,107750,1988,-.6888646225142373,2
FL,JACKSONVILLE FLORIDA TIMES UNION,107750,1992,-.8495011688131494,1
FL,JACKSONVILLE FLORIDA TIMES UNION,107750,1996,-1.010137715112062,3
FL,JACKSONVILLE FLORIDA TIMES UNION,107750,1998,-1.090455988261518,1
FL,JACKSONVILLE FLORIDA TIMES UNION,107750,2000,-1.170774261410974,4
FL,JACKSONVILLE FLORIDA TIMES UNION,107750,2002,-1.25109253456043,3
FL,JACKSONVILLE FLORIDA TIMES UNION,107750,2004,-1.331410807709886,3
FL,JACKSONVILLE FLORIDA TIMES UNION,107750,2006,-1.411729080859342,6
FL,JACKSONVILLE FLORIDA TIMES UNION,107750,2016,-1.813320446606623,1
FL,MIAMI HERALD,108051,1952,.7229222262415855,1
FL,MIAMI HERALD,108051,1956,.7247411973332382,1
FL,MIAMI HERALD,108051,1960,.7265601684248908,4
FL,MIAMI HERALD,108051,1962,.7274696539707169,5
FL,MIAMI HERALD,108051,1964,.728379139516543,5
FL,MIAMI HERALD,108051,1966,.7292886250623696,24
FL,MIAMI HERALD,108051,1968,.7301981106081956,12
FL,MIAMI HERALD,108051,1970,.7311075961540218,12
FL,MIAMI HERALD,108051,1972,.7320170816998482,1
FL,MIAMI HERALD,108051,1974,.7329265672456743,10
FL,MIAMI HERALD,108051,1976,.7338360527915004,6
FL,MIAMI HERALD,108051,1978,.7347455383373269,21
FL,MIAMI HERALD,108051,1980,.7356550238831531,6
FL,MIAMI HERALD,108051,1982,.7365645094289796,10
FL,MIAMI HERALD,108051,1984,.7374739949748057,2
FL,MIAMI HERALD,108051,1986,.7383834805206317,12
FL,MIAMI HERALD,108051,1988,.7392929660664583,10
FL,MIAMI HERALD,108051,1990,.7402024516122844,8
FL,MIAMI HERALD,108051,1992,.7411119371581105,5
FL,MIAMI HERALD,108051,1994,.742021422703937,11
FL,MIAMI HERALD,108051,1996,.7429309082497632,4
FL,MIAMI HERALD,108051,1998,.7438403937955892,7
FL,MIAMI HERALD,108051,2000,.7447498793414158,7
FL,MIAMI HERALD,108051,2002,.7456593648872418,5
FL,MIAMI HERALD,108051,2004,.7465688504330679,1
FL,MIAMI HERALD,108051,2006,.7474783359788945,4
FL,MIAMI HERALD,108051,2008,.7483878215247205,6
FL,MIAMI HERALD,108051,2010,.7492973070705466,6
FL,MIAMI HERALD,108051,2012,.7502067926163731,7
FL,MIAMI HERALD,108051,2014,.7511162781621993,7
FL,MIAMI HERALD,108051,2016,.7520257637080253,5
FL,MIAMI HERALD,108051,2018,.7529352492538519,6
FL,MIAMI HERALD,108051,2020,.753844734799678,3
FL,MIAMI NEWS,108052,1952,1.718649366348689,1
FL,MIAMI NEWS,108052,1956,1.618625823120319,1
FL,MIAMI NEWS,108052,1960,1.518602279891948,1
FL,MIAMI NEWS,108052,1962,1.468590508277763,3
FL,MIAMI NEWS,108052,1964,1.418578736663578,5
FL,MIAMI NEWS,108052,1966,1.368566965049393,24
FL,MIAMI NEWS,108052,1968,1.318555193435208,8
FL,MIAMI NEWS,108052,1970,1.268543421821022,14
FL,MIAMI NEWS,108052,1972,1.218531650206837,1
FL,MIAMI NEWS,108052,1974,1.168519878592652,10
FL,MIAMI NEWS,108052,1976,1.118508106978467,7
FL,MIAMI NEWS,108052,1978,1.068496335364281,21
FL,MIAMI NEWS,108052,1980,1.018484563750096,4
FL,MIAMI NEWS,108052,1982,.968472792135911,7
FL,MIAMI NEWS,108052,1984,.9184610205217257,1
FL,MIAMI NEWS,108052,1986,.8684492489075405,10
FL,MIAMI NEWS,108052,1988,.8184374772933553,2
FL,NAPLES DAILY NEWS,108120,1978,-.500648825464971,1
FL,NAPLES DAILY NEWS,108120,1986,-.6128640671653784,1
FL,NAPLES DAILY NEWS,108120,1988,-.6409178775904806,2
FL,NAPLES DAILY NEWS,108120,1998,-.7811869297159897,7
FL,NAPLES DAILY NEWS,108120,2000,-.8092407401410915,8
FL,NAPLES DAILY NEWS,108120,2002,-.8372945505661934,8
FL,NAPLES DAILY NEWS,108120,2004,-.8653483609912952,7
FL,NAPLES DAILY NEWS,108120,2006,-.8934021714163971,4
FL,NAPLES DAILY NEWS,108120,2008,-.921455981841499,1
FL,NAPLES DAILY NEWS,108120,2012,-.9775636026917027,3
FL,NAPLES DAILY NEWS,108120,2014,-1.005617413116805,2
FL,NAPLES DAILY NEWS,108120,2016,-1.033671223541906,2
FL,NAPLES DAILY NEWS,108120,2018,-1.061725033967008,3
FL,ORLANDO SENTINEL,108200,1962,-.3341405719759462,2
FL,ORLANDO SENTINEL,108200,1964,-.2987349847509725,2
FL,ORLANDO SENTINEL,108200,1966,-.2633293975259992,1
FL,ORLANDO SENTINEL,108200,1968,-.2279238103010255,1
FL,ORLANDO SENTINEL,108200,1970,-.1925182230760522,2
FL,ORLANDO SENTINEL,108200,1972,-.1571126358510785,1
FL,ORLANDO SENTINEL,108200,1974,-.1217070486261049,3
FL,ORLANDO SENTINEL,108200,1976,-.0863014614011315,3
FL,ORLANDO SENTINEL,108200,1978,-.0508958741761579,4
FL,ORLANDO SENTINEL,108200,1980,-.0154902869511843,1
FL,ORLANDO SENTINEL,108200,1982,.0199153002737891,5
FL,ORLANDO SENTINEL,108200,1984,.055320887498763,1
FL,ORLANDO SENTINEL,108200,1986,.0907264747237364,7
FL,ORLANDO SENTINEL,108200,1988,.1261320619487097,5
FL,ORLANDO SENTINEL,108200,1990,.1615376491736836,6
FL,ORLANDO SENTINEL,108200,1992,.196943236398657,2
FL,ORLANDO SENTINEL,108200,1994,.2323488236236304,8
FL,ORLANDO SENTINEL,108200,1996,.2677544108486042,4
FL,ORLANDO SENTINEL,108200,1998,.3031599980735776,8
FL,ORLANDO SENTINEL,108200,2000,.338565585298551,5
FL,ORLANDO SENTINEL,108200,2002,.3739711725235249,3
FL,ORLANDO SENTINEL,108200,2004,.4093767597484982,5
FL,ORLANDO SENTINEL,108200,2006,.4447823469734716,7
FL,ORLANDO SENTINEL,108200,2008,.4801879341984455,3
FL,ORLANDO SENTINEL,108200,2010,.5155935214234189,7
FL,ORLANDO SENTINEL,108200,2012,.5509991086483923,1
FL,ORLANDO SENTINEL,108200,2014,.5864046958733661,3
FL,ORLANDO SENTINEL,108200,2016,.6218102830983395,2
FL,ORLANDO SENTINEL,108200,2018,.657215870323313,2
FL,ORLANDO SENTINEL,108200,2020,.6926214575482867,1
FL,PENSACOLA NEWS,108350,1970,.5129498714766658,7
FL,PENSACOLA NEWS,108350,1978,-1.723025117328414,3
FL,PENSACOLA NEWS JOURNAL,108352,1986,-.1134932666027893,1
FL,PENSACOLA NEWS JOURNAL,108352,1988,.0192708100289902,2
FL,PENSACOLA NEWS JOURNAL,108352,1998,.683091193187888,7
FL,PENSACOLA NEWS JOURNAL,108352,2008,1.346911576346786,1
FL,ST PETERSBURG TIMES,108550,1952,.6933614243539042,1
FL,ST PETERSBURG TIMES,108550,1956,.7036545652042339,1
FL,ST PETERSBURG TIMES,108550,1960,.713947706054564,5
FL,ST PETERSBURG TIMES,108550,1962,.7190942764797291,2
FL,ST PETERSBURG TIMES,108550,1964,.7242408469048941,3
FL,ST PETERSBURG TIMES,108550,1966,.7293874173300587,3
FL,ST PETERSBURG TIMES,108550,1968,.7345339877552238,9
FL,ST PETERSBURG TIMES,108550,1970,.7396805581803888,8
FL,ST PETERSBURG TIMES,108550,1972,.7448271286055539,6
FL,ST PETERSBURG TIMES,108550,1974,.749973699030719,9
FL,ST PETERSBURG TIMES,108550,1976,.7551202694558836,6
FL,ST PETERSBURG TIMES,108550,1978,.7602668398810486,5
FL,ST PETERSBURG TIMES,108550,1980,.7654134103062137,5
FL,ST PETERSBURG TIMES,108550,1982,.7705599807313788,9
FL,ST PETERSBURG TIMES,108550,1984,.7757065511565439,1
FL,ST PETERSBURG TIMES,108550,1986,.7808531215817088,11
FL,ST PETERSBURG TIMES,108550,1988,.7859996920068735,6
FL,ST PETERSBURG TIMES,108550,1990,.7911462624320386,8
FL,ST PETERSBURG TIMES,108550,1992,.7962928328572036,5
FL,ST PETERSBURG TIMES,108550,1994,.8014394032823686,10
FL,ST PETERSBURG TIMES,108550,1996,.8065859737075337,6
FL,ST PETERSBURG TIMES,108550,1998,.8117325441326984,9
FL,ST PETERSBURG TIMES,108550,2000,.8168791145578633,21
FL,ST PETERSBURG TIMES,108550,2002,.8220256849830284,5
FL,ST PETERSBURG TIMES,108550,2004,.8271722554081935,5
FL,ST PETERSBURG TIMES,108550,2006,.8323188258333586,8
FL,ST PETERSBURG TIMES,108550,2008,.8374653962585231,1
FL,SARASOTA HERALD TRIBUNE,108600,1980,-1.021207856799288,1
FL,SARASOTA HERALD TRIBUNE,108600,1984,-.6432038352146103,1
FL,SARASOTA HERALD TRIBUNE,108600,1988,-.2651998136299332,2
FL,SARASOTA HERALD TRIBUNE,108600,1992,.1128042079547443,1
FL,SARASOTA HERALD TRIBUNE,108600,1996,.4908082295394215,1
FL,SARASOTA HERALD TRIBUNE,108600,1998,.6798102403317603,7
FL,SARASOTA HERALD TRIBUNE,108600,2000,.868812251124099,1
FL,SARASOTA HERALD TRIBUNE,108600,2004,1.246816272708777,2
FL,SARASOTA HERALD TRIBUNE,108600,2006,1.435818283501114,3
FL,SARASOTA HERALD TRIBUNE,108600,2008,1.624820294293453,1
FL,TALLAHASSEE DEMOCRAT,108650,1974,1.101963225177032,6
FL,TALLAHASSEE DEMOCRAT,108650,1976,1.070298965351098,1
FL,TALLAHASSEE DEMOCRAT,108650,1978,1.038634705525164,1
FL,TALLAHASSEE DEMOCRAT,108650,1986,.9119776662214267,2
FL,TALLAHASSEE DEMOCRAT,108650,1988,.8803134063954926,2
FL,TALLAHASSEE DEMOCRAT,108650,1990,.8486491465695579,1
FL,TALLAHASSEE DEMOCRAT,108650,1998,.7219921072658205,7
FL,TALLAHASSEE DEMOCRAT,108650,2002,.6586635876139518,3
FL,TALLAHASSEE DEMOCRAT,108650,2004,.6269993277880176,1
FL,TALLAHASSEE DEMOCRAT,108650,2006,.595335067962083,5
FL,TAMPA TRIBUNE,108700,1956,.7559460589447208,1
FL,TAMPA TRIBUNE,108700,1960,.6667057854668867,1
FL,TAMPA TRIBUNE,108700,1962,.6220856487279699,2
FL,TAMPA TRIBUNE,108700,1964,.5774655119890527,2
FL,TAMPA TRIBUNE,108700,1966,.5328453752501359,3
FL,TAMPA TRIBUNE,108700,1968,.4882252385112186,7
FL,TAMPA TRIBUNE,108700,1970,.4436051017723018,8
FL,TAMPA TRIBUNE,108700,1972,.3989849650333846,3
FL,TAMPA TRIBUNE,108700,1974,.3543648282944674,6
FL,TAMPA TRIBUNE,108700,1976,.3097446915555506,6
FL,TAMPA TRIBUNE,108700,1978,.2651245548166333,3
FL,TAMPA TRIBUNE,108700,1980,.2205044180777165,2
FL,TAMPA TRIBUNE,108700,1982,.1758842813387993,5
FL,TAMPA TRIBUNE,108700,1984,.1312641445998825,1
FL,TAMPA TRIBUNE,108700,1986,.0866440078609653,8
FL,TAMPA TRIBUNE,108700,1988,.042023871122048,6
FL,TAMPA TRIBUNE,108700,1990,-.0025962656168688,9
FL,TAMPA TRIBUNE,108700,1992,-.0472164023557858,5
FL,TAMPA TRIBUNE,108700,1994,-.0918365390947028,10
FL,TAMPA TRIBUNE,108700,1996,-.1364566758336198,7
FL,TAMPA TRIBUNE,108700,1998,-.1810768125725369,9
FL,TAMPA TRIBUNE,108700,2000,-.2256969493114539,18
FL,TAMPA TRIBUNE,108700,2002,-.2703170860503709,6
FL,TAMPA TRIBUNE,108700,2004,-.3149372227892882,8
FL,TAMPA TRIBUNE,108700,2006,-.3595573595282052,10
FL,TAMPA TRIBUNE,108700,2008,-.4041774962671222,3
FL,TAMPA TRIBUNE,108700,2010,-.4487976330060392,11
FL,TAMPA TRIBUNE,108700,2012,-.4934177697449562,3
FL,TAMPA TRIBUNE,108700,2014,-.5380379064838732,9
FL,TAMPA DAILY TIMES,108701,1960,.2178385239742225,5
FL,TAMPA DAILY TIMES,108701,1962,.2803035535485704,2
FL,TAMPA DAILY TIMES,108701,1964,.3427685831229187,3
FL,TAMPA DAILY TIMES,108701,1966,.405233612697267,3
FL,TAMPA DAILY TIMES,108701,1968,.4676986422716154,6
FL,TAMPA DAILY TIMES,108701,1970,.5301636718459637,8
FL,TAMPA DAILY TIMES,108701,1972,.592628701420312,4
FL,TAMPA DAILY TIMES,108701,1974,.6550937309946604,7
FL,TAMPA DAILY TIMES,108701,1976,.7175587605690082,5
FL,TAMPA DAILY TIMES,108701,1978,.7800237901433565,4
FL,TAMPA DAILY TIMES,108701,1980,.8424888197177048,4
FL,TAMPA DAILY TIMES,108701,1984,.9674188788664015,1
FL,TAMPA DAILY TIMES,108701,1988,1.092348938015098,1
FL,TAMPA DAILY TIMES,108701,1992,1.217278997163794,1
FL,TAMPA DAILY TIMES,108701,1996,1.342209056312491,1
FL,TAMPA DAILY TIMES,108701,2000,1.467139115461187,1
FL,TAMPA DAILY TIMES,108701,2004,1.592069174609884,1
FL,TAMPA DAILY TIMES,108701,2016,1.966859352055974,1
FL,TAMPA DAILY TIMES,108701,2020,2.09178941120467,1
FL,PALM BEACH POST,108850,1974,1.016325025401889,2
FL,PALM BEACH POST,108850,1980,1.032079750951686,1
FL,PALM BEACH POST,108850,1984,1.042582901318218,1
FL,PALM BEACH POST,108850,1986,1.047834476501484,2
FL,PALM BEACH POST,108850,1988,1.05308605168475,2
FL,PALM BEACH POST,108850,1990,1.058337626868016,6
FL,PALM BEACH POST,108850,1992,1.063589202051282,6
FL,PALM BEACH POST,108850,1994,1.068840777234548,9
FL,PALM BEACH POST,108850,1996,1.074092352417814,4
FL,PALM BEACH POST,108850,1998,1.07934392760108,7
FL,PALM BEACH POST,108850,2000,1.084595502784346,7
FL,PALM BEACH POST,108850,2002,1.089847077967611,11
FL,PALM BEACH POST,108850,2004,1.095098653150878,5
FL,PALM BEACH POST,108850,2006,1.100350228334144,7
FL,PALM BEACH POST,108850,2008,1.105601803517409,6
FL,PALM BEACH POST,108850,2010,1.110853378700675,8
FL,PALM BEACH POST,108850,2012,1.116104953883941,6
FL,PALM BEACH POST,108850,2014,1.121356529067207,10
FL,PALM BEACH POST,108850,2016,1.126608104250473,5
FL,PALM BEACH POST,108850,2020,1.137111254617005,1
FL,CLEARWATER SUN,600018,1964,1.02818675069724,2
FL,CLEARWATER SUN,600018,1966,.8978557054122324,1
FL,CLEARWATER SUN,600018,1968,.7675246601272246,2
FL,CLEARWATER SUN,600018,1970,.6371936148422174,2
FL,CLEARWATER SUN,600018,1972,.5068625695572101,1
FL,CLEARWATER SUN,600018,1974,.3765315242722024,1
FL,CLEARWATER SUN,600018,1980,-.0144616115828196,1
FL,CLEARWATER SUN,600018,1984,-.2751237021528344,1
FL,CLEARWATER SUN,600018,1986,-.405454747437842,1
FL,CLEARWATER SUN,600018,1988,-.5357857927228493,2
GA,ATLANTA JOURNAL AND CONSTITUTION,109050,2002,.0505805221637377,14
GA,ATLANTA JOURNAL AND CONSTITUTION,109050,2004,.6374643346785881,2
GA,ATLANTA JOURNAL AND CONSTITUTION,109050,2006,1.224348147193439,14
GA,ATLANTA JOURNAL AND CONSTITUTION,109050,2008,1.811231959708287,1
GA,ATLANTA CONSTITUTION,109051,1952,3.395536913536294,1
GA,ATLANTA CONSTITUTION,109051,1956,3.174335225606786,1
GA,ATLANTA CONSTITUTION,109051,1960,2.953133537677278,1
GA,ATLANTA CONSTITUTION,109051,1964,2.731931849747771,1
GA,ATLANTA CONSTITUTION,109051,1968,2.510730161818265,1
GA,ATLANTA CONSTITUTION,109051,1972,2.289528473888757,1
GA,ATLANTA CONSTITUTION,109051,1976,2.06832678595925,1
GA,ATLANTA CONSTITUTION,109051,1980,1.847125098029743,1
GA,ATLANTA CONSTITUTION,109051,1984,1.625923410100236,3
GA,ATLANTA CONSTITUTION,109051,1988,1.404721722170728,3
GA,ATLANTA CONSTITUTION,109051,1990,1.294120878205975,2
GA,ATLANTA CONSTITUTION,109051,1992,1.183520034241221,1
GA,ATLANTA CONSTITUTION,109051,1994,1.072919190276467,8
GA,ATLANTA CONSTITUTION,109051,1996,.9623183463117138,6
GA,ATLANTA CONSTITUTION,109051,1998,.8517175023469604,13
GA,ATLANTA CONSTITUTION,109051,2000,.7411166583822068,7
GA,ATLANTA JOURNAL,109052,1952,3.626799648918221,1
GA,ATLANTA JOURNAL,109052,1956,3.135947934013705,1
GA,ATLANTA JOURNAL,109052,1960,2.645096219109191,1
GA,ATLANTA JOURNAL,109052,1968,1.66339278930016,1
GA,ATLANTA JOURNAL,109052,1972,1.172541074395645,1
GA,ATLANTA JOURNAL,109052,1976,.6816893594911296,1
GA,ATLANTA JOURNAL,109052,1980,.1908376445866147,1
GA,ATLANTA JOURNAL,109052,1984,-.3000140703179002,1
GA,ATLANTA JOURNAL,109052,1988,-.7908657852224155,1
GA,ATLANTA JOURNAL,109052,1992,-1.281717500126931,1
GA,ATLANTA JOURNAL,109052,1996,-1.772569215031446,1
GA,ATLANTA JOURNAL,109052,2000,-2.263420929935962,1
GA,AUGUSTA CHRONICLE,109100,1996,-.2892979011676953,4
GA,AUGUSTA CHRONICLE,109100,1998,-.5278778766890552,11
GA,AUGUSTA CHRONICLE,109100,2000,-.7664578522104151,4
GA,AUGUSTA CHRONICLE,109100,2002,-1.005037827731775,10
GA,AUGUSTA CHRONICLE,109100,2004,-1.243617803253136,2
GA,AUGUSTA CHRONICLE,109100,2006,-1.482197778774495,9
GA,AUGUSTA CHRONICLE,109100,2008,-1.720777754295855,1
GA,AUGUSTA CHRONICLE,109100,2012,-2.197937705338575,1
GA,COLUMBUS LEDGER ENQUIRER,109150,1992,1.454152609152998,1
GA,COLUMBUS LEDGER ENQUIRER,109150,1994,1.298490522638996,6
GA,COLUMBUS LEDGER ENQUIRER,109150,1996,1.142828436124994,5
GA,COLUMBUS LEDGER ENQUIRER,109150,1998,.9871663496109915,8
GA,COLUMBUS LEDGER ENQUIRER,109150,2000,.8315042630969889,1
GA,COLUMBUS LEDGER ENQUIRER,109150,2002,.6758421765829872,8
GA,COLUMBUS LEDGER ENQUIRER,109150,2004,.5201800900689841,1
GA,COLUMBUS LEDGER ENQUIRER,109150,2006,.364518003554982,3
GA,COLUMBUS LEDGER ENQUIRER,109150,2008,.2088559170409799,1
GA,COLUMBUS LEDGER ENQUIRER,109150,2012,-.1024682559870244,1
GA,COLUMBUS LEDGER ENQUIRER,109150,2014,-.2581303425010266,3
GA,COLUMBUS LEDGER ENQUIRER,109150,2016,-.4137924290150287,1
GA,MACON TELEGRAPH AND NEWS,109250,1984,.6191488574369917,1
GA,MACON TELEGRAPH AND NEWS,109250,1996,.4996065389841716,2
GA,MACON TELEGRAPH AND NEWS,109250,1998,.4796828192420347,12
GA,MACON TELEGRAPH AND NEWS,109250,2000,.4597590994998981,7
GA,MACON TELEGRAPH AND NEWS,109250,2002,.4398353797577616,9
GA,MACON TELEGRAPH AND NEWS,109250,2004,.4199116600156246,1
GA,MACON TELEGRAPH AND NEWS,109250,2006,.3999879402734881,6
GA,MACON TELEGRAPH AND NEWS,109250,2008,.3800642205313516,1
GA,MACON TELEGRAPH,109250,2010,.3601405007892146,1
GA,MACON TELEGRAPH,109250,2012,.3402167810470781,1
GA,MACON TELEGRAPH,109250,2014,.3202930613049416,3
GA,SAVANNAH MORNING NEWS,109450,1952,-1.129693131744862,1
GA,SAVANNAH MORNING NEWS,109450,1956,-1.099709183735782,1
GA,SAVANNAH MORNING NEWS,109450,1960,-1.069725235726702,1
GA,SAVANNAH MORNING NEWS,109450,1964,-1.039741287717623,1
GA,SAVANNAH MORNING NEWS,109450,1968,-1.009757339708543,1
GA,SAVANNAH MORNING NEWS,109450,1976,-.9497894436903837,1
GA,SAVANNAH MORNING NEWS,109450,1980,-.9198054956813041,1
GA,SAVANNAH MORNING NEWS,109450,1988,-.8598375996631448,1
GA,SAVANNAH MORNING NEWS,109450,1992,-.8298536516540652,1
GA,SAVANNAH MORNING NEWS,109450,1996,-.7998697036449853,5
GA,SAVANNAH MORNING NEWS,109450,1998,-.7848777296404457,10
GA,SAVANNAH MORNING NEWS,109450,2000,-.7698857556359057,1
GA,SAVANNAH MORNING NEWS,109450,2004,-.739901807626826,1
GA,SAVANNAH MORNING NEWS,109450,2006,-.7249098336222863,11
GA,SAVANNAH MORNING NEWS,109450,2008,-.7099178596177464,1
GA,SAVANNAH MORNING NEWS,109450,2012,-.6799339116086668,1
HI,HONOLULU ADVERTISER,109600,1952,.2593617666284696,1
HI,HONOLULU ADVERTISER,109600,1960,.5993234851660356,1
HI,HONOLULU ADVERTISER,109600,1964,.7693043444348187,1
HI,HONOLULU ADVERTISER,109600,1968,.9392852037036017,2
HI,HONOLULU ADVERTISER,109600,1970,1.024275633337993,2
HI,HONOLULU ADVERTISER,109600,1980,1.449227781509951,1
HI,HONOLULU ADVERTISER,109600,1982,1.534218211144343,2
HI,HONOLULU ADVERTISER,109600,1986,1.704199070413126,5
HI,HONOLULU ADVERTISER,109600,1990,1.874179929681909,1
HI,HONOLULU ADVERTISER,109600,1996,2.129151218585083,1
HI,HONOLULU ADVERTISER,109600,2000,2.299132077853867,1
HI,HONOLULU ADVERTISER,109600,2002,2.384122507488258,2
HI,HONOLULU ADVERTISER,109600,2004,2.469112937122649,1
HI,HONOLULU ADVERTISER,109600,2008,2.639093796391432,2
HI,HONOLULU STAR BULLETIN,109601,1952,-.6964535616902965,1
HI,HONOLULU STAR BULLETIN,109601,1960,-.2520972276204172,1
HI,HONOLULU STAR BULLETIN,109601,1968,.1922591064494626,1
HI,HONOLULU STAR BULLETIN,109601,1970,.303348189966932,3
HI,HONOLULU STAR BULLETIN,109601,1972,.4144372734844023,1
HI,HONOLULU STAR BULLETIN,109601,1980,.8587936075542816,1
HI,HONOLULU STAR BULLETIN,109601,1982,.9698826910717515,2
HI,HONOLULU STAR BULLETIN,109601,1984,1.080971774589221,1
HI,HONOLULU STAR BULLETIN,109601,1986,1.192060858106691,2
HI,HONOLULU STAR BULLETIN,109601,1988,1.303149941624161,1
HI,HONOLULU STAR BULLETIN,109601,1990,1.414239025141631,1
HI,HONOLULU STAR BULLETIN,109601,1992,1.525328108659101,1
HI,HONOLULU STAR BULLETIN,109601,1996,1.74750627569404,1
HI,HONOLULU STAR BULLETIN,109601,2000,1.96968444272898,1
HI,HONOLULU STAR BULLETIN,109601,2002,2.08077352624645,2
HI,HONOLULU STAR BULLETIN,109601,2004,2.19186260976392,1
HI,HONOLULU STAR BULLETIN,109601,2008,2.41404077679886,2
IA,ROCK ISLAND ARGUS,112450,1956,-.6643270340366059,1
IA,ROCK ISLAND ARGUS,112450,1960,-.6566354933307657,3
IA,ROCK ISLAND ARGUS,112450,1962,-.6527897229778455,2
IA,ROCK ISLAND ARGUS,112450,1964,-.6489439526249255,6
IA,ROCK ISLAND ARGUS,112450,1966,-.6450981822720052,3
IA,ROCK ISLAND ARGUS,112450,1968,-.6412524119190851,6
IA,ROCK ISLAND ARGUS,112450,1970,-.637406641566165,2
IA,ROCK ISLAND ARGUS,112450,1972,-.6335608712132449,6
IA,ROCK ISLAND ARGUS,112450,1974,-.6297151008603249,2
IA,ROCK ISLAND ARGUS,112450,1976,-.6258693305074046,6
IA,ROCK ISLAND ARGUS,112450,1978,-.6220235601544845,2
IA,ROCK ISLAND ARGUS,112450,1980,-.6181777898015643,8
IA,ROCK ISLAND ARGUS,112450,1982,-.6143320194486444,10
IA,ROCK ISLAND ARGUS,112450,1984,-.610486249095724,3
IA,ROCK ISLAND ARGUS,112450,1986,-.6066404787428039,5
IA,ROCK ISLAND ARGUS,112450,1988,-.6027947083898838,3
IA,ROCK ISLAND ARGUS,112450,1990,-.5989489380369638,7
IA,ROCK ISLAND ARGUS,112450,2000,-.5797200862723632,1
IA,ROCK ISLAND ARGUS,112450,2004,-.5720285455665227,1
IA,CEDAR RAPIDS GAZETTE,114900,1952,-.5256376989698213,1
IA,CEDAR RAPIDS GAZETTE,114900,1956,-.5312164821091362,1
IA,CEDAR RAPIDS GAZETTE,114900,1960,-.536795265248451,1
IA,CEDAR RAPIDS GAZETTE,114900,1962,-.5395846568181085,1
IA,CEDAR RAPIDS GAZETTE,114900,1970,-.5507422230967383,1
IA,CEDAR RAPIDS GAZETTE,114900,1972,-.5535316146663957,2
IA,CEDAR RAPIDS GAZETTE,114900,1974,-.5563210062360532,2
IA,CEDAR RAPIDS GAZETTE,114900,1976,-.5591103978057105,2
IA,CEDAR RAPIDS GAZETTE,114900,1978,-.561899789375368,3
IA,CEDAR RAPIDS GAZETTE,114900,1980,-.5646891809450253,3
IA,CEDAR RAPIDS GAZETTE,114900,1982,-.5674785725146829,1
IA,CEDAR RAPIDS GAZETTE,114900,1984,-.5702679640843402,5
IA,CEDAR RAPIDS GAZETTE,114900,1986,-.5730573556539977,2
IA,CEDAR RAPIDS GAZETTE,114900,1988,-.575846747223655,1
IA,CEDAR RAPIDS GAZETTE,114900,1990,-.5786361387933127,4
IA,CEDAR RAPIDS GAZETTE,114900,1992,-.58142553036297,1
IA,CEDAR RAPIDS GAZETTE,114900,1994,-.5842149219326275,2
IA,CEDAR RAPIDS GAZETTE,114900,1996,-.5870043135022848,1
IA,CEDAR RAPIDS GAZETTE,114900,1998,-.5897937050719424,3
IA,CEDAR RAPIDS GAZETTE,114900,2000,-.5925830966415997,3
IA,CEDAR RAPIDS GAZETTE,114900,2002,-.5953724882112572,5
IA,CEDAR RAPIDS GAZETTE,114900,2004,-.5981618797809145,3
IA,CEDAR RAPIDS GAZETTE,114900,2006,-.600951271350572,6
IA,CEDAR RAPIDS GAZETTE,114900,2010,-.6065300544898869,1
IA,DAVENPORT QUAD CITY TIMES,115100,1952,-.3504736660770376,1
IA,DAVENPORT QUAD CITY TIMES,115100,1956,-.3124722538969898,1
IA,DAVENPORT QUAD CITY TIMES,115100,1960,-.2744708417169421,2
IA,DAVENPORT QUAD CITY TIMES,115100,1962,-.2554701356269182,1
IA,DAVENPORT QUAD CITY TIMES,115100,1966,-.2174687234468704,1
IA,DAVENPORT QUAD CITY TIMES,115100,1970,-.1794673112668226,1
IA,DAVENPORT QUAD CITY TIMES,115100,1972,-.1604666051767988,2
IA,DAVENPORT QUAD CITY TIMES,115100,1980,-.0844637808167032,6
IA,DAVENPORT QUAD CITY TIMES,115100,1984,-.0464623686366555,1
IA,DAVENPORT QUAD CITY TIMES,115100,1988,-.0084609564566077,1
IA,DAVENPORT QUAD CITY TIMES,115100,2000,.1055432800835356,1
IA,DAVENPORT QUAD CITY TIMES,115100,2002,.1245439861735595,3
IA,DAVENPORT QUAD CITY TIMES,115100,2004,.1435446922635834,2
IA,DAVENPORT QUAD CITY TIMES,115100,2006,.1625453983536073,4
IA,DAVENPORT QUAD CITY TIMES,115100,2008,.1815461044436312,1
IA,DES MOINES REGISTER,115150,1952,.0925102897724352,1
IA,DES MOINES REGISTER,115150,1956,.1953932101736429,1
IA,DES MOINES REGISTER,115150,1960,.2982761305748505,1
IA,DES MOINES REGISTER,115150,1962,.3497175907754543,2
IA,DES MOINES REGISTER,115150,1964,.4011590509760581,1
IA,DES MOINES REGISTER,115150,1966,.4526005111766619,1
IA,DES MOINES REGISTER,115150,1968,.5040419713772658,1
IA,DES MOINES REGISTER,115150,1970,.5554834315778696,1
IA,DES MOINES REGISTER,115150,1972,.6069248917784734,2
IA,DES MOINES REGISTER,115150,1974,.6583663519790772,2
IA,DES MOINES REGISTER,115150,1976,.709807812179681,4
IA,DES MOINES REGISTER,115150,1978,.7612492723802848,2
IA,DES MOINES REGISTER,115150,1980,.8126907325808886,5
IA,DES MOINES REGISTER,115150,1982,.8641321927814924,1
IA,DES MOINES REGISTER,115150,1984,.9155736529820963,5
IA,DES MOINES REGISTER,115150,1986,.9670151131827001,1
IA,DES MOINES REGISTER,115150,1988,1.018456573383304,1
IA,DES MOINES REGISTER,115150,1990,1.069898033583908,4
IA,DES MOINES REGISTER,115150,1992,1.121339493784512,2
IA,DES MOINES REGISTER,115150,1994,1.172780953985115,2
IA,DES MOINES REGISTER,115150,1996,1.224222414185719,1
IA,DES MOINES REGISTER,115150,2000,1.327105334586926,3
IA,DES MOINES REGISTER,115150,2002,1.37854679478753,5
IA,DES MOINES REGISTER,115150,2004,1.429988254988134,1
IA,DES MOINES REGISTER,115150,2006,1.481429715188738,6
IA,DES MOINES REGISTER,115150,2008,1.532871175389342,1
IA,DES MOINES REGISTER,115150,2016,1.738637016191757,1
IA,DES MOINES REGISTER,115150,2020,1.841519936592964,1
IA,DUBUQUE TELEGRAPH HERALD,115200,1996,-.6326132675534778,1
IA,DUBUQUE TELEGRAPH HERALD,115200,1998,-.606374937609084,3
IA,DUBUQUE TELEGRAPH HERALD,115200,2000,-.5801366076646903,1
IA,DUBUQUE TELEGRAPH HERALD,115200,2002,-.5538982777202967,3
IA,DUBUQUE TELEGRAPH HERALD,115200,2004,-.527659947775903,2
IA,DUBUQUE TELEGRAPH HERALD,115200,2006,-.501421617831509,2
IA,IOWA CITY PRESS CITIZEN,115300,1984,-1.62235760028197,1
IA,IOWA CITY PRESS CITIZEN,115300,1986,-1.419010391319277,2
IA,IOWA CITY PRESS CITIZEN,115300,2002,.2077672803822604,3
IA,IOWA CITY PRESS CITIZEN,115300,2004,.4111144893449528,1
IA,IOWA CITY PRESS CITIZEN,115300,2006,.6144616983076451,2
IA,IOWA CITY PRESS CITIZEN,115300,2008,.8178089072703375,1
IA,NEWPORT NEWS DAILY PRESS,148050,2012,.3525622458269582,1
ID,BOISE IDAHO STATESMAN,109700,1984,-1.550861667244722,1
ID,BOISE IDAHO STATESMAN,109700,2002,.3170823297696497,8
ID,BOISE IDAHO STATESMAN,109700,2004,.5246316627712468,1
ID,BOISE IDAHO STATESMAN,109700,2006,.732180995772844,3
ID,BOISE IDAHO STATESMAN,109700,2008,.9397303287744403,1
IL,BELVIDERE DAILY REPUBLICAN,97,1970,-1.350216217818275,3
IL,BELVIDERE DAILY REPUBLICAN,97,1972,-1.353107307975022,6
IL,BELVIDERE DAILY REPUBLICAN,97,1974,-1.355998398131769,2
IL,BELVIDERE DAILY REPUBLICAN,97,1976,-1.358889488288515,8
IL,BERWYN LIFE,101,1952,-.4856023959357036,2
IL,BERWYN LIFE,101,1954,-.5271534658580403,2
IL,BERWYN LIFE,101,1956,-.5687045357803769,2
IL,BERWYN LIFE,101,1960,-.6518066756250503,1
IL,BERWYN LIFE,101,1962,-.6933577455473869,3
IL,BERWYN LIFE,101,1964,-.7349088154697236,7
IL,BERWYN LIFE,101,1968,-.8180109553143968,8
IL,BERWYN LIFE,101,1972,-.9011130951590702,4
IL,BERWYN LIFE,101,1974,-.9426641650814068,5
IL,BERWYN LIFE,101,1976,-.9842152350037435,4
IL,SPRINGFIELD STATE JOURNAL REGISTER,102550,1972,-2.352773198166263,1
IL,SPRINGFIELD STATE JOURNAL REGISTER,102550,1984,-1.484613851914471,1
IL,SPRINGFIELD STATE JOURNAL REGISTER,102550,1990,-1.050534178788575,5
IL,SPRINGFIELD STATE JOURNAL REGISTER,102550,1992,-.9058409544132767,2
IL,SPRINGFIELD STATE JOURNAL REGISTER,102550,1994,-.7611477300379781,7
IL,SPRINGFIELD STATE JOURNAL REGISTER,102550,1996,-.6164545056626793,3
IL,SPRINGFIELD STATE JOURNAL REGISTER,102550,1998,-.4717612812873807,7
IL,SPRINGFIELD STATE JOURNAL REGISTER,102550,2000,-.3270680569120819,2
IL,SPRINGFIELD STATE JOURNAL REGISTER,102550,2002,-.1823748325367832,7
IL,SPRINGFIELD STATE JOURNAL REGISTER,102550,2004,-.0376816081614845,5
IL,SPRINGFIELD STATE JOURNAL REGISTER,102550,2006,.1070116162138138,8
IL,SPRINGFIELD STATE JOURNAL REGISTER,102550,2008,.2517048405891129,1
IL,JOLIET HERALD NEWS,102600,1984,-1.554531136857633,1
IL,JOLIET HERALD NEWS,102600,2002,.5126161081033282,6
IL,JOLIET HERALD NEWS,102600,2006,.9719821625390977,7
IL,ARLINGTON HEIGHTS DAILY HERALD,110170,1962,-.4991649645258027,3
IL,ARLINGTON HEIGHTS DAILY HERALD,110170,1966,-.4330664530567684,6
IL,ARLINGTON HEIGHTS DAILY HERALD,110170,1992,-.0034261285080452,5
IL,ARLINGTON HEIGHTS DAILY HERALD,110170,1994,.0296231272264719,9
IL,ARLINGTON HEIGHTS DAILY HERALD,110170,2004,.1948694058990575,1
IL,ARLINGTON HEIGHTS DAILY HERALD,110170,2006,.2279186616335747,11
IL,ARLINGTON HEIGHTS DAILY HERALD,110170,2008,.2609679173680918,1
IL,ARLINGTON HEIGHTS DAILY HERALD,110170,2012,.3270664288371264,1
IL,BLOOMINGTON PANTAGRAPH,110300,1964,-.0745627174497163,1
IL,BLOOMINGTON PANTAGRAPH,110300,1972,-.1820108246536357,1
IL,BLOOMINGTON PANTAGRAPH,110300,1974,-.2088728514546156,4
IL,BLOOMINGTON PANTAGRAPH,110300,1990,-.4237690658624542,1
IL,BLOOMINGTON PANTAGRAPH,110300,1998,-.5312171730663733,3
IL,BLOOMINGTON PANTAGRAPH,110300,2000,-.5580791998673532,2
IL,BLOOMINGTON PANTAGRAPH,110300,2002,-.584941226668333,8
IL,BLOOMINGTON PANTAGRAPH,110300,2004,-.6118032534693127,1
IL,BLOOMINGTON PANTAGRAPH,110300,2006,-.6386652802702927,7
IL,BLOOMINGTON PANTAGRAPH,110300,2008,-.6655273070712726,1
IL,CHAMPAIGN URBANA NEWS GAZETTE,110450,1984,-.9907387622779165,1
IL,CHAMPAIGN URBANA NEWS GAZETTE,110450,2004,-1.05985796879018,3
IL,CHAMPAIGN URBANA NEWS GAZETTE,110450,2006,-1.066769889441406,6
IL,CHAMPAIGN URBANA NEWS GAZETTE,110450,2008,-1.073681810092632,1
IL,CHICAGO SUN TIMES,111051,1952,.0244956160983412,2
IL,CHICAGO SUN TIMES,111051,1956,.0211716883655797,1
IL,CHICAGO SUN TIMES,111051,1960,.0178477606328182,2
IL,CHICAGO SUN TIMES,111051,1964,.0145238329000567,1
IL,CHICAGO SUN TIMES,111051,1968,.0111999051672953,1
IL,CHICAGO SUN TIMES,111051,1972,.0078759774345338,1
IL,CHICAGO SUN TIMES,111051,1976,.0045520497017723,1
IL,CHICAGO SUN TIMES,111051,1980,.0012281219690108,1
IL,CHICAGO SUN TIMES,111051,1984,-.0020958057637506,1
IL,CHICAGO SUN TIMES,111051,1988,-.0054197334965121,1
IL,CHICAGO SUN TIMES,111051,1992,-.0087436612292736,15
IL,CHICAGO SUN TIMES,111051,1994,-.0104056250956543,16
IL,CHICAGO SUN TIMES,111051,1996,-.0120675889620351,16
IL,CHICAGO SUN TIMES,111051,1998,-.0137295528284158,19
IL,CHICAGO SUN TIMES,111051,2000,-.0153915166947965,13
IL,CHICAGO SUN TIMES,111051,2002,-.0170534805611773,19
IL,CHICAGO SUN TIMES,111051,2004,-.018715444427558,13
IL,CHICAGO SUN TIMES,111051,2006,-.0203774082939388,17
IL,CHICAGO SUN TIMES,111051,2008,-.0220393721603195,1
IL,CHICAGO SUN TIMES,111051,2016,-.0286872276258424,1
IL,CHICAGO SUN TIMES,111051,2020,-.0320111553586039,1
IL,CHICAGO TRIBUNE,111100,1950,-1.618632253514485,2
IL,CHICAGO TRIBUNE,111100,1952,-1.573148401362034,6
IL,CHICAGO TRIBUNE,111100,1954,-1.527664549209583,2
IL,CHICAGO TRIBUNE,111100,1956,-1.482180697057132,3
IL,CHICAGO TRIBUNE,111100,1960,-1.39121299275223,10
IL,CHICAGO TRIBUNE,111100,1962,-1.345729140599779,9
IL,CHICAGO TRIBUNE,111100,1964,-1.300245288447328,10
IL,CHICAGO TRIBUNE,111100,1966,-1.254761436294877,6
IL,CHICAGO TRIBUNE,111100,1968,-1.209277584142426,11
IL,CHICAGO TRIBUNE,111100,1970,-1.163793731989976,7
IL,CHICAGO TRIBUNE,111100,1972,-1.118309879837525,10
IL,CHICAGO TRIBUNE,111100,1974,-1.072826027685074,8
IL,CHICAGO TRIBUNE,111100,1976,-1.027342175532623,10
IL,CHICAGO TRIBUNE,111100,1978,-.981858323380172,8
IL,CHICAGO TRIBUNE,111100,1980,-.936374471227721,5
IL,CHICAGO TRIBUNE,111100,1982,-.89089061907527,7
IL,CHICAGO TRIBUNE,111100,1984,-.8454067669228191,6
IL,CHICAGO TRIBUNE,111100,1986,-.7999229147703684,9
IL,CHICAGO TRIBUNE,111100,1988,-.7544390626179174,3
IL,CHICAGO TRIBUNE,111100,1990,-.7089552104654664,7
IL,CHICAGO TRIBUNE,111100,1992,-.6634713583130156,19
IL,CHICAGO TRIBUNE,111100,1994,-.6179875061605647,21
IL,CHICAGO TRIBUNE,111100,1996,-.5725036540081138,21
IL,CHICAGO TRIBUNE,111100,1998,-.5270198018556628,23
IL,CHICAGO TRIBUNE,111100,2000,-.481535949703212,18
IL,CHICAGO TRIBUNE,111100,2002,-.436052097550761,21
IL,CHICAGO TRIBUNE,111100,2004,-.3905682453983102,18
IL,CHICAGO TRIBUNE,111100,2006,-.3450843932458592,20
IL,CHICAGO TRIBUNE,111100,2008,-.2996005410934084,1
IL,CHICAGO TRIBUNE,111100,2016,-.1176651324836046,1
IL,CHICAGO TRIBUNE,111100,2020,-.0266974281787028,1
IL,CRYSTAL LAKE NORTHWEST HERALD,111130,2004,-.5247205163219293,5
IL,CRYSTAL LAKE NORTHWEST HERALD,111130,2006,-.9577352259346755,8
IL,CRYSTAL LAKE NORTHWEST HERALD,111130,2008,-1.390749935547422,1
IL,CRYSTAL LAKE NORTHWEST HERALD,111130,2012,-2.25677935477291,1
IL,CARBONDALE SOUTHERN ILLINOISAN,111200,1960,-1.134116301311988,7
IL,CARBONDALE SOUTHERN ILLINOISAN,111200,1964,-1.218575784806749,1
IL,CARBONDALE SOUTHERN ILLINOISAN,111200,1984,-1.640873202280556,1
IL,CARBONDALE SOUTHERN ILLINOISAN,111200,2004,-2.063170619754364,1
IL,CARBONDALE SOUTHERN ILLINOISAN,111200,2008,-2.147630103249125,1
IL,CARBONDALE SOUTHERN ILLINOISAN,111200,2012,-2.232089586743887,1
IL,DECATUR HERALD AND REVIEW,111300,1962,-.2693282275572575,2
IL,DECATUR HERALD AND REVIEW,111300,1964,-.2643633531563164,3
IL,DECATUR HERALD AND REVIEW,111300,1966,-.2593984787553753,2
IL,DECATUR HERALD AND REVIEW,111300,1968,-.2544336043544342,7
IL,DECATUR HERALD AND REVIEW,111300,1970,-.2494687299534931,4
IL,DECATUR HERALD AND REVIEW,111300,1972,-.2445038555525519,11
IL,DECATUR HERALD AND REVIEW,111300,1974,-.2395389811516108,3
IL,DECATUR HERALD AND REVIEW,111300,1976,-.2345741067506699,7
IL,DECATUR HERALD AND REVIEW,111300,1978,-.2296092323497289,8
IL,DECATUR HERALD AND REVIEW,111300,1980,-.2246443579487877,4
IL,DECATUR HERALD AND REVIEW,111300,1982,-.2196794835478466,3
IL,DECATUR HERALD AND REVIEW,111300,1984,-.2147146091469055,5
IL,DECATUR HERALD AND REVIEW,111300,1986,-.2097497347459644,8
IL,DECATUR HERALD AND REVIEW,111300,1988,-.2047848603450233,3
IL,DECATUR HERALD AND REVIEW,111300,1992,-.1948551115431411,5
IL,DECATUR HERALD AND REVIEW,111300,1994,-.1898902371421999,1
IL,DECATUR HERALD AND REVIEW,111300,1996,-.1849253627412588,5
IL,DECATUR HERALD AND REVIEW,111300,1998,-.1799604883403177,4
IL,DECATUR HERALD AND REVIEW,111300,2000,-.1749956139393766,2
IL,DECATUR HERALD AND REVIEW,111300,2002,-.1700307395384355,6
IL,DECATUR HERALD AND REVIEW,111300,2004,-.1650658651374944,4
IL,DECATUR HERALD AND REVIEW,111300,2006,-.1601009907365533,5
IL,DECATUR HERALD AND REVIEW,111300,2008,-.1551361163356121,1
IL,DECATUR HERALD,111301,1960,-1.597157823100671,7
IL,DECATUR HERALD,111301,1968,-.1103772026095903,1
IL,DECATUR HERALD,111301,1970,.2613179525131795,6
IL,DECATUR HERALD,111301,1972,.6330131076359499,9
IL,DECATUR HERALD,111301,1974,1.00470826275872,8
IL,DECATUR DAILY REVIEW,111302,1960,-1.658123949576433,7
IL,DECATUR DAILY REVIEW,111302,1968,-.2351910348269112,1
IL,DECATUR DAILY REVIEW,111302,1970,.1205421938604694,11
IL,DECATUR DAILY REVIEW,111302,1972,.4762754225478494,14
IL,DECATUR DAILY REVIEW,111302,1974,.8320086512352295,9
IL,DAILY SOUTHTOWN,111530,2004,-.4963493303498418,6
IL,DAILY SOUTHTOWN,111530,2006,1.226210917365701,7
IL,MOLINE DISPATCH,112050,1952,-.7767909160963625,1
IL,MOLINE DISPATCH,112050,1960,-.8110533905074355,8
IL,MOLINE DISPATCH,112050,1962,-.8196190091102038,1
IL,MOLINE DISPATCH,112050,1964,-.8281846277129721,4
IL,MOLINE DISPATCH,112050,1966,-.8367502463157404,3
IL,MOLINE DISPATCH,112050,1968,-.8453158649185086,8
IL,MOLINE DISPATCH,112050,1970,-.8538814835212769,2
IL,MOLINE DISPATCH,112050,1972,-.8624471021240451,7
IL,MOLINE DISPATCH,112050,1974,-.8710127207268133,4
IL,MOLINE DISPATCH,112050,1976,-.8795783393295816,7
IL,MOLINE DISPATCH,112050,1978,-.8881439579323499,6
IL,MOLINE DISPATCH,112050,1980,-.896709576535118,4
IL,MOLINE DISPATCH,112050,1982,-.9052751951378865,9
IL,MOLINE DISPATCH,112050,1988,-.930972050946191,2
IL,MOLINE DISPATCH,112050,1990,-.9395376695489592,6
IL,MOLINE DISPATCH,112050,2000,-.9823657625628005,1
IL,MOLINE DISPATCH,112050,2004,-.9994969997683371,1
IL,MOLINE DISPATCH,112050,2008,-1.016628236973874,1
IL,PEORIA JOURNAL STAR,112300,1952,.2190808222189267,1
IL,PEORIA JOURNAL STAR,112300,1960,.144130613625147,2
IL,PEORIA JOURNAL STAR,112300,1964,.1066555093282571,2
IL,PEORIA JOURNAL STAR,112300,1968,.0691804050313673,3
IL,PEORIA JOURNAL STAR,112300,1972,.0317053007344774,3
IL,PEORIA JOURNAL STAR,112300,1976,-.0057698035624122,1
IL,PEORIA JOURNAL STAR,112300,1980,-.0432449078593021,1
IL,PEORIA JOURNAL STAR,112300,1984,-.080720012156192,1
IL,PEORIA JOURNAL STAR,112300,1992,-.1556702207499717,4
IL,PEORIA JOURNAL STAR,112300,1994,-.1744077728984166,9
IL,PEORIA JOURNAL STAR,112300,1996,-.1931453250468615,4
IL,PEORIA JOURNAL STAR,112300,1998,-.2118828771953065,8
IL,PEORIA JOURNAL STAR,112300,2000,-.2306204293437514,4
IL,PEORIA JOURNAL STAR,112300,2002,-.2493579814921963,7
IL,PEORIA JOURNAL STAR,112300,2004,-.2680955336406411,5
IL,PEORIA JOURNAL STAR,112300,2006,-.286833085789086,8
IL,PEORIA JOURNAL STAR,112300,2008,-.3055706379375309,1
IL,ROCK ISLAND ARGUS,112450,2008,-.5643370048606826,1
IL,ROCK ISLAND ARGUS,112450,2010,-.5604912345077625,4
IL,ROCK ISLAND ARGUS,112450,2012,-.5566454641548424,1
IL,ROCKFORD REGISTER STAR,112500,1980,.6151869553239339,1
IL,ROCKFORD REGISTER STAR,112500,1984,.4845633988205161,1
IL,ROCKFORD REGISTER STAR,112500,2000,-.0379308271931545,1
IL,ROCKFORD REGISTER STAR,112500,2004,-.1685543836965723,1
IL,ROCKFORD REGISTER STAR,112500,2006,-.233866161948281,5
IL,ROCKFORD REGISTER STAR,112500,2008,-.2991779401999899,1
IL,ROCKFORD REGISTER REPUBLIC,112501,1950,-.6907805237685867,1
IL,ROCKFORD REGISTER REPUBLIC,112501,1952,-.7464815548140068,2
IL,ROCKFORD REGISTER REPUBLIC,112501,1954,-.802182585859427,1
IL,ROCKFORD REGISTER REPUBLIC,112501,1956,-.8578836169048473,3
IL,ROCKFORD REGISTER REPUBLIC,112501,1960,-.9692856789956876,2
IL,ROCKFORD REGISTER REPUBLIC,112501,1964,-1.080687741086528,2
IL,ROCKFORD REGISTER REPUBLIC,112501,1968,-1.192089803177368,1
IL,ROCKFORD MORNING STAR,112502,1950,-.9077658188473602,1
IL,ROCKFORD MORNING STAR,112502,1952,-.8915431681058801,2
IL,ROCKFORD MORNING STAR,112502,1954,-.8753205173644003,1
IL,ROCKFORD MORNING STAR,112502,1956,-.8590978666229202,2
IL,ROCKFORD MORNING STAR,112502,1960,-.8266525651399603,2
IL,ROCKFORD MORNING STAR,112502,1964,-.7942072636570002,2
IL,ROCKFORD MORNING STAR,112502,1968,-.7617619621740404,2
IL,ROCKFORD MORNING STAR,112502,1972,-.7293166606910805,1
IL,ROCKFORD MORNING STAR,112502,1976,-.6968713592081206,1
IL,WAUKEGAN NEWS SUN,112700,1968,-1.134658485052005,1
IL,WAUKEGAN NEWS SUN,112700,1972,-.9756994459281052,1
IL,WAUKEGAN NEWS SUN,112700,1984,-.4988223285564066,1
IL,WAUKEGAN NEWS SUN,112700,1998,.0575343083772415,7
IL,WAUKEGAN NEWS SUN,112700,2000,.1370138279391914,2
IL,WAUKEGAN NEWS SUN,112700,2002,.2164933475011414,8
IL,WAUKEGAN NEWS SUN,112700,2004,.2959728670630913,3
IL,WAUKEGAN NEWS SUN,112700,2006,.3754523866250413,7
IN,EVANSVILLE COURIER,113151,1950,.557899478828112,2
IN,EVANSVILLE COURIER,113151,1952,.4828577548195079,2
IN,EVANSVILLE COURIER,113151,1954,.4078160308109038,2
IN,EVANSVILLE COURIER,113151,1956,.3327743068022997,3
IN,EVANSVILLE COURIER,113151,1960,.1826908587850916,1
IN,EVANSVILLE COURIER,113151,1964,.0326074107678834,2
IN,EVANSVILLE COURIER,113151,1968,-.1174760372493245,4
IN,EVANSVILLE COURIER,113151,1972,-.2675594852665324,2
IN,EVANSVILLE COURIER,113151,1974,-.3426012092751365,1
IN,EVANSVILLE COURIER,113151,1976,-.4176429332837406,3
IN,EVANSVILLE COURIER,113151,1980,-.5677263813009488,8
IN,EVANSVILLE COURIER,113151,1982,-.6427681053095529,8
IN,EVANSVILLE COURIER,113151,1984,-.717809829318157,7
IN,EVANSVILLE COURIER,113151,1986,-.792851553326761,6
IN,EVANSVILLE COURIER,113151,1988,-.8678932773353651,9
IN,EVANSVILLE COURIER,113151,1990,-.9429350013439692,5
IN,EVANSVILLE COURIER,113151,1992,-1.017976725352573,7
IN,EVANSVILLE COURIER,113151,1994,-1.093018449361177,6
IN,EVANSVILLE COURIER,113151,1996,-1.168060173369781,5
IN,EVANSVILLE COURIER,113151,1998,-1.243101897378385,2
IN,EVANSVILLE PRESS,113152,1950,1.71183938427024,1
IN,EVANSVILLE PRESS,113152,1952,1.561521852816314,2
IN,EVANSVILLE PRESS,113152,1954,1.411204321362387,2
IN,EVANSVILLE PRESS,113152,1956,1.26088678990846,3
IN,EVANSVILLE PRESS,113152,1960,.9602517270006062,1
IN,EVANSVILLE PRESS,113152,1964,.6596166640927531,2
IN,EVANSVILLE PRESS,113152,1966,.5092991326388263,1
IN,EVANSVILLE PRESS,113152,1968,.3589816011848995,6
IN,EVANSVILLE PRESS,113152,1970,.2086640697309727,4
IN,EVANSVILLE PRESS,113152,1972,.0583465382770463,6
IN,EVANSVILLE PRESS,113152,1974,-.0919709931768807,6
IN,EVANSVILLE PRESS,113152,1976,-.2422885246308076,3
IN,EVANSVILLE PRESS,113152,1978,-.3926060560847341,3
IN,EVANSVILLE PRESS,113152,1980,-.542923587538661,8
IN,EVANSVILLE PRESS,113152,1982,-.6932411189925878,8
IN,EVANSVILLE PRESS,113152,1984,-.8435586504465146,7
IN,EVANSVILLE PRESS,113152,1986,-.9938761819004414,7
IN,EVANSVILLE PRESS,113152,1988,-1.144193713354368,9
IN,EVANSVILLE PRESS,113152,1990,-1.294511244808295,7
IN,EVANSVILLE PRESS,113152,1992,-1.444828776262221,9
IN,EVANSVILLE PRESS,113152,1994,-1.595146307716148,6
IN,EVANSVILLE PRESS,113152,1996,-1.745463839170075,5
IN,FORT WAYNE JOURNAL GAZETTE,113250,1952,2.633452645331145,1
IN,FORT WAYNE JOURNAL GAZETTE,113250,1956,2.462017465250591,1
IN,FORT WAYNE JOURNAL GAZETTE,113250,1960,2.290582285170036,1
IN,FORT WAYNE JOURNAL GAZETTE,113250,1964,2.119147105089481,1
IN,FORT WAYNE JOURNAL GAZETTE,113250,1968,1.947711925008927,3
IN,FORT WAYNE JOURNAL GAZETTE,113250,1972,1.776276744928373,2
IN,FORT WAYNE JOURNAL GAZETTE,113250,1976,1.604841564847818,1
IN,FORT WAYNE JOURNAL GAZETTE,113250,1980,1.433406384767263,2
IN,FORT WAYNE JOURNAL GAZETTE,113250,1988,1.090536024606155,1
IN,FORT WAYNE JOURNAL GAZETTE,113250,1996,.7476656644450457,3
IN,FORT WAYNE JOURNAL GAZETTE,113250,1998,.6619480744047683,1
IN,FORT WAYNE JOURNAL GAZETTE,113250,2000,.5762304843644911,5
IN,FORT WAYNE JOURNAL GAZETTE,113250,2002,.4905128943242139,4
IN,FORT WAYNE JOURNAL GAZETTE,113250,2004,.404795304283937,6
IN,FORT WAYNE JOURNAL GAZETTE,113250,2006,.3190777142436597,6
IN,FORT WAYNE JOURNAL GAZETTE,113250,2008,.2333601242033825,1
IN,FORT WAYNE NEWS SENTINEL,113251,1956,-.6554835825251945,1
IN,FORT WAYNE NEWS SENTINEL,113251,1960,-.7450601349419322,1
IN,FORT WAYNE NEWS SENTINEL,113251,1964,-.83463668735867,1
IN,FORT WAYNE NEWS SENTINEL,113251,1972,-1.013789792192145,2
IN,FORT WAYNE NEWS SENTINEL,113251,1974,-1.058578068400514,1
IN,FORT WAYNE NEWS SENTINEL,113251,1976,-1.103366344608883,2
IN,FORT WAYNE NEWS SENTINEL,113251,1980,-1.192942897025621,1
IN,FORT WAYNE NEWS SENTINEL,113251,1992,-1.461672554275834,3
IN,FORT WAYNE NEWS SENTINEL,113251,1994,-1.506460830484203,3
IN,FORT WAYNE NEWS SENTINEL,113251,1996,-1.551249106692572,1
IN,FORT WAYNE NEWS SENTINEL,113251,1998,-1.596037382900941,4
IN,FORT WAYNE NEWS SENTINEL,113251,2000,-1.64082565910931,5
IN,FORT WAYNE NEWS SENTINEL,113251,2002,-1.685613935317679,4
IN,FORT WAYNE NEWS SENTINEL,113251,2004,-1.730402211526048,5
IN,FORT WAYNE NEWS SENTINEL,113251,2006,-1.775190487734416,2
IN,FORT WAYNE NEWS SENTINEL,113251,2008,-1.819978763942785,1
IN,FORT WAYNE NEWS SENTINEL,113251,2012,-1.909555316359523,1
IN,GARY POST TRIBUNE,113500,1952,-.1686760608072763,1
IN,GARY POST TRIBUNE,113500,1956,-.1846043322328393,1
IN,GARY POST TRIBUNE,113500,1960,-.200532603658402,1
IN,GARY POST TRIBUNE,113500,1964,-.2164608750839647,2
IN,GARY POST TRIBUNE,113500,1968,-.2323891465095276,3
IN,GARY POST TRIBUNE,113500,1972,-.2483174179350903,2
IN,GARY POST TRIBUNE,113500,1974,-.2562815536478716,1
IN,GARY POST TRIBUNE,113500,1976,-.2642456893606532,1
IN,GARY POST TRIBUNE,113500,1980,-.2801739607862159,2
IN,GARY POST TRIBUNE,113500,1988,-.3120305036373415,2
IN,GARY POST TRIBUNE,113500,1990,-.3199946393501228,3
IN,GARY POST TRIBUNE,113500,1992,-.3279587750629042,4
IN,GARY POST TRIBUNE,113500,1994,-.3359229107756858,5
IN,GARY POST TRIBUNE,113500,1996,-.3438870464884671,2
IN,GARY POST TRIBUNE,113500,1998,-.3518511822012484,1
IN,GARY POST TRIBUNE,113500,2006,-.3837077250523741,5
IN,MUNSTER TIMES,113600,1952,-1.374695513011467,1
IN,MUNSTER TIMES,113600,1956,-1.343312895040608,1
IN,MUNSTER TIMES,113600,1960,-1.311930277069748,1
IN,MUNSTER TIMES,113600,1968,-1.249165041128029,2
IN,MUNSTER TIMES,113600,1970,-1.233473732142599,2
IN,MUNSTER TIMES,113600,1972,-1.217782423157169,3
IN,MUNSTER TIMES,113600,1980,-1.15501718721545,1
IN,MUNSTER TIMES,113600,2000,-.9981040973611524,1
IN,MUNSTER TIMES,113600,2004,-.9667214793902926,1
IN,MUNSTER TIMES,113600,2006,-.9510301704048629,3
IN,MUNSTER TIMES,113600,2008,-.935338861419433,1
IN,MUNSTER TIMES,113600,2012,-.9039562434485735,1
IN,INDIANAPOLIS STAR,113650,1952,-.7529663527224323,1
IN,INDIANAPOLIS STAR,113650,1956,-.7824303653440612,1
IN,INDIANAPOLIS STAR,113650,1960,-.81189437796569,2
IN,INDIANAPOLIS STAR,113650,1964,-.8413583905873191,2
IN,INDIANAPOLIS STAR,113650,1968,-.870822403208948,3
IN,INDIANAPOLIS STAR,113650,1970,-.8855544095197624,1
IN,INDIANAPOLIS STAR,113650,1972,-.9002864158305768,2
IN,INDIANAPOLIS STAR,113650,1974,-.9150184221413912,3
IN,INDIANAPOLIS STAR,113650,1976,-.9297504284522057,3
IN,INDIANAPOLIS STAR,113650,1980,-.9592144410738347,3
IN,INDIANAPOLIS STAR,113650,1982,-.9739464473846492,1
IN,INDIANAPOLIS STAR,113650,1984,-.9886784536954636,1
IN,INDIANAPOLIS STAR,113650,1986,-1.003410460006278,1
IN,INDIANAPOLIS STAR,113650,1988,-1.018142466317092,3
IN,INDIANAPOLIS STAR,113650,1990,-1.032874472627907,1
IN,INDIANAPOLIS STAR,113650,1992,-1.047606478938721,1
IN,INDIANAPOLIS STAR,113650,1996,-1.07707049156035,1
IN,INDIANAPOLIS STAR,113650,2000,-1.106534504181979,1
IN,INDIANAPOLIS STAR,113650,2004,-1.135998516803608,1
IN,INDIANAPOLIS STAR,113650,2006,-1.150730523114422,9
IN,INDIANAPOLIS STAR,113650,2010,-1.180194535736051,1
IN,INDIANAPOLIS NEWS,113651,1952,-.6245527709297118,1
IN,INDIANAPOLIS NEWS,113651,1956,-.677446220487957,1
IN,INDIANAPOLIS NEWS,113651,1960,-.7303396700462019,3
IN,INDIANAPOLIS NEWS,113651,1964,-.783233119604447,1
IN,INDIANAPOLIS NEWS,113651,1968,-.8361265691626921,3
IN,INDIANAPOLIS NEWS,113651,1970,-.8625732939418146,1
IN,INDIANAPOLIS NEWS,113651,1972,-.8890200187209371,3
IN,INDIANAPOLIS NEWS,113651,1974,-.9154667435000595,3
IN,INDIANAPOLIS NEWS,113651,1976,-.9419134682791822,3
IN,INDIANAPOLIS NEWS,113651,1980,-.9948069178374271,3
IN,INDIANAPOLIS NEWS,113651,1988,-1.100593816953917,2
IN,INDIANAPOLIS NEWS,113651,1996,-1.206380716070407,1
IN,SOUTH BEND TRIBUNE,114450,1964,-1.717912336950727,1
IN,SOUTH BEND TRIBUNE,114450,1972,-1.310545834515267,1
IN,SOUTH BEND TRIBUNE,114450,1976,-1.106862583297537,1
IN,SOUTH BEND TRIBUNE,114450,1980,-.9031793320798074,1
IN,SOUTH BEND TRIBUNE,114450,1994,-.1902879528177526,1
IN,SOUTH BEND TRIBUNE,114450,1996,-.0884463272088877,2
IN,SOUTH BEND TRIBUNE,114450,1998,.0133952983999772,4
IN,SOUTH BEND TRIBUNE,114450,2000,.115236924008842,3
IN,SOUTH BEND TRIBUNE,114450,2002,.2170785496177073,3
IN,SOUTH BEND TRIBUNE,114450,2004,.3189201752265722,3
IN,SOUTH BEND TRIBUNE,114450,2006,.4207618008354371,3
IN,LOUISVILLE COURIER JOURNAL,117400,2006,.958780454733286,1
KS,HAYS DAILY NEWS,116400,1994,2.289774235822637,1
KS,HAYS DAILY NEWS,116400,1996,1.89448358258326,2
KS,HAYS DAILY NEWS,116400,1998,1.499192929343885,2
KS,HAYS DAILY NEWS,116400,2002,.7086116228651318,5
KS,HAYS DAILY NEWS,116400,2004,.3133209696257552,1
KS,HAYS DAILY NEWS,116400,2006,-.0819696836136214,6
KS,HAYS DAILY NEWS,116400,2008,-.477260336852998,1
KS,LAWRENCE JOURNAL WORLD,116650,1978,.8207939588144013,2
KS,LAWRENCE JOURNAL WORLD,116650,1990,-.182025886905973,1
KS,LAWRENCE JOURNAL WORLD,116650,1994,-.5162991688127645,1
KS,LAWRENCE JOURNAL WORLD,116650,1998,-.8505724507195555,1
KS,LAWRENCE JOURNAL WORLD,116650,2002,-1.184845732626348,3
KS,LAWRENCE JOURNAL WORLD,116650,2006,-1.519119014533138,3
KS,LAWRENCE JOURNAL WORLD,116650,2008,-1.686255655486534,1
KS,TOPEKA CAPITAL JOURNAL,116950,1978,-1.37297490688852,2
KS,TOPEKA CAPITAL JOURNAL,116950,1984,-1.328343766450403,1
KS,TOPEKA CAPITAL JOURNAL,116950,1988,-1.298589672824992,1
KS,TOPEKA CAPITAL JOURNAL,116950,1992,-1.26883557919958,1
KS,TOPEKA CAPITAL JOURNAL,116950,1996,-1.239081485574169,1
KS,TOPEKA CAPITAL JOURNAL,116950,2002,-1.194450345136052,4
KS,TOPEKA CAPITAL JOURNAL,116950,2006,-1.164696251510641,3
KS,WICHITA EAGLE BEACON,117000,1980,.3434577272789794,2
KS,WICHITA EAGLE BEACON,117000,1982,.2699355318643196,3
KS,WICHITA EAGLE BEACON,117000,1984,.1964133364496597,2
KS,WICHITA EAGLE BEACON,117000,1986,.1228911410349993,4
KS,WICHITA EAGLE BEACON,117000,1988,.049368945620339,1
KS,WICHITA EAGLE BEACON,117000,1990,-.0241532497943209,6
KS,WICHITA EAGLE BEACON,117000,1992,-.097675445208981,1
KS,WICHITA EAGLE BEACON,117000,1996,-.2447198360383013,1
KS,WICHITA EAGLE BEACON,117000,1998,-.3182420314529614,1
KS,WICHITA EAGLE BEACON,117000,2000,-.3917642268676215,1
KS,WICHITA EAGLE BEACON,117000,2002,-.4652864222822816,3
KS,WICHITA EAGLE BEACON,117000,2004,-.5388086176969418,2
KS,WICHITA EAGLE BEACON,117000,2006,-.6123308131116019,6
KS,WICHITA EAGLE,117001,1952,-.7487701026265544,1
KS,WICHITA EAGLE,117001,1956,-.7130487236100691,1
KS,WICHITA EAGLE,117001,1960,-.677327344593584,1
KS,WICHITA EAGLE,117001,1964,-.6416059655770986,3
KS,WICHITA EAGLE,117001,1968,-.6058845865606135,3
KS,WICHITA EAGLE,117001,1974,-.5523025180358856,7
KS,WICHITA EAGLE,117001,1976,-.5344418285276431,10
KS,WICHITA EAGLE,117001,1978,-.5165811390194003,24
KS,WICHITA BEACON,117002,1960,-.9860878601257888,1
KS,WICHITA BEACON,117002,1964,-.8770393249755297,7
KS,WICHITA BEACON,117002,1974,-.6044179870998824,7
KS,WICHITA BEACON,117002,1976,-.549893719524753,10
KS,WICHITA BEACON,117002,1978,-.4953694519496233,24
KY,LEXINGTON HERALD LEADER,117350,1980,.7717270447954978,6
KY,LEXINGTON HERALD LEADER,117350,1984,.8813798498189686,1
KY,LEXINGTON HERALD LEADER,117350,1988,.991032654842439,1
KY,LEXINGTON HERALD LEADER,117350,1992,1.100685459865909,1
KY,LEXINGTON HERALD LEADER,117350,1996,1.21033826488938,2
KY,LEXINGTON HERALD LEADER,117350,2000,1.319991069912851,1
KY,LEXINGTON HERALD LEADER,117350,2002,1.374817472424586,2
KY,LEXINGTON HERALD LEADER,117350,2004,1.429643874936321,6
KY,LEXINGTON HERALD LEADER,117350,2008,1.539296679959792,1
KY,LEXINGTON HERALD LEADER,117350,2016,1.758602290006732,1
KY,LOUISVILLE COURIER JOURNAL,117400,1952,2.581846143825789,1
KY,LOUISVILLE COURIER JOURNAL,117400,1954,2.521732599785326,1
KY,LOUISVILLE COURIER JOURNAL,117400,1956,2.461619055744863,1
KY,LOUISVILLE COURIER JOURNAL,117400,1960,2.341391967663936,1
KY,LOUISVILLE COURIER JOURNAL,117400,1966,2.161051335542547,3
KY,LOUISVILLE COURIER JOURNAL,117400,1968,2.100937791502084,4
KY,LOUISVILLE COURIER JOURNAL,117400,1970,2.040824247461621,2
KY,LOUISVILLE COURIER JOURNAL,117400,1972,1.980710703421158,7
KY,LOUISVILLE COURIER JOURNAL,117400,1974,1.920597159380695,1
KY,LOUISVILLE COURIER JOURNAL,117400,1976,1.860483615340232,4
KY,LOUISVILLE COURIER JOURNAL,117400,1978,1.800370071299769,1
KY,LOUISVILLE COURIER JOURNAL,117400,1980,1.740256527259306,8
KY,LOUISVILLE COURIER JOURNAL,117400,1982,1.680142983218843,3
KY,LOUISVILLE COURIER JOURNAL,117400,1984,1.62002943917838,2
KY,LOUISVILLE COURIER JOURNAL,117400,1986,1.559915895137917,2
KY,LOUISVILLE COURIER JOURNAL,117400,1988,1.499802351097454,3
KY,LOUISVILLE COURIER JOURNAL,117400,1990,1.43968880705699,2
KY,LOUISVILLE COURIER JOURNAL,117400,1992,1.379575263016527,6
KY,LOUISVILLE COURIER JOURNAL,117400,1996,1.259348174935601,5
KY,LOUISVILLE COURIER JOURNAL,117400,2000,1.139121086854675,1
KY,LOUISVILLE COURIER JOURNAL,117400,2002,1.079007542814212,2
KY,LOUISVILLE COURIER JOURNAL,117400,2004,1.018893998773749,6
KY,LOUISVILLE COURIER JOURNAL,117400,2008,.8986669106928228,1
KY,LOUISVILLE COURIER JOURNAL,117400,2016,.6582127345309707,1
KY,LOUISVILLE TIMES,117401,1952,3.067473075767406,1
KY,LOUISVILLE TIMES,117401,1954,2.958964014133443,1
KY,LOUISVILLE TIMES,117401,1956,2.850454952499478,1
KY,LOUISVILLE TIMES,117401,1960,2.633436829231551,1
KY,LOUISVILLE TIMES,117401,1964,2.416418705963622,1
KY,LOUISVILLE TIMES,117401,1968,2.199400582695695,3
KY,LOUISVILLE TIMES,117401,1972,1.982382459427767,2
KY,LOUISVILLE TIMES,117401,1976,1.76536433615984,1
KY,LOUISVILLE TIMES,117401,1980,1.548346212891912,1
KY,LOUISVILLE TIMES,117401,1982,1.439837151257948,1
KY,LOUISVILLE TIMES,117401,1984,1.331328089623984,1
KY,OWENSBORO MESSENGER INQUIRER,117500,1972,4.037092658063248,1
KY,OWENSBORO MESSENGER INQUIRER,117500,1980,2.724372994945069,1
KY,OWENSBORO MESSENGER INQUIRER,117500,1984,2.06801316338598,1
KY,OWENSBORO MESSENGER INQUIRER,117500,1992,.7552935002678006,5
KY,OWENSBORO MESSENGER INQUIRER,117500,1996,.0989336687087119,4
KY,OWENSBORO MESSENGER INQUIRER,117500,2002,-.885606078629922,3
KY,OWENSBORO MESSENGER INQUIRER,117500,2004,-1.213785994409467,2
LA,NEW ORLEANS TIMES PICAYUNE,118150,1956,-.7767126820004417,1
LA,NEW ORLEANS TIMES PICAYUNE,118150,1960,-.7189887285844805,2
LA,NEW ORLEANS TIMES PICAYUNE,118150,1964,-.6612647751685189,1
LA,NEW ORLEANS TIMES PICAYUNE,118150,1968,-.6035408217525575,1
LA,NEW ORLEANS TIMES PICAYUNE,118150,1976,-.4880929149206346,1
LA,NEW ORLEANS TIMES PICAYUNE,118150,1984,-.3726450080887119,1
LA,NEW ORLEANS TIMES PICAYUNE,118150,1986,-.3437830313807312,1
LA,NEW ORLEANS TIMES PICAYUNE,118150,1988,-.3149210546727504,1
LA,NEW ORLEANS TIMES PICAYUNE,118150,1992,-.2571971012567891,2
LA,NEW ORLEANS TIMES PICAYUNE,118150,1996,-.1994731478408277,1
LA,NEW ORLEANS TIMES PICAYUNE,118150,1998,-.1706111711328469,1
LA,NEW ORLEANS TIMES PICAYUNE,118150,2000,-.1417491944248661,1
LA,NEW ORLEANS TIMES PICAYUNE,118150,2002,-.1128872177168856,1
LA,NEW ORLEANS TIMES PICAYUNE,118150,2008,-.0263012875929435,1
LA,NEW ORLEANS TIMES PICAYUNE,118150,2016,.0891466192389792,1
LA,SHREVEPORT TIMES,118400,1964,-1.78829338783621,1
LA,SHREVEPORT TIMES,118400,1968,-1.4956379763651,1
LA,SHREVEPORT TIMES,118400,1972,-1.202982564893989,1
LA,SHREVEPORT TIMES,118400,1980,-.6176717419517682,1
LA,SHREVEPORT TIMES,118400,1986,-.1786886247451027,1
LA,SHREVEPORT TIMES,118400,1992,.2602944924615628,1
LA,SHREVEPORT TIMES,118400,1996,.5529499039326733,2
LA,SHREVEPORT TIMES,118400,1998,.6992776096682283,1
LA,SHREVEPORT TIMES,118400,2002,.9919330211393388,1
LA,SHREVEPORT TIMES,118400,2008,1.430916138346004,4
LA,SHREVEPORT TIMES,118400,2012,1.723571549817114,1
MA,BOSTON GLOBE,119300,1964,1.807162984933287,1
MA,BOSTON GLOBE,119300,1966,1.770822148511891,2
MA,BOSTON GLOBE,119300,1972,1.661799639247702,1
MA,BOSTON GLOBE,119300,1976,1.589117966404909,1
MA,BOSTON GLOBE,119300,1980,1.516436293562116,1
MA,BOSTON GLOBE,119300,1984,1.443754620719324,1
MA,BOSTON GLOBE,119300,1988,1.371072947876531,1
MA,BOSTON GLOBE,119300,1990,1.334732111455134,7
MA,BOSTON GLOBE,119300,1992,1.298391275033738,3
MA,BOSTON GLOBE,119300,1994,1.262050438612341,13
MA,BOSTON GLOBE,119300,1996,1.225709602190945,8
MA,BOSTON GLOBE,119300,1998,1.189368765769549,10
MA,BOSTON GLOBE,119300,2000,1.153027929348152,3
MA,BOSTON GLOBE,119300,2002,1.116687092926756,3
MA,BOSTON GLOBE,119300,2004,1.08034625650536,2
MA,BOSTON GLOBE,119300,2006,1.044005420083963,6
MA,BOSTON GLOBE,119300,2010,.9713237472411705,1
MA,BOSTON GLOBE,119300,2012,.934982910819774,2
MA,BOSTON GLOBE,119300,2016,.8623012379769811,1
MA,BOSTON GLOBE,119300,2020,.7896195651341886,1
MA,BOSTON HERALD,119400,1952,.4231627417782338,1
MA,BOSTON HERALD,119400,1956,.3251720776925526,1
MA,BOSTON HERALD,119400,1960,.227181413606871,1
MA,BOSTON HERALD,119400,1964,.1291907495211894,1
MA,BOSTON HERALD,119400,1966,.0801954174783485,1
MA,BOSTON HERALD,119400,1968,.0312000854355077,1
MA,BOSTON HERALD,119400,1972,-.0667905786501735,1
MA,BOSTON HERALD,119400,1976,-.1647812427358551,1
MA,BOSTON HERALD,119400,1980,-.2627719068215368,1
MA,BOSTON HERALD,119400,1984,-.360762570907218,1
MA,BOSTON HERALD,119400,1988,-.4587532349928996,1
MA,BOSTON HERALD,119400,1992,-.556743899078581,1
MA,BOSTON HERALD,119400,1994,-.6057392311214219,10
MA,BOSTON HERALD,119400,1996,-.6547345631642627,6
MA,BOSTON HERALD,119400,1998,-.7037298952071033,7
MA,BOSTON HERALD,119400,2000,-.7527252272499441,1
MA,BOSTON HERALD,119400,2002,-.801720559292785,3
MA,BOSTON HERALD,119400,2004,-.8507158913356258,1
MA,BOSTON HERALD,119400,2006,-.8997112233784663,3
MA,BOSTON HERALD,119400,2008,-.9487065554213072,1
MA,BOSTON HERALD,119400,2020,-1.242678547678352,1
MA,QUINCY PATRIOT LEDGER,120650,1998,.4654839508618576,5
MA,QUINCY PATRIOT LEDGER,120650,2002,.8541034494523182,4
MA,QUINCY PATRIOT LEDGER,120650,2004,1.048413198747549,2
MA,QUINCY PATRIOT LEDGER,120650,2006,1.242722948042779,5
MA,SPRINGFIELD REPUBLICAN UNION NEWS,120730,1988,2.630279047548532,1
MA,SPRINGFIELD REPUBLICAN UNION NEWS,120730,1996,1.763109950512765,4
MA,SPRINGFIELD REPUBLICAN UNION NEWS,120730,1998,1.546317676253824,6
MA,SPRINGFIELD REPUBLICAN UNION NEWS,120730,2000,1.329525401994882,1
MA,SPRINGFIELD REPUBLICAN UNION NEWS,120730,2004,.8959408534769995,1
MA,SPRINGFIELD REPUBLICAN UNION NEWS,120730,2006,.6791485792180573,2
MA,SPRINGFIELD REPUBLICAN UNION NEWS,120730,2008,.4623563049591158,1
MA,SPRINGFIELD REPUBLICAN UNION NEWS,120730,2012,.0287717564412331,1
MA,WORCESTER TELEGRAM AND GAZETTE,120850,1990,-.660612766292874,7
MA,WORCESTER TELEGRAM AND GAZETTE,120850,1992,-.5119825304051284,1
MA,WORCESTER TELEGRAM AND GAZETTE,120850,1994,-.3633522945173828,9
MA,WORCESTER TELEGRAM AND GAZETTE,120850,1996,-.2147220586296373,3
MA,WORCESTER TELEGRAM AND GAZETTE,120850,1998,-.0660918227418912,8
MA,WORCESTER TELEGRAM AND GAZETTE,120850,2000,.0825384131458544,3
MA,WORCESTER TELEGRAM AND GAZETTE,120850,2002,.2311686490336,4
MA,WORCESTER TELEGRAM AND GAZETTE,120850,2004,.3797988849213456,2
MA,WORCESTER TELEGRAM AND GAZETTE,120850,2006,.5284291208090911,2
MA,WORCESTER TELEGRAM AND GAZETTE,120850,2008,.6770593566968367,1
MD,BEL AIR AEGIS,91,2000,-.3535637840678545,3
MD,BEL AIR AEGIS,91,2002,-.4004780004361008,8
MD,BEL AIR AEGIS,91,2004,-.4473922168043474,5
MD,BEL AIR AEGIS,91,2006,-.4943064331725937,11
MD,BEL AIR AEGIS,91,2008,-.54122064954084,2
MD,BEL AIR AEGIS,91,2010,-.5881348659090864,5
MD,BEL AIR AEGIS,91,2012,-.6350490822773329,1
MD,BEL AIR AEGIS,91,2014,-.6819632986455793,5
MD,BEL AIR AEGIS,91,2016,-.7288775150138256,1
MD,BEL AIR AEGIS,91,2018,-.7757917313820721,6
MD,SALISBURY DAILY TIMES,908,1984,3.618070531783498,1
MD,SALISBURY DAILY TIMES,908,2000,1.970944503975934,2
MD,SALISBURY DAILY TIMES,908,2002,1.765053750499989,3
MD,SALISBURY DAILY TIMES,908,2004,1.559162997024043,2
MD,SALISBURY DAILY TIMES,908,2006,1.353272243548098,2
MD,SALISBURY DAILY TIMES,908,2008,1.147381490072152,2
MD,SALISBURY DAILY TIMES,908,2010,.9414907365962066,3
MD,SALISBURY DAILY TIMES,908,2012,.7355999831202614,2
MD,SALISBURY DAILY TIMES,908,2014,.5297092296443161,5
MD,BALTIMORE SUN,118800,1952,-.3348606051081908,1
MD,BALTIMORE SUN,118800,1956,-.2420025254885054,1
MD,BALTIMORE SUN,118800,1960,-.14914444586882,1
MD,BALTIMORE SUN,118800,1964,-.0562863662491347,1
MD,BALTIMORE SUN,118800,1968,.036571713370551,1
MD,BALTIMORE SUN,118800,1970,.0830007531803935,10
MD,BALTIMORE SUN,118800,1972,.1294297929902366,3
MD,BALTIMORE SUN,118800,1974,.1758588328000792,4
MD,BALTIMORE SUN,118800,1976,.2222878726099217,7
MD,BALTIMORE SUN,118800,1978,.2687169124197648,5
MD,BALTIMORE SUN,118800,1980,.3151459522296073,1
MD,BALTIMORE SUN,118800,1984,.408004031849293,6
MD,BALTIMORE SUN,118800,1986,.4544330716591355,6
MD,BALTIMORE SUN,118800,1988,.5008621114689781,5
MD,BALTIMORE SUN,118800,1990,.5472911512788211,1
MD,BALTIMORE SUN,118800,1992,.5937201910886637,7
MD,BALTIMORE SUN,118800,1994,.6401492308985063,12
MD,BALTIMORE SUN,118800,1996,.6865782707083493,8
MD,BALTIMORE SUN,118800,1998,.7330073105181919,10
MD,BALTIMORE SUN,118800,2000,.7794363503280345,6
MD,BALTIMORE SUN,118800,2002,.8258653901378775,16
MD,BALTIMORE SUN,118800,2004,.8722944299477201,9
MD,BALTIMORE SUN,118800,2006,.9187234697575627,17
MD,BALTIMORE SUN,118800,2008,.9651525095674057,2
MD,BALTIMORE SUN,118800,2010,1.011581549377248,3
MD,BALTIMORE SUN,118800,2012,1.058010589187091,2
MD,BALTIMORE SUN,118800,2014,1.104439628996934,2
MD,BALTIMORE SUN,118800,2016,1.150868668806776,2
MD,BALTIMORE SUN,118800,2018,1.197297708616619,2
MD,BALTIMORE SUN,118800,2020,1.243726748426462,1
ME,BANGOR DAILY NEWS,118550,1984,-1.623018727842191,1
ME,BANGOR DAILY NEWS,118550,1994,-.1708864315705936,4
ME,BANGOR DAILY NEWS,118550,1996,.1195400276837257,3
ME,BANGOR DAILY NEWS,118550,1998,.409966486938045,3
ME,BANGOR DAILY NEWS,118550,2002,.9908194054466837,3
ME,BANGOR DAILY NEWS,118550,2004,1.281245864701003,2
ME,BANGOR DAILY NEWS,118550,2008,1.862098783209643,1
ME,PORTLAND PRESS HERALD,118650,1984,-.4906134253487839,1
ME,PORTLAND PRESS HERALD,118650,1994,.4880736023256498,4
ME,PORTLAND PRESS HERALD,118650,1996,.6838110078605372,3
ME,PORTLAND PRESS HERALD,118650,1998,.8795484133954236,3
ME,PORTLAND PRESS HERALD,118650,2002,1.271023224465197,3
ME,PORTLAND PRESS HERALD,118650,2004,1.466760630000084,2
ME,PORTLAND PRESS HERALD,118650,2008,1.858235441069858,1
MI,HURON DAILY TRIBUNE,121100,1994,-.5085898774226522,1
MI,HURON DAILY TRIBUNE,121100,1996,-.3699634723321928,1
MI,HURON DAILY TRIBUNE,121100,1998,-.2313370672417334,1
MI,HURON DAILY TRIBUNE,121100,2000,-.0927106621512741,1
MI,HURON DAILY TRIBUNE,121100,2002,.0459157429391853,3
MI,HURON DAILY TRIBUNE,121100,2004,.1845421480296442,1
MI,HURON DAILY TRIBUNE,121100,2006,.3231685531201036,4
MI,BATTLE CREEK ENQUIRER AND NEWS,121150,1976,-.3276393240882697,1
MI,BATTLE CREEK ENQUIRER AND NEWS,121150,1986,.1897731235317971,7
MI,BATTLE CREEK ENQUIRER AND NEWS,121150,1988,.2932556130558103,4
MI,BATTLE CREEK ENQUIRER AND NEWS,121150,2004,1.121115529247916,1
MI,BATTLE CREEK ENQUIRER AND NEWS,121150,2006,1.22459801877193,4
MI,BATTLE CREEK ENQUIRER AND NEWS,121150,2008,1.328080508295943,1
MI,DETROIT FREE PRESS,121300,1952,-.544223442200687,1
MI,DETROIT FREE PRESS,121300,1956,-.4397143186856726,1
MI,DETROIT FREE PRESS,121300,1958,-.3874597569281655,2
MI,DETROIT FREE PRESS,121300,1960,-.3352051951706583,10
MI,DETROIT FREE PRESS,121300,1962,-.2829506334131511,12
MI,DETROIT FREE PRESS,121300,1964,-.2306960716556439,10
MI,DETROIT FREE PRESS,121300,1968,-.1261869481406296,11
MI,DETROIT FREE PRESS,121300,1970,-.0739323863831224,8
MI,DETROIT FREE PRESS,121300,1974,.0305767371318924,18
MI,DETROIT FREE PRESS,121300,1976,.0828312988893996,1
MI,DETROIT FREE PRESS,121300,1978,.1350858606469068,6
MI,DETROIT FREE PRESS,121300,1980,.187340422404414,11
MI,DETROIT FREE PRESS,121300,1984,.2918495459194283,7
MI,DETROIT FREE PRESS,121300,1988,.3963586694344427,5
MI,DETROIT FREE PRESS,121300,1990,.4486132311919498,10
MI,DETROIT FREE PRESS,121300,1992,.500867792949457,10
MI,DETROIT FREE PRESS,121300,1994,.5531223547069642,20
MI,DETROIT FREE PRESS,121300,1996,.6053769164644714,7
MI,DETROIT FREE PRESS,121300,1998,.6576314782219785,15
MI,DETROIT FREE PRESS,121300,2000,.7098860399794857,20
MI,DETROIT FREE PRESS,121300,2002,.7621406017369929,17
MI,DETROIT FREE PRESS,121300,2004,.8143951634945001,35
MI,DETROIT FREE PRESS,121300,2006,.8666497252520073,4
MI,DETROIT FREE PRESS,121300,2008,.9189042870095145,49
MI,DETROIT FREE PRESS,121300,2010,.9711588487670216,1
MI,DETROIT FREE PRESS,121300,2012,1.023413410524529,1
MI,DETROIT FREE PRESS,121300,2014,1.075667972282036,19
MI,DETROIT FREE PRESS,121300,2016,1.127922534039543,9
MI,DETROIT FREE PRESS,121300,2018,1.18017709579705,13
MI,DETROIT FREE PRESS,121300,2020,1.232431657554558,41
MI,DETROIT NEWS,121350,1952,-.1943006769302546,1
MI,DETROIT NEWS,121350,1956,-.2231658665682217,1
MI,DETROIT NEWS,121350,1958,-.2375984613872052,2
MI,DETROIT NEWS,121350,1960,-.2520310562061889,10
MI,DETROIT NEWS,121350,1962,-.2664636510251723,14
MI,DETROIT NEWS,121350,1966,-.2953288406631395,1
MI,DETROIT NEWS,121350,1968,-.3097614354821229,6
MI,DETROIT NEWS,121350,1970,-.3241940303011066,3
MI,DETROIT NEWS,121350,1972,-.3386266251200901,2
MI,DETROIT NEWS,121350,1974,-.3530592199390737,11
MI,DETROIT NEWS,121350,1976,-.3674918147580572,5
MI,DETROIT NEWS,121350,1978,-.3819244095770407,2
MI,DETROIT NEWS,121350,1980,-.3963570043960243,12
MI,DETROIT NEWS,121350,1984,-.4252221940339913,6
MI,DETROIT NEWS,121350,1986,-.4396547888529749,7
MI,DETROIT NEWS,121350,1988,-.4540873836719584,3
MI,DETROIT NEWS,121350,1990,-.4685199784909418,8
MI,DETROIT NEWS,121350,1992,-.4829525733099255,7
MI,DETROIT NEWS,121350,1994,-.497385168128909,20
MI,DETROIT NEWS,121350,1996,-.5118177629478924,9
MI,DETROIT NEWS,121350,1998,-.5262503577668761,9
MI,DETROIT NEWS,121350,2000,-.5406829525858597,17
MI,DETROIT NEWS,121350,2002,-.5551155474048433,11
MI,DETROIT NEWS,121350,2004,-.5695481422238267,48
MI,DETROIT NEWS,121350,2006,-.5839807370428104,15
MI,DETROIT NEWS,121350,2008,-.5984133318617938,1
MI,DETROIT NEWS,121350,2014,-.6417111163187444,17
MI,DETROIT NEWS,121350,2016,-.6561437111377278,86
MI,DETROIT NEWS,121350,2018,-.6705763059567116,119
MI,DETROIT NEWS,121350,2020,-.685008900775695,41
MI,FLINT JOURNAL,121450,1952,-.5317052497274124,1
MI,FLINT JOURNAL,121450,1956,-.4213063941047805,1
MI,FLINT JOURNAL,121450,1960,-.3109075384821485,1
MI,FLINT JOURNAL,121450,1970,-.0349103994255688,1
MI,FLINT JOURNAL,121450,1980,.2410867396310108,1
MI,FLINT JOURNAL,121450,1988,.4618844508762747,1
MI,FLINT JOURNAL,121450,1996,.6826821621215385,4
MI,FLINT JOURNAL,121450,1998,.7378815899328545,1
MI,FLINT JOURNAL,121450,2000,.7930810177441703,1
MI,FLINT JOURNAL,121450,2004,.903479873366802,2
MI,FLINT JOURNAL,121450,2006,.9586793011781178,5
MI,FLINT JOURNAL,121450,2008,1.013878728989434,1
MI,GRAND RAPIDS PRESS,121550,1952,.6977760496398994,1
MI,GRAND RAPIDS PRESS,121550,1962,.4805361741775177,1
MI,GRAND RAPIDS PRESS,121550,1970,.306744273807613,1
MI,GRAND RAPIDS PRESS,121550,1974,.2198483236226603,1
MI,GRAND RAPIDS PRESS,121550,1976,.1764003485301841,1
MI,GRAND RAPIDS PRESS,121550,1978,.1329523734377075,2
MI,GRAND RAPIDS PRESS,121550,1980,.0895043983452314,1
MI,GRAND RAPIDS PRESS,121550,1984,.0026084481602791,1
MI,GRAND RAPIDS PRESS,121550,1988,-.0842875020246737,1
MI,GRAND RAPIDS PRESS,121550,1990,-.1277354771171499,5
MI,GRAND RAPIDS PRESS,121550,1992,-.171183452209626,7
MI,GRAND RAPIDS PRESS,121550,1996,-.2580794023945788,4
MI,GRAND RAPIDS PRESS,121550,1998,-.3015273774870549,2
MI,GRAND RAPIDS PRESS,121550,2000,-.3449753525795311,9
MI,GRAND RAPIDS PRESS,121550,2002,-.3884233276720075,7
MI,GRAND RAPIDS PRESS,121550,2004,-.4318713027644839,5
MI,GRAND RAPIDS PRESS,121550,2006,-.47531927785696,6
MI,GRAND RAPIDS PRESS,121550,2008,-.5187672529494362,1
MI,GRAND RAPIDS PRESS,121550,2016,-.6925591533193413,1
MI,KALAMAZOO GAZETTE,121950,1970,.5967385517082537,1
MI,KALAMAZOO GAZETTE,121950,1978,.4630987825684076,1
MI,KALAMAZOO GAZETTE,121950,1996,.1624093020037545,5
MI,KALAMAZOO GAZETTE,121950,1998,.1289993597187926,5
MI,KALAMAZOO GAZETTE,121950,2000,.0955894174338312,8
MI,KALAMAZOO GAZETTE,121950,2002,.0621794751488698,9
MI,KALAMAZOO GAZETTE,121950,2004,.0287695328639084,3
MI,KALAMAZOO GAZETTE,121950,2006,-.004640409421053,5
MI,LANSING STATE JOURNAL,122000,1952,-1.369119140920097,1
MI,LANSING STATE JOURNAL,122000,1956,-1.196548692431442,1
MI,LANSING STATE JOURNAL,122000,1960,-1.023978243942788,1
MI,LANSING STATE JOURNAL,122000,1962,-.9376930196984602,1
MI,LANSING STATE JOURNAL,122000,1964,-.8514077954541328,1
MI,LANSING STATE JOURNAL,122000,1966,-.7651225712098054,1
MI,LANSING STATE JOURNAL,122000,1970,-.5925521227211507,6
MI,LANSING STATE JOURNAL,122000,1972,-.5062668984768233,4
MI,LANSING STATE JOURNAL,122000,1974,-.4199816742324959,4
MI,LANSING STATE JOURNAL,122000,1976,-.3336964499881685,5
MI,LANSING STATE JOURNAL,122000,1978,-.2474112257438411,1
MI,LANSING STATE JOURNAL,122000,1984,.011444446989141,1
MI,LANSING STATE JOURNAL,122000,1996,.5291557924551052,5
MI,LANSING STATE JOURNAL,122000,1998,.6154410166994326,9
MI,LANSING STATE JOURNAL,122000,2000,.70172624094376,10
MI,LANSING STATE JOURNAL,122000,2004,.8742966894324148,3
MI,LANSING STATE JOURNAL,122000,2006,.9605819136767422,3
MI,LANSING STATE JOURNAL,122000,2008,1.046867137921069,1
MI,MUSKEGON CHRONICLE,122400,1970,-.2290811354831732,1
MI,MUSKEGON CHRONICLE,122400,1994,.599183721670638,2
MI,MUSKEGON CHRONICLE,122400,1996,.6682057931001218,2
MI,MUSKEGON CHRONICLE,122400,1998,.7372278645296062,2
MI,MUSKEGON CHRONICLE,122400,2000,.8062499359590904,2
MI,MUSKEGON CHRONICLE,122400,2002,.8752720073885747,3
MI,MUSKEGON CHRONICLE,122400,2004,.9442940788180589,2
MI,MUSKEGON CHRONICLE,122400,2006,1.013316150247543,3
MI,MUSKEGON CHRONICLE,122400,2008,1.082338221677027,1
MI,MUSKEGON CHRONICLE,122400,2012,1.220382364535996,1
MI,PONTIAC OAKLAND PRESS,122500,2004,-.9675748469169223,4
MI,PONTIAC OAKLAND PRESS,122500,2006,-.9377491285509286,8
MI,SAGINAW NEWS,122650,1970,-.0371859663489153,1
MI,SAGINAW NEWS,122650,1978,.0207149900423544,2
MI,SAGINAW NEWS,122650,1996,.1509921419227109,8
MI,SAGINAW NEWS,122650,1998,.1654673810205286,8
MI,SAGINAW NEWS,122650,2000,.1799426201183458,12
MI,SAGINAW NEWS,122650,2004,.2088930983139806,2
MI,SAGINAW NEWS,122650,2006,.2233683374117982,2
MI,SAGINAW NEWS,122650,2008,.2378435765096154,1
MI,TRAVERSE CITY RECORD EAGLE,122850,1978,-.4630037962677861,1
MI,TRAVERSE CITY RECORD EAGLE,122850,2002,.7587459919124353,5
MI,TRAVERSE CITY RECORD EAGLE,122850,2004,.8605584742607869,1
MI,TRAVERSE CITY RECORD EAGLE,122850,2006,.9623709566091389,5
MI,TRAVERSE CITY RECORD EAGLE,122850,2008,1.06418343895749,1
MN,DULUTH NEWS TRIBUNE,123100,1952,.2248078126198687,1
MN,DULUTH NEWS TRIBUNE,123100,1972,.3026897994809075,1
MN,DULUTH NEWS TRIBUNE,123100,2000,.411724581086362,1
MN,DULUTH NEWS TRIBUNE,123100,2002,.4195127797724657,3
MN,DULUTH NEWS TRIBUNE,123100,2004,.4273009784585698,2
MN,DULUTH NEWS TRIBUNE,123100,2006,.4350891771446735,3
MN,DULUTH NEWS TRIBUNE,123100,2008,.4428773758307772,1
MN,DULUTH NEWS TRIBUNE,123100,2012,.4584537732029851,1
MN,MINNEAPOLIS STAR TRIBUNE,123400,1984,1.007028918870301,1
MN,MINNEAPOLIS STAR TRIBUNE,123400,1988,1.162989850553829,1
MN,MINNEAPOLIS STAR TRIBUNE,123400,1990,1.240970316395593,13
MN,MINNEAPOLIS STAR TRIBUNE,123400,1992,1.318950782237357,8
MN,MINNEAPOLIS STAR TRIBUNE,123400,1994,1.396931248079121,14
MN,MINNEAPOLIS STAR TRIBUNE,123400,1996,1.474911713920885,10
MN,MINNEAPOLIS STAR TRIBUNE,123400,1998,1.552892179762649,5
MN,MINNEAPOLIS STAR TRIBUNE,123400,2000,1.630872645604413,7
MN,MINNEAPOLIS STAR TRIBUNE,123400,2002,1.708853111446177,8
MN,MINNEAPOLIS STAR TRIBUNE,123400,2004,1.786833577287941,6
MN,MINNEAPOLIS STAR TRIBUNE,123400,2006,1.864814043129705,6
MN,MINNEAPOLIS STAR,123401,1952,-.9709086235605678,1
MN,MINNEAPOLIS STAR,123401,1956,-.4066700968234361,1
MN,MINNEAPOLIS STAR,123401,1960,.1575684299136956,1
MN,MINNEAPOLIS STAR,123401,1962,.4396876932822611,7
MN,MINNEAPOLIS STAR,123401,1964,.7218069566508271,9
MN,MINNEAPOLIS STAR,123401,1966,1.003926220019393,4
MN,MINNEAPOLIS STAR,123401,1968,1.286045483387959,9
MN,MINNEAPOLIS STAR,123401,1970,1.568164746756524,4
MN,MINNEAPOLIS STAR,123401,1972,1.850284010125091,9
MN,MINNEAPOLIS STAR,123401,1976,2.414522536862222,28
MN,MINNEAPOLIS STAR,123401,1978,2.696641800230788,15
MN,MINNEAPOLIS STAR,123401,1980,2.978761063599353,11
MN,MINNEAPOLIS TRIBUNE,123402,1952,-.8144349317783309,1
MN,MINNEAPOLIS TRIBUNE,123402,1956,-.2736176240125095,1
MN,MINNEAPOLIS TRIBUNE,123402,1960,.2671996837533117,1
MN,MINNEAPOLIS TRIBUNE,123402,1962,.5376083376362225,7
MN,MINNEAPOLIS TRIBUNE,123402,1964,.8080169915191333,9
MN,MINNEAPOLIS TRIBUNE,123402,1966,1.078425645402044,4
MN,MINNEAPOLIS TRIBUNE,123402,1968,1.348834299284954,9
MN,MINNEAPOLIS TRIBUNE,123402,1970,1.619242953167865,4
MN,MINNEAPOLIS TRIBUNE,123402,1972,1.889651607050776,9
MN,MINNEAPOLIS TRIBUNE,123402,1976,2.430468914816597,8
MN,MINNEAPOLIS TRIBUNE,123402,1978,2.700877568699508,13
MN,MINNEAPOLIS TRIBUNE,123402,1980,2.971286222582418,7
MN,MINNEAPOLIS TRIBUNE,123402,1984,3.51210353034824,1
MN,ST CLOUD TIMES,123550,2000,.8010667528289112,2
MN,ST CLOUD TIMES,123550,2002,.7626584362065834,2
MN,ST CLOUD TIMES,123550,2004,.7242501195842561,2
MN,ST CLOUD TIMES,123550,2006,.6858418029619289,3
MN,ST CLOUD TIMES,123550,2008,.6474334863396011,1
MN,ST PAUL PIONEER PRESS,123600,1952,.6363559546302701,1
MN,ST PAUL PIONEER PRESS,123600,1956,.6690271461262979,1
MN,ST PAUL PIONEER PRESS,123600,1960,.7016983376223258,1
MN,ST PAUL PIONEER PRESS,123600,1964,.7343695291183536,1
MN,ST PAUL PIONEER PRESS,123600,1968,.767040720614382,1
MN,ST PAUL PIONEER PRESS,123600,1972,.7997119121104098,1
MN,ST PAUL PIONEER PRESS,123600,1984,.8977254865984938,1
MN,ST PAUL PIONEER PRESS,123600,1990,.9467322738425359,13
MN,ST PAUL PIONEER PRESS,123600,1992,.9630678695905496,8
MN,ST PAUL PIONEER PRESS,123600,1994,.9794034653385637,14
MN,ST PAUL PIONEER PRESS,123600,1996,.9957390610865775,10
MN,ST PAUL PIONEER PRESS,123600,1998,1.012074656834592,5
MN,ST PAUL PIONEER PRESS,123600,2000,1.028410252582606,5
MN,ST PAUL PIONEER PRESS,123600,2002,1.04474584833062,8
MN,ST PAUL PIONEER PRESS,123600,2004,1.061081444078634,5
MN,ST PAUL PIONEER PRESS,123600,2006,1.077417039826648,5
MO,COLUMBIA DAILY TRIBUNE,124500,1994,-.5396168732895892,2
MO,COLUMBIA DAILY TRIBUNE,124500,1996,-.3009340651233846,6
MO,COLUMBIA DAILY TRIBUNE,124500,1998,-.0622512569571799,3
MO,COLUMBIA DAILY TRIBUNE,124500,2000,.1764315512090239,6
MO,COLUMBIA DAILY TRIBUNE,124500,2002,.4151143593752286,3
MO,COLUMBIA DAILY TRIBUNE,124500,2004,.6537971675414332,8
MO,COLUMBIA DAILY TRIBUNE,124500,2006,.892479975707637,3
MO,COLUMBIA DAILY TRIBUNE,124500,2008,1.131162783873842,1
MO,KANSAS CITY STAR,124750,1952,-.5551394641833007,1
MO,KANSAS CITY STAR,124750,1956,-.4194890428096619,1
MO,KANSAS CITY STAR,124750,1960,-.283838621436023,1
MO,KANSAS CITY STAR,124750,1962,-.2160134107492037,1
MO,KANSAS CITY STAR,124750,1964,-.1481882000623841,8
MO,KANSAS CITY STAR,124750,1972,.1231126426848936,13
MO,KANSAS CITY STAR,124750,1976,.2587630640585327,4
MO,KANSAS CITY STAR,124750,1978,.3265882747453517,8
MO,KANSAS CITY STAR,124750,1980,.3944134854321713,25
MO,KANSAS CITY STAR,124750,1982,.4622386961189909,17
MO,KANSAS CITY STAR,124750,1984,.5300639068058104,21
MO,KANSAS CITY STAR,124750,1986,.59788911749263,27
MO,KANSAS CITY STAR,124750,1988,.6657143281794495,18
MO,KANSAS CITY STAR,124750,1990,.7335395388662685,7
MO,KANSAS CITY STAR,124750,1992,.8013647495530881,7
MO,KANSAS CITY STAR,124750,1994,.8691899602399072,2
MO,KANSAS CITY STAR,124750,1996,.9370151709267268,6
MO,KANSAS CITY STAR,124750,1998,1.004840381613546,2
MO,KANSAS CITY STAR,124750,2000,1.072665592300366,7
MO,KANSAS CITY STAR,124750,2002,1.140490802987185,2
MO,KANSAS CITY STAR,124750,2004,1.208316013674005,7
MO,KANSAS CITY STAR,124750,2006,1.276141224360825,2
MO,KANSAS CITY STAR,124750,2008,1.343966435047644,1
MO,KANSAS CITY STAR,124750,2016,1.615267277794921,1
MO,KANSAS CITY TIMES,124751,1960,-.1311068956330422,2
MO,KANSAS CITY TIMES,124751,1964,-.0083222686701063,2
MO,KANSAS CITY TIMES,124751,1968,.1144623582928297,3
MO,KANSAS CITY TIMES,124751,1972,.2372469852557661,8
MO,KANSAS CITY TIMES,124751,1974,.2986392987372338,1
MO,KANSAS CITY TIMES,124751,1976,.360031612218702,4
MO,KANSAS CITY TIMES,124751,1978,.4214239257001702,5
MO,KANSAS CITY TIMES,124751,1980,.482816239181638,25
MO,KANSAS CITY TIMES,124751,1982,.5442085526631062,14
MO,KANSAS CITY TIMES,124751,1984,.6056008661445743,21
MO,KANSAS CITY TIMES,124751,1986,.6669931796260421,27
MO,KANSAS CITY TIMES,124751,1988,.7283854931075103,18
MO,ST LOUIS POST DISPATCH,125150,1952,1.795683919580935,3
MO,ST LOUIS POST DISPATCH,125150,1956,1.762880627735784,1
MO,ST LOUIS POST DISPATCH,125150,1960,1.730077335890632,2
MO,ST LOUIS POST DISPATCH,125150,1962,1.713675689968057,1
MO,ST LOUIS POST DISPATCH,125150,1964,1.697274044045481,4
MO,ST LOUIS POST DISPATCH,125150,1968,1.664470752200329,1
MO,ST LOUIS POST DISPATCH,125150,1972,1.631667460355178,7
MO,ST LOUIS POST DISPATCH,125150,1974,1.615265814432602,1
MO,ST LOUIS POST DISPATCH,125150,1976,1.598864168510026,4
MO,ST LOUIS POST DISPATCH,125150,1978,1.58246252258745,1
MO,ST LOUIS POST DISPATCH,125150,1980,1.566060876664874,6
MO,ST LOUIS POST DISPATCH,125150,1982,1.549659230742298,2
MO,ST LOUIS POST DISPATCH,125150,1984,1.533257584819723,6
MO,ST LOUIS POST DISPATCH,125150,1986,1.516855938897147,1
MO,ST LOUIS POST DISPATCH,125150,1988,1.500454292974571,7
MO,ST LOUIS POST DISPATCH,125150,1990,1.484052647051996,1
MO,ST LOUIS POST DISPATCH,125150,1992,1.46765100112942,7
MO,ST LOUIS POST DISPATCH,125150,1994,1.451249355206844,3
MO,ST LOUIS POST DISPATCH,125150,1996,1.434847709284268,7
MO,ST LOUIS POST DISPATCH,125150,1998,1.418446063361692,3
MO,ST LOUIS POST DISPATCH,125150,2000,1.402044417439117,8
MO,ST LOUIS POST DISPATCH,125150,2002,1.385642771516541,3
MO,ST LOUIS POST DISPATCH,125150,2004,1.369241125593965,8
MO,ST LOUIS POST DISPATCH,125150,2006,1.35283947967139,2
MO,ST LOUIS POST DISPATCH,125150,2008,1.336437833748814,1
MO,ST LOUIS POST DISPATCH,125150,2010,1.320036187826238,4
MO,ST LOUIS POST DISPATCH,125150,2016,1.270831250058511,1
MO,ST LOUIS POST DISPATCH,125150,2020,1.238027958213359,1
MO,ST LOUIS GLOBE DEMOCRAT,125151,1952,.3623291154954095,1
MO,ST LOUIS GLOBE DEMOCRAT,125151,1956,.2505698021343383,1
MO,ST LOUIS GLOBE DEMOCRAT,125151,1960,.1388104887732671,1
MO,ST LOUIS GLOBE DEMOCRAT,125151,1964,.0270511754121959,1
MO,ST LOUIS GLOBE DEMOCRAT,125151,1968,-.0847081379488753,1
MO,ST LOUIS GLOBE DEMOCRAT,125151,1972,-.1964674513099465,2
MO,ST LOUIS GLOBE DEMOCRAT,125151,1976,-.3082267646710179,1
MO,ST LOUIS GLOBE DEMOCRAT,125151,1980,-.4199860780320891,1
MO,ST LOUIS GLOBE DEMOCRAT,125151,1984,-.5317453913931603,1
MO,SPRINGFIELD NEWS LEADER,125300,2000,.0173981855129941,4
MO,SPRINGFIELD NEWS LEADER,125300,2002,-.2296558108622553,2
MO,SPRINGFIELD NEWS LEADER,125300,2004,-.4767098072375047,6
MO,SPRINGFIELD NEWS LEADER,125300,2006,-.7237638036127542,2
MS,JACKSON CLARION LEDGER,124002,1952,1.188064834903281,1
MS,JACKSON CLARION LEDGER,124002,1956,1.048280892931541,1
MS,JACKSON CLARION LEDGER,124002,1964,.7687130089880627,1
MS,JACKSON CLARION LEDGER,124002,1976,.3493611830728443,1
MS,JACKSON CLARION LEDGER,124002,1980,.2095772411011051,1
MS,JACKSON CLARION LEDGER,124002,1984,.0697932991293654,1
MS,JACKSON CLARION LEDGER,124002,1988,-.0699906428423738,1
MS,JACKSON CLARION LEDGER,124002,1992,-.2097745848141134,1
MS,JACKSON CLARION LEDGER,124002,1996,-.3495585267858526,1
MS,JACKSON CLARION LEDGER,124002,2000,-.4893424687575922,1
MS,JACKSON CLARION LEDGER,124002,2004,-.6291264107293314,1
MS,JACKSON CLARION LEDGER,124002,2008,-.768910352701071,1
MT,BILLINGS GAZETTE,125350,1968,-2.42486409209305,1
MT,BILLINGS GAZETTE,125350,1988,-1.140380431098205,1
MT,BILLINGS GAZETTE,125350,1992,-.8834836988992365,1
MT,BILLINGS GAZETTE,125350,1994,-.7550353327997522,1
MT,BILLINGS GAZETTE,125350,1996,-.6265869667002675,1
MT,BILLINGS GAZETTE,125350,2000,-.3696902345012986,8
MT,BILLINGS GAZETTE,125350,2002,-.2412418684018139,1
MT,BILLINGS GAZETTE,125350,2004,-.1127935023023296,5
MT,BILLINGS GAZETTE,125350,2006,.0156548637971551,2
MT,BILLINGS GAZETTE,125350,2008,.1441032298966393,1
MT,BILLINGS GAZETTE,125350,2016,.6578966942945776,1
MT,GREAT FALLS TRIBUNE,125500,1984,-.3494424378386392,1
MT,GREAT FALLS TRIBUNE,125500,1994,.1586395558557471,1
MT,GREAT FALLS TRIBUNE,125500,2000,.4634887520723784,5
MT,GREAT FALLS TRIBUNE,125500,2002,.565105150811256,1
MT,GREAT FALLS TRIBUNE,125500,2004,.6667215495501332,4
MT,GREAT FALLS TRIBUNE,125500,2006,.7683379482890103,2
NC,CHARLOTTE OBSERVER,132300,1952,.5470126508832707,1
NC,CHARLOTTE OBSERVER,132300,1960,.6978173741407586,2
NC,CHARLOTTE OBSERVER,132300,1962,.7355185549551309,1
NC,CHARLOTTE OBSERVER,132300,1964,.7732197357695028,5
NC,CHARLOTTE OBSERVER,132300,1966,.8109209165838747,2
NC,CHARLOTTE OBSERVER,132300,1968,.8486220973982469,10
NC,CHARLOTTE OBSERVER,132300,1972,.9240244590269906,13
NC,CHARLOTTE OBSERVER,132300,1974,.9617256398413629,3
NC,CHARLOTTE OBSERVER,132300,1976,.9994268206557348,11
NC,CHARLOTTE OBSERVER,132300,1978,1.037128001470107,1
NC,CHARLOTTE OBSERVER,132300,1980,1.074829182284479,10
NC,CHARLOTTE OBSERVER,132300,1982,1.112530363098851,4
NC,CHARLOTTE OBSERVER,132300,1984,1.150231543913223,20
NC,CHARLOTTE OBSERVER,132300,1986,1.187932724727595,3
NC,CHARLOTTE OBSERVER,132300,1988,1.225633905541967,11
NC,CHARLOTTE OBSERVER,132300,1990,1.263335086356339,14
NC,CHARLOTTE OBSERVER,132300,1992,1.301036267170711,17
NC,CHARLOTTE OBSERVER,132300,1994,1.338737447985082,4
NC,CHARLOTTE OBSERVER,132300,1996,1.376438628799455,14
NC,CHARLOTTE OBSERVER,132300,1998,1.414139809613827,8
NC,CHARLOTTE OBSERVER,132300,2000,1.451840990428199,18
NC,CHARLOTTE OBSERVER,132300,2002,1.489542171242571,9
NC,CHARLOTTE OBSERVER,132300,2004,1.527243352056943,2
NC,CHARLOTTE OBSERVER,132300,2006,1.564944532871315,1
NC,CHARLOTTE OBSERVER,132300,2008,1.602645713685687,2
NC,CHARLOTTE OBSERVER,132300,2010,1.640346894500059,2
NC,CHARLOTTE OBSERVER,132300,2012,1.67804807531443,1
NC,CHARLOTTE OBSERVER,132300,2014,1.715749256128803,1
NC,CHARLOTTE OBSERVER,132300,2016,1.753450436943175,1
NC,CHARLOTTE NEWS,132301,1952,.1735862932263398,1
NC,CHARLOTTE NEWS,132301,1956,.2568830014207468,1
NC,CHARLOTTE NEWS,132301,1960,.3401797096151534,1
NC,CHARLOTTE NEWS,132301,1962,.3818280637123567,1
NC,CHARLOTTE NEWS,132301,1964,.4234764178095599,6
NC,CHARLOTTE NEWS,132301,1966,.4651247719067637,2
NC,CHARLOTTE NEWS,132301,1968,.506773126003967,10
NC,CHARLOTTE NEWS,132301,1972,.5900698341983736,14
NC,CHARLOTTE NEWS,132301,1974,.6317181882955768,3
NC,CHARLOTTE NEWS,132301,1976,.6733665423927802,11
NC,CHARLOTTE NEWS,132301,1978,.7150148964899834,2
NC,CHARLOTTE NEWS,132301,1980,.7566632505871872,10
NC,CHARLOTTE NEWS,132301,1982,.7983116046843904,4
NC,CHARLOTTE NEWS,132301,1984,.8399599587815938,20
NC,GREENSBORO NEWS AND RECORD,132700,1984,2.042254987070349,3
NC,GREENSBORO NEWS AND RECORD,132700,1986,1.954400206087933,3
NC,GREENSBORO NEWS AND RECORD,132700,1988,1.866545425105518,1
NC,GREENSBORO NEWS AND RECORD,132700,1990,1.778690644123102,10
NC,GREENSBORO NEWS AND RECORD,132700,1992,1.690835863140687,14
NC,GREENSBORO NEWS AND RECORD,132700,1994,1.602981082158271,4
NC,GREENSBORO NEWS AND RECORD,132700,1996,1.515126301175856,14
NC,GREENSBORO NEWS AND RECORD,132700,1998,1.42727152019344,1
NC,GREENSBORO NEWS AND RECORD,132700,2000,1.339416739211024,13
NC,GREENSBORO NEWS AND RECORD,132700,2002,1.251561958228609,2
NC,GREENSBORO NEWS AND RECORD,132700,2004,1.163707177246193,9
NC,GREENSBORO NEWS AND RECORD,132700,2006,1.075852396263778,2
NC,GREENSBORO NEWS AND RECORD,132700,2008,.9879976152813622,2
NC,GREENSBORO NEWS AND RECORD,132700,2010,.9001428342989467,2
NC,GREENSBORO NEWS AND RECORD,132700,2012,.8122880533165312,1
NC,GREENSBORO NEWS AND RECORD,132700,2014,.7244332723341157,1
NC,GREENSBORO NEWS AND RECORD,132700,2016,.6365784913517002,2
NC,GREENSBORO DAILY NEWS,132701,1964,.678548139634403,1
NC,GREENSBORO DAILY NEWS,132701,1968,.7896994408672471,3
NC,GREENSBORO DAILY NEWS,132701,1970,.8452750914836693,1
NC,GREENSBORO DAILY NEWS,132701,1972,.9008507421000912,3
NC,GREENSBORO DAILY NEWS,132701,1974,.956426392716513,2
NC,GREENSBORO DAILY NEWS,132701,1976,1.012002043332935,2
NC,GREENSBORO NEWS,132701,1978,1.067577693949357,2
NC,GREENSBORO DAILY NEWS,132701,1980,1.123153344565779,2
NC,GREENSBORO DAILY NEWS,132701,1982,1.178728995182201,5
NC,GREENSBORO RECORD,132702,1952,2.68973052246753,2
NC,GREENSBORO RECORD,132702,1956,2.168863860296617,1
NC,GREENSBORO RECORD,132702,1964,1.127130535954791,2
NC,GREENSBORO RECORD,132702,1968,.6062638737838775,2
NC,GREENSBORO RECORD,132702,1970,.3458305426984208,1
NC,GREENSBORO RECORD,132702,1972,.0853972116129647,4
NC,GREENSBORO RECORD,132702,1974,-.175036119472492,1
NC,GREENSBORO RECORD,132702,1976,-.4354694505579486,2
NC,GREENSBORO RECORD,132702,1978,-.6959027816434048,1
NC,GREENSBORO RECORD,132702,1980,-.9563361127288614,2
NC,GREENSBORO RECORD,132702,1982,-1.216769443814318,3
NC,RALEIGH NEWS AND OBSERVER,133200,1960,3.03729312769347,1
NC,RALEIGH NEWS AND OBSERVER,133200,1968,2.745852621977904,1
NC,RALEIGH NEWS AND OBSERVER,133200,1976,2.454412116262338,1
NC,RALEIGH NEWS AND OBSERVER,133200,1980,2.308691863404555,1
NC,RALEIGH NEWS AND OBSERVER,133200,1984,2.162971610546772,1
NC,RALEIGH NEWS AND OBSERVER,133200,1988,2.017251357688989,10
NC,RALEIGH NEWS AND OBSERVER,133200,1992,1.871531104831206,13
NC,RALEIGH NEWS AND OBSERVER,133200,1996,1.725810851973422,14
NC,RALEIGH NEWS AND OBSERVER,133200,1998,1.652950725544531,8
NC,RALEIGH NEWS AND OBSERVER,133200,2000,1.580090599115639,17
NC,RALEIGH NEWS AND OBSERVER,133200,2002,1.507230472686748,8
NC,RALEIGH NEWS AND OBSERVER,133200,2004,1.434370346257856,11
NC,RALEIGH NEWS AND OBSERVER,133200,2006,1.361510219828965,1
NC,RALEIGH NEWS AND OBSERVER,133200,2008,1.288650093400073,1
NC,RALEIGH NEWS AND OBSERVER,133200,2016,.9972095876845067,1
NC,WINSTON SALEM JOURNAL,133850,1968,-.6908976381100579,1
NC,WINSTON SALEM JOURNAL,133850,1976,-.3168011951551716,1
NC,WINSTON SALEM JOURNAL,133850,1978,-.2232770844164501,1
NC,WINSTON SALEM JOURNAL,133850,1984,.0572952477997146,1
NC,WINSTON SALEM JOURNAL,133850,1988,.2443434692771577,1
NC,WINSTON SALEM JOURNAL,133850,1998,.7119640229707656,9
NC,WINSTON SALEM JOURNAL,133850,2000,.805488133709487,17
NC,WINSTON SALEM JOURNAL,133850,2002,.8990122444482086,8
NC,WINSTON SALEM JOURNAL,133850,2004,.9925363551869302,9
NC,WINSTON SALEM JOURNAL,133850,2006,1.086060465925652,1
NC,WINSTON SALEM JOURNAL,133850,2008,1.179584576664373,1
ND,BISMARCK TRIBUNE,133900,1994,6.091550340059941,2
ND,BISMARCK TRIBUNE,133900,2004,1.081933050067968,1
ND,BISMARCK TRIBUNE,133900,2008,-.9219138659288232,1
ND,BISMARCK TRIBUNE,133900,2012,-2.925760781925614,1
NE,LINCOLN JOURNAL STAR,126150,1996,-.4453409838779918,2
NE,LINCOLN JOURNAL STAR,126150,1998,-.4396719667089057,4
NE,LINCOLN JOURNAL STAR,126150,2000,-.4340029495398197,4
NE,LINCOLN JOURNAL STAR,126150,2002,-.4283339323707337,6
NE,LINCOLN JOURNAL STAR,126150,2004,-.4226649152016477,2
NE,LINCOLN JOURNAL STAR,126150,2006,-.4169958980325614,3
NE,LINCOLN JOURNAL STAR,126150,2016,-.3886508121871313,1
NE,LINCOLN JOURNAL,126151,1952,-1.236882540239866,1
NE,LINCOLN JOURNAL,126151,1956,-1.043653386845135,1
NE,LINCOLN JOURNAL,126151,1964,-.6571950800556731,1
NE,LINCOLN JOURNAL,126151,1968,-.4639659266609421,1
NE,LINCOLN JOURNAL,126151,1972,-.2707367732662112,1
NE,LINCOLN JOURNAL,126151,1978,.019106956825885,7
NE,LINCOLN JOURNAL,126151,1982,.2123361102206165,4
NE,LINCOLN JOURNAL,126151,1986,.4055652636153472,6
NE,LINCOLN JOURNAL,126151,1990,.5987944170100783,4
NE,LINCOLN JOURNAL,126151,1994,.7920235704048093,6
NE,LINCOLN STAR,126152,1952,2.936461950121184,1
NE,LINCOLN STAR,126152,1960,2.49160530174716,1
NE,LINCOLN STAR,126152,1968,2.046748653373137,1
NE,LINCOLN STAR,126152,1978,1.490677842905607,7
NE,LINCOLN STAR,126152,1980,1.379463680812101,1
NE,LINCOLN STAR,126152,1982,1.268249518718596,4
NE,LINCOLN STAR,126152,1984,1.157035356625089,1
NE,LINCOLN STAR,126152,1986,1.045821194531584,6
NE,LINCOLN STAR,126152,1988,.9346070324380776,1
NE,LINCOLN STAR,126152,1990,.8233928703445716,4
NE,LINCOLN STAR,126152,1992,.7121787082510662,1
NE,LINCOLN STAR,126152,1994,.6009645461575602,6
NE,OMAHA WORLD HERALD,126400,1952,-.9657768550538733,1
NE,OMAHA WORLD HERALD,126400,1956,-.9605453455875816,1
NE,OMAHA WORLD HERALD,126400,1960,-.9553138361212903,1
NE,OMAHA WORLD HERALD,126400,1968,-.9448508171887071,1
NE,OMAHA WORLD HERALD,126400,1976,-.9343877982561239,1
NE,OMAHA WORLD HERALD,126400,1978,-.9317720435229784,2
NE,OMAHA WORLD HERALD,126400,1980,-.9291562887898326,1
NE,OMAHA WORLD HERALD,126400,1984,-.9239247793235409,1
NE,OMAHA WORLD HERALD,126400,1988,-.9186932698572493,1
NE,OMAHA WORLD HERALD,126400,1992,-.9134617603909577,1
NE,OMAHA WORLD HERALD,126400,1994,-.9108460056578119,5
NE,OMAHA WORLD HERALD,126400,1996,-.9082302509246664,3
NE,OMAHA WORLD HERALD,126400,1998,-.9056144961915206,4
NE,OMAHA WORLD HERALD,126400,2000,-.9029987414583748,4
NE,OMAHA WORLD HERALD,126400,2002,-.900382986725229,6
NE,OMAHA WORLD HERALD,126400,2004,-.8977672319920832,2
NE,OMAHA WORLD HERALD,126400,2006,-.8951514772589374,3
NE,OMAHA WORLD HERALD,126400,2008,-.8925357225257916,1
NE,OMAHA WORLD HERALD,126400,2016,-.8820727035932086,1
NE,OMAHA WORLD HERALD,126400,2020,-.876841194126917,1
NJ,ASBURY PARK PRESS,127000,1982,-.7164090490140435,6
NJ,ASBURY PARK PRESS,127000,1986,-.4794968333010464,2
NJ,ASBURY PARK PRESS,127000,1992,-.1241285097315512,1
NJ,ASBURY PARK PRESS,127000,1996,.1127837059814461,5
NJ,ASBURY PARK PRESS,127000,2000,.3496959216944431,1
NJ,ASBURY PARK PRESS,127000,2002,.4681520295509413,5
NJ,ASBURY PARK PRESS,127000,2006,.7050642452639386,6
NJ,ASBURY PARK PRESS,127000,2008,.8235203531204369,5
NJ,ASBURY PARK PRESS,127000,2010,.9419764609769355,3
NJ,ASBURY PARK PRESS,127000,2012,1.060432568833434,4
NJ,ASBURY PARK PRESS,127000,2014,1.178888676689932,4
NJ,ASBURY PARK PRESS,127000,2016,1.297344784546431,3
NJ,PRESS OF ATLANTIC CITY,127050,1990,.213963728957689,2
NJ,PRESS OF ATLANTIC CITY,127050,1992,.2789299201823256,2
NJ,PRESS OF ATLANTIC CITY,127050,1994,.3438961114069627,4
NJ,PRESS OF ATLANTIC CITY,127050,1996,.4088623026315994,2
NJ,PRESS OF ATLANTIC CITY,127050,1998,.473828493856236,1
NJ,PRESS OF ATLANTIC CITY,127050,2000,.5387946850808731,1
NJ,PRESS OF ATLANTIC CITY,127050,2002,.6037608763055098,3
NJ,PRESS OF ATLANTIC CITY,127050,2006,.7336932587547835,4
NJ,CAMDEN COURIER POST,127250,1964,1.492026668104535,1
NJ,CAMDEN COURIER POST,127250,1966,1.453261632876819,1
NJ,CAMDEN COURIER POST,127250,1968,1.414496597649103,1
NJ,CAMDEN COURIER POST,127250,1970,1.375731562421387,2
NJ,CAMDEN COURIER POST,127250,1974,1.298201491965955,1
NJ,CAMDEN COURIER POST,127250,1976,1.259436456738239,2
NJ,CAMDEN COURIER POST,127250,1978,1.220671421510523,1
NJ,CAMDEN COURIER POST,127250,1980,1.181906386282808,3
NJ,CAMDEN COURIER POST,127250,1982,1.143141351055092,5
NJ,CAMDEN COURIER POST,127250,1984,1.104376315827376,4
NJ,CAMDEN COURIER POST,127250,1986,1.06561128059966,1
NJ,CAMDEN COURIER POST,127250,1988,1.026846245371944,1
NJ,CAMDEN COURIER POST,127250,1990,.988081210144228,4
NJ,CAMDEN COURIER POST,127250,1992,.9493161749165121,5
NJ,CAMDEN COURIER POST,127250,1994,.9105511396887966,5
NJ,CAMDEN COURIER POST,127250,1998,.8330210692333647,1
NJ,CAMDEN COURIER POST,127250,2000,.7942560340056484,1
NJ,CAMDEN COURIER POST,127250,2002,.7554909987779329,1
NJ,CAMDEN COURIER POST,127250,2004,.7167259635502166,1
NJ,CAMDEN COURIER POST,127250,2006,.677960928322501,5
NJ,CAMDEN COURIER POST,127250,2008,.6391958930947851,4
NJ,CAMDEN COURIER POST,127250,2010,.6004308578670692,4
NJ,CAMDEN COURIER POST,127250,2012,.5616658226393533,5
NJ,CAMDEN COURIER POST,127250,2014,.5229007874116374,3
NJ,CAMDEN COURIER POST,127250,2016,.4841357521839214,1
NJ,CAMDEN COURIER POST,127250,2018,.4453707169562055,1
NJ,BERGEN COUNTY RECORD,127450,1952,.1459146265935611,1
NJ,BERGEN COUNTY RECORD,127450,1960,.3232734502445593,1
NJ,BERGEN COUNTY RECORD,127450,1962,.3676131561573087,2
NJ,BERGEN COUNTY RECORD,127450,1964,.4119528620700584,1
NJ,BERGEN COUNTY RECORD,127450,1966,.4562925679828078,2
NJ,BERGEN COUNTY RECORD,127450,1968,.5006322738955576,4
NJ,BERGEN COUNTY RECORD,127450,1970,.5449719798083069,2
NJ,BERGEN COUNTY RECORD,127450,1972,.5893116857210567,1
NJ,BERGEN COUNTY RECORD,127450,1974,.6336513916338066,1
NJ,BERGEN COUNTY RECORD,127450,1980,.7666705093720549,1
NJ,BERGEN COUNTY RECORD,127450,1984,.8553499211975542,1
NJ,BERGEN COUNTY RECORD,127450,1988,.9440293330230537,1
NJ,BERGEN COUNTY RECORD,127450,1992,1.032708744848552,1
NJ,BERGEN COUNTY RECORD,127450,1996,1.121388156674052,1
NJ,BERGEN COUNTY RECORD,127450,1998,1.165727862586801,4
NJ,BERGEN COUNTY RECORD,127450,2000,1.210067568499551,3
NJ,BERGEN COUNTY RECORD,127450,2002,1.2544072744123,2
NJ,BERGEN COUNTY RECORD,127450,2004,1.29874698032505,2
NJ,BERGEN COUNTY RECORD,127450,2006,1.3430866862378,4
NJ,BERGEN COUNTY RECORD,127450,2008,1.387426392150549,1
NJ,BERGEN COUNTY RECORD,127450,2012,1.476105803976049,1
NJ,BERGEN COUNTY RECORD,127450,2016,1.564785215801548,1
NJ,BERGEN COUNTY RECORD,127450,2020,1.653464627627047,1
NJ,JERSEY CITY JERSEY JOURNAL,127500,1960,1.48427598704261,1
NJ,JERSEY CITY JERSEY JOURNAL,127500,1966,1.629957445848028,1
NJ,JERSEY CITY JERSEY JOURNAL,127500,1968,1.678517932116501,1
NJ,JERSEY CITY JERSEY JOURNAL,127500,1970,1.727078418384975,1
NJ,JERSEY CITY JERSEY JOURNAL,127500,1972,1.775638904653447,1
NJ,JERSEY CITY JERSEY JOURNAL,127500,1976,1.872759877190393,1
NJ,JERSEY CITY JERSEY JOURNAL,127500,1980,1.969880849727339,1
NJ,JERSEY CITY JERSEY JOURNAL,127500,1984,2.067001822264285,1
NJ,JERSEY CITY JERSEY JOURNAL,127500,2000,2.455485712412068,2
NJ,JERSEY CITY JERSEY JOURNAL,127500,2004,2.552606684949013,1
NJ,JERSEY CITY JERSEY JOURNAL,127500,2006,2.601167171217486,1
NJ,JERSEY CITY JERSEY JOURNAL,127500,2008,2.649727657485959,1
NJ,NEWARK STAR LEDGER,127750,1952,.5809376522903271,1
NJ,NEWARK STAR LEDGER,127750,1956,.6273559731027174,1
NJ,NEWARK STAR LEDGER,127750,1960,.6737742939151078,1
NJ,NEWARK STAR LEDGER,127750,1962,.6969834543213029,1
NJ,NEWARK STAR LEDGER,127750,1964,.7201926147274981,1
NJ,NEWARK STAR LEDGER,127750,1966,.7434017751336932,1
NJ,NEWARK STAR LEDGER,127750,1968,.7666109355398885,1
NJ,NEWARK STAR LEDGER,127750,1970,.7898200959460836,2
NJ,NEWARK STAR LEDGER,127750,1972,.8130292563522787,1
NJ,NEWARK STAR LEDGER,127750,1978,.8826567375708643,1
NJ,NEWARK STAR LEDGER,127750,1984,.9522842187894497,1
NJ,NEWARK STAR LEDGER,127750,1988,.9987025396018401,1
NJ,NEWARK STAR LEDGER,127750,1992,1.04512086041423,1
NJ,NEWARK STAR LEDGER,127750,1996,1.091539181226621,1
NJ,NEWARK STAR LEDGER,127750,2000,1.137957502039011,3
NJ,NEWARK STAR LEDGER,127750,2002,1.161166662445206,3
NJ,NEWARK STAR LEDGER,127750,2004,1.184375822851401,5
NJ,NEWARK STAR LEDGER,127750,2006,1.207584983257596,9
NJ,NEWARK STAR LEDGER,127750,2008,1.230794143663792,1
NJ,NEWARK STAR LEDGER,127750,2016,1.323630785288572,1
NJ,NEWARK STAR LEDGER,127750,2020,1.370049106100963,1
NJ,PASSAIC HERALD NEWS,127850,1952,-.287450633677702,1
NJ,PASSAIC HERALD NEWS,127850,1956,-.3024302701047538,1
NJ,PASSAIC HERALD NEWS,127850,1960,-.3174099065318057,1
NJ,PASSAIC HERALD NEWS,127850,1962,-.3248997247453317,1
NJ,PASSAIC HERALD NEWS,127850,1964,-.3323895429588575,7
NJ,PASSAIC HERALD NEWS,127850,1966,-.3398793611723836,2
NJ,PASSAIC HERALD NEWS,127850,1968,-.3473691793859094,6
NJ,PASSAIC HERALD NEWS,127850,1972,-.3623488158129612,1
NJ,PASSAIC HERALD NEWS,127850,1974,-.3698386340264873,1
NJ,PASSAIC HERALD NEWS,127850,1976,-.3773284522400131,6
NJ,PASSAIC HERALD NEWS,127850,1978,-.3848182704535389,8
NJ,PASSAIC HERALD NEWS,127850,1980,-.392308088667065,6
NJ,PASSAIC HERALD NEWS,127850,1982,-.3997979068805907,3
NJ,PASSAIC HERALD NEWS,127850,1984,-.4072877250941168,5
NJ,PASSAIC HERALD NEWS,127850,1986,-.4147775433076426,5
NJ,PASSAIC HERALD NEWS,127850,1988,-.4222673615211687,2
NJ,PASSAIC HERALD NEWS,127850,1992,-.4372469979482205,2
NJ,PASSAIC HERALD NEWS,127850,1994,-.4447368161617463,3
NJ,PASSAIC HERALD NEWS,127850,1996,-.4522266343752724,4
NJ,PASSAIC HERALD NEWS,127850,1998,-.4597164525887982,3
NJ,BRIDGEWATER COURIER NEWS,128000,1952,-.0041203172665697,2
NJ,BRIDGEWATER COURIER NEWS,128000,1956,.0702744796624792,1
NJ,BRIDGEWATER COURIER NEWS,128000,1958,.1074718781270036,3
NJ,BRIDGEWATER COURIER NEWS,128000,1960,.1446692765915285,3
NJ,BRIDGEWATER COURIER NEWS,128000,1962,.1818666750560529,3
NJ,BRIDGEWATER COURIER NEWS,128000,1964,.2190640735205774,3
NJ,BRIDGEWATER COURIER NEWS,128000,1966,.2562614719851019,3
NJ,BRIDGEWATER COURIER NEWS,128000,1968,.2934588704496263,2
NJ,BRIDGEWATER COURIER NEWS,128000,1970,.3306562689141507,4
NJ,BRIDGEWATER COURIER NEWS,128000,1972,.3678536673786751,5
NJ,BRIDGEWATER COURIER NEWS,128000,1974,.4050510658432001,3
NJ,BRIDGEWATER COURIER NEWS,128000,1976,.4422484643077245,4
NJ,BRIDGEWATER COURIER NEWS,128000,1978,.4794458627722489,4
NJ,BRIDGEWATER COURIER NEWS,128000,1980,.5166432612367734,4
NJ,BRIDGEWATER COURIER NEWS,128000,1982,.5538406597012978,4
NJ,BRIDGEWATER COURIER NEWS,128000,1984,.5910380581658222,2
NJ,BRIDGEWATER COURIER NEWS,128000,1986,.6282354566303467,2
NJ,BRIDGEWATER COURIER NEWS,128000,1988,.6654328550948716,1
NJ,BRIDGEWATER COURIER NEWS,128000,1990,.7026302535593956,3
NJ,BRIDGEWATER COURIER NEWS,128000,1992,.7398276520239204,1
NJ,BRIDGEWATER COURIER NEWS,128000,1994,.7770250504884449,3
NJ,BRIDGEWATER COURIER NEWS,128000,1996,.8142224489529694,3
NJ,BRIDGEWATER COURIER NEWS,128000,1998,.8514198474174938,3
NJ,BRIDGEWATER COURIER NEWS,128000,2000,.8886172458820182,4
NJ,BRIDGEWATER COURIER NEWS,128000,2002,.9258146443465427,5
NJ,BRIDGEWATER COURIER NEWS,128000,2004,.9630120428110671,4
NJ,BRIDGEWATER COURIER NEWS,128000,2006,1.000209441275592,6
NJ,BRIDGEWATER COURIER NEWS,128000,2008,1.037406839740116,4
NJ,BRIDGEWATER COURIER NEWS,128000,2010,1.074604238204641,2
NJ,BRIDGEWATER COURIER NEWS,128000,2012,1.111801636669165,4
NJ,BRIDGEWATER COURIER NEWS,128000,2014,1.14899903513369,2
NJ,BRIDGEWATER COURIER NEWS,128000,2016,1.186196433598214,2
NJ,BRIDGEWATER COURIER NEWS,128000,2018,1.223393832062739,2
NJ,TRENTON TIMES,128100,1952,1.593975981160899,1
NJ,TRENTON TIMES,128100,1960,1.556020254368816,1
NJ,TRENTON TIMES,128100,1966,1.527553459274753,1
NJ,TRENTON TIMES,128100,1968,1.518064527576733,1
NJ,TRENTON TIMES,128100,1970,1.508575595878712,2
NJ,TRENTON TIMES,128100,1972,1.499086664180691,1
NJ,TRENTON TIMES,128100,1976,1.48010880078465,1
NJ,TRENTON TIMES,128100,1978,1.470619869086629,1
NJ,TRENTON TIMES,128100,1980,1.461130937388608,1
NJ,TRENTON TIMES,128100,1984,1.442153073992566,1
NJ,TRENTON TIMES,128100,1988,1.423175210596525,1
NJ,TRENTON TIMES,128100,1992,1.404197347200483,1
NJ,TRENTON TIMES,128100,1996,1.385219483804441,5
NJ,TRENTON TIMES,128100,1998,1.375730552106421,3
NJ,TRENTON TIMES,128100,2000,1.3662416204084,5
NJ,TRENTON TIMES,128100,2002,1.356752688710379,5
NJ,TRENTON TIMES,128100,2004,1.347263757012358,4
NJ,TRENTON TIMES,128100,2006,1.337774825314337,5
NJ,TRENTON TIMES,128100,2008,1.328285893616316,1
NJ,TRENTONIAN,128150,1964,1.315281392116049,1
NJ,TRENTONIAN,128150,1966,1.132465167307559,1
NJ,TRENTONIAN,128150,1968,.9496489424990689,1
NJ,TRENTONIAN,128150,1970,.7668327176905786,1
NJ,TRENTONIAN,128150,1978,.0355678184566185,1
NJ,TRENTONIAN,128150,1980,-.1472484063518718,1
NJ,TRENTONIAN,128150,1992,-1.244145755202812,1
NJ,TRENTONIAN,128150,2000,-1.975410654436772,1
NJ,TRENTONIAN,128150,2004,-2.341043104053753,1
NJ,TRENTONIAN,128150,2008,-2.706675553670733,1
NJ,PATERSON NEWS AND CALL,600060,1984,.5006827117849979,5
NJ,PATERSON NEWS AND CALL,600060,1986,-.4142713893197668,5
NJ,PATERSON EVENING NEWS,600061,1952,-.5712840083249717,1
NJ,PATERSON EVENING NEWS,600061,1956,-.4667597714234666,1
NJ,PATERSON EVENING NEWS,600061,1960,-.3622355345219614,1
NJ,PATERSON EVENING NEWS,600061,1962,-.3099734160712088,5
NJ,PATERSON EVENING NEWS,600061,1964,-.2577112976204564,6
NJ,PATERSON EVENING NEWS,600061,1966,-.2054491791697038,4
NJ,PATERSON EVENING NEWS,600061,1968,-.1531870607189511,5
NJ,PATERSON EVENING NEWS,600061,1970,-.1009249422681985,4
NJ,PATERSON EVENING NEWS,600061,1972,-.0486628238174459,5
NJ,PATERSON EVENING NEWS,600061,1976,.0558614130840593,7
NJ,PATERSON EVENING NEWS,600061,1978,.1081235315348115,4
NJ,PATERSON EVENING NEWS,600061,1980,.1603856499855641,3
NJ,PATERSON CALL,600062,1952,-.5785548835148763,1
NJ,PATERSON CALL,600062,1956,-.3551559582866621,1
NJ,PATERSON CALL,600062,1960,-.1317570330584479,1
NJ,PATERSON CALL,600062,1962,-.0200575704443408,2
NJ,PATERSON CALL,600062,1964,.0916418921697662,1
NJ,PATERSON CALL,600062,1966,.2033413547838733,3
NJ,PATERSON CALL,600062,1968,.3150408173979804,2
NJ,PATERSON CALL,600062,1970,.4267402800120875,1
NJ,PATERSON CALL,600062,1978,.8735381304685158,1
NM,ALBUQUERQUE TRIBUNE,128400,1952,-.4633124752638085,2
NM,ALBUQUERQUE TRIBUNE,128400,1958,-.3858143573904996,1
NM,ALBUQUERQUE TRIBUNE,128400,1960,-.3599816514327301,3
NM,ALBUQUERQUE TRIBUNE,128400,1962,-.3341489454749605,1
NM,ALBUQUERQUE TRIBUNE,128400,1964,-.3083162395171908,2
NM,ALBUQUERQUE TRIBUNE,128400,1966,-.2824835335594212,2
NM,ALBUQUERQUE TRIBUNE,128400,1968,-.2566508276016515,10
NM,ALBUQUERQUE TRIBUNE,128400,1970,-.2308181216438819,16
NM,ALBUQUERQUE TRIBUNE,128400,1972,-.2049854156861122,29
NM,ALBUQUERQUE TRIBUNE,128400,1974,-.1791527097283428,1
NM,ALBUQUERQUE TRIBUNE,128400,1976,-.1533200037705729,12
NM,ALBUQUERQUE TRIBUNE,128400,1978,-.1274872978128035,16
NM,ALBUQUERQUE TRIBUNE,128400,1980,-.1016545918550339,23
NM,ALBUQUERQUE TRIBUNE,128400,1982,-.0758218858972642,29
NM,ALBUQUERQUE TRIBUNE,128400,1984,-.0499891799394945,34
NM,ALBUQUERQUE TRIBUNE,128400,1986,-.0241564739817249,21
NM,ALBUQUERQUE TRIBUNE,128400,1988,.0016762319760445,17
NM,ALBUQUERQUE TRIBUNE,128400,1992,.0533416438915838,1
NM,ALBUQUERQUE TRIBUNE,128400,1994,.0791743498493533,22
NM,ALBUQUERQUE TRIBUNE,128400,1996,.1050070558071232,27
NM,ALBUQUERQUE TRIBUNE,128400,1998,.130839761764893,12
NM,ALBUQUERQUE TRIBUNE,128400,2000,.1566724677226625,29
NM,ALBUQUERQUE TRIBUNE,128400,2002,.1825051736804319,18
NM,ALBUQUERQUE TRIBUNE,128400,2004,.2083378796382018,15
NM,ALBUQUERQUE TRIBUNE,128400,2006,.2341705855959712,10
NM,ALBUQUERQUE JOURNAL,128401,1952,-.1934386779582827,1
NM,ALBUQUERQUE JOURNAL,128401,1956,-.2093089080006701,1
NM,ALBUQUERQUE JOURNAL,128401,1960,-.2251791380430575,2
NM,ALBUQUERQUE JOURNAL,128401,1962,-.2331142530642513,1
NM,ALBUQUERQUE JOURNAL,128401,1964,-.2410493680854452,2
NM,ALBUQUERQUE JOURNAL,128401,1966,-.248984483106639,2
NM,ALBUQUERQUE JOURNAL,128401,1968,-.2569195981278326,11
NM,ALBUQUERQUE JOURNAL,128401,1970,-.2648547131490264,16
NM,ALBUQUERQUE JOURNAL,128401,1972,-.2727898281702202,30
NM,ALBUQUERQUE JOURNAL,128401,1974,-.2807249431914138,1
NM,ALBUQUERQUE JOURNAL,128401,1976,-.2886600582126077,15
NM,ALBUQUERQUE JOURNAL,128401,1978,-.2965951732338015,19
NM,ALBUQUERQUE JOURNAL,128401,1980,-.3045302882549953,24
NM,ALBUQUERQUE JOURNAL,128401,1982,-.3124654032761889,27
NM,ALBUQUERQUE JOURNAL,128401,1984,-.3204005182973828,35
NM,ALBUQUERQUE JOURNAL,128401,1986,-.3283356333185766,21
NM,ALBUQUERQUE JOURNAL,128401,1988,-.3362707483397702,18
NM,ALBUQUERQUE JOURNAL,128401,1990,-.344205863360964,4
NM,ALBUQUERQUE JOURNAL,128401,1994,-.3600760934033514,16
NM,ALBUQUERQUE JOURNAL,128401,1996,-.3680112084245453,28
NM,ALBUQUERQUE JOURNAL,128401,1998,-.3759463234457391,17
NM,ALBUQUERQUE JOURNAL,128401,2000,-.3838814384669329,29
NM,ALBUQUERQUE JOURNAL,128401,2002,-.3918165534881265,20
NM,ALBUQUERQUE JOURNAL,128401,2004,-.3997516685093203,15
NM,ALBUQUERQUE JOURNAL,128401,2006,-.4076867835305141,5
NM,ALBUQUERQUE JOURNAL,128401,2008,-.4156218985517077,1
NM,ALBUQUERQUE JOURNAL,128401,2010,-.4235570135729015,1
NM,ALBUQUERQUE JOURNAL,128401,2012,-.4314921285940954,1
NM,ALBUQUERQUE JOURNAL,128401,2014,-.4394272436152892,4
NM,ALBUQUERQUE JOURNAL,128401,2016,-.4473623586364828,2
NM,ALBUQUERQUE JOURNAL,128401,2018,-.4552974736576766,5
NM,LAS CRUCES SUN NEWS,128700,1972,.2568224188174755,3
NM,LAS CRUCES SUN NEWS,128700,1974,.2451889782573185,1
NM,LAS CRUCES SUN NEWS,128700,1976,.233555537697162,3
NM,LAS CRUCES SUN NEWS,128700,2000,.093954250975281,1
NM,LAS CRUCES SUN NEWS,128700,2004,.0706873698549675,1
NM,LAS CRUCES SUN NEWS,128700,2006,.0590539292948109,4
NM,LAS CRUCES SUN NEWS,128700,2008,.0474204887346543,1
NM,LAS CRUCES SUN NEWS,128700,2012,.0241536076143408,2
NM,LAS CRUCES SUN NEWS,128700,2014,.0125201670541842,8
NM,LAS CRUCES SUN NEWS,128700,2016,.0008867264940272,1
NM,LAS CRUCES SUN NEWS,128700,2018,-.0107467140661294,8
NM,SANTA FE NEW MEXICAN,128850,1976,.9423946401774649,2
NM,SANTA FE NEW MEXICAN,128850,1978,.9024254911118693,8
NM,SANTA FE NEW MEXICAN,128850,1988,.7025797457838914,1
NM,SANTA FE NEW MEXICAN,128850,1994,.5826722985871049,7
NM,SANTA FE NEW MEXICAN,128850,1996,.5427031495215094,6
NM,SANTA FE NEW MEXICAN,128850,1998,.5027340004559139,6
NM,SANTA FE NEW MEXICAN,128850,2000,.4627648513903184,5
NM,SANTA FE NEW MEXICAN,128850,2002,.4227957023247229,6
NM,SANTA FE NEW MEXICAN,128850,2004,.3828265532591275,2
NM,SANTA FE NEW MEXICAN,128850,2006,.3428574041935319,8
NM,SANTA FE NEW MEXICAN,128850,2008,.3028882551279364,1
NM,SANTA FE NEW MEXICAN,128850,2010,.2629191060623409,1
NM,SANTA FE NEW MEXICAN,128850,2012,.2229499569967454,1
NM,SANTA FE NEW MEXICAN,128850,2014,.1829808079311499,4
NM,SANTA FE NEW MEXICAN,128850,2016,.1430116588655544,2
NM,SANTA FE NEW MEXICAN,128850,2018,.103042509799959,5
NM,SANTA FE NEW MEXICAN,128850,2020,.0630733607343635,1
NV,LAS VEGAS REVIEW JOURNAL,126500,1980,-1.010934684628527,1
NV,LAS VEGAS REVIEW JOURNAL,126500,1984,-1.119753821614215,1
NV,LAS VEGAS REVIEW JOURNAL,126500,1988,-1.228572958599903,1
NV,LAS VEGAS REVIEW JOURNAL,126500,1992,-1.337392095585591,3
NV,LAS VEGAS REVIEW JOURNAL,126500,1994,-1.391801664078436,5
NV,LAS VEGAS REVIEW JOURNAL,126500,1996,-1.446211232571279,2
NV,LAS VEGAS REVIEW JOURNAL,126500,1998,-1.500620801064124,6
NV,LAS VEGAS REVIEW JOURNAL,126500,2000,-1.555030369556968,2
NV,LAS VEGAS REVIEW JOURNAL,126500,2002,-1.609439938049811,5
NV,LAS VEGAS REVIEW JOURNAL,126500,2004,-1.663849506542656,3
NV,LAS VEGAS REVIEW JOURNAL,126500,2006,-1.7182590750355,2
NV,LAS VEGAS REVIEW JOURNAL,126500,2008,-1.772668643528344,1
NV,LAS VEGAS REVIEW JOURNAL,126500,2016,-1.99030691749972,1
NV,LAS VEGAS REVIEW JOURNAL,126500,2020,-2.099126054485408,1
NV,RENO GAZETTE JOURNAL,126600,1988,.5052642356769625,1
NV,RENO GAZETTE JOURNAL,126600,1992,.4025293519470919,3
NV,RENO GAZETTE JOURNAL,126600,1994,.3511619100821572,5
NV,RENO GAZETTE JOURNAL,126600,1996,.2997944682172217,2
NV,RENO GAZETTE JOURNAL,126600,1998,.2484270263522866,4
NV,RENO GAZETTE JOURNAL,126600,2000,.1970595844873514,2
NV,RENO GAZETTE JOURNAL,126600,2002,.1456921426224163,5
NV,RENO GAZETTE JOURNAL,126600,2004,.0943247007574812,2
NV,RENO GAZETTE JOURNAL,126600,2006,.0429572588925457,2
NV,RENO GAZETTE JOURNAL,126600,2010,-.0597776248373243,1
NV,RENO GAZETTE JOURNAL,126600,2016,-.2138799504321299,1
NV,RENO EVENING GAZETTE,126601,1952,-.4290798131342106,1
NV,RENO EVENING GAZETTE,126601,1960,-.5832566554512253,1
NV,RENO EVENING GAZETTE,126601,1962,-.621800866030479,2
NV,RENO EVENING GAZETTE,126601,1968,-.7374334977682401,1
NV,RENO EVENING GAZETTE,126601,1972,-.8145219189267474,1
NV,RENO EVENING GAZETTE,126601,1974,-.853066129506001,2
NV,RENO EVENING GAZETTE,126601,1976,-.8916103400852546,1
NV,RENO EVENING GAZETTE,126601,1978,-.9301545506645085,2
NV,RENO EVENING GAZETTE,126601,1980,-.9686987612437621,1
NY,NEWARK STAR LEDGER,127750,1980,.9058658979770594,1
NY,ALBANY TIMES UNION,128900,1952,-.3624431984422032,1
NY,ALBANY TIMES UNION,128900,1956,-.2441350804982433,1
NY,ALBANY TIMES UNION,128900,1960,-.1258269625542835,1
NY,ALBANY TIMES UNION,128900,1964,-.0075188446103234,1
NY,ALBANY TIMES UNION,128900,1966,.0516352143616566,5
NY,ALBANY TIMES UNION,128900,1968,.1107892733336367,4
NY,ALBANY TIMES UNION,128900,1970,.1699433323056163,1
NY,ALBANY TIMES UNION,128900,1972,.2290973912775963,1
NY,ALBANY TIMES UNION,128900,1976,.3474055092215563,1
NY,ALBANY TIMES UNION,128900,1978,.4065595681935359,1
NY,ALBANY TIMES UNION,128900,1980,.465713627165516,1
NY,ALBANY TIMES UNION,128900,1984,.584021745109476,1
NY,ALBANY TIMES UNION,128900,1986,.643175804081456,4
NY,ALBANY TIMES UNION,128900,1988,.7023298630534361,2
NY,ALBANY TIMES UNION,128900,1990,.7614839220254161,3
NY,ALBANY TIMES UNION,128900,1992,.8206379809973962,2
NY,ALBANY TIMES UNION,128900,1994,.8797920399693757,4
NY,ALBANY TIMES UNION,128900,1996,.9389460989413558,1
NY,ALBANY TIMES UNION,128900,1998,.9981001579133358,4
NY,ALBANY TIMES UNION,128900,2000,1.057254216885315,2
NY,ALBANY TIMES UNION,128900,2002,1.116408275857296,3
NY,ALBANY TIMES UNION,128900,2004,1.175562334829275,1
NY,ALBANY TIMES UNION,128900,2006,1.234716393801256,5
NY,ALBANY TIMES UNION,128900,2008,1.293870452773236,1
NY,ALBANY TIMES UNION,128900,2012,1.412178570717196,1
NY,ALBANY TIMES UNION,128900,2014,1.471332629689176,2
NY,ALBANY TIMES UNION,128900,2016,1.530486688661156,3
NY,ALBANY TIMES UNION,128900,2018,1.589640747633135,1
NY,BINGHAMTON PRESS AND SUN BULLETIN,129150,1976,2.88904928945367,1
NY,BINGHAMTON PRESS AND SUN BULLETIN,129150,1984,1.710727971219138,1
NY,BINGHAMTON PRESS AND SUN BULLETIN,129150,1990,.8269869825432384,5
NY,BINGHAMTON PRESS AND SUN BULLETIN,129150,1992,.5324066529846055,2
NY,BINGHAMTON PRESS AND SUN BULLETIN,129150,1996,-.056754006132661,1
NY,BINGHAMTON PRESS AND SUN BULLETIN,129150,2000,-.6459146652499267,2
NY,BUFFALO NEWS,129220,1952,-.265911659906005,1
NY,BUFFALO NEWS,129220,1956,-.1714490391155431,1
NY,BUFFALO NEWS,129220,1960,-.0769864183250812,1
NY,BUFFALO NEWS,129220,1964,.0174762024653807,1
NY,BUFFALO NEWS,129220,1968,.1119388232558428,1
NY,BUFFALO NEWS,129220,1974,.2536327544415358,1
NY,BUFFALO NEWS,129220,1976,.3008640648367666,2
NY,BUFFALO NEWS,129220,1978,.3480953752319975,2
NY,BUFFALO NEWS,129220,1980,.3953266856272288,1
NY,BUFFALO NEWS,129220,1988,.5842519272081526,1
NY,BUFFALO NEWS,129220,1992,.6787145479986142,4
NY,BUFFALO NEWS,129220,1994,.7259458583938455,5
NY,BUFFALO NEWS,129220,1996,.7731771687890764,4
NY,BUFFALO NEWS,129220,1998,.8204084791843076,7
NY,BUFFALO NEWS,129220,2000,.8676397895795385,8
NY,BUFFALO NEWS,129220,2002,.9148710999747693,6
NY,BUFFALO NEWS,129220,2004,.9621024103700001,2
NY,BUFFALO NEWS,129220,2006,1.009333720765232,6
NY,BUFFALO NEWS,129220,2008,1.056565031160462,4
NY,BUFFALO NEWS,129220,2010,1.103796341555694,2
NY,BUFFALO NEWS,129220,2012,1.151027651950924,4
NY,BUFFALO NEWS,129220,2016,1.245490272741386,1
NY,BUFFALO NEWS,129220,2018,1.292721583136617,2
NY,BUFFALO NEWS,129220,2020,1.339952893531848,1
NY,ELMIRA STAR GAZETTE,129350,1970,-.3305757427810461,1
NY,ELMIRA STAR GAZETTE,129350,1976,-.0513785879609631,6
NY,ELMIRA STAR GAZETTE,129350,1978,.0416871303123981,2
NY,ELMIRA STAR GAZETTE,129350,1984,.3208842851324809,1
NY,ELMIRA STAR GAZETTE,129350,2004,1.251541467866091,1
NY,ELMIRA STAR GAZETTE,129350,2008,1.437672904412813,1
NY,LONG ISLAND NEWSDAY,129400,1950,2.296111848489939,1
NY,LONG ISLAND NEWSDAY,129400,1952,2.244409130540452,1
NY,LONG ISLAND NEWSDAY,129400,1960,2.037598258742503,1
NY,LONG ISLAND NEWSDAY,129400,1964,1.934192822843529,1
NY,LONG ISLAND NEWSDAY,129400,1968,1.830787386944555,1
NY,LONG ISLAND NEWSDAY,129400,1970,1.779084668995067,1
NY,LONG ISLAND NEWSDAY,129400,1982,1.468868361298144,1
NY,LONG ISLAND NEWSDAY,129400,1984,1.417165643348657,1
NY,LONG ISLAND NEWSDAY,129400,1986,1.36546292539917,6
NY,LONG ISLAND NEWSDAY,129400,1988,1.313760207449683,5
NY,LONG ISLAND NEWSDAY,129400,1990,1.262057489500195,3
NY,LONG ISLAND NEWSDAY,129400,1992,1.210354771550708,5
NY,LONG ISLAND NEWSDAY,129400,1994,1.158652053601221,7
NY,LONG ISLAND NEWSDAY,129400,1996,1.106949335651734,3
NY,LONG ISLAND NEWSDAY,129400,1998,1.055246617702247,5
NY,LONG ISLAND NEWSDAY,129400,2000,1.003543899752759,5
NY,LONG ISLAND NEWSDAY,129400,2002,.9518411818032726,5
NY,LONG ISLAND NEWSDAY,129400,2004,.9001384638537849,4
NY,LONG ISLAND NEWSDAY,129400,2006,.8484357459042983,5
NY,LONG ISLAND NEWSDAY,129400,2008,.7967330279548107,2
NY,LONG ISLAND NEWSDAY,129400,2010,.7450303100053235,1
NY,LONG ISLAND NEWSDAY,129400,2014,.6416248741063492,1
NY,LONG ISLAND NEWSDAY,129400,2016,.5899221561568621,8
NY,LONG ISLAND NEWSDAY,129400,2018,.5382194382073749,5
NY,LONG ISLAND NEWSDAY,129400,2020,.4865167202578878,8
NY,ITHACA JOURNAL,129700,1950,-.1815470037768117,5
NY,ITHACA JOURNAL,129700,1952,-.1141055970679669,1
NY,ITHACA JOURNAL,129700,1954,-.0466641903591224,3
NY,ITHACA JOURNAL,129700,1956,.0207772163497221,1
NY,ITHACA JOURNAL,129700,1958,.0882186230585668,4
NY,ITHACA JOURNAL,129700,1962,.2231014364762562,4
NY,ITHACA JOURNAL,129700,1964,.2905428431851009,1
NY,ITHACA JOURNAL,129700,1966,.3579842498939457,3
NY,ITHACA JOURNAL,129700,1968,.4254256566027904,1
NY,ITHACA JOURNAL,129700,1970,.4928670633116347,4
NY,ITHACA JOURNAL,129700,1974,.6277498767293241,3
NY,ITHACA JOURNAL,129700,1976,.6951912834381688,4
NY,ITHACA JOURNAL,129700,1978,.7626326901470135,4
NY,ITHACA JOURNAL,129700,1980,.8300740968558579,1
NY,ITHACA JOURNAL,129700,1982,.897515503564703,1
NY,ITHACA JOURNAL,129700,1986,1.032398316982392,4
NY,ITHACA JOURNAL,129700,1988,1.099839723691237,1
NY,ITHACA JOURNAL,129700,1990,1.167281130400081,5
NY,ITHACA JOURNAL,129700,1994,1.30216394381777,1
NY,ITHACA JOURNAL,129700,2002,1.571929570653149,1
NY,NEW YORK DAILY NEWS,130500,1970,-.2624373091098884,2
NY,NEW YORK DAILY NEWS,130500,1974,-.116679214442428,1
NY,NEW YORK DAILY NEWS,130500,1976,-.0438001671086975,1
NY,NEW YORK DAILY NEWS,130500,1978,.0290788802250327,2
NY,NEW YORK DAILY NEWS,130500,1980,.1019579275587629,1
NY,NEW YORK DAILY NEWS,130500,1984,.2477160222262233,1
NY,NEW YORK DAILY NEWS,130500,1988,.3934741168936837,1
NY,NEW YORK DAILY NEWS,130500,1992,.5392322115611441,1
NY,NEW YORK DAILY NEWS,130500,1996,.6849903062286045,1
NY,NEW YORK DAILY NEWS,130500,1998,.7578693535623352,1
NY,NEW YORK DAILY NEWS,130500,2000,.8307484008960654,2
NY,NEW YORK DAILY NEWS,130500,2002,.9036274482297956,4
NY,NEW YORK DAILY NEWS,130500,2004,.9765064955635258,1
NY,NEW YORK DAILY NEWS,130500,2006,1.049385542897256,5
NY,NEW YORK DAILY NEWS,130500,2014,1.340901732232177,1
NY,NEW YORK DAILY NEWS,130500,2016,1.413780779565907,1
NY,NEW YORK DAILY NEWS,130500,2020,1.559538874233368,1
NY,NEW YORK POST,130550,1952,3.978199510979088,1
NY,NEW YORK POST,130550,1960,3.229081848278268,1
NY,NEW YORK POST,130550,1968,2.479964185577448,1
NY,NEW YORK POST,130550,1970,2.292684769902244,1
NY,NEW YORK POST,130550,1972,2.105405354227038,1
NY,NEW YORK POST,130550,1974,1.918125938551833,2
NY,NEW YORK POST,130550,1976,1.730846522876628,1
NY,NEW YORK POST,130550,1978,1.543567107201423,1
NY,NEW YORK POST,130550,1980,1.356287691526218,1
NY,NEW YORK POST,130550,1984,.9817288601758084,1
NY,NEW YORK POST,130550,1988,.6071700288253985,1
NY,NEW YORK POST,130550,1992,.2326111974749887,1
NY,NEW YORK POST,130550,1996,-.1419476338754213,1
NY,NEW YORK POST,130550,1998,-.3292270495506266,4
NY,NEW YORK POST,130550,2000,-.5165064652258311,3
NY,NEW YORK POST,130550,2002,-.7037858809010366,4
NY,NEW YORK POST,130550,2004,-.891065296576241,2
NY,NEW YORK POST,130550,2006,-1.078344712251446,4
NY,NEW YORK POST,130550,2008,-1.265624127926651,1
NY,NEW YORK POST,130550,2014,-1.827462374952266,3
NY,NEW YORK POST,130550,2016,-2.014741790627472,5
NY,NEW YORK POST,130550,2018,-2.202021206302676,9
NY,NEW YORK POST,130550,2020,-2.389300621977882,7
NY,NEW YORK TIMES,130600,1950,.5963033825924807,5
NY,NEW YORK TIMES,130600,1952,.6214736860128727,3
NY,NEW YORK TIMES,130600,1954,.6466439894332645,3
NY,NEW YORK TIMES,130600,1956,.6718142928536569,4
NY,NEW YORK TIMES,130600,1958,.6969845962740487,9
NY,NEW YORK TIMES,130600,1960,.7221548996944407,3
NY,NEW YORK TIMES,130600,1962,.7473252031148325,12
NY,NEW YORK TIMES,130600,1964,.7724955065352249,9
NY,NEW YORK TIMES,130600,1966,.7976658099556168,7
NY,NEW YORK TIMES,130600,1968,.8228361133760087,10
NY,NEW YORK TIMES,130600,1970,.8480064167964005,14
NY,NEW YORK TIMES,130600,1972,.8731767202167925,6
NY,NEW YORK TIMES,130600,1974,.8983470236371849,8
NY,NEW YORK TIMES,130600,1976,.9235173270575767,10
NY,NEW YORK TIMES,130600,1978,.9486876304779687,16
NY,NEW YORK TIMES,130600,1980,.9738579338983605,13
NY,NEW YORK TIMES,130600,1982,.9990282373187529,17
NY,NEW YORK TIMES,130600,1984,1.024198540739145,6
NY,NEW YORK TIMES,130600,1986,1.049368844159537,16
NY,NEW YORK TIMES,130600,1988,1.074539147579929,12
NY,NEW YORK TIMES,130600,1990,1.09970945100032,14
NY,NEW YORK TIMES,130600,1992,1.124879754420713,15
NY,NEW YORK TIMES,130600,1994,1.150050057841105,18
NY,NEW YORK TIMES,130600,1996,1.175220361261497,13
NY,NEW YORK TIMES,130600,1998,1.200390664681889,16
NY,NEW YORK TIMES,130600,2000,1.225560968102281,13
NY,NEW YORK TIMES,130600,2002,1.250731271522673,13
NY,NEW YORK TIMES,130600,2004,1.275901574943065,7
NY,NEW YORK TIMES,130600,2006,1.301071878363457,15
NY,NEW YORK TIMES,130600,2008,1.326242181783848,6
NY,NEW YORK TIMES,130600,2010,1.351412485204241,24
NY,NEW YORK TIMES,130600,2012,1.376582788624633,5
NY,NEW YORK TIMES,130600,2014,1.401753092045025,3
NY,NEW YORK TIMES,130600,2016,1.426923395465417,6
NY,NEW YORK TIMES,130600,2018,1.452093698885809,8
NY,NIAGARA FALLS GAZETTE,130750,1950,.4838722868197677,1
NY,NIAGARA FALLS GAZETTE,130750,1952,.5014869375145771,2
NY,NIAGARA FALLS GAZETTE,130750,1954,.519101588209386,1
NY,NIAGARA FALLS GAZETTE,130750,1956,.5367162389041954,1
NY,NIAGARA FALLS GAZETTE,130750,1958,.5543308895990048,2
NY,NIAGARA FALLS GAZETTE,130750,1960,.5719455402938142,1
NY,NIAGARA FALLS GAZETTE,130750,1964,.6071748416834325,2
NY,NIAGARA FALLS GAZETTE,130750,1976,.7128627458522883,1
NY,NIAGARA FALLS GAZETTE,130750,1980,.7480920472419066,1
NY,NIAGARA FALLS GAZETTE,130750,1994,.8713946021055714,1
NY,NIAGARA FALLS GAZETTE,130750,2008,.9946971569692361,1
NY,ONEIDA DAILY DISPATCH,130880,1952,.0371968552520789,1
NY,ONEIDA DAILY DISPATCH,130880,1956,-.1003972149425732,1
NY,ONEIDA DAILY DISPATCH,130880,1960,-.2379912851372251,1
NY,ONEIDA DAILY DISPATCH,130880,1964,-.3755853553318769,1
NY,ONEIDA DAILY DISPATCH,130880,1968,-.5131794255265287,1
NY,ONEIDA DAILY DISPATCH,130880,1970,-.581976460623855,1
NY,ONEIDA DAILY DISPATCH,130880,1972,-.6507734957211807,1
NY,ONEIDA DAILY DISPATCH,130880,1984,-1.063555706305136,1
NY,ONEIDA DAILY DISPATCH,130880,2000,-1.613931987083744,1
NY,ONEIDA DAILY DISPATCH,130880,2004,-1.751526057278396,1
NY,POUGHKEEPSIE JOURNAL,131100,1978,.773184940604313,1
NY,POUGHKEEPSIE JOURNAL,131100,1982,.7093695062871652,1
NY,POUGHKEEPSIE JOURNAL,131100,1984,.6774617891285909,1
NY,POUGHKEEPSIE JOURNAL,131100,2004,.3583846175428509,1
NY,POUGHKEEPSIE JOURNAL,131100,2006,.3264769003842766,6
NY,POUGHKEEPSIE JOURNAL,131100,2008,.2945691832257028,1
NY,ROCHESTER DEMOCRAT AND CHRONICLE,131150,1950,-.0417248078359321,5
NY,ROCHESTER DEMOCRAT AND CHRONICLE,131150,1952,-.0027602060017469,2
NY,ROCHESTER DEMOCRAT AND CHRONICLE,131150,1954,.0362043958324382,3
NY,ROCHESTER DEMOCRAT AND CHRONICLE,131150,1956,.0751689976666238,1
NY,ROCHESTER DEMOCRAT AND CHRONICLE,131150,1958,.114133599500809,3
NY,ROCHESTER DEMOCRAT AND CHRONICLE,131150,1960,.1530982013349941,1
NY,ROCHESTER DEMOCRAT AND CHRONICLE,131150,1962,.1920628031691793,4
NY,ROCHESTER DEMOCRAT AND CHRONICLE,131150,1964,.2310274050033644,2
NY,ROCHESTER DEMOCRAT AND CHRONICLE,131150,1966,.26999200683755,3
NY,ROCHESTER DEMOCRAT AND CHRONICLE,131150,1968,.3089566086717351,4
NY,ROCHESTER DEMOCRAT AND CHRONICLE,131150,1970,.3479212105059203,4
NY,ROCHESTER DEMOCRAT AND CHRONICLE,131150,1974,.425850414174291,3
NY,ROCHESTER DEMOCRAT AND CHRONICLE,131150,1976,.4648150160084762,3
NY,ROCHESTER DEMOCRAT AND CHRONICLE,131150,1978,.5037796178426613,4
NY,ROCHESTER DEMOCRAT AND CHRONICLE,131150,1980,.5427442196768465,1
NY,ROCHESTER DEMOCRAT AND CHRONICLE,131150,1982,.5817088215110316,4
NY,ROCHESTER DEMOCRAT AND CHRONICLE,131150,1984,.6206734233452168,1
NY,ROCHESTER DEMOCRAT AND CHRONICLE,131150,1986,.6596380251794024,4
NY,ROCHESTER DEMOCRAT AND CHRONICLE,131150,1988,.6986026270135876,2
NY,ROCHESTER DEMOCRAT AND CHRONICLE,131150,1990,.7375672288477727,4
NY,ROCHESTER DEMOCRAT AND CHRONICLE,131150,1992,.7765318306819579,4
NY,ROCHESTER DEMOCRAT AND CHRONICLE,131150,1994,.8154964325161435,5
NY,ROCHESTER DEMOCRAT AND CHRONICLE,131150,1996,.8544610343503286,4
NY,ROCHESTER DEMOCRAT AND CHRONICLE,131150,1998,.8934256361845138,6
NY,ROCHESTER DEMOCRAT AND CHRONICLE,131150,2000,.9323902380186989,11
NY,ROCHESTER DEMOCRAT AND CHRONICLE,131150,2002,.9713548398528841,11
NY,ROCHESTER DEMOCRAT AND CHRONICLE,131150,2004,1.010319441687069,2
NY,ROCHESTER DEMOCRAT AND CHRONICLE,131150,2006,1.049284043521254,15
NY,ROCHESTER DEMOCRAT AND CHRONICLE,131150,2008,1.08824864535544,3
NY,ROCHESTER DEMOCRAT AND CHRONICLE,131150,2010,1.127213247189625,4
NY,ROCHESTER DEMOCRAT AND CHRONICLE,131150,2012,1.166177849023811,4
NY,ROCHESTER TIMES UNION,131151,1952,-.5733539351595545,1
NY,ROCHESTER TIMES UNION,131151,1956,-.5058014641398421,1
NY,ROCHESTER TIMES UNION,131151,1960,-.4382489931201296,1
NY,ROCHESTER TIMES UNION,131151,1964,-.3706965221004172,1
NY,ROCHESTER TIMES UNION,131151,1968,-.3031440510807048,1
NY,ROCHESTER TIMES UNION,131151,1970,-.2693678155708485,1
NY,ROCHESTER TIMES UNION,131151,1974,-.2018153445511358,1
NY,ROCHESTER TIMES UNION,131151,1976,-.1680391090412797,1
NY,ROCHESTER TIMES UNION,131151,1978,-.1342628735314234,1
NY,ROCHESTER TIMES UNION,131151,1982,-.066710402511711,1
NY,ROCHESTER TIMES UNION,131151,1984,-.0329341670018547,1
NY,STATEN ISLAND ADVANCE,131450,1970,2.968303352355643,1
NY,STATEN ISLAND ADVANCE,131450,1976,2.577460394732759,1
NY,STATEN ISLAND ADVANCE,131450,1978,2.447179408858464,1
NY,STATEN ISLAND ADVANCE,131450,2002,.8838075783669325,3
NY,STATEN ISLAND ADVANCE,131450,2004,.753526592492638,2
NY,STATEN ISLAND ADVANCE,131450,2006,.6232456066183434,4
NY,STATEN ISLAND ADVANCE,131450,2008,.4929646207440493,1
NY,STATEN ISLAND ADVANCE,131450,2012,.2324026489954607,1
NY,STATEN ISLAND ADVANCE,131450,2014,.1021216631211661,1
NY,SYRACUSE POST STANDARD,131500,1952,-.2348252676527954,1
NY,SYRACUSE POST STANDARD,131500,1954,-.2206243750203183,3
NY,SYRACUSE POST STANDARD,131500,1956,-.2064234823878411,1
NY,SYRACUSE POST STANDARD,131500,1960,-.1780216971228868,1
NY,SYRACUSE POST STANDARD,131500,1962,-.1638208044904096,3
NY,SYRACUSE POST STANDARD,131500,1964,-.1496199118579325,2
NY,SYRACUSE POST STANDARD,131500,1966,-.1354190192254553,4
NY,SYRACUSE POST STANDARD,131500,1968,-.1212181265929782,1
NY,SYRACUSE POST STANDARD,131500,1970,-.107017233960501,1
NY,SYRACUSE POST STANDARD,131500,1974,-.0786154486955467,5
NY,SYRACUSE POST STANDARD,131500,1976,-.0644145560630695,3
NY,SYRACUSE POST STANDARD,131500,1978,-.0502136634305924,1
NY,SYRACUSE POST STANDARD,131500,1980,-.0360127707981152,1
NY,SYRACUSE POST STANDARD,131500,1984,-.0076109855331609,1
NY,SYRACUSE POST STANDARD,131500,1988,.0207907997317936,1
NY,SYRACUSE POST STANDARD,131500,1990,.0349916923642708,5
NY,SYRACUSE POST STANDARD,131500,1992,.0491925849967479,3
NY,SYRACUSE POST STANDARD,131500,1994,.0633934776292251,4
NY,SYRACUSE POST STANDARD,131500,1996,.0775943702617023,2
NY,SYRACUSE POST STANDARD,131500,1998,.0917952628941794,4
NY,SYRACUSE POST STANDARD,131500,2000,.1059961555266566,3
NY,SYRACUSE POST STANDARD,131500,2002,.1201970481591337,4
NY,SYRACUSE POST STANDARD,131500,2004,.1343979407916109,3
NY,SYRACUSE POST STANDARD,131500,2006,.148598833424088,6
NY,SYRACUSE POST STANDARD,131500,2008,.1627997260565652,1
NY,SYRACUSE POST STANDARD,131500,2020,.2480050818514281,1
NY,SYRACUSE HERALD JOURNAL,131501,1952,.8131370353365742,1
NY,SYRACUSE HERALD JOURNAL,131501,1956,.5622264274521532,1
NY,SYRACUSE HERALD JOURNAL,131501,1960,.3113158195677323,1
NY,SYRACUSE HERALD JOURNAL,131501,1962,.1858605156255221,1
NY,SYRACUSE HERALD JOURNAL,131501,1964,.0604052116833114,2
NY,SYRACUSE HERALD JOURNAL,131501,1968,-.1905053962011091,2
NY,SYRACUSE HERALD JOURNAL,131501,1974,-.5668713080277402,2
NY,SYRACUSE HERALD JOURNAL,131501,1976,-.6923266119699507,2
NY,SYRACUSE HERALD JOURNAL,131501,1978,-.8177819159121612,2
NY,SYRACUSE HERALD JOURNAL,131501,1984,-1.194147827738792,1
NY,TROY RECORD,131600,1950,.3087804966227151,5
NY,TROY RECORD,131600,1952,.2966153869637467,2
NY,TROY RECORD,131600,1954,.284450277304778,3
NY,TROY RECORD,131600,1956,.2722851676458097,1
NY,TROY RECORD,131600,1964,.223624729009936,1
NY,TROY RECORD,131600,1970,.1871294000330306,1
NY,TROY RECORD,131600,1974,.1627991807150935,4
NY,TROY RECORD,131600,1976,.1506340710561252,1
NY,TROY RECORD,131600,2006,-.0318425738284015,4
NY,UTICA OBSERVER DISPATCH,131650,1952,-.9078239886954312,1
NY,UTICA OBSERVER DISPATCH,131650,1956,-.7260560119277873,1
NY,UTICA OBSERVER DISPATCH,131650,1960,-.5442880351601435,1
NY,UTICA OBSERVER DISPATCH,131650,1964,-.3625200583924999,1
NY,UTICA OBSERVER DISPATCH,131650,1970,-.0898680932410342,2
NY,UTICA OBSERVER DISPATCH,131650,1972,.0010158951427878,1
NY,UTICA OBSERVER DISPATCH,131650,1974,.0918998835266094,1
NY,UTICA OBSERVER DISPATCH,131650,1976,.1827838719104315,1
NY,UTICA OBSERVER DISPATCH,131650,1978,.2736678602942535,1
NY,UTICA OBSERVER DISPATCH,131650,1980,.3645518486780751,1
NY,UTICA OBSERVER DISPATCH,131650,1984,.5463198254457192,1
NY,UTICA OBSERVER DISPATCH,131650,1992,.9098557789810064,1
NY,UTICA DAILY PRESS,131651,1952,-.7129411143844647,1
NY,UTICA DAILY PRESS,131651,1960,-.4801612455464667,1
NY,UTICA DAILY PRESS,131651,1964,-.3637713111274676,1
NY,UTICA DAILY PRESS,131651,1968,-.2473813767084688,1
NY,UTICA DAILY PRESS,131651,1970,-.1891864094989692,2
NY,UTICA DAILY PRESS,131651,1974,-.0727964750799704,1
NY,UTICA DAILY PRESS,131651,1976,-.0146015078704707,1
NY,UTICA DAILY PRESS,131651,1978,.0435934593390289,1
NY,UTICA DAILY PRESS,131651,1980,.1017884265485281,1
NY,UTICA DAILY PRESS,131651,1984,.2181783609675273,1
NY,WATERTOWN DAILY TIMES,131700,1992,-.7393314833076158,2
NY,WATERTOWN DAILY TIMES,131700,1994,-.6139188569615858,4
NY,WATERTOWN DAILY TIMES,131700,1998,-.3630936042695257,4
NY,WATERTOWN DAILY TIMES,131700,2000,-.2376809779234957,1
NY,WATERTOWN DAILY TIMES,131700,2002,-.1122683515774662,3
NY,WATERTOWN DAILY TIMES,131700,2004,.0131442747685638,2
NY,WATERTOWN DAILY TIMES,131700,2006,.1385569011145938,5
NY,WATERTOWN DAILY TIMES,131700,2008,.2639695274606239,1
NY,WESTCHESTER COUNTY JOURNAL NEWS,131888,1998,.0421577428540444,4
NY,WHITE PLAINS JOURNAL NEWS,131888,2000,.2617526420471203,1
NY,WESTCHESTER COUNTY JOURNAL NEWS,131888,2002,.4813475412401962,3
NY,WESTCHESTER COUNTY JOURNAL NEWS,131888,2004,.700942440433272,1
NY,WESTCHESTER COUNTY JOURNAL NEWS,131888,2006,.920537339626348,2
NY,WESTCHESTER COUNTY JOURNAL NEWS,131888,2008,1.140132238819423,1
NY,YONKERS HERALD STATESMAN,132150,1952,-.9135822378446127,1
NY,YONKERS HERALD STATESMAN,132150,1956,-.7448099221231683,1
NY,YONKERS HERALD STATESMAN,132150,1960,-.5760376064017243,1
NY,YONKERS HERALD STATESMAN,132150,1964,-.4072652906802802,1
NY,YONKERS HERALD STATESMAN,132150,1968,-.2384929749588361,1
NY,YONKERS HERALD STATESMAN,132150,1970,-.1541068170981138,1
NY,YONKERS HERALD STATESMAN,132150,1976,.0990516564840525,1
NY,YONKERS HERALD STATESMAN,132150,1978,.1834378143447746,5
NY,YONKERS HERALD STATESMAN,132150,1988,.6053686036483849,3
NY,BUFFALO COURIER EXPRESS,600009,1968,1.572472530577077,1
NY,BUFFALO COURIER EXPRESS,600009,1970,1.097857307097843,2
NY,BUFFALO COURIER EXPRESS,600009,1972,.6232420836186074,1
NY,BUFFALO COURIER EXPRESS,600009,1974,.1486268601393723,2
NY,BUFFALO COURIER EXPRESS,600009,1976,-.3259883633398619,2
NY,BUFFALO COURIER EXPRESS,600009,1978,-.800603586819097,1
NY,BUFFALO COURIER EXPRESS,600009,1980,-1.275218810298331,1
OH,AKRON BEACON JOURNAL,134150,1950,-.2795772598913056,10
OH,AKRON BEACON JOURNAL,134150,1952,-.2452684208777702,6
OH,AKRON BEACON JOURNAL,134150,1954,-.2109595818642349,9
OH,AKRON BEACON JOURNAL,134150,1956,-.1766507428506997,11
OH,AKRON BEACON JOURNAL,134150,1958,-.1423419038371644,6
OH,AKRON BEACON JOURNAL,134150,1960,-.108033064823629,5
OH,AKRON BEACON JOURNAL,134150,1962,-.0737242258100937,10
OH,AKRON BEACON JOURNAL,134150,1964,-.0394153867965583,7
OH,AKRON BEACON JOURNAL,134150,1966,-.0051065477830232,7
OH,AKRON BEACON JOURNAL,134150,1968,.0292022912305124,5
OH,AKRON BEACON JOURNAL,134150,1970,.0635111302440475,10
OH,AKRON BEACON JOURNAL,134150,1972,.0978199692575826,4
OH,AKRON BEACON JOURNAL,134150,1974,.1321288082711182,10
OH,AKRON BEACON JOURNAL,134150,1976,.1664376472846534,2
OH,AKRON BEACON JOURNAL,134150,1978,.2007464862981885,8
OH,AKRON BEACON JOURNAL,134150,1980,.235055325311724,5
OH,AKRON BEACON JOURNAL,134150,1982,.2693641643252592,9
OH,AKRON BEACON JOURNAL,134150,1984,.3036730033387948,3
OH,AKRON BEACON JOURNAL,134150,1986,.3379818423523299,9
OH,AKRON BEACON JOURNAL,134150,1988,.3722906813658655,4
OH,AKRON BEACON JOURNAL,134150,1990,.4065995203794006,7
OH,AKRON BEACON JOURNAL,134150,1992,.4409083593929357,5
OH,AKRON BEACON JOURNAL,134150,1994,.4752171984064713,8
OH,AKRON BEACON JOURNAL,134150,1996,.5095260374200064,1
OH,AKRON BEACON JOURNAL,134150,1998,.5438348764335416,8
OH,AKRON BEACON JOURNAL,134150,2000,.5781437154470771,4
OH,AKRON BEACON JOURNAL,134150,2002,.6124525544606122,7
OH,AKRON BEACON JOURNAL,134150,2004,.6467613934741474,3
OH,AKRON BEACON JOURNAL,134150,2006,.6810702324876829,8
OH,AKRON BEACON JOURNAL,134150,2008,.715379071501218,8
OH,AKRON BEACON JOURNAL,134150,2010,.7496879105147531,16
OH,AKRON BEACON JOURNAL,134150,2012,.7839967495282888,10
OH,AKRON BEACON JOURNAL,134150,2014,.8183055885418243,6
OH,AKRON BEACON JOURNAL,134150,2016,.8526144275553594,1
OH,AKRON BEACON JOURNAL,134150,2018,.8869232665688946,8
OH,CANTON REPOSITORY,134600,1952,-.4392186850310804,1
OH,CANTON REPOSITORY,134600,1956,-.4042915419208523,2
OH,CANTON REPOSITORY,134600,1958,-.3868279703657385,1
OH,CANTON REPOSITORY,134600,1960,-.3693643988106246,1
OH,CANTON REPOSITORY,134600,1962,-.3519008272555104,1
OH,CANTON REPOSITORY,134600,1964,-.3344372557003965,1
OH,CANTON REPOSITORY,134600,1966,-.3169736841452826,1
OH,CANTON REPOSITORY,134600,1968,-.2995101125901685,1
OH,CANTON REPOSITORY,134600,1978,-.2121922548145987,1
OH,CANTON REPOSITORY,134600,1980,-.1947286832594846,1
OH,CANTON REPOSITORY,134600,1988,-.1248743970390288,1
OH,CANTON REPOSITORY,134600,2000,-.0200929677083451,1
OH,CANTON REPOSITORY,134600,2004,.0148341754018827,3
OH,CANTON REPOSITORY,134600,2006,.0322977469569968,8
OH,CANTON REPOSITORY,134600,2008,.049761318512111,1
OH,CINCINNATI ENQUIRER,134700,1950,-.8169134126157632,11
OH,CINCINNATI ENQUIRER,134700,1952,-.8005007737660439,9
OH,CINCINNATI ENQUIRER,134700,1954,-.7840881349163247,11
OH,CINCINNATI ENQUIRER,134700,1956,-.7676754960666052,13
OH,CINCINNATI ENQUIRER,134700,1958,-.751262857216886,8
OH,CINCINNATI ENQUIRER,134700,1960,-.7348502183671668,4
OH,CINCINNATI ENQUIRER,134700,1962,-.7184375795174475,13
OH,CINCINNATI ENQUIRER,134700,1964,-.7020249406677282,9
OH,CINCINNATI ENQUIRER,134700,1966,-.685612301818009,9
OH,CINCINNATI ENQUIRER,134700,1968,-.6691996629682898,9
OH,CINCINNATI ENQUIRER,134700,1970,-.6527870241185704,13
OH,CINCINNATI ENQUIRER,134700,1972,-.636374385268851,6
OH,CINCINNATI ENQUIRER,134700,1974,-.6199617464191318,12
OH,CINCINNATI ENQUIRER,134700,1976,-.6035491075694126,2
OH,CINCINNATI ENQUIRER,134700,1978,-.5871364687196934,12
OH,CINCINNATI ENQUIRER,134700,1980,-.5707238298699739,9
OH,CINCINNATI ENQUIRER,134700,1982,-.5543111910202546,12
OH,CINCINNATI ENQUIRER,134700,1984,-.5378985521705354,6
OH,CINCINNATI ENQUIRER,134700,1986,-.5214859133208162,11
OH,CINCINNATI ENQUIRER,134700,1988,-.505073274471097,7
OH,CINCINNATI ENQUIRER,134700,1990,-.4886606356213775,9
OH,CINCINNATI ENQUIRER,134700,1992,-.4722479967716585,7
OH,CINCINNATI ENQUIRER,134700,1994,-.455835357921939,1
OH,CINCINNATI ENQUIRER,134700,1996,-.4394227190722197,7
OH,CINCINNATI ENQUIRER,134700,1998,-.4230100802225005,11
OH,CINCINNATI ENQUIRER,134700,2000,-.4065974413727813,8
OH,CINCINNATI ENQUIRER,134700,2002,-.390184802523062,11
OH,CINCINNATI ENQUIRER,134700,2004,-.3737721636733425,4
OH,CINCINNATI ENQUIRER,134700,2006,-.3573595248236233,8
OH,CINCINNATI ENQUIRER,134700,2008,-.3409468859739041,4
OH,CINCINNATI ENQUIRER,134700,2010,-.3245342471241848,5
OH,CINCINNATI ENQUIRER,134700,2012,-.3081216082744656,1
OH,CINCINNATI ENQUIRER,134700,2014,-.2917089694247461,5
OH,CINCINNATI ENQUIRER,134700,2016,-.2752963305750271,2
OH,CINCINNATI POST,134750,1950,.0242605737799883,6
OH,CINCINNATI POST,134750,1952,.0087723718698585,9
OH,CINCINNATI POST,134750,1954,-.006715830040271,7
OH,CINCINNATI POST,134750,1956,-.0222040319504006,9
OH,CINCINNATI POST,134750,1958,-.0376922338605303,7
OH,CINCINNATI POST,134750,1960,-.0531804357706599,4
OH,CINCINNATI POST,134750,1962,-.0686686376807896,8
OH,CINCINNATI POST,134750,1964,-.0841568395909193,4
OH,CINCINNATI POST,134750,1966,-.0996450415010489,7
OH,CINCINNATI POST,134750,1968,-.1151332434111788,5
OH,CINCINNATI POST,134750,1970,-.1306214453213085,7
OH,CINCINNATI POST,134750,1972,-.1461096472314381,3
OH,CINCINNATI POST,134750,1974,-.1615978491415678,8
OH,CINCINNATI POST,134750,1976,-.1770860510516974,5
OH,CINCINNATI POST,134750,1978,-.1925742529618271,7
OH,CINCINNATI POST,134750,1980,-.2080624548719567,4
OH,CINCINNATI POST,134750,1982,-.2235506567820864,8
OH,CINCINNATI POST,134750,1984,-.2390388586922161,2
OH,CINCINNATI POST,134750,1986,-.2545270606023457,7
OH,CINCINNATI POST,134750,1988,-.2700152625124754,4
OH,CINCINNATI POST,134750,1990,-.285503464422605,7
OH,CINCINNATI POST,134750,1992,-.3009916663327347,4
OH,CINCINNATI POST,134750,1994,-.3164798682428646,9
OH,CINCINNATI POST,134750,1996,-.331968070152994,7
OH,CINCINNATI POST,134750,1998,-.3474562720631238,11
OH,CINCINNATI POST,134750,2000,-.3629444739732533,6
OH,CINCINNATI POST,134750,2002,-.3784326758833832,9
OH,CINCINNATI POST,134750,2004,-.3939208777935128,4
OH,CINCINNATI POST,134750,2006,-.4094090797036425,4
OH,CLEVELAND PLAIN DEALER,134800,1952,-.7514042794215643,2
OH,CLEVELAND PLAIN DEALER,134800,1956,-.6651778113480101,2
OH,CLEVELAND PLAIN DEALER,134800,1960,-.5789513432744559,2
OH,CLEVELAND PLAIN DEALER,134800,1964,-.4927248752009017,2
OH,CLEVELAND PLAIN DEALER,134800,1968,-.4064984071273475,2
OH,CLEVELAND PLAIN DEALER,134800,1972,-.3202719390537934,2
OH,CLEVELAND PLAIN DEALER,134800,1976,-.2340454709802389,2
OH,CLEVELAND PLAIN DEALER,134800,1980,-.1478190029066847,2
OH,CLEVELAND PLAIN DEALER,134800,1984,-.0615925348331306,2
OH,CLEVELAND PLAIN DEALER,134800,1988,.0246339332404239,2
OH,CLEVELAND PLAIN DEALER,134800,1992,.1108604013139778,2
OH,CLEVELAND PLAIN DEALER,134800,1996,.1970868693875322,2
OH,CLEVELAND PLAIN DEALER,134800,2000,.2833133374610866,2
OH,CLEVELAND PLAIN DEALER,134800,2008,.4557662736081945,10
OH,CLEVELAND PLAIN DEALER,134800,2010,.498879507644972,16
OH,CLEVELAND PLAIN DEALER,134800,2012,.5419927416817489,12
OH,CLEVELAND PLAIN DEALER,134800,2014,.5851059757185264,2
OH,CLEVELAND PLAIN DEALER,134800,2016,.6282192097553034,3
OH,CLEVELAND PLAIN DEALER,134800,2018,.6713324437920803,8
OH,CLEVELAND PLAIN DEALER,134800,2020,.7144456778288574,4
OH,MANSFIELD NEWS JOURNAL,134900,1962,-.2797315403022214,1
OH,MANSFIELD NEWS JOURNAL,134900,1966,-.199014843231553,7
OH,MANSFIELD NEWS JOURNAL,134900,1968,-.1586564946962188,5
OH,MANSFIELD NEWS JOURNAL,134900,1970,-.1182981461608845,10
OH,MANSFIELD NEWS JOURNAL,134900,1974,-.0375814490902161,8
OH,MANSFIELD NEWS JOURNAL,134900,2004,.5677937789397973,1
OH,MANSFIELD NEWS JOURNAL,134900,2008,.6485104760104655,1
OH,MANSFIELD NEWS JOURNAL,134900,2012,.7292271730811336,1
OH,COLUMBUS DISPATCH,135000,1952,-1.098816348796814,2
OH,COLUMBUS DISPATCH,135000,1956,-1.085636488002559,2
OH,COLUMBUS DISPATCH,135000,1960,-1.072456627208304,2
OH,COLUMBUS DISPATCH,135000,1972,-1.03291704482554,2
OH,COLUMBUS DISPATCH,135000,1976,-1.019737184031285,2
OH,COLUMBUS DISPATCH,135000,1980,-1.006557323237031,2
OH,COLUMBUS DISPATCH,135000,1984,-.993377462442776,2
OH,COLUMBUS DISPATCH,135000,1988,-.9801976016485213,2
OH,COLUMBUS DISPATCH,135000,1992,-.9670177408542665,2
OH,COLUMBUS DISPATCH,135000,1996,-.9538378800600118,2
OH,COLUMBUS DISPATCH,135000,2000,-.9406580192657572,2
OH,COLUMBUS DISPATCH,135000,2004,-.9274781584715025,2
OH,COLUMBUS DISPATCH,135000,2008,-.9142982976772477,2
OH,COLUMBUS DISPATCH,135000,2012,-.901118436882993,1
OH,COLUMBUS DISPATCH,135000,2014,-.8945285064858657,4
OH,COLUMBUS DISPATCH,135000,2016,-.8879385760887382,3
OH,COLUMBUS DISPATCH,135000,2020,-.8747587152944835,2
OH,COLUMBUS CITIZEN JOURNAL,135001,1952,-.0873387118850514,1
OH,COLUMBUS CITIZEN JOURNAL,135001,1956,-.123487869546057,3
OH,COLUMBUS CITIZEN JOURNAL,135001,1958,-.1415624483765599,1
OH,COLUMBUS CITIZEN JOURNAL,135001,1960,-.1596370272070625,1
OH,COLUMBUS CITIZEN JOURNAL,135001,1962,-.1777116060375654,2
OH,COLUMBUS CITIZEN JOURNAL,135001,1964,-.1957861848680681,1
OH,COLUMBUS CITIZEN JOURNAL,135001,1966,-.213860763698571,2
OH,COLUMBUS CITIZEN JOURNAL,135001,1968,-.2319353425290737,1
OH,COLUMBUS CITIZEN JOURNAL,135001,1970,-.2500099213595766,3
OH,COLUMBUS CITIZEN JOURNAL,135001,1972,-.2680845001900792,1
OH,COLUMBUS CITIZEN JOURNAL,135001,1974,-.2861590790205821,1
OH,COLUMBUS CITIZEN JOURNAL,135001,1976,-.3042336578510848,1
OH,COLUMBUS CITIZEN JOURNAL,135001,1978,-.3223082366815877,1
OH,COLUMBUS CITIZEN JOURNAL,135001,1980,-.3403828155120904,1
OH,COLUMBUS CITIZEN JOURNAL,135001,1982,-.358457394342593,2
OH,COLUMBUS CITIZEN JOURNAL,135001,1984,-.3765319731730959,1
OH,DAYTON DAILY NEWS JOURNAL HERALD,135100,1988,.3600355752097335,4
OH,DAYTON DAILY NEWS JOURNAL HERALD,135100,1990,.3916192114994381,6
OH,DAYTON DAILY NEWS JOURNAL HERALD,135100,1992,.4232028477891432,1
OH,DAYTON DAILY NEWS JOURNAL HERALD,135100,1994,.4547864840788478,8
OH,DAYTON DAILY NEWS JOURNAL HERALD,135100,1996,.4863701203685529,5
OH,DAYTON DAILY NEWS JOURNAL HERALD,135100,1998,.5179537566582575,10
OH,DAYTON DAILY NEWS JOURNAL HERALD,135100,2000,.5495373929479621,7
OH,DAYTON DAILY NEWS JOURNAL HERALD,135100,2002,.5811210292376667,10
OH,DAYTON DAILY NEWS JOURNAL HERALD,135100,2004,.6127046655273718,2
OH,DAYTON DAILY NEWS JOURNAL HERALD,135100,2006,.6442883018170764,5
OH,DAYTON DAILY NEWS JOURNAL HERALD,135100,2008,.6758719381067815,4
OH,DAYTON DAILY NEWS,135101,1952,1.289692608901505,1
OH,DAYTON DAILY NEWS,135101,1956,1.254549333398062,1
OH,DAYTON DAILY NEWS,135101,1960,1.219406057894619,6
OH,DAYTON DAILY NEWS,135101,1962,1.201834420142898,10
OH,DAYTON DAILY NEWS,135101,1964,1.184262782391176,7
OH,DAYTON DAILY NEWS,135101,1966,1.166691144639455,1
OH,DAYTON DAILY NEWS,135101,1968,1.149119506887733,15
OH,DAYTON DAILY NEWS,135101,1970,1.131547869136011,19
OH,DAYTON DAILY NEWS,135101,1972,1.11397623138429,14
OH,DAYTON DAILY NEWS,135101,1974,1.096404593632568,18
OH,DAYTON DAILY NEWS,135101,1976,1.078832955880846,10
OH,DAYTON DAILY NEWS,135101,1978,1.061261318129125,16
OH,DAYTON DAILY NEWS,135101,1980,1.043689680377403,13
OH,DAYTON DAILY NEWS,135101,1982,1.026118042625682,15
OH,DAYTON DAILY NEWS,135101,1984,1.00854640487396,11
OH,DAYTON DAILY NEWS,135101,1986,.9909747671222386,9
OH,DAYTON DAILY NEWS,135101,2004,.8328300273567444,1
OH,DAYTON DAILY NEWS,135101,2008,.7976867518533013,1
OH,DAYTON JOURNAL HERALD,135102,1952,-.0521894427981537,1
OH,DAYTON JOURNAL HERALD,135102,1956,-.0967268343288148,2
OH,DAYTON JOURNAL HERALD,135102,1958,-.1189955300941454,1
OH,DAYTON JOURNAL HERALD,135102,1960,-.1412642258594759,4
OH,DAYTON JOURNAL HERALD,135102,1962,-.1635329216248063,11
OH,DAYTON JOURNAL HERALD,135102,1964,-.185801617390137,1
OH,DAYTON JOURNAL HERALD,135102,1966,-.2080703131554674,1
OH,DAYTON JOURNAL HERALD,135102,1968,-.2303390089207979,14
OH,DAYTON JOURNAL HERALD,135102,1970,-.2526077046861285,16
OH,DAYTON JOURNAL HERALD,135102,1972,-.2748764004514589,11
OH,DAYTON JOURNAL HERALD,135102,1974,-.2971450962167896,19
OH,DAYTON JOURNAL HERALD,135102,1976,-.3194137919821201,10
OH,DAYTON JOURNAL HERALD,135102,1978,-.3416824877474507,16
OH,DAYTON JOURNAL HERALD,135102,1980,-.3639511835127812,14
OH,DAYTON JOURNAL HERALD,135102,1982,-.3862198792781116,17
OH,DAYTON JOURNAL HERALD,135102,1984,-.4084885750434423,12
OH,MARION STAR,135950,1956,-.4665551612767881,1
OH,MARION STAR,135950,1958,-.5049074658047131,1
OH,MARION STAR,135950,1962,-.5816120748605634,1
OH,MARION STAR,135950,1968,-.6966689884443389,4
OH,MARION STAR,135950,1984,-1.00348742466774,3
OH,MARION STAR,135950,2008,-1.463715079002842,1
OH,MASSILLON INDEPENDENT,136050,1952,-1.010832308902055,1
OH,MASSILLON INDEPENDENT,136050,1956,-.9800895774638496,2
OH,MASSILLON INDEPENDENT,136050,1958,-.9647182117447468,1
OH,MASSILLON INDEPENDENT,136050,1960,-.9493468460256439,1
OH,MASSILLON INDEPENDENT,136050,1962,-.9339754803065412,6
OH,MASSILLON INDEPENDENT,136050,1964,-.9186041145874383,1
OH,MASSILLON INDEPENDENT,136050,1968,-.8878613831492327,1
OH,MASSILLON INDEPENDENT,136050,1972,-.8571186517110271,1
OH,MASSILLON INDEPENDENT,136050,1974,-.8417472859919244,5
OH,MASSILLON INDEPENDENT,136050,1976,-.8263759202728215,1
OH,MASSILLON INDEPENDENT,136050,2004,-.611176800205382,1
OH,MASSILLON INDEPENDENT,136050,2008,-.5804340687671764,1
OH,TOLEDO BLADE,136950,1952,1.206698749472067,2
OH,TOLEDO BLADE,136950,1956,1.147730128311524,2
OH,TOLEDO BLADE,136950,1960,1.088761507150981,2
OH,TOLEDO BLADE,136950,1964,1.029792885990438,2
OH,TOLEDO BLADE,136950,1968,.9708242648298949,2
OH,TOLEDO BLADE,136950,1980,.7939184013482663,2
OH,TOLEDO BLADE,136950,1984,.7349497801877236,2
OH,TOLEDO BLADE,136950,1988,.6759811590271809,2
OH,TOLEDO BLADE,136950,1992,.6170125378666377,2
OH,TOLEDO BLADE,136950,1996,.558043916706095,2
OH,TOLEDO BLADE,136950,2000,.4990752955455523,2
OH,TOLEDO BLADE,136950,2002,.469590984965281,2
OH,TOLEDO BLADE,136950,2004,.4401066743850091,2
OH,TOLEDO BLADE,136950,2006,.4106223638047378,1
OH,TOLEDO BLADE,136950,2008,.3811380532244664,2
OH,TOLEDO BLADE,136950,2012,.3221694320639237,5
OH,TOLEDO BLADE,136950,2014,.2926851214836519,5
OH,TOLEDO BLADE,136950,2016,.2632008109033805,1
OH,TOLEDO BLADE,136950,2018,.2337165003231092,6
OH,TOLEDO BLADE,136950,2020,.2042321897428378,2
OH,YOUNGSTOWN VINDICATOR,137250,1952,-.217237993674279,2
OH,YOUNGSTOWN VINDICATOR,137250,1956,-.1709462560768715,2
OH,YOUNGSTOWN VINDICATOR,137250,1960,-.1246545184794639,2
OH,YOUNGSTOWN VINDICATOR,137250,1980,.1068041695075741,2
OH,YOUNGSTOWN VINDICATOR,137250,2000,.338262857494612,2
OH,YOUNGSTOWN VINDICATOR,137250,2016,.5234298078842426,2
OH,CLEVELAND PRESS,600019,1952,.8229178418440278,1
OH,CLEVELAND PRESS,600019,1956,.6147170348130654,3
OH,CLEVELAND PRESS,600019,1958,.5106166312975838,2
OH,CLEVELAND PRESS,600019,1960,.4065162277821024,1
OH,CLEVELAND PRESS,600019,1962,.3024158242666213,2
OH,CLEVELAND PRESS,600019,1964,.1983154207511399,1
OH,CLEVELAND PRESS,600019,1966,.0942150172356589,1
OH,CLEVELAND PRESS,600019,1968,-.0098853862798226,1
OH,CLEVELAND PRESS,600019,1970,-.1139857897953041,3
OH,CLEVELAND PRESS,600019,1972,-.2180861933107854,1
OH,CLEVELAND PRESS,600019,1974,-.3221865968262666,1
OH,CLEVELAND PRESS,600019,1976,-.4262870003417481,1
OH,CLEVELAND PRESS,600019,1978,-.5303874038572294,1
OH,CLEVELAND PRESS,600019,1980,-.6344878073727108,1
OK,OKLAHOMA CITY DAILY OKLAHOMAN,138100,1952,-.4845409138507595,1
OK,OKLAHOMA CITY DAILY OKLAHOMAN,138100,1956,-.6451121444220296,1
OK,OKLAHOMA CITY DAILY OKLAHOMAN,138100,1960,-.8056833749932996,1
OK,OKLAHOMA CITY DAILY OKLAHOMAN,138100,1962,-.8859689902789347,1
OK,OKLAHOMA CITY DAILY OKLAHOMAN,138100,1968,-1.12682583613584,1
OK,OKLAHOMA CITY DAILY OKLAHOMAN,138100,1972,-1.28739706670711,1
OK,OKLAHOMA CITY DAILY OKLAHOMAN,138100,1974,-1.367682681992745,2
OK,OKLAHOMA CITY DAILY OKLAHOMAN,138100,1976,-1.44796829727838,1
OK,OKLAHOMA CITY DAILY OKLAHOMAN,138100,1980,-1.60853952784965,1
OK,OKLAHOMA CITY DAILY OKLAHOMAN,138100,1984,-1.76911075842092,1
OK,OKLAHOMA CITY DAILY OKLAHOMAN,138100,1988,-1.92968198899219,1
OK,OKLAHOMA CITY DAILY OKLAHOMAN,138100,1992,-2.09025321956346,3
OK,OKLAHOMA CITY DAILY OKLAHOMAN,138100,1996,-2.250824450134731,5
OK,OKLAHOMA CITY DAILY OKLAHOMAN,138100,1998,-2.331110065420365,8
OK,OKLAHOMA CITY DAILY OKLAHOMAN,138100,2000,-2.411395680706001,1
OK,OKLAHOMA CITY DAILY OKLAHOMAN,138100,2002,-2.491681295991635,7
OK,DAILY OKLAHOMAN,138100,2004,-2.57196691127727,2
OK,OKLAHOMA CITY DAILY OKLAHOMAN,138100,2006,-2.652252526562906,7
OK,DAILY OKLAHOMAN,138100,2010,-2.812823757134176,5
OK,TULSA WORLD,138250,1952,.133677331348916,1
OK,TULSA WORLD,138250,1956,-.020581752345655,1
OK,TULSA WORLD,138250,1960,-.1748408360402262,1
OK,TULSA WORLD,138250,1962,-.2519703778875118,2
OK,TULSA WORLD,138250,1964,-.3290999197347975,1
OK,TULSA WORLD,138250,1968,-.4833590034293687,1
OK,TULSA WORLD,138250,1972,-.63761808712394,1
OK,TULSA WORLD,138250,1974,-.7147476289712255,2
OK,TULSA WORLD,138250,1976,-.7918771708185109,1
OK,TULSA WORLD,138250,1980,-.9461362545130824,1
OK,TULSA WORLD,138250,1984,-1.100395338207653,1
OK,TULSA WORLD,138250,1988,-1.254654421902225,1
OK,TULSA WORLD,138250,1992,-1.408913505596796,3
OK,TULSA WORLD,138250,1996,-1.563172589291367,5
OK,TULSA WORLD,138250,1998,-1.640302131138653,8
OK,TULSA WORLD,138250,2000,-1.717431672985938,1
OK,TULSA WORLD,138250,2002,-1.794561214833224,7
OK,TULSA WORLD,138250,2004,-1.871690756680509,3
OK,TULSA WORLD,138250,2006,-1.948820298527795,7
OK,TULSA WORLD,138250,2008,-2.025949840375081,1
OK,TULSA TRIBUNE,138251,1952,-.8854697752903792,2
OK,TULSA TRIBUNE,138251,1956,-.9475614701328834,1
OK,TULSA TRIBUNE,138251,1960,-1.009653164975388,2
OK,TULSA TRIBUNE,138251,1962,-1.04069901239664,2
OK,TULSA TRIBUNE,138251,1974,-1.226974096924152,2
OK,TULSA TRIBUNE,138251,1976,-1.258019944345405,1
OK,TULSA TRIBUNE,138251,1980,-1.320111639187909,1
OK,TULSA TRIBUNE,138251,1988,-1.444295028872917,1
OR,ALBANY DEMOCRAT HERALD,138300,1960,-1.723600556867994,1
OR,ALBANY DEMOCRAT HERALD,138300,1964,-1.648670434341098,2
OR,ALBANY DEMOCRAT HERALD,138300,1968,-1.573740311814203,2
OR,ALBANY DEMOCRAT HERALD,138300,1972,-1.498810189287307,1
OR,ALBANY DEMOCRAT HERALD,138300,1976,-1.423880066760412,1
OR,ALBANY DEMOCRAT HERALD,138300,1980,-1.348949944233517,1
OR,ALBANY DEMOCRAT HERALD,138300,1984,-1.274019821706621,1
OR,ALBANY DEMOCRAT HERALD,138300,1988,-1.199089699179726,1
OR,ALBANY DEMOCRAT HERALD,138300,1996,-1.049229454125935,2
OR,ALBANY DEMOCRAT HERALD,138300,2000,-.9742993315990397,1
OR,BEND BULLETIN,138450,1952,-2.165379869283735,3
OR,BEND BULLETIN,138450,1954,-2.143143325689351,3
OR,BEND BULLETIN,138450,1956,-2.120906782094967,5
OR,BEND BULLETIN,138450,1958,-2.098670238500583,2
OR,BEND BULLETIN,138450,1960,-2.076433694906199,4
OR,BEND BULLETIN,138450,2004,-1.587229735829751,1
OR,BEND BULLETIN,138450,2006,-1.564993192235367,2
OR,BEND BULLETIN,138450,2008,-1.542756648640983,1
OR,CORVALLIS GAZETTE TIMES,138550,1950,-2.590022398754673,3
OR,CORVALLIS GAZETTE TIMES,138550,1952,-2.462970779137822,4
OR,CORVALLIS GAZETTE TIMES,138550,1954,-2.335919159520972,4
OR,CORVALLIS GAZETTE TIMES,138550,1956,-2.208867539904121,6
OR,CORVALLIS GAZETTE TIMES,138550,1960,-1.95476430067042,6
OR,CORVALLIS GAZETTE TIMES,138550,2008,1.094474570133991,1
OR,EUGENE REGISTER GUARD,138600,1950,-1.914122786191769,3
OR,EUGENE REGISTER GUARD,138600,1952,-1.807629446162415,4
OR,EUGENE REGISTER GUARD,138600,1954,-1.701136106133061,3
OR,EUGENE REGISTER GUARD,138600,1956,-1.594642766103707,4
OR,EUGENE REGISTER GUARD,138600,1958,-1.488149426074352,2
OR,EUGENE REGISTER GUARD,138600,1960,-1.381656086044998,5
OR,EUGENE REGISTER GUARD,138600,1976,-.5297093658101647,1
OR,EUGENE REGISTER GUARD,138600,1980,-.3167226857514563,1
OR,EUGENE REGISTER GUARD,138600,1996,.5352240344833771,5
OR,EUGENE REGISTER GUARD,138600,1998,.6417173745127313,3
OR,EUGENE REGISTER GUARD,138600,2000,.7482107145420854,4
OR,EUGENE REGISTER GUARD,138600,2002,.8547040545714396,3
OR,EUGENE REGISTER GUARD,138600,2004,.9611973946007939,1
OR,EUGENE REGISTER GUARD,138600,2006,1.067690734630148,2
OR,EUGENE REGISTER GUARD,138600,2008,1.174184074659502,1
OR,PORTLAND OREGONIAN,138900,1952,-.7476254029812043,1
OR,PORTLAND OREGONIAN,138900,1956,-.6398656359047782,1
OR,PORTLAND OREGONIAN,138900,1960,-.5321058688283523,1
OR,PORTLAND OREGONIAN,138900,1964,-.4243461017519262,1
OR,PORTLAND OREGONIAN,138900,1968,-.3165863346755002,1
OR,PORTLAND OREGONIAN,138900,1976,-.101066800522648,1
OR,PORTLAND OREGONIAN,138900,1980,.0066929665537781,1
OR,PORTLAND OREGONIAN,138900,1984,.1144527336302042,1
OR,PORTLAND OREGONIAN,138900,1988,.2222125007066299,1
OR,PORTLAND OREGONIAN,138900,1990,.2760923842448432,2
OR,PORTLAND OREGONIAN,138900,1992,.3299722677830565,6
OR,PORTLAND OREGONIAN,138900,1996,.4377320348594821,6
OR,PORTLAND OREGONIAN,138900,1998,.491611918397695,3
OR,PORTLAND OREGONIAN,138900,2000,.5454918019359083,5
OR,PORTLAND OREGONIAN,138900,2002,.5993716854741216,3
OR,PORTLAND OREGONIAN,138900,2004,.6532515690123344,5
OR,PORTLAND OREGONIAN,138900,2006,.7071314525505472,4
OR,PORTLAND OREGONIAN,138900,2008,.7610113360887601,1
OR,PORTLAND OREGONIAN,138900,2020,1.084290637318039,1
OR,SALEM STATESMAN JOURNAL,139000,1984,1.554698964003365,1
OR,SALEM STATESMAN JOURNAL,139000,1990,1.42299931472831,2
OR,SALEM STATESMAN JOURNAL,139000,1992,1.379099431636625,5
OR,SALEM STATESMAN JOURNAL,139000,2002,1.159600016178198,2
OR,SALEM STATESMAN JOURNAL,139000,2004,1.115700133086513,5
OR,SALEM STATESMAN JOURNAL,139000,2006,1.071800249994828,2
OR,SALEM STATESMAN JOURNAL,139000,2016,.8523008345364024,2
OR,SALEM STATESMAN,139002,1952,-1.71956144469495,4
OR,SALEM STATESMAN,139002,1954,-1.698498117945122,4
OR,SALEM STATESMAN,139002,1956,-1.677434791195294,6
OR,SALEM STATESMAN,139002,1958,-1.656371464445466,2
OR,SALEM STATESMAN,139002,1960,-1.635308137695638,5
OR,SALEM STATESMAN,139002,1964,-1.593181484195982,1
OR,SALEM STATESMAN,139002,1968,-1.551054830696327,1
PA,CITIZENS' VOICE,202,1984,1.764727791752444,1
PA,CITIZENS' VOICE,202,1990,1.709775217615998,1
PA,CITIZENS' VOICE,202,1992,1.691457692903849,3
PA,CITIZENS' VOICE,202,1994,1.6731401681917,2
PA,CITIZENS' VOICE,202,1996,1.654822643479551,1
PA,CITIZENS' VOICE,202,2000,1.618187594055254,1
PA,CITIZENS' VOICE,202,2002,1.599870069343105,2
PA,CITIZENS' VOICE,202,2004,1.581552544630957,6
PA,CITIZENS' VOICE,202,2006,1.563235019918808,5
PA,CITIZENS' VOICE,202,2008,1.544917495206659,3
PA,CITIZENS' VOICE,202,2012,1.508282445782362,1
PA,CITIZENS' VOICE,202,2014,1.489964921070213,5
PA,CITIZENS' VOICE,202,2016,1.471647396358064,7
PA,CITIZENS' VOICE,202,2018,1.453329871645916,7
PA,CITIZENS' VOICE,202,2020,1.435012346933767,4
PA,ALLENTOWN MORNING CALL,139100,1952,-1.337048917311332,1
PA,ALLENTOWN MORNING CALL,139100,1960,-1.020181180446327,1
PA,ALLENTOWN MORNING CALL,139100,1984,-.0695779698513107,1
PA,ALLENTOWN MORNING CALL,139100,1988,.0888558985811919,4
PA,ALLENTOWN MORNING CALL,139100,1990,.1680728327974432,39
PA,ALLENTOWN MORNING CALL,139100,1992,.2472897670136945,1
PA,ALLENTOWN MORNING CALL,139100,1996,.4057236354461972,1
PA,ALLENTOWN MORNING CALL,139100,2000,.5641575038786998,1
PA,ALLENTOWN MORNING CALL,139100,2004,.7225913723112024,3
PA,ALLENTOWN MORNING CALL,139100,2006,.8018083065274537,4
PA,ALLENTOWN MORNING CALL,139100,2008,.881025240743705,3
PA,ERIE DAILY TIMES,139751,1952,-.2606238739343022,1
PA,ERIE DAILY TIMES,139751,1956,-.3448962353572155,1
PA,ERIE DAILY TIMES,139751,1960,-.4291685967801288,1
PA,ERIE DAILY TIMES,139751,1962,-.4713047774915854,1
PA,ERIE DAILY TIMES,139751,1966,-.5555771389144987,1
PA,ERIE DAILY TIMES,139751,1968,-.5977133196259553,1
PA,ERIE DAILY TIMES,139751,1970,-.6398495003374119,1
PA,ERIE DAILY TIMES,139751,1972,-.6819856810488684,1
PA,ERIE DAILY TIMES,139751,1980,-.8505304038946949,1
PA,ERIE DAILY TIMES,139751,2000,-1.271892211009261,1
PA,ERIE NEWS,139752,1956,-.1758618237397469,1
PA,ERIE NEWS,139752,1960,-.2412403311169093,1
PA,ERIE NEWS,139752,1962,-.2739295848054902,1
PA,ERIE NEWS,139752,1964,-.3066188384940712,1
PA,ERIE NEWS,139752,1966,-.3393080921826524,1
PA,ERIE NEWS,139752,1968,-.3719973458712336,1
PA,ERIE NEWS,139752,1970,-.4046865995598145,1
PA,ERIE NEWS,139752,1972,-.4373758532483955,1
PA,ERIE NEWS,139752,1980,-.5681328680027198,1
PA,ERIE NEWS,139752,1988,-.6988898827570441,1
PA,ERIE NEWS,139752,1996,-.8296468975113683,3
PA,ERIE NEWS,139752,1998,-.8623361511999496,2
PA,GREENSBURG TRIBUNE REVIEW,139900,1960,-.4354611830835333,1
PA,GREENSBURG TRIBUNE REVIEW,139900,1972,-.7883041223409866,1
PA,GREENSBURG TRIBUNE REVIEW,139900,1980,-1.023532748512622,1
PA,GREENSBURG TRIBUNE REVIEW,139900,2000,-1.611604313941711,1
PA,GREENSBURG TRIBUNE REVIEW,139900,2002,-1.67041147048462,1
PA,GREENSBURG TRIBUNE REVIEW,139900,2004,-1.729218627027529,5
PA,GREENSBURG TRIBUNE REVIEW,139900,2006,-1.788025783570438,1
PA,GREENSBURG TRIBUNE REVIEW,139900,2008,-1.846832940113347,1
PA,HARRISBURG PATRIOT NEWS,140050,1962,-.8744522096926886,1
PA,HARRISBURG PATRIOT NEWS,140050,1966,-.7490000358376793,1
PA,HARRISBURG PATRIOT NEWS,140050,1968,-.6862739489101747,1
PA,HARRISBURG PATRIOT NEWS,140050,1986,-.1217391665626333,2
PA,HARRISBURG PATRIOT NEWS,140050,1988,-.0590130796351285,4
PA,HARRISBURG PATRIOT NEWS,140050,1990,.0037130072923761,1
PA,HARRISBURG PATRIOT NEWS,140050,1992,.0664390942198806,5
PA,HARRISBURG PATRIOT NEWS,140050,1994,.1291651811473852,2
PA,HARRISBURG PATRIOT NEWS,140050,1996,.1918912680748902,4
PA,HARRISBURG PATRIOT NEWS,140050,1998,.2546173550023943,3
PA,HARRISBURG PATRIOT NEWS,140050,2000,.3173434419298993,6
PA,HARRISBURG PATRIOT NEWS,140050,2002,.3800695288574034,1
PA,HARRISBURG PATRIOT NEWS,140050,2006,.505521702712413,3
PA,HARRISBURG PATRIOT NEWS,140050,2008,.5682477896399175,1
PA,LANCASTER INTELLIGENCER JOURNAL,140450,1966,3.577771992624216,1
PA,LANCASTER INTELLIGENCER JOURNAL,140450,1968,3.442447711558675,1
PA,LANCASTER INTELLIGENCER JOURNAL,140450,1970,3.307123430493135,1
PA,LANCASTER INTELLIGENCER JOURNAL,140450,1998,1.412583495575572,2
PA,LANCASTER INTELLIGENCER JOURNAL,140450,2000,1.277259214510032,4
PA,LANCASTER INTELLIGENCER JOURNAL,140450,2002,1.141934933444491,1
PA,LANCASTER INTELLIGENCER JOURNAL,140450,2004,1.006610652378952,5
PA,LANCASTER INTELLIGENCER JOURNAL,140450,2006,.8712863713134109,3
PA,LANCASTER NEW ERA,140451,1966,-.0497128988270746,1
PA,LANCASTER NEW ERA,140451,1968,-.1154430477090926,1
PA,LANCASTER NEW ERA,140451,1970,-.1811731965911106,1
PA,LANCASTER NEW ERA,140451,1998,-1.101395280939363,2
PA,LANCASTER NEW ERA,140451,2000,-1.167125429821381,5
PA,LANCASTER NEW ERA,140451,2002,-1.232855578703399,2
PA,LANCASTER NEW ERA,140451,2004,-1.298585727585417,4
PA,LANCASTER NEW ERA,140451,2008,-1.430046025349453,1
PA,PHILADELPHIA INQUIRER,141100,1950,.0380026955491836,1
PA,PHILADELPHIA INQUIRER,141100,1952,.087998473526304,1
PA,PHILADELPHIA INQUIRER,141100,1954,.1379942515034245,1
PA,PHILADELPHIA INQUIRER,141100,1956,.1879900294805444,1
PA,PHILADELPHIA INQUIRER,141100,1958,.2379858074576648,1
PA,PHILADELPHIA INQUIRER,141100,1960,.2879815854347852,2
PA,PHILADELPHIA INQUIRER,141100,1964,.3879731413890261,1
PA,PHILADELPHIA INQUIRER,141100,1966,.4379689193661465,1
PA,PHILADELPHIA INQUIRER,141100,1968,.4879646973432669,1
PA,PHILADELPHIA INQUIRER,141100,1970,.5379604753203874,2
PA,PHILADELPHIA INQUIRER,141100,1972,.5879562532975073,4
PA,PHILADELPHIA INQUIRER,141100,1974,.6379520312746277,3
PA,PHILADELPHIA INQUIRER,141100,1976,.6879478092517481,10
PA,PHILADELPHIA INQUIRER,141100,1978,.7379435872288685,6
PA,PHILADELPHIA INQUIRER,141100,1980,.787939365205989,12
PA,PHILADELPHIA INQUIRER,141100,1982,.837935143183109,7
PA,PHILADELPHIA INQUIRER,141100,1984,.8879309211602294,16
PA,PHILADELPHIA INQUIRER,141100,1986,.9379266991373498,12
PA,PHILADELPHIA INQUIRER,141100,1988,.9879224771144702,12
PA,PHILADELPHIA INQUIRER,141100,1990,1.037918255091591,10
PA,PHILADELPHIA INQUIRER,141100,1992,1.087914033068711,10
PA,PHILADELPHIA INQUIRER,141100,1994,1.137909811045831,9
PA,PHILADELPHIA INQUIRER,141100,1996,1.187905589022952,10
PA,PHILADELPHIA INQUIRER,141100,1998,1.237901367000072,5
PA,PHILADELPHIA INQUIRER,141100,2000,1.287897144977192,12
PA,PHILADELPHIA INQUIRER,141100,2002,1.337892922954313,7
PA,PHILADELPHIA INQUIRER,141100,2004,1.387888700931433,12
PA,PHILADELPHIA INQUIRER,141100,2006,1.437884478908553,11
PA,PHILADELPHIA INQUIRER,141100,2008,1.487880256885673,7
PA,PHILADELPHIA INQUIRER,141100,2010,1.537876034862794,8
PA,PHILADELPHIA INQUIRER,141100,2012,1.587871812839914,6
PA,PHILADELPHIA INQUIRER,141100,2014,1.637867590817035,4
PA,PHILADELPHIA INQUIRER,141100,2016,1.687863368794155,5
PA,PHILADELPHIA INQUIRER,141100,2018,1.737859146771276,3
PA,PHILADELPHIA INQUIRER,141100,2020,1.787854924748396,1
PA,PHILADELPHIA DAILY NEWS,141150,1960,.7119760462818935,1
PA,PHILADELPHIA DAILY NEWS,141150,1964,.8064185988408907,2
PA,PHILADELPHIA DAILY NEWS,141150,1966,.8536398751203893,1
PA,PHILADELPHIA DAILY NEWS,141150,1968,.900861151399888,1
PA,PHILADELPHIA DAILY NEWS,141150,1970,.948082427679387,2
PA,PHILADELPHIA DAILY NEWS,141150,1974,1.042524980238384,2
PA,PHILADELPHIA DAILY NEWS,141150,1976,1.089746256517882,2
PA,PHILADELPHIA DAILY NEWS,141150,1978,1.136967532797381,3
PA,PHILADELPHIA DAILY NEWS,141150,1980,1.18418880907688,4
PA,PHILADELPHIA DAILY NEWS,141150,1982,1.231410085356379,1
PA,PHILADELPHIA DAILY NEWS,141150,1984,1.278631361635877,10
PA,PHILADELPHIA DAILY NEWS,141150,1986,1.325852637915376,9
PA,PHILADELPHIA DAILY NEWS,141150,1988,1.373073914194874,14
PA,PHILADELPHIA DAILY NEWS,141150,1990,1.420295190474373,7
PA,PHILADELPHIA DAILY NEWS,141150,1992,1.467516466753872,4
PA,PHILADELPHIA DAILY NEWS,141150,1994,1.51473774303337,5
PA,PHILADELPHIA DAILY NEWS,141150,1996,1.561959019312869,5
PA,PHILADELPHIA DAILY NEWS,141150,1998,1.609180295592368,2
PA,PHILADELPHIA DAILY NEWS,141150,2000,1.656401571871866,5
PA,PHILADELPHIA DAILY NEWS,141150,2002,1.703622848151365,1
PA,PHILADELPHIA DAILY NEWS,141150,2004,1.750844124430864,4
PA,PHILADELPHIA DAILY NEWS,141150,2006,1.798065400710362,2
PA,PHILADELPHIA DAILY NEWS,141150,2008,1.845286676989861,1
PA,PHILADELPHIA DAILY NEWS,141150,2012,1.939729229548858,1
PA,PITTSBURGH POST GAZETTE,141250,1952,1.523899773717264,1
PA,PITTSBURGH POST GAZETTE,141250,1960,1.309426561683167,7
PA,PITTSBURGH POST GAZETTE,141250,1962,1.255808258674643,13
PA,PITTSBURGH POST GAZETTE,141250,1964,1.202189955666118,12
PA,PITTSBURGH POST GAZETTE,141250,1966,1.148571652657594,3
PA,PITTSBURGH POST GAZETTE,141250,1968,1.09495334964907,18
PA,PITTSBURGH POST GAZETTE,141250,1970,1.041335046640546,4
PA,PITTSBURGH POST GAZETTE,141250,1972,.9877167436320209,11
PA,PITTSBURGH POST GAZETTE,141250,1974,.9340984406234971,4
PA,PITTSBURGH POST GAZETTE,141250,1976,.8804801376149723,12
PA,PITTSBURGH POST GAZETTE,141250,1978,.826861834606448,3
PA,PITTSBURGH POST GAZETTE,141250,1980,.7732435315979238,5
PA,PITTSBURGH POST GAZETTE,141250,1982,.7196252285893995,2
PA,PITTSBURGH POST GAZETTE,141250,1984,.6660069255808752,16
PA,PITTSBURGH POST GAZETTE,141250,1986,.6123886225723509,6
PA,PITTSBURGH POST GAZETTE,141250,1988,.5587703195638266,7
PA,PITTSBURGH POST GAZETTE,141250,1992,.451533713546778,1
PA,PITTSBURGH POST GAZETTE,141250,1996,.3442971075297295,2
PA,PITTSBURGH POST GAZETTE,141250,2000,.2370605015126809,2
PA,PITTSBURGH POST GAZETTE,141250,2004,.1298238954956323,6
PA,PITTSBURGH POST GAZETTE,141250,2008,.0225872894785837,1
PA,PITTSBURGH POST GAZETTE,141250,2010,-.0310310135299408,2
PA,PITTSBURGH POST GAZETTE,141250,2016,-.1918859225555136,4
PA,PITTSBURGH POST GAZETTE,141250,2018,-.2455042255640379,3
PA,PITTSBURGH POST GAZETTE,141250,2020,-.2991225285725622,1
PA,SCRANTON TIMES TRIBUNE,141600,2008,1.81304253038548,3
PA,SCRANTON TIMES TRIBUNE,141600,2010,1.75428249420805,2
PA,SCRANTON TIMES TRIBUNE,141600,2012,1.695522458030621,2
PA,SCRANTON TIMES TRIBUNE,141600,2014,1.636762421853192,4
PA,SCRANTON TIMES TRIBUNE,141600,2016,1.578002385675762,5
PA,SCRANTON TIMES TRIBUNE,141600,2018,1.519242349498333,5
PA,SCRANTON TIMES TRIBUNE,141600,2020,1.460482313320903,4
PA,SCRANTON TIMES,141601,1952,3.730660170547507,1
PA,SCRANTON TIMES,141601,1956,3.384831347422709,1
PA,SCRANTON TIMES,141601,1960,3.039002524297912,4
PA,SCRANTON TIMES,141601,1962,2.866088112735513,8
PA,SCRANTON TIMES,141601,1964,2.693173701173115,1
PA,SCRANTON TIMES,141601,1966,2.520259289610717,2
PA,SCRANTON TIMES,141601,1968,2.347344878048318,8
PA,SCRANTON TIMES,141601,1970,2.174430466485919,2
PA,SCRANTON TIMES,141601,1972,2.00151605492352,7
PA,SCRANTON TIMES,141601,1974,1.828601643361121,2
PA,SCRANTON TIMES,141601,1976,1.655687231798723,6
PA,SCRANTON TIMES,141601,1978,1.482772820236324,6
PA,SCRANTON TIMES,141601,1980,1.309858408673926,8
PA,SCRANTON TIMES,141601,1982,1.136943997111527,7
PA,SCRANTON TIMES,141601,1984,.964029585549128,10
PA,SCRANTON TIMES,141601,1986,.7911151739867293,5
PA,SCRANTON TIMES,141601,1988,.618200762424331,6
PA,SCRANTON TIMES,141601,1992,.2723719392995335,6
PA,SCRANTON TIMES,141601,1994,.0994575277371347,5
PA,SCRANTON TIMES,141601,1996,-.0734568838252641,3
PA,SCRANTON TIMES,141601,1998,-.2463712953876628,4
PA,SCRANTON TIMES,141601,2000,-.4192857069500616,4
PA,SCRANTON TIMES,141601,2002,-.5922001185124603,2
PA,SCRANTON TIMES,141601,2004,-.7651145300748582,4
PA,SCRANTON TIMES,141602,1950,.5687742140575283,16
PA,SCRANTON TIMES,141602,1952,.554345176750174,2
PA,SCRANTON TRIBUNE,141602,1954,.5399161394428202,1
PA,SCRANTON TRIBUNE,141602,1956,.5254871021354661,15
PA,SCRANTON TIMES,141602,1958,.5110580648281123,1
PA,SCRANTON TRIBUNE,141602,1960,.4966290275207581,5
PA,SCRANTON TRIBUNE,141602,1962,.4821999902134039,8
PA,SCRANTON TRIBUNE,141602,1964,.4677709529060501,3
PA,SCRANTON TRIBUNE,141602,1966,.453341915598696,2
PA,SCRANTON TRIBUNE,141602,1968,.4389128782913417,7
PA,SCRANTON TRIBUNE,141602,1970,.424483840983988,2
PA,SCRANTON TRIBUNE,141602,1972,.4100548036766338,6
PA,SCRANTON TRIBUNE,141602,1976,.3811967290619258,7
PA,SCRANTON TRIBUNE,141602,1978,.3667676917545716,6
PA,SCRANTON TRIBUNE,141602,1980,.3523386544472178,9
PA,SCRANTON TRIBUNE,141602,1982,.3379096171398637,7
PA,SCRANTON TRIBUNE,141602,1984,.3234805798325094,10
PA,SCRANTON TRIBUNE,141602,1986,.3090515425251557,6
PA,SCRANTON TRIBUNE,141602,1988,.2946225052178015,3
PA,SCRANTON TRIBUNE,141602,1992,.2657644306030935,5
PA,SCRANTON TRIBUNE,141602,1994,.2513353932957393,3
PA,SCRANTON TRIBUNE,141602,1996,.2369063559883856,2
PA,SCRANTON TRIBUNE,141602,1998,.2224773186810313,4
PA,SCRANTON TRIBUNE,141602,2000,.2080482813736776,4
PA,SCRANTON TRIBUNE,141602,2002,.1936192440663234,1
PA,SCRANTON TRIBUNE,141602,2004,.1791902067589692,4
PA,WILKES BARRE TIMES LEADER,142500,1968,-.0711968573983401,1
PA,WILKES BARRE TIMES LEADER,142500,2002,.2103676778865352,2
PA,WILKES BARRE TIMES LEADER,142500,2004,.2269302976091747,2
PA,WILKES BARRE TIMES LEADER,142500,2006,.2434929173318147,3
PA,WILKES BARRE TIMES LEADER,142500,2008,.2600555370544542,2
PA,WILKES BARRE TIMES LEADER,142500,2010,.2766181567770942,2
PA,WILKES BARRE TIMES LEADER,142500,2014,.3097433962223732,5
PA,YORK DAILY RECORD,142651,1992,.4307908420580758,5
PA,YORK DAILY RECORD,142651,1996,.339704099965365,4
PA,YORK DAILY RECORD,142651,1998,.2941607289190094,3
PA,YORK DAILY RECORD,142651,2000,.2486173578726543,5
PA,YORK DAILY RECORD,142651,2002,.2030739868262987,1
PA,YORK DAILY RECORD,142651,2004,.157530615779943,2
PA,YORK DAILY RECORD,142651,2006,.1119872447335879,3
PA,YORK DAILY RECORD,142651,2008,.0664438736872327,1
PA,PITTSBURGH PRESS,400071,1952,.9679459334129907,1
PA,PITTSBURGH PRESS,400071,1956,.8914670626366094,1
PA,PITTSBURGH PRESS,400071,1960,.8149881918602285,5
PA,PITTSBURGH PRESS,400071,1962,.7767487564720379,7
PA,PITTSBURGH PRESS,400071,1964,.7385093210838471,12
PA,PITTSBURGH PRESS,400071,1966,.7002698856956565,1
PA,PITTSBURGH PRESS,400071,1968,.6620304503074659,18
PA,PITTSBURGH PRESS,400071,1972,.5855515795310849,10
PA,PITTSBURGH PRESS,400071,1976,.5090727087547037,10
PA,PITTSBURGH PRESS,400071,1978,.470833273366513,1
PA,PITTSBURGH PRESS,400071,1980,.4325938379783223,5
PA,PITTSBURGH PRESS,400071,1982,.3943544025901317,2
PA,PITTSBURGH PRESS,400071,1984,.356114967201941,18
PA,PITTSBURGH PRESS,400071,1988,.2796360964255601,5
PA,PITTSBURGH PRESS,400071,1990,.2413966610373695,1
PA,PITTSBURGH PRESS,400071,1992,.2031572256491788,1
RI,PROVIDENCE JOURNAL,142900,1952,-.5281146406779763,1
RI,PROVIDENCE JOURNAL,142900,1960,-.5330262530519612,1
RI,PROVIDENCE JOURNAL,142900,1964,-.5354820592389535,1
RI,PROVIDENCE JOURNAL,142900,1968,-.5379378654259459,1
RI,PROVIDENCE JOURNAL,142900,1972,-.5403936716129383,1
RI,PROVIDENCE JOURNAL,142900,1976,-.5428494777999306,1
RI,PROVIDENCE JOURNAL,142900,1980,-.545305283986923,1
RI,PROVIDENCE JOURNAL,142900,1984,-.5477610901739154,1
RI,PROVIDENCE JOURNAL,142900,1988,-.5502168963609079,1
RI,PROVIDENCE JOURNAL,142900,1990,-.5514447994544042,1
RI,PROVIDENCE JOURNAL,142900,1992,-.5526727025479002,1
RI,PROVIDENCE JOURNAL,142900,1996,-.5551285087348926,1
RI,PROVIDENCE JOURNAL,142900,2000,-.557584314921885,1
RI,PROVIDENCE JOURNAL,142900,2004,-.5600401211088774,1
RI,PROVIDENCE JOURNAL,142900,2008,-.5624959272958697,1
RI,PROVIDENCE JOURNAL,142900,2016,-.5674075396698546,1
RI,PROVIDENCE JOURNAL BULLETIN,142902,1992,.0276844458680017,2
RI,PROVIDENCE JOURNAL BULLETIN,142902,1994,-.0427513863929964,7
RI,PROVIDENCE JOURNAL BULLETIN,142902,1996,-.1131872186539943,5
RI,PROVIDENCE JOURNAL BULLETIN,142902,1998,-.1836230509149923,2
RI,PROVIDENCE JOURNAL BULLETIN,142902,2000,-.2540588831759904,1
RI,PROVIDENCE JOURNAL BULLETIN,142902,2002,-.3244947154369883,5
RI,PROVIDENCE JOURNAL BULLETIN,142902,2004,-.3949305476979862,6
RI,PROVIDENCE JOURNAL BULLETIN,142902,2006,-.4653663799589842,2
SC,ANDERSON INDEPENDENT MAIL,31,1974,.3389136772820547,3
SC,ANDERSON INDEPENDENT MAIL,31,1976,.3161963995403501,1
SC,ANDERSON INDEPENDENT MAIL,31,1980,.2707618440569417,2
SC,ANDERSON INDEPENDENT MAIL,31,1984,.2253272885735328,2
SC,ANDERSON INDEPENDENT MAIL,31,1986,.2026100108318282,3
SC,ANDERSON INDEPENDENT MAIL,31,1988,.179892733090124,1
SC,ANDERSON INDEPENDENT MAIL,31,1990,.1571754553484193,5
SC,ANDERSON INDEPENDENT MAIL,31,1992,.1344581776067151,2
SC,ANDERSON INDEPENDENT MAIL,31,1994,.1117408998650105,5
SC,ANDERSON INDEPENDENT MAIL,31,1996,.0890236221233063,3
SC,ANDERSON INDEPENDENT MAIL,31,1998,.0663063443816021,5
SC,ANDERSON INDEPENDENT MAIL,31,2000,.0435890666398974,2
SC,ANDERSON INDEPENDENT MAIL,31,2002,.0208717888981932,5
SC,ANDERSON INDEPENDENT MAIL,31,2004,-.0018454888435112,2
SC,FLORENCE MORNING NEWS,339,1952,-.7265999857623542,1
SC,FLORENCE MORNING NEWS,339,1954,-.7219993422176459,1
SC,FLORENCE MORNING NEWS,339,1968,-.6897948374046884,1
SC,FLORENCE MORNING NEWS,339,1972,-.6805935503152718,2
SC,FLORENCE MORNING NEWS,339,1974,-.6759929067705636,2
SC,FLORENCE MORNING NEWS,339,1976,-.6713922632258553,1
SC,FLORENCE MORNING NEWS,339,1984,-.6529896890470225,1
SC,FLORENCE MORNING NEWS,339,2010,-.5931813229658154,2
SC,FLORENCE MORNING NEWS,339,2014,-.5839800358763989,2
SC,SUMTER ITEM,1004,1952,1.739190132335054,1
SC,SUMTER ITEM,1004,1954,1.616437455003871,1
SC,SUMTER ITEM,1004,1960,1.248179423010325,1
SC,SUMTER ITEM,1004,1962,1.125426745679143,1
SC,SUMTER ITEM,1004,1968,.7571687136855971,1
SC,SUMTER ITEM,1004,1972,.5116633590232329,1
SC,SUMTER ITEM,1004,1974,.3889106816920507,1
SC,SUMTER ITEM,1004,1976,.2661580043608688,2
SC,SUMTER ITEM,1004,1978,.1434053270296869,2
SC,SUMTER ITEM,1004,1980,.0206526496985047,1
SC,SUMTER ITEM,1004,1982,-.1021000276326774,1
SC,SUMTER ITEM,1004,1984,-.2248527049638595,2
SC,SUMTER ITEM,1004,1986,-.3476053822950413,2
SC,SUMTER ITEM,1004,1992,-.7158634142885878,3
SC,SUMTER ITEM,1004,1996,-.9613687689509519,1
SC,SUMTER ITEM,1004,1998,-1.084121446282134,3
SC,SUMTER ITEM,1004,2000,-1.206874123613316,2
SC,SUMTER ITEM,1004,2002,-1.329626800944498,2
SC,SUMTER ITEM,1004,2004,-1.45237947827568,1
SC,SUMTER ITEM,1004,2006,-1.575132155606862,5
SC,SUMTER ITEM,1004,2008,-1.697884832938044,3
SC,SUMTER ITEM,1004,2012,-1.943390187600408,1
SC,SUMTER ITEM,1004,2016,-2.188895542262772,1
SC,WALTERBORO PRESS AND STANDARD,1086,1952,2.746327108661661,1
SC,WALTERBORO PRESS AND STANDARD,1086,1960,2.493554426340014,1
SC,WALTERBORO PRESS AND STANDARD,1086,1962,2.430361255759602,1
SC,WALTERBORO PRESS AND STANDARD,1086,1964,2.36716808517919,1
SC,WALTERBORO PRESS AND STANDARD,1086,1968,2.240781744018367,1
SC,WALTERBORO PRESS AND STANDARD,1086,1970,2.177588573437955,1
SC,WALTERBORO PRESS AND STANDARD,1086,1974,2.051202232277131,1
SC,WALTERBORO PRESS AND STANDARD,1086,1976,1.98800906169672,1
SC,WALTERBORO PRESS AND STANDARD,1086,1978,1.924815891116308,2
SC,WALTERBORO PRESS AND STANDARD,1086,1980,1.861622720535896,1
SC,WALTERBORO PRESS AND STANDARD,1086,1982,1.798429549955484,3
SC,WALTERBORO PRESS AND STANDARD,1086,1984,1.735236379375072,3
SC,WALTERBORO PRESS AND STANDARD,1086,1986,1.672043208794661,1
SC,WALTERBORO PRESS AND STANDARD,1086,1988,1.608850038214249,1
SC,CHARLESTON POST AND COURIER,143100,1984,-.9354652153249204,1
SC,CHARLESTON POST AND COURIER,143100,1994,-1.071549614152173,7
SC,CHARLESTON POST AND COURIER,143100,1996,-1.098766493917623,2
SC,CHARLESTON POST AND COURIER,143100,1998,-1.125983373683074,8
SC,CHARLESTON POST AND COURIER,143100,2000,-1.153200253448524,3
SC,CHARLESTON POST AND COURIER,143100,2002,-1.180417133213975,9
SC,CHARLESTON POST AND COURIER,143100,2004,-1.207634012979425,2
SC,CHARLESTON POST AND COURIER,143100,2006,-1.234850892744876,3
SC,CHARLESTON POST AND COURIER,143100,2008,-1.262067772510326,1
SC,CHARLESTON POST AND COURIER,143100,2016,-1.370935291572128,1
SC,COLUMBIA RECORD,143150,1964,.9151943342873132,1
SC,COLUMBIA RECORD,143150,1968,.6212236433696464,1
SC,COLUMBIA RECORD,143150,1970,.4742382979108125,1
SC,COLUMBIA RECORD,143150,1972,.3272529524519791,1
SC,COLUMBIA RECORD,143150,1974,.1802676069931456,1
SC,COLUMBIA RECORD,143150,1976,.0332822615343122,2
SC,COLUMBIA RECORD,143150,1980,-.2606884293833551,3
SC,COLUMBIA RECORD,143150,1982,-.4076737748421885,3
SC,COLUMBIA RECORD,143150,1986,-.7016444657598554,1
SC,COLUMBIA RECORD,143150,2004,-2.024512574889358,1
SC,COLUMBIA RECORD,143150,2008,-2.318483265807025,1
SC,COLUMBIA STATE,143151,1956,.0653979201918932,1
SC,COLUMBIA STATE,143151,1968,-.1610097638491084,1
SC,COLUMBIA STATE,143151,1970,-.1987443778559422,1
SC,COLUMBIA STATE,143151,1972,-.2364789918627755,1
SC,COLUMBIA STATE,143151,1974,-.2742136058696091,3
SC,COLUMBIA STATE,143151,1976,-.3119482198764427,3
SC,COLUMBIA STATE,143151,1978,-.3496828338832763,2
SC,COLUMBIA STATE,143151,1980,-.3874174478901099,3
SC,COLUMBIA STATE,143151,1982,-.4251520618969435,4
SC,COLUMBIA STATE,143151,1986,-.5006212899106106,3
SC,COLUMBIA STATE,143151,1990,-.5760905179242778,3
SC,COLUMBIA STATE,143151,1992,-.6138251319311114,3
SC,COLUMBIA STATE,143151,1994,-.6515597459379447,7
SC,COLUMBIA STATE,143151,1996,-.6892943599447786,2
SC,COLUMBIA STATE,143151,1998,-.7270289739516119,6
SC,COLUMBIA STATE,143151,2000,-.7647635879584458,2
SC,COLUMBIA STATE,143151,2002,-.8024982019652791,7
SC,COLUMBIA STATE,143151,2006,-.8779674299789463,4
SC,COLUMBIA STATE,143151,2008,-.9157020439857799,3
SC,COLUMBIA STATE,143151,2010,-.9534366579926135,3
SC,COLUMBIA STATE,143151,2014,-1.028905886006281,3
SC,COLUMBIA STATE,143151,2016,-1.066640500013114,2
SC,GREENVILLE NEWS,143300,1952,-.0262142435526868,1
SC,GREENVILLE NEWS,143300,1978,-.7507650684995177,2
SC,GREENVILLE NEWS,143300,1980,-.8064997473415817,1
SC,GREENVILLE NEWS,143300,1984,-.9179691050257095,3
SC,GREENVILLE NEWS,143300,1986,-.9737037838677735,3
SC,GREENVILLE NEWS,143300,1988,-1.029438462709837,1
SC,GREENVILLE NEWS,143300,1990,-1.085173141551901,5
SC,GREENVILLE NEWS,143300,1992,-1.140907820393965,1
SC,GREENVILLE NEWS,143300,1994,-1.196642499236029,5
SC,GREENVILLE NEWS,143300,1996,-1.252377178078093,2
SC,GREENVILLE NEWS,143300,1998,-1.308111856920157,5
SC,GREENVILLE NEWS,143300,2000,-1.363846535762221,2
SC,GREENVILLE NEWS,143300,2002,-1.419581214604285,9
SC,GREENVILLE NEWS,143300,2004,-1.475315893446349,1
SC,GREENVILLE NEWS,143300,2006,-1.531050572288413,7
SC,GREENVILLE NEWS,143300,2008,-1.586785251130477,1
SC,GREENVILLE NEWS,143300,2010,-1.642519929972541,3
SC,GREENVILLE NEWS,143300,2012,-1.698254608814604,1
SC,GREENVILLE NEWS,143300,2014,-1.753989287656669,1
SC,MYRTLE BEACH SUN NEWS,143370,1974,-.3702448428178148,2
SC,MYRTLE BEACH SUN NEWS,143370,1976,-.2963643254930566,1
SC,MYRTLE BEACH SUN NEWS,143370,1980,-.1486032908435404,1
SC,MYRTLE BEACH SUN NEWS,143370,1986,.073038261130734,3
SC,MYRTLE BEACH SUN NEWS,143370,1988,.1469187784554922,1
SC,MYRTLE BEACH SUN NEWS,143370,1990,.22079929578025,3
SC,MYRTLE BEACH SUN NEWS,143370,1992,.2946798131050086,1
SC,MYRTLE BEACH SUN NEWS,143370,1994,.3685603304297664,3
SC,MYRTLE BEACH SUN NEWS,143370,1996,.4424408477545246,1
SC,MYRTLE BEACH SUN NEWS,143370,1998,.5163213650792827,5
SC,MYRTLE BEACH SUN NEWS,143370,2000,.5902018824040409,3
SC,MYRTLE BEACH SUN NEWS,143370,2002,.6640823997287991,2
SC,MYRTLE BEACH SUN NEWS,143370,2004,.7379629170535569,1
SC,MYRTLE BEACH SUN NEWS,143370,2006,.8118434343783155,3
SC,MYRTLE BEACH SUN NEWS,143370,2008,.8857239517030733,1
SC,MYRTLE BEACH SUN NEWS,143370,2010,.959604469027831,1
SC,MYRTLE BEACH SUN NEWS,143370,2012,1.03348498635259,1
SC,MYRTLE BEACH SUN NEWS,143370,2016,1.181246021002106,1
SC,ROCK HILL HERALD,143450,1964,.3250093087653386,1
SC,ROCK HILL HERALD,143450,1968,.3057764359845044,2
SC,ROCK HILL HERALD,143450,1998,.1615298901282469,8
SC,ROCK HILL HERALD,143450,2000,.1519134537378296,1
SC,ROCK HILL HERALD,143450,2002,.1422970173474123,8
SC,ROCK HILL HERALD,143450,2004,.1326805809569954,1
SC,ROCK HILL HERALD,143450,2006,.1230641445665781,8
SC,ROCK HILL HERALD,143450,2010,.1038312717857439,2
SC,ROCK HILL HERALD,143450,2012,.0942148353953266,1
SC,ROCK HILL HERALD,143450,2014,.0845983990049092,1
SC,ROCK HILL HERALD,143450,2016,.0749819626144924,1
SC,SPARTANBURG HERALD JOURNAL,143500,1998,-3.305680222529356,2
SC,SPARTANBURG HERALD JOURNAL,143500,2002,-2.40989986692149,1
SC,SPARTANBURG HERALD JOURNAL,143500,2004,-1.962009689117557,2
SC,SPARTANBURG HERALD JOURNAL,143500,2006,-1.514119511313624,6
SC,SPARTANBURG HERALD JOURNAL,143500,2008,-1.06622933350969,1
TN,CHATTANOOGA FREE PRESS,143900,1976,-.9720254902403044,1
TN,CHATTANOOGA FREE PRESS,143900,1980,-1.133993502900706,1
TN,CHATTANOOGA FREE PRESS,143900,1984,-1.295961515561108,1
TN,CHATTANOOGA FREE PRESS,143900,1988,-1.45792952822151,1
TN,CHATTANOOGA FREE PRESS,143900,1992,-1.619897540881913,1
TN,CHATTANOOGA FREE PRESS,143900,1996,-1.781865553542315,1
TN,CHATTANOOGA FREE PRESS,143900,2000,-1.943833566202717,1
TN,CHATTANOOGA FREE PRESS,143900,2002,-2.024817572532918,1
TN,CHATTANOOGA FREE PRESS,143900,2004,-2.105801578863119,1
TN,CHATTANOOGA FREE PRESS,143900,2006,-2.18678558519332,3
TN,CHATTANOOGA FREE PRESS,143900,2008,-2.267769591523521,1
TN,CHATTANOOGA FREE PRESS,143900,2012,-2.429737604183923,1
TN,CHATTANOOGA FREE PRESS,143900,2020,-2.753673629504727,1
TN,CHATTANOOGA FREE PRESS,143901,1952,.7154510682862188,1
TN,CHATTANOOGA FREE PRESS,143901,1956,.4910582808479925,1
TN,CHATTANOOGA FREE PRESS,143901,1960,.2666654934097665,1
TN,CHATTANOOGA FREE PRESS,143901,1964,.0422727059715405,1
TN,CHATTANOOGA FREE PRESS,143901,1968,-.1821200814666859,1
TN,CHATTANOOGA FREE PRESS,143901,1980,-.8552984437813644,1
TN,CHATTANOOGA FREE PRESS,143901,1984,-1.07969123121959,1
TN,CHATTANOOGA FREE PRESS,143901,1988,-1.304084018657817,1
TN,CHATTANOOGA FREE PRESS,143901,1992,-1.528476806096043,1
TN,CHATTANOOGA FREE PRESS,143901,1996,-1.752869593534269,1
TN,CHATTANOOGA TIMES,143902,1952,1.104789202116697,1
TN,CHATTANOOGA TIMES,143902,1956,1.187304739555576,1
TN,CHATTANOOGA TIMES,143902,1960,1.269820276994456,1
TN,CHATTANOOGA TIMES,143902,1962,1.311078045713896,1
TN,CHATTANOOGA TIMES,143902,1964,1.352335814433336,1
TN,CHATTANOOGA TIMES,143902,1968,1.434851351872216,1
TN,CHATTANOOGA TIMES,143902,1972,1.517366889311096,1
TN,CHATTANOOGA TIMES,143902,1976,1.599882426749976,1
TN,CHATTANOOGA TIMES,143902,1980,1.682397964188856,1
TN,CHATTANOOGA TIMES,143902,1984,1.764913501627735,1
TN,CHATTANOOGA TIMES,143902,1988,1.847429039066615,1
TN,CHATTANOOGA TIMES,143902,1992,1.929944576505495,1
TN,CHATTANOOGA TIMES,143902,1996,2.012460113944375,1
TN,CHATTANOOGA TIMES,143902,2000,2.094975651383255,1
TN,CHATTANOOGA TIMES,143902,2004,2.177491188822134,1
TN,CHATTANOOGA TIMES,143902,2008,2.260006726261015,1
TN,CHATTANOOGA TIMES,143902,2012,2.342522263699895,1
TN,CHATTANOOGA TIMES,143902,2020,2.507553338577654,1
TN,KNOXVILLE NEWS SENTINEL,144250,1952,.2965421842287572,1
TN,KNOXVILLE NEWS SENTINEL,144250,1956,.1383699416318466,1
TN,KNOXVILLE NEWS SENTINEL,144250,1960,-.0198023009650641,3
TN,KNOXVILLE NEWS SENTINEL,144250,1962,-.0988884222635192,1
TN,KNOXVILLE NEWS SENTINEL,144250,1968,-.3361467861588852,1
TN,KNOXVILLE NEWS SENTINEL,144250,1970,-.4152329074573405,1
TN,KNOXVILLE NEWS SENTINEL,144250,1972,-.4943190287557957,1
TN,KNOXVILLE NEWS SENTINEL,144250,1976,-.6524912713527063,2
TN,KNOXVILLE NEWS SENTINEL,144250,1980,-.810663513949617,1
TN,KNOXVILLE NEWS SENTINEL,144250,1984,-.9688357565465276,1
TN,KNOXVILLE NEWS SENTINEL,144250,1988,-1.127007999143438,1
TN,KNOXVILLE NEWS SENTINEL,144250,1990,-1.206094120441894,4
TN,KNOXVILLE NEWS SENTINEL,144250,1992,-1.285180241740349,1
TN,KNOXVILLE NEWS SENTINEL,144250,1994,-1.364266363038804,2
TN,KNOXVILLE NEWS SENTINEL,144250,1996,-1.443352484337259,2
TN,KNOXVILLE NEWS SENTINEL,144250,1998,-1.522438605635715,1
TN,KNOXVILLE NEWS SENTINEL,144250,2000,-1.60152472693417,2
TN,KNOXVILLE NEWS SENTINEL,144250,2002,-1.680610848232625,2
TN,KNOXVILLE NEWS SENTINEL,144250,2004,-1.759696969531081,1
TN,KNOXVILLE NEWS SENTINEL,144250,2006,-1.838783090829536,3
TN,KNOXVILLE NEWS SENTINEL,144250,2008,-1.917869212127991,1
TN,KNOXVILLE JOURNAL,144251,1956,-1.096624236666024,1
TN,KNOXVILLE JOURNAL,144251,1960,-1.083569698497625,3
TN,KNOXVILLE JOURNAL,144251,1962,-1.077042429413426,1
TN,KNOXVILLE JOURNAL,144251,1964,-1.070515160329226,2
TN,KNOXVILLE JOURNAL,144251,1968,-1.057460622160827,1
TN,KNOXVILLE JOURNAL,144251,1970,-1.050933353076627,1
TN,KNOXVILLE JOURNAL,144251,1972,-1.044406083992427,1
TN,KNOXVILLE JOURNAL,144251,1976,-1.031351545824028,2
TN,KNOXVILLE JOURNAL,144251,1980,-1.018297007655629,1
TN,KNOXVILLE JOURNAL,144251,1984,-1.00524246948723,1
TN,KNOXVILLE JOURNAL,144251,1988,-.9921879313188305,1
TN,MEMPHIS COMMERCIAL APPEAL,144350,1952,-.2271079959816794,1
TN,MEMPHIS COMMERCIAL APPEAL,144350,1956,-.2839242474596551,1
TN,MEMPHIS COMMERCIAL APPEAL,144350,1960,-.340740498937631,1
TN,MEMPHIS COMMERCIAL APPEAL,144350,1964,-.3975567504156068,1
TN,MEMPHIS COMMERCIAL APPEAL,144350,1968,-.4543730018935825,2
TN,MEMPHIS COMMERCIAL APPEAL,144350,1972,-.5111892533715584,1
TN,MEMPHIS COMMERCIAL APPEAL,144350,1976,-.5680055048495342,2
TN,MEMPHIS COMMERCIAL APPEAL,144350,1980,-.6248217563275099,1
TN,MEMPHIS COMMERCIAL APPEAL,144350,1984,-.6816380078054859,1
TN,MEMPHIS COMMERCIAL APPEAL,144350,1988,-.7384542592834618,1
TN,MEMPHIS COMMERCIAL APPEAL,144350,1990,-.7668623850224495,4
TN,MEMPHIS COMMERCIAL APPEAL,144350,1992,-.7952705107614375,1
TN,MEMPHIS COMMERCIAL APPEAL,144350,1994,-.8236786365004253,2
TN,MEMPHIS COMMERCIAL APPEAL,144350,1996,-.8520867622394133,2
TN,MEMPHIS COMMERCIAL APPEAL,144350,1998,-.8804948879784013,1
TN,MEMPHIS COMMERCIAL APPEAL,144350,2000,-.9089030137173892,2
TN,MEMPHIS COMMERCIAL APPEAL,144350,2002,-.9373111394563772,2
TN,MEMPHIS COMMERCIAL APPEAL,144350,2004,-.965719265195365,1
TN,MEMPHIS COMMERCIAL APPEAL,144350,2006,-.9941273909343527,2
TN,MEMPHIS COMMERCIAL APPEAL,144350,2008,-1.022535516673341,3
TN,MEMPHIS COMMERCIAL APPEAL,144350,2010,-1.050943642412329,1
TN,NASHVILLE BANNER,144450,1952,-.2630716548224856,1
TN,NASHVILLE BANNER,144450,1956,-.1479713684044985,1
TN,NASHVILLE BANNER,144450,1960,-.0328710819865113,1
TN,NASHVILLE BANNER,144450,1962,.0246790612224824,2
TN,NASHVILLE BANNER,144450,1964,.0822292044314761,1
TN,NASHVILLE BANNER,144450,1968,.1973294908494631,2
TN,NASHVILLE BANNER,144450,1972,.31242977726745,1
TN,NASHVILLE BANNER,144450,1976,.4275300636854374,4
TN,NASHVILLE BANNER,144450,1984,.6577306365214117,1
TN,NASHVILLE BANNER,144450,1992,.8879312093573861,1
TN,NASHVILLE BANNER,144450,1996,1.003031495775373,1
TN,NASHVILLE TENNESSEAN,144470,1952,3.89166357276749,1
TN,NASHVILLE TENNESSEAN,144470,1956,3.628456130953472,1
TN,NASHVILLE TENNESSEAN,144470,1960,3.365248689139455,1
TN,NASHVILLE TENNESSEAN,144470,1962,3.233644968232447,1
TN,NASHVILLE TENNESSEAN,144470,1968,2.838833805511421,2
TN,NASHVILLE TENNESSEAN,144470,1972,2.575626363697403,1
TN,NASHVILLE TENNESSEAN,144470,1976,2.312418921883385,3
TN,NASHVILLE TENNESSEAN,144470,1980,2.049211480069368,1
TN,NASHVILLE TENNESSEAN,144470,1984,1.786004038255351,1
TN,NASHVILLE TENNESSEAN,144470,1988,1.522796596441333,1
TN,NASHVILLE TENNESSEAN,144470,1990,1.391192875534325,4
TN,NASHVILLE TENNESSEAN,144470,1992,1.259589154627316,1
TN,NASHVILLE TENNESSEAN,144470,1996,.9963817128132985,1
TN,NASHVILLE TENNESSEAN,144470,2000,.7331742709992812,1
TN,NASHVILLE TENNESSEAN,144470,2002,.6015705500922726,1
TN,NASHVILLE TENNESSEAN,144470,2004,.4699668291852639,1
TN,NASHVILLE TENNESSEAN,144470,2006,.3383631082782549,2
TN,NASHVILLE TENNESSEAN,144470,2008,.2067593873712462,1
TN,NASHVILLE TENNESSEAN,144470,2012,-.056448054442771,2
TX,GALVESTON COUNTY DAILY NEWS,11023,1966,-.2254437564623091,1
TX,GALVESTON COUNTY DAILY NEWS,11023,1976,-.7057508285692448,1
TX,GALVESTON COUNTY DAILY NEWS,11023,1984,-1.089996486254793,1
TX,GALVESTON COUNTY DAILY NEWS,11023,2002,-1.954549216047277,5
TX,GALVESTON COUNTY DAILY NEWS,11023,2006,-2.146672044890051,1
TX,GALVESTON COUNTY DAILY NEWS,11023,2008,-2.242733459311438,1
TX,GALVESTON COUNTY DAILY NEWS,11023,2012,-2.434856288154212,1
TX,AUSTIN AMERICAN STATESMAN,144700,1974,.9990526481839349,1
TX,AUSTIN AMERICAN STATESMAN,144700,1976,.887908299617025,4
TX,AUSTIN AMERICAN STATESMAN,144700,1978,.7767639510501151,5
TX,AUSTIN AMERICAN STATESMAN,144700,1980,.6656196024832051,6
TX,AUSTIN AMERICAN STATESMAN,144700,1982,.5544752539162952,12
TX,AUSTIN AMERICAN STATESMAN,144700,1984,.4433309053493847,4
TX,AUSTIN AMERICAN STATESMAN,144700,1986,.3321865567824748,9
TX,AUSTIN AMERICAN STATESMAN,144700,1988,.2210422082155649,12
TX,AUSTIN AMERICAN STATESMAN,144700,1990,.1098978596486545,14
TX,AUSTIN AMERICAN STATESMAN,144700,1992,-.0012464889182555,8
TX,AUSTIN AMERICAN STATESMAN,144700,1994,-.1123908374851654,16
TX,AUSTIN AMERICAN STATESMAN,144700,1996,-.2235351860520754,11
TX,AUSTIN AMERICAN STATESMAN,144700,1998,-.3346795346189858,14
TX,AUSTIN AMERICAN STATESMAN,144700,2000,-.4458238831858957,7
TX,AUSTIN AMERICAN STATESMAN,144700,2002,-.5569682317528056,17
TX,AUSTIN AMERICAN STATESMAN,144700,2004,-.6681125803197161,4
TX,AUSTIN AMERICAN STATESMAN,144700,2006,-.779256928886626,14
TX,AUSTIN AMERICAN STATESMAN,144700,2008,-.8904012774535359,7
TX,AUSTIN AMERICAN STATESMAN,144700,2010,-1.001545626020446,8
TX,AUSTIN AMERICAN STATESMAN,144700,2012,-1.112689974587356,1
TX,AUSTIN AMERICAN STATESMAN,144700,2014,-1.223834323154266,9
TX,AUSTIN AMERICAN STATESMAN,144700,2020,-1.557267368854997,1
TX,LUFKIN DAILY NEWS,144750,1960,-.2105042728603788,1
TX,LUFKIN DAILY NEWS,144750,1962,-.2214779836918068,1
TX,LUFKIN DAILY NEWS,144750,1984,-.3421888028375147,1
TX,LUFKIN DAILY NEWS,144750,2002,-.4409522003203664,1
TX,LUFKIN DAILY NEWS,144750,2004,-.4519259111517944,1
TX,LUFKIN DAILY NEWS,144750,2006,-.4628996219832224,14
TX,LUFKIN DAILY NEWS,144750,2008,-.4738733328146503,1
TX,BEAUMONT ENTERPRISE,144800,1952,-.1144709587252909,1
TX,BEAUMONT ENTERPRISE,144800,1956,-.2184871358746412,1
TX,BEAUMONT ENTERPRISE,144800,1962,-.374511401598667,1
TX,BEAUMONT ENTERPRISE,144800,1964,-.4265194901733421,1
TX,BEAUMONT ENTERPRISE,144800,1966,-.4785275787480174,1
TX,BEAUMONT ENTERPRISE,144800,1968,-.5305356673226926,1
TX,BEAUMONT ENTERPRISE,144800,1976,-.7385680216213935,1
TX,BEAUMONT ENTERPRISE,144800,1984,-.9466003759200944,1
TX,BEAUMONT ENTERPRISE,144800,1988,-1.050616553069445,1
TX,BEAUMONT ENTERPRISE,144800,1992,-1.154632730218795,1
TX,BEAUMONT ENTERPRISE,144800,2000,-1.362665084517496,1
TX,BEAUMONT ENTERPRISE,144800,2004,-1.466681261666846,1
TX,BEAUMONT ENTERPRISE,144800,2006,-1.518689350241522,9
TX,BEAUMONT ENTERPRISE,144800,2008,-1.570697438816197,1
TX,CORPUS CHRISTI CALLER TIMES,145000,1996,-1.819448089577054,1
TX,CORPUS CHRISTI CALLER TIMES,145000,2000,-1.584397360915824,1
TX,CORPUS CHRISTI CALLER TIMES,145000,2002,-1.466871996585209,2
TX,CORPUS CHRISTI CALLER TIMES,145000,2004,-1.349346632254594,1
TX,CORPUS CHRISTI CALLER TIMES,145000,2006,-1.231821267923979,5
TX,CORPUS CHRISTI CALLER TIMES,145000,2008,-1.114295903593364,1
TX,CORPUS CHRISTI CALLER TIMES,145000,2016,-.6441944462709029,2
TX,CORPUS CHRISTI CALLER TIMES,145000,2018,-.5266690819402881,3
TX,CORPUS CHRISTI TIMES,145001,1952,1.345882594453964,1
TX,CORPUS CHRISTI TIMES,145001,1960,1.006235311823708,1
TX,CORPUS CHRISTI TIMES,145001,1962,.9213234911661438,1
TX,CORPUS CHRISTI TIMES,145001,1964,.8364116705085796,1
TX,CORPUS CHRISTI TIMES,145001,1966,.7514998498510154,1
TX,CORPUS CHRISTI TIMES,145001,1976,.3269407465631948,3
TX,CORPUS CHRISTI TIMES,145001,1978,.2420289259056311,1
TX,CORPUS CHRISTI TIMES,145001,1984,-.0127065360670615,1
TX,DALLAS MORNING NEWS,145050,1952,-.4201691429606446,1
TX,DALLAS MORNING NEWS,145050,1956,-.4956512985274603,1
TX,DALLAS MORNING NEWS,145050,1960,-.5711334540942758,1
TX,DALLAS MORNING NEWS,145050,1964,-.6466156096610912,1
TX,DALLAS MORNING NEWS,145050,1968,-.7220977652279069,1
TX,DALLAS MORNING NEWS,145050,1972,-.7975799207947225,3
TX,DALLAS MORNING NEWS,145050,1976,-.8730620763615379,1
TX,DALLAS MORNING NEWS,145050,1978,-.9108031541449458,1
TX,DALLAS MORNING NEWS,145050,1980,-.9485442319283535,1
TX,DALLAS MORNING NEWS,145050,1984,-1.024026387495169,1
TX,DALLAS MORNING NEWS,145050,1986,-1.061767465278577,9
TX,DALLAS MORNING NEWS,145050,1988,-1.099508543061984,12
TX,DALLAS MORNING NEWS,145050,1990,-1.137249620845392,18
TX,DALLAS MORNING NEWS,145050,1992,-1.1749906986288,8
TX,DALLAS MORNING NEWS,145050,1994,-1.212731776412208,20
TX,DALLAS MORNING NEWS,145050,1996,-1.250472854195616,12
TX,DALLAS MORNING NEWS,145050,1998,-1.288213931979023,17
TX,DALLAS MORNING NEWS,145050,2000,-1.325955009762431,14
TX,DALLAS MORNING NEWS,145050,2002,-1.363696087545839,18
TX,DALLAS MORNING NEWS,145050,2004,-1.401437165329247,3
TX,DALLAS MORNING NEWS,145050,2006,-1.439178243112655,8
TX,DALLAS MORNING NEWS,145050,2008,-1.476919320896062,1
TX,DALLAS MORNING NEWS,145050,2012,-1.552401476462878,3
TX,DALLAS MORNING NEWS,145050,2016,-1.627883632029693,1
TX,DALLAS MORNING NEWS,145050,2018,-1.665624709813101,5
TX,DALLAS MORNING NEWS,145050,2020,-1.703365787596509,4
TX,EL PASO TIMES,145300,1952,.2897300593279903,1
TX,EL PASO TIMES,145300,1956,.1886651934130721,1
TX,EL PASO TIMES,145300,1960,.0876003274981534,1
TX,EL PASO TIMES,145300,1962,.0370678945406943,2
TX,EL PASO TIMES,145300,1964,-.0134645384167648,12
TX,EL PASO TIMES,145300,1966,-.0639969713742238,2
TX,EL PASO TIMES,145300,1968,-.1145294043316829,4
TX,EL PASO TIMES,145300,1970,-.1650618372891423,7
TX,EL PASO TIMES,145300,1972,-.2155942702466014,11
TX,EL PASO TIMES,145300,1974,-.2661267032040607,9
TX,EL PASO TIMES,145300,1976,-.3166591361615197,7
TX,EL PASO TIMES,145300,1978,-.3671915691189789,5
TX,EL PASO TIMES,145300,1980,-.417724002076438,6
TX,EL PASO TIMES,145300,1982,-.4682564350338971,15
TX,EL PASO TIMES,145300,1984,-.5187888679913564,4
TX,EL PASO TIMES,145300,1986,-.5693213009488155,9
TX,EL PASO TIMES,145300,1988,-.6198537339062747,11
TX,EL PASO TIMES,145300,1990,-.6703861668637339,19
TX,EL PASO TIMES,145300,1992,-.720918599821193,1
TX,EL PASO TIMES,145300,2000,-.9230483316510296,1
TX,EL PASO TIMES,145300,2002,-.9735807646084886,2
TX,EL PASO TIMES,145300,2004,-1.024113197565948,1
TX,EL PASO TIMES,145300,2006,-1.074645630523407,15
TX,EL PASO TIMES,145300,2008,-1.125178063480866,1
TX,EL PASO TIMES,145300,2012,-1.226242929395785,1
TX,EL PASO HERALD POST,145301,1956,-.1476644329990742,1
TX,EL PASO HERALD POST,145301,1958,-.1581759588151935,1
TX,EL PASO HERALD POST,145301,1960,-.1686874846313128,2
TX,EL PASO HERALD POST,145301,1962,-.1791990104474324,2
TX,EL PASO HERALD POST,145301,1964,-.1897105362635517,12
TX,EL PASO HERALD POST,145301,1966,-.200222062079671,3
TX,EL PASO HERALD POST,145301,1968,-.2107335878957904,3
TX,EL PASO HERALD POST,145301,1970,-.2212451137119099,7
TX,EL PASO HERALD POST,145301,1972,-.2317566395280292,11
TX,EL PASO HERALD POST,145301,1974,-.2422681653441486,10
TX,EL PASO HERALD POST,145301,1976,-.2527796911602679,5
TX,EL PASO HERALD POST,145301,1980,-.2738027427925068,1
TX,EL PASO HERALD POST,145301,1990,-.3263603718731036,10
TX,EL PASO HERALD POST,145301,1992,-.3368718976892229,1
TX,EL PASO HERALD POST,145301,1994,-.3473834235053425,8
TX,EL PASO HERALD POST,145301,1996,-.3578949493214618,3
TX,FORT WORTH STAR TELEGRAM,145400,1952,.6642735130094527,1
TX,FORT WORTH STAR TELEGRAM,145400,1960,.432626498675395,2
TX,FORT WORTH STAR TELEGRAM,145400,1962,.3747147450918805,1
TX,FORT WORTH STAR TELEGRAM,145400,1964,.3168029915083659,4
TX,FORT WORTH STAR TELEGRAM,145400,1966,.2588912379248514,2
TX,FORT WORTH STAR TELEGRAM,145400,1968,.2009794843413369,3
TX,FORT WORTH STAR TELEGRAM,145400,1970,.1430677307578228,4
TX,FORT WORTH STAR TELEGRAM,145400,1972,.0851559771743082,2
TX,FORT WORTH STAR TELEGRAM,145400,1976,-.0306675299927209,4
TX,FORT WORTH STAR TELEGRAM,145400,1978,-.0885792835762354,5
TX,FORT WORTH STAR TELEGRAM,145400,1980,-.14649103715975,1
TX,FORT WORTH STAR TELEGRAM,145400,1984,-.2623145443267786,1
TX,FORT WORTH STAR TELEGRAM,145400,1988,-.3781380514938077,1
TX,FORT WORTH STAR TELEGRAM,145400,1992,-.4939615586608365,1
TX,FORT WORTH STAR TELEGRAM,145400,1994,-.5518733122443511,19
TX,FORT WORTH STAR TELEGRAM,145400,1996,-.6097850658278656,5
TX,FORT WORTH STAR TELEGRAM,145400,1998,-.6676968194113799,17
TX,FORT WORTH STAR TELEGRAM,145400,2000,-.7256085729948945,14
TX,FORT WORTH STAR TELEGRAM,145400,2002,-.7835203265784091,19
TX,FORT WORTH STAR TELEGRAM,145400,2004,-.8414320801619236,4
TX,FORT WORTH STAR TELEGRAM,145400,2006,-.8993438337454379,4
TX,FORT WORTH STAR TELEGRAM,145400,2008,-.9572555873289524,3
TX,FORT WORTH STAR TELEGRAM,145400,2010,-1.015167340912467,2
TX,FORT WORTH STAR TELEGRAM,145400,2012,-1.073079094495981,3
TX,FORT WORTH STAR TELEGRAM,145400,2014,-1.130990848079496,4
TX,FORT WORTH STAR TELEGRAM,145400,2016,-1.18890260166301,1
TX,FORT WORTH STAR TELEGRAM,145400,2018,-1.246814355246525,3
TX,FORT WORTH STAR TELEGRAM,145400,2020,-1.304726108830039,2
TX,HOUSTON CHRONICLE,145950,1960,-.6587562161441125,1
TX,HOUSTON CHRONICLE,145950,1962,-.6704875448350563,1
TX,HOUSTON CHRONICLE,145950,1964,-.6822188735260005,1
TX,HOUSTON CHRONICLE,145950,1966,-.6939502022169444,1
TX,HOUSTON CHRONICLE,145950,1968,-.7056815309078882,1
TX,HOUSTON CHRONICLE,145950,1972,-.7291441882897762,2
TX,HOUSTON CHRONICLE,145950,1976,-.752606845671664,1
TX,HOUSTON CHRONICLE,145950,1978,-.764338174362608,1
TX,HOUSTON CHRONICLE,145950,1980,-.776069503053552,1
TX,HOUSTON CHRONICLE,145950,1984,-.7995321604354398,1
TX,HOUSTON CHRONICLE,145950,1988,-.8229948178173279,1
TX,HOUSTON CHRONICLE,145950,1992,-.8464574751992157,9
TX,HOUSTON CHRONICLE,145950,1994,-.8581888038901595,16
TX,HOUSTON CHRONICLE,145950,1996,-.8699201325811037,11
TX,HOUSTON CHRONICLE,145950,1998,-.8816514612720475,15
TX,HOUSTON CHRONICLE,145950,2000,-.8933827899629915,11
TX,HOUSTON CHRONICLE,145950,2002,-.9051141186539353,16
TX,HOUSTON CHRONICLE,145950,2004,-.9168454473448793,1
TX,HOUSTON CHRONICLE,145950,2006,-.9285767760358233,6
TX,HOUSTON CHRONICLE,145950,2008,-.9403081047267672,1
TX,HOUSTON CHRONICLE,145950,2016,-.987233419490543,1
TX,HOUSTON CHRONICLE,145950,2020,-1.010696076872431,1
TX,LUBBOCK AVALANCHE JOURNAL,146100,1962,.1786507681710932,1
TX,LUBBOCK AVALANCHE JOURNAL,146100,1964,.0912915297413062,1
TX,LUBBOCK AVALANCHE JOURNAL,146100,1966,.0039322913115196,1
TX,LUBBOCK AVALANCHE JOURNAL,146100,1968,-.0834269471182674,1
TX,LUBBOCK AVALANCHE JOURNAL,146100,1970,-.1707861855480544,1
TX,LUBBOCK AVALANCHE JOURNAL,146100,1972,-.2581454239778411,2
TX,LUBBOCK AVALANCHE JOURNAL,146100,1976,-.4328639008374149,2
TX,LUBBOCK AVALANCHE JOURNAL,146100,1980,-.6075823776969888,1
TX,LUBBOCK AVALANCHE JOURNAL,146100,1984,-.7823008545565627,1
TX,LUBBOCK AVALANCHE JOURNAL,146100,1988,-.9570193314161365,1
TX,LUBBOCK AVALANCHE JOURNAL,146100,1992,-1.13173780827571,1
TX,LUBBOCK AVALANCHE JOURNAL,146100,1996,-1.306456285135284,1
TX,LUBBOCK AVALANCHE JOURNAL,146100,2000,-1.481174761994858,1
TX,LUBBOCK AVALANCHE JOURNAL,146100,2002,-1.568534000424645,7
TX,LUBBOCK AVALANCHE JOURNAL,146100,2004,-1.655893238854432,4
TX,LUBBOCK AVALANCHE JOURNAL,146100,2006,-1.743252477284219,4
TX,LUBBOCK AVALANCHE JOURNAL,146100,2008,-1.830611715714006,1
TX,LUBBOCK AVALANCHE JOURNAL,146100,2012,-2.005330192573579,1
TX,MARSHALL NEWS MESSENGER,146150,1966,-.0178821545430559,1
TX,MARSHALL NEWS MESSENGER,146150,1984,-.8027544860693993,1
TX,MARSHALL NEWS MESSENGER,146150,1998,-1.413210743923222,13
TX,MARSHALL NEWS MESSENGER,146150,2000,-1.500418780759482,9
TX,MIDLAND REPORTER TELEGRAM,146200,1980,-1.832237907840371,1
TX,MIDLAND REPORTER TELEGRAM,146200,1984,-1.797253264887317,1
TX,MIDLAND REPORTER TELEGRAM,146200,2002,-1.639822371598571,7
TX,MIDLAND REPORTER TELEGRAM,146200,2006,-1.604837728645516,15
TX,SAN ANTONIO EXPRESS NEWS,146580,1988,-1.229610987259621,1
TX,SAN ANTONIO EXPRESS NEWS,146580,1992,-1.155846702760039,1
TX,SAN ANTONIO EXPRESS NEWS,146580,1996,-1.082082418260457,11
TX,SAN ANTONIO EXPRESS NEWS,146580,1998,-1.045200276010666,14
TX,SAN ANTONIO EXPRESS NEWS,146580,2000,-1.008318133760875,11
TX,SAN ANTONIO EXPRESS NEWS,146580,2002,-.9714359915110844,16
TX,SAN ANTONIO EXPRESS NEWS,146580,2004,-.9345538492612931,1
TX,SAN ANTONIO EXPRESS NEWS,146580,2006,-.8976717070115022,15
TX,SAN ANTONIO EXPRESS NEWS,146580,2008,-.8607895647617112,1
TX,SAN ANTONIO EXPRESS NEWS,146580,2016,-.7132609957625473,1
TX,SAN ANTONIO EXPRESS NEWS,146580,2020,-.6394967112629654,1
TX,SAN ANTONIO EXPRESS,146581,1952,.1320249940901309,1
TX,SAN ANTONIO EXPRESS,146581,1956,.1139488776367571,1
TX,SAN ANTONIO EXPRESS,146581,1962,.0868347029566971,1
TX,SAN ANTONIO EXPRESS,146581,1964,.0777966447300105,1
TX,SAN ANTONIO EXPRESS,146581,1966,.0687585865033238,1
TX,SAN ANTONIO EXPRESS,146581,1968,.0597205282766367,1
TX,SAN ANTONIO EXPRESS,146581,1972,.0416444118232633,1
TX,SAN ANTONIO EXPRESS,146581,1976,.02356829536989,1
TX,SAN ANTONIO EXPRESS,146581,1980,.0054921789165162,1
TX,SAN ANTONIO EXPRESS,146581,1984,-.0125839375368571,1
TX,SAN ANTONIO NEWS,146582,1952,.1320249939812949,1
TX,SAN ANTONIO NEWS,146582,1956,.113948877527922,1
TX,SAN ANTONIO NEWS,146582,1962,.086834702847862,1
TX,SAN ANTONIO NEWS,146582,1964,.0777966446211754,1
TX,SAN ANTONIO NEWS,146582,1966,.0687585863944891,1
TX,SAN ANTONIO NEWS,146582,1968,.0597205281678025,1
TX,SAN ANTONIO NEWS,146582,1972,.0416444117144291,1
TX,SAN ANTONIO NEWS,146582,1976,.0235682952610563,1
TX,SAN ANTONIO NEWS,146582,1980,.0054921788076829,1
TX,SAN ANTONIO NEWS,146582,1984,-.0125839376456902,1
TX,WICHITA FALLS TIMES RECORD NEWS,146900,1988,-1.858102294238328,1
TX,WICHITA FALLS TIMES RECORD NEWS,146900,1992,-1.61725253760732,1
TX,WICHITA FALLS TIMES RECORD NEWS,146900,2000,-1.135553024345304,1
TX,WICHITA FALLS TIMES RECORD NEWS,146900,2004,-.8947032677142959,1
TX,WICHITA FALLS TIMES RECORD NEWS,146900,2006,-.774278389398792,5
TX,WICHITA FALLS TIMES RECORD NEWS,146900,2008,-.6538535110832878,1
TX,WICHITA FALLS TIMES RECORD NEWS,146900,2010,-.533428632767784,2
TX,WICHITA FALLS TIMES RECORD NEWS,146900,2014,-.2925788761367759,2
TX,WICHITA FALLS TIMES RECORD NEWS,146900,2016,-.1721539978212721,1
TX,WICHITA FALLS TIMES,146901,1952,3.295218595988101,1
TX,WICHITA FALLS TIMES,146901,1956,2.656137043048706,1
TX,WICHITA FALLS TIMES,146901,1960,2.01705549010931,1
TX,WICHITA FALLS TIMES,146901,1962,1.697514713639611,1
TX,WICHITA FALLS TIMES,146901,1964,1.377973937169914,5
TX,WICHITA FALLS TIMES,146901,1966,1.058433160700216,1
TX,WICHITA FALLS TIMES,146901,1978,-.8588114981179719,1
TX,WICHITA FALLS TIMES,146901,1980,-1.17835227458767,1
TX,WICHITA FALLS TIMES,146901,1984,-1.817433827527066,1
TX,WICHITA FALLS RECORD NEWS,146902,1952,3.458720003565335,1
TX,WICHITA FALLS RECORD NEWS,146902,1960,2.220986215829121,1
TX,WICHITA FALLS RECORD NEWS,146902,1964,1.602119321961014,5
TX,WICHITA FALLS RECORD NEWS,146902,1966,1.292685875026961,1
TX,WICHITA FALLS RECORD NEWS,146902,1968,.9832524280929071,1
TX,WICHITA FALLS RECORD NEWS,146902,1978,-.5639148065773603,1
TX,WICHITA FALLS RECORD NEWS,146902,1980,-.8733482535114133,1
TX,WICHITA FALLS RECORD NEWS,146902,1984,-1.492215147379521,1
VA,NEWPORT NEWS DAILY PRESS,148050,1984,-.0711274936582741,1
VA,NEWPORT NEWS DAILY PRESS,148050,2004,.2315080345454634,1
VA,NEWPORT NEWS DAILY PRESS,148050,2006,.2617715873658371,6
VA,NEWPORT NEWS DAILY PRESS,148050,2008,.2920351401862108,1
VA,NORFOLK VIRGINIAN PILOT,148100,1980,-.5272295209043856,1
VA,NORFOLK VIRGINIAN PILOT,148100,1984,-.2605782167135077,1
VA,NORFOLK VIRGINIAN PILOT,148100,1988,.0060730874773708,1
VA,NORFOLK VIRGINIAN PILOT,148100,1992,.2727243916682485,1
VA,NORFOLK VIRGINIAN PILOT,148100,1994,.4060500437636878,5
VA,NORFOLK VIRGINIAN PILOT,148100,1996,.539375695859127,6
VA,NORFOLK VIRGINIAN PILOT,148100,1998,.6727013479545658,3
VA,NORFOLK VIRGINIAN PILOT,148100,2000,.8060270000500046,1
VA,NORFOLK VIRGINIAN PILOT,148100,2002,.9393526521454439,3
VA,NORFOLK VIRGINIAN PILOT,148100,2004,1.072678304240883,1
VA,NORFOLK VIRGINIAN PILOT,148100,2006,1.206003956336322,3
VA,RICHMOND TIMES DISPATCH,148250,1972,-1.242896486473647,1
VA,RICHMOND TIMES DISPATCH,148250,1976,-1.35163191806972,1
VA,RICHMOND TIMES DISPATCH,148250,1978,-1.405999633867757,4
VA,RICHMOND TIMES DISPATCH,148250,1980,-1.460367349665793,1
VA,RICHMOND TIMES DISPATCH,148250,1982,-1.51473506546383,4
VA,RICHMOND TIMES DISPATCH,148250,1984,-1.569102781261866,3
VA,RICHMOND TIMES DISPATCH,148250,1986,-1.623470497059903,3
VA,RICHMOND TIMES DISPATCH,148250,1988,-1.677838212857939,1
VA,RICHMOND TIMES DISPATCH,148250,1990,-1.732205928655976,4
VA,RICHMOND TIMES DISPATCH,148250,1992,-1.786573644454012,1
VA,RICHMOND TIMES DISPATCH,148250,1994,-1.840941360252049,7
VA,RICHMOND TIMES DISPATCH,148250,1996,-1.895309076050085,7
VA,RICHMOND TIMES DISPATCH,148250,1998,-1.949676791848122,4
VA,RICHMOND TIMES DISPATCH,148250,2000,-2.004044507646158,2
VA,RICHMOND TIMES DISPATCH,148250,2002,-2.058412223444195,3
VA,RICHMOND TIMES DISPATCH,148250,2004,-2.112779939242231,1
VA,RICHMOND TIMES DISPATCH,148250,2006,-2.167147655040268,5
VA,RICHMOND TIMES DISPATCH,148250,2008,-2.221515370838304,1
VA,RICHMOND TIMES DISPATCH,148250,2016,-2.43898623403045,1
VA,ROANOKE TIMES,148300,1994,1.185527087798374,6
VA,ROANOKE TIMES,148300,1996,1.140554824591951,4
VA,ROANOKE TIMES,148300,1998,1.095582561385529,4
VA,ROANOKE TIMES,148300,2002,1.005638034972683,3
VA,ROANOKE TIMES,148300,2006,.9156935085598386,4
WA,OLYMPIA OLYMPIAN,148850,1976,.2446165267507791,2
WA,OLYMPIA OLYMPIAN,148850,1996,.7274875820170488,10
WA,OLYMPIA OLYMPIAN,148850,1998,.7757746875436757,3
WA,OLYMPIA OLYMPIAN,148850,2000,.8240617930703027,11
WA,OLYMPIA OLYMPIAN,148850,2004,.920636004123557,12
WA,OLYMPIA OLYMPIAN,148850,2006,.9689231096501839,3
WA,OLYMPIA OLYMPIAN,148850,2008,1.017210215176811,6
WA,OLYMPIA OLYMPIAN,148850,2010,1.065497320703438,7
WA,OLYMPIA OLYMPIAN,148850,2012,1.113784426230065,5
WA,OLYMPIA OLYMPIAN,148850,2014,1.162071531756692,4
WA,OLYMPIA OLYMPIAN,148850,2016,1.210358637283319,4
WA,OLYMPIA OLYMPIAN,148850,2018,1.258645742809946,4
WA,SEATTLE POST INTELLIGENCER,149000,1952,-1.340370956301605,1
WA,SEATTLE POST INTELLIGENCER,149000,1960,-.9504908285618071,1
WA,SEATTLE POST INTELLIGENCER,149000,1968,-.5606107008220094,1
WA,SEATTLE POST INTELLIGENCER,149000,1972,-.3656706369521103,1
WA,SEATTLE POST INTELLIGENCER,149000,1976,-.1707305730822116,2
WA,SEATTLE POST INTELLIGENCER,149000,1980,.0242094907876874,2
WA,SEATTLE POST INTELLIGENCER,149000,1984,.2191495546575864,1
WA,SEATTLE POST INTELLIGENCER,149000,1988,.4140896185274853,1
WA,SEATTLE POST INTELLIGENCER,149000,1990,.5115596504624346,4
WA,SEATTLE POST INTELLIGENCER,149000,1992,.6090296823973843,19
WA,SEATTLE POST INTELLIGENCER,149000,1994,.7064997143323341,10
WA,SEATTLE POST INTELLIGENCER,149000,1996,.8039697462672829,16
WA,SEATTLE POST INTELLIGENCER,149000,1998,.9014397782022325,8
WA,SEATTLE POST INTELLIGENCER,149000,2000,.9989098101371823,15
WA,SEATTLE POST INTELLIGENCER,149000,2002,1.096379842072131,4
WA,SEATTLE POST INTELLIGENCER,149000,2004,1.193849874007081,17
WA,SEATTLE POST INTELLIGENCER,149000,2006,1.291319905942031,5
WA,SEATTLE POST INTELLIGENCER,149000,2008,1.38878993787698,1
WA,SEATTLE TIMES,149050,1952,-1.278046744795607,1
WA,SEATTLE TIMES,149050,1960,-1.001421530805012,1
WA,SEATTLE TIMES,149050,1964,-.8631089238097148,1
WA,SEATTLE TIMES,149050,1968,-.7247963168144173,1
WA,SEATTLE TIMES,149050,1976,-.4481711028238223,2
WA,SEATTLE TIMES,149050,1980,-.3098584958285246,1
WA,SEATTLE TIMES,149050,1984,-.1715458888332271,1
WA,SEATTLE TIMES,149050,1988,-.0332332818379294,1
WA,SEATTLE TIMES,149050,1990,.0359230216597194,4
WA,SEATTLE TIMES,149050,1992,.1050793251573682,19
WA,SEATTLE TIMES,149050,1994,.1742356286550165,10
WA,SEATTLE TIMES,149050,1996,.2433919321526658,16
WA,SEATTLE TIMES,149050,1998,.3125482356503141,8
WA,SEATTLE TIMES,149050,2000,.3817045391479634,18
WA,SEATTLE TIMES,149050,2002,.4508608426456118,3
WA,SEATTLE TIMES,149050,2004,.520017146143261,19
WA,SEATTLE TIMES,149050,2006,.5891734496409093,4
WA,SEATTLE TIMES,149050,2008,.6583297531385581,1
WA,SEATTLE TIMES,149050,2016,.9349549671291534,1
WA,SEATTLE TIMES,149050,2020,1.073267574124451,1
WA,SPOKANE SPOKESMAN REVIEW,149100,1952,-.5765328879226439,1
WA,SPOKANE SPOKESMAN REVIEW,149100,1956,-.5586783686037975,1
WA,SPOKANE SPOKESMAN REVIEW,149100,1960,-.5408238492849511,1
WA,SPOKANE SPOKESMAN REVIEW,149100,1972,-.4872602913284122,1
WA,SPOKANE SPOKESMAN REVIEW,149100,1976,-.4694057720095658,2
WA,SPOKANE SPOKESMAN REVIEW,149100,1980,-.4515512526907194,1
WA,SPOKANE SPOKESMAN REVIEW,149100,1984,-.433696733371873,1
WA,SPOKANE SPOKESMAN REVIEW,149100,1988,-.4158422140530267,1
WA,SPOKANE SPOKESMAN REVIEW,149100,1992,-.3979876947341805,1
WA,SPOKANE SPOKESMAN REVIEW,149100,1996,-.3801331754153341,1
WA,SPOKANE SPOKESMAN REVIEW,149100,1998,-.3712059157559109,1
WA,SPOKANE SPOKESMAN REVIEW,149100,2000,-.3622786560964878,11
WA,SPOKANE SPOKESMAN REVIEW,149100,2002,-.3533513964370646,8
WA,SPOKANE SPOKESMAN REVIEW,149100,2004,-.3444241367776414,11
WA,SPOKANE SPOKESMAN REVIEW,149100,2006,-.3354968771182182,5
WA,SPOKANE SPOKESMAN REVIEW,149100,2008,-.326569617458795,1
WA,SPOKANE SPOKESMAN REVIEW,149100,2016,-.2908605788211023,1
WA,SPOKANE SPOKESMAN REVIEW,149100,2020,-.2730060595022559,1
WA,TACOMA NEWS TRIBUNE,149200,1952,-.5285857843424261,1
WA,TACOMA NEWS TRIBUNE,149200,1956,-.4248422205442584,1
WA,TACOMA NEWS TRIBUNE,149200,1960,-.3210986567460906,1
WA,TACOMA NEWS TRIBUNE,149200,1964,-.2173550929479229,1
WA,TACOMA NEWS TRIBUNE,149200,1976,.0938755984465801,2
WA,TACOMA NEWS TRIBUNE,149200,1980,.1976191622447476,1
WA,TACOMA NEWS TRIBUNE,149200,1984,.3013627260429156,1
WA,TACOMA NEWS TRIBUNE,149200,1988,.4051062898410831,1
WA,TACOMA NEWS TRIBUNE,149200,1992,.5088498536392506,12
WA,TACOMA NEWS TRIBUNE,149200,1994,.5607216355383347,5
WA,TACOMA NEWS TRIBUNE,149200,1996,.6125934174374186,12
WA,TACOMA NEWS TRIBUNE,149200,1998,.6644651993365026,5
WA,TACOMA NEWS TRIBUNE,149200,2000,.7163369812355861,14
WA,TACOMA NEWS TRIBUNE,149200,2002,.7682087631346701,3
WA,TACOMA NEWS TRIBUNE,149200,2004,.8200805450337536,13
WA,TACOMA NEWS TRIBUNE,149200,2006,.8719523269328376,2
WA,TACOMA NEWS TRIBUNE,149200,2008,.9238241088319216,1
WA,TACOMA NEWS TRIBUNE,149200,2016,1.131311236428257,1
WA,VANCOUVER COLUMBIAN,149250,1976,-.2269179065076094,2
WA,VANCOUVER COLUMBIAN,149250,1994,.1917660265868631,2
WA,VANCOUVER COLUMBIAN,149250,1996,.2382864635973599,9
WA,VANCOUVER COLUMBIAN,149250,1998,.2848069006078566,2
WA,VANCOUVER COLUMBIAN,149250,2000,.3313273376183538,10
WA,VANCOUVER COLUMBIAN,149250,2002,.3778477746288511,1
WA,VANCOUVER COLUMBIAN,149250,2006,.4708886486498445,1
WA,VANCOUVER COLUMBIAN,149250,2012,.6104499596813352,1
WA,YAKIMA HERALD REPUBLIC,149400,1976,-.6018777037492096,2
WA,YAKIMA HERALD REPUBLIC,149400,1998,.1197190603888369,1
WA,YAKIMA HERALD REPUBLIC,149400,2000,.1853187662195687,10
WA,YAKIMA HERALD REPUBLIC,149400,2004,.3165181778810313,11
WA,YAKIMA HERALD REPUBLIC,149400,2006,.3821178837117631,1
WA,YAKIMA HERALD REPUBLIC,149400,2008,.4477175895424944,1
WI,KENOSHA NEWS,507,1962,1.0514206936854,2
WI,KENOSHA NEWS,507,1964,1.032928045025429,7
WI,KENOSHA NEWS,507,1966,1.014435396365458,6
WI,KENOSHA NEWS,507,1968,.9959427477054873,9
WI,KENOSHA NEWS,507,1970,.9774500990455167,7
WI,KENOSHA NEWS,507,1972,.9589574503855457,2
WI,KENOSHA NEWS,507,1974,.9404648017255747,6
WI,KENOSHA NEWS,507,1976,.9219721530656037,4
WI,KENOSHA NEWS,507,1978,.9034795044056326,3
WI,KENOSHA NEWS,507,1980,.8849868557456616,4
WI,KENOSHA NEWS,507,1982,.8664942070856906,7
WI,KENOSHA NEWS,507,1984,.8480015584257197,2
WI,KENOSHA NEWS,507,1986,.8295089097657486,6
WI,KENOSHA NEWS,507,1988,.8110162611057776,3
WI,KENOSHA NEWS,507,1990,.7925236124458066,4
WI,KENOSHA NEWS,507,2004,.66307507182601,1
WI,KENOSHA NEWS,507,2008,.626089774506068,1
WI,APPLETON POST CRESCENT,150250,1956,.2006445916439122,1
WI,APPLETON POST CRESCENT,150250,1960,.1373110676743153,1
WI,APPLETON POST CRESCENT,150250,1962,.1056443056895168,2
WI,APPLETON POST CRESCENT,150250,1964,.0739775437047183,2
WI,APPLETON POST CRESCENT,150250,1966,.0423107817199198,2
WI,APPLETON POST CRESCENT,150250,1968,.0106440197351213,5
WI,APPLETON POST CRESCENT,150250,1972,-.0526895042344752,1
WI,APPLETON POST CRESCENT,150250,1976,-.1160230282040722,1
WI,APPLETON POST CRESCENT,150250,1978,-.1476897901888707,1
WI,APPLETON POST CRESCENT,150250,1980,-.1793565521736692,3
WI,APPLETON POST CRESCENT,150250,1982,-.2110233141584677,2
WI,APPLETON POST CRESCENT,150250,1984,-.2426900761432662,1
WI,APPLETON POST CRESCENT,150250,1986,-.2743568381280647,2
WI,APPLETON POST CRESCENT,150250,1990,-.3376903620976617,1
WI,APPLETON POST CRESCENT,150250,1992,-.3693571240824602,1
WI,APPLETON POST CRESCENT,150250,1994,-.4010238860672584,2
WI,APPLETON POST CRESCENT,150250,1996,-.4326906480520569,2
WI,APPLETON POST CRESCENT,150250,1998,-.4643574100368554,4
WI,APPLETON POST CRESCENT,150250,2000,-.4960241720216539,3
WI,APPLETON POST CRESCENT,150250,2002,-.5276909340064524,2
WI,APPLETON POST CRESCENT,150250,2004,-.5593576959912506,2
WI,APPLETON POST CRESCENT,150250,2006,-.5910244579760492,3
WI,APPLETON POST CRESCENT,150250,2008,-.6226912199608476,3
WI,APPLETON POST CRESCENT,150250,2010,-.6543579819456461,2
WI,APPLETON POST CRESCENT,150250,2012,-.6860247439304447,1
WI,APPLETON POST CRESCENT,150250,2014,-.7176915059152431,1
WI,GREEN BAY PRESS GAZETTE,150500,1962,-.8447987999936104,2
WI,GREEN BAY PRESS GAZETTE,150500,1978,-1.28784291003803,1
WI,GREEN BAY PRESS GAZETTE,150500,2002,-1.952409075104659,1
WI,GREEN BAY PRESS GAZETTE,150500,2004,-2.007789588860211,1
WI,GREEN BAY PRESS GAZETTE,150500,2006,-2.063170102615764,3
WI,GREEN BAY PRESS GAZETTE,150500,2008,-2.118550616371316,3
WI,GREEN BAY PRESS GAZETTE,150500,2012,-2.229311643882421,1
WI,MADISON STATE JOURNAL,150700,1952,-.0018142578734101,1
WI,MADISON STATE JOURNAL,150700,1956,-.0382531950691202,1
WI,MADISON STATE JOURNAL,150700,1960,-.0746921322648305,5
WI,MADISON STATE JOURNAL,150700,1962,-.0929116008626855,9
WI,MADISON STATE JOURNAL,150700,1964,-.1111310694605406,9
WI,MADISON STATE JOURNAL,150700,1966,-.1293505380583958,9
WI,MADISON STATE JOURNAL,150700,1968,-.147570006656251,9
WI,MADISON STATE JOURNAL,150700,1970,-.1657894752541061,6
WI,MADISON STATE JOURNAL,150700,1972,-.1840089438519611,8
WI,MADISON STATE JOURNAL,150700,1974,-.2022284124498162,8
WI,MADISON STATE JOURNAL,150700,1976,-.2204478810476714,7
WI,MADISON STATE JOURNAL,150700,1978,-.2386673496455263,10
WI,MADISON STATE JOURNAL,150700,1980,-.2568868182433815,12
WI,MADISON STATE JOURNAL,150700,1982,-.2751062868412367,12
WI,MADISON STATE JOURNAL,150700,1984,-.2933257554390918,14
WI,MADISON STATE JOURNAL,150700,1986,-.311545224036947,15
WI,MADISON STATE JOURNAL,150700,1988,-.3297646926348019,1
WI,MADISON STATE JOURNAL,150700,1990,-.3479841612326571,8
WI,MADISON STATE JOURNAL,150700,1992,-.3662036298305122,5
WI,MADISON STATE JOURNAL,150700,1994,-.3844230984283672,5
WI,MADISON STATE JOURNAL,150700,1996,-.4026425670262224,6
WI,MADISON STATE JOURNAL,150700,1998,-.4208620356240775,11
WI,MADISON STATE JOURNAL,150700,2000,-.4390815042219327,3
WI,MADISON STATE JOURNAL,150700,2002,-.4573009728197878,5
WI,MADISON STATE JOURNAL,150700,2004,-.4755204414176428,6
WI,MADISON STATE JOURNAL,150700,2006,-.4937399100154979,11
WI,MADISON STATE JOURNAL,150700,2008,-.5119593786133532,11
WI,MADISON STATE JOURNAL,150700,2010,-.530178847211208,12
WI,MADISON STATE JOURNAL,150700,2012,-.5483983158090632,12
WI,MADISON STATE JOURNAL,150700,2016,-.5848372530047735,1
WI,MADISON STATE JOURNAL,150700,2018,-.6030567216026287,2
WI,MADISON CAPITAL TIMES,150701,1952,3.554647259654091,1
WI,MADISON CAPITAL TIMES,150701,1956,3.35115688100867,1
WI,MADISON CAPITAL TIMES,150701,1960,3.147666502363248,5
WI,MADISON CAPITAL TIMES,150701,1962,3.045921313040538,8
WI,MADISON CAPITAL TIMES,150701,1964,2.944176123717827,11
WI,MADISON CAPITAL TIMES,150701,1966,2.842430934395116,10
WI,MADISON CAPITAL TIMES,150701,1968,2.740685745072406,6
WI,MADISON CAPITAL TIMES,150701,1970,2.638940555749695,7
WI,MADISON CAPITAL TIMES,150701,1972,2.537195366426984,7
WI,MADISON CAPITAL TIMES,150701,1974,2.435450177104274,10
WI,MADISON CAPITAL TIMES,150701,1976,2.333704987781563,7
WI,MADISON CAPITAL TIMES,150701,1978,2.231959798458852,11
WI,MADISON CAPITAL TIMES,150701,1980,2.130214609136142,12
WI,MADISON CAPITAL TIMES,150701,1982,2.028469419813431,14
WI,MADISON CAPITAL TIMES,150701,1984,1.92672423049072,13
WI,MADISON CAPITAL TIMES,150701,1986,1.824979041168009,14
WI,MADISON CAPITAL TIMES,150701,1988,1.723233851845299,2
WI,MADISON CAPITAL TIMES,150701,1992,1.519743473199877,1
WI,MADISON CAPITAL TIMES,150701,1996,1.316253094554456,1
WI,MADISON CAPITAL TIMES,150701,2000,1.112762715909034,1
WI,MADISON CAPITAL TIMES,150701,2004,.9092723372636128,1
WI,MADISON CAPITAL TIMES,150701,2008,.7057819586181913,11
WI,MADISON CAPITAL TIMES,150701,2010,.6040367692954808,10
WI,MADISON CAPITAL TIMES,150701,2012,.5022915799727699,11
WI,MADISON CAPITAL TIMES,150701,2014,.4005463906500593,1
WI,MADISON CAPITAL TIMES,150701,2018,.1970560120046378,2
WI,MILWAUKEE JOURNAL SENTINEL,150900,1990,-1.342142822886429,1
WI,MILWAUKEE JOURNAL SENTINEL,150900,1996,-.8364684216039809,6
WI,MILWAUKEE JOURNAL SENTINEL,150900,1998,-.667910287843165,11
WI,MILWAUKEE JOURNAL SENTINEL,150900,2000,-.4993521540823486,4
WI,MILWAUKEE JOURNAL SENTINEL,150900,2002,-.330794020321533,6
WI,MILWAUKEE JOURNAL SENTINEL,150900,2004,-.1622358865607175,4
WI,MILWAUKEE JOURNAL SENTINEL,150900,2006,.0063222472000989,10
WI,MILWAUKEE JOURNAL SENTINEL,150900,2008,.1748803809609153,1
WI,MILWAUKEE JOURNAL SENTINEL,150900,2016,.8491129160041792,1
WI,MILWAUKEE SENTINEL,150901,1952,-.6683845157833349,1
WI,MILWAUKEE SENTINEL,150901,1956,-.758881367190354,1
WI,MILWAUKEE SENTINEL,150901,1960,-.8493782185973727,1
WI,MILWAUKEE SENTINEL,150901,1962,-.8946266443008822,1
WI,MILWAUKEE SENTINEL,150901,1968,-1.03037192141141,1
WI,MILWAUKEE SENTINEL,150901,1970,-1.07562034711492,3
WI,MILWAUKEE SENTINEL,150901,1976,-1.211365624225448,1
WI,MILWAUKEE SENTINEL,150901,1978,-1.256614049928958,1
WI,MILWAUKEE SENTINEL,150901,1980,-1.301862475632467,1
WI,MILWAUKEE SENTINEL,150901,1984,-1.392359327039486,1
WI,MILWAUKEE SENTINEL,150901,1988,-1.482856178446505,1
WI,MILWAUKEE SENTINEL,150901,1992,-1.573353029853524,1
WI,MILWAUKEE JOURNAL,150950,1952,2.303804438126244,1
WI,MILWAUKEE JOURNAL,150950,1956,2.260567703994772,1
WI,MILWAUKEE JOURNAL,150950,1960,2.2173309698633,1
WI,MILWAUKEE JOURNAL,150950,1962,2.195712602797564,1
WI,MILWAUKEE JOURNAL,150950,1964,2.174094235731827,1
WI,MILWAUKEE JOURNAL,150950,1966,2.152475868666091,4
WI,MILWAUKEE JOURNAL,150950,1976,2.04438403333741,1
WI,MILWAUKEE JOURNAL,150950,1978,2.022765666271674,1
WI,MILWAUKEE JOURNAL,150950,1980,2.001147299205938,1
WI,MILWAUKEE JOURNAL,150950,1984,1.957910565074466,1
WI,MILWAUKEE JOURNAL,150950,1988,1.914673830942993,1
WI,MILWAUKEE JOURNAL,150950,1992,1.871437096811521,1
WI,RACINE JOURNAL TIMES,151150,1962,1.527139691913897,1
WI,RACINE JOURNAL TIMES,151150,1964,1.398669119803997,3
WI,RACINE JOURNAL TIMES,151150,1966,1.270198547694098,3
WI,RACINE JOURNAL TIMES,151150,1968,1.141727975584198,4
WI,RACINE JOURNAL TIMES,151150,1970,1.013257403474299,4
WI,RACINE JOURNAL TIMES,151150,1974,.7563162592545001,5
WI,RACINE JOURNAL TIMES,151150,1976,.6278456871446003,4
WI,RACINE JOURNAL TIMES,151150,1978,.4993751150347009,3
WI,RACINE JOURNAL TIMES,151150,1980,.3709045429248016,4
WI,RACINE JOURNAL TIMES,151150,1982,.2424339708149018,4
WI,RACINE JOURNAL TIMES,151150,1986,-.0145071734048974,6
WI,RACINE JOURNAL TIMES,151150,1988,-.1429777455147967,2
WI,RACINE JOURNAL TIMES,151150,1990,-.2714483176246965,1
WV,CHARLESTON DAILY MAIL,149550,1972,.19720866220229,1
WV,CHARLESTON DAILY MAIL,149550,1984,-.4000453268920027,1
WV,CHARLESTON DAILY MAIL,149550,1996,-.9972993159862954,8
WV,CHARLESTON DAILY MAIL,149550,2000,-1.196383979017726,4
WV,CHARLESTON DAILY MAIL,149550,2004,-1.395468642049157,6
WV,CHARLESTON DAILY MAIL,149550,2006,-1.495010973564872,2
WV,CHARLESTON DAILY MAIL,149550,2008,-1.594553305080588,1
WV,CHARLESTON DAILY MAIL,149550,2012,-1.793637968112019,1
WV,CHARLESTON GAZETTE,149551,1980,2.331744063683049,1
WV,CHARLESTON GAZETTE,149551,1984,2.079453793937965,1
WV,CHARLESTON GAZETTE,149551,1996,1.32258298470271,8
WV,CHARLESTON GAZETTE,149551,2000,1.070292714957625,4
WV,CHARLESTON GAZETTE,149551,2004,.8180024452125398,6
WV,CHARLESTON GAZETTE,149551,2006,.6918573103399978,2
WV,CHARLESTON GAZETTE,149551,2008,.5657121754674551,1
