year,office,dist,state_abbrev,election_g,quality_differential,n_endorsements
1966,G,0,AL,32,-1.084662624065189,2
1966,S,0,AL,34,.9230543119724768,3
1972,PUB SRV C,0,AL,39,-.8239382495727908,4
1972,S,0,AL,40,1.27837577720411,3
1976,JUSTICE,7,AL,45,1.308394007612019,2
1978,AUDITOR,0,AL,47,-1.717048773276728,2
1978,LT GOV,0,AL,50,.7157716712399709,2
1978,S,0,AL,52,.7157716712399709,2
1978,SEC STATE,0,AL,53,.7157716712399709,2
1980,S,0,AL,55,-.4877328722386642,2
1982,G,0,AL,56,-1.190564784876428,3
1982,H,2,AL,57,-1.148284724338504,2
1982,JUSTICE,4,AL,59,1.284535719770169,2
1984,S,0,AL,65,1.015535832129891,4
1986,G,0,AL,67,.9512360545118547,3
1986,H,3,AL,69,.85377285892055,2
1986,LT GOV,0,AL,72,.9177099222700976,3
1986,S,0,AL,74,1.018012290984572,4
1986,SEC STATE,0,AL,75,.9512360545118547,3
1988,H,2,AL,84,-1.172143011244992,2
1988,H,3,AL,85,.9805196982233801,3
1988,JUSTICE,0,AL,88,1.220583588275066,3
1988,JUSTICE,1,AL,89,1.260677432760257,2
1988,JUSTICE,2,AL,90,1.260677432760257,2
1988,JUSTICE,4,AL,92,1.260677432760257,2
1988,JUSTICE,6,AL,93,1.260677432760257,2
1988,PUB SRV C,0,AL,95,1.220583588275066,3
1990,AGR & IND,0,AL,96,-1.219460879776758,3
1990,ATTY GENL,0,AL,97,-.6891327454934827,3
1990,AUDITOR,0,AL,98,-.6891327459155714,3
1990,G,0,AL,102,.1218074022449097,3
1990,H,3,AL,104,.831806648155345,2
1990,LT GOV,0,AL,108,.9327475506277301,3
1990,PUB SRV C,0,AL,109,-.2623844237133877,5
1990,S,0,AL,110,-.1934450158447071,4
1990,SEC STATE,0,AL,111,-1.500072892976595,3
1990,ST H,73,AL,112,1.252724669828302,2
1990,ST H,74,AL,113,-1.180095774416594,2
1992,H,3,AL,115,.8061114212589773,2
1992,S,0,AL,122,.8061114212589773,2
1994,AGR & IND,0,AL,123,-1.125707766993864,5
1994,ATTY GENL,0,AL,124,-.3194589709962662,4
1994,AUDITOR,0,AL,125,-.8900371927874161,3
1994,CRIM APP,2,AL,127,1.632509729005668,3
1994,CRIM APP,6,AL,128,1.632509729005668,3
1994,G,0,AL,129,1.30711267682797,5
1994,H,3,AL,131,1.114181649740471,2
1994,JUSTICE,0,AL,135,1.40959910630913,3
1994,JUSTICE,1,AL,136,.0106294324376623,3
1994,JUSTICE,4,AL,137,.8215695804808231,3
1994,JUSTICE,6,AL,138,-.8003107158521315,3
1994,LT GOV,0,AL,139,-.0304764084509813,4
1994,PUB SRV C,0,AL,140,-1.079703663581139,4
1994,SEC STATE,0,AL,141,1.30711267682797,5
1994,TREASURER,0,AL,142,.8205485883442861,5
1996,CRIM APP,5,AL,146,-.8967662337130079,3
1996,CRIM APP,7,AL,147,-.8967662337130079,3
1996,CRIM APP,8,AL,148,.9905064648747608,4
1996,H,3,AL,151,1.410739481045199,2
1996,H,4,AL,152,.1943292587571289,2
1996,JUSTICE,5,AL,155,-.8967662337130079,3
1996,PUB SRV C,0,AL,156,-1.022080963479696,2
1996,S,0,AL,157,-.1442210207598258,5
1998,AGR & IND,0,AL,158,-.9593342882138249,4
1998,ATTY GENL,0,AL,159,-.8386932931898498,3
1998,AUDITOR,0,AL,160,1.403218150278079,2
1998,G,0,AL,162,1.208766142472137,2
1998,H,3,AL,163,.1868079272753282,2
1998,JUSTICE,9,AL,166,-.9593342882138249,4
1998,JUSTICE,10,AL,167,.559861656227331,3
1998,JUSTICE,11,AL,168,-.9593342882138249,4
1998,LT GOV,0,AL,169,-.9593342882138249,4
1998,PUB SRV C,0,AL,170,-.0076440788208204,4
1998,S,0,AL,171,-.6946142750905601,2
1998,SEC STATE,0,AL,172,-.9593342882138249,4
1998,TREASURER,0,AL,173,1.473486155942991,4
2000,CRIM APP,6,AL,177,1.208824792439291,3
2000,CRIM APP,9,AL,178,1.350717282251324,4
2000,CRIM APP,10,AL,179,1.208824792439291,3
2000,H,4,AL,182,.1792865955544943,2
2000,H,7,AL,184,-1.037123626479625,2
2000,JUSTICE,0,AL,185,1.208824792439291,3
2000,JUSTICE,1,AL,186,.3978846440452899,3
2000,JUSTICE,4,AL,187,.7425121704615277,4
2000,JUSTICE,6,AL,188,-1.082103162604068,4
2000,JUSTICE,7,AL,189,-1.082103162604068,4
2000,PUB SRV C,0,AL,190,-1.223995652419015,3
2002,AGR & IND,0,AL,191,-.6607315961377853,5
2002,ATTY GENL,0,AL,192,-1.147295684317883,5
2002,AUDITOR,0,AL,193,1.301990315225478,4
2002,CRIM APP,1,AL,194,-1.147295684317883,5
2002,CRIM APP,2,AL,195,-1.147295684317883,5
2002,G,0,AL,196,-.1741675073415467,5
2002,H,3,AL,198,.4661015990657462,3
2002,H,5,AL,200,1.298249277530627,2
2002,H,6,AL,201,-1.133978171870294,2
2002,JUSTICE,5,AL,203,-.1741675073415467,5
2002,LT GOV,0,AL,204,-.1741675070970528,5
2002,PUB SRV C,0,AL,205,.081839055784097,4
2002,S,0,AL,206,.3123965818305676,5
2002,SEC STATE,0,AL,207,1.285524759542497,5
2002,TREASURER,0,AL,208,.7989606704868707,5
2004,H,3,AL,211,-1.014117217645812,2
2004,JUSTICE,1,AL,214,1.534504094883911,3
2004,JUSTICE,2,AL,215,-.8983163499198571,3
2004,JUSTICE,3,AL,216,-.0873762015735576,3
2004,S,0,AL,217,-.8983163499198571,3
2006,AGR & IND,0,AL,218,1.232685013396118,10
2006,ATTY GENL,0,AL,219,.8383791467975908,11
2006,AUDITOR,0,AL,220,-.9187854866502337,9
2006,CRIM APP,1,AL,224,-1.15893808029431,4
2006,CRIM APP,2,AL,225,-.8548355243582952,4
2006,CRIM APP,3,AL,226,-.457197228144641,5
2006,G,0,AL,227,-1.213243434144495,11
2006,H,3,AL,230,-1.332214380138395,2
2006,JUSTICE,0,AL,231,.0162747909039643,10
2006,JUSTICE,2,AL,232,-1.15893808029431,4
2006,JUSTICE,3,AL,233,-1.15893808029431,4
2006,JUSTICE,4,AL,234,1.273882364651993,4
2006,LT GOV,0,AL,235,.0162747909397867,10
2006,PUB SRV C,0,AL,236,.3140704300081775,15
2006,SEC STATE,0,AL,237,-.9568533870443788,10
2006,TREASURER,0,AL,238,-1.200135431424416,10
1950,G,0,AZ,297,.4482655918965107,2
1952,G,0,AZ,306,-.9179108421611172,2
1952,H,1,AZ,307,-1.03646297298149,2
1952,JUSTICE,97,AZ,308,.1664448132608385,2
1952,S,0,AZ,309,-.9529274075536448,3
1954,G,0,AZ,310,-1.476892144330123,2
1956,ST H,1,AZ,313,.1914783538177656,4
1956,ST H,2,AZ,314,-1.024931868418532,2
1956,ST H,3,AZ,315,.1914783538177656,4
1956,ST H,4,AZ,316,-1.024931868418532,2
1956,ST H,8,AZ,319,.6648325285244442,3
1956,ST H,9,AZ,320,1.407888576487885,2
1956,ST H,10,AZ,321,-.9570477673436223,3
1956,ST H,11,AZ,322,-1.024931868418532,2
1956,ST H,12,AZ,323,-.0110732298939826,5
1956,ST H,13,AZ,324,-.9570477673436223,3
1956,ST H,14,AZ,325,1.407888576487885,2
1956,ST H,16,AZ,326,.1914783538146707,4
1956,ST H,17,AZ,327,1.407888576487885,2
1956,ST H,18,AZ,328,.1914783538177656,4
1956,ST H,19,AZ,329,-1.024931868418532,2
1956,ST H,20,AZ,330,.1914783538177656,4
1956,ST H,21,AZ,331,.1914783538177656,4
1956,ST H,23,AZ,332,-1.024931868418532,2
1956,ST H,24,AZ,333,.1914783538146707,4
1956,ST H,25,AZ,334,.1914783538177656,4
1956,ST H,27,AZ,335,-1.024931868418532,2
1956,ST H,28,AZ,336,.1914783538146707,4
1956,ST H,29,AZ,337,.1914783538146707,4
1956,ST H,30,AZ,338,.1914783538146707,4
1956,ST H,31,AZ,339,-1.024931868418532,2
1956,ST H,32,AZ,340,.1914783538146707,4
1956,ST H,33,AZ,341,-1.024931868418532,2
1956,ST H,34,AZ,342,1.407888576487885,2
1956,ST H,35,AZ,343,1.407888576487885,2
1956,ST H,37,AZ,344,1.407888576487885,2
1958,ST H,3,AZ,355,.1863173846526675,2
1958,ST H,5,AZ,356,.1863173846526675,2
1958,ST H,15,AZ,362,.1863173846526675,2
1958,ST H,18,AZ,364,.1863173846526675,2
1958,ST H,19,AZ,365,.1863173846526675,2
1958,ST H,25,AZ,369,.1863173846526675,2
1958,ST H,26,AZ,370,.1863173846526675,2
1958,ST H,27,AZ,371,.1863173846526675,2
1958,ST H,29,AZ,373,.1863173846526675,2
1958,ST H,31,AZ,375,.1863173846526675,2
1960,ATTY GENL,0,AZ,382,-.5082863101069746,3
1960,AUDITOR,0,AZ,383,.2695378772423891,7
1960,CORP C,0,AZ,384,.2921220909771005,5
1960,G,0,AZ,388,-.5082863101069746,3
1960,H,1,AZ,389,-.1991046541151541,3
1960,H,2,AZ,390,-.2197408492589829,5
1960,JUSTICE,1,AZ,393,1.492734693677334,2
1960,JUSTICE,2,AZ,394,1.492734693677334,2
1960,JUSTICE,3,AZ,395,-1.319226457940696,3
1960,JUSTICE,4,AZ,396,.2763244706683847,2
1960,MINES,0,AZ,397,1.492734693677334,2
1960,SEC STATE,0,AZ,398,1.492734693677334,2
1960,ST H,6,AZ,404,-1.467105364006058,2
1960,ST H,8,AZ,406,-1.467105364006058,2
1960,ST H,11,AZ,409,.3597073658663232,2
1960,ST H,13,AZ,411,.3597073658663232,2
1960,ST H,15,AZ,413,.3597073658663232,2
1960,TREASURER,0,AZ,415,-.1569399020562059,3
1962,ATTY GENL,0,AZ,416,-1.314843554744463,3
1962,AUDITOR,0,AZ,417,1.197081287027617,4
1962,CORP C,0,AZ,422,-1.314843554744463,3
1962,G,0,AZ,426,-.5039034061565292,3
1962,H,1,AZ,427,-1.007635211056711,2
1962,H,2,AZ,428,-.5039034061565292,3
1962,H,3,AZ,429,.1995657656573593,2
1962,MINES,0,AZ,431,.9689773406821748,2
1962,S,0,AZ,432,.5888761759141989,4
1962,SEC STATE,0,AZ,433,1.487190964900986,2
1962,ST H,1,AZ,434,.3131762384552296,3
1962,ST H,2,AZ,435,.3131762384552296,3
1962,ST H,3,AZ,436,.3131762384552296,3
1962,ST H,4,AZ,437,-.4977639095953358,3
1962,ST H,5,AZ,438,-1.308704057552936,3
1962,ST H,6,AZ,439,-.9364202340669993,2
1962,ST H,7,AZ,440,-.014724312346516,4
1962,ST H,8,AZ,441,-.2474328813025245,2
1962,ST H,9,AZ,442,.5934807981841422,4
1962,ST H,10,AZ,443,-.2474328813025245,2
1962,ST H,11,AZ,444,-.4977639095953358,3
1962,ST H,12,AZ,445,-.9364202340669993,2
1962,ST H,13,AZ,446,-.4977639095953358,3
1962,ST H,14,AZ,447,-.9364202340669993,2
1962,ST H,16,AZ,449,.3131762384552296,3
1962,ST H,17,AZ,450,-.2474328813025245,2
1962,ST H,21,AZ,453,.2179842562258859,2
1962,ST H,27,AZ,459,.2179842562258859,2
1962,ST H,28,AZ,460,.2179842562258859,2
1962,ST H,31,AZ,461,.2179842562258859,2
1962,TREASURER,0,AZ,471,.5842715534009717,4
1964,ATTY GENL,0,AZ,472,-1.310460650783164,3
1964,AUDITOR,0,AZ,473,1.122359793479489,3
1964,CORP C,0,AZ,476,-.4730202258244253,3
1964,G,0,AZ,480,-.0189903321467114,4
1964,H,1,AZ,481,-1.00186965888478,2
1964,H,2,AZ,482,.0616368354760801,6
1964,H,3,AZ,483,-1.00186965888478,2
1964,JUSTICE,1,AZ,486,-.9511732065333826,2
1964,JUSTICE,2,AZ,487,-.0189903321467114,4
1964,MINES,0,AZ,488,1.122359793479489,3
1964,S,0,AZ,489,-.3438332386403655,6
1964,SEC STATE,0,AZ,490,1.481647238303256,2
1964,ST H,1,AZ,491,.9722396015615205,2
1964,ST H,2,AZ,492,.9722396015615205,2
1964,ST H,3,AZ,493,.9722396015615205,2
1964,ST H,4,AZ,494,-.2441706207973171,2
1964,ST H,5,AZ,495,-.2441706207973171,2
1964,ST H,6,AZ,496,-1.460580843490937,2
1964,ST H,7,AZ,497,-.2441706207973171,2
1964,ST H,8,AZ,498,-.2441706207973171,2
1964,ST H,9,AZ,499,-.2441706207973171,2
1964,ST H,10,AZ,500,-.2441706207973171,2
1964,ST H,11,AZ,501,.9722396015615205,2
1964,ST H,13,AZ,503,-.2441706207973171,2
1964,ST H,14,AZ,504,-1.460580843490937,2
1964,ST H,15,AZ,505,-.2441706207973171,2
1966,ATTY GENL,0,AZ,511,-.8725530423029899,4
1966,AUDITOR,0,AZ,512,1.476103510797704,2
1966,CORP C,0,AZ,514,1.476103510797704,2
1966,G,0,AZ,518,-.0140471067578347,4
1966,H,2,AZ,520,1.476103510797704,2
1966,JUSTICE,1,AZ,523,1.476103510797704,2
1966,JUSTICE,2,AZ,524,1.476103510797704,2
1966,MINES,0,AZ,525,.3158025494004233,3
1966,SEC STATE,0,AZ,526,1.476103510797704,2
1966,ST H,13,AZ,527,-1.457318582736828,2
1966,TREASURER,0,AZ,530,-.4951375987896354,3
1968,ATTY GENL,0,AZ,531,-.4907546951550436,3
1968,AUDITOR,0,AZ,532,1.470559783347373,2
1968,CORP C,0,AZ,535,-.4907546951550436,3
1968,G,0,AZ,542,-.0091038814561444,4
1968,H,2,AZ,544,1.131125601474817,3
1968,H,3,AZ,545,.2194383374812222,2
1968,MINES,0,AZ,547,-.4907546951550436,3
1968,S,0,AZ,548,-.0091038814561444,4
1968,SEC STATE,0,AZ,549,.3201854530234109,3
1968,ST H,8,AZ,550,-.2376461002398352,4
1968,TREASURER,0,AZ,552,-1.301694843093839,3
1970,ATTY GENL,0,AZ,553,-1.450794062564135,2
1970,G,0,AZ,558,-.2343838397693465,2
1970,H,2,AZ,559,.9820263819678052,2
1970,S,0,AZ,565,-.2343838397693465,2
1970,SEC STATE,0,AZ,566,-.2343838397693465,2
1970,ST H,18,AZ,572,.237611913383188,2
1970,ST S,1,AZ,579,.237611913383188,2
1970,ST S,6,AZ,581,.237611913383188,2
1970,ST S,14,AZ,587,-1.450794062564135,2
1970,ST S,16,AZ,589,.237611913383188,2
1970,ST S,18,AZ,591,.237611913383188,2
1970,ST S,22,AZ,595,.237611913383188,2
1970,ST S,23,AZ,596,.237611913383188,2
1970,ST S,26,AZ,599,.237611913383188,2
1970,TREASURER,0,AZ,605,-1.450794062564135,2
1972,CORP C,0,AZ,610,-1.447531801460697,2
1972,H,2,AZ,616,-.2311215793849305,2
1972,MINES,0,AZ,618,-.2311215793849305,2
1972,ST H,9,AZ,620,.2534374942336638,2
1972,ST H,12,AZ,622,-.7156806537789446,2
1972,ST H,14,AZ,623,-.7156806537789446,2
1972,ST S,2,AZ,630,.2425188282870081,2
1972,ST S,6,AZ,631,1.143168778951783,3
1972,ST S,7,AZ,632,.9852886427361124,2
1972,ST S,9,AZ,634,-1.447531801460697,2
1972,ST S,10,AZ,635,.9852886427361124,2
1972,ST S,11,AZ,636,.9852886427361124,2
1972,ST S,12,AZ,637,-1.447531801460697,2
1972,ST S,13,AZ,638,-1.447531801460697,2
1972,ST S,14,AZ,639,-1.447531801460697,2
1972,ST S,17,AZ,642,.2425188282870081,2
1972,ST S,20,AZ,645,.2425188282870081,2
1972,ST S,27,AZ,651,.2425188282870081,2
1972,ST S,30,AZ,654,.2425188282870081,2
1974,ATTY GENL,0,AZ,656,.2357258490544986,2
1974,G,0,AZ,661,-.2278593188968466,2
1974,H,2,AZ,662,.9885509028401409,2
1974,MINES,0,AZ,665,-1.444269541770843,2
1974,S,0,AZ,666,-.2278593188968466,2
1974,SEC STATE,0,AZ,667,-.7878577826838146,3
1974,ST H,9,AZ,668,.2357258490544986,2
1974,ST S,13,AZ,673,-.2278593188968466,2
1976,CORP C,0,AZ,681,.3377170680684067,3
1976,H,1,AZ,687,-.9672763443805269,2
1976,H,2,AZ,688,.6204735202741588,4
1976,H,3,AZ,689,1.465544099900973,2
1976,H,4,AZ,690,-.9672763443805269,2
1976,S,0,AZ,692,.0122684095201794,4
1976,ST H,2,AZ,693,.2459350990694378,2
1976,ST H,4,AZ,694,.2459350990694378,2
1976,ST H,6,AZ,695,-.9672763443805269,2
1976,ST H,9,AZ,697,-.2106366111849373,4
1976,ST H,10,AZ,698,1.448384874712859,2
1976,ST H,11,AZ,699,.2954201011652828,5
1976,ST H,12,AZ,700,.3284101029127716,3
1976,ST H,19,AZ,702,-.9672763443805269,2
1976,ST H,22,AZ,703,.2491338776379354,4
1976,ST S,2,AZ,705,1.465544099900973,2
1976,ST S,6,AZ,709,1.465544099900973,2
1976,ST S,7,AZ,710,1.448384874712859,2
1976,ST S,9,AZ,712,-.4732230801449936,3
1976,ST S,10,AZ,713,.2319746517116483,2
1976,ST S,12,AZ,715,-.4732230801449936,3
1976,ST S,13,AZ,716,-.4732230801449936,3
1976,ST S,14,AZ,717,-1.284163228469762,3
1976,ST S,15,AZ,718,-.9672763443805269,2
1976,ST S,16,AZ,719,-.9672763443805269,2
1976,ST S,17,AZ,720,-.9672763443805269,2
1976,ST S,18,AZ,721,-.9672763443805269,2
1976,ST S,19,AZ,722,-.9672763443805269,2
1976,ST S,20,AZ,723,-.9672763443805269,2
1976,ST S,21,AZ,724,-.9672763443805269,2
1976,ST S,23,AZ,725,1.465544099900973,2
1976,ST S,24,AZ,726,-.9672763443805269,2
1976,ST S,25,AZ,727,-.9672763443805269,2
1976,ST S,26,AZ,728,-.9672763443805269,2
1976,ST S,27,AZ,729,-.9672763443805269,2
1976,ST S,29,AZ,730,-.9672763443805269,2
1976,ST S,30,AZ,731,-.9672763443805269,2
1978,ATTY GENL,0,AZ,737,1.233192538453008,4
1978,CORP C,0,AZ,740,-.5914227951230049,4
1978,G,0,AZ,741,1.233192538453008,4
1978,H,2,AZ,743,-.1952064328438847,2
1978,SEC STATE,0,AZ,749,.6249874269760215,4
1978,ST H,1,AZ,750,.2572395705711108,2
1978,ST H,3,AZ,752,.2572395705711108,2
1978,ST H,4,AZ,753,.2572395705711108,2
1978,ST H,5,AZ,754,.2572395705711108,2
1978,ST H,6,AZ,755,.2572395705711108,2
1978,ST H,7,AZ,756,.2572395705711108,2
1978,ST H,8,AZ,757,.2572395705711108,2
1978,ST H,9,AZ,758,-.0618100088298509,6
1978,ST H,10,AZ,759,1.154600212745672,3
1978,ST H,11,AZ,760,-.061810008954499,6
1978,ST H,12,AZ,761,-.7483716543049282,3
1978,ST H,28,AZ,768,.2572395705711108,2
1978,ST S,9,AZ,777,-.467280082624963,3
1978,ST S,10,AZ,778,.9950754236747177,2
1978,ST S,11,AZ,779,.9950754236747177,2
1978,ST S,12,AZ,780,.0179523862046033,4
1978,ST S,13,AZ,781,-.467280082624963,3
1978,ST S,14,AZ,782,-1.278220231325293,3
1978,TREASURER,0,AZ,796,-.5914227951230049,4
1980,H,1,AZ,807,-.9557452398148905,2
1980,H,2,AZ,808,.9983376840707947,2
1980,H,3,AZ,809,1.61824263076795,3
1980,H,4,AZ,810,-.9557452398148905,2
1980,S,0,AZ,815,-.4814036956367692,4
1980,ST H,4,AZ,816,.2621464845964008,2
1980,ST H,11,AZ,818,-.2180725380643086,4
1980,ST H,13,AZ,819,.3209520195131146,3
1980,ST H,20,AZ,822,.2621464845964008,2
1980,ST S,10,AZ,827,-.2180725382763184,2
1980,ST S,11,AZ,828,-.2180725382763184,2
1980,ST S,12,AZ,829,-.2180725382763184,2
1980,ST S,13,AZ,830,-1.43448276000577,2
1980,ST S,14,AZ,831,-1.43448276000577,2
1982,ATTY GENL,0,AZ,849,.1123737724045954,4
1982,CORP C,0,AZ,850,.1123737724045954,4
1982,G,0,AZ,851,1.328783995178885,4
1982,H,1,AZ,852,-.9499796874091935,2
1982,H,2,AZ,853,1.001599944918773,2
1982,H,3,AZ,854,-.8343538738257464,3
1982,H,4,AZ,855,-.9499796874091935,2
1982,H,5,AZ,856,-.5823949824690219,4
1982,MINES,0,AZ,857,-.2148102780294784,2
1982,S,0,AZ,858,1.242220350827914,4
1982,SEC STATE,0,AZ,859,1.328783995178885,4
1982,ST H,6,AZ,860,.2670533990835098,2
1982,ST H,9,AZ,861,-.2148102780579692,4
1982,ST H,11,AZ,862,-.4937171700675542,3
1982,ST H,12,AZ,863,.1648792677663101,2
1982,ST H,13,AZ,864,-.2148102780455309,4
1982,ST H,14,AZ,865,-.2148102780455309,4
1982,ST H,24,AZ,866,-.9493568231300109,2
1982,ST S,9,AZ,869,-.2148102780349101,2
1982,ST S,10,AZ,870,1.001599944918773,2
1982,ST S,11,AZ,871,1.001599944918773,2
1982,ST S,12,AZ,872,1.001599944918773,2
1982,ST S,13,AZ,873,-.7468435339821201,3
1982,ST S,14,AZ,874,-.2148102780349101,2
1982,TREASURER,0,AZ,890,-.5865364357600233,5
1984,CORP C,0,AZ,899,-.2061564257354964,8
1984,H,1,AZ,903,-.944214134834248,2
1984,H,2,AZ,904,1.246734256689456,4
1984,H,3,AZ,905,-.854129933241872,3
1984,H,4,AZ,906,-.944214134834248,2
1984,H,5,AZ,907,.0303240348646338,4
1984,ST H,4,AZ,909,.271960314037418,2
1984,ST H,6,AZ,910,.271960314037418,2
1984,ST H,9,AZ,911,-.1491516721985815,4
1984,ST H,12,AZ,912,-.0503785740290498,6
1984,ST H,13,AZ,913,-.0503785739542425,6
1984,ST H,14,AZ,914,-.0503785740290498,6
1984,ST H,24,AZ,915,.271960314037418,2
1984,ST S,2,AZ,918,.407204502856956,2
1984,ST S,9,AZ,925,-.4558486477929136,3
1984,ST S,10,AZ,926,1.166031648870073,3
1984,ST S,12,AZ,928,-1.266788796351754,3
1984,ST S,13,AZ,929,-1.266788796351754,3
1984,ST S,14,AZ,930,-.4558486477929136,3
1986,G,0,AZ,950,.3596315864512605,3
1986,H,1,AZ,951,-.9384485824377939,2
1986,H,2,AZ,952,1.25124816420241,4
1986,H,3,AZ,953,-.9384485824377939,2
1986,H,4,AZ,954,-.9384485824377939,2
1986,H,5,AZ,955,-.5733671694818795,4
1986,S,0,AZ,957,-.5733671694818795,4
1986,ST H,6,AZ,959,.276867228104388,2
1986,ST H,13,AZ,961,-.208285757470771,4
1986,ST H,14,AZ,962,.1294559774622168,2
1986,ST H,17,AZ,963,.276867228104388,2
1986,ST S,9,AZ,967,-.2082857570071144,2
1986,TREASURER,0,AZ,988,-.4513085615846883,3
1988,CORP C,0,AZ,989,-.4469256578632918,3
1988,H,2,AZ,995,1.174954638209624,3
1988,H,5,AZ,998,-1.257865806786769,3
1988,MINES,0,AZ,999,-1.421433719486068,2
1988,S,0,AZ,1000,1.174954638209624,3
1988,ST H,9,AZ,1002,-.2050234967878858,4
1988,ST H,12,AZ,1004,.1117443323539415,2
1988,ST H,13,AZ,1005,.1117443323539415,2
1988,ST H,14,AZ,1006,.1117443323539415,2
1988,ST S,9,AZ,1008,-.2050234966053522,2
1988,ST S,12,AZ,1009,-1.421433719486068,2
1988,ST S,13,AZ,1010,1.011386725349718,2
1988,ST S,14,AZ,1011,-1.421433719486068,2
1990,ATTY GENL,0,AZ,1012,-1.253482901952204,3
1990,CORP C,0,AZ,1013,-.4425427540606269,3
1990,G,0,AZ,1014,.3683973940778867,3
1990,H,2,AZ,1016,1.179337542175741,3
1990,H,5,AZ,1019,-1.253482901952204,3
1990,SEC STATE,0,AZ,1020,.3683973940778867,3
1990,ST H,9,AZ,1022,-.2017612365519905,4
1990,ST H,13,AZ,1024,-.2017612365519905,4
1990,ST S,9,AZ,1027,-.2017612360976059,2
1990,ST S,10,AZ,1028,-1.418171458312115,2
1990,ST S,12,AZ,1029,-.2017612360976059,2
1990,ST S,13,AZ,1030,-.2017612360976059,2
1990,ST S,14,AZ,1031,1.01464898577224,2
1990,TREASURER,0,AZ,1032,-.4425427540283756,3
1992,ST H,9,AZ,1039,.0763210416668301,2
1992,ST H,11,AZ,1040,.0763210416668301,2
1994,CORP C,0,AZ,1052,1.085944947893326,2
1994,G,0,AZ,1053,1.085944947893326,2
1994,H,6,AZ,1056,.1881522780368745,2
1994,S,0,AZ,1057,-.1952367161255497,2
1994,SEC STATE,0,AZ,1058,-.1304652747043409,2
1994,TREASURER,0,AZ,1060,1.085944947893326,2
1996,CORP C,0,AZ,1061,-.0563348289147661,2
1996,H,2,AZ,1066,.3815461050998033,3
1996,H,5,AZ,1069,-1.240334190460485,3
1996,ST H,11,AZ,1071,.0408977514480469,2
1996,ST H,12,AZ,1072,.0408977514480469,2
1996,ST H,13,AZ,1073,.0408977514480469,2
1996,ST H,14,AZ,1074,.0408977514480469,2
1998,ATTY GENL,0,AZ,1083,.3859290088748429,3
1998,CORP C,0,AZ,1084,-.0409046508491154,2
1998,G,0,AZ,1085,-1.235951286974444,3
1998,H,2,AZ,1087,1.175505571130206,2
1998,H,5,AZ,1090,-.4250111392951399,3
1998,S,0,AZ,1092,-1.235951286974444,3
1998,SEC STATE,0,AZ,1093,.0650445001393714,4
1998,TREASURER,0,AZ,1096,-1.235951286974444,3
2000,H,2,AZ,1104,.3903119128001295,3
2000,H,5,AZ,1107,-1.2315683835306,3
2000,ST H,9,AZ,1109,.0054744607576738,2
2000,ST H,10,AZ,1110,.0054744607576738,2
2000,ST H,13,AZ,1111,.0054744607576738,2
2002,ATTY GENL,0,AZ,1118,1.205634964499021,3
2002,CORP C,0,AZ,1122,-1.226454516578827,2
2002,G,0,AZ,1123,1.205634964499021,3
2002,H,7,AZ,1130,1.205634964499021,3
2002,H,8,AZ,1131,-1.227185480163045,3
2002,MINES,0,AZ,1132,-1.056504026322016,2
2002,SEC STATE,0,AZ,1133,1.206365927231109,2
2002,ST H,25,AZ,1134,-.0122371843273073,2
2002,ST H,28,AZ,1135,-.0122371843273073,2
2002,TREASURER,0,AZ,1139,1.205634964499021,3
2004,ST H,25,AZ,1151,-.0299488295447666,2
2004,ST H,30,AZ,1152,-.0299488295447666,2
2006,ATTY GENL,0,AZ,1156,1.214400772108307,3
2006,CORP C,0,AZ,1157,-.1756631538061469,4
2006,G,0,AZ,1158,1.214400772108307,3
2006,H,7,AZ,1161,1.040747067956929,2
2006,H,8,AZ,1162,1.214400772108307,3
2006,S,0,AZ,1163,-1.195594160237359,2
2006,SEC STATE,0,AZ,1164,.4034606241048839,3
2006,TREASURER,0,AZ,1165,-1.218419672256688,3
2008,H,7,AZ,1178,1.218783676761772,3
2008,H,8,AZ,1179,1.218783676761772,3
2008,ST H,6,AZ,1180,.3519221475000835,2
2008,ST H,7,AZ,1181,.3519221475000835,2
2008,ST H,11,AZ,1182,.3519221475000835,2
2008,ST H,17,AZ,1183,.3519221475000835,2
2008,ST H,20,AZ,1184,.3519221475000835,2
2008,ST H,21,AZ,1185,.3519221475000835,2
2008,ST H,22,AZ,1186,.3519221475000835,2
2008,ST H,26,AZ,1188,-.2794296665761863,2
2008,ST H,27,AZ,1189,-.2794296665761863,2
2008,ST H,29,AZ,1190,-.2794296665761863,2
2008,ST H,30,AZ,1191,-.1724008933477004,4
2008,ST S,25,AZ,1203,1.044009328653117,2
2008,ST S,26,AZ,1204,1.044009328653117,2
2008,ST S,27,AZ,1205,-1.388811115846536,2
2008,ST S,30,AZ,1208,-1.388811115846536,2
2010,ATTY GENL,0,AZ,1209,1.268086641717091,2
2010,G,0,AZ,1210,.0516764185276175,2
2010,H,7,AZ,1217,.979513959985047,3
2010,H,8,AZ,1218,1.268086641717091,2
2010,SEC STATE,0,AZ,1220,-1.164733803832858,2
2010,ST H,7,AZ,1222,.3585463377494663,2
2010,ST H,10,AZ,1224,.3585463377494663,2
2010,ST H,19,AZ,1226,.3585463377494663,2
2010,ST H,20,AZ,1227,.3585463377494663,2
2010,ST H,26,AZ,1228,-.2551935006884286,2
2010,ST H,27,AZ,1229,-.2551935006884286,2
2010,TREASURER,0,AZ,1244,-1.164733803832858,2
2012,H,1,AZ,1246,-1.149303625690729,2
2012,H,2,AZ,1247,1.283516819016655,2
2012,S,0,AZ,1254,.067106596778049,2
2012,ST H,2,AZ,1255,-.2309573350583879,2
2012,ST H,8,AZ,1256,-.2309573350583879,2
2012,ST H,9,AZ,1257,-.2309573350583879,2
2012,ST H,10,AZ,1258,-.2309573350583879,2
2012,ST H,11,AZ,1259,-.2309573350583879,2
2012,ST H,28,AZ,1261,.3651705284947311,2
2014,ATTY GENL,0,AZ,1272,1.298946998024154,2
2014,CORP C,0,AZ,1273,.3717947191249719,2
2014,G,0,AZ,1274,.0825367751344238,2
2014,H,1,AZ,1275,1.298946998024154,2
2014,H,2,AZ,1276,.0825367751344238,2
2014,SEC STATE,0,AZ,1279,1.298946998024154,2
2014,ST H,9,AZ,1280,-.206721168566364,2
2014,ST H,11,AZ,1281,-.206721168566364,2
2018,CORP C,0,AZ,1291,.3850430999852191,2
1950,ATTY GENL,0,CA,1442,-.7444730590152536,2
1950,COMPTROLL,0,CA,1443,-.7444730590152536,2
1950,G,0,CA,1444,-.995917489869052,3
1950,H,1,CA,1445,-.0351648504607028,2
1950,H,7,CA,1448,-1.020566428991448,2
1950,H,21,CA,1457,-.2140786519351356,2
1950,LT GOV,0,CA,1458,-1.22271298208857,2
1950,S,0,CA,1459,-1.062720702771954,4
1950,SEC STATE,0,CA,1460,-1.236185435343211,3
1950,TREASURER,0,CA,1462,-1.236185435343211,3
1952,H,6,CA,1466,-1.043996779020492,2
1952,H,9,CA,1468,-1.354416908192764,3
1954,ATTY GENL,0,CA,1484,1.264821210145097,5
1954,COMPTROLL,0,CA,1488,-1.16799923346274,5
1954,G,0,CA,1489,-1.16799923346274,5
1954,H,1,CA,1490,-1.132253051879068,3
1954,H,9,CA,1497,-1.27692842980939,2
1954,H,18,CA,1504,-1.220675836157465,2
1954,H,19,CA,1505,-1.253043340477808,2
1954,LT GOV,0,CA,1513,-1.16799923346274,5
1954,S,0,CA,1514,-1.199121861538038,7
1954,SEC STATE,0,CA,1515,-1.199121861538038,7
1954,ST H,26,CA,1517,-1.27692842980939,2
1954,TREASURER,0,CA,1522,-1.199121861538038,7
1956,H,1,CA,1523,-1.220926219340081,3
1956,H,6,CA,1528,-1.090857479440984,2
1956,H,7,CA,1529,-1.090857479440984,2
1956,H,8,CA,1530,.1255527432198372,2
1956,H,9,CA,1531,-1.346112527561248,3
1956,H,10,CA,1532,-1.386878873691585,2
1956,H,13,CA,1534,-1.837543568783325,2
1956,H,18,CA,1539,-1.221699486069195,2
1956,H,24,CA,1545,.1759959470489563,2
1956,S,0,CA,1547,-1.335219017391113,7
1956,ST H,26,CA,1551,-1.271167409531371,2
1956,ST S,21,CA,1554,-1.271167409531371,2
1958,ATTY GENL,0,CA,1556,-1.160289857888685,5
1958,COMPTROLL,0,CA,1559,-1.168505482307221,4
1958,G,0,CA,1560,-.1871616805854882,5
1958,H,1,CA,1561,-1.311794066049687,2
1958,H,2,CA,1562,.7796488847785337,2
1958,H,6,CA,1566,-1.114287829112474,2
1958,H,7,CA,1567,-1.114287829112474,2
1958,H,8,CA,1568,1.318532616385679,2
1958,H,9,CA,1569,-1.341960338101098,3
1958,H,10,CA,1570,-1.380409005978578,2
1958,H,13,CA,1572,-2.149397143942291,3
1958,H,18,CA,1577,-1.222723136467506,2
1958,H,20,CA,1579,-1.182898723103594,3
1958,H,21,CA,1580,-1.182898723103594,3
1958,H,24,CA,1582,-1.182898723103594,3
1958,H,25,CA,1583,-1.182898723103594,3
1958,LT GOV,0,CA,1585,-1.160289857888685,5
1958,S,0,CA,1586,-1.205840535621769,9
1958,SEC STATE,0,CA,1587,-1.190323152476584,7
1958,ST H,26,CA,1589,-1.265406389430601,2
1958,ST H,47,CA,1594,-1.238508503233432,2
1958,ST H,48,CA,1595,-1.238508503233432,2
1958,ST H,49,CA,1596,-1.238508503233432,2
1958,ST H,53,CA,1597,-1.238508503233432,2
1958,ST H,54,CA,1598,-1.238508503233432,2
1958,TREASURER,0,CA,1603,-1.18259774510203,8
1960,H,1,CA,1604,-.8911631350269774,3
1960,H,2,CA,1605,.3330972675996587,2
1960,H,6,CA,1609,-1.137718179210496,2
1960,H,7,CA,1610,.0786920434071058,2
1960,H,8,CA,1611,.0786920434071058,2
1960,H,9,CA,1612,-1.337808147629492,3
1960,H,10,CA,1613,-1.373939138451405,2
1960,H,18,CA,1618,-1.223746786572344,2
1960,H,20,CA,1619,-1.177646691676022,3
1960,H,21,CA,1620,-1.177646691676022,3
1960,H,23,CA,1622,.1134661716118397,2
1960,H,24,CA,1623,-1.208458602716569,2
1960,H,25,CA,1624,-1.177646691676022,3
1960,ST H,6,CA,1630,.3330972675996587,2
1960,ST H,26,CA,1633,-1.259645368452245,2
1960,ST H,47,CA,1637,-1.214998012535316,2
1960,ST H,48,CA,1638,-1.214998012535316,2
1960,ST H,49,CA,1639,-1.214998012535316,2
1960,ST H,50,CA,1640,1.217822432048044,2
1960,ST H,53,CA,1641,-1.214998012535316,2
1960,ST S,7,CA,1644,.3330972675996587,2
1960,ST S,21,CA,1647,-1.259645368452245,2
1962,ATTY GENL,0,CA,1649,.019878226864539,5
1962,COMPTROLL,0,CA,1654,.1207644031250991,6
1962,G,0,CA,1655,-.3494848538636927,14
1962,H,1,CA,1656,-1.341903562629373,2
1962,H,2,CA,1657,.3780076217385307,2
1962,H,4,CA,1659,.7291406474302549,3
1962,H,7,CA,1662,.0552616931503448,2
1962,H,8,CA,1663,1.271671915497715,2
1962,H,9,CA,1664,.0552616931503448,2
1962,H,11,CA,1666,-1.379614253771161,2
1962,H,14,CA,1669,-1.161148529727158,2
1962,H,20,CA,1673,-1.119413657726997,2
1962,H,24,CA,1676,-1.119413657726997,2
1962,H,32,CA,1682,-1.242632512455255,3
1962,LT GOV,0,CA,1685,-.4018360577229386,7
1962,S,0,CA,1686,-1.461681592763113,11
1962,SEC STATE,0,CA,1687,-1.479788195735155,9
1962,ST H,6,CA,1689,.3780076217385307,2
1962,ST H,39,CA,1696,-1.296844299597988,2
1962,ST H,44,CA,1697,1.13597614449342,2
1962,ST S,38,CA,1703,1.13597614449342,2
1962,TREASURER,0,CA,1705,-.79918680838761,7
1964,H,1,CA,1706,-1.356958309993514,2
1964,H,2,CA,1707,-.1983916075508462,4
1964,H,3,CA,1708,.4857619647524805,2
1964,H,4,CA,1709,.7275641338410176,3
1964,H,7,CA,1711,.0318313428080001,2
1964,H,8,CA,1712,.0318313428080001,2
1964,H,11,CA,1715,-1.379388571872272,2
1964,H,13,CA,1717,-.9410318801308816,3
1964,H,14,CA,1718,-1.184578879848613,2
1964,H,16,CA,1720,.3967090315272443,2
1964,H,20,CA,1723,-1.167142628564698,3
1964,H,24,CA,1726,-1.167142628564698,3
1964,H,25,CA,1727,-1.167977030497726,2
1964,H,29,CA,1731,-1.167142628564698,3
1964,S,0,CA,1735,-.8494063945268698,11
1964,ST H,6,CA,1739,-.7934922455135245,2
1964,ST H,45,CA,1748,-1.167977030497726,2
1964,ST H,49,CA,1749,-1.167977030497726,2
1964,ST H,50,CA,1750,-1.167977030497726,2
1964,ST H,54,CA,1751,-1.167977030497726,2
1964,ST H,58,CA,1752,-1.167977030497726,2
1964,ST S,7,CA,1754,.4229179771560554,2
1966,ATTY GENL,0,CA,1758,-.4284661402070739,9
1966,COMPTROLL,0,CA,1763,-.1776069087332921,9
1966,G,0,CA,1764,-.3443214924725946,12
1966,H,1,CA,1765,-1.372013058752994,2
1966,H,3,CA,1767,.4989192075814695,2
1966,H,4,CA,1768,.725987619873969,3
1966,H,7,CA,1770,.0084009929169668,2
1966,H,8,CA,1771,1.224811214989934,2
1966,H,11,CA,1774,-1.379162889448304,2
1966,H,12,CA,1775,-.0318634075175772,2
1966,H,13,CA,1776,-1.63029840791675,2
1966,H,14,CA,1777,.0084009929169668,2
1966,H,17,CA,1779,.4016272441567554,3
1966,H,19,CA,1780,1.21256739253453,3
1966,H,20,CA,1781,-1.139274053724231,2
1966,H,23,CA,1784,-1.22025305201005,3
1966,H,24,CA,1785,-1.139274053724231,2
1966,H,28,CA,1789,-1.22025305201005,3
1966,H,32,CA,1792,-1.22025305201005,3
1966,H,34,CA,1794,1.21256739253453,3
1966,LT GOV,0,CA,1795,-.9978732909323271,10
1966,SEC STATE,0,CA,1796,.5258195038827772,11
1966,ST H,34,CA,1807,.2111930816058238,2
1966,ST S,17,CA,1826,.2111930816058238,2
1966,TREASURER,0,CA,1832,.2889711467297471,12
1968,H,1,CA,1833,-1.387067806531354,2
1968,H,2,CA,1834,.0162287269796401,2
1968,H,4,CA,1836,.51207645003613,2
1968,H,9,CA,1838,-.9682352883849613,2
1968,H,11,CA,1840,-.1625269851449423,2
1968,H,13,CA,1841,-1.074428107311865,2
1968,H,16,CA,1843,.7691043362741991,2
1968,H,19,CA,1845,1.223757121924907,3
1968,H,20,CA,1846,-1.199755397451,2
1968,H,24,CA,1850,-1.302815618526695,4
1968,H,25,CA,1851,-1.152334599921247,3
1968,H,29,CA,1855,-1.199755397451,2
1968,H,32,CA,1858,-1.209063322014795,3
1968,H,33,CA,1859,-1.405875840186732,2
1968,H,34,CA,1860,1.223757121924907,3
1968,S,0,CA,1862,.4608144486180219,13
1968,ST H,49,CA,1875,-1.114500099245316,2
1968,ST H,50,CA,1876,-1.114500099245316,2
1968,ST S,19,CA,1887,-1.114500099245316,2
1970,ATTY GENL,0,CA,1892,-.6435777532475601,9
1970,COMPTROLL,0,CA,1895,-1.62901704754804,6
1970,G,0,CA,1896,-.8622130244610642,10
1970,H,1,CA,1897,-1.298185196253907,4
1970,H,2,CA,1898,.3500434553223515,3
1970,H,3,CA,1899,.5252336923827301,2
1970,H,4,CA,1900,.5252336923827301,2
1970,H,11,CA,1906,-1.37871152502736,2
1970,H,13,CA,1907,-.5807275596689631,3
1970,H,19,CA,1912,1.235240848661045,2
1970,H,32,CA,1921,-1.197579595876666,2
1970,H,33,CA,1922,-1.340456774695375,3
1970,H,38,CA,1926,-.5295166266297983,3
1970,LT GOV,0,CA,1927,-.8634788712140874,7
1970,S,0,CA,1928,-.4436672492991632,13
1970,SEC STATE,0,CA,1929,.4367079740040276,12
1970,ST H,26,CA,1934,-1.131527272114325,2
1970,ST H,38,CA,1939,1.265644301170491,2
1970,ST H,39,CA,1940,-1.167176143613119,2
1970,ST H,44,CA,1941,1.265644301170491,2
1970,ST H,66,CA,1942,1.265644301170491,2
1970,ST H,68,CA,1943,1.265644301170491,2
1970,ST H,69,CA,1944,1.265644301170491,2
1970,ST H,70,CA,1945,-1.167176143613119,2
1970,ST S,12,CA,1952,-1.131527272114325,2
1970,ST S,24,CA,1955,-1.457867317167753,2
1970,ST S,32,CA,1956,1.265644301170491,2
1970,TREASURER,0,CA,1957,-1.077534083135493,11
1972,H,1,CA,1958,-1.379572568609835,3
1972,H,2,CA,1959,.5383909357552881,2
1972,H,3,CA,1960,.5383909357552881,2
1972,H,4,CA,1961,.5383909357552881,2
1972,H,12,CA,1966,-.7753707626055905,4
1972,H,15,CA,1969,.5383909357552881,2
1972,H,16,CA,1970,1.241679678369867,2
1972,H,18,CA,1972,-1.191140766200787,2
1972,H,19,CA,1973,1.298061340361191,2
1972,H,23,CA,1976,-1.134759104425206,2
1972,H,32,CA,1981,-1.134759104425206,2
1972,H,33,CA,1982,-1.356225996047508,2
1972,H,34,CA,1983,1.298061340361191,2
1972,H,35,CA,1984,-1.134759104425206,2
1972,ST H,2,CA,1991,-1.21861584726547,2
1972,ST H,7,CA,1993,-1.325095587800831,2
1972,ST H,34,CA,1995,-.5376521733772598,3
1972,ST S,1,CA,2008,1.185622180291459,3
1972,ST S,17,CA,2011,-.5376521733329389,3
1974,ATTY GENL,0,CA,2016,-1.073866230422174,8
1974,COMPTROLL,0,CA,2022,-1.038168838249447,7
1974,G,0,CA,2023,-.3827952936423266,8
1974,H,1,CA,2024,.5515481781634365,2
1974,H,2,CA,2025,-1.296876588374071,3
1974,H,3,CA,2026,.5515481781634365,2
1974,H,4,CA,2027,.5515481781634365,2
1974,H,7,CA,2028,-.0853204075947631,2
1974,H,8,CA,2029,1.131089814949227,2
1974,H,11,CA,2032,1.137596267493926,2
1974,H,14,CA,2035,.5515481781634365,2
1974,H,15,CA,2036,1.230043487070918,2
1974,H,27,CA,2045,-.9008834647304842,4
1974,H,31,CA,2048,1.330478378603459,2
1974,H,32,CA,2049,1.257326312665247,3
1974,H,33,CA,2050,-1.055531363794928,3
1974,H,34,CA,2051,-1.102342065293728,2
1974,H,35,CA,2052,-.1149908519924336,2
1974,H,36,CA,2053,.9214752187573865,2
1974,H,37,CA,2054,-1.239689719845216,3
1974,H,38,CA,2055,-.3645539833973246,3
1974,LT GOV,0,CA,2058,-.2475881291466342,6
1974,S,0,CA,2059,.8725131359739822,10
1974,SEC STATE,0,CA,2060,-.0714198499445923,12
1974,ST H,3,CA,2062,-.5689404733635278,2
1974,TREASURER,0,CA,2094,-.289592151141583,13
1976,H,1,CA,2095,.8183562713498053,3
1976,H,2,CA,2096,-.8227206050506153,5
1976,H,3,CA,2097,.5647054206108059,2
1976,H,4,CA,2098,-.4619573010306095,2
1976,H,7,CA,2101,1.135910473036101,2
1976,H,10,CA,2103,1.135910473036101,2
1976,H,11,CA,2104,1.135910473036101,2
1976,H,12,CA,2105,-1.296909971388392,2
1976,H,13,CA,2106,1.135910473036101,2
1976,H,14,CA,2107,.5647054206108059,2
1976,H,15,CA,2108,1.218407295860455,2
1976,H,16,CA,2109,-.5795028690747099,3
1976,H,19,CA,2112,-1.090191042624684,2
1976,H,31,CA,2122,1.362895418381808,2
1976,H,32,CA,2123,.919636227770999,4
1976,H,33,CA,2124,-1.02329966601057,3
1976,H,34,CA,2125,-.3533642531289194,3
1976,H,35,CA,2126,1.126244292177106,2
1976,H,36,CA,2127,.9147371900076859,2
1976,H,37,CA,2128,-1.518083254809128,2
1976,H,38,CA,2129,1.268516043018729,3
1976,H,43,CA,2132,-.9025540381126534,2
1976,S,0,CA,2133,-.0704548339048374,13
1976,ST H,29,CA,2140,-.3610988859493005,2
1976,ST H,52,CA,2146,.638387997926537,2
1976,ST S,27,CA,2159,-.5780222239677603,2
1976,ST S,31,CA,2160,-.5780222239677603,2
1976,ST S,33,CA,2161,-.9795450886771255,2
1978,ATTY GENL,0,CA,2163,-.6085463371918766,5
1978,COMPTROLL,0,CA,2166,.5778626630314524,2
1978,G,0,CA,2167,.266811794995759,6
1978,H,1,CA,2168,.8101474748331593,3
1978,H,2,CA,2169,-1.317474926054012,3
1978,H,3,CA,2170,-.8086365218783692,3
1978,H,4,CA,2171,.8132437748359603,3
1978,H,7,CA,2174,-1.317268694836781,2
1978,H,9,CA,2176,1.115551749388558,2
1978,H,11,CA,2178,1.115551749388558,2
1978,H,12,CA,2179,-1.317268694836781,2
1978,H,13,CA,2180,-.1008584725995368,2
1978,H,14,CA,2181,-.8086365218783692,3
1978,H,16,CA,2183,-.1008584725995368,2
1978,H,19,CA,2185,-1.094131775844272,2
1978,H,27,CA,2191,.435768717188955,2
1978,H,35,CA,2198,.907999160614898,2
1978,H,36,CA,2199,.907999160614898,2
1978,LT GOV,0,CA,2205,-1.012226498460384,4
1978,SEC STATE,0,CA,2206,.8951104504152969,6
1978,TREASURER,0,CA,2219,.8085531038268564,8
1980,H,1,CA,2220,.768008872827707,2
1980,H,5,CA,2223,1.09519302588066,2
1980,H,6,CA,2224,1.09519302588066,2
1980,H,7,CA,2225,1.09519302588066,2
1980,H,8,CA,2226,-1.337627418028869,2
1980,H,9,CA,2227,1.09519302588066,2
1980,H,11,CA,2229,-1.337627418028869,2
1980,H,12,CA,2230,-1.337627418028869,2
1980,H,13,CA,2231,1.09519302588066,2
1980,H,27,CA,2242,.395160396543833,2
1980,H,28,CA,2243,1.611570619051147,2
1980,H,35,CA,2248,.9012611306374273,2
1980,H,36,CA,2249,.9012611306374273,2
1980,S,0,CA,2254,.9023397085918766,5
1982,ATTY GENL,0,CA,2266,.8030349794837502,4
1982,COMPTROLL,0,CA,2268,.8030349794837502,4
1982,G,0,CA,2269,.43947007186554,5
1982,H,1,CA,2270,-1.385981016675311,4
1982,H,2,CA,2271,-.4220649361529383,2
1982,H,5,CA,2274,-1.35798614177241,2
1982,H,6,CA,2275,-1.385981016675311,4
1982,H,7,CA,2276,1.074834302790161,2
1982,H,8,CA,2277,-1.35798614177241,2
1982,H,9,CA,2278,1.074834302790161,2
1982,H,10,CA,2279,1.074834302790161,2
1982,H,11,CA,2280,1.074834302790161,2
1982,H,12,CA,2281,-1.35798614177241,2
1982,H,13,CA,2282,1.074834302790161,2
1982,H,27,CA,2290,.3545520756465543,2
1982,H,32,CA,2294,.3545520756465543,2
1982,H,35,CA,2297,-1.53829734317697,2
1982,H,36,CA,2298,.8945231020167744,2
1982,H,42,CA,2299,-.8618581467053166,2
1982,LT GOV,0,CA,2300,.43947007186554,5
1982,S,0,CA,2301,-1.129072545788922,8
1982,SEC STATE,0,CA,2302,.4217244614332215,5
1982,ST H,2,CA,2303,-1.413975891575296,2
1982,ST H,8,CA,2307,-1.413975891575296,2
1982,ST H,9,CA,2308,-1.413975891575296,2
1982,ST S,2,CA,2313,-1.413975891575296,2
1982,ST S,4,CA,2314,-1.413975891575296,2
1982,TREASURER,0,CA,2316,1.116234119423259,6
1984,H,5,CA,2319,1.054475579625238,2
1984,H,6,CA,2320,1.054475579625238,2
1984,H,7,CA,2321,1.054475579625238,2
1984,H,8,CA,2322,-1.378344865491286,2
1984,H,9,CA,2323,1.054475579625238,2
1984,H,10,CA,2324,1.054475579625238,2
1984,H,11,CA,2325,1.054475579625238,2
1984,H,12,CA,2326,-1.378344865491286,2
1984,H,13,CA,2327,1.054475579625238,2
1984,H,19,CA,2330,-1.105953977616911,2
1984,H,27,CA,2337,1.530353976613328,2
1984,H,28,CA,2338,1.530353976613328,2
1984,H,32,CA,2342,1.530353976613328,2
1984,H,35,CA,2345,-1.545035372290547,2
1984,H,36,CA,2346,.8877850728769524,2
1984,H,42,CA,2349,-.9024664671693106,2
1984,ST S,1,CA,2357,-1.024884917314532,2
1986,ATTY GENL,0,CA,2362,1.018726992623915,7
1986,COMPTROLL,0,CA,2366,.3219494634376515,8
1986,G,0,CA,2367,-1.44689284358924,8
1986,H,1,CA,2368,.9935411404873523,2
1986,H,2,CA,2369,-.5026373510933277,2
1986,H,6,CA,2373,.9935411404873523,2
1986,H,10,CA,2377,1.046232188734902,2
1986,H,12,CA,2379,-1.386588256032238,2
1986,H,13,CA,2380,1.046232188734902,2
1986,H,14,CA,2381,-1.112263346091193,2
1986,H,15,CA,2382,.754264823819471,2
1986,H,16,CA,2383,1.046232188734902,2
1986,H,17,CA,2384,-.4621453991555565,2
1986,H,18,CA,2385,.754264823819471,2
1986,H,21,CA,2388,-1.003822360261673,2
1986,LT GOV,0,CA,2399,1.018726992623915,7
1986,S,0,CA,2400,-.2023108654737146,10
1986,SEC STATE,0,CA,2401,1.064372189986907,8
1986,ST H,5,CA,2405,-.2994783462729376,2
1986,ST H,8,CA,2407,-.6264943044698249,2
1986,TREASURER,0,CA,2413,1.202525045356932,8
1988,H,1,CA,2414,.1067353323468692,3
1988,H,2,CA,2415,-.5107733612166757,2
1988,H,6,CA,2419,-.2592170826424363,2
1988,H,10,CA,2423,1.003061158190169,2
1988,H,12,CA,2425,-1.429759285657549,2
1988,H,13,CA,2426,1.003061158190169,2
1988,H,14,CA,2427,-.5107733612166757,2
1988,H,15,CA,2428,.953740465626745,3
1988,H,16,CA,2429,1.003061158190169,2
1988,H,17,CA,2430,-1.674914823304376,2
1988,H,19,CA,2432,-.1225924642344014,3
1988,H,20,CA,2433,-1.056789712083607,2
1988,H,23,CA,2436,1.376030732047904,2
1988,H,24,CA,2437,1.376030732047904,2
1988,H,28,CA,2440,1.449137335437331,2
1988,H,32,CA,2442,1.449137335437331,2
1988,H,35,CA,2443,-1.55851142998477,2
1988,H,36,CA,2444,.8743090139982425,2
1988,S,0,CA,2448,-.0907042173348471,10
1990,ATTY GENL,0,CA,2464,.5869118830927548,10
1990,COMPTROLL,0,CA,2468,.8756680558014959,8
1990,G,0,CA,2469,.0158416518998244,9
1990,H,1,CA,2470,-.2955650836928363,2
1990,H,3,CA,2472,.6975008504272259,2
1990,H,4,CA,2473,.6975008504272259,2
1990,H,5,CA,2474,.9933994089663144,2
1990,H,6,CA,2475,.1205248367355856,3
1990,H,7,CA,2476,.9933994089663144,2
1990,H,8,CA,2477,.9933994089663144,2
1990,H,9,CA,2478,.9933994089663144,2
1990,H,10,CA,2479,.9574949778635878,3
1990,H,11,CA,2480,.9933994089663144,2
1990,H,12,CA,2481,-1.475325466752097,3
1990,H,13,CA,2482,.9598901283324057,2
1990,H,14,CA,2483,-.5189093713762427,2
1990,H,15,CA,2484,.7615464189878179,2
1990,H,16,CA,2485,.9598901283324057,2
1990,H,17,CA,2486,-.4548638036145966,2
1990,H,35,CA,2496,-1.103089158421993,2
1990,H,36,CA,2497,.8675709844645356,2
1990,H,43,CA,2500,.0108295767646291,2
1990,INSURANCE,0,CA,2503,.3436298391114417,10
1990,LT GOV,0,CA,2504,.3436298390287855,10
1990,SEC STATE,0,CA,2505,.5869118830927548,10
1990,TREASURER,0,CA,2510,-.583464669013752,12
1992,H,1,CA,2514,-1.548323306698486,2
1992,H,3,CA,2516,.689364840743126,2
1992,H,4,CA,2517,.689364840743126,2
1992,H,5,CA,2518,.689364840743126,2
1992,H,6,CA,2519,.0966043458738774,3
1992,H,7,CA,2520,.9730406854673609,2
1992,H,8,CA,2521,.9730406854673609,2
1992,H,9,CA,2522,-1.459779758790645,2
1992,H,10,CA,2523,-.2433695366789177,2
1992,H,11,CA,2524,-.5270453813724902,2
1992,H,12,CA,2525,.9730406854673609,2
1992,H,13,CA,2526,.9290258006621911,3
1992,H,14,CA,2527,-1.503794643314573,3
1992,H,15,CA,2528,.9290258006621911,3
1992,H,16,CA,2529,.9290258006621911,3
1992,H,17,CA,2530,.9290258006621911,3
1992,H,24,CA,2536,.0536858067912285,2
1992,H,34,CA,2545,1.192695257159902,2
1992,H,36,CA,2546,.1515104723427376,2
1992,H,38,CA,2548,-1.240125187275079,2
1992,H,48,CA,2552,-.5635521147306889,3
1992,H,51,CA,2555,-.0908699284700646,2
1992,S,0,CA,2557,.958173061267276,2
1994,ATTY GENL,0,CA,2569,-.1738703275826094,15
1994,COMPTROLL,0,CA,2571,.1505057319776953,15
1994,G,0,CA,2572,-.5258410123096307,16
1994,H,1,CA,2573,.8836240030297601,3
1994,H,2,CA,2574,-.5351813916583422,2
1994,H,3,CA,2575,.681228830738688,2
1994,H,4,CA,2576,.681228830738688,2
1994,H,5,CA,2577,.681228830738688,2
1994,H,6,CA,2578,.8836240030297601,3
1994,H,7,CA,2579,.7723437988930831,3
1994,H,8,CA,2580,.9526819623315567,2
1994,H,9,CA,2581,.9526819623315567,2
1994,H,10,CA,2582,-.2637282599521906,2
1994,H,11,CA,2583,.681228830738688,2
1994,H,12,CA,2584,-.2637282599521911,2
1994,H,13,CA,2585,.9005566237292228,3
1994,H,14,CA,2586,.0896164751199924,3
1994,H,15,CA,2587,.9005566237292228,3
1994,H,16,CA,2588,.9005566237292228,3
1994,H,17,CA,2589,.8735480674832153,2
1994,H,24,CA,2594,.0007184551037872,2
1994,H,26,CA,2596,1.217128677986128,2
1994,H,33,CA,2602,1.191671607801356,2
1994,H,34,CA,2603,1.191671607801356,2
1994,H,36,CA,2605,1.413198219679061,3
1994,H,38,CA,2607,-1.019622225000518,3
1994,H,42,CA,2610,.8540949263327963,2
1994,H,48,CA,2615,-.6157672497716848,3
1994,H,51,CA,2618,-.1925694342685545,2
1994,INSURANCE,0,CA,2620,.4748817912651954,15
1994,LT GOV,0,CA,2621,.4406180807821566,14
1994,S,0,CA,2622,.8288535733862351,16
1994,SEC STATE,0,CA,2623,.6370698208923595,15
1994,TREASURER,0,CA,2631,-.7889491697404408,15
1996,H,1,CA,2632,-.7621767845076509,3
1996,H,2,CA,2633,-.2377100502571094,2
1996,H,3,CA,2634,.6730928201752897,2
1996,H,6,CA,2637,.8597035119124734,3
1996,H,7,CA,2638,.9323232388367033,2
1996,H,8,CA,2639,.9323232388367033,2
1996,H,9,CA,2640,.9323232388367033,2
1996,H,10,CA,2641,.9323232388367033,2
1996,H,13,CA,2644,.0611472982500008,3
1996,H,14,CA,2645,.8720874465146992,3
1996,H,15,CA,2646,-1.560732997510319,3
1996,H,16,CA,2647,.8720874465146992,3
1996,H,17,CA,2648,.8720874465146992,3
1996,H,18,CA,2649,.9421909604741813,2
1996,H,24,CA,2652,-.0522488966229898,2
1996,H,38,CA,2660,-1.242172486787089,2
1996,H,48,CA,2665,-.667982384936645,3
1996,H,51,CA,2668,-.2942689393287786,2
1998,ATTY GENL,0,CA,2676,.1912749208496463,14
1998,COMPTROLL,0,CA,2677,-.4496144644476159,13
1998,G,0,CA,2678,.1859019571237042,17
1998,H,1,CA,2679,.9119645152135337,2
1998,H,2,CA,2680,-.2113736379872811,2
1998,H,6,CA,2684,.9119645152135337,2
1998,H,7,CA,2685,.6629511392595016,4
1998,H,8,CA,2686,.9119645152135337,2
1998,H,9,CA,2687,.855779154960835,3
1998,H,10,CA,2688,.855779154960835,3
1998,H,11,CA,2689,-1.829902535242708,2
1998,H,12,CA,2690,.044839006771117,3
1998,H,13,CA,2691,.8185658102154512,4
1998,H,14,CA,2692,.8185658102154512,4
1998,H,15,CA,2693,-1.589202175075673,3
1998,H,16,CA,2694,.8436182697549311,3
1998,H,17,CA,2695,.8316842859319563,2
1998,H,18,CA,2696,.9545542903918205,2
1998,H,19,CA,2697,-1.478266153790289,2
1998,H,20,CA,2698,1.085523928356009,2
1998,H,48,CA,2715,-.3959684445214891,2
1998,H,51,CA,2718,-.3959684445214891,2
1998,INSURANCE,0,CA,2720,-.5484026304562687,12
1998,LT GOV,0,CA,2721,.7125935880168723,14
1998,S,0,CA,2722,-.1867812227643801,16
1998,SEC STATE,0,CA,2723,-1.385314635166678,13
1998,TREASURER,0,CA,2732,.4379124508894314,12
2000,H,1,CA,2733,.8118625308829367,3
2000,H,2,CA,2734,-.1850372259118786,2
2000,H,6,CA,2738,.8118625308829367,3
2000,H,7,CA,2739,.7119476775439599,3
2000,H,8,CA,2740,.8916057915936259,2
2000,H,9,CA,2741,.8916057915936259,2
2000,H,10,CA,2742,-.3248044302189523,2
2000,H,11,CA,2743,-1.899987649853728,2
2000,H,12,CA,2744,.8916057915936259,2
2000,H,13,CA,2745,.8151490926105507,3
2000,H,14,CA,2746,.8151490926105507,3
2000,H,15,CA,2747,-.8067312039609843,3
2000,H,16,CA,2748,.7440349768065957,2
2000,H,18,CA,2750,.6557624015066026,2
2000,H,20,CA,2752,1.107048007890184,2
2000,H,27,CA,2759,-.1581835998979501,2
2000,H,48,CA,2770,-.7724126544158233,3
2000,H,51,CA,2773,-.4976679498937855,2
2000,S,0,CA,2775,.9129939808756936,16
2002,ATTY GENL,0,CA,2782,1.064503912087314,21
2002,COMPTROLL,0,CA,2783,-.3095165117329088,23
2002,G,0,CA,2784,.1785531169913376,23
2002,H,1,CA,2785,.6395671874716066,3
2002,H,2,CA,2786,-1.375111035779411,2
2002,H,6,CA,2790,.702757132396987,2
2002,H,7,CA,2791,.7024890435462214,2
2002,H,9,CA,2793,.7070223708646565,4
2002,H,10,CA,2794,.7674509832754856,3
2002,H,11,CA,2795,-1.309124285386038,3
2002,H,12,CA,2796,.6798998910452702,2
2002,H,13,CA,2797,.694387300876264,5
2002,H,14,CA,2798,.6591151300920902,3
2002,H,15,CA,2799,.700863946432889,2
2002,H,16,CA,2800,.700863946432889,2
2002,H,17,CA,2801,1.025209687503298,2
2002,H,18,CA,2802,.8498012784557439,4
2002,H,19,CA,2803,-1.713289917119388,2
2002,H,20,CA,2804,1.128572088627581,2
2002,H,32,CA,2810,1.531659911723338,3
2002,H,38,CA,2813,1.531659911723338,3
2002,H,39,CA,2814,-.8586154452248789,4
2002,H,42,CA,2816,-.8922426625438248,4
2002,H,43,CA,2817,1.362501690261026,2
2002,H,45,CA,2819,-1.071957494138126,2
2002,H,49,CA,2821,-.5993674555301822,2
2002,H,50,CA,2822,-.5993674555301822,2
2002,H,52,CA,2824,-.5993674555301822,2
2002,INSURANCE,0,CA,2826,.232038297977026,24
2002,LT GOV,0,CA,2827,.0250822862841894,25
2002,SEC STATE,0,CA,2828,.2089061254545258,23
2002,TREASURER,0,CA,2837,1.032246899179504,20
2004,H,1,CA,2838,.9230818035304673,3
2004,H,6,CA,2840,.6664091320865212,2
2004,H,7,CA,2841,.8157452343588917,2
2004,H,10,CA,2844,.8542262332835651,2
2004,H,11,CA,2845,-.7918543173125262,4
2004,H,12,CA,2846,.6321329534560667,2
2004,H,14,CA,2848,.6321329534560667,2
2004,H,18,CA,2852,.9210685820808648,4
2004,H,26,CA,2858,-.9263291784498756,3
2004,H,32,CA,2860,1.519545399796768,3
2004,H,38,CA,2861,1.476716140876348,2
2004,H,39,CA,2862,-.8217191708727944,2
2004,H,42,CA,2863,-.9643489184187631,3
2004,S,0,CA,2871,-.4699013106476448,21
2006,ATTY GENL,0,CA,2872,.3748172162271542,29
2006,COMPTROLL,0,CA,2873,.7980772426053879,15
2006,G,0,CA,2874,-1.306310158692735,27
2006,H,7,CA,2878,1.079937482276569,2
2006,H,11,CA,2881,.0681964377844464,6
2006,H,12,CA,2882,.8305296218448314,2
2006,H,18,CA,2884,.94056050303199,3
2006,H,19,CA,2885,.847066777477903,2
2006,H,26,CA,2889,-1.176315439912701,4
2006,H,38,CA,2892,1.548454318658876,2
2006,H,43,CA,2895,1.201453974381421,3
2006,H,45,CA,2897,-1.037517304130519,2
2006,H,49,CA,2899,-1.05297502565329,2
2006,INSURANCE,0,CA,2904,-1.28335701961266,25
2006,LT GOV,0,CA,2905,.6841519490076847,29
2006,S,0,CA,2906,1.183863498883869,20
2006,SEC STATE,0,CA,2907,-1.009520350542542,29
2006,TREASURER,0,CA,2910,.7774382702420882,16
2008,H,11,CA,2913,.7407980642707676,2
2008,ST S,5,CA,2925,.7407980642707676,2
2010,ATTY GENL,0,CA,2926,-1.551329657893409,4
2010,G,0,CA,2927,.131159914345423,4
2010,H,18,CA,2931,.9746030276953167,2
2010,H,19,CA,2932,-1.458217416541905,2
2010,LT GOV,0,CA,2934,-1.578182719227649,3
2010,S,0,CA,2935,-.4770451969794934,4
2010,SEC STATE,0,CA,2936,.8814907858759805,4
2010,ST S,14,CA,2946,-1.458217416541905,2
2010,TREASURER,0,CA,2948,.7883785452145394,2
2012,H,16,CA,2954,1.038371153602216,2
2012,S,0,CA,2958,.9951262420978193,2
2014,ATTY GENL,0,CA,2976,.9565818625414487,3
2014,G,0,CA,2977,.9565818625414487,3
2014,H,16,CA,2981,1.102139278791617,2
2014,LT GOV,0,CA,2985,.9565818625414487,3
2014,SEC STATE,0,CA,2986,-.3455759279375855,2
2014,ST H,21,CA,2988,1.102139278791617,2
2014,ST H,42,CA,2992,.2737631967157779,2
2014,ST S,8,CA,2995,-1.33068116591537,2
2014,ST S,12,CA,2996,-1.33068116591537,2
2014,TREASURER,0,CA,2998,.9565818625414487,3
2016,H,10,CA,3001,.9487633344469936,2
2016,H,16,CA,3002,1.16590740371705,2
2016,ST H,21,CA,3007,1.16590740371705,2
2018,ATTY GENL,0,CA,3015,1.000754651109349,2
2018,G,0,CA,3016,1.058525999886992,3
2018,H,4,CA,3017,.9451478218062355,2
2018,H,9,CA,3020,1.000754651109349,2
2018,LT GOV,0,CA,3025,1.000754651109349,2
2018,SEC STATE,0,CA,3026,1.000754651109349,2
2018,ST S,8,CA,3033,-1.203144915563368,2
2018,ST S,12,CA,3034,1.229675529489988,2
1956,G,0,CO,3122,-.2331691666223778,2
1956,JUSTICE,97,CO,3127,-.2331691666223778,2
1966,G,0,CO,3164,-1.117400324664563,2
1966,LT GOV,0,CO,3170,.099009897133337,2
1966,S,0,CO,3171,-1.117400324664563,2
1966,SEC STATE,0,CO,3172,1.315420119295304,2
1968,H,4,CO,3177,.1000016433023336,2
1968,S,0,CO,3178,-1.116408579020884,2
1970,G,0,CO,3182,-1.115416832502702,2
1970,H,4,CO,3186,.1009933895902563,2
1974,G,0,CO,3197,-1.113433340291482,2
1974,H,4,CO,3201,-1.113433340291482,2
1974,S,0,CO,3203,1.31938710340999,2
1978,H,5,CO,3220,-.2027400520486107,2
1990,H,4,CO,3269,.0538436525488998,2
1994,ATTY GENL,0,CO,3281,-1.039648985398945,3
1994,G,0,CO,3283,1.393171458820342,3
1994,H,3,CO,3286,-1.154467603800063,2
1994,H,4,CO,3287,-1.154467603800063,2
1994,H,5,CO,3288,-1.154467603800063,2
1994,SEC STATE,0,CO,3291,.5822313104377416,3
1994,ST H,52,CO,3292,.4063984727061779,2
1994,TREASURER,0,CO,3294,-1.154467603800063,2
1996,H,1,CO,3295,-1.150418121142802,2
1996,H,2,CO,3296,1.1645106965923,3
1996,H,4,CO,3298,.5527407099808301,3
1996,H,5,CO,3299,-1.150418121142802,2
1996,H,6,CO,3300,-1.150418121142802,2
1996,S,0,CO,3304,.0752668483608504,4
1998,ATTY GENL,0,CO,3305,1.156942326205308,3
1998,G,0,CO,3307,-.4649379704764862,3
1998,H,1,CO,3308,1.286451806204072,2
1998,H,2,CO,3309,-.4649379704764862,3
1998,H,3,CO,3310,-1.146368638272928,2
1998,H,4,CO,3311,.0700415837943825,2
1998,H,5,CO,3312,-1.146368638272928,2
1998,H,6,CO,3313,-1.146368638272928,2
1998,S,0,CO,3317,-.4649379704764862,3
1998,SEC STATE,0,CO,3318,1.156942326205308,3
1998,TREASURER,0,CO,3319,.3460021776429851,3
2000,H,1,CO,3323,1.290501289192367,2
2000,H,2,CO,3324,1.149373955789565,3
2000,H,3,CO,3325,-1.142319155744758,2
2000,H,6,CO,3328,-1.142319155744758,2
2000,SEC STATE,0,CO,3332,-1.283446488688803,3
2002,ATTY GENL,0,CO,3333,1.432046619614289,6
2002,G,0,CO,3334,-.5949261165904515,7
2002,H,1,CO,3335,1.294550770970166,2
2002,H,2,CO,3336,1.141805585919989,3
2002,H,3,CO,3337,-.9238373775103477,3
2002,H,4,CO,3338,1.02657654492021,6
2002,H,5,CO,3339,-1.138269672770626,2
2002,S,0,CO,3343,.100165439212679,7
2002,SEC STATE,0,CO,3344,-1.00077382525982,6
2002,TREASURER,0,CO,3348,-1.038300007272729,5
2004,H,1,CO,3351,1.298600254781498,2
2004,H,2,CO,3352,1.298600254781498,2
2004,H,3,CO,3353,.6867338377642774,3
2004,H,4,CO,3354,-.2165152132440659,3
2004,H,5,CO,3355,-1.134220189624876,2
2004,H,6,CO,3356,.08219003228337,2
2004,H,7,CO,3357,-1.134220189624876,2
2004,S,0,CO,3360,.9197740633735099,4
2006,ATTY GENL,0,CO,3364,-1.039272654499315,5
2006,G,0,CO,3365,1.530670350638267,6
2006,H,2,CO,3366,1.126668845329088,3
2006,H,3,CO,3367,.707987264333012,3
2006,H,4,CO,3368,-.2146916885421245,4
2006,H,5,CO,3369,.0862395151102097,2
2006,H,6,CO,3370,-1.130170706880319,2
2006,H,7,CO,3371,.0862395151102097,2
2006,SEC STATE,0,CO,3373,-1.178756397827044,4
2006,TREASURER,0,CO,3377,-.0661444763371099,5
2008,S,0,CO,3378,.5958263955230684,2
2010,ATTY GENL,0,CO,3383,-.5931445654150882,2
2010,G,0,CO,3384,1.232586993366683,2
2010,S,0,CO,3387,.5496333032843633,3
2010,SEC STATE,0,CO,3388,1.839675878501178,2
1956,S,0,CT,3454,-1.156277246059996,2
1958,ATTY GENL,0,CT,3455,-.3857117576474531,2
1958,COMPTROLL,0,CT,3456,-.3857117576474531,2
1958,G,0,CT,3457,-1.079068351107499,3
1958,LT GOV,0,CT,3462,-.3857117576474531,2
1958,S,0,CT,3463,-.3857117576474531,2
1958,SEC STATE,0,CT,3464,-.3857117576474531,2
1958,TREASURER,0,CT,3465,-.3857117576474531,2
1962,H,98,CT,3471,-1.593955349276148,2
1962,S,0,CT,3473,.0037195008777022,3
1964,S,0,CT,3481,-1.280589789946066,2
1966,G,0,CT,3482,-.7546056059481597,2
1970,G,0,CT,3492,-.8165473707402998,3
1970,S,0,CT,3496,-.2582604154403265,4
1974,S,0,CT,3503,1.032139380624097,2
1976,H,4,CT,3505,-1.415162000873957,2
1976,S,0,CT,3507,-1.330579269181059,3
1978,G,0,CT,3510,.9346837039847385,2
1978,H,5,CT,3515,-.2817265174433551,2
1980,H,2,CT,3521,.903605568962656,2
1980,H,3,CT,3522,-.312804653181651,2
1980,H,4,CT,3523,-1.529214875553166,2
1980,H,5,CT,3524,.903605568962656,2
1980,H,6,CT,3525,.903605568962656,2
1980,S,0,CT,3526,.903605568962656,2
1982,G,0,CT,3529,-1.560293011279436,2
1982,H,3,CT,3532,-.34388278913965,2
1982,H,4,CT,3533,-1.560293011279436,2
1982,H,5,CT,3534,.8725274330319326,2
1982,H,6,CT,3535,.8725274330319326,2
1982,S,0,CT,3536,-1.560293011279436,2
1984,H,3,CT,3541,.8414492979769009,2
1984,H,5,CT,3543,.8414492979769009,2
1984,H,6,CT,3544,-1.591371147060736,2
1986,G,0,CT,3547,.8103711623560378,2
1986,H,1,CT,3548,.8103711623560378,2
1986,H,2,CT,3549,.8103711623560378,2
1986,H,3,CT,3550,.8103711623560378,2
1986,H,4,CT,3551,-1.62244928276122,2
1986,H,5,CT,3552,-1.62244928276122,2
1986,H,6,CT,3553,-1.62244928276122,2
1986,S,0,CT,3554,.8103711623560378,2
1988,H,1,CT,3557,.7792930260205631,2
1988,H,2,CT,3558,.7792930260205631,2
1988,H,3,CT,3559,.7792930260205631,2
1988,H,4,CT,3560,-1.65352741857101,2
1988,H,5,CT,3561,.7792930260205631,2
1988,H,6,CT,3562,-1.65352741857101,2
1988,S,0,CT,3563,-1.65352741857101,2
1990,ATTY GENL,0,CT,3564,1.143391545434275,2
1990,COMPTROLL,0,CT,3565,-.0730186764035802,2
1990,G,0,CT,3566,.1359826590189993,3
1990,H,1,CT,3567,.748214890129338,2
1990,H,2,CT,3568,.748214890129338,2
1990,H,3,CT,3569,.9469228072185546,3
1990,H,4,CT,3570,-1.684605553771866,2
1990,H,5,CT,3571,.9469228072185546,3
1990,H,6,CT,3572,-1.684605553771866,2
1990,SEC STATE,0,CT,3573,1.143391545434275,2
1990,TREASURER,0,CT,3574,1.143391545434275,2
1992,H,1,CT,3575,.7171367540838756,2
1992,H,2,CT,3576,.7171367540838756,2
1992,H,3,CT,3577,.9098388207474531,3
1992,H,4,CT,3578,-1.715683689615255,2
1992,H,5,CT,3579,.9098388207474531,3
1992,H,6,CT,3580,-1.715683689615255,2
1992,S,0,CT,3581,.9098388207474531,3
1994,G,0,CT,3584,.0604862872746888,3
1994,H,1,CT,3585,.6860586190509322,2
1994,H,2,CT,3586,.6860586190509322,2
1994,H,3,CT,3587,.6860586190509322,2
1994,H,4,CT,3588,-1.74676182580338,2
1994,H,5,CT,3589,.6860586190509322,2
1994,H,6,CT,3590,-1.74676182580338,2
1994,S,0,CT,3591,.871426434935374,3
1996,H,2,CT,3595,-.5275128691020394,3
1996,H,3,CT,3596,.9992561173465964,2
1996,H,4,CT,3597,-1.777839961581401,2
1996,H,5,CT,3598,.0247306998394757,3
1996,H,6,CT,3599,-1.777839961581401,2
1998,ATTY GENL,0,CT,3600,.9512109736806774,2
1998,COMPTROLL,0,CT,3601,.9512109736806774,2
1998,G,0,CT,3602,-1.717270646782324,4
1998,H,1,CT,3603,-.5925078748071667,2
1998,H,2,CT,3604,1.040742040630689,2
1998,H,4,CT,3606,-1.808918097373907,2
1998,H,5,CT,3607,.5117270558415343,3
1998,H,6,CT,3608,-1.808918097373907,2
1998,S,0,CT,3609,.6239023470456367,2
1998,SEC STATE,0,CT,3610,-.2651992477131127,2
2000,H,2,CT,3613,.5928242111770151,2
2000,H,4,CT,3615,-1.839996232985693,2
2000,H,5,CT,3616,.5101688916807413,3
2002,ATTY GENL,0,CT,3619,.7528713724637376,3
2002,COMPTROLL,0,CT,3620,.7528713724637376,3
2002,G,0,CT,3621,-.3890085697582444,6
2002,H,2,CT,3623,-.6546641460287502,2
2002,H,3,CT,3624,.9686795343405726,3
2002,H,4,CT,3625,-.288273178285358,2
2002,H,5,CT,3626,-1.113269569605104,3
2002,SEC STATE,0,CT,3627,.7528713724637376,3
2002,TREASURER,0,CT,3628,.8270946583269667,4
2004,H,2,CT,3630,.951077787396145,2
2004,H,3,CT,3631,.5696192948394508,2
2004,H,4,CT,3632,-.2819094126826066,3
2004,H,5,CT,3633,-1.007878536979991,2
2004,S,0,CT,3634,.700243194865672,5
2006,ATTY GENL,0,CT,3635,.7526841626082792,6
2006,COMPTROLL,0,CT,3636,.6018764326373838,3
2006,G,0,CT,3637,-.8120939981152793,9
2006,H,2,CT,3639,.4995898038347401,2
2006,H,3,CT,3640,.6018764326373838,3
2006,H,4,CT,3641,.1296101262232819,5
2006,H,5,CT,3642,.4781685626862137,4
2006,S,0,CT,3643,.6198468078771636,3
2006,SEC STATE,0,CT,3644,.7526841625619961,6
2006,TREASURER,0,CT,3645,.8673422445845892,2
2008,H,5,CT,3648,.4961578156088158,2
2010,G,0,CT,3658,.5173178683502744,2
2010,S,0,CT,3661,.5173178683502744,2
2012,H,5,CT,3677,.5384779199381449,2
2012,ST S,13,CT,3681,-.5266613049107042,2
2018,H,5,CT,3702,.8698370014158437,2
2018,S,0,CT,3703,.6661808640783139,3
1960,G,0,DE,3785,-.8934023991240913,2
1960,H,1,DE,3786,-.8934023991240913,2
1960,S,0,DE,3788,.3191791891586971,2
1960,ST S,6,DE,3799,-.8934023991240913,2
1962,ATTY GENL,0,DE,3800,-1.004774101847641,2
1962,AUDITOR,0,DE,3801,.2152304964299269,2
1962,INSURANCE,0,DE,3803,-1.004774101847641,2
1962,ST H,3,DE,3805,1.428046341871044,2
1962,ST H,6,DE,3806,-1.004774101847641,2
1962,ST H,7,DE,3807,-1.004774101847641,2
1962,ST H,8,DE,3808,-1.004774101847641,2
1962,ST H,9,DE,3809,.2152304964299269,2
1962,ST H,10,DE,3810,-1.004774101847641,2
1962,ST H,11,DE,3811,-1.004774101847641,2
1962,ST H,13,DE,3812,1.428046341871044,2
1962,ST S,1,DE,3813,.2116361203627992,4
1962,ST S,5,DE,3814,-1.004774101847641,2
1962,TREASURER,0,DE,3816,-1.004774101847641,2
1964,G,0,DE,3817,-1.116145805006135,2
1964,H,1,DE,3818,-1.116145805006135,2
1964,LT GOV,0,DE,3819,-1.116145805006135,2
1964,S,0,DE,3820,-1.116145805006135,2
1966,ATTY GENL,0,DE,3826,-1.227517507944282,2
1966,H,1,DE,3829,-1.227517507944282,2
1966,INSURANCE,0,DE,3830,-1.227517507944282,2
1966,ST H,1,DE,3832,1.205302936963258,2
1966,ST H,2,DE,3833,-1.227517507944282,2
1966,ST H,6,DE,3834,-1.227517507944282,2
1966,ST H,8,DE,3835,-1.227517507944282,2
1966,ST H,9,DE,3836,-1.227517507944282,2
1966,ST H,13,DE,3837,-1.227517507944282,2
1966,ST H,14,DE,3838,-1.227517507944282,2
1966,ST H,15,DE,3839,1.205302936963258,2
1966,ST H,16,DE,3840,-1.227517507944282,2
1966,ST H,21,DE,3841,-1.227517507944282,2
1966,ST H,31,DE,3844,1.205302936963258,2
1966,ST H,32,DE,3845,1.205302936963258,2
1966,ST H,34,DE,3847,-.0079814238165987,2
1966,ST H,35,DE,3848,1.205302936963258,2
1966,ST S,6,DE,3850,.3954047424923159,3
1966,ST S,8,DE,3851,-1.227517507944282,2
1966,ST S,16,DE,3853,-1.227517507944282,2
1966,ST S,18,DE,3854,-1.227517507944282,2
1968,G,0,DE,3858,-1.338889210683189,2
1968,H,1,DE,3859,-1.338889210683189,2
1968,ST H,3,DE,3860,-1.338889210683189,2
1968,ST H,6,DE,3862,-1.338889210683189,2
1968,ST H,7,DE,3863,1.093931232820052,2
1968,ST H,13,DE,3864,-1.338889210683189,2
1968,ST H,30,DE,3866,1.093931232820052,2
1968,ST S,9,DE,3868,-1.338889210683189,2
1968,ST S,10,DE,3869,1.093931232820052,2
1968,ST S,12,DE,3870,-1.338889210683189,2
1970,ATTY GENL,0,DE,3872,-.2311933449263248,2
1970,H,1,DE,3875,-1.450260913850961,2
1970,S,0,DE,3876,-1.450260913850961,2
1970,ST H,2,DE,3877,.9825595304018916,2
1970,ST H,6,DE,3878,-1.450260913850961,2
1970,ST H,7,DE,3879,-1.450260913850961,2
1970,ST H,8,DE,3880,-1.450260913850961,2
1970,ST H,10,DE,3881,.9825595304018916,2
1970,ST H,13,DE,3882,-1.450260913850961,2
1970,ST H,23,DE,3883,-1.450260913850961,2
1970,ST H,25,DE,3884,-1.450260913850961,2
1970,ST H,26,DE,3885,-1.450260913850961,2
1970,ST H,27,DE,3886,.9825595304018916,2
1970,ST H,31,DE,3887,-1.450260913850961,2
1970,ST S,2,DE,3888,.9825595304018916,2
1970,ST S,10,DE,3889,.9825595304018916,2
1970,ST S,12,DE,3890,-1.450260913850961,2
1972,G,0,DE,3898,-1.564612960245549,3
1972,ST H,1,DE,3901,-.3476454838896739,2
1972,ST H,11,DE,3903,-.3476454838896739,2
1972,ST S,7,DE,3911,-.3476454838896739,2
1974,H,1,DE,3918,-1.648899307271887,3
1974,ST H,1,DE,3920,-.4544052659332796,2
1974,ST H,4,DE,3921,-1.67300431952235,2
1974,ST H,10,DE,3922,-.4544052659332796,2
1974,ST H,11,DE,3923,-1.67300431952235,2
1974,ST H,14,DE,3924,-.4544052659332796,2
1974,ST H,25,DE,3925,-.4544052659332796,2
1974,ST H,26,DE,3926,-1.67300431952235,2
1974,ST H,27,DE,3927,.7598161246069129,2
1974,ST H,28,DE,3928,.7598161246069129,2
1974,ST H,31,DE,3929,-.4544052659332796,2
1974,ST H,32,DE,3930,.7598161246069129,2
1974,ST H,34,DE,3931,-1.67300431952235,2
1974,ST S,2,DE,3932,.7598161246069129,2
1974,ST S,4,DE,3933,-1.67300431952235,2
1974,ST S,7,DE,3934,-1.67300431952235,2
1974,ST S,18,DE,3935,.7598161246069129,2
1974,ST S,19,DE,3936,.7598161246069129,2
1976,G,0,DE,3937,-1.733185654602481,3
1976,H,1,DE,3938,-1.733185654602481,3
1976,S,0,DE,3939,-1.733185654602481,3
1976,ST H,6,DE,3940,-1.78437602242809,2
1976,ST H,11,DE,3941,-1.78437602242809,2
1976,ST H,14,DE,3942,.0402393113285709,4
1976,ST H,25,DE,3943,-.5679658004250389,4
1976,ST H,27,DE,3944,.6484444221595046,2
1976,ST H,36,DE,3945,-1.78437602242809,2
1976,ST S,1,DE,3946,-1.78437602242809,2
1976,ST S,10,DE,3947,-1.78437602242809,2
1976,ST S,13,DE,3948,.6484444221595046,2
1976,ST S,20,DE,3949,.6484444221595046,2
1978,ATTY GENL,0,DE,3950,-1.895747725405396,2
1978,H,1,DE,3952,-1.817472000854399,3
1978,S,0,DE,3953,.6553464637512109,2
1978,ST H,1,DE,3954,.537072718866745,2
1978,ST H,4,DE,3955,-1.895747725405396,2
1978,ST H,5,DE,3956,-1.895747725405396,2
1978,ST H,6,DE,3957,-1.895747725405396,2
1978,ST H,7,DE,3958,-1.895747725405396,2
1978,ST H,8,DE,3959,-1.895747725405396,2
1978,ST H,14,DE,3960,.537072718866745,2
1978,ST H,16,DE,3961,-1.895747725405396,2
1978,ST H,17,DE,3962,-1.895747725405396,2
1978,ST H,22,DE,3963,-1.895747725405396,2
1978,ST H,23,DE,3964,.537072718866745,2
1978,ST H,25,DE,3965,-.679337503309093,4
1978,ST H,27,DE,3966,-.679337503309093,4
1978,ST H,29,DE,3967,.537072718866745,2
1978,ST H,31,DE,3968,.537072718866745,2
1978,ST H,32,DE,3969,.537072718866745,2
1978,ST H,36,DE,3970,-1.895747725405396,2
1978,ST H,37,DE,3971,-.679337503309093,4
1978,ST H,40,DE,3972,-1.895747725405396,2
1978,ST S,4,DE,3973,-1.895747725405396,2
1978,ST S,5,DE,3974,-1.895747725405396,2
1978,ST S,14,DE,3975,.537072718866745,2
1980,G,0,DE,3977,-1.901758347408972,3
1980,H,1,DE,3978,-1.84833477762847,2
1980,LT GOV,0,DE,3979,-2.007119428759173,2
1984,G,0,DE,3985,-2.070331041443408,3
1984,H,1,DE,3986,.4427640718101191,2
1984,INSURANCE,0,DE,3987,.2029576106692935,2
1984,LT GOV,0,DE,3988,-2.229862834417156,2
1984,ST H,4,DE,3990,-2.229862834417156,2
1984,ST H,9,DE,3991,-2.229862834417156,2
1984,ST H,10,DE,3992,-2.229862834417156,2
1984,ST H,12,DE,3993,-2.229862834417156,2
1984,ST H,21,DE,3994,.2029576106692935,2
1984,ST H,22,DE,3995,-2.229862834417156,2
1984,ST H,24,DE,3996,-2.229862834417156,2
1984,ST H,25,DE,3997,.2029576106692935,2
1984,ST H,31,DE,3998,.2029576106692935,2
1984,ST H,36,DE,3999,.2029576106692935,2
1984,ST H,37,DE,4000,.2029576106692935,2
1984,ST H,39,DE,4001,-2.229862834417156,2
1984,ST H,41,DE,4002,-2.229862834417156,2
1984,ST S,11,DE,4003,.2029576106692935,2
1986,AUDITOR,0,DE,4005,.0915859064970473,2
1986,H,1,DE,4006,.3719032741426511,2
1986,ST H,4,DE,4007,-2.341234537343192,2
1986,ST H,8,DE,4008,.0915859064970473,2
1986,ST H,9,DE,4009,-2.341234537343192,2
1986,ST H,10,DE,4010,-2.341234537343192,2
1986,ST H,18,DE,4011,-2.341234537343192,2
1986,ST H,19,DE,4012,.0915859064970473,2
1986,ST H,20,DE,4013,-2.341234537343192,2
1986,ST H,21,DE,4014,.0915859064970473,2
1986,ST H,22,DE,4015,-2.341234537343192,2
1986,ST H,23,DE,4016,.0915859064970473,2
1986,ST H,24,DE,4017,.0915859064970473,2
1986,ST H,25,DE,4018,.0915859064970473,2
1986,ST H,26,DE,4019,.0915859064970473,2
1986,ST H,27,DE,4020,.0915859064970473,2
1986,ST H,32,DE,4021,.0915859064970473,2
1986,ST H,34,DE,4022,.0915859064970473,2
1986,ST H,35,DE,4023,-2.341234537343192,2
1986,ST H,37,DE,4024,.0915859064970473,2
1986,ST H,38,DE,4025,.0915859064970473,2
1986,ST H,40,DE,4026,-2.341234537343192,2
1986,ST H,41,DE,4027,-2.341234537343192,2
1986,ST S,7,DE,4028,-2.341234537343192,2
1986,ST S,8,DE,4029,.0915859064970473,2
1986,ST S,15,DE,4030,.0915859064970473,2
1986,ST S,20,DE,4031,.0915859064970473,2
1986,TREASURER,0,DE,4032,-2.341234537343192,2
1988,G,0,DE,4033,-2.452606240502769,2
1988,H,1,DE,4034,-.0197857951087634,2
1988,S,0,DE,4035,-2.452606240502769,2
1960,G,0,FL,4064,.8834344183797084,3
1960,H,1,FL,4065,-.2806370244215501,2
1960,SEC STATE,0,FL,4067,.8834344183797084,3
1960,TREASURER,0,FL,4069,.8834344183797084,3
1962,H,4,FL,4071,.5549969244968777,2
1962,H,6,FL,4073,1.05866201126961,2
1962,H,10,FL,4074,.9446270455787485,2
1962,H,11,FL,4075,1.097946672458243,2
1962,RR & PU C,0,FL,4077,-.9907976649771593,3
1962,S,0,FL,4078,.9341859020504363,7
1964,G,0,FL,4080,.5643262394705199,7
1964,H,3,FL,4081,.5697856377417423,2
1964,H,4,FL,4082,.5697856377417423,2
1964,H,6,FL,4083,1.073385510855321,2
1964,S,0,FL,4085,.9376710466963462,7
1966,ATTY GENL,0,FL,4086,.762791680069849,5
1966,G,0,FL,4089,.859557023991684,9
1966,H,10,FL,4091,-1.57673598226071,3
1966,H,12,FL,4092,.5845743510261068,2
1966,ST H,1,FL,4093,.5845743510261068,2
1966,ST H,2,FL,4094,-1.848246093650133,2
1966,ST H,3,FL,4095,.5845743510261068,2
1966,ST H,7,FL,4096,.5845743510261068,2
1966,ST H,9,FL,4097,.5845743510261068,2
1966,ST H,11,FL,4098,.5845743510261068,2
1966,ST H,12,FL,4099,.5845743510261068,2
1966,ST H,13,FL,4100,.5845743510261068,2
1966,ST H,15,FL,4101,.5845743510261068,2
1966,ST H,16,FL,4102,.5845743510261068,2
1966,ST H,19,FL,4104,.5845743510261068,2
1966,ST H,20,FL,4105,.5845743510261068,2
1966,ST H,21,FL,4106,.5845743510261068,2
1966,ST H,22,FL,4107,.5845743510261068,2
1966,ST S,17,FL,4108,.5845743510261068,2
1966,ST S,40,FL,4111,.5845743510261068,2
1966,ST S,42,FL,4112,.5845743510261068,2
1966,ST S,46,FL,4113,.5845743510261068,2
1966,ST S,47,FL,4114,.5845743510261068,2
1966,TREASURER,0,FL,4115,.8688438473177943,6
1968,H,6,FL,4121,.8769868266591084,3
1968,H,9,FL,4122,1.102832509717704,2
1968,H,10,FL,4123,.0650017364814707,3
1968,H,11,FL,4124,.599363065158809,2
1968,H,12,FL,4125,.599363065158809,2
1968,JUSTICE,1,FL,4128,-.7454159410543414,6
1968,JUSTICE,2,FL,4129,.0387355586969577,6
1968,JUSTICE,3,FL,4130,.8764643556162209,6
1968,PUB SRV C,0,FL,4131,-1.604418830831193,3
1968,RR & PU C,0,FL,4133,-1.391028982835653,3
1968,S,0,FL,4134,.3126162217518594,8
1968,ST H,107,FL,4144,-.4398447252733402,2
1970,ATTY GENL,0,FL,4150,.880565629922559,8
1970,COMPTROLL,0,FL,4151,.8874195796198786,7
1970,G,0,FL,4158,.1601979849918556,9
1970,H,6,FL,4161,.9231288209615202,2
1970,H,10,FL,4164,.0848591586184968,3
1970,H,12,FL,4165,.6141517788982289,2
1970,PUB SRV C,0,FL,4166,-.1042073203282692,3
1970,RR & PU C,0,FL,4167,.0748728677603364,6
1970,S,0,FL,4168,.0943163046164788,11
1970,SEC STATE,0,FL,4172,.5398738012878753,7
1970,ST H,99,FL,4179,.6141517788982289,2
1970,ST S,48,FL,4180,.6141517788982289,2
1970,TREASURER,0,FL,4181,-1.150891348249901,5
1972,H,7,FL,4184,.8677540147038153,3
1972,RR & PU C,0,FL,4191,-1.296828421628103,4
1972,ST H,59,FL,4198,.839424079310774,2
1972,ST S,21,FL,4204,-.4028173137903204,2
1972,ST S,23,FL,4205,-.4028173137903204,2
1974,AGRIC,0,FL,4206,.7382498271245694,6
1974,COMPTROLL,0,FL,4207,.8439324510921057,7
1974,G,0,FL,4210,.8846558531255547,9
1974,H,5,FL,4211,-1.405632684503589,2
1974,H,8,FL,4213,.8838035873374007,2
1974,H,10,FL,4215,-1.426160608850797,2
1974,H,12,FL,4216,.4600898711620005,3
1974,H,14,FL,4218,.6437292071572548,2
1974,H,15,FL,4219,.6437292071572548,2
1974,LT GOV,0,FL,4220,.6133620470111912,3
1974,PUB SRV C,0,FL,4221,-.5652253359336706,4
1974,RR & PU C,0,FL,4222,.0798316616357392,6
1974,S,0,FL,4223,.3018063610456237,12
1974,SEC STATE,0,FL,4226,-1.100777836790259,5
1974,ST H,55,FL,4230,.8771273606429507,2
1974,ST S,22,FL,4243,.7932295273344827,2
1974,TREASURER,0,FL,4245,.6859798799468851,3
1976,H,7,FL,4249,.8585212016118421,3
1976,H,8,FL,4250,.8585212016118421,3
1976,H,13,FL,4255,.9553715737657794,3
1976,H,14,FL,4256,.658517920422319,2
1976,H,15,FL,4257,.658517920422319,2
1976,RR & PU C,0,FL,4259,.0571758778418106,5
1976,S,0,FL,4260,.9585819151584253,7
1976,TREASURER,0,FL,4280,.9585819151584253,7
1978,G,0,FL,4281,.8664704065644953,10
1978,H,5,FL,4283,-.2136496038660226,2
1978,H,14,FL,4288,-.5431035882177172,2
1978,H,15,FL,4289,.6733066333271838,2
1978,SEC STATE,0,FL,4292,-.0928143309277373,8
1978,ST H,98,FL,4303,.6733066333271838,2
1978,ST H,100,FL,4304,.6733066333271838,2
1978,ST H,103,FL,4305,.6733066333271838,2
1978,ST H,105,FL,4306,.6733066333271838,2
1978,ST H,109,FL,4307,-.5431035882177172,2
1978,ST H,110,FL,4308,.6733066333271838,2
1978,ST H,111,FL,4309,-1.759513810655358,2
1978,ST H,112,FL,4310,.6733066333271838,2
1978,ST H,113,FL,4311,.6733066333271838,2
1978,ST H,114,FL,4312,-1.759513810655358,2
1978,ST H,116,FL,4313,.6733066333271838,2
1978,ST H,117,FL,4314,.6733066333271838,2
1978,ST H,118,FL,4315,.6733066333271838,2
1978,ST S,24,FL,4319,.7525027643630992,2
1978,ST S,36,FL,4320,.6733066333271838,2
1978,ST S,38,FL,4321,.6733066333271838,2
1978,ST S,40,FL,4322,-.5431035885841654,2
1978,TREASURER,0,FL,4323,1.1235958908374,8
1980,H,5,FL,4327,.9905470470117891,2
1980,H,13,FL,4334,.1841462703275508,3
1980,H,14,FL,4335,.6880953479769767,2
1980,H,15,FL,4336,.6880953479769767,2
1980,S,0,FL,4337,.5167173299195839,6
1980,ST S,23,FL,4356,.732139383215385,2
1982,AGRIC,0,FL,4359,.9089365470258023,6
1982,G,0,FL,4362,.9981995454798892,8
1982,H,6,FL,4365,.978333475726377,2
1982,H,9,FL,4367,.9313584628312973,2
1982,H,14,FL,4369,.8767254348235174,2
1982,H,15,FL,4370,-1.556095009433634,2
1982,H,16,FL,4371,.7954961270828811,3
1982,H,18,FL,4372,.7028840620634967,2
1982,H,19,FL,4373,.7028840620634967,2
1982,S,0,FL,4375,.8945798043307496,5
1982,SEC STATE,0,FL,4380,.9931856302210882,6
1984,H,16,FL,4428,.8674297147764481,2
1986,AGRIC,0,FL,4446,.1026578079280514,6
1986,ATTY GENL,0,FL,4447,.9135979559675925,6
1986,COMPTROLL,0,FL,4448,1.006422328683764,3
1986,G,0,FL,4453,-.1360762584416016,16
1986,H,9,FL,4455,-.261274321924816,2
1986,H,16,FL,4459,.8031853452674312,3
1986,H,18,FL,4460,.7324614892305011,2
1986,H,19,FL,4461,.7324614892305011,2
1986,S,0,FL,4464,.8614351722836292,15
1986,SEC STATE,0,FL,4470,.9073909364188673,5
1986,TREASURER,0,FL,4500,.5081278819465754,6
1988,H,6,FL,4504,.2138872205351824,3
1988,H,8,FL,4505,-1.465795825641425,2
1988,H,14,FL,4508,.8488382727593106,2
1988,H,15,FL,4509,-1.583982172442098,2
1988,H,16,FL,4510,.8488382727593106,2
1988,S,0,FL,4512,.8707399747691279,15
1988,SEC STATE,0,FL,4514,-.8632230343903383,4
1988,TREASURER,0,FL,4534,.9544317303099878,5
1990,AGRIC,0,FL,4535,.4263128251457485,5
1990,ATTY GENL,0,FL,4536,.9789133375548116,2
1990,COMPTROLL,0,FL,4537,-.0817152443313204,5
1990,G,0,FL,4540,.8519731154967818,8
1990,H,6,FL,4543,-.5962361271920479,3
1990,H,7,FL,4544,.9789133375548116,2
1990,H,9,FL,4545,-.2374968841455061,2
1990,H,14,FL,4547,.7526637711908301,3
1990,SEC STATE,0,FL,4558,-1.547544851108611,5
1990,TREASURER,0,FL,4578,-1.138196399816973,6
1992,H,9,FL,4588,-.2256081656622766,2
1992,H,10,FL,4589,-.2256081654393555,2
1992,H,12,FL,4591,.9908020575597044,2
1992,H,16,FL,4594,-.5435430908049874,2
1992,H,19,FL,4596,.7454121710499845,3
1992,H,20,FL,4597,-.3861633920116724,2
1992,H,22,FL,4598,-1.687408273144165,3
1992,H,23,FL,4599,.7331225518442922,2
1992,S,0,FL,4601,.877207363924999,7
1994,AGRIC,0,FL,4616,.533930376250988,7
1994,ATTY GENL,0,FL,4617,.8814761539129429,7
1994,COMPTROLL,0,FL,4618,-1.548049169326484,5
1994,G,0,FL,4622,.8814761539129429,7
1994,H,5,FL,4624,1.00269077550736,2
1994,H,9,FL,4626,-1.47000122437195,4
1994,H,11,FL,4627,1.00269077550736,2
1994,H,19,FL,4632,.7381605716050584,3
1994,H,20,FL,4633,.8209511093914061,2
1994,H,22,FL,4635,-.0727795764918698,3
1994,S,0,FL,4636,-1.55134429064076,7
1994,SEC STATE,0,FL,4637,.398207186198128,5
1994,TREASURER,0,FL,4644,.4772490968132813,6
1996,H,3,FL,4649,.2004570967366595,3
1996,H,5,FL,4650,1.01457949426634,2
1996,H,6,FL,4651,-.9928179028070848,2
1996,H,7,FL,4652,-.61175453504389,2
1996,H,9,FL,4654,-.2018307280226603,2
1996,H,10,FL,4655,-1.418240949953913,2
1996,H,11,FL,4656,-.2018307280226603,2
1996,H,12,FL,4657,-.2018307280226603,2
1996,H,13,FL,4658,-1.448699457826836,3
1996,H,19,FL,4663,.7309089711453854,3
1996,H,20,FL,4664,.8116553879776495,2
1996,H,22,FL,4666,-1.701911472306656,3
1996,H,23,FL,4667,.7309089711453854,3
1998,AGRIC,0,FL,4675,.8677030068610615,12
1998,ATTY GENL,0,FL,4676,.8677030068610615,12
1998,COMPTROLL,0,FL,4677,-1.57245297126806,10
1998,G,0,FL,4680,-.5520666403213179,13
1998,H,3,FL,4682,-.6485091497838396,2
1998,H,5,FL,4683,1.026468213454892,2
1998,H,11,FL,4685,1.026468213454892,2
1998,S,0,FL,4688,.4622329320903731,12
1998,SEC STATE,0,FL,4689,-.207837018995863,11
1998,TREASURER,0,FL,4693,.8581860172877837,11
2000,H,3,FL,4700,-.6272353393713195,3
2000,H,7,FL,4703,-1.901673987969116,2
2000,H,9,FL,4705,-1.394463512038332,2
2000,H,11,FL,4707,1.038356932281946,2
2000,H,12,FL,4708,-.178053290118578,2
2000,H,13,FL,4709,-1.245851615231014,2
2000,H,19,FL,4715,.7164057711851455,3
2000,H,20,FL,4716,.7930639460465521,2
2000,H,22,FL,4718,-.0945343763512664,3
2000,H,23,FL,4719,.7164057711851455,3
2000,S,0,FL,4721,.2850445607038724,11
2000,ST H,46,FL,4732,-1.394463512038332,2
2000,ST H,47,FL,4733,-1.394463512038332,2
2000,ST H,48,FL,4734,-1.394463512038332,2
2000,ST H,56,FL,4740,-1.394463512038332,2
2000,ST H,58,FL,4742,1.038356932281946,2
2000,ST H,60,FL,4743,1.038356932281946,2
2000,ST H,61,FL,4744,-.178053290118578,2
2000,ST H,62,FL,4745,-.178053290118578,2
2000,ST H,91,FL,4752,-.5257015883318523,2
2000,ST S,13,FL,4760,1.038356932281946,2
2000,ST S,21,FL,4761,.2218230774474967,3
2000,TREASURER,0,FL,4766,-.6314654703656014,9
2002,AGRIC,0,FL,4767,-1.158112905625956,9
2002,ATTY GENL,0,FL,4768,.7373979165817132,10
2002,G,0,FL,4774,-.380896038473179,9
2002,H,3,FL,4776,.4943918405555989,2
2002,H,5,FL,4777,1.03054497348709,3
2002,H,7,FL,4779,-.7220183818704166,2
2002,H,9,FL,4781,-1.382574793859318,2
2002,H,13,FL,4782,-.0089793606628844,2
2002,H,19,FL,4787,.6801051543474899,2
2002,H,22,FL,4788,-.9127261244930049,3
2002,H,23,FL,4789,.7091541719107898,3
2002,H,25,FL,4791,-1.188811353002134,2
2002,ST H,87,FL,4824,-.5363050673530103,2
2002,ST H,90,FL,4826,.6801051543474899,2
2002,ST H,101,FL,4833,.0441148883088986,2
2002,ST H,112,FL,4835,-1.172295333933082,2
2002,ST S,25,FL,4842,.6801051543474899,2
2002,ST S,27,FL,4843,1.140346021076699,2
2002,ST S,30,FL,4845,.6801051543474899,2
2004,H,5,FL,4857,-.5905185219907794,3
2004,H,6,FL,4858,-1.28762662997813,3
2004,H,9,FL,4860,-1.37068607504928,2
2004,H,11,FL,4862,1.062134369428494,2
2004,H,12,FL,4863,-1.244853684540893,2
2004,H,22,FL,4870,-1.763318769000989,2
2004,S,0,FL,4871,.3314745336984645,10
2004,ST S,27,FL,4904,1.147213638851782,2
2004,ST S,39,FL,4906,-.0691965836100061,2
2006,AGRIC,0,FL,4908,-1.322670868255166,14
2006,ATTY GENL,0,FL,4909,.2328050934269158,13
2006,G,0,FL,4915,-.7028950771842928,13
2006,H,5,FL,4917,-1.400641870100265,3
2006,H,6,FL,4918,-.9251834906710037,2
2006,H,7,FL,4919,-.9251834906710037,2
2006,H,9,FL,4921,1.074023088529465,2
2006,H,11,FL,4923,1.09938832551996,3
2006,H,12,FL,4924,-1.358797356265909,2
2006,H,13,FL,4925,-.6436673248253751,3
2006,H,22,FL,4929,-.5575120264321793,2
2006,S,0,FL,4932,.9363766881858134,14
2006,ST H,87,FL,4957,-1.773922249431251,2
2006,ST S,30,FL,4969,.6588981959044923,2
2008,H,5,FL,4977,-1.239303175896215,2
2008,H,12,FL,4983,-1.239303175896215,2
2008,H,19,FL,4988,.6482947160172127,2
2008,H,20,FL,4989,.7558810616687215,2
2008,H,22,FL,4991,.6482947160172127,2
2008,H,23,FL,4992,.6873993716345114,3
2008,ST H,87,FL,5016,-1.784525728619721,2
2008,ST H,97,FL,5021,.7558810616687215,2
2008,ST H,99,FL,5022,.7558810616687215,2
2008,ST H,101,FL,5023,-1.676939382421987,2
2008,ST S,29,FL,5041,.6482947160172127,2
2008,ST S,31,FL,5042,.7558810616687215,2
2010,AGRIC,0,FL,5044,-1.452867884600793,3
2010,ATTY GENL,0,FL,5045,.400041583580153,5
2010,G,0,FL,5052,.8718431964118993,7
2010,H,5,FL,5054,-.0201176989006759,2
2010,H,11,FL,5058,1.377127492145475,2
2010,H,12,FL,5059,-1.236527921089228,2
2010,H,19,FL,5065,.6376912353795107,2
2010,H,20,FL,5066,.7465853410021449,2
2010,H,22,FL,5067,.6801477726493178,3
2010,H,23,FL,5068,.6801477726493178,3
2010,H,24,FL,5069,.6541020368908527,2
2010,S,0,FL,5071,-1.506882154376651,6
2010,ST H,55,FL,5083,1.377127492145475,2
2010,ST H,67,FL,5089,-1.055692952615233,2
2010,ST S,25,FL,5108,-.5787189858310258,2
2010,ST S,27,FL,5109,.6376912353795107,2
2012,H,17,FL,5121,-1.0176612196228,2
2012,H,20,FL,5124,.6270877568074272,2
2012,H,21,FL,5125,.6270877568074272,2
2012,S,0,FL,5129,1.22836518433326,4
2012,ST H,81,FL,5148,-.5893224652767399,2
2012,ST H,90,FL,5152,.6270877568074272,2
2012,ST H,98,FL,5156,.7372896200452917,2
2012,ST H,99,FL,5157,.7372896200452917,2
2012,ST H,104,FL,5160,-1.695530824836524,2
2012,ST H,105,FL,5161,-1.147934471403321,2
2012,ST S,25,FL,5182,.6270877568074272,2
2012,ST S,26,FL,5183,-1.0176612196228,2
2012,ST S,33,FL,5188,.7372896200452917,2
2012,ST S,34,FL,5189,-.1380439759969273,3
2012,ST S,39,FL,5191,.0684757508936009,2
2014,AGRIC,0,FL,5192,-1.432314069893658,5
2014,ATTY GENL,0,FL,5193,.3890019550227014,7
2014,G,0,FL,5198,.0414561772328863,7
2014,H,17,FL,5207,-.979629487155693,2
2014,H,20,FL,5210,.6164842772770687,2
2014,H,21,FL,5211,.6164842772770687,2
2014,H,22,FL,5212,.6164842772770687,2
2014,H,23,FL,5213,.7279938990753277,2
2014,H,24,FL,5214,.7279938990753277,2
2014,ST H,86,FL,5239,.6164842772770687,2
2014,ST H,89,FL,5241,-.5999259446120403,2
2014,ST H,100,FL,5244,.7279938990753277,2
2014,ST H,103,FL,5245,-1.704826545487214,2
2014,ST H,105,FL,5246,-1.704826545487214,2
2014,ST S,34,FL,5261,.6164842772770687,2
2016,H,20,FL,5267,.6058807971358383,2
2016,H,21,FL,5268,.6058807971358383,2
2016,H,22,FL,5269,.6058807971358383,2
2016,H,23,FL,5270,.718698177988806,2
2016,H,25,FL,5271,-1.131583718749212,2
2016,S,0,FL,5274,.4446537944018069,5
2016,ST H,90,FL,5284,.6058807971358383,2
2016,ST H,103,FL,5287,-.4977120442178447,2
2016,ST H,105,FL,5289,-1.714122266638288,2
2018,ATTY GENL,0,FL,5311,.2806463975246929,3
2018,G,0,FL,5312,.7464440831693367,3
2018,H,23,FL,5317,.70940245662357,2
2018,H,25,FL,5318,.0930018799200206,2
2018,S,0,FL,5322,.7464440831693367,3
2018,ST H,105,FL,5329,-1.123408342497727,2
2020,H,23,FL,5352,.7001067356816324,2
2020,ST H,103,FL,5369,.7001067356816324,2
2020,ST H,105,FL,5371,.7001067356816324,2
1984,ST H,20,GA,5576,-.979397015288012,2
1988,ST H,57,GA,5625,-.8461531812469971,2
1990,ST H,20,GA,5646,-.7795312642311603,2
1994,AGRIC,0,GA,5674,.5021848489098401,2
1994,ATTY GENL,0,GA,5675,-1.930635596483141,2
1994,H,3,GA,5678,-1.930635596483141,2
1994,INSURANCE,0,GA,5685,-.7142253740109685,2
1994,LABOR,0,GA,5686,.5021848489098401,2
1994,PUB SRV C,0,GA,5688,-.6462874287757748,2
1994,SEC STATE,0,GA,5689,.5021848489098401,2
1996,H,2,GA,5691,.7217387726962466,2
1996,H,3,GA,5692,-1.850442054223117,2
1996,PUB SRV C,0,GA,5699,.0972615629167332,7
1996,S,0,GA,5700,-.4258687374439795,5
1996,SEC STATE,0,GA,5701,-.1529971788524301,4
1998,AGRIC,0,GA,5702,.6086733749078025,5
1998,ATTY GENL,0,GA,5703,.6086733740947289,5
1998,G,0,GA,5704,.6086733749078025,5
1998,H,2,GA,5705,.7508702198436051,3
1998,H,8,GA,5710,-1.617403733368317,2
1998,H,10,GA,5711,-1.313944785685211,2
1998,INSURANCE,0,GA,5713,-1.21921792502903,4
1998,LABOR,0,GA,5714,1.095237463524903,5
1998,LT GOV,0,GA,5715,.6086733740947289,5
1998,PUB SRV C,0,GA,5716,-.0028077029340986,8
1998,S,0,GA,5717,-.8510188921748142,5
1998,SEC STATE,0,GA,5718,1.095237463524903,5
2000,H,2,GA,5720,.8547283314554101,2
2000,H,8,GA,5726,-.3616818912466772,2
2000,H,10,GA,5728,-1.30363603288844,3
2000,PUB SRV C,0,GA,5730,-.0872258107420852,6
2000,S,0,GA,5731,.3182442633817704,3
2002,AGRIC,0,GA,5732,1.319740071225314,3
2002,ATTY GENL,0,GA,5733,.5839268355749658,4
2002,G,0,GA,5734,1.192131947522269,4
2002,H,3,GA,5737,1.068705878775869,2
2002,H,8,GA,5742,-1.435195497919485,2
2002,H,9,GA,5743,-.9289450583787324,2
2002,H,11,GA,5745,.9976249473166359,2
2002,INSURANCE,0,GA,5748,.1712996294711856,3
2002,LABOR,0,GA,5749,1.319740071225314,3
2002,LT GOV,0,GA,5750,-.0242782753549163,4
2002,PUB SRV C,0,GA,5751,.2874651635534368,4
2002,S,0,GA,5752,.5839268355749658,4
2002,SEC STATE,0,GA,5753,1.192131947522269,4
2004,S,0,GA,5762,-1.033847827453426,2
2006,AGRIC,0,GA,5763,.0877600954158566,4
2006,ATTY GENL,0,GA,5764,.6027962468385893,3
2006,G,0,GA,5765,-.7035525190323588,5
2006,H,1,GA,5766,-1.366831961184805,2
2006,H,3,GA,5768,-.4785375290313683,2
2006,H,8,GA,5772,.7271897819496504,2
2006,H,10,GA,5774,.0776596250655914,2
2006,H,12,GA,5776,-.2081439011653025,3
2006,INSURANCE,0,GA,5778,-.2081439013853103,3
2006,LABOR,0,GA,5779,1.304170317997822,4
2006,LT GOV,0,GA,5780,-.2169884304960551,5
2006,PUB SRV C,0,GA,5781,-.150421738877887,4
2006,SEC STATE,0,GA,5782,-1.128650126477974,4
2008,S,0,GA,5785,-.6084136539790456,2
2010,G,0,GA,5787,.700921664368484,2
2012,H,2,GA,5792,1.144804732816159,2
2014,G,0,GA,5794,-1.23513246671122,2
2014,H,2,GA,5795,1.197687978432845,2
2014,S,0,GA,5796,-.018722244225749,2
1970,G,0,HI,5815,.0779907031340515,3
1970,S,0,HI,5817,-1.616266324893351,2
1982,G,0,HI,5842,.4622206631225569,2
1982,S,0,HI,5845,.4622206631225569,2
1986,G,0,HI,5856,-1.026547397976863,2
1986,H,1,HI,5857,-1.329186348269044,3
1986,S,0,HI,5859,.344109510417472,2
1990,H,1,HI,5868,-2.206822086549967,2
2002,G,0,HI,5884,-2.561155544053561,2
2002,H,1,HI,5885,-.1283350999491694,2
2008,H,1,HI,5894,-.3055018283582323,2
2008,H,2,HI,5895,-.3055018283582323,2
1962,G,0,IA,6053,-.0283856105232699,2
1962,S,0,IA,6055,-1.159225722292026,2
1966,S,0,IA,6060,-1.287227626553815,2
1970,G,0,IA,6064,-1.181327344104842,3
1972,G,0,IA,6069,-1.232491306977373,2
1972,S,0,IA,6072,-.0160810844676904,2
1974,G,0,IA,6087,-1.247144423713199,2
1974,S,0,IA,6090,1.185676020822127,2
1976,H,1,IA,6092,-.4275623486676359,2
1976,H,2,IA,6093,-1.261797540742745,2
1978,H,1,IA,6099,-1.276450657986913,2
1978,H,2,IA,6100,-.3326743847894327,3
1980,H,1,IA,6106,-1.14794557951595,4
1980,H,2,IA,6107,-.6184441991358987,3
1980,S,0,IA,6112,1.194313690853925,3
1982,G,0,IA,6118,.4692560346093955,3
1984,H,1,IA,6122,-1.320410008410808,2
1984,H,2,IA,6123,-1.320410008410808,2
1984,H,3,IA,6124,-1.320410008410808,2
1984,S,0,IA,6128,-.1039997861324321,2
1986,G,0,IA,6129,-.1996519414265042,3
1986,LT GOV,0,IA,6134,-.6164356973027155,2
1990,ATTY GENL,0,IA,6143,-.147959137050656,2
1990,G,0,IA,6148,-1.364369359275847,2
1990,H,2,IA,6149,-.147959137050656,2
1990,S,0,IA,6152,-.147959137050656,2
1992,H,2,IA,6156,1.053797968772771,2
1994,H,1,IA,6164,-1.393675593146022,2
1994,SEC STATE,0,IA,6169,-.1772653710264898,2
1996,S,0,IA,6173,-.849083625002155,2
1998,G,0,IA,6174,1.576674428148019,2
1998,H,2,IA,6176,-.856146017277711,2
1998,S,0,IA,6177,-.856146017277711,2
2000,H,1,IA,6178,-1.437634944191142,2
2000,H,2,IA,6179,-1.247408973964475,3
2002,G,0,IA,6183,1.150595503359404,4
2002,H,1,IA,6184,-1.26244605577844,3
2002,H,2,IA,6185,-.6044390911388706,3
2002,H,3,IA,6186,.9805323834565323,2
2002,S,0,IA,6189,.1756261186004333,5
2004,H,1,IA,6190,-.2082407527916686,3
2004,S,0,IA,6193,-.877333195650344,2
2006,G,0,IA,6195,.1040079074716795,5
2006,H,1,IA,6196,-.0815603538369682,4
2006,H,2,IA,6197,-1.516576026607969,3
2006,H,3,IA,6198,.9512261502788869,2
2006,H,4,IA,6199,-.2651840728052958,2
2006,H,5,IA,6200,.9512261502788869,2
2010,H,1,IA,6217,.9920651943618572,2
2002,ATTY GENL,0,ID,6247,1.227333798399374,2
2002,COMPTROLL,0,ID,6248,-1.205486646266541,2
2002,G,0,ID,6249,-1.205486646266541,2
2002,H,1,ID,6250,1.227333798399374,2
2002,LT GOV,0,ID,6252,1.227333798399374,2
2002,S,0,ID,6253,-1.205486646266541,2
2002,SEC STATE,0,ID,6254,-1.205486646266541,2
2002,TREASURER,0,ID,6255,-1.205486646266541,2
2006,COMPTROLL,0,ID,6257,1.096936187821704,2
2006,H,1,ID,6259,1.096936187821704,2
2006,LT GOV,0,ID,6261,-.1194740343493446,2
1950,H,24,IL,6439,-.8969368319717074,2
1950,S,0,IL,6442,-.570439851509186,3
1952,ATTY GENL,0,IL,6444,.4664259998512412,2
1952,G,0,IL,6446,-.5716456773370068,3
1952,H,9,IL,6455,.9476072642049957,2
1952,H,10,IL,6456,-.5963520028814978,2
1954,H,10,IL,6484,-.5975364858524852,2
1954,S,0,IL,6500,-.6543566766453529,4
1956,G,0,IL,6504,-.5740573286604931,3
1956,S,0,IL,6531,-.6490038335623114,4
1960,ATTY GENL,0,IL,6562,-.3459028713438173,4
1960,AUDITOR,0,IL,6563,-.4222945407406188,5
1960,G,0,IL,6564,.6806263383494107,8
1960,H,19,IL,6583,-.642377456107062,3
1960,H,22,IL,6586,-.283450522796291,3
1960,H,25,IL,6589,.7605831553325714,2
1960,LT GOV,0,IL,6590,-.0003740055547982,5
1960,S,0,IL,6591,-.7440570557141911,7
1960,SEC STATE,0,IL,6592,-.4222945407406188,5
1960,ST H,39,IL,6594,.4885490049943852,2
1962,H,10,IL,6606,-.6022744162712379,2
1962,H,13,IL,6609,-.6607617287617895,2
1962,H,14,IL,6610,.5556484934680029,2
1962,H,15,IL,6611,-.4057920327509928,2
1962,H,19,IL,6615,-.6144927589197837,2
1962,H,22,IL,6618,-.7299843742885941,2
1962,S,0,IL,6621,-.7867253432055552,6
1962,TREASURER,0,IL,6627,.6141358057512077,2
1964,ATTY GENL,0,IL,6628,.2117007387364726,5
1964,AUDITOR,0,IL,6629,1.220231787845899,5
1964,G,0,IL,6630,-.3639525097543634,6
1964,H,6,IL,6636,.6129513232852669,2
1964,H,10,IL,6640,-.6034588990134093,2
1964,H,19,IL,6649,-.6587472898577603,3
1964,H,22,IL,6652,-.7451786113273057,2
1964,LT GOV,0,IL,6655,-.8291911402660151,3
1964,SEC STATE,0,IL,6656,-.677475944975075,3
1966,H,13,IL,6671,-.7080672109772034,2
1966,H,14,IL,6672,-.7080672109772034,2
1966,H,19,IL,6677,-.6669322071405678,3
1966,H,22,IL,6680,-.7603728481634575,2
1966,S,0,IL,6683,-.582322337046,4
1966,ST H,37,IL,6685,.2608634626140278,2
1966,ST H,44,IL,6686,1.662715965244287,2
1966,TREASURER,0,IL,6694,1.027446627478213,4
1968,ATTY GENL,0,IL,6696,.0526720073844237,3
1968,AUDITOR,0,IL,6697,1.4015377586458,9
1968,G,0,IL,6699,.100522267612617,5
1968,H,5,IL,6704,-.6058278645025599,2
1968,H,6,IL,6705,-.6058278645025599,2
1968,H,19,IL,6718,-.6751171235345613,3
1968,H,22,IL,6721,-.775567085693367,2
1968,LT GOV,0,IL,6724,.470903428807829,4
1968,S,0,IL,6725,-.7721250161443197,4
1968,SEC STATE,0,IL,6726,-.6872554052502327,4
1968,ST H,54,IL,6731,-1.112331370068213,2
1970,H,4,IL,6735,-.4943969546504852,2
1970,H,16,IL,6747,-.459236233081802,2
1970,H,19,IL,6750,-.6833020398714876,3
1970,H,22,IL,6753,-.7907613225486808,2
1970,H,23,IL,6754,.2718092570625575,2
1970,S,0,IL,6758,-.217262840467488,5
1970,ST H,3,IL,6761,-.0726102266402466,2
1970,ST H,48,IL,6767,1.101400901354785,2
1970,ST H,54,IL,6773,.3045937844438411,3
1970,ST H,59,IL,6775,-.0726102266402466,2
1970,ST S,44,IL,6789,-1.33141954367779,2
1970,ST S,47,IL,6791,-1.33141954367779,2
1970,ST S,50,IL,6792,1.255240543114653,2
1970,ST S,51,IL,6793,1.101400901354785,2
1970,TREASURER,0,IL,6798,.1494028751219375,3
1972,ATTY GENL,0,IL,6799,-.7030918532522787,6
1972,AUDITOR,0,IL,6800,.1219697238698748,2
1972,COMPTROLL,0,IL,6801,-.2224236248997225,5
1972,G,0,IL,6802,-.7791513531025434,7
1972,H,16,IL,6818,-.4720643968630877,2
1972,H,19,IL,6821,-.619842313343437,2
1972,H,21,IL,6823,.4104546628849127,2
1972,H,22,IL,6824,.4104546628849127,2
1972,LT GOV,0,IL,6827,-.5374801189218237,2
1972,S,0,IL,6828,-.7858977209607387,4
1972,SEC STATE,0,IL,6829,1.296143773972432,14
1972,ST H,1,IL,6830,-.2868909589507462,2
1972,ST H,24,IL,6840,-.2868909589507462,2
1972,ST H,40,IL,6850,-.2868909589507462,2
1972,ST H,49,IL,6855,-.2868909589507462,2
1972,ST H,51,IL,6857,.4080265611658627,3
1972,ST H,52,IL,6858,-.7553030808449148,3
1972,ST H,53,IL,6859,-.3813040308682088,2
1972,ST H,54,IL,6860,.8823127274632193,2
1972,ST H,55,IL,6861,-.3340974946376719,2
1972,ST S,53,IL,6881,-1.550507717583713,2
1972,ST S,54,IL,6882,.8823127274632193,2
1974,H,4,IL,6888,-.6093813123771771,2
1974,H,6,IL,6890,-.6093813123771771,2
1974,H,15,IL,6896,1.602434570656234,2
1974,H,16,IL,6897,-.4848925605347791,2
1974,H,19,IL,6900,-.6996718737276085,3
1974,H,21,IL,6902,-.9109641399676235,3
1974,S,0,IL,6906,.2169117136026283,5
1974,ST H,1,IL,6907,-.5011716909924115,2
1974,ST H,7,IL,6912,1.249737636651109,2
1974,ST H,36,IL,6926,.5246663193744528,2
1974,ST H,40,IL,6928,-.5011716909924115,2
1974,ST H,44,IL,6931,-.6051996458707762,2
1974,ST H,49,IL,6933,-.5011716909924115,2
1974,ST H,50,IL,6934,-.6051996458707762,2
1974,ST H,52,IL,6935,-.6051996458707762,2
1974,ST H,54,IL,6936,-.6051996458707762,2
1974,ST H,57,IL,6938,-.5011716909924115,2
1974,TREASURER,0,IL,6946,1.614434974144061,6
1976,ATTY GENL,0,IL,6947,-.7644473110849139,5
1976,COMPTROLL,0,IL,6949,-.7033502112066933,6
1976,G,0,IL,6950,-.6761383833443732,5
1976,H,16,IL,6960,-.4977207239058915,2
1976,H,19,IL,6963,-.7078567903564231,3
1976,H,21,IL,6965,-.8363440338526535,2
1976,H,22,IL,6966,.3800661882862653,2
1976,SEC STATE,0,IL,6973,.9185300854558003,6
1976,ST S,35,IL,6977,-.751254130001426,4
1976,ST S,36,IL,6978,1.669823626821154,2
1978,ATTY GENL,0,IL,6980,-.794833737210516,3
1978,COMPTROLL,0,IL,6981,.0161064108002366,3
1978,G,0,IL,6982,-.8065567776271519,4
1978,H,21,IL,7001,-.8515382706644833,2
1978,H,22,IL,7002,1.581282173944237,2
1978,S,0,IL,7005,-.8065567776271519,4
1978,SEC STATE,0,IL,7006,1.637986706899397,3
1978,TREASURER,0,IL,7009,.8270465590105435,3
1980,H,19,IL,7029,-.8345530469766732,4
1980,H,21,IL,7031,-.8667325079548053,2
1980,H,22,IL,7032,.3496777140726368,2
1980,S,0,IL,7035,1.548959476931445,5
1980,ST H,36,IL,7036,.8337636442138097,3
1980,ST S,36,IL,7038,1.428033061360205,2
1982,ATTY GENL,0,IL,7040,1.674088224449415,2
1982,COMPTROLL,0,IL,7041,1.70040890371863,3
1982,G,0,IL,7042,-.8203294826184311,4
1982,H,17,IL,7058,.889468755538157,3
1982,H,18,IL,7059,-.8819267453405719,2
1982,H,20,IL,7061,-.8819267453405719,2
1982,SEC STATE,0,IL,7064,-.7324115410370059,3
1982,ST H,71,IL,7065,1.674088224449415,2
1982,ST H,72,IL,7066,-.758732219939403,2
1982,ST S,36,IL,7067,.4576780021570238,2
1982,TREASURER,0,IL,7068,.889468755538157,3
1984,H,17,IL,7085,-.7779217757494294,2
1984,H,18,IL,7086,-.8971209820030461,2
1984,H,19,IL,7087,1.535699462093338,2
1984,H,20,IL,7088,1.535699462093338,2
1984,S,0,IL,7091,-.8809725062035797,3
1986,ATTY GENL,0,IL,7095,1.540946263074002,3
1986,COMPTROLL,0,IL,7096,1.520505226062819,2
1986,G,0,IL,7097,-.8918741812119335,3
1986,H,17,IL,7113,-.7927789590486091,2
1986,H,18,IL,7114,-.9123152190855427,2
1986,H,19,IL,7115,.3040950030503565,2
1986,H,20,IL,7116,1.520505226062819,2
1986,S,0,IL,7119,1.540946263074002,3
1986,SEC STATE,0,IL,7120,-.8918741812119335,3
1988,H,18,IL,7141,-.9275094566087009,2
1988,H,20,IL,7143,1.505310989157783,2
1988,ST H,71,IL,7146,1.678352821019662,2
1988,ST S,36,IL,7150,1.678352821019662,2
1990,ATTY GENL,0,IL,7152,1.10485024181945,4
1990,COMPTROLL,0,IL,7153,.6916507580985636,5
1990,G,0,IL,7154,-.7197650911365925,4
1990,H,17,IL,7170,-.8224933255169548,2
1990,S,0,IL,7175,-.7651512076638332,3
1990,SEC STATE,0,IL,7176,-.7197650911365925,4
1990,TREASURER,0,IL,7179,-.7197650911365925,4
1992,H,1,IL,7180,1.418869137339558,2
1992,H,2,IL,7181,.2024589149579137,2
1992,H,3,IL,7182,1.418869137339558,2
1992,H,4,IL,7183,1.418869137339558,2
1992,H,5,IL,7184,1.418869137339558,2
1992,H,6,IL,7185,-1.080749682262913,3
1992,H,7,IL,7186,1.418869137339558,2
1992,H,8,IL,7187,1.352070762740624,3
1992,H,9,IL,7188,1.418869137339558,2
1992,H,10,IL,7189,-1.080749682262913,3
1992,H,11,IL,7190,.2024589151448334,2
1992,H,13,IL,7192,-1.013951307431508,2
1992,H,14,IL,7193,-1.080749682262913,3
1992,H,15,IL,7194,-.9696997161966064,2
1992,H,17,IL,7196,.2467105059294502,2
1992,H,18,IL,7197,-.9273001758162589,4
1992,H,19,IL,7198,1.474922513793616,2
1992,H,20,IL,7199,1.474922513793616,2
1992,S,0,IL,7200,.8826701082851216,5
1994,ATTY GENL,0,IL,7203,-.5450017853105354,5
1994,COMPTROLL,0,IL,7204,-1.031565874703856,5
1994,G,0,IL,7205,-.2323692911196949,6
1994,H,1,IL,7206,1.405670783030009,2
1994,H,3,IL,7208,1.405670783030009,2
1994,H,4,IL,7209,1.405670783030009,2
1994,H,6,IL,7211,-1.027149661324504,2
1994,H,7,IL,7212,1.405670783030009,2
1994,H,8,IL,7213,1.336635969725795,3
1994,H,9,IL,7214,-1.027149661324504,2
1994,H,10,IL,7215,-1.09618447427182,3
1994,H,11,IL,7216,1.405670783030009,2
1994,H,13,IL,7218,-1.027149661324504,2
1994,H,14,IL,7219,-1.09618447427182,3
1994,H,15,IL,7220,-.9777552145219337,2
1994,H,16,IL,7221,-1.039205585694329,2
1994,H,17,IL,7222,.2386550072803185,2
1994,H,18,IL,7223,-.9044776731646721,3
1994,H,20,IL,7225,1.631780613124488,2
1994,SEC STATE,0,IL,7226,-1.031565874703856,5
1994,TREASURER,0,IL,7227,-.2339236399580134,6
1996,H,1,IL,7229,1.392472429180766,2
1996,H,2,IL,7230,1.392472429180766,2
1996,H,3,IL,7231,1.392472429180766,2
1996,H,4,IL,7232,1.392472429180766,2
1996,H,5,IL,7233,-1.040348015527203,2
1996,H,6,IL,7234,-1.040348015527203,2
1996,H,7,IL,7235,1.392472429180766,2
1996,H,8,IL,7236,-1.040348015527203,2
1996,H,9,IL,7237,.1760622067922411,2
1996,H,10,IL,7238,-1.040348015527203,2
1996,H,11,IL,7239,-1.040348015527203,2
1996,H,13,IL,7241,-1.040348015527203,2
1996,H,14,IL,7242,-1.040348015527203,2
1996,H,15,IL,7243,-.9858107133846473,2
1996,H,16,IL,7244,.1760622067922411,2
1996,H,17,IL,7245,.2305995091520414,2
1996,H,18,IL,7246,-.9804299663946511,4
1996,H,19,IL,7247,1.444534040360637,2
1996,H,20,IL,7248,-.129610960171298,3
1996,S,0,IL,7249,-.0530440241272931,5
1998,ATTY GENL,0,IL,7253,-1.081197717309674,6
1998,COMPTROLL,0,IL,7254,.3838567228665911,5
1998,G,0,IL,7255,-.3597099662759287,7
1998,H,1,IL,7256,1.379274073978338,2
1998,H,2,IL,7257,1.379274073978338,2
1998,H,3,IL,7258,1.379274073978338,2
1998,H,4,IL,7259,1.379274073978338,2
1998,H,5,IL,7260,1.379274073978338,2
1998,H,6,IL,7261,-1.053546370006319,2
1998,H,7,IL,7262,1.379274073978338,2
1998,H,8,IL,7263,-1.119386519405307,3
1998,H,9,IL,7264,1.379274073978338,2
1998,H,10,IL,7265,-1.053546370006319,2
1998,H,11,IL,7266,-1.053546370006319,2
1998,H,13,IL,7268,-1.053546370006319,2
1998,H,14,IL,7269,-1.053546370006319,2
1998,H,15,IL,7270,-.9613855918545858,3
1998,H,17,IL,7272,.222544010017645,2
1998,H,19,IL,7274,.2129295805088515,2
1998,H,20,IL,7275,.3008146511419302,2
1998,S,0,IL,7276,-1.054801522484142,7
1998,SEC STATE,0,IL,7277,1.356984900478259,5
1998,TREASURER,0,IL,7281,-1.075835543807156,5
2000,H,1,IL,7283,1.366075720205928,2
2000,H,2,IL,7284,1.366075720205928,2
2000,H,3,IL,7285,1.366075720205928,2
2000,H,4,IL,7286,1.366075720205928,2
2000,H,5,IL,7287,1.366075720205928,2
2000,H,6,IL,7288,-1.06674472468227,2
2000,H,7,IL,7289,1.366075720205928,2
2000,H,8,IL,7290,-1.144143943968968,3
2000,H,9,IL,7291,1.366075720205928,2
2000,H,10,IL,7292,-1.144143943968968,3
2000,H,13,IL,7295,-1.06674472468227,2
2000,H,14,IL,7296,-1.06674472468227,2
2000,H,15,IL,7297,-.1504222074497883,3
2000,H,17,IL,7299,-1.001921710822582,2
2000,H,18,IL,7300,-.9758708579140863,4
2000,H,19,IL,7301,.1977353434565737,2
2000,H,20,IL,7302,-.9728734413865487,2
2002,ATTY GENL,0,IL,7306,.0685716118463186,8
2002,COMPTROLL,0,IL,7308,1.280146304177162,7
2002,G,0,IL,7309,-.6231665527397522,9
2002,H,1,IL,7310,1.35287736594962,2
2002,H,2,IL,7311,1.35287736594962,2
2002,H,4,IL,7313,1.35287736594962,2
2002,H,5,IL,7314,1.35287736594962,2
2002,H,6,IL,7315,-1.079943078230187,2
2002,H,7,IL,7316,1.35287736594962,2
2002,H,8,IL,7317,-.6051754022551763,4
2002,H,9,IL,7318,1.35287736594962,2
2002,H,10,IL,7319,-1.168901368317513,3
2002,H,11,IL,7320,-1.007983032059634,3
2002,H,13,IL,7322,-1.079943078230187,2
2002,H,14,IL,7323,-1.079943078230187,2
2002,H,15,IL,7324,-.908905635382378,2
2002,H,17,IL,7326,1.326434527098301,5
2002,H,19,IL,7328,-1.091292019064716,3
2002,S,0,IL,7329,.6767767229160605,8
2002,SEC STATE,0,IL,7330,1.313407454083192,7
2002,TREASURER,0,IL,7333,-.8051283629073789,7
2004,H,1,IL,7334,1.39825027362207,3
2004,H,2,IL,7335,1.39825027362207,3
2004,H,3,IL,7336,1.483533546176749,2
2004,H,4,IL,7337,1.339679011982578,2
2004,H,5,IL,7338,1.339679011982578,2
2004,H,6,IL,7339,-1.09314143276771,2
2004,H,7,IL,7340,1.339679011982578,2
2004,H,8,IL,7341,1.266097853512874,3
2004,H,9,IL,7342,1.339679011982578,2
2004,H,10,IL,7343,-1.193658792849332,3
2004,H,11,IL,7344,-.431452334102558,4
2004,H,13,IL,7346,-1.0345701700667,3
2004,H,14,IL,7347,-1.028873468364123,3
2004,H,15,IL,7348,-.8920390316416116,3
2004,H,16,IL,7349,-.9407418432134598,2
2004,H,17,IL,7350,.5000096154831308,3
2004,H,18,IL,7351,-1.086689547609707,4
2004,H,19,IL,7352,-1.097279640318065,3
2004,S,0,IL,7353,1.429930912537256,7
2006,ATTY GENL,0,IL,7355,1.066378396262774,13
2006,COMPTROLL,0,IL,7356,1.253518430068804,13
2006,G,0,IL,7357,-.393204749701252,12
2006,H,1,IL,7358,1.326480656941916,2
2006,H,2,IL,7359,1.326480656941916,2
2006,H,3,IL,7360,1.326480656941916,2
2006,H,4,IL,7361,1.326480656941916,2
2006,H,5,IL,7362,1.326480656941916,2
2006,H,6,IL,7363,1.244027218619393,3
2006,H,7,IL,7364,1.326480656941916,2
2006,H,8,IL,7365,1.303129641515078,5
2006,H,10,IL,7367,-1.252237189177501,4
2006,H,11,IL,7368,-.3941521596290367,5
2006,H,13,IL,7369,-.0049700878951825,5
2006,H,14,IL,7370,-1.051471234340688,4
2006,H,15,IL,7371,-.8046907949136525,3
2006,H,16,IL,7372,-.411116678744582,4
2006,H,17,IL,7373,.6349164696247246,4
2006,H,18,IL,7374,-1.113254442602922,4
2006,H,19,IL,7375,.0717031717874155,2
2006,SEC STATE,0,IL,7376,-.056461808537854,13
2006,TREASURER,0,IL,7377,-.576041135579061,12
2008,S,0,IL,7380,1.12008939580849,2
2010,ATTY GENL,0,IL,7384,.9876491229871796,2
2010,G,0,IL,7385,-.2287610995184516,2
2010,S,0,IL,7386,-.2287610995184516,2
2010,SEC STATE,0,IL,7387,.9876491229871796,2
1950,H,8,IN,7419,-1.900014197396294,2
1952,G,0,IN,7421,-.6157298741743802,2
1952,H,8,IN,7422,-1.832140096153624,2
1954,AUDITOR,0,IN,7424,.6685544493283059,2
1954,H,8,IN,7425,-1.764265995383375,2
1956,G,0,IN,7428,-1.696391894260828,2
1956,H,8,IN,7429,-1.696391894260828,2
1956,S,0,IN,7431,-1.696391894260828,2
1960,G,0,IN,7437,-.4170114760387949,5
1960,H,11,IN,7440,-.7519174349627286,2
1964,G,0,IN,7448,.1518631041132535,3
1964,H,8,IN,7449,-1.424895489162907,2
1964,S,0,IN,7452,-.2084852671912305,2
1966,H,8,IN,7454,-.8042608947838545,2
1968,ATTY GENL,0,IN,7459,.2681070248328905,2
1968,G,0,IN,7460,-.5081380546760462,8
1968,H,11,IN,7462,-.7023083013725282,2
1968,LT GOV,0,IN,7464,-1.289147287044658,2
1968,S,0,IN,7465,.5556968239398784,4
1968,TREASURER,0,IN,7466,-1.062253098512889,2
1970,AUDITOR,0,IN,7467,-.1256916262603658,2
1970,H,8,IN,7469,-.6775048835453567,2
1970,S,0,IN,7472,-.155082394968137,5
1972,ATTY GENL,0,IN,7475,.0058349793725011,3
1972,G,0,IN,7476,-.7109296800164969,10
1972,H,8,IN,7478,-1.830537100757267,2
1972,ST H,71,IN,7482,-.0351458235847375,2
1972,ST H,72,IN,7483,-.0351458235847375,2
1974,AUDITOR,0,IN,7486,.0553999792051412,2
1974,H,6,IN,7487,-.6651014513933936,2
1974,H,8,IN,7489,.665661349183378,2
1974,H,11,IN,7491,-.6651014513933936,2
1974,S,0,IN,7492,-.1599109676013088,7
1974,ST H,71,IN,7494,.0553999792051412,2
1976,G,0,IN,7499,-1.035708034639882,6
1976,H,8,IN,7501,-.4873708674997364,2
1976,S,0,IN,7504,-.9763301245413353,6
1976,ST H,71,IN,7505,.1459457814814826,2
1978,H,8,IN,7511,-.4239928623609331,2
1978,ST H,72,IN,7514,.2364915841382391,2
1980,ATTY GENL,0,IN,7518,1.550917763419912,2
1980,G,0,IN,7519,-.8124508811191619,8
1980,H,8,IN,7521,-1.342827560601149,3
1980,S,0,IN,7525,-.1771048099140194,6
1980,ST H,72,IN,7526,.3345075421821304,4
1980,ST H,73,IN,7527,1.550917763419912,2
1980,ST S,50,IN,7528,-.8819026799467091,2
1982,AUDITOR,0,IN,7529,.8129188995379538,3
1982,H,8,IN,7531,-1.528848619365942,2
1982,S,0,IN,7533,-.5133610517685422,4
1982,ST H,75,IN,7535,.4023816431560182,4
1982,ST H,76,IN,7536,-.8140285788369475,2
1982,ST H,77,IN,7537,1.61879186603763,2
1982,ST S,49,IN,7538,1.61879186603763,2
1984,G,0,IN,7541,-.417248472431951,3
1984,H,8,IN,7542,.3936916756521172,3
1984,ST H,75,IN,7547,.4702557444175284,4
1984,ST H,77,IN,7549,1.686665967033836,2
1984,ST S,50,IN,7550,-.746154477831389,2
1986,AUDITOR,0,IN,7551,.5381298452994336,2
1986,H,8,IN,7553,1.045929382245131,2
1986,S,0,IN,7555,-.4229448342654592,4
1986,ST H,75,IN,7556,.5381298450796501,4
1986,ST H,77,IN,7558,1.754540067981636,2
1986,ST S,49,IN,7559,1.754540067981636,2
1988,ATTY GENL,0,IN,7560,-.6104062755436039,2
1988,G,0,IN,7561,-.92094573240913,6
1988,H,8,IN,7565,1.319270765113671,3
1988,S,0,IN,7568,-.92094573240913,6
1988,ST H,75,IN,7569,.6060039468875386,4
1988,ST H,76,IN,7570,-.6104062755436039,2
1988,ST S,50,IN,7571,-.6104062755436039,2
1990,AUDITOR,0,IN,7572,1.70266997802764,2
1990,H,8,IN,7576,-.0437248296842379,2
1990,S,0,IN,7578,.7765283983553222,4
1990,SEC STATE,0,IN,7579,-.0675363246252002,4
1990,ST H,75,IN,7580,.6738780478171953,4
1990,ST S,49,IN,7581,1.890288269962244,2
1992,ATTY GENL,0,IN,7583,1.86585051992304,3
1992,G,0,IN,7584,1.85678846993805,4
1992,H,8,IN,7588,1.958162370325734,2
1992,S,0,IN,7589,-.5669699237258942,3
1992,ST H,75,IN,7590,1.958162370325734,2
1992,ST H,77,IN,7592,1.958162370325734,2
1992,ST H,78,IN,7593,-.4746580735177803,2
1992,ST S,50,IN,7594,1.958162370325734,2
1994,AUDITOR,0,IN,7595,-.5341508911486366,4
1994,H,5,IN,7598,.1584851158452335,2
1994,H,8,IN,7599,2.026036472256148,2
1994,S,0,IN,7600,-.6092101474480174,3
1994,SEC STATE,0,IN,7601,.5548924120327984,2
1994,ST H,75,IN,7603,2.026036472256148,2
1994,ST H,77,IN,7604,2.026036472256148,2
1994,ST H,78,IN,7605,-.4067839722741345,2
1994,TREASURER,0,IN,7606,1.771302633704287,2
1996,ATTY GENL,0,IN,7607,1.632988876436594,6
1996,G,0,IN,7608,1.042857333121209,5
1996,H,8,IN,7612,-.3389098708911185,2
1996,ST H,77,IN,7614,2.093910573654222,2
1998,AUDITOR,0,IN,7615,-.6490351581832019,3
1998,S,0,IN,7621,.059784779582436,5
1998,SEC STATE,0,IN,7622,.4766629485055816,2
1998,TREASURER,0,IN,7623,.4766629485055816,2
2000,ATTY GENL,0,IN,7624,.5960896702548365,3
2000,G,0,IN,7625,1.407029818896987,3
2000,H,4,IN,7627,.3206366643118501,2
2000,S,0,IN,7630,-1.025790626313749,3
2002,AUDITOR,0,IN,7632,.6018451016324489,3
2002,H,3,IN,7634,.3599426535627875,2
2002,SEC STATE,0,IN,7637,.6018451016324489,3
2002,TREASURER,0,IN,7639,-1.020035194921343,3
2004,ATTY GENL,0,IN,7640,-1.014279763052577,3
2004,G,0,IN,7641,.6076005331710622,3
2004,H,3,IN,7643,-.8171615806952703,2
2004,H,6,IN,7645,.3992486421608858,2
2004,S,0,IN,7647,.9984402952065397,2
2006,AUDITOR,0,IN,7651,-1.096750898106812,4
2006,H,1,IN,7652,1.71546208259078,3
2006,H,2,IN,7653,1.678555064511715,2
2006,H,3,IN,7654,.1179523907107685,3
2006,H,5,IN,7656,-.9659315542168969,2
2006,H,6,IN,7657,-.692987757383519,3
2006,H,9,IN,7660,.0578118694829777,2
2006,SEC STATE,0,IN,7661,-.5195454950209244,5
2006,TREASURER,0,IN,7664,.9401467716493237,5
2010,H,9,IN,7707,1.164842499776017,2
1964,G,0,KS,7769,.8815308387370387,4
1964,H,4,KS,7770,-.7590219350938319,2
1964,ST H,63,KS,7773,.5282965266826163,2
1964,ST H,67,KS,7776,.5282965266826163,2
1968,G,0,KS,7793,-1.068402799047027,2
1968,S,0,KS,7796,-1.068402799047027,2
1972,H,2,KS,7800,1.107876474562179,2
1972,H,3,KS,7801,-1.324943969789604,2
1974,ATTY GENL,0,KS,7804,1.564793355543343,2
1974,G,0,KS,7806,1.564793355543343,2
1974,H,1,KS,7807,1.564793355543343,2
1974,H,4,KS,7810,-.8680270895936517,2
1974,H,5,KS,7811,1.564793355543343,2
1974,S,0,KS,7812,-.8680270895936517,2
1976,H,4,KS,7815,-.8898281203019579,2
1976,ST H,83,KS,7816,1.542992324727159,2
1976,ST H,87,KS,7817,-.8898281203019579,2
1976,ST H,92,KS,7818,-.8898281203019579,2
1976,ST H,95,KS,7819,-.8898281203019579,2
1976,ST H,96,KS,7820,1.542992324727159,2
1976,ST S,27,KS,7821,-.8898281203019579,2
1976,ST S,31,KS,7822,-.8898281203019579,2
1976,TREASURER,0,KS,7823,-.8898281203019579,2
1978,ATTY GENL,0,KS,7824,-1.176663505178617,4
1978,G,0,KS,7825,-.5807559414814413,5
1978,H,2,KS,7826,.9911225850710145,2
1978,H,4,KS,7827,.3047810708198171,4
1978,H,5,KS,7828,1.521191293009893,2
1978,S,0,KS,7829,-.3235366476652217,6
1978,SEC STATE,0,KS,7830,-.9116291515656354,2
1978,ST H,83,KS,7831,.3047810708198171,4
1978,ST H,84,KS,7832,1.521191293009893,2
1978,ST H,85,KS,7833,1.521191293009893,2
1978,ST H,86,KS,7834,1.521191293009893,2
1978,ST H,88,KS,7835,-.9116291515656354,2
1978,ST H,89,KS,7836,1.521191293009893,2
1978,ST H,90,KS,7837,-.9116291515656354,2
1978,ST H,91,KS,7838,-.9116291515656354,2
1978,ST H,92,KS,7839,-.9116291515656354,2
1978,ST H,93,KS,7840,1.521191293009893,2
1978,ST H,95,KS,7841,1.521191293009893,2
1978,ST H,97,KS,7842,1.521191293009893,2
1978,ST H,98,KS,7843,1.521191293009893,2
1978,ST H,99,KS,7844,1.521191293009893,2
1978,ST H,101,KS,7845,1.521191293009893,2
1978,TREASURER,0,KS,7846,.5430824962877175,3
1980,H,3,KS,7850,-1.480615823085205,2
1980,S,0,KS,7853,-1.461509438099814,3
1980,ST H,19,KS,7854,-1.480615823085205,2
1980,ST H,21,KS,7855,-1.480615823085205,2
1980,ST H,28,KS,7856,-1.480615823085205,2
1980,ST H,30,KS,7857,-1.480615823085205,2
1980,ST S,6,KS,7868,.9522046209035764,2
1980,ST S,7,KS,7869,-1.480615823085205,2
1980,ST S,8,KS,7870,-1.480615823085205,2
1980,ST S,9,KS,7871,-1.480615823085205,2
1980,ST S,10,KS,7872,-1.480615823085205,2
1982,ATTY GENL,0,KS,7877,-1.436927770962273,2
1982,G,0,KS,7878,-.2205175486416142,2
1982,SEC STATE,0,KS,7882,-1.436927770962273,2
1984,H,2,KS,7902,.8743686938760402,2
1984,H,3,KS,7903,-1.55845175037418,2
1984,S,0,KS,7906,-1.483875329115567,3
1984,ST H,23,KS,7907,.8743686938760402,2
1984,ST H,25,KS,7909,.8743686938760402,2
1984,ST S,11,KS,7928,.8743686938760402,2
1986,ATTY GENL,0,KS,7935,.9377621704131247,3
1986,G,0,KS,7939,.1268220223618756,3
1986,H,2,KS,7941,.8354507310147599,2
1986,S,0,KS,7944,-1.495058274128194,3
1986,SEC STATE,0,KS,7945,-1.495058274128194,3
1986,ST H,20,KS,7946,-1.597369713810879,2
1986,ST H,22,KS,7947,.8354507310147599,2
1986,ST H,26,KS,7948,-1.597369713810879,2
1990,ATTY GENL,0,KS,8016,-.213654237019264,2
1990,G,0,KS,8021,-1.32229778069702,3
1990,INSURANCE,0,KS,8027,-.213654237019264,2
1990,S,0,KS,8028,-1.430064459385888,2
1990,SEC STATE,0,KS,8029,-1.430064459385888,2
1990,TREASURER,0,KS,8051,1.002755984729223,2
1994,G,0,KS,8055,-.5341383662201968,2
1996,S,0,KS,8060,-1.141167893058101,2
1998,G,0,KS,8062,-1.41176288324208,2
1998,S,0,KS,8066,-.3556809215770314,2
2002,ATTY GENL,0,KS,8072,1.538067964809818,4
2002,G,0,KS,8073,.3216577427664534,4
2002,H,1,KS,8074,-1.289695371210445,2
2002,INSURANCE,0,KS,8078,-.0700169331307949,3
2002,TREASURER,0,KS,8080,-1.070084477712921,2
2004,S,0,KS,8083,-1.148497484790807,2
2006,ATTY GENL,0,KS,8084,.7787340078025281,3
2006,G,0,KS,8085,1.725123666976615,4
2006,H,1,KS,8086,-1.007299598888191,2
2006,H,2,KS,8087,-.4080939561280145,2
2006,INSURANCE,0,KS,8089,-.7719824806790131,3
2006,SEC STATE,0,KS,8090,-1.007299598888191,2
2006,TREASURER,0,KS,8091,-1.007299598888191,2
1954,S,0,KY,8188,-.4342757062738085,2
1968,G,0,KY,8195,-.0688882514152975,3
1968,H,3,KY,8196,-2.511593756397843,2
1972,G,0,KY,8204,-1.36904194495117,5
1972,LT GOV,0,KY,8212,.022798800868473,2
1972,SEC STATE,0,KY,8214,-1.193107934035566,2
1980,ATTY GENL,0,KY,8246,.459846561364082,2
1980,AUDITOR,0,KY,8247,-.7565636606800594,2
1980,G,0,KY,8248,-1.259268214733508,3
1980,SEC STATE,0,KY,8256,-.7565636608323187,2
1980,TREASURER,0,KY,8257,-1.972973882855592,2
1982,S,0,KY,8264,.2767290825011099,2
1992,ATTY GENL,0,KY,8363,-.6429835524747213,2
1992,G,0,KY,8365,.5734266700427536,2
1992,H,2,KY,8367,.5734266700427536,2
1992,LT GOV,0,KY,8372,.5734266700427536,2
1992,S,0,KY,8373,.5734266700427536,2
1996,G,0,KY,8384,.7006625276667865,3
1996,H,1,KY,8385,-.4090897233063613,2
1996,H,2,KY,8386,-.4090897233063613,2
1996,S,0,KY,8390,-.4090897233063613,2
2002,H,1,KY,8405,1.158161242431545,2
2002,H,2,KY,8406,-1.363751756423943,2
2002,S,0,KY,8411,-.7203493664222563,3
2004,AGR & LAB,0,KY,8412,.4789552479402046,2
2004,ATTY GENL,0,KY,8413,.4789552479402046,2
2004,AUDITOR,0,KY,8414,.4789552479402046,2
2004,G,0,KY,8415,.9684870633364416,3
2004,S,0,KY,8420,.1575469147249855,3
2010,S,0,KY,8433,-.309277014523043,2
1986,S,0,LA,8452,-1.059051279218656,2
1992,S,0,LA,8468,1.215477345628836,2
1996,S,0,LA,8478,1.109949465581454,2
1998,S,0,LA,8481,1.057185525708604,2
2002,S,0,LA,8493,.9516576463542001,2
2008,H,4,LA,8496,-.8619317478748069,4
1966,S,0,MA,8515,-1.132691498506154,3
1990,ATTY GENL,0,MA,8580,-.2030325186456341,2
1990,AUDITOR,0,MA,8581,1.013377703649701,2
1990,G,0,MA,8582,-.4301016783111275,3
1990,H,1,MA,8583,-1.41944274062526,2
1990,H,5,MA,8585,-.2030325186456341,2
1990,SEC STATE,0,MA,8591,-.2030325184332403,2
1990,TREASURER,0,MA,8592,-1.41944274062526,2
1992,H,3,MA,8595,-.5689301445695649,3
1992,H,4,MA,8596,.8170203587985444,2
1994,ATTY GENL,0,MA,8603,1.15758759295761,3
1994,AUDITOR,0,MA,8604,1.15758759295761,3
1994,G,0,MA,8605,-1.254089232937994,4
1994,H,2,MA,8607,.9457386616577907,2
1994,H,3,MA,8608,-.6458841215895569,4
1994,H,4,MA,8609,.8491795452676276,2
1994,H,5,MA,8610,1.15758759295761,3
1994,H,6,MA,8611,-.1976689843556165,2
1994,H,7,MA,8612,-.1976689843556165,2
1994,H,10,MA,8615,.8491795452676276,2
1994,S,0,MA,8616,-.6458841215895569,4
1994,SEC STATE,0,MA,8617,.3466474443053467,3
1994,TREASURER,0,MA,8618,-1.275232851998839,3
1996,H,1,MA,8619,-.3191567807990157,4
1996,H,2,MA,8620,.3162322218718124,2
1996,H,3,MA,8621,-1.253013748185291,4
1996,H,4,MA,8622,.8813387319862793,2
1996,H,6,MA,8624,-.1719672856212894,2
1996,H,10,MA,8628,.3135518254427974,3
1996,S,0,MA,8629,-.4849715040953592,5
1998,ATTY GENL,0,MA,8630,.9234990330436267,5
1998,AUDITOR,0,MA,8631,-1.022757322315606,5
1998,G,0,MA,8632,-1.022757322429631,5
1998,H,1,MA,8633,.6803880112203581,3
1998,H,3,MA,8635,-.4897100631265104,3
1998,H,5,MA,8637,.8780996200477204,2
1998,H,6,MA,8638,-1.362675808787362,2
1998,H,10,MA,8642,.7179987432785294,2
1998,SEC STATE,0,MA,8643,.9203688732956579,4
1998,TREASURER,0,MA,8644,.4369349442227317,5
2000,H,1,MA,8645,.8442800994003238,2
2000,S,0,MA,8650,.8442800994003238,2
2002,ATTY GENL,0,MA,8651,1.396124667227232,3
2002,AUDITOR,0,MA,8652,1.056901716336375,2
2002,G,0,MA,8653,-.8594439448891661,5
2002,SEC STATE,0,MA,8657,.7742835350778817,3
2002,TREASURER,0,MA,8658,-.8594439453802545,5
2004,H,3,MA,8661,1.002528024516914,3
2004,H,4,MA,8662,1.019593150406547,2
2004,H,10,MA,8665,-.1968170729638103,2
2006,ATTY GENL,0,MA,8666,.9052644864001393,4
2006,G,0,MA,8667,.3197563309314388,4
2006,H,9,MA,8671,.5276893113982157,2
2006,H,10,MA,8672,.0397627055876964,3
2006,S,0,MA,8673,.9379140302139174,3
2006,SEC STATE,0,MA,8674,.7643196429429572,3
2010,G,0,MA,8690,.5168443905469751,2
2012,H,6,MA,8699,-.5631996415720459,2
1970,ST S,6,MD,8859,-.4554667005986816,3
1970,ST S,13,MD,8860,.4713220404075896,7
1972,H,4,MD,8864,.9546287060190807,2
1972,H,8,MD,8868,-.7285241677755309,3
1974,H,4,MD,8875,-.2812092443883005,2
1974,H,5,MD,8876,.9352009777306447,2
1974,H,8,MD,8879,-1.497619466940777,2
1974,S,0,MD,8880,-1.497619466940777,2
1976,H,3,MD,8896,.9157732503354864,2
1976,H,4,MD,8897,.9157732503354864,2
1976,H,5,MD,8898,.9157732503354864,2
1976,H,7,MD,8900,.9157732503354864,2
1976,H,8,MD,8901,-1.517047194351038,2
1976,S,0,MD,8902,.9157732503354864,2
1978,G,0,MD,8905,.8963455224721425,2
1978,H,4,MD,8908,-.3200647002581699,2
1978,H,5,MD,8909,.8963455224721425,2
1978,H,6,MD,8910,.8963455224721425,2
1978,H,8,MD,8912,-.3200647000893382,2
1984,H,1,MD,8975,.8380623386089717,2
1984,H,3,MD,8977,.8380623386089717,2
1984,H,4,MD,8978,-.3783478837392751,2
1984,H,5,MD,8979,.8380623386089717,2
1984,H,6,MD,8980,.8380623386089717,2
1984,H,8,MD,8982,.8380623386089717,2
1986,G,0,MD,8983,.8186346112260567,2
1986,H,3,MD,8986,.8186346112260567,2
1986,H,5,MD,8988,.8186346112260567,2
1986,H,6,MD,8989,.8186346112260567,2
1986,H,8,MD,8991,-1.614185834380429,2
1986,S,0,MD,8992,.8186346112260567,2
1988,H,4,MD,9014,.7992068833930726,2
1988,H,5,MD,9015,.7992068833930726,2
1988,H,6,MD,9016,.7992068833930726,2
1988,H,8,MD,9018,-1.633613561374996,2
1988,S,0,MD,9019,.7992068833930726,2
1990,G,0,MD,9022,.7797791555675273,2
1992,H,1,MD,9050,-.3085236910572965,3
1992,H,3,MD,9052,.7603514272945592,2
1992,H,4,MD,9053,.5024164572952714,3
1992,H,5,MD,9054,.5024164572952714,3
1992,H,6,MD,9055,.7603514272945592,2
1992,H,8,MD,9057,-.3085236908497955,3
1992,S,0,MD,9058,.5024164572952714,3
1994,ATTY GENL,0,MD,9059,-.4754865231074636,2
1994,COMPTROLL,0,MD,9060,.7409236990705661,2
1994,G,0,MD,9061,.4890075985518094,3
1994,H,1,MD,9062,-1.132872697895522,3
1994,H,2,MD,9063,-.8084186944323997,2
1994,H,3,MD,9064,.4079915279406754,2
1994,H,4,MD,9065,.4890075985518094,3
1994,H,5,MD,9066,.4890075985518094,3
1994,H,6,MD,9067,.4079915279406754,2
1994,H,7,MD,9068,.4079915279406754,2
1994,H,8,MD,9069,-1.132872697895522,3
1994,S,0,MD,9070,.4890075985518094,3
1996,H,1,MD,9103,-.8230878355256462,2
1996,H,2,MD,9104,-.8230878355256462,2
1996,H,3,MD,9105,.3933223864408162,2
1996,H,4,MD,9106,.4755987397702193,3
1996,H,5,MD,9107,.4755987397702193,3
1996,H,6,MD,9108,.3933223864408162,2
1996,H,7,MD,9109,.3933223864408162,2
1996,H,8,MD,9110,-1.146281556326781,3
1998,ATTY GENL,0,MD,9111,.7020682438275661,2
1998,G,0,MD,9113,.3058481520490153,2
1998,H,4,MD,9117,.7020682438275661,2
1998,H,5,MD,9118,.7020682438275661,2
1998,H,8,MD,9121,-1.730752200997967,2
1998,S,0,MD,9122,.7020682438275661,2
1998,ST H,13,MD,9126,.7020682438275661,2
1998,ST S,12,MD,9138,.7020682438275661,2
1998,ST S,13,MD,9139,-1.730752200997967,2
1998,ST S,14,MD,9140,-.5143419785352373,2
1998,ST S,27,MD,9153,.7020682438275661,2
2000,H,2,MD,9171,-1.344675283055687,2
2000,H,4,MD,9173,.6826405151549353,2
2000,H,5,MD,9174,.6826405151549353,2
2000,H,8,MD,9177,-1.173099274825413,3
2000,S,0,MD,9178,.9315550594316977,3
2002,ATTY GENL,0,MD,9179,.1170828979592417,3
2002,G,0,MD,9181,.0827349011386555,4
2002,H,1,MD,9182,-1.504797398331942,3
2002,H,2,MD,9183,.7187578288788093,3
2002,H,4,MD,9185,.6632127881780917,2
2002,H,5,MD,9186,.6632127881780917,2
2002,H,6,MD,9187,-.1281189345183269,2
2002,H,8,MD,9189,-1.186508134313761,3
2002,ST H,5,MD,9191,-.0920011347894385,3
2002,ST H,34,MD,9199,-.4974712086082629,2
2002,ST H,35,MD,9200,1.088291288082371,2
2002,ST H,38,MD,9202,-1.468674084301785,3
2002,ST S,7,MD,9206,-.1281189345183269,2
2002,ST S,34,MD,9223,-1.344529156838009,2
2004,H,1,MD,9227,-1.344383030513208,2
2004,H,2,MD,9228,1.088437414289537,2
2004,H,4,MD,9230,.6437850607534334,2
2004,H,5,MD,9231,.6437850607534334,2
2004,H,6,MD,9232,-1.344383030513208,2
2004,H,8,MD,9234,.6437850607534334,2
2004,S,0,MD,9235,-.1377129807558098,6
2006,ATTY GENL,0,MD,9236,.6243573324918323,2
2006,G,0,MD,9238,-.7009212786014279,3
2006,H,1,MD,9239,-1.344236904654402,2
2006,H,2,MD,9240,1.088583539652311,2
2006,H,6,MD,9244,-.4708546929324375,2
2006,LT GOV,0,MD,9246,-.1278266820960122,2
2006,S,0,MD,9247,.1100188698944572,3
2006,ST H,9,MD,9251,-.9588756054922912,3
2006,ST H,33,MD,9255,-.9588756054684476,3
2006,ST H,34,MD,9256,.29775216754128,2
2006,ST H,35,MD,9257,-.3406161063941579,4
2006,ST H,37,MD,9258,-.8151618380029195,2
2006,ST S,7,MD,9262,-.1278266820960122,2
2006,ST S,34,MD,9278,-.1278266820960122,2
2008,H,1,MD,9286,.1064868560790558,3
2010,G,0,MD,9292,.1029548420196788,3
2010,H,1,MD,9293,1.088875793194112,2
2010,S,0,MD,9299,1.088875793194112,2
2010,ST H,34,MD,9303,.354270995541693,2
2010,ST H,38,MD,9306,-.1616495919479174,3
2012,S,0,MD,9326,.5660741481471933,2
2014,ATTY GENL,0,MD,9327,1.089168045594251,2
2014,G,0,MD,9328,.0958908142702275,3
2014,ST H,34,MD,9339,.0053197491948283,3
2014,ST H,37,MD,9340,.0863925805835127,3
2014,ST H,38,MD,9341,-.3190774932084496,2
2016,S,0,MD,9352,-.1270960507887207,2
2018,ATTY GENL,0,MD,9353,1.089460297414947,2
2018,G,0,MD,9354,-1.533053509592371,3
2018,S,0,MD,9358,.097219614744349,3
2018,ST H,34,MD,9360,.0618385774209902,3
1994,G,0,ME,9406,-.0955309504404395,2
1994,H,1,ME,9407,1.120879272364371,2
1994,H,2,ME,9408,-.0955309504404391,2
1994,S,0,ME,9409,-.0955309504404395,2
1996,H,1,ME,9410,.9744555750993291,2
1996,H,2,ME,9411,.9744555750993291,2
1996,S,0,ME,9412,-.241954647246475,2
1998,G,0,ME,9413,-1.604788565564432,2
1998,H,1,ME,9414,.8280318795666067,2
1998,H,2,ME,9415,.8280318795666067,2
2002,G,0,ME,9419,.5351844859307305,2
2002,H,2,ME,9421,.5351844859307305,2
2002,S,0,ME,9422,-1.897635958058784,2
2004,H,1,ME,9423,.3887607900614877,2
1958,G,0,MI,9466,-1.028154072296406,2
1958,S,0,MI,9477,.1882561504131821,2
1960,G,0,MI,9482,-1.039545359255283,2
1960,H,1,MI,9483,1.393275085771849,2
1960,H,7,MI,9486,-1.039545359255283,2
1960,H,13,MI,9487,-1.039545359255283,2
1960,H,14,MI,9488,.1768648634699339,2
1960,H,15,MI,9489,1.393275085771849,2
1960,H,16,MI,9490,-1.039545359255283,2
1960,H,17,MI,9491,1.393275085771849,2
1960,H,18,MI,9492,.1768648634699329,2
1962,ATTY GENL,0,MI,9497,-1.050936646370127,2
1962,AUDITOR,0,MI,9498,-1.050936646370127,2
1962,G,0,MI,9499,-.9178171312457767,3
1962,H,1,MI,9500,1.381883798771024,2
1962,H,5,MI,9504,-1.280884957989442,2
1962,H,13,MI,9511,-1.050936646370127,2
1962,H,15,MI,9513,.165473576316333,2
1962,H,16,MI,9514,1.381883798771024,2
1962,H,17,MI,9515,1.381883798771024,2
1962,H,98,MI,9517,.1654735760352199,2
1962,JUSTICE,1,MI,9518,.1654735760352199,2
1962,SEC STATE,0,MI,9521,1.381883798771024,2
1962,TREASURER,0,MI,9522,-.241651691173703,3
1966,G,0,MI,9543,-.8970215700676663,2
1968,H,2,MI,9563,-1.085110506588681,2
1968,H,12,MI,9570,1.347709937621681,2
1968,H,13,MI,9571,.1312997154847275,2
1968,H,14,MI,9572,1.347709937621681,2
1968,H,15,MI,9573,.1312997154847275,2
1968,H,17,MI,9575,1.347709937621681,2
1970,ATTY GENL,0,MI,9581,1.415326448180174,3
1970,G,0,MI,9583,-1.017493996595134,3
1970,S,0,MI,9589,.2007330027759316,2
1970,SEC STATE,0,MI,9590,1.011749477207409,9
1972,S,0,MI,9606,-.961943676978214,2
1974,G,0,MI,9614,-1.067332427963144,3
1974,H,2,MI,9617,-1.119284367904008,2
1974,H,5,MI,9619,.426077775485579,3
1974,H,6,MI,9620,.1172816853377751,2
1974,H,8,MI,9622,.0971258535939023,2
1974,H,14,MI,9624,1.313536075765063,2
1974,H,17,MI,9627,1.313536075765063,2
1974,H,18,MI,9628,.0971258535939023,2
1974,H,19,MI,9629,-1.119284367904008,2
1974,JUSTICE,97,MI,9630,.1490777944228763,6
1974,SEC STATE,0,MI,9632,1.313536075765063,2
1976,H,3,MI,9643,.2111851411015112,2
1976,H,6,MI,9646,.2111851411015112,2
1976,H,10,MI,9650,-1.005225081256907,2
1976,S,0,MI,9661,-1.005225081256907,2
1978,G,0,MI,9668,-1.135735038193505,6
1978,JUSTICE,97,MI,9688,-.0813707910951138,2
1978,S,0,MI,9689,.6852799603708689,5
1980,H,1,MI,9691,1.279362214903832,2
1980,H,2,MI,9692,.0629519929788991,2
1980,H,3,MI,9693,.0629519929788991,2
1980,H,4,MI,9694,-1.153458229942901,2
1980,H,7,MI,9697,1.279362214903832,2
1980,H,9,MI,9699,-1.153458229942901,2
1980,H,10,MI,9700,-1.153458229942901,2
1980,H,14,MI,9704,1.279362214903832,2
1980,H,16,MI,9706,1.279362214903832,2
1980,H,17,MI,9707,1.279362214903832,2
1980,H,18,MI,9708,1.279362214903832,2
1984,H,3,MI,9817,.0401694183724323,2
1984,H,5,MI,9819,-1.176240804115236,2
1984,H,6,MI,9820,.0401694183724323,2
1984,H,10,MI,9821,-1.176240804115236,2
1984,S,0,MI,9827,.0401694183724323,2
1986,ATTY GENL,0,MI,9897,-1.141150397686903,2
1986,G,0,MI,9898,.0752598247789678,2
1986,H,3,MI,9900,1.291670046815248,2
1986,H,4,MI,9901,-1.141150397686903,2
1986,JUSTICE,97,MI,9909,.0752598247652305,4
1986,SEC STATE,0,MI,9911,1.291670046815248,2
1988,H,3,MI,9914,.0484396192157054,2
1988,JUSTICE,97,MI,9918,-1.393056680429831,2
1988,S,0,MI,9920,1.264849841930051,2
1990,ATTY GENL,0,MI,9921,.0059955572541568,2
1990,G,0,MI,9922,.0059955572541568,2
1990,H,3,MI,9925,.4351148509219513,3
1990,H,5,MI,9927,-1.313052740597919,2
1990,H,9,MI,9930,.435114850921952,3
1990,H,10,MI,9931,-1.313052740597919,2
1990,H,11,MI,9932,-.3758252978489255,3
1990,H,12,MI,9933,.0059955572541568,2
1990,S,0,MI,9939,.0059955572541568,2
1990,SEC STATE,0,MI,9940,1.22240577959154,2
1992,H,1,MI,10059,-.0053957294736508,2
1992,H,2,MI,10060,-.0992949011589933,2
1992,H,3,MI,10061,-1.315705123424275,2
1992,H,4,MI,10062,-1.315705123424275,2
1992,H,6,MI,10064,-1.315705123424275,2
1992,H,8,MI,10065,-.0053957294736508,2
1992,H,10,MI,10067,-.0053957294736508,2
1992,H,11,MI,10068,-.0053957294736508,2
1992,H,12,MI,10069,-.0053957294736508,2
1992,H,13,MI,10070,-.0053957294736508,2
1994,ATTY GENL,0,MI,10170,1.199623204861973,2
1994,G,0,MI,10171,-1.347910371687685,3
1994,H,1,MI,10172,-1.233197238955283,2
1994,H,2,MI,10173,-1.347910371687685,3
1994,H,3,MI,10174,-1.233197238955283,2
1994,H,4,MI,10175,-1.233197238955283,2
1994,H,5,MI,10176,1.307337520153848,3
1994,H,6,MI,10177,-1.233197238955283,2
1994,H,7,MI,10178,-1.233197238955283,2
1994,H,8,MI,10179,1.199623204861973,2
1994,H,9,MI,10180,1.199623204861973,2
1994,H,10,MI,10181,1.199623204861973,2
1994,H,11,MI,10182,-1.233197238955283,2
1994,H,12,MI,10183,1.199623204861973,2
1994,H,13,MI,10184,1.199623204861973,2
1994,H,14,MI,10185,1.199623204861973,2
1994,H,15,MI,10186,1.199623204861973,2
1994,H,16,MI,10187,1.199623204861973,2
1994,S,0,MI,10188,1.199623204861973,2
1994,SEC STATE,0,MI,10189,1.199623204861973,2
1996,H,1,MI,10244,1.188231918293069,2
1996,H,2,MI,10245,-1.339932796018749,2
1996,H,4,MI,10247,-1.301156443017127,3
1996,H,5,MI,10248,1.223654661301609,4
1996,H,8,MI,10251,.4116242055080915,4
1996,H,9,MI,10252,.249610245636315,3
1996,H,12,MI,10254,1.188231918293069,2
1996,H,13,MI,10255,-.0281783038175162,2
1996,H,16,MI,10256,1.188231918293069,2
1996,JUSTICE,97,MI,10257,.0584621845562189,5
1996,S,0,MI,10259,.759538870972798,8
1998,ATTY GENL,0,MI,10275,.226852171430019,6
1998,G,0,MI,10277,-1.394962487527944,6
1998,H,1,MI,10278,1.176840632199865,2
1998,H,2,MI,10279,-1.636516421438047,2
1998,H,4,MI,10281,-1.505251543449278,3
1998,H,5,MI,10282,1.097591616926011,3
1998,H,6,MI,10283,-1.453329082857052,2
1998,H,7,MI,10284,.2555172770254828,3
1998,H,8,MI,10285,1.066457425105846,3
1998,H,9,MI,10286,1.176840632199865,2
1998,H,11,MI,10287,-1.25597981262078,2
1998,H,12,MI,10288,1.176840632199865,2
1998,H,13,MI,10289,1.176840632199865,2
1998,JUSTICE,1,MI,10290,-.844262226395681,4
1998,JUSTICE,97,MI,10291,-.2351953697390085,4
1998,SEC STATE,0,MI,10292,-1.452467337173707,4
2000,H,1,MI,10295,1.165449344353467,2
2000,H,2,MI,10296,-1.303881476293422,5
2000,H,3,MI,10297,-1.181117274057462,3
2000,H,4,MI,10298,-1.301451487056255,5
2000,H,5,MI,10299,1.177793422151478,4
2000,H,6,MI,10300,-1.269577328413827,3
2000,H,7,MI,10301,-1.391282235901761,3
2000,H,8,MI,10302,-1.391282235901761,3
2000,H,9,MI,10303,1.165449344353467,2
2000,H,11,MI,10305,-1.267371100136549,2
2000,H,12,MI,10306,1.165449344353467,2
2000,H,13,MI,10307,1.165449344353467,2
2000,H,15,MI,10309,1.165449344353467,2
2000,H,16,MI,10310,1.165449344353467,2
2000,JUSTICE,1,MI,10311,-.4049767648714817,5
2000,JUSTICE,2,MI,10312,-.4049767649861214,5
2000,JUSTICE,3,MI,10313,.0815873240190707,5
2000,S,0,MI,10315,-.196040340466851,6
2002,ATTY GENL,0,MI,10316,1.061610252211483,4
2002,G,0,MI,10318,.6152585041866302,6
2002,H,2,MI,10321,-1.467192077515267,3
2002,H,3,MI,10322,-1.328967038705186,2
2002,H,4,MI,10323,-1.4437950725159,3
2002,H,6,MI,10325,-1.303932978028765,3
2002,H,9,MI,10328,-1.278762386785017,2
2002,H,10,MI,10329,-1.267197682706249,3
2002,H,11,MI,10330,-.0623521649609258,2
2002,S,0,MI,10337,1.082107680628825,7
2002,SEC STATE,0,MI,10338,-.7630050814158635,4
2004,H,2,MI,10342,-1.204940123827266,3
2004,H,3,MI,10343,-.9148009190249619,2
2004,H,4,MI,10344,-1.228724078148481,4
2004,H,5,MI,10345,1.115836061818091,2
2004,H,6,MI,10346,-1.021113920236459,3
2004,H,8,MI,10348,-.2723826093897778,3
2004,H,9,MI,10349,-.7534568083980008,2
2004,H,10,MI,10350,-1.100453469426009,2
2004,H,11,MI,10351,-.7534568083980008,2
2004,H,12,MI,10352,1.679363636906447,2
2004,ST H,1,MI,10356,-1.290153674750404,2
2004,ST H,4,MI,10357,1.142666770422535,2
2004,ST H,12,MI,10358,1.142666770422535,2
2004,ST H,13,MI,10359,1.142666770422535,2
2004,ST H,14,MI,10360,1.142666770422535,2
2004,ST H,15,MI,10361,1.142666770422535,2
2004,ST H,16,MI,10362,1.142666770422535,2
2004,ST H,17,MI,10363,1.142666770422535,2
2004,ST H,18,MI,10364,1.142666770422535,2
2004,ST H,19,MI,10365,1.142666770422535,2
2004,ST H,20,MI,10366,-1.290153674750404,2
2004,ST H,21,MI,10367,-1.290153674750404,2
2004,ST H,22,MI,10368,1.142666770422535,2
2004,ST H,23,MI,10369,1.142666770422535,2
2004,ST H,24,MI,10370,-1.290153674750404,2
2004,ST H,25,MI,10371,1.142666770422535,2
2004,ST H,26,MI,10372,1.142666770422535,2
2004,ST H,27,MI,10373,1.142666770422535,2
2004,ST H,28,MI,10374,1.142666770422535,2
2004,ST H,29,MI,10375,1.142666770422535,2
2004,ST H,30,MI,10376,1.142666770422535,2
2004,ST H,31,MI,10377,1.142666770422535,2
2004,ST H,32,MI,10378,-1.290153674750404,2
2004,ST H,33,MI,10379,1.142666770422535,2
2004,ST H,35,MI,10380,1.142666770422535,2
2004,ST H,37,MI,10381,1.142666770422535,2
2004,ST H,38,MI,10382,-1.290153674750404,2
2004,ST H,39,MI,10383,1.142666770422535,2
2004,ST H,41,MI,10384,1.142666770422535,2
2004,ST H,42,MI,10385,1.142666770422535,2
2004,ST H,43,MI,10386,-1.290153674750404,2
2004,ST H,44,MI,10387,-1.290153674750404,2
2004,ST H,45,MI,10388,-1.290153674750404,2
2004,ST H,46,MI,10389,1.142666770422535,2
2004,ST H,66,MI,10390,-1.290153674750404,2
2006,ATTY GENL,0,MI,10391,-1.367665164855422,8
2006,G,0,MI,10392,.3807604939372533,12
2006,H,1,MI,10393,1.10244599455529,2
2006,H,2,MI,10394,-1.207177202098067,3
2006,H,3,MI,10395,-.8973683456811593,2
2006,H,4,MI,10396,-.1139642274893652,2
2006,H,5,MI,10397,1.103557834796633,2
2006,H,6,MI,10398,-1.039128246446208,2
2006,H,8,MI,10400,-.7580929369429115,2
2006,H,9,MI,10401,-.7580929369429115,2
2006,H,10,MI,10402,-1.13785838195326,2
2006,H,11,MI,10403,-.7580929369429115,2
2006,H,12,MI,10404,1.674727507277816,2
2006,S,0,MI,10408,.1780254570122728,12
2006,SEC STATE,0,MI,10409,-1.372608249617357,9
2008,H,1,MI,10436,.0312118278639065,2
2008,S,0,MI,10447,.6315906589192745,3
2010,H,1,MI,10480,1.240439938619261,2
2012,S,0,MI,10553,.8111451953400973,2
2014,ATTY GENL,0,MI,10595,-.1306998875185678,2
2014,G,0,MI,10596,-.4121230118002862,2
2014,H,1,MI,10597,-.1306998875185678,2
2014,H,7,MI,10601,-.1306998875185678,2
2014,H,11,MI,10605,-.1306998875185678,2
2014,S,0,MI,10607,.8042872103482673,2
2014,SEC STATE,0,MI,10608,-1.347110109885846,2
2014,ST H,21,MI,10629,-.1306998875185678,2
2014,ST H,23,MI,10631,-.1306998875185678,2
2014,ST H,25,MI,10633,-.1306998875185678,2
2014,ST H,30,MI,10638,-.1306998875185678,2
2014,ST H,37,MI,10640,-.1306998875185678,2
2014,ST H,39,MI,10642,-.1306998875185678,2
2014,ST H,41,MI,10644,-.1306998875185678,2
2014,ST H,43,MI,10645,-.1306998875185678,2
2014,ST S,7,MI,10655,-.1306998875185678,2
2014,ST S,13,MI,10661,-.1306998875185678,2
2014,ST S,14,MI,10662,-.1306998875185678,2
2014,ST S,25,MI,10664,-1.347110109885846,2
2016,H,1,MI,10665,1.0743190474477,2
2016,H,7,MI,10670,-.1420911746528445,2
2016,ST H,1,MI,10676,-.8211731550259818,2
2016,ST H,3,MI,10677,1.611647288979518,2
2016,ST H,4,MI,10678,1.611647288979518,2
2016,ST H,5,MI,10679,1.611647288979518,2
2016,ST H,6,MI,10680,1.611647288979518,2
2016,ST H,7,MI,10681,1.611647288979518,2
2016,ST H,8,MI,10682,1.611647288979518,2
2016,ST H,9,MI,10683,1.611647288979518,2
2016,ST H,10,MI,10684,1.611647288979518,2
2016,ST H,11,MI,10685,1.611647288979518,2
2016,ST H,12,MI,10686,1.611647288979518,2
2016,ST H,13,MI,10687,1.611647288979518,2
2016,ST H,15,MI,10688,-.8211731550259818,2
2016,ST H,16,MI,10689,-.8211731550259818,2
2016,ST H,18,MI,10690,1.611647288979518,2
2016,ST H,19,MI,10691,-.8211731550259818,2
2016,ST H,20,MI,10692,-.3684518345336203,3
2016,ST H,22,MI,10694,1.611647288979518,2
2016,ST H,23,MI,10695,-.3684518345336203,3
2016,ST H,24,MI,10696,-.3684518345336203,3
2016,ST H,25,MI,10697,1.611647288979518,2
2016,ST H,26,MI,10698,-.8211731550259818,2
2016,ST H,27,MI,10699,1.611647288979518,2
2016,ST H,28,MI,10700,1.611647288979518,2
2016,ST H,29,MI,10701,1.611647288979518,2
2016,ST H,30,MI,10702,-.3684518345336203,3
2016,ST H,31,MI,10703,-.8211731550259818,2
2016,ST H,32,MI,10704,-.3684518345336203,3
2016,ST H,33,MI,10705,-.8211731550259818,2
2016,ST H,35,MI,10706,1.611647288979518,2
2016,ST H,36,MI,10707,-.8211731550259818,2
2016,ST H,37,MI,10708,1.611647288979518,2
2016,ST H,38,MI,10709,-.8211731550259818,2
2016,ST H,39,MI,10710,-.3684518345336203,3
2016,ST H,40,MI,10711,-.8211731550259818,2
2016,ST H,41,MI,10712,-.3684518345336203,3
2016,ST H,43,MI,10713,-.8211731550259818,2
2016,ST H,44,MI,10714,-.8211731550259818,2
2016,ST H,45,MI,10715,-.8211731550259818,2
2016,ST H,46,MI,10716,-.8211731550259818,2
2016,ST S,4,MI,10718,1.611647288979518,2
2018,H,8,MI,10723,-.1534824614969705,2
2018,H,11,MI,10725,-.1534824614969705,2
2018,S,0,MI,10729,-.1534824614969705,2
2018,ST H,1,MI,10731,1.620340958614863,2
2018,ST H,2,MI,10732,1.620340958614863,2
2018,ST H,3,MI,10733,1.620340958614863,2
2018,ST H,4,MI,10734,1.620340958614863,2
2018,ST H,5,MI,10735,1.620340958614863,2
2018,ST H,6,MI,10736,1.620340958614863,2
2018,ST H,7,MI,10737,1.620340958614863,2
2018,ST H,8,MI,10738,1.620340958614863,2
2018,ST H,9,MI,10739,1.620340958614863,2
2018,ST H,10,MI,10740,1.248732160590709,3
2018,ST H,11,MI,10741,1.620340958614863,2
2018,ST H,12,MI,10742,1.620340958614863,2
2018,ST H,13,MI,10743,1.620340958614863,2
2018,ST H,14,MI,10744,1.620340958614863,2
2018,ST H,15,MI,10745,1.620340958614863,2
2018,ST H,16,MI,10746,1.620340958614863,2
2018,ST H,18,MI,10748,1.620340958614863,2
2018,ST H,19,MI,10749,-.3731481363361117,3
2018,ST H,20,MI,10750,-.3731481363361117,3
2018,ST H,21,MI,10751,1.620340958614863,2
2018,ST H,24,MI,10752,-.8124794857467119,2
2018,ST H,25,MI,10753,1.620340958614863,2
2018,ST H,26,MI,10754,1.620340958614863,2
2018,ST H,27,MI,10755,1.620340958614863,2
2018,ST H,28,MI,10756,1.620340958614863,2
2018,ST H,29,MI,10757,-.8124794857467119,2
2018,ST H,30,MI,10758,-.8124794857467119,2
2018,ST H,31,MI,10759,1.620340958614863,2
2018,ST H,32,MI,10760,-.8124794857467119,2
2018,ST H,33,MI,10761,-.8124794857467119,2
2018,ST H,35,MI,10762,1.620340958614863,2
2018,ST H,36,MI,10763,-.8124794857467119,2
2018,ST H,37,MI,10764,1.620340958614863,2
2018,ST H,38,MI,10765,-.3731481363361117,3
2018,ST H,39,MI,10766,-.8124794857467119,2
2018,ST H,40,MI,10767,-.3731481363361117,3
2018,ST H,41,MI,10768,-.3731481363361117,3
2018,ST H,43,MI,10769,-.8124794857467119,2
2018,ST H,44,MI,10770,-.8124794857467119,2
2018,ST H,45,MI,10771,-.8124794857467119,2
2018,ST H,46,MI,10772,-.8124794857467119,2
2018,ST H,51,MI,10773,-.8124794857467119,2
2018,ST S,1,MI,10774,1.620340958614863,2
2018,ST S,2,MI,10775,1.620340958614863,2
2018,ST S,3,MI,10776,1.620340958614863,2
2018,ST S,4,MI,10777,1.620340958614863,2
2018,ST S,5,MI,10778,-.8124794857467119,2
2018,ST S,6,MI,10779,1.620340958614863,2
2018,ST S,7,MI,10780,-.3731481363361117,3
2018,ST S,8,MI,10781,-.8124794857467119,2
2018,ST S,9,MI,10782,1.620340958614863,2
2018,ST S,10,MI,10783,-.8124794857467119,2
2018,ST S,11,MI,10784,1.620340958614863,2
2018,ST S,12,MI,10785,-.3731481363361117,3
2018,ST S,13,MI,10786,-.3731481363361117,3
2018,ST S,14,MI,10787,-.8124794857467119,2
2018,ST S,15,MI,10788,-.3731481363361117,3
2018,ST S,25,MI,10789,-.8124794857467119,2
2020,H,8,MI,10797,1.051536474692969,2
2020,H,9,MI,10798,1.051536474692969,2
2020,H,11,MI,10800,-.1648737486840074,2
2020,H,12,MI,10801,1.051536474692969,2
2020,H,13,MI,10802,-.1648737486840074,2
2020,H,14,MI,10803,1.051536474692969,2
2020,S,0,MI,10804,-.1648737486840074,2
2020,ST H,2,MI,10806,1.051536474692969,2
2020,ST H,3,MI,10807,1.051536474692969,2
2020,ST H,4,MI,10808,1.051536474692969,2
2020,ST H,5,MI,10809,1.051536474692969,2
2020,ST H,7,MI,10811,1.051536474692969,2
2020,ST H,8,MI,10812,1.051536474692969,2
2020,ST H,9,MI,10813,1.051536474692969,2
2020,ST H,10,MI,10814,1.051536474692969,2
2020,ST H,11,MI,10815,1.051536474692969,2
2020,ST H,12,MI,10816,1.051536474692969,2
2020,ST H,13,MI,10817,1.051536474692969,2
2020,ST H,14,MI,10818,1.051536474692969,2
2020,ST H,15,MI,10819,1.051536474692969,2
2020,ST H,16,MI,10820,1.051536474692969,2
2020,ST H,18,MI,10822,1.051536474692969,2
2020,ST H,19,MI,10823,1.051536474692969,2
2020,ST H,20,MI,10824,-.1648737486840074,2
2020,ST H,21,MI,10825,-.1648737486840074,2
2020,ST H,22,MI,10826,1.051536474692969,2
2020,ST H,23,MI,10827,1.051536474692969,2
2020,ST H,24,MI,10828,-1.381283970815163,2
2020,ST H,25,MI,10829,1.051536474692969,2
2020,ST H,26,MI,10830,1.051536474692969,2
2020,ST H,27,MI,10831,1.051536474692969,2
2020,ST H,28,MI,10832,1.051536474692969,2
2020,ST H,29,MI,10833,1.051536474692969,2
2020,ST H,31,MI,10835,1.051536474692969,2
2020,ST H,37,MI,10840,1.051536474692969,2
2020,ST H,38,MI,10841,-.1648737486840074,2
2020,ST H,39,MI,10842,-.1648737486840074,2
2020,ST H,40,MI,10843,1.051536474692969,2
2020,ST H,41,MI,10844,1.051536474692969,2
2020,ST H,43,MI,10845,-1.381283970815163,2
2020,ST H,45,MI,10847,-.1648737486840074,2
1962,G,0,MN,10851,-1.51075397519397,2
1962,H,2,MN,10853,-1.51075397519397,2
1962,H,3,MN,10854,-1.51075397519397,2
1962,H,5,MN,10855,-1.51075397519397,2
1962,RAILROAD COMMISSIONER,1,MN,10859,-1.51075397519397,2
1962,SEC STATE,0,MN,10860,.922066468859118,2
1962,TREASURER,0,MN,10861,-1.51075397519397,2
1964,H,1,MN,10862,-1.677165315705009,2
1964,H,2,MN,10863,-1.677165315705009,2
1964,H,3,MN,10864,-1.677165315705009,2
1964,H,4,MN,10865,.7556551281276245,2
1964,H,5,MN,10866,.7556551281276245,2
1964,H,6,MN,10867,-1.677165315705009,2
1964,H,7,MN,10868,-1.677165315705009,2
1964,H,8,MN,10869,.7556551281276245,2
1966,G,0,MN,10872,-1.843576655970814,2
1966,LT GOV,0,MN,10881,-1.843576655970814,2
1966,S,0,MN,10882,-1.843576655970814,2
1966,TREASURER,0,MN,10883,-1.843576655970814,2
1968,H,1,MN,10884,-2.009987996635321,2
1968,H,2,MN,10885,-2.009987996635321,2
1968,H,3,MN,10886,-2.009987996635321,2
1968,H,4,MN,10887,.4228324474625433,2
1968,H,5,MN,10888,.4228324474625433,2
1968,H,6,MN,10889,-2.009987996635321,2
1968,H,7,MN,10890,.4228324474625433,2
1968,H,8,MN,10891,.4228324474625433,2
1970,AUDITOR,0,MN,10892,-2.17639933675876,2
1970,PUB SRV C,0,MN,10897,.2564211067294699,2
1970,SEC STATE,0,MN,10899,-2.17639933675876,2
1970,TREASURER,0,MN,10900,-2.17639933675876,2
1972,H,1,MN,10903,-2.342810677414608,2
1972,H,3,MN,10904,-2.342810677414608,2
1972,H,4,MN,10905,.0900097667918408,2
1972,H,5,MN,10906,.0900097667918408,2
1972,H,6,MN,10907,.0900097667918408,2
1972,H,7,MN,10908,.0900097667918408,2
1972,H,8,MN,10909,.0900097667918408,2
1972,PUB SRV C,0,MN,10910,-2.342810677414608,2
1972,S,0,MN,10911,.0900097667918408,2
1976,H,1,MN,10920,-2.675633358109493,2
1976,H,3,MN,10922,-2.675633358109493,2
1976,H,4,MN,10923,-.24281291305669,2
1976,H,5,MN,10924,-.24281291305669,2
1976,H,6,MN,10925,-.24281291305669,2
1976,H,7,MN,10926,-.24281291305669,2
1976,S,0,MN,10928,-.24281291305669,2
1976,ST H,37,MN,10931,-1.45442038236897,2
1976,ST H,38,MN,10932,-1.45442038236897,2
1976,ST H,41,MN,10935,-1.45442038236897,2
1976,ST H,44,MN,10938,-1.45442038236897,2
1976,ST H,46,MN,10940,-1.45442038236897,2
1976,ST H,47,MN,10941,-1.45442038236897,2
1976,ST H,50,MN,10943,-1.45442038236897,2
1976,ST H,54,MN,10945,-1.45442038236897,2
1976,ST H,61,MN,10948,-1.45442038236897,2
1976,ST H,64,MN,10950,-1.45442038236897,2
1978,ATTY GENL,0,MN,10977,-.409224254684328,2
1978,AUDITOR,0,MN,10978,-2.842044698978241,2
1978,H,1,MN,10983,-2.842044698978241,2
1978,H,2,MN,10984,-2.842044698978241,2
1978,H,3,MN,10985,-2.842044698978241,2
1978,H,4,MN,10986,-.409224254684328,2
1978,H,5,MN,10987,-.409224254684328,2
1978,H,6,MN,10988,-.409224254684328,2
1978,H,7,MN,10989,-.409224254684328,2
1978,SEC STATE,0,MN,10992,-.409224254684328,2
1978,ST H,53,MN,11001,-2.84076896761899,2
1980,H,1,MN,11009,-3.008456039606197,2
1980,H,3,MN,11011,-3.008456039606197,2
1980,H,4,MN,11012,-.5756355944974456,2
1980,H,5,MN,11013,-.5756355944974456,2
1980,H,6,MN,11014,-3.008456039606197,2
1980,H,8,MN,11016,-.5756355944974456,2
1980,ST H,38,MN,11018,-1.794297108190583,2
1980,ST H,58,MN,11027,-1.794297108190583,2
1990,ATTY GENL,0,MN,11097,.5575140936264766,2
1990,AUDITOR,0,MN,11098,-.6588961285226516,2
1990,G,0,MN,11099,-.6588961282566841,2
1990,H,1,MN,11100,.5575140936264766,2
1990,H,2,MN,11101,-1.875306350527356,2
1990,H,3,MN,11102,-1.875306350527356,2
1990,H,4,MN,11103,-.6588961285226516,2
1990,H,5,MN,11104,.5575140936264766,2
1990,H,6,MN,11105,.5575140936264766,2
1990,H,8,MN,11107,.5575140936264766,2
1990,S,0,MN,11108,.5575140936264766,2
1990,SEC STATE,0,MN,11109,.5575140936264766,2
1990,TREASURER,0,MN,11110,.5575140936264766,2
1992,H,1,MN,11111,.5291078145625076,2
1992,H,2,MN,11112,-.6873024073133878,2
1992,H,3,MN,11113,-1.903712630382306,2
1992,H,4,MN,11114,.5291078145625076,2
1992,H,5,MN,11115,.5291078145625076,2
1992,H,7,MN,11117,.5291078145625076,2
1992,H,8,MN,11118,.5291078145625076,2
1994,ATTY GENL,0,MN,11119,.5007015355466127,2
1994,AUDITOR,0,MN,11120,.5007015355466127,2
1994,G,0,MN,11121,-1.932118908810164,2
1994,H,1,MN,11122,.5007015355466127,2
1994,H,2,MN,11123,.5007015355466127,2
1994,H,3,MN,11124,-1.932118908810164,2
1994,H,4,MN,11125,.5007015355466127,2
1994,H,5,MN,11126,.5007015355466127,2
1994,H,6,MN,11127,.5007015355466127,2
1994,H,7,MN,11128,-1.932118908810164,2
1994,H,8,MN,11129,.5007015355466127,2
1994,S,0,MN,11130,.5007015355466127,2
1994,SEC STATE,0,MN,11131,.5007015355466127,2
1994,TREASURER,0,MN,11132,.5007015355466127,2
1996,H,1,MN,11133,.4722952574353048,2
1996,H,2,MN,11134,.4722952574353048,2
1996,H,3,MN,11135,-1.960525187247217,2
1996,H,4,MN,11136,.4722952574353048,2
1996,H,5,MN,11137,.4722952574353048,2
1996,H,6,MN,11138,.4722952574353048,2
1996,H,7,MN,11139,.4722952574353048,2
1996,H,8,MN,11140,.4722952574353048,2
1996,S,0,MN,11141,-.7441149655397779,2
1998,ATTY GENL,0,MN,11142,-1.988931466998075,2
1998,AUDITOR,0,MN,11143,-1.988931466998075,2
1998,G,0,MN,11144,-.7725212445580685,2
1998,SEC STATE,0,MN,11152,.4438889780123025,2
1998,TREASURER,0,MN,11153,-1.988931466998075,2
2000,H,1,MN,11154,.4154826984818079,2
2000,H,2,MN,11155,.4154826984818079,2
2000,H,4,MN,11157,.4154826984818079,2
2000,H,6,MN,11159,-.8009275232036178,2
2000,H,7,MN,11160,.4839543352102626,2
2000,H,8,MN,11161,.4839543352102626,2
2002,ATTY GENL,0,MN,11163,.5792879238546417,3
2002,AUDITOR,0,MN,11164,-1.85353252061886,3
2002,G,0,MN,11165,-1.200896281538062,4
2002,H,2,MN,11167,-.8293338020126221,2
2002,H,4,MN,11169,.3870764203772712,2
2002,H,6,MN,11171,-1.922432019047644,3
2002,S,0,MN,11174,-.8293338020126221,2
2002,SEC STATE,0,MN,11175,-2.045744024411435,2
2004,H,2,MN,11177,-.8577400809915754,2
2004,H,4,MN,11179,.358670140998406,2
2004,H,5,MN,11180,.358670140998406,2
2004,H,6,MN,11181,-.3117773191601427,3
2004,H,8,MN,11183,.5495532103312309,2
2006,ATTY GENL,0,MN,11184,.3302638618600418,2
2006,AUDITOR,0,MN,11185,-2.102556581816464,2
2006,G,0,MN,11186,-1.00497147196601,3
2006,H,6,MN,11192,.4879372319063598,3
2006,S,0,MN,11195,.6045349926221457,4
2006,SEC STATE,0,MN,11196,-.2726548161836203,3
1952,G,0,MO,11264,-1.081654549965257,2
1960,G,0,MO,11277,.7348294685156228,2
1962,H,3,MO,11283,-.4510685899057539,2
1964,G,0,MO,11286,-.7148366791737241,3
1964,H,3,MO,11288,-.4665564302283515,2
1964,H,6,MO,11291,.0892631675794187,2
1964,S,0,MO,11294,.7498537928732693,2
1972,ATTY GENL,0,MO,11311,-1.744918014567411,2
1972,G,0,MO,11319,-1.744918014567411,2
1972,H,6,MO,11325,1.107876474562179,2
1972,LT GOV,0,MO,11329,-.5285077922126212,2
1972,SEC STATE,0,MO,11330,.6879024299732672,2
1972,ST H,18,MO,11331,1.107876474562179,2
1972,ST H,19,MO,11332,1.107876474562179,2
1972,ST H,20,MO,11333,1.107876474562179,2
1972,ST H,21,MO,11334,-1.324943969789604,2
1972,TREASURER,0,MO,11349,.6879024299732672,2
1974,S,0,MO,11358,.6399768844308512,2
1976,G,0,MO,11383,-1.661689173738528,3
1976,LT GOV,0,MO,11391,-1.661689173738528,3
1976,S,0,MO,11392,-1.661689173738528,3
1978,AUDITOR,0,MO,11401,-1.791381536009388,2
1978,H,5,MO,11406,.9911225850710145,2
1978,ST S,16,MO,11421,-1.441697860029734,2
1980,ATTY GENL,0,MO,11422,-1.706993289655627,3
1980,G,0,MO,11423,-1.706993289655627,3
1980,H,4,MO,11427,.9522046209035764,2
1980,H,5,MO,11428,.9522046209035764,2
1980,LT GOV,0,MO,11432,.7258271545992264,3
1980,S,0,MO,11433,.7258271545992264,3
1980,ST H,20,MO,11435,.9522046209035764,2
1980,ST H,29,MO,11436,.9522046209035764,2
1980,ST H,31,MO,11437,.9522046209035764,2
1980,ST H,34,MO,11438,-1.480615823085205,2
1980,ST H,37,MO,11439,.9522046209035764,2
1980,ST H,38,MO,11440,-1.480615823085205,2
1980,TREASURER,0,MO,11442,.7258271545992264,3
1982,AUDITOR,0,MO,11443,-1.729645347582422,3
1982,H,4,MO,11447,.9132866576314509,2
1982,H,5,MO,11448,.9132866576314509,2
1982,H,6,MO,11449,-1.519533786942094,2
1982,S,0,MO,11451,-.9187051991988309,3
1982,ST H,9,MO,11452,.9132866576314509,2
1982,ST H,10,MO,11453,.9132866576314509,2
1982,ST H,33,MO,11454,.9132866576314509,2
1982,ST H,41,MO,11455,.9132866576314509,2
1982,ST H,42,MO,11456,.9132866576314509,2
1982,ST H,45,MO,11457,.9132866576314509,2
1982,ST H,50,MO,11458,.9132866576314509,2
1982,ST S,8,MO,11459,-1.519533786942094,2
1982,ST S,12,MO,11460,.9132866576314509,2
1984,ATTY GENL,0,MO,11461,-1.752297405049617,3
1984,G,0,MO,11462,.6805230397497161,3
1984,H,4,MO,11463,.8743686938760402,2
1984,H,5,MO,11464,.8743686938760402,2
1984,H,6,MO,11465,-1.55845175037418,2
1984,LT GOV,0,MO,11466,.6805230397497161,3
1984,SEC STATE,0,MO,11467,-1.752297405049617,3
1984,ST H,9,MO,11468,.8743686938760402,2
1984,ST H,30,MO,11469,.8743686938760402,2
1984,ST H,33,MO,11470,.8743686938760402,2
1984,ST H,41,MO,11471,.8743686938760402,2
1984,ST H,46,MO,11472,.8743686938760402,2
1984,ST H,47,MO,11473,-1.55845175037418,2
1984,TREASURER,0,MO,11474,-.9413572568111633,3
1986,H,5,MO,11478,.8354507310147599,2
1986,H,6,MO,11479,-1.597369713810879,2
1986,S,0,MO,11482,-.9640093142329529,3
1986,ST H,9,MO,11483,.8354507310147599,2
1986,ST H,10,MO,11484,.8354507310147599,2
1986,ST H,30,MO,11485,.8354507310147599,2
1986,ST H,32,MO,11486,-1.597369713810879,2
1986,ST H,36,MO,11487,-1.597369713810879,2
1986,ST H,38,MO,11488,.8354507310147599,2
1986,ST H,40,MO,11489,.8354507310147599,2
1986,ST H,41,MO,11490,.8354507310147599,2
1986,ST H,42,MO,11491,.8354507310147599,2
1986,ST H,46,MO,11492,-1.597369713810879,2
1986,ST H,47,MO,11493,-1.597369713810879,2
1986,ST H,53,MO,11494,-1.597369713810879,2
1986,ST H,54,MO,11495,-1.597369713810879,2
1986,ST S,8,MO,11496,-1.597369713810879,2
1986,ST S,10,MO,11497,.8354507310147599,2
1986,ST S,12,MO,11498,.8354507310147599,2
1988,ATTY GENL,0,MO,11499,.6352189238818706,3
1988,G,0,MO,11500,-1.79760152118354,3
1988,H,4,MO,11504,.7965327668364801,2
1988,H,5,MO,11505,.7965327668364801,2
1988,H,6,MO,11506,-1.636287677309584,2
1988,LT GOV,0,MO,11509,.6352189238818706,3
1988,S,0,MO,11510,-1.868820738145776,2
1988,SEC STATE,0,MO,11511,-1.887696146101344,2
1988,ST H,9,MO,11512,.7965327668364801,2
1988,ST H,30,MO,11513,.7965327668364801,2
1988,ST H,31,MO,11514,.7965327668364801,2
1988,ST H,34,MO,11515,.7965327668364801,2
1988,ST H,42,MO,11516,.7965327668364801,2
1988,ST H,47,MO,11517,-1.636287677309584,2
1988,ST H,48,MO,11518,-1.636287677309584,2
1988,ST H,49,MO,11519,.7965327668364801,2
1988,ST H,53,MO,11520,-1.636287677309584,2
1988,TREASURER,0,MO,11521,-.9866613724454952,3
1990,AUDITOR,0,MO,11522,-.6678983568963358,2
1992,ATTY GENL,0,MO,11539,.533024024597196,2
1992,G,0,MO,11540,.533024024597196,2
1992,LT GOV,0,MO,11549,.533024024597196,2
1992,S,0,MO,11550,-.6833861975602548,2
1992,SEC STATE,0,MO,11551,-.683386197351906,2
1992,TREASURER,0,MO,11552,.533024024597196,2
1994,AUDITOR,0,MO,11553,-1.915284260397775,2
1994,H,9,MO,11561,-.2745670583561986,2
1994,S,0,MO,11562,-.7630375634595031,3
1996,ATTY GENL,0,MO,11563,.8005928979079329,3
1996,G,0,MO,11564,.8005928979079329,3
1996,H,9,MO,11572,-.3415140938613179,2
1996,LT GOV,0,MO,11573,.8005928979079329,3
1996,SEC STATE,0,MO,11574,-.8212873991323782,3
1996,TREASURER,0,MO,11575,.8005928979079329,3
1998,AUDITOR,0,MO,11576,-.879537233612932,3
1998,H,9,MO,11584,-1.624871350954277,2
1998,S,0,MO,11585,-.879537233612932,3
2000,ATTY GENL,0,MO,11586,-.126846920362811,3
2000,G,0,MO,11587,-.4018577429673323,4
2000,H,9,MO,11596,-.4754081641395516,2
2000,LT GOV,0,MO,11597,-.0949149618130426,3
2000,S,0,MO,11598,-1.010062854236548,4
2000,SEC STATE,0,MO,11599,-1.010062854236548,4
2000,TREASURER,0,MO,11600,.6840932272763848,3
2002,AUDITOR,0,MO,11601,.8080691840190951,4
2002,H,9,MO,11610,-1.758765422341033,2
2002,S,0,MO,11611,-.4083410383243977,4
2004,ATTY GENL,0,MO,11612,.8015858884661838,4
2004,G,0,MO,11613,.8015858884661838,4
2004,H,9,MO,11622,-1.825712457352845,2
2004,LT GOV,0,MO,11623,-.8272946810968934,3
2004,S,0,MO,11624,-1.631234556256459,4
2004,SEC STATE,0,MO,11625,-.1673421251605907,5
2004,TREASURER,0,MO,11626,.1933807774100979,4
2006,AUDITOR,0,MO,11627,.7951025927590132,4
2006,H,9,MO,11633,-.6762492702126547,2
2006,S,0,MO,11634,.1153603028916816,3
1994,S,0,MT,11751,.1796235442837832,2
2000,ATTY GENL,0,MT,11781,1.188159821064267,2
2000,AUDITOR,0,MT,11782,1.188159821064267,2
2000,G,0,MT,11783,1.188159821064267,2
2000,H,1,MT,11784,1.188159821064267,2
2000,S,0,MT,11785,-.0282504011031494,2
2000,ST H,22,MT,11787,.2226878913750676,2
2002,S,0,MT,11789,1.118868505744665,2
2004,AUDITOR,0,MT,11790,1.049577190842808,2
2004,G,0,MT,11791,-.1668330317980722,2
2004,H,1,MT,11792,-1.383243253723761,2
2004,SEC STATE,0,MT,11793,1.049577190842808,2
2006,H,1,MT,11794,-1.452534569705003,2
2006,S,0,MT,11795,.9802858746438166,2
1960,G,0,NC,11807,.9037844116203483,2
1962,S,0,NC,11812,.8798857771655197,2
1964,G,0,NC,11816,.7493956668613064,2
1964,H,8,NC,11820,-1.576833300963621,2
1964,INSURANCE,0,NC,11822,.8559871435249672,2
1964,LT GOV,0,NC,11823,.8559871435249672,2
1964,TREASURER,0,NC,11825,.8559871435249672,2
1966,H,8,NC,11827,-1.600731935149031,2
1966,S,0,NC,11828,.8320885095227433,2
1968,AGRIC,0,NC,11829,.8081898745939167,2
1968,ATTY GENL,0,NC,11830,.8081898745939167,2
1968,AUDITOR,0,NC,11831,.8081898745939167,2
1968,G,0,NC,11832,.8081898745939167,2
1968,INSURANCE,0,NC,11834,.8081898745939167,2
1968,LABOR,0,NC,11835,.8081898745939167,2
1968,LT GOV,0,NC,11836,.8081898745939167,2
1968,S,0,NC,11837,.7857012759566789,3
1968,TREASURER,0,NC,11842,.8081898745939167,2
1970,H,6,NC,11844,.8576709236671533,2
1972,AGRIC,0,NC,11848,.7603926069027011,2
1972,ATTY GENL,0,NC,11849,.7603926069027011,2
1972,AUDITOR,0,NC,11850,.7315185984594684,3
1972,G,0,NC,11852,-.4560176154672896,2
1972,H,4,NC,11853,.9193703236919061,2
1972,H,9,NC,11858,.0843116110049688,3
1972,INSURANCE,0,NC,11859,.7603926069027011,2
1972,LABOR,0,NC,11860,.7603926069027011,2
1972,LT GOV,0,NC,11861,.7603926069027011,2
1972,S,0,NC,11862,.8952517590616383,3
1972,SEC STATE,0,NC,11863,-1.672427837661862,2
1972,ST S,22,NC,11864,-1.672427837661862,2
1972,TREASURER,0,NC,11865,.839881464832251,4
1974,ATTY GENL,0,NC,11866,-.4799162497464425,2
1974,H,6,NC,11869,.9810697241152719,2
1974,H,9,NC,11870,-.4799162497464425,2
1974,S,0,NC,11873,-.1065128880267104,3
1976,AGRIC,0,NC,11875,.7125953383572853,2
1976,ATTY GENL,0,NC,11876,-.5038148841641671,2
1976,AUDITOR,0,NC,11877,-.1336042266242412,3
1976,G,0,NC,11878,.05226330131683,4
1976,H,9,NC,11880,-1.720225106012968,2
1976,INSURANCE,0,NC,11881,-1.720225106012968,2
1976,LABOR,0,NC,11882,.7125953383572853,2
1976,LT GOV,0,NC,11883,.7125953383572853,2
1976,SEC STATE,0,NC,11884,.7125953383572853,2
1976,TREASURER,0,NC,11885,.677335921164074,3
1978,H,6,NC,11886,-.1119416983134357,2
1978,H,9,NC,11887,-1.744123740236246,2
1978,S,0,NC,11888,-1.529501828811504,3
1980,ATTY GENL,0,NC,11891,-.5516121521134102,2
1980,AUDITOR,0,NC,11892,.6647980694277179,2
1980,G,0,NC,11893,.6647980694277179,2
1980,H,6,NC,11894,-.050242299518782,2
1980,H,9,NC,11895,-.5516121521134102,2
1980,INSURANCE,0,NC,11896,-1.7680223748634,2
1980,LT GOV,0,NC,11897,.6647980694277179,2
1980,S,0,NC,11898,.2297493163261047,3
1980,SEC STATE,0,NC,11899,-1.7680223748634,2
1982,H,9,NC,11902,-1.79192100904053,2
1982,ST H,27,NC,11904,.0114571014212231,2
1982,ST H,28,NC,11905,-.7100233759544419,2
1982,ST H,36,NC,11907,-1.79192100904053,2
1982,ST S,19,NC,11908,1.227867323885166,2
1982,ST S,22,NC,11909,-1.79192100904053,2
1982,ST S,31,NC,11910,1.227867323885166,2
1984,AGRIC,0,NC,11912,.6170008017155647,2
1984,ATTY GENL,0,NC,11913,.6170008017155647,2
1984,AUDITOR,0,NC,11914,.6170008017155647,2
1984,G,0,NC,11916,-1.815819643110244,2
1984,H,9,NC,11918,-.5994094208621549,2
1984,INSURANCE,0,NC,11919,.6170008017155647,2
1984,LABOR,0,NC,11922,.6170008017155647,2
1984,LT GOV,0,NC,11923,.6170008017155647,2
1984,S,0,NC,11924,.4067439481112632,3
1984,SEC STATE,0,NC,11925,.6170008017155647,2
1984,ST H,36,NC,11928,.6170008017155647,2
1984,ST H,54,NC,11929,.6170008017155647,2
1984,ST H,55,NC,11930,.6170008017155647,2
1984,ST H,56,NC,11931,.6170008017155647,2
1984,ST H,58,NC,11933,.6170008017155647,2
1984,ST S,22,NC,11937,.6170008017155647,2
1984,ST S,34,NC,11940,.6170008017155647,2
1984,ST S,35,NC,11941,.6170008017155647,2
1986,S,0,NC,11953,.2699967987642055,2
1986,ST H,28,NC,11955,-1.177259463061758,2
1988,AGRIC,0,NC,11968,.2397122717026504,2
1988,ATTY GENL,0,NC,11971,.2397122717026504,2
1988,AUDITOR,0,NC,11972,.2397122717026504,2
1988,G,0,NC,11977,-.9766979509135888,2
1988,INSURANCE,0,NC,11981,.2397122717026504,2
1988,LABOR,0,NC,11982,.2397122717026504,2
1988,LT GOV,0,NC,11983,.2397122717026504,2
1988,SEC STATE,0,NC,11984,.2397122717026504,2
1988,TREASURER,0,NC,11995,.2397122717026504,2
1990,JUSTICE,0,NC,12007,.3002074992493847,2
1990,JUSTICE,1,NC,12008,.3002074992493847,2
1990,JUSTICE,2,NC,12009,.3002074992493847,2
1990,ST S,35,NC,12023,-.7609870198224962,2
1992,AGRIC,0,NC,12025,.2398979296723648,3
1992,ATTY GENL,0,NC,12029,.2398979296723648,3
1992,AUDITOR,0,NC,12030,-.9283084281890458,4
1992,G,0,NC,12031,.2398979296723648,3
1992,H,12,NC,12038,.2608907385605383,2
1992,INSURANCE,0,NC,12039,.2398979296723648,3
1992,JUSTICE,1,NC,12040,.2398979296723648,3
1992,LABOR,0,NC,12041,.2398979296723648,3
1992,LT GOV,0,NC,12042,.2398979296723648,3
1992,S,0,NC,12043,.2608907385605383,2
1992,SEC STATE,0,NC,12044,.2398979296723648,3
1992,TREASURER,0,NC,12050,.2398979296723648,3
1994,JUSTICE,1,NC,12055,.3304181994751035,2
1994,JUSTICE,2,NC,12056,.3304181994751035,2
1996,AGRIC,0,NC,12068,.2402990048479006,2
1996,ATTY GENL,0,NC,12070,.2892972533733088,3
1996,AUDITOR,0,NC,12071,.2892972533733088,3
1996,G,0,NC,12072,.2892972533733088,3
1996,INSURANCE,0,NC,12078,.2892972533733088,3
1996,JUSTICE,0,NC,12079,.2892972533733088,3
1996,JUSTICE,1,NC,12080,.2892972533733088,3
1996,LABOR,0,NC,12081,.2892972533733088,3
1996,LT GOV,0,NC,12082,.2892972533733088,3
1996,S,0,NC,12083,.2820692053749534,2
1996,SEC STATE,0,NC,12084,.2892972533733088,3
1996,ST H,89,NC,12090,-.9126568724354059,2
1996,TREASURER,0,NC,12094,.2892972533733088,3
1998,H,12,NC,12108,.5760664902866726,2
1998,JUSTICE,1,NC,12109,-2.000435496367177,4
1998,JUSTICE,2,NC,12110,.4576219751394295,3
1998,S,0,NC,12111,.5041409959039295,2
2000,AGRIC,0,NC,12114,-1.387789517842256,4
2000,ATTY GENL,0,NC,12120,.4368258155290882,4
2000,AUDITOR,0,NC,12121,.4368258155290882,4
2000,G,0,NC,12125,.0350753935520322,5
2000,H,12,NC,12131,.5365438243257664,2
2000,INSURANCE,0,NC,12132,.4368258155290882,4
2000,JUSTICE,0,NC,12133,.4368258155290882,4
2000,JUSTICE,1,NC,12134,-.1713792953288889,4
2000,LABOR,0,NC,12135,.4368258155290882,4
2000,LT GOV,0,NC,12136,-.1713792953288889,4
2000,SEC STATE,0,NC,12137,.4368258155290882,4
2000,ST S,12,NC,12140,-.8068158362258099,2
2000,TREASURER,0,NC,12142,.4368258155290882,4
2002,H,12,NC,12155,.4970211579618483,2
2002,JUSTICE,1,NC,12157,.4412666828881412,4
2002,JUSTICE,2,NC,12158,-1.991553761621246,4
2002,S,0,NC,12159,.4341839432223084,3
2004,AGRIC,0,NC,12169,-.7824936127051931,2
2004,ATTY GENL,0,NC,12170,.4954585731815052,3
2004,AUDITOR,0,NC,12171,.4954585731815052,3
2004,G,0,NC,12172,.4457075505798606,4
2004,INSURANCE,0,NC,12179,.4954585731815052,3
2004,LABOR,0,NC,12180,-.3154815748704005,3
2004,LT GOV,0,NC,12181,-.3154815748704012,3
2004,S,0,NC,12182,-.7309400727579001,2
2004,SEC STATE,0,NC,12183,.4954585731815052,3
2004,TREASURER,0,NC,12188,.4954585731815052,3
2006,H,12,NC,12198,.4681025293937486,3
2006,H,13,NC,12199,.4823210106190617,2
2008,H,12,NC,12218,.436155652440105,2
2008,S,0,NC,12221,.436155652440105,2
2010,H,12,NC,12237,.4512610021177064,2
2010,S,0,NC,12239,-.7651492192964574,2
2012,H,12,NC,12266,.4663663538374682,2
2014,S,0,NC,12283,.4814717030770962,2
2016,S,0,NC,12302,.4965770540784935,2
1994,PUB SRV C,0,ND,12400,-3.669327923606504,2
1978,ATTY GENL,0,NE,12472,-1.671129895693344,2
1978,G,0,NE,12473,-.5215280080970588,3
1978,H,1,NE,12474,-.454719673850578,2
1978,H,2,NE,12475,.7616905490759629,2
1978,H,3,NE,12476,-.454719673850578,2
1978,S,0,NE,12477,1.100352288798999,3
1978,SEC STATE,0,NE,12478,-1.671129895693344,2
1982,ATTY GENL,0,NE,12480,-1.662335638684451,2
1982,H,1,NE,12483,-1.662335638684451,2
1982,H,2,NE,12484,.7704848060708168,2
1982,TREASURER,0,NE,12486,-1.662335638684451,2
1986,ATTY GENL,0,NE,12487,-1.653541379832988,2
1986,AUDITOR,0,NE,12488,.7792790634728755,2
1986,G,0,NE,12489,.7792790634728755,2
1986,H,1,NE,12490,-1.653541379832988,2
1986,SEC STATE,0,NE,12491,-1.653541379832988,2
1986,TREASURER,0,NE,12492,.7792790634728755,2
1990,ATTY GENL,0,NE,12493,.7880733226302226,2
1990,AUDITOR,0,NE,12494,.7880733226302226,2
1990,H,1,NE,12496,-1.644747121832476,2
1990,S,0,NE,12497,.7880733226302226,2
1994,ATTY GENL,0,NE,12500,.3086618045842145,3
1994,G,0,NE,12501,1.119601952872522,3
1994,H,1,NE,12502,-1.313218491935266,3
1994,S,0,NE,12505,1.119601952872522,3
1994,SEC STATE,0,NE,12506,-1.313218491935266,3
1994,TREASURER,0,NE,12507,.7968675796052473,2
1996,H,1,NE,12508,-.8087392265809881,2
1996,S,0,NE,12511,.407670996079804,2
1998,ATTY GENL,0,NE,12512,.405175773069813,2
1998,H,1,NE,12515,-.8112344489428782,2
1998,SEC STATE,0,NE,12517,-.8112344489428782,2
1998,TREASURER,0,NE,12518,-.8112344489428782,2
2000,H,1,NE,12519,-.8137296713179907,2
2000,H,3,NE,12521,-.8137296713179907,2
2000,S,0,NE,12522,1.619090773268286,2
2002,ATTY GENL,0,NE,12523,.4001853283638489,2
2002,AUDITOR,0,NE,12524,-.8162248936524612,2
2002,G,0,NE,12525,-.8162248936524612,2
2002,H,1,NE,12526,-.8162248936524612,2
2002,S,0,NE,12529,-.8162248936524612,2
2002,SEC STATE,0,NE,12530,-.8162248936524612,2
2004,H,1,NE,12532,-.8187201162054341,2
2006,AUDITOR,0,NE,12535,1.611605105560069,2
2006,H,1,NE,12537,-.8212153383023992,2
2006,H,3,NE,12539,1.611605105560069,2
1952,S,0,NJ,12657,-1.402345803734397,2
1956,H,6,NJ,12668,-.2235036117939653,2
1958,H,5,NJ,12674,-1.458697849295006,2
1958,H,6,NJ,12675,-1.458697849295006,2
1958,S,0,NJ,12684,-1.458697849295006,2
1960,H,6,NJ,12688,-1.477481864043682,2
1960,S,0,NJ,12694,-1.477481864043682,2
1962,G,0,NJ,12695,-1.37256025586987,5
1962,H,5,NJ,12699,-1.340741771499111,3
1962,H,6,NJ,12700,-1.496265879721222,2
1962,H,7,NJ,12701,-1.233770270103066,2
1962,H,8,NJ,12702,1.202496437750713,4
1962,H,9,NJ,12703,-1.378037409529147,3
1962,H,12,NJ,12704,-.4501614662000566,2
1964,H,5,NJ,12710,-1.27686625388023,4
1964,H,6,NJ,12711,-1.515049895291967,2
1964,H,7,NJ,12712,-1.253032862809947,3
1964,H,8,NJ,12713,1.179787582045786,3
1964,H,9,NJ,12714,-1.253032862809947,3
1964,H,10,NJ,12715,1.083858326477948,2
1964,S,0,NJ,12717,-.2986396726300627,2
1966,G,0,NJ,12718,.7972269423731432,11
1966,H,5,NJ,12719,-1.231713966620528,2
1966,H,8,NJ,12722,1.217045026817047,2
1966,H,9,NJ,12723,-1.052167214698544,2
1966,H,12,NJ,12724,-1.53383391049952,2
1966,S,0,NJ,12726,-1.509018317163801,3
1968,H,5,NJ,12728,-1.065651816420797,2
1968,H,7,NJ,12729,-1.353502513260975,5
1968,H,8,NJ,12730,1.168956480173732,4
1968,H,9,NJ,12731,-.4054853467242923,3
1968,H,12,NJ,12733,-1.37080117876382,3
1970,G,0,NJ,12738,-.4147450861018384,11
1970,H,5,NJ,12741,-.3549917183076119,2
1970,H,7,NJ,12742,-.2250073394927788,2
1970,H,8,NJ,12743,.9914028820120976,2
1970,H,11,NJ,12746,-.5108081598030659,2
1970,H,12,NJ,12747,-1.571401940044831,2
1970,S,0,NJ,12749,.1376074100123741,7
1972,H,5,NJ,12755,.166057146444247,3
1972,H,7,NJ,12756,-.2483285744384014,2
1972,H,9,NJ,12758,-.2483285744384014,2
1972,H,12,NJ,12760,-.3737757334833032,2
1972,H,13,NJ,12761,-1.312544697077295,2
1972,S,0,NJ,12762,-1.583648519280586,3
1974,G,0,NJ,12764,.3846421425591038,5
1974,H,5,NJ,12769,-.3925597487670159,2
1974,H,13,NJ,12775,.8238504738158073,2
1976,H,5,NJ,12779,-1.373672103313105,4
1976,H,7,NJ,12781,-.5263544672886268,3
1976,H,8,NJ,12782,1.313230222057362,2
1976,H,10,NJ,12784,1.051908088063763,2
1976,H,11,NJ,12785,1.095525829092149,3
1976,H,13,NJ,12787,.930964743411658,3
1976,S,0,NJ,12788,.5105933397479121,6
1978,G,0,NJ,12789,.2986708837290115,9
1978,H,5,NJ,12793,-1.425895240486335,3
1978,H,7,NJ,12795,.2705420554412625,3
1978,H,8,NJ,12796,1.299745620987956,2
1978,H,9,NJ,12797,-1.386237397027606,2
1978,H,10,NJ,12798,1.046583047482876,2
1978,H,13,NJ,12801,1.006925204324033,3
1978,S,0,NJ,12803,.9887912047841372,5
1980,H,1,NJ,12804,.6231285704340598,2
1980,H,5,NJ,12807,-1.436914053339579,3
1980,H,6,NJ,12808,.6231285704340598,2
1980,H,7,NJ,12809,.2564984305968512,3
1980,H,8,NJ,12810,1.067438578084395,3
1980,H,11,NJ,12813,1.041258007789596,2
1980,H,13,NJ,12815,-.0374474826637201,2
1980,H,15,NJ,12816,.767498428410638,2
1980,ST H,34,NJ,12817,-1.146559425004769,2
1982,G,0,NJ,12818,-1.757736326717268,3
1982,H,1,NJ,12819,.6180413916240016,3
1982,H,2,NJ,12820,1.179808778020193,2
1982,H,3,NJ,12821,1.131290477482585,2
1982,H,4,NJ,12822,.267313165732547,4
1982,H,7,NJ,12825,.2375191046305984,3
1982,H,9,NJ,12827,-.1804772545143823,2
1982,H,12,NJ,12830,-.0463948647965515,2
1982,H,13,NJ,12831,-.1285239926660044,2
1982,S,0,NJ,12832,-.6481963263320144,6
1984,H,1,NJ,12833,.6163635811971471,2
1984,H,2,NJ,12834,.6163635811971471,2
1984,H,5,NJ,12836,-1.244539086927601,2
1984,H,8,NJ,12839,1.18828135796618,2
1984,H,9,NJ,12840,1.18828135796618,2
1984,H,11,NJ,12841,.1810708741405872,3
1984,H,13,NJ,12843,-.6000466416737896,2
1984,S,0,NJ,12844,.8273642977110632,6
1986,G,0,NJ,12845,-1.767214583769665,3
1986,H,4,NJ,12849,-1.354480943716278,2
1986,H,5,NJ,12850,-.9667157876038722,2
1986,H,8,NJ,12853,1.46610465701014,2
1986,H,9,NJ,12854,1.46610465701014,2
1986,H,10,NJ,12855,1.46610465701014,2
1986,H,11,NJ,12856,-.9667157876038722,2
1986,H,12,NJ,12857,-.5052638402203539,2
1986,H,13,NJ,12858,-1.354480943716278,2
1988,S,0,NJ,12867,.7685378840875764,5
1990,G,0,NJ,12868,.7639772728031026,4
1990,H,1,NJ,12869,.5888058407401984,3
1990,H,12,NJ,12875,-1.759242092822174,2
1990,H,13,NJ,12876,-.6101941258095305,2
1990,S,0,NJ,12877,.7294230354752855,5
1992,H,1,NJ,12878,.6028336005111924,2
1992,H,2,NJ,12879,.7513534062497452,3
1992,H,3,NJ,12880,-.8705268907957443,3
1992,H,4,NJ,12881,-.6135766208814841,2
1992,H,7,NJ,12883,-.5616158855403079,2
1992,H,8,NJ,12884,-.207102453503089,2
1994,G,0,NJ,12889,.7373019470732607,4
1994,H,1,NJ,12890,.5994511055202718,2
1994,H,2,NJ,12891,-.0748861616098137,3
1994,H,3,NJ,12892,-1.696766457742652,3
1994,H,8,NJ,12896,-.2124274933657972,2
1994,H,11,NJ,12898,.1078345580520089,3
1994,S,0,NJ,12900,.4219442721761099,6
1996,H,2,NJ,12902,-.480917390711637,2
1996,H,3,NJ,12903,-1.682454547878697,4
1996,H,4,NJ,12904,-1.755708076214718,3
1996,H,5,NJ,12905,-1.43416275490469,2
1996,H,7,NJ,12907,-1.815594138501589,2
1996,H,8,NJ,12908,-.2177525327857348,2
1996,H,9,NJ,12909,-1.43416275490469,2
1996,H,12,NJ,12911,.691232633953431,4
1996,S,0,NJ,12912,.1665938543987854,5
1998,G,0,NJ,12913,-1.808746275854989,6
1998,H,4,NJ,12917,-2.003588533218485,2
1998,H,5,NJ,12918,-1.429047987248832,2
1998,H,7,NJ,12920,-1.834378153182689,2
1998,H,8,NJ,12921,.8336278506028623,3
1998,H,9,NJ,12922,.8336278506028623,3
1998,H,12,NJ,12925,.528201619238886,3
2000,H,3,NJ,12929,-.3735265019201803,3
2000,H,4,NJ,12930,-2.015788456384586,2
2000,H,5,NJ,12931,-.7335669257693389,2
2000,H,7,NJ,12932,.5796582761749909,2
2000,H,12,NJ,12936,.5175842056387662,3
2000,S,0,NJ,12937,-.8674548007812558,9
2002,G,0,NJ,12938,.5243584833407655,7
2002,H,2,NJ,12940,-1.801200964004194,2
2002,H,3,NJ,12941,-1.783619614970849,4
2002,H,4,NJ,12942,-1.851461566918304,3
2002,H,5,NJ,12943,.4619081486779169,2
2002,H,6,NJ,12944,.7965728679397666,2
2002,H,7,NJ,12945,-.2647020568448376,3
2002,H,12,NJ,12949,.5731650309977829,5
2002,S,0,NJ,12950,.2948975545761244,7
2004,H,3,NJ,12953,-.8237780818636858,2
2004,H,4,NJ,12954,-2.040188304379167,2
2004,H,5,NJ,12955,.4685388920671826,2
2004,H,7,NJ,12957,-.6467540851031816,2
2004,H,11,NJ,12960,-1.863164307615771,2
2004,H,12,NJ,12961,.4811441386511838,4
2006,G,0,NJ,12962,-.7436477975238932,10
2006,H,2,NJ,12964,-1.788562969513288,3
2006,H,3,NJ,12965,-1.319244142073877,5
2006,H,4,NJ,12966,-1.862899251089138,5
2006,H,5,NJ,12967,.4430269173317585,3
2006,H,6,NJ,12968,.6315435949100781,3
2006,H,7,NJ,12969,.5118725033583115,3
2006,H,8,NJ,12970,.4481944049032703,2
2006,H,11,NJ,12972,-1.881357661298525,2
2006,H,12,NJ,12973,.5310990434036148,5
2006,S,0,NJ,12975,-.246710999540973,9
2008,H,1,NJ,12976,-1.857046803096582,2
2008,H,2,NJ,12977,-1.857046803096582,2
2008,H,3,NJ,12978,-.0358478284833897,4
2008,H,4,NJ,12979,-1.912561969445649,2
2008,H,6,NJ,12981,.6559328684301912,2
2008,H,7,NJ,12982,-1.928298229688348,2
2008,H,12,NJ,12984,.6559328684301912,2
2008,S,0,NJ,12985,-1.370067697132222,5
2010,H,1,NJ,12986,-.6440190752476502,2
2010,H,2,NJ,12987,-1.860429297935171,2
2010,H,3,NJ,12988,-.6440190752476502,2
2010,H,4,NJ,12989,-1.963296608065296,2
2010,H,6,NJ,12990,.6090528684978748,2
2010,H,12,NJ,12993,.6090528684978748,2
2010,ST S,5,NJ,12995,-.6440190752476502,2
2012,H,1,NJ,12996,.569008652307087,2
2012,H,2,NJ,12997,-1.860933246098039,3
2012,H,3,NJ,12998,-1.049993098132435,3
2012,H,6,NJ,13000,.5621728689465679,2
2012,H,7,NJ,13001,-.6697087761239665,2
2012,S,0,NJ,13003,-.0426143510102794,4
2014,H,1,NJ,13005,.5656261569623784,2
2014,H,2,NJ,13006,-2.064765884938421,2
2014,H,3,NJ,13007,-1.076032642151324,3
2014,H,6,NJ,13010,.5152928690896926,2
2014,S,0,NJ,13013,.5404595131231626,4
2016,H,1,NJ,13014,.5622436622931629,2
2016,H,2,NJ,13015,-2.115500523875995,2
2016,H,3,NJ,13016,-2.115500523875995,2
2016,H,6,NJ,13019,.4684128690607942,2
2018,H,7,NJ,13026,.3104037893849096,3
2018,H,11,NJ,13027,.2258644963197065,2
2018,S,0,NJ,13028,.426802949315384,4
1952,CORP C,0,NM,13070,.2790825605569425,2
1958,G,0,NM,13088,-1.05257024921315,2
1960,CORP C,0,NM,13095,.2168398386551655,2
1960,G,0,NM,13098,-1.040170444959302,2
1962,G,0,NM,13106,-1.045560873406978,2
1964,S,0,NM,13112,-1.050951301474205,2
1966,G,0,NM,13126,.1600684926304808,2
1966,S,0,NM,13130,1.376478714577045,2
1968,ATTY GENL,0,NM,13160,-1.06173215811197,2
1968,G,0,NM,13163,1.371088287644906,2
1968,H,1,NM,13164,1.371088287644906,2
1968,H,2,NM,13165,1.371088287644906,2
1968,ST H,1,NM,13170,.1546780645036048,2
1968,ST H,2,NM,13171,1.371088287644906,2
1968,ST H,3,NM,13172,1.371088287644906,2
1968,ST H,4,NM,13173,.1546780645036049,2
1968,ST H,5,NM,13174,.1546780645036048,2
1968,ST H,6,NM,13175,1.371088287644906,2
1970,G,0,NM,13188,-1.06712258530851,2
1970,H,1,NM,13189,-1.06712258530851,2
1970,H,2,NM,13190,-1.06712258530851,2
1970,LT GOV,0,NM,13192,-1.06712258530851,2
1970,ST H,1,NM,13195,1.365697858292612,2
1970,ST H,2,NM,13196,1.365697858292612,2
1970,ST H,4,NM,13198,1.365697858292612,2
1970,ST H,5,NM,13199,.1492876365538955,2
1970,ST H,6,NM,13200,-1.06712258530851,2
1970,ST H,7,NM,13201,-1.06712258530851,2
1970,ST H,8,NM,13202,1.365697858292612,2
1970,ST S,33,NM,13212,.1492876365538955,2
1970,ST S,35,NM,13213,.1492876365538955,2
1970,ST S,37,NM,13214,-1.06712258530851,2
1970,ST S,39,NM,13215,-1.06712258530851,2
1970,ST S,40,NM,13216,1.365697858292612,2
1972,CORP C,0,NM,13222,1.360307431032534,2
1972,H,1,NM,13232,-.3611054224063468,3
1972,H,2,NM,13233,1.360307431032534,2
1972,S,0,NM,13236,-1.172045571027553,3
1972,ST H,11,NM,13237,.1438972084415369,2
1972,ST H,12,NM,13238,1.360307431032534,2
1972,ST H,13,NM,13239,1.360307431032534,2
1972,ST H,15,NM,13240,1.360307431032534,2
1972,ST H,16,NM,13241,-1.072513013839628,2
1972,ST H,17,NM,13242,1.360307431032534,2
1972,ST H,18,NM,13243,1.360307431032534,2
1972,ST H,19,NM,13244,-1.072513013839628,2
1972,ST H,20,NM,13245,-1.072513013839628,2
1972,ST H,24,NM,13249,.1438972084415363,2
1972,ST H,25,NM,13250,.1438972084415363,2
1972,ST H,26,NM,13251,-1.072513013839628,2
1972,ST H,28,NM,13252,-1.072513013839628,2
1972,ST H,29,NM,13253,.1438972084415363,2
1972,ST H,30,NM,13254,-1.072513013839628,2
1972,ST H,31,NM,13255,-1.072513013839628,2
1972,ST S,9,NM,13256,.1438972084415369,2
1972,ST S,12,NM,13258,.1438972084415369,2
1972,ST S,13,NM,13259,-1.072513013839628,2
1972,ST S,15,NM,13260,.1438972084415369,2
1972,ST S,18,NM,13262,-1.072513013839628,2
1972,ST S,21,NM,13264,-1.072513013839628,2
1974,G,0,NM,13275,-.3623631874084434,3
1976,H,2,NM,13307,1.291055851497554,3
1976,S,0,NM,13308,-.6941369341581838,4
1976,ST H,10,NM,13309,1.349526574798427,2
1976,ST H,11,NM,13310,1.349526574798427,2
1976,ST H,19,NM,13315,1.349526574798427,2
1976,ST H,22,NM,13317,.1331163520298466,2
1976,ST H,23,NM,13318,1.349526574798427,2
1976,ST H,30,NM,13325,-1.083293869980104,2
1976,ST S,12,NM,13332,1.349526574798427,2
1976,ST S,13,NM,13333,.1331163524445536,2
1976,ST S,17,NM,13336,.1331163524445536,2
1976,ST S,18,NM,13337,-1.083293869980104,2
1976,ST S,19,NM,13338,-1.083293869980104,2
1976,ST S,22,NM,13340,-1.083293869980104,2
1978,AUDITOR,0,NM,13346,-.5015155310436991,3
1978,CORP C,0,NM,13347,1.120364765586897,3
1978,G,0,NM,13349,-1.264325979708019,3
1978,H,1,NM,13350,-.5015155311119186,3
1978,LANDS,0,NM,13351,1.033945180815552,2
1978,S,0,NM,13353,-1.233148611674271,4
1978,SEC STATE,0,NM,13354,1.120364765586897,3
1978,ST H,10,NM,13355,1.34413614664998,2
1978,ST H,11,NM,13356,1.34413614664998,2
1978,ST H,18,NM,13359,-1.088684298055742,2
1978,ST H,19,NM,13360,.1277259238838589,2
1978,ST H,21,NM,13362,-1.088684298055742,2
1978,ST H,22,NM,13363,1.34413614664998,2
1978,ST H,23,NM,13364,1.34413614664998,2
1978,ST H,24,NM,13365,-1.088684298055742,2
1978,ST H,26,NM,13367,.1277259238838589,2
1978,ST S,11,NM,13373,1.34413614664998,2
1978,ST S,14,NM,13374,.1277259238838589,2
1980,CORP C,0,NM,13376,-1.094074726144922,2
1980,H,1,NM,13380,-1.094074726144922,2
1980,H,2,NM,13381,-.2400391738887913,3
1980,ST H,11,NM,13387,-1.094074726144922,2
1980,ST H,13,NM,13388,1.338745718108761,2
1980,ST H,14,NM,13389,.1223354961565435,2
1980,ST H,17,NM,13391,.1223354961565435,2
1980,ST H,18,NM,13392,.1223354961565435,2
1980,ST H,19,NM,13393,.122335496156543,2
1980,ST H,20,NM,13394,-1.094074726144922,2
1980,ST H,21,NM,13395,-1.094074726144922,2
1980,ST H,22,NM,13396,1.338745718108761,2
1980,ST H,23,NM,13397,.122335496156543,2
1980,ST H,24,NM,13398,-1.094074726144922,2
1980,ST H,25,NM,13399,1.338745718108761,2
1980,ST H,27,NM,13401,-1.094074726144922,2
1980,ST H,28,NM,13402,-1.094074726144922,2
1980,ST H,29,NM,13403,-1.094074726144922,2
1980,ST H,30,NM,13404,-1.094074726144922,2
1980,ST H,31,NM,13405,-1.094074726144922,2
1980,ST S,17,NM,13411,1.338745718108761,2
1980,ST S,20,NM,13412,.122335496156543,2
1980,ST S,22,NM,13413,-1.094074726144922,2
1982,ATTY GENL,0,NM,13415,1.333355290835029,2
1982,AUDITOR,0,NM,13416,-1.099465153819656,2
1982,CORP C,0,NM,13417,.0456723523289102,2
1982,G,0,NM,13421,-.2334864938267634,3
1982,H,1,NM,13422,-1.099465153819656,2
1982,H,2,NM,13423,-1.044426642282709,3
1982,H,3,NM,13424,.1169450680283688,2
1982,S,0,NM,13429,-1.044426642282709,3
1982,SEC STATE,0,NM,13430,.1169450680283688,2
1982,ST H,8,NM,13431,1.333355290835029,2
1982,ST H,11,NM,13432,.1169450680283688,2
1982,ST H,12,NM,13433,1.333355290835029,2
1982,ST H,15,NM,13434,1.333355290835029,2
1982,ST H,17,NM,13435,.1169450682593157,2
1982,ST H,18,NM,13436,1.333355290835029,2
1982,ST H,19,NM,13437,1.333355290835029,2
1982,ST H,21,NM,13438,-1.099465153819656,2
1982,ST H,22,NM,13439,-1.099465153819656,2
1982,ST H,23,NM,13440,-1.099465153819656,2
1982,ST H,24,NM,13441,-1.099465153819656,2
1982,ST H,25,NM,13442,1.333355290835029,2
1982,ST H,26,NM,13443,1.333355290835029,2
1982,ST H,28,NM,13444,-1.099465153819656,2
1982,ST H,29,NM,13445,-1.099465153819656,2
1982,ST H,30,NM,13446,-1.099465153819656,2
1982,ST H,44,NM,13447,.1169450682593157,2
1982,ST H,65,NM,13449,-1.099465153819656,2
1982,TREASURER,0,NM,13450,-1.099465153819656,2
1984,CORP C,0,NM,13454,.111554640157874,2
1984,H,1,NM,13462,-1.104855582320515,2
1984,H,2,NM,13463,-1.104855582320515,2
1984,H,3,NM,13464,.1115546403449528,2
1984,S,0,NM,13468,-1.104855582320515,2
1984,ST H,11,NM,13469,1.327964861863994,2
1984,ST H,15,NM,13470,1.327964861863994,2
1984,ST H,17,NM,13471,-1.104855582320515,2
1984,ST H,18,NM,13472,1.327964861863994,2
1984,ST H,19,NM,13473,1.327964861863994,2
1984,ST H,20,NM,13474,-1.104855582320515,2
1984,ST H,21,NM,13475,1.327964861863994,2
1984,ST H,22,NM,13476,-1.104855582320515,2
1984,ST H,23,NM,13477,-1.104855582320515,2
1984,ST H,24,NM,13478,.111554640157874,2
1984,ST H,25,NM,13479,1.327964861863994,2
1984,ST H,26,NM,13480,-1.104855582320515,2
1984,ST H,27,NM,13481,-1.104855582320515,2
1984,ST H,28,NM,13482,-1.104855582320515,2
1984,ST H,29,NM,13483,-1.104855582320515,2
1984,ST H,30,NM,13484,-1.104855582320515,2
1984,ST H,31,NM,13485,-1.104855582320515,2
1984,ST H,44,NM,13486,1.327964861863994,2
1984,ST H,50,NM,13487,1.327964861863994,2
1984,ST S,9,NM,13488,1.327964861863994,2
1984,ST S,13,NM,13489,1.327964861863994,2
1984,ST S,15,NM,13490,-1.104855582320515,2
1984,ST S,16,NM,13491,.1115546403449528,2
1984,ST S,17,NM,13492,-1.104855582320515,2
1984,ST S,19,NM,13493,.1115546403449528,2
1984,ST S,20,NM,13494,-1.104855582320515,2
1984,ST S,21,NM,13495,-1.104855582320515,2
1984,ST S,22,NM,13496,1.327964861863994,2
1984,ST S,26,NM,13497,1.327964861863994,2
1986,ATTY GENL,0,NM,13498,-1.110246010417226,2
1986,AUDITOR,0,NM,13499,.1061642115841404,2
1986,CORP C,0,NM,13501,.1061642115841396,2
1986,G,0,NM,13507,.1061642115841404,2
1986,H,1,NM,13508,-1.110246010417226,2
1986,H,2,NM,13509,-1.110246010417226,2
1986,H,3,NM,13510,.1061642115841396,2
1986,SEC STATE,0,NM,13524,.1061642115841396,2
1986,ST H,13,NM,13525,1.322574433748943,2
1986,ST H,15,NM,13526,1.322574433748943,2
1986,ST H,18,NM,13527,1.322574433748943,2
1986,ST H,19,NM,13528,1.322574433748943,2
1986,ST H,20,NM,13529,.1061642115841404,2
1986,ST H,21,NM,13530,-1.110246010417226,2
1986,ST H,22,NM,13531,-1.110246010417226,2
1986,ST H,24,NM,13532,.1061642115841396,2
1986,ST H,25,NM,13533,1.322574433748943,2
1986,ST H,26,NM,13534,-1.110246010417226,2
1986,ST H,27,NM,13535,-1.110246010417226,2
1986,ST H,44,NM,13537,1.322574433748943,2
1986,TREASURER,0,NM,13540,1.322574433748943,2
1988,H,1,NM,13544,.1007737836572298,2
1988,S,0,NM,13547,1.31718400605427,2
1988,ST H,14,NM,13549,.1007737836572298,2
1988,ST H,15,NM,13550,1.31718400605427,2
1988,ST H,19,NM,13552,1.31718400605427,2
1988,ST H,25,NM,13554,1.31718400605427,2
1988,ST H,26,NM,13555,1.31718400605427,2
1988,ST H,27,NM,13556,-1.115636438478675,2
1988,ST H,30,NM,13559,-1.115636438478675,2
1988,ST H,44,NM,13560,1.31718400605427,2
1988,ST H,50,NM,13561,1.31718400605427,2
1988,ST S,10,NM,13562,1.31718400605427,2
1988,ST S,14,NM,13563,1.31718400605427,2
1988,ST S,15,NM,13564,1.31718400605427,2
1988,ST S,17,NM,13565,-1.115636438478675,2
1988,ST S,18,NM,13566,1.31718400605427,2
1988,ST S,26,NM,13570,1.31718400605427,2
1990,G,0,NM,13576,-.9108335874820622,2
1990,LANDS,0,NM,13577,.3055766345302222,2
1990,S,0,NM,13579,-.9108335874820622,2
1990,SEC STATE,0,NM,13580,1.521986857013985,2
1994,ATTY GENL,0,NM,13625,1.017074082382126,2
1994,AUDITOR,0,NM,13626,-.1993361395533862,2
1994,CORP C,0,NM,13629,1.017074082382126,2
1994,G,0,NM,13634,1.017074082382126,2
1994,H,1,NM,13635,-1.131807722749404,2
1994,H,3,NM,13637,1.155818372348131,3
1994,S,0,NM,13642,1.017074082382126,2
1994,SEC STATE,0,NM,13643,1.017074082382126,2
1994,ST H,16,NM,13645,.0846024995166454,2
1994,ST H,18,NM,13646,.0846024997449584,2
1994,ST H,19,NM,13647,.0846024997449584,2
1994,ST H,20,NM,13648,1.301012721681318,2
1994,ST H,21,NM,13649,1.301012721681318,2
1994,ST H,25,NM,13650,1.301012721681318,2
1994,ST H,26,NM,13651,.0846024997449584,2
1994,ST H,27,NM,13652,-1.131807722749404,2
1994,ST H,28,NM,13653,.0846024997449584,2
1994,ST H,29,NM,13654,1.301012721681318,2
1994,ST H,30,NM,13655,-1.131807722749404,2
1994,ST H,50,NM,13657,1.301012721681318,2
1994,ST S,26,NM,13658,.0846024997449584,2
1994,TREASURER,0,NM,13659,-1.131807722749404,2
1996,JUSTICE,1,NM,13674,-1.272570370936766,3
1996,JUSTICE,2,NM,13675,1.160250073067124,3
1996,S,0,NM,13677,-1.26902423998296,2
1996,ST H,15,NM,13678,1.29562229398087,2
1996,ST H,18,NM,13679,1.29562229398087,2
1996,ST H,21,NM,13681,1.29562229398087,2
1996,ST H,22,NM,13682,-1.137198150822968,2
1996,ST H,24,NM,13683,.0792120709870148,2
1996,ST H,25,NM,13684,1.29562229398087,2
1996,ST H,31,NM,13687,1.29562229398087,2
1996,ST H,44,NM,13688,1.29562229398087,2
1996,ST H,50,NM,13689,1.29562229398087,2
1996,ST H,60,NM,13690,1.29562229398087,2
1996,ST S,9,NM,13691,1.29562229398087,2
1996,ST S,10,NM,13692,1.29562229398087,2
1996,ST S,13,NM,13693,1.29562229398087,2
1996,ST S,15,NM,13694,1.29562229398087,2
1996,ST S,16,NM,13695,1.29562229398087,2
1996,ST S,17,NM,13696,-1.137198150822968,2
1996,ST S,18,NM,13697,1.29562229398087,2
1996,ST S,19,NM,13698,-1.137198150822968,2
1996,ST S,20,NM,13699,-1.137198150822968,2
1996,ST S,21,NM,13700,1.29562229398087,2
1996,ST S,23,NM,13701,-1.137198150822968,2
1996,ST S,26,NM,13702,1.29562229398087,2
1998,ATTY GENL,0,NM,13705,1.178224096267087,2
1998,G,0,NM,13711,-.0381861261622998,2
1998,JUSTICE,1,NM,13715,-.0381861261622998,2
1998,LANDS,0,NM,13716,1.16468177410562,3
1998,SEC STATE,0,NM,13726,-.0381861261622998,2
1998,ST H,11,NM,13727,1.290231865847631,2
1998,ST H,12,NM,13728,1.290231865847631,2
1998,ST H,15,NM,13729,1.290231865847631,2
1998,ST H,16,NM,13730,.0738216432752005,2
1998,ST H,19,NM,13731,1.290231865847631,2
1998,ST H,23,NM,13732,1.290231865847631,2
1998,ST H,26,NM,13733,.0738216432752005,2
1998,ST H,28,NM,13734,1.290231865847631,2
1998,ST H,29,NM,13735,1.290231865847631,2
1998,ST H,44,NM,13737,.0738216432752005,2
1998,ST H,50,NM,13738,1.290231865847631,2
1998,TREASURER,0,NM,13739,-1.254596348459749,2
2000,S,0,NM,13755,1.192651988370188,2
2000,ST H,10,NM,13756,1.284841437323817,2
2000,ST H,11,NM,13757,1.284841437323817,2
2000,ST H,12,NM,13758,1.284841437323817,2
2000,ST H,13,NM,13759,1.284841437323817,2
2000,ST H,14,NM,13760,1.284841437323817,2
2000,ST H,15,NM,13761,.0684312149660988,2
2000,ST H,17,NM,13762,1.284841437323817,2
2000,ST H,21,NM,13763,1.284841437323817,2
2000,ST H,25,NM,13764,1.284841437323817,2
2000,ST H,26,NM,13765,.0684312153957297,2
2000,ST H,28,NM,13766,1.284841437323817,2
2000,ST H,29,NM,13767,-1.147979007013718,2
2000,ST H,30,NM,13768,-1.147979007013718,2
2000,ST H,44,NM,13769,-1.147979007013718,2
2000,ST H,50,NM,13770,1.284841437323817,2
2000,ST H,60,NM,13771,1.284841437323817,2
2000,ST S,9,NM,13773,.0684312149660988,2
2000,ST S,10,NM,13774,.0684312149660988,2
2000,ST S,11,NM,13775,1.284841437323817,2
2000,ST S,12,NM,13776,1.284841437323817,2
2000,ST S,15,NM,13778,-1.147979007013718,2
2000,ST S,17,NM,13779,.0684312149660988,2
2000,ST S,23,NM,13780,-1.147979007013718,2
2000,ST S,26,NM,13781,1.284841437323817,2
2002,ATTY GENL,0,NM,13782,-.0596323980231094,4
2002,G,0,NM,13787,1.207079879327855,2
2002,JUSTICE,1,NM,13790,.3626050277451253,3
2002,LANDS,0,NM,13791,-1.259275268880393,3
2002,S,0,NM,13794,-1.225740565693022,2
2002,SEC STATE,0,NM,13795,-.0093303425612627,2
2002,ST H,11,NM,13796,1.279451009558407,2
2002,ST H,14,NM,13797,1.279451009558407,2
2002,ST H,15,NM,13798,.0630407870649973,2
2002,ST H,20,NM,13800,-1.153369434612702,2
2002,ST H,21,NM,13801,1.279451009558407,2
2002,ST H,22,NM,13802,-1.153369434612702,2
2002,ST H,23,NM,13803,.0630407870649973,2
2002,ST H,24,NM,13804,.0630407870649973,2
2002,ST H,27,NM,13805,-1.153369434612702,2
2002,ST H,28,NM,13806,1.279451009558407,2
2002,ST H,29,NM,13807,.0630407870649973,2
2002,ST H,31,NM,13809,1.279451009558407,2
2002,ST H,44,NM,13810,.0630407870649973,2
2002,ST H,60,NM,13811,1.279451009558407,2
2004,JUSTICE,1,NM,13821,1.177976876867018,3
2004,ST H,13,NM,13828,1.27406058104015,2
2004,ST H,14,NM,13829,1.27406058104015,2
2004,ST H,15,NM,13830,-1.158759863127459,2
2004,ST H,16,NM,13831,1.27406058104015,2
2004,ST H,23,NM,13832,-1.158759863127459,2
2004,ST H,26,NM,13833,.0576503593181762,2
2004,ST H,29,NM,13834,-1.158759863127459,2
2004,ST H,31,NM,13835,.0576503593181762,2
2004,ST H,60,NM,13836,1.27406058104015,2
2004,ST S,10,NM,13837,.057650359130613,2
2004,ST S,11,NM,13838,1.27406058104015,2
2004,ST S,12,NM,13839,.057650359130613,2
2004,ST S,14,NM,13840,1.27406058104015,2
2004,ST S,15,NM,13841,-1.158759863127459,2
2006,ATTY GENL,0,NM,13843,1.042619917014801,2
2006,AUDITOR,0,NM,13844,-1.250804438928975,4
2006,G,0,NM,13847,1.042619917014801,2
2006,H,1,NM,13848,.0522599311399135,2
2006,H,2,NM,13849,-1.164150291280421,2
2006,H,3,NM,13850,1.182408577520531,3
2006,LANDS,0,NM,13851,.2777525600774882,3
2006,S,0,NM,13856,1.042619917014801,2
2006,SEC STATE,0,NM,13857,.2777525597471528,3
2006,TREASURER,0,NM,13872,1.182016006586145,4
2008,H,3,NM,13876,1.250363554403777,2
2010,H,3,NM,13906,.04838122316591,2
2012,H,3,NM,13933,1.279219337544108,2
2014,ATTY GENL,0,NM,13939,1.157528897107472,2
2014,AUDITOR,0,NM,13940,1.344986864042448,2
2014,G,0,NM,13950,-1.275291547788441,2
2014,H,2,NM,13952,-1.087833580641167,2
2014,S,0,NM,13960,1.157528897107472,2
2014,SEC STATE,0,NM,13961,1.157528897107472,2
2014,TREASURER,0,NM,13982,.1285766413211482,2
2016,H,2,NM,13988,-1.081939887653717,2
2016,H,3,NM,13989,1.308075120154965,2
2018,ATTY GENL,0,NM,14021,1.188612416083201,2
2018,AUDITOR,0,NM,14022,1.356774248464028,2
2018,G,0,NM,14030,1.188612416083201,2
2018,H,2,NM,14032,.1403640263020303,2
2018,S,0,NM,14038,1.188612416083201,2
2018,SEC STATE,0,NM,14039,1.188612416083201,2
2018,ST H,22,NM,14043,.1060927899252593,2
2018,TREASURER,0,NM,14065,1.356774248464028,2
1962,S,0,NV,14099,-.8418600466418369,2
1974,ST S,1,NV,14130,.5138559413692168,2
1978,ST S,1,NV,14146,.560291196131754,2
1992,H,2,NV,14208,.2815636110747539,2
1992,S,0,NV,14209,1.497973834020621,2
1994,ATTY GENL,0,NV,14218,.3134217190424,2
1994,G,0,NV,14220,.3134217190424,2
1994,H,2,NV,14222,-.9029885031221937,2
1994,LT GOV,0,NV,14223,1.529831940359785,2
1994,SEC STATE,0,NV,14225,.3134217190424,2
1996,H,2,NV,14238,.3452798270316979,2
1998,ATTY GENL,0,NV,14249,.3771379349206571,2
1998,COMPTROLL,0,NV,14250,1.593548156368989,2
1998,H,2,NV,14253,-.8392722874428219,2
1998,LT GOV,0,NV,14255,.9039192469111674,2
1998,TREASURER,0,NV,14270,-.8392722874428219,2
2000,H,2,NV,14272,-.8074141794058711,2
2002,ATTY GENL,0,NV,14284,-.7755560715917587,2
2002,G,0,NV,14286,-.7755560715917587,2
2002,H,2,NV,14288,-.7755560715917587,2
2002,LT GOV,0,NV,14290,-.7755560715917587,2
2002,SEC STATE,0,NV,14291,-.7755560715917587,2
2004,H,2,NV,14304,-.7436979636674541,2
2004,S,0,NV,14306,1.689122480898337,2
2006,COMPTROLL,0,NV,14316,.5045703668196719,2
2006,TREASURER,0,NV,14334,1.72098058854075,2
2010,S,0,NV,14348,.8273933483461391,2
1950,ATTY GENL,0,NY,14454,-1.319084903438603,4
1950,COMPTROLL,0,NY,14455,-1.319084903438603,4
1950,G,0,NY,14456,-1.35684337549796,5
1950,LT GOV,0,NY,14462,-1.319084903438603,4
1950,S,0,NY,14463,-.6020406084987566,5
1952,S,0,NY,14469,-1.572519456985814,6
1954,ATTY GENL,0,NY,14470,-1.300742330294644,5
1954,COMPTROLL,0,NY,14471,-1.300742330294644,5
1954,G,0,NY,14472,-1.338801625677244,6
1956,S,0,NY,14509,-1.468362425420546,3
1958,ATTY GENL,0,NY,14510,-1.396986129973487,3
1958,COMPTROLL,0,NY,14511,-1.452899125386842,2
1958,G,0,NY,14512,-1.435319333886107,4
1958,H,18,NY,14524,-1.636248342066455,2
1958,S,0,NY,14534,-1.435319333886107,4
1962,ATTY GENL,0,NY,14563,-1.3668006169536,4
1962,COMPTROLL,0,NY,14564,-.6388838322107283,3
1962,G,0,NY,14565,-1.3668006169536,4
1962,S,0,NY,14575,-1.359113661884548,5
1964,S,0,NY,14601,-.5873864676938344,6
1966,ATTY GENL,0,NY,14603,-1.29836064209116,4
1966,COMPTROLL,0,NY,14604,.568188835215256,5
1966,G,0,NY,14605,-1.568081063599308,6
1966,H,29,NY,14632,-1.472204209467402,2
1968,H,12,NY,14654,-.4956464860825949,2
1968,H,17,NY,14659,-.4956464860825949,2
1968,H,29,NY,14671,-1.497601171363604,2
1968,H,35,NY,14673,1.089990417142533,2
1968,H,36,NY,14674,-1.557285564133195,2
1968,S,0,NY,14677,-1.394408928784288,5
1970,ATTY GENL,0,NY,14678,-1.555499681896887,3
1970,COMPTROLL,0,NY,14679,.8773207626054568,3
1970,G,0,NY,14680,-1.062064826889483,7
1970,S,0,NY,14711,-.934507550555518,17
1974,ATTY GENL,0,NY,14739,-.8202944727216613,4
1974,COMPTROLL,0,NY,14740,-.0020161766840906,5
1974,G,0,NY,14741,-.7250264856507593,11
1974,S,0,NY,14774,-.8744507555302869,8
1976,H,27,NY,14796,1.022505548010093,2
1976,H,33,NY,14800,-.7654541052118886,4
1976,S,0,NY,14805,-.0151296954840661,10
1978,ATTY GENL,0,NY,14806,-.9058028549830703,10
1978,COMPTROLL,0,NY,14807,-.0491795089335949,5
1978,G,0,NY,14808,.4562232966897624,14
1978,H,17,NY,14811,-.5714548526122275,2
1978,H,23,NY,14813,.8754346677110079,2
1978,H,24,NY,14814,-.3409755547913831,2
1978,H,33,NY,14817,-1.597830537277269,2
1980,S,0,NY,14844,-.8766541603437115,3
1982,ATTY GENL,0,NY,14845,.740321026946635,2
1982,COMPTROLL,0,NY,14846,-1.692499417125749,2
1982,G,0,NY,14847,-.0553159637442807,6
1982,S,0,NY,14859,.740321026946635,2
1986,ATTY GENL,0,NY,14869,.6441595527432388,5
1986,COMPTROLL,0,NY,14870,-1.788660890808475,5
1986,G,0,NY,14871,.6441595527432388,5
1986,H,6,NY,14873,.4891068961644645,2
1986,H,15,NY,14877,-1.943713549285846,2
1986,S,0,NY,14887,-1.302096802811559,5
1988,H,15,NY,14894,-1.935722468758381,2
1988,H,16,NY,14895,.4970979752648489,2
1988,H,19,NY,14897,.638403592011169,2
1988,S,0,NY,14910,.6648018017181174,6
1990,ATTY GENL,0,NY,14924,.7095576196781782,7
1990,COMPTROLL,0,NY,14925,-1.375717047266635,7
1990,G,0,NY,14926,.7095576196781782,7
1990,H,25,NY,14936,-1.623860928350637,3
1990,H,28,NY,14938,.6157730158758086,2
1990,H,29,NY,14939,-1.449090882835476,2
1992,H,2,NY,14945,.5130801349105248,2
1992,H,3,NY,14946,.5130801349105248,2
1992,H,4,NY,14947,-.7033300876378561,2
1992,H,5,NY,14948,-1.919740309748646,2
1992,H,23,NY,14955,-1.391577288668105,2
1992,H,24,NY,14956,-1.008552945353252,2
1992,H,27,NY,14959,.7781165247944022,2
1992,H,29,NY,14961,.7781165247944022,2
1992,S,0,NY,14964,.272885393404487,8
1994,ATTY GENL,0,NY,14965,.1616722554412141,7
1994,COMPTROLL,0,NY,14966,.856763811097587,7
1994,G,0,NY,14967,.5208971404346251,9
1994,H,1,NY,14968,.5210712145728716,2
1994,H,4,NY,14971,.5210712145728716,2
1994,H,5,NY,14972,.5210712145728716,2
1994,H,29,NY,14984,.7521558860590933,2
1994,S,0,NY,14987,.9122807819983327,6
1996,H,1,NY,14988,.5290622941505506,2
1996,H,2,NY,14989,-1.903758150749461,2
1996,H,4,NY,14991,.5290622941505506,2
1996,H,23,NY,14996,-1.222686935061172,2
1996,H,27,NY,15000,.7261952485730929,2
1996,H,29,NY,15002,.7261952485730929,2
1996,H,31,NY,15004,-1.706625197030448,2
1998,ATTY GENL,0,NY,15005,-1.04109178548921,10
1998,COMPTROLL,0,NY,15006,.9213053700476814,9
1998,G,0,NY,15007,-1.481132301668003,8
1998,H,4,NY,15011,.537053374191643,2
1998,H,27,NY,15022,-.5161756125554589,2
1998,H,29,NY,15024,.7002346102846163,2
1998,H,31,NY,15026,-1.732585835562072,2
1998,S,0,NY,15027,.1103652217438685,9
2000,H,1,NY,15028,-.6713657690393906,2
2000,H,2,NY,15029,.0616011162113623,3
2000,H,4,NY,15031,.5450444537791694,2
2000,H,23,NY,15037,-1.053796581224361,2
2000,H,27,NY,15040,-1.765047021758998,3
2000,H,29,NY,15042,.667773422502464,3
2000,H,31,NY,15044,-1.765047021758998,3
2000,S,0,NY,15045,-.1936339372641518,11
2000,ST S,56,NY,15069,-.5421362513234264,2
2000,ST S,59,NY,15072,-1.758546473312863,2
2000,ST S,60,NY,15073,-1.758546473312863,2
2002,ATTY GENL,0,NY,15074,.8452375296705786,11
2002,COMPTROLL,0,NY,15075,-.4817554391513568,11
2002,G,0,NY,15076,-1.432822911889523,12
2002,H,1,NY,15077,.5530355329744874,2
2002,H,4,NY,15080,.104531933658913,3
2002,H,25,NY,15086,-1.630616825586148,3
2002,H,26,NY,15087,-1.790177732271136,3
2002,H,28,NY,15089,.6426427131270125,3
2002,H,29,NY,15090,-1.790177732271136,3
2004,H,1,NY,15113,.5610266130499718,2
2004,H,4,NY,15116,.5610266130499718,2
2004,H,23,NY,15121,-1.260847230361904,2
2004,S,0,NY,15128,.8934366224068617,9
2006,ATTY GENL,0,NY,15151,-.1104128682142074,12
2006,COMPTROLL,0,NY,15152,-1.102404196739089,11
2006,G,0,NY,15153,.7585984262889349,10
2006,H,3,NY,15156,.569017692563427,2
2006,H,13,NY,15160,-.5795693562079791,2
2006,H,19,NY,15162,.7262221888293858,2
2006,H,20,NY,15163,-.7125451022427901,3
2006,H,23,NY,15165,-1.30289627764081,2
2006,H,25,NY,15167,-1.667614034719892,3
2006,H,26,NY,15168,-1.848460686135378,2
2006,H,28,NY,15170,.58435975818603,2
2006,H,29,NY,15171,.58435975818603,2
2006,S,0,NY,15173,.9096367863305322,15
2006,ST H,139,NY,15202,-.620018165816275,2
2006,ST S,62,NY,15224,-1.836428387965362,2
2008,H,26,NY,15233,.5704314177135263,2
2008,H,28,NY,15235,.5704314177135263,2
2008,H,29,NY,15236,-.645978803559723,2
2008,ST S,3,NY,15268,-.6394014500441336,2
2010,H,1,NY,15287,.5849998519413599,2
2010,H,28,NY,15298,.5444707801931494,2
2010,H,29,NY,15299,-1.88834966390244,2
2010,ST H,130,NY,15317,-.6789921754590948,2
2012,H,25,NY,15338,.4505770572768495,2
2012,H,27,NY,15340,.4747424021724054,3
2012,S,0,NY,15341,.4474981351160546,4
2012,ST S,60,NY,15367,-1.977680435628566,2
2012,ST S,62,NY,15369,-.6979000801026377,2
2014,H,1,NY,15370,-.8592575859945619,2
2014,H,11,NY,15374,-.97666661876647,3
2014,H,18,NY,15375,.1282158752249718,2
2014,H,19,NY,15376,-.8653210547017248,2
2014,H,21,NY,15378,.1072597923357913,2
2016,H,1,NY,15400,.4050476590341436,3
2016,H,3,NY,15402,.6089730906242228,2
2016,H,19,NY,15406,-.5947464124578352,3
2016,H,21,NY,15408,.1458488151609617,2
2016,S,0,NY,15414,.494654817799528,4
2016,ST S,5,NY,15427,.4291296999975642,2
2016,ST S,6,NY,15428,-.7872805222440423,2
2016,ST S,7,NY,15429,-.6074371314798059,2
2016,ST S,9,NY,15431,.6089730906242228,2
2018,H,1,NY,15440,.4479784767761739,3
2018,H,2,NY,15441,-.3629616713460548,3
2018,H,19,NY,15446,.2258644963197065,2
2018,H,22,NY,15448,.2258644963197065,2
2018,H,27,NY,15451,1.490274682969651,2
2018,S,0,NY,15452,.4799784536431073,3
2018,ST S,5,NY,15484,.6169641706726706,2
2018,ST S,8,NY,15487,.6169641706726706,2
2020,H,2,NY,15492,-.2930599508966604,2
2020,ST S,1,NY,15531,.5730838268324771,2
2020,ST S,3,NY,15533,.5730838268324771,2
2020,ST S,4,NY,15534,-.6433263953598191,2
2020,ST S,5,NY,15535,-.6433263953598191,2
2020,ST S,6,NY,15536,.5730838268324771,2
1950,ATTY GENL,0,OH,15698,-1.001119444317139,3
1950,G,0,OH,15699,.6207608518454718,3
1950,H,2,OH,15701,.238732590254065,2
1950,H,98,OH,15703,-.8861672120793369,2
1950,JUSTICE,0,OH,15704,1.546653232075746,2
1950,JUSTICE,11,OH,15705,-.8861672120793369,2
1950,JUSTICE,22,OH,15706,.3302430101181897,2
1950,LT GOV,0,OH,15707,.3302430101181897,2
1950,S,0,OH,15708,-1.001119444317139,3
1950,SEC STATE,0,OH,15709,-.1901792963507646,3
1950,TREASURER,0,OH,15710,-.1901792963507646,3
1952,ATTY GENL,0,OH,15711,-1.008193858523132,3
1952,AUDITOR,0,OH,15712,-1.008193858523132,3
1952,G,0,OH,15713,.6166606818816839,4
1952,H,1,OH,15714,-.9779560555403971,2
1952,H,2,OH,15715,.2384541666179676,2
1952,S,0,OH,15720,-1.008193858523132,3
1952,SEC STATE,0,OH,15721,-1.008193858523132,3
1952,TREASURER,0,OH,15722,-1.008193858523132,3
1954,ATTY GENL,0,OH,15723,-1.0152682717901,3
1954,G,0,OH,15724,1.417552172917609,3
1954,H,1,OH,15725,-.9782344792502358,2
1954,H,2,OH,15726,-.9782344792502358,2
1954,JUSTICE,11,OH,15728,.2996902402680457,2
1954,JUSTICE,55,OH,15729,-.9167199817047036,2
1954,JUSTICE,66,OH,15730,-.9167199817047036,2
1954,LT GOV,0,OH,15731,.2996902402680457,2
1954,S,0,OH,15732,-1.0152682717901,3
1954,SEC STATE,0,OH,15733,-1.0152682717901,3
1954,TREASURER,0,OH,15734,-1.0152682717901,3
1956,ATTY GENL,0,OH,15735,-.2114025376536489,3
1956,AUDITOR,0,OH,15736,-1.022342685882966,3
1956,G,0,OH,15737,-.7839295865484984,9
1956,H,1,OH,15738,-.9785129030426893,2
1956,H,2,OH,15739,-.9785129030426893,2
1956,JUSTICE,0,OH,15741,1.500824078430495,2
1956,JUSTICE,11,OH,15742,-.9319963664005363,2
1956,JUSTICE,22,OH,15743,-.9319963664005363,2
1956,LT GOV,0,OH,15744,.284413855645685,2
1956,S,0,OH,15745,.787106948620624,5
1956,SEC STATE,0,OH,15746,-1.022342685882966,3
1956,TREASURER,0,OH,15747,-1.022342685882966,3
1958,ATTY GENL,0,OH,15748,-1.029417099609458,3
1958,G,0,OH,15749,-.2356241735462919,9
1958,H,1,OH,15750,-.9787913266534322,2
1958,H,2,OH,15751,-.9787913266534322,2
1958,LT GOV,0,OH,15755,.2691374705394958,2
1958,S,0,OH,15756,-1.153059590528237,4
1958,SEC STATE,0,OH,15757,-1.029417099609458,3
1958,TREASURER,0,OH,15758,-1.029417099609458,3
1960,AUDITOR,0,OH,15759,-1.238345668627344,5
1960,H,1,OH,15760,-.9790697501219553,2
1960,H,2,OH,15761,-.9790697501219553,2
1960,H,3,OH,15762,-1.541126901108727,2
1960,JUSTICE,44,OH,15764,-.3347252916332306,2
1960,JUSTICE,55,OH,15765,.8816849305697393,2
1960,JUSTICE,66,OH,15766,-1.411196280484891,3
1962,ATTY GENL,0,OH,15768,-1.140461775352109,6
1962,AUDITOR,0,OH,15769,-1.140461775352109,6
1962,G,0,OH,15771,-.7895952916252077,10
1962,H,1,OH,15772,-.9793481738750762,2
1962,H,2,OH,15773,-.9793481738750762,2
1962,H,3,OH,15774,-.3127174963866137,2
1962,H,98,OH,15776,-1.253476620128177,4
1962,JUSTICE,0,OH,15777,1.179343824013572,4
1962,JUSTICE,11,OH,15778,-1.253476620128177,4
1962,JUSTICE,22,OH,15779,-.4877273574049348,3
1962,LT GOV,0,OH,15780,-.5157255085308234,4
1962,S,0,OH,15781,1.370670008711328,4
1962,SEC STATE,0,OH,15782,-1.140461775352109,6
1962,TREASURER,0,OH,15783,-.2565308779296998,8
1964,H,1,OH,15784,-.9796265975031893,2
1964,H,2,OH,15785,-.9796265975031893,2
1964,H,98,OH,15790,-.4943834426756895,3
1964,JUSTICE,33,OH,15791,1.127496854233396,3
1964,JUSTICE,44,OH,15792,-1.305323590629207,3
1964,JUSTICE,55,OH,15793,-.4943834426756895,3
1964,JUSTICE,66,OH,15794,.3165567053975686,3
1964,S,0,OH,15795,-1.270421995535732,4
1966,ATTY GENL,0,OH,15796,-1.200898641791717,6
1966,AUDITOR,0,OH,15797,-.5019263345333258,4
1966,G,0,OH,15798,-1.105070895896375,6
1966,H,1,OH,15799,-.9799050212103182,2
1966,H,2,OH,15800,-.9799050212103182,2
1966,JUSTICE,55,OH,15805,-1.037762500308986,3
1966,JUSTICE,66,OH,15806,-1.037762500308986,3
1966,LT GOV,0,OH,15807,-1.008378290764833,2
1966,SEC STATE,0,OH,15808,-1.067418795660799,4
1966,TREASURER,0,OH,15821,-1.067418795660799,4
1968,H,1,OH,15822,-.9801834447514999,2
1968,H,2,OH,15823,-.9801834447514999,2
1968,H,3,OH,15824,-1.493130171900154,2
1968,H,4,OH,15825,-1.493130171900154,2
1968,H,6,OH,15826,-.9801834447514999,2
1968,H,7,OH,15827,-.4500673807154694,3
1968,H,17,OH,15830,-1.177420966068753,2
1968,H,24,OH,15832,-1.266523026665376,3
1968,JUSTICE,0,OH,15833,-1.158528875983625,6
1968,JUSTICE,11,OH,15834,-1.269187149859757,4
1968,JUSTICE,22,OH,15835,-1.158528875983625,6
1968,S,0,OH,15836,-.8093444235249238,7
1968,ST H,84,OH,15846,-1.493130171900154,2
1968,ST H,85,OH,15847,-.276719949464214,2
1968,ST H,86,OH,15848,-.2767199494642131,2
1968,ST H,87,OH,15849,.9396902724828929,2
1968,ST H,88,OH,15850,.9396902724828929,2
1968,ST S,6,OH,15851,-1.493130171900154,2
1970,ATTY GENL,0,OH,15853,.5919631322437514,4
1970,AUDITOR,0,OH,15854,-1.000195565540173,9
1970,G,0,OH,15855,.9366469994590628,8
1970,H,1,OH,15856,-.9804618683757649,2
1970,H,2,OH,15857,.2359483538358366,2
1970,H,3,OH,15858,-1.481130989379983,2
1970,H,4,OH,15859,-1.481130989379983,2
1970,H,7,OH,15861,-.2647207674413411,2
1970,H,17,OH,15867,-1.199909362236129,2
1970,H,24,OH,15868,-.4508788819051436,3
1970,JUSTICE,0,OH,15869,-1.280256813328015,4
1970,JUSTICE,33,OH,15870,-.5143516976924754,3
1970,JUSTICE,44,OH,15871,-1.074337945323847,3
1970,LT GOV,0,OH,15872,-.7504910739498027,5
1970,S,0,OH,15873,.0243393326748356,8
1970,SEC STATE,0,OH,15874,-.8150306659613965,6
1970,ST H,84,OH,15884,-1.481130989379983,2
1970,ST H,85,OH,15885,-1.481130989379983,2
1970,ST H,86,OH,15886,-.2647207674413411,2
1970,ST H,87,OH,15887,-.2647207674413411,2
1970,ST H,88,OH,15888,.9516894551303217,2
1970,TREASURER,0,OH,15893,.4013795564100149,6
1972,H,1,OH,15894,-.980740292255194,2
1972,H,3,OH,15896,-1.469131807257788,2
1972,H,7,OH,15898,-1.469131807257788,2
1972,H,8,OH,15899,1.07726620746583,3
1972,JUSTICE,11,OH,15905,-.5210077827558643,3
1972,JUSTICE,55,OH,15906,-1.331947930924618,3
1972,JUSTICE,66,OH,15907,-.5210077828671885,3
1972,ST H,34,OH,15913,.9636886386078179,2
1972,ST H,35,OH,15914,-.2527215847811047,2
1972,ST H,36,OH,15915,.9636886386078179,2
1972,ST H,37,OH,15916,.9636886386078179,2
1972,ST H,38,OH,15917,-1.469131807257788,2
1972,ST H,67,OH,15920,.9636886386078179,2
1972,ST S,6,OH,15921,-.2527215847811047,2
1974,ATTY GENL,0,OH,15924,-.1109979979269188,7
1974,AUDITOR,0,OH,15925,-1.153635331262544,7
1974,G,0,OH,15926,.9083207182808903,7
1974,H,1,OH,15927,-.2160955185780741,3
1974,H,3,OH,15929,-1.457132624717485,2
1974,H,7,OH,15931,-.2407224025412128,2
1974,H,8,OH,15932,-.2407224025412128,2
1974,JUSTICE,0,OH,15939,-1.092540257895316,4
1974,JUSTICE,11,OH,15940,-.2762729064137351,5
1974,JUSTICE,22,OH,15941,-1.249401084008656,5
1974,LT GOV,0,OH,15942,.3071712186884474,5
1974,S,0,OH,15943,1.205141279536265,6
1974,SEC STATE,0,OH,15944,-.4585437756202414,7
1974,ST H,34,OH,15953,.9756878195831249,2
1974,ST H,36,OH,15955,.9756878195831249,2
1974,ST H,37,OH,15956,.9756878195831249,2
1974,ST H,38,OH,15957,-1.457132624717485,2
1974,ST H,67,OH,15960,.9756878195831249,2
1974,ST S,5,OH,15961,-1.457132624717485,2
1974,TREASURER,0,OH,15964,1.279185112990205,7
1976,H,3,OH,15967,-1.445133442325831,2
1976,H,6,OH,15969,.1066701818656129,2
1976,H,7,OH,15970,-1.445133442325831,2
1976,H,8,OH,15971,-1.333335641627193,3
1976,JUSTICE,33,OH,15977,-1.402311025171249,3
1976,S,0,OH,15979,-.1127580562084225,4
1976,ST H,37,OH,15989,.9876870022415855,2
1976,ST H,38,OH,15990,-.2287232203244128,2
1976,ST H,67,OH,15993,.9876870022415855,2
1976,ST S,6,OH,15994,.9876870022415855,2
1978,ATTY GENL,0,OH,15996,1.19946999849948,5
1978,AUDITOR,0,OH,15997,-.2602222684654536,5
1978,G,0,OH,15998,-.2345089899366119,8
1978,H,1,OH,15999,-.9815755630593375,2
1978,H,2,OH,16000,.234834659242125,2
1978,H,3,OH,16001,-.2167240376669728,2
1978,H,8,OH,16004,-.432062896553372,3
1978,JUSTICE,0,OH,16010,-1.100036599822193,2
1978,JUSTICE,55,OH,16011,-1.100036599822193,2
1978,JUSTICE,66,OH,16012,-1.266585429899732,4
1978,LT GOV,0,OH,16013,.3788772511497868,3
1978,SEC STATE,0,OH,16014,.2263418207135518,5
1978,ST H,34,OH,16023,.9996861844952342,2
1978,ST H,35,OH,16024,-.2167240376669728,2
1978,ST H,36,OH,16025,.9996861844952342,2
1978,ST H,37,OH,16026,-.2167240376669728,2
1978,ST H,38,OH,16027,-1.433134259713431,2
1978,ST H,67,OH,16029,-.2167240376669728,2
1978,ST S,5,OH,16030,-.2167240376669728,2
1978,TREASURER,0,OH,16033,1.19946999849948,5
1980,H,1,OH,16034,-.9818539867089555,2
1980,H,2,OH,16035,1.450966458095258,2
1980,H,3,OH,16036,-.2047248552241478,2
1980,H,7,OH,16039,-1.4211350776462,2
1980,H,8,OH,16040,-.934903150305391,2
1980,JUSTICE,0,OH,16046,-.0518138091674907,4
1980,JUSTICE,11,OH,16047,-1.115312984911797,2
1980,JUSTICE,22,OH,16048,-1.115312984911797,2
1980,S,0,OH,16049,1.200025023221098,5
1980,ST H,34,OH,16058,1.011685367126043,2
1980,ST H,35,OH,16059,-1.4211350776462,2
1980,ST H,36,OH,16060,-.2047248552241478,2
1980,ST H,37,OH,16061,-.2047248552241478,2
1980,ST H,38,OH,16062,-1.4211350776462,2
1980,ST H,63,OH,16063,1.011685367126043,2
1980,ST H,67,OH,16065,1.011685367126043,2
1980,ST S,6,OH,16066,1.011685367126043,2
1982,ATTY GENL,0,OH,16069,.7140159585505542,5
1982,AUDITOR,0,OH,16070,-1.081673913311382,4
1982,G,0,OH,16071,.4282652107789053,6
1982,H,1,OH,16072,1.450688034725703,2
1982,H,2,OH,16073,-.9821324104083747,2
1982,H,6,OH,16075,-.4226549040024483,3
1982,H,7,OH,16076,-.1927256727767725,2
1982,JUSTICE,33,OH,16078,-1.215987811809211,5
1982,JUSTICE,44,OH,16079,1.302231075040382,2
1982,JUSTICE,66,OH,16080,-1.26986263272199,4
1982,S,0,OH,16082,-.7456763079240233,5
1982,SEC STATE,0,OH,16083,-1.081673913311382,4
1982,ST H,36,OH,16092,1.023684548966371,2
1982,ST H,37,OH,16093,1.023684548966371,2
1982,ST H,38,OH,16094,-1.409135895346423,2
1982,ST H,39,OH,16095,-1.409135895346423,2
1982,ST H,40,OH,16096,-.1927256727767725,2
1982,ST H,65,OH,16097,-1.409135895346423,2
1982,ST S,5,OH,16099,-.1927256727767725,2
1982,TREASURER,0,OH,16102,-1.232240397246998,5
1984,H,2,OH,16104,-.9824108339259686,2
1984,H,6,OH,16107,-1.228891055586413,3
1984,H,7,OH,16108,-1.135406474965645,3
1984,H,8,OH,16109,-.9313756755926116,2
1984,JUSTICE,55,OH,16115,-.9678925032541902,3
1984,JUSTICE,66,OH,16116,-.9678925032541902,3
1984,ST H,36,OH,16125,-.1807264903440306,2
1984,ST H,37,OH,16126,1.03568373199888,2
1984,ST H,38,OH,16127,-1.397136712598183,2
1984,ST H,39,OH,16128,1.03568373199888,2
1984,ST H,40,OH,16129,-.1807264903440306,2
1984,ST H,68,OH,16131,-.1807264903440306,2
1984,ST S,6,OH,16132,-1.397136712598183,2
1984,ST S,10,OH,16134,-.1807264903440306,2
1986,ATTY GENL,0,OH,16135,.5249368396043979,4
1986,AUDITOR,0,OH,16136,-1.299678494138766,4
1986,G,0,OH,16137,-.0832682725390306,4
1986,H,2,OH,16139,-.9826892576880647,2
1986,H,6,OH,16141,-1.357811709935109,2
1986,JUSTICE,0,OH,16148,-1.378540526760569,3
1986,JUSTICE,11,OH,16149,-1.161142139444678,2
1986,JUSTICE,22,OH,16150,-1.378540526760569,3
1986,S,0,OH,16152,1.133141949617214,4
1986,SEC STATE,0,OH,16153,-.0832682725390306,4
1986,TREASURER,0,OH,16171,1.133141949617214,4
1988,H,1,OH,16172,.2334425409793827,2
1988,H,2,OH,16173,-.9829676813309045,2
1988,H,6,OH,16175,-1.172727505651757,2
1988,JUSTICE,33,OH,16183,-1.176418524065554,2
1988,JUSTICE,44,OH,16184,-.4510997072109594,3
1988,S,0,OH,16185,.0064396133131569,4
1990,ATTY GENL,0,OH,16202,-.6118275160507083,4
1990,AUDITOR,0,OH,16203,-1.142607719339653,3
1990,G,0,OH,16204,-1.220032627354019,4
1990,H,1,OH,16205,-.9832461050810076,2
1990,H,2,OH,16206,-.9832461050810076,2
1990,H,6,OH,16207,-1.18718310920899,2
1990,H,8,OH,16209,.0292271131788497,2
1990,JUSTICE,55,OH,16215,-1.456819149242961,2
1990,JUSTICE,66,OH,16216,-1.456819149242961,2
1990,SEC STATE,0,OH,16218,-1.142607719339653,3
1990,TREASURER,0,OH,16235,1.290212726078776,3
1992,H,1,OH,16236,1.449295915904061,2
1992,H,2,OH,16237,-.9835245285664775,2
1992,JUSTICE,0,OH,16242,1.225849150877893,2
1992,JUSTICE,11,OH,16243,-1.206971293792381,2
1992,JUSTICE,22,OH,16244,-1.206971293792381,2
1992,S,0,OH,16245,1.283138311271914,3
1994,ATTY GENL,0,OH,16255,1.093222099874225,3
1994,AUDITOR,0,OH,16256,-.6319515521775659,4
1994,G,0,OH,16257,-1.339598344200273,3
1994,H,2,OH,16259,-1.258065648097656,2
1994,JUSTICE,33,OH,16265,-1.339598344200273,3
1994,JUSTICE,44,OH,16266,1.093222099874225,3
1994,S,0,OH,16267,-1.339598344200273,3
1994,SEC STATE,0,OH,16268,-1.264219010373127,2
1994,TREASURER,0,OH,16277,-1.339598344200273,3
1996,H,1,OH,16278,-.9840813759139369,2
1996,H,2,OH,16279,-.9840813759139369,2
1996,H,6,OH,16281,1.273638911960576,3
1996,H,8,OH,16283,-1.159181531830853,3
1996,JUSTICE,55,OH,16284,-1.159181531830853,3
1996,JUSTICE,66,OH,16285,.4626987645567764,3
1998,ATTY GENL,0,OH,16295,-.6520755887219174,4
1998,AUDITOR,0,OH,16296,-1.260280699789642,4
1998,G,0,OH,16297,-.6520755887219174,4
1998,H,1,OH,16298,-.984359799446801,2
1998,H,2,OH,16299,-1.165708757800683,3
1998,H,6,OH,16301,.4561715382234415,3
1998,JUSTICE,11,OH,16307,.564334633702414,4
1998,JUSTICE,22,OH,16308,-.6520755885811726,4
1998,S,0,OH,16309,-1.260280699789642,4
1998,SEC STATE,0,OH,16310,-1.260280699789642,4
1998,TREASURER,0,OH,16321,-.043870477411905,4
2000,H,1,OH,16322,-.9846382231738137,2
2000,H,2,OH,16323,-1.172235984344537,3
2000,H,6,OH,16325,1.173359317515449,2
2000,H,8,OH,16327,-1.259461126881983,2
2000,JUSTICE,33,OH,16331,-1.270342717778506,4
2000,JUSTICE,44,OH,16332,-.0539324956872101,4
2000,S,0,OH,16333,-1.270342717778506,4
2002,ATTY GENL,0,OH,16343,-.672199625031366,4
2002,AUDITOR,0,OH,16344,-.6721996249429919,4
2002,G,0,OH,16345,-1.280404736165486,4
2002,H,1,OH,16346,-.9849166469133245,2
2002,H,2,OH,16347,-1.178763210378072,3
2002,H,3,OH,16348,-1.273916730285376,2
2002,H,8,OH,16350,-1.273916730285376,2
2002,JUSTICE,55,OH,16355,.135513534846431,5
2002,JUSTICE,66,OH,16356,-.8376146429727273,5
2002,SEC STATE,0,OH,16358,-1.280404736165486,4
2002,TREASURER,0,OH,16377,.5442105976638257,4
2004,H,1,OH,16378,-.9851950705238358,2
2004,H,2,OH,16379,-.9851950705238358,2
2004,H,16,OH,16388,-1.415670765424976,2
2004,S,0,OH,16391,-1.277442568321429,5
2006,ATTY GENL,0,OH,16397,-1.36704580483816,4
2006,AUDITOR,0,OH,16398,-.4769522578643642,3
2006,G,0,OH,16399,.6586602892687887,5
2006,H,1,OH,16400,.2309367280828433,2
2006,H,2,OH,16401,.2309367280634707,2
2006,H,16,OH,16407,-1.431263672318868,2
2006,JUSTICE,2,OH,16411,.1797864588963685,3
2006,S,0,OH,16412,-1.287596066620307,5
2006,SEC STATE,0,OH,16413,1.06577464010147,4
2006,TREASURER,0,OH,16421,1.06577464010147,4
2008,ATTY GENL,0,OH,16422,.9896097436258045,4
2008,H,2,OH,16424,-.1008733188545102,2
2008,H,3,OH,16425,-1.317283540754832,2
2008,H,8,OH,16427,-1.317283540754832,2
2008,H,13,OH,16430,.863682583882352,2
2008,H,14,OH,16431,-1.569137860709528,2
2008,H,17,OH,16433,.863682583882352,2
2008,ST H,41,OH,16451,-1.569137860709528,2
2008,ST H,42,OH,16452,.863682583882352,2
2008,ST H,69,OH,16462,-1.569137860709528,2
2008,ST S,28,OH,16469,.863682583882352,2
2010,ATTY GENL,0,OH,16470,1.030875583992432,3
2010,AUDITOR,0,OH,16471,.8403644659659396,2
2010,G,0,OH,16472,-.3426613852950106,4
2010,H,13,OH,16478,.8403644659659396,2
2010,H,14,OH,16479,-1.592455978930723,2
2010,S,0,OH,16483,-.5910047126599701,3
2010,SEC STATE,0,OH,16484,-1.401944860931849,3
2010,ST H,41,OH,16493,-.376045756164663,2
2010,ST H,42,OH,16494,.8403644659659396,2
2010,ST H,43,OH,16495,-.376045756164663,2
2010,ST H,44,OH,16496,.8403644659659396,2
2010,ST H,45,OH,16497,-.3760457561646645,2
2010,ST H,68,OH,16508,.8403644659659396,2
2010,ST H,69,OH,16509,-1.592455978930723,2
2010,ST S,27,OH,16515,-.3760457561646645,2
2010,TREASURER,0,OH,16517,-.376045756164663,2
2012,H,9,OH,16522,.9561403169625884,2
2012,H,14,OH,16525,-1.615774095964554,2
2012,H,16,OH,16526,.8170463485993249,2
2012,S,0,OH,16527,1.014612808795669,4
2012,ST H,34,OH,16537,.8170463485993249,2
2012,ST H,36,OH,16539,-.3993638739654139,2
2012,ST H,37,OH,16540,.8170463485993249,2
2012,ST H,38,OH,16541,.8170463485993249,2
2012,ST H,69,OH,16549,-1.615774095964554,2
2012,ST H,75,OH,16551,.8170463485993249,2
2012,ST S,28,OH,16559,.8170463485993249,2
2014,ATTY GENL,0,OH,16561,.0113314798970662,4
2014,AUDITOR,0,OH,16562,-1.142533965424664,3
2014,G,0,OH,16563,-1.249114661482852,4
2014,SEC STATE,0,OH,16570,-1.205078742537516,4
2014,ST H,36,OH,16584,-1.639092213624857,2
2014,TREASURER,0,OH,16599,1.051908402679114,3
2016,S,0,OH,16605,-1.286380717990588,5
2018,ATTY GENL,0,OH,16626,.8566039705712077,3
2018,AUDITOR,0,OH,16627,.0456638223749553,3
2018,G,0,OH,16628,.8566039705712077,3
2018,H,14,OH,16631,-.4693182267446139,2
2018,S,0,OH,16633,.8566039705712077,3
2018,SEC STATE,0,OH,16634,.8566039705712077,3
2018,ST H,37,OH,16636,.7470919963421476,2
2018,TREASURER,0,OH,16640,-1.576216473692018,3
1962,G,0,OK,16689,.0319740429931339,3
1962,S,0,OK,16690,.3893284584247443,2
1974,G,0,OK,16705,1.880898414900835,3
1974,S,0,OK,16706,-.5519220294725636,3
1992,H,1,OK,16771,1.053885257318521,2
1992,S,0,OK,16774,1.053885257318521,2
1996,CORP C,0,OK,16788,-.0677038110503261,2
1996,H,2,OK,16790,-.0677038110503261,2
1996,H,3,OK,16791,1.14870641117586,2
1996,S,0,OK,16795,1.14870641117586,2
1998,AUDITOR,0,OK,16796,1.196116987800681,2
1998,CORP C,0,OK,16797,-.0202932346456661,2
1998,G,0,OK,16798,-.0202932346456661,2
1998,H,1,OK,16799,1.196116987800681,2
1998,INSURANCE,0,OK,16805,2.412527210536433,2
1998,LABOR,0,OK,16806,-.0202932346456661,2
1998,LT GOV,0,OK,16807,-.0202932346456661,2
1998,S,0,OK,16808,-.0202932346456661,2
2002,AUDITOR,0,OK,16832,1.290938141404676,2
2002,CORP C,0,OK,16833,.0745279193889906,2
2002,G,0,OK,16834,.0745279193889906,2
2002,H,1,OK,16835,.0745279193889906,2
2002,H,2,OK,16836,2.507348363142416,2
2002,LT GOV,0,OK,16840,.0745279193889906,2
2002,S,0,OK,16841,1.290938141404676,2
2004,H,2,OK,16843,2.554758940263269,2
2004,H,3,OK,16844,.1219384962464697,2
2006,ATTY GENL,0,OK,16854,2.602169516602393,2
2006,H,1,OK,16858,.1693490730575168,2
2006,H,2,OK,16859,2.602169516602393,2
2006,H,3,OK,16860,.1693490730575168,2
2006,INSURANCE,0,OK,16863,2.602169516602393,2
2006,LT GOV,0,OK,16865,1.385759295307157,2
2006,TREASURER,0,OK,16866,2.602169516602393,2
2010,G,0,OK,16874,1.694342514229967,2
2010,H,5,OK,16878,1.288872439943216,3
1950,G,0,OR,16915,.1401562049675964,2
1950,LABOR,0,OR,16919,.1401562049675964,2
1950,S,0,OR,16920,.1401562049675964,2
1952,ATTY GENL,0,OR,16921,1.836355333873992,4
1952,H,1,OR,16922,.0432922403706239,2
1952,SEC STATE,0,OR,16925,1.228150222495327,4
1952,TREASURER,0,OR,16926,.4704440599274587,5
1954,G,0,OR,16927,-.0299503086785333,4
1954,H,1,OR,16928,-.0013172824918505,2
1954,LABOR,0,OR,16931,-.0299503086785333,4
1954,S,0,OR,16932,-.0299503086785333,4
1956,ATTY GENL,0,OR,16933,1.611644658751304,3
1956,G,0,OR,16934,-.071640618001156,4
1956,H,1,OR,16935,-.0459268052405859,2
1956,S,0,OR,16939,-.071640618001156,4
1956,SEC STATE,0,OR,16940,-.071640618001156,4
1956,TREASURER,0,OR,16941,-.071640618001156,4
1958,G,0,OR,16942,-.1636411678665311,3
1958,LABOR,0,OR,16946,2.269179275779854,3
1960,ATTY GENL,0,OR,16948,-.1550212359039534,4
1960,H,1,OR,16949,-.1351458506568861,2
1960,H,4,OR,16951,-.2115412184740933,2
1960,S,0,OR,16952,1.061388986530535,4
1960,SEC STATE,0,OR,16953,.3269118778015177,5
1960,TREASURER,0,OR,16954,-.1550212359039534,4
1964,SEC STATE,0,OR,16964,-.2400235460554428,2
1968,SEC STATE,0,OR,16980,-.275278919007931,2
1990,G,0,OR,17084,.7046747800378278,2
1990,S,0,OR,17091,-1.728145663493366,2
1992,ATTY GENL,0,OR,17096,.7016689864038925,2
1992,H,5,OR,17101,.7016689864038925,2
1992,S,0,OR,17102,-.5147412359270954,2
1992,SEC STATE,0,OR,17103,.7016689864038925,2
1992,TREASURER,0,OR,17108,.7016689864038925,2
1996,ATTY GENL,0,OR,17115,.9233735706760128,2
1996,H,4,OR,17119,.9233735706760128,2
1996,S,0,OR,17121,-.2930366514869496,2
1996,SEC STATE,0,OR,17122,.9233735706760128,2
1996,TREASURER,0,OR,17127,1.231724949721321,3
1998,G,0,OR,17130,.8750720781510148,2
1998,H,4,OR,17134,.8750720781510148,2
1998,S,0,OR,17136,.8750720781510148,2
2000,ATTY GENL,0,OR,17141,.8267705858389912,2
2000,H,4,OR,17145,.8267705858389912,2
2000,SEC STATE,0,OR,17147,.8267705858389912,2
2000,TREASURER,0,OR,17149,-.3896396365367304,2
2002,G,0,OR,17151,.6916158893869108,3
2002,H,4,OR,17155,.7784690931977063,2
2002,S,0,OR,17157,-1.741204554987078,3
2004,ATTY GENL,0,OR,17158,.6836342203990744,2
2004,H,1,OR,17159,-1.749186223772483,2
2004,H,5,OR,17163,.6836342203990744,2
2004,TREASURER,0,OR,17166,.6836342203990744,2
2006,G,0,OR,17167,-.1930016939801582,4
2006,H,2,OR,17169,-.9580379298958014,2
2006,H,4,OR,17171,.6818661083678048,2
2006,H,5,OR,17172,.6806284259320416,2
2016,ST H,21,OR,17227,-.5133949135424598,2
1950,LT GOV,0,PA,17271,-.3426088618428037,2
1950,S,0,PA,17272,-.6415064631555625,3
1950,ST H,1,PA,17273,-.3426088618428037,2
1950,ST H,2,PA,17274,-.3426088618428037,2
1950,ST H,3,PA,17275,-.3426088618428037,2
1950,ST H,4,PA,17276,-.3426088618428037,2
1950,ST H,5,PA,17277,-.3426088618428037,2
1950,ST H,6,PA,17278,-.3426088618428037,2
1952,S,0,PA,17291,-.1934622070552378,2
1954,G,0,PA,17293,-1.420584482494972,2
1956,H,10,PA,17306,-.3165342789487818,2
1956,S,0,PA,17307,-.6542390429582152,3
1956,ST H,1,PA,17308,-.3165342789487818,2
1956,ST H,2,PA,17309,-.3165342789487818,2
1956,ST H,3,PA,17310,-.3165342789487818,2
1956,ST H,4,PA,17311,-.3165342789487818,2
1956,ST H,5,PA,17312,-.3165342789487818,2
1958,S,0,PA,17317,-.2255983673319814,2
1960,AUDITOR,0,PA,17323,-1.381194123822207,4
1960,H,10,PA,17324,-.4041588664820341,3
1960,H,27,PA,17325,-1.856245233302951,2
1960,H,28,PA,17326,.5765752114768983,2
1960,H,29,PA,17327,-1.856245233302951,2
1960,H,30,PA,17328,.5765752114768983,2
1960,TREASURER,0,PA,17334,-1.381194123822207,4
1962,G,0,PA,17335,-.7050866871023235,6
1962,H,10,PA,17336,-1.008443366335168,2
1962,H,14,PA,17337,.6042410881972413,2
1962,H,18,PA,17339,-1.828579356576773,2
1962,H,20,PA,17340,.6042410881972413,2
1962,H,27,PA,17342,-1.828579356576773,2
1962,S,0,PA,17344,-.5189765446717209,3
1962,ST H,1,PA,17346,-1.008443366335168,2
1962,ST H,2,PA,17347,-.202101139287531,4
1962,ST H,3,PA,17348,-.5189765446717209,3
1962,ST H,4,PA,17349,-.8824482446477857,4
1962,ST H,5,PA,17350,-1.329916692492446,3
1962,ST H,11,PA,17353,.6042410881972413,2
1962,ST S,40,PA,17360,-1.828579356576773,2
1964,AUDITOR,0,PA,17362,.6319069656972341,2
1964,S,0,PA,17368,-1.163892683796883,5
1964,ST H,1,PA,17369,-.795960198958109,3
1964,ST H,4,PA,17372,-1.70000178296285,3
1964,ST H,5,PA,17373,-.5845032570510219,2
1964,ST H,6,PA,17374,.6319069656972341,2
1964,ST H,14,PA,17376,-.7241554120986781,2
1964,ST S,37,PA,17378,-1.800913479516739,2
1964,ST S,43,PA,17379,.6319069656972341,2
1964,ST S,45,PA,17380,.6319069656972341,2
1964,TREASURER,0,PA,17381,-1.800913479516739,2
1966,G,0,PA,17382,-1.212064641981212,11
1966,H,10,PA,17383,-.8955945002261859,2
1966,H,20,PA,17385,-.6918577001186114,2
1968,AUDITOR,0,PA,17390,-.0759656740452488,4
1968,H,14,PA,17392,.6872387194982351,2
1968,H,18,PA,17393,-1.745581725557181,2
1968,H,20,PA,17394,.6872387194982351,2
1968,H,27,PA,17395,-.5291715030238654,2
1968,S,0,PA,17396,-.6841707854183428,4
1968,ST H,17,PA,17397,.6872387194982351,2
1968,ST H,19,PA,17398,.6872387194982351,2
1968,ST H,23,PA,17400,.6872387194982351,2
1968,ST H,29,PA,17403,-1.745581725557181,2
1968,ST H,30,PA,17404,-1.745581725557181,2
1968,ST H,32,PA,17405,-1.745581725557181,2
1968,ST H,33,PA,17406,.6872387194982351,2
1968,ST H,34,PA,17407,.6872387194982351,2
1968,ST H,41,PA,17409,-1.745581725557181,2
1968,ST H,43,PA,17411,-1.745581725557181,2
1968,ST H,112,PA,17415,-.8391700678011176,2
1968,ST H,113,PA,17416,-.8391700678011176,2
1968,ST H,114,PA,17417,-.8391700678011176,2
1968,TREASURER,0,PA,17424,-.6841707852317478,4
1970,G,0,PA,17425,-.7744670665209767,6
1970,S,0,PA,17432,-1.39505220051242,5
1970,ST S,22,PA,17457,-.7827456346290269,2
1970,ST S,44,PA,17460,-.6272622778734736,2
1972,AUDITOR,0,PA,17461,-.0186657059599378,4
1972,H,10,PA,17465,-1.942731424328502,2
1972,H,14,PA,17468,.7425704729016191,2
1972,H,20,PA,17470,.7425704729016191,2
1972,ST H,19,PA,17475,.7425704729016191,2
1972,ST H,23,PA,17477,.7425704729016191,2
1972,ST H,30,PA,17482,-1.6902499714436,2
1972,ST H,33,PA,17483,.7425704729016191,2
1972,ST H,34,PA,17484,.7425704729016191,2
1972,ST H,37,PA,17485,-1.6902499714436,2
1972,ST H,112,PA,17490,-.7263212014626563,2
1972,ST H,113,PA,17491,-.7263212014626563,2
1972,ST H,114,PA,17492,-.7263212014626563,2
1972,ST H,115,PA,17493,-.7263212014626563,2
1972,TREASURER,0,PA,17495,-.3127860385073055,3
1974,G,0,PA,17496,-.060896884563735,4
1974,S,0,PA,17508,-1.885512218897457,4
1974,ST H,40,PA,17515,-.5626668547812125,2
1976,AUDITOR,0,PA,17527,-1.225517204968532,5
1976,H,8,PA,17534,-.4143946946856158,2
1976,H,10,PA,17535,-1.315745446016344,2
1976,H,18,PA,17538,.7979022258263909,2
1976,H,23,PA,17542,.7979022258263909,2
1976,H,25,PA,17543,-1.634918217243452,2
1976,S,0,PA,17544,-.7565541691540441,6
1976,ST H,28,PA,17550,-1.634918217243452,2
1976,ST H,34,PA,17553,.7979022258263909,2
1976,ST H,40,PA,17555,-1.634918217243452,2
1976,ST H,43,PA,17557,-.5303691436473196,2
1976,ST H,113,PA,17560,-1.829882558115594,2
1976,ST H,118,PA,17563,-.3359533728406852,3
1976,TREASURER,0,PA,17567,-1.225517205070618,5
1978,G,0,PA,17568,-1.72060325288547,6
1978,H,2,PA,17570,.6517211507431565,2
1978,H,4,PA,17572,-1.781099293947006,2
1978,H,10,PA,17576,-1.773458125532582,2
1978,ST H,42,PA,17607,-.4980714324926462,2
1978,ST H,113,PA,17612,.6593623186609969,2
1978,ST H,114,PA,17613,-1.773458125532582,2
1978,ST H,115,PA,17614,.6593623186609969,2
1978,ST S,22,PA,17616,.6593623186609969,2
1980,ATTY GENL,0,PA,17620,-1.656855299636455,5
1980,AUDITOR,0,PA,17621,-1.170291210573079,5
1980,H,1,PA,17622,-1.810379298684786,2
1980,H,2,PA,17623,.6224411450581756,2
1980,H,4,PA,17625,-1.810379298684786,2
1980,H,10,PA,17629,-1.717033692643512,2
1980,S,0,PA,17633,-.6837271219006997,5
1980,ST H,112,PA,17637,.7157867521361565,2
1980,ST H,113,PA,17638,.7157867521361565,2
1980,ST H,114,PA,17639,-.5006234701553524,2
1980,TREASURER,0,PA,17642,-1.170291210435005,5
1982,G,0,PA,17643,-1.629242302537855,5
1982,H,8,PA,17648,.5931611405548057,2
1982,H,10,PA,17649,-1.660609259845857,2
1982,S,0,PA,17654,-1.629242302537855,5
1982,ST H,112,PA,17662,-1.660609259845857,2
1982,ST H,113,PA,17663,.7722111853525006,2
1982,ST H,114,PA,17664,-1.660609259845857,2
1982,ST S,22,PA,17668,.7722111853525006,2
1984,ATTY GENL,0,PA,17669,-.8548528003988555,6
1984,AUDITOR,0,PA,17670,-1.260322874210329,6
1984,H,1,PA,17671,.5638811352824415,2
1984,H,2,PA,17672,.5638811352824415,2
1984,H,3,PA,17673,.5638811352824415,2
1984,H,7,PA,17676,.5638811352824415,2
1984,H,8,PA,17677,.5638811352824415,2
1984,H,10,PA,17678,-1.604184827102431,2
1984,H,13,PA,17679,-.6525290867073393,2
1984,ST H,20,PA,17682,.9085657346005485,2
1984,ST H,23,PA,17685,.9085657346005485,2
1984,ST H,25,PA,17687,-.3078444873057127,2
1984,ST H,28,PA,17689,-.3078444873057127,2
1984,ST H,29,PA,17690,.1287368568936252,3
1984,ST H,30,PA,17691,-1.524254709454172,2
1984,ST H,32,PA,17693,.9085657346005485,2
1984,ST H,34,PA,17694,.9085657346005485,2
1984,ST H,35,PA,17695,.9085657346005485,2
1984,ST H,36,PA,17696,.9085657346005485,2
1984,ST H,39,PA,17697,.9085657346005485,2
1984,ST H,40,PA,17698,-1.524254709454172,2
1984,ST H,112,PA,17705,-1.604184827102431,2
1984,ST H,113,PA,17706,.8286356171410416,2
1984,ST H,114,PA,17707,-1.604184827102431,2
1984,ST H,115,PA,17708,.8286356171410416,2
1984,ST H,118,PA,17709,.8286356171410416,2
1984,ST S,37,PA,17714,-1.524254709454172,2
1984,TREASURER,0,PA,17716,-1.59763950190912,4
1986,G,0,PA,17717,-.7924480483303454,6
1986,H,1,PA,17718,.5346011295201388,2
1986,H,2,PA,17719,.5346011295201388,2
1986,H,3,PA,17720,.5346011295201388,2
1986,H,5,PA,17722,.5346011295201388,2
1986,H,7,PA,17723,-.6818090920097416,2
1986,H,8,PA,17724,.5346011295201388,2
1986,H,10,PA,17725,-1.547760394139316,2
1986,H,13,PA,17726,-.6818090920097405,2
1986,S,0,PA,17730,-.6123478173898589,5
1986,ST H,32,PA,17733,-.3688805875743865,2
1986,ST H,112,PA,17736,.885060050815305,2
1986,ST H,115,PA,17738,-.3313501720080154,2
1986,ST S,22,PA,17743,.885060050815305,2
1986,ST S,40,PA,17744,-.3688805875743865,2
1988,ATTY GENL,0,PA,17745,-.5048531042144432,7
1988,AUDITOR,0,PA,17746,-1.593749878106859,6
1988,H,1,PA,17747,.5053211246268398,2
1988,H,2,PA,17748,.5053211246268398,2
1988,H,3,PA,17749,.5053211246268398,2
1988,H,5,PA,17750,-1.927499320020846,2
1988,H,7,PA,17751,-.7110890975074625,2
1988,H,8,PA,17752,.7245096337824611,3
1988,H,13,PA,17755,-1.927499320020846,2
1988,S,0,PA,17762,-1.315221399595625,9
1988,ST H,43,PA,17767,-.3365828752071712,2
1988,ST H,114,PA,17771,-1.491335961170968,2
1988,TREASURER,0,PA,17781,-.8701054917548968,7
1990,G,0,PA,17782,.1126370270088062,7
1990,H,1,PA,17783,.4760411197456442,2
1990,H,2,PA,17784,.4760411197456442,2
1990,H,3,PA,17785,.4760411197456442,2
1990,H,6,PA,17787,-.1012409638420196,2
1990,H,7,PA,17788,-1.956779324855211,2
1990,H,8,PA,17789,.1874000777478856,4
1990,H,13,PA,17791,-.7403691022014062,2
1990,H,15,PA,17792,-.1012409638420196,2
1990,LT GOV,0,PA,17794,-.1012409638420196,2
1990,ST H,122,PA,17802,-.1012409638420196,2
1990,ST H,124,PA,17803,-.1012409638420196,2
1990,ST H,131,PA,17804,-.1012409638420196,2
1990,ST H,132,PA,17805,-.1012409638420196,2
1990,ST H,135,PA,17806,-.1012409638420196,2
1990,ST H,136,PA,17807,-.1012409638420196,2
1990,ST H,137,PA,17808,-.1012409638420196,2
1990,ST H,138,PA,17809,-.5067110377730287,3
1990,ST H,145,PA,17810,-.1012409638420196,2
1990,ST H,187,PA,17811,-.1012409638420196,2
1990,ST H,189,PA,17812,-.1012409638420196,2
1990,ST S,16,PA,17816,-.1012409638420196,2
1990,ST S,18,PA,17817,-.1012409638420196,2
1990,ST S,48,PA,17819,-.1012409638420196,2
1992,ATTY GENL,0,PA,17820,-1.323412667803308,7
1992,AUDITOR,0,PA,17821,.0871924320124521,3
1992,H,3,PA,17824,-.7696491079390397,2
1992,H,19,PA,17831,-.1497565784850313,2
1992,S,0,PA,17832,-.7884465939449291,6
1992,ST H,112,PA,17833,1.054333348741299,2
1992,ST H,114,PA,17834,1.054333348741299,2
1992,TREASURER,0,PA,17840,.855916035168453,6
1994,G,0,PA,17841,-.3054001246866037,5
1994,H,7,PA,17846,-2.01533933534509,2
1994,H,8,PA,17847,-2.01533933534509,2
1994,H,10,PA,17848,-1.322062662923466,2
1994,H,13,PA,17850,.4174811086732463,2
1994,S,0,PA,17854,.1811639644939984,5
1994,ST H,114,PA,17865,1.110757780984747,2
1994,ST S,22,PA,17866,1.110757780984747,2
1996,ATTY GENL,0,PA,17868,-.051275512629784,7
1996,AUDITOR,0,PA,17869,-.8785276593268619,5
1996,H,7,PA,17874,-2.044619340463276,2
1996,H,13,PA,17878,.3882011038569673,2
1996,H,19,PA,17882,-1.376517042520567,2
1996,TREASURER,0,PA,17904,-.83104646609055,8
1998,G,0,PA,17905,-1.003538453456363,8
1998,H,8,PA,17910,-2.073899345733962,2
1998,H,13,PA,17912,.3589210984672069,2
1998,H,19,PA,17917,-1.381692163980678,2
1998,S,0,PA,17919,-1.003538453523728,8
1998,ST H,114,PA,17938,1.223606646614056,2
1998,ST S,22,PA,17940,1.223606646614056,2
2000,ATTY GENL,0,PA,17942,-.8586769727631322,6
2000,AUDITOR,0,PA,17943,-.2209722775895158,6
2000,H,7,PA,17947,-2.10317935061604,2
2000,H,8,PA,17948,-.8867691282684176,2
2000,H,13,PA,17950,.3296410936694777,2
2000,H,16,PA,17951,-.7725783533927891,2
2000,H,17,PA,17952,-.9604713756252504,2
2000,H,19,PA,17954,-1.386867284810847,2
2000,S,0,PA,17956,.3393069569822869,9
2000,ST H,114,PA,17966,1.280031079848625,2
2000,TREASURER,0,PA,17969,-1.366234216388814,8
2002,G,0,PA,17970,.5442359470824785,10
2002,H,11,PA,17978,1.003827560171481,4
2002,H,16,PA,17981,-1.248045586007508,2
2004,ATTY GENL,0,PA,18004,-.1445986901146487,10
2004,AUDITOR,0,PA,18005,.127359286730271,6
2004,H,6,PA,18010,-.6356381508744628,2
2004,H,8,PA,18012,-1.852048373420892,2
2004,H,13,PA,18015,.2710810827097199,2
2004,H,16,PA,18017,-.1845849167064268,4
2004,S,0,PA,18019,-.7213853471338912,10
2004,ST H,114,PA,18020,.6861066184343141,2
2004,ST H,117,PA,18022,-.9526695899865336,2
2004,TREASURER,0,PA,18027,.6150641104260904,7
2006,G,0,PA,18028,.360144984707488,8
2006,H,6,PA,18031,.5418555572797331,2
2006,H,8,PA,18033,-1.890964887872076,2
2006,H,10,PA,18035,-.5441535247039173,2
2006,H,16,PA,18040,-.6954801817218945,2
2006,H,19,PA,18042,-1.402392647579445,2
2006,S,0,PA,18043,.3046434742156015,9
2006,ST H,118,PA,18056,-.941635781181886,2
2008,ATTY GENL,0,PA,18063,-1.849574938674684,4
2008,H,6,PA,18067,-.7134711799077867,2
2008,H,10,PA,18070,.4899566557768298,3
2008,H,11,PA,18071,-.6775145528068548,4
2010,G,0,PA,18104,-.5327522690471244,4
2010,H,8,PA,18109,.3462091686838007,2
2010,S,0,PA,18117,.6274000823701533,5
2012,ATTY GENL,0,PA,18142,.2275116972856966,2
2012,S,0,PA,18152,.2275116972856966,2
2014,G,0,PA,18160,-.2845314974910887,3
2014,H,17,PA,18169,.2746969362232144,2
2014,ST H,117,PA,18180,-1.906411794118684,3
2014,ST H,120,PA,18181,.6743708779682648,2
2014,ST H,121,PA,18182,-.5420393438099088,2
2014,ST S,22,PA,18184,.6301581372081276,2
2016,ATTY GENL,0,PA,18185,-.4505611520358244,2
2016,H,10,PA,18191,.2979112928948676,2
2016,H,11,PA,18192,-2.134909150873506,2
2016,H,14,PA,18194,.1155850830658247,2
2016,H,17,PA,18195,.2979112928948676,2
2016,S,0,PA,18196,-.0763249290774012,4
2016,ST H,119,PA,18203,-.8864667352160336,2
2018,G,0,PA,18206,-.064172231883551,4
2018,H,8,PA,18208,.3211256499974571,2
2018,H,12,PA,18210,.3211256499974571,2
2018,S,0,PA,18212,.221520817767286,5
2018,ST H,119,PA,18215,-.8754329265104303,2
2018,ST S,22,PA,18218,.3211256499974571,2
2020,ATTY GENL,0,PA,18219,.2760505266132577,3
2020,H,8,PA,18221,.344340006598886,2
2020,ST H,118,PA,18227,.344340006598886,2
1954,S,0,SC,18365,-.269388444184166,2
1962,S,0,SC,18367,.1454716754949284,2
1968,S,0,SC,18369,.8962705186756544,2
1970,G,0,SC,18370,.7238610639191142,3
1972,S,0,SC,18374,-1.109990454345102,2
1974,ATTY GENL,0,SC,18379,.4986739632707413,3
1974,G,0,SC,18380,.2915074115576423,4
1974,H,3,SC,18382,-1.235896705153042,2
1974,H,6,SC,18384,-1.022311068305765,2
1974,LT GOV,0,SC,18385,.1015221410127595,2
1976,H,5,SC,18395,-1.202619048215701,2
1976,ST H,78,SC,18399,1.300339328406939,2
1976,ST H,79,SC,18400,-1.132481116159078,2
1978,G,0,SC,18410,1.070672382332742,4
1978,S,0,SC,18412,-.7539429515144731,4
1980,H,2,SC,18414,-1.021212546622269,2
1980,H,6,SC,18416,-1.054970529737584,2
1980,S,0,SC,18417,1.292176317849392,3
1982,ATTY GENL,0,SC,18420,1.022528731001821,3
1982,G,0,SC,18421,1.086374435492586,4
1982,H,2,SC,18423,-.9655782615954202,2
1982,LT GOV,0,SC,18426,.8028040788380457,2
1984,H,1,SC,18430,-1.045243131881714,2
1984,H,3,SC,18432,.7288611832764192,3
1984,S,0,SC,18435,-1.032188470376261,3
1986,G,0,SC,18444,-.4180957089544631,6
1986,LT GOV,0,SC,18449,-.4276952978502943,4
1986,S,0,SC,18450,1.442088405473056,6
1990,G,0,SC,18471,-1.023158596092872,4
1990,H,3,SC,18472,1.495906217907823,2
1990,LT GOV,0,SC,18474,1.409661848467724,4
1990,S,0,SC,18475,-.9369142264127623,2
1990,SEC STATE,0,SC,18476,-1.023158596092872,4
1992,H,6,SC,18487,1.616888177847811,2
1992,S,0,SC,18488,1.352024936822374,4
1994,AGRIC,0,SC,18502,-.6974410785499571,2
1994,ATTY GENL,0,SC,18503,.5371692841524649,5
1994,COMPTROLL,0,SC,18504,1.735379365743332,2
1994,G,0,SC,18505,.4228608700673993,4
1994,H,1,SC,18506,.211727580702056,2
1994,H,3,SC,18507,.3267525964337351,2
1994,LT GOV,0,SC,18511,-.0568097283034914,3
1994,SEC STATE,0,SC,18512,-.9225229821713686,5
1994,TREASURER,0,SC,18520,1.735379365743332,2
1996,H,3,SC,18521,.3503808961401651,2
1996,H,5,SC,18523,1.713559872899089,2
1996,S,0,SC,18524,.8822322318075312,4
1998,ATTY GENL,0,SC,18539,-.0288738294861412,7
1998,COMPTROLL,0,SC,18540,-.0658409355237587,3
1998,G,0,SC,18541,.1275025261483151,7
1998,H,5,SC,18545,1.49427799321732,2
1998,H,6,SC,18546,1.774503778894223,2
1998,LT GOV,0,SC,18547,-.0396906624868363,5
1998,S,0,SC,18548,1.17013985944134,7
1998,SEC STATE,0,SC,18549,-.9737614446393197,6
1998,TREASURER,0,SC,18558,.4519208777155497,3
2000,H,1,SC,18560,-1.046845353431117,2
2000,H,3,SC,18562,-.8187727250225004,2
2000,H,5,SC,18564,1.534145158141254,2
2000,H,6,SC,18565,1.794065984594434,2
2002,AGRIC,0,SC,18581,1.707366576910114,4
2002,ATTY GENL,0,SC,18582,1.120096736781798,5
2002,COMPTROLL,0,SC,18583,.0880065083459365,3
2002,G,0,SC,18584,-.1469310718454552,6
2002,H,6,SC,18589,1.813628190934965,2
2002,LT GOV,0,SC,18590,1.46940837078429,7
2002,S,0,SC,18591,.1622489294744467,7
2002,SEC STATE,0,SC,18592,.7078743124734338,5
2002,TREASURER,0,SC,18601,-.1172487569861813,4
2004,S,0,SC,18607,.4576168739749607,4
2006,AGRIC,0,SC,18623,-.0359487012916029,4
2006,ATTY GENL,0,SC,18624,-.7790737914505331,2
2006,COMPTROLL,0,SC,18625,.5722564096095928,4
2006,G,0,SC,18626,.2007074329075747,5
2006,H,1,SC,18627,-1.089008064852244,2
2006,H,4,SC,18629,-.2992605273848875,2
2006,H,5,SC,18630,1.653746654362528,2
2006,H,6,SC,18631,2.06272591017746,2
2006,LT GOV,0,SC,18632,1.336417097177419,5
2006,SEC STATE,0,SC,18633,-.6174362428174631,3
2006,TREASURER,0,SC,18643,-.3698459791602399,5
2008,H,5,SC,18648,2.003574959089061,2
2008,H,6,SC,18649,2.003574959089061,2
2008,S,0,SC,18650,-.8917837699859033,3
2010,ATTY GENL,0,SC,18667,.2348700924333768,3
2010,G,0,SC,18668,1.447193914934325,4
2010,H,5,SC,18671,.7781173333872573,2
2010,LT GOV,0,SC,18672,.2348700921823216,3
2014,ATTY GENL,0,SC,18689,-.7306383533365397,2
2014,G,0,SC,18690,1.758195445473894,3
2014,LT GOV,0,SC,18692,-.7306383533365397,2
2016,ST S,22,SC,18701,.6425053635213241,2
1960,ST S,5,TN,18715,-.8840946681816961,2
1960,ST S,6,TN,18716,.3323155538284096,2
1962,G,0,TN,18717,.814104517921395,2
1962,H,5,TN,18720,.2350623917103007,2
1962,ST S,5,TN,18723,.3541689565459722,2
1968,H,7,TN,18734,.6980180853512908,3
1970,G,0,TN,18735,-.7748276543318587,2
1976,H,6,TN,18753,-.8415699510232294,3
1976,S,0,TN,18755,-.7399755618080255,5
1990,G,0,TN,18810,1.333221284981784,3
1990,H,4,TN,18814,1.160661853346681,2
1990,H,7,TN,18817,-1.404447200615566,2
1990,RR & PU C,0,TN,18821,1.810628760920983,2
1990,S,0,TN,18822,1.333221284981784,3
1994,G,0,TN,18839,-.5574410690926159,2
1994,RR & PU C,0,TN,18847,1.87537937522486,2
1996,S,0,TN,18855,-.5250657614961491,2
1998,G,0,TN,18856,-.4926904538884274,2
2000,S,0,TN,18868,-.4603151461821426,2
2002,G,0,TN,18869,2.00488060701184,2
2002,S,0,TN,18877,.0003581163629027,4
2006,G,0,TN,18884,1.92137630644749,4
2006,H,3,TN,18887,-.0039822908767844,2
2006,S,0,TN,18893,.704966084553822,4
1960,S,0,TX,18913,.3863447193616367,3
1962,G,0,TX,18917,.8891594640452489,11
1962,H,98,TX,18920,-1.173602925456748,2
1964,AGRIC,0,TX,18925,1.277602846545668,2
1964,ATTY GENL,0,TX,18926,.7982316476720678,4
1964,G,0,TX,18929,.8437012469862664,5
1964,H,98,TX,18932,-.4282851844502977,3
1964,JUSTICE,1,TX,18933,1.277602846545668,2
1964,LANDS,0,TX,18934,1.277602846545668,2
1964,LT GOV,0,TX,18935,.7982316476720678,4
1964,RAILROAD COMMISSIONER,2,TX,18936,1.277602846545668,2
1964,S,0,TX,18937,-.2677708425648908,6
1964,ST H,74,TX,18938,1.277602846545668,2
1964,ST S,29,TX,18939,1.277602846545668,2
1966,G,0,TX,18942,1.198740130748686,2
1966,S,0,TX,18944,1.131943247853947,13
1966,ST S,29,TX,18945,1.295988174704771,2
1968,G,0,TX,18947,1.241364834876324,3
1968,LT GOV,0,TX,18951,1.241364834876324,3
1968,ST H,2,TX,18953,1.314373502742059,2
1970,AGRIC,0,TX,18955,1.332758830757077,2
1970,ATTY GENL,0,TX,18956,1.265249696871655,3
1970,G,0,TX,18958,1.278758673461771,4
1970,LANDS,0,TX,18960,1.332758830757077,2
1970,LT GOV,0,TX,18961,1.265249696871655,3
1970,S,0,TX,18962,1.265249696871655,3
1970,TREASURER,0,TX,18964,1.332758830757077,2
1972,ATTY GENL,0,TX,18965,1.35114415877711,2
1972,G,0,TX,18968,1.513687929947955,4
1972,LANDS,0,TX,18970,1.35114415877711,2
1972,LT GOV,0,TX,18971,1.35114415877711,2
1972,RAILROAD COMMISSIONER,1,TX,18972,1.35114415877711,2
1972,S,0,TX,18973,-1.045589524214316,5
1972,ST H,3,TX,18974,1.35114415877711,2
1972,ST H,71,TX,18975,1.35114415877711,2
1972,ST S,29,TX,18976,1.35114415877711,2
1972,TREASURER,0,TX,18977,.1347339364939359,2
1974,AGRIC,0,TX,18978,1.369529486533284,2
1974,ATTY GENL,0,TX,18979,1.369529486533284,2
1974,COMPTROLL,0,TX,18981,1.369529486533284,2
1974,G,0,TX,18983,1.369529486533284,2
1974,LANDS,0,TX,18984,1.369529486533284,2
1974,LT GOV,0,TX,18985,1.369529486533284,2
1974,RAILROAD COMMISSIONER,1,TX,18986,.9884805222619909,2
1974,ST H,71,TX,18988,1.369529486533284,2
1974,TREASURER,0,TX,18990,-1.063290957798173,2
1976,H,16,TX,18998,1.387914814771183,2
1976,JUSTICE,1,TX,19002,1.173069867149355,4
1976,RAILROAD COMMISSIONER,3,TX,19004,1.142350495907524,5
1976,S,0,TX,19005,1.198150690862129,6
1978,ATTY GENL,0,TX,19007,-.469921593587294,3
1978,G,0,TX,19011,1.151958703294104,3
1978,LT GOV,0,TX,19017,1.009141536937668,2
1978,RAILROAD COMMISSIONER,2,TX,19019,1.009141536937668,2
1978,S,0,TX,19020,-.7214453429400577,8
1980,JUSTICE,1,TX,19030,-1.291071863887277,2
1980,JUSTICE,2,TX,19031,1.141748579968335,2
1980,RAILROAD COMMISSIONER,2,TX,19032,1.141748579968335,2
1980,RAILROAD COMMISSIONER,3,TX,19033,1.141748579968335,2
1982,AGRIC,0,TX,19035,-.0259675417393,2
1982,ATTY GENL,0,TX,19037,-.0259675417393,2
1982,COMPTROLL,0,TX,19040,-.0259675417393,2
1982,G,0,TX,19048,-.0259675417393,2
1982,JUSTICE,2,TX,19053,1.190442681230001,2
1982,LANDS,0,TX,19054,-.0259675417393,2
1982,LT GOV,0,TX,19055,1.190442681230001,2
1982,RAILROAD COMMISSIONER,3,TX,19056,1.190442681230001,2
1982,S,0,TX,19057,1.190442681230001,2
1982,TREASURER,0,TX,19070,1.190442681230001,2
1984,JUSTICE,0,TX,19074,1.239136780705238,2
1984,RAILROAD COMMISSIONER,1,TX,19075,1.239136780705238,2
1984,S,0,TX,19076,.0227265585769792,2
1986,AGRIC,0,TX,19083,.666273856712324,3
1986,ATTY GENL,0,TX,19084,-.1446662915746143,3
1986,G,0,TX,19086,-.1446662915746143,3
1986,JUSTICE,1,TX,19093,1.477214003989917,3
1986,JUSTICE,2,TX,19094,1.477214003989917,3
1986,JUSTICE,4,TX,19096,1.477214003989917,3
1986,LANDS,0,TX,19097,1.477214003989917,3
1986,LT GOV,0,TX,19098,1.477214003989917,3
1986,RAILROAD COMMISSIONER,2,TX,19099,-.1446662915746143,3
1988,CRIM APP,0,TX,19106,1.517254688592691,3
1988,CRIM APP,1,TX,19107,1.517254688592691,3
1988,CRIM APP,2,TX,19108,1.480988275308679,2
1988,JUSTICE,0,TX,19115,-.915565756301704,3
1988,JUSTICE,1,TX,19116,.7063145397109677,3
1988,JUSTICE,2,TX,19117,-.915565756301704,3
1988,JUSTICE,3,TX,19118,.7063145397109677,3
1988,JUSTICE,4,TX,19119,-.915565756301704,3
1988,JUSTICE,5,TX,19120,1.517254688592691,3
1988,RAILROAD COMMISSIONER,1,TX,19121,-.915565756301704,3
1988,S,0,TX,19123,1.517254688592691,3
1990,AGRIC,0,TX,19132,.0230104272204405,3
1990,ATTY GENL,0,TX,19133,1.521220981199484,4
1990,COMPTROLL,0,TX,19135,1.521220981199484,4
1990,CRIM APP,1,TX,19136,.1858271410362703,3
1990,CRIM APP,2,TX,19137,-.0645849244765541,3
1990,CRIM APP,3,TX,19138,1.557295371762406,3
1990,CRIM APP,4,TX,19139,-.0645849244765541,3
1990,CRIM APP,5,TX,19140,1.760837180192049,2
1990,G,0,TX,19141,.9130158703923803,4
1990,JUSTICE,0,TX,19145,-.9069905917721237,2
1990,JUSTICE,1,TX,19146,-.3149969900955636,3
1990,JUSTICE,2,TX,19147,-.9069905917721237,2
1990,LANDS,0,TX,19148,1.521220981199484,4
1990,LT GOV,0,TX,19149,.9130158703923803,4
1990,RAILROAD COMMISSIONER,1,TX,19150,.8400957373403054,3
1990,S,0,TX,19151,-.3033943522267938,4
1990,ST H,70,TX,19154,-.9162083346227916,2
1990,ST S,29,TX,19156,1.516612109957747,2
1990,TREASURER,0,TX,19157,-.7755975649950474,2
1992,CRIM APP,1,TX,19158,.8116025888583734,3
1992,CRIM APP,2,TX,19159,1.622542736638793,3
1992,CRIM APP,3,TX,19160,1.622542736638793,3
1992,H,14,TX,19169,1.471723204100149,2
1992,JUSTICE,1,TX,19177,.0006624405460964,3
1992,JUSTICE,2,TX,19178,.0006624406646866,3
1992,JUSTICE,3,TX,19179,.0006624405460964,3
1992,RAILROAD COMMISSIONER,2,TX,19180,-.607586868923414,2
1994,AGRIC,0,TX,19181,-.845044883631507,5
1994,ATTY GENL,0,TX,19182,1.101211472067372,5
1994,COMPTROLL,0,TX,19183,1.587775560504229,5
1994,CRIM APP,1,TX,19184,1.628304117958641,4
1994,CRIM APP,2,TX,19185,1.628304117958641,4
1994,G,0,TX,19186,.6146473832541363,5
1994,H,6,TX,19191,-.6849433271115375,2
1994,H,14,TX,19196,.2923208973613983,2
1994,H,24,TX,19201,1.747877116789047,2
1994,H,26,TX,19203,-.6849433271115375,2
1994,H,30,TX,19205,1.747877116789047,2
1994,JUSTICE,1,TX,19206,1.628304117958641,4
1994,JUSTICE,2,TX,19207,.4118938960312098,4
1994,JUSTICE,3,TX,19208,-.8045163257925675,4
1994,LANDS,0,TX,19209,1.101211471930715,5
1994,LT GOV,0,TX,19210,1.587775560504229,5
1994,RAILROAD COMMISSIONER,1,TX,19211,.4118938960312098,4
1994,RAILROAD COMMISSIONER,3,TX,19212,-.19631121450187,4
1994,S,0,TX,19213,-.3797181284025954,6
1994,TREASURER,0,TX,19216,1.101211472067372,5
1996,CRIM APP,1,TX,19217,1.732336200809982,4
1996,CRIM APP,2,TX,19218,1.124131089793297,4
1996,CRIM APP,3,TX,19219,-.0922791321671233,4
1996,H,6,TX,19223,-.6561344376126782,2
1996,H,12,TX,19228,-.6561344376126782,2
1996,H,14,TX,19229,1.545739034738726,2
1996,H,23,TX,19235,.4336949396816997,2
1996,JUSTICE,0,TX,19242,-.7004842434708628,4
1996,JUSTICE,1,TX,19243,-.7004842434708628,4
1996,JUSTICE,2,TX,19244,-.7004842434708628,4
1996,JUSTICE,3,TX,19245,-.7004842434708628,4
1996,RAILROAD COMMISSIONER,1,TX,19246,-.2436428920475202,5
1996,S,0,TX,19247,-.3698403022815583,6
1998,AGRIC,0,TX,19251,-.6511268872515149,6
1998,ATTY GENL,0,TX,19252,-.6511268872515149,6
1998,COMPTROLL,0,TX,19253,1.781693556979759,6
1998,CRIM APP,1,TX,19254,.1598132612546201,6
1998,CRIM APP,2,TX,19255,-.6317015709193589,4
1998,CRIM APP,3,TX,19256,1.376223483010287,6
1998,G,0,TX,19257,-.6511268872515149,6
1998,H,6,TX,19262,.5890846748682897,2
1998,H,12,TX,19265,-.627325547704269,2
1998,H,14,TX,19266,1.582746950573375,2
1998,H,24,TX,19273,1.805494896120188,2
1998,JUSTICE,1,TX,19279,-.2456568129960454,6
1998,JUSTICE,2,TX,19280,1.781693556979759,6
1998,JUSTICE,3,TX,19281,-.6511268872515149,6
1998,JUSTICE,4,TX,19282,-.6511268872515149,6
1998,LANDS,0,TX,19283,-.2456568128299581,6
1998,LT GOV,0,TX,19284,1.376223483230395,6
1998,RAILROAD COMMISSIONER,2,TX,19285,-.2456568128858963,6
2000,CRIM APP,0,TX,19286,1.403214832125854,6
2000,CRIM APP,1,TX,19287,-.6241355381177013,6
2000,CRIM APP,2,TX,19288,-.2186654639067852,6
2000,H,6,TX,19293,-.5985166578397774,2
2000,H,12,TX,19298,-.5985166578397774,2
2000,H,14,TX,19299,1.619754864946743,2
2000,H,21,TX,19302,-.7784491462442937,2
2000,H,24,TX,19304,1.834303786222432,2
2000,H,26,TX,19306,-.5985166578397774,2
2000,JUSTICE,1,TX,19310,-.5593902125564908,5
2000,JUSTICE,2,TX,19311,-.5593902125564908,5
2000,JUSTICE,3,TX,19312,-.5593902125564908,5
2000,RAILROAD COMMISSIONER,1,TX,19313,-.5593902125564908,5
2000,RAILROAD COMMISSIONER,3,TX,19314,-.5593902125564908,5
2000,S,0,TX,19315,-.6241355381177013,6
2002,AGRIC,0,TX,19316,-.1985980674029938,7
2002,ATTY GENL,0,TX,19317,1.122766010116586,9
2002,COMPTROLL,0,TX,19318,-.5461438446374743,7
2002,CRIM APP,1,TX,19319,-.6645566901944147,5
2002,CRIM APP,2,TX,19320,.0587362852443481,3
2002,CRIM APP,3,TX,19321,-.6645566901944147,5
2002,G,0,TX,19322,-.1786559340027618,8
2002,H,6,TX,19327,-.569707768257659,2
2002,H,9,TX,19330,2.077688710560306,2
2002,H,12,TX,19333,-.569707768257659,2
2002,H,21,TX,19338,-.7560827232494849,2
2002,H,24,TX,19341,1.863112676315746,2
2002,H,26,TX,19343,-.569707768257659,2
2002,H,31,TX,19347,-.7760576649959882,2
2002,JUSTICE,0,TX,19349,-.6645566901944147,5
2002,JUSTICE,1,TX,19350,.7951355762636875,5
2002,JUSTICE,2,TX,19351,-.1779926013610628,5
2002,JUSTICE,3,TX,19352,-.6092672333221754,6
2002,JUSTICE,4,TX,19353,1.768263754820864,5
2002,LANDS,0,TX,19354,1.191585043442827,7
2002,LT GOV,0,TX,19355,1.645959399485873,8
2002,S,0,TX,19356,.359603322351286,11
2004,CRIM APP,6,TX,19360,-.5164620239577,2
2004,H,17,TX,19369,1.800900006283348,3
2004,H,19,TX,19370,.7521488696419747,2
2004,H,24,TX,19373,-.540898878570673,2
2004,JUSTICE,9,TX,19378,-.5164620239577,2
2006,AGRIC,0,TX,19390,-.3110153999348588,13
2006,ATTY GENL,0,TX,19391,-.534364467438066,11
2006,COMPTROLL,0,TX,19394,-.5805771780475154,11
2006,CRIM APP,0,TX,19395,-.585457892263476,3
2006,CRIM APP,7,TX,19396,-.635814685904378,5
2006,CRIM APP,8,TX,19397,-.635814685904378,5
2006,G,0,TX,19398,.0438571422760372,9
2006,H,2,TX,19400,-.479338245960929,2
2006,H,21,TX,19409,-.7113498760633903,2
2006,JUSTICE,0,TX,19413,-.6080147946427148,4
2006,JUSTICE,2,TX,19414,1.89999360785322,10
2006,JUSTICE,4,TX,19415,-.635814685904378,5
2006,JUSTICE,6,TX,19416,-.635814685904378,5
2006,JUSTICE,8,TX,19417,-.5603742611636742,4
2006,LANDS,0,TX,19418,-.5471688852268427,7
2006,LT GOV,0,TX,19419,-.5838748436474211,9
2006,S,0,TX,19420,-.5711670672562857,10
2008,S,0,TX,19456,-.1776059712760867,5
2010,AGRIC,0,TX,19484,.4623062871297148,2
2010,G,0,TX,19490,1.396927909033006,4
2010,LT GOV,0,TX,19499,-.6090130332333047,2
2012,H,26,TX,19527,-.4256633199259403,2
2012,H,33,TX,19530,2.007157124579014,2
2012,S,0,TX,19531,1.966989452647913,3
2014,ATTY GENL,0,TX,19545,1.673126256223606,2
2014,G,0,TX,19552,.7092304234026965,2
2014,H,25,TX,19560,-.5071797993284707,2
2014,LT GOV,0,TX,19566,1.747976796691339,3
2014,S,0,TX,19567,-.5071797993284707,2
2018,ATTY GENL,0,TX,19611,1.876689187327338,2
2018,G,0,TX,19618,-.5258790740778398,3
2018,H,6,TX,19622,.8771735715258081,2
2018,LT GOV,0,TX,19630,1.876689187327338,2
2018,S,0,TX,19631,2.09358379403273,2
2020,H,3,TX,19639,1.02604547894776,2
2020,H,24,TX,19646,-.3104277609375675,2
2020,S,0,TX,19652,.5111986018135662,3
1972,S,0,VA,19773,1.367948372166719,2
1978,ATTY GENL,0,VA,19787,-1.032080817727205,2
1978,G,0,VA,19788,.1843294044879439,2
1978,LT GOV,0,VA,19798,.1843294044879439,2
1978,S,0,VA,19799,.1843294044879439,2
1982,ATTY GENL,0,VA,19804,-1.010219981213614,2
1982,G,0,VA,19805,.2061902411514993,2
1982,LT GOV,0,VA,19810,.2061902411514993,2
1982,S,0,VA,19811,.2061902411514993,2
1984,H,7,VA,19815,.2171206590698077,2
1984,S,0,VA,19818,-.9992895628290004,2
1986,ATTY GENL,0,VA,19819,.228051077786867,2
1986,G,0,VA,19820,.228051077786867,2
1986,LT GOV,0,VA,19825,.228051077786867,2
1990,ATTY GENL,0,VA,19833,.162580489501809,3
1990,G,0,VA,19834,.162580489501809,3
1990,H,7,VA,19836,.249911914255759,2
1990,H,8,VA,19837,.3303669835752066,2
1990,LT GOV,0,VA,19839,.162580489501809,3
1992,H,8,VA,19845,.3242372760221919,2
1992,H,10,VA,19846,-.8921729465575958,2
1992,H,11,VA,19847,.3242372760221919,2
1994,ATTY GENL,0,VA,19848,.5275818899876494,4
1994,G,0,VA,19849,.4005666647181353,5
1994,H,1,VA,19850,-.0611594203721188,2
1994,H,2,VA,19851,.4784979645708814,2
1994,H,3,VA,19852,1.155250801679434,2
1994,H,4,VA,19853,.7937069745667846,4
1994,H,5,VA,19854,.2437336446191367,2
1994,H,7,VA,19856,-.0611594203721188,2
1994,H,8,VA,19857,.3181075679933797,2
1994,H,9,VA,19858,.2437336446191367,2
1994,H,10,VA,19859,-.8983026544609436,2
1994,H,11,VA,19860,-.8983026544609436,2
1994,LT GOV,0,VA,19861,.5275818899876494,4
1994,S,0,VA,19862,.2577531976578551,4
1996,H,1,VA,19863,-.5440837525314719,3
1996,H,2,VA,19864,.4376571468672016,2
1996,H,3,VA,19865,1.077796543242788,3
1996,H,4,VA,19866,1.077796543242788,3
1996,H,5,VA,19867,.1461469046119549,3
1996,H,6,VA,19868,-.9598173124223505,2
1996,H,7,VA,19869,-.045470415586029,2
1996,H,8,VA,19870,.311977860313309,2
1996,H,9,VA,19871,.2565929100347387,2
1996,H,10,VA,19872,-.9044323619506182,2
1996,H,11,VA,19873,-.9044323619506182,2
1996,S,0,VA,19874,-1.065671830799698,5
1998,ATTY GENL,0,VA,19875,-.5856539717046766,5
1998,G,0,VA,19876,.3874742059447046,5
1998,H,5,VA,19880,1.473647833126119,2
1998,LT GOV,0,VA,19887,.3874742059447046,5
2000,H,8,VA,19895,.2997184444273726,2
2000,S,0,VA,19899,.1967300145930662,3
2002,ATTY GENL,0,VA,19900,-.5987464301303366,5
2002,G,0,VA,19901,.3743817476602629,5
2002,H,10,VA,19908,-.9228214856960268,2
2002,H,11,VA,19909,-.9228214856960268,2
2002,LT GOV,0,VA,19910,.3743817476602629,5
2006,ATTY GENL,0,VA,19916,.6041863101917676,3
2006,G,0,VA,19917,.4775291704089842,6
2006,H,1,VA,19918,-.6425456600100024,2
2006,H,2,VA,19919,-.4420672085919088,2
2006,H,8,VA,19923,.2813293208391989,2
2006,LT GOV,0,VA,19926,.5995672260326673,4
2006,S,0,VA,19927,.4775291704089842,6
1976,G,0,WA,19961,-.7330219265212828,7
1990,H,1,WA,19989,-1.381302035676676,2
1990,H,3,WA,19991,1.051518408043994,2
1990,H,7,WA,19995,1.051518408043994,2
1990,H,8,WA,19996,-1.381302035676676,2
1992,ATTY GENL,0,WA,19997,-.6510253626570176,3
1992,AUDITOR,0,WA,19998,-.6510253626570176,3
1992,G,0,WA,19999,.9708549336611282,3
1992,H,1,WA,20000,1.001333592411384,2
1992,H,2,WA,20001,1.001333592411384,2
1992,H,3,WA,20002,-.6510253624947749,3
1992,H,4,WA,20003,1.001333592411384,2
1992,H,5,WA,20004,1.001333592411384,2
1992,H,6,WA,20005,.9708549336611282,3
1992,H,7,WA,20006,1.001333592411384,2
1992,H,8,WA,20007,-1.461965511152598,3
1992,H,9,WA,20008,.9708549336611282,3
1992,INSURANCE,0,WA,20009,-.6510253624947749,3
1992,LANDS,0,WA,20010,.1599147855948328,3
1992,LT GOV,0,WA,20011,-1.431486852252515,2
1992,S,0,WA,20012,.1599147855948328,3
1992,SEC STATE,0,WA,20013,-1.431486852252515,2
1992,TREASURER,0,WA,20014,.9708549336611282,3
1994,H,1,WA,20015,.9511487758274116,2
1994,H,2,WA,20016,-.2652614458758842,2
1994,H,3,WA,20017,.3622565998347561,4
1994,H,4,WA,20018,.9511487758274116,2
1994,H,5,WA,20019,.9511487758274116,2
1994,H,6,WA,20020,.9269831654282839,3
1994,H,7,WA,20021,.9511487758274116,2
1994,H,8,WA,20022,-1.505837278269531,3
1994,H,9,WA,20023,.9269831654282839,3
1994,S,0,WA,20024,-.2459485113721535,4
1996,ATTY GENL,0,WA,20025,.9000815024557183,5
1996,AUDITOR,0,WA,20026,.9000815024557183,5
1996,G,0,WA,20027,.9000815024557183,5
1996,H,1,WA,20028,-1.531856484056594,2
1996,H,2,WA,20029,-.3154462619709314,2
1996,H,3,WA,20030,-1.046174852345901,5
1996,H,6,WA,20032,.8831113985988562,3
1996,H,7,WA,20033,.9009639602047842,2
1996,H,8,WA,20034,-1.549709046762145,3
1996,H,9,WA,20035,.8568830956787488,4
1996,INSURANCE,0,WA,20036,.3050451985178852,4
1996,LANDS,0,WA,20038,.9000815024557183,5
1996,LT GOV,0,WA,20039,-1.046174852345901,5
1996,SEC STATE,0,WA,20040,-1.532738941522396,5
1996,TREASURER,0,WA,20041,-.0730466749345261,5
1998,H,1,WA,20042,-.3656310786816793,2
1998,H,2,WA,20043,.8507791441158422,2
1998,H,3,WA,20044,.8623367204836685,5
1998,H,6,WA,20047,.8392396304540634,3
1998,H,7,WA,20048,.8507791441158422,2
1998,H,8,WA,20049,-1.593580814192935,3
1998,H,9,WA,20050,.816707672221509,4
1998,S,0,WA,20051,.6375957296817382,7
2000,ATTY GENL,0,WA,20052,.9517677597173319,7
2000,AUDITOR,0,WA,20053,.9517677597173319,7
2000,G,0,WA,20054,.9517677597173319,7
2000,H,1,WA,20055,.8005943271405961,2
2000,H,3,WA,20057,.8245919386883702,5
2000,H,4,WA,20058,1.045633102243034,2
2000,H,5,WA,20059,-.0058507240249524,2
2000,H,6,WA,20060,.8857001098360476,2
2000,H,7,WA,20061,.8005943271405961,2
2000,H,8,WA,20062,-1.637452581093307,3
2000,H,9,WA,20063,.776532248379121,4
2000,INSURANCE,0,WA,20064,.9517677597173319,7
2000,LANDS,0,WA,20065,-1.133506907249594,7
2000,LT GOV,0,WA,20066,.9517677597173319,7
2000,S,0,WA,20067,-.0908695739205498,7
2000,SEC STATE,0,WA,20068,-1.133506907249594,7
2000,TREASURER,0,WA,20069,.9517677597173319,7
2002,H,1,WA,20070,-.4660007107018812,2
2002,H,3,WA,20072,.7661562392889362,3
2002,H,8,WA,20077,-1.681324349056727,3
2002,H,9,WA,20078,.751496094623108,3
2004,ATTY GENL,0,WA,20079,-1.154957775389382,6
2004,AUDITOR,0,WA,20080,.8723925956999899,6
2004,G,0,WA,20081,-.7494877011296825,6
2004,H,1,WA,20082,.7002246950030859,2
2004,H,2,WA,20083,.7002246950030859,2
2004,H,3,WA,20084,.6874340024591573,3
2004,H,4,WA,20085,.964460992130747,2
2004,H,5,WA,20086,-.0528854166161397,2
2004,H,6,WA,20087,.7076243275219282,3
2004,H,7,WA,20088,.7002246950030859,2
2004,H,8,WA,20089,.7076243275219282,3
2004,H,9,WA,20090,.696181400758479,4
2004,INSURANCE,0,WA,20091,.8723925956999899,6
2004,LANDS,0,WA,20092,-1.154957774616431,6
2004,LT GOV,0,WA,20093,.8723925956999899,6
2004,S,0,WA,20094,.4669225211859079,6
2004,SEC STATE,0,WA,20095,-1.560427849139184,6
2004,TREASURER,0,WA,20096,.8723925956999899,6
2006,H,2,WA,20098,.6500398797142096,2
2006,H,3,WA,20099,.5356662049495274,2
2006,H,5,WA,20101,-1.292812985253724,2
2006,H,8,WA,20104,-.9581277365862992,3
2006,H,9,WA,20105,.5356662049495274,2
2006,S,0,WA,20106,-.1909908189812007,7
2008,ST H,2,WA,20113,-.6127303886093924,2
2008,ST H,20,WA,20114,-1.829140610793863,2
2008,ST H,35,WA,20116,.6036798337374442,2
2010,S,0,WA,20122,.488481018920397,2
2010,ST H,2,WA,20123,-1.858227003392704,2
2010,ST H,22,WA,20125,.5745934411216795,2
2010,ST H,35,WA,20126,.5745934411216795,2
2012,ST H,22,WA,20135,.5455070493442881,2
2012,ST H,35,WA,20136,.5455070493442881,2
2014,ST H,22,WA,20141,.5164206550300993,2
2014,ST H,35,WA,20142,-1.916399788558013,2
2016,ST H,2,WA,20148,-.7290759592878041,2
2016,ST H,22,WA,20149,.4873342632745661,2
2018,ST H,22,WA,20155,.4582478706955206,2
2018,ST H,35,WA,20156,-.7581623516974398,2
1960,H,2,WI,20160,-.9255238745808345,2
1960,LT GOV,0,WI,20162,-.9255238745808345,2
1960,ST H,4,WI,20168,-.9255238745808345,2
1960,ST S,26,WI,20171,-.9255238745808345,2
1962,G,0,WI,20173,-1.123222770719624,5
1962,LT GOV,0,WI,20179,-.889392705346446,2
1962,S,0,WI,20180,-.2004022842924836,6
1962,ST H,1,WI,20182,-.889392705346446,2
1962,ST H,2,WI,20183,-1.209511050921758,3
1962,ST H,3,WI,20184,-.889392705346446,2
1962,ST H,4,WI,20185,-.889392705346446,2
1962,ST H,5,WI,20186,-.889392705346446,2
1962,ST S,26,WI,20187,-.889392705346446,2
1964,ATTY GENL,0,WI,20188,.1370202566984294,3
1964,G,0,WI,20189,-1.201525778488077,4
1964,H,1,WI,20190,-.1846020342379959,4
1964,H,2,WI,20191,-.8532615368019102,2
1964,LT GOV,0,WI,20196,-1.181710506367292,3
1964,S,0,WI,20197,-.3707703578500355,3
1964,ST H,2,WI,20200,-1.197831306443375,2
1964,ST H,3,WI,20201,-.8532615368019102,2
1964,ST S,16,WI,20204,-.8532615368019102,2
1964,ST S,26,WI,20205,-.8532615368019102,2
1966,ATTY GENL,0,WI,20207,.1869578841944325,3
1966,G,0,WI,20208,-1.740474954093842,5
1966,H,1,WI,20209,.3254924735759079,3
1966,H,2,WI,20210,-.5714745133071006,3
1966,H,6,WI,20212,-.6610297473364386,2
1966,LT GOV,0,WI,20216,-.8171303677905384,2
1966,SEC STATE,0,WI,20217,-.8171303677905384,2
1966,ST H,1,WI,20218,.4679703346279138,3
1966,ST H,2,WI,20219,-1.153909961209558,3
1966,ST H,3,WI,20220,-.8171303677905384,2
1966,ST H,4,WI,20221,-.8171303677905384,2
1966,ST H,5,WI,20222,-.8171303677905384,2
1966,TREASURER,0,WI,20223,.0547923616896908,2
1968,ATTY GENL,0,WI,20224,-1.615998264924842,3
1968,G,0,WI,20225,-1.32061844395253,4
1968,H,1,WI,20226,.2368955106402424,3
1968,H,6,WI,20229,-1.175170603729596,2
1968,H,7,WI,20230,-1.175170603729596,2
1968,H,8,WI,20231,-1.175170603729596,2
1968,LT GOV,0,WI,20232,-1.471924635485553,2
1968,S,0,WI,20233,.1586331535918628,5
1968,SEC STATE,0,WI,20234,-1.471924635485553,2
1968,ST H,1,WI,20235,.0910058067079631,2
1968,ST H,2,WI,20236,-1.12540441498301,2
1970,ATTY GENL,0,WI,20244,-1.582831588073857,3
1970,G,0,WI,20245,-.164908191257809,5
1970,H,1,WI,20246,-.599564822145621,2
1970,H,2,WI,20247,-.7448680306618536,2
1970,LT GOV,0,WI,20248,-.4708435403679847,2
1970,S,0,WI,20249,-.3576504665270569,4
1970,SEC STATE,0,WI,20250,-1.888626648088868,4
1970,ST H,1,WI,20251,.5235714251912786,3
1970,ST H,2,WI,20252,-1.089190969704309,2
1972,H,1,WI,20258,-.2334003723476283,2
1972,ST H,37,WI,20262,.5076733601912158,2
1972,ST H,46,WI,20264,-.7087368613219879,2
1972,ST H,76,WI,20267,-.7087368613219879,2
1972,ST H,77,WI,20268,.5076733601912158,2
1972,ST S,16,WI,20270,-.7087368613219879,2
1972,ST S,26,WI,20271,-.7087368613219879,2
1974,ATTY GENL,0,WI,20272,.2551083476805671,2
1974,G,0,WI,20273,.6245876089084442,4
1974,H,1,WI,20274,.9163222106815891,3
1974,LT GOV,0,WI,20278,.1996461437284239,2
1974,S,0,WI,20279,.6245876089084442,4
1974,SEC STATE,0,WI,20280,-1.235171903183789,3
1974,ST H,37,WI,20281,.5438045295301815,2
1974,ST H,46,WI,20283,-.6726056924189183,2
1974,ST H,77,WI,20285,.5438045295301815,2
1974,ST H,78,WI,20286,-.6726056924189183,2
1974,TREASURER,0,WI,20288,-.2317676334946789,3
1976,H,1,WI,20289,-.4667768900856414,2
1976,S,0,WI,20291,.0565794041568982,4
1976,ST H,37,WI,20292,-.6364745239202821,2
1976,ST H,46,WI,20294,-.6364745239202821,2
1976,ST H,47,WI,20295,.5799356979247969,2
1976,ST H,76,WI,20299,.5799356979247969,2
1976,ST S,16,WI,20301,.5799356979247969,2
1976,ST S,22,WI,20302,.7496333324632762,2
1978,ATTY GENL,0,WI,20304,-.6003433549410467,2
1978,G,0,WI,20305,-1.124045719407565,7
1978,H,1,WI,20306,.7938959762008641,2
1978,H,2,WI,20307,-.6003433549410467,2
1978,LT GOV,0,WI,20309,-.6003433549410467,2
1978,SEC STATE,0,WI,20310,.6160668672234172,2
1978,ST H,38,WI,20312,-.6003433549410467,2
1978,ST H,46,WI,20316,.6160668672234172,2
1978,ST H,47,WI,20317,.6160668672234172,2
1978,ST H,66,WI,20322,-.4225142454946886,2
1978,ST H,77,WI,20324,.6160668672234172,2
1978,ST S,17,WI,20326,.6160668672234172,2
1978,TREASURER,0,WI,20328,-.6003433549410467,2
1980,H,1,WI,20329,.1369732172962389,4
1980,H,2,WI,20330,-.5642121861026301,2
1980,H,3,WI,20331,-.5642121861026301,2
1980,H,6,WI,20332,-.7455989132664009,3
1980,S,0,WI,20335,.3744681892881748,5
1980,ST H,37,WI,20336,.6521980360148347,2
1980,ST H,38,WI,20337,-.5642121861026301,2
1980,ST H,46,WI,20339,-.5642121861026301,2
1980,ST H,47,WI,20340,.6521980360148347,2
1980,ST H,66,WI,20345,-.3782516015384285,2
1980,ST H,76,WI,20346,.6521980360148347,2
1980,ST S,16,WI,20351,.6521980360148347,2
1982,ATTY GENL,0,WI,20354,.3444999258937084,2
1982,G,0,WI,20355,.8970047834675088,5
1982,H,1,WI,20356,.8824212653306309,2
1982,H,2,WI,20357,-.5280810174125175,2
1982,LT GOV,0,WI,20361,.6690285798979887,2
1982,S,0,WI,20362,.8824212653306309,2
1982,SEC STATE,0,WI,20363,-.931505602260328,3
1982,ST H,22,WI,20366,.8824212653306309,2
1982,ST H,37,WI,20369,-.5280810174125175,2
1982,ST H,91,WI,20371,-1.744491239035928,2
1982,ST H,93,WI,20372,-.5280810174125175,2
1982,ST H,94,WI,20373,.6883292044259445,2
1982,ST H,98,WI,20377,-.5280810174125175,2
1982,ST H,99,WI,20378,.6883292044259445,2
1982,ST S,13,WI,20379,-.5280810174125175,2
1982,ST S,27,WI,20382,-.5280810174125175,2
1982,TREASURER,0,WI,20383,-.931505602260328,3
1984,H,1,WI,20384,1.049351972111835,2
1984,H,2,WI,20385,-.4919498485675858,2
1984,ST H,46,WI,20392,.7244603736817526,2
1984,ST H,47,WI,20393,-1.708360070377684,2
1984,ST H,48,WI,20394,.7244603736817526,2
1984,ST H,76,WI,20399,.7244603736817526,2
1984,ST H,77,WI,20400,-.4919498485675858,2
1984,ST H,78,WI,20401,.7244603736817526,2
1984,ST H,79,WI,20402,.7244603736817526,2
1984,ST H,80,WI,20403,-.4919498485675858,2
1984,ST H,81,WI,20404,.7244603736817526,2
1984,ST S,16,WI,20405,-.4919498485675858,2
1984,ST S,26,WI,20407,.7244603736817526,2
1986,ATTY GENL,0,WI,20409,-.958846285696593,4
1986,G,0,WI,20410,.4823857070992868,5
1986,H,1,WI,20411,1.115322274868621,3
1986,H,2,WI,20412,-.4558186798169153,2
1986,S,0,WI,20416,-.9773065603437374,5
1986,SEC STATE,0,WI,20417,-.3506411745155752,4
1986,ST H,38,WI,20420,-1.672228901746607,2
1986,ST H,46,WI,20423,.7605915425480789,2
1986,ST H,76,WI,20435,.7605915425480789,2
1986,ST H,77,WI,20436,-.4558186798169153,2
1986,ST H,78,WI,20437,.7605915425480789,2
1986,ST H,79,WI,20438,.7605915425480789,2
1986,ST H,81,WI,20440,.7605915425480789,2
1986,ST S,17,WI,20445,-.4558186798169153,2
1986,ST S,27,WI,20448,.7605915425480789,2
1986,TREASURER,0,WI,20449,.9709465536857167,2
1988,H,1,WI,20450,1.015209196511451,2
1988,S,0,WI,20453,.7362717851260734,3
1990,ATTY GENL,0,WI,20465,.3707154812803654,3
1990,G,0,WI,20466,-.5391043599325556,5
1990,H,2,WI,20467,.2096129838208272,2
1990,SEC STATE,0,WI,20470,1.082523033527043,2
1990,TREASURER,0,WI,20486,-.4248572053937453,3
1992,H,2,WI,20488,.2205877275594729,2
1992,S,0,WI,20492,.2205877275594729,2
1994,G,0,WI,20498,-.1705743666347377,3
1994,S,0,WI,20501,1.452972547659695,2
1994,TREASURER,0,WI,20508,.231562471407214,2
1996,H,1,WI,20509,-.0758259117794441,3
1996,H,2,WI,20510,-.0758259117794441,3
1996,H,3,WI,20511,.3731976361728623,2
1996,H,6,WI,20514,-.8341626521183466,2
1996,H,8,WI,20516,-.8341626521183466,2
1998,ATTY GENL,0,WI,20523,1.544328592042196,2
1998,G,0,WI,20524,-.310939939842385,4
1998,H,1,WI,20525,.3279183696348297,2
1998,H,2,WI,20526,.3279183696348297,2
1998,H,3,WI,20527,1.544328592042196,2
1998,H,6,WI,20530,-.8753918384708219,2
1998,H,8,WI,20532,-.8753918384708219,2
1998,H,9,WI,20533,-.8884918530908547,2
1998,S,0,WI,20534,1.528259797469592,3
1998,SEC STATE,0,WI,20535,.7085863065784302,3
1998,TREASURER,0,WI,20539,-.8884918530908547,2
2000,H,2,WI,20541,1.499049325282505,2
2000,H,6,WI,20545,-.91662102506434,2
2000,H,8,WI,20547,-.91662102506434,2
2000,S,0,WI,20549,1.504431921386925,3
2002,ATTY GENL,0,WI,20552,1.453770058399188,2
2002,G,0,WI,20553,1.100365495668173,4
2002,H,2,WI,20555,1.453770058399188,2
2002,H,8,WI,20561,-.957850211991779,2
2002,SEC STATE,0,WI,20562,1.453770058399188,2
2002,TREASURER,0,WI,20566,-.9790503856692062,2
2004,H,2,WI,20568,1.408490792106638,2
2004,H,3,WI,20569,1.408490792106638,2
2004,H,5,WI,20570,.1920805700658282,2
2004,H,6,WI,20571,-.9047237787604945,2
2004,S,0,WI,20573,1.528096665249121,2
2006,ATTY GENL,0,WI,20578,.1066569539119773,3
2006,G,0,WI,20579,1.081303282111926,4
2006,H,1,WI,20580,-.2084655604520077,3
2006,H,2,WI,20581,.6024745872568018,3
2006,H,3,WI,20582,1.363211525641057,2
2006,H,5,WI,20584,1.363211525641057,2
2006,H,8,WI,20587,.1261905098435522,3
2006,S,0,WI,20588,1.432948291459313,3
2006,SEC STATE,0,WI,20589,1.363211525641057,2
2006,TREASURER,0,WI,20598,-1.069608918898289,2
2008,H,1,WI,20599,-.05837582236651,2
2008,H,2,WI,20600,-.05837582236651,2
2008,H,3,WI,20601,1.158034399891287,2
2008,ST H,3,WI,20606,-.3907981303921333,2
2008,ST H,5,WI,20608,2.042022314981395,2
2008,ST H,6,WI,20609,.8256120920237241,2
2008,ST H,37,WI,20610,1.158034399891287,2
2008,ST H,42,WI,20614,-.05837582236651,2
2008,ST H,46,WI,20617,1.158034399891287,2
2008,ST H,47,WI,20618,-.05837582236651,2
2008,ST H,50,WI,20620,-.05837582236651,2
2008,ST H,51,WI,20621,-.05837582236651,2
2008,ST H,79,WI,20624,1.158034399891287,2
2008,ST H,80,WI,20625,-.05837582236651,2
2010,ATTY GENL,0,WI,20630,-.0222446535730805,2
2010,G,0,WI,20631,.3567609138135308,2
2010,S,0,WI,20637,1.182903623522231,3
2010,ST H,37,WI,20640,1.194165568892856,2
2010,ST H,46,WI,20646,1.194165568892856,2
2010,ST H,48,WI,20648,1.194165568892856,2
2010,ST H,76,WI,20653,1.194165568892856,2
2010,ST H,79,WI,20656,1.194165568892856,2
2010,ST S,13,WI,20660,-1.238654875660557,2
2010,ST S,15,WI,20661,1.194165568892856,2
2010,ST S,17,WI,20662,-.0222446535730805,2
2010,ST S,27,WI,20663,1.194165568892856,2
2012,H,2,WI,20665,1.230296738078849,2
2012,S,0,WI,20667,.8623464465384147,3
2012,ST H,37,WI,20671,1.230296738078849,2
2012,ST H,38,WI,20672,1.230296738078849,2
2012,ST H,43,WI,20675,.0138865155452084,2
2012,ST H,46,WI,20678,.0138865155452084,2
2012,ST H,47,WI,20679,1.230296738078849,2
2012,ST H,80,WI,20691,1.230296738078849,2
2012,ST H,81,WI,20692,1.230296738078849,2
2012,ST S,14,WI,20693,-.2584669601701796,3
2014,G,0,WI,20697,1.31192856051968,2
2018,G,0,WI,20723,1.338690243743339,2
2018,S,0,WI,20724,1.338690243743339,2
1996,AGRIC,0,WV,20768,1.118440712078682,2
1996,ATTY GENL,0,WV,20769,-1.314379733271207,2
1996,G,0,WV,20770,-1.314379733271207,2
1996,H,2,WV,20771,-.097969511108858,2
1996,JUSTICE,1,WV,20772,-.097969511108858,2
1996,JUSTICE,97,WV,20773,-.097969511048802,4
1996,SEC STATE,0,WV,20775,-.097969511108858,2
2000,G,0,WV,20779,.0379763936363264,2
2000,H,2,WV,20780,.0379763936363264,2
2000,S,0,WV,20782,1.254386615539773,2
2000,SEC STATE,0,WV,20783,1.254386615539773,2
2004,ATTY GENL,0,WV,20788,.1739222975777301,2
2004,AUDITOR,0,WV,20789,1.390332519872443,2
2004,G,0,WV,20790,1.390332519872443,2
2004,H,2,WV,20791,.1739222975777301,2
2004,SEC STATE,0,WV,20793,.1739222975777301,2
2006,H,2,WV,20795,.2418952497289168,2
2006,S,0,WV,20797,1.458305471826151,2
1952,PRESIDENT,,PRES,1001952,-.9708356561551198,161
1956,PRESIDENT,,PRES,1001956,-.8623805599752471,142
1960,PRESIDENT,,PRES,1001960,-.7705579063885475,169
1964,PRESIDENT,,PRES,1001964,.4333203680089266,148
1968,PRESIDENT,,PRES,1001968,-.7542028882565182,170
1972,PRESIDENT,,PRES,1001972,-.9827491835516291,134
1976,PRESIDENT,,PRES,1001976,-.6017830084145569,170
1980,PRESIDENT,,PRES,1001980,-.5531146825214391,189
1984,PRESIDENT,,PRES,1001984,-.5219111509910834,207
1988,PRESIDENT,,PRES,1001988,-.4055430708701094,162
1992,PRESIDENT,,PRES,1001992,.1535667851188275,143
1996,PRESIDENT,,PRES,1001996,.077711860321091,128
2000,PRESIDENT,,PRES,1002000,-.2815064620623814,178
2004,PRESIDENT,,PRES,1002004,.0412752299979137,217
2008,PRESIDENT,,PRES,1002008,.3854861804577092,183
2012,PRESIDENT,,PRES,1002012,.02279170075418,67
2016,PRESIDENT,,PRES,1002016,.7311033579530317,67
2020,PRESIDENT,,PRES,1002020,.4607670362470984,45
