date,line,quantity,unit,value,low,high,band_kind,n_sources
2025-01-20,polling,house_prob,prob,0.4379,0.1497,0.5684,spread,5
2025-01-20,academic,house_prob,prob,0.6037,0.2496,0.9222,spread,5
2025-01-21,polling,house_prob,prob,0.4379,0.1497,0.5684,spread,5
2025-01-21,academic,house_prob,prob,0.6068,0.2496,0.9222,spread,5
2025-01-22,polling,house_prob,prob,0.4379,0.1497,0.5684,spread,5
2025-01-22,academic,house_prob,prob,0.6061,0.2496,0.9222,spread,5
2025-01-23,polling,house_prob,prob,0.4379,0.1497,0.5684,spread,5
2025-01-23,academic,house_prob,prob,0.6054,0.2496,0.9222,spread,5
2025-01-24,polling,house_prob,prob,0.4379,0.1497,0.5684,spread,5
2025-01-24,academic,house_prob,prob,0.6054,0.2496,0.9222,spread,5
2025-01-25,polling,house_prob,prob,0.4379,0.1497,0.5684,spread,5
2025-01-25,academic,house_prob,prob,0.6054,0.2496,0.9222,spread,5
2025-01-26,polling,house_prob,prob,0.4467,0.1933,0.5684,spread,5
2025-01-26,academic,house_prob,prob,0.6119,0.2496,0.9222,spread,5
2025-01-27,polling,house_prob,prob,0.4392,0.1558,0.5684,spread,5
2025-01-27,academic,house_prob,prob,0.6064,0.2496,0.9222,spread,5
2025-01-28,polling,house_prob,prob,0.4392,0.1558,0.5684,spread,5
2025-01-28,academic,house_prob,prob,0.5964,0.2496,0.9222,spread,5
2025-01-29,polling,house_prob,prob,0.4392,0.1558,0.5684,spread,5
2025-01-29,academic,house_prob,prob,0.5964,0.2496,0.9222,spread,5
2025-01-30,polling,house_prob,prob,0.4392,0.1558,0.5684,spread,5
2025-01-30,academic,house_prob,prob,0.5964,0.2496,0.9222,spread,5
2025-01-31,polling,house_prob,prob,0.4392,0.1558,0.5684,spread,5
2025-01-31,academic,house_prob,prob,0.5967,0.2496,0.9222,spread,5
2025-02-01,polling,house_prob,prob,0.4455,0.1873,0.5684,spread,5
2025-02-01,academic,house_prob,prob,0.6007,0.2496,0.9222,spread,5
2025-02-02,polling,house_prob,prob,0.4471,0.1953,0.5684,spread,5
2025-02-02,academic,house_prob,prob,0.602,0.2496,0.9222,spread,5
2025-02-03,polling,house_prob,prob,0.4471,0.1953,0.5684,spread,5
2025-02-03,academic,house_prob,prob,0.602,0.2496,0.9222,spread,5
2025-02-04,polling,house_prob,prob,0.4471,0.1953,0.5684,spread,5
2025-02-04,academic,house_prob,prob,0.6021,0.2496,0.9222,spread,5
2025-02-05,polling,house_prob,prob,0.4501,0.2106,0.5684,spread,5
2025-02-05,academic,house_prob,prob,0.6043,0.2496,0.9222,spread,5
2025-02-06,polling,house_prob,prob,0.4614,0.2671,0.5684,spread,5
2025-02-06,academic,house_prob,prob,0.6115,0.2496,0.9222,spread,5
2025-02-07,polling,house_prob,prob,0.4614,0.2671,0.5684,spread,5
2025-02-07,academic,house_prob,prob,0.6112,0.2496,0.9222,spread,5
2025-02-08,polling,house_prob,prob,0.4614,0.2671,0.5684,spread,5
2025-02-08,academic,house_prob,prob,0.6112,0.2496,0.9222,spread,5
2025-02-09,polling,house_prob,prob,0.4606,0.2631,0.5684,spread,5
2025-02-09,academic,house_prob,prob,0.6106,0.2496,0.9222,spread,5
2025-02-10,polling,house_prob,prob,0.4606,0.2631,0.5684,spread,5
2025-02-10,academic,house_prob,prob,0.6109,0.2496,0.9222,spread,5
2025-02-11,polling,house_prob,prob,0.4606,0.2631,0.5684,spread,5
2025-02-11,academic,house_prob,prob,0.6114,0.2496,0.9222,spread,5
2025-02-12,polling,house_prob,prob,0.4606,0.2631,0.5684,spread,5
2025-02-12,academic,house_prob,prob,0.6114,0.2496,0.9222,spread,5
2025-02-13,polling,house_prob,prob,0.4619,0.2694,0.5684,spread,5
2025-02-13,academic,house_prob,prob,0.612,0.2496,0.9222,spread,5
2025-02-14,polling,house_prob,prob,0.4619,0.2694,0.5684,spread,5
2025-02-14,academic,house_prob,prob,0.6119,0.2496,0.9222,spread,5
2025-02-15,polling,house_prob,prob,0.4619,0.2694,0.5684,spread,5
2025-02-15,academic,house_prob,prob,0.6119,0.2496,0.9222,spread,5
2025-02-16,polling,house_prob,prob,0.462,0.2701,0.5684,spread,5
2025-02-16,academic,house_prob,prob,0.6117,0.2496,0.9222,spread,5
2025-02-17,polling,house_prob,prob,0.4666,0.2928,0.5684,spread,5
2025-02-17,academic,house_prob,prob,0.6144,0.2496,0.9222,spread,5
2025-02-18,polling,house_prob,prob,0.4638,0.2789,0.5684,spread,5
2025-02-18,academic,house_prob,prob,0.5992,0.2496,0.9222,spread,5
2025-02-19,polling,house_prob,prob,0.4638,0.2789,0.5684,spread,5
2025-02-19,academic,house_prob,prob,0.5993,0.2496,0.9222,spread,5
2025-02-20,polling,house_prob,prob,0.4638,0.2789,0.5684,spread,5
2025-02-20,academic,house_prob,prob,0.5994,0.2496,0.9222,spread,5
2025-02-21,polling,house_prob,prob,0.4636,0.2779,0.5684,spread,5
2025-02-21,academic,house_prob,prob,0.5996,0.2496,0.9222,spread,5
2025-02-22,polling,house_prob,prob,0.4618,0.269,0.5684,spread,5
2025-02-22,academic,house_prob,prob,0.5986,0.2496,0.9222,spread,5
2025-02-23,polling,house_prob,prob,0.4601,0.2604,0.5684,spread,5
2025-02-23,academic,house_prob,prob,0.5975,0.2496,0.9222,spread,5
2025-02-24,polling,house_prob,prob,0.4601,0.2604,0.5684,spread,5
2025-02-24,academic,house_prob,prob,0.5974,0.2496,0.9222,spread,5
2025-02-25,polling,house_prob,prob,0.4601,0.2604,0.5684,spread,5
2025-02-25,academic,house_prob,prob,0.5973,0.2496,0.9222,spread,5
2025-02-26,polling,house_prob,prob,0.459,0.2551,0.5684,spread,5
2025-02-26,academic,house_prob,prob,0.5966,0.2496,0.9222,spread,5
2025-02-27,polling,house_prob,prob,0.4555,0.2374,0.5684,spread,5
2025-02-27,academic,house_prob,prob,0.5945,0.2496,0.9222,spread,5
2025-02-28,polling,house_prob,prob,0.4555,0.2374,0.5684,spread,5
2025-02-28,academic,house_prob,prob,0.5943,0.2496,0.9222,spread,5
2025-03-01,polling,house_prob,prob,0.4555,0.2374,0.5684,spread,5
2025-03-01,academic,house_prob,prob,0.6083,0.2496,0.9222,spread,5
2025-03-02,polling,house_prob,prob,0.4569,0.2445,0.5684,spread,5
2025-03-02,academic,house_prob,prob,0.6092,0.2496,0.9222,spread,5
2025-03-03,polling,house_prob,prob,0.4616,0.2679,0.5684,spread,5
2025-03-03,academic,house_prob,prob,0.6123,0.2496,0.9222,spread,5
2025-03-04,polling,house_prob,prob,0.4616,0.2679,0.5684,spread,5
2025-03-04,academic,house_prob,prob,0.6123,0.2496,0.9222,spread,5
2025-03-05,polling,house_prob,prob,0.4644,0.2822,0.5684,spread,5
2025-03-05,academic,house_prob,prob,0.6137,0.2496,0.9222,spread,5
2025-03-06,polling,house_prob,prob,0.4639,0.2795,0.5684,spread,5
2025-03-06,academic,house_prob,prob,0.6133,0.2496,0.9222,spread,5
2025-03-07,polling,house_prob,prob,0.4631,0.2756,0.5684,spread,5
2025-03-07,academic,house_prob,prob,0.6128,0.2496,0.9222,spread,5
2025-03-08,polling,house_prob,prob,0.4631,0.2756,0.5684,spread,5
2025-03-08,academic,house_prob,prob,0.6128,0.2496,0.9222,spread,5
2025-03-09,polling,house_prob,prob,0.4665,0.2925,0.5684,spread,5
2025-03-09,academic,house_prob,prob,0.6146,0.2496,0.9222,spread,5
2025-03-10,polling,house_prob,prob,0.4692,0.3058,0.5684,spread,5
2025-03-10,academic,house_prob,prob,0.616,0.2496,0.9222,spread,5
2025-03-11,polling,house_prob,prob,0.4752,0.3358,0.5684,spread,5
2025-03-11,academic,house_prob,prob,0.619,0.2496,0.9222,spread,5
2025-03-12,polling,house_prob,prob,0.4752,0.3358,0.5684,spread,5
2025-03-12,academic,house_prob,prob,0.6027,0.2496,0.9222,spread,5
2025-03-13,polling,house_prob,prob,0.4748,0.3341,0.5684,spread,5
2025-03-13,academic,house_prob,prob,0.6027,0.2496,0.9222,spread,5
2025-03-14,polling,house_prob,prob,0.4761,0.3407,0.5684,spread,5
2025-03-14,academic,house_prob,prob,0.6037,0.2496,0.9222,spread,5
2025-03-15,polling,house_prob,prob,0.4761,0.3407,0.5684,spread,5
2025-03-15,academic,house_prob,prob,0.6038,0.2496,0.9222,spread,5
2025-03-16,polling,house_prob,prob,0.4792,0.3559,0.5684,spread,5
2025-03-16,academic,house_prob,prob,0.6053,0.2496,0.9222,spread,5
2025-03-17,polling,house_prob,prob,0.4792,0.3558,0.5684,spread,5
2025-03-17,academic,house_prob,prob,0.6054,0.2496,0.9222,spread,5
2025-03-18,polling,house_prob,prob,0.4792,0.3558,0.5684,spread,5
2025-03-18,academic,house_prob,prob,0.6053,0.2496,0.9222,spread,5
2025-03-19,polling,house_prob,prob,0.4795,0.3575,0.5684,spread,5
2025-03-19,academic,house_prob,prob,0.6059,0.2496,0.9222,spread,5
2025-03-20,polling,house_prob,prob,0.4795,0.3575,0.5684,spread,5
2025-03-20,academic,house_prob,prob,0.6062,0.2496,0.9222,spread,5
2025-03-21,polling,house_prob,prob,0.4795,0.3575,0.5684,spread,5
2025-03-21,academic,house_prob,prob,0.6062,0.2496,0.9222,spread,5
2025-03-22,polling,house_prob,prob,0.4795,0.3574,0.5684,spread,5
2025-03-22,academic,house_prob,prob,0.6063,0.2496,0.9222,spread,5
2025-03-23,polling,house_prob,prob,0.4817,0.3683,0.5684,spread,5
2025-03-23,academic,house_prob,prob,0.6074,0.2496,0.9222,spread,5
2025-03-24,polling,house_prob,prob,0.478,0.3502,0.5684,spread,5
2025-03-24,academic,house_prob,prob,0.6055,0.2496,0.9222,spread,5
2025-03-25,polling,house_prob,prob,0.478,0.3499,0.5684,spread,5
2025-03-25,academic,house_prob,prob,0.6056,0.2496,0.9222,spread,5
2025-03-26,polling,house_prob,prob,0.4755,0.3376,0.5684,spread,5
2025-03-26,academic,house_prob,prob,0.6045,0.2496,0.9222,spread,5
2025-03-27,polling,house_prob,prob,0.4755,0.3375,0.5684,spread,5
2025-03-27,academic,house_prob,prob,0.6043,0.2496,0.9222,spread,5
2025-03-28,polling,house_prob,prob,0.4784,0.3518,0.5684,spread,5
2025-03-28,academic,house_prob,prob,0.6057,0.2496,0.9222,spread,5
2025-03-29,polling,house_prob,prob,0.4783,0.3517,0.5684,spread,5
2025-03-29,academic,house_prob,prob,0.6057,0.2496,0.9222,spread,5
2025-03-30,polling,house_prob,prob,0.4764,0.3421,0.5684,spread,5
2025-03-30,academic,house_prob,prob,0.6047,0.2496,0.9222,spread,5
2025-03-31,polling,house_prob,prob,0.4764,0.3419,0.5684,spread,5
2025-03-31,academic,house_prob,prob,0.6047,0.2496,0.9222,spread,5
2025-04-01,polling,house_prob,prob,0.4764,0.3419,0.5684,spread,5
2025-04-01,academic,house_prob,prob,0.6069,0.2496,0.9222,spread,5
2025-04-02,polling,house_prob,prob,0.4764,0.3418,0.5684,spread,5
2025-04-02,academic,house_prob,prob,0.6069,0.2496,0.9222,spread,5
2025-04-03,polling,house_prob,prob,0.4826,0.3729,0.5684,spread,5
2025-04-03,academic,house_prob,prob,0.6099,0.2496,0.9222,spread,5
2025-04-04,polling,house_prob,prob,0.4826,0.3729,0.5684,spread,5
2025-04-04,academic,house_prob,prob,0.6099,0.2496,0.9222,spread,5
2025-04-05,polling,house_prob,prob,0.4826,0.3729,0.5684,spread,5
2025-04-05,academic,house_prob,prob,0.6099,0.2496,0.9222,spread,5
2025-04-06,polling,house_prob,prob,0.4847,0.3834,0.5684,spread,5
2025-04-06,academic,house_prob,prob,0.6111,0.2496,0.9222,spread,5
2025-04-07,polling,house_prob,prob,0.4847,0.3833,0.5684,spread,5
2025-04-07,academic,house_prob,prob,0.6107,0.2496,0.9222,spread,5
2025-04-08,polling,house_prob,prob,0.486,0.3901,0.5684,spread,5
2025-04-08,academic,house_prob,prob,0.6117,0.2496,0.9222,spread,5
2025-04-09,polling,house_prob,prob,0.4863,0.3914,0.5684,spread,5
2025-04-09,academic,house_prob,prob,0.6119,0.2496,0.9222,spread,5
2025-04-10,polling,house_prob,prob,0.4889,0.4043,0.5684,spread,5
2025-04-10,academic,house_prob,prob,0.6135,0.2496,0.9222,spread,5
2025-04-11,polling,house_prob,prob,0.4888,0.4042,0.5684,spread,5
2025-04-11,academic,house_prob,prob,0.6137,0.2496,0.9222,spread,5
2025-04-12,polling,house_prob,prob,0.4933,0.4265,0.5684,spread,5
2025-04-12,academic,house_prob,prob,0.6159,0.2496,0.9222,spread,5
2025-04-13,polling,house_prob,prob,0.4968,0.4442,0.5684,spread,5
2025-04-13,academic,house_prob,prob,0.6178,0.2496,0.9222,spread,5
2025-04-14,polling,house_prob,prob,0.4939,0.4294,0.5684,spread,5
2025-04-14,academic,house_prob,prob,0.6162,0.2496,0.9222,spread,5
2025-04-15,polling,house_prob,prob,0.4939,0.4294,0.5684,spread,5
2025-04-15,academic,house_prob,prob,0.6165,0.2496,0.9222,spread,5
2025-04-16,polling,house_prob,prob,0.4975,0.4475,0.5684,spread,5
2025-04-16,academic,house_prob,prob,0.6184,0.2496,0.9222,spread,5
2025-04-17,polling,house_prob,prob,0.4975,0.4474,0.5684,spread,5
2025-04-17,academic,house_prob,prob,0.6185,0.2496,0.9222,spread,5
2025-04-18,polling,house_prob,prob,0.4991,0.4556,0.5684,spread,5
2025-04-18,academic,house_prob,prob,0.6192,0.2496,0.9222,spread,5
2025-04-19,polling,house_prob,prob,0.4971,0.4456,0.5684,spread,5
2025-04-19,academic,house_prob,prob,0.6183,0.2496,0.9222,spread,5
2025-04-20,polling,house_prob,prob,0.4984,0.4518,0.5684,spread,5
2025-04-20,academic,house_prob,prob,0.6187,0.2496,0.9222,spread,5
2025-04-21,polling,house_prob,prob,0.5026,0.4729,0.5684,spread,5
2025-04-21,academic,house_prob,prob,0.6214,0.2496,0.9222,spread,5
2025-04-22,polling,house_prob,prob,0.5029,0.4743,0.5684,spread,5
2025-04-22,academic,house_prob,prob,0.6221,0.2496,0.9222,spread,5
2025-04-23,polling,house_prob,prob,0.5029,0.4743,0.5684,spread,5
2025-04-23,academic,house_prob,prob,0.6035,0.2496,0.9222,spread,5
2025-04-24,polling,house_prob,prob,0.5047,0.4801,0.5684,spread,5
2025-04-24,academic,house_prob,prob,0.604,0.2496,0.9222,spread,5
2025-04-25,polling,house_prob,prob,0.5047,0.4801,0.5684,spread,5
2025-04-25,academic,house_prob,prob,0.6042,0.2496,0.9222,spread,5
2025-04-26,polling,house_prob,prob,0.5047,0.4801,0.5684,spread,5
2025-04-26,academic,house_prob,prob,0.6042,0.2496,0.9222,spread,5
2025-04-27,polling,house_prob,prob,0.5079,0.4801,0.5684,spread,5
2025-04-27,academic,house_prob,prob,0.6055,0.2496,0.9222,spread,5
2025-04-28,polling,house_prob,prob,0.5079,0.4801,0.5684,spread,5
2025-04-28,academic,house_prob,prob,0.6056,0.2496,0.9222,spread,5
2025-04-29,polling,house_prob,prob,0.5055,0.4801,0.5684,spread,5
2025-04-29,academic,house_prob,prob,0.6047,0.2496,0.9222,spread,5
2025-04-30,polling,house_prob,prob,0.5065,0.4801,0.5684,spread,5
2025-04-30,academic,house_prob,prob,0.605,0.2496,0.9222,spread,5
2025-05-01,polling,house_prob,prob,0.5063,0.4801,0.5684,spread,5
2025-05-01,academic,house_prob,prob,0.6053,0.2496,0.9222,spread,5
2025-05-02,polling,house_prob,prob,0.5063,0.4801,0.5684,spread,5
2025-05-02,academic,house_prob,prob,0.6054,0.2496,0.9222,spread,5
2025-05-03,polling,house_prob,prob,0.5055,0.4801,0.5684,spread,5
2025-05-03,academic,house_prob,prob,0.605,0.2496,0.9222,spread,5
2025-05-04,polling,house_prob,prob,0.5065,0.4801,0.5684,spread,5
2025-05-04,academic,house_prob,prob,0.6056,0.2496,0.9222,spread,5
2025-05-05,polling,house_prob,prob,0.5119,0.4801,0.5684,spread,5
2025-05-05,academic,house_prob,prob,0.6076,0.2496,0.9222,spread,5
2025-05-06,polling,house_prob,prob,0.516,0.4801,0.5684,spread,5
2025-05-06,academic,house_prob,prob,0.6093,0.2496,0.9222,spread,5
2025-05-07,polling,house_prob,prob,0.513,0.4801,0.5684,spread,5
2025-05-07,academic,house_prob,prob,0.608,0.2496,0.9222,spread,5
2025-05-08,polling,house_prob,prob,0.5111,0.4801,0.5684,spread,5
2025-05-08,academic,house_prob,prob,0.6072,0.2496,0.9222,spread,5
2025-05-09,polling,house_prob,prob,0.5111,0.4801,0.5684,spread,5
2025-05-09,academic,house_prob,prob,0.6073,0.2496,0.9222,spread,5
2025-05-10,polling,house_prob,prob,0.5153,0.4801,0.5684,spread,5
2025-05-10,academic,house_prob,prob,0.609,0.2496,0.9222,spread,5
2025-05-11,polling,house_prob,prob,0.5131,0.4801,0.5684,spread,5
2025-05-11,academic,house_prob,prob,0.608,0.2496,0.9222,spread,5
2025-05-12,polling,house_prob,prob,0.5037,0.4783,0.5684,spread,5
2025-05-12,academic,house_prob,prob,0.6042,0.2496,0.9222,spread,5
2025-05-13,polling,house_prob,prob,0.5037,0.4783,0.5684,spread,5
2025-05-13,academic,house_prob,prob,0.6041,0.2496,0.9222,spread,5
2025-05-14,polling,house_prob,prob,0.5037,0.4783,0.5684,spread,5
2025-05-14,academic,house_prob,prob,0.6042,0.2496,0.9222,spread,5
2025-05-15,polling,house_prob,prob,0.502,0.4701,0.5684,spread,5
2025-05-15,academic,house_prob,prob,0.6032,0.2496,0.9222,spread,5
2025-05-16,polling,house_prob,prob,0.5016,0.4682,0.5684,spread,5
2025-05-16,academic,house_prob,prob,0.6029,0.2496,0.9222,spread,5
2025-05-17,polling,house_prob,prob,0.5016,0.4681,0.5684,spread,5
2025-05-17,academic,house_prob,prob,0.6027,0.2496,0.9222,spread,5
2025-05-18,polling,house_prob,prob,0.4952,0.4359,0.5684,spread,5
2025-05-18,academic,house_prob,prob,0.5995,0.2496,0.9222,spread,5
2025-05-19,polling,house_prob,prob,0.4944,0.4319,0.5684,spread,5
2025-05-19,academic,house_prob,prob,0.5991,0.2496,0.9222,spread,5
2025-05-20,polling,house_prob,prob,0.4971,0.4456,0.5684,spread,5
2025-05-20,academic,house_prob,prob,0.6006,0.2496,0.9222,spread,5
2025-05-21,polling,house_prob,prob,0.4971,0.4455,0.5684,spread,5
2025-05-21,academic,house_prob,prob,0.6005,0.2496,0.9222,spread,5
2025-05-22,polling,house_prob,prob,0.4971,0.4454,0.5684,spread,5
2025-05-22,academic,house_prob,prob,0.6007,0.2496,0.9222,spread,5
2025-05-23,polling,house_prob,prob,0.4971,0.4454,0.5684,spread,5
2025-05-23,academic,house_prob,prob,0.6007,0.2496,0.9222,spread,5
2025-05-24,polling,house_prob,prob,0.497,0.4452,0.5684,spread,5
2025-05-24,academic,house_prob,prob,0.6007,0.2496,0.9222,spread,5
2025-05-25,polling,house_prob,prob,0.4949,0.4343,0.5684,spread,5
2025-05-25,academic,house_prob,prob,0.5993,0.2496,0.9222,spread,5
2025-05-26,polling,house_prob,prob,0.491,0.4149,0.5684,spread,5
2025-05-26,academic,house_prob,prob,0.5976,0.2496,0.9222,spread,5
2025-05-27,polling,house_prob,prob,0.4942,0.4309,0.5684,spread,5
2025-05-27,academic,house_prob,prob,0.5992,0.2496,0.9222,spread,5
2025-05-28,polling,house_prob,prob,0.4942,0.4309,0.5684,spread,5
2025-05-28,academic,house_prob,prob,0.5992,0.2496,0.9222,spread,5
2025-05-29,polling,house_prob,prob,0.4946,0.433,0.5684,spread,5
2025-05-29,academic,house_prob,prob,0.5994,0.2496,0.9222,spread,5
2025-05-30,polling,house_prob,prob,0.492,0.42,0.5684,spread,5
2025-05-30,academic,house_prob,prob,0.5985,0.2496,0.9222,spread,5
2025-05-31,polling,house_prob,prob,0.492,0.42,0.5684,spread,5
2025-05-31,academic,house_prob,prob,0.5985,0.2496,0.9222,spread,5
2025-06-01,polling,house_prob,prob,0.4927,0.4237,0.5684,spread,5
2025-06-01,academic,house_prob,prob,0.5928,0.2496,0.9222,spread,5
2025-06-02,polling,house_prob,prob,0.4959,0.4393,0.5684,spread,5
2025-06-02,academic,house_prob,prob,0.5941,0.2496,0.9224,spread,5
2025-06-03,polling,house_prob,prob,0.4958,0.4392,0.5684,spread,5
2025-06-03,academic,house_prob,prob,0.5939,0.2496,0.9224,spread,5
2025-06-04,polling,house_prob,prob,0.4954,0.437,0.5684,spread,5
2025-06-04,academic,house_prob,prob,0.5936,0.2496,0.9226,spread,5
2025-06-05,polling,house_prob,prob,0.4954,0.437,0.5684,spread,5
2025-06-05,academic,house_prob,prob,0.5942,0.2496,0.9227,spread,5
2025-06-06,polling,house_prob,prob,0.5007,0.4634,0.5684,spread,5
2025-06-06,academic,house_prob,prob,0.5968,0.2496,0.9228,spread,5
2025-06-07,polling,house_prob,prob,0.5007,0.4634,0.5684,spread,5
2025-06-07,academic,house_prob,prob,0.5969,0.2496,0.923,spread,5
2025-06-08,polling,house_prob,prob,0.4998,0.4591,0.5684,spread,5
2025-06-08,academic,house_prob,prob,0.5966,0.2496,0.9231,spread,5
2025-06-09,polling,house_prob,prob,0.5002,0.4612,0.5684,spread,5
2025-06-09,academic,house_prob,prob,0.5967,0.2496,0.9232,spread,5
2025-06-10,polling,house_prob,prob,0.5002,0.4612,0.5684,spread,5
2025-06-10,academic,house_prob,prob,0.5965,0.2496,0.9234,spread,5
2025-06-11,polling,house_prob,prob,0.4951,0.4354,0.5684,spread,5
2025-06-11,academic,house_prob,prob,0.5939,0.2496,0.9235,spread,5
2025-06-12,polling,house_prob,prob,0.5019,0.4693,0.5684,spread,5
2025-06-12,academic,house_prob,prob,0.5973,0.2496,0.9235,spread,5
2025-06-13,polling,house_prob,prob,0.5018,0.4692,0.5684,spread,5
2025-06-13,academic,house_prob,prob,0.5974,0.2496,0.9236,spread,5
2025-06-14,polling,house_prob,prob,0.5075,0.4801,0.5684,spread,5
2025-06-14,academic,house_prob,prob,0.6001,0.2496,0.9237,spread,5
2025-06-15,polling,house_prob,prob,0.5014,0.4668,0.5684,spread,5
2025-06-15,academic,house_prob,prob,0.5972,0.2496,0.9238,spread,5
2025-06-16,polling,house_prob,prob,0.5055,0.4801,0.5684,spread,5
2025-06-16,academic,house_prob,prob,0.5997,0.2496,0.9238,spread,5
2025-06-17,polling,house_prob,prob,0.4982,0.4508,0.5684,spread,5
2025-06-17,academic,house_prob,prob,0.5959,0.2496,0.924,spread,5
2025-06-18,polling,house_prob,prob,0.4967,0.4433,0.5684,spread,5
2025-06-18,academic,house_prob,prob,0.5953,0.2496,0.9243,spread,5
2025-06-19,polling,house_prob,prob,0.4902,0.4112,0.5684,spread,5
2025-06-19,academic,house_prob,prob,0.5917,0.2496,0.9244,spread,5
2025-06-20,polling,house_prob,prob,0.4902,0.4111,0.5684,spread,5
2025-06-20,academic,house_prob,prob,0.5922,0.2496,0.9244,spread,5
2025-06-21,polling,house_prob,prob,0.4914,0.4169,0.5684,spread,5
2025-06-21,academic,house_prob,prob,0.5928,0.2496,0.9245,spread,5
2025-06-22,polling,house_prob,prob,0.4921,0.4203,0.5684,spread,5
2025-06-22,academic,house_prob,prob,0.5932,0.2496,0.9246,spread,5
2025-06-23,polling,house_prob,prob,0.4956,0.438,0.5684,spread,5
2025-06-23,academic,house_prob,prob,0.5953,0.2496,0.9248,spread,5
2025-06-24,polling,house_prob,prob,0.4956,0.4379,0.5684,spread,5
2025-06-24,academic,house_prob,prob,0.5955,0.2496,0.925,spread,5
2025-06-25,polling,house_prob,prob,0.4987,0.4533,0.5684,spread,5
2025-06-25,academic,house_prob,prob,0.5972,0.2496,0.9252,spread,5
2025-06-26,polling,house_prob,prob,0.4987,0.4533,0.5684,spread,5
2025-06-26,academic,house_prob,prob,0.597,0.2496,0.9252,spread,5
2025-06-27,polling,house_prob,prob,0.4953,0.4366,0.5684,spread,5
2025-06-27,academic,house_prob,prob,0.5953,0.2496,0.9253,spread,5
2025-06-28,polling,house_prob,prob,0.4953,0.4365,0.5684,spread,5
2025-06-28,academic,house_prob,prob,0.5952,0.2496,0.9255,spread,5
2025-06-29,polling,house_prob,prob,0.4967,0.4436,0.5684,spread,5
2025-06-29,academic,house_prob,prob,0.5961,0.2496,0.9255,spread,5
2025-06-30,polling,house_prob,prob,0.4992,0.4558,0.5684,spread,5
2025-06-30,academic,house_prob,prob,0.5989,0.2496,0.9337,spread,5
2025-07-01,polling,house_prob,prob,0.4991,0.4557,0.5684,spread,5
2025-07-01,academic,house_prob,prob,0.6017,0.2496,0.9385,spread,5
2025-07-02,polling,house_prob,prob,0.5012,0.4661,0.5684,spread,5
2025-07-02,academic,house_prob,prob,0.6027,0.2496,0.9385,spread,5
2025-07-03,polling,house_prob,prob,0.497,0.4452,0.5684,spread,5
2025-07-03,academic,house_prob,prob,0.6007,0.2496,0.9387,spread,5
2025-07-04,polling,house_prob,prob,0.497,0.4452,0.5684,spread,5
2025-07-04,academic,house_prob,prob,0.6004,0.2496,0.9388,spread,5
2025-07-05,polling,house_prob,prob,0.4917,0.4184,0.5684,spread,5
2025-07-05,academic,house_prob,prob,0.5978,0.2496,0.9388,spread,5
2025-07-06,polling,house_prob,prob,0.4991,0.4556,0.5684,spread,5
2025-07-06,academic,house_prob,prob,0.6015,0.2496,0.9389,spread,5
2025-07-07,polling,house_prob,prob,0.4995,0.4574,0.5684,spread,5
2025-07-07,academic,house_prob,prob,0.6014,0.2496,0.9391,spread,5
2025-07-08,polling,house_prob,prob,0.5018,0.4692,0.5684,spread,5
2025-07-08,academic,house_prob,prob,0.6026,0.2496,0.9393,spread,5
2025-07-09,polling,house_prob,prob,0.5046,0.4801,0.5684,spread,5
2025-07-09,academic,house_prob,prob,0.604,0.2496,0.9393,spread,5
2025-07-10,polling,house_prob,prob,0.5173,0.4801,0.5684,spread,5
2025-07-10,academic,house_prob,prob,0.6093,0.2496,0.9395,spread,5
2025-07-11,polling,house_prob,prob,0.5173,0.4801,0.5684,spread,5
2025-07-11,academic,house_prob,prob,0.6093,0.2496,0.9395,spread,5
2025-07-12,polling,house_prob,prob,0.5175,0.4801,0.5684,spread,5
2025-07-12,academic,house_prob,prob,0.6096,0.2496,0.9397,spread,5
2025-07-13,polling,house_prob,prob,0.5198,0.4801,0.5684,spread,5
2025-07-13,academic,house_prob,prob,0.6111,0.2496,0.9401,spread,5
2025-07-14,polling,house_prob,prob,0.5034,0.477,0.5684,spread,5
2025-07-14,academic,house_prob,prob,0.6046,0.2496,0.9401,spread,5
2025-07-15,polling,house_prob,prob,0.5034,0.477,0.5684,spread,5
2025-07-15,academic,house_prob,prob,0.6046,0.2496,0.9402,spread,5
2025-07-16,polling,house_prob,prob,0.4953,0.4363,0.5684,spread,5
2025-07-16,academic,house_prob,prob,0.6003,0.2496,0.9403,spread,5
2025-07-17,polling,house_prob,prob,0.4985,0.4526,0.5684,spread,5
2025-07-17,academic,house_prob,prob,0.6019,0.2496,0.9405,spread,5
2025-07-18,polling,house_prob,prob,0.5061,0.4801,0.5684,spread,5
2025-07-18,academic,house_prob,prob,0.6056,0.2496,0.9405,spread,5
2025-07-19,polling,house_prob,prob,0.5061,0.4801,0.5684,spread,5
2025-07-19,market,house_prob,prob,0.704,,,,1
2025-07-19,academic,house_prob,prob,0.6056,0.2496,0.9406,spread,5
2025-07-20,polling,house_prob,prob,0.5089,0.4801,0.5684,spread,5
2025-07-20,market,house_prob,prob,0.7185,,,,1
2025-07-20,academic,house_prob,prob,0.6069,0.2496,0.9407,spread,5
2025-07-21,polling,house_prob,prob,0.5079,0.4801,0.5684,spread,5
2025-07-21,market,house_prob,prob,0.7189,,,,1
2025-07-21,academic,house_prob,prob,0.6068,0.2496,0.9409,spread,5
2025-07-22,polling,house_prob,prob,0.5085,0.4801,0.5684,spread,5
2025-07-22,market,house_prob,prob,0.7407,,,,1
2025-07-22,academic,house_prob,prob,0.6071,0.2496,0.9411,spread,5
2025-07-23,polling,house_prob,prob,0.509,0.4801,0.5684,spread,5
2025-07-23,market,house_prob,prob,0.7396,,,,1
2025-07-23,academic,house_prob,prob,0.6074,0.2496,0.9413,spread,5
2025-07-24,polling,house_prob,prob,0.5113,0.4801,0.5684,spread,5
2025-07-24,market,house_prob,prob,0.74,,,,1
2025-07-24,academic,house_prob,prob,0.6082,0.2496,0.9413,spread,5
2025-07-25,polling,house_prob,prob,0.5113,0.4801,0.5684,spread,5
2025-07-25,market,house_prob,prob,0.7404,,,,1
2025-07-25,academic,house_prob,prob,0.6083,0.2496,0.9415,spread,5
2025-07-26,polling,house_prob,prob,0.5113,0.4801,0.5684,spread,5
2025-07-26,market,house_prob,prob,0.7415,,,,1
2025-07-26,academic,house_prob,prob,0.6083,0.2496,0.9416,spread,5
2025-07-27,polling,house_prob,prob,0.5102,0.4801,0.5684,spread,5
2025-07-27,market,house_prob,prob,0.7422,,,,1
2025-07-27,academic,house_prob,prob,0.6081,0.2496,0.9417,spread,5
2025-07-28,polling,house_prob,prob,0.5138,0.4801,0.5684,spread,5
2025-07-28,market,house_prob,prob,0.733,,,,1
2025-07-28,academic,house_prob,prob,0.6106,0.2496,0.9462,spread,5
2025-07-29,polling,house_prob,prob,0.5143,0.4801,0.5684,spread,5
2025-07-29,market,house_prob,prob,0.733,,,,1
2025-07-29,academic,house_prob,prob,0.6109,0.2496,0.9463,spread,5
2025-07-30,polling,house_prob,prob,0.5143,0.4801,0.5684,spread,5
2025-07-30,market,house_prob,prob,0.7327,,,,1
2025-07-30,academic,house_prob,prob,0.6113,0.2496,0.9465,spread,5
2025-07-31,polling,house_prob,prob,0.5184,0.4801,0.5684,spread,5
2025-07-31,market,house_prob,prob,0.733,,,,1
2025-07-31,academic,house_prob,prob,0.6135,0.2496,0.9482,spread,5
2025-08-01,polling,house_prob,prob,0.5184,0.4801,0.5684,spread,5
2025-08-01,market,house_prob,prob,0.7323,,,,1
2025-08-01,academic,house_prob,prob,0.6146,0.2496,0.9542,spread,5
2025-08-02,polling,house_prob,prob,0.5184,0.4801,0.5684,spread,5
2025-08-02,market,house_prob,prob,0.7327,,,,1
2025-08-02,academic,house_prob,prob,0.6146,0.2496,0.9542,spread,5
2025-08-03,polling,house_prob,prob,0.5195,0.4801,0.5684,spread,5
2025-08-03,market,house_prob,prob,0.7327,,,,1
2025-08-03,academic,house_prob,prob,0.6147,0.2496,0.9542,spread,5
2025-08-04,polling,house_prob,prob,0.5289,0.4801,0.6044,spread,5
2025-08-04,market,house_prob,prob,0.733,,,,1
2025-08-04,academic,house_prob,prob,0.6194,0.2496,0.956,spread,5
2025-08-05,polling,house_prob,prob,0.5289,0.4801,0.6045,spread,5
2025-08-05,market,house_prob,prob,0.733,,,,1
2025-08-05,academic,house_prob,prob,0.6195,0.2496,0.9561,spread,5
2025-08-06,polling,house_prob,prob,0.5347,0.4801,0.6333,spread,5
2025-08-06,market,house_prob,prob,0.733,,,,1
2025-08-06,academic,house_prob,prob,0.6221,0.2496,0.9561,spread,5
2025-08-07,polling,house_prob,prob,0.5345,0.4801,0.6325,spread,5
2025-08-07,market,house_prob,prob,0.733,,,,1
2025-08-07,academic,house_prob,prob,0.6221,0.2496,0.9562,spread,5
2025-08-08,polling,house_prob,prob,0.5301,0.4801,0.6107,spread,5
2025-08-08,market,house_prob,prob,0.733,,,,1
2025-08-08,academic,house_prob,prob,0.62,0.2496,0.9563,spread,5
2025-08-09,polling,house_prob,prob,0.5278,0.4801,0.5989,spread,5
2025-08-09,market,house_prob,prob,0.7303,,,,1
2025-08-09,academic,house_prob,prob,0.6187,0.2496,0.9563,spread,5
2025-08-10,polling,house_prob,prob,0.5276,0.4801,0.598,spread,5
2025-08-10,market,house_prob,prob,0.7224,,,,1
2025-08-10,academic,house_prob,prob,0.6186,0.2496,0.9563,spread,5
2025-08-11,polling,house_prob,prob,0.5266,0.4801,0.5931,spread,5
2025-08-11,market,house_prob,prob,0.7224,,,,1
2025-08-11,academic,house_prob,prob,0.6177,0.2496,0.9564,spread,5
2025-08-12,polling,house_prob,prob,0.5273,0.4801,0.5965,spread,5
2025-08-12,market,house_prob,prob,0.7234,,,,1
2025-08-12,academic,house_prob,prob,0.6186,0.2496,0.9581,spread,5
2025-08-13,polling,house_prob,prob,0.5274,0.4801,0.5968,spread,5
2025-08-13,market,house_prob,prob,0.7316,,,,1
2025-08-13,academic,house_prob,prob,0.6183,0.2496,0.9584,spread,5
2025-08-14,polling,house_prob,prob,0.5265,0.4801,0.5926,spread,5
2025-08-14,market,house_prob,prob,0.7312,,,,1
2025-08-14,academic,house_prob,prob,0.6178,0.2496,0.9586,spread,5
2025-08-15,polling,house_prob,prob,0.5265,0.4801,0.5927,spread,5
2025-08-15,market,house_prob,prob,0.7323,,,,1
2025-08-15,academic,house_prob,prob,0.618,0.2496,0.9587,spread,5
2025-08-16,polling,house_prob,prob,0.5265,0.4801,0.5927,spread,5
2025-08-16,market,house_prob,prob,0.7274,,,,1
2025-08-16,academic,house_prob,prob,0.618,0.2496,0.9587,spread,5
2025-08-17,polling,house_prob,prob,0.5261,0.4801,0.5905,spread,5
2025-08-17,market,house_prob,prob,0.731,,,,1
2025-08-17,academic,house_prob,prob,0.6183,0.2496,0.9587,spread,5
2025-08-18,polling,house_prob,prob,0.5248,0.4801,0.5839,spread,5
2025-08-18,market,house_prob,prob,0.731,,,,1
2025-08-18,academic,house_prob,prob,0.6179,0.2496,0.9587,spread,5
2025-08-19,polling,house_prob,prob,0.5249,0.4801,0.5844,spread,5
2025-08-19,market,house_prob,prob,0.7321,,,,1
2025-08-19,academic,house_prob,prob,0.618,0.2496,0.9589,spread,5
2025-08-20,polling,house_prob,prob,0.5249,0.4801,0.5844,spread,5
2025-08-20,market,house_prob,prob,0.7373,,,,1
2025-08-20,academic,house_prob,prob,0.6184,0.2496,0.959,spread,5
2025-08-21,polling,house_prob,prob,0.5216,0.4801,0.5684,spread,5
2025-08-21,market,house_prob,prob,0.7369,,,,1
2025-08-21,academic,house_prob,prob,0.6172,0.2496,0.9605,spread,5
2025-08-22,polling,house_prob,prob,0.5216,0.4801,0.5684,spread,5
2025-08-22,market,house_prob,prob,0.7347,,,,1
2025-08-22,academic,house_prob,prob,0.6172,0.2496,0.9606,spread,5
2025-08-23,polling,house_prob,prob,0.5216,0.4801,0.5684,spread,5
2025-08-23,market,house_prob,prob,0.7351,,,,1
2025-08-23,academic,house_prob,prob,0.6175,0.2496,0.9606,spread,5
2025-08-24,polling,house_prob,prob,0.5139,0.4801,0.5684,spread,5
2025-08-24,market,house_prob,prob,0.7354,,,,1
2025-08-24,academic,house_prob,prob,0.6137,0.2496,0.9607,spread,5
2025-08-25,polling,house_prob,prob,0.51,0.4801,0.5684,spread,5
2025-08-25,market,house_prob,prob,0.7351,,,,1
2025-08-25,academic,house_prob,prob,0.612,0.2496,0.9607,spread,5
2025-08-26,polling,house_prob,prob,0.5042,0.4801,0.5684,spread,5
2025-08-26,market,house_prob,prob,0.7311,,,,1
2025-08-26,academic,house_prob,prob,0.6095,0.2496,0.9607,spread,5
2025-08-27,polling,house_prob,prob,0.5042,0.4801,0.5684,spread,5
2025-08-27,market,house_prob,prob,0.7315,,,,1
2025-08-27,academic,house_prob,prob,0.6095,0.2496,0.9609,spread,5
2025-08-28,polling,house_prob,prob,0.5042,0.4801,0.5684,spread,5
2025-08-28,market,house_prob,prob,0.7285,,,,1
2025-08-28,academic,house_prob,prob,0.6095,0.2496,0.9609,spread,5
2025-08-29,polling,house_prob,prob,0.4943,0.4314,0.5684,spread,5
2025-08-29,market,house_prob,prob,0.7295,,,,1
2025-08-29,academic,house_prob,prob,0.5786,0.2496,0.9487,spread,5
2025-08-30,polling,house_prob,prob,0.4948,0.4341,0.5684,spread,5
2025-08-30,market,house_prob,prob,0.7299,,,,1
2025-08-30,academic,house_prob,prob,0.5788,0.2496,0.9487,spread,5
2025-08-31,polling,house_prob,prob,0.4973,0.4465,0.5684,spread,5
2025-08-31,market,house_prob,prob,0.7246,,,,1
2025-08-31,academic,house_prob,prob,0.58,0.2496,0.949,spread,5
2025-09-01,polling,house_prob,prob,0.505,0.4801,0.5684,spread,5
2025-09-01,market,house_prob,prob,0.7259,,,,1
2025-09-01,academic,house_prob,prob,0.585,0.2496,0.9564,spread,5
2025-09-02,polling,house_prob,prob,0.5073,0.4801,0.5684,spread,5
2025-09-02,market,house_prob,prob,0.7259,,,,1
2025-09-02,academic,house_prob,prob,0.5865,0.2496,0.9581,spread,5
2025-09-03,polling,house_prob,prob,0.5072,0.4801,0.5684,spread,5
2025-09-03,market,house_prob,prob,0.7236,,,,1
2025-09-03,academic,house_prob,prob,0.5862,0.2496,0.9581,spread,5
2025-09-04,polling,house_prob,prob,0.5072,0.4801,0.5684,spread,5
2025-09-04,market,house_prob,prob,0.7217,,,,1
2025-09-04,academic,house_prob,prob,0.5862,0.2496,0.9582,spread,5
2025-09-05,polling,house_prob,prob,0.5072,0.4801,0.5684,spread,5
2025-09-05,market,house_prob,prob,0.7125,,,,1
2025-09-05,academic,house_prob,prob,0.5862,0.2496,0.9586,spread,5
2025-09-06,polling,house_prob,prob,0.5072,0.4801,0.5684,spread,5
2025-09-06,market,house_prob,prob,0.7146,,,,1
2025-09-06,academic,house_prob,prob,0.5862,0.2496,0.9587,spread,5
2025-09-07,polling,house_prob,prob,0.5077,0.4801,0.5684,spread,5
2025-09-07,market,house_prob,prob,0.7136,,,,1
2025-09-07,academic,house_prob,prob,0.5864,0.2496,0.9589,spread,5
2025-09-08,polling,house_prob,prob,0.5065,0.4801,0.5684,spread,5
2025-09-08,market,house_prob,prob,0.716,,,,1
2025-09-08,academic,house_prob,prob,0.5859,0.2496,0.9589,spread,5
2025-09-09,polling,house_prob,prob,0.5065,0.4801,0.5684,spread,5
2025-09-09,market,house_prob,prob,0.7154,,,,1
2025-09-09,academic,house_prob,prob,0.586,0.2496,0.9589,spread,5
2025-09-10,polling,house_prob,prob,0.5061,0.4801,0.5684,spread,5
2025-09-10,market,house_prob,prob,0.7174,,,,1
2025-09-10,academic,house_prob,prob,0.586,0.2496,0.959,spread,5
2025-09-11,polling,house_prob,prob,0.5065,0.4801,0.5684,spread,5
2025-09-11,market,house_prob,prob,0.7094,,,,1
2025-09-11,academic,house_prob,prob,0.5861,0.2496,0.9605,spread,5
2025-09-12,polling,house_prob,prob,0.5069,0.4801,0.5684,spread,5
2025-09-12,market,house_prob,prob,0.709,,,,1
2025-09-12,academic,house_prob,prob,0.5863,0.2496,0.9605,spread,5
2025-09-13,polling,house_prob,prob,0.5065,0.4801,0.5684,spread,5
2025-09-13,market,house_prob,prob,0.709,,,,1
2025-09-13,academic,house_prob,prob,0.5863,0.2496,0.9607,spread,5
2025-09-14,polling,house_prob,prob,0.5107,0.4801,0.5684,spread,5
2025-09-14,market,house_prob,prob,0.6926,0.6766,0.7087,spread,2
2025-09-14,academic,house_prob,prob,0.5878,0.2496,0.9621,spread,5
2025-09-15,polling,house_prob,prob,0.5106,0.4801,0.5684,spread,5
2025-09-15,market,house_prob,prob,0.692,0.675,0.709,spread,2
2025-09-15,academic,house_prob,prob,0.5882,0.2496,0.9622,spread,5
2025-09-16,polling,house_prob,prob,0.5177,0.4801,0.5684,spread,5
2025-09-16,market,house_prob,prob,0.6928,0.6766,0.709,spread,2
2025-09-16,academic,house_prob,prob,0.5911,0.2496,0.9623,spread,5
2025-09-17,polling,house_prob,prob,0.5177,0.4801,0.5684,spread,5
2025-09-17,market,house_prob,prob,0.6926,0.6766,0.7087,spread,2
2025-09-17,academic,house_prob,prob,0.5911,0.2496,0.9625,spread,5
2025-09-18,polling,house_prob,prob,0.5196,0.4801,0.5684,spread,5
2025-09-18,market,house_prob,prob,0.6903,0.6716,0.709,spread,2
2025-09-18,academic,house_prob,prob,0.5922,0.2496,0.9626,spread,5
2025-09-19,polling,house_prob,prob,0.5207,0.4801,0.5684,spread,5
2025-09-19,market,house_prob,prob,0.6908,0.6716,0.71,spread,2
2025-09-19,academic,house_prob,prob,0.5928,0.2496,0.9626,spread,5
2025-09-20,polling,house_prob,prob,0.5207,0.4801,0.5684,spread,5
2025-09-20,market,house_prob,prob,0.689,0.6716,0.7065,spread,2
2025-09-20,academic,house_prob,prob,0.593,0.2496,0.9627,spread,5
2025-09-21,polling,house_prob,prob,0.5191,0.4801,0.5684,spread,5
2025-09-21,market,house_prob,prob,0.6961,0.6814,0.7108,spread,2
2025-09-21,academic,house_prob,prob,0.5924,0.2496,0.9627,spread,5
2025-09-22,polling,house_prob,prob,0.5078,0.4801,0.5684,spread,5
2025-09-22,market,house_prob,prob,0.6905,0.6765,0.7044,spread,2
2025-09-22,academic,house_prob,prob,0.5874,0.2496,0.9628,spread,5
2025-09-23,polling,house_prob,prob,0.5057,0.4801,0.5684,spread,5
2025-09-23,market,house_prob,prob,0.6864,0.6683,0.7044,spread,2
2025-09-23,academic,house_prob,prob,0.5869,0.2496,0.9637,spread,5
2025-09-24,polling,house_prob,prob,0.5035,0.4773,0.5684,spread,5
2025-09-24,market,house_prob,prob,0.6848,0.6683,0.7014,spread,2
2025-09-24,academic,house_prob,prob,0.5857,0.2496,0.9637,spread,5
2025-09-25,polling,house_prob,prob,0.5035,0.4773,0.5684,spread,5
2025-09-25,market,house_prob,prob,0.6814,0.6683,0.6944,spread,2
2025-09-25,academic,house_prob,prob,0.5858,0.2496,0.9638,spread,5
2025-09-26,polling,house_prob,prob,0.5035,0.4773,0.5684,spread,5
2025-09-26,market,house_prob,prob,0.6847,0.6715,0.6979,spread,2
2025-09-26,academic,house_prob,prob,0.5858,0.2496,0.9638,spread,5
2025-09-27,polling,house_prob,prob,0.5033,0.4765,0.5684,spread,5
2025-09-27,market,house_prob,prob,0.6842,0.6731,0.6953,spread,2
2025-09-27,academic,house_prob,prob,0.5857,0.2496,0.964,spread,5
2025-09-28,polling,house_prob,prob,0.4995,0.4574,0.5684,spread,5
2025-09-28,market,house_prob,prob,0.6837,0.6748,0.6926,spread,2
2025-09-28,academic,house_prob,prob,0.5749,0.2496,0.961,spread,5
2025-09-29,polling,house_prob,prob,0.4995,0.4574,0.5684,spread,5
2025-09-29,market,house_prob,prob,0.684,0.6766,0.6914,spread,2
2025-09-29,academic,house_prob,prob,0.575,0.2496,0.9612,spread,5
2025-09-30,polling,house_prob,prob,0.4995,0.4573,0.5684,spread,5
2025-09-30,market,house_prob,prob,0.6729,0.6716,0.6743,spread,2
2025-09-30,academic,house_prob,prob,0.5755,0.2496,0.9623,spread,5
2025-10-01,polling,house_prob,prob,0.4996,0.4582,0.5684,spread,5
2025-10-01,market,house_prob,prob,0.6736,0.6732,0.6739,spread,2
2025-10-01,academic,house_prob,prob,0.5753,0.2496,0.9692,spread,5
2025-10-02,polling,house_prob,prob,0.4967,0.4434,0.5684,spread,5
2025-10-02,market,house_prob,prob,0.6721,0.6709,0.6732,spread,2
2025-10-02,academic,house_prob,prob,0.5736,0.2496,0.9692,spread,5
2025-10-03,polling,house_prob,prob,0.4958,0.4391,0.5684,spread,5
2025-10-03,market,house_prob,prob,0.6723,0.6713,0.6732,spread,2
2025-10-03,academic,house_prob,prob,0.5733,0.2496,0.9694,spread,5
2025-10-04,polling,house_prob,prob,0.4958,0.4392,0.5684,spread,5
2025-10-04,market,house_prob,prob,0.6773,0.6732,0.6814,spread,2
2025-10-04,academic,house_prob,prob,0.5732,0.2496,0.9695,spread,5
2025-10-05,polling,house_prob,prob,0.496,0.4399,0.5684,spread,5
2025-10-05,market,house_prob,prob,0.6764,0.6715,0.6814,spread,2
2025-10-05,academic,house_prob,prob,0.5732,0.2496,0.9696,spread,5
2025-10-06,polling,house_prob,prob,0.4997,0.4584,0.5685,spread,5
2025-10-06,market,house_prob,prob,0.6773,0.6732,0.6814,spread,2
2025-10-06,academic,house_prob,prob,0.5755,0.2496,0.9711,spread,5
2025-10-07,polling,house_prob,prob,0.5109,0.4467,0.5768,spread,5
2025-10-07,market,house_prob,prob,0.679,0.6732,0.6848,spread,2
2025-10-07,academic,house_prob,prob,0.5742,0.2496,0.9712,spread,5
2025-10-08,polling,house_prob,prob,0.5095,0.447,0.5769,spread,5
2025-10-08,market,house_prob,prob,0.679,0.6732,0.6848,spread,2
2025-10-08,academic,house_prob,prob,0.5743,0.2496,0.9712,spread,5
2025-10-09,polling,house_prob,prob,0.5063,0.4307,0.5769,spread,5
2025-10-09,market,house_prob,prob,0.6811,0.6732,0.689,spread,2
2025-10-09,academic,house_prob,prob,0.5728,0.2496,0.9712,spread,5
2025-10-10,polling,house_prob,prob,0.5036,0.4173,0.5769,spread,5
2025-10-10,market,house_prob,prob,0.6755,0.6683,0.6827,spread,2
2025-10-10,academic,house_prob,prob,0.5716,0.2496,0.9714,spread,5
2025-10-11,polling,house_prob,prob,0.5036,0.4173,0.577,spread,5
2025-10-11,market,house_prob,prob,0.6571,0.6458,0.6683,spread,2
2025-10-11,academic,house_prob,prob,0.5717,0.2496,0.9717,spread,5
2025-10-12,polling,house_prob,prob,0.4607,0.4208,0.5036,spread,5
2025-10-12,market,house_prob,prob,0.6584,0.6485,0.6683,spread,2
2025-10-12,academic,house_prob,prob,0.5717,0.2496,0.9717,spread,5
2025-10-13,polling,house_prob,prob,0.4684,0.438,0.5037,spread,5
2025-10-13,market,house_prob,prob,0.6552,0.6453,0.665,spread,2
2025-10-13,academic,house_prob,prob,0.5755,0.2496,0.9717,spread,5
2025-10-14,polling,house_prob,prob,0.4716,0.4149,0.5109,spread,5
2025-10-14,market,house_prob,prob,0.6547,0.646,0.6634,spread,2
2025-10-14,academic,house_prob,prob,0.5753,0.2496,0.9718,spread,5
2025-10-15,polling,house_prob,prob,0.4775,0.4148,0.5108,spread,5
2025-10-15,market,house_prob,prob,0.6404,0.63,0.6509,spread,2
2025-10-15,academic,house_prob,prob,0.5783,0.2496,0.9731,spread,5
2025-10-16,polling,house_prob,prob,0.4851,0.4298,0.5108,spread,5
2025-10-16,market,house_prob,prob,0.6532,0.6508,0.6555,spread,2
2025-10-16,academic,house_prob,prob,0.5776,0.2496,0.9732,spread,5
2025-10-17,polling,house_prob,prob,0.4731,0.4087,0.5108,spread,5
2025-10-17,market,house_prob,prob,0.6425,0.6358,0.6493,spread,2
2025-10-17,academic,house_prob,prob,0.5778,0.2496,0.9732,spread,5
2025-10-18,polling,house_prob,prob,0.4735,0.4085,0.5107,spread,5
2025-10-18,market,house_prob,prob,0.6499,0.6476,0.6521,spread,2
2025-10-18,academic,house_prob,prob,0.5781,0.2496,0.9734,spread,5
2025-10-19,polling,house_prob,prob,0.4755,0.4085,0.5107,spread,5
2025-10-19,market,house_prob,prob,0.6465,0.6455,0.6476,spread,2
2025-10-19,academic,house_prob,prob,0.5789,0.2496,0.9735,spread,5
2025-10-20,polling,house_prob,prob,0.4774,0.4084,0.5108,spread,5
2025-10-20,market,house_prob,prob,0.6413,0.6402,0.6425,spread,2
2025-10-20,academic,house_prob,prob,0.5795,0.2496,0.9735,spread,5
2025-10-21,polling,house_prob,prob,0.4861,0.4225,0.5244,spread,5
2025-10-21,market,house_prob,prob,0.6406,0.6388,0.6425,spread,2
2025-10-21,academic,house_prob,prob,0.5797,0.2496,0.9735,spread,5
2025-10-22,polling,house_prob,prob,0.5071,0.4803,0.5478,spread,5
2025-10-22,market,house_prob,prob,0.6409,0.6394,0.6425,spread,2
2025-10-22,academic,house_prob,prob,0.5801,0.2496,0.9744,spread,5
2025-10-23,polling,house_prob,prob,0.5059,0.4804,0.5479,spread,5
2025-10-23,market,house_prob,prob,0.6499,0.6488,0.6509,spread,2
2025-10-23,academic,house_prob,prob,0.5795,0.2496,0.9744,spread,5
2025-10-24,polling,house_prob,prob,0.5059,0.4804,0.5478,spread,5
2025-10-24,market,house_prob,prob,0.651,0.6488,0.6532,spread,2
2025-10-24,academic,house_prob,prob,0.5795,0.2496,0.9744,spread,5
2025-10-25,polling,house_prob,prob,0.5059,0.4804,0.5479,spread,5
2025-10-25,market,house_prob,prob,0.6438,0.6387,0.6488,spread,2
2025-10-25,academic,house_prob,prob,0.5795,0.2496,0.9745,spread,5
2025-10-26,polling,house_prob,prob,0.508,0.4803,0.5479,spread,5
2025-10-26,market,house_prob,prob,0.6451,0.6413,0.6488,spread,2
2025-10-26,academic,house_prob,prob,0.5801,0.2496,0.9746,spread,5
2025-10-27,polling,house_prob,prob,0.5035,0.4803,0.5333,spread,5
2025-10-27,market,house_prob,prob,0.6401,0.64,0.6401,spread,2
2025-10-27,academic,house_prob,prob,0.5785,0.2496,0.9748,spread,5
2025-10-28,polling,house_prob,prob,0.5211,0.4662,0.5555,spread,5
2025-10-28,market,house_prob,prob,0.6404,0.64,0.6409,spread,2
2025-10-28,academic,house_prob,prob,0.5798,0.2496,0.9749,spread,5
2025-10-29,polling,house_prob,prob,0.5228,0.4662,0.5555,spread,5
2025-10-29,market,house_prob,prob,0.6463,0.64,0.6527,spread,2
2025-10-29,academic,house_prob,prob,0.5805,0.2496,0.975,spread,5
2025-10-30,polling,house_prob,prob,0.5054,0.4662,0.5556,spread,5
2025-10-30,market,house_prob,prob,0.6432,0.6396,0.6468,spread,2
2025-10-30,academic,house_prob,prob,0.5802,0.2496,0.975,spread,5
2025-10-31,polling,house_prob,prob,0.5066,0.4722,0.5386,spread,5
2025-10-31,market,house_prob,prob,0.6399,0.6396,0.6401,spread,2
2025-10-31,academic,house_prob,prob,0.5705,0.2496,0.972,spread,5
2025-11-01,polling,house_prob,prob,0.5066,0.4722,0.5386,spread,5
2025-11-01,market,house_prob,prob,0.6484,0.6396,0.6573,spread,2
2025-11-01,academic,house_prob,prob,0.5689,0.2496,0.9648,spread,5
2025-11-02,polling,house_prob,prob,0.5143,0.4838,0.5387,spread,5
2025-11-02,market,house_prob,prob,0.6509,0.6396,0.6623,spread,2
2025-11-02,academic,house_prob,prob,0.5691,0.2496,0.9649,spread,5
2025-11-03,polling,house_prob,prob,0.5143,0.4838,0.5387,spread,5
2025-11-03,market,house_prob,prob,0.6465,0.6396,0.6535,spread,2
2025-11-03,academic,house_prob,prob,0.5692,0.2496,0.965,spread,5
2025-11-04,polling,house_prob,prob,0.523,0.4646,0.5587,spread,5
2025-11-04,market,house_prob,prob,0.6465,0.6386,0.6544,spread,2
2025-11-04,academic,house_prob,prob,0.595,0.2496,0.9688,spread,5
2025-11-05,polling,house_prob,prob,0.5286,0.4646,0.595,spread,5
2025-11-05,market,house_prob,prob,0.6522,0.6485,0.6558,spread,2
2025-11-05,academic,house_prob,prob,0.595,0.2496,0.9716,spread,5
2025-11-06,polling,house_prob,prob,0.5342,0.4646,0.595,spread,5
2025-11-06,market,house_prob,prob,0.6883,0.6485,0.728,spread,2
2025-11-06,academic,house_prob,prob,0.5964,0.2496,0.9727,spread,5
2025-11-07,polling,house_prob,prob,0.54,0.4795,0.5951,spread,5
2025-11-07,market,house_prob,prob,0.6992,0.6904,0.7081,spread,2
2025-11-07,academic,house_prob,prob,0.5964,0.2496,0.9728,spread,5
2025-11-08,polling,house_prob,prob,0.5401,0.4795,0.5952,spread,5
2025-11-08,market,house_prob,prob,0.7144,0.6923,0.7365,spread,2
2025-11-08,academic,house_prob,prob,0.5964,0.2496,0.9728,spread,5
2025-11-09,polling,house_prob,prob,0.5409,0.4797,0.5954,spread,5
2025-11-09,market,house_prob,prob,0.7067,0.6782,0.7353,spread,2
2025-11-09,academic,house_prob,prob,0.5968,0.2496,0.973,spread,5
2025-11-10,polling,house_prob,prob,0.5644,0.4999,0.6151,spread,5
2025-11-10,market,house_prob,prob,0.7149,0.6716,0.7583,spread,2
2025-11-10,academic,house_prob,prob,0.6104,0.2496,0.9765,spread,5
2025-11-11,polling,house_prob,prob,0.5988,0.5527,0.6443,spread,5
2025-11-11,market,house_prob,prob,0.7045,0.6947,0.7143,spread,2
2025-11-11,academic,house_prob,prob,0.6104,0.2496,0.9776,spread,5
2025-11-12,polling,house_prob,prob,0.5981,0.5639,0.6444,spread,5
2025-11-12,market,house_prob,prob,0.6934,0.6681,0.7186,spread,2
2025-11-12,academic,house_prob,prob,0.6113,0.2496,0.9776,spread,5
2025-11-13,polling,house_prob,prob,0.5946,0.5646,0.6445,spread,5
2025-11-13,market,house_prob,prob,0.703,0.655,0.7511,spread,2
2025-11-13,academic,house_prob,prob,0.6142,0.2496,0.9777,spread,5
2025-11-14,polling,house_prob,prob,0.613,0.5941,0.6518,spread,5
2025-11-14,market,house_prob,prob,0.6967,0.655,0.7385,spread,2
2025-11-14,academic,house_prob,prob,0.6155,0.2496,0.9777,spread,5
2025-11-15,polling,house_prob,prob,0.613,0.5941,0.6518,spread,5
2025-11-15,market,house_prob,prob,0.6888,0.6364,0.7413,spread,2
2025-11-15,academic,house_prob,prob,0.6159,0.2496,0.9779,spread,5
2025-11-16,polling,house_prob,prob,0.6143,0.5942,0.6519,spread,5
2025-11-16,market,house_prob,prob,0.7004,0.6481,0.7527,spread,2
2025-11-16,academic,house_prob,prob,0.6166,0.2496,0.978,spread,5
2025-11-17,polling,house_prob,prob,0.6183,0.5942,0.652,spread,5
2025-11-17,market,house_prob,prob,0.7034,0.6528,0.754,spread,2
2025-11-17,academic,house_prob,prob,0.618,0.2496,0.9781,spread,5
2025-11-18,polling,house_prob,prob,0.6078,0.5803,0.6306,spread,5
2025-11-18,market,house_prob,prob,0.7081,0.6651,0.7511,spread,2
2025-11-18,academic,house_prob,prob,0.6177,0.2496,0.9782,spread,5
2025-11-19,polling,house_prob,prob,0.6622,0.623,0.706,spread,5
2025-11-19,market,house_prob,prob,0.7258,0.6794,0.7723,spread,2
2025-11-19,academic,house_prob,prob,0.6179,0.2496,0.9783,spread,5
2025-11-20,polling,house_prob,prob,0.6649,0.6231,0.706,spread,5
2025-11-20,market,house_prob,prob,0.7348,0.6923,0.7772,spread,2
2025-11-20,academic,house_prob,prob,0.6195,0.2496,0.9792,spread,5
2025-11-21,polling,house_prob,prob,0.665,0.6232,0.7062,spread,5
2025-11-21,market,house_prob,prob,0.7452,0.7009,0.7896,spread,2
2025-11-21,academic,house_prob,prob,0.6195,0.2496,0.9793,spread,5
2025-11-22,polling,house_prob,prob,0.6651,0.6233,0.7064,spread,5
2025-11-22,market,house_prob,prob,0.7345,0.6875,0.7814,spread,2
2025-11-22,academic,house_prob,prob,0.6195,0.2496,0.9793,spread,5
2025-11-23,polling,house_prob,prob,0.6646,0.6233,0.7067,spread,5
2025-11-23,market,house_prob,prob,0.7372,0.6802,0.7942,spread,2
2025-11-23,academic,house_prob,prob,0.619,0.2496,0.9794,spread,5
2025-11-24,polling,house_prob,prob,0.6562,0.6234,0.6922,spread,5
2025-11-24,market,house_prob,prob,0.7344,0.6787,0.7901,spread,2
2025-11-24,academic,house_prob,prob,0.6184,0.2496,0.9796,spread,5
2025-11-25,polling,house_prob,prob,0.6659,0.6237,0.714,spread,5
2025-11-25,market,house_prob,prob,0.7339,0.6773,0.7905,spread,2
2025-11-25,academic,house_prob,prob,0.6189,0.2496,0.9797,spread,5
2025-11-26,polling,house_prob,prob,0.6653,0.6237,0.6994,spread,6
2025-11-26,market,house_prob,prob,0.7311,0.6726,0.7897,spread,2
2025-11-26,academic,house_prob,prob,0.6196,0.2496,0.9797,spread,5
2025-11-27,polling,house_prob,prob,0.6647,0.6238,0.6996,spread,6
2025-11-27,market,house_prob,prob,0.7324,0.6771,0.7876,spread,2
2025-11-27,academic,house_prob,prob,0.6193,0.2496,0.9798,spread,5
2025-11-28,polling,house_prob,prob,0.6648,0.624,0.6996,spread,6
2025-11-28,market,house_prob,prob,0.737,0.6667,0.8074,spread,2
2025-11-28,academic,house_prob,prob,0.6193,0.2496,0.9799,spread,5
2025-11-29,polling,house_prob,prob,0.6633,0.6169,0.6975,spread,6
2025-11-29,market,house_prob,prob,0.7261,0.6621,0.79,spread,2
2025-11-29,academic,house_prob,prob,0.6192,0.2496,0.981,spread,5
2025-11-30,polling,house_prob,prob,0.6627,0.6169,0.6953,spread,6
2025-11-30,market,house_prob,prob,0.7226,0.6591,0.7861,spread,2
2025-11-30,academic,house_prob,prob,0.619,0.2496,0.981,spread,5
2025-12-01,polling,house_prob,prob,0.6614,0.6169,0.6932,spread,6
2025-12-01,market,house_prob,prob,0.7222,0.6622,0.7822,spread,2
2025-12-01,academic,house_prob,prob,0.6168,0.2496,0.9724,spread,5
2025-12-02,polling,house_prob,prob,0.6754,0.6245,0.7217,spread,6
2025-12-02,market,house_prob,prob,0.7394,0.6727,0.8061,spread,2
2025-12-02,academic,house_prob,prob,0.6174,0.2496,0.9724,spread,5
2025-12-03,polling,house_prob,prob,0.6742,0.6245,0.7218,spread,6
2025-12-03,market,house_prob,prob,0.7509,0.6909,0.8108,spread,2
2025-12-03,academic,house_prob,prob,0.6169,0.2496,0.9725,spread,5
2025-12-04,polling,house_prob,prob,0.6538,0.5646,0.7003,spread,6
2025-12-04,market,house_prob,prob,0.7668,0.7061,0.8274,spread,2
2025-12-04,academic,house_prob,prob,0.6108,0.2496,0.9726,spread,5
2025-12-05,polling,house_prob,prob,0.6504,0.5426,0.6873,spread,6
2025-12-05,market,house_prob,prob,0.7681,0.713,0.8232,spread,2
2025-12-05,academic,house_prob,prob,0.609,0.2496,0.9737,spread,5
2025-12-06,polling,house_prob,prob,0.6243,0.5369,0.6874,spread,6
2025-12-06,market,house_prob,prob,0.7803,0.7443,0.8164,spread,2
2025-12-06,academic,house_prob,prob,0.609,0.2496,0.9738,spread,5
2025-12-07,polling,house_prob,prob,0.6244,0.5367,0.6875,spread,6
2025-12-07,market,house_prob,prob,0.7791,0.7455,0.8126,spread,2
2025-12-07,academic,house_prob,prob,0.6097,0.2496,0.9738,spread,5
2025-12-08,polling,house_prob,prob,0.6233,0.5367,0.6876,spread,6
2025-12-08,market,house_prob,prob,0.7655,0.7455,0.7856,spread,2
2025-12-08,academic,house_prob,prob,0.6086,0.2496,0.9746,spread,5
2025-12-09,polling,house_prob,prob,0.6012,0.5424,0.6692,spread,6
2025-12-09,market,house_prob,prob,0.7758,0.7632,0.7884,spread,2
2025-12-09,academic,house_prob,prob,0.6085,0.2496,0.9746,spread,5
2025-12-10,polling,house_prob,prob,0.5964,0.5316,0.6673,spread,6
2025-12-10,market,house_prob,prob,0.7663,0.7642,0.7685,spread,2
2025-12-10,academic,house_prob,prob,0.6077,0.2496,0.9746,spread,5
2025-12-11,polling,house_prob,prob,0.5936,0.5329,0.6674,spread,6
2025-12-11,market,house_prob,prob,0.762,0.7588,0.7651,spread,2
2025-12-11,academic,house_prob,prob,0.6078,0.2496,0.9746,spread,5
2025-12-12,polling,house_prob,prob,0.5936,0.5329,0.6674,spread,6
2025-12-12,market,house_prob,prob,0.7601,0.7588,0.7615,spread,2
2025-12-12,academic,house_prob,prob,0.6079,0.2496,0.9747,spread,5
2025-12-13,polling,house_prob,prob,0.5949,0.5329,0.6675,spread,6
2025-12-13,market,house_prob,prob,0.7702,0.77,0.7703,spread,2
2025-12-13,academic,house_prob,prob,0.608,0.2496,0.9747,spread,5
2025-12-14,polling,house_prob,prob,0.5954,0.5358,0.6677,spread,6
2025-12-14,market,house_prob,prob,0.7699,0.7681,0.7717,spread,2
2025-12-14,academic,house_prob,prob,0.6082,0.2496,0.9748,spread,5
2025-12-15,polling,house_prob,prob,0.5954,0.5355,0.6678,spread,6
2025-12-15,market,house_prob,prob,0.7702,0.7681,0.7723,spread,2
2025-12-15,academic,house_prob,prob,0.6084,0.2496,0.9759,spread,5
2025-12-16,polling,house_prob,prob,0.5801,0.526,0.6679,spread,6
2025-12-16,market,house_prob,prob,0.766,0.7655,0.7666,spread,2
2025-12-16,academic,house_prob,prob,0.6075,0.2496,0.9759,spread,5
2025-12-17,polling,house_prob,prob,0.5735,0.5222,0.6681,spread,6
2025-12-17,market,house_prob,prob,0.7669,0.7652,0.7685,spread,2
2025-12-17,academic,house_prob,prob,0.6081,0.2496,0.977,spread,5
2025-12-18,polling,house_prob,prob,0.5579,0.5222,0.64,spread,6
2025-12-18,market,house_prob,prob,0.7691,0.7685,0.7696,spread,2
2025-12-18,academic,house_prob,prob,0.6081,0.2496,0.9771,spread,5
2025-12-19,polling,house_prob,prob,0.565,0.515,0.6332,spread,6
2025-12-19,market,house_prob,prob,0.7743,0.7742,0.7745,spread,2
2025-12-19,academic,house_prob,prob,0.6116,0.2496,0.9783,spread,5
2025-12-20,polling,house_prob,prob,0.6256,0.5587,0.7107,spread,6
2025-12-20,market,house_prob,prob,0.7772,0.7686,0.7859,spread,2
2025-12-20,academic,house_prob,prob,0.6117,0.2496,0.9784,spread,5
2025-12-21,polling,house_prob,prob,0.63,0.5587,0.7107,spread,6
2025-12-21,market,house_prob,prob,0.7763,0.7706,0.782,spread,2
2025-12-21,academic,house_prob,prob,0.6119,0.2496,0.9785,spread,5
2025-12-22,polling,house_prob,prob,0.6387,0.5552,0.7366,spread,6
2025-12-22,market,house_prob,prob,0.779,0.7739,0.7841,spread,2
2025-12-22,academic,house_prob,prob,0.6115,0.2496,0.9785,spread,5
2025-12-23,polling,house_prob,prob,0.6411,0.5552,0.7032,spread,6
2025-12-23,market,house_prob,prob,0.7758,0.7629,0.7887,spread,2
2025-12-23,academic,house_prob,prob,0.6117,0.2496,0.9795,spread,5
2025-12-24,polling,house_prob,prob,0.6412,0.5552,0.7034,spread,6
2025-12-24,market,house_prob,prob,0.7885,0.7729,0.8041,spread,2
2025-12-24,academic,house_prob,prob,0.6117,0.2496,0.9796,spread,5
2025-12-25,polling,house_prob,prob,0.644,0.579,0.7036,spread,6
2025-12-25,market,house_prob,prob,0.7894,0.7729,0.806,spread,2
2025-12-25,academic,house_prob,prob,0.6135,0.2496,0.9797,spread,5
2025-12-26,polling,house_prob,prob,0.6325,0.5789,0.7037,spread,6
2025-12-26,market,house_prob,prob,0.7886,0.7719,0.8052,spread,2
2025-12-26,academic,house_prob,prob,0.6135,0.2496,0.9797,spread,5
2025-12-27,polling,house_prob,prob,0.6326,0.579,0.7037,spread,6
2025-12-27,market,house_prob,prob,0.7871,0.7739,0.8002,spread,2
2025-12-27,academic,house_prob,prob,0.6135,0.2496,0.9799,spread,5
2025-12-28,polling,house_prob,prob,0.6321,0.5757,0.7038,spread,6
2025-12-28,market,house_prob,prob,0.7875,0.7709,0.8042,spread,2
2025-12-28,academic,house_prob,prob,0.6137,0.2496,0.9799,spread,5
2025-12-29,polling,house_prob,prob,0.6326,0.5782,0.7039,spread,6
2025-12-29,market,house_prob,prob,0.7873,0.7719,0.8028,spread,2
2025-12-29,academic,house_prob,prob,0.6142,0.2496,0.9799,spread,5
2025-12-30,polling,house_prob,prob,0.6327,0.5783,0.7041,spread,6
2025-12-30,market,house_prob,prob,0.7829,0.7729,0.7929,spread,2
2025-12-30,academic,house_prob,prob,0.6142,0.2496,0.98,spread,5
2025-12-31,polling,house_prob,prob,0.6336,0.5894,0.7045,spread,6
2025-12-31,market,house_prob,prob,0.7751,0.7537,0.7965,spread,2
2025-12-31,academic,house_prob,prob,0.6156,0.2496,0.9801,spread,5
2026-01-01,polling,house_prob,prob,0.6389,0.5972,0.7048,spread,6
2026-01-01,market,house_prob,prob,0.7723,0.75,0.7947,spread,2
2026-01-01,academic,house_prob,prob,0.619,0.2496,0.9786,spread,5
2026-01-02,polling,house_prob,prob,0.639,0.5973,0.7049,spread,6
2026-01-02,market,house_prob,prob,0.7814,0.7539,0.8089,spread,2
2026-01-02,academic,house_prob,prob,0.6195,0.2496,0.9786,spread,5
2026-01-03,polling,house_prob,prob,0.6385,0.5974,0.705,spread,6
2026-01-03,market,house_prob,prob,0.7895,0.7696,0.8095,spread,2
2026-01-03,academic,house_prob,prob,0.619,0.2496,0.9786,spread,5
2026-01-04,polling,house_prob,prob,0.6601,0.6127,0.732,spread,6
2026-01-04,market,house_prob,prob,0.7956,0.7696,0.8216,spread,2
2026-01-04,academic,house_prob,prob,0.6181,0.2496,0.9787,spread,5
2026-01-05,polling,house_prob,prob,0.666,0.6127,0.7323,spread,6
2026-01-05,market,house_prob,prob,0.7942,0.772,0.8163,spread,2
2026-01-05,academic,house_prob,prob,0.6226,0.2496,0.9788,spread,5
2026-01-06,polling,house_prob,prob,0.6659,0.6129,0.7325,spread,6
2026-01-06,market,house_prob,prob,0.7898,0.7684,0.8113,spread,2
2026-01-06,academic,house_prob,prob,0.6232,0.2496,0.979,spread,5
2026-01-07,polling,house_prob,prob,0.6687,0.6129,0.7269,spread,6
2026-01-07,market,house_prob,prob,0.793,0.7755,0.8104,spread,2
2026-01-07,academic,house_prob,prob,0.6222,0.2496,0.9798,spread,5
2026-01-08,polling,house_prob,prob,0.6643,0.6129,0.727,spread,6
2026-01-08,market,house_prob,prob,0.7955,0.7778,0.8132,spread,2
2026-01-08,academic,house_prob,prob,0.6195,0.2496,0.9809,spread,5
2026-01-09,polling,house_prob,prob,0.6614,0.5866,0.7271,spread,6
2026-01-09,market,house_prob,prob,0.8021,0.7811,0.8231,spread,2
2026-01-09,academic,house_prob,prob,0.6143,0.2496,0.981,spread,5
2026-01-10,polling,house_prob,prob,0.6615,0.5867,0.7272,spread,6
2026-01-10,market,house_prob,prob,0.7857,0.7559,0.8156,spread,2
2026-01-10,academic,house_prob,prob,0.6143,0.2496,0.9811,spread,5
2026-01-11,polling,house_prob,prob,0.6604,0.5795,0.7274,spread,6
2026-01-11,market,house_prob,prob,0.7796,0.7581,0.8012,spread,2
2026-01-11,academic,house_prob,prob,0.6136,0.2496,0.9812,spread,5
2026-01-12,polling,house_prob,prob,0.6512,0.5947,0.7209,spread,6
2026-01-12,market,house_prob,prob,0.7764,0.7581,0.7947,spread,2
2026-01-12,academic,house_prob,prob,0.6152,0.2496,0.9813,spread,5
2026-01-13,polling,house_prob,prob,0.6488,0.5871,0.7063,spread,6
2026-01-13,market,house_prob,prob,0.7856,0.782,0.7893,spread,2
2026-01-13,academic,house_prob,prob,0.6147,0.2496,0.9824,spread,5
2026-01-14,polling,house_prob,prob,0.6535,0.6152,0.7064,spread,6
2026-01-14,market,house_prob,prob,0.79,0.789,0.791,spread,2
2026-01-14,academic,house_prob,prob,0.6177,0.2496,0.9826,spread,5
2026-01-15,polling,house_prob,prob,0.6526,0.6233,0.7066,spread,6
2026-01-15,market,house_prob,prob,0.7985,0.7897,0.8073,spread,2
2026-01-15,academic,house_prob,prob,0.6183,0.2496,0.9826,spread,5
2026-01-16,polling,house_prob,prob,0.6263,0.6059,0.651,spread,6
2026-01-16,market,house_prob,prob,0.8094,0.7847,0.8341,spread,2
2026-01-16,academic,house_prob,prob,0.6182,0.2496,0.9827,spread,5
2026-01-17,polling,house_prob,prob,0.6269,0.6061,0.6512,spread,6
2026-01-17,market,house_prob,prob,0.8198,0.7865,0.8531,spread,2
2026-01-17,academic,house_prob,prob,0.6185,0.2496,0.9828,spread,5
2026-01-18,polling,house_prob,prob,0.6264,0.6062,0.6512,spread,6
2026-01-18,market,house_prob,prob,0.8242,0.7753,0.8732,spread,2
2026-01-18,academic,house_prob,prob,0.6184,0.2496,0.9829,spread,5
2026-01-19,polling,house_prob,prob,0.6305,0.6063,0.6715,spread,6
2026-01-19,market,house_prob,prob,0.8227,0.7734,0.872,spread,2
2026-01-19,academic,house_prob,prob,0.619,0.2496,0.9829,spread,5
2026-01-20,polling,house_prob,prob,0.6436,0.6065,0.6646,spread,6
2026-01-20,market,house_prob,prob,0.8256,0.7799,0.8714,spread,2
2026-01-20,academic,house_prob,prob,0.6226,0.2496,0.9837,spread,5
2026-01-21,polling,house_prob,prob,0.6436,0.6065,0.6647,spread,6
2026-01-21,market,house_prob,prob,0.829,0.7867,0.8714,spread,2
2026-01-21,academic,house_prob,prob,0.6228,0.2496,0.9839,spread,5
2026-01-22,polling,house_prob,prob,0.6633,0.6362,0.6785,spread,6
2026-01-22,market,house_prob,prob,0.829,0.7779,0.88,spread,2
2026-01-22,academic,house_prob,prob,0.6222,0.2496,0.9839,spread,5
2026-01-23,polling,house_prob,prob,0.6765,0.6364,0.7007,spread,6
2026-01-23,market,house_prob,prob,0.8304,0.7779,0.8829,spread,2
2026-01-23,academic,house_prob,prob,0.6225,0.2496,0.984,spread,5
2026-01-24,polling,house_prob,prob,0.678,0.6365,0.7008,spread,6
2026-01-24,market,house_prob,prob,0.8235,0.7719,0.875,spread,2
2026-01-24,academic,house_prob,prob,0.6226,0.2496,0.9841,spread,5
2026-01-25,polling,house_prob,prob,0.6736,0.6438,0.7008,spread,6
2026-01-25,market,house_prob,prob,0.8242,0.7734,0.875,spread,2
2026-01-25,academic,house_prob,prob,0.6219,0.2496,0.9842,spread,5
2026-01-26,polling,house_prob,prob,0.6745,0.6439,0.701,spread,6
2026-01-26,market,house_prob,prob,0.825,0.7757,0.8744,spread,2
2026-01-26,academic,house_prob,prob,0.6226,0.2496,0.9843,spread,5
2026-01-27,polling,house_prob,prob,0.678,0.644,0.73,spread,6
2026-01-27,market,house_prob,prob,0.8339,0.7922,0.8756,spread,2
2026-01-27,academic,house_prob,prob,0.622,0.2496,0.9851,spread,5
2026-01-28,polling,house_prob,prob,0.673,0.6371,0.7014,spread,6
2026-01-28,market,house_prob,prob,0.8329,0.7901,0.8756,spread,2
2026-01-28,academic,house_prob,prob,0.6224,0.2496,0.9852,spread,5
2026-01-29,polling,house_prob,prob,0.6738,0.6371,0.7016,spread,6
2026-01-29,market,house_prob,prob,0.8327,0.7909,0.8744,spread,2
2026-01-29,academic,house_prob,prob,0.623,0.2496,0.9853,spread,5
2026-01-30,polling,house_prob,prob,0.6833,0.6443,0.7499,spread,6
2026-01-30,market,house_prob,prob,0.8288,0.7875,0.8702,spread,2
2026-01-30,academic,house_prob,prob,0.6237,0.2496,0.9853,spread,5
2026-01-31,polling,house_prob,prob,0.6839,0.6444,0.75,spread,6
2026-01-31,market,house_prob,prob,0.8285,0.7891,0.8679,spread,2
2026-01-31,academic,house_prob,prob,0.6237,0.2496,0.9853,spread,5
2026-02-01,polling,house_prob,prob,0.6898,0.6374,0.7561,spread,6
2026-02-01,market,house_prob,prob,0.8128,0.7946,0.8311,spread,2
2026-02-01,academic,house_prob,prob,0.6242,0.2496,0.9866,spread,5
2026-02-02,polling,house_prob,prob,0.6869,0.6303,0.7565,spread,6
2026-02-02,market,house_prob,prob,0.8179,0.8018,0.8341,spread,2
2026-02-02,academic,house_prob,prob,0.6248,0.2496,0.9867,spread,5
2026-02-03,polling,house_prob,prob,0.6893,0.6304,0.7568,spread,6
2026-02-03,market,house_prob,prob,0.8237,0.8195,0.8279,spread,2
2026-02-03,academic,house_prob,prob,0.6254,0.2496,0.9868,spread,5
2026-02-04,polling,house_prob,prob,0.6768,0.6232,0.7308,spread,6
2026-02-04,market,house_prob,prob,0.8206,0.8087,0.8326,spread,2
2026-02-04,academic,house_prob,prob,0.6242,0.2496,0.9875,spread,5
2026-02-05,polling,house_prob,prob,0.6768,0.6233,0.7312,spread,6
2026-02-05,market,house_prob,prob,0.8242,0.8159,0.8326,spread,2
2026-02-05,academic,house_prob,prob,0.6239,0.2496,0.9876,spread,5
2026-02-06,polling,house_prob,prob,0.6792,0.6233,0.7312,spread,6
2026-02-06,market,house_prob,prob,0.8236,0.8126,0.8347,spread,2
2026-02-06,academic,house_prob,prob,0.6241,0.2496,0.9883,spread,5
2026-02-07,polling,house_prob,prob,0.6791,0.6234,0.7312,spread,6
2026-02-07,market,house_prob,prob,0.8307,0.821,0.8405,spread,2
2026-02-07,academic,house_prob,prob,0.624,0.2496,0.9883,spread,5
2026-02-08,polling,house_prob,prob,0.6807,0.6235,0.7315,spread,6
2026-02-08,market,house_prob,prob,0.8273,0.8252,0.8294,spread,2
2026-02-08,academic,house_prob,prob,0.6251,0.2496,0.9883,spread,5
2026-02-09,polling,house_prob,prob,0.6815,0.6234,0.7316,spread,6
2026-02-09,market,house_prob,prob,0.8219,0.8218,0.8221,spread,2
2026-02-09,academic,house_prob,prob,0.6254,0.2496,0.9883,spread,5
2026-02-10,polling,house_prob,prob,0.6794,0.631,0.7318,spread,6
2026-02-10,market,house_prob,prob,0.8414,0.8333,0.8494,spread,2
2026-02-10,academic,house_prob,prob,0.6239,0.2496,0.9885,spread,5
2026-02-11,polling,house_prob,prob,0.6789,0.6236,0.7185,spread,6
2026-02-11,market,house_prob,prob,0.8389,0.8333,0.8445,spread,2
2026-02-11,academic,house_prob,prob,0.6241,0.2496,0.9885,spread,5
2026-02-12,polling,house_prob,prob,0.6703,0.6152,0.7187,spread,6
2026-02-12,market,house_prob,prob,0.8344,0.8333,0.8354,spread,2
2026-02-12,academic,house_prob,prob,0.6209,0.2496,0.9885,spread,5
2026-02-13,polling,house_prob,prob,0.6704,0.6153,0.7188,spread,6
2026-02-13,market,house_prob,prob,0.8352,0.8325,0.8379,spread,2
2026-02-13,academic,house_prob,prob,0.6211,0.2496,0.9885,spread,5
2026-02-14,polling,house_prob,prob,0.6694,0.6154,0.7189,spread,6
2026-02-14,market,house_prob,prob,0.8552,0.8375,0.8728,spread,2
2026-02-14,academic,house_prob,prob,0.6211,0.2496,0.9886,spread,5
2026-02-15,polling,house_prob,prob,0.6717,0.6156,0.719,spread,6
2026-02-15,market,house_prob,prob,0.8477,0.8225,0.8728,spread,2
2026-02-15,academic,house_prob,prob,0.6223,0.2496,0.9886,spread,5
2026-02-16,polling,house_prob,prob,0.6744,0.6158,0.7192,spread,6
2026-02-16,market,house_prob,prob,0.8463,0.8225,0.8701,spread,2
2026-02-16,academic,house_prob,prob,0.6236,0.2496,0.9888,spread,5
2026-02-17,polling,house_prob,prob,0.6714,0.5777,0.7149,spread,6
2026-02-17,market,house_prob,prob,0.879,0.8275,0.9304,spread,2
2026-02-17,academic,house_prob,prob,0.6238,0.2496,0.9888,spread,5
2026-02-18,polling,house_prob,prob,0.6745,0.5777,0.7329,spread,6
2026-02-18,market,house_prob,prob,0.8798,0.8275,0.9321,spread,2
2026-02-18,academic,house_prob,prob,0.6239,0.2496,0.9889,spread,5
2026-02-19,polling,house_prob,prob,0.6766,0.5777,0.7329,spread,6
2026-02-19,market,house_prob,prob,0.8304,0.8275,0.8333,spread,2
2026-02-19,academic,house_prob,prob,0.6249,0.2496,0.9889,spread,5
2026-02-20,polling,house_prob,prob,0.688,0.6465,0.7364,spread,6
2026-02-20,market,house_prob,prob,0.8378,0.8259,0.8498,spread,2
2026-02-20,academic,house_prob,prob,0.6613,0.4254,0.989,spread,5
2026-02-21,polling,house_prob,prob,0.6862,0.6319,0.7399,spread,6
2026-02-21,market,house_prob,prob,0.8825,0.8374,0.9276,spread,2
2026-02-21,academic,house_prob,prob,0.6614,0.4254,0.9891,spread,5
2026-02-22,polling,house_prob,prob,0.6897,0.6321,0.7402,spread,6
2026-02-22,market,house_prob,prob,0.8471,0.8342,0.86,spread,2
2026-02-22,academic,house_prob,prob,0.6633,0.4254,0.9891,spread,5
2026-02-23,polling,house_prob,prob,0.6871,0.6322,0.7406,spread,6
2026-02-23,market,house_prob,prob,0.8519,0.8421,0.8618,spread,2
2026-02-23,academic,house_prob,prob,0.6614,0.4254,0.9892,spread,5
2026-02-24,polling,house_prob,prob,0.7085,0.6762,0.7537,spread,6
2026-02-24,market,house_prob,prob,0.8306,0.8286,0.8325,spread,2
2026-02-24,academic,house_prob,prob,0.6612,0.4254,0.9892,spread,5
2026-02-25,polling,house_prob,prob,0.7092,0.6763,0.7538,spread,6
2026-02-25,market,house_prob,prob,0.8408,0.8325,0.8491,spread,2
2026-02-25,academic,house_prob,prob,0.6618,0.4254,0.9892,spread,5
2026-02-26,polling,house_prob,prob,0.7065,0.6641,0.7539,spread,6
2026-02-26,market,house_prob,prob,0.8453,0.8313,0.8592,spread,2
2026-02-26,academic,house_prob,prob,0.6601,0.4254,0.9892,spread,5
2026-02-27,polling,house_prob,prob,0.7048,0.6564,0.7609,spread,6
2026-02-27,market,house_prob,prob,0.818,0.8069,0.8292,spread,2
2026-02-27,academic,house_prob,prob,0.6589,0.4254,0.9892,spread,5
2026-02-28,polling,house_prob,prob,0.7028,0.6564,0.7665,spread,6
2026-02-28,market,house_prob,prob,0.8455,0.8304,0.8606,spread,2
2026-02-28,academic,house_prob,prob,0.6589,0.4254,0.9892,spread,5
2026-03-01,polling,house_prob,prob,0.7031,0.6577,0.7668,spread,6
2026-03-01,market,house_prob,prob,0.8441,0.8304,0.8578,spread,2
2026-03-01,academic,house_prob,prob,0.6702,0.4254,0.994,spread,5
2026-03-02,polling,house_prob,prob,0.7026,0.6535,0.767,spread,6
2026-03-02,market,house_prob,prob,0.8494,0.8304,0.8683,spread,2
2026-03-02,academic,house_prob,prob,0.6698,0.4254,0.9941,spread,5
2026-03-03,polling,house_prob,prob,0.7125,0.6442,0.7672,spread,6
2026-03-03,market,house_prob,prob,0.8487,0.8188,0.8786,spread,2
2026-03-03,academic,house_prob,prob,0.6689,0.4254,0.9941,spread,5
2026-03-04,polling,house_prob,prob,0.7083,0.6447,0.7673,spread,6
2026-03-04,market,house_prob,prob,0.8758,0.8012,0.9503,spread,2
2026-03-04,academic,house_prob,prob,0.6693,0.4254,0.9945,spread,5
2026-03-05,polling,house_prob,prob,0.6993,0.6481,0.7552,spread,6
2026-03-05,market,house_prob,prob,0.8447,0.8169,0.8725,spread,2
2026-03-05,academic,house_prob,prob,0.6706,0.4254,0.9945,spread,5
2026-03-06,polling,house_prob,prob,0.6829,0.6481,0.7298,spread,6
2026-03-06,market,house_prob,prob,0.8447,0.8169,0.8725,spread,2
2026-03-06,academic,house_prob,prob,0.6705,0.4254,0.9948,spread,5
2026-03-07,polling,house_prob,prob,0.6794,0.6409,0.7298,spread,6
2026-03-07,market,house_prob,prob,0.8843,0.8151,0.9536,spread,2
2026-03-07,academic,house_prob,prob,0.6705,0.4254,0.9948,spread,5
2026-03-08,polling,house_prob,prob,0.6826,0.6482,0.7299,spread,6
2026-03-08,market,house_prob,prob,0.8398,0.8148,0.8649,spread,2
2026-03-08,academic,house_prob,prob,0.6717,0.4254,0.9948,spread,5
2026-03-09,polling,house_prob,prob,0.6777,0.6266,0.7276,spread,6
2026-03-09,market,house_prob,prob,0.8811,0.8169,0.9453,spread,2
2026-03-09,academic,house_prob,prob,0.669,0.4254,0.9948,spread,5
2026-03-10,polling,house_prob,prob,0.6765,0.6352,0.7254,spread,6
2026-03-10,market,house_prob,prob,0.8485,0.8192,0.8778,spread,2
2026-03-10,academic,house_prob,prob,0.6701,0.4254,0.9948,spread,5
2026-03-11,polling,house_prob,prob,0.6898,0.6286,0.7369,spread,6
2026-03-11,market,house_prob,prob,0.8387,0.8036,0.8739,spread,2
2026-03-11,academic,house_prob,prob,0.6693,0.4254,0.995,spread,5
2026-03-12,polling,house_prob,prob,0.6887,0.6283,0.737,spread,6
2026-03-12,market,house_prob,prob,0.8387,0.8036,0.8739,spread,2
2026-03-12,academic,house_prob,prob,0.6693,0.4254,0.995,spread,5
2026-03-13,polling,house_prob,prob,0.686,0.6109,0.7371,spread,6
2026-03-13,market,house_prob,prob,0.846,0.8036,0.8884,spread,2
2026-03-13,academic,house_prob,prob,0.6679,0.4254,0.995,spread,5
2026-03-14,polling,house_prob,prob,0.6861,0.6109,0.7372,spread,6
2026-03-14,market,house_prob,prob,0.8754,0.8276,0.9231,spread,2
2026-03-14,academic,house_prob,prob,0.6678,0.4254,0.995,spread,5
2026-03-15,polling,house_prob,prob,0.6854,0.6063,0.7374,spread,6
2026-03-15,market,house_prob,prob,0.8584,0.8284,0.8884,spread,2
2026-03-15,academic,house_prob,prob,0.6676,0.4254,0.995,spread,5
2026-03-16,polling,house_prob,prob,0.6884,0.623,0.7375,spread,6
2026-03-16,market,house_prob,prob,0.8574,0.8284,0.8863,spread,2
2026-03-16,academic,house_prob,prob,0.6694,0.4254,0.995,spread,5
2026-03-17,polling,house_prob,prob,0.6738,0.6415,0.7015,spread,6
2026-03-17,market,house_prob,prob,0.8578,0.8246,0.891,spread,2
2026-03-17,academic,house_prob,prob,0.673,0.4254,0.995,spread,5
2026-03-18,polling,house_prob,prob,0.6727,0.6417,0.7016,spread,6
2026-03-18,market,house_prob,prob,0.8619,0.8354,0.8884,spread,2
2026-03-18,academic,house_prob,prob,0.6722,0.4254,0.995,spread,5
2026-03-19,polling,house_prob,prob,0.6743,0.6419,0.7044,spread,6
2026-03-19,market,house_prob,prob,0.8608,0.8362,0.8853,spread,2
2026-03-19,academic,house_prob,prob,0.6729,0.4254,0.995,spread,5
2026-03-20,polling,house_prob,prob,0.6746,0.6343,0.7072,spread,6
2026-03-20,market,house_prob,prob,0.8623,0.8342,0.8904,spread,2
2026-03-20,academic,house_prob,prob,0.6738,0.4254,0.995,spread,5
2026-03-21,polling,house_prob,prob,0.6827,0.6664,0.71,spread,6
2026-03-21,market,house_prob,prob,0.8742,0.8354,0.913,spread,2
2026-03-21,academic,house_prob,prob,0.6738,0.4254,0.995,spread,5
2026-03-22,polling,house_prob,prob,0.6833,0.6688,0.7104,spread,6
2026-03-22,market,house_prob,prob,0.881,0.8465,0.9156,spread,2
2026-03-22,academic,house_prob,prob,0.674,0.4254,0.995,spread,5
2026-03-23,polling,house_prob,prob,0.6835,0.6697,0.7104,spread,6
2026-03-23,market,house_prob,prob,0.8742,0.8481,0.9004,spread,2
2026-03-23,academic,house_prob,prob,0.6744,0.4254,0.995,spread,5
2026-03-24,polling,house_prob,prob,0.6865,0.6666,0.7105,spread,6
2026-03-24,market,house_prob,prob,0.869,0.8417,0.8964,spread,2
2026-03-24,academic,house_prob,prob,0.6741,0.4254,0.995,spread,5
2026-03-25,polling,house_prob,prob,0.6902,0.6629,0.7135,spread,6
2026-03-25,market,house_prob,prob,0.8631,0.8276,0.8986,spread,2
2026-03-25,academic,house_prob,prob,0.6745,0.4254,0.995,spread,5
2026-03-26,polling,house_prob,prob,0.6954,0.6502,0.7262,spread,6
2026-03-26,market,house_prob,prob,0.8802,0.8346,0.9259,spread,2
2026-03-26,academic,house_prob,prob,0.6757,0.4254,0.995,spread,5
2026-03-27,polling,house_prob,prob,0.6978,0.6579,0.7329,spread,6
2026-03-27,market,house_prob,prob,0.8766,0.8421,0.9112,spread,2
2026-03-27,academic,house_prob,prob,0.6758,0.4254,0.9953,spread,5
2026-03-28,polling,house_prob,prob,0.7001,0.6656,0.7396,spread,6
2026-03-28,market,house_prob,prob,0.8982,0.8441,0.9522,spread,2
2026-03-28,academic,house_prob,prob,0.6756,0.4254,0.9953,spread,5
2026-03-29,polling,house_prob,prob,0.7032,0.6733,0.7462,spread,6
2026-03-29,market,house_prob,prob,0.8892,0.8441,0.9343,spread,2
2026-03-29,academic,house_prob,prob,0.6759,0.4254,0.9953,spread,5
2026-03-30,polling,house_prob,prob,0.7069,0.681,0.7529,spread,6
2026-03-30,market,house_prob,prob,0.8881,0.8441,0.9321,spread,2
2026-03-30,academic,house_prob,prob,0.6768,0.4254,0.9953,spread,5
2026-03-31,polling,house_prob,prob,0.7072,0.6703,0.7599,spread,6
2026-03-31,market,house_prob,prob,0.8956,0.8441,0.9471,spread,2
2026-03-31,academic,house_prob,prob,0.6771,0.4254,0.9953,spread,5
2026-04-01,polling,house_prob,prob,0.7073,0.6595,0.7668,spread,6
2026-04-01,market,house_prob,prob,0.885,0.8441,0.9259,spread,2
2026-04-01,academic,house_prob,prob,0.6732,0.4254,0.9967,spread,5
2026-04-02,polling,house_prob,prob,0.7087,0.6629,0.767,spread,6
2026-04-02,market,house_prob,prob,0.8866,0.8441,0.9292,spread,2
2026-04-02,academic,house_prob,prob,0.6733,0.4254,0.9967,spread,5
2026-04-03,polling,house_prob,prob,0.7104,0.6663,0.7671,spread,6
2026-04-03,market,house_prob,prob,0.8871,0.8441,0.9302,spread,2
2026-04-03,academic,house_prob,prob,0.6735,0.4254,0.9967,spread,5
2026-04-04,polling,house_prob,prob,0.7063,0.649,0.7623,spread,6
2026-04-04,market,house_prob,prob,0.8914,0.8441,0.9387,spread,2
2026-04-04,academic,house_prob,prob,0.6735,0.4254,0.9967,spread,5
2026-04-05,polling,house_prob,prob,0.6989,0.6316,0.7575,spread,6
2026-04-05,market,house_prob,prob,0.9479,,,,1
2026-04-05,academic,house_prob,prob,0.6717,0.4254,0.9967,spread,5
2026-04-06,polling,house_prob,prob,0.6921,0.6142,0.7528,spread,6
2026-04-06,market,house_prob,prob,0.9479,,,,1
2026-04-06,academic,house_prob,prob,0.6697,0.4254,0.9967,spread,5
2026-04-07,polling,house_prob,prob,0.6816,0.5969,0.748,spread,6
2026-04-07,market,house_prob,prob,0.934,,,,1
2026-04-07,academic,house_prob,prob,0.6659,0.4254,0.9967,spread,5
2026-04-08,polling,house_prob,prob,0.6841,0.6008,0.7498,spread,6
2026-04-08,market,house_prob,prob,0.921,,,,1
2026-04-08,academic,house_prob,prob,0.6664,0.4254,0.9967,spread,5
2026-04-09,polling,house_prob,prob,0.686,0.6048,0.7516,spread,6
2026-04-09,market,house_prob,prob,0.8903,0.8674,0.9132,spread,2
2026-04-09,academic,house_prob,prob,0.6668,0.4254,0.9967,spread,5
2026-04-10,polling,house_prob,prob,0.6875,0.6087,0.7533,spread,6
2026-04-10,market,house_prob,prob,0.9033,0.8674,0.9392,spread,2
2026-04-10,academic,house_prob,prob,0.6667,0.4254,0.9967,spread,5
2026-04-11,polling,house_prob,prob,0.6888,0.6126,0.7551,spread,6
2026-04-11,market,house_prob,prob,0.913,0.8674,0.9587,spread,2
2026-04-11,academic,house_prob,prob,0.6669,0.4254,0.9967,spread,5
2026-04-12,polling,house_prob,prob,0.6875,0.5969,0.7422,spread,6
2026-04-12,market,house_prob,prob,0.905,0.8674,0.9426,spread,2
2026-04-12,academic,house_prob,prob,0.6692,0.4254,0.9967,spread,5
2026-04-13,polling,house_prob,prob,0.6823,0.5813,0.7294,spread,6
2026-04-13,market,house_prob,prob,0.906,0.8674,0.9445,spread,2
2026-04-13,academic,house_prob,prob,0.669,0.4254,0.9967,spread,5
2026-04-14,polling,house_prob,prob,0.6841,0.5812,0.7296,spread,6
2026-04-14,market,house_prob,prob,0.9033,0.8674,0.9393,spread,2
2026-04-14,academic,house_prob,prob,0.6703,0.4254,0.9967,spread,5
2026-04-15,polling,house_prob,prob,0.6861,0.5813,0.7298,spread,6
2026-04-15,market,house_prob,prob,0.8937,0.8674,0.92,spread,2
2026-04-15,academic,house_prob,prob,0.6716,0.4254,0.9967,spread,5
2026-04-16,polling,house_prob,prob,0.6892,0.5814,0.7332,spread,6
2026-04-16,market,house_prob,prob,0.8962,0.8674,0.9249,spread,2
2026-04-16,academic,house_prob,prob,0.6736,0.4254,0.9967,spread,5
2026-04-17,polling,house_prob,prob,0.6889,0.5815,0.7367,spread,6
2026-04-17,market,house_prob,prob,0.9223,,,,1
2026-04-17,academic,house_prob,prob,0.6737,0.4254,0.9967,spread,5
2026-04-18,polling,house_prob,prob,0.6879,0.5815,0.7401,spread,6
2026-04-18,market,house_prob,prob,0.9662,,,,1
2026-04-18,academic,house_prob,prob,0.6734,0.4254,0.9967,spread,5
2026-04-19,polling,house_prob,prob,0.6892,0.5816,0.7436,spread,6
2026-04-19,market,house_prob,prob,0.9641,,,,1
2026-04-19,academic,house_prob,prob,0.6743,0.4254,0.9967,spread,5
2026-04-20,polling,house_prob,prob,0.6921,0.5917,0.7454,spread,6
2026-04-20,market,house_prob,prob,0.9291,,,,1
2026-04-20,academic,house_prob,prob,0.6741,0.4254,0.9967,spread,5
2026-04-21,polling,house_prob,prob,0.6967,0.6018,0.7473,spread,6
2026-04-21,market,house_prob,prob,0.9575,,,,1
2026-04-21,academic,house_prob,prob,0.6742,0.4254,0.9967,spread,5
2026-04-22,polling,house_prob,prob,0.7013,0.6119,0.7491,spread,6
2026-04-22,market,house_prob,prob,0.896,0.8536,0.9384,spread,2
2026-04-22,academic,house_prob,prob,0.6742,0.4254,0.9967,spread,5
2026-04-23,polling,house_prob,prob,0.7061,0.622,0.751,spread,6
2026-04-23,market,house_prob,prob,0.9012,0.867,0.9355,spread,2
2026-04-23,academic,house_prob,prob,0.6742,0.4254,0.9967,spread,5
2026-04-24,polling,house_prob,prob,0.7083,0.6381,0.751,spread,6
2026-04-24,market,house_prob,prob,0.9001,0.8666,0.9336,spread,2
2026-04-24,academic,house_prob,prob,0.6743,0.4254,0.9967,spread,5
2026-04-25,polling,house_prob,prob,0.7109,0.6542,0.7511,spread,6
2026-04-25,market,house_prob,prob,0.901,0.8661,0.9359,spread,2
2026-04-25,academic,house_prob,prob,0.6743,0.4254,0.9967,spread,5
2026-04-26,polling,house_prob,prob,0.7114,0.6543,0.7514,spread,6
2026-04-26,market,house_prob,prob,0.8876,0.8617,0.9135,spread,2
2026-04-26,academic,house_prob,prob,0.6743,0.4254,0.9967,spread,5
2026-04-27,polling,house_prob,prob,0.7116,0.6544,0.7517,spread,6
2026-04-27,market,house_prob,prob,0.8885,0.8622,0.9149,spread,2
2026-04-27,academic,house_prob,prob,0.6744,0.4254,0.9967,spread,5
2026-04-28,polling,house_prob,prob,0.7195,0.6855,0.7519,spread,6
2026-04-28,market,house_prob,prob,0.8948,0.8614,0.9282,spread,2
2026-04-28,academic,house_prob,prob,0.6744,0.4254,0.997,spread,5
2026-04-29,polling,house_prob,prob,0.7273,0.6939,0.7552,spread,6
2026-04-29,market,house_prob,prob,0.8741,0.8618,0.8864,spread,2
2026-04-29,academic,house_prob,prob,0.6744,0.4254,0.997,spread,5
2026-04-30,polling,house_prob,prob,0.7397,0.6997,0.7639,spread,6
2026-04-30,market,house_prob,prob,0.8603,0.8521,0.8685,spread,2
2026-04-30,academic,house_prob,prob,0.6771,0.423,0.997,spread,5
2026-05-01,polling,house_prob,prob,0.7476,0.7017,0.7789,spread,6
2026-05-01,market,house_prob,prob,0.8357,0.8296,0.8419,spread,2
2026-05-01,academic,house_prob,prob,0.6817,0.423,0.9983,spread,5
2026-05-02,polling,house_prob,prob,0.7227,0.6723,0.7456,spread,6
2026-05-02,market,house_prob,prob,0.8325,0.822,0.843,spread,2
2026-05-02,academic,house_prob,prob,0.6818,0.423,0.9983,spread,5
2026-05-03,polling,house_prob,prob,0.6935,0.643,0.7187,spread,6
2026-05-03,market,house_prob,prob,0.8316,0.8197,0.8434,spread,2
2026-05-03,academic,house_prob,prob,0.6792,0.423,0.9983,spread,5
2026-05-04,polling,house_prob,prob,0.6497,0.5834,0.6959,spread,6
2026-05-04,market,house_prob,prob,0.8294,0.8213,0.8375,spread,2
2026-05-04,academic,house_prob,prob,0.6063,0.3428,0.996,spread,5
2026-05-05,polling,house_prob,prob,0.6252,0.5842,0.6749,spread,6
2026-05-05,market,house_prob,prob,0.8204,0.8107,0.8301,spread,2
2026-05-05,academic,house_prob,prob,0.6063,0.3428,0.996,spread,5
2026-05-06,polling,house_prob,prob,0.6199,0.5797,0.6657,spread,6
2026-05-06,market,house_prob,prob,0.8068,0.7972,0.8163,spread,2
2026-05-06,academic,house_prob,prob,0.6071,0.3428,0.996,spread,5
2026-05-07,polling,house_prob,prob,0.6117,0.5675,0.6665,spread,6
2026-05-07,market,house_prob,prob,0.8048,0.8012,0.8083,spread,2
2026-05-07,academic,house_prob,prob,0.5867,0.3246,0.9949,spread,5
2026-05-08,polling,house_prob,prob,0.6145,0.5839,0.6541,spread,6
2026-05-08,market,house_prob,prob,0.8018,0.7982,0.8055,spread,2
2026-05-08,academic,house_prob,prob,0.5867,0.3246,0.9949,spread,5
2026-05-09,polling,house_prob,prob,0.618,0.5907,0.6498,spread,6
2026-05-09,market,house_prob,prob,0.7602,0.7519,0.7685,spread,2
2026-05-09,academic,house_prob,prob,0.587,0.3246,0.9949,spread,5
2026-05-10,polling,house_prob,prob,0.6266,0.5789,0.654,spread,6
2026-05-10,market,house_prob,prob,0.7468,0.7437,0.7499,spread,2
2026-05-10,academic,house_prob,prob,0.5858,0.3246,0.9949,spread,5
2026-05-11,polling,house_prob,prob,0.6395,0.5926,0.6748,spread,6
2026-05-11,market,house_prob,prob,0.7484,0.7411,0.7556,spread,2
2026-05-11,academic,house_prob,prob,0.587,0.3246,0.9949,spread,5
2026-05-12,polling,house_prob,prob,0.6501,0.5927,0.712,spread,6
2026-05-12,market,house_prob,prob,0.7481,0.7368,0.7595,spread,2
2026-05-12,academic,house_prob,prob,0.587,0.3246,0.9949,spread,5
2026-05-13,polling,house_prob,prob,0.6607,0.5929,0.7492,spread,6
2026-05-13,market,house_prob,prob,0.752,0.7409,0.7631,spread,2
2026-05-13,academic,house_prob,prob,0.587,0.3246,0.9949,spread,5
2026-05-14,polling,house_prob,prob,0.6603,0.5937,0.7327,spread,6
2026-05-14,market,house_prob,prob,0.7487,0.7373,0.76,spread,2
2026-05-14,academic,house_prob,prob,0.5872,0.3246,0.9949,spread,5
2026-05-15,polling,house_prob,prob,0.663,0.6008,0.7163,spread,6
2026-05-15,market,house_prob,prob,0.7504,0.7376,0.7631,spread,2
2026-05-15,academic,house_prob,prob,0.5892,0.3246,0.9952,spread,5
2026-05-16,polling,house_prob,prob,0.6624,0.601,0.7057,spread,6
2026-05-16,market,house_prob,prob,0.7471,0.7383,0.756,spread,2
2026-05-16,academic,house_prob,prob,0.5892,0.3246,0.9952,spread,5
2026-05-17,polling,house_prob,prob,0.6629,0.6011,0.706,spread,6
2026-05-17,market,house_prob,prob,0.7484,0.7412,0.7556,spread,2
2026-05-17,academic,house_prob,prob,0.5899,0.3246,0.9952,spread,5
2026-05-18,polling,house_prob,prob,0.6762,0.6055,0.721,spread,6
2026-05-18,market,house_prob,prob,0.7401,0.7238,0.7565,spread,2
2026-05-18,academic,house_prob,prob,0.5918,0.3246,0.9952,spread,5
2026-05-19,polling,house_prob,prob,0.688,0.6099,0.736,spread,6
2026-05-19,market,house_prob,prob,0.7588,0.7422,0.7753,spread,2
2026-05-19,academic,house_prob,prob,0.5928,0.3246,0.9952,spread,5
2026-05-20,polling,house_prob,prob,0.6972,0.6222,0.746,spread,6
2026-05-20,market,house_prob,prob,0.7723,0.7539,0.7908,spread,2
2026-05-20,academic,house_prob,prob,0.5945,0.3246,0.9952,spread,5
2026-05-21,polling,house_prob,prob,0.7021,0.6345,0.7632,spread,6
2026-05-21,market,house_prob,prob,0.7754,0.758,0.7929,spread,2
2026-05-21,academic,house_prob,prob,0.5937,0.3246,0.9952,spread,5
2026-05-22,polling,house_prob,prob,0.7063,0.641,0.7618,spread,6
2026-05-22,market,house_prob,prob,0.7772,0.7653,0.7892,spread,2
2026-05-22,academic,house_prob,prob,0.594,0.3246,0.9952,spread,5
2026-05-23,polling,house_prob,prob,0.7099,0.6475,0.7639,spread,6
2026-05-23,market,house_prob,prob,0.7702,0.7529,0.7876,spread,2
2026-05-23,academic,house_prob,prob,0.594,0.3246,0.9952,spread,5
2026-05-24,polling,house_prob,prob,0.7145,0.654,0.7741,spread,6
2026-05-24,market,house_prob,prob,0.7654,0.7474,0.7835,spread,2
2026-05-24,academic,house_prob,prob,0.5946,0.3246,0.9952,spread,5
2026-05-25,polling,house_prob,prob,0.7218,0.6605,0.7843,spread,6
2026-05-25,market,house_prob,prob,0.7619,0.7382,0.7857,spread,2
2026-05-25,academic,house_prob,prob,0.5973,0.3246,0.9952,spread,5
2026-05-26,polling,house_prob,prob,0.7224,0.6603,0.786,spread,6
2026-05-26,market,house_prob,prob,0.7601,0.7427,0.7776,spread,2
2026-05-26,academic,house_prob,prob,0.5945,0.3246,0.9952,spread,5
2026-05-27,polling,house_prob,prob,0.7253,0.6511,0.7877,spread,6
2026-05-27,market,house_prob,prob,0.7598,0.7384,0.7812,spread,2
2026-05-27,academic,house_prob,prob,0.5935,0.3246,0.9952,spread,5
2026-05-28,polling,house_prob,prob,0.7245,0.6196,0.7895,spread,6
2026-05-28,market,house_prob,prob,0.7591,0.7384,0.7797,spread,2
2026-05-28,academic,house_prob,prob,0.5904,0.3246,0.9952,spread,5
2026-05-29,polling,house_prob,prob,0.725,0.5961,0.7912,spread,6
2026-05-29,market,house_prob,prob,0.7635,0.7487,0.7784,spread,2
2026-05-29,academic,house_prob,prob,0.5752,0.3096,0.9943,spread,5
2026-05-30,polling,house_prob,prob,0.7266,0.5962,0.7915,spread,6
2026-05-30,market,house_prob,prob,0.7408,0.7081,0.7734,spread,2
2026-05-30,academic,house_prob,prob,0.5752,0.3096,0.9943,spread,5
2026-05-31,polling,house_prob,prob,0.7287,0.6,0.7918,spread,6
2026-05-31,market,house_prob,prob,0.7496,0.7214,0.7778,spread,2
2026-05-31,academic,house_prob,prob,0.5755,0.3096,0.9943,spread,5
2026-06-01,polling,house_prob,prob,0.7186,0.5938,0.7799,spread,6
2026-06-01,market,house_prob,prob,0.7517,0.7166,0.7868,spread,2
2026-06-01,academic,house_prob,prob,0.5812,0.3096,0.9864,spread,5
2026-06-02,polling,house_prob,prob,0.7122,0.5892,0.7738,spread,6
2026-06-02,market,house_prob,prob,0.7687,0.7321,0.8052,spread,2
2026-06-02,academic,house_prob,prob,0.5756,0.3045,0.9858,spread,5
2026-06-03,polling,house_prob,prob,0.6972,0.5893,0.7528,spread,6
2026-06-03,market,house_prob,prob,0.7854,0.7681,0.8027,spread,2
2026-06-03,academic,house_prob,prob,0.575,0.3045,0.9858,spread,5
2026-06-04,polling,house_prob,prob,0.6815,0.5857,0.7318,spread,6
2026-06-04,market,house_prob,prob,0.7723,0.7442,0.8004,spread,2
2026-06-04,academic,house_prob,prob,0.5747,0.3045,0.9858,spread,5
2026-06-05,polling,house_prob,prob,0.6635,0.5679,0.7107,spread,6
2026-06-05,market,house_prob,prob,0.7635,0.7267,0.8004,spread,2
2026-06-05,academic,house_prob,prob,0.5724,0.3045,0.9858,spread,5
2026-06-06,polling,house_prob,prob,0.6484,0.5672,0.6972,spread,6
2026-06-06,market,house_prob,prob,0.7567,0.7154,0.798,spread,2
2026-06-06,academic,house_prob,prob,0.5724,0.3045,0.9858,spread,5
2026-06-07,polling,house_prob,prob,0.6446,0.5568,0.6973,spread,6
2026-06-07,market,house_prob,prob,0.7729,0.7453,0.8004,spread,2
2026-06-07,academic,house_prob,prob,0.5708,0.3045,0.9858,spread,5
2026-06-08,polling,house_prob,prob,0.6433,0.5608,0.6974,spread,6
2026-06-08,market,house_prob,prob,0.773,0.7455,0.8004,spread,2
2026-06-08,academic,house_prob,prob,0.5715,0.3045,0.9858,spread,5
2026-06-09,polling,house_prob,prob,0.6265,0.5529,0.6879,spread,6
2026-06-09,market,house_prob,prob,0.7787,0.7577,0.7996,spread,2
2026-06-09,academic,house_prob,prob,0.5706,0.3045,0.9858,spread,5
2026-06-10,polling,house_prob,prob,0.6069,0.5288,0.6784,spread,6
2026-06-10,market,house_prob,prob,0.7795,0.7618,0.7972,spread,2
2026-06-10,academic,house_prob,prob,0.568,0.3045,0.9858,spread,5
2026-06-11,polling,house_prob,prob,0.6055,0.5288,0.6689,spread,6
2026-06-11,market,house_prob,prob,0.7825,0.7677,0.7972,spread,2
2026-06-11,academic,house_prob,prob,0.568,0.3045,0.9858,spread,5
2026-06-12,polling,house_prob,prob,0.6025,0.5203,0.6594,spread,6
2026-06-12,market,house_prob,prob,0.7813,0.7691,0.7935,spread,2
2026-06-12,academic,house_prob,prob,0.5672,0.3045,0.9858,spread,5
2026-06-13,polling,house_prob,prob,0.5959,0.5203,0.6499,spread,6
2026-06-13,market,house_prob,prob,0.7849,0.7758,0.7939,spread,2
2026-06-13,academic,house_prob,prob,0.5672,0.3045,0.9858,spread,5
2026-06-14,polling,house_prob,prob,0.5903,0.5259,0.6404,spread,6
2026-06-14,market,house_prob,prob,0.7851,0.7784,0.7918,spread,2
2026-06-14,academic,house_prob,prob,0.5677,0.3045,0.9858,spread,5
2026-06-15,polling,house_prob,prob,0.5879,0.5108,0.6405,spread,6
2026-06-15,market,house_prob,prob,0.7871,0.772,0.8021,spread,2
2026-06-15,academic,house_prob,prob,0.566,0.3045,0.9858,spread,5
2026-06-16,polling,house_prob,prob,0.592,0.5352,0.6406,spread,6
2026-06-16,market,house_prob,prob,0.7767,0.7753,0.7781,spread,2
2026-06-16,academic,house_prob,prob,0.5685,0.3045,0.9858,spread,5
2026-06-17,polling,house_prob,prob,0.5917,0.5329,0.6407,spread,6
2026-06-17,market,house_prob,prob,0.7814,0.7766,0.7863,spread,2
2026-06-17,academic,house_prob,prob,0.5682,0.3045,0.9858,spread,5
2026-06-18,polling,house_prob,prob,0.5916,0.5324,0.6408,spread,6
2026-06-18,market,house_prob,prob,0.7802,0.7712,0.7891,spread,2
2026-06-18,academic,house_prob,prob,0.5681,0.3045,0.9858,spread,5
2026-06-19,polling,house_prob,prob,0.5851,0.5325,0.6354,spread,6
2026-06-19,market,house_prob,prob,0.7842,0.7732,0.7951,spread,2
2026-06-19,academic,house_prob,prob,0.568,0.3045,0.9858,spread,5
2026-06-20,polling,house_prob,prob,0.5785,0.5325,0.6299,spread,6
2026-06-20,market,house_prob,prob,0.7725,0.7579,0.7871,spread,2
2026-06-20,academic,house_prob,prob,0.5683,0.3045,0.9858,spread,5
2026-06-21,polling,house_prob,prob,0.5741,0.5449,0.6245,spread,6
2026-06-21,market,house_prob,prob,0.7748,0.7621,0.7875,spread,2
2026-06-21,academic,house_prob,prob,0.5698,0.3045,0.9858,spread,5
2026-06-22,polling,house_prob,prob,0.5691,0.5296,0.6191,spread,6
2026-06-22,market,house_prob,prob,0.7738,0.7646,0.7831,spread,2
2026-06-22,academic,house_prob,prob,0.5707,0.3045,0.9858,spread,5
2026-06-23,polling,house_prob,prob,0.5657,0.5296,0.6136,spread,6
2026-06-23,market,house_prob,prob,0.7784,0.7627,0.794,spread,2
2026-06-23,academic,house_prob,prob,0.5693,0.3045,0.9858,spread,5
2026-06-24,polling,house_prob,prob,0.564,0.5297,0.6082,spread,6
2026-06-24,market,house_prob,prob,0.7785,0.7629,0.794,spread,2
2026-06-24,academic,house_prob,prob,0.5687,0.3045,0.9858,spread,5
2026-06-25,polling,house_prob,prob,0.5685,0.5378,0.6128,spread,6
2026-06-25,market,house_prob,prob,0.7985,0.7783,0.8187,spread,2
2026-06-25,academic,house_prob,prob,0.569,0.3045,0.9858,spread,5
2026-06-26,polling,house_prob,prob,0.5761,0.5571,0.6173,spread,6
2026-06-26,market,house_prob,prob,0.7806,0.7742,0.7869,spread,2
2026-06-26,academic,house_prob,prob,0.5708,0.3045,0.9858,spread,5
2026-06-27,polling,house_prob,prob,0.5762,0.5571,0.6175,spread,6
2026-06-27,market,house_prob,prob,0.7803,0.7725,0.7882,spread,2
2026-06-27,academic,house_prob,prob,0.571,0.3045,0.9858,spread,5
2026-06-28,polling,house_prob,prob,0.5783,0.5571,0.6176,spread,6
2026-06-28,market,house_prob,prob,0.783,0.777,0.789,spread,2
2026-06-28,academic,house_prob,prob,0.5724,0.3045,0.9858,spread,5
2026-06-29,polling,house_prob,prob,0.5772,0.5479,0.6227,spread,6
2026-06-29,market,house_prob,prob,0.7882,0.778,0.7984,spread,2
2026-06-29,academic,house_prob,prob,0.5704,0.3045,0.9858,spread,5
2026-06-30,polling,house_prob,prob,0.5805,0.5298,0.6278,spread,6
2026-06-30,market,house_prob,prob,0.7957,0.7846,0.8068,spread,2
2026-06-30,academic,house_prob,prob,0.5714,0.3045,0.9858,spread,5
2026-07-01,polling,house_prob,prob,0.5877,0.5445,0.6329,spread,6
2026-07-01,market,house_prob,prob,0.7926,0.776,0.8092,spread,2
2026-07-01,academic,house_prob,prob,0.5721,0.3045,0.9858,spread,5
2026-07-02,polling,house_prob,prob,0.5969,0.5592,0.638,spread,6
2026-07-02,market,house_prob,prob,0.8048,0.7984,0.8111,spread,2
2026-07-02,academic,house_prob,prob,0.5733,0.3045,0.9858,spread,5
2026-07-03,polling,house_prob,prob,0.6042,0.5722,0.6431,spread,6
2026-07-03,market,house_prob,prob,0.806,0.8001,0.8119,spread,2
2026-07-03,academic,house_prob,prob,0.5734,0.3045,0.9858,spread,5
2026-07-04,polling,house_prob,prob,0.6042,0.5718,0.6433,spread,6
2026-07-04,market,house_prob,prob,0.8139,0.8079,0.82,spread,2
2026-07-04,academic,house_prob,prob,0.5729,0.3045,0.9858,spread,5
2026-07-05,polling,house_prob,prob,0.6036,0.5679,0.6435,spread,6
2026-07-05,market,house_prob,prob,0.8144,0.8091,0.8196,spread,2
2026-07-05,academic,house_prob,prob,0.5723,0.3045,0.9858,spread,5
2026-07-06,polling,house_prob,prob,0.6033,0.5655,0.6437,spread,6
2026-07-06,market,house_prob,prob,0.8173,0.8076,0.827,spread,2
2026-07-06,academic,house_prob,prob,0.5598,0.3045,0.9858,spread,5
2026-07-07,polling,house_prob,prob,0.6016,0.555,0.6438,spread,6
2026-07-07,market,house_prob,prob,0.8205,0.8118,0.8292,spread,2
2026-07-07,academic,house_prob,prob,0.5584,0.3045,0.9858,spread,5
2026-07-08,polling,house_prob,prob,0.6023,0.5588,0.6438,spread,6
2026-07-08,market,house_prob,prob,0.823,0.8142,0.8317,spread,2
2026-07-08,academic,house_prob,prob,0.559,0.3045,0.9858,spread,5
2026-07-09,polling,house_prob,prob,0.6028,0.5589,0.6439,spread,6
2026-07-09,market,house_prob,prob,0.8209,0.8093,0.8325,spread,2
2026-07-09,academic,house_prob,prob,0.5589,0.3045,0.9858,spread,5
2026-07-10,polling,house_prob,prob,0.6015,0.5481,0.644,spread,6
2026-07-10,market,house_prob,prob,0.8216,0.8089,0.8342,spread,2
2026-07-10,academic,house_prob,prob,0.5582,0.3045,0.9858,spread,5
2026-07-11,polling,house_prob,prob,0.602,0.5482,0.6442,spread,6
2026-07-11,market,house_prob,prob,0.8099,0.7774,0.8424,spread,2
2026-07-11,academic,house_prob,prob,0.5581,0.3045,0.9858,spread,5
2026-07-12,polling,house_prob,prob,0.5988,0.5262,0.6532,spread,6
2026-07-12,market,house_prob,prob,0.8488,0.8333,0.8643,spread,2
2026-07-12,academic,house_prob,prob,0.5565,0.3045,0.9858,spread,5
2026-07-13,polling,house_prob,prob,0.5954,0.5052,0.6532,spread,6
2026-07-13,market,house_prob,prob,0.8446,0.83,0.8593,spread,2
2026-07-13,academic,house_prob,prob,0.5544,0.3045,0.9858,spread,5
2026-07-14,polling,house_prob,prob,0.595,0.5027,0.6533,spread,6
2026-07-14,market,house_prob,prob,0.8203,0.8093,0.8313,spread,2
2026-07-14,academic,house_prob,prob,0.5537,0.3045,0.9858,spread,5
2026-07-15,polling,house_prob,prob,0.5952,0.5028,0.6535,spread,6
2026-07-15,market,house_prob,prob,0.8198,0.8047,0.835,spread,2
2026-07-15,academic,house_prob,prob,0.5537,0.3045,0.9858,spread,5
2026-07-16,polling,house_prob,prob,0.5952,0.5028,0.6536,spread,6
2026-07-16,market,house_prob,prob,0.8034,0.7717,0.835,spread,2
2026-07-16,academic,house_prob,prob,0.5537,0.3045,0.9858,spread,5
2026-07-17,polling,house_prob,prob,0.5959,0.5064,0.6538,spread,6
2026-07-17,market,house_prob,prob,0.8046,0.7819,0.8273,spread,2
2026-07-17,academic,house_prob,prob,0.5537,0.3045,0.9858,spread,5
2026-07-18,polling,house_prob,prob,0.596,0.5063,0.6539,spread,6
2026-07-18,market,house_prob,prob,0.8074,0.787,0.8277,spread,2
2026-07-18,academic,house_prob,prob,0.5537,0.3045,0.9858,spread,5
2026-07-19,polling,house_prob,prob,0.5604,0.4549,0.6466,spread,6
2026-07-19,market,house_prob,prob,0.8076,0.7902,0.8251,spread,2
2026-07-19,academic,house_prob,prob,0.5528,0.3045,0.9858,spread,5
2026-07-20,polling,house_prob,prob,0.5393,0.3696,0.6482,spread,6
2026-07-20,market,house_prob,prob,0.802,0.7789,0.8251,spread,2
2026-07-20,academic,house_prob,prob,0.5603,0.3045,0.9858,spread,5
2026-07-21,polling,house_prob,prob,0.5488,0.4034,0.6498,spread,6
2026-07-21,market,house_prob,prob,0.8161,0.8071,0.8251,spread,2
2026-07-21,academic,house_prob,prob,0.5591,0.3045,0.9867,spread,5
2026-07-22,polling,house_prob,prob,0.563,0.4373,0.6513,spread,6
2026-07-22,market,house_prob,prob,0.8153,0.7973,0.8333,spread,2
2026-07-22,academic,house_prob,prob,0.5604,0.3045,0.9867,spread,5
2026-07-23,polling,house_prob,prob,0.573,0.4712,0.6529,spread,6
2026-07-23,market,house_prob,prob,0.8175,0.8008,0.8342,spread,2
2026-07-23,academic,house_prob,prob,0.5592,0.3045,0.9867,spread,5
2026-07-24,polling,house_prob,prob,0.5857,0.505,0.6544,spread,6
2026-07-24,market,house_prob,prob,0.8176,0.801,0.8342,spread,2
2026-07-24,academic,house_prob,prob,0.5595,0.3045,0.9867,spread,5
2026-07-25,polling,house_prob,prob,0.5847,0.4927,0.6545,spread,6
2026-07-25,market,house_prob,prob,0.815,0.7957,0.8342,spread,2
2026-07-25,academic,house_prob,prob,0.5595,0.3045,0.9867,spread,5
2026-07-26,polling,house_prob,prob,0.5834,0.4805,0.6547,spread,6
2026-07-26,market,house_prob,prob,0.8199,0.7973,0.8425,spread,2
2026-07-26,academic,house_prob,prob,0.5592,0.3045,0.9867,spread,5
2026-07-27,polling,house_prob,prob,0.5856,0.4682,0.6549,spread,6
2026-07-27,market,house_prob,prob,0.8162,0.7883,0.8441,spread,2
2026-07-27,academic,house_prob,prob,0.5613,0.3045,0.9867,spread,5
2026-07-28,polling,house_prob,prob,0.5859,0.4682,0.655,spread,6
2026-07-28,market,house_prob,prob,0.8256,0.8071,0.8441,spread,2
2026-07-28,academic,house_prob,prob,0.5617,0.3045,0.9867,spread,5
2026-07-29,polling,house_prob,prob,0.5886,0.477,0.6637,spread,6
2026-07-29,market,house_prob,prob,0.8305,0.817,0.8441,spread,2
2026-07-29,academic,house_prob,prob,0.5615,0.3045,0.9867,spread,5
2026-07-30,polling,house_prob,prob,0.591,0.4859,0.6724,spread,6
2026-07-30,market,house_prob,prob,0.8306,0.818,0.8433,spread,2
2026-07-30,academic,house_prob,prob,0.5615,0.3045,0.9867,spread,5
2026-07-31,polling,house_prob,prob,0.6157,0.5311,0.6812,spread,6
2026-07-31,market,house_prob,prob,0.8254,0.8043,0.8465,spread,2
2026-07-31,academic,house_prob,prob,0.568,0.3312,0.9867,spread,5
2026-08-01,polling,house_prob,prob,0.6386,0.5762,0.6996,spread,6
2026-08-01,market,house_prob,prob,0.8274,0.8051,0.8496,spread,2
2026-08-01,academic,house_prob,prob,0.567,0.3312,0.9867,spread,5
2026-08-02,polling,house_prob,prob,0.6602,0.617,0.6998,spread,6
2026-08-02,market,house_prob,prob,0.821,0.7846,0.8574,spread,2
2026-08-02,academic,house_prob,prob,0.5689,0.3312,0.9867,spread,5
2026-08-03,polling,house_prob,prob,0.6811,0.6333,0.7157,spread,6
2026-08-03,market,house_prob,prob,0.8209,0.7836,0.8583,spread,2
2026-08-03,academic,house_prob,prob,0.57,0.3312,0.9867,spread,5
2026-08-04,polling,house_prob,prob,0.6833,0.6385,0.727,spread,6
2026-08-04,market,house_prob,prob,0.8361,0.8121,0.8602,spread,2
2026-08-04,academic,house_prob,prob,0.5706,0.3312,0.9867,spread,5
2026-08-05,polling,house_prob,prob,0.6874,0.6481,0.7383,spread,6
2026-08-05,market,house_prob,prob,0.8318,0.8046,0.8591,spread,2
2026-08-05,academic,house_prob,prob,0.5724,0.3312,0.9877,spread,5
2026-08-06,polling,house_prob,prob,0.6901,0.6553,0.7347,spread,6
2026-08-06,market,house_prob,prob,0.8315,0.7952,0.8678,spread,2
2026-08-06,academic,house_prob,prob,0.5723,0.3312,0.9877,spread,5
2026-08-07,polling,house_prob,prob,0.6919,0.6492,0.7311,spread,6
2026-08-07,market,house_prob,prob,0.8273,0.7962,0.8583,spread,2
2026-08-07,academic,house_prob,prob,0.5718,0.3312,0.9877,spread,5
2026-08-08,polling,house_prob,prob,0.6946,0.6492,0.7276,spread,6
2026-08-08,market,house_prob,prob,0.8321,0.8064,0.8579,spread,2
2026-08-08,academic,house_prob,prob,0.5718,0.3312,0.9877,spread,5
2026-08-09,polling,house_prob,prob,0.7,0.665,0.724,spread,6
2026-08-09,market,house_prob,prob,0.8353,0.8126,0.8579,spread,2
2026-08-09,academic,house_prob,prob,0.5736,0.3312,0.9877,spread,5
2026-08-10,polling,house_prob,prob,0.6887,0.5962,0.7244,spread,6
2026-08-10,market,house_prob,prob,0.8375,0.8148,0.8601,spread,2
2026-08-10,academic,house_prob,prob,0.5659,0.3312,0.9877,spread,5
2026-08-11,polling,house_prob,prob,0.6919,0.6146,0.7248,spread,6
2026-08-11,market,house_prob,prob,0.8455,0.8252,0.8657,spread,2
2026-08-11,academic,house_prob,prob,0.5679,0.3312,0.9877,spread,5
2026-08-12,polling,house_prob,prob,0.6888,0.5948,0.7251,spread,6
2026-08-12,market,house_prob,prob,0.8472,0.8291,0.8653,spread,2
2026-08-12,academic,house_prob,prob,0.5664,0.3312,0.9877,spread,5
2026-08-13,polling,house_prob,prob,0.689,0.5948,0.7254,spread,6
2026-08-13,market,house_prob,prob,0.8558,0.8442,0.8674,spread,2
2026-08-13,academic,house_prob,prob,0.5663,0.3312,0.9877,spread,5
2026-08-14,polling,house_prob,prob,0.6828,0.5865,0.7216,spread,6
2026-08-14,market,house_prob,prob,0.8485,0.8356,0.8614,spread,2
2026-08-14,academic,house_prob,prob,0.5657,0.3312,0.9877,spread,5
2026-08-15,polling,house_prob,prob,0.6781,0.5867,0.7177,spread,6
2026-08-15,market,house_prob,prob,0.8434,0.8338,0.8529,spread,2
2026-08-15,academic,house_prob,prob,0.5659,0.3312,0.9877,spread,5
2026-08-16,polling,house_prob,prob,0.6746,0.5948,0.7139,spread,6
2026-08-16,market,house_prob,prob,0.8421,0.8287,0.8555,spread,2
2026-08-16,academic,house_prob,prob,0.5663,0.3312,0.9877,spread,5
2026-08-17,polling,house_prob,prob,0.6697,0.5938,0.7101,spread,6
2026-08-17,market,house_prob,prob,0.8451,0.8276,0.8626,spread,2
2026-08-17,academic,house_prob,prob,0.5659,0.3312,0.9877,spread,5
2026-08-18,polling,house_prob,prob,0.6698,0.5938,0.7104,spread,6
2026-08-18,market,house_prob,prob,0.8425,0.8255,0.8595,spread,2
2026-08-18,academic,house_prob,prob,0.5658,0.3312,0.9877,spread,5
2026-08-19,polling,house_prob,prob,0.67,0.5938,0.7107,spread,6
2026-08-19,market,house_prob,prob,0.8479,0.8208,0.875,spread,2
2026-08-19,academic,house_prob,prob,0.5663,0.3312,0.9877,spread,5
2026-08-20,polling,house_prob,prob,0.6702,0.5939,0.711,spread,6
2026-08-20,market,house_prob,prob,0.8575,0.8299,0.885,spread,2
2026-08-20,academic,house_prob,prob,0.5662,0.3312,0.9877,spread,5
2026-08-21,polling,house_prob,prob,0.6517,0.594,0.6777,spread,6
2026-08-21,market,house_prob,prob,0.8285,0.7976,0.878,spread,3
2026-08-21,academic,house_prob,prob,0.5662,0.3312,0.9877,spread,5
2026-08-22,polling,house_prob,prob,0.6519,0.5941,0.678,spread,6
2026-08-22,market,house_prob,prob,0.8283,0.7889,0.8761,spread,3
2026-08-22,academic,house_prob,prob,0.5662,0.3312,0.9877,spread,5
2026-08-23,polling,house_prob,prob,0.653,0.6003,0.6781,spread,6
2026-08-23,market,house_prob,prob,0.8318,0.7904,0.885,spread,3
2026-08-23,academic,house_prob,prob,0.5666,0.3312,0.9877,spread,5
2026-08-24,polling,house_prob,prob,0.6552,0.6125,0.6783,spread,6
2026-08-24,market,house_prob,prob,0.8306,0.7868,0.885,spread,3
2026-08-24,academic,house_prob,prob,0.5678,0.3312,0.9877,spread,5
2026-08-25,polling,house_prob,prob,0.6716,0.6335,0.7097,spread,6
2026-08-25,market,house_prob,prob,0.8216,0.7797,0.875,spread,3
2026-08-25,academic,house_prob,prob,0.5729,0.3312,0.9791,spread,5
2026-08-26,polling,house_prob,prob,0.6704,0.6337,0.7011,spread,6
2026-08-26,market,house_prob,prob,0.8235,0.7856,0.875,spread,3
2026-08-26,academic,house_prob,prob,0.572,0.3312,0.9791,spread,5
2026-08-27,polling,house_prob,prob,0.6567,0.6424,0.6791,spread,6
2026-08-27,market,house_prob,prob,0.8413,0.8088,0.885,spread,3
2026-08-27,academic,house_prob,prob,0.5728,0.3312,0.9877,spread,5
2026-08-28,polling,house_prob,prob,0.6589,0.6424,0.6866,spread,6
2026-08-28,market,house_prob,prob,0.8402,0.8055,0.885,spread,3
2026-08-28,academic,house_prob,prob,0.5742,0.3312,0.9877,spread,5
2026-08-29,polling,house_prob,prob,0.6581,0.6429,0.6802,spread,6
2026-08-29,market,house_prob,prob,0.8449,0.8097,0.885,spread,3
2026-08-29,academic,house_prob,prob,0.5735,0.3312,0.9877,spread,5
2026-08-30,polling,house_prob,prob,0.6582,0.643,0.6803,spread,6
2026-08-30,market,house_prob,prob,0.8501,0.8152,0.895,spread,3
2026-08-30,academic,house_prob,prob,0.5734,0.3312,0.9877,spread,5
2026-08-31,polling,house_prob,prob,0.6749,0.6616,0.6863,spread,6
2026-08-31,market,house_prob,prob,0.8447,0.819,0.885,spread,3
2026-08-31,academic,house_prob,prob,0.5722,0.3312,0.9792,spread,5
2026-09-01,polling,house_prob,prob,0.6772,0.6619,0.6992,spread,6
2026-09-01,market,house_prob,prob,0.8528,0.8335,0.885,spread,3
2026-09-01,academic,house_prob,prob,0.5737,0.3312,0.979,spread,5
2026-09-02,polling,house_prob,prob,0.6761,0.6617,0.6928,spread,6
2026-09-02,market,house_prob,prob,0.8482,0.8095,0.895,spread,3
2026-09-02,academic,house_prob,prob,0.5725,0.3312,0.9789,spread,5
2026-09-03,polling,house_prob,prob,0.6711,0.6617,0.6803,spread,6
2026-09-03,market,house_prob,prob,0.8498,0.8144,0.895,spread,3
2026-09-03,academic,house_prob,prob,0.5694,0.3312,0.9789,spread,5
2026-09-04,polling,house_prob,prob,0.6727,0.6622,0.6805,spread,6
2026-09-04,market,house_prob,prob,0.8438,0.8164,0.885,spread,3
2026-09-04,academic,house_prob,prob,0.59,0.3312,0.979,spread,5
2026-09-05,polling,house_prob,prob,0.6622,0.6167,0.6806,spread,6
2026-09-05,market,house_prob,prob,0.8427,0.823,0.875,spread,3
2026-09-05,academic,house_prob,prob,0.5899,0.3312,0.979,spread,5
2026-09-06,polling,house_prob,prob,0.6624,0.6168,0.6808,spread,6
2026-09-06,market,house_prob,prob,0.8429,0.8238,0.875,spread,3
2026-09-06,academic,house_prob,prob,0.5899,0.3312,0.979,spread,5
2026-09-07,polling,house_prob,prob,0.6639,0.6078,0.7304,spread,6
2026-09-07,market,house_prob,prob,0.8489,0.8317,0.875,spread,3
2026-09-07,academic,house_prob,prob,0.5902,0.3312,0.979,spread,5
2026-09-08,polling,house_prob,prob,0.6645,0.6079,0.7306,spread,6
2026-09-08,market,house_prob,prob,0.8443,0.828,0.865,spread,3
2026-09-08,academic,house_prob,prob,0.5906,0.3312,0.979,spread,5
2026-09-09,polling,house_prob,prob,0.6701,0.6081,0.7308,spread,6
2026-09-09,market,house_prob,prob,0.8471,0.8262,0.875,spread,3
2026-09-09,academic,house_prob,prob,0.5937,0.3312,0.9788,spread,5
2026-09-10,polling,house_prob,prob,0.6734,0.6084,0.7309,spread,6
2026-09-10,market,house_prob,prob,0.8356,0.82,0.865,spread,3
2026-09-10,academic,house_prob,prob,0.5959,0.3312,0.9788,spread,5
2026-09-11,polling,house_prob,prob,0.7032,0.6264,0.7764,spread,6
2026-09-11,market,house_prob,prob,0.8386,0.82,0.875,spread,3
2026-09-11,academic,house_prob,prob,0.5994,0.331,0.9793,spread,5
2026-09-12,polling,house_prob,prob,0.7169,0.6811,0.7766,spread,6
2026-09-12,market,house_prob,prob,0.8365,0.82,0.865,spread,3
2026-09-12,academic,house_prob,prob,0.5994,0.331,0.9793,spread,5
2026-09-13,polling,house_prob,prob,0.7175,0.6894,0.7627,spread,6
2026-09-13,market,house_prob,prob,0.844,0.83,0.865,spread,3
2026-09-13,academic,house_prob,prob,0.5994,0.331,0.9793,spread,5
2026-09-14,polling,house_prob,prob,0.718,0.6894,0.7629,spread,6
2026-09-14,market,house_prob,prob,0.8525,0.84,0.875,spread,3
2026-09-14,academic,house_prob,prob,0.5987,0.331,0.9788,spread,5
2026-09-15,polling,house_prob,prob,0.7604,0.7076,0.8127,spread,6
2026-09-15,market,house_prob,prob,0.8526,0.84,0.875,spread,3
2026-09-15,academic,house_prob,prob,0.6019,0.331,0.9789,spread,5
2026-09-16,polling,house_prob,prob,0.7996,0.7564,0.8557,spread,6
2026-09-16,market,house_prob,prob,0.8543,0.84,0.875,spread,3
2026-09-16,academic,house_prob,prob,0.6135,0.3436,0.9849,spread,5
2026-09-17,polling,house_prob,prob,0.8182,0.7643,0.8626,spread,6
2026-09-17,market,house_prob,prob,0.8685,0.84,0.895,spread,3
2026-09-17,academic,house_prob,prob,0.6145,0.3436,0.9849,spread,5
2026-09-18,polling,house_prob,prob,0.8094,0.7644,0.8565,spread,6
2026-09-18,market,house_prob,prob,0.8806,0.86,0.895,spread,3
2026-09-18,academic,house_prob,prob,0.6149,0.3436,0.9849,spread,5
2026-09-19,polling,house_prob,prob,0.8144,0.7646,0.8569,spread,6
2026-09-19,market,house_prob,prob,0.8832,0.85,0.905,spread,3
2026-09-19,academic,house_prob,prob,0.6183,0.3436,0.9849,spread,5
2026-09-20,polling,house_prob,prob,0.8096,0.7647,0.8526,spread,6
2026-09-20,market,house_prob,prob,0.8946,0.87,0.925,spread,3
2026-09-20,academic,house_prob,prob,0.6182,0.3436,0.9849,spread,5
2026-09-21,polling,house_prob,prob,0.8086,0.765,0.845,spread,6
2026-09-21,market,house_prob,prob,0.8997,0.87,0.925,spread,3
2026-09-21,academic,house_prob,prob,0.6169,0.3436,0.9849,spread,5
2026-09-22,polling,house_prob,prob,0.9143,0.8898,0.9432,spread,6
2026-09-22,market,house_prob,prob,0.9146,0.9088,0.925,spread,3
2026-09-22,academic,house_prob,prob,0.7246,0.4534,0.9941,spread,5
2026-09-23,polling,house_prob,prob,0.9147,0.8901,0.944,spread,6
2026-09-23,market,house_prob,prob,0.9092,0.89,0.925,spread,3
2026-09-23,academic,house_prob,prob,0.6869,0.3663,0.986,spread,5
2026-09-24,polling,house_prob,prob,0.9195,0.9,0.9477,spread,6
2026-09-24,market,house_prob,prob,0.9121,0.9,0.925,spread,3
2026-09-24,academic,house_prob,prob,0.6878,0.366,0.9863,spread,5
2026-09-25,polling,house_prob,prob,0.9195,0.8953,0.9458,spread,6
2026-09-25,market,house_prob,prob,0.9151,0.91,0.925,spread,3
2026-09-25,academic,house_prob,prob,0.6879,0.3658,0.9864,spread,5
2026-09-26,polling,house_prob,prob,0.9205,0.9003,0.9461,spread,6
2026-09-26,market,house_prob,prob,0.9155,0.9015,0.925,spread,3
2026-09-26,academic,house_prob,prob,0.6879,0.3655,0.9864,spread,5
2026-09-27,polling,house_prob,prob,0.9208,0.9003,0.9463,spread,6
2026-09-27,market,house_prob,prob,0.9035,0.89,0.925,spread,3
2026-09-27,academic,house_prob,prob,0.688,0.3654,0.9864,spread,5
2026-09-28,polling,house_prob,prob,0.9211,0.9007,0.9465,spread,6
2026-09-28,market,house_prob,prob,0.905,0.89,0.925,spread,3
2026-09-28,academic,house_prob,prob,0.6883,0.3654,0.9866,spread,5
2026-09-29,polling,house_prob,prob,0.9214,0.9012,0.9467,spread,6
2026-09-29,market,house_prob,prob,0.9045,0.89,0.925,spread,3
2026-09-29,academic,house_prob,prob,0.6884,0.3653,0.9867,spread,5
2025-01-20,polling,house_seats,seats,214.272,196.31,221.56,spread,5
2025-01-20,academic,house_seats,seats,225.038,202.68,246.95,spread,5
2025-01-21,polling,house_seats,seats,214.272,196.31,221.56,spread,5
2025-01-21,academic,house_seats,seats,225.232,202.68,246.95,spread,5
2025-01-22,polling,house_seats,seats,214.272,196.31,221.56,spread,5
2025-01-22,academic,house_seats,seats,225.184,202.68,246.95,spread,5
2025-01-23,polling,house_seats,seats,214.272,196.31,221.56,spread,5
2025-01-23,academic,house_seats,seats,225.142,202.68,246.95,spread,5
2025-01-24,polling,house_seats,seats,214.272,196.31,221.56,spread,5
2025-01-24,academic,house_seats,seats,225.144,202.68,246.95,spread,5
2025-01-25,polling,house_seats,seats,214.272,196.31,221.56,spread,5
2025-01-25,academic,house_seats,seats,225.144,202.68,246.95,spread,5
2025-01-26,polling,house_seats,seats,214.992,199.91,221.56,spread,5
2025-01-26,academic,house_seats,seats,225.514,202.68,246.95,spread,5
2025-01-27,polling,house_seats,seats,214.392,196.91,221.56,spread,5
2025-01-27,academic,house_seats,seats,225.202,202.68,246.95,spread,5
2025-01-28,polling,house_seats,seats,214.392,196.91,221.56,spread,5
2025-01-28,academic,house_seats,seats,224.412,202.68,246.95,spread,5
2025-01-29,polling,house_seats,seats,214.392,196.91,221.56,spread,5
2025-01-29,academic,house_seats,seats,224.412,202.68,246.95,spread,5
2025-01-30,polling,house_seats,seats,214.392,196.91,221.56,spread,5
2025-01-30,academic,house_seats,seats,224.412,202.68,246.95,spread,5
2025-01-31,polling,house_seats,seats,214.392,196.91,221.56,spread,5
2025-01-31,academic,house_seats,seats,224.424,202.68,246.95,spread,5
2025-02-01,polling,house_seats,seats,214.888,199.39,221.56,spread,5
2025-02-01,academic,house_seats,seats,224.65,202.68,246.95,spread,5
2025-02-02,polling,house_seats,seats,215.032,200.11,221.56,spread,5
2025-02-02,academic,house_seats,seats,224.724,202.68,246.95,spread,5
2025-02-03,polling,house_seats,seats,215.032,200.11,221.56,spread,5
2025-02-03,academic,house_seats,seats,224.724,202.68,246.95,spread,5
2025-02-04,polling,house_seats,seats,215.032,200.11,221.56,spread,5
2025-02-04,academic,house_seats,seats,224.73,202.68,246.95,spread,5
2025-02-05,polling,house_seats,seats,215.268,201.29,221.56,spread,5
2025-02-05,academic,house_seats,seats,224.84,202.68,246.95,spread,5
2025-02-06,polling,house_seats,seats,216.036,205.13,221.56,spread,5
2025-02-06,academic,house_seats,seats,225.192,202.68,246.95,spread,5
2025-02-07,polling,house_seats,seats,216.036,205.13,221.56,spread,5
2025-02-07,academic,house_seats,seats,225.178,202.68,246.95,spread,5
2025-02-08,polling,house_seats,seats,216.036,205.13,221.56,spread,5
2025-02-08,academic,house_seats,seats,225.178,202.68,246.95,spread,5
2025-02-09,polling,house_seats,seats,215.984,204.87,221.56,spread,5
2025-02-09,academic,house_seats,seats,225.144,202.68,246.95,spread,5
2025-02-10,polling,house_seats,seats,215.984,204.87,221.56,spread,5
2025-02-10,academic,house_seats,seats,225.164,202.68,246.95,spread,5
2025-02-11,polling,house_seats,seats,215.984,204.87,221.56,spread,5
2025-02-11,academic,house_seats,seats,225.192,202.68,246.95,spread,5
2025-02-12,polling,house_seats,seats,215.984,204.87,221.56,spread,5
2025-02-12,academic,house_seats,seats,225.192,202.68,246.95,spread,5
2025-02-13,polling,house_seats,seats,216.064,205.27,221.56,spread,5
2025-02-13,academic,house_seats,seats,225.226,202.68,246.95,spread,5
2025-02-14,polling,house_seats,seats,216.064,205.27,221.56,spread,5
2025-02-14,academic,house_seats,seats,225.22,202.68,246.95,spread,5
2025-02-15,polling,house_seats,seats,216.064,205.27,221.56,spread,5
2025-02-15,academic,house_seats,seats,225.22,202.68,246.95,spread,5
2025-02-16,polling,house_seats,seats,216.07,205.3,221.56,spread,5
2025-02-16,academic,house_seats,seats,225.204,202.68,246.95,spread,5
2025-02-17,polling,house_seats,seats,216.358,206.74,221.56,spread,5
2025-02-17,academic,house_seats,seats,225.344,202.68,246.95,spread,5
2025-02-18,polling,house_seats,seats,216.176,205.83,221.56,spread,5
2025-02-18,academic,house_seats,seats,224.352,202.68,246.95,spread,5
2025-02-19,polling,house_seats,seats,216.176,205.83,221.56,spread,5
2025-02-19,academic,house_seats,seats,224.358,202.68,246.95,spread,5
2025-02-20,polling,house_seats,seats,216.176,205.83,221.56,spread,5
2025-02-20,academic,house_seats,seats,224.366,202.68,246.95,spread,5
2025-02-21,polling,house_seats,seats,216.162,205.76,221.56,spread,5
2025-02-21,academic,house_seats,seats,224.388,202.68,246.95,spread,5
2025-02-22,polling,house_seats,seats,216.056,205.23,221.56,spread,5
2025-02-22,academic,house_seats,seats,224.342,202.68,246.95,spread,5
2025-02-23,polling,house_seats,seats,215.938,204.64,221.56,spread,5
2025-02-23,academic,house_seats,seats,224.288,202.68,246.95,spread,5
2025-02-24,polling,house_seats,seats,215.938,204.64,221.56,spread,5
2025-02-24,academic,house_seats,seats,224.282,202.68,246.95,spread,5
2025-02-25,polling,house_seats,seats,215.938,204.64,221.56,spread,5
2025-02-25,academic,house_seats,seats,224.274,202.68,246.95,spread,5
2025-02-26,polling,house_seats,seats,215.868,204.29,221.56,spread,5
2025-02-26,academic,house_seats,seats,224.246,202.68,246.95,spread,5
2025-02-27,polling,house_seats,seats,215.652,203.21,221.56,spread,5
2025-02-27,academic,house_seats,seats,224.14,202.68,246.95,spread,5
2025-02-28,polling,house_seats,seats,215.652,203.21,221.56,spread,5
2025-02-28,academic,house_seats,seats,224.128,202.68,246.95,spread,5
2025-03-01,polling,house_seats,seats,215.652,203.21,221.56,spread,5
2025-03-01,academic,house_seats,seats,225.094,202.68,246.95,spread,5
2025-03-02,polling,house_seats,seats,215.742,203.66,221.56,spread,5
2025-03-02,academic,house_seats,seats,225.142,202.68,246.95,spread,5
2025-03-03,polling,house_seats,seats,216.044,205.17,221.56,spread,5
2025-03-03,academic,house_seats,seats,225.282,202.68,246.95,spread,5
2025-03-04,polling,house_seats,seats,216.044,205.17,221.56,spread,5
2025-03-04,academic,house_seats,seats,225.282,202.68,246.95,spread,5
2025-03-05,polling,house_seats,seats,216.218,206.04,221.56,spread,5
2025-03-05,academic,house_seats,seats,225.352,202.68,246.95,spread,5
2025-03-06,polling,house_seats,seats,216.18,205.85,221.56,spread,5
2025-03-06,academic,house_seats,seats,225.326,202.68,246.95,spread,5
2025-03-07,polling,house_seats,seats,216.132,205.61,221.56,spread,5
2025-03-07,academic,house_seats,seats,225.308,202.68,246.95,spread,5
2025-03-08,polling,house_seats,seats,216.132,205.61,221.56,spread,5
2025-03-08,academic,house_seats,seats,225.308,202.68,246.95,spread,5
2025-03-09,polling,house_seats,seats,216.354,206.72,221.56,spread,5
2025-03-09,academic,house_seats,seats,225.398,202.68,246.95,spread,5
2025-03-10,polling,house_seats,seats,216.52,207.55,221.56,spread,5
2025-03-10,academic,house_seats,seats,225.478,202.68,246.95,spread,5
2025-03-11,polling,house_seats,seats,216.866,209.28,221.56,spread,5
2025-03-11,academic,house_seats,seats,225.644,202.68,246.95,spread,5
2025-03-12,polling,house_seats,seats,216.866,209.28,221.56,spread,5
2025-03-12,academic,house_seats,seats,224.704,202.68,246.95,spread,5
2025-03-13,polling,house_seats,seats,216.85,209.2,221.56,spread,5
2025-03-13,academic,house_seats,seats,224.712,202.68,246.95,spread,5
2025-03-14,polling,house_seats,seats,216.928,209.59,221.56,spread,5
2025-03-14,academic,house_seats,seats,224.768,202.68,246.95,spread,5
2025-03-15,polling,house_seats,seats,216.926,209.58,221.56,spread,5
2025-03-15,academic,house_seats,seats,224.766,202.68,246.95,spread,5
2025-03-16,polling,house_seats,seats,217.098,210.44,221.56,spread,5
2025-03-16,academic,house_seats,seats,224.844,202.68,246.95,spread,5
2025-03-17,polling,house_seats,seats,217.098,210.44,221.56,spread,5
2025-03-17,academic,house_seats,seats,224.844,202.68,246.95,spread,5
2025-03-18,polling,house_seats,seats,217.098,210.44,221.56,spread,5
2025-03-18,academic,house_seats,seats,224.844,202.68,246.95,spread,5
2025-03-19,polling,house_seats,seats,217.12,210.55,221.56,spread,5
2025-03-19,academic,house_seats,seats,224.878,202.68,246.95,spread,5
2025-03-20,polling,house_seats,seats,217.12,210.55,221.56,spread,5
2025-03-20,academic,house_seats,seats,224.9,202.68,246.95,spread,5
2025-03-21,polling,house_seats,seats,217.12,210.55,221.56,spread,5
2025-03-21,academic,house_seats,seats,224.9,202.68,246.95,spread,5
2025-03-22,polling,house_seats,seats,217.12,210.55,221.56,spread,5
2025-03-22,academic,house_seats,seats,224.898,202.68,246.95,spread,5
2025-03-23,polling,house_seats,seats,217.248,211.19,221.56,spread,5
2025-03-23,academic,house_seats,seats,224.96,202.68,246.95,spread,5
2025-03-24,polling,house_seats,seats,217.042,210.16,221.56,spread,5
2025-03-24,academic,house_seats,seats,224.864,202.68,246.95,spread,5
2025-03-25,polling,house_seats,seats,217.042,210.16,221.56,spread,5
2025-03-25,academic,house_seats,seats,224.864,202.68,246.95,spread,5
2025-03-26,polling,house_seats,seats,216.9,209.45,221.56,spread,5
2025-03-26,academic,house_seats,seats,224.806,202.68,246.95,spread,5
2025-03-27,polling,house_seats,seats,216.9,209.45,221.56,spread,5
2025-03-27,academic,house_seats,seats,224.798,202.68,246.95,spread,5
2025-03-28,polling,house_seats,seats,217.066,210.28,221.56,spread,5
2025-03-28,academic,house_seats,seats,224.864,202.68,246.95,spread,5
2025-03-29,polling,house_seats,seats,217.066,210.28,221.56,spread,5
2025-03-29,academic,house_seats,seats,224.862,202.68,246.95,spread,5
2025-03-30,polling,house_seats,seats,216.956,209.73,221.56,spread,5
2025-03-30,academic,house_seats,seats,224.81,202.68,246.95,spread,5
2025-03-31,polling,house_seats,seats,216.954,209.72,221.56,spread,5
2025-03-31,academic,house_seats,seats,224.81,202.68,246.95,spread,5
2025-04-01,polling,house_seats,seats,216.956,209.73,221.56,spread,5
2025-04-01,academic,house_seats,seats,224.982,202.68,246.95,spread,5
2025-04-02,polling,house_seats,seats,216.954,209.72,221.56,spread,5
2025-04-02,academic,house_seats,seats,224.988,202.68,246.95,spread,5
2025-04-03,polling,house_seats,seats,217.298,211.44,221.56,spread,5
2025-04-03,academic,house_seats,seats,225.14,202.68,246.95,spread,5
2025-04-04,polling,house_seats,seats,217.298,211.44,221.56,spread,5
2025-04-04,academic,house_seats,seats,225.14,202.68,246.95,spread,5
2025-04-05,polling,house_seats,seats,217.298,211.44,221.56,spread,5
2025-04-05,academic,house_seats,seats,225.136,202.68,246.95,spread,5
2025-04-06,polling,house_seats,seats,217.416,212.03,221.56,spread,5
2025-04-06,academic,house_seats,seats,225.19,202.68,246.95,spread,5
2025-04-07,polling,house_seats,seats,217.416,212.03,221.56,spread,5
2025-04-07,academic,house_seats,seats,225.156,202.68,246.95,spread,5
2025-04-08,polling,house_seats,seats,217.48,212.35,221.56,spread,5
2025-04-08,academic,house_seats,seats,225.216,202.68,246.95,spread,5
2025-04-09,polling,house_seats,seats,217.498,212.44,221.56,spread,5
2025-04-09,academic,house_seats,seats,225.23,202.68,246.95,spread,5
2025-04-10,polling,house_seats,seats,217.628,213.09,221.56,spread,5
2025-04-10,academic,house_seats,seats,225.312,202.68,246.95,spread,5
2025-04-11,polling,house_seats,seats,217.628,213.09,221.56,spread,5
2025-04-11,academic,house_seats,seats,225.328,202.68,246.95,spread,5
2025-04-12,polling,house_seats,seats,217.84,214.15,221.56,spread,5
2025-04-12,academic,house_seats,seats,225.426,202.68,246.95,spread,5
2025-04-13,polling,house_seats,seats,218.024,215.07,221.56,spread,5
2025-04-13,academic,house_seats,seats,225.534,202.68,246.95,spread,5
2025-04-14,polling,house_seats,seats,217.868,214.29,221.56,spread,5
2025-04-14,academic,house_seats,seats,225.446,202.68,246.95,spread,5
2025-04-15,polling,house_seats,seats,217.868,214.29,221.56,spread,5
2025-04-15,academic,house_seats,seats,225.468,202.68,246.95,spread,5
2025-04-16,polling,house_seats,seats,218.066,215.28,221.56,spread,5
2025-04-16,academic,house_seats,seats,225.554,202.68,246.95,spread,5
2025-04-17,polling,house_seats,seats,218.066,215.28,221.56,spread,5
2025-04-17,academic,house_seats,seats,225.566,202.68,246.95,spread,5
2025-04-18,polling,house_seats,seats,218.15,215.7,221.56,spread,5
2025-04-18,academic,house_seats,seats,225.6,202.68,246.95,spread,5
2025-04-19,polling,house_seats,seats,218.04,215.15,221.56,spread,5
2025-04-19,academic,house_seats,seats,225.552,202.68,246.95,spread,5
2025-04-20,polling,house_seats,seats,218.104,215.47,221.56,spread,5
2025-04-20,academic,house_seats,seats,225.572,202.68,246.95,spread,5
2025-04-21,polling,house_seats,seats,218.33,216.6,221.56,spread,5
2025-04-21,academic,house_seats,seats,225.706,202.68,246.95,spread,5
2025-04-22,polling,house_seats,seats,218.35,216.7,221.56,spread,5
2025-04-22,academic,house_seats,seats,225.74,202.68,246.95,spread,5
2025-04-23,polling,house_seats,seats,218.35,216.7,221.56,spread,5
2025-04-23,academic,house_seats,seats,224.762,202.68,246.95,spread,5
2025-04-24,polling,house_seats,seats,218.436,217.13,221.56,spread,5
2025-04-24,academic,house_seats,seats,224.79,202.68,246.95,spread,5
2025-04-25,polling,house_seats,seats,218.436,217.13,221.56,spread,5
2025-04-25,academic,house_seats,seats,224.796,202.68,246.95,spread,5
2025-04-26,polling,house_seats,seats,218.434,217.12,221.56,spread,5
2025-04-26,academic,house_seats,seats,224.794,202.68,246.95,spread,5
2025-04-27,polling,house_seats,seats,218.59,217.37,221.56,spread,5
2025-04-27,academic,house_seats,seats,224.868,202.68,246.95,spread,5
2025-04-28,polling,house_seats,seats,218.59,217.37,221.56,spread,5
2025-04-28,academic,house_seats,seats,224.876,202.68,246.95,spread,5
2025-04-29,polling,house_seats,seats,218.472,217.31,221.56,spread,5
2025-04-29,academic,house_seats,seats,224.822,202.68,246.95,spread,5
2025-04-30,polling,house_seats,seats,218.518,217.37,221.56,spread,5
2025-04-30,academic,house_seats,seats,224.834,202.68,246.95,spread,5
2025-05-01,polling,house_seats,seats,218.51,217.37,221.56,spread,5
2025-05-01,academic,house_seats,seats,224.862,202.68,246.95,spread,5
2025-05-02,polling,house_seats,seats,218.51,217.37,221.56,spread,5
2025-05-02,academic,house_seats,seats,224.87,202.68,246.95,spread,5
2025-05-03,polling,house_seats,seats,218.472,217.31,221.56,spread,5
2025-05-03,academic,house_seats,seats,224.848,202.68,246.95,spread,5
2025-05-04,polling,house_seats,seats,218.52,217.37,221.56,spread,5
2025-05-04,academic,house_seats,seats,224.874,202.68,246.95,spread,5
2025-05-05,polling,house_seats,seats,218.776,217.37,221.56,spread,5
2025-05-05,academic,house_seats,seats,224.988,202.68,246.95,spread,5
2025-05-06,polling,house_seats,seats,218.972,217.37,221.56,spread,5
2025-05-06,academic,house_seats,seats,225.072,202.68,246.95,spread,5
2025-05-07,polling,house_seats,seats,218.832,217.37,221.56,spread,5
2025-05-07,academic,house_seats,seats,225.006,202.68,246.95,spread,5
2025-05-08,polling,house_seats,seats,218.74,217.37,221.56,spread,5
2025-05-08,academic,house_seats,seats,224.96,202.68,246.95,spread,5
2025-05-09,polling,house_seats,seats,218.74,217.37,221.56,spread,5
2025-05-09,academic,house_seats,seats,224.966,202.68,246.95,spread,5
2025-05-10,polling,house_seats,seats,218.936,217.37,221.56,spread,5
2025-05-10,academic,house_seats,seats,225.052,202.68,246.95,spread,5
2025-05-11,polling,house_seats,seats,218.834,217.37,221.56,spread,5
2025-05-11,academic,house_seats,seats,225.006,202.68,246.95,spread,5
2025-05-12,polling,house_seats,seats,218.39,216.9,221.56,spread,5
2025-05-12,academic,house_seats,seats,224.8,202.68,246.95,spread,5
2025-05-13,polling,house_seats,seats,218.39,216.9,221.56,spread,5
2025-05-13,academic,house_seats,seats,224.786,202.68,246.95,spread,5
2025-05-14,polling,house_seats,seats,218.39,216.9,221.56,spread,5
2025-05-14,academic,house_seats,seats,224.792,202.68,246.95,spread,5
2025-05-15,polling,house_seats,seats,218.306,216.48,221.56,spread,5
2025-05-15,academic,house_seats,seats,224.74,202.68,246.95,spread,5
2025-05-16,polling,house_seats,seats,218.28,216.35,221.56,spread,5
2025-05-16,academic,house_seats,seats,224.724,202.68,246.95,spread,5
2025-05-17,polling,house_seats,seats,218.28,216.35,221.56,spread,5
2025-05-17,academic,house_seats,seats,224.712,202.68,246.95,spread,5
2025-05-18,polling,house_seats,seats,217.938,214.64,221.56,spread,5
2025-05-18,academic,house_seats,seats,224.558,202.68,246.95,spread,5
2025-05-19,polling,house_seats,seats,217.904,214.47,221.56,spread,5
2025-05-19,academic,house_seats,seats,224.538,202.68,246.95,spread,5
2025-05-20,polling,house_seats,seats,218.048,215.19,221.56,spread,5
2025-05-20,academic,house_seats,seats,224.606,202.68,246.95,spread,5
2025-05-21,polling,house_seats,seats,218.048,215.19,221.56,spread,5
2025-05-21,academic,house_seats,seats,224.606,202.68,246.95,spread,5
2025-05-22,polling,house_seats,seats,218.048,215.19,221.56,spread,5
2025-05-22,academic,house_seats,seats,224.612,202.68,246.95,spread,5
2025-05-23,polling,house_seats,seats,218.048,215.19,221.56,spread,5
2025-05-23,academic,house_seats,seats,224.612,202.68,246.95,spread,5
2025-05-24,polling,house_seats,seats,218.048,215.19,221.56,spread,5
2025-05-24,academic,house_seats,seats,224.612,202.68,246.95,spread,5
2025-05-25,polling,house_seats,seats,217.922,214.56,221.56,spread,5
2025-05-25,academic,house_seats,seats,224.55,202.68,246.95,spread,5
2025-05-26,polling,house_seats,seats,217.758,213.74,221.56,spread,5
2025-05-26,academic,house_seats,seats,224.466,202.68,246.95,spread,5
2025-05-27,polling,house_seats,seats,217.898,214.44,221.56,spread,5
2025-05-27,academic,house_seats,seats,224.542,202.68,246.95,spread,5
2025-05-28,polling,house_seats,seats,217.898,214.44,221.56,spread,5
2025-05-28,academic,house_seats,seats,224.542,202.68,246.95,spread,5
2025-05-29,polling,house_seats,seats,217.914,214.52,221.56,spread,5
2025-05-29,academic,house_seats,seats,224.564,202.68,246.95,spread,5
2025-05-30,polling,house_seats,seats,217.806,213.98,221.56,spread,5
2025-05-30,academic,house_seats,seats,224.526,202.68,246.95,spread,5
2025-05-31,polling,house_seats,seats,217.806,213.98,221.56,spread,5
2025-05-31,academic,house_seats,seats,224.526,202.68,246.95,spread,5
2025-06-01,polling,house_seats,seats,217.834,214.12,221.56,spread,5
2025-06-01,academic,house_seats,seats,224.078,202.68,246.95,spread,5
2025-06-02,polling,house_seats,seats,217.988,214.89,221.56,spread,5
2025-06-02,academic,house_seats,seats,224.13,202.68,246.95,spread,5
2025-06-03,polling,house_seats,seats,217.988,214.89,221.56,spread,5
2025-06-03,academic,house_seats,seats,224.114,202.68,246.94,spread,5
2025-06-04,polling,house_seats,seats,217.954,214.72,221.56,spread,5
2025-06-04,academic,house_seats,seats,224.1,202.68,246.94,spread,5
2025-06-05,polling,house_seats,seats,217.954,214.72,221.56,spread,5
2025-06-05,academic,house_seats,seats,224.136,202.68,246.94,spread,5
2025-06-06,polling,house_seats,seats,218.238,216.14,221.56,spread,5
2025-06-06,academic,house_seats,seats,224.256,202.68,246.94,spread,5
2025-06-07,polling,house_seats,seats,218.238,216.14,221.56,spread,5
2025-06-07,academic,house_seats,seats,224.254,202.68,246.93,spread,5
2025-06-08,polling,house_seats,seats,218.198,215.94,221.56,spread,5
2025-06-08,academic,house_seats,seats,224.238,202.68,246.93,spread,5
2025-06-09,polling,house_seats,seats,218.216,216.03,221.56,spread,5
2025-06-09,academic,house_seats,seats,224.238,202.68,246.93,spread,5
2025-06-10,polling,house_seats,seats,218.216,216.03,221.56,spread,5
2025-06-10,academic,house_seats,seats,224.232,202.68,246.93,spread,5
2025-06-11,polling,house_seats,seats,217.94,214.65,221.56,spread,5
2025-06-11,academic,house_seats,seats,224.104,202.68,246.93,spread,5
2025-06-12,polling,house_seats,seats,218.3,216.45,221.56,spread,5
2025-06-12,academic,house_seats,seats,224.27,202.68,246.92,spread,5
2025-06-13,polling,house_seats,seats,218.3,216.45,221.56,spread,5
2025-06-13,academic,house_seats,seats,224.27,202.68,246.92,spread,5
2025-06-14,polling,house_seats,seats,218.566,217.37,221.56,spread,5
2025-06-14,academic,house_seats,seats,224.394,202.68,246.92,spread,5
2025-06-15,polling,house_seats,seats,218.272,216.31,221.56,spread,5
2025-06-15,academic,house_seats,seats,224.256,202.68,246.92,spread,5
2025-06-16,polling,house_seats,seats,218.476,217.33,221.56,spread,5
2025-06-16,academic,house_seats,seats,224.368,202.68,246.92,spread,5
2025-06-17,polling,house_seats,seats,218.106,215.48,221.56,spread,5
2025-06-17,academic,house_seats,seats,224.188,202.68,246.91,spread,5
2025-06-18,polling,house_seats,seats,218.03,215.1,221.56,spread,5
2025-06-18,academic,house_seats,seats,224.154,202.68,246.91,spread,5
2025-06-19,polling,house_seats,seats,217.732,213.61,221.56,spread,5
2025-06-19,academic,house_seats,seats,223.994,202.68,246.91,spread,5
2025-06-20,polling,house_seats,seats,217.732,213.61,221.56,spread,5
2025-06-20,academic,house_seats,seats,224.02,202.68,246.91,spread,5
2025-06-21,polling,house_seats,seats,217.788,213.89,221.56,spread,5
2025-06-21,academic,house_seats,seats,224.044,202.68,246.91,spread,5
2025-06-22,polling,house_seats,seats,217.814,214.02,221.56,spread,5
2025-06-22,academic,house_seats,seats,224.056,202.68,246.9,spread,5
2025-06-23,polling,house_seats,seats,217.974,214.82,221.56,spread,5
2025-06-23,academic,house_seats,seats,224.166,202.68,246.9,spread,5
2025-06-24,polling,house_seats,seats,217.972,214.81,221.56,spread,5
2025-06-24,academic,house_seats,seats,224.18,202.68,246.9,spread,5
2025-06-25,polling,house_seats,seats,218.134,215.62,221.56,spread,5
2025-06-25,academic,house_seats,seats,224.254,202.68,246.9,spread,5
2025-06-26,polling,house_seats,seats,218.134,215.62,221.56,spread,5
2025-06-26,academic,house_seats,seats,224.234,202.68,246.89,spread,5
2025-06-27,polling,house_seats,seats,217.96,214.75,221.56,spread,5
2025-06-27,academic,house_seats,seats,224.148,202.68,246.89,spread,5
2025-06-28,polling,house_seats,seats,217.96,214.75,221.56,spread,5
2025-06-28,academic,house_seats,seats,224.142,202.68,246.89,spread,5
2025-06-29,polling,house_seats,seats,218.036,215.13,221.56,spread,5
2025-06-29,academic,house_seats,seats,224.182,202.68,246.89,spread,5
2025-06-30,polling,house_seats,seats,218.164,215.77,221.56,spread,5
2025-06-30,academic,house_seats,seats,224.498,202.68,248.2,spread,5
2025-07-01,polling,house_seats,seats,218.164,215.77,221.56,spread,5
2025-07-01,academic,house_seats,seats,224.792,202.68,249.01,spread,5
2025-07-02,polling,house_seats,seats,218.27,216.3,221.56,spread,5
2025-07-02,academic,house_seats,seats,224.838,202.68,249.01,spread,5
2025-07-03,polling,house_seats,seats,218.054,215.22,221.56,spread,5
2025-07-03,academic,house_seats,seats,224.738,202.68,249.01,spread,5
2025-07-04,polling,house_seats,seats,218.054,215.22,221.56,spread,5
2025-07-04,academic,house_seats,seats,224.716,202.68,249.0,spread,5
2025-07-05,polling,house_seats,seats,217.804,213.97,221.56,spread,5
2025-07-05,academic,house_seats,seats,224.604,202.68,249.0,spread,5
2025-07-06,polling,house_seats,seats,218.164,215.77,221.56,spread,5
2025-07-06,academic,house_seats,seats,224.762,202.68,249.0,spread,5
2025-07-07,polling,house_seats,seats,218.186,215.88,221.56,spread,5
2025-07-07,academic,house_seats,seats,224.748,202.68,249.0,spread,5
2025-07-08,polling,house_seats,seats,218.302,216.46,221.56,spread,5
2025-07-08,academic,house_seats,seats,224.8,202.68,248.99,spread,5
2025-07-09,polling,house_seats,seats,218.436,217.13,221.56,spread,5
2025-07-09,academic,house_seats,seats,224.864,202.68,248.99,spread,5
2025-07-10,polling,house_seats,seats,219.018,217.37,221.56,spread,5
2025-07-10,academic,house_seats,seats,225.136,202.68,248.99,spread,5
2025-07-11,polling,house_seats,seats,219.018,217.37,221.56,spread,5
2025-07-11,academic,house_seats,seats,225.134,202.68,248.99,spread,5
2025-07-12,polling,house_seats,seats,219.03,217.37,221.56,spread,5
2025-07-12,academic,house_seats,seats,225.15,202.68,248.99,spread,5
2025-07-13,polling,house_seats,seats,219.142,217.37,221.56,spread,5
2025-07-13,academic,house_seats,seats,225.224,202.68,248.99,spread,5
2025-07-14,polling,house_seats,seats,218.376,216.83,221.56,spread,5
2025-07-14,academic,house_seats,seats,224.904,202.68,248.98,spread,5
2025-07-15,polling,house_seats,seats,218.376,216.83,221.56,spread,5
2025-07-15,academic,house_seats,seats,224.904,202.68,248.98,spread,5
2025-07-16,polling,house_seats,seats,217.962,214.76,221.56,spread,5
2025-07-16,academic,house_seats,seats,224.698,202.68,248.98,spread,5
2025-07-17,polling,house_seats,seats,218.132,215.61,221.56,spread,5
2025-07-17,academic,house_seats,seats,224.77,202.68,248.98,spread,5
2025-07-18,polling,house_seats,seats,218.504,217.37,221.56,spread,5
2025-07-18,academic,house_seats,seats,224.938,202.68,248.97,spread,5
2025-07-19,polling,house_seats,seats,218.504,217.37,221.56,spread,5
2025-07-19,academic,house_seats,seats,224.938,202.68,248.97,spread,5
2025-07-20,polling,house_seats,seats,218.632,217.37,221.56,spread,5
2025-07-20,academic,house_seats,seats,225.006,202.68,248.97,spread,5
2025-07-21,polling,house_seats,seats,218.586,217.37,221.56,spread,5
2025-07-21,academic,house_seats,seats,225.0,202.68,248.97,spread,5
2025-07-22,polling,house_seats,seats,218.612,217.37,221.56,spread,5
2025-07-22,academic,house_seats,seats,225.012,202.68,248.97,spread,5
2025-07-23,polling,house_seats,seats,218.636,217.37,221.56,spread,5
2025-07-23,academic,house_seats,seats,225.024,202.68,248.96,spread,5
2025-07-24,polling,house_seats,seats,218.73,217.37,221.56,spread,5
2025-07-24,academic,house_seats,seats,225.072,202.68,248.96,spread,5
2025-07-25,polling,house_seats,seats,218.73,217.37,221.56,spread,5
2025-07-25,academic,house_seats,seats,225.072,202.68,248.96,spread,5
2025-07-26,polling,house_seats,seats,218.73,217.37,221.56,spread,5
2025-07-26,academic,house_seats,seats,225.072,202.68,248.96,spread,5
2025-07-27,polling,house_seats,seats,218.686,217.37,221.56,spread,5
2025-07-27,academic,house_seats,seats,225.056,202.68,248.95,spread,5
2025-07-28,polling,house_seats,seats,218.84,217.37,221.56,spread,5
2025-07-28,academic,house_seats,seats,225.314,202.68,249.84,spread,5
2025-07-29,polling,house_seats,seats,218.866,217.37,221.56,spread,5
2025-07-29,academic,house_seats,seats,225.326,202.68,249.84,spread,5
2025-07-30,polling,house_seats,seats,218.866,217.37,221.56,spread,5
2025-07-30,academic,house_seats,seats,225.354,202.68,249.84,spread,5
2025-07-31,polling,house_seats,seats,219.062,217.37,221.56,spread,5
2025-07-31,academic,house_seats,seats,225.534,202.68,250.27,spread,5
2025-08-01,polling,house_seats,seats,219.062,217.37,221.56,spread,5
2025-08-01,academic,house_seats,seats,225.81,202.68,251.68,spread,5
2025-08-02,polling,house_seats,seats,219.062,217.37,221.56,spread,5
2025-08-02,academic,house_seats,seats,225.808,202.68,251.68,spread,5
2025-08-03,polling,house_seats,seats,219.114,217.37,221.56,spread,5
2025-08-03,academic,house_seats,seats,225.798,202.68,251.68,spread,5
2025-08-04,polling,house_seats,seats,219.584,217.37,222.87,spread,5
2025-08-04,academic,house_seats,seats,226.076,202.68,252.03,spread,5
2025-08-05,polling,house_seats,seats,219.584,217.37,222.87,spread,5
2025-08-05,academic,house_seats,seats,226.08,202.68,252.02,spread,5
2025-08-06,polling,house_seats,seats,219.868,217.37,224.29,spread,5
2025-08-06,academic,house_seats,seats,226.206,202.68,252.02,spread,5
2025-08-07,polling,house_seats,seats,219.86,217.37,224.25,spread,5
2025-08-07,academic,house_seats,seats,226.206,202.68,252.02,spread,5
2025-08-08,polling,house_seats,seats,219.632,217.37,223.11,spread,5
2025-08-08,academic,house_seats,seats,226.098,202.68,252.01,spread,5
2025-08-09,polling,house_seats,seats,219.52,217.37,222.55,spread,5
2025-08-09,academic,house_seats,seats,226.02,202.68,252.01,spread,5
2025-08-10,polling,house_seats,seats,219.508,217.37,222.49,spread,5
2025-08-10,academic,house_seats,seats,226.008,202.68,252.01,spread,5
2025-08-11,polling,house_seats,seats,219.458,217.37,222.24,spread,5
2025-08-11,academic,house_seats,seats,225.96,202.68,252.01,spread,5
2025-08-12,polling,house_seats,seats,219.496,217.37,222.43,spread,5
2025-08-12,academic,house_seats,seats,226.05,202.68,252.36,spread,5
2025-08-13,polling,house_seats,seats,219.496,217.37,222.43,spread,5
2025-08-13,academic,house_seats,seats,226.028,202.68,252.36,spread,5
2025-08-14,polling,house_seats,seats,219.45,217.37,222.2,spread,5
2025-08-14,academic,house_seats,seats,226.0,202.68,252.36,spread,5
2025-08-15,polling,house_seats,seats,219.45,217.37,222.2,spread,5
2025-08-15,academic,house_seats,seats,226.014,202.68,252.36,spread,5
2025-08-16,polling,house_seats,seats,219.45,217.37,222.2,spread,5
2025-08-16,academic,house_seats,seats,226.012,202.68,252.35,spread,5
2025-08-17,polling,house_seats,seats,219.426,217.37,222.08,spread,5
2025-08-17,academic,house_seats,seats,226.032,202.68,252.35,spread,5
2025-08-18,polling,house_seats,seats,219.364,217.37,221.77,spread,5
2025-08-18,academic,house_seats,seats,226.02,202.68,252.35,spread,5
2025-08-19,polling,house_seats,seats,219.368,217.37,221.79,spread,5
2025-08-19,academic,house_seats,seats,226.02,202.68,252.35,spread,5
2025-08-20,polling,house_seats,seats,219.368,217.37,221.79,spread,5
2025-08-20,academic,house_seats,seats,226.04,202.68,252.34,spread,5
2025-08-21,polling,house_seats,seats,219.212,217.37,221.56,spread,5
2025-08-21,academic,house_seats,seats,226.03,202.68,252.66,spread,5
2025-08-22,polling,house_seats,seats,219.212,217.37,221.56,spread,5
2025-08-22,academic,house_seats,seats,226.03,202.68,252.66,spread,5
2025-08-23,polling,house_seats,seats,219.212,217.37,221.56,spread,5
2025-08-23,academic,house_seats,seats,226.052,202.68,252.66,spread,5
2025-08-24,polling,house_seats,seats,218.84,217.37,221.56,spread,5
2025-08-24,academic,house_seats,seats,225.864,202.68,252.66,spread,5
2025-08-25,polling,house_seats,seats,218.672,217.37,221.56,spread,5
2025-08-25,academic,house_seats,seats,225.766,202.68,252.65,spread,5
2025-08-26,polling,house_seats,seats,218.42,217.05,221.56,spread,5
2025-08-26,academic,house_seats,seats,225.65,202.68,252.65,spread,5
2025-08-27,polling,house_seats,seats,218.418,217.04,221.56,spread,5
2025-08-27,academic,house_seats,seats,225.65,202.68,252.65,spread,5
2025-08-28,polling,house_seats,seats,218.418,217.04,221.56,spread,5
2025-08-28,academic,house_seats,seats,225.65,202.68,252.65,spread,5
2025-08-29,polling,house_seats,seats,217.984,214.87,221.56,spread,5
2025-08-29,academic,house_seats,seats,224.436,202.68,252.18,spread,5
2025-08-30,polling,house_seats,seats,218.016,215.03,221.56,spread,5
2025-08-30,academic,house_seats,seats,224.45,202.68,252.18,spread,5
2025-08-31,polling,house_seats,seats,218.134,215.62,221.56,spread,5
2025-08-31,academic,house_seats,seats,224.512,202.68,252.18,spread,5
2025-09-01,polling,house_seats,seats,218.506,217.37,221.56,spread,5
2025-09-01,academic,house_seats,seats,224.992,202.68,253.94,spread,5
2025-09-02,polling,house_seats,seats,218.62,217.37,221.56,spread,5
2025-09-02,academic,house_seats,seats,225.128,202.68,254.31,spread,5
2025-09-03,polling,house_seats,seats,218.614,217.37,221.56,spread,5
2025-09-03,academic,house_seats,seats,225.104,202.68,254.31,spread,5
2025-09-04,polling,house_seats,seats,218.614,217.37,221.56,spread,5
2025-09-04,academic,house_seats,seats,225.104,202.68,254.31,spread,5
2025-09-05,polling,house_seats,seats,218.614,217.37,221.56,spread,5
2025-09-05,academic,house_seats,seats,225.096,202.68,254.31,spread,5
2025-09-06,polling,house_seats,seats,218.614,217.37,221.56,spread,5
2025-09-06,academic,house_seats,seats,225.094,202.68,254.3,spread,5
2025-09-07,polling,house_seats,seats,218.636,217.37,221.56,spread,5
2025-09-07,academic,house_seats,seats,225.1,202.68,254.3,spread,5
2025-09-08,polling,house_seats,seats,218.586,217.37,221.56,spread,5
2025-09-08,academic,house_seats,seats,225.072,202.68,254.3,spread,5
2025-09-09,polling,house_seats,seats,218.586,217.37,221.56,spread,5
2025-09-09,academic,house_seats,seats,225.08,202.68,254.3,spread,5
2025-09-10,polling,house_seats,seats,218.57,217.37,221.56,spread,5
2025-09-10,academic,house_seats,seats,225.072,202.68,254.29,spread,5
2025-09-11,polling,house_seats,seats,218.586,217.37,221.56,spread,5
2025-09-11,academic,house_seats,seats,225.138,202.68,254.67,spread,5
2025-09-12,polling,house_seats,seats,218.602,217.37,221.56,spread,5
2025-09-12,academic,house_seats,seats,225.15,202.68,254.66,spread,5
2025-09-13,polling,house_seats,seats,218.584,217.37,221.56,spread,5
2025-09-13,academic,house_seats,seats,225.144,202.68,254.66,spread,5
2025-09-14,polling,house_seats,seats,218.762,217.37,221.56,spread,5
2025-09-14,market,house_seats,seats,223.51,,,,1
2025-09-14,academic,house_seats,seats,225.284,202.68,255.04,spread,5
2025-09-15,polling,house_seats,seats,218.76,217.37,221.56,spread,5
2025-09-15,market,house_seats,seats,223.4,,,,1
2025-09-15,academic,house_seats,seats,225.306,202.68,255.04,spread,5
2025-09-16,polling,house_seats,seats,219.106,217.37,221.56,spread,5
2025-09-16,market,house_seats,seats,223.43,,,,1
2025-09-16,academic,house_seats,seats,225.444,202.68,255.04,spread,5
2025-09-17,polling,house_seats,seats,219.106,217.37,221.56,spread,5
2025-09-17,market,house_seats,seats,223.43,,,,1
2025-09-17,academic,house_seats,seats,225.444,202.68,255.04,spread,5
2025-09-18,polling,house_seats,seats,219.196,217.37,221.56,spread,5
2025-09-18,market,house_seats,seats,223.36,,,,1
2025-09-18,academic,house_seats,seats,225.482,202.68,255.03,spread,5
2025-09-19,polling,house_seats,seats,219.244,217.37,221.56,spread,5
2025-09-19,market,house_seats,seats,223.36,,,,1
2025-09-19,academic,house_seats,seats,225.51,202.68,255.03,spread,5
2025-09-20,polling,house_seats,seats,219.244,217.37,221.56,spread,5
2025-09-20,market,house_seats,seats,223.36,,,,1
2025-09-20,academic,house_seats,seats,225.526,202.68,255.03,spread,5
2025-09-21,polling,house_seats,seats,219.172,217.37,221.56,spread,5
2025-09-21,market,house_seats,seats,223.6,,,,1
2025-09-21,academic,house_seats,seats,225.496,202.68,255.03,spread,5
2025-09-22,polling,house_seats,seats,218.64,217.37,221.56,spread,5
2025-09-22,market,house_seats,seats,223.24,,,,1
2025-09-22,academic,house_seats,seats,225.262,202.68,255.02,spread,5
2025-09-23,polling,house_seats,seats,218.544,217.37,221.56,spread,5
2025-09-23,market,house_seats,seats,223.12,,,,1
2025-09-23,academic,house_seats,seats,225.288,202.68,255.36,spread,5
2025-09-24,polling,house_seats,seats,218.428,217.09,221.56,spread,5
2025-09-24,market,house_seats,seats,223.12,,,,1
2025-09-24,academic,house_seats,seats,225.226,202.68,255.36,spread,5
2025-09-25,polling,house_seats,seats,218.428,217.09,221.56,spread,5
2025-09-25,market,house_seats,seats,223.12,,,,1
2025-09-25,academic,house_seats,seats,225.242,202.68,255.36,spread,5
2025-09-26,polling,house_seats,seats,218.428,217.09,221.56,spread,5
2025-09-26,market,house_seats,seats,223.26,,,,1
2025-09-26,academic,house_seats,seats,225.24,202.68,255.36,spread,5
2025-09-27,polling,house_seats,seats,218.42,217.05,221.56,spread,5
2025-09-27,market,house_seats,seats,223.32,,,,1
2025-09-27,academic,house_seats,seats,225.232,202.68,255.35,spread,5
2025-09-28,polling,house_seats,seats,218.254,216.22,221.56,spread,5
2025-09-28,market,house_seats,seats,223.3,,,,1
2025-09-28,academic,house_seats,seats,224.784,202.68,255.15,spread,5
2025-09-29,polling,house_seats,seats,218.254,216.22,221.56,spread,5
2025-09-29,market,house_seats,seats,223.41,,,,1
2025-09-29,academic,house_seats,seats,224.79,202.68,255.14,spread,5
2025-09-30,polling,house_seats,seats,218.254,216.22,221.56,spread,5
2025-09-30,market,house_seats,seats,223.36,,,,1
2025-09-30,academic,house_seats,seats,224.896,202.68,255.53,spread,5
2025-10-01,polling,house_seats,seats,218.264,216.27,221.56,spread,5
2025-10-01,market,house_seats,seats,223.37,,,,1
2025-10-01,academic,house_seats,seats,225.218,202.68,257.73,spread,5
2025-10-02,polling,house_seats,seats,218.12,215.55,221.56,spread,5
2025-10-02,market,house_seats,seats,223.34,,,,1
2025-10-02,academic,house_seats,seats,225.14,202.68,257.73,spread,5
2025-10-03,polling,house_seats,seats,218.082,215.36,221.56,spread,5
2025-10-03,market,house_seats,seats,223.34,,,,1
2025-10-03,academic,house_seats,seats,225.126,202.68,257.73,spread,5
2025-10-04,polling,house_seats,seats,218.082,215.36,221.56,spread,5
2025-10-04,market,house_seats,seats,223.34,,,,1
2025-10-04,academic,house_seats,seats,225.116,202.68,257.72,spread,5
2025-10-05,polling,house_seats,seats,218.088,215.39,221.56,spread,5
2025-10-05,market,house_seats,seats,223.29,,,,1
2025-10-05,academic,house_seats,seats,225.116,202.68,257.72,spread,5
2025-10-06,polling,house_seats,seats,218.268,216.29,221.56,spread,5
2025-10-06,market,house_seats,seats,223.32,,,,1
2025-10-06,academic,house_seats,seats,225.276,202.68,258.11,spread,5
2025-10-07,polling,house_seats,seats,218.774,215.7,221.91,spread,5
2025-10-07,market,house_seats,seats,223.32,,,,1
2025-10-07,academic,house_seats,seats,225.212,202.68,258.11,spread,5
2025-10-08,polling,house_seats,seats,218.708,215.72,221.91,spread,5
2025-10-08,market,house_seats,seats,223.32,,,,1
2025-10-08,academic,house_seats,seats,225.228,202.68,258.11,spread,5
2025-10-09,polling,house_seats,seats,218.56,214.98,221.91,spread,5
2025-10-09,market,house_seats,seats,223.32,,,,1
2025-10-09,academic,house_seats,seats,225.156,202.68,258.1,spread,5
2025-10-10,polling,house_seats,seats,218.436,214.36,221.91,spread,5
2025-10-10,market,house_seats,seats,223.32,,,,1
2025-10-10,academic,house_seats,seats,225.094,202.68,258.1,spread,5
2025-10-11,polling,house_seats,seats,218.436,214.36,221.91,spread,5
2025-10-11,market,house_seats,seats,223.32,,,,1
2025-10-11,academic,house_seats,seats,225.092,202.68,258.1,spread,5
2025-10-12,polling,house_seats,seats,216.38,214.51,218.4,spread,5
2025-10-12,market,house_seats,seats,223.32,,,,1
2025-10-12,academic,house_seats,seats,225.092,202.68,258.1,spread,5
2025-10-13,polling,house_seats,seats,216.75,215.3,218.4,spread,5
2025-10-13,market,house_seats,seats,223.28,,,,1
2025-10-13,academic,house_seats,seats,225.264,202.68,258.09,spread,5
2025-10-14,polling,house_seats,seats,216.922,214.27,218.75,spread,5
2025-10-14,market,house_seats,seats,223.22,,,,1
2025-10-14,academic,house_seats,seats,225.25,202.68,258.09,spread,5
2025-10-15,polling,house_seats,seats,217.202,214.26,218.74,spread,5
2025-10-15,market,house_seats,seats,221.85,,,,1
2025-10-15,academic,house_seats,seats,225.458,202.68,258.49,spread,5
2025-10-16,polling,house_seats,seats,217.548,214.95,218.74,spread,5
2025-10-16,market,house_seats,seats,222.85,,,,1
2025-10-16,academic,house_seats,seats,225.424,202.68,258.49,spread,5
2025-10-17,polling,house_seats,seats,217.0,213.92,218.74,spread,5
2025-10-17,market,house_seats,seats,222.73,,,,1
2025-10-17,academic,house_seats,seats,225.426,202.68,258.48,spread,5
2025-10-18,polling,house_seats,seats,217.022,213.92,218.74,spread,5
2025-10-18,market,house_seats,seats,222.62,,,,1
2025-10-18,academic,house_seats,seats,225.44,202.68,258.48,spread,5
2025-10-19,polling,house_seats,seats,217.102,213.92,218.74,spread,5
2025-10-19,market,house_seats,seats,222.62,,,,1
2025-10-19,academic,house_seats,seats,225.476,202.68,258.48,spread,5
2025-10-20,polling,house_seats,seats,217.194,213.92,218.74,spread,5
2025-10-20,market,house_seats,seats,222.49,,,,1
2025-10-20,academic,house_seats,seats,225.512,202.68,258.48,spread,5
2025-10-21,polling,house_seats,seats,217.608,214.61,219.44,spread,5
2025-10-21,market,house_seats,seats,222.56,,,,1
2025-10-21,academic,house_seats,seats,225.518,202.68,258.48,spread,5
2025-10-22,polling,house_seats,seats,218.694,217.45,220.64,spread,5
2025-10-22,market,house_seats,seats,222.56,,,,1
2025-10-22,academic,house_seats,seats,225.79,202.68,259.3,spread,5
2025-10-23,polling,house_seats,seats,218.634,217.45,220.64,spread,5
2025-10-23,market,house_seats,seats,222.68,,,,1
2025-10-23,academic,house_seats,seats,225.762,202.68,259.3,spread,5
2025-10-24,polling,house_seats,seats,218.634,217.45,220.64,spread,5
2025-10-24,market,house_seats,seats,222.68,,,,1
2025-10-24,academic,house_seats,seats,225.762,202.68,259.3,spread,5
2025-10-25,polling,house_seats,seats,218.63,217.45,220.63,spread,5
2025-10-25,market,house_seats,seats,222.68,,,,1
2025-10-25,academic,house_seats,seats,225.76,202.68,259.29,spread,5
2025-10-26,polling,house_seats,seats,218.728,217.45,220.63,spread,5
2025-10-26,market,house_seats,seats,222.68,,,,1
2025-10-26,academic,house_seats,seats,225.796,202.68,259.29,spread,5
2025-10-27,polling,house_seats,seats,218.514,217.45,219.92,spread,5
2025-10-27,market,house_seats,seats,222.3,,,,1
2025-10-27,academic,house_seats,seats,225.724,202.68,259.29,spread,5
2025-10-28,polling,house_seats,seats,219.34,216.74,220.98,spread,5
2025-10-28,market,house_seats,seats,222.3,,,,1
2025-10-28,academic,house_seats,seats,225.772,202.68,259.29,spread,5
2025-10-29,polling,house_seats,seats,219.42,216.74,220.98,spread,5
2025-10-29,market,house_seats,seats,222.3,,,,1
2025-10-29,academic,house_seats,seats,225.808,202.68,259.29,spread,5
2025-10-30,polling,house_seats,seats,218.598,216.74,220.98,spread,5
2025-10-30,market,house_seats,seats,222.31,,,,1
2025-10-30,academic,house_seats,seats,225.798,202.68,259.28,spread,5
2025-10-31,polling,house_seats,seats,218.718,217.08,220.25,spread,5
2025-10-31,market,house_seats,seats,222.31,,,,1
2025-10-31,academic,house_seats,seats,225.204,202.68,258.53,spread,5
2025-11-01,polling,house_seats,seats,218.712,217.07,220.24,spread,5
2025-11-01,market,house_seats,seats,222.31,,,,1
2025-11-01,academic,house_seats,seats,224.75,202.68,256.3,spread,5
2025-11-02,polling,house_seats,seats,219.076,217.59,220.24,spread,5
2025-11-02,market,house_seats,seats,222.31,,,,1
2025-11-02,academic,house_seats,seats,224.756,202.68,256.3,spread,5
2025-11-03,polling,house_seats,seats,219.076,217.59,220.24,spread,5
2025-11-03,market,house_seats,seats,222.31,,,,1
2025-11-03,academic,house_seats,seats,224.762,202.68,256.29,spread,5
2025-11-04,polling,house_seats,seats,219.178,216.26,220.98,spread,5
2025-11-04,market,house_seats,seats,222.25,,,,1
2025-11-04,academic,house_seats,seats,226.026,202.68,257.24,spread,5
2025-11-05,polling,house_seats,seats,219.46,216.26,222.81,spread,5
2025-11-05,market,house_seats,seats,222.33,,,,1
2025-11-05,academic,house_seats,seats,226.14,202.68,257.99,spread,5
2025-11-06,polling,house_seats,seats,219.742,216.26,222.81,spread,5
2025-11-06,market,house_seats,seats,222.33,,,,1
2025-11-06,academic,house_seats,seats,226.278,202.68,258.37,spread,5
2025-11-07,polling,house_seats,seats,220.032,216.97,222.81,spread,5
2025-11-07,market,house_seats,seats,223.6,,,,1
2025-11-07,academic,house_seats,seats,226.278,202.68,258.37,spread,5
2025-11-08,polling,house_seats,seats,220.034,216.98,222.81,spread,5
2025-11-08,market,house_seats,seats,223.74,,,,1
2025-11-08,academic,house_seats,seats,226.278,202.68,258.37,spread,5
2025-11-09,polling,house_seats,seats,220.066,216.97,222.8,spread,5
2025-11-09,market,house_seats,seats,223.84,,,,1
2025-11-09,academic,house_seats,seats,226.292,202.68,258.37,spread,5
2025-11-10,polling,house_seats,seats,221.162,217.89,223.74,spread,5
2025-11-10,market,house_seats,seats,223.46,,,,1
2025-11-10,academic,house_seats,seats,227.208,202.68,259.68,spread,5
2025-11-11,polling,house_seats,seats,222.878,220.55,225.19,spread,5
2025-11-11,market,house_seats,seats,224.0,,,,1
2025-11-11,academic,house_seats,seats,227.262,202.68,260.03,spread,5
2025-11-12,polling,house_seats,seats,222.846,221.12,225.19,spread,5
2025-11-12,market,house_seats,seats,223.28,,,,1
2025-11-12,academic,house_seats,seats,227.306,202.68,260.03,spread,5
2025-11-13,polling,house_seats,seats,222.656,221.17,225.19,spread,5
2025-11-13,market,house_seats,seats,223.06,,,,1
2025-11-13,academic,house_seats,seats,227.444,202.68,260.03,spread,5
2025-11-14,polling,house_seats,seats,223.588,222.63,225.56,spread,5
2025-11-14,market,house_seats,seats,223.06,,,,1
2025-11-14,academic,house_seats,seats,227.532,202.68,260.03,spread,5
2025-11-15,polling,house_seats,seats,223.588,222.63,225.56,spread,5
2025-11-15,market,house_seats,seats,222.41,,,,1
2025-11-15,academic,house_seats,seats,227.554,202.68,260.02,spread,5
2025-11-16,polling,house_seats,seats,223.652,222.63,225.55,spread,5
2025-11-16,market,house_seats,seats,222.87,,,,1
2025-11-16,academic,house_seats,seats,227.582,202.68,260.02,spread,5
2025-11-17,polling,house_seats,seats,223.844,222.63,225.55,spread,5
2025-11-17,market,house_seats,seats,223.03,,,,1
2025-11-17,academic,house_seats,seats,227.64,202.68,260.02,spread,5
2025-11-18,polling,house_seats,seats,223.292,221.89,224.46,spread,5
2025-11-18,market,house_seats,seats,223.18,,,,1
2025-11-18,academic,house_seats,seats,227.618,202.68,260.02,spread,5
2025-11-19,polling,house_seats,seats,226.178,224.09,228.54,spread,5
2025-11-19,market,house_seats,seats,223.56,,,,1
2025-11-19,academic,house_seats,seats,227.626,202.68,260.02,spread,5
2025-11-20,polling,house_seats,seats,226.312,224.09,228.54,spread,5
2025-11-20,market,house_seats,seats,224.23,,,,1
2025-11-20,academic,house_seats,seats,227.788,202.68,260.42,spread,5
2025-11-21,polling,house_seats,seats,226.308,224.09,228.54,spread,5
2025-11-21,market,house_seats,seats,224.46,,,,1
2025-11-21,academic,house_seats,seats,227.778,202.68,260.42,spread,5
2025-11-22,polling,house_seats,seats,226.308,224.09,228.54,spread,5
2025-11-22,market,house_seats,seats,224.24,,,,1
2025-11-22,academic,house_seats,seats,227.776,202.68,260.41,spread,5
2025-11-23,polling,house_seats,seats,226.27,224.09,228.53,spread,5
2025-11-23,market,house_seats,seats,224.23,,,,1
2025-11-23,academic,house_seats,seats,227.754,202.68,260.41,spread,5
2025-11-24,polling,house_seats,seats,225.824,224.09,227.78,spread,5
2025-11-24,market,house_seats,seats,224.21,,,,1
2025-11-24,academic,house_seats,seats,227.716,202.68,260.41,spread,5
2025-11-25,polling,house_seats,seats,226.332,224.09,228.9,spread,5
2025-11-25,market,house_seats,seats,224.2,,,,1
2025-11-25,academic,house_seats,seats,227.744,202.68,260.41,spread,5
2025-11-26,polling,house_seats,seats,226.2967,224.09,228.15,spread,6
2025-11-26,market,house_seats,seats,224.24,,,,1
2025-11-26,academic,house_seats,seats,227.782,202.68,260.41,spread,5
2025-11-27,polling,house_seats,seats,226.2617,224.09,228.15,spread,6
2025-11-27,market,house_seats,seats,224.17,,,,1
2025-11-27,academic,house_seats,seats,227.766,202.68,260.4,spread,5
2025-11-28,polling,house_seats,seats,226.26,224.09,228.15,spread,6
2025-11-28,market,house_seats,seats,223.76,,,,1
2025-11-28,academic,house_seats,seats,227.766,202.68,260.4,spread,5
2025-11-29,polling,house_seats,seats,226.1772,223.72,228.0233,spread,6
2025-11-29,market,house_seats,seats,223.72,,,,1
2025-11-29,academic,house_seats,seats,227.822,202.68,260.8,spread,5
2025-11-30,polling,house_seats,seats,226.1344,223.72,227.8967,spread,6
2025-11-30,market,house_seats,seats,223.66,,,,1
2025-11-30,academic,house_seats,seats,227.806,202.68,260.8,spread,5
2025-12-01,polling,house_seats,seats,226.0617,223.72,227.77,spread,6
2025-12-01,market,house_seats,seats,223.85,,,,1
2025-12-01,academic,house_seats,seats,227.046,202.68,257.14,spread,5
2025-12-02,polling,house_seats,seats,226.8017,224.09,229.27,spread,6
2025-12-02,market,house_seats,seats,224.18,,,,1
2025-12-02,academic,house_seats,seats,227.082,202.68,257.14,spread,5
2025-12-03,polling,house_seats,seats,226.7367,224.09,229.27,spread,6
2025-12-03,market,house_seats,seats,224.55,,,,1
2025-12-03,academic,house_seats,seats,227.046,202.68,257.14,spread,5
2025-12-04,polling,house_seats,seats,225.6744,221.12,228.14,spread,6
2025-12-04,market,house_seats,seats,224.98,,,,1
2025-12-04,academic,house_seats,seats,226.736,202.68,257.14,spread,5
2025-12-05,polling,house_seats,seats,225.4806,219.99,227.3933,spread,6
2025-12-05,market,house_seats,seats,225.3,,,,1
2025-12-05,academic,house_seats,seats,226.706,202.68,257.49,spread,5
2025-12-06,polling,house_seats,seats,224.1383,219.71,227.39,spread,6
2025-12-06,market,house_seats,seats,226.69,,,,1
2025-12-06,academic,house_seats,seats,226.706,202.68,257.49,spread,5
2025-12-07,polling,house_seats,seats,224.1283,219.71,227.39,spread,6
2025-12-07,market,house_seats,seats,226.77,,,,1
2025-12-07,academic,house_seats,seats,226.732,202.68,257.48,spread,5
2025-12-08,polling,house_seats,seats,224.07,219.7,227.39,spread,6
2025-12-08,market,house_seats,seats,226.7,,,,1
2025-12-08,academic,house_seats,seats,226.736,202.68,257.87,spread,5
2025-12-09,polling,house_seats,seats,222.9278,219.97,226.4067,spread,6
2025-12-09,market,house_seats,seats,226.97,,,,1
2025-12-09,academic,house_seats,seats,226.726,202.68,257.86,spread,5
2025-12-10,polling,house_seats,seats,222.6739,219.44,226.28,spread,6
2025-12-10,market,house_seats,seats,226.83,,,,1
2025-12-10,academic,house_seats,seats,226.68,202.68,257.86,spread,5
2025-12-11,polling,house_seats,seats,222.5167,219.49,226.27,spread,6
2025-12-11,market,house_seats,seats,226.75,,,,1
2025-12-11,academic,house_seats,seats,226.698,202.68,257.86,spread,5
2025-12-12,polling,house_seats,seats,222.5167,219.49,226.27,spread,6
2025-12-12,market,house_seats,seats,226.78,,,,1
2025-12-12,academic,house_seats,seats,226.698,202.68,257.86,spread,5
2025-12-13,polling,house_seats,seats,222.5783,219.49,226.27,spread,6
2025-12-13,market,house_seats,seats,227.16,,,,1
2025-12-13,academic,house_seats,seats,226.712,202.68,257.86,spread,5
2025-12-14,polling,house_seats,seats,222.6028,219.66,226.27,spread,6
2025-12-14,market,house_seats,seats,227.19,,,,1
2025-12-14,academic,house_seats,seats,226.712,202.68,257.86,spread,5
2025-12-15,polling,house_seats,seats,222.5972,219.63,226.27,spread,6
2025-12-15,market,house_seats,seats,227.34,,,,1
2025-12-15,academic,house_seats,seats,226.78,202.68,258.24,spread,5
2025-12-16,polling,house_seats,seats,221.855,219.15,226.27,spread,6
2025-12-16,market,house_seats,seats,227.15,,,,1
2025-12-16,academic,house_seats,seats,226.734,202.68,258.24,spread,5
2025-12-17,polling,house_seats,seats,221.5167,218.97,226.27,spread,6
2025-12-17,market,house_seats,seats,227.15,,,,1
2025-12-17,academic,house_seats,seats,226.83,202.68,258.64,spread,5
2025-12-18,polling,house_seats,seats,220.7233,218.97,224.8,spread,6
2025-12-18,market,house_seats,seats,227.41,,,,1
2025-12-18,academic,house_seats,seats,226.83,202.68,258.64,spread,5
2025-12-19,polling,house_seats,seats,221.0728,218.6,224.43,spread,6
2025-12-19,market,house_seats,seats,227.64,,,,1
2025-12-19,academic,house_seats,seats,227.058,202.68,258.99,spread,5
2025-12-20,polling,house_seats,seats,224.1456,220.78,228.5,spread,6
2025-12-20,market,house_seats,seats,227.34,,,,1
2025-12-20,academic,house_seats,seats,227.072,202.68,258.98,spread,5
2025-12-21,polling,house_seats,seats,224.365,220.78,228.5,spread,6
2025-12-21,market,house_seats,seats,227.58,,,,1
2025-12-21,academic,house_seats,seats,227.08,202.68,258.98,spread,5
2025-12-22,polling,house_seats,seats,224.8467,220.6,229.99,spread,6
2025-12-22,market,house_seats,seats,227.7,,,,1
2025-12-22,academic,house_seats,seats,227.066,202.68,258.98,spread,5
2025-12-23,polling,house_seats,seats,224.9,220.6,228.12,spread,6
2025-12-23,market,house_seats,seats,227.41,,,,1
2025-12-23,academic,house_seats,seats,227.144,202.68,259.37,spread,5
2025-12-24,polling,house_seats,seats,224.8967,220.6,228.11,spread,6
2025-12-24,market,house_seats,seats,227.77,,,,1
2025-12-24,academic,house_seats,seats,227.144,202.68,259.37,spread,5
2025-12-25,polling,house_seats,seats,225.02,221.7,228.11,spread,6
2025-12-25,market,house_seats,seats,227.79,,,,1
2025-12-25,academic,house_seats,seats,227.238,202.68,259.37,spread,5
2025-12-26,polling,house_seats,seats,224.4033,221.69,228.11,spread,6
2025-12-26,market,house_seats,seats,227.81,,,,1
2025-12-26,academic,house_seats,seats,227.234,202.68,259.36,spread,5
2025-12-27,polling,house_seats,seats,224.4017,221.69,228.11,spread,6
2025-12-27,market,house_seats,seats,227.76,,,,1
2025-12-27,academic,house_seats,seats,227.234,202.68,259.36,spread,5
2025-12-28,polling,house_seats,seats,224.3767,221.55,228.11,spread,6
2025-12-28,market,house_seats,seats,227.84,,,,1
2025-12-28,academic,house_seats,seats,227.242,202.68,259.36,spread,5
2025-12-29,polling,house_seats,seats,224.3917,221.64,228.11,spread,6
2025-12-29,market,house_seats,seats,227.83,,,,1
2025-12-29,academic,house_seats,seats,227.272,202.68,259.36,spread,5
2025-12-30,polling,house_seats,seats,224.39,221.64,228.1,spread,6
2025-12-30,market,house_seats,seats,227.79,,,,1
2025-12-30,academic,house_seats,seats,227.272,202.68,259.36,spread,5
2025-12-31,polling,house_seats,seats,224.445,222.22,228.1,spread,6
2025-12-31,market,house_seats,seats,227.44,,,,1
2025-12-31,academic,house_seats,seats,227.336,202.68,259.35,spread,5
2026-01-01,polling,house_seats,seats,224.6917,222.59,228.1,spread,6
2026-01-01,market,house_seats,seats,227.31,,,,1
2026-01-01,academic,house_seats,seats,227.37,202.68,258.65,spread,5
2026-01-02,polling,house_seats,seats,224.69,222.59,228.1,spread,6
2026-01-02,market,house_seats,seats,227.44,,,,1
2026-01-02,academic,house_seats,seats,227.4,202.68,258.65,spread,5
2026-01-03,polling,house_seats,seats,224.6583,222.59,228.1,spread,6
2026-01-03,market,house_seats,seats,227.56,,,,1
2026-01-03,academic,house_seats,seats,227.36,202.68,258.64,spread,5
2026-01-04,polling,house_seats,seats,225.7633,223.32,229.6,spread,6
2026-01-04,market,house_seats,seats,227.56,,,,1
2026-01-04,academic,house_seats,seats,227.306,202.68,258.64,spread,5
2026-01-05,polling,house_seats,seats,226.0708,223.32,229.6,spread,6
2026-01-05,market,house_seats,seats,227.6,,,,1
2026-01-05,academic,house_seats,seats,227.518,202.68,258.64,spread,5
2026-01-06,polling,house_seats,seats,226.0567,223.32,229.6,spread,6
2026-01-06,market,house_seats,seats,227.75,,,,1
2026-01-06,academic,house_seats,seats,227.538,202.68,258.64,spread,5
2026-01-07,polling,house_seats,seats,226.1817,223.32,229.23,spread,6
2026-01-07,market,house_seats,seats,227.56,,,,1
2026-01-07,academic,house_seats,seats,227.55,202.68,258.99,spread,5
2026-01-08,polling,house_seats,seats,225.9483,223.32,229.23,spread,6
2026-01-08,market,house_seats,seats,227.7,,,,1
2026-01-08,academic,house_seats,seats,227.496,202.68,259.38,spread,5
2026-01-09,polling,house_seats,seats,225.805,222.05,229.23,spread,6
2026-01-09,market,house_seats,seats,227.64,,,,1
2026-01-09,academic,house_seats,seats,227.242,202.68,259.38,spread,5
2026-01-10,polling,house_seats,seats,225.8033,222.05,229.22,spread,6
2026-01-10,market,house_seats,seats,227.58,,,,1
2026-01-10,academic,house_seats,seats,227.242,202.68,259.38,spread,5
2026-01-11,polling,house_seats,seats,225.7417,221.68,229.22,spread,6
2026-01-11,market,house_seats,seats,227.56,,,,1
2026-01-11,academic,house_seats,seats,227.206,202.68,259.38,spread,5
2026-01-12,polling,house_seats,seats,225.2417,222.4,228.85,spread,6
2026-01-12,market,house_seats,seats,227.56,,,,1
2026-01-12,academic,house_seats,seats,227.278,202.68,259.38,spread,5
2026-01-13,polling,house_seats,seats,225.12,222.06,228.09,spread,6
2026-01-13,market,house_seats,seats,227.97,,,,1
2026-01-13,academic,house_seats,seats,227.33,202.68,259.78,spread,5
2026-01-14,polling,house_seats,seats,225.345,223.42,228.08,spread,6
2026-01-14,market,house_seats,seats,228.04,,,,1
2026-01-14,academic,house_seats,seats,227.448,202.68,259.77,spread,5
2026-01-15,polling,house_seats,seats,225.285,223.8,228.08,spread,6
2026-01-15,market,house_seats,seats,229.43,,,,1
2026-01-15,academic,house_seats,seats,227.476,202.68,259.77,spread,5
2026-01-16,polling,house_seats,seats,223.9417,222.95,225.14,spread,6
2026-01-16,market,house_seats,seats,229.89,,,,1
2026-01-16,academic,house_seats,seats,227.468,202.68,259.77,spread,5
2026-01-17,polling,house_seats,seats,223.9667,222.95,225.14,spread,6
2026-01-17,market,house_seats,seats,230.82,,,,1
2026-01-17,academic,house_seats,seats,227.482,202.68,259.77,spread,5
2026-01-18,polling,house_seats,seats,223.935,222.94,225.14,spread,6
2026-01-18,market,house_seats,seats,231.29,,,,1
2026-01-18,academic,house_seats,seats,227.484,202.68,259.77,spread,5
2026-01-19,polling,house_seats,seats,224.145,222.94,226.23,spread,6
2026-01-19,market,house_seats,seats,231.56,,,,1
2026-01-19,academic,house_seats,seats,227.51,202.68,259.76,spread,5
2026-01-20,polling,house_seats,seats,224.7917,222.94,225.86,spread,6
2026-01-20,market,house_seats,seats,231.46,,,,1
2026-01-20,academic,house_seats,seats,227.758,202.68,260.16,spread,5
2026-01-21,polling,house_seats,seats,224.7917,222.94,225.86,spread,6
2026-01-21,market,house_seats,seats,231.58,,,,1
2026-01-21,academic,house_seats,seats,227.766,202.68,260.16,spread,5
2026-01-22,polling,house_seats,seats,225.775,224.4,226.59,spread,6
2026-01-22,market,house_seats,seats,231.34,,,,1
2026-01-22,academic,house_seats,seats,227.742,202.68,260.15,spread,5
2026-01-23,polling,house_seats,seats,226.4542,224.4,227.71,spread,6
2026-01-23,market,house_seats,seats,231.68,,,,1
2026-01-23,academic,house_seats,seats,227.75,202.68,260.15,spread,5
2026-01-24,polling,house_seats,seats,226.5167,224.4,227.71,spread,6
2026-01-24,market,house_seats,seats,231.29,,,,1
2026-01-24,academic,house_seats,seats,227.75,202.68,260.15,spread,5
2026-01-25,polling,house_seats,seats,226.2758,224.76,227.71,spread,6
2026-01-25,market,house_seats,seats,231.29,,,,1
2026-01-25,academic,house_seats,seats,227.72,202.68,260.15,spread,5
2026-01-26,polling,house_seats,seats,226.3083,224.76,227.71,spread,6
2026-01-26,market,house_seats,seats,231.25,,,,1
2026-01-26,academic,house_seats,seats,227.756,202.68,260.14,spread,5
2026-01-27,polling,house_seats,seats,226.495,224.76,229.2,spread,6
2026-01-27,market,house_seats,seats,231.44,,,,1
2026-01-27,academic,house_seats,seats,227.8,202.68,260.5,spread,5
2026-01-28,polling,house_seats,seats,226.22,224.4,227.7,spread,6
2026-01-28,market,house_seats,seats,231.44,,,,1
2026-01-28,academic,house_seats,seats,227.806,202.68,260.5,spread,5
2026-01-29,polling,house_seats,seats,226.255,224.4,227.7,spread,6
2026-01-29,market,house_seats,seats,231.29,,,,1
2026-01-29,academic,house_seats,seats,227.836,202.68,260.5,spread,5
2026-01-30,polling,house_seats,seats,226.7642,224.76,230.32,spread,6
2026-01-30,market,house_seats,seats,231.19,,,,1
2026-01-30,academic,house_seats,seats,227.864,202.68,260.49,spread,5
2026-01-31,polling,house_seats,seats,226.795,224.76,230.32,spread,6
2026-01-31,market,house_seats,seats,231.48,,,,1
2026-01-31,academic,house_seats,seats,227.864,202.68,260.49,spread,5
2026-02-01,polling,house_seats,seats,227.0994,224.39,230.69,spread,6
2026-02-01,market,house_seats,seats,230.54,,,,1
2026-02-01,academic,house_seats,seats,228.03,202.68,261.25,spread,5
2026-02-02,polling,house_seats,seats,226.9439,224.03,230.69,spread,6
2026-02-02,market,house_seats,seats,230.48,,,,1
2026-02-02,academic,house_seats,seats,228.046,202.68,261.24,spread,5
2026-02-03,polling,house_seats,seats,227.0583,224.03,230.69,spread,6
2026-02-03,market,house_seats,seats,230.03,,,,1
2026-02-03,academic,house_seats,seats,228.066,202.68,261.24,spread,5
2026-02-04,polling,house_seats,seats,226.3767,223.66,229.19,spread,6
2026-02-04,market,house_seats,seats,230.41,,,,1
2026-02-04,academic,house_seats,seats,228.084,202.68,261.65,spread,5
2026-02-05,polling,house_seats,seats,226.3692,223.66,229.19,spread,6
2026-02-05,market,house_seats,seats,230.99,,,,1
2026-02-05,academic,house_seats,seats,228.068,202.68,261.65,spread,5
2026-02-06,polling,house_seats,seats,226.4917,223.66,229.19,spread,6
2026-02-06,market,house_seats,seats,230.97,,,,1
2026-02-06,academic,house_seats,seats,228.14,202.68,262.01,spread,5
2026-02-07,polling,house_seats,seats,226.4817,223.66,229.19,spread,6
2026-02-07,market,house_seats,seats,231.07,,,,1
2026-02-07,academic,house_seats,seats,228.132,202.68,262.01,spread,5
2026-02-08,polling,house_seats,seats,226.5583,223.66,229.18,spread,6
2026-02-08,market,house_seats,seats,230.15,,,,1
2026-02-08,academic,house_seats,seats,228.192,202.68,262.01,spread,5
2026-02-09,polling,house_seats,seats,226.5933,223.66,229.18,spread,6
2026-02-09,market,house_seats,seats,229.77,,,,1
2026-02-09,academic,house_seats,seats,228.196,202.68,262.0,spread,5
2026-02-10,polling,house_seats,seats,226.4633,224.02,229.18,spread,6
2026-02-10,market,house_seats,seats,229.86,,,,1
2026-02-10,academic,house_seats,seats,228.132,202.68,262.0,spread,5
2026-02-11,polling,house_seats,seats,226.43,223.66,228.43,spread,6
2026-02-11,market,house_seats,seats,229.86,,,,1
2026-02-11,academic,house_seats,seats,228.146,202.68,262.0,spread,5
2026-02-12,polling,house_seats,seats,226.0117,223.29,228.43,spread,6
2026-02-12,market,house_seats,seats,229.86,,,,1
2026-02-12,academic,house_seats,seats,227.994,202.68,262.0,spread,5
2026-02-13,polling,house_seats,seats,226.0117,223.29,228.43,spread,6
2026-02-13,market,house_seats,seats,229.86,,,,1
2026-02-13,academic,house_seats,seats,227.998,202.68,261.99,spread,5
2026-02-14,polling,house_seats,seats,225.9483,223.28,228.43,spread,6
2026-02-14,market,house_seats,seats,229.21,,,,1
2026-02-14,academic,house_seats,seats,227.998,202.68,261.99,spread,5
2026-02-15,polling,house_seats,seats,226.0533,223.29,228.43,spread,6
2026-02-15,market,house_seats,seats,229.21,,,,1
2026-02-15,academic,house_seats,seats,228.056,202.68,261.99,spread,5
2026-02-16,polling,house_seats,seats,226.1783,223.29,228.43,spread,6
2026-02-16,market,house_seats,seats,232.34,,,,1
2026-02-16,academic,house_seats,seats,228.12,202.68,261.99,spread,5
2026-02-17,polling,house_seats,seats,226.0367,221.47,228.24,spread,6
2026-02-17,market,house_seats,seats,233.53,,,,1
2026-02-17,academic,house_seats,seats,228.126,202.68,261.98,spread,5
2026-02-18,polling,house_seats,seats,226.19,221.47,229.17,spread,6
2026-02-18,market,house_seats,seats,233.52,,,,1
2026-02-18,academic,house_seats,seats,228.126,202.68,261.98,spread,5
2026-02-19,polling,house_seats,seats,226.3,221.47,229.17,spread,6
2026-02-19,market,house_seats,seats,231.6,,,,1
2026-02-19,academic,house_seats,seats,228.16,202.68,261.98,spread,5
2026-02-20,polling,house_seats,seats,226.8358,224.74,229.355,spread,6
2026-02-20,market,house_seats,seats,231.01,,,,1
2026-02-20,academic,house_seats,seats,230.452,213.81,261.98,spread,5
2026-02-21,polling,house_seats,seats,226.745,224.01,229.54,spread,6
2026-02-21,market,house_seats,seats,236.63,,,,1
2026-02-21,academic,house_seats,seats,230.45,213.81,261.97,spread,5
2026-02-22,polling,house_seats,seats,226.9017,224.01,229.54,spread,6
2026-02-22,market,house_seats,seats,233.74,,,,1
2026-02-22,academic,house_seats,seats,230.546,213.81,261.97,spread,5
2026-02-23,polling,house_seats,seats,226.7667,224.01,229.54,spread,6
2026-02-23,market,house_seats,seats,231.5,,,,1
2026-02-23,academic,house_seats,seats,230.442,213.81,261.97,spread,5
2026-02-24,polling,house_seats,seats,227.8717,226.19,230.28,spread,6
2026-02-24,market,house_seats,seats,230.97,,,,1
2026-02-24,academic,house_seats,seats,230.426,213.81,261.97,spread,5
2026-02-25,polling,house_seats,seats,227.9033,226.19,230.28,spread,6
2026-02-25,market,house_seats,seats,230.71,,,,1
2026-02-25,academic,house_seats,seats,230.45,213.81,261.97,spread,5
2026-02-26,polling,house_seats,seats,227.7533,225.54,230.28,spread,6
2026-02-26,market,house_seats,seats,231.0,,,,1
2026-02-26,academic,house_seats,seats,230.368,213.81,261.97,spread,5
2026-02-27,polling,house_seats,seats,227.6533,225.12,230.65,spread,6
2026-02-27,market,house_seats,seats,229.65,,,,1
2026-02-27,academic,house_seats,seats,230.308,213.81,261.97,spread,5
2026-02-28,polling,house_seats,seats,227.5617,225.12,231.03,spread,6
2026-02-28,market,house_seats,seats,230.98,,,,1
2026-02-28,academic,house_seats,seats,230.308,213.81,261.97,spread,5
2026-03-01,polling,house_seats,seats,227.5667,225.17,231.03,spread,6
2026-03-01,market,house_seats,seats,230.91,,,,1
2026-03-01,academic,house_seats,seats,232.01,213.81,266.51,spread,5
2026-03-02,polling,house_seats,seats,227.535,224.98,231.03,spread,6
2026-03-02,market,house_seats,seats,231.19,,,,1
2026-03-02,academic,house_seats,seats,232.082,213.81,266.94,spread,5
2026-03-03,polling,house_seats,seats,228.0883,224.56,231.03,spread,6
2026-03-03,market,house_seats,seats,231.42,,,,1
2026-03-03,academic,house_seats,seats,232.038,213.81,266.94,spread,5
2026-03-04,polling,house_seats,seats,227.8406,224.58,231.03,spread,6
2026-03-04,market,house_seats,seats,232.54,,,,1
2026-03-04,academic,house_seats,seats,232.142,213.81,267.35,spread,5
2026-03-05,polling,house_seats,seats,227.3078,224.72,230.27,spread,6
2026-03-05,market,house_seats,seats,231.5,,,,1
2026-03-05,academic,house_seats,seats,232.21,213.81,267.35,spread,5
2026-03-06,polling,house_seats,seats,226.4417,224.72,228.77,spread,6
2026-03-06,market,house_seats,seats,231.5,,,,1
2026-03-06,academic,house_seats,seats,232.266,213.81,267.76,spread,5
2026-03-07,polling,house_seats,seats,226.255,224.35,228.77,spread,6
2026-03-07,market,house_seats,seats,234.35,,,,1
2026-03-07,academic,house_seats,seats,232.266,213.81,267.76,spread,5
2026-03-08,polling,house_seats,seats,226.4117,224.72,228.77,spread,6
2026-03-08,market,house_seats,seats,232.0,,,,1
2026-03-08,academic,house_seats,seats,232.322,213.81,267.76,spread,5
2026-03-09,polling,house_seats,seats,226.1711,223.65,228.6467,spread,6
2026-03-09,market,house_seats,seats,234.25,,,,1
2026-03-09,academic,house_seats,seats,232.202,213.81,267.76,spread,5
2026-03-10,polling,house_seats,seats,226.1006,224.08,228.5233,spread,6
2026-03-10,market,house_seats,seats,233.06,,,,1
2026-03-10,academic,house_seats,seats,232.252,213.81,267.76,spread,5
2026-03-11,polling,house_seats,seats,226.7583,223.74,229.14,spread,6
2026-03-11,market,house_seats,seats,233.18,,,,1
2026-03-11,academic,house_seats,seats,232.292,213.81,268.14,spread,5
2026-03-12,polling,house_seats,seats,226.6917,223.72,229.14,spread,6
2026-03-12,market,house_seats,seats,233.18,,,,1
2026-03-12,academic,house_seats,seats,232.292,213.81,268.14,spread,5
2026-03-13,polling,house_seats,seats,226.56,222.93,229.14,spread,6
2026-03-13,market,house_seats,seats,234.27,,,,1
2026-03-13,academic,house_seats,seats,232.228,213.81,268.14,spread,5
2026-03-14,polling,house_seats,seats,226.5578,222.92,229.14,spread,6
2026-03-14,market,house_seats,seats,236.35,,,,1
2026-03-14,academic,house_seats,seats,232.228,213.81,268.14,spread,5
2026-03-15,polling,house_seats,seats,226.5222,222.72,229.13,spread,6
2026-03-15,market,house_seats,seats,234.77,,,,1
2026-03-15,academic,house_seats,seats,232.214,213.81,268.14,spread,5
2026-03-16,polling,house_seats,seats,226.6467,223.47,229.13,spread,6
2026-03-16,market,house_seats,seats,233.96,,,,1
2026-03-16,academic,house_seats,seats,232.302,213.81,268.14,spread,5
2026-03-17,polling,house_seats,seats,225.8933,224.35,227.27,spread,6
2026-03-17,market,house_seats,seats,233.93,,,,1
2026-03-17,academic,house_seats,seats,232.468,213.81,268.14,spread,5
2026-03-18,polling,house_seats,seats,225.835,224.34,227.27,spread,6
2026-03-18,market,house_seats,seats,234.12,,,,1
2026-03-18,academic,house_seats,seats,232.43,213.81,268.14,spread,5
2026-03-19,polling,house_seats,seats,225.9056,224.34,227.3933,spread,6
2026-03-19,market,house_seats,seats,233.74,,,,1
2026-03-19,academic,house_seats,seats,232.452,213.81,268.14,spread,5
2026-03-20,polling,house_seats,seats,225.9228,223.99,227.5167,spread,6
2026-03-20,market,house_seats,seats,234.88,,,,1
2026-03-20,academic,house_seats,seats,232.496,213.81,268.14,spread,5
2026-03-21,polling,house_seats,seats,226.3083,225.53,227.64,spread,6
2026-03-21,market,house_seats,seats,236.0,,,,1
2026-03-21,academic,house_seats,seats,232.496,213.81,268.14,spread,5
2026-03-22,polling,house_seats,seats,226.3233,225.64,227.64,spread,6
2026-03-22,market,house_seats,seats,235.98,,,,1
2026-03-22,academic,house_seats,seats,232.502,213.81,268.14,spread,5
2026-03-23,polling,house_seats,seats,226.3283,225.68,227.63,spread,6
2026-03-23,market,house_seats,seats,235.5,,,,1
2026-03-23,academic,house_seats,seats,232.524,213.81,268.14,spread,5
2026-03-24,polling,house_seats,seats,226.4661,225.52,227.63,spread,6
2026-03-24,market,house_seats,seats,234.92,,,,1
2026-03-24,academic,house_seats,seats,232.51,213.81,268.14,spread,5
2026-03-25,polling,house_seats,seats,226.6439,225.31,227.7633,spread,6
2026-03-25,market,house_seats,seats,235.78,,,,1
2026-03-25,academic,house_seats,seats,232.532,213.81,268.14,spread,5
2026-03-26,polling,house_seats,seats,226.8933,224.7,228.38,spread,6
2026-03-26,market,house_seats,seats,236.94,,,,1
2026-03-26,academic,house_seats,seats,232.582,213.81,268.14,spread,5
2026-03-27,polling,house_seats,seats,227.0047,225.065,228.75,spread,6
2026-03-27,market,house_seats,seats,236.86,,,,1
2026-03-27,academic,house_seats,seats,232.664,213.81,268.55,spread,5
2026-03-28,polling,house_seats,seats,227.1161,225.43,229.12,spread,6
2026-03-28,market,house_seats,seats,239.77,,,,1
2026-03-28,academic,house_seats,seats,232.65,213.81,268.55,spread,5
2026-03-29,polling,house_seats,seats,227.2575,225.795,229.49,spread,6
2026-03-29,market,house_seats,seats,238.57,,,,1
2026-03-29,academic,house_seats,seats,232.664,213.81,268.55,spread,5
2026-03-30,polling,house_seats,seats,227.4356,226.16,229.86,spread,6
2026-03-30,market,house_seats,seats,239.34,,,,1
2026-03-30,academic,house_seats,seats,232.706,213.81,268.55,spread,5
2026-03-31,polling,house_seats,seats,227.449,225.61,230.235,spread,6
2026-03-31,market,house_seats,seats,239.94,,,,1
2026-03-31,academic,house_seats,seats,232.71,213.81,268.55,spread,5
2026-04-01,polling,house_seats,seats,227.4558,225.06,230.61,spread,6
2026-04-01,market,house_seats,seats,238.98,,,,1
2026-04-01,academic,house_seats,seats,232.676,213.81,270.07,spread,5
2026-04-02,polling,house_seats,seats,227.5185,225.24,230.61,spread,6
2026-04-02,market,house_seats,seats,239.52,,,,1
2026-04-02,academic,house_seats,seats,232.678,213.81,270.07,spread,5
2026-04-03,polling,house_seats,seats,227.5978,225.42,230.61,spread,6
2026-04-03,market,house_seats,seats,239.87,,,,1
2026-04-03,academic,house_seats,seats,232.676,213.81,270.07,spread,5
2026-04-04,polling,house_seats,seats,227.3887,224.605,230.3275,spread,6
2026-04-04,market,house_seats,seats,240.16,,,,1
2026-04-04,academic,house_seats,seats,232.676,213.81,270.07,spread,5
2026-04-05,polling,house_seats,seats,227.0297,223.79,230.045,spread,6
2026-04-05,market,house_seats,seats,240.64,,,,1
2026-04-05,academic,house_seats,seats,232.588,213.81,270.07,spread,5
2026-04-06,polling,house_seats,seats,226.6874,222.975,229.7625,spread,6
2026-04-06,market,house_seats,seats,240.66,,,,1
2026-04-06,academic,house_seats,seats,232.508,213.81,270.07,spread,5
2026-04-07,polling,house_seats,seats,226.185,222.16,229.48,spread,6
2026-04-07,market,house_seats,seats,239.86,,,,1
2026-04-07,academic,house_seats,seats,232.334,213.81,270.07,spread,5
2026-04-08,polling,house_seats,seats,226.2892,222.3375,229.57,spread,6
2026-04-08,market,house_seats,seats,238.12,,,,1
2026-04-08,academic,house_seats,seats,232.34,213.81,270.07,spread,5
2026-04-09,polling,house_seats,seats,226.37,222.515,229.66,spread,6
2026-04-09,market,house_seats,seats,238.38,,,,1
2026-04-09,academic,house_seats,seats,232.354,213.81,270.07,spread,5
2026-04-10,polling,house_seats,seats,226.4342,222.6925,229.75,spread,6
2026-04-10,market,house_seats,seats,239.82,,,,1
2026-04-10,academic,house_seats,seats,232.346,213.81,270.07,spread,5
2026-04-11,polling,house_seats,seats,226.4933,222.87,229.84,spread,6
2026-04-11,market,house_seats,seats,240.15,,,,1
2026-04-11,academic,house_seats,seats,232.362,213.81,270.07,spread,5
2026-04-12,polling,house_seats,seats,226.3998,222.15,229.1,spread,6
2026-04-12,market,house_seats,seats,239.16,,,,1
2026-04-12,academic,house_seats,seats,232.468,213.81,270.07,spread,5
2026-04-13,polling,house_seats,seats,226.1263,221.43,228.36,spread,6
2026-04-13,market,house_seats,seats,238.83,,,,1
2026-04-13,academic,house_seats,seats,232.446,213.81,270.07,spread,5
2026-04-14,polling,house_seats,seats,226.2102,221.43,228.355,spread,6
2026-04-14,market,house_seats,seats,238.84,,,,1
2026-04-14,academic,house_seats,seats,232.512,213.81,270.07,spread,5
2026-04-15,polling,house_seats,seats,226.2942,221.43,228.35,spread,6
2026-04-15,market,house_seats,seats,239.24,,,,1
2026-04-15,academic,house_seats,seats,232.56,213.81,270.07,spread,5
2026-04-16,polling,house_seats,seats,226.4394,221.43,228.5325,spread,6
2026-04-16,market,house_seats,seats,239.51,,,,1
2026-04-16,academic,house_seats,seats,232.654,213.81,270.07,spread,5
2026-04-17,polling,house_seats,seats,226.4229,221.43,228.715,spread,6
2026-04-17,market,house_seats,seats,239.31,,,,1
2026-04-17,academic,house_seats,seats,232.662,213.81,270.07,spread,5
2026-04-18,polling,house_seats,seats,226.3731,221.43,228.8975,spread,6
2026-04-18,market,house_seats,seats,241.05,,,,1
2026-04-18,academic,house_seats,seats,232.64,213.81,270.07,spread,5
2026-04-19,polling,house_seats,seats,226.4283,221.43,229.08,spread,6
2026-04-19,market,house_seats,seats,242.04,,,,1
2026-04-19,academic,house_seats,seats,232.684,213.81,270.07,spread,5
2026-04-20,polling,house_seats,seats,226.5635,221.88,229.175,spread,6
2026-04-20,market,house_seats,seats,239.56,,,,1
2026-04-20,academic,house_seats,seats,232.688,213.81,270.07,spread,5
2026-04-21,polling,house_seats,seats,226.7771,222.33,229.27,spread,6
2026-04-21,market,house_seats,seats,240.74,,,,1
2026-04-21,academic,house_seats,seats,232.696,213.81,270.07,spread,5
2026-04-22,polling,house_seats,seats,226.989,222.78,229.365,spread,6
2026-04-22,market,house_seats,seats,239.89,,,,1
2026-04-22,academic,house_seats,seats,232.696,213.81,270.07,spread,5
2026-04-23,polling,house_seats,seats,227.2108,223.23,229.46,spread,6
2026-04-23,market,house_seats,seats,239.61,,,,1
2026-04-23,academic,house_seats,seats,232.696,213.81,270.07,spread,5
2026-04-24,polling,house_seats,seats,227.3027,223.955,229.455,spread,6
2026-04-24,market,house_seats,seats,241.15,,,,1
2026-04-24,academic,house_seats,seats,232.696,213.81,270.07,spread,5
2026-04-25,polling,house_seats,seats,227.4062,224.68,229.45,spread,6
2026-04-25,market,house_seats,seats,239.49,,,,1
2026-04-25,academic,house_seats,seats,232.696,213.81,270.07,spread,5
2026-04-26,polling,house_seats,seats,227.424,224.675,229.45,spread,6
2026-04-26,market,house_seats,seats,239.16,,,,1
2026-04-26,academic,house_seats,seats,232.704,213.81,270.07,spread,5
2026-04-27,polling,house_seats,seats,227.42,224.67,229.45,spread,6
2026-04-27,market,house_seats,seats,238.99,,,,1
2026-04-27,academic,house_seats,seats,232.712,213.81,270.07,spread,5
2026-04-28,polling,house_seats,seats,227.8204,226.24,229.4475,spread,6
2026-04-28,market,house_seats,seats,240.77,,,,1
2026-04-28,academic,house_seats,seats,232.786,213.81,270.48,spread,5
2026-04-29,polling,house_seats,seats,228.2208,226.49,229.64,spread,6
2026-04-29,market,house_seats,seats,237.85,,,,1
2026-04-29,academic,house_seats,seats,232.786,213.81,270.48,spread,5
2026-04-30,polling,house_seats,seats,228.8412,226.7675,230.105,spread,6
2026-04-30,market,house_seats,seats,236.48,,,,1
2026-04-30,academic,house_seats,seats,232.894,213.66,270.48,spread,5
2026-05-01,polling,house_seats,seats,229.2417,226.86,230.95,spread,6
2026-05-01,market,house_seats,seats,234.26,,,,1
2026-05-01,academic,house_seats,seats,233.896,213.66,273.62,spread,5
2026-05-02,polling,house_seats,seats,228.0771,225.5725,229.2675,spread,6
2026-05-02,market,house_seats,seats,234.14,,,,1
2026-05-02,academic,house_seats,seats,233.896,213.66,273.62,spread,5
2026-05-03,polling,house_seats,seats,226.7075,224.285,227.965,spread,6
2026-05-03,market,house_seats,seats,234.05,,,,1
2026-05-03,academic,house_seats,seats,233.78,213.66,273.62,spread,5
2026-05-04,polling,house_seats,seats,224.7263,221.68,226.895,spread,6
2026-05-04,market,house_seats,seats,234.13,,,,1
2026-05-04,academic,house_seats,seats,229.388,209.47,269.27,spread,5
2026-05-05,polling,house_seats,seats,223.585,221.71,225.92,spread,6
2026-05-05,market,house_seats,seats,233.72,,,,1
2026-05-05,academic,house_seats,seats,229.378,209.47,269.27,spread,5
2026-05-06,polling,house_seats,seats,223.36,221.56,225.415,spread,6
2026-05-06,market,house_seats,seats,233.66,,,,1
2026-05-06,academic,house_seats,seats,229.414,209.47,269.27,spread,5
2026-05-07,polling,house_seats,seats,223.0317,221.05,225.47,spread,6
2026-05-07,market,house_seats,seats,233.99,,,,1
2026-05-07,academic,house_seats,seats,228.3,208.46,268.42,spread,5
2026-05-08,polling,house_seats,seats,223.1508,221.78,224.905,spread,6
2026-05-08,market,house_seats,seats,233.87,,,,1
2026-05-08,academic,house_seats,seats,228.3,208.46,268.42,spread,5
2026-05-09,polling,house_seats,seats,223.295,222.09,224.72,spread,6
2026-05-09,market,house_seats,seats,228.17,,,,1
2026-05-09,academic,house_seats,seats,228.314,208.46,268.42,spread,5
2026-05-10,polling,house_seats,seats,223.705,221.59,224.9025,spread,6
2026-05-10,market,house_seats,seats,228.64,,,,1
2026-05-10,academic,house_seats,seats,228.256,208.46,268.42,spread,5
2026-05-11,polling,house_seats,seats,224.295,222.17,226.035,spread,6
2026-05-11,market,house_seats,seats,228.01,,,,1
2026-05-11,academic,house_seats,seats,228.304,208.46,268.42,spread,5
2026-05-12,polling,house_seats,seats,224.7883,222.17,227.7975,spread,6
2026-05-12,market,house_seats,seats,227.36,,,,1
2026-05-12,academic,house_seats,seats,228.304,208.46,268.42,spread,5
2026-05-13,polling,house_seats,seats,225.2817,222.17,229.56,spread,6
2026-05-13,market,house_seats,seats,227.78,,,,1
2026-05-13,academic,house_seats,seats,228.304,208.46,268.42,spread,5
2026-05-14,polling,house_seats,seats,225.2371,222.2,228.715,spread,6
2026-05-14,market,house_seats,seats,227.63,,,,1
2026-05-14,academic,house_seats,seats,228.312,208.46,268.42,spread,5
2026-05-15,polling,house_seats,seats,225.3275,222.5,227.87,spread,6
2026-05-15,market,house_seats,seats,227.61,,,,1
2026-05-15,academic,house_seats,seats,228.484,208.46,268.85,spread,5
2026-05-16,polling,house_seats,seats,225.2779,222.5,227.2925,spread,6
2026-05-16,market,house_seats,seats,227.4,,,,1
2026-05-16,academic,house_seats,seats,228.484,208.46,268.85,spread,5
2026-05-17,polling,house_seats,seats,225.28,222.5,227.29,spread,6
2026-05-17,market,house_seats,seats,227.75,,,,1
2026-05-17,academic,house_seats,seats,228.518,208.46,268.85,spread,5
2026-05-18,polling,house_seats,seats,225.9092,222.68,228.045,spread,6
2026-05-18,market,house_seats,seats,227.35,,,,1
2026-05-18,academic,house_seats,seats,228.602,208.46,268.85,spread,5
2026-05-19,polling,house_seats,seats,226.47,222.86,228.8,spread,6
2026-05-19,market,house_seats,seats,228.18,,,,1
2026-05-19,academic,house_seats,seats,228.654,208.46,268.85,spread,5
2026-05-20,polling,house_seats,seats,226.9175,223.41,229.35,spread,6
2026-05-20,market,house_seats,seats,228.57,,,,1
2026-05-20,academic,house_seats,seats,228.734,208.46,268.85,spread,5
2026-05-21,polling,house_seats,seats,227.175,223.96,230.29,spread,6
2026-05-21,market,house_seats,seats,228.69,,,,1
2026-05-21,academic,house_seats,seats,228.708,208.46,268.85,spread,5
2026-05-22,polling,house_seats,seats,227.3744,224.2375,230.195,spread,6
2026-05-22,market,house_seats,seats,228.9,,,,1
2026-05-22,academic,house_seats,seats,228.722,208.46,268.85,spread,5
2026-05-23,polling,house_seats,seats,227.5488,224.515,230.295,spread,6
2026-05-23,market,house_seats,seats,228.71,,,,1
2026-05-23,academic,house_seats,seats,228.722,208.46,268.85,spread,5
2026-05-24,polling,house_seats,seats,227.7698,224.7925,230.8575,spread,6
2026-05-24,market,house_seats,seats,228.67,,,,1
2026-05-24,academic,house_seats,seats,228.742,208.46,268.85,spread,5
2026-05-25,polling,house_seats,seats,228.1175,225.07,231.42,spread,6
2026-05-25,market,house_seats,seats,228.38,,,,1
2026-05-25,academic,house_seats,seats,228.856,208.46,268.85,spread,5
2026-05-26,polling,house_seats,seats,228.1865,225.05,231.5625,spread,6
2026-05-26,market,house_seats,seats,228.53,,,,1
2026-05-26,academic,house_seats,seats,228.742,208.46,268.85,spread,5
2026-05-27,polling,house_seats,seats,228.3704,224.64,231.705,spread,6
2026-05-27,market,house_seats,seats,228.41,,,,1
2026-05-27,academic,house_seats,seats,228.7,208.46,268.85,spread,5
2026-05-28,polling,house_seats,seats,228.3877,223.23,231.8475,spread,6
2026-05-28,market,house_seats,seats,228.45,,,,1
2026-05-28,academic,house_seats,seats,228.564,208.46,268.85,spread,5
2026-05-29,polling,house_seats,seats,228.485,222.3,231.99,spread,6
2026-05-29,market,house_seats,seats,228.58,,,,1
2026-05-29,academic,house_seats,seats,227.746,207.59,268.39,spread,5
2026-05-30,polling,house_seats,seats,228.5442,222.3,231.985,spread,6
2026-05-30,market,house_seats,seats,227.46,,,,1
2026-05-30,academic,house_seats,seats,227.746,207.59,268.39,spread,5
2026-05-31,polling,house_seats,seats,228.6267,222.44,231.98,spread,6
2026-05-31,market,house_seats,seats,227.97,,,,1
2026-05-31,academic,house_seats,seats,227.76,207.59,268.39,spread,5
2026-06-01,polling,house_seats,seats,228.075,222.18,231.22,spread,6
2026-06-01,market,house_seats,seats,227.76,,,,1
2026-06-01,academic,house_seats,seats,227.05,207.59,262.04,spread,5
2026-06-02,polling,house_seats,seats,227.8817,222.08,231.08,spread,6
2026-06-02,market,house_seats,seats,228.09,,,,1
2026-06-02,academic,house_seats,seats,226.876,207.25,262.27,spread,5
2026-06-03,polling,house_seats,seats,227.1183,222.08,229.9375,spread,6
2026-06-03,market,house_seats,seats,229.03,,,,1
2026-06-03,academic,house_seats,seats,226.844,207.25,262.27,spread,5
2026-06-04,polling,house_seats,seats,226.3283,221.92,228.795,spread,6
2026-06-04,market,house_seats,seats,227.98,,,,1
2026-06-04,academic,house_seats,seats,226.83,207.25,262.27,spread,5
2026-06-05,polling,house_seats,seats,225.425,221.08,227.6525,spread,6
2026-06-05,market,house_seats,seats,228.19,,,,1
2026-06-05,academic,house_seats,seats,226.744,207.25,262.27,spread,5
2026-06-06,polling,house_seats,seats,224.6567,221.05,226.87,spread,6
2026-06-06,market,house_seats,seats,228.15,,,,1
2026-06-06,academic,house_seats,seats,226.734,207.25,262.27,spread,5
2026-06-07,polling,house_seats,seats,224.4842,220.58,226.87,spread,6
2026-06-07,market,house_seats,seats,229.23,,,,1
2026-06-07,academic,house_seats,seats,226.662,207.25,262.27,spread,5
2026-06-08,polling,house_seats,seats,224.42,220.76,226.87,spread,6
2026-06-08,market,house_seats,seats,229.27,,,,1
2026-06-08,academic,house_seats,seats,226.698,207.25,262.27,spread,5
2026-06-09,polling,house_seats,seats,223.6614,220.38,226.4333,spread,6
2026-06-09,market,house_seats,seats,229.59,,,,1
2026-06-09,academic,house_seats,seats,226.656,207.25,262.27,spread,5
2026-06-10,polling,house_seats,seats,222.8044,219.41,225.9967,spread,6
2026-06-10,market,house_seats,seats,229.76,,,,1
2026-06-10,academic,house_seats,seats,226.554,207.25,262.27,spread,5
2026-06-11,polling,house_seats,seats,222.7317,219.41,225.56,spread,6
2026-06-11,market,house_seats,seats,229.99,,,,1
2026-06-11,academic,house_seats,seats,226.554,207.25,262.27,spread,5
2026-06-12,polling,house_seats,seats,222.6006,219.06,225.1233,spread,6
2026-06-12,market,house_seats,seats,230.01,,,,1
2026-06-12,academic,house_seats,seats,226.526,207.25,262.27,spread,5
2026-06-13,polling,house_seats,seats,222.3061,219.05,224.6867,spread,6
2026-06-13,market,house_seats,seats,229.28,,,,1
2026-06-13,academic,house_seats,seats,226.526,207.25,262.27,spread,5
2026-06-14,polling,house_seats,seats,222.055,219.3,224.25,spread,6
2026-06-14,market,house_seats,seats,229.3,,,,1
2026-06-14,academic,house_seats,seats,226.546,207.25,262.27,spread,5
2026-06-15,polling,house_seats,seats,221.9412,218.62,224.2475,spread,6
2026-06-15,market,house_seats,seats,229.55,,,,1
2026-06-15,academic,house_seats,seats,226.466,207.25,262.27,spread,5
2026-06-16,polling,house_seats,seats,222.1108,219.65,224.245,spread,6
2026-06-16,market,house_seats,seats,229.6,,,,1
2026-06-16,academic,house_seats,seats,226.574,207.25,262.27,spread,5
2026-06-17,polling,house_seats,seats,222.0937,219.56,224.2425,spread,6
2026-06-17,market,house_seats,seats,229.53,,,,1
2026-06-17,academic,house_seats,seats,226.566,207.25,262.27,spread,5
2026-06-18,polling,house_seats,seats,222.0883,219.54,224.24,spread,6
2026-06-18,market,house_seats,seats,229.29,,,,1
2026-06-18,academic,house_seats,seats,226.556,207.25,262.27,spread,5
2026-06-19,polling,house_seats,seats,221.8008,219.54,223.99,spread,6
2026-06-19,market,house_seats,seats,229.34,,,,1
2026-06-19,academic,house_seats,seats,226.556,207.25,262.27,spread,5
2026-06-20,polling,house_seats,seats,221.5117,219.53,223.74,spread,6
2026-06-20,market,house_seats,seats,229.1,,,,1
2026-06-20,academic,house_seats,seats,226.588,207.25,262.27,spread,5
2026-06-21,polling,house_seats,seats,221.3042,220.01,223.49,spread,6
2026-06-21,market,house_seats,seats,229.14,,,,1
2026-06-21,academic,house_seats,seats,226.662,207.25,262.27,spread,5
2026-06-22,polling,house_seats,seats,221.0833,219.43,223.24,spread,6
2026-06-22,market,house_seats,seats,229.23,,,,1
2026-06-22,academic,house_seats,seats,226.69,207.25,262.27,spread,5
2026-06-23,polling,house_seats,seats,220.9358,219.43,222.99,spread,6
2026-06-23,market,house_seats,seats,229.18,,,,1
2026-06-23,academic,house_seats,seats,226.64,207.25,262.27,spread,5
2026-06-24,polling,house_seats,seats,220.8633,219.43,222.74,spread,6
2026-06-24,market,house_seats,seats,229.13,,,,1
2026-06-24,academic,house_seats,seats,226.618,207.25,262.27,spread,5
2026-06-25,polling,house_seats,seats,221.0367,219.73,222.925,spread,6
2026-06-25,market,house_seats,seats,229.82,,,,1
2026-06-25,academic,house_seats,seats,226.632,207.25,262.27,spread,5
2026-06-26,polling,house_seats,seats,221.3383,220.52,223.11,spread,6
2026-06-26,market,house_seats,seats,229.45,,,,1
2026-06-26,academic,house_seats,seats,226.704,207.25,262.27,spread,5
2026-06-27,polling,house_seats,seats,221.3417,220.52,223.11,spread,6
2026-06-27,market,house_seats,seats,229.39,,,,1
2026-06-27,academic,house_seats,seats,226.708,207.25,262.27,spread,5
2026-06-28,polling,house_seats,seats,221.4367,220.52,223.11,spread,6
2026-06-28,market,house_seats,seats,229.49,,,,1
2026-06-28,academic,house_seats,seats,226.764,207.25,262.27,spread,5
2026-06-29,polling,house_seats,seats,221.3908,220.155,223.33,spread,6
2026-06-29,market,house_seats,seats,229.56,,,,1
2026-06-29,academic,house_seats,seats,226.688,207.25,262.27,spread,5
2026-06-30,polling,house_seats,seats,221.5383,219.42,223.55,spread,6
2026-06-30,market,house_seats,seats,229.71,,,,1
2026-06-30,academic,house_seats,seats,226.74,207.25,262.27,spread,5
2026-07-01,polling,house_seats,seats,221.8361,220.0267,223.77,spread,6
2026-07-01,market,house_seats,seats,229.59,,,,1
2026-07-01,academic,house_seats,seats,226.79,207.25,262.27,spread,5
2026-07-02,polling,house_seats,seats,222.2272,220.6333,223.99,spread,6
2026-07-02,market,house_seats,seats,230.04,,,,1
2026-07-02,academic,house_seats,seats,226.83,207.25,262.27,spread,5
2026-07-03,polling,house_seats,seats,222.5283,221.18,224.21,spread,6
2026-07-03,market,house_seats,seats,229.8,,,,1
2026-07-03,academic,house_seats,seats,226.838,207.25,262.27,spread,5
2026-07-04,polling,house_seats,seats,222.5222,221.15,224.2067,spread,6
2026-07-04,market,house_seats,seats,229.91,,,,1
2026-07-04,academic,house_seats,seats,226.804,207.25,262.27,spread,5
2026-07-05,polling,house_seats,seats,222.4894,220.96,224.2033,spread,6
2026-07-05,market,house_seats,seats,229.91,,,,1
2026-07-05,academic,house_seats,seats,226.784,207.25,262.27,spread,5
2026-07-06,polling,house_seats,seats,222.47,220.85,224.2,spread,6
2026-07-06,market,house_seats,seats,229.83,,,,1
2026-07-06,academic,house_seats,seats,226.272,207.25,262.27,spread,5
2026-07-07,polling,house_seats,seats,222.39,220.37,224.2,spread,6
2026-07-07,market,house_seats,seats,229.69,,,,1
2026-07-07,academic,house_seats,seats,226.212,207.25,262.27,spread,5
2026-07-08,polling,house_seats,seats,222.42,220.55,224.2,spread,6
2026-07-08,market,house_seats,seats,229.95,,,,1
2026-07-08,academic,house_seats,seats,226.232,207.25,262.27,spread,5
2026-07-09,polling,house_seats,seats,222.4347,220.55,224.198,spread,6
2026-07-09,market,house_seats,seats,229.88,,,,1
2026-07-09,academic,house_seats,seats,226.232,207.25,262.27,spread,5
2026-07-10,polling,house_seats,seats,222.3693,220.07,224.196,spread,6
2026-07-10,market,house_seats,seats,229.56,,,,1
2026-07-10,academic,house_seats,seats,226.224,207.25,262.27,spread,5
2026-07-11,polling,house_seats,seats,222.384,220.07,224.194,spread,6
2026-07-11,market,house_seats,seats,229.1,,,,1
2026-07-11,academic,house_seats,seats,226.224,207.25,262.27,spread,5
2026-07-12,polling,house_seats,seats,222.262,219.25,224.57,spread,6
2026-07-12,market,house_seats,seats,228.41,,,,1
2026-07-12,academic,house_seats,seats,226.16,207.25,262.27,spread,5
2026-07-13,polling,house_seats,seats,222.1133,218.36,224.57,spread,6
2026-07-13,market,house_seats,seats,228.32,,,,1
2026-07-13,academic,house_seats,seats,226.076,207.25,262.27,spread,5
2026-07-14,polling,house_seats,seats,222.095,218.26,224.5667,spread,6
2026-07-14,market,house_seats,seats,229.48,,,,1
2026-07-14,academic,house_seats,seats,226.032,207.25,262.27,spread,5
2026-07-15,polling,house_seats,seats,222.0933,218.26,224.5633,spread,6
2026-07-15,market,house_seats,seats,229.53,,,,1
2026-07-15,academic,house_seats,seats,226.032,207.25,262.27,spread,5
2026-07-16,polling,house_seats,seats,222.0917,218.26,224.56,spread,6
2026-07-16,market,house_seats,seats,228.2,,,,1
2026-07-16,academic,house_seats,seats,226.042,207.25,262.27,spread,5
2026-07-17,polling,house_seats,seats,222.1125,218.39,224.56,spread,6
2026-07-17,market,house_seats,seats,228.97,,,,1
2026-07-17,academic,house_seats,seats,226.038,207.25,262.27,spread,5
2026-07-18,polling,house_seats,seats,222.1117,218.39,224.56,spread,6
2026-07-18,market,house_seats,seats,228.96,,,,1
2026-07-18,academic,house_seats,seats,226.038,207.25,262.27,spread,5
2026-07-19,polling,house_seats,seats,220.6536,216.38,224.2417,spread,6
2026-07-19,market,house_seats,seats,228.97,,,,1
2026-07-19,academic,house_seats,seats,225.996,207.25,262.27,spread,5
2026-07-20,polling,house_seats,seats,219.7806,213.0,224.3033,spread,6
2026-07-20,market,house_seats,seats,227.74,,,,1
2026-07-20,academic,house_seats,seats,226.33,207.25,262.27,spread,5
2026-07-21,polling,house_seats,seats,220.155,214.33,224.365,spread,6
2026-07-21,market,house_seats,seats,229.31,,,,1
2026-07-21,academic,house_seats,seats,226.356,207.25,262.69,spread,5
2026-07-22,polling,house_seats,seats,220.7361,215.66,224.4267,spread,6
2026-07-22,market,house_seats,seats,229.07,,,,1
2026-07-22,academic,house_seats,seats,226.414,207.25,262.69,spread,5
2026-07-23,polling,house_seats,seats,221.1306,216.99,224.4883,spread,6
2026-07-23,market,house_seats,seats,229.03,,,,1
2026-07-23,academic,house_seats,seats,226.362,207.25,262.69,spread,5
2026-07-24,polling,house_seats,seats,221.645,218.32,224.55,spread,6
2026-07-24,market,house_seats,seats,229.22,,,,1
2026-07-24,academic,house_seats,seats,226.376,207.25,262.69,spread,5
2026-07-25,polling,house_seats,seats,221.6068,217.8433,224.5475,spread,6
2026-07-25,market,house_seats,seats,229.14,,,,1
2026-07-25,academic,house_seats,seats,226.376,207.25,262.69,spread,5
2026-07-26,polling,house_seats,seats,221.5536,217.3667,224.545,spread,6
2026-07-26,market,house_seats,seats,229.33,,,,1
2026-07-26,academic,house_seats,seats,226.348,207.25,262.69,spread,5
2026-07-27,polling,house_seats,seats,221.6471,216.89,224.5425,spread,6
2026-07-27,market,house_seats,seats,227.28,,,,1
2026-07-27,academic,house_seats,seats,226.462,207.25,262.69,spread,5
2026-07-28,polling,house_seats,seats,221.66,216.89,224.54,spread,6
2026-07-28,market,house_seats,seats,229.5,,,,1
2026-07-28,academic,house_seats,seats,226.484,207.25,262.69,spread,5
2026-07-29,polling,house_seats,seats,221.7622,217.25,224.9133,spread,6
2026-07-29,market,house_seats,seats,229.99,,,,1
2026-07-29,academic,house_seats,seats,226.474,207.25,262.69,spread,5
2026-07-30,polling,house_seats,seats,221.8528,217.61,225.2867,spread,6
2026-07-30,market,house_seats,seats,229.88,,,,1
2026-07-30,academic,house_seats,seats,226.474,207.25,262.69,spread,5
2026-07-31,polling,house_seats,seats,222.8675,219.405,225.66,spread,6
2026-07-31,market,house_seats,seats,229.63,,,,1
2026-07-31,academic,house_seats,seats,226.858,208.92,262.69,spread,5
2026-08-01,polling,house_seats,seats,223.8139,221.2,226.4,spread,6
2026-08-01,market,house_seats,seats,229.61,,,,1
2026-08-01,academic,house_seats,seats,226.792,208.92,262.69,spread,5
2026-08-02,polling,house_seats,seats,224.7253,222.87,226.4067,spread,6
2026-08-02,market,house_seats,seats,229.05,,,,1
2026-08-02,academic,house_seats,seats,226.87,208.92,262.69,spread,5
2026-08-03,polling,house_seats,seats,225.6117,223.54,227.15,spread,6
2026-08-03,market,house_seats,seats,228.91,,,,1
2026-08-03,academic,house_seats,seats,226.908,208.92,262.69,spread,5
2026-08-04,polling,house_seats,seats,225.7217,223.76,227.72,spread,6
2026-08-04,market,house_seats,seats,229.74,,,,1
2026-08-04,academic,house_seats,seats,226.928,208.92,262.69,spread,5
2026-08-05,polling,house_seats,seats,225.915,224.15,228.29,spread,6
2026-08-05,market,house_seats,seats,229.57,,,,1
2026-08-05,academic,house_seats,seats,227.078,208.92,263.12,spread,5
2026-08-06,polling,house_seats,seats,226.0171,224.48,228.0975,spread,6
2026-08-06,market,house_seats,seats,229.3,,,,1
2026-08-06,academic,house_seats,seats,227.078,208.92,263.12,spread,5
2026-08-07,polling,house_seats,seats,226.0725,224.2,227.905,spread,6
2026-08-07,market,house_seats,seats,229.34,,,,1
2026-08-07,academic,house_seats,seats,227.064,208.92,263.12,spread,5
2026-08-08,polling,house_seats,seats,226.1746,224.2,227.7125,spread,6
2026-08-08,market,house_seats,seats,229.86,,,,1
2026-08-08,academic,house_seats,seats,227.064,208.92,263.12,spread,5
2026-08-09,polling,house_seats,seats,226.385,224.85,227.52,spread,6
2026-08-09,market,house_seats,seats,229.94,,,,1
2026-08-09,academic,house_seats,seats,227.136,208.92,263.12,spread,5
2026-08-10,polling,house_seats,seats,225.9013,221.96,227.52,spread,6
2026-08-10,market,house_seats,seats,230.04,,,,1
2026-08-10,academic,house_seats,seats,226.82,208.92,263.12,spread,5
2026-08-11,polling,house_seats,seats,226.0225,222.7,227.52,spread,6
2026-08-11,market,house_seats,seats,230.26,,,,1
2026-08-11,academic,house_seats,seats,226.912,208.92,263.12,spread,5
2026-08-12,polling,house_seats,seats,225.8821,221.87,227.515,spread,6
2026-08-12,market,house_seats,seats,230.6,,,,1
2026-08-12,academic,house_seats,seats,226.858,208.92,263.12,spread,5
2026-08-13,polling,house_seats,seats,225.8783,221.86,227.51,spread,6
2026-08-13,market,house_seats,seats,231.32,,,,1
2026-08-13,academic,house_seats,seats,226.858,208.92,263.12,spread,5
2026-08-14,polling,house_seats,seats,225.6083,221.56,227.32,spread,6
2026-08-14,market,house_seats,seats,231.06,,,,1
2026-08-14,academic,house_seats,seats,226.83,208.92,263.12,spread,5
2026-08-15,polling,house_seats,seats,225.3867,221.55,227.13,spread,6
2026-08-15,market,house_seats,seats,231.03,,,,1
2026-08-15,academic,house_seats,seats,226.84,208.92,263.12,spread,5
2026-08-16,polling,house_seats,seats,225.2133,221.83,226.94,spread,6
2026-08-16,market,house_seats,seats,230.82,,,,1
2026-08-16,academic,house_seats,seats,226.86,208.92,263.12,spread,5
2026-08-17,polling,house_seats,seats,224.985,221.78,226.75,spread,6
2026-08-17,market,house_seats,seats,230.82,,,,1
2026-08-17,academic,house_seats,seats,226.842,208.92,263.12,spread,5
2026-08-18,polling,house_seats,seats,224.9833,221.78,226.745,spread,6
2026-08-18,market,house_seats,seats,230.84,,,,1
2026-08-18,academic,house_seats,seats,226.842,208.92,263.12,spread,5
2026-08-19,polling,house_seats,seats,224.9817,221.78,226.74,spread,6
2026-08-19,market,house_seats,seats,230.71,,,,1
2026-08-19,academic,house_seats,seats,226.866,208.92,263.12,spread,5
2026-08-20,polling,house_seats,seats,224.98,221.78,226.74,spread,6
2026-08-20,market,house_seats,seats,230.91,,,,1
2026-08-20,academic,house_seats,seats,226.864,208.92,263.12,spread,5
2026-08-21,polling,house_seats,seats,224.1683,221.78,225.24,spread,6
2026-08-21,market,house_seats,seats,229.97,,,,1
2026-08-21,academic,house_seats,seats,226.862,208.92,263.12,spread,5
2026-08-22,polling,house_seats,seats,224.1667,221.78,225.24,spread,6
2026-08-22,market,house_seats,seats,229.79,,,,1
2026-08-22,academic,house_seats,seats,226.862,208.92,263.12,spread,5
2026-08-23,polling,house_seats,seats,224.2117,222.05,225.24,spread,6
2026-08-23,market,house_seats,seats,229.89,,,,1
2026-08-23,academic,house_seats,seats,226.884,208.92,263.12,spread,5
2026-08-24,polling,house_seats,seats,224.29,222.52,225.24,spread,6
2026-08-24,market,house_seats,seats,229.8,,,,1
2026-08-24,academic,house_seats,seats,226.952,208.92,263.12,spread,5
2026-08-25,polling,house_seats,seats,224.83,223.38,225.79,spread,6
2026-08-25,market,house_seats,seats,229.82,,,,1
2026-08-25,academic,house_seats,seats,228.368,208.92,268.96,spread,5
2026-08-26,polling,house_seats,seats,224.9033,223.38,226.23,spread,6
2026-08-26,market,house_seats,seats,230.05,,,,1
2026-08-26,academic,house_seats,seats,228.318,208.92,268.96,spread,5
2026-08-27,polling,house_seats,seats,224.3283,223.75,225.23,spread,6
2026-08-27,market,house_seats,seats,230.41,,,,1
2026-08-27,academic,house_seats,seats,227.11,208.92,263.12,spread,5
2026-08-28,polling,house_seats,seats,224.4167,223.75,225.55,spread,6
2026-08-28,market,house_seats,seats,230.26,,,,1
2026-08-28,academic,house_seats,seats,227.16,208.92,263.12,spread,5
2026-08-29,polling,house_seats,seats,224.3667,223.75,225.25,spread,6
2026-08-29,market,house_seats,seats,230.3,,,,1
2026-08-29,academic,house_seats,seats,227.132,208.92,263.12,spread,5
2026-08-30,polling,house_seats,seats,224.3633,223.74,225.25,spread,6
2026-08-30,market,house_seats,seats,230.37,,,,1
2026-08-30,academic,house_seats,seats,227.132,208.92,263.12,spread,5
2026-08-31,polling,house_seats,seats,225.0233,224.48,225.49,spread,6
2026-08-31,market,house_seats,seats,230.1,,,,1
2026-08-31,academic,house_seats,seats,228.33,208.92,268.96,spread,5
2026-09-01,polling,house_seats,seats,225.12,224.48,226.1,spread,6
2026-09-01,market,house_seats,seats,230.25,,,,1
2026-09-01,academic,house_seats,seats,228.396,208.92,269.01,spread,5
2026-09-02,polling,house_seats,seats,225.0667,224.48,225.78,spread,6
2026-09-02,market,house_seats,seats,229.67,,,,1
2026-09-02,academic,house_seats,seats,228.404,208.92,269.23,spread,5
2026-09-03,polling,house_seats,seats,224.8483,224.47,225.22,spread,6
2026-09-03,market,house_seats,seats,230.16,,,,1
2026-09-03,academic,house_seats,seats,228.29,208.92,269.23,spread,5
2026-09-04,polling,house_seats,seats,224.9,224.47,225.22,spread,6
2026-09-04,market,house_seats,seats,230.36,,,,1
2026-09-04,academic,house_seats,seats,229.068,208.92,269.28,spread,5
2026-09-05,polling,house_seats,seats,224.4633,222.62,225.21,spread,6
2026-09-05,market,house_seats,seats,230.5,,,,1
2026-09-05,academic,house_seats,seats,229.068,208.92,269.28,spread,5
2026-09-06,polling,house_seats,seats,224.4617,222.62,225.21,spread,6
2026-09-06,market,house_seats,seats,230.62,,,,1
2026-09-06,academic,house_seats,seats,229.068,208.92,269.28,spread,5
2026-09-07,polling,house_seats,seats,224.5583,222.25,227.46,spread,6
2026-09-07,market,house_seats,seats,231.6,,,,1
2026-09-07,academic,house_seats,seats,229.052,208.92,269.17,spread,5
2026-09-08,polling,house_seats,seats,224.5767,222.25,227.46,spread,6
2026-09-08,market,house_seats,seats,230.89,,,,1
2026-09-08,academic,house_seats,seats,229.066,208.92,269.17,spread,5
2026-09-09,polling,house_seats,seats,224.8083,222.25,227.46,spread,6
2026-09-09,market,house_seats,seats,230.69,,,,1
2026-09-09,academic,house_seats,seats,229.244,208.92,269.5,spread,5
2026-09-10,polling,house_seats,seats,224.9583,222.25,227.46,spread,6
2026-09-10,market,house_seats,seats,230.6,,,,1
2026-09-10,academic,house_seats,seats,229.326,208.92,269.5,spread,5
2026-09-11,polling,house_seats,seats,226.2933,222.97,229.72,spread,6
2026-09-11,market,house_seats,seats,230.48,,,,1
2026-09-11,academic,house_seats,seats,229.36,208.88,268.98,spread,5
2026-09-12,polling,house_seats,seats,226.8483,225.19,229.72,spread,6
2026-09-12,market,house_seats,seats,230.62,,,,1
2026-09-12,academic,house_seats,seats,229.36,208.88,268.98,spread,5
2026-09-13,polling,house_seats,seats,226.845,225.56,228.96,spread,6
2026-09-13,market,house_seats,seats,230.87,,,,1
2026-09-13,academic,house_seats,seats,229.36,208.88,268.98,spread,5
2026-09-14,polling,house_seats,seats,226.8617,225.56,228.96,spread,6
2026-09-14,market,house_seats,seats,231.08,,,,1
2026-09-14,academic,house_seats,seats,229.49,208.88,269.89,spread,5
2026-09-15,polling,house_seats,seats,228.8983,226.31,231.63,spread,6
2026-09-15,market,house_seats,seats,231.12,,,,1
2026-09-15,academic,house_seats,seats,229.574,208.88,269.68,spread,5
2026-09-16,polling,house_seats,seats,230.76,228.39,234.07,spread,6
2026-09-16,market,house_seats,seats,231.36,,,,1
2026-09-16,academic,house_seats,seats,229.308,209.63,266.35,spread,5
2026-09-17,polling,house_seats,seats,231.7817,228.77,234.47,spread,6
2026-09-17,market,house_seats,seats,232.13,,,,1
2026-09-17,academic,house_seats,seats,229.362,209.63,266.4,spread,5
2026-09-18,polling,house_seats,seats,231.2467,228.77,234.07,spread,6
2026-09-18,market,house_seats,seats,232.88,,,,1
2026-09-18,academic,house_seats,seats,229.376,209.63,266.4,spread,5
2026-09-19,polling,house_seats,seats,231.545,228.76,234.07,spread,6
2026-09-19,market,house_seats,seats,233.31,,,,1
2026-09-19,academic,house_seats,seats,229.508,209.63,266.4,spread,5
2026-09-20,polling,house_seats,seats,231.2217,228.76,233.77,spread,6
2026-09-20,market,house_seats,seats,233.25,,,,1
2026-09-20,academic,house_seats,seats,229.508,209.63,266.4,spread,5
2026-09-21,polling,house_seats,seats,231.1267,228.76,233.2,spread,6
2026-09-21,market,house_seats,seats,234.03,,,,1
2026-09-21,academic,house_seats,seats,229.478,209.63,266.51,spread,5
2026-09-22,polling,house_seats,seats,236.8133,234.71,239.85,spread,6
2026-09-22,market,house_seats,seats,234.03,,,,1
2026-09-22,academic,house_seats,seats,234.524,216.09,268.05,spread,5
2026-09-23,polling,house_seats,seats,236.8267,234.71,239.94,spread,6
2026-09-23,market,house_seats,seats,234.46,,,,1
2026-09-23,academic,house_seats,seats,232.736,213.42,265.05,spread,5
2026-09-24,polling,house_seats,seats,237.2617,235.42,240.41,spread,6
2026-09-24,market,house_seats,seats,234.92,,,,1
2026-09-24,academic,house_seats,seats,232.766,213.42,265.0,spread,5
2026-09-25,polling,house_seats,seats,237.28,235.07,240.16,spread,6
2026-09-25,market,house_seats,seats,234.46,,,,1
2026-09-25,academic,house_seats,seats,232.782,213.42,264.95,spread,5
2026-09-26,polling,house_seats,seats,237.3367,235.42,240.16,spread,6
2026-09-26,market,house_seats,seats,234.2,,,,1
2026-09-26,academic,house_seats,seats,232.782,213.42,264.95,spread,5
2026-09-27,polling,house_seats,seats,237.3367,235.42,240.16,spread,6
2026-09-27,market,house_seats,seats,234.16,,,,1
2026-09-27,academic,house_seats,seats,232.782,213.42,264.95,spread,5
2026-09-28,polling,house_seats,seats,237.3317,235.41,240.16,spread,6
2026-09-28,market,house_seats,seats,234.28,,,,1
2026-09-28,academic,house_seats,seats,232.792,213.42,264.86,spread,5
2026-09-29,polling,house_seats,seats,237.33,235.41,240.15,spread,6
2026-09-29,market,house_seats,seats,234.32,,,,1
2026-09-29,academic,house_seats,seats,232.792,213.42,264.86,spread,5
2025-01-20,polling,margin,pct,2.333,-4.6,6.598,spread,6
2025-01-20,academic,margin,pct,4.1,-1.68,10.2,spread,5
2025-01-21,polling,margin,pct,2.333,-4.6,6.598,spread,6
2025-01-21,academic,margin,pct,4.156,-1.68,10.2,spread,5
2025-01-22,polling,margin,pct,2.333,-4.6,6.598,spread,6
2025-01-22,academic,margin,pct,4.142,-1.68,10.2,spread,5
2025-01-23,polling,margin,pct,2.333,-4.6,6.598,spread,6
2025-01-23,academic,margin,pct,4.13,-1.68,10.2,spread,5
2025-01-24,polling,margin,pct,2.333,-4.6,6.598,spread,6
2025-01-24,academic,margin,pct,4.13,-1.68,10.2,spread,5
2025-01-25,polling,margin,pct,2.333,-4.6,6.598,spread,6
2025-01-25,academic,margin,pct,4.13,-1.68,10.2,spread,5
2025-01-26,polling,margin,pct,2.5113,-3.53,6.598,spread,6
2025-01-26,academic,margin,pct,4.242,-1.68,10.2,spread,5
2025-01-27,polling,margin,pct,2.3623,-4.424,6.598,spread,6
2025-01-27,academic,margin,pct,4.148,-1.68,10.2,spread,5
2025-01-28,polling,margin,pct,2.3623,-4.424,6.598,spread,6
2025-01-28,academic,margin,pct,3.926,-1.68,10.2,spread,5
2025-01-29,polling,margin,pct,2.3623,-4.424,6.598,spread,6
2025-01-29,academic,margin,pct,3.926,-1.68,10.2,spread,5
2025-01-30,polling,margin,pct,2.3623,-4.424,6.598,spread,6
2025-01-30,academic,margin,pct,3.926,-1.68,10.2,spread,5
2025-01-31,polling,margin,pct,2.3623,-4.424,6.598,spread,6
2025-01-31,academic,margin,pct,3.93,-1.68,10.2,spread,5
2025-02-01,polling,margin,pct,2.4852,-3.687,6.598,spread,6
2025-02-01,academic,margin,pct,3.998,-1.68,10.2,spread,5
2025-02-02,polling,margin,pct,2.521,-3.472,6.598,spread,6
2025-02-02,academic,margin,pct,4.02,-1.68,10.2,spread,5
2025-02-03,polling,margin,pct,2.521,-3.472,6.598,spread,6
2025-02-03,academic,margin,pct,4.02,-1.68,10.2,spread,5
2025-02-04,polling,margin,pct,2.521,-3.472,6.598,spread,6
2025-02-04,academic,margin,pct,4.022,-1.68,10.2,spread,5
2025-02-05,polling,margin,pct,2.5798,-3.119,6.598,spread,6
2025-02-05,academic,margin,pct,4.056,-1.68,10.2,spread,5
2025-02-06,polling,margin,pct,2.7703,-1.976,6.598,spread,6
2025-02-06,academic,margin,pct,4.162,-1.68,10.2,spread,5
2025-02-07,polling,margin,pct,2.7703,-1.976,6.598,spread,6
2025-02-07,academic,margin,pct,4.158,-1.68,10.2,spread,5
2025-02-08,polling,margin,pct,2.7703,-1.976,6.598,spread,6
2025-02-08,academic,margin,pct,4.158,-1.68,10.2,spread,5
2025-02-09,polling,margin,pct,2.758,-2.05,6.598,spread,6
2025-02-09,academic,margin,pct,4.148,-1.68,10.2,spread,5
2025-02-10,polling,margin,pct,2.758,-2.05,6.598,spread,6
2025-02-10,academic,margin,pct,4.154,-1.68,10.2,spread,5
2025-02-11,polling,margin,pct,2.758,-2.05,6.598,spread,6
2025-02-11,academic,margin,pct,4.162,-1.68,10.2,spread,5
2025-02-12,polling,margin,pct,2.758,-2.05,6.598,spread,6
2025-02-12,academic,margin,pct,4.162,-1.68,10.2,spread,5
2025-02-13,polling,margin,pct,2.7775,-1.933,6.598,spread,6
2025-02-13,academic,margin,pct,4.172,-1.68,10.2,spread,5
2025-02-14,polling,margin,pct,2.7775,-1.933,6.598,spread,6
2025-02-14,academic,margin,pct,4.17,-1.68,10.2,spread,5
2025-02-15,polling,margin,pct,2.7775,-1.933,6.598,spread,6
2025-02-15,academic,margin,pct,4.17,-1.68,10.2,spread,5
2025-02-16,polling,margin,pct,2.7793,-1.922,6.598,spread,6
2025-02-16,academic,margin,pct,4.166,-1.68,10.2,spread,5
2025-02-17,polling,margin,pct,2.8518,-1.487,6.598,spread,6
2025-02-17,academic,margin,pct,4.208,-1.68,10.2,spread,5
2025-02-18,polling,margin,pct,2.806,-1.762,6.598,spread,6
2025-02-18,academic,margin,pct,3.92,-1.68,10.2,spread,5
2025-02-19,polling,margin,pct,2.806,-1.762,6.598,spread,6
2025-02-19,academic,margin,pct,3.922,-1.68,10.2,spread,5
2025-02-20,polling,margin,pct,2.806,-1.762,6.598,spread,6
2025-02-20,academic,margin,pct,3.924,-1.68,10.2,spread,5
2025-02-21,polling,margin,pct,2.8027,-1.782,6.598,spread,6
2025-02-21,academic,margin,pct,3.93,-1.68,10.2,spread,5
2025-02-22,polling,margin,pct,2.7757,-1.944,6.598,spread,6
2025-02-22,academic,margin,pct,3.916,-1.68,10.2,spread,5
2025-02-23,polling,margin,pct,2.746,-2.122,6.598,spread,6
2025-02-23,academic,margin,pct,3.9,-1.68,10.2,spread,5
2025-02-24,polling,margin,pct,2.746,-2.122,6.598,spread,6
2025-02-24,academic,margin,pct,3.898,-1.68,10.2,spread,5
2025-02-25,polling,margin,pct,2.746,-2.122,6.598,spread,6
2025-02-25,academic,margin,pct,3.896,-1.68,10.2,spread,5
2025-02-26,polling,margin,pct,2.7288,-2.225,6.598,spread,6
2025-02-26,academic,margin,pct,3.888,-1.68,10.2,spread,5
2025-02-27,polling,margin,pct,2.6752,-2.547,6.598,spread,6
2025-02-27,academic,margin,pct,3.856,-1.68,10.2,spread,5
2025-02-28,polling,margin,pct,2.6752,-2.547,6.598,spread,6
2025-02-28,academic,margin,pct,3.852,-1.68,10.2,spread,5
2025-03-01,polling,margin,pct,2.6752,-2.547,6.598,spread,6
2025-03-01,academic,margin,pct,4.13,-1.68,10.2,spread,5
2025-03-02,polling,margin,pct,2.6973,-2.414,6.598,spread,6
2025-03-02,academic,margin,pct,4.144,-1.68,10.2,spread,5
2025-03-03,polling,margin,pct,2.7725,-1.963,6.598,spread,6
2025-03-03,academic,margin,pct,4.186,-1.68,10.2,spread,5
2025-03-04,polling,margin,pct,2.7725,-1.963,6.598,spread,6
2025-03-04,academic,margin,pct,4.186,-1.68,10.2,spread,5
2025-03-05,polling,margin,pct,2.817,-1.696,6.598,spread,6
2025-03-05,academic,margin,pct,4.208,-1.68,10.2,spread,5
2025-03-06,polling,margin,pct,2.8073,-1.754,6.598,spread,6
2025-03-06,academic,margin,pct,4.2,-1.68,10.2,spread,5
2025-03-07,polling,margin,pct,2.7952,-1.827,6.598,spread,6
2025-03-07,academic,margin,pct,4.194,-1.68,10.2,spread,5
2025-03-08,polling,margin,pct,2.7952,-1.827,6.598,spread,6
2025-03-08,academic,margin,pct,4.194,-1.68,10.2,spread,5
2025-03-09,polling,margin,pct,2.8507,-1.494,6.598,spread,6
2025-03-09,academic,margin,pct,4.222,-1.68,10.2,spread,5
2025-03-10,polling,margin,pct,2.8925,-1.243,6.598,spread,6
2025-03-10,academic,margin,pct,4.246,-1.68,10.2,spread,5
2025-03-11,polling,margin,pct,2.9798,-0.719,6.598,spread,6
2025-03-11,academic,margin,pct,4.296,-1.68,10.2,spread,5
2025-03-12,polling,margin,pct,2.9798,-0.719,6.598,spread,6
2025-03-12,academic,margin,pct,4.02,-1.68,10.2,spread,5
2025-03-13,polling,margin,pct,2.9758,-0.743,6.598,spread,6
2025-03-13,academic,margin,pct,4.022,-1.68,10.2,spread,5
2025-03-14,polling,margin,pct,2.995,-0.628,6.598,spread,6
2025-03-14,academic,margin,pct,4.038,-1.68,10.2,spread,5
2025-03-15,polling,margin,pct,2.995,-0.628,6.598,spread,6
2025-03-15,academic,margin,pct,4.038,-1.68,10.2,spread,5
2025-03-16,polling,margin,pct,3.0387,-0.366,6.598,spread,6
2025-03-16,academic,margin,pct,4.062,-1.68,10.2,spread,5
2025-03-17,polling,margin,pct,3.0387,-0.366,6.598,spread,6
2025-03-17,academic,margin,pct,4.062,-1.68,10.2,spread,5
2025-03-18,polling,margin,pct,3.0387,-0.366,6.598,spread,6
2025-03-18,academic,margin,pct,4.062,-1.68,10.2,spread,5
2025-03-19,polling,margin,pct,3.0442,-0.333,6.598,spread,6
2025-03-19,academic,margin,pct,4.072,-1.68,10.2,spread,5
2025-03-20,polling,margin,pct,3.0442,-0.333,6.598,spread,6
2025-03-20,academic,margin,pct,4.078,-1.68,10.2,spread,5
2025-03-21,polling,margin,pct,3.0442,-0.333,6.598,spread,6
2025-03-21,academic,margin,pct,4.078,-1.68,10.2,spread,5
2025-03-22,polling,margin,pct,3.0442,-0.333,6.598,spread,6
2025-03-22,academic,margin,pct,4.078,-1.68,10.2,spread,5
2025-03-23,polling,margin,pct,3.0765,-0.139,6.598,spread,6
2025-03-23,academic,margin,pct,4.096,-1.68,10.2,spread,5
2025-03-24,polling,margin,pct,3.0242,-0.453,6.598,spread,6
2025-03-24,academic,margin,pct,4.068,-1.68,10.2,spread,5
2025-03-25,polling,margin,pct,3.0242,-0.453,6.598,spread,6
2025-03-25,academic,margin,pct,4.068,-1.68,10.2,spread,5
2025-03-26,polling,margin,pct,2.988,-0.67,6.598,spread,6
2025-03-26,academic,margin,pct,4.05,-1.68,10.2,spread,5
2025-03-27,polling,margin,pct,2.988,-0.67,6.598,spread,6
2025-03-27,academic,margin,pct,4.048,-1.68,10.2,spread,5
2025-03-28,polling,margin,pct,3.0303,-0.416,6.598,spread,6
2025-03-28,academic,margin,pct,4.068,-1.68,10.2,spread,5
2025-03-29,polling,margin,pct,3.0303,-0.416,6.598,spread,6
2025-03-29,academic,margin,pct,4.068,-1.68,10.2,spread,5
2025-03-30,polling,margin,pct,3.0018,-0.587,6.598,spread,6
2025-03-30,academic,margin,pct,4.052,-1.68,10.2,spread,5
2025-03-31,polling,margin,pct,3.0018,-0.587,6.598,spread,6
2025-03-31,academic,margin,pct,4.052,-1.68,10.2,spread,5
2025-04-01,polling,margin,pct,3.0018,-0.587,6.598,spread,6
2025-04-01,academic,margin,pct,4.1,-1.68,10.2,spread,5
2025-04-02,polling,margin,pct,3.0018,-0.587,6.598,spread,6
2025-04-02,academic,margin,pct,4.102,-1.68,10.2,spread,5
2025-04-03,polling,margin,pct,3.089,-0.064,6.598,spread,6
2025-04-03,academic,margin,pct,4.148,-1.68,10.2,spread,5
2025-04-04,polling,margin,pct,3.089,-0.064,6.598,spread,6
2025-04-04,academic,margin,pct,4.148,-1.68,10.2,spread,5
2025-04-05,polling,margin,pct,3.089,-0.064,6.598,spread,6
2025-04-05,academic,margin,pct,4.148,-1.68,10.2,spread,5
2025-04-06,polling,margin,pct,3.119,0.116,6.598,spread,6
2025-04-06,academic,margin,pct,4.164,-1.68,10.2,spread,5
2025-04-07,polling,margin,pct,3.119,0.116,6.598,spread,6
2025-04-07,academic,margin,pct,4.154,-1.68,10.2,spread,5
2025-04-08,polling,margin,pct,3.1353,0.214,6.598,spread,6
2025-04-08,academic,margin,pct,4.172,-1.68,10.2,spread,5
2025-04-09,polling,margin,pct,3.1398,0.241,6.598,spread,6
2025-04-09,academic,margin,pct,4.176,-1.68,10.2,spread,5
2025-04-10,polling,margin,pct,3.1725,0.437,6.598,spread,6
2025-04-10,academic,margin,pct,4.2,-1.68,10.2,spread,5
2025-04-11,polling,margin,pct,3.1725,0.437,6.598,spread,6
2025-04-11,academic,margin,pct,4.204,-1.68,10.2,spread,5
2025-04-12,polling,margin,pct,3.2258,0.757,6.598,spread,6
2025-04-12,academic,margin,pct,4.234,-1.68,10.2,spread,5
2025-04-13,polling,margin,pct,3.2725,1.037,6.598,spread,6
2025-04-13,academic,margin,pct,4.266,-1.68,10.2,spread,5
2025-04-14,polling,margin,pct,3.2332,0.801,6.598,spread,6
2025-04-14,academic,margin,pct,4.24,-1.68,10.2,spread,5
2025-04-15,polling,margin,pct,3.2332,0.801,6.598,spread,6
2025-04-15,academic,margin,pct,4.246,-1.68,10.2,spread,5
2025-04-16,polling,margin,pct,3.2832,1.101,6.598,spread,6
2025-04-16,academic,margin,pct,4.272,-1.68,10.2,spread,5
2025-04-17,polling,margin,pct,3.2832,1.101,6.598,spread,6
2025-04-17,academic,margin,pct,4.276,-1.68,10.2,spread,5
2025-04-18,polling,margin,pct,3.3042,1.227,6.598,spread,6
2025-04-18,academic,margin,pct,4.286,-1.68,10.2,spread,5
2025-04-19,polling,margin,pct,3.2768,1.063,6.598,spread,6
2025-04-19,academic,margin,pct,4.272,-1.68,10.2,spread,5
2025-04-20,polling,margin,pct,3.2927,1.158,6.598,spread,6
2025-04-20,academic,margin,pct,4.278,-1.68,10.2,spread,5
2025-04-21,polling,margin,pct,3.35,1.502,6.598,spread,6
2025-04-21,academic,margin,pct,4.318,-1.68,10.2,spread,5
2025-04-22,polling,margin,pct,3.3552,1.533,6.598,spread,6
2025-04-22,academic,margin,pct,4.328,-1.68,10.2,spread,5
2025-04-23,polling,margin,pct,3.3552,1.533,6.598,spread,6
2025-04-23,academic,margin,pct,4.036,-1.68,10.2,spread,5
2025-04-24,polling,margin,pct,3.3767,1.662,6.598,spread,6
2025-04-24,academic,margin,pct,4.044,-1.68,10.2,spread,5
2025-04-25,polling,margin,pct,3.3767,1.662,6.598,spread,6
2025-04-25,academic,margin,pct,4.046,-1.68,10.2,spread,5
2025-04-26,polling,margin,pct,3.3767,1.662,6.598,spread,6
2025-04-26,academic,margin,pct,4.046,-1.68,10.2,spread,5
2025-04-27,polling,margin,pct,3.4153,1.894,6.598,spread,6
2025-04-27,academic,margin,pct,4.068,-1.68,10.2,spread,5
2025-04-28,polling,margin,pct,3.4153,1.894,6.598,spread,6
2025-04-28,academic,margin,pct,4.07,-1.68,10.2,spread,5
2025-04-29,polling,margin,pct,3.3858,1.717,6.598,spread,6
2025-04-29,academic,margin,pct,4.054,-1.68,10.2,spread,5
2025-04-30,polling,margin,pct,3.3977,1.788,6.598,spread,6
2025-04-30,academic,margin,pct,4.058,-1.68,10.2,spread,5
2025-05-01,polling,margin,pct,3.3957,1.776,6.598,spread,6
2025-05-01,academic,margin,pct,4.066,-1.68,10.2,spread,5
2025-05-02,polling,margin,pct,3.3957,1.776,6.598,spread,6
2025-05-02,academic,margin,pct,4.068,-1.68,10.2,spread,5
2025-05-03,polling,margin,pct,3.3862,1.719,6.598,spread,6
2025-05-03,academic,margin,pct,4.062,-1.68,10.2,spread,5
2025-05-04,polling,margin,pct,3.3985,1.793,6.598,spread,6
2025-05-04,academic,margin,pct,4.07,-1.68,10.2,spread,5
2025-05-05,polling,margin,pct,3.4622,2.175,6.598,spread,6
2025-05-05,academic,margin,pct,4.104,-1.68,10.2,spread,5
2025-05-06,polling,margin,pct,3.5112,2.469,6.598,spread,6
2025-05-06,academic,margin,pct,4.13,-1.68,10.2,spread,5
2025-05-07,polling,margin,pct,3.476,2.258,6.598,spread,6
2025-05-07,academic,margin,pct,4.11,-1.68,10.2,spread,5
2025-05-08,polling,margin,pct,3.4535,2.123,6.598,spread,6
2025-05-08,academic,margin,pct,4.096,-1.68,10.2,spread,5
2025-05-09,polling,margin,pct,3.4535,2.123,6.598,spread,6
2025-05-09,academic,margin,pct,4.098,-1.68,10.2,spread,5
2025-05-10,polling,margin,pct,3.5025,2.417,6.598,spread,6
2025-05-10,academic,margin,pct,4.124,-1.68,10.2,spread,5
2025-05-11,polling,margin,pct,3.4767,2.262,6.598,spread,6
2025-05-11,academic,margin,pct,4.11,-1.68,10.2,spread,5
2025-05-12,polling,margin,pct,3.3655,1.595,6.598,spread,6
2025-05-12,academic,margin,pct,4.048,-1.68,10.2,spread,5
2025-05-13,polling,margin,pct,3.3655,1.595,6.598,spread,6
2025-05-13,academic,margin,pct,4.044,-1.68,10.2,spread,5
2025-05-14,polling,margin,pct,3.3655,1.595,6.598,spread,6
2025-05-14,academic,margin,pct,4.046,-1.68,10.2,spread,5
2025-05-15,polling,margin,pct,3.3442,1.467,6.598,spread,6
2025-05-15,academic,margin,pct,4.03,-1.68,10.2,spread,5
2025-05-16,polling,margin,pct,3.3377,1.428,6.598,spread,6
2025-05-16,academic,margin,pct,4.026,-1.68,10.2,spread,5
2025-05-17,polling,margin,pct,3.3377,1.428,6.598,spread,6
2025-05-17,academic,margin,pct,4.022,-1.68,10.2,spread,5
2025-05-18,polling,margin,pct,3.2512,0.909,6.598,spread,6
2025-05-18,academic,margin,pct,3.976,-1.68,10.2,spread,5
2025-05-19,polling,margin,pct,3.2425,0.857,6.598,spread,6
2025-05-19,academic,margin,pct,3.97,-1.68,10.2,spread,5
2025-05-20,polling,margin,pct,3.2792,1.077,6.598,spread,6
2025-05-20,academic,margin,pct,3.99,-1.68,10.2,spread,5
2025-05-21,polling,margin,pct,3.2792,1.077,6.598,spread,6
2025-05-21,academic,margin,pct,3.99,-1.68,10.2,spread,5
2025-05-22,polling,margin,pct,3.2792,1.077,6.598,spread,6
2025-05-22,academic,margin,pct,3.992,-1.68,10.2,spread,5
2025-05-23,polling,margin,pct,3.2792,1.077,6.598,spread,6
2025-05-23,academic,margin,pct,3.992,-1.68,10.2,spread,5
2025-05-24,polling,margin,pct,3.2792,1.077,6.598,spread,6
2025-05-24,academic,margin,pct,3.992,-1.68,10.2,spread,5
2025-05-25,polling,margin,pct,3.2473,0.886,6.598,spread,6
2025-05-25,academic,margin,pct,3.974,-1.68,10.2,spread,5
2025-05-26,polling,margin,pct,3.2055,0.635,6.598,spread,6
2025-05-26,academic,margin,pct,3.948,-1.68,10.2,spread,5
2025-05-27,polling,margin,pct,3.241,0.848,6.598,spread,6
2025-05-27,academic,margin,pct,3.972,-1.68,10.2,spread,5
2025-05-28,polling,margin,pct,3.241,0.848,6.598,spread,6
2025-05-28,academic,margin,pct,3.972,-1.68,10.2,spread,5
2025-05-29,polling,margin,pct,3.2452,0.873,6.598,spread,6
2025-05-29,academic,margin,pct,3.978,-1.68,10.2,spread,5
2025-05-30,polling,margin,pct,3.2178,0.709,6.598,spread,6
2025-05-30,academic,margin,pct,3.966,-1.68,10.2,spread,5
2025-05-31,polling,margin,pct,3.2178,0.709,6.598,spread,6
2025-05-31,academic,margin,pct,3.966,-1.68,10.2,spread,5
2025-06-01,polling,margin,pct,3.2252,0.753,6.598,spread,6
2025-06-01,academic,margin,pct,3.84,-1.68,10.2,spread,5
2025-06-02,polling,margin,pct,3.2637,0.984,6.598,spread,6
2025-06-02,academic,margin,pct,3.856,-1.68,10.2,spread,5
2025-06-03,polling,margin,pct,3.2637,0.984,6.598,spread,6
2025-06-03,academic,margin,pct,3.852,-1.68,10.2,spread,5
2025-06-04,polling,margin,pct,3.2555,0.935,6.598,spread,6
2025-06-04,academic,margin,pct,3.848,-1.68,10.2,spread,5
2025-06-05,polling,margin,pct,3.2555,0.935,6.598,spread,6
2025-06-05,academic,margin,pct,3.858,-1.68,10.2,spread,5
2025-06-06,polling,margin,pct,3.327,1.364,6.598,spread,6
2025-06-06,academic,margin,pct,3.894,-1.68,10.2,spread,5
2025-06-07,polling,margin,pct,3.327,1.364,6.598,spread,6
2025-06-07,academic,margin,pct,3.894,-1.68,10.2,spread,5
2025-06-08,polling,margin,pct,3.3173,1.306,6.598,spread,6
2025-06-08,academic,margin,pct,3.89,-1.68,10.2,spread,5
2025-06-09,polling,margin,pct,3.3217,1.332,6.598,spread,6
2025-06-09,academic,margin,pct,3.89,-1.68,10.2,spread,5
2025-06-10,polling,margin,pct,3.3217,1.332,6.598,spread,6
2025-06-10,academic,margin,pct,3.888,-1.68,10.2,spread,5
2025-06-11,polling,margin,pct,3.2522,0.915,6.598,spread,6
2025-06-11,academic,margin,pct,3.85,-1.68,10.2,spread,5
2025-06-12,polling,margin,pct,3.343,1.46,6.598,spread,6
2025-06-12,academic,margin,pct,3.9,-1.68,10.2,spread,5
2025-06-13,polling,margin,pct,3.343,1.46,6.598,spread,6
2025-06-13,academic,margin,pct,3.9,-1.68,10.2,spread,5
2025-06-14,polling,margin,pct,3.4105,1.865,6.598,spread,6
2025-06-14,academic,margin,pct,3.938,-1.68,10.2,spread,5
2025-06-15,polling,margin,pct,3.3362,1.419,6.598,spread,6
2025-06-15,academic,margin,pct,3.896,-1.68,10.2,spread,5
2025-06-16,polling,margin,pct,3.3878,1.729,6.598,spread,6
2025-06-16,academic,margin,pct,3.93,-1.68,10.2,spread,5
2025-06-17,polling,margin,pct,3.2935,1.163,6.598,spread,6
2025-06-17,academic,margin,pct,3.876,-1.68,10.2,spread,5
2025-06-18,polling,margin,pct,3.2745,1.049,6.598,spread,6
2025-06-18,academic,margin,pct,3.866,-1.68,10.2,spread,5
2025-06-19,polling,margin,pct,3.1992,0.597,6.598,spread,6
2025-06-19,academic,margin,pct,3.818,-1.68,10.2,spread,5
2025-06-20,polling,margin,pct,3.1992,0.597,6.598,spread,6
2025-06-20,academic,margin,pct,3.826,-1.68,10.2,spread,5
2025-06-21,polling,margin,pct,3.2133,0.682,6.598,spread,6
2025-06-21,academic,margin,pct,3.834,-1.68,10.2,spread,5
2025-06-22,polling,margin,pct,3.2203,0.724,6.598,spread,6
2025-06-22,academic,margin,pct,3.838,-1.68,10.2,spread,5
2025-06-23,polling,margin,pct,3.2603,0.964,6.598,spread,6
2025-06-23,academic,margin,pct,3.87,-1.68,10.2,spread,5
2025-06-24,polling,margin,pct,3.2603,0.964,6.598,spread,6
2025-06-24,academic,margin,pct,3.874,-1.68,10.2,spread,5
2025-06-25,polling,margin,pct,3.3012,1.209,6.598,spread,6
2025-06-25,academic,margin,pct,3.896,-1.68,10.2,spread,5
2025-06-26,polling,margin,pct,3.3012,1.209,6.598,spread,6
2025-06-26,academic,margin,pct,3.892,-1.68,10.2,spread,5
2025-06-27,polling,margin,pct,3.2572,0.945,6.598,spread,6
2025-06-27,academic,margin,pct,3.866,-1.68,10.2,spread,5
2025-06-28,polling,margin,pct,3.2572,0.945,6.598,spread,6
2025-06-28,academic,margin,pct,3.864,-1.68,10.2,spread,5
2025-06-29,polling,margin,pct,3.2765,1.061,6.598,spread,6
2025-06-29,academic,margin,pct,3.876,-1.68,10.2,spread,5
2025-06-30,polling,margin,pct,3.3087,1.254,6.598,spread,6
2025-06-30,academic,margin,pct,3.96,-1.68,10.54,spread,5
2025-07-01,polling,margin,pct,3.3087,1.254,6.598,spread,6
2025-07-01,academic,margin,pct,4.04,-1.68,10.75,spread,5
2025-07-02,polling,margin,pct,3.3357,1.416,6.598,spread,6
2025-07-02,academic,margin,pct,4.054,-1.68,10.75,spread,5
2025-07-03,polling,margin,pct,3.2808,1.087,6.598,spread,6
2025-07-03,academic,margin,pct,4.024,-1.68,10.75,spread,5
2025-07-04,polling,margin,pct,3.2808,1.087,6.598,spread,6
2025-07-04,academic,margin,pct,4.018,-1.68,10.75,spread,5
2025-07-05,polling,margin,pct,3.2177,0.708,6.598,spread,6
2025-07-05,academic,margin,pct,3.984,-1.68,10.75,spread,5
2025-07-06,polling,margin,pct,3.3085,1.253,6.598,spread,6
2025-07-06,academic,margin,pct,4.032,-1.68,10.75,spread,5
2025-07-07,polling,margin,pct,3.3145,1.289,6.598,spread,6
2025-07-07,academic,margin,pct,4.028,-1.68,10.75,spread,5
2025-07-08,polling,margin,pct,3.3438,1.465,6.598,spread,6
2025-07-08,academic,margin,pct,4.044,-1.68,10.75,spread,5
2025-07-09,polling,margin,pct,3.3782,1.671,6.598,spread,6
2025-07-09,academic,margin,pct,4.064,-1.68,10.75,spread,5
2025-07-10,polling,margin,pct,3.5247,2.55,6.598,spread,6
2025-07-10,academic,margin,pct,4.146,-1.68,10.75,spread,5
2025-07-11,polling,margin,pct,3.5247,2.55,6.598,spread,6
2025-07-11,academic,margin,pct,4.146,-1.68,10.75,spread,5
2025-07-12,polling,margin,pct,3.5272,2.565,6.598,spread,6
2025-07-12,academic,margin,pct,4.15,-1.68,10.75,spread,5
2025-07-13,polling,margin,pct,3.5557,2.6,6.598,spread,6
2025-07-13,academic,margin,pct,4.172,-1.68,10.75,spread,5
2025-07-14,polling,margin,pct,3.3627,1.578,6.598,spread,6
2025-07-14,academic,margin,pct,4.076,-1.68,10.75,spread,5
2025-07-15,polling,margin,pct,3.3627,1.578,6.598,spread,6
2025-07-15,academic,margin,pct,4.076,-1.68,10.75,spread,5
2025-07-16,polling,margin,pct,3.2582,0.951,6.598,spread,6
2025-07-16,academic,margin,pct,4.014,-1.68,10.75,spread,5
2025-07-17,polling,margin,pct,3.3005,1.205,6.598,spread,6
2025-07-17,academic,margin,pct,4.036,-1.68,10.75,spread,5
2025-07-18,polling,margin,pct,3.3953,1.774,6.598,spread,6
2025-07-18,academic,margin,pct,4.088,-1.68,10.75,spread,5
2025-07-19,polling,margin,pct,3.3953,1.774,6.598,spread,6
2025-07-19,academic,margin,pct,4.088,-1.68,10.75,spread,5
2025-07-20,polling,margin,pct,3.4277,1.968,6.598,spread,6
2025-07-20,academic,margin,pct,4.108,-1.68,10.75,spread,5
2025-07-21,polling,margin,pct,3.4157,1.896,6.598,spread,6
2025-07-21,academic,margin,pct,4.106,-1.68,10.75,spread,5
2025-07-22,polling,margin,pct,3.4225,1.937,6.598,spread,6
2025-07-22,academic,margin,pct,4.11,-1.68,10.75,spread,5
2025-07-23,polling,margin,pct,3.4288,1.975,6.598,spread,6
2025-07-23,academic,margin,pct,4.114,-1.68,10.75,spread,5
2025-07-24,polling,margin,pct,3.4525,2.117,6.598,spread,6
2025-07-24,academic,margin,pct,4.128,-1.68,10.75,spread,5
2025-07-25,polling,margin,pct,3.4525,2.117,6.598,spread,6
2025-07-25,academic,margin,pct,4.128,-1.68,10.75,spread,5
2025-07-26,polling,margin,pct,3.4525,2.117,6.598,spread,6
2025-07-26,academic,margin,pct,4.128,-1.68,10.75,spread,5
2025-07-27,polling,margin,pct,3.4412,2.049,6.598,spread,6
2025-07-27,academic,margin,pct,4.124,-1.68,10.75,spread,5
2025-07-28,polling,margin,pct,3.4798,2.281,6.598,spread,6
2025-07-28,academic,margin,pct,4.194,-1.68,10.98,spread,5
2025-07-29,polling,margin,pct,3.4865,2.321,6.598,spread,6
2025-07-29,academic,margin,pct,4.198,-1.68,10.98,spread,5
2025-07-30,polling,margin,pct,3.4865,2.321,6.598,spread,6
2025-07-30,academic,margin,pct,4.206,-1.68,10.98,spread,5
2025-07-31,polling,margin,pct,3.5363,2.6,6.598,spread,6
2025-07-31,academic,margin,pct,4.256,-1.68,11.09,spread,5
2025-08-01,polling,margin,pct,3.5363,2.6,6.598,spread,6
2025-08-01,academic,margin,pct,4.326,-1.68,11.45,spread,5
2025-08-02,polling,margin,pct,3.5363,2.6,6.598,spread,6
2025-08-02,academic,margin,pct,4.326,-1.68,11.45,spread,5
2025-08-03,polling,margin,pct,3.5493,2.6,6.598,spread,6
2025-08-03,academic,margin,pct,4.324,-1.68,11.45,spread,5
2025-08-04,polling,margin,pct,3.6668,2.6,6.598,spread,6
2025-08-04,academic,margin,pct,4.404,-1.68,11.54,spread,5
2025-08-05,polling,margin,pct,3.6668,2.6,6.598,spread,6
2025-08-05,academic,margin,pct,4.406,-1.68,11.54,spread,5
2025-08-06,polling,margin,pct,3.7378,2.6,6.598,spread,6
2025-08-06,academic,margin,pct,4.444,-1.68,11.54,spread,5
2025-08-07,polling,margin,pct,3.7358,2.6,6.598,spread,6
2025-08-07,academic,margin,pct,4.444,-1.68,11.54,spread,5
2025-08-08,polling,margin,pct,3.679,2.6,6.598,spread,6
2025-08-08,academic,margin,pct,4.412,-1.68,11.54,spread,5
2025-08-09,polling,margin,pct,3.6515,2.6,6.598,spread,6
2025-08-09,academic,margin,pct,4.39,-1.68,11.54,spread,5
2025-08-10,polling,margin,pct,3.648,2.6,6.598,spread,6
2025-08-10,academic,margin,pct,4.386,-1.68,11.54,spread,5
2025-08-11,polling,margin,pct,3.6362,2.6,6.598,spread,6
2025-08-11,academic,margin,pct,4.372,-1.68,11.54,spread,5
2025-08-12,polling,margin,pct,3.6453,2.6,6.598,spread,6
2025-08-12,academic,margin,pct,4.396,-1.68,11.63,spread,5
2025-08-13,polling,margin,pct,3.6453,2.6,6.598,spread,6
2025-08-13,academic,margin,pct,4.39,-1.68,11.63,spread,5
2025-08-14,polling,margin,pct,3.6338,2.6,6.598,spread,6
2025-08-14,academic,margin,pct,4.382,-1.68,11.63,spread,5
2025-08-15,polling,margin,pct,3.6338,2.6,6.598,spread,6
2025-08-15,academic,margin,pct,4.386,-1.68,11.63,spread,5
2025-08-16,polling,margin,pct,3.6338,2.6,6.598,spread,6
2025-08-16,academic,margin,pct,4.386,-1.68,11.63,spread,5
2025-08-17,polling,margin,pct,3.6278,2.6,6.598,spread,6
2025-08-17,academic,margin,pct,4.392,-1.68,11.63,spread,5
2025-08-18,polling,margin,pct,3.6128,2.6,6.598,spread,6
2025-08-18,academic,margin,pct,4.388,-1.68,11.63,spread,5
2025-08-19,polling,margin,pct,3.614,2.6,6.598,spread,6
2025-08-19,academic,margin,pct,4.388,-1.68,11.63,spread,5
2025-08-20,polling,margin,pct,3.614,2.6,6.598,spread,6
2025-08-20,academic,margin,pct,4.394,-1.68,11.63,spread,5
2025-08-21,polling,margin,pct,3.5743,2.6,6.598,spread,6
2025-08-21,academic,margin,pct,4.388,-1.68,11.71,spread,5
2025-08-22,polling,margin,pct,3.5743,2.6,6.598,spread,6
2025-08-22,academic,margin,pct,4.388,-1.68,11.71,spread,5
2025-08-23,polling,margin,pct,3.5743,2.6,6.598,spread,6
2025-08-23,academic,margin,pct,4.394,-1.68,11.71,spread,5
2025-08-24,polling,margin,pct,3.4803,2.284,6.598,spread,6
2025-08-24,academic,margin,pct,4.338,-1.68,11.71,spread,5
2025-08-25,polling,margin,pct,3.438,2.03,6.598,spread,6
2025-08-25,academic,margin,pct,4.31,-1.68,11.71,spread,5
2025-08-26,polling,margin,pct,3.374,1.646,6.598,spread,6
2025-08-26,academic,margin,pct,4.274,-1.68,11.71,spread,5
2025-08-27,polling,margin,pct,3.374,1.646,6.598,spread,6
2025-08-27,academic,margin,pct,4.274,-1.68,11.71,spread,5
2025-08-28,polling,margin,pct,3.374,1.646,6.598,spread,6
2025-08-28,academic,margin,pct,4.274,-1.68,11.71,spread,5
2025-08-29,polling,margin,pct,3.374,1.646,6.598,spread,6
2025-08-29,academic,margin,pct,4.272,-1.68,11.71,spread,5
2025-08-30,polling,margin,pct,3.3817,1.692,6.598,spread,6
2025-08-30,academic,margin,pct,4.276,-1.68,11.71,spread,5
2025-08-31,polling,margin,pct,3.4105,1.865,6.598,spread,6
2025-08-31,academic,margin,pct,4.294,-1.68,11.71,spread,5
2025-09-01,polling,margin,pct,3.5013,2.41,6.598,spread,6
2025-09-01,academic,margin,pct,4.416,-1.68,12.13,spread,5
2025-09-02,polling,margin,pct,3.5292,2.577,6.598,spread,6
2025-09-02,academic,margin,pct,4.452,-1.68,12.22,spread,5
2025-09-03,polling,margin,pct,3.5277,2.568,6.598,spread,6
2025-09-03,academic,margin,pct,4.446,-1.68,12.22,spread,5
2025-09-04,polling,margin,pct,3.5277,2.568,6.598,spread,6
2025-09-04,academic,margin,pct,4.446,-1.68,12.22,spread,5
2025-09-05,polling,margin,pct,3.5277,2.568,6.598,spread,6
2025-09-05,academic,margin,pct,4.444,-1.68,12.22,spread,5
2025-09-06,polling,margin,pct,3.5277,2.568,6.598,spread,6
2025-09-06,academic,margin,pct,4.444,-1.68,12.22,spread,5
2025-09-07,polling,margin,pct,3.5333,2.6,6.598,spread,6
2025-09-07,academic,margin,pct,4.446,-1.68,12.22,spread,5
2025-09-08,polling,margin,pct,3.5212,2.529,6.598,spread,6
2025-09-08,academic,margin,pct,4.438,-1.68,12.22,spread,5
2025-09-09,polling,margin,pct,3.5212,2.529,6.598,spread,6
2025-09-09,academic,margin,pct,4.44,-1.68,12.22,spread,5
2025-09-10,polling,margin,pct,3.5167,2.502,6.598,spread,6
2025-09-10,academic,margin,pct,4.438,-1.68,12.22,spread,5
2025-09-11,polling,margin,pct,3.5212,2.529,6.598,spread,6
2025-09-11,academic,margin,pct,4.454,-1.68,12.31,spread,5
2025-09-12,polling,margin,pct,3.525,2.552,6.598,spread,6
2025-09-12,academic,margin,pct,4.458,-1.68,12.31,spread,5
2025-09-13,polling,margin,pct,3.5207,2.526,6.598,spread,6
2025-09-13,academic,margin,pct,4.456,-1.68,12.31,spread,5
2025-09-14,polling,margin,pct,3.5637,2.6,6.598,spread,6
2025-09-14,academic,margin,pct,4.494,-1.68,12.4,spread,5
2025-09-15,polling,margin,pct,3.5637,2.6,6.598,spread,6
2025-09-15,academic,margin,pct,4.5,-1.68,12.4,spread,5
2025-09-16,polling,margin,pct,3.647,2.6,6.598,spread,6
2025-09-16,academic,margin,pct,4.54,-1.68,12.4,spread,5
2025-09-17,polling,margin,pct,3.647,2.6,6.598,spread,6
2025-09-17,academic,margin,pct,4.54,-1.68,12.4,spread,5
2025-09-18,polling,margin,pct,3.6687,2.6,6.598,spread,6
2025-09-18,academic,margin,pct,4.552,-1.68,12.4,spread,5
2025-09-19,polling,margin,pct,3.6807,2.6,6.598,spread,6
2025-09-19,academic,margin,pct,4.56,-1.68,12.4,spread,5
2025-09-20,polling,margin,pct,3.6807,2.6,6.598,spread,6
2025-09-20,academic,margin,pct,4.564,-1.68,12.4,spread,5
2025-09-21,polling,margin,pct,3.6633,2.6,6.598,spread,6
2025-09-21,academic,margin,pct,4.556,-1.68,12.4,spread,5
2025-09-22,polling,margin,pct,3.5347,2.6,6.598,spread,6
2025-09-22,academic,margin,pct,4.488,-1.68,12.4,spread,5
2025-09-23,polling,margin,pct,3.5113,2.47,6.598,spread,6
2025-09-23,academic,margin,pct,4.492,-1.68,12.48,spread,5
2025-09-24,polling,margin,pct,3.483,2.3,6.598,spread,6
2025-09-24,academic,margin,pct,4.474,-1.68,12.48,spread,5
2025-09-25,polling,margin,pct,3.483,2.3,6.598,spread,6
2025-09-25,academic,margin,pct,4.478,-1.68,12.48,spread,5
2025-09-26,polling,margin,pct,3.483,2.3,6.598,spread,6
2025-09-26,academic,margin,pct,4.478,-1.68,12.48,spread,5
2025-09-27,polling,margin,pct,3.4807,2.286,6.598,spread,6
2025-09-27,academic,margin,pct,4.476,-1.68,12.48,spread,5
2025-09-28,polling,margin,pct,3.477,2.264,6.598,spread,6
2025-09-28,academic,margin,pct,4.476,-1.68,12.48,spread,5
2025-09-29,polling,margin,pct,3.477,2.264,6.598,spread,6
2025-09-29,academic,margin,pct,4.478,-1.68,12.48,spread,5
2025-09-30,polling,margin,pct,3.477,2.264,6.598,spread,6
2025-09-30,academic,margin,pct,4.504,-1.68,12.57,spread,5
2025-10-01,polling,margin,pct,3.4793,2.278,6.598,spread,6
2025-10-01,academic,margin,pct,4.572,-1.68,13.07,spread,5
2025-10-02,polling,margin,pct,3.445,2.072,6.598,spread,6
2025-10-02,academic,margin,pct,4.55,-1.68,13.07,spread,5
2025-10-03,polling,margin,pct,3.4358,2.017,6.598,spread,6
2025-10-03,academic,margin,pct,4.546,-1.68,13.07,spread,5
2025-10-04,polling,margin,pct,3.436,2.018,6.598,spread,6
2025-10-04,academic,margin,pct,4.544,-1.68,13.07,spread,5
2025-10-05,polling,margin,pct,3.4373,2.026,6.598,spread,6
2025-10-05,academic,margin,pct,4.544,-1.68,13.07,spread,5
2025-10-06,polling,margin,pct,3.4807,2.286,6.598,spread,6
2025-10-06,academic,margin,pct,4.586,-1.68,13.16,spread,5
2025-10-07,polling,margin,pct,3.6028,2.119,6.598,spread,6
2025-10-07,academic,margin,pct,4.568,-1.68,13.16,spread,5
2025-10-08,polling,margin,pct,3.5868,2.123,6.598,spread,6
2025-10-08,academic,margin,pct,4.572,-1.68,13.16,spread,5
2025-10-09,polling,margin,pct,3.551,1.908,6.598,spread,6
2025-10-09,academic,margin,pct,4.552,-1.68,13.16,spread,5
2025-10-10,polling,margin,pct,3.5207,1.726,6.598,spread,6
2025-10-10,academic,margin,pct,4.534,-1.68,13.16,spread,5
2025-10-11,polling,margin,pct,3.5207,1.726,6.598,spread,6
2025-10-11,academic,margin,pct,4.534,-1.68,13.16,spread,5
2025-10-12,polling,margin,pct,3.0283,1.772,6.598,spread,6
2025-10-12,academic,margin,pct,4.534,-1.68,13.16,spread,5
2025-10-13,polling,margin,pct,3.1173,2.0,6.598,spread,6
2025-10-13,academic,margin,pct,4.584,-1.68,13.16,spread,5
2025-10-14,polling,margin,pct,3.1583,1.7,6.598,spread,6
2025-10-14,academic,margin,pct,4.58,-1.68,13.16,spread,5
2025-10-15,polling,margin,pct,3.227,1.7,6.598,spread,6
2025-10-15,academic,margin,pct,4.636,-1.68,13.25,spread,5
2025-10-16,polling,margin,pct,3.3117,1.9,6.598,spread,6
2025-10-16,academic,margin,pct,4.626,-1.68,13.25,spread,5
2025-10-17,polling,margin,pct,3.1783,1.6,6.598,spread,6
2025-10-17,academic,margin,pct,4.628,-1.68,13.25,spread,5
2025-10-18,polling,margin,pct,3.1838,1.6,6.598,spread,6
2025-10-18,academic,margin,pct,4.632,-1.68,13.25,spread,5
2025-10-19,polling,margin,pct,3.2032,1.6,6.598,spread,6
2025-10-19,academic,margin,pct,4.642,-1.68,13.25,spread,5
2025-10-20,polling,margin,pct,3.2257,1.6,6.598,spread,6
2025-10-20,academic,margin,pct,4.652,-1.68,13.25,spread,5
2025-10-21,polling,margin,pct,3.3257,1.8,6.598,spread,6
2025-10-21,academic,margin,pct,4.654,-1.68,13.25,spread,5
2025-10-22,polling,margin,pct,3.559,2.6,6.598,spread,6
2025-10-22,academic,margin,pct,4.654,-1.68,13.25,spread,5
2025-10-23,polling,margin,pct,3.5448,2.6,6.598,spread,6
2025-10-23,academic,margin,pct,4.646,-1.68,13.25,spread,5
2025-10-24,polling,margin,pct,3.5448,2.6,6.598,spread,6
2025-10-24,academic,margin,pct,4.646,-1.68,13.25,spread,5
2025-10-25,polling,margin,pct,3.5448,2.6,6.598,spread,6
2025-10-25,academic,margin,pct,4.646,-1.68,13.25,spread,5
2025-10-26,polling,margin,pct,3.5683,2.6,6.598,spread,6
2025-10-26,academic,margin,pct,4.656,-1.68,13.25,spread,5
2025-10-27,polling,margin,pct,3.5183,2.6,6.598,spread,6
2025-10-27,academic,margin,pct,4.636,-1.68,13.25,spread,5
2025-10-28,polling,margin,pct,3.7132,2.4,6.598,spread,6
2025-10-28,academic,margin,pct,4.65,-1.68,13.25,spread,5
2025-10-29,polling,margin,pct,3.7318,2.4,6.598,spread,6
2025-10-29,academic,margin,pct,4.66,-1.68,13.25,spread,5
2025-10-30,polling,margin,pct,3.5382,2.4,6.598,spread,6
2025-10-30,academic,margin,pct,4.658,-1.68,13.25,spread,5
2025-10-31,polling,margin,pct,3.7382,2.7,6.598,spread,6
2025-10-31,academic,margin,pct,4.656,-1.68,13.25,spread,5
2025-11-01,polling,margin,pct,3.7382,2.7,6.598,spread,6
2025-11-01,academic,margin,pct,4.554,-1.68,12.75,spread,5
2025-11-02,polling,margin,pct,3.8245,2.849,6.598,spread,6
2025-11-02,academic,margin,pct,4.556,-1.68,12.75,spread,5
2025-11-03,polling,margin,pct,3.8245,2.849,6.598,spread,6
2025-11-03,academic,margin,pct,4.558,-1.68,12.75,spread,5
2025-11-04,polling,margin,pct,3.6865,2.3,6.598,spread,6
2025-11-04,academic,margin,pct,4.738,-1.68,12.75,spread,5
2025-11-05,polling,margin,pct,3.7508,2.3,6.598,spread,6
2025-11-05,academic,margin,pct,4.762,-1.68,12.92,spread,5
2025-11-06,polling,margin,pct,3.815,2.3,6.598,spread,6
2025-11-06,academic,margin,pct,4.798,-1.68,13.01,spread,5
2025-11-07,polling,margin,pct,3.8817,2.5,6.598,spread,6
2025-11-07,academic,margin,pct,4.798,-1.68,13.01,spread,5
2025-11-08,polling,margin,pct,3.8817,2.5,6.598,spread,6
2025-11-08,academic,margin,pct,4.798,-1.68,13.01,spread,5
2025-11-09,polling,margin,pct,3.8905,2.5,6.598,spread,6
2025-11-09,academic,margin,pct,4.802,-1.68,13.01,spread,5
2025-11-10,polling,margin,pct,3.9293,2.5,6.598,spread,6
2025-11-10,academic,margin,pct,4.846,-1.68,13.1,spread,5
2025-11-11,polling,margin,pct,4.3213,3.23,6.598,spread,6
2025-11-11,academic,margin,pct,4.858,-1.68,13.18,spread,5
2025-11-12,polling,margin,pct,4.3142,3.387,6.598,spread,6
2025-11-12,academic,margin,pct,4.87,-1.68,13.18,spread,5
2025-11-13,polling,margin,pct,4.2722,3.4,6.598,spread,6
2025-11-13,academic,margin,pct,4.908,-1.68,13.18,spread,5
2025-11-14,polling,margin,pct,4.4842,3.8,6.598,spread,6
2025-11-14,academic,margin,pct,4.932,-1.68,13.18,spread,5
2025-11-15,polling,margin,pct,4.4842,3.8,6.598,spread,6
2025-11-15,academic,margin,pct,4.938,-1.68,13.18,spread,5
2025-11-16,polling,margin,pct,4.499,3.8,6.598,spread,6
2025-11-16,academic,margin,pct,4.946,-1.68,13.18,spread,5
2025-11-17,polling,margin,pct,4.5423,3.8,6.598,spread,6
2025-11-17,academic,margin,pct,4.962,-1.68,13.18,spread,5
2025-11-18,polling,margin,pct,4.4168,3.6,6.598,spread,6
2025-11-18,academic,margin,pct,4.956,-1.68,13.18,spread,5
2025-11-19,polling,margin,pct,5.0695,4.2,6.598,spread,6
2025-11-19,academic,margin,pct,4.958,-1.68,13.18,spread,5
2025-11-20,polling,margin,pct,5.1003,4.2,6.598,spread,6
2025-11-20,academic,margin,pct,4.998,-1.68,13.27,spread,5
2025-11-21,polling,margin,pct,5.1003,4.2,6.598,spread,6
2025-11-21,academic,margin,pct,4.996,-1.68,13.27,spread,5
2025-11-22,polling,margin,pct,5.1003,4.2,6.598,spread,6
2025-11-22,academic,margin,pct,4.996,-1.68,13.27,spread,5
2025-11-23,polling,margin,pct,5.0925,4.2,6.598,spread,6
2025-11-23,academic,margin,pct,4.99,-1.68,13.27,spread,5
2025-11-24,polling,margin,pct,4.9925,4.2,6.598,spread,6
2025-11-24,academic,margin,pct,4.98,-1.68,13.27,spread,5
2025-11-25,polling,margin,pct,5.1063,4.2,6.598,spread,6
2025-11-25,academic,margin,pct,4.988,-1.68,13.27,spread,5
2025-11-26,polling,margin,pct,5.0566,4.2,6.598,spread,7
2025-11-26,academic,margin,pct,4.998,-1.68,13.27,spread,5
2025-11-27,polling,margin,pct,5.0483,4.2,6.598,spread,7
2025-11-27,academic,margin,pct,4.994,-1.68,13.27,spread,5
2025-11-28,polling,margin,pct,5.0483,4.2,6.598,spread,7
2025-11-28,academic,margin,pct,4.994,-1.68,13.27,spread,5
2025-11-29,polling,margin,pct,5.0292,4.1,6.598,spread,7
2025-11-29,academic,margin,pct,5.006,-1.68,13.36,spread,5
2025-11-30,polling,margin,pct,5.0196,4.1,6.598,spread,7
2025-11-30,academic,margin,pct,5.002,-1.68,13.36,spread,5
2025-12-01,polling,margin,pct,5.003,4.1,6.598,spread,7
2025-12-01,academic,margin,pct,4.828,-1.68,12.53,spread,5
2025-12-02,polling,margin,pct,5.1734,4.2,6.598,spread,7
2025-12-02,academic,margin,pct,4.838,-1.68,12.53,spread,5
2025-12-03,polling,margin,pct,5.158,4.2,6.598,spread,7
2025-12-03,academic,margin,pct,4.828,-1.68,12.53,spread,5
2025-12-04,polling,margin,pct,4.9126,3.39,6.598,spread,7
2025-12-04,academic,margin,pct,4.744,-1.68,12.53,spread,5
2025-12-05,polling,margin,pct,4.8681,3.079,6.598,spread,7
2025-12-05,academic,margin,pct,4.732,-1.68,12.61,spread,5
2025-12-06,polling,margin,pct,4.5539,3.0,6.598,spread,7
2025-12-06,academic,margin,pct,4.732,-1.68,12.61,spread,5
2025-12-07,polling,margin,pct,4.5519,3.0,6.598,spread,7
2025-12-07,academic,margin,pct,4.74,-1.68,12.61,spread,5
2025-12-08,polling,margin,pct,4.5389,3.0,6.598,spread,7
2025-12-08,academic,margin,pct,4.738,-1.68,12.7,spread,5
2025-12-09,polling,margin,pct,4.2722,3.074,6.598,spread,7
2025-12-09,academic,margin,pct,4.736,-1.68,12.7,spread,5
2025-12-10,polling,margin,pct,4.2131,2.927,6.598,spread,7
2025-12-10,academic,margin,pct,4.724,-1.68,12.7,spread,5
2025-12-11,polling,margin,pct,4.1771,2.942,6.598,spread,7
2025-12-11,academic,margin,pct,4.728,-1.68,12.7,spread,5
2025-12-12,polling,margin,pct,4.1771,2.942,6.598,spread,7
2025-12-12,academic,margin,pct,4.728,-1.68,12.7,spread,5
2025-12-13,polling,margin,pct,4.1914,2.942,6.598,spread,7
2025-12-13,academic,margin,pct,4.732,-1.68,12.7,spread,5
2025-12-14,polling,margin,pct,4.198,2.988,6.598,spread,7
2025-12-14,academic,margin,pct,4.732,-1.68,12.7,spread,5
2025-12-15,polling,margin,pct,4.197,2.981,6.598,spread,7
2025-12-15,academic,margin,pct,4.748,-1.68,12.79,spread,5
2025-12-16,polling,margin,pct,4.0211,2.85,6.598,spread,7
2025-12-16,academic,margin,pct,4.736,-1.68,12.79,spread,5
2025-12-17,polling,margin,pct,3.9416,2.8,6.598,spread,7
2025-12-17,academic,margin,pct,4.758,-1.68,12.88,spread,5
2025-12-18,polling,margin,pct,3.7559,2.8,6.598,spread,7
2025-12-18,academic,margin,pct,4.758,-1.68,12.88,spread,5
2025-12-19,polling,margin,pct,3.839,2.7,6.598,spread,7
2025-12-19,academic,margin,pct,4.818,-1.68,12.96,spread,5
2025-12-20,polling,margin,pct,4.5581,3.3,6.598,spread,7
2025-12-20,academic,margin,pct,4.822,-1.68,12.96,spread,5
2025-12-21,polling,margin,pct,4.6097,3.3,6.598,spread,7
2025-12-21,academic,margin,pct,4.824,-1.68,12.96,spread,5
2025-12-22,polling,margin,pct,4.7211,3.25,6.598,spread,7
2025-12-22,academic,margin,pct,4.82,-1.68,12.96,spread,5
2025-12-23,polling,margin,pct,4.7354,3.25,6.598,spread,7
2025-12-23,academic,margin,pct,4.838,-1.68,13.05,spread,5
2025-12-24,polling,margin,pct,4.7354,3.25,6.598,spread,7
2025-12-24,academic,margin,pct,4.838,-1.68,13.05,spread,5
2025-12-25,polling,margin,pct,4.7643,3.552,6.598,spread,7
2025-12-25,academic,margin,pct,4.864,-1.68,13.05,spread,5
2025-12-26,polling,margin,pct,4.6214,3.552,6.598,spread,7
2025-12-26,academic,margin,pct,4.864,-1.68,13.05,spread,5
2025-12-27,polling,margin,pct,4.6214,3.552,6.598,spread,7
2025-12-27,academic,margin,pct,4.864,-1.68,13.05,spread,5
2025-12-28,polling,margin,pct,4.6156,3.511,6.598,spread,7
2025-12-28,academic,margin,pct,4.866,-1.68,13.05,spread,5
2025-12-29,polling,margin,pct,4.6196,3.539,6.598,spread,7
2025-12-29,academic,margin,pct,4.874,-1.68,13.05,spread,5
2025-12-30,polling,margin,pct,4.6196,3.539,6.598,spread,7
2025-12-30,academic,margin,pct,4.874,-1.68,13.05,spread,5
2025-12-31,polling,margin,pct,4.6334,3.7,6.598,spread,7
2025-12-31,academic,margin,pct,4.892,-1.68,13.05,spread,5
2026-01-01,polling,margin,pct,4.6909,3.8,6.598,spread,7
2026-01-01,academic,margin,pct,4.908,-1.68,12.89,spread,5
2026-01-02,polling,margin,pct,4.6909,3.8,6.598,spread,7
2026-01-02,academic,margin,pct,4.916,-1.68,12.89,spread,5
2026-01-03,polling,margin,pct,4.6837,3.8,6.598,spread,7
2026-01-03,academic,margin,pct,4.906,-1.68,12.89,spread,5
2026-01-04,polling,margin,pct,4.9409,4.0,6.598,spread,7
2026-01-04,academic,margin,pct,4.892,-1.68,12.89,spread,5
2026-01-05,polling,margin,pct,5.0127,4.0,6.598,spread,7
2026-01-05,academic,margin,pct,4.95,-1.68,12.89,spread,5
2026-01-06,polling,margin,pct,5.009,4.0,6.598,spread,7
2026-01-06,academic,margin,pct,4.956,-1.68,12.89,spread,5
2026-01-07,polling,margin,pct,5.0397,4.0,6.598,spread,7
2026-01-07,academic,margin,pct,4.956,-1.68,12.97,spread,5
2026-01-08,polling,margin,pct,4.9851,4.0,6.598,spread,7
2026-01-08,academic,margin,pct,4.938,-1.68,13.06,spread,5
2026-01-09,polling,margin,pct,4.9501,3.653,6.598,spread,7
2026-01-09,academic,margin,pct,4.868,-1.68,13.06,spread,5
2026-01-10,polling,margin,pct,4.9501,3.653,6.598,spread,7
2026-01-10,academic,margin,pct,4.868,-1.68,13.06,spread,5
2026-01-11,polling,margin,pct,4.9354,3.55,6.598,spread,7
2026-01-11,academic,margin,pct,4.858,-1.68,13.06,spread,5
2026-01-12,polling,margin,pct,4.8211,3.75,6.598,spread,7
2026-01-12,academic,margin,pct,4.878,-1.68,13.06,spread,5
2026-01-13,polling,margin,pct,4.7934,3.656,6.598,spread,7
2026-01-13,academic,margin,pct,4.888,-1.68,13.15,spread,5
2026-01-14,polling,margin,pct,4.8466,4.028,6.598,spread,7
2026-01-14,academic,margin,pct,4.922,-1.68,13.15,spread,5
2026-01-15,polling,margin,pct,4.8329,4.132,6.598,spread,7
2026-01-15,academic,margin,pct,4.93,-1.68,13.15,spread,5
2026-01-16,polling,margin,pct,4.5186,3.9,6.598,spread,7
2026-01-16,academic,margin,pct,4.928,-1.68,13.15,spread,5
2026-01-17,polling,margin,pct,4.5247,3.9,6.598,spread,7
2026-01-17,academic,margin,pct,4.932,-1.68,13.15,spread,5
2026-01-18,polling,margin,pct,4.5174,3.9,6.598,spread,7
2026-01-18,academic,margin,pct,4.932,-1.68,13.15,spread,5
2026-01-19,polling,margin,pct,4.5674,3.9,6.598,spread,7
2026-01-19,academic,margin,pct,4.94,-1.68,13.15,spread,5
2026-01-20,polling,margin,pct,4.7197,3.9,6.598,spread,7
2026-01-20,academic,margin,pct,5.004,-1.68,13.24,spread,5
2026-01-21,polling,margin,pct,4.7197,3.9,6.598,spread,7
2026-01-21,academic,margin,pct,5.006,-1.68,13.24,spread,5
2026-01-22,polling,margin,pct,4.9511,4.3,6.598,spread,7
2026-01-22,academic,margin,pct,5.0,-1.68,13.24,spread,5
2026-01-23,polling,margin,pct,5.1083,4.3,6.598,spread,7
2026-01-23,academic,margin,pct,5.002,-1.68,13.24,spread,5
2026-01-24,polling,margin,pct,5.1226,4.3,6.598,spread,7
2026-01-24,academic,margin,pct,5.002,-1.68,13.24,spread,5
2026-01-25,polling,margin,pct,5.0661,4.4,6.598,spread,7
2026-01-25,academic,margin,pct,4.994,-1.68,13.24,spread,5
2026-01-26,polling,margin,pct,5.0741,4.4,6.598,spread,7
2026-01-26,academic,margin,pct,5.004,-1.68,13.24,spread,5
2026-01-27,polling,margin,pct,5.1173,4.4,6.598,spread,7
2026-01-27,academic,margin,pct,5.012,-1.68,13.32,spread,5
2026-01-28,polling,margin,pct,5.0551,4.3,6.598,spread,7
2026-01-28,academic,margin,pct,5.014,-1.68,13.32,spread,5
2026-01-29,polling,margin,pct,5.0633,4.3,6.598,spread,7
2026-01-29,academic,margin,pct,5.022,-1.68,13.32,spread,5
2026-01-30,polling,margin,pct,5.1809,4.4,6.598,spread,7
2026-01-30,academic,margin,pct,5.03,-1.68,13.32,spread,5
2026-01-31,polling,margin,pct,5.188,4.4,6.598,spread,7
2026-01-31,academic,margin,pct,5.03,-1.68,13.32,spread,5
2026-02-01,polling,margin,pct,5.2587,4.3,6.598,spread,7
2026-02-01,academic,margin,pct,5.068,-1.68,13.49,spread,5
2026-02-02,polling,margin,pct,5.2229,4.2,6.598,spread,7
2026-02-02,academic,margin,pct,5.074,-1.68,13.49,spread,5
2026-02-03,polling,margin,pct,5.2494,4.2,6.598,spread,7
2026-02-03,academic,margin,pct,5.08,-1.68,13.49,spread,5
2026-02-04,polling,margin,pct,5.0916,4.1,6.598,spread,7
2026-02-04,academic,margin,pct,5.08,-1.68,13.58,spread,5
2026-02-05,polling,margin,pct,5.09,4.1,6.598,spread,7
2026-02-05,market,margin,pct,7.7938,,,,1
2026-02-05,academic,margin,pct,5.076,-1.68,13.58,spread,5
2026-02-06,polling,margin,pct,5.1186,4.1,6.598,spread,7
2026-02-06,market,margin,pct,7.7938,,,,1
2026-02-06,academic,margin,pct,5.092,-1.68,13.66,spread,5
2026-02-07,polling,margin,pct,5.1167,4.1,6.598,spread,7
2026-02-07,market,margin,pct,7.7245,,,,1
2026-02-07,academic,margin,pct,5.09,-1.68,13.66,spread,5
2026-02-08,polling,margin,pct,5.1354,4.1,6.598,spread,7
2026-02-08,market,margin,pct,7.7245,,,,1
2026-02-08,academic,margin,pct,5.106,-1.68,13.66,spread,5
2026-02-09,polling,margin,pct,5.1431,4.1,6.598,spread,7
2026-02-09,market,margin,pct,7.7245,,,,1
2026-02-09,academic,margin,pct,5.108,-1.68,13.66,spread,5
2026-02-10,polling,margin,pct,5.1131,4.2,6.598,spread,7
2026-02-10,market,margin,pct,7.7245,,,,1
2026-02-10,academic,margin,pct,5.09,-1.68,13.66,spread,5
2026-02-11,polling,margin,pct,5.106,4.1,6.598,spread,7
2026-02-11,market,margin,pct,7.7245,,,,1
2026-02-11,academic,margin,pct,5.094,-1.68,13.66,spread,5
2026-02-12,polling,margin,pct,5.0086,4.0,6.598,spread,7
2026-02-12,market,margin,pct,7.7245,,,,1
2026-02-12,academic,margin,pct,5.052,-1.68,13.66,spread,5
2026-02-13,polling,margin,pct,5.0086,4.0,6.598,spread,7
2026-02-13,market,margin,pct,7.8172,,,,1
2026-02-13,academic,margin,pct,5.054,-1.68,13.66,spread,5
2026-02-14,polling,margin,pct,4.9943,4.0,6.598,spread,7
2026-02-14,market,margin,pct,7.8172,,,,1
2026-02-14,academic,margin,pct,5.054,-1.68,13.66,spread,5
2026-02-15,polling,margin,pct,5.0187,4.0,6.598,spread,7
2026-02-15,market,margin,pct,7.8172,,,,1
2026-02-15,academic,margin,pct,5.07,-1.68,13.66,spread,5
2026-02-16,polling,margin,pct,5.0486,4.0,6.598,spread,7
2026-02-16,market,margin,pct,7.8757,,,,1
2026-02-16,academic,margin,pct,5.088,-1.68,13.66,spread,5
2026-02-17,polling,margin,pct,5.0156,3.5,6.598,spread,7
2026-02-17,market,margin,pct,4.0526,,,,1
2026-02-17,academic,margin,pct,5.09,-1.68,13.66,spread,5
2026-02-18,polling,margin,pct,5.0513,3.5,6.598,spread,7
2026-02-18,market,margin,pct,4.0526,,,,1
2026-02-18,academic,margin,pct,5.09,-1.68,13.66,spread,5
2026-02-19,polling,margin,pct,5.077,3.5,6.598,spread,7
2026-02-19,market,margin,pct,4.0526,,,,1
2026-02-19,academic,margin,pct,5.1,-1.68,13.66,spread,5
2026-02-20,polling,margin,pct,5.2036,4.4,6.598,spread,7
2026-02-20,market,margin,pct,5.0313,4.0526,6.01,spread,2
2026-02-20,academic,margin,pct,5.726,1.36,13.66,spread,5
2026-02-21,polling,margin,pct,5.1821,4.2,6.598,spread,7
2026-02-21,market,margin,pct,5.541,4.9207,6.1613,spread,2
2026-02-21,academic,margin,pct,5.726,1.36,13.66,spread,5
2026-02-22,polling,margin,pct,5.2187,4.2,6.598,spread,7
2026-02-22,market,margin,pct,6.2543,4.8523,7.6564,spread,2
2026-02-22,academic,margin,pct,5.752,1.36,13.66,spread,5
2026-02-23,polling,margin,pct,5.1874,4.2,6.598,spread,7
2026-02-23,market,margin,pct,6.4443,5.239,7.6495,spread,2
2026-02-23,academic,margin,pct,5.724,1.36,13.66,spread,5
2026-02-24,polling,margin,pct,5.4446,4.8,6.598,spread,7
2026-02-24,market,margin,pct,5.4931,3.3367,7.6495,spread,2
2026-02-24,academic,margin,pct,5.72,1.36,13.66,spread,5
2026-02-25,polling,margin,pct,5.4521,4.8,6.598,spread,7
2026-02-25,market,margin,pct,5.826,4.0025,7.6495,spread,2
2026-02-25,academic,margin,pct,5.726,1.36,13.66,spread,5
2026-02-26,polling,margin,pct,5.417,4.621,6.598,spread,7
2026-02-26,market,margin,pct,5.8652,4.0809,7.6495,spread,2
2026-02-26,academic,margin,pct,5.704,1.36,13.66,spread,5
2026-02-27,polling,margin,pct,5.3936,4.507,6.598,spread,7
2026-02-27,market,margin,pct,5.2631,2.8767,7.6495,spread,2
2026-02-27,academic,margin,pct,5.688,1.36,13.66,spread,5
2026-02-28,polling,margin,pct,5.3721,4.507,6.598,spread,7
2026-02-28,market,margin,pct,5.3999,3.1503,7.6495,spread,2
2026-02-28,academic,margin,pct,5.688,1.36,13.66,spread,5
2026-03-01,polling,margin,pct,5.3741,4.521,6.598,spread,7
2026-03-01,market,margin,pct,5.2071,2.7647,7.6495,spread,2
2026-03-01,academic,margin,pct,6.092,1.36,14.66,spread,5
2026-03-02,polling,margin,pct,5.3666,4.468,6.598,spread,7
2026-03-02,market,margin,pct,5.3205,3.0799,7.5612,spread,2
2026-03-02,academic,margin,pct,6.106,1.36,14.75,spread,5
2026-03-03,polling,margin,pct,5.4934,4.356,6.598,spread,7
2026-03-03,market,margin,pct,3.3727,2.92,3.8253,spread,2
2026-03-03,academic,margin,pct,6.094,1.36,14.75,spread,5
2026-03-04,polling,margin,pct,5.4369,4.36,6.598,spread,7
2026-03-04,market,margin,pct,5.3817,4.187,6.5763,spread,2
2026-03-04,academic,margin,pct,6.118,1.36,14.84,spread,5
2026-03-05,polling,margin,pct,5.3154,4.4,6.598,spread,7
2026-03-05,market,margin,pct,4.1107,3.875,4.3465,spread,2
2026-03-05,academic,margin,pct,6.136,1.36,14.84,spread,5
2026-03-06,polling,margin,pct,5.1154,4.4,6.598,spread,7
2026-03-06,market,margin,pct,4.6395,3.875,5.404,spread,2
2026-03-06,academic,margin,pct,6.148,1.36,14.93,spread,5
2026-03-07,polling,margin,pct,5.0726,4.3,6.598,spread,7
2026-03-07,market,margin,pct,6.5373,5.286,7.7885,spread,2
2026-03-07,academic,margin,pct,6.148,1.36,14.93,spread,5
2026-03-08,polling,margin,pct,5.1087,4.4,6.598,spread,7
2026-03-08,market,margin,pct,6.7695,5.719,7.82,spread,2
2026-03-08,academic,margin,pct,6.164,1.36,14.93,spread,5
2026-03-09,polling,margin,pct,5.0527,4.104,6.598,spread,7
2026-03-09,market,margin,pct,6.9582,5.4521,8.4643,spread,2
2026-03-09,academic,margin,pct,6.13,1.36,14.93,spread,5
2026-03-10,polling,margin,pct,5.0365,4.224,6.598,spread,7
2026-03-10,market,margin,pct,5.912,4.4165,7.4074,spread,2
2026-03-10,academic,margin,pct,6.144,1.36,14.93,spread,5
2026-03-11,polling,margin,pct,5.1897,4.13,6.598,spread,7
2026-03-11,market,margin,pct,5.6326,4.7915,6.4737,spread,2
2026-03-11,academic,margin,pct,6.15,1.36,15.01,spread,5
2026-03-12,polling,margin,pct,5.1747,4.125,6.598,spread,7
2026-03-12,market,margin,pct,5.6955,4.9173,6.4737,spread,2
2026-03-12,academic,margin,pct,6.15,1.36,15.01,spread,5
2026-03-13,polling,margin,pct,5.1436,3.907,6.598,spread,7
2026-03-13,market,margin,pct,8.3529,7.7551,8.9506,spread,2
2026-03-13,academic,margin,pct,6.132,1.36,15.01,spread,5
2026-03-14,polling,margin,pct,5.1436,3.907,6.598,spread,7
2026-03-14,market,margin,pct,6.9449,5.4324,8.4574,spread,2
2026-03-14,academic,margin,pct,6.132,1.36,15.01,spread,5
2026-03-15,polling,margin,pct,5.1357,3.852,6.598,spread,7
2026-03-15,market,margin,pct,7.227,6.3428,8.1111,spread,2
2026-03-15,academic,margin,pct,6.128,1.36,15.01,spread,5
2026-03-16,polling,margin,pct,5.165,4.057,6.598,spread,7
2026-03-16,market,margin,pct,9.9312,9.5752,10.2871,spread,2
2026-03-16,academic,margin,pct,6.152,1.36,15.01,spread,5
2026-03-17,polling,margin,pct,4.9909,4.3,6.598,spread,7
2026-03-17,market,margin,pct,8.7823,4.6799,12.8846,spread,2
2026-03-17,academic,margin,pct,6.198,1.36,15.01,spread,5
2026-03-18,polling,margin,pct,4.9777,4.3,6.598,spread,7
2026-03-18,market,margin,pct,6.9269,5.5906,8.2632,spread,2
2026-03-18,academic,margin,pct,6.188,1.36,15.01,spread,5
2026-03-19,polling,margin,pct,4.9943,4.3,6.598,spread,7
2026-03-19,market,margin,pct,7.5185,5.8716,9.1654,spread,2
2026-03-19,academic,margin,pct,6.194,1.36,15.01,spread,5
2026-03-20,polling,margin,pct,4.9985,4.2,6.598,spread,7
2026-03-20,market,margin,pct,7.0898,4.1796,10.0,spread,2
2026-03-20,academic,margin,pct,6.206,1.36,15.01,spread,5
2026-03-21,polling,margin,pct,5.089,4.625,6.598,spread,7
2026-03-21,market,margin,pct,7.3522,5.5698,9.1347,spread,2
2026-03-21,academic,margin,pct,6.206,1.36,15.01,spread,5
2026-03-22,polling,margin,pct,5.0933,4.655,6.598,spread,7
2026-03-22,market,margin,pct,7.016,4.996,9.036,spread,2
2026-03-22,academic,margin,pct,6.208,1.36,15.01,spread,5
2026-03-23,polling,margin,pct,5.0949,4.666,6.598,spread,7
2026-03-23,market,margin,pct,7.0168,4.9264,9.1071,spread,2
2026-03-23,academic,margin,pct,6.214,1.36,15.01,spread,5
2026-03-24,polling,margin,pct,5.1268,4.623,6.598,spread,7
2026-03-24,market,margin,pct,6.927,4.71,9.1441,spread,2
2026-03-24,academic,margin,pct,6.21,1.36,15.01,spread,5
2026-03-25,polling,margin,pct,5.1682,4.5667,6.598,spread,7
2026-03-25,market,margin,pct,6.4725,4.7565,8.1884,spread,2
2026-03-25,academic,margin,pct,6.216,1.36,15.01,spread,5
2026-03-26,polling,margin,pct,5.2263,4.4,6.598,spread,7
2026-03-26,market,margin,pct,7.4105,5.1795,9.6415,spread,2
2026-03-26,academic,margin,pct,6.23,1.36,15.01,spread,5
2026-03-27,polling,margin,pct,5.2525,4.5,6.598,spread,7
2026-03-27,market,margin,pct,7.3345,5.0065,9.6625,spread,2
2026-03-27,academic,margin,pct,6.248,1.36,15.1,spread,5
2026-03-28,polling,margin,pct,5.2787,4.6,6.598,spread,7
2026-03-28,market,margin,pct,7.5329,6.1908,8.875,spread,2
2026-03-28,academic,margin,pct,6.244,1.36,15.1,spread,5
2026-03-29,polling,margin,pct,5.312,4.7,6.598,spread,7
2026-03-29,market,margin,pct,7.2873,6.8098,7.7647,spread,2
2026-03-29,academic,margin,pct,6.248,1.36,15.1,spread,5
2026-03-30,polling,margin,pct,5.3538,4.8,6.598,spread,7
2026-03-30,market,margin,pct,8.2513,8.1694,8.3333,spread,2
2026-03-30,academic,margin,pct,6.26,1.36,15.1,spread,5
2026-03-31,polling,margin,pct,5.3565,4.65,6.598,spread,7
2026-03-31,market,margin,pct,7.2652,5.9882,8.5423,spread,2
2026-03-31,academic,margin,pct,6.262,1.36,15.1,spread,5
2026-04-01,polling,margin,pct,5.3577,4.5,6.598,spread,7
2026-04-01,market,margin,pct,8.6898,8.0431,9.3365,spread,2
2026-04-01,academic,margin,pct,6.242,1.36,15.43,spread,5
2026-04-02,polling,margin,pct,5.3726,4.55,6.598,spread,7
2026-04-02,market,margin,pct,7.2682,6.4429,8.0935,spread,2
2026-04-02,academic,margin,pct,6.242,1.36,15.43,spread,5
2026-04-03,polling,margin,pct,5.4118,4.6,6.598,spread,6
2026-04-03,market,margin,pct,7.4568,6.9231,7.9906,spread,2
2026-04-03,academic,margin,pct,6.242,1.36,15.43,spread,5
2026-04-04,polling,margin,pct,5.3535,4.375,6.598,spread,6
2026-04-04,market,margin,pct,7.5026,6.9429,8.0622,spread,2
2026-04-04,academic,margin,pct,6.242,1.36,15.43,spread,5
2026-04-05,polling,margin,pct,5.2543,4.15,6.598,spread,6
2026-04-05,market,margin,pct,4.1684,0.3661,7.9706,spread,2
2026-04-05,academic,margin,pct,6.218,1.36,15.43,spread,5
2026-04-06,polling,margin,pct,5.1593,3.925,6.598,spread,6
2026-04-06,market,margin,pct,7.0341,6.0976,7.9706,spread,2
2026-04-06,academic,margin,pct,6.196,1.36,15.43,spread,5
2026-04-07,polling,margin,pct,5.0601,3.7,6.598,spread,7
2026-04-07,market,margin,pct,8.7858,8.4494,9.1222,spread,2
2026-04-07,academic,margin,pct,6.148,1.36,15.43,spread,5
2026-04-08,polling,margin,pct,5.0854,3.75,6.598,spread,7
2026-04-08,market,margin,pct,8.6596,8.1971,9.1222,spread,2
2026-04-08,academic,margin,pct,6.15,1.36,15.43,spread,5
2026-04-09,polling,margin,pct,5.1049,3.8,6.598,spread,7
2026-04-09,market,margin,pct,6.3737,5.0895,7.6579,spread,2
2026-04-09,academic,margin,pct,6.154,1.36,15.43,spread,5
2026-04-10,polling,margin,pct,5.1201,3.85,6.598,spread,7
2026-04-10,market,margin,pct,6.3987,5.0895,7.7079,spread,2
2026-04-10,academic,margin,pct,6.152,1.36,15.43,spread,5
2026-04-11,polling,margin,pct,5.1344,3.9,6.598,spread,7
2026-04-11,market,margin,pct,7.3033,6.9341,7.6725,spread,2
2026-04-11,academic,margin,pct,6.156,1.36,15.43,spread,5
2026-04-12,polling,margin,pct,5.1133,3.7,6.598,spread,7
2026-04-12,market,margin,pct,5.5869,3.1447,8.0292,spread,2
2026-04-12,academic,margin,pct,6.186,1.36,15.43,spread,5
2026-04-13,polling,margin,pct,5.0493,3.5,6.598,spread,7
2026-04-13,market,margin,pct,7.3335,6.6706,7.9964,spread,2
2026-04-13,academic,margin,pct,6.18,1.36,15.43,spread,5
2026-04-14,polling,margin,pct,5.0696,3.5,6.598,spread,7
2026-04-14,market,margin,pct,7.2628,6.6706,7.8549,spread,2
2026-04-14,academic,margin,pct,6.198,1.36,15.43,spread,5
2026-04-15,polling,margin,pct,5.0897,3.5,6.598,spread,7
2026-04-15,market,margin,pct,7.6791,7.1818,8.1765,spread,2
2026-04-15,academic,margin,pct,6.212,1.36,15.43,spread,5
2026-04-16,polling,margin,pct,5.124,3.5,6.598,spread,7
2026-04-16,market,margin,pct,7.6008,7.3125,7.8892,spread,2
2026-04-16,academic,margin,pct,6.238,1.36,15.43,spread,5
2026-04-17,polling,margin,pct,5.1204,3.5,6.598,spread,7
2026-04-17,market,margin,pct,7.0401,6.475,7.6052,spread,2
2026-04-17,academic,margin,pct,6.24,1.36,15.43,spread,5
2026-04-18,polling,margin,pct,5.109,3.5,6.598,spread,7
2026-04-18,market,margin,pct,6.6082,5.5752,7.6411,spread,2
2026-04-18,academic,margin,pct,6.234,1.36,15.43,spread,5
2026-04-19,polling,margin,pct,5.1224,3.5,6.598,spread,7
2026-04-19,market,margin,pct,6.6244,5.6572,7.5917,spread,2
2026-04-19,academic,margin,pct,6.246,1.36,15.43,spread,5
2026-04-20,polling,margin,pct,5.1539,3.625,6.598,spread,7
2026-04-20,market,margin,pct,8.0709,7.82,8.3217,spread,2
2026-04-20,academic,margin,pct,6.246,1.36,15.43,spread,5
2026-04-21,polling,margin,pct,5.2039,3.75,6.598,spread,7
2026-04-21,market,margin,pct,7.8467,7.5561,8.1373,spread,2
2026-04-21,academic,margin,pct,6.248,1.36,15.43,spread,5
2026-04-22,polling,margin,pct,5.2539,3.875,6.598,spread,7
2026-04-22,market,margin,pct,6.9911,6.5679,7.4144,spread,2
2026-04-22,academic,margin,pct,6.248,1.36,15.43,spread,5
2026-04-23,polling,margin,pct,5.3057,4.0,6.598,spread,7
2026-04-23,market,margin,pct,6.8159,6.1296,7.5022,spread,2
2026-04-23,academic,margin,pct,6.248,1.36,15.43,spread,5
2026-04-24,polling,margin,pct,5.328,4.2,6.598,spread,7
2026-04-24,market,margin,pct,6.9191,6.0284,7.8097,spread,2
2026-04-24,academic,margin,pct,6.248,1.36,15.43,spread,5
2026-04-25,polling,margin,pct,5.353,4.4,6.598,spread,7
2026-04-25,market,margin,pct,6.5085,5.9735,7.0435,spread,2
2026-04-25,academic,margin,pct,6.248,1.36,15.43,spread,5
2026-04-26,polling,margin,pct,5.3574,4.4,6.598,spread,7
2026-04-26,market,margin,pct,6.7572,5.9092,7.6051,spread,2
2026-04-26,academic,margin,pct,6.25,1.36,15.43,spread,5
2026-04-27,polling,margin,pct,5.3569,4.4,6.598,spread,7
2026-04-27,market,margin,pct,6.5603,5.3944,7.7262,spread,2
2026-04-27,academic,margin,pct,6.252,1.36,15.43,spread,5
2026-04-28,polling,margin,pct,5.4497,4.825,6.598,spread,7
2026-04-28,market,margin,pct,6.9076,5.7255,8.0896,spread,2
2026-04-28,academic,margin,pct,6.268,1.36,15.52,spread,5
2026-04-29,polling,margin,pct,5.5426,4.9,6.598,spread,7
2026-04-29,market,margin,pct,5.59,3.1384,8.0416,spread,2
2026-04-29,academic,margin,pct,6.268,1.36,15.52,spread,5
2026-04-30,polling,margin,pct,5.6867,4.975,6.598,spread,7
2026-04-30,market,margin,pct,6.4459,5.7952,7.0965,spread,2
2026-04-30,academic,margin,pct,6.298,1.32,15.52,spread,5
2026-05-01,polling,margin,pct,5.7796,5.0,6.598,spread,7
2026-05-01,market,margin,pct,5.4092,3.6636,7.1547,spread,2
2026-05-01,academic,margin,pct,6.528,1.32,16.19,spread,5
2026-05-02,polling,margin,pct,5.7165,4.95,6.598,spread,7
2026-05-02,market,margin,pct,6.7145,6.0369,7.3921,spread,2
2026-05-02,academic,margin,pct,6.528,1.32,16.19,spread,5
2026-05-03,polling,margin,pct,5.6057,4.9,6.598,spread,7
2026-05-03,market,margin,pct,6.803,6.4631,7.1429,spread,2
2026-05-03,academic,margin,pct,6.496,1.32,16.19,spread,5
2026-05-04,polling,margin,pct,5.5233,4.79,6.598,spread,7
2026-05-04,market,margin,pct,6.8758,6.7162,7.0353,spread,2
2026-05-04,academic,margin,pct,6.48,1.32,16.19,spread,5
2026-05-05,polling,margin,pct,5.4659,4.8,6.598,spread,7
2026-05-05,market,margin,pct,5.9252,5.2032,6.6471,spread,2
2026-05-05,academic,margin,pct,6.478,1.32,16.19,spread,5
2026-05-06,polling,margin,pct,5.5282,4.9,6.598,spread,7
2026-05-06,market,margin,pct,5.2944,4.3574,6.2315,spread,2
2026-05-06,academic,margin,pct,6.488,1.32,16.19,spread,5
2026-05-07,polling,margin,pct,5.6061,4.9,6.598,spread,7
2026-05-07,market,margin,pct,5.6567,4.7139,6.5996,spread,2
2026-05-07,academic,margin,pct,6.45,1.32,16.19,spread,5
2026-05-08,polling,margin,pct,5.6347,5.1,6.598,spread,7
2026-05-08,market,margin,pct,5.6753,4.7482,6.6024,spread,2
2026-05-08,academic,margin,pct,6.45,1.32,16.19,spread,5
2026-05-09,polling,margin,pct,5.6693,5.187,6.598,spread,7
2026-05-09,market,margin,pct,5.3075,4.0864,6.5286,spread,2
2026-05-09,academic,margin,pct,6.454,1.32,16.19,spread,5
2026-05-10,polling,margin,pct,5.7637,5.048,6.598,spread,7
2026-05-10,market,margin,pct,5.7656,4.9508,6.5803,spread,2
2026-05-10,academic,margin,pct,6.438,1.32,16.19,spread,5
2026-05-11,polling,margin,pct,5.9009,5.208,6.598,spread,7
2026-05-11,market,margin,pct,5.3091,3.9481,6.6701,spread,2
2026-05-11,academic,margin,pct,6.452,1.32,16.19,spread,5
2026-05-12,polling,margin,pct,6.0151,5.208,6.725,spread,7
2026-05-12,market,margin,pct,5.2576,3.8477,6.6675,spread,2
2026-05-12,academic,margin,pct,6.452,1.32,16.19,spread,5
2026-05-13,polling,margin,pct,6.1294,5.208,7.2,spread,7
2026-05-13,market,margin,pct,5.5147,4.332,6.6975,spread,2
2026-05-13,academic,margin,pct,6.452,1.32,16.19,spread,5
2026-05-14,polling,margin,pct,6.12,5.217,6.975,spread,7
2026-05-14,market,margin,pct,5.8561,5.0658,6.6464,spread,2
2026-05-14,academic,margin,pct,6.454,1.32,16.19,spread,5
2026-05-15,polling,margin,pct,6.1423,5.3,6.75,spread,7
2026-05-15,market,margin,pct,5.9763,5.228,6.7246,spread,2
2026-05-15,academic,margin,pct,6.496,1.32,16.28,spread,5
2026-05-16,polling,margin,pct,6.1316,5.3,6.6,spread,7
2026-05-16,market,margin,pct,6.0195,5.5625,6.4765,spread,2
2026-05-16,academic,margin,pct,6.496,1.32,16.28,spread,5
2026-05-17,polling,margin,pct,6.133,5.3,6.6,spread,7
2026-05-17,market,margin,pct,6.1704,5.5041,6.8366,spread,2
2026-05-17,academic,margin,pct,6.506,1.32,16.28,spread,5
2026-05-18,polling,margin,pct,6.2786,5.35,6.8,spread,7
2026-05-18,market,margin,pct,6.0334,5.5297,6.5371,spread,2
2026-05-18,academic,margin,pct,6.53,1.32,16.28,spread,5
2026-05-19,polling,margin,pct,6.4076,5.4,7.0,spread,7
2026-05-19,market,margin,pct,6.5315,6.2695,6.7935,spread,2
2026-05-19,academic,margin,pct,6.544,1.32,16.28,spread,5
2026-05-20,polling,margin,pct,6.5106,5.55,7.15,spread,7
2026-05-20,market,margin,pct,6.549,6.1594,6.9387,spread,2
2026-05-20,academic,margin,pct,6.566,1.32,16.28,spread,5
2026-05-21,polling,margin,pct,6.5701,5.7,7.4,spread,7
2026-05-21,market,margin,pct,6.5782,6.1237,7.0326,spread,2
2026-05-21,academic,margin,pct,6.558,1.32,16.28,spread,5
2026-05-22,polling,margin,pct,6.6208,5.775,7.375,spread,7
2026-05-22,market,margin,pct,6.5678,6.0239,7.1116,spread,2
2026-05-22,academic,margin,pct,6.562,1.32,16.28,spread,5
2026-05-23,polling,margin,pct,6.6654,5.85,7.4,spread,7
2026-05-23,market,margin,pct,6.5451,6.1538,6.9365,spread,2
2026-05-23,academic,margin,pct,6.562,1.32,16.28,spread,5
2026-05-24,polling,margin,pct,6.7208,5.925,7.55,spread,7
2026-05-24,market,margin,pct,6.7707,6.2214,7.32,spread,2
2026-05-24,academic,margin,pct,6.568,1.32,16.28,spread,5
2026-05-25,polling,margin,pct,6.8059,6.0,7.7,spread,7
2026-05-25,market,margin,pct,6.6735,6.2744,7.0726,spread,2
2026-05-25,academic,margin,pct,6.6,1.32,16.28,spread,5
2026-05-26,polling,margin,pct,6.8614,5.994,7.8,spread,7
2026-05-26,market,margin,pct,6.4183,6.2204,6.6162,spread,2
2026-05-26,academic,margin,pct,6.568,1.32,16.28,spread,5
2026-05-27,polling,margin,pct,6.9441,5.886,7.9,spread,7
2026-05-27,market,margin,pct,6.563,6.1741,6.9518,spread,2
2026-05-27,academic,margin,pct,6.556,1.32,16.28,spread,5
2026-05-28,polling,margin,pct,6.9882,5.507,8.0,spread,7
2026-05-28,market,margin,pct,7.0594,6.1106,8.0082,spread,2
2026-05-28,academic,margin,pct,6.518,1.32,16.28,spread,5
2026-05-29,polling,margin,pct,7.0864,5.507,8.1,spread,7
2026-05-29,market,margin,pct,6.6822,6.1354,7.2291,spread,2
2026-05-29,academic,margin,pct,6.534,1.32,16.36,spread,5
2026-05-30,polling,margin,pct,7.1007,5.507,8.1,spread,7
2026-05-30,market,margin,pct,6.9787,6.136,7.8214,spread,2
2026-05-30,academic,margin,pct,6.534,1.32,16.36,spread,5
2026-05-31,polling,margin,pct,7.1206,5.546,8.1,spread,7
2026-05-31,market,margin,pct,6.677,6.1562,7.1978,spread,2
2026-05-31,academic,margin,pct,6.538,1.32,16.36,spread,5
2026-06-01,polling,margin,pct,6.9961,5.475,7.9,spread,7
2026-06-01,market,margin,pct,6.4836,6.1967,6.7705,spread,2
2026-06-01,academic,margin,pct,6.412,1.32,15.03,spread,5
2026-06-02,polling,margin,pct,6.9877,5.516,7.9,spread,7
2026-06-02,market,margin,pct,6.7354,6.1682,7.3026,spread,2
2026-06-02,academic,margin,pct,6.41,1.32,15.03,spread,5
2026-06-03,polling,margin,pct,6.8161,5.515,7.6,spread,7
2026-06-03,market,margin,pct,6.5427,6.2674,6.8181,spread,2
2026-06-03,academic,margin,pct,6.402,1.32,15.03,spread,5
2026-06-04,polling,margin,pct,6.6384,5.471,7.3,spread,7
2026-06-04,market,margin,pct,6.7961,6.2598,7.3324,spread,2
2026-06-04,academic,margin,pct,6.398,1.32,15.03,spread,5
2026-06-05,polling,margin,pct,6.4343,5.242,7.0,spread,7
2026-06-05,market,margin,pct,6.7591,6.2653,7.253,spread,2
2026-06-05,academic,margin,pct,6.374,1.32,15.03,spread,5
2026-06-06,polling,margin,pct,6.2619,5.235,6.8,spread,7
2026-06-06,market,margin,pct,6.5176,6.2394,6.7958,spread,2
2026-06-06,academic,margin,pct,6.372,1.32,15.03,spread,5
2026-06-07,polling,margin,pct,6.222,5.106,6.8,spread,7
2026-06-07,market,margin,pct,6.9375,6.1759,7.699,spread,2
2026-06-07,academic,margin,pct,6.352,1.32,15.03,spread,5
2026-06-08,polling,margin,pct,6.2076,5.155,6.8,spread,7
2026-06-08,market,margin,pct,6.8479,6.1276,7.5681,spread,2
2026-06-08,academic,margin,pct,6.362,1.32,15.03,spread,5
2026-06-09,polling,margin,pct,6.0336,5.054,6.6833,spread,7
2026-06-09,market,margin,pct,6.7837,6.1232,7.4442,spread,2
2026-06-09,academic,margin,pct,6.35,1.32,15.03,spread,5
2026-06-10,polling,margin,pct,5.8361,4.788,6.598,spread,7
2026-06-10,market,margin,pct,6.8179,6.1724,7.4634,spread,2
2026-06-10,academic,margin,pct,6.322,1.32,15.03,spread,5
2026-06-11,polling,margin,pct,5.8194,4.788,6.598,spread,7
2026-06-11,market,margin,pct,6.9605,6.3523,7.5688,spread,2
2026-06-11,academic,margin,pct,6.322,1.32,15.03,spread,5
2026-06-12,polling,margin,pct,5.789,4.692,6.598,spread,7
2026-06-12,market,margin,pct,7.0713,6.3559,7.7866,spread,2
2026-06-12,academic,margin,pct,6.314,1.32,15.03,spread,5
2026-06-13,polling,margin,pct,5.7224,4.692,6.598,spread,7
2026-06-13,market,margin,pct,7.1013,6.3434,7.8592,spread,2
2026-06-13,academic,margin,pct,6.314,1.32,15.03,spread,5
2026-06-14,polling,margin,pct,5.6654,4.76,6.598,spread,7
2026-06-14,market,margin,pct,7.1558,6.5852,7.7264,spread,2
2026-06-14,academic,margin,pct,6.32,1.32,15.03,spread,5
2026-06-15,polling,margin,pct,5.6389,4.574,6.598,spread,7
2026-06-15,market,margin,pct,7.208,6.7588,7.6571,spread,2
2026-06-15,academic,margin,pct,6.298,1.32,15.03,spread,5
2026-06-16,polling,margin,pct,5.6797,4.86,6.598,spread,7
2026-06-16,market,margin,pct,7.1471,6.6119,7.6823,spread,2
2026-06-16,academic,margin,pct,6.328,1.32,15.03,spread,5
2026-06-17,polling,margin,pct,5.6759,4.833,6.598,spread,7
2026-06-17,market,margin,pct,7.2784,6.8877,7.6691,spread,2
2026-06-17,academic,margin,pct,6.326,1.32,15.03,spread,5
2026-06-18,polling,margin,pct,5.675,4.827,6.598,spread,7
2026-06-18,market,margin,pct,7.1235,6.674,7.573,spread,2
2026-06-18,academic,margin,pct,6.324,1.32,15.03,spread,5
2026-06-19,polling,margin,pct,5.6083,4.827,6.598,spread,7
2026-06-19,market,margin,pct,7.0702,6.6656,7.4748,spread,2
2026-06-19,academic,margin,pct,6.324,1.32,15.03,spread,5
2026-06-20,polling,margin,pct,5.5417,4.827,6.598,spread,7
2026-06-20,market,margin,pct,6.8647,6.6722,7.0573,spread,2
2026-06-20,academic,margin,pct,6.332,1.32,15.03,spread,5
2026-06-21,polling,margin,pct,5.4937,4.958,6.598,spread,7
2026-06-21,market,margin,pct,6.9773,6.6792,7.2755,spread,2
2026-06-21,academic,margin,pct,6.352,1.32,15.03,spread,5
2026-06-22,polling,margin,pct,5.4425,4.8,6.598,spread,7
2026-06-22,market,margin,pct,7.0635,6.706,7.421,spread,2
2026-06-22,academic,margin,pct,6.36,1.32,15.03,spread,5
2026-06-23,polling,margin,pct,5.4087,4.8,6.598,spread,7
2026-06-23,market,margin,pct,6.7289,6.6522,6.8056,spread,2
2026-06-23,academic,margin,pct,6.346,1.32,15.03,spread,5
2026-06-24,polling,margin,pct,5.3923,4.8,6.598,spread,7
2026-06-24,market,margin,pct,7.0027,6.5454,7.4601,spread,2
2026-06-24,academic,margin,pct,6.34,1.32,15.03,spread,5
2026-06-25,polling,margin,pct,5.433,4.883,6.598,spread,7
2026-06-25,market,margin,pct,6.9072,6.4874,7.327,spread,2
2026-06-25,academic,margin,pct,6.344,1.32,15.03,spread,5
2026-06-26,polling,margin,pct,5.5037,5.1,6.598,spread,7
2026-06-26,market,margin,pct,6.9207,6.4722,7.3691,spread,2
2026-06-26,academic,margin,pct,6.364,1.32,15.03,spread,5
2026-06-27,polling,margin,pct,5.5044,5.1,6.598,spread,7
2026-06-27,market,margin,pct,6.9238,6.4803,7.3674,spread,2
2026-06-27,academic,margin,pct,6.366,1.32,15.03,spread,5
2026-06-28,polling,margin,pct,5.5271,5.1,6.598,spread,7
2026-06-28,market,margin,pct,6.5062,6.4855,6.5269,spread,2
2026-06-28,academic,margin,pct,6.382,1.32,15.03,spread,5
2026-06-29,polling,margin,pct,5.5161,5.0,6.598,spread,7
2026-06-29,market,margin,pct,6.4015,6.3147,6.4882,spread,2
2026-06-29,academic,margin,pct,6.36,1.32,15.03,spread,5
2026-06-30,polling,margin,pct,5.551,4.8,6.598,spread,7
2026-06-30,market,margin,pct,7.1219,6.4874,7.7563,spread,2
2026-06-30,academic,margin,pct,6.374,1.32,15.03,spread,5
2026-07-01,polling,margin,pct,5.6205,4.9667,6.598,spread,7
2026-07-01,market,margin,pct,6.9121,6.5461,7.2781,spread,2
2026-07-01,academic,margin,pct,6.386,1.32,15.03,spread,5
2026-07-02,polling,margin,pct,5.7122,5.1333,6.598,spread,7
2026-07-02,market,margin,pct,7.2871,6.5618,8.0124,spread,2
2026-07-02,academic,margin,pct,6.398,1.32,15.03,spread,5
2026-07-03,polling,margin,pct,5.7827,5.281,6.598,spread,7
2026-07-03,market,margin,pct,7.0202,6.5989,7.4415,spread,2
2026-07-03,academic,margin,pct,6.4,1.32,15.03,spread,5
2026-07-04,polling,margin,pct,5.7817,5.274,6.598,spread,7
2026-07-04,market,margin,pct,6.9178,6.6153,7.2204,spread,2
2026-07-04,academic,margin,pct,6.392,1.32,15.03,spread,5
2026-07-05,polling,margin,pct,5.7744,5.223,6.598,spread,7
2026-07-05,market,margin,pct,6.8072,6.6095,7.005,spread,2
2026-07-05,academic,margin,pct,6.386,1.32,15.03,spread,5
2026-07-06,polling,margin,pct,5.77,5.192,6.598,spread,7
2026-07-06,market,margin,pct,6.516,6.4937,6.5384,spread,2
2026-07-06,academic,margin,pct,6.242,1.32,15.03,spread,5
2026-07-07,polling,margin,pct,5.7517,5.064,6.598,spread,7
2026-07-07,market,margin,pct,6.6841,6.492,6.8762,spread,2
2026-07-07,academic,margin,pct,6.226,1.32,15.03,spread,5
2026-07-08,polling,margin,pct,5.7587,5.113,6.598,spread,7
2026-07-08,market,margin,pct,6.8141,6.4718,7.1565,spread,2
2026-07-08,academic,margin,pct,6.232,1.32,15.03,spread,5
2026-07-09,polling,margin,pct,5.7623,5.113,6.598,spread,7
2026-07-09,market,margin,pct,6.7372,6.4525,7.022,spread,2
2026-07-09,academic,margin,pct,6.232,1.32,15.03,spread,5
2026-07-10,polling,margin,pct,5.7473,4.983,6.598,spread,7
2026-07-10,market,margin,pct,6.9516,6.4776,7.4255,spread,2
2026-07-10,academic,margin,pct,6.228,1.32,15.03,spread,5
2026-07-11,polling,margin,pct,5.7509,4.983,6.598,spread,7
2026-07-11,market,margin,pct,6.6879,6.4742,6.9017,spread,2
2026-07-11,academic,margin,pct,6.228,1.32,15.03,spread,5
2026-07-12,polling,margin,pct,5.7223,4.758,6.598,spread,7
2026-07-12,market,margin,pct,5.1472,3.8235,6.471,spread,2
2026-07-12,academic,margin,pct,6.21,1.32,15.03,spread,5
2026-07-13,polling,margin,pct,5.6866,4.508,6.598,spread,7
2026-07-13,market,margin,pct,7.0838,6.5148,7.6529,spread,2
2026-07-13,academic,margin,pct,6.186,1.32,15.03,spread,5
2026-07-14,polling,margin,pct,5.6827,4.481,6.598,spread,7
2026-07-14,market,margin,pct,5.7481,4.9633,6.5328,spread,2
2026-07-14,academic,margin,pct,6.176,1.32,15.03,spread,5
2026-07-15,polling,margin,pct,5.6827,4.481,6.598,spread,7
2026-07-15,market,margin,pct,6.4049,5.907,6.9028,spread,2
2026-07-15,academic,margin,pct,6.176,1.32,15.03,spread,5
2026-07-16,polling,margin,pct,5.6827,4.481,6.598,spread,7
2026-07-16,market,margin,pct,6.9589,6.925,6.9928,spread,2
2026-07-16,academic,margin,pct,6.178,1.32,15.03,spread,5
2026-07-17,polling,margin,pct,5.6881,4.519,6.598,spread,7
2026-07-17,market,margin,pct,7.1647,6.9887,7.3408,spread,2
2026-07-17,academic,margin,pct,6.178,1.32,15.03,spread,5
2026-07-18,polling,margin,pct,5.6881,4.519,6.598,spread,7
2026-07-18,market,margin,pct,6.85,6.7135,6.9866,spread,2
2026-07-18,academic,margin,pct,6.178,1.32,15.03,spread,5
2026-07-19,polling,margin,pct,5.3438,3.95,6.598,spread,7
2026-07-19,market,margin,pct,4.6885,2.377,7.0,spread,2
2026-07-19,academic,margin,pct,6.166,1.32,15.03,spread,5
2026-07-20,polling,margin,pct,5.1388,3.0,6.598,spread,7
2026-07-20,market,margin,pct,7.0014,6.9641,7.0386,spread,2
2026-07-20,academic,margin,pct,6.258,1.32,15.03,spread,5
2026-07-21,polling,margin,pct,5.228,3.375,6.598,spread,7
2026-07-21,market,margin,pct,7.2137,7.0302,7.3972,spread,2
2026-07-21,academic,margin,pct,6.26,1.32,15.12,spread,5
2026-07-22,polling,margin,pct,5.3657,3.75,6.598,spread,7
2026-07-22,market,margin,pct,7.1973,7.0543,7.3402,spread,2
2026-07-22,academic,margin,pct,6.276,1.32,15.12,spread,5
2026-07-23,polling,margin,pct,5.4596,4.125,6.598,spread,7
2026-07-23,market,margin,pct,7.1733,6.9962,7.3504,spread,2
2026-07-23,academic,margin,pct,6.262,1.32,15.12,spread,5
2026-07-24,polling,margin,pct,5.582,4.5,6.598,spread,7
2026-07-24,market,margin,pct,7.1748,6.9635,7.3861,spread,2
2026-07-24,academic,margin,pct,6.266,1.32,15.12,spread,5
2026-07-25,polling,margin,pct,5.5729,4.3667,6.598,spread,7
2026-07-25,market,margin,pct,7.096,6.9635,7.2284,spread,2
2026-07-25,academic,margin,pct,6.266,1.32,15.12,spread,5
2026-07-26,polling,margin,pct,5.5602,4.2333,6.598,spread,7
2026-07-26,market,margin,pct,7.154,6.9729,7.3352,spread,2
2026-07-26,academic,margin,pct,6.26,1.32,15.12,spread,5
2026-07-27,polling,margin,pct,5.5821,4.1,6.598,spread,7
2026-07-27,market,margin,pct,7.1822,7.0748,7.2897,spread,2
2026-07-27,academic,margin,pct,6.29,1.32,15.12,spread,5
2026-07-28,polling,margin,pct,5.585,4.1,6.598,spread,7
2026-07-28,market,margin,pct,7.2544,7.2102,7.2986,spread,2
2026-07-28,academic,margin,pct,6.296,1.32,15.12,spread,5
2026-07-29,polling,margin,pct,5.6091,4.2,6.598,spread,7
2026-07-29,market,margin,pct,7.5183,7.3614,7.6751,spread,2
2026-07-29,academic,margin,pct,6.294,1.32,15.12,spread,5
2026-07-30,polling,margin,pct,5.6306,4.3,6.598,spread,7
2026-07-30,market,margin,pct,7.3679,7.3142,7.4216,spread,2
2026-07-30,academic,margin,pct,6.294,1.32,15.12,spread,5
2026-07-31,polling,margin,pct,5.8683,4.8,6.598,spread,7
2026-07-31,market,margin,pct,7.4104,7.3218,7.4991,spread,2
2026-07-31,academic,margin,pct,6.4,1.78,15.12,spread,5
2026-08-01,polling,margin,pct,6.0897,5.3,6.7,spread,7
2026-08-01,market,margin,pct,7.3822,7.2773,7.4872,spread,2
2026-08-01,academic,margin,pct,6.384,1.78,15.12,spread,5
2026-08-02,polling,margin,pct,6.3,5.752,6.7,spread,7
2026-08-02,market,margin,pct,7.3872,7.2812,7.4932,spread,2
2026-08-02,academic,margin,pct,6.406,1.78,15.12,spread,5
2026-08-03,polling,margin,pct,6.5043,5.932,6.9,spread,7
2026-08-03,market,margin,pct,7.4419,7.3924,7.4913,spread,2
2026-08-03,academic,margin,pct,6.418,1.78,15.12,spread,5
2026-08-04,polling,margin,pct,6.5301,5.996,7.05,spread,7
2026-08-04,market,margin,pct,7.5266,7.3763,7.6768,spread,2
2026-08-04,academic,margin,pct,6.424,1.78,15.12,spread,5
2026-08-05,polling,margin,pct,6.5742,6.1,7.2,spread,7
2026-08-05,market,margin,pct,7.5229,7.4197,7.6261,spread,2
2026-08-05,academic,margin,pct,6.46,1.78,15.21,spread,5
2026-08-06,polling,margin,pct,6.598,6.188,7.15,spread,7
2026-08-06,market,margin,pct,7.6239,7.5568,7.691,spread,2
2026-08-06,academic,margin,pct,6.46,1.78,15.21,spread,5
2026-08-07,polling,margin,pct,6.611,6.112,7.1,spread,7
2026-08-07,market,margin,pct,7.574,7.4223,7.7258,spread,2
2026-08-07,academic,margin,pct,6.456,1.78,15.21,spread,5
2026-08-08,polling,margin,pct,6.6348,6.112,7.05,spread,7
2026-08-08,market,margin,pct,7.6286,7.444,7.8131,spread,2
2026-08-08,academic,margin,pct,6.456,1.78,15.21,spread,5
2026-08-09,polling,margin,pct,6.6837,6.288,7.0,spread,7
2026-08-09,market,margin,pct,7.654,7.4706,7.8374,spread,2
2026-08-09,academic,margin,pct,6.476,1.78,15.21,spread,5
2026-08-10,polling,margin,pct,6.5726,5.51,7.0,spread,7
2026-08-10,market,margin,pct,7.6751,7.456,7.8941,spread,2
2026-08-10,academic,margin,pct,6.388,1.78,15.21,spread,5
2026-08-11,polling,margin,pct,6.6011,5.71,7.0,spread,7
2026-08-11,market,margin,pct,7.6696,7.3676,7.9716,spread,2
2026-08-11,academic,margin,pct,6.414,1.78,15.21,spread,5
2026-08-12,polling,margin,pct,6.5689,5.484,7.0,spread,7
2026-08-12,market,margin,pct,7.6408,7.3861,7.8954,spread,2
2026-08-12,academic,margin,pct,6.398,1.78,15.21,spread,5
2026-08-13,polling,margin,pct,6.5689,5.484,7.0,spread,7
2026-08-13,market,margin,pct,7.6181,7.3731,7.8631,spread,2
2026-08-13,academic,margin,pct,6.398,1.78,15.21,spread,5
2026-08-14,polling,margin,pct,6.5069,5.4,6.95,spread,7
2026-08-14,market,margin,pct,8.0445,7.3848,8.7042,spread,2
2026-08-14,academic,margin,pct,6.39,1.78,15.21,spread,5
2026-08-15,polling,margin,pct,6.4569,5.4,6.9,spread,7
2026-08-15,market,margin,pct,7.5788,7.3407,7.8169,spread,2
2026-08-15,academic,margin,pct,6.392,1.78,15.21,spread,5
2026-08-16,polling,margin,pct,6.4177,5.476,6.85,spread,7
2026-08-16,market,margin,pct,7.5593,7.2022,7.9163,spread,2
2026-08-16,academic,margin,pct,6.398,1.78,15.21,spread,5
2026-08-17,polling,margin,pct,6.3659,5.463,6.8,spread,7
2026-08-17,market,margin,pct,7.6102,7.36,7.8604,spread,2
2026-08-17,academic,margin,pct,6.394,1.78,15.21,spread,5
2026-08-18,polling,margin,pct,6.3659,5.463,6.8,spread,7
2026-08-18,market,margin,pct,7.5727,7.2731,7.8722,spread,2
2026-08-18,academic,margin,pct,6.394,1.78,15.21,spread,5
2026-08-19,polling,margin,pct,6.3659,5.463,6.8,spread,7
2026-08-19,market,margin,pct,7.6872,7.3593,8.0151,spread,2
2026-08-19,academic,margin,pct,6.4,1.78,15.21,spread,5
2026-08-20,polling,margin,pct,6.3476,5.463,6.8,spread,7
2026-08-20,market,margin,pct,7.7597,7.4651,8.0543,spread,2
2026-08-20,academic,margin,pct,6.4,1.78,15.21,spread,5
2026-08-21,polling,margin,pct,6.1661,5.463,6.5,spread,7
2026-08-21,market,margin,pct,7.7204,7.6082,7.8327,spread,2
2026-08-21,academic,margin,pct,6.4,1.78,15.21,spread,5
2026-08-22,polling,margin,pct,6.1661,5.463,6.5,spread,7
2026-08-22,market,margin,pct,7.6729,7.6382,7.7075,spread,2
2026-08-22,academic,margin,pct,6.4,1.78,15.21,spread,5
2026-08-23,polling,margin,pct,6.177,5.539,6.5,spread,7
2026-08-23,market,margin,pct,7.6972,7.6292,7.7652,spread,2
2026-08-23,academic,margin,pct,6.406,1.78,15.21,spread,5
2026-08-24,polling,margin,pct,6.1961,5.668,6.505,spread,7
2026-08-24,market,margin,pct,7.7034,7.593,7.8137,spread,2
2026-08-24,academic,margin,pct,6.424,1.78,15.21,spread,5
2026-08-25,polling,margin,pct,6.232,5.841,6.583,spread,7
2026-08-25,market,margin,pct,7.6829,7.58,7.7857,spread,2
2026-08-25,academic,margin,pct,6.704,1.78,16.26,spread,5
2026-08-26,polling,margin,pct,6.198,5.519,6.667,spread,7
2026-08-26,market,margin,pct,7.5901,7.4448,7.7354,spread,2
2026-08-26,academic,margin,pct,6.692,1.78,16.26,spread,5
2026-08-27,polling,margin,pct,6.0863,5.519,6.485,spread,7
2026-08-27,market,margin,pct,7.65,7.5465,7.7534,spread,2
2026-08-27,academic,margin,pct,6.472,1.78,15.21,spread,5
2026-08-28,polling,margin,pct,6.1051,5.65,6.486,spread,7
2026-08-28,market,margin,pct,7.6284,7.516,7.7409,spread,2
2026-08-28,academic,margin,pct,6.486,1.78,15.21,spread,5
2026-08-29,polling,margin,pct,6.0937,5.65,6.406,spread,7
2026-08-29,market,margin,pct,7.6621,7.5191,7.8051,spread,2
2026-08-29,academic,margin,pct,6.478,1.78,15.21,spread,5
2026-08-30,polling,margin,pct,6.1086,5.753,6.407,spread,7
2026-08-30,market,margin,pct,7.8453,7.7983,7.8924,spread,2
2026-08-30,academic,margin,pct,6.478,1.78,15.21,spread,5
2026-08-31,polling,margin,pct,6.2907,5.964,6.471,spread,7
2026-08-31,market,margin,pct,7.7562,7.7549,7.7575,spread,2
2026-08-31,academic,margin,pct,6.696,1.78,16.26,spread,5
2026-09-01,polling,margin,pct,6.2467,5.494,6.633,spread,7
2026-09-01,market,margin,pct,7.5824,7.5592,7.6057,spread,2
2026-09-01,academic,margin,pct,6.714,1.78,16.27,spread,5
2026-09-02,polling,margin,pct,6.235,5.494,6.551,spread,7
2026-09-02,market,margin,pct,7.521,7.4812,7.5607,spread,2
2026-09-02,academic,margin,pct,6.712,1.78,16.31,spread,5
2026-09-03,polling,margin,pct,6.1214,5.053,6.4,spread,7
2026-09-03,market,margin,pct,7.5235,7.4676,7.5793,spread,2
2026-09-03,academic,margin,pct,6.68,1.78,16.31,spread,5
2026-09-04,polling,margin,pct,6.1344,5.053,6.4,spread,7
2026-09-04,market,margin,pct,7.509,7.3918,7.6262,spread,2
2026-09-04,academic,margin,pct,6.898,1.78,16.32,spread,5
2026-09-05,polling,margin,pct,6.0579,5.217,6.4,spread,7
2026-09-05,market,margin,pct,7.5145,7.4217,7.6072,spread,2
2026-09-05,academic,margin,pct,6.898,1.78,16.32,spread,5
2026-09-06,polling,margin,pct,6.0714,5.312,6.4,spread,7
2026-09-06,market,margin,pct,7.5073,7.4298,7.5848,spread,2
2026-09-06,academic,margin,pct,6.898,1.78,16.32,spread,5
2026-09-07,polling,margin,pct,6.0753,5.192,7.0,spread,7
2026-09-07,market,margin,pct,7.6058,7.5342,7.6774,spread,2
2026-09-07,academic,margin,pct,6.896,1.78,16.3,spread,5
2026-09-08,polling,margin,pct,6.0677,5.108,7.0,spread,7
2026-09-08,market,margin,pct,7.6501,7.5926,7.7076,spread,2
2026-09-08,academic,margin,pct,6.9,1.78,16.3,spread,5
2026-09-09,polling,margin,pct,6.1763,5.492,7.0,spread,7
2026-09-09,market,margin,pct,7.6724,7.6629,7.6819,spread,2
2026-09-09,academic,margin,pct,6.944,1.78,16.36,spread,5
2026-09-10,polling,margin,pct,6.2109,5.492,7.0,spread,7
2026-09-10,market,margin,pct,7.5948,7.5612,7.6284,spread,2
2026-09-10,academic,margin,pct,6.966,1.78,16.36,spread,5
2026-09-11,polling,margin,pct,6.6127,5.8,7.6,spread,7
2026-09-11,market,margin,pct,7.6044,7.5679,7.6409,spread,2
2026-09-11,academic,margin,pct,6.994,1.78,16.28,spread,5
2026-09-12,polling,margin,pct,6.7414,6.15,7.6,spread,7
2026-09-12,market,margin,pct,7.6259,7.6259,7.6259,spread,2
2026-09-12,academic,margin,pct,6.994,1.78,16.28,spread,5
2026-09-13,polling,margin,pct,6.7657,6.32,7.4,spread,7
2026-09-13,market,margin,pct,7.6607,7.6465,7.6749,spread,2
2026-09-13,academic,margin,pct,6.994,1.78,16.28,spread,5
2026-09-14,polling,margin,pct,6.7823,6.407,7.4,spread,7
2026-09-14,market,margin,pct,7.7454,7.6197,7.8712,spread,2
2026-09-14,academic,margin,pct,7.016,1.78,16.45,spread,5
2026-09-15,polling,margin,pct,7.2949,6.7,8.1,spread,7
2026-09-15,market,margin,pct,7.7686,7.5585,7.9786,spread,2
2026-09-15,academic,margin,pct,7.042,1.78,16.41,spread,5
2026-09-16,polling,margin,pct,7.6299,7.039,8.6,spread,7
2026-09-16,market,margin,pct,7.7386,7.5582,7.9189,spread,2
2026-09-16,academic,margin,pct,6.89,1.78,15.82,spread,5
2026-09-17,polling,margin,pct,7.8914,7.2,8.7,spread,7
2026-09-17,market,margin,pct,7.8316,7.5869,8.0763,spread,2
2026-09-17,academic,margin,pct,6.904,1.78,15.83,spread,5
2026-09-18,polling,margin,pct,7.8367,7.2,8.6,spread,7
2026-09-18,market,margin,pct,8.0301,7.7292,8.3311,spread,2
2026-09-18,academic,margin,pct,6.908,1.78,15.83,spread,5
2026-09-19,polling,margin,pct,7.9036,7.2,8.6,spread,7
2026-09-19,market,margin,pct,8.295,8.054,8.536,spread,2
2026-09-19,academic,margin,pct,6.944,1.78,15.83,spread,5
2026-09-20,polling,margin,pct,7.853,7.2,8.524,spread,7
2026-09-20,market,margin,pct,8.0793,7.7022,8.4565,spread,2
2026-09-20,academic,margin,pct,6.944,1.78,15.83,spread,5
2026-09-21,polling,margin,pct,7.8384,7.2,8.377,spread,7
2026-09-21,market,margin,pct,8.2317,7.9513,8.5121,spread,2
2026-09-21,academic,margin,pct,6.934,1.78,15.85,spread,5
2026-09-22,polling,margin,pct,8.1114,7.5,8.933,spread,7
2026-09-22,market,margin,pct,8.2623,7.9103,8.6144,spread,2
2026-09-22,academic,margin,pct,7.014,1.78,15.82,spread,5
2026-09-23,polling,margin,pct,8.1431,7.5,8.957,spread,7
2026-09-23,market,margin,pct,8.4777,8.131,8.8244,spread,2
2026-09-23,academic,margin,pct,6.492,1.05,15.08,spread,5
2026-09-24,polling,margin,pct,8.2607,7.7,9.088,spread,7
2026-09-24,market,margin,pct,8.4907,8.0728,8.9086,spread,2
2026-09-24,academic,margin,pct,6.502,1.05,15.07,spread,5
2026-09-25,polling,margin,pct,8.2437,7.6,9.018,spread,7
2026-09-25,market,margin,pct,8.5036,8.1146,8.8925,spread,2
2026-09-25,academic,margin,pct,6.506,1.05,15.06,spread,5
2026-09-26,polling,margin,pct,8.2581,7.7,9.019,spread,7
2026-09-26,market,margin,pct,8.5137,8.0904,8.9371,spread,2
2026-09-26,academic,margin,pct,6.506,1.05,15.06,spread,5
2026-09-27,polling,margin,pct,8.2557,7.7,9.019,spread,7
2026-09-27,market,margin,pct,8.5197,8.1209,8.9184,spread,2
2026-09-27,academic,margin,pct,6.506,1.05,15.06,spread,5
2026-09-28,polling,margin,pct,8.2817,7.7,9.019,spread,6
2026-09-28,market,margin,pct,8.4983,8.1766,8.8199,spread,2
2026-09-28,academic,margin,pct,6.51,1.05,15.04,spread,5
2026-09-29,polling,margin,pct,8.2642,7.7,9.019,spread,6
2026-09-29,market,margin,pct,8.4126,8.1413,8.684,spread,2
2026-09-29,academic,margin,pct,6.51,1.05,15.04,spread,5
2025-01-20,polling,senate_prob,prob,0.0722,0.0075,0.1117,spread,5
2025-01-20,academic,senate_prob,prob,0.209,0.0255,0.4723,spread,5
2025-01-21,polling,senate_prob,prob,0.0722,0.0075,0.1117,spread,5
2025-01-21,academic,senate_prob,prob,0.2112,0.0255,0.4723,spread,5
2025-01-22,polling,senate_prob,prob,0.0722,0.0075,0.1117,spread,5
2025-01-22,academic,senate_prob,prob,0.2106,0.0255,0.4723,spread,5
2025-01-23,polling,senate_prob,prob,0.0722,0.0075,0.1117,spread,5
2025-01-23,academic,senate_prob,prob,0.2101,0.0255,0.4723,spread,5
2025-01-24,polling,senate_prob,prob,0.0722,0.0075,0.1117,spread,5
2025-01-24,academic,senate_prob,prob,0.2101,0.0255,0.4723,spread,5
2025-01-25,polling,senate_prob,prob,0.0722,0.0075,0.1117,spread,5
2025-01-25,academic,senate_prob,prob,0.2101,0.0255,0.4723,spread,5
2025-01-26,polling,senate_prob,prob,0.0732,0.0123,0.1117,spread,5
2025-01-26,academic,senate_prob,prob,0.2121,0.0255,0.4723,spread,5
2025-01-27,polling,senate_prob,prob,0.0723,0.0081,0.1117,spread,5
2025-01-27,academic,senate_prob,prob,0.2104,0.0255,0.4723,spread,5
2025-01-28,polling,senate_prob,prob,0.0723,0.0081,0.1117,spread,5
2025-01-28,academic,senate_prob,prob,0.1982,0.0255,0.4723,spread,5
2025-01-29,polling,senate_prob,prob,0.0723,0.0081,0.1117,spread,5
2025-01-29,academic,senate_prob,prob,0.1982,0.0255,0.4723,spread,5
2025-01-30,polling,senate_prob,prob,0.0723,0.0081,0.1117,spread,5
2025-01-30,academic,senate_prob,prob,0.1982,0.0255,0.4723,spread,5
2025-01-31,polling,senate_prob,prob,0.0723,0.0081,0.1117,spread,5
2025-01-31,academic,senate_prob,prob,0.1984,0.0255,0.4723,spread,5
2025-02-01,polling,senate_prob,prob,0.0729,0.0112,0.1117,spread,5
2025-02-01,academic,senate_prob,prob,0.1995,0.0255,0.4723,spread,5
2025-02-02,polling,senate_prob,prob,0.0732,0.0124,0.1117,spread,5
2025-02-02,academic,senate_prob,prob,0.1998,0.0255,0.4723,spread,5
2025-02-03,polling,senate_prob,prob,0.0732,0.0124,0.1117,spread,5
2025-02-03,academic,senate_prob,prob,0.1998,0.0255,0.4723,spread,5
2025-02-04,polling,senate_prob,prob,0.0732,0.0124,0.1117,spread,5
2025-02-04,academic,senate_prob,prob,0.1999,0.0255,0.4723,spread,5
2025-02-05,polling,senate_prob,prob,0.0735,0.0141,0.1117,spread,5
2025-02-05,academic,senate_prob,prob,0.2003,0.0255,0.4723,spread,5
2025-02-06,polling,senate_prob,prob,0.0752,0.0226,0.1117,spread,5
2025-02-06,academic,senate_prob,prob,0.2022,0.0255,0.4723,spread,5
2025-02-07,polling,senate_prob,prob,0.0752,0.0226,0.1117,spread,5
2025-02-07,academic,senate_prob,prob,0.2021,0.0255,0.4723,spread,5
2025-02-08,polling,senate_prob,prob,0.0752,0.0226,0.1117,spread,5
2025-02-08,academic,senate_prob,prob,0.2021,0.0255,0.4723,spread,5
2025-02-09,polling,senate_prob,prob,0.0751,0.0221,0.1117,spread,5
2025-02-09,academic,senate_prob,prob,0.2018,0.0255,0.4723,spread,5
2025-02-10,polling,senate_prob,prob,0.0751,0.0221,0.1117,spread,5
2025-02-10,academic,senate_prob,prob,0.202,0.0255,0.4723,spread,5
2025-02-11,polling,senate_prob,prob,0.0751,0.0221,0.1117,spread,5
2025-02-11,academic,senate_prob,prob,0.2023,0.0255,0.4723,spread,5
2025-02-12,polling,senate_prob,prob,0.0751,0.0221,0.1117,spread,5
2025-02-12,academic,senate_prob,prob,0.2023,0.0255,0.4723,spread,5
2025-02-13,polling,senate_prob,prob,0.0753,0.0228,0.1117,spread,5
2025-02-13,academic,senate_prob,prob,0.2025,0.0255,0.4723,spread,5
2025-02-14,polling,senate_prob,prob,0.0753,0.0228,0.1117,spread,5
2025-02-14,academic,senate_prob,prob,0.2025,0.0255,0.4723,spread,5
2025-02-15,polling,senate_prob,prob,0.0753,0.0228,0.1117,spread,5
2025-02-15,academic,senate_prob,prob,0.2025,0.0255,0.4723,spread,5
2025-02-16,polling,senate_prob,prob,0.0753,0.023,0.1117,spread,5
2025-02-16,academic,senate_prob,prob,0.2023,0.0255,0.4723,spread,5
2025-02-17,polling,senate_prob,prob,0.0761,0.0272,0.1117,spread,5
2025-02-17,academic,senate_prob,prob,0.2033,0.0255,0.4723,spread,5
2025-02-18,polling,senate_prob,prob,0.0756,0.0245,0.1117,spread,5
2025-02-18,academic,senate_prob,prob,0.1901,0.0255,0.4723,spread,5
2025-02-19,polling,senate_prob,prob,0.0756,0.0245,0.1117,spread,5
2025-02-19,academic,senate_prob,prob,0.1902,0.0255,0.4723,spread,5
2025-02-20,polling,senate_prob,prob,0.0756,0.0245,0.1117,spread,5
2025-02-20,academic,senate_prob,prob,0.1903,0.0255,0.4723,spread,5
2025-02-21,polling,senate_prob,prob,0.0756,0.0245,0.1117,spread,5
2025-02-21,academic,senate_prob,prob,0.1905,0.0255,0.4723,spread,5
2025-02-22,polling,senate_prob,prob,0.0753,0.0228,0.1117,spread,5
2025-02-22,academic,senate_prob,prob,0.1902,0.0255,0.4723,spread,5
2025-02-23,polling,senate_prob,prob,0.075,0.0213,0.1117,spread,5
2025-02-23,academic,senate_prob,prob,0.1899,0.0255,0.4723,spread,5
2025-02-24,polling,senate_prob,prob,0.075,0.0213,0.1117,spread,5
2025-02-24,academic,senate_prob,prob,0.1898,0.0255,0.4723,spread,5
2025-02-25,polling,senate_prob,prob,0.075,0.0213,0.1117,spread,5
2025-02-25,academic,senate_prob,prob,0.1898,0.0255,0.4723,spread,5
2025-02-26,polling,senate_prob,prob,0.0748,0.0203,0.1117,spread,5
2025-02-26,academic,senate_prob,prob,0.1896,0.0255,0.4723,spread,5
2025-02-27,polling,senate_prob,prob,0.0742,0.0177,0.1117,spread,5
2025-02-27,academic,senate_prob,prob,0.1889,0.0255,0.4723,spread,5
2025-02-28,polling,senate_prob,prob,0.0742,0.0177,0.1117,spread,5
2025-02-28,academic,senate_prob,prob,0.1888,0.0255,0.4723,spread,5
2025-03-01,polling,senate_prob,prob,0.0742,0.0177,0.1117,spread,5
2025-03-01,academic,senate_prob,prob,0.2015,0.0255,0.4723,spread,5
2025-03-02,polling,senate_prob,prob,0.0745,0.0189,0.1117,spread,5
2025-03-02,academic,senate_prob,prob,0.2018,0.0255,0.4723,spread,5
2025-03-03,polling,senate_prob,prob,0.0752,0.0227,0.1117,spread,5
2025-03-03,academic,senate_prob,prob,0.2027,0.0255,0.4723,spread,5
2025-03-04,polling,senate_prob,prob,0.0752,0.0227,0.1117,spread,5
2025-03-04,academic,senate_prob,prob,0.2027,0.0255,0.4723,spread,5
2025-03-05,polling,senate_prob,prob,0.0758,0.0253,0.1117,spread,5
2025-03-05,academic,senate_prob,prob,0.2031,0.0255,0.4723,spread,5
2025-03-06,polling,senate_prob,prob,0.0756,0.0246,0.1117,spread,5
2025-03-06,academic,senate_prob,prob,0.2029,0.0255,0.4723,spread,5
2025-03-07,polling,senate_prob,prob,0.0755,0.024,0.1117,spread,5
2025-03-07,academic,senate_prob,prob,0.2027,0.0255,0.4723,spread,5
2025-03-08,polling,senate_prob,prob,0.0755,0.024,0.1117,spread,5
2025-03-08,academic,senate_prob,prob,0.2027,0.0255,0.4723,spread,5
2025-03-09,polling,senate_prob,prob,0.0761,0.0272,0.1117,spread,5
2025-03-09,academic,senate_prob,prob,0.2033,0.0255,0.4723,spread,5
2025-03-10,polling,senate_prob,prob,0.0768,0.0304,0.1117,spread,5
2025-03-10,academic,senate_prob,prob,0.2038,0.0255,0.4723,spread,5
2025-03-11,polling,senate_prob,prob,0.0779,0.036,0.1117,spread,5
2025-03-11,academic,senate_prob,prob,0.205,0.0255,0.4723,spread,5
2025-03-12,polling,senate_prob,prob,0.0779,0.036,0.1117,spread,5
2025-03-12,academic,senate_prob,prob,0.1938,0.0255,0.4723,spread,5
2025-03-13,polling,senate_prob,prob,0.0778,0.0355,0.1117,spread,5
2025-03-13,academic,senate_prob,prob,0.194,0.0255,0.4723,spread,5
2025-03-14,polling,senate_prob,prob,0.0781,0.0372,0.1117,spread,5
2025-03-14,academic,senate_prob,prob,0.1944,0.0255,0.4723,spread,5
2025-03-15,polling,senate_prob,prob,0.0781,0.0371,0.1117,spread,5
2025-03-15,academic,senate_prob,prob,0.1943,0.0255,0.4723,spread,5
2025-03-16,polling,senate_prob,prob,0.0787,0.0401,0.1117,spread,5
2025-03-16,academic,senate_prob,prob,0.1949,0.0255,0.4723,spread,5
2025-03-17,polling,senate_prob,prob,0.0787,0.0401,0.1117,spread,5
2025-03-17,academic,senate_prob,prob,0.1949,0.0255,0.4723,spread,5
2025-03-18,polling,senate_prob,prob,0.0787,0.04,0.1117,spread,5
2025-03-18,academic,senate_prob,prob,0.1948,0.0255,0.4723,spread,5
2025-03-19,polling,senate_prob,prob,0.0788,0.0403,0.1117,spread,5
2025-03-19,academic,senate_prob,prob,0.1952,0.0255,0.4723,spread,5
2025-03-20,polling,senate_prob,prob,0.0787,0.0402,0.1117,spread,5
2025-03-20,academic,senate_prob,prob,0.1954,0.0255,0.4723,spread,5
2025-03-21,polling,senate_prob,prob,0.0787,0.0401,0.1117,spread,5
2025-03-21,academic,senate_prob,prob,0.1954,0.0255,0.4723,spread,5
2025-03-22,polling,senate_prob,prob,0.0787,0.0401,0.1117,spread,5
2025-03-22,academic,senate_prob,prob,0.1953,0.0255,0.4723,spread,5
2025-03-23,polling,senate_prob,prob,0.0793,0.0431,0.1117,spread,5
2025-03-23,academic,senate_prob,prob,0.1957,0.0255,0.4723,spread,5
2025-03-24,polling,senate_prob,prob,0.0784,0.0385,0.1117,spread,5
2025-03-24,academic,senate_prob,prob,0.1951,0.0255,0.4723,spread,5
2025-03-25,polling,senate_prob,prob,0.0784,0.0384,0.1117,spread,5
2025-03-25,academic,senate_prob,prob,0.195,0.0255,0.4723,spread,5
2025-03-26,polling,senate_prob,prob,0.0779,0.0358,0.1117,spread,5
2025-03-26,academic,senate_prob,prob,0.1945,0.0255,0.4723,spread,5
2025-03-27,polling,senate_prob,prob,0.0778,0.0357,0.1117,spread,5
2025-03-27,academic,senate_prob,prob,0.1944,0.0255,0.4723,spread,5
2025-03-28,polling,senate_prob,prob,0.0784,0.0386,0.1117,spread,5
2025-03-28,academic,senate_prob,prob,0.1948,0.0255,0.4723,spread,5
2025-03-29,polling,senate_prob,prob,0.0784,0.0386,0.1117,spread,5
2025-03-29,academic,senate_prob,prob,0.1946,0.0255,0.4723,spread,5
2025-03-30,polling,senate_prob,prob,0.078,0.0365,0.1117,spread,5
2025-03-30,academic,senate_prob,prob,0.1942,0.0255,0.4723,spread,5
2025-03-31,polling,senate_prob,prob,0.078,0.0364,0.1117,spread,5
2025-03-31,academic,senate_prob,prob,0.1942,0.0255,0.4723,spread,5
2025-04-01,polling,senate_prob,prob,0.0779,0.0362,0.1117,spread,5
2025-04-01,academic,senate_prob,prob,0.1967,0.0255,0.4723,spread,5
2025-04-02,polling,senate_prob,prob,0.0779,0.0362,0.1117,spread,5
2025-04-02,academic,senate_prob,prob,0.1968,0.0255,0.4723,spread,5
2025-04-03,polling,senate_prob,prob,0.0793,0.0432,0.1117,spread,5
2025-04-03,academic,senate_prob,prob,0.1978,0.0255,0.4723,spread,5
2025-04-04,polling,senate_prob,prob,0.0793,0.0432,0.1117,spread,5
2025-04-04,academic,senate_prob,prob,0.1977,0.0255,0.4723,spread,5
2025-04-05,polling,senate_prob,prob,0.0793,0.043,0.1117,spread,5
2025-04-05,academic,senate_prob,prob,0.1976,0.0255,0.4723,spread,5
2025-04-06,polling,senate_prob,prob,0.0799,0.0459,0.1117,spread,5
2025-04-06,academic,senate_prob,prob,0.1979,0.0255,0.4723,spread,5
2025-04-07,polling,senate_prob,prob,0.0798,0.0457,0.1117,spread,5
2025-04-07,academic,senate_prob,prob,0.1973,0.0255,0.4723,spread,5
2025-04-08,polling,senate_prob,prob,0.0801,0.0471,0.1117,spread,5
2025-04-08,academic,senate_prob,prob,0.1979,0.0255,0.4723,spread,5
2025-04-09,polling,senate_prob,prob,0.0802,0.0473,0.1117,spread,5
2025-04-09,academic,senate_prob,prob,0.198,0.0255,0.4723,spread,5
2025-04-10,polling,senate_prob,prob,0.0806,0.0495,0.1117,spread,5
2025-04-10,academic,senate_prob,prob,0.1987,0.0255,0.4723,spread,5
2025-04-11,polling,senate_prob,prob,0.0806,0.0493,0.1117,spread,5
2025-04-11,academic,senate_prob,prob,0.1989,0.0255,0.4723,spread,5
2025-04-12,polling,senate_prob,prob,0.0817,0.0549,0.1117,spread,5
2025-04-12,academic,senate_prob,prob,0.1996,0.0255,0.4723,spread,5
2025-04-13,polling,senate_prob,prob,0.0828,0.0605,0.1117,spread,5
2025-04-13,academic,senate_prob,prob,0.2006,0.0255,0.4723,spread,5
2025-04-14,polling,senate_prob,prob,0.0818,0.0556,0.1117,spread,5
2025-04-14,academic,senate_prob,prob,0.1997,0.0255,0.4723,spread,5
2025-04-15,polling,senate_prob,prob,0.0818,0.0556,0.1117,spread,5
2025-04-15,academic,senate_prob,prob,0.2,0.0255,0.4723,spread,5
2025-04-16,polling,senate_prob,prob,0.0831,0.0619,0.1117,spread,5
2025-04-16,academic,senate_prob,prob,0.2005,0.0255,0.4723,spread,5
2025-04-17,polling,senate_prob,prob,0.083,0.0617,0.1117,spread,5
2025-04-17,academic,senate_prob,prob,0.2008,0.0255,0.4723,spread,5
2025-04-18,polling,senate_prob,prob,0.0836,0.0646,0.1117,spread,5
2025-04-18,academic,senate_prob,prob,0.201,0.0255,0.4723,spread,5
2025-04-19,polling,senate_prob,prob,0.0828,0.0605,0.1117,spread,5
2025-04-19,academic,senate_prob,prob,0.2006,0.0255,0.4723,spread,5
2025-04-20,polling,senate_prob,prob,0.0833,0.0628,0.1117,spread,5
2025-04-20,academic,senate_prob,prob,0.2006,0.0255,0.4723,spread,5
2025-04-21,polling,senate_prob,prob,0.0848,0.0703,0.1117,spread,5
2025-04-21,academic,senate_prob,prob,0.2017,0.0255,0.4723,spread,5
2025-04-22,polling,senate_prob,prob,0.0849,0.0709,0.1117,spread,5
2025-04-22,academic,senate_prob,prob,0.2021,0.0255,0.4723,spread,5
2025-04-23,polling,senate_prob,prob,0.0849,0.0708,0.1117,spread,5
2025-04-23,academic,senate_prob,prob,0.1934,0.0255,0.4723,spread,5
2025-04-24,polling,senate_prob,prob,0.0854,0.0736,0.1117,spread,5
2025-04-24,academic,senate_prob,prob,0.1935,0.0255,0.4723,spread,5
2025-04-25,polling,senate_prob,prob,0.0854,0.0735,0.1117,spread,5
2025-04-25,academic,senate_prob,prob,0.1936,0.0255,0.4723,spread,5
2025-04-26,polling,senate_prob,prob,0.0854,0.0733,0.1117,spread,5
2025-04-26,academic,senate_prob,prob,0.1935,0.0255,0.4723,spread,5
2025-04-27,polling,senate_prob,prob,0.0863,0.0776,0.1117,spread,5
2025-04-27,academic,senate_prob,prob,0.194,0.0255,0.4723,spread,5
2025-04-28,polling,senate_prob,prob,0.0863,0.0776,0.1117,spread,5
2025-04-28,academic,senate_prob,prob,0.194,0.0255,0.4723,spread,5
2025-04-29,polling,senate_prob,prob,0.0856,0.0743,0.1117,spread,5
2025-04-29,academic,senate_prob,prob,0.1936,0.0255,0.4723,spread,5
2025-04-30,polling,senate_prob,prob,0.0859,0.0759,0.1117,spread,5
2025-04-30,academic,senate_prob,prob,0.1936,0.0255,0.4723,spread,5
2025-05-01,polling,senate_prob,prob,0.0858,0.0754,0.1117,spread,5
2025-05-01,academic,senate_prob,prob,0.194,0.0255,0.4723,spread,5
2025-05-02,polling,senate_prob,prob,0.0857,0.0752,0.1117,spread,5
2025-05-02,academic,senate_prob,prob,0.1941,0.0255,0.4723,spread,5
2025-05-03,polling,senate_prob,prob,0.0855,0.0741,0.1117,spread,5
2025-05-03,academic,senate_prob,prob,0.1939,0.0255,0.4723,spread,5
2025-05-04,polling,senate_prob,prob,0.0858,0.0756,0.1117,spread,5
2025-05-04,academic,senate_prob,prob,0.1941,0.0255,0.4723,spread,5
2025-05-05,polling,senate_prob,prob,0.0875,0.0776,0.1117,spread,5
2025-05-05,academic,senate_prob,prob,0.1949,0.0255,0.4723,spread,5
2025-05-06,polling,senate_prob,prob,0.0889,0.0776,0.1117,spread,5
2025-05-06,academic,senate_prob,prob,0.1956,0.0255,0.4723,spread,5
2025-05-07,polling,senate_prob,prob,0.0879,0.0776,0.1117,spread,5
2025-05-07,academic,senate_prob,prob,0.195,0.0255,0.4723,spread,5
2025-05-08,polling,senate_prob,prob,0.0873,0.0776,0.1117,spread,5
2025-05-08,academic,senate_prob,prob,0.1946,0.0255,0.4723,spread,5
2025-05-09,polling,senate_prob,prob,0.0873,0.0776,0.1117,spread,5
2025-05-09,academic,senate_prob,prob,0.1946,0.0255,0.4723,spread,5
2025-05-10,polling,senate_prob,prob,0.0886,0.0776,0.1117,spread,5
2025-05-10,academic,senate_prob,prob,0.1953,0.0255,0.4723,spread,5
2025-05-11,polling,senate_prob,prob,0.0879,0.0776,0.1117,spread,5
2025-05-11,academic,senate_prob,prob,0.1948,0.0255,0.4723,spread,5
2025-05-12,polling,senate_prob,prob,0.0847,0.0702,0.1117,spread,5
2025-05-12,academic,senate_prob,prob,0.1931,0.0255,0.4723,spread,5
2025-05-13,polling,senate_prob,prob,0.0847,0.0701,0.1117,spread,5
2025-05-13,academic,senate_prob,prob,0.1929,0.0255,0.4723,spread,5
2025-05-14,polling,senate_prob,prob,0.0847,0.07,0.1117,spread,5
2025-05-14,academic,senate_prob,prob,0.1929,0.0255,0.4723,spread,5
2025-05-15,polling,senate_prob,prob,0.0841,0.0669,0.1117,spread,5
2025-05-15,academic,senate_prob,prob,0.1924,0.0255,0.4723,spread,5
2025-05-16,polling,senate_prob,prob,0.0839,0.0658,0.1117,spread,5
2025-05-16,academic,senate_prob,prob,0.1923,0.0255,0.4723,spread,5
2025-05-17,polling,senate_prob,prob,0.0839,0.0658,0.1117,spread,5
2025-05-17,academic,senate_prob,prob,0.192,0.0255,0.4723,spread,5
2025-05-18,polling,senate_prob,prob,0.0815,0.0542,0.1117,spread,5
2025-05-18,academic,senate_prob,prob,0.1908,0.0255,0.4723,spread,5
2025-05-19,polling,senate_prob,prob,0.0813,0.0532,0.1117,spread,5
2025-05-19,academic,senate_prob,prob,0.1907,0.0255,0.4723,spread,5
2025-05-20,polling,senate_prob,prob,0.0823,0.0578,0.1117,spread,5
2025-05-20,academic,senate_prob,prob,0.191,0.0255,0.4723,spread,5
2025-05-21,polling,senate_prob,prob,0.0823,0.0578,0.1117,spread,5
2025-05-21,academic,senate_prob,prob,0.191,0.0255,0.4723,spread,5
2025-05-22,polling,senate_prob,prob,0.0822,0.0575,0.1117,spread,5
2025-05-22,academic,senate_prob,prob,0.1911,0.0255,0.4723,spread,5
2025-05-23,polling,senate_prob,prob,0.0822,0.0573,0.1117,spread,5
2025-05-23,academic,senate_prob,prob,0.1911,0.0255,0.4723,spread,5
2025-05-24,polling,senate_prob,prob,0.0821,0.0572,0.1117,spread,5
2025-05-24,academic,senate_prob,prob,0.191,0.0255,0.4723,spread,5
2025-05-25,polling,senate_prob,prob,0.0814,0.0534,0.1117,spread,5
2025-05-25,academic,senate_prob,prob,0.1905,0.0255,0.4723,spread,5
2025-05-26,polling,senate_prob,prob,0.0805,0.0489,0.1117,spread,5
2025-05-26,academic,senate_prob,prob,0.1897,0.0255,0.4723,spread,5
2025-05-27,polling,senate_prob,prob,0.0812,0.0524,0.1117,spread,5
2025-05-27,academic,senate_prob,prob,0.1904,0.0255,0.4723,spread,5
2025-05-28,polling,senate_prob,prob,0.0811,0.0522,0.1117,spread,5
2025-05-28,academic,senate_prob,prob,0.1903,0.0255,0.4723,spread,5
2025-05-29,polling,senate_prob,prob,0.0812,0.0527,0.1117,spread,5
2025-05-29,academic,senate_prob,prob,0.1907,0.0255,0.4723,spread,5
2025-05-30,polling,senate_prob,prob,0.0807,0.05,0.1117,spread,5
2025-05-30,academic,senate_prob,prob,0.1903,0.0255,0.4723,spread,5
2025-05-31,polling,senate_prob,prob,0.0807,0.0499,0.1117,spread,5
2025-05-31,academic,senate_prob,prob,0.1903,0.0255,0.4723,spread,5
2025-06-01,polling,senate_prob,prob,0.0808,0.0505,0.1117,spread,5
2025-06-01,academic,senate_prob,prob,0.1838,0.0255,0.4723,spread,5
2025-06-02,polling,senate_prob,prob,0.0816,0.0546,0.1117,spread,5
2025-06-02,academic,senate_prob,prob,0.1839,0.0255,0.4722,spread,5
2025-06-03,polling,senate_prob,prob,0.0816,0.0545,0.1117,spread,5
2025-06-03,academic,senate_prob,prob,0.1838,0.0255,0.4722,spread,5
2025-06-04,polling,senate_prob,prob,0.0814,0.0534,0.1117,spread,5
2025-06-04,academic,senate_prob,prob,0.1836,0.0255,0.4722,spread,5
2025-06-05,polling,senate_prob,prob,0.0814,0.0534,0.1117,spread,5
2025-06-05,academic,senate_prob,prob,0.184,0.0255,0.4722,spread,5
2025-06-06,polling,senate_prob,prob,0.0831,0.0621,0.1117,spread,5
2025-06-06,academic,senate_prob,prob,0.1848,0.0255,0.4723,spread,5
2025-06-07,polling,senate_prob,prob,0.0831,0.0621,0.1117,spread,5
2025-06-07,academic,senate_prob,prob,0.1847,0.0255,0.4723,spread,5
2025-06-08,polling,senate_prob,prob,0.0828,0.0607,0.1117,spread,5
2025-06-08,academic,senate_prob,prob,0.1846,0.0255,0.4722,spread,5
2025-06-09,polling,senate_prob,prob,0.0829,0.0612,0.1117,spread,5
2025-06-09,academic,senate_prob,prob,0.1845,0.0255,0.4722,spread,5
2025-06-10,polling,senate_prob,prob,0.0829,0.0612,0.1117,spread,5
2025-06-10,academic,senate_prob,prob,0.1844,0.0255,0.4722,spread,5
2025-06-11,polling,senate_prob,prob,0.0811,0.0522,0.1117,spread,5
2025-06-11,academic,senate_prob,prob,0.1834,0.0255,0.4721,spread,5
2025-06-12,polling,senate_prob,prob,0.0834,0.0636,0.1117,spread,5
2025-06-12,academic,senate_prob,prob,0.1845,0.0255,0.4721,spread,5
2025-06-13,polling,senate_prob,prob,0.0834,0.0636,0.1117,spread,5
2025-06-13,academic,senate_prob,prob,0.1845,0.0255,0.4722,spread,5
2025-06-14,polling,senate_prob,prob,0.0853,0.0728,0.1117,spread,5
2025-06-14,academic,senate_prob,prob,0.1855,0.0255,0.4722,spread,5
2025-06-15,polling,senate_prob,prob,0.0832,0.0624,0.1117,spread,5
2025-06-15,academic,senate_prob,prob,0.1844,0.0255,0.4722,spread,5
2025-06-16,polling,senate_prob,prob,0.0846,0.0693,0.1117,spread,5
2025-06-16,academic,senate_prob,prob,0.1853,0.0255,0.4722,spread,5
2025-06-17,polling,senate_prob,prob,0.082,0.0566,0.1117,spread,5
2025-06-17,academic,senate_prob,prob,0.1838,0.0255,0.4722,spread,5
2025-06-18,polling,senate_prob,prob,0.0815,0.0541,0.1117,spread,5
2025-06-18,academic,senate_prob,prob,0.1835,0.0255,0.4722,spread,5
2025-06-19,polling,senate_prob,prob,0.08,0.0467,0.1117,spread,5
2025-06-19,academic,senate_prob,prob,0.1823,0.0255,0.4722,spread,5
2025-06-20,polling,senate_prob,prob,0.08,0.0466,0.1117,spread,5
2025-06-20,academic,senate_prob,prob,0.1826,0.0255,0.4722,spread,5
2025-06-21,polling,senate_prob,prob,0.0803,0.0481,0.1117,spread,5
2025-06-21,academic,senate_prob,prob,0.1828,0.0255,0.4722,spread,5
2025-06-22,polling,senate_prob,prob,0.0804,0.0483,0.1117,spread,5
2025-06-22,academic,senate_prob,prob,0.1828,0.0255,0.4722,spread,5
2025-06-23,polling,senate_prob,prob,0.0811,0.0519,0.1117,spread,5
2025-06-23,academic,senate_prob,prob,0.1837,0.0255,0.4722,spread,5
2025-06-24,polling,senate_prob,prob,0.0811,0.0518,0.1117,spread,5
2025-06-24,academic,senate_prob,prob,0.1838,0.0255,0.4721,spread,5
2025-06-25,polling,senate_prob,prob,0.082,0.0566,0.1117,spread,5
2025-06-25,academic,senate_prob,prob,0.1842,0.0255,0.4722,spread,5
2025-06-26,polling,senate_prob,prob,0.082,0.0566,0.1117,spread,5
2025-06-26,academic,senate_prob,prob,0.184,0.0255,0.4722,spread,5
2025-06-27,polling,senate_prob,prob,0.081,0.0513,0.1117,spread,5
2025-06-27,academic,senate_prob,prob,0.1833,0.0255,0.4722,spread,5
2025-06-28,polling,senate_prob,prob,0.0809,0.0512,0.1117,spread,5
2025-06-28,academic,senate_prob,prob,0.1831,0.0255,0.4721,spread,5
2025-06-29,polling,senate_prob,prob,0.0814,0.0534,0.1117,spread,5
2025-06-29,academic,senate_prob,prob,0.1834,0.0255,0.4722,spread,5
2025-06-30,polling,senate_prob,prob,0.0822,0.0573,0.1117,spread,5
2025-06-30,academic,senate_prob,prob,0.1886,0.0255,0.4967,spread,5
2025-07-01,polling,senate_prob,prob,0.0821,0.0572,0.1117,spread,5
2025-07-01,academic,senate_prob,prob,0.1932,0.0255,0.5104,spread,5
2025-07-02,polling,senate_prob,prob,0.0828,0.0605,0.1117,spread,5
2025-07-02,academic,senate_prob,prob,0.1935,0.0255,0.5103,spread,5
2025-07-03,polling,senate_prob,prob,0.0814,0.0534,0.1117,spread,5
2025-07-03,academic,senate_prob,prob,0.1927,0.0255,0.5103,spread,5
2025-07-04,polling,senate_prob,prob,0.0814,0.0533,0.1117,spread,5
2025-07-04,academic,senate_prob,prob,0.1923,0.0255,0.5102,spread,5
2025-07-05,polling,senate_prob,prob,0.0801,0.0471,0.1117,spread,5
2025-07-05,academic,senate_prob,prob,0.1916,0.0255,0.5103,spread,5
2025-07-06,polling,senate_prob,prob,0.082,0.0565,0.1117,spread,5
2025-07-06,academic,senate_prob,prob,0.1926,0.0255,0.5103,spread,5
2025-07-07,polling,senate_prob,prob,0.0822,0.0573,0.1117,spread,5
2025-07-07,academic,senate_prob,prob,0.1923,0.0255,0.5104,spread,5
2025-07-08,polling,senate_prob,prob,0.0829,0.0611,0.1117,spread,5
2025-07-08,academic,senate_prob,prob,0.1926,0.0255,0.5104,spread,5
2025-07-09,polling,senate_prob,prob,0.0838,0.0653,0.1117,spread,5
2025-07-09,academic,senate_prob,prob,0.193,0.0255,0.5102,spread,5
2025-07-10,polling,senate_prob,prob,0.088,0.0776,0.1117,spread,5
2025-07-10,academic,senate_prob,prob,0.1951,0.0255,0.5102,spread,5
2025-07-11,polling,senate_prob,prob,0.088,0.0776,0.1117,spread,5
2025-07-11,academic,senate_prob,prob,0.1951,0.0255,0.5103,spread,5
2025-07-12,polling,senate_prob,prob,0.088,0.0776,0.1117,spread,5
2025-07-12,academic,senate_prob,prob,0.1951,0.0255,0.5102,spread,5
2025-07-13,polling,senate_prob,prob,0.0888,0.0776,0.1117,spread,5
2025-07-13,academic,senate_prob,prob,0.1958,0.0255,0.5102,spread,5
2025-07-14,polling,senate_prob,prob,0.0833,0.063,0.1117,spread,5
2025-07-14,academic,senate_prob,prob,0.1934,0.0255,0.5101,spread,5
2025-07-15,polling,senate_prob,prob,0.0832,0.0627,0.1117,spread,5
2025-07-15,academic,senate_prob,prob,0.1934,0.0255,0.5101,spread,5
2025-07-16,polling,senate_prob,prob,0.0808,0.0503,0.1117,spread,5
2025-07-16,academic,senate_prob,prob,0.1919,0.0255,0.5101,spread,5
2025-07-17,polling,senate_prob,prob,0.0815,0.0542,0.1117,spread,5
2025-07-17,academic,senate_prob,prob,0.1923,0.0255,0.5101,spread,5
2025-07-18,polling,senate_prob,prob,0.084,0.0667,0.1117,spread,5
2025-07-18,academic,senate_prob,prob,0.1935,0.0255,0.5101,spread,5
2025-07-19,polling,senate_prob,prob,0.084,0.0665,0.1117,spread,5
2025-07-19,market,senate_prob,prob,0.2533,,,,1
2025-07-19,academic,senate_prob,prob,0.1935,0.0255,0.5101,spread,5
2025-07-20,polling,senate_prob,prob,0.0849,0.0712,0.1117,spread,5
2025-07-20,market,senate_prob,prob,0.2633,,,,1
2025-07-20,academic,senate_prob,prob,0.194,0.0255,0.5101,spread,5
2025-07-21,polling,senate_prob,prob,0.0846,0.0693,0.1117,spread,5
2025-07-21,market,senate_prob,prob,0.2634,,,,1
2025-07-21,academic,senate_prob,prob,0.194,0.0255,0.51,spread,5
2025-07-22,polling,senate_prob,prob,0.0847,0.07,0.1117,spread,5
2025-07-22,market,senate_prob,prob,0.2563,,,,1
2025-07-22,academic,senate_prob,prob,0.194,0.0255,0.5101,spread,5
2025-07-23,polling,senate_prob,prob,0.0849,0.0712,0.1117,spread,5
2025-07-23,market,senate_prob,prob,0.2544,,,,1
2025-07-23,academic,senate_prob,prob,0.1941,0.0255,0.5101,spread,5
2025-07-24,polling,senate_prob,prob,0.0856,0.0746,0.1117,spread,5
2025-07-24,market,senate_prob,prob,0.2551,,,,1
2025-07-24,academic,senate_prob,prob,0.1945,0.0255,0.5101,spread,5
2025-07-25,polling,senate_prob,prob,0.0856,0.0746,0.1117,spread,5
2025-07-25,market,senate_prob,prob,0.2552,,,,1
2025-07-25,academic,senate_prob,prob,0.1944,0.0255,0.51,spread,5
2025-07-26,polling,senate_prob,prob,0.0856,0.0745,0.1117,spread,5
2025-07-26,market,senate_prob,prob,0.2541,,,,1
2025-07-26,academic,senate_prob,prob,0.1943,0.0255,0.51,spread,5
2025-07-27,polling,senate_prob,prob,0.0852,0.0725,0.1117,spread,5
2025-07-27,market,senate_prob,prob,0.2538,,,,1
2025-07-27,academic,senate_prob,prob,0.1942,0.0255,0.51,spread,5
2025-07-28,polling,senate_prob,prob,0.0862,0.0776,0.1117,spread,5
2025-07-28,market,senate_prob,prob,0.2531,,,,1
2025-07-28,academic,senate_prob,prob,0.1979,0.0255,0.5254,spread,5
2025-07-29,polling,senate_prob,prob,0.0864,0.0776,0.1117,spread,5
2025-07-29,market,senate_prob,prob,0.2531,,,,1
2025-07-29,academic,senate_prob,prob,0.198,0.0255,0.5254,spread,5
2025-07-30,polling,senate_prob,prob,0.0864,0.0776,0.1117,spread,5
2025-07-30,market,senate_prob,prob,0.2535,,,,1
2025-07-30,academic,senate_prob,prob,0.1984,0.0255,0.5254,spread,5
2025-07-31,polling,senate_prob,prob,0.0879,0.0776,0.1117,spread,5
2025-07-31,market,senate_prob,prob,0.2536,,,,1
2025-07-31,academic,senate_prob,prob,0.2005,0.0255,0.5327,spread,5
2025-08-01,polling,senate_prob,prob,0.0878,0.0776,0.1117,spread,5
2025-08-01,market,senate_prob,prob,0.2444,,,,1
2025-08-01,academic,senate_prob,prob,0.2056,0.0255,0.5585,spread,5
2025-08-02,polling,senate_prob,prob,0.0878,0.0776,0.1117,spread,5
2025-08-02,market,senate_prob,prob,0.2545,,,,1
2025-08-02,academic,senate_prob,prob,0.2055,0.0255,0.5585,spread,5
2025-08-03,polling,senate_prob,prob,0.0882,0.0776,0.1117,spread,5
2025-08-03,market,senate_prob,prob,0.2545,,,,1
2025-08-03,academic,senate_prob,prob,0.2051,0.0255,0.5586,spread,5
2025-08-04,polling,senate_prob,prob,0.0921,0.0776,0.1117,spread,5
2025-08-04,market,senate_prob,prob,0.2546,,,,1
2025-08-04,academic,senate_prob,prob,0.2081,0.0255,0.5645,spread,5
2025-08-05,polling,senate_prob,prob,0.0921,0.0776,0.1117,spread,5
2025-08-05,market,senate_prob,prob,0.2546,,,,1
2025-08-05,academic,senate_prob,prob,0.2081,0.0255,0.5645,spread,5
2025-08-06,polling,senate_prob,prob,0.0948,0.0776,0.1207,spread,5
2025-08-06,market,senate_prob,prob,0.2546,,,,1
2025-08-06,academic,senate_prob,prob,0.2092,0.0255,0.5646,spread,5
2025-08-07,polling,senate_prob,prob,0.0948,0.0776,0.1203,spread,5
2025-08-07,market,senate_prob,prob,0.2546,,,,1
2025-08-07,academic,senate_prob,prob,0.2092,0.0255,0.5646,spread,5
2025-08-08,polling,senate_prob,prob,0.0925,0.0776,0.1117,spread,5
2025-08-08,market,senate_prob,prob,0.2546,,,,1
2025-08-08,academic,senate_prob,prob,0.2082,0.0255,0.5646,spread,5
2025-08-09,polling,senate_prob,prob,0.0915,0.0776,0.1117,spread,5
2025-08-09,market,senate_prob,prob,0.2623,,,,1
2025-08-09,academic,senate_prob,prob,0.2073,0.0255,0.5645,spread,5
2025-08-10,polling,senate_prob,prob,0.0913,0.0776,0.1117,spread,5
2025-08-10,market,senate_prob,prob,0.2553,,,,1
2025-08-10,academic,senate_prob,prob,0.2072,0.0255,0.5645,spread,5
2025-08-11,polling,senate_prob,prob,0.0908,0.0776,0.1117,spread,5
2025-08-11,market,senate_prob,prob,0.2548,,,,1
2025-08-11,academic,senate_prob,prob,0.2066,0.0255,0.5646,spread,5
2025-08-12,polling,senate_prob,prob,0.0911,0.0776,0.1117,spread,5
2025-08-12,market,senate_prob,prob,0.2589,,,,1
2025-08-12,academic,senate_prob,prob,0.208,0.0255,0.5711,spread,5
2025-08-13,polling,senate_prob,prob,0.0911,0.0776,0.1117,spread,5
2025-08-13,market,senate_prob,prob,0.2654,,,,1
2025-08-13,academic,senate_prob,prob,0.2076,0.0255,0.5711,spread,5
2025-08-14,polling,senate_prob,prob,0.0907,0.0776,0.1117,spread,5
2025-08-14,market,senate_prob,prob,0.2653,,,,1
2025-08-14,academic,senate_prob,prob,0.2073,0.0255,0.5712,spread,5
2025-08-15,polling,senate_prob,prob,0.0907,0.0776,0.1117,spread,5
2025-08-15,market,senate_prob,prob,0.2647,,,,1
2025-08-15,academic,senate_prob,prob,0.2075,0.0255,0.5712,spread,5
2025-08-16,polling,senate_prob,prob,0.0906,0.0776,0.1117,spread,5
2025-08-16,market,senate_prob,prob,0.2647,,,,1
2025-08-16,academic,senate_prob,prob,0.2075,0.0255,0.5713,spread,5
2025-08-17,polling,senate_prob,prob,0.0903,0.0776,0.1117,spread,5
2025-08-17,market,senate_prob,prob,0.266,,,,1
2025-08-17,academic,senate_prob,prob,0.2078,0.0255,0.5713,spread,5
2025-08-18,polling,senate_prob,prob,0.0898,0.0776,0.1117,spread,5
2025-08-18,market,senate_prob,prob,0.266,,,,1
2025-08-18,academic,senate_prob,prob,0.2078,0.0255,0.5715,spread,5
2025-08-19,polling,senate_prob,prob,0.0898,0.0776,0.1117,spread,5
2025-08-19,market,senate_prob,prob,0.2654,,,,1
2025-08-19,academic,senate_prob,prob,0.2078,0.0255,0.5715,spread,5
2025-08-20,polling,senate_prob,prob,0.0898,0.0776,0.1117,spread,5
2025-08-20,market,senate_prob,prob,0.285,,,,1
2025-08-20,academic,senate_prob,prob,0.2079,0.0255,0.5715,spread,5
2025-08-21,polling,senate_prob,prob,0.0885,0.0776,0.1117,spread,5
2025-08-21,market,senate_prob,prob,0.2849,,,,1
2025-08-21,academic,senate_prob,prob,0.2083,0.0255,0.5768,spread,5
2025-08-22,polling,senate_prob,prob,0.0885,0.0776,0.1117,spread,5
2025-08-22,market,senate_prob,prob,0.2865,,,,1
2025-08-22,academic,senate_prob,prob,0.2083,0.0255,0.5768,spread,5
2025-08-23,polling,senate_prob,prob,0.0885,0.0776,0.1117,spread,5
2025-08-23,market,senate_prob,prob,0.2861,,,,1
2025-08-23,academic,senate_prob,prob,0.2085,0.0255,0.5768,spread,5
2025-08-24,polling,senate_prob,prob,0.0857,0.0751,0.1117,spread,5
2025-08-24,market,senate_prob,prob,0.2858,,,,1
2025-08-24,academic,senate_prob,prob,0.2069,0.0255,0.5768,spread,5
2025-08-25,polling,senate_prob,prob,0.0844,0.0683,0.1117,spread,5
2025-08-25,market,senate_prob,prob,0.2861,,,,1
2025-08-25,academic,senate_prob,prob,0.2062,0.0255,0.5769,spread,5
2025-08-26,polling,senate_prob,prob,0.0826,0.0595,0.1117,spread,5
2025-08-26,market,senate_prob,prob,0.2851,,,,1
2025-08-26,academic,senate_prob,prob,0.2051,0.0255,0.5769,spread,5
2025-08-27,polling,senate_prob,prob,0.0826,0.0595,0.1117,spread,5
2025-08-27,market,senate_prob,prob,0.2847,,,,1
2025-08-27,academic,senate_prob,prob,0.205,0.0255,0.5769,spread,5
2025-08-28,polling,senate_prob,prob,0.0826,0.0593,0.1117,spread,5
2025-08-28,market,senate_prob,prob,0.2879,,,,1
2025-08-28,academic,senate_prob,prob,0.205,0.0255,0.5771,spread,5
2025-08-29,polling,senate_prob,prob,0.0825,0.0592,0.1117,spread,5
2025-08-29,market,senate_prob,prob,0.2923,,,,1
2025-08-29,academic,senate_prob,prob,0.2049,0.0255,0.5772,spread,5
2025-08-30,polling,senate_prob,prob,0.0828,0.0604,0.1117,spread,5
2025-08-30,market,senate_prob,prob,0.292,,,,1
2025-08-30,academic,senate_prob,prob,0.205,0.0255,0.5774,spread,5
2025-08-31,polling,senate_prob,prob,0.0835,0.0638,0.1117,spread,5
2025-08-31,market,senate_prob,prob,0.2873,,,,1
2025-08-31,academic,senate_prob,prob,0.2054,0.0255,0.5774,spread,5
2025-09-01,polling,senate_prob,prob,0.0861,0.077,0.1117,spread,5
2025-09-01,market,senate_prob,prob,0.2859,,,,1
2025-09-01,academic,senate_prob,prob,0.2113,0.0255,0.6028,spread,5
2025-09-02,polling,senate_prob,prob,0.0868,0.0776,0.1117,spread,5
2025-09-02,market,senate_prob,prob,0.2909,,,,1
2025-09-02,academic,senate_prob,prob,0.2129,0.0255,0.6089,spread,5
2025-09-03,polling,senate_prob,prob,0.0867,0.0776,0.1117,spread,5
2025-09-03,market,senate_prob,prob,0.2884,,,,1
2025-09-03,academic,senate_prob,prob,0.2127,0.0255,0.609,spread,5
2025-09-04,polling,senate_prob,prob,0.0867,0.0776,0.1117,spread,5
2025-09-04,market,senate_prob,prob,0.2902,,,,1
2025-09-04,academic,senate_prob,prob,0.2126,0.0255,0.6091,spread,5
2025-09-05,polling,senate_prob,prob,0.0867,0.0776,0.1117,spread,5
2025-09-05,market,senate_prob,prob,0.2746,,,,1
2025-09-05,academic,senate_prob,prob,0.2125,0.0255,0.6091,spread,5
2025-09-06,polling,senate_prob,prob,0.0866,0.0776,0.1117,spread,5
2025-09-06,market,senate_prob,prob,0.2721,,,,1
2025-09-06,academic,senate_prob,prob,0.2125,0.0255,0.6092,spread,5
2025-09-07,polling,senate_prob,prob,0.0868,0.0776,0.1117,spread,5
2025-09-07,market,senate_prob,prob,0.2686,,,,1
2025-09-07,academic,senate_prob,prob,0.2125,0.0255,0.6093,spread,5
2025-09-08,polling,senate_prob,prob,0.0864,0.0776,0.1117,spread,5
2025-09-08,market,senate_prob,prob,0.2706,,,,1
2025-09-08,academic,senate_prob,prob,0.2122,0.0255,0.6095,spread,5
2025-09-09,polling,senate_prob,prob,0.0864,0.0776,0.1117,spread,5
2025-09-09,market,senate_prob,prob,0.2668,,,,1
2025-09-09,academic,senate_prob,prob,0.2124,0.0255,0.6096,spread,5
2025-09-10,polling,senate_prob,prob,0.0863,0.0776,0.1117,spread,5
2025-09-10,market,senate_prob,prob,0.2698,,,,1
2025-09-10,academic,senate_prob,prob,0.2123,0.0255,0.6096,spread,5
2025-09-11,polling,senate_prob,prob,0.0863,0.0776,0.1117,spread,5
2025-09-11,market,senate_prob,prob,0.268,,,,1
2025-09-11,academic,senate_prob,prob,0.2132,0.0255,0.6151,spread,5
2025-09-12,polling,senate_prob,prob,0.0864,0.0776,0.1117,spread,5
2025-09-12,market,senate_prob,prob,0.2683,,,,1
2025-09-12,academic,senate_prob,prob,0.2133,0.0255,0.6152,spread,5
2025-09-13,polling,senate_prob,prob,0.0863,0.0776,0.1117,spread,5
2025-09-13,market,senate_prob,prob,0.2683,,,,1
2025-09-13,academic,senate_prob,prob,0.2131,0.0255,0.6152,spread,5
2025-09-14,polling,senate_prob,prob,0.0876,0.0776,0.1117,spread,5
2025-09-14,market,senate_prob,prob,0.2692,,,,1
2025-09-14,academic,senate_prob,prob,0.215,0.0255,0.6221,spread,5
2025-09-15,polling,senate_prob,prob,0.0876,0.0776,0.1117,spread,5
2025-09-15,market,senate_prob,prob,0.2688,,,,1
2025-09-15,academic,senate_prob,prob,0.2152,0.0255,0.6222,spread,5
2025-09-16,polling,senate_prob,prob,0.0903,0.0776,0.1117,spread,5
2025-09-16,market,senate_prob,prob,0.2693,,,,1
2025-09-16,academic,senate_prob,prob,0.2161,0.0255,0.6223,spread,5
2025-09-17,polling,senate_prob,prob,0.0903,0.0776,0.1117,spread,5
2025-09-17,market,senate_prob,prob,0.2682,,,,1
2025-09-17,academic,senate_prob,prob,0.2161,0.0255,0.6223,spread,5
2025-09-18,polling,senate_prob,prob,0.091,0.0776,0.1117,spread,5
2025-09-18,market,senate_prob,prob,0.2688,,,,1
2025-09-18,academic,senate_prob,prob,0.2164,0.0255,0.6224,spread,5
2025-09-19,polling,senate_prob,prob,0.0914,0.0776,0.1117,spread,5
2025-09-19,market,senate_prob,prob,0.263,,,,1
2025-09-19,academic,senate_prob,prob,0.2167,0.0255,0.6226,spread,5
2025-09-20,polling,senate_prob,prob,0.0914,0.0776,0.1117,spread,5
2025-09-20,market,senate_prob,prob,0.2617,,,,1
2025-09-20,academic,senate_prob,prob,0.2168,0.0255,0.6226,spread,5
2025-09-21,polling,senate_prob,prob,0.0907,0.0776,0.1117,spread,5
2025-09-21,market,senate_prob,prob,0.2577,,,,1
2025-09-21,academic,senate_prob,prob,0.2164,0.0255,0.6226,spread,5
2025-09-22,polling,senate_prob,prob,0.0865,0.0776,0.1117,spread,5
2025-09-22,market,senate_prob,prob,0.2589,,,,1
2025-09-22,academic,senate_prob,prob,0.2147,0.0255,0.6226,spread,5
2025-09-23,polling,senate_prob,prob,0.0858,0.0757,0.1117,spread,5
2025-09-23,market,senate_prob,prob,0.2589,,,,1
2025-09-23,academic,senate_prob,prob,0.2153,0.0255,0.6272,spread,5
2025-09-24,polling,senate_prob,prob,0.085,0.0717,0.1117,spread,5
2025-09-24,market,senate_prob,prob,0.2515,,,,1
2025-09-24,academic,senate_prob,prob,0.2147,0.0255,0.6272,spread,5
2025-09-25,polling,senate_prob,prob,0.085,0.0717,0.1117,spread,5
2025-09-25,market,senate_prob,prob,0.249,,,,1
2025-09-25,academic,senate_prob,prob,0.2148,0.0255,0.6272,spread,5
2025-09-26,polling,senate_prob,prob,0.085,0.0716,0.1117,spread,5
2025-09-26,market,senate_prob,prob,0.2502,,,,1
2025-09-26,academic,senate_prob,prob,0.2148,0.0255,0.6273,spread,5
2025-09-27,polling,senate_prob,prob,0.0848,0.0707,0.1117,spread,5
2025-09-27,market,senate_prob,prob,0.2535,,,,1
2025-09-27,academic,senate_prob,prob,0.2147,0.0255,0.6273,spread,5
2025-09-28,polling,senate_prob,prob,0.0847,0.0698,0.1117,spread,5
2025-09-28,market,senate_prob,prob,0.2506,,,,1
2025-09-28,academic,senate_prob,prob,0.2147,0.0255,0.6274,spread,5
2025-09-29,polling,senate_prob,prob,0.0846,0.0697,0.1117,spread,5
2025-09-29,market,senate_prob,prob,0.251,,,,1
2025-09-29,academic,senate_prob,prob,0.2148,0.0255,0.6275,spread,5
2025-09-30,polling,senate_prob,prob,0.0846,0.0696,0.1117,spread,5
2025-09-30,market,senate_prob,prob,0.2489,,,,1
2025-09-30,academic,senate_prob,prob,0.2162,0.0255,0.6333,spread,5
2025-10-01,polling,senate_prob,prob,0.0847,0.0698,0.1117,spread,5
2025-10-01,market,senate_prob,prob,0.2488,,,,1
2025-10-01,academic,senate_prob,prob,0.2211,0.0255,0.6661,spread,5
2025-10-02,polling,senate_prob,prob,0.0837,0.0649,0.1117,spread,5
2025-10-02,market,senate_prob,prob,0.2477,,,,1
2025-10-02,academic,senate_prob,prob,0.2205,0.0255,0.6662,spread,5
2025-10-03,polling,senate_prob,prob,0.0834,0.0635,0.1117,spread,5
2025-10-03,market,senate_prob,prob,0.2473,,,,1
2025-10-03,academic,senate_prob,prob,0.2204,0.0255,0.6662,spread,5
2025-10-04,polling,senate_prob,prob,0.0834,0.0633,0.1117,spread,5
2025-10-04,market,senate_prob,prob,0.2505,,,,1
2025-10-04,academic,senate_prob,prob,0.2203,0.0255,0.6663,spread,5
2025-10-05,polling,senate_prob,prob,0.0834,0.0633,0.1117,spread,5
2025-10-05,market,senate_prob,prob,0.2505,,,,1
2025-10-05,academic,senate_prob,prob,0.2203,0.0255,0.6664,spread,5
2025-10-06,polling,senate_prob,prob,0.0845,0.0694,0.1116,spread,5
2025-10-06,market,senate_prob,prob,0.2505,,,,1
2025-10-06,academic,senate_prob,prob,0.222,0.0255,0.6724,spread,5
2025-10-07,polling,senate_prob,prob,0.0884,0.065,0.1148,spread,5
2025-10-07,market,senate_prob,prob,0.2518,,,,1
2025-10-07,academic,senate_prob,prob,0.2214,0.0255,0.6724,spread,5
2025-10-08,polling,senate_prob,prob,0.0879,0.0651,0.1147,spread,5
2025-10-08,market,senate_prob,prob,0.2518,,,,1
2025-10-08,academic,senate_prob,prob,0.2214,0.0255,0.6724,spread,5
2025-10-09,polling,senate_prob,prob,0.0868,0.0602,0.1145,spread,5
2025-10-09,market,senate_prob,prob,0.2472,,,,1
2025-10-09,academic,senate_prob,prob,0.221,0.0255,0.6724,spread,5
2025-10-10,polling,senate_prob,prob,0.0859,0.0561,0.1143,spread,5
2025-10-10,market,senate_prob,prob,0.244,,,,1
2025-10-10,academic,senate_prob,prob,0.2205,0.0255,0.6725,spread,5
2025-10-11,polling,senate_prob,prob,0.0857,0.0559,0.114,spread,5
2025-10-11,market,senate_prob,prob,0.2171,,,,1
2025-10-11,academic,senate_prob,prob,0.2205,0.0255,0.6726,spread,5
2025-10-12,polling,senate_prob,prob,0.0699,0.0571,0.0844,spread,5
2025-10-12,market,senate_prob,prob,0.2356,,,,1
2025-10-12,academic,senate_prob,prob,0.2204,0.0255,0.6726,spread,5
2025-10-13,polling,senate_prob,prob,0.0722,0.0619,0.0843,spread,5
2025-10-13,market,senate_prob,prob,0.2345,,,,1
2025-10-13,academic,senate_prob,prob,0.2215,0.0255,0.6727,spread,5
2025-10-14,polling,senate_prob,prob,0.0732,0.0551,0.0864,spread,5
2025-10-14,market,senate_prob,prob,0.2337,,,,1
2025-10-14,academic,senate_prob,prob,0.2214,0.0255,0.6728,spread,5
2025-10-15,polling,senate_prob,prob,0.0752,0.0549,0.0864,spread,5
2025-10-15,market,senate_prob,prob,0.2387,,,,1
2025-10-15,academic,senate_prob,prob,0.2236,0.0255,0.6789,spread,5
2025-10-16,polling,senate_prob,prob,0.0778,0.0593,0.0863,spread,5
2025-10-16,market,senate_prob,prob,0.233,,,,1
2025-10-16,academic,senate_prob,prob,0.2233,0.0255,0.679,spread,5
2025-10-17,polling,senate_prob,prob,0.0738,0.0528,0.0862,spread,5
2025-10-17,market,senate_prob,prob,0.2292,,,,1
2025-10-17,academic,senate_prob,prob,0.2233,0.0255,0.6791,spread,5
2025-10-18,polling,senate_prob,prob,0.0739,0.0528,0.0859,spread,5
2025-10-18,market,senate_prob,prob,0.2338,,,,1
2025-10-18,academic,senate_prob,prob,0.2234,0.0255,0.6792,spread,5
2025-10-19,polling,senate_prob,prob,0.0742,0.0527,0.0858,spread,5
2025-10-19,market,senate_prob,prob,0.2315,,,,1
2025-10-19,academic,senate_prob,prob,0.2237,0.0255,0.6794,spread,5
2025-10-20,polling,senate_prob,prob,0.0748,0.0527,0.0857,spread,5
2025-10-20,market,senate_prob,prob,0.2337,,,,1
2025-10-20,academic,senate_prob,prob,0.2239,0.0255,0.6795,spread,5
2025-10-21,polling,senate_prob,prob,0.0778,0.0566,0.0914,spread,5
2025-10-21,market,senate_prob,prob,0.2314,,,,1
2025-10-21,academic,senate_prob,prob,0.2239,0.0255,0.6795,spread,5
2025-10-22,polling,senate_prob,prob,0.0845,0.0756,0.0995,spread,5
2025-10-22,market,senate_prob,prob,0.2338,,,,1
2025-10-22,academic,senate_prob,prob,0.2239,0.0255,0.6796,spread,5
2025-10-23,polling,senate_prob,prob,0.084,0.0756,0.0993,spread,5
2025-10-23,market,senate_prob,prob,0.2361,,,,1
2025-10-23,academic,senate_prob,prob,0.2237,0.0255,0.6797,spread,5
2025-10-24,polling,senate_prob,prob,0.0839,0.0755,0.0993,spread,5
2025-10-24,market,senate_prob,prob,0.2284,,,,1
2025-10-24,academic,senate_prob,prob,0.2236,0.0255,0.6797,spread,5
2025-10-25,polling,senate_prob,prob,0.0838,0.0754,0.0992,spread,5
2025-10-25,market,senate_prob,prob,0.2246,,,,1
2025-10-25,academic,senate_prob,prob,0.2236,0.0255,0.6798,spread,5
2025-10-26,polling,senate_prob,prob,0.0846,0.0752,0.0992,spread,5
2025-10-26,market,senate_prob,prob,0.2255,,,,1
2025-10-26,academic,senate_prob,prob,0.2239,0.0255,0.6798,spread,5
2025-10-27,polling,senate_prob,prob,0.0827,0.0751,0.0934,spread,5
2025-10-27,market,senate_prob,prob,0.2268,,,,1
2025-10-27,academic,senate_prob,prob,0.2231,0.0255,0.68,spread,5
2025-10-28,polling,senate_prob,prob,0.0891,0.0698,0.1018,spread,5
2025-10-28,market,senate_prob,prob,0.2348,,,,1
2025-10-28,academic,senate_prob,prob,0.2236,0.0255,0.6802,spread,5
2025-10-29,polling,senate_prob,prob,0.0895,0.0695,0.1017,spread,5
2025-10-29,market,senate_prob,prob,0.2479,,,,1
2025-10-29,academic,senate_prob,prob,0.2237,0.0255,0.6802,spread,5
2025-10-30,polling,senate_prob,prob,0.0832,0.0694,0.1017,spread,5
2025-10-30,market,senate_prob,prob,0.2368,,,,1
2025-10-30,academic,senate_prob,prob,0.2239,0.0255,0.6805,spread,5
2025-10-31,polling,senate_prob,prob,0.0894,0.0769,0.1015,spread,5
2025-10-31,market,senate_prob,prob,0.2447,,,,1
2025-10-31,academic,senate_prob,prob,0.2237,0.0255,0.6807,spread,5
2025-11-01,polling,senate_prob,prob,0.0892,0.0767,0.1013,spread,5
2025-11-01,market,senate_prob,prob,0.2604,,,,1
2025-11-01,academic,senate_prob,prob,0.2168,0.0255,0.647,spread,5
2025-11-02,polling,senate_prob,prob,0.0918,0.0803,0.1011,spread,5
2025-11-02,market,senate_prob,prob,0.2654,,,,1
2025-11-02,academic,senate_prob,prob,0.2168,0.0255,0.6472,spread,5
2025-11-03,polling,senate_prob,prob,0.0916,0.0801,0.1011,spread,5
2025-11-03,market,senate_prob,prob,0.2644,,,,1
2025-11-03,academic,senate_prob,prob,0.2168,0.0255,0.6472,spread,5
2025-11-04,polling,senate_prob,prob,0.0871,0.066,0.1007,spread,5
2025-11-04,market,senate_prob,prob,0.2543,,,,1
2025-11-04,academic,senate_prob,prob,0.2216,0.0255,0.6472,spread,5
2025-11-05,polling,senate_prob,prob,0.0898,0.0657,0.1177,spread,5
2025-11-05,market,senate_prob,prob,0.2682,,,,1
2025-11-05,academic,senate_prob,prob,0.2236,0.0255,0.6591,spread,5
2025-11-06,polling,senate_prob,prob,0.0921,0.0656,0.1177,spread,5
2025-11-06,market,senate_prob,prob,0.3473,,,,1
2025-11-06,academic,senate_prob,prob,0.2253,0.0255,0.6654,spread,5
2025-11-07,polling,senate_prob,prob,0.0946,0.0709,0.1174,spread,5
2025-11-07,market,senate_prob,prob,0.3268,,,,1
2025-11-07,academic,senate_prob,prob,0.2252,0.0255,0.6655,spread,5
2025-11-08,polling,senate_prob,prob,0.0945,0.0709,0.1173,spread,5
2025-11-08,market,senate_prob,prob,0.3174,,,,1
2025-11-08,academic,senate_prob,prob,0.2252,0.0255,0.6657,spread,5
2025-11-09,polling,senate_prob,prob,0.0947,0.0709,0.1172,spread,5
2025-11-09,market,senate_prob,prob,0.3118,,,,1
2025-11-09,academic,senate_prob,prob,0.2254,0.0255,0.6659,spread,5
2025-11-10,polling,senate_prob,prob,0.0958,0.0708,0.1171,spread,5
2025-11-10,market,senate_prob,prob,0.3241,,,,1
2025-11-10,academic,senate_prob,prob,0.2272,0.0255,0.6714,spread,5
2025-11-11,polling,senate_prob,prob,0.1095,0.0893,0.1313,spread,5
2025-11-11,market,senate_prob,prob,0.2776,,,,1
2025-11-11,academic,senate_prob,prob,0.2281,0.0255,0.6771,spread,5
2025-11-12,polling,senate_prob,prob,0.109,0.0936,0.1312,spread,5
2025-11-12,market,senate_prob,prob,0.2979,,,,1
2025-11-12,academic,senate_prob,prob,0.2285,0.0255,0.6772,spread,5
2025-11-13,polling,senate_prob,prob,0.1069,0.094,0.1311,spread,5
2025-11-13,market,senate_prob,prob,0.3093,,,,1
2025-11-13,academic,senate_prob,prob,0.2294,0.0255,0.6774,spread,5
2025-11-14,polling,senate_prob,prob,0.1154,0.1064,0.1348,spread,5
2025-11-14,market,senate_prob,prob,0.3103,,,,1
2025-11-14,academic,senate_prob,prob,0.2303,0.0255,0.6774,spread,5
2025-11-15,polling,senate_prob,prob,0.1152,0.1061,0.1346,spread,5
2025-11-15,market,senate_prob,prob,0.3124,,,,1
2025-11-15,academic,senate_prob,prob,0.2306,0.0255,0.6776,spread,5
2025-11-16,polling,senate_prob,prob,0.1157,0.1061,0.1343,spread,5
2025-11-16,market,senate_prob,prob,0.334,,,,1
2025-11-16,academic,senate_prob,prob,0.2307,0.0255,0.6777,spread,5
2025-11-17,polling,senate_prob,prob,0.1171,0.1057,0.1341,spread,5
2025-11-17,market,senate_prob,prob,0.3373,,,,1
2025-11-17,academic,senate_prob,prob,0.2311,0.0255,0.6778,spread,5
2025-11-18,polling,senate_prob,prob,0.1113,0.0988,0.1218,spread,5
2025-11-18,market,senate_prob,prob,0.331,,,,1
2025-11-18,academic,senate_prob,prob,0.2309,0.0255,0.6778,spread,5
2025-11-19,polling,senate_prob,prob,0.1411,0.1189,0.1672,spread,5
2025-11-19,market,senate_prob,prob,0.3338,,,,1
2025-11-19,academic,senate_prob,prob,0.231,0.0255,0.6779,spread,5
2025-11-20,polling,senate_prob,prob,0.1425,0.1188,0.167,spread,5
2025-11-20,market,senate_prob,prob,0.332,,,,1
2025-11-20,academic,senate_prob,prob,0.2329,0.0255,0.6841,spread,5
2025-11-21,polling,senate_prob,prob,0.1424,0.1187,0.1666,spread,5
2025-11-21,market,senate_prob,prob,0.3373,,,,1
2025-11-21,academic,senate_prob,prob,0.2328,0.0255,0.6843,spread,5
2025-11-22,polling,senate_prob,prob,0.1422,0.1186,0.1666,spread,5
2025-11-22,market,senate_prob,prob,0.3343,,,,1
2025-11-22,academic,senate_prob,prob,0.2328,0.0255,0.6845,spread,5
2025-11-23,polling,senate_prob,prob,0.1415,0.1184,0.1665,spread,5
2025-11-23,market,senate_prob,prob,0.3377,,,,1
2025-11-23,academic,senate_prob,prob,0.2325,0.0255,0.6846,spread,5
2025-11-24,polling,senate_prob,prob,0.1367,0.1182,0.1574,spread,5
2025-11-24,market,senate_prob,prob,0.3393,,,,1
2025-11-24,academic,senate_prob,prob,0.2322,0.0255,0.6847,spread,5
2025-11-25,polling,senate_prob,prob,0.1422,0.1182,0.1716,spread,5
2025-11-25,market,senate_prob,prob,0.3394,,,,1
2025-11-25,academic,senate_prob,prob,0.2323,0.0255,0.6847,spread,5
2025-11-26,polling,senate_prob,prob,0.1414,0.1179,0.1618,spread,6
2025-11-26,market,senate_prob,prob,0.3275,,,,1
2025-11-26,academic,senate_prob,prob,0.2327,0.0255,0.6848,spread,5
2025-11-27,polling,senate_prob,prob,0.1408,0.1179,0.1615,spread,6
2025-11-27,market,senate_prob,prob,0.3206,,,,1
2025-11-27,academic,senate_prob,prob,0.2326,0.0255,0.6849,spread,5
2025-11-28,polling,senate_prob,prob,0.1406,0.1176,0.1613,spread,6
2025-11-28,market,senate_prob,prob,0.3332,,,,1
2025-11-28,academic,senate_prob,prob,0.2326,0.0255,0.6851,spread,5
2025-11-29,polling,senate_prob,prob,0.1397,0.1143,0.1597,spread,6
2025-11-29,market,senate_prob,prob,0.3285,,,,1
2025-11-29,academic,senate_prob,prob,0.2335,0.0255,0.6915,spread,5
2025-11-30,polling,senate_prob,prob,0.1391,0.114,0.158,spread,6
2025-11-30,market,senate_prob,prob,0.3269,,,,1
2025-11-30,academic,senate_prob,prob,0.2334,0.0255,0.6916,spread,5
2025-12-01,polling,senate_prob,prob,0.1383,0.1138,0.1564,spread,6
2025-12-01,market,senate_prob,prob,0.3252,,,,1
2025-12-01,academic,senate_prob,prob,0.2218,0.0255,0.6351,spread,5
2025-12-02,polling,senate_prob,prob,0.1462,0.1172,0.1752,spread,6
2025-12-02,market,senate_prob,prob,0.3301,,,,1
2025-12-02,academic,senate_prob,prob,0.2221,0.0255,0.6351,spread,5
2025-12-03,polling,senate_prob,prob,0.1455,0.1168,0.1751,spread,6
2025-12-03,market,senate_prob,prob,0.335,,,,1
2025-12-03,academic,senate_prob,prob,0.2218,0.0255,0.6353,spread,5
2025-12-04,polling,senate_prob,prob,0.1347,0.0906,0.1604,spread,6
2025-12-04,market,senate_prob,prob,0.3875,,,,1
2025-12-04,academic,senate_prob,prob,0.2191,0.0255,0.6354,spread,5
2025-12-05,polling,senate_prob,prob,0.1327,0.0814,0.1517,spread,6
2025-12-05,market,senate_prob,prob,0.3786,,,,1
2025-12-05,academic,senate_prob,prob,0.2196,0.0255,0.6419,spread,5
2025-12-06,polling,senate_prob,prob,0.12,0.0799,0.1516,spread,6
2025-12-06,market,senate_prob,prob,0.3562,,,,1
2025-12-06,academic,senate_prob,prob,0.2195,0.0255,0.642,spread,5
2025-12-07,polling,senate_prob,prob,0.1194,0.0798,0.1515,spread,6
2025-12-07,market,senate_prob,prob,0.3546,,,,1
2025-12-07,academic,senate_prob,prob,0.2197,0.0255,0.6421,spread,5
2025-12-08,polling,senate_prob,prob,0.1188,0.0796,0.1512,spread,6
2025-12-08,market,senate_prob,prob,0.3477,,,,1
2025-12-08,academic,senate_prob,prob,0.22,0.0255,0.6475,spread,5
2025-12-09,polling,senate_prob,prob,0.1073,0.0811,0.1406,spread,6
2025-12-09,market,senate_prob,prob,0.3528,,,,1
2025-12-09,academic,senate_prob,prob,0.2198,0.0255,0.6476,spread,5
2025-12-10,polling,senate_prob,prob,0.1048,0.0775,0.1391,spread,6
2025-12-10,market,senate_prob,prob,0.3512,,,,1
2025-12-10,academic,senate_prob,prob,0.2196,0.0255,0.6476,spread,5
2025-12-11,polling,senate_prob,prob,0.103,0.0776,0.1389,spread,6
2025-12-11,market,senate_prob,prob,0.3514,,,,1
2025-12-11,academic,senate_prob,prob,0.2197,0.0255,0.6477,spread,5
2025-12-12,polling,senate_prob,prob,0.1029,0.0775,0.1386,spread,6
2025-12-12,market,senate_prob,prob,0.3567,,,,1
2025-12-12,academic,senate_prob,prob,0.2196,0.0255,0.6478,spread,5
2025-12-13,polling,senate_prob,prob,0.1032,0.0775,0.1383,spread,6
2025-12-13,market,senate_prob,prob,0.3477,,,,1
2025-12-13,academic,senate_prob,prob,0.2198,0.0255,0.6478,spread,5
2025-12-14,polling,senate_prob,prob,0.1033,0.0785,0.1381,spread,6
2025-12-14,market,senate_prob,prob,0.3491,,,,1
2025-12-14,academic,senate_prob,prob,0.2196,0.0255,0.6478,spread,5
2025-12-15,polling,senate_prob,prob,0.1032,0.0784,0.1379,spread,6
2025-12-15,market,senate_prob,prob,0.3476,,,,1
2025-12-15,academic,senate_prob,prob,0.2206,0.0255,0.6533,spread,5
2025-12-16,polling,senate_prob,prob,0.0973,0.0749,0.1378,spread,6
2025-12-16,market,senate_prob,prob,0.3447,,,,1
2025-12-16,academic,senate_prob,prob,0.2203,0.0255,0.6534,spread,5
2025-12-17,polling,senate_prob,prob,0.0941,0.0728,0.1376,spread,6
2025-12-17,market,senate_prob,prob,0.3431,,,,1
2025-12-17,academic,senate_prob,prob,0.2217,0.0255,0.6601,spread,5
2025-12-18,polling,senate_prob,prob,0.0868,0.0726,0.1212,spread,6
2025-12-18,market,senate_prob,prob,0.3431,,,,1
2025-12-18,academic,senate_prob,prob,0.2217,0.0255,0.6603,spread,5
2025-12-19,polling,senate_prob,prob,0.0899,0.0706,0.1181,spread,6
2025-12-19,market,senate_prob,prob,0.3474,,,,1
2025-12-19,academic,senate_prob,prob,0.2239,0.0255,0.6664,spread,5
2025-12-20,polling,senate_prob,prob,0.1181,0.0862,0.1623,spread,6
2025-12-20,market,senate_prob,prob,0.3476,,,,1
2025-12-20,academic,senate_prob,prob,0.2241,0.0255,0.6664,spread,5
2025-12-21,polling,senate_prob,prob,0.12,0.0859,0.1621,spread,6
2025-12-21,market,senate_prob,prob,0.3244,0.3029,0.3459,spread,2
2025-12-21,academic,senate_prob,prob,0.2242,0.0255,0.6666,spread,5
2025-12-22,polling,senate_prob,prob,0.1256,0.0844,0.1821,spread,6
2025-12-22,market,senate_prob,prob,0.3285,0.3095,0.3474,spread,2
2025-12-22,academic,senate_prob,prob,0.2242,0.0255,0.6667,spread,5
2025-12-23,polling,senate_prob,prob,0.1242,0.0842,0.1572,spread,6
2025-12-23,market,senate_prob,prob,0.3227,0.2973,0.3482,spread,2
2025-12-23,academic,senate_prob,prob,0.2253,0.0255,0.6722,spread,5
2025-12-24,polling,senate_prob,prob,0.1241,0.084,0.1572,spread,6
2025-12-24,market,senate_prob,prob,0.322,0.2928,0.3511,spread,2
2025-12-24,academic,senate_prob,prob,0.2253,0.0255,0.6724,spread,5
2025-12-25,polling,senate_prob,prob,0.1247,0.0924,0.157,spread,6
2025-12-25,market,senate_prob,prob,0.3211,0.2896,0.3526,spread,2
2025-12-25,academic,senate_prob,prob,0.226,0.0255,0.6726,spread,5
2025-12-26,polling,senate_prob,prob,0.1179,0.0922,0.1568,spread,6
2025-12-26,market,senate_prob,prob,0.3192,0.2851,0.3533,spread,2
2025-12-26,academic,senate_prob,prob,0.2259,0.0255,0.6727,spread,5
2025-12-27,polling,senate_prob,prob,0.1178,0.0922,0.1567,spread,6
2025-12-27,market,senate_prob,prob,0.316,0.2838,0.3483,spread,2
2025-12-27,academic,senate_prob,prob,0.2259,0.0255,0.6728,spread,5
2025-12-28,polling,senate_prob,prob,0.1174,0.0905,0.1565,spread,6
2025-12-28,market,senate_prob,prob,0.3169,0.2838,0.35,spread,2
2025-12-28,academic,senate_prob,prob,0.226,0.0255,0.673,spread,5
2025-12-29,polling,senate_prob,prob,0.1174,0.0911,0.1563,spread,6
2025-12-29,market,senate_prob,prob,0.3167,0.2864,0.3471,spread,2
2025-12-29,academic,senate_prob,prob,0.2263,0.0255,0.6731,spread,5
2025-12-30,polling,senate_prob,prob,0.1172,0.0909,0.1562,spread,6
2025-12-30,market,senate_prob,prob,0.3156,0.2928,0.3385,spread,2
2025-12-30,academic,senate_prob,prob,0.2262,0.0255,0.6733,spread,5
2025-12-31,polling,senate_prob,prob,0.1177,0.0962,0.1561,spread,6
2025-12-31,market,senate_prob,prob,0.316,0.2928,0.3392,spread,2
2025-12-31,academic,senate_prob,prob,0.2267,0.0255,0.6734,spread,5
2026-01-01,polling,senate_prob,prob,0.1197,0.0989,0.1558,spread,6
2026-01-01,market,senate_prob,prob,0.3241,0.3018,0.3465,spread,2
2026-01-01,academic,senate_prob,prob,0.2259,0.0255,0.6624,spread,5
2026-01-02,polling,senate_prob,prob,0.1195,0.0987,0.1558,spread,6
2026-01-02,market,senate_prob,prob,0.3347,0.3018,0.3677,spread,2
2026-01-02,academic,senate_prob,prob,0.2263,0.0255,0.6626,spread,5
2026-01-03,polling,senate_prob,prob,0.1191,0.0985,0.1557,spread,6
2026-01-03,market,senate_prob,prob,0.3301,0.2944,0.3657,spread,2
2026-01-03,academic,senate_prob,prob,0.2258,0.0255,0.6628,spread,5
2026-01-04,polling,senate_prob,prob,0.1309,0.105,0.1748,spread,6
2026-01-04,market,senate_prob,prob,0.3231,0.285,0.3612,spread,2
2026-01-04,academic,senate_prob,prob,0.2251,0.0255,0.663,spread,5
2026-01-05,polling,senate_prob,prob,0.1339,0.1049,0.1747,spread,6
2026-01-05,market,senate_prob,prob,0.3227,0.285,0.3604,spread,2
2026-01-05,academic,senate_prob,prob,0.2267,0.0255,0.663,spread,5
2026-01-06,polling,senate_prob,prob,0.1336,0.1047,0.1746,spread,6
2026-01-06,market,senate_prob,prob,0.3261,0.2919,0.3604,spread,2
2026-01-06,academic,senate_prob,prob,0.2269,0.0255,0.6631,spread,5
2026-01-07,polling,senate_prob,prob,0.1346,0.1047,0.1689,spread,6
2026-01-07,market,senate_prob,prob,0.3253,0.2933,0.3572,spread,2
2026-01-07,academic,senate_prob,prob,0.2275,0.0255,0.6688,spread,5
2026-01-08,polling,senate_prob,prob,0.1318,0.1045,0.1684,spread,6
2026-01-08,market,senate_prob,prob,0.3314,0.2961,0.3667,spread,2
2026-01-08,academic,senate_prob,prob,0.2276,0.0255,0.6751,spread,5
2026-01-09,polling,senate_prob,prob,0.1309,0.0932,0.1683,spread,6
2026-01-09,market,senate_prob,prob,0.337,0.2976,0.3765,spread,2
2026-01-09,academic,senate_prob,prob,0.2254,0.0255,0.6752,spread,5
2026-01-10,polling,senate_prob,prob,0.1308,0.0931,0.1682,spread,6
2026-01-10,market,senate_prob,prob,0.3325,0.2892,0.3757,spread,2
2026-01-10,academic,senate_prob,prob,0.2254,0.0255,0.6753,spread,5
2026-01-11,polling,senate_prob,prob,0.1301,0.0899,0.1679,spread,6
2026-01-11,market,senate_prob,prob,0.3281,0.2906,0.3655,spread,2
2026-01-11,academic,senate_prob,prob,0.2251,0.0255,0.6755,spread,5
2026-01-12,polling,senate_prob,prob,0.1239,0.0959,0.1631,spread,6
2026-01-12,market,senate_prob,prob,0.3235,0.2906,0.3564,spread,2
2026-01-12,academic,senate_prob,prob,0.2257,0.0255,0.6759,spread,5
2026-01-13,polling,senate_prob,prob,0.1221,0.0926,0.1535,spread,6
2026-01-13,market,senate_prob,prob,0.3303,0.3043,0.3562,spread,2
2026-01-13,academic,senate_prob,prob,0.2267,0.0255,0.682,spread,5
2026-01-14,polling,senate_prob,prob,0.1239,0.1043,0.1533,spread,6
2026-01-14,market,senate_prob,prob,0.3321,0.3077,0.3565,spread,2
2026-01-14,academic,senate_prob,prob,0.2276,0.0255,0.6822,spread,5
2026-01-15,polling,senate_prob,prob,0.1231,0.108,0.1532,spread,6
2026-01-15,market,senate_prob,prob,0.3355,0.3073,0.3637,spread,2
2026-01-15,academic,senate_prob,prob,0.2277,0.0255,0.6823,spread,5
2026-01-16,polling,senate_prob,prob,0.1092,0.0999,0.1205,spread,6
2026-01-16,market,senate_prob,prob,0.3333,0.3029,0.3637,spread,2
2026-01-16,academic,senate_prob,prob,0.2276,0.0255,0.6824,spread,5
2026-01-17,polling,senate_prob,prob,0.1093,0.0998,0.1202,spread,6
2026-01-17,market,senate_prob,prob,0.3275,0.3,0.3549,spread,2
2026-01-17,academic,senate_prob,prob,0.2277,0.0255,0.6825,spread,5
2026-01-18,polling,senate_prob,prob,0.1089,0.0997,0.1201,spread,6
2026-01-18,market,senate_prob,prob,0.3277,0.3,0.3554,spread,2
2026-01-18,academic,senate_prob,prob,0.2277,0.0255,0.6826,spread,5
2026-01-19,polling,senate_prob,prob,0.1112,0.0995,0.1328,spread,6
2026-01-19,market,senate_prob,prob,0.3256,0.2961,0.355,spread,2
2026-01-19,academic,senate_prob,prob,0.228,0.0255,0.6827,spread,5
2026-01-20,polling,senate_prob,prob,0.1172,0.0993,0.1281,spread,6
2026-01-20,market,senate_prob,prob,0.3281,0.3024,0.3539,spread,2
2026-01-20,academic,senate_prob,prob,0.2309,0.0255,0.6895,spread,5
2026-01-21,polling,senate_prob,prob,0.1171,0.0992,0.1278,spread,6
2026-01-21,market,senate_prob,prob,0.3325,0.3043,0.3606,spread,2
2026-01-21,academic,senate_prob,prob,0.2309,0.0255,0.6897,spread,5
2026-01-22,polling,senate_prob,prob,0.127,0.1125,0.1358,spread,6
2026-01-22,market,senate_prob,prob,0.3349,0.3134,0.3565,spread,2
2026-01-22,academic,senate_prob,prob,0.2307,0.0255,0.6898,spread,5
2026-01-23,polling,senate_prob,prob,0.1345,0.1124,0.1486,spread,6
2026-01-23,market,senate_prob,prob,0.3295,0.3024,0.3565,spread,2
2026-01-23,academic,senate_prob,prob,0.2308,0.0255,0.69,spread,5
2026-01-24,polling,senate_prob,prob,0.1351,0.1124,0.1484,spread,6
2026-01-24,market,senate_prob,prob,0.3254,0.3024,0.3483,spread,2
2026-01-24,academic,senate_prob,prob,0.2307,0.0255,0.6901,spread,5
2026-01-25,polling,senate_prob,prob,0.1322,0.1159,0.1482,spread,6
2026-01-25,market,senate_prob,prob,0.3272,0.3024,0.352,spread,2
2026-01-25,academic,senate_prob,prob,0.2306,0.0255,0.6904,spread,5
2026-01-26,polling,senate_prob,prob,0.1323,0.1158,0.1477,spread,6
2026-01-26,market,senate_prob,prob,0.3352,0.3058,0.3646,spread,2
2026-01-26,academic,senate_prob,prob,0.2309,0.0255,0.6906,spread,5
2026-01-27,polling,senate_prob,prob,0.1346,0.1154,0.165,spread,6
2026-01-27,market,senate_prob,prob,0.3498,0.3269,0.3727,spread,2
2026-01-27,academic,senate_prob,prob,0.2316,0.0255,0.6956,spread,5
2026-01-28,polling,senate_prob,prob,0.1311,0.1119,0.1475,spread,6
2026-01-28,market,senate_prob,prob,0.3472,0.3285,0.3659,spread,2
2026-01-28,academic,senate_prob,prob,0.2316,0.0255,0.6957,spread,5
2026-01-29,polling,senate_prob,prob,0.1314,0.1119,0.1474,spread,6
2026-01-29,market,senate_prob,prob,0.3458,0.3254,0.3662,spread,2
2026-01-29,academic,senate_prob,prob,0.2318,0.0255,0.6958,spread,5
2026-01-30,polling,senate_prob,prob,0.1376,0.1148,0.1808,spread,6
2026-01-30,market,senate_prob,prob,0.3485,0.327,0.37,spread,2
2026-01-30,academic,senate_prob,prob,0.232,0.0255,0.6959,spread,5
2026-01-31,polling,senate_prob,prob,0.1377,0.1146,0.1807,spread,6
2026-01-31,market,senate_prob,prob,0.3489,0.3286,0.3692,spread,2
2026-01-31,academic,senate_prob,prob,0.232,0.0255,0.6959,spread,5
2026-02-01,polling,senate_prob,prob,0.1413,0.1113,0.1855,spread,6
2026-02-01,market,senate_prob,prob,0.3449,0.3206,0.3693,spread,2
2026-02-01,academic,senate_prob,prob,0.2342,0.0255,0.7066,spread,5
2026-02-02,polling,senate_prob,prob,0.1393,0.1077,0.1853,spread,6
2026-02-02,market,senate_prob,prob,0.3554,0.3333,0.3775,spread,2
2026-02-02,academic,senate_prob,prob,0.2344,0.0255,0.7067,spread,5
2026-02-03,polling,senate_prob,prob,0.1405,0.1076,0.185,spread,6
2026-02-03,market,senate_prob,prob,0.373,0.3555,0.3906,spread,2
2026-02-03,academic,senate_prob,prob,0.2345,0.0255,0.7069,spread,5
2026-02-04,polling,senate_prob,prob,0.1321,0.1036,0.1638,spread,6
2026-02-04,market,senate_prob,prob,0.3735,0.3555,0.3915,spread,2
2026-02-04,academic,senate_prob,prob,0.2352,0.0255,0.7136,spread,5
2026-02-05,polling,senate_prob,prob,0.1319,0.1034,0.1637,spread,6
2026-02-05,market,senate_prob,prob,0.3624,0.3505,0.3743,spread,2
2026-02-05,academic,senate_prob,prob,0.2351,0.0255,0.7137,spread,5
2026-02-06,polling,senate_prob,prob,0.1331,0.1032,0.1636,spread,6
2026-02-06,market,senate_prob,prob,0.3617,0.3505,0.3728,spread,2
2026-02-06,academic,senate_prob,prob,0.2361,0.0255,0.7191,spread,5
2026-02-07,polling,senate_prob,prob,0.1329,0.1032,0.1635,spread,6
2026-02-07,market,senate_prob,prob,0.3635,0.3521,0.3748,spread,2
2026-02-07,academic,senate_prob,prob,0.2359,0.0255,0.7192,spread,5
2026-02-08,polling,senate_prob,prob,0.1337,0.103,0.1633,spread,6
2026-02-08,market,senate_prob,prob,0.3665,0.3581,0.3749,spread,2
2026-02-08,academic,senate_prob,prob,0.2364,0.0255,0.7194,spread,5
2026-02-09,polling,senate_prob,prob,0.1339,0.1028,0.1631,spread,6
2026-02-09,market,senate_prob,prob,0.3599,0.3535,0.3662,spread,2
2026-02-09,academic,senate_prob,prob,0.2364,0.0255,0.7194,spread,5
2026-02-10,polling,senate_prob,prob,0.1323,0.1062,0.1631,spread,6
2026-02-10,market,senate_prob,prob,0.3705,0.3519,0.3891,spread,2
2026-02-10,academic,senate_prob,prob,0.236,0.0255,0.7195,spread,5
2026-02-11,polling,senate_prob,prob,0.1314,0.1024,0.1536,spread,6
2026-02-11,market,senate_prob,prob,0.3644,0.3519,0.3769,spread,2
2026-02-11,academic,senate_prob,prob,0.2361,0.0255,0.7196,spread,5
2026-02-12,polling,senate_prob,prob,0.1273,0.0993,0.1535,spread,6
2026-02-12,market,senate_prob,prob,0.3671,0.3519,0.3823,spread,2
2026-02-12,academic,senate_prob,prob,0.2348,0.0255,0.7198,spread,5
2026-02-13,polling,senate_prob,prob,0.1272,0.0992,0.1532,spread,6
2026-02-13,market,senate_prob,prob,0.369,0.3505,0.3875,spread,2
2026-02-13,academic,senate_prob,prob,0.2348,0.0255,0.7199,spread,5
2026-02-14,polling,senate_prob,prob,0.1263,0.0989,0.153,spread,6
2026-02-14,market,senate_prob,prob,0.3702,0.3565,0.384,spread,2
2026-02-14,academic,senate_prob,prob,0.2348,0.0255,0.7201,spread,5
2026-02-15,polling,senate_prob,prob,0.1272,0.0988,0.153,spread,6
2026-02-15,market,senate_prob,prob,0.3697,0.3565,0.3829,spread,2
2026-02-15,academic,senate_prob,prob,0.2353,0.0255,0.7202,spread,5
2026-02-16,polling,senate_prob,prob,0.1282,0.0988,0.1529,spread,6
2026-02-16,market,senate_prob,prob,0.376,0.3692,0.3829,spread,2
2026-02-16,academic,senate_prob,prob,0.2357,0.0255,0.7205,spread,5
2026-02-17,polling,senate_prob,prob,0.1273,0.0829,0.151,spread,6
2026-02-17,market,senate_prob,prob,0.3858,0.3657,0.4058,spread,2
2026-02-17,academic,senate_prob,prob,0.2357,0.0255,0.7206,spread,5
2026-02-18,polling,senate_prob,prob,0.129,0.0828,0.1618,spread,6
2026-02-18,market,senate_prob,prob,0.385,0.3641,0.4058,spread,2
2026-02-18,academic,senate_prob,prob,0.2357,0.0255,0.7208,spread,5
2026-02-19,polling,senate_prob,prob,0.13,0.0827,0.1616,spread,6
2026-02-19,market,senate_prob,prob,0.3912,0.3767,0.4058,spread,2
2026-02-19,academic,senate_prob,prob,0.2359,0.0255,0.7209,spread,5
2026-02-20,polling,senate_prob,prob,0.1344,0.1116,0.1636,spread,6
2026-02-20,market,senate_prob,prob,0.3906,0.3738,0.4075,spread,2
2026-02-20,academic,senate_prob,prob,0.2456,0.0709,0.7211,spread,5
2026-02-21,polling,senate_prob,prob,0.1333,0.1041,0.1655,spread,6
2026-02-21,market,senate_prob,prob,0.4027,0.3821,0.4232,spread,2
2026-02-21,academic,senate_prob,prob,0.2456,0.0709,0.7214,spread,5
2026-02-22,polling,senate_prob,prob,0.1349,0.1039,0.1653,spread,6
2026-02-22,market,senate_prob,prob,0.4102,0.3871,0.4332,spread,2
2026-02-22,academic,senate_prob,prob,0.2464,0.0709,0.7216,spread,5
2026-02-23,polling,senate_prob,prob,0.1331,0.1038,0.1651,spread,6
2026-02-23,market,senate_prob,prob,0.4099,0.3913,0.4285,spread,2
2026-02-23,academic,senate_prob,prob,0.2454,0.0709,0.7217,spread,5
2026-02-24,polling,senate_prob,prob,0.1458,0.126,0.1754,spread,6
2026-02-24,market,senate_prob,prob,0.3976,0.3785,0.4167,spread,2
2026-02-24,academic,senate_prob,prob,0.2452,0.0709,0.7218,spread,5
2026-02-25,polling,senate_prob,prob,0.1459,0.1258,0.1752,spread,6
2026-02-25,market,senate_prob,prob,0.3962,0.3785,0.4138,spread,2
2026-02-25,academic,senate_prob,prob,0.2453,0.0709,0.7218,spread,5
2026-02-26,polling,senate_prob,prob,0.1441,0.1183,0.1749,spread,6
2026-02-26,market,senate_prob,prob,0.3939,0.3785,0.4092,spread,2
2026-02-26,academic,senate_prob,prob,0.2446,0.0709,0.7218,spread,5
2026-02-27,polling,senate_prob,prob,0.1435,0.1139,0.1807,spread,6
2026-02-27,market,senate_prob,prob,0.4004,0.3913,0.4096,spread,2
2026-02-27,academic,senate_prob,prob,0.244,0.0709,0.7218,spread,5
2026-02-28,polling,senate_prob,prob,0.1424,0.1139,0.1861,spread,6
2026-02-28,market,senate_prob,prob,0.3939,0.375,0.4127,spread,2
2026-02-28,academic,senate_prob,prob,0.244,0.0709,0.7218,spread,5
2026-03-01,polling,senate_prob,prob,0.1424,0.1143,0.186,spread,6
2026-03-01,market,senate_prob,prob,0.3939,0.375,0.4127,spread,2
2026-03-01,academic,senate_prob,prob,0.2668,0.0709,0.7837,spread,5
2026-03-02,polling,senate_prob,prob,0.1419,0.1121,0.1859,spread,6
2026-03-02,market,senate_prob,prob,0.4031,0.3934,0.4127,spread,2
2026-03-02,academic,senate_prob,prob,0.2678,0.0709,0.7892,spread,5
2026-03-03,polling,senate_prob,prob,0.149,0.1084,0.1858,spread,6
2026-03-03,market,senate_prob,prob,0.3682,0.3265,0.4099,spread,2
2026-03-03,academic,senate_prob,prob,0.2673,0.0709,0.7892,spread,5
2026-03-04,polling,senate_prob,prob,0.1455,0.1085,0.1857,spread,6
2026-03-04,market,senate_prob,prob,0.4419,0.4121,0.4716,spread,2
2026-03-04,academic,senate_prob,prob,0.2686,0.0709,0.7942,spread,5
2026-03-05,polling,senate_prob,prob,0.1384,0.1096,0.1737,spread,6
2026-03-05,market,senate_prob,prob,0.4051,0.3972,0.4129,spread,2
2026-03-05,academic,senate_prob,prob,0.2693,0.0709,0.7942,spread,5
2026-03-06,polling,senate_prob,prob,0.1278,0.1094,0.1543,spread,6
2026-03-06,market,senate_prob,prob,0.4048,0.3972,0.4124,spread,2
2026-03-06,academic,senate_prob,prob,0.27,0.0709,0.8,spread,5
2026-03-07,polling,senate_prob,prob,0.1257,0.1055,0.1542,spread,6
2026-03-07,market,senate_prob,prob,0.4189,0.4009,0.4369,spread,2
2026-03-07,academic,senate_prob,prob,0.2699,0.0709,0.8,spread,5
2026-03-08,polling,senate_prob,prob,0.1273,0.1091,0.154,spread,6
2026-03-08,market,senate_prob,prob,0.4157,0.3973,0.4341,spread,2
2026-03-08,academic,senate_prob,prob,0.2703,0.0709,0.8,spread,5
2026-03-09,polling,senate_prob,prob,0.1247,0.0984,0.1522,spread,6
2026-03-09,market,senate_prob,prob,0.4394,0.4369,0.4419,spread,2
2026-03-09,academic,senate_prob,prob,0.2693,0.0709,0.8,spread,5
2026-03-10,polling,senate_prob,prob,0.1236,0.1023,0.1505,spread,6
2026-03-10,market,senate_prob,prob,0.4585,0.45,0.467,spread,2
2026-03-10,academic,senate_prob,prob,0.2698,0.0709,0.8,spread,5
2026-03-11,polling,senate_prob,prob,0.1306,0.0988,0.1573,spread,6
2026-03-11,market,senate_prob,prob,0.4639,0.4608,0.467,spread,2
2026-03-11,academic,senate_prob,prob,0.2704,0.0709,0.8053,spread,5
2026-03-12,polling,senate_prob,prob,0.1297,0.0984,0.1572,spread,6
2026-03-12,market,senate_prob,prob,0.4585,0.4499,0.467,spread,2
2026-03-12,academic,senate_prob,prob,0.2703,0.0709,0.8053,spread,5
2026-03-13,polling,senate_prob,prob,0.1283,0.0918,0.1568,spread,6
2026-03-13,market,senate_prob,prob,0.4585,0.4499,0.467,spread,2
2026-03-13,academic,senate_prob,prob,0.2699,0.0709,0.8053,spread,5
2026-03-14,polling,senate_prob,prob,0.1282,0.0916,0.1567,spread,6
2026-03-14,market,senate_prob,prob,0.4894,0.4744,0.5045,spread,2
2026-03-14,academic,senate_prob,prob,0.2698,0.0709,0.8053,spread,5
2026-03-15,polling,senate_prob,prob,0.1276,0.0895,0.1565,spread,6
2026-03-15,market,senate_prob,prob,0.4941,0.4837,0.5045,spread,2
2026-03-15,academic,senate_prob,prob,0.2696,0.0709,0.8053,spread,5
2026-03-16,polling,senate_prob,prob,0.1286,0.096,0.1564,spread,6
2026-03-16,market,senate_prob,prob,0.4986,0.4837,0.5136,spread,2
2026-03-16,academic,senate_prob,prob,0.2703,0.0709,0.8053,spread,5
2026-03-17,polling,senate_prob,prob,0.1196,0.1038,0.1351,spread,6
2026-03-17,market,senate_prob,prob,0.4989,0.4794,0.5183,spread,2
2026-03-17,academic,senate_prob,prob,0.2717,0.0709,0.8053,spread,5
2026-03-18,polling,senate_prob,prob,0.119,0.1037,0.1349,spread,6
2026-03-18,market,senate_prob,prob,0.5133,0.4937,0.533,spread,2
2026-03-18,academic,senate_prob,prob,0.2713,0.0709,0.8053,spread,5
2026-03-19,polling,senate_prob,prob,0.1195,0.1035,0.1363,spread,6
2026-03-19,market,senate_prob,prob,0.504,0.4988,0.5092,spread,2
2026-03-19,academic,senate_prob,prob,0.2713,0.0709,0.8053,spread,5
2026-03-20,polling,senate_prob,prob,0.1196,0.1002,0.1377,spread,6
2026-03-20,market,senate_prob,prob,0.5016,0.494,0.5092,spread,2
2026-03-20,academic,senate_prob,prob,0.2718,0.0709,0.8053,spread,5
2026-03-21,polling,senate_prob,prob,0.1233,0.1143,0.1391,spread,6
2026-03-21,market,senate_prob,prob,0.5044,0.4883,0.5205,spread,2
2026-03-21,academic,senate_prob,prob,0.2717,0.0709,0.8053,spread,5
2026-03-22,polling,senate_prob,prob,0.1233,0.1152,0.1391,spread,6
2026-03-22,market,senate_prob,prob,0.5048,0.4936,0.516,spread,2
2026-03-22,academic,senate_prob,prob,0.2717,0.0709,0.8053,spread,5
2026-03-23,polling,senate_prob,prob,0.1231,0.1153,0.139,spread,6
2026-03-23,market,senate_prob,prob,0.5038,0.4936,0.5139,spread,2
2026-03-23,academic,senate_prob,prob,0.2719,0.0708,0.8053,spread,5
2026-03-24,polling,senate_prob,prob,0.1248,0.114,0.1388,spread,6
2026-03-24,market,senate_prob,prob,0.5005,0.494,0.507,spread,2
2026-03-24,academic,senate_prob,prob,0.2717,0.0707,0.8053,spread,5
2026-03-25,polling,senate_prob,prob,0.1268,0.1122,0.1394,spread,6
2026-03-25,market,senate_prob,prob,0.4913,0.4734,0.5093,spread,2
2026-03-25,academic,senate_prob,prob,0.272,0.0706,0.8053,spread,5
2026-03-26,polling,senate_prob,prob,0.1296,0.1057,0.1466,spread,6
2026-03-26,market,senate_prob,prob,0.4939,0.4784,0.5093,spread,2
2026-03-26,academic,senate_prob,prob,0.2723,0.0704,0.8053,spread,5
2026-03-27,polling,senate_prob,prob,0.1307,0.1093,0.1509,spread,6
2026-03-27,market,senate_prob,prob,0.5012,0.4932,0.5093,spread,2
2026-03-27,academic,senate_prob,prob,0.2734,0.0703,0.811,spread,5
2026-03-28,polling,senate_prob,prob,0.1318,0.1129,0.1552,spread,6
2026-03-28,market,senate_prob,prob,0.5184,0.4881,0.5487,spread,2
2026-03-28,academic,senate_prob,prob,0.2731,0.0701,0.811,spread,5
2026-03-29,polling,senate_prob,prob,0.1332,0.1164,0.1594,spread,6
2026-03-29,market,senate_prob,prob,0.4952,0.4881,0.5024,spread,2
2026-03-29,academic,senate_prob,prob,0.2732,0.0699,0.811,spread,5
2026-03-30,polling,senate_prob,prob,0.135,0.12,0.1637,spread,6
2026-03-30,market,senate_prob,prob,0.4987,0.4881,0.5094,spread,2
2026-03-30,academic,senate_prob,prob,0.2736,0.0698,0.811,spread,5
2026-03-31,polling,senate_prob,prob,0.1352,0.1143,0.1689,spread,6
2026-03-31,market,senate_prob,prob,0.5207,0.4881,0.5533,spread,2
2026-03-31,academic,senate_prob,prob,0.2736,0.0697,0.811,spread,5
2026-04-01,polling,senate_prob,prob,0.1354,0.1086,0.174,spread,6
2026-04-01,market,senate_prob,prob,0.4929,0.4881,0.4977,spread,2
2026-04-01,academic,senate_prob,prob,0.2728,0.0694,0.831,spread,5
2026-04-02,polling,senate_prob,prob,0.1359,0.11,0.1738,spread,6
2026-04-02,market,senate_prob,prob,0.4882,0.4881,0.4884,spread,2
2026-04-02,academic,senate_prob,prob,0.2727,0.0693,0.831,spread,5
2026-04-03,polling,senate_prob,prob,0.1365,0.1114,0.1736,spread,6
2026-04-03,market,senate_prob,prob,0.4859,0.4836,0.4881,spread,2
2026-04-03,academic,senate_prob,prob,0.2727,0.0693,0.831,spread,5
2026-04-04,polling,senate_prob,prob,0.1342,0.1039,0.1695,spread,6
2026-04-04,market,senate_prob,prob,0.5078,0.4881,0.5276,spread,2
2026-04-04,academic,senate_prob,prob,0.2726,0.0693,0.831,spread,5
2026-04-05,polling,senate_prob,prob,0.1301,0.0964,0.1653,spread,6
2026-04-05,market,senate_prob,prob,0.5,,,,1
2026-04-05,academic,senate_prob,prob,0.2718,0.069,0.831,spread,5
2026-04-06,polling,senate_prob,prob,0.1265,0.089,0.1612,spread,6
2026-04-06,market,senate_prob,prob,0.5115,,,,1
2026-04-06,academic,senate_prob,prob,0.271,0.0689,0.831,spread,5
2026-04-07,polling,senate_prob,prob,0.1215,0.0815,0.1571,spread,6
2026-04-07,market,senate_prob,prob,0.5116,,,,1
2026-04-07,academic,senate_prob,prob,0.2694,0.0687,0.831,spread,5
2026-04-08,polling,senate_prob,prob,0.1224,0.0829,0.1582,spread,6
2026-04-08,market,senate_prob,prob,0.5125,,,,1
2026-04-08,academic,senate_prob,prob,0.2692,0.0684,0.831,spread,5
2026-04-09,polling,senate_prob,prob,0.123,0.0843,0.1592,spread,6
2026-04-09,market,senate_prob,prob,0.5147,0.5069,0.5224,spread,2
2026-04-09,academic,senate_prob,prob,0.2694,0.0684,0.831,spread,5
2026-04-10,polling,senate_prob,prob,0.1235,0.0858,0.1603,spread,6
2026-04-10,market,senate_prob,prob,0.5241,0.5224,0.5258,spread,2
2026-04-10,academic,senate_prob,prob,0.2692,0.0683,0.831,spread,5
2026-04-11,polling,senate_prob,prob,0.124,0.0872,0.1613,spread,6
2026-04-11,market,senate_prob,prob,0.5298,0.5224,0.5373,spread,2
2026-04-11,academic,senate_prob,prob,0.2693,0.0679,0.831,spread,5
2026-04-12,polling,senate_prob,prob,0.1225,0.0811,0.1522,spread,6
2026-04-12,market,senate_prob,prob,0.5328,0.5224,0.5431,spread,2
2026-04-12,academic,senate_prob,prob,0.2701,0.0679,0.831,spread,5
2026-04-13,polling,senate_prob,prob,0.1195,0.075,0.1431,spread,6
2026-04-13,market,senate_prob,prob,0.528,0.5224,0.5337,spread,2
2026-04-13,academic,senate_prob,prob,0.2697,0.0677,0.831,spread,5
2026-04-14,polling,senate_prob,prob,0.1202,0.0748,0.1429,spread,6
2026-04-14,market,senate_prob,prob,0.5265,0.5224,0.5307,spread,2
2026-04-14,academic,senate_prob,prob,0.2704,0.0675,0.831,spread,5
2026-04-15,polling,senate_prob,prob,0.1209,0.0746,0.1426,spread,6
2026-04-15,market,senate_prob,prob,0.5267,0.5224,0.5309,spread,2
2026-04-15,academic,senate_prob,prob,0.2707,0.0672,0.831,spread,5
2026-04-16,polling,senate_prob,prob,0.1223,0.0745,0.1448,spread,6
2026-04-16,market,senate_prob,prob,0.5305,0.5224,0.5387,spread,2
2026-04-16,academic,senate_prob,prob,0.2714,0.067,0.831,spread,5
2026-04-17,polling,senate_prob,prob,0.122,0.0745,0.147,spread,6
2026-04-17,market,senate_prob,prob,0.5392,,,,1
2026-04-17,academic,senate_prob,prob,0.2715,0.0667,0.831,spread,5
2026-04-18,polling,senate_prob,prob,0.1214,0.0744,0.1492,spread,6
2026-04-18,market,senate_prob,prob,0.5407,,,,1
2026-04-18,academic,senate_prob,prob,0.2712,0.0665,0.831,spread,5
2026-04-19,polling,senate_prob,prob,0.1219,0.0743,0.1514,spread,6
2026-04-19,market,senate_prob,prob,0.5163,,,,1
2026-04-19,academic,senate_prob,prob,0.2715,0.0663,0.831,spread,5
2026-04-20,polling,senate_prob,prob,0.123,0.0778,0.1521,spread,6
2026-04-20,market,senate_prob,prob,0.5226,,,,1
2026-04-20,academic,senate_prob,prob,0.2717,0.0661,0.831,spread,5
2026-04-21,polling,senate_prob,prob,0.125,0.0813,0.1528,spread,6
2026-04-21,market,senate_prob,prob,0.5238,,,,1
2026-04-21,academic,senate_prob,prob,0.2717,0.066,0.831,spread,5
2026-04-22,polling,senate_prob,prob,0.127,0.0847,0.1535,spread,6
2026-04-22,market,senate_prob,prob,0.527,0.5181,0.5359,spread,2
2026-04-22,academic,senate_prob,prob,0.2717,0.066,0.831,spread,5
2026-04-23,polling,senate_prob,prob,0.1292,0.0882,0.1542,spread,6
2026-04-23,market,senate_prob,prob,0.5138,0.502,0.5256,spread,2
2026-04-23,academic,senate_prob,prob,0.2716,0.0658,0.831,spread,5
2026-04-24,polling,senate_prob,prob,0.1298,0.0945,0.1541,spread,6
2026-04-24,market,senate_prob,prob,0.5072,0.5022,0.5122,spread,2
2026-04-24,academic,senate_prob,prob,0.2715,0.0655,0.831,spread,5
2026-04-25,polling,senate_prob,prob,0.1306,0.1009,0.154,spread,6
2026-04-25,market,senate_prob,prob,0.5018,0.5015,0.5021,spread,2
2026-04-25,academic,senate_prob,prob,0.2715,0.0654,0.831,spread,5
2026-04-26,polling,senate_prob,prob,0.1306,0.1007,0.1538,spread,6
2026-04-26,market,senate_prob,prob,0.5104,0.5083,0.5125,spread,2
2026-04-26,academic,senate_prob,prob,0.2715,0.0652,0.831,spread,5
2026-04-27,polling,senate_prob,prob,0.1304,0.1005,0.1537,spread,6
2026-04-27,market,senate_prob,prob,0.5073,0.5069,0.5078,spread,2
2026-04-27,academic,senate_prob,prob,0.2716,0.0651,0.831,spread,5
2026-04-28,polling,senate_prob,prob,0.1349,0.1183,0.1535,spread,6
2026-04-28,market,senate_prob,prob,0.51,0.496,0.524,spread,2
2026-04-28,academic,senate_prob,prob,0.2722,0.0649,0.8354,spread,5
2026-04-29,polling,senate_prob,prob,0.1395,0.1182,0.1568,spread,6
2026-04-29,market,senate_prob,prob,0.4951,0.4869,0.5034,spread,2
2026-04-29,academic,senate_prob,prob,0.2721,0.0645,0.8354,spread,5
2026-04-30,polling,senate_prob,prob,0.1466,0.1212,0.1625,spread,6
2026-04-30,market,senate_prob,prob,0.4928,0.4819,0.5036,spread,2
2026-04-30,academic,senate_prob,prob,0.2733,0.0644,0.8354,spread,5
2026-05-01,polling,senate_prob,prob,0.1512,0.1221,0.1731,spread,6
2026-05-01,market,senate_prob,prob,0.4914,0.4831,0.4998,spread,2
2026-05-01,academic,senate_prob,prob,0.2856,0.0644,0.8698,spread,5
2026-05-02,polling,senate_prob,prob,0.1476,0.1198,0.1653,spread,6
2026-05-02,market,senate_prob,prob,0.4957,0.4792,0.5122,spread,2
2026-05-02,academic,senate_prob,prob,0.2855,0.0643,0.8698,spread,5
2026-05-03,polling,senate_prob,prob,0.1416,0.1176,0.1625,spread,6
2026-05-03,market,senate_prob,prob,0.4951,0.4789,0.5114,spread,2
2026-05-03,academic,senate_prob,prob,0.2844,0.0641,0.8698,spread,5
2026-05-04,polling,senate_prob,prob,0.1372,0.1131,0.1596,spread,6
2026-05-04,market,senate_prob,prob,0.4966,0.493,0.5002,spread,2
2026-05-04,academic,senate_prob,prob,0.2836,0.064,0.8698,spread,5
2026-05-05,polling,senate_prob,prob,0.1339,0.1131,0.1568,spread,6
2026-05-05,market,senate_prob,prob,0.492,0.4895,0.4946,spread,2
2026-05-05,academic,senate_prob,prob,0.2834,0.064,0.8698,spread,5
2026-05-06,polling,senate_prob,prob,0.1369,0.1168,0.1643,spread,6
2026-05-06,market,senate_prob,prob,0.4864,0.4854,0.4874,spread,2
2026-05-06,academic,senate_prob,prob,0.2837,0.0639,0.8698,spread,5
2026-05-07,polling,senate_prob,prob,0.1408,0.1165,0.1719,spread,6
2026-05-07,market,senate_prob,prob,0.479,0.4775,0.4805,spread,2
2026-05-07,academic,senate_prob,prob,0.2823,0.0637,0.8698,spread,5
2026-05-08,polling,senate_prob,prob,0.1419,0.1253,0.164,spread,6
2026-05-08,market,senate_prob,prob,0.4796,0.4764,0.4828,spread,2
2026-05-08,academic,senate_prob,prob,0.2822,0.0634,0.8698,spread,5
2026-05-09,polling,senate_prob,prob,0.1434,0.1285,0.1603,spread,6
2026-05-09,market,senate_prob,prob,0.4713,0.4616,0.4809,spread,2
2026-05-09,academic,senate_prob,prob,0.2823,0.0633,0.8698,spread,5
2026-05-10,polling,senate_prob,prob,0.1495,0.1221,0.1632,spread,6
2026-05-10,market,senate_prob,prob,0.4556,0.441,0.4703,spread,2
2026-05-10,academic,senate_prob,prob,0.2818,0.0632,0.8698,spread,5
2026-05-11,polling,senate_prob,prob,0.1578,0.1292,0.1857,spread,6
2026-05-11,market,senate_prob,prob,0.4612,0.4441,0.4784,spread,2
2026-05-11,academic,senate_prob,prob,0.2821,0.0631,0.8698,spread,5
2026-05-12,polling,senate_prob,prob,0.165,0.1292,0.2116,spread,6
2026-05-12,market,senate_prob,prob,0.4632,0.4484,0.478,spread,2
2026-05-12,academic,senate_prob,prob,0.2821,0.063,0.8698,spread,5
2026-05-13,polling,senate_prob,prob,0.1721,0.1293,0.2374,spread,6
2026-05-13,market,senate_prob,prob,0.463,0.4503,0.4757,spread,2
2026-05-13,academic,senate_prob,prob,0.282,0.063,0.8698,spread,5
2026-05-14,polling,senate_prob,prob,0.1714,0.1299,0.2239,spread,6
2026-05-14,market,senate_prob,prob,0.4537,0.4525,0.4549,spread,2
2026-05-14,academic,senate_prob,prob,0.282,0.0629,0.8698,spread,5
2026-05-15,polling,senate_prob,prob,0.1723,0.1336,0.2104,spread,6
2026-05-15,market,senate_prob,prob,0.4475,0.4475,0.4475,spread,2
2026-05-15,academic,senate_prob,prob,0.2836,0.0628,0.8743,spread,5
2026-05-16,polling,senate_prob,prob,0.1714,0.1335,0.2006,spread,6
2026-05-16,market,senate_prob,prob,0.4446,0.4418,0.4475,spread,2
2026-05-16,academic,senate_prob,prob,0.2836,0.0626,0.8743,spread,5
2026-05-17,polling,senate_prob,prob,0.1713,0.1333,0.2006,spread,6
2026-05-17,market,senate_prob,prob,0.4445,0.4421,0.4468,spread,2
2026-05-17,academic,senate_prob,prob,0.2839,0.0625,0.8743,spread,5
2026-05-18,polling,senate_prob,prob,0.1806,0.1356,0.2126,spread,6
2026-05-18,market,senate_prob,prob,0.446,0.4434,0.4486,spread,2
2026-05-18,academic,senate_prob,prob,0.2849,0.0625,0.8743,spread,5
2026-05-19,polling,senate_prob,prob,0.1891,0.1379,0.2246,spread,6
2026-05-19,market,senate_prob,prob,0.458,0.4435,0.4725,spread,2
2026-05-19,academic,senate_prob,prob,0.2854,0.0624,0.8743,spread,5
2026-05-20,polling,senate_prob,prob,0.1957,0.1444,0.2346,spread,6
2026-05-20,market,senate_prob,prob,0.4643,0.4567,0.472,spread,2
2026-05-20,academic,senate_prob,prob,0.2862,0.0623,0.8743,spread,5
2026-05-21,polling,senate_prob,prob,0.1999,0.151,0.2508,spread,6
2026-05-21,market,senate_prob,prob,0.4672,0.4573,0.4772,spread,2
2026-05-21,academic,senate_prob,prob,0.2861,0.0624,0.8743,spread,5
2026-05-22,polling,senate_prob,prob,0.2034,0.1544,0.249,spread,6
2026-05-22,market,senate_prob,prob,0.4657,0.4605,0.471,spread,2
2026-05-22,academic,senate_prob,prob,0.2862,0.0622,0.8743,spread,5
2026-05-23,polling,senate_prob,prob,0.2067,0.1578,0.2522,spread,6
2026-05-23,market,senate_prob,prob,0.4669,0.4598,0.4741,spread,2
2026-05-23,academic,senate_prob,prob,0.2862,0.0623,0.8743,spread,5
2026-05-24,polling,senate_prob,prob,0.2105,0.1611,0.263,spread,6
2026-05-24,market,senate_prob,prob,0.4703,0.4618,0.4787,spread,2
2026-05-24,academic,senate_prob,prob,0.2863,0.0621,0.8743,spread,5
2026-05-25,polling,senate_prob,prob,0.2167,0.1645,0.2737,spread,6
2026-05-25,market,senate_prob,prob,0.4695,0.4552,0.4838,spread,2
2026-05-25,academic,senate_prob,prob,0.2875,0.0622,0.8743,spread,5
2026-05-26,polling,senate_prob,prob,0.2212,0.1639,0.2805,spread,6
2026-05-26,market,senate_prob,prob,0.4776,0.4744,0.4808,spread,2
2026-05-26,academic,senate_prob,prob,0.2863,0.062,0.8743,spread,5
2026-05-27,polling,senate_prob,prob,0.228,0.159,0.2873,spread,6
2026-05-27,market,senate_prob,prob,0.4688,0.4528,0.4849,spread,2
2026-05-27,academic,senate_prob,prob,0.2859,0.0619,0.8743,spread,5
2026-05-28,polling,senate_prob,prob,0.2326,0.1414,0.2942,spread,6
2026-05-28,market,senate_prob,prob,0.4687,0.4524,0.4849,spread,2
2026-05-28,academic,senate_prob,prob,0.2845,0.0619,0.8743,spread,5
2026-05-29,polling,senate_prob,prob,0.2402,0.1412,0.301,spread,6
2026-05-29,market,senate_prob,prob,0.4613,0.4451,0.4775,spread,2
2026-05-29,academic,senate_prob,prob,0.2851,0.0619,0.8775,spread,5
2026-05-30,polling,senate_prob,prob,0.2412,0.1412,0.3009,spread,6
2026-05-30,market,senate_prob,prob,0.4579,0.4445,0.4714,spread,2
2026-05-30,academic,senate_prob,prob,0.285,0.0617,0.8775,spread,5
2026-05-31,polling,senate_prob,prob,0.2425,0.143,0.3009,spread,6
2026-05-31,market,senate_prob,prob,0.4529,0.4402,0.4657,spread,2
2026-05-31,academic,senate_prob,prob,0.2851,0.0617,0.8775,spread,5
2026-06-01,polling,senate_prob,prob,0.2327,0.1398,0.2875,spread,6
2026-06-01,market,senate_prob,prob,0.4572,0.4383,0.476,spread,2
2026-06-01,academic,senate_prob,prob,0.2786,0.0614,0.8063,spread,5
2026-06-02,polling,senate_prob,prob,0.2319,0.1411,0.2875,spread,6
2026-06-02,market,senate_prob,prob,0.4657,0.4473,0.4841,spread,2
2026-06-02,academic,senate_prob,prob,0.2783,0.0614,0.8063,spread,5
2026-06-03,polling,senate_prob,prob,0.219,0.1409,0.2672,spread,6
2026-06-03,market,senate_prob,prob,0.4552,0.4377,0.4728,spread,2
2026-06-03,academic,senate_prob,prob,0.2779,0.0614,0.8063,spread,5
2026-06-04,polling,senate_prob,prob,0.206,0.1396,0.247,spread,6
2026-06-04,market,senate_prob,prob,0.4389,0.4197,0.458,spread,2
2026-06-04,academic,senate_prob,prob,0.2777,0.0612,0.8063,spread,5
2026-06-05,polling,senate_prob,prob,0.1915,0.1292,0.2268,spread,6
2026-06-05,market,senate_prob,prob,0.4394,0.4207,0.458,spread,2
2026-06-05,academic,senate_prob,prob,0.2769,0.0613,0.8063,spread,5
2026-06-06,polling,senate_prob,prob,0.1786,0.1287,0.212,spread,6
2026-06-06,market,senate_prob,prob,0.4322,0.4114,0.4529,spread,2
2026-06-06,academic,senate_prob,prob,0.2768,0.0612,0.8063,spread,5
2026-06-07,polling,senate_prob,prob,0.1761,0.1225,0.2122,spread,6
2026-06-07,market,senate_prob,prob,0.438,0.418,0.458,spread,2
2026-06-07,academic,senate_prob,prob,0.2761,0.0611,0.8063,spread,5
2026-06-08,polling,senate_prob,prob,0.1749,0.1245,0.2123,spread,6
2026-06-08,market,senate_prob,prob,0.441,0.4239,0.458,spread,2
2026-06-08,academic,senate_prob,prob,0.2764,0.0609,0.8063,spread,5
2026-06-09,polling,senate_prob,prob,0.1642,0.1203,0.2052,spread,6
2026-06-09,market,senate_prob,prob,0.4447,0.4318,0.4576,spread,2
2026-06-09,academic,senate_prob,prob,0.276,0.0609,0.8063,spread,5
2026-06-10,polling,senate_prob,prob,0.1524,0.1094,0.1982,spread,6
2026-06-10,market,senate_prob,prob,0.449,0.445,0.4529,spread,2
2026-06-10,academic,senate_prob,prob,0.2752,0.0607,0.8063,spread,5
2026-06-11,polling,senate_prob,prob,0.1512,0.1093,0.1911,spread,6
2026-06-11,market,senate_prob,prob,0.4434,0.4339,0.4529,spread,2
2026-06-11,academic,senate_prob,prob,0.2752,0.0607,0.8063,spread,5
2026-06-12,polling,senate_prob,prob,0.1494,0.1061,0.184,spread,6
2026-06-12,market,senate_prob,prob,0.4677,0.4624,0.473,spread,2
2026-06-12,academic,senate_prob,prob,0.275,0.0607,0.8063,spread,5
2026-06-13,polling,senate_prob,prob,0.1452,0.106,0.177,spread,6
2026-06-13,market,senate_prob,prob,0.4475,0.4324,0.4626,spread,2
2026-06-13,academic,senate_prob,prob,0.2749,0.0605,0.8063,spread,5
2026-06-14,polling,senate_prob,prob,0.1414,0.1082,0.1699,spread,6
2026-06-14,market,senate_prob,prob,0.4454,0.4337,0.4571,spread,2
2026-06-14,academic,senate_prob,prob,0.2751,0.0604,0.8063,spread,5
2026-06-15,polling,senate_prob,prob,0.1402,0.1016,0.1699,spread,6
2026-06-15,market,senate_prob,prob,0.4397,0.4326,0.4468,spread,2
2026-06-15,academic,senate_prob,prob,0.2742,0.0602,0.8063,spread,5
2026-06-16,polling,senate_prob,prob,0.1418,0.1115,0.1699,spread,6
2026-06-16,market,senate_prob,prob,0.4791,0.4434,0.5147,spread,2
2026-06-16,academic,senate_prob,prob,0.2751,0.0601,0.8063,spread,5
2026-06-17,polling,senate_prob,prob,0.1416,0.1105,0.1698,spread,6
2026-06-17,market,senate_prob,prob,0.4405,0.433,0.4481,spread,2
2026-06-17,academic,senate_prob,prob,0.275,0.0602,0.8063,spread,5
2026-06-18,polling,senate_prob,prob,0.1415,0.1103,0.1698,spread,6
2026-06-18,market,senate_prob,prob,0.4324,0.4181,0.4466,spread,2
2026-06-18,academic,senate_prob,prob,0.2749,0.0601,0.8063,spread,5
2026-06-19,polling,senate_prob,prob,0.1379,0.1101,0.1664,spread,6
2026-06-19,market,senate_prob,prob,0.4376,0.4231,0.4521,spread,2
2026-06-19,academic,senate_prob,prob,0.2749,0.06,0.8063,spread,5
2026-06-20,polling,senate_prob,prob,0.1343,0.11,0.163,spread,6
2026-06-20,market,senate_prob,prob,0.4268,0.4161,0.4374,spread,2
2026-06-20,academic,senate_prob,prob,0.2754,0.0599,0.8063,spread,5
2026-06-21,polling,senate_prob,prob,0.1315,0.115,0.1596,spread,6
2026-06-21,market,senate_prob,prob,0.4966,0.4377,0.5556,spread,2
2026-06-21,academic,senate_prob,prob,0.2761,0.06,0.8063,spread,5
2026-06-22,polling,senate_prob,prob,0.1287,0.1094,0.1562,spread,6
2026-06-22,market,senate_prob,prob,0.4282,0.4155,0.4408,spread,2
2026-06-22,academic,senate_prob,prob,0.2762,0.0599,0.8063,spread,5
2026-06-23,polling,senate_prob,prob,0.1269,0.1093,0.1528,spread,6
2026-06-23,market,senate_prob,prob,0.4315,0.4122,0.4508,spread,2
2026-06-23,academic,senate_prob,prob,0.2759,0.0599,0.8063,spread,5
2026-06-24,polling,senate_prob,prob,0.126,0.1092,0.1494,spread,6
2026-06-24,market,senate_prob,prob,0.422,0.3932,0.4508,spread,2
2026-06-24,academic,senate_prob,prob,0.2757,0.0598,0.8063,spread,5
2026-06-25,polling,senate_prob,prob,0.1278,0.112,0.1519,spread,6
2026-06-25,market,senate_prob,prob,0.4135,0.3852,0.4419,spread,2
2026-06-25,academic,senate_prob,prob,0.2758,0.0597,0.8063,spread,5
2026-06-26,polling,senate_prob,prob,0.131,0.1206,0.1544,spread,6
2026-06-26,market,senate_prob,prob,0.4147,0.3838,0.4457,spread,2
2026-06-26,academic,senate_prob,prob,0.2762,0.0597,0.8063,spread,5
2026-06-27,polling,senate_prob,prob,0.1311,0.1204,0.1543,spread,6
2026-06-27,market,senate_prob,prob,0.4132,0.3844,0.4419,spread,2
2026-06-27,academic,senate_prob,prob,0.2762,0.0596,0.8063,spread,5
2026-06-28,polling,senate_prob,prob,0.1322,0.1202,0.1543,spread,6
2026-06-28,market,senate_prob,prob,0.4131,0.3849,0.4413,spread,2
2026-06-28,academic,senate_prob,prob,0.2766,0.0595,0.8063,spread,5
2026-06-29,polling,senate_prob,prob,0.1317,0.117,0.1573,spread,6
2026-06-29,market,senate_prob,prob,0.4163,0.3881,0.4446,spread,2
2026-06-29,academic,senate_prob,prob,0.2761,0.0595,0.8063,spread,5
2026-06-30,polling,senate_prob,prob,0.1338,0.1088,0.1602,spread,6
2026-06-30,market,senate_prob,prob,0.4165,0.3923,0.4407,spread,2
2026-06-30,academic,senate_prob,prob,0.2766,0.0594,0.8063,spread,5
2026-07-01,polling,senate_prob,prob,0.1376,0.1156,0.1632,spread,6
2026-07-01,market,senate_prob,prob,0.4377,0.4313,0.4441,spread,2
2026-07-01,academic,senate_prob,prob,0.2773,0.0593,0.8063,spread,5
2026-07-02,polling,senate_prob,prob,0.1425,0.1225,0.1661,spread,6
2026-07-02,market,senate_prob,prob,0.4143,0.389,0.4397,spread,2
2026-07-02,academic,senate_prob,prob,0.2775,0.0592,0.8063,spread,5
2026-07-03,polling,senate_prob,prob,0.1463,0.1285,0.1691,spread,6
2026-07-03,market,senate_prob,prob,0.4153,0.3904,0.4401,spread,2
2026-07-03,academic,senate_prob,prob,0.2776,0.0591,0.8063,spread,5
2026-07-04,polling,senate_prob,prob,0.1461,0.1278,0.169,spread,6
2026-07-04,market,senate_prob,prob,0.4209,0.3973,0.4445,spread,2
2026-07-04,academic,senate_prob,prob,0.2771,0.059,0.8063,spread,5
2026-07-05,polling,senate_prob,prob,0.1457,0.1257,0.1689,spread,6
2026-07-05,market,senate_prob,prob,0.4029,0.3616,0.4443,spread,2
2026-07-05,academic,senate_prob,prob,0.2769,0.059,0.8063,spread,5
2026-07-06,polling,senate_prob,prob,0.1454,0.1241,0.1688,spread,6
2026-07-06,market,senate_prob,prob,0.3932,0.3381,0.4483,spread,2
2026-07-06,academic,senate_prob,prob,0.2727,0.0583,0.8063,spread,5
2026-07-07,polling,senate_prob,prob,0.1443,0.1173,0.1687,spread,6
2026-07-07,market,senate_prob,prob,0.4256,0.4006,0.4506,spread,2
2026-07-07,academic,senate_prob,prob,0.272,0.057,0.8063,spread,5
2026-07-08,polling,senate_prob,prob,0.1447,0.1199,0.1688,spread,6
2026-07-08,market,senate_prob,prob,0.4241,0.3992,0.449,spread,2
2026-07-08,academic,senate_prob,prob,0.2721,0.0576,0.8063,spread,5
2026-07-09,polling,senate_prob,prob,0.145,0.1197,0.1688,spread,6
2026-07-09,market,senate_prob,prob,0.4246,0.4007,0.4485,spread,2
2026-07-09,academic,senate_prob,prob,0.2721,0.0575,0.8063,spread,5
2026-07-10,polling,senate_prob,prob,0.1446,0.1149,0.1688,spread,6
2026-07-10,market,senate_prob,prob,0.4263,0.3986,0.4539,spread,2
2026-07-10,academic,senate_prob,prob,0.2724,0.0556,0.8063,spread,5
2026-07-11,polling,senate_prob,prob,0.1449,0.1148,0.1687,spread,6
2026-07-11,market,senate_prob,prob,0.3975,0.3367,0.4584,spread,2
2026-07-11,academic,senate_prob,prob,0.2724,0.0555,0.8063,spread,5
2026-07-12,polling,senate_prob,prob,0.1438,0.1064,0.1742,spread,6
2026-07-12,market,senate_prob,prob,0.4279,0.3997,0.4561,spread,2
2026-07-12,academic,senate_prob,prob,0.2721,0.0529,0.8063,spread,5
2026-07-13,polling,senate_prob,prob,0.1422,0.0969,0.1741,spread,6
2026-07-13,market,senate_prob,prob,0.4249,0.4003,0.4496,spread,2
2026-07-13,academic,senate_prob,prob,0.2714,0.0494,0.8063,spread,5
2026-07-14,polling,senate_prob,prob,0.1421,0.0963,0.1742,spread,6
2026-07-14,market,senate_prob,prob,0.4863,0.4557,0.5169,spread,2
2026-07-14,academic,senate_prob,prob,0.2708,0.049,0.8063,spread,5
2026-07-15,polling,senate_prob,prob,0.142,0.0961,0.1742,spread,6
2026-07-15,market,senate_prob,prob,0.4358,0.4173,0.4543,spread,2
2026-07-15,academic,senate_prob,prob,0.2707,0.049,0.8063,spread,5
2026-07-16,polling,senate_prob,prob,0.142,0.0959,0.1743,spread,6
2026-07-16,market,senate_prob,prob,0.4396,0.425,0.4543,spread,2
2026-07-16,academic,senate_prob,prob,0.2708,0.0488,0.8063,spread,5
2026-07-17,polling,senate_prob,prob,0.1421,0.0969,0.1744,spread,6
2026-07-17,market,senate_prob,prob,0.4397,0.4299,0.4496,spread,2
2026-07-17,academic,senate_prob,prob,0.2707,0.049,0.8063,spread,5
2026-07-18,polling,senate_prob,prob,0.1421,0.0969,0.1744,spread,6
2026-07-18,market,senate_prob,prob,0.4365,0.4237,0.4494,spread,2
2026-07-18,academic,senate_prob,prob,0.2707,0.0491,0.8063,spread,5
2026-07-19,polling,senate_prob,prob,0.1257,0.0815,0.1693,spread,6
2026-07-19,market,senate_prob,prob,0.4345,0.4245,0.4445,spread,2
2026-07-19,academic,senate_prob,prob,0.2703,0.0474,0.8063,spread,5
2026-07-20,polling,senate_prob,prob,0.1155,0.0517,0.1702,spread,6
2026-07-20,market,senate_prob,prob,0.4305,0.4165,0.4445,spread,2
2026-07-20,academic,senate_prob,prob,0.273,0.0575,0.8063,spread,5
2026-07-21,polling,senate_prob,prob,0.1192,0.0627,0.1711,spread,6
2026-07-21,market,senate_prob,prob,0.4284,0.4122,0.4445,spread,2
2026-07-21,academic,senate_prob,prob,0.2736,0.0557,0.8122,spread,5
2026-07-22,polling,senate_prob,prob,0.1255,0.0736,0.172,spread,6
2026-07-22,market,senate_prob,prob,0.4285,0.4081,0.4489,spread,2
2026-07-22,academic,senate_prob,prob,0.2741,0.0573,0.8122,spread,5
2026-07-23,polling,senate_prob,prob,0.1295,0.0846,0.1729,spread,6
2026-07-23,market,senate_prob,prob,0.4284,0.4084,0.4484,spread,2
2026-07-23,academic,senate_prob,prob,0.2736,0.0558,0.8122,spread,5
2026-07-24,polling,senate_prob,prob,0.1349,0.0956,0.1738,spread,6
2026-07-24,market,senate_prob,prob,0.4299,0.4115,0.4484,spread,2
2026-07-24,academic,senate_prob,prob,0.2735,0.0569,0.8122,spread,5
2026-07-25,polling,senate_prob,prob,0.1346,0.0912,0.1739,spread,6
2026-07-25,market,senate_prob,prob,0.4302,0.412,0.4484,spread,2
2026-07-25,academic,senate_prob,prob,0.2735,0.0568,0.8122,spread,5
2026-07-26,polling,senate_prob,prob,0.1343,0.0868,0.1739,spread,6
2026-07-26,market,senate_prob,prob,0.4357,0.4185,0.4529,spread,2
2026-07-26,academic,senate_prob,prob,0.2732,0.0563,0.8122,spread,5
2026-07-27,polling,senate_prob,prob,0.1355,0.0824,0.1739,spread,6
2026-07-27,market,senate_prob,prob,0.4362,0.424,0.4484,spread,2
2026-07-27,academic,senate_prob,prob,0.2743,0.0568,0.8122,spread,5
2026-07-28,polling,senate_prob,prob,0.1357,0.0823,0.174,spread,6
2026-07-28,market,senate_prob,prob,0.4359,0.4234,0.4484,spread,2
2026-07-28,academic,senate_prob,prob,0.2746,0.0568,0.8122,spread,5
2026-07-29,polling,senate_prob,prob,0.137,0.085,0.18,spread,6
2026-07-29,market,senate_prob,prob,0.4365,0.4246,0.4484,spread,2
2026-07-29,academic,senate_prob,prob,0.2743,0.0567,0.8122,spread,5
2026-07-30,polling,senate_prob,prob,0.1381,0.0877,0.1861,spread,6
2026-07-30,market,senate_prob,prob,0.4366,0.4254,0.4479,spread,2
2026-07-30,academic,senate_prob,prob,0.2743,0.0567,0.8122,spread,5
2026-07-31,polling,senate_prob,prob,0.152,0.1074,0.1921,spread,6
2026-07-31,market,senate_prob,prob,0.443,0.4426,0.4434,spread,2
2026-07-31,academic,senate_prob,prob,0.2768,0.0566,0.8122,spread,5
2026-08-01,polling,senate_prob,prob,0.1648,0.127,0.2046,spread,6
2026-08-01,market,senate_prob,prob,0.4426,0.4374,0.4478,spread,2
2026-08-01,academic,senate_prob,prob,0.2758,0.0566,0.8122,spread,5
2026-08-02,polling,senate_prob,prob,0.1785,0.1497,0.2045,spread,6
2026-08-02,market,senate_prob,prob,0.4505,0.4448,0.4561,spread,2
2026-08-02,academic,senate_prob,prob,0.2763,0.0566,0.8122,spread,5
2026-08-03,polling,senate_prob,prob,0.1918,0.1592,0.2163,spread,6
2026-08-03,market,senate_prob,prob,0.4502,0.4448,0.4556,spread,2
2026-08-03,academic,senate_prob,prob,0.2764,0.0565,0.8122,spread,5
2026-08-04,polling,senate_prob,prob,0.1937,0.1626,0.2267,spread,6
2026-08-04,market,senate_prob,prob,0.46,0.4533,0.4668,spread,2
2026-08-04,academic,senate_prob,prob,0.2764,0.0563,0.8122,spread,5
2026-08-05,polling,senate_prob,prob,0.1967,0.1683,0.2371,spread,6
2026-08-05,market,senate_prob,prob,0.4601,0.4541,0.466,spread,2
2026-08-05,academic,senate_prob,prob,0.2781,0.0561,0.8175,spread,5
2026-08-06,polling,senate_prob,prob,0.1982,0.1727,0.2335,spread,6
2026-08-06,market,senate_prob,prob,0.4604,0.4501,0.4707,spread,2
2026-08-06,academic,senate_prob,prob,0.278,0.056,0.8175,spread,5
2026-08-07,polling,senate_prob,prob,0.1991,0.1686,0.2299,spread,6
2026-08-07,market,senate_prob,prob,0.4667,0.4666,0.4668,spread,2
2026-08-07,academic,senate_prob,prob,0.278,0.0561,0.8175,spread,5
2026-08-08,polling,senate_prob,prob,0.2006,0.1686,0.2264,spread,6
2026-08-08,market,senate_prob,prob,0.4631,0.4594,0.4668,spread,2
2026-08-08,academic,senate_prob,prob,0.278,0.0562,0.8175,spread,5
2026-08-09,polling,senate_prob,prob,0.2038,0.1787,0.2228,spread,6
2026-08-09,market,senate_prob,prob,0.467,0.4668,0.4672,spread,2
2026-08-09,academic,senate_prob,prob,0.2788,0.0561,0.8175,spread,5
2026-08-10,polling,senate_prob,prob,0.1967,0.1368,0.2228,spread,6
2026-08-10,market,senate_prob,prob,0.4657,0.4598,0.4716,spread,2
2026-08-10,academic,senate_prob,prob,0.2758,0.0561,0.8175,spread,5
2026-08-11,polling,senate_prob,prob,0.1984,0.1472,0.2227,spread,6
2026-08-11,market,senate_prob,prob,0.4733,0.4646,0.4821,spread,2
2026-08-11,academic,senate_prob,prob,0.2767,0.0561,0.8175,spread,5
2026-08-12,polling,senate_prob,prob,0.1964,0.135,0.2228,spread,6
2026-08-12,market,senate_prob,prob,0.4796,0.4522,0.5069,spread,2
2026-08-12,academic,senate_prob,prob,0.2764,0.0558,0.8175,spread,5
2026-08-13,polling,senate_prob,prob,0.1963,0.1348,0.2228,spread,6
2026-08-13,market,senate_prob,prob,0.483,0.4571,0.509,spread,2
2026-08-13,academic,senate_prob,prob,0.2763,0.0556,0.8175,spread,5
2026-08-14,polling,senate_prob,prob,0.192,0.1307,0.2195,spread,6
2026-08-14,market,senate_prob,prob,0.4828,0.463,0.5025,spread,2
2026-08-14,academic,senate_prob,prob,0.2761,0.0554,0.8175,spread,5
2026-08-15,polling,senate_prob,prob,0.1884,0.1307,0.2162,spread,6
2026-08-15,market,senate_prob,prob,0.4773,0.4571,0.4975,spread,2
2026-08-15,academic,senate_prob,prob,0.2762,0.0553,0.8175,spread,5
2026-08-16,polling,senate_prob,prob,0.1853,0.1341,0.2128,spread,6
2026-08-16,market,senate_prob,prob,0.4702,0.4443,0.4961,spread,2
2026-08-16,academic,senate_prob,prob,0.2763,0.0552,0.8175,spread,5
2026-08-17,polling,senate_prob,prob,0.1816,0.1333,0.2095,spread,6
2026-08-17,market,senate_prob,prob,0.4652,0.4243,0.506,spread,2
2026-08-17,academic,senate_prob,prob,0.2759,0.0551,0.8175,spread,5
2026-08-18,polling,senate_prob,prob,0.1815,0.1331,0.2094,spread,6
2026-08-18,market,senate_prob,prob,0.4652,0.4384,0.4919,spread,2
2026-08-18,academic,senate_prob,prob,0.2758,0.0551,0.8175,spread,5
2026-08-19,polling,senate_prob,prob,0.1815,0.1331,0.2093,spread,6
2026-08-19,market,senate_prob,prob,0.4796,0.4541,0.505,spread,2
2026-08-19,academic,senate_prob,prob,0.2763,0.0551,0.8175,spread,5
2026-08-20,polling,senate_prob,prob,0.1815,0.1333,0.2092,spread,6
2026-08-20,market,senate_prob,prob,0.4847,0.4644,0.505,spread,2
2026-08-20,academic,senate_prob,prob,0.2762,0.0548,0.8175,spread,5
2026-08-21,polling,senate_prob,prob,0.1686,0.1335,0.1847,spread,6
2026-08-21,market,senate_prob,prob,0.4817,0.47,0.505,spread,3
2026-08-21,academic,senate_prob,prob,0.2762,0.0547,0.8175,spread,5
2026-08-22,polling,senate_prob,prob,0.1686,0.1336,0.1847,spread,6
2026-08-22,market,senate_prob,prob,0.4853,0.4709,0.505,spread,3
2026-08-22,academic,senate_prob,prob,0.2762,0.0546,0.8175,spread,5
2026-08-23,polling,senate_prob,prob,0.1692,0.1372,0.1847,spread,6
2026-08-23,market,senate_prob,prob,0.4843,0.4778,0.495,spread,3
2026-08-23,academic,senate_prob,prob,0.2762,0.0544,0.8175,spread,5
2026-08-24,polling,senate_prob,prob,0.1703,0.1445,0.1845,spread,6
2026-08-24,market,senate_prob,prob,0.4834,0.4751,0.495,spread,3
2026-08-24,academic,senate_prob,prob,0.2769,0.0544,0.8175,spread,5
2026-08-25,polling,senate_prob,prob,0.1943,0.1564,0.2894,spread,6
2026-08-25,market,senate_prob,prob,0.478,0.4691,0.495,spread,3
2026-08-25,academic,senate_prob,prob,0.2804,0.0537,0.8254,spread,5
2026-08-26,polling,senate_prob,prob,0.1964,0.1565,0.3024,spread,6
2026-08-26,market,senate_prob,prob,0.4848,0.4695,0.495,spread,3
2026-08-26,academic,senate_prob,prob,0.2797,0.0536,0.8254,spread,5
2026-08-27,polling,senate_prob,prob,0.1862,0.1615,0.2768,spread,6
2026-08-27,market,senate_prob,prob,0.4915,0.4794,0.505,spread,3
2026-08-27,academic,senate_prob,prob,0.2775,0.0541,0.8175,spread,5
2026-08-28,polling,senate_prob,prob,0.1714,0.1613,0.1892,spread,6
2026-08-28,market,senate_prob,prob,0.4911,0.4784,0.505,spread,3
2026-08-28,academic,senate_prob,prob,0.278,0.0541,0.8175,spread,5
2026-08-29,polling,senate_prob,prob,0.1704,0.1611,0.1837,spread,6
2026-08-29,market,senate_prob,prob,0.4915,0.4796,0.505,spread,3
2026-08-29,academic,senate_prob,prob,0.2777,0.054,0.8175,spread,5
2026-08-30,polling,senate_prob,prob,0.1704,0.1612,0.1839,spread,6
2026-08-30,market,senate_prob,prob,0.4901,0.48,0.505,spread,3
2026-08-30,academic,senate_prob,prob,0.2777,0.0539,0.8175,spread,5
2026-08-31,polling,senate_prob,prob,0.1805,0.172,0.1883,spread,6
2026-08-31,market,senate_prob,prob,0.497,0.4861,0.505,spread,3
2026-08-31,academic,senate_prob,prob,0.2796,0.0531,0.8255,spread,5
2026-09-01,polling,senate_prob,prob,0.1823,0.1721,0.1984,spread,6
2026-09-01,market,senate_prob,prob,0.4927,0.48,0.505,spread,3
2026-09-01,academic,senate_prob,prob,0.2802,0.053,0.8256,spread,5
2026-09-02,polling,senate_prob,prob,0.1814,0.1722,0.1928,spread,6
2026-09-02,market,senate_prob,prob,0.4999,0.49,0.515,spread,3
2026-09-02,academic,senate_prob,prob,0.2798,0.053,0.826,spread,5
2026-09-03,polling,senate_prob,prob,0.1781,0.1718,0.1839,spread,6
2026-09-03,market,senate_prob,prob,0.4959,0.48,0.515,spread,3
2026-09-03,academic,senate_prob,prob,0.2787,0.053,0.826,spread,5
2026-09-04,polling,senate_prob,prob,0.1787,0.1722,0.1837,spread,6
2026-09-04,market,senate_prob,prob,0.4992,0.49,0.515,spread,3
2026-09-04,academic,senate_prob,prob,0.286,0.0527,0.8262,spread,5
2026-09-05,polling,senate_prob,prob,0.1721,0.1454,0.1835,spread,6
2026-09-05,market,senate_prob,prob,0.4976,0.48,0.515,spread,3
2026-09-05,academic,senate_prob,prob,0.2859,0.0526,0.8262,spread,5
2026-09-06,polling,senate_prob,prob,0.1721,0.1452,0.1834,spread,6
2026-09-06,market,senate_prob,prob,0.4976,0.48,0.515,spread,3
2026-09-06,academic,senate_prob,prob,0.2859,0.0524,0.8262,spread,5
2026-09-07,polling,senate_prob,prob,0.1744,0.1393,0.222,spread,6
2026-09-07,market,senate_prob,prob,0.4979,0.48,0.515,spread,3
2026-09-07,academic,senate_prob,prob,0.286,0.0523,0.826,spread,5
2026-09-08,polling,senate_prob,prob,0.1747,0.1391,0.222,spread,6
2026-09-08,market,senate_prob,prob,0.5008,0.48,0.525,spread,3
2026-09-08,academic,senate_prob,prob,0.2861,0.0522,0.826,spread,5
2026-09-09,polling,senate_prob,prob,0.1787,0.139,0.2217,spread,6
2026-09-09,market,senate_prob,prob,0.5005,0.48,0.525,spread,3
2026-09-09,academic,senate_prob,prob,0.2877,0.052,0.827,spread,5
2026-09-10,polling,senate_prob,prob,0.1811,0.1389,0.2215,spread,6
2026-09-10,market,senate_prob,prob,0.496,0.48,0.525,spread,3
2026-09-10,academic,senate_prob,prob,0.2887,0.052,0.827,spread,5
2026-09-11,polling,senate_prob,prob,0.2046,0.1505,0.267,spread,6
2026-09-11,market,senate_prob,prob,0.4992,0.4827,0.525,spread,3
2026-09-11,academic,senate_prob,prob,0.2905,0.0521,0.8259,spread,5
2026-09-12,polling,senate_prob,prob,0.2131,0.1834,0.2671,spread,6
2026-09-12,market,senate_prob,prob,0.4943,0.47,0.525,spread,3
2026-09-12,academic,senate_prob,prob,0.2905,0.052,0.8259,spread,5
2026-09-13,polling,senate_prob,prob,0.2126,0.1893,0.2521,spread,6
2026-09-13,market,senate_prob,prob,0.4976,0.48,0.525,spread,3
2026-09-13,academic,senate_prob,prob,0.2905,0.0519,0.8259,spread,5
2026-09-14,polling,senate_prob,prob,0.2129,0.1892,0.2521,spread,6
2026-09-14,market,senate_prob,prob,0.5061,0.48,0.535,spread,3
2026-09-14,academic,senate_prob,prob,0.2903,0.0519,0.8289,spread,5
2026-09-15,polling,senate_prob,prob,0.2509,0.2019,0.3036,spread,6
2026-09-15,market,senate_prob,prob,0.544,0.52,0.59,spread,3
2026-09-15,academic,senate_prob,prob,0.2919,0.0517,0.8281,spread,5
2026-09-16,polling,senate_prob,prob,0.2763,0.2293,0.3432,spread,6
2026-09-16,market,senate_prob,prob,0.5417,0.52,0.575,spread,3
2026-09-16,academic,senate_prob,prob,0.2902,0.0459,0.8248,spread,5
2026-09-17,polling,senate_prob,prob,0.2971,0.2372,0.3524,spread,6
2026-09-17,market,senate_prob,prob,0.5797,0.5442,0.6,spread,3
2026-09-17,academic,senate_prob,prob,0.2909,0.0459,0.8251,spread,5
2026-09-18,polling,senate_prob,prob,0.286,0.2371,0.3433,spread,6
2026-09-18,market,senate_prob,prob,0.5914,0.5691,0.61,spread,3
2026-09-18,academic,senate_prob,prob,0.2911,0.0458,0.8251,spread,5
2026-09-19,polling,senate_prob,prob,0.2922,0.2371,0.3433,spread,6
2026-09-19,market,senate_prob,prob,0.6038,0.6,0.6065,spread,3
2026-09-19,academic,senate_prob,prob,0.293,0.0457,0.8251,spread,5
2026-09-20,polling,senate_prob,prob,0.2857,0.2371,0.3367,spread,6
2026-09-20,market,senate_prob,prob,0.6234,0.605,0.6553,spread,3
2026-09-20,academic,senate_prob,prob,0.293,0.0456,0.825,spread,5
2026-09-21,polling,senate_prob,prob,0.2838,0.237,0.3256,spread,6
2026-09-21,market,senate_prob,prob,0.6439,0.635,0.6568,spread,3
2026-09-21,academic,senate_prob,prob,0.2924,0.0456,0.8256,spread,5
2026-09-22,polling,senate_prob,prob,0.3036,0.2591,0.3715,spread,6
2026-09-22,market,senate_prob,prob,0.6498,0.6344,0.66,spread,3
2026-09-22,academic,senate_prob,prob,0.2972,0.0454,0.8254,spread,5
2026-09-23,polling,senate_prob,prob,0.304,0.2591,0.3735,spread,6
2026-09-23,market,senate_prob,prob,0.6654,0.655,0.6713,spread,3
2026-09-23,academic,senate_prob,prob,0.2815,0.0169,0.7728,spread,5
2026-09-24,polling,senate_prob,prob,0.3136,0.2732,0.3844,spread,6
2026-09-24,market,senate_prob,prob,0.6352,0.62,0.6607,spread,3
2026-09-24,academic,senate_prob,prob,0.282,0.0169,0.7726,spread,5
2026-09-25,polling,senate_prob,prob,0.3143,0.2665,0.3784,spread,6
2026-09-25,market,senate_prob,prob,0.6287,0.62,0.6412,spread,3
2026-09-25,academic,senate_prob,prob,0.2824,0.0169,0.7725,spread,5
2026-09-26,polling,senate_prob,prob,0.3155,0.2733,0.3785,spread,6
2026-09-26,market,senate_prob,prob,0.6352,0.625,0.6406,spread,3
2026-09-26,academic,senate_prob,prob,0.2824,0.0169,0.7725,spread,5
2026-09-27,polling,senate_prob,prob,0.3155,0.2733,0.3786,spread,6
2026-09-27,market,senate_prob,prob,0.6221,0.6,0.6412,spread,3
2026-09-27,academic,senate_prob,prob,0.2824,0.0168,0.7725,spread,5
2026-09-28,polling,senate_prob,prob,0.3154,0.2732,0.3786,spread,6
2026-09-28,market,senate_prob,prob,0.618,0.59,0.6389,spread,3
2026-09-28,academic,senate_prob,prob,0.2827,0.0168,0.7721,spread,5
2026-09-29,polling,senate_prob,prob,0.3154,0.273,0.3786,spread,6
2026-09-29,market,senate_prob,prob,0.6261,0.61,0.6434,spread,3
2026-09-29,academic,senate_prob,prob,0.2827,0.0167,0.7721,spread,5
2025-01-20,polling,senate_seats,seats,47.18,44.38,48.2,spread,5
2025-01-20,academic,senate_seats,seats,48.294,45.8,50.92,spread,5
2025-01-21,polling,senate_seats,seats,47.18,44.38,48.2,spread,5
2025-01-21,academic,senate_seats,seats,48.318,45.8,50.92,spread,5
2025-01-22,polling,senate_seats,seats,47.18,44.38,48.2,spread,5
2025-01-22,academic,senate_seats,seats,48.312,45.8,50.92,spread,5
2025-01-23,polling,senate_seats,seats,47.18,44.38,48.2,spread,5
2025-01-23,academic,senate_seats,seats,48.308,45.8,50.92,spread,5
2025-01-24,polling,senate_seats,seats,47.18,44.38,48.2,spread,5
2025-01-24,academic,senate_seats,seats,48.308,45.8,50.92,spread,5
2025-01-25,polling,senate_seats,seats,47.18,44.38,48.2,spread,5
2025-01-25,academic,senate_seats,seats,48.308,45.8,50.92,spread,5
2025-01-26,polling,senate_seats,seats,47.286,44.91,48.2,spread,5
2025-01-26,academic,senate_seats,seats,48.356,45.8,50.92,spread,5
2025-01-27,polling,senate_seats,seats,47.198,44.47,48.2,spread,5
2025-01-27,academic,senate_seats,seats,48.316,45.8,50.92,spread,5
2025-01-28,polling,senate_seats,seats,47.198,44.47,48.2,spread,5
2025-01-28,academic,senate_seats,seats,48.22,45.8,50.92,spread,5
2025-01-29,polling,senate_seats,seats,47.198,44.47,48.2,spread,5
2025-01-29,academic,senate_seats,seats,48.22,45.8,50.92,spread,5
2025-01-30,polling,senate_seats,seats,47.198,44.47,48.2,spread,5
2025-01-30,academic,senate_seats,seats,48.22,45.8,50.92,spread,5
2025-01-31,polling,senate_seats,seats,47.198,44.47,48.2,spread,5
2025-01-31,academic,senate_seats,seats,48.222,45.8,50.92,spread,5
2025-02-01,polling,senate_seats,seats,47.27,44.83,48.2,spread,5
2025-02-01,academic,senate_seats,seats,48.252,45.8,50.92,spread,5
2025-02-02,polling,senate_seats,seats,47.292,44.94,48.2,spread,5
2025-02-02,academic,senate_seats,seats,48.26,45.8,50.92,spread,5
2025-02-03,polling,senate_seats,seats,47.292,44.94,48.2,spread,5
2025-02-03,academic,senate_seats,seats,48.26,45.8,50.92,spread,5
2025-02-04,polling,senate_seats,seats,47.292,44.94,48.2,spread,5
2025-02-04,academic,senate_seats,seats,48.262,45.8,50.92,spread,5
2025-02-05,polling,senate_seats,seats,47.326,45.11,48.2,spread,5
2025-02-05,academic,senate_seats,seats,48.278,45.8,50.92,spread,5
2025-02-06,polling,senate_seats,seats,47.434,45.65,48.2,spread,5
2025-02-06,academic,senate_seats,seats,48.322,45.8,50.92,spread,5
2025-02-07,polling,senate_seats,seats,47.434,45.65,48.2,spread,5
2025-02-07,academic,senate_seats,seats,48.32,45.8,50.92,spread,5
2025-02-08,polling,senate_seats,seats,47.434,45.65,48.2,spread,5
2025-02-08,academic,senate_seats,seats,48.32,45.8,50.92,spread,5
2025-02-09,polling,senate_seats,seats,47.428,45.62,48.2,spread,5
2025-02-09,academic,senate_seats,seats,48.318,45.8,50.92,spread,5
2025-02-10,polling,senate_seats,seats,47.428,45.62,48.2,spread,5
2025-02-10,academic,senate_seats,seats,48.32,45.8,50.92,spread,5
2025-02-11,polling,senate_seats,seats,47.428,45.62,48.2,spread,5
2025-02-11,academic,senate_seats,seats,48.322,45.8,50.92,spread,5
2025-02-12,polling,senate_seats,seats,47.428,45.62,48.2,spread,5
2025-02-12,academic,senate_seats,seats,48.322,45.8,50.92,spread,5
2025-02-13,polling,senate_seats,seats,47.438,45.67,48.2,spread,5
2025-02-13,academic,senate_seats,seats,48.326,45.8,50.92,spread,5
2025-02-14,polling,senate_seats,seats,47.438,45.67,48.2,spread,5
2025-02-14,academic,senate_seats,seats,48.326,45.8,50.92,spread,5
2025-02-15,polling,senate_seats,seats,47.438,45.67,48.2,spread,5
2025-02-15,academic,senate_seats,seats,48.326,45.8,50.92,spread,5
2025-02-16,polling,senate_seats,seats,47.44,45.68,48.2,spread,5
2025-02-16,academic,senate_seats,seats,48.326,45.8,50.92,spread,5
2025-02-17,polling,senate_seats,seats,47.48,45.88,48.2,spread,5
2025-02-17,academic,senate_seats,seats,48.344,45.8,50.92,spread,5
2025-02-18,polling,senate_seats,seats,47.456,45.76,48.2,spread,5
2025-02-18,academic,senate_seats,seats,48.222,45.8,50.92,spread,5
2025-02-19,polling,senate_seats,seats,47.456,45.76,48.2,spread,5
2025-02-19,academic,senate_seats,seats,48.222,45.8,50.92,spread,5
2025-02-20,polling,senate_seats,seats,47.456,45.76,48.2,spread,5
2025-02-20,academic,senate_seats,seats,48.224,45.8,50.92,spread,5
2025-02-21,polling,senate_seats,seats,47.454,45.75,48.2,spread,5
2025-02-21,academic,senate_seats,seats,48.226,45.8,50.92,spread,5
2025-02-22,polling,senate_seats,seats,47.438,45.67,48.2,spread,5
2025-02-22,academic,senate_seats,seats,48.22,45.8,50.92,spread,5
2025-02-23,polling,senate_seats,seats,47.42,45.58,48.2,spread,5
2025-02-23,academic,senate_seats,seats,48.212,45.8,50.92,spread,5
2025-02-24,polling,senate_seats,seats,47.42,45.58,48.2,spread,5
2025-02-24,academic,senate_seats,seats,48.212,45.8,50.92,spread,5
2025-02-25,polling,senate_seats,seats,47.42,45.58,48.2,spread,5
2025-02-25,academic,senate_seats,seats,48.21,45.8,50.92,spread,5
2025-02-26,polling,senate_seats,seats,47.41,45.53,48.2,spread,5
2025-02-26,academic,senate_seats,seats,48.208,45.8,50.92,spread,5
2025-02-27,polling,senate_seats,seats,47.38,45.38,48.2,spread,5
2025-02-27,academic,senate_seats,seats,48.194,45.8,50.92,spread,5
2025-02-28,polling,senate_seats,seats,47.38,45.38,48.2,spread,5
2025-02-28,academic,senate_seats,seats,48.192,45.8,50.92,spread,5
2025-03-01,polling,senate_seats,seats,47.38,45.38,48.2,spread,5
2025-03-01,academic,senate_seats,seats,48.31,45.8,50.92,spread,5
2025-03-02,polling,senate_seats,seats,47.392,45.44,48.2,spread,5
2025-03-02,academic,senate_seats,seats,48.316,45.8,50.92,spread,5
2025-03-03,polling,senate_seats,seats,47.436,45.66,48.2,spread,5
2025-03-03,academic,senate_seats,seats,48.334,45.8,50.92,spread,5
2025-03-04,polling,senate_seats,seats,47.436,45.66,48.2,spread,5
2025-03-04,academic,senate_seats,seats,48.334,45.8,50.92,spread,5
2025-03-05,polling,senate_seats,seats,47.462,45.79,48.2,spread,5
2025-03-05,academic,senate_seats,seats,48.344,45.8,50.92,spread,5
2025-03-06,polling,senate_seats,seats,47.456,45.76,48.2,spread,5
2025-03-06,academic,senate_seats,seats,48.342,45.8,50.92,spread,5
2025-03-07,polling,senate_seats,seats,47.448,45.72,48.2,spread,5
2025-03-07,academic,senate_seats,seats,48.338,45.8,50.92,spread,5
2025-03-08,polling,senate_seats,seats,47.448,45.72,48.2,spread,5
2025-03-08,academic,senate_seats,seats,48.338,45.8,50.92,spread,5
2025-03-09,polling,senate_seats,seats,47.48,45.88,48.2,spread,5
2025-03-09,academic,senate_seats,seats,48.35,45.8,50.92,spread,5
2025-03-10,polling,senate_seats,seats,47.502,45.99,48.2,spread,5
2025-03-10,academic,senate_seats,seats,48.36,45.8,50.92,spread,5
2025-03-11,polling,senate_seats,seats,47.552,46.24,48.2,spread,5
2025-03-11,academic,senate_seats,seats,48.384,45.8,50.92,spread,5
2025-03-12,polling,senate_seats,seats,47.552,46.24,48.2,spread,5
2025-03-12,academic,senate_seats,seats,48.272,45.8,50.92,spread,5
2025-03-13,polling,senate_seats,seats,47.548,46.22,48.2,spread,5
2025-03-13,academic,senate_seats,seats,48.274,45.8,50.92,spread,5
2025-03-14,polling,senate_seats,seats,47.56,46.28,48.2,spread,5
2025-03-14,academic,senate_seats,seats,48.28,45.8,50.92,spread,5
2025-03-15,polling,senate_seats,seats,47.56,46.28,48.2,spread,5
2025-03-15,academic,senate_seats,seats,48.28,45.8,50.92,spread,5
2025-03-16,polling,senate_seats,seats,47.584,46.4,48.2,spread,5
2025-03-16,academic,senate_seats,seats,48.29,45.8,50.92,spread,5
2025-03-17,polling,senate_seats,seats,47.584,46.4,48.2,spread,5
2025-03-17,academic,senate_seats,seats,48.29,45.8,50.92,spread,5
2025-03-18,polling,senate_seats,seats,47.584,46.4,48.2,spread,5
2025-03-18,academic,senate_seats,seats,48.29,45.8,50.92,spread,5
2025-03-19,polling,senate_seats,seats,47.586,46.41,48.2,spread,5
2025-03-19,academic,senate_seats,seats,48.294,45.8,50.92,spread,5
2025-03-20,polling,senate_seats,seats,47.586,46.41,48.2,spread,5
2025-03-20,academic,senate_seats,seats,48.296,45.8,50.92,spread,5
2025-03-21,polling,senate_seats,seats,47.586,46.41,48.2,spread,5
2025-03-21,academic,senate_seats,seats,48.296,45.8,50.92,spread,5
2025-03-22,polling,senate_seats,seats,47.586,46.41,48.2,spread,5
2025-03-22,academic,senate_seats,seats,48.296,45.8,50.92,spread,5
2025-03-23,polling,senate_seats,seats,47.604,46.5,48.2,spread,5
2025-03-23,academic,senate_seats,seats,48.304,45.8,50.92,spread,5
2025-03-24,polling,senate_seats,seats,47.576,46.36,48.2,spread,5
2025-03-24,academic,senate_seats,seats,48.294,45.8,50.92,spread,5
2025-03-25,polling,senate_seats,seats,47.576,46.36,48.2,spread,5
2025-03-25,academic,senate_seats,seats,48.294,45.8,50.92,spread,5
2025-03-26,polling,senate_seats,seats,47.556,46.26,48.2,spread,5
2025-03-26,academic,senate_seats,seats,48.284,45.8,50.92,spread,5
2025-03-27,polling,senate_seats,seats,47.556,46.26,48.2,spread,5
2025-03-27,academic,senate_seats,seats,48.284,45.8,50.92,spread,5
2025-03-28,polling,senate_seats,seats,47.58,46.38,48.2,spread,5
2025-03-28,academic,senate_seats,seats,48.294,45.8,50.92,spread,5
2025-03-29,polling,senate_seats,seats,47.58,46.38,48.2,spread,5
2025-03-29,academic,senate_seats,seats,48.294,45.8,50.92,spread,5
2025-03-30,polling,senate_seats,seats,47.564,46.3,48.2,spread,5
2025-03-30,academic,senate_seats,seats,48.286,45.8,50.92,spread,5
2025-03-31,polling,senate_seats,seats,47.564,46.3,48.2,spread,5
2025-03-31,academic,senate_seats,seats,48.286,45.8,50.92,spread,5
2025-04-01,polling,senate_seats,seats,47.564,46.3,48.2,spread,5
2025-04-01,academic,senate_seats,seats,48.306,45.8,50.92,spread,5
2025-04-02,polling,senate_seats,seats,47.564,46.3,48.2,spread,5
2025-04-02,academic,senate_seats,seats,48.308,45.8,50.92,spread,5
2025-04-03,polling,senate_seats,seats,47.61,46.53,48.2,spread,5
2025-04-03,academic,senate_seats,seats,48.326,45.8,50.92,spread,5
2025-04-04,polling,senate_seats,seats,47.61,46.53,48.2,spread,5
2025-04-04,academic,senate_seats,seats,48.326,45.8,50.92,spread,5
2025-04-05,polling,senate_seats,seats,47.61,46.53,48.2,spread,5
2025-04-05,academic,senate_seats,seats,48.326,45.8,50.92,spread,5
2025-04-06,polling,senate_seats,seats,47.626,46.61,48.2,spread,5
2025-04-06,academic,senate_seats,seats,48.334,45.8,50.92,spread,5
2025-04-07,polling,senate_seats,seats,47.626,46.61,48.2,spread,5
2025-04-07,academic,senate_seats,seats,48.33,45.8,50.92,spread,5
2025-04-08,polling,senate_seats,seats,47.636,46.66,48.2,spread,5
2025-04-08,academic,senate_seats,seats,48.338,45.8,50.92,spread,5
2025-04-09,polling,senate_seats,seats,47.638,46.67,48.2,spread,5
2025-04-09,academic,senate_seats,seats,48.338,45.8,50.92,spread,5
2025-04-10,polling,senate_seats,seats,47.654,46.75,48.2,spread,5
2025-04-10,academic,senate_seats,seats,48.35,45.8,50.92,spread,5
2025-04-11,polling,senate_seats,seats,47.654,46.75,48.2,spread,5
2025-04-11,academic,senate_seats,seats,48.352,45.8,50.92,spread,5
2025-04-12,polling,senate_seats,seats,47.682,46.89,48.2,spread,5
2025-04-12,academic,senate_seats,seats,48.364,45.8,50.92,spread,5
2025-04-13,polling,senate_seats,seats,47.708,47.02,48.2,spread,5
2025-04-13,academic,senate_seats,seats,48.378,45.8,50.92,spread,5
2025-04-14,polling,senate_seats,seats,47.686,46.91,48.2,spread,5
2025-04-14,academic,senate_seats,seats,48.366,45.8,50.92,spread,5
2025-04-15,polling,senate_seats,seats,47.686,46.91,48.2,spread,5
2025-04-15,academic,senate_seats,seats,48.368,45.8,50.92,spread,5
2025-04-16,polling,senate_seats,seats,47.714,47.05,48.2,spread,5
2025-04-16,academic,senate_seats,seats,48.38,45.8,50.92,spread,5
2025-04-17,polling,senate_seats,seats,47.714,47.05,48.2,spread,5
2025-04-17,academic,senate_seats,seats,48.382,45.8,50.92,spread,5
2025-04-18,polling,senate_seats,seats,47.724,47.1,48.2,spread,5
2025-04-18,academic,senate_seats,seats,48.386,45.8,50.92,spread,5
2025-04-19,polling,senate_seats,seats,47.71,47.03,48.2,spread,5
2025-04-19,academic,senate_seats,seats,48.38,45.8,50.92,spread,5
2025-04-20,polling,senate_seats,seats,47.718,47.07,48.2,spread,5
2025-04-20,academic,senate_seats,seats,48.382,45.8,50.92,spread,5
2025-04-21,polling,senate_seats,seats,47.75,47.23,48.2,spread,5
2025-04-21,academic,senate_seats,seats,48.4,45.8,50.92,spread,5
2025-04-22,polling,senate_seats,seats,47.752,47.24,48.2,spread,5
2025-04-22,academic,senate_seats,seats,48.406,45.8,50.92,spread,5
2025-04-23,polling,senate_seats,seats,47.752,47.24,48.2,spread,5
2025-04-23,academic,senate_seats,seats,48.282,45.8,50.92,spread,5
2025-04-24,polling,senate_seats,seats,47.762,47.29,48.2,spread,5
2025-04-24,academic,senate_seats,seats,48.284,45.8,50.92,spread,5
2025-04-25,polling,senate_seats,seats,47.762,47.29,48.2,spread,5
2025-04-25,academic,senate_seats,seats,48.284,45.8,50.92,spread,5
2025-04-26,polling,senate_seats,seats,47.762,47.29,48.2,spread,5
2025-04-26,academic,senate_seats,seats,48.286,45.8,50.92,spread,5
2025-04-27,polling,senate_seats,seats,47.782,47.39,48.2,spread,5
2025-04-27,academic,senate_seats,seats,48.296,45.8,50.92,spread,5
2025-04-28,polling,senate_seats,seats,47.782,47.39,48.2,spread,5
2025-04-28,academic,senate_seats,seats,48.298,45.8,50.92,spread,5
2025-04-29,polling,senate_seats,seats,47.766,47.31,48.2,spread,5
2025-04-29,academic,senate_seats,seats,48.29,45.8,50.92,spread,5
2025-04-30,polling,senate_seats,seats,47.772,47.34,48.2,spread,5
2025-04-30,academic,senate_seats,seats,48.292,45.8,50.92,spread,5
2025-05-01,polling,senate_seats,seats,47.772,47.34,48.2,spread,5
2025-05-01,academic,senate_seats,seats,48.296,45.8,50.92,spread,5
2025-05-02,polling,senate_seats,seats,47.772,47.34,48.2,spread,5
2025-05-02,academic,senate_seats,seats,48.298,45.8,50.92,spread,5
2025-05-03,polling,senate_seats,seats,47.766,47.31,48.2,spread,5
2025-05-03,academic,senate_seats,seats,48.296,45.8,50.92,spread,5
2025-05-04,polling,senate_seats,seats,47.774,47.35,48.2,spread,5
2025-05-04,academic,senate_seats,seats,48.298,45.8,50.92,spread,5
2025-05-05,polling,senate_seats,seats,47.806,47.51,48.2,spread,5
2025-05-05,academic,senate_seats,seats,48.314,45.8,50.92,spread,5
2025-05-06,polling,senate_seats,seats,47.83,47.63,48.2,spread,5
2025-05-06,academic,senate_seats,seats,48.324,45.8,50.92,spread,5
2025-05-07,polling,senate_seats,seats,47.812,47.54,48.2,spread,5
2025-05-07,academic,senate_seats,seats,48.314,45.8,50.92,spread,5
2025-05-08,polling,senate_seats,seats,47.802,47.49,48.2,spread,5
2025-05-08,academic,senate_seats,seats,48.31,45.8,50.92,spread,5
2025-05-09,polling,senate_seats,seats,47.802,47.49,48.2,spread,5
2025-05-09,academic,senate_seats,seats,48.31,45.8,50.92,spread,5
2025-05-10,polling,senate_seats,seats,47.826,47.61,48.2,spread,5
2025-05-10,academic,senate_seats,seats,48.32,45.8,50.92,spread,5
2025-05-11,polling,senate_seats,seats,47.814,47.55,48.2,spread,5
2025-05-11,academic,senate_seats,seats,48.314,45.8,50.92,spread,5
2025-05-12,polling,senate_seats,seats,47.756,47.26,48.2,spread,5
2025-05-12,academic,senate_seats,seats,48.288,45.8,50.92,spread,5
2025-05-13,polling,senate_seats,seats,47.756,47.26,48.2,spread,5
2025-05-13,academic,senate_seats,seats,48.286,45.8,50.92,spread,5
2025-05-14,polling,senate_seats,seats,47.756,47.26,48.2,spread,5
2025-05-14,academic,senate_seats,seats,48.288,45.8,50.92,spread,5
2025-05-15,polling,senate_seats,seats,47.746,47.21,48.2,spread,5
2025-05-15,academic,senate_seats,seats,48.282,45.8,50.92,spread,5
2025-05-16,polling,senate_seats,seats,47.742,47.19,48.2,spread,5
2025-05-16,academic,senate_seats,seats,48.28,45.8,50.92,spread,5
2025-05-17,polling,senate_seats,seats,47.742,47.19,48.2,spread,5
2025-05-17,academic,senate_seats,seats,48.278,45.8,50.92,spread,5
2025-05-18,polling,senate_seats,seats,47.698,46.97,48.2,spread,5
2025-05-18,academic,senate_seats,seats,48.258,45.8,50.92,spread,5
2025-05-19,polling,senate_seats,seats,47.692,46.94,48.2,spread,5
2025-05-19,academic,senate_seats,seats,48.256,45.8,50.92,spread,5
2025-05-20,polling,senate_seats,seats,47.712,47.04,48.2,spread,5
2025-05-20,academic,senate_seats,seats,48.262,45.8,50.92,spread,5
2025-05-21,polling,senate_seats,seats,47.712,47.04,48.2,spread,5
2025-05-21,academic,senate_seats,seats,48.262,45.8,50.92,spread,5
2025-05-22,polling,senate_seats,seats,47.712,47.04,48.2,spread,5
2025-05-22,academic,senate_seats,seats,48.266,45.8,50.92,spread,5
2025-05-23,polling,senate_seats,seats,47.712,47.04,48.2,spread,5
2025-05-23,academic,senate_seats,seats,48.266,45.8,50.92,spread,5
2025-05-24,polling,senate_seats,seats,47.712,47.04,48.2,spread,5
2025-05-24,academic,senate_seats,seats,48.266,45.8,50.92,spread,5
2025-05-25,polling,senate_seats,seats,47.696,46.96,48.2,spread,5
2025-05-25,academic,senate_seats,seats,48.258,45.8,50.92,spread,5
2025-05-26,polling,senate_seats,seats,47.674,46.85,48.2,spread,5
2025-05-26,academic,senate_seats,seats,48.246,45.8,50.92,spread,5
2025-05-27,polling,senate_seats,seats,47.692,46.94,48.2,spread,5
2025-05-27,academic,senate_seats,seats,48.258,45.8,50.92,spread,5
2025-05-28,polling,senate_seats,seats,47.692,46.94,48.2,spread,5
2025-05-28,academic,senate_seats,seats,48.258,45.8,50.92,spread,5
2025-05-29,polling,senate_seats,seats,47.694,46.95,48.2,spread,5
2025-05-29,academic,senate_seats,seats,48.258,45.8,50.92,spread,5
2025-05-30,polling,senate_seats,seats,47.68,46.88,48.2,spread,5
2025-05-30,academic,senate_seats,seats,48.254,45.8,50.92,spread,5
2025-05-31,polling,senate_seats,seats,47.68,46.88,48.2,spread,5
2025-05-31,academic,senate_seats,seats,48.254,45.8,50.92,spread,5
2025-06-01,polling,senate_seats,seats,47.684,46.9,48.2,spread,5
2025-06-01,academic,senate_seats,seats,48.198,45.8,50.92,spread,5
2025-06-02,polling,senate_seats,seats,47.704,47.0,48.2,spread,5
2025-06-02,academic,senate_seats,seats,48.204,45.8,50.91,spread,5
2025-06-03,polling,senate_seats,seats,47.704,47.0,48.2,spread,5
2025-06-03,academic,senate_seats,seats,48.204,45.8,50.91,spread,5
2025-06-04,polling,senate_seats,seats,47.7,46.98,48.2,spread,5
2025-06-04,academic,senate_seats,seats,48.202,45.8,50.91,spread,5
2025-06-05,polling,senate_seats,seats,47.7,46.98,48.2,spread,5
2025-06-05,academic,senate_seats,seats,48.206,45.8,50.91,spread,5
2025-06-06,polling,senate_seats,seats,47.738,47.17,48.2,spread,5
2025-06-06,academic,senate_seats,seats,48.22,45.8,50.91,spread,5
2025-06-07,polling,senate_seats,seats,47.738,47.17,48.2,spread,5
2025-06-07,academic,senate_seats,seats,48.22,45.8,50.91,spread,5
2025-06-08,polling,senate_seats,seats,47.732,47.14,48.2,spread,5
2025-06-08,academic,senate_seats,seats,48.218,45.8,50.91,spread,5
2025-06-09,polling,senate_seats,seats,47.736,47.16,48.2,spread,5
2025-06-09,academic,senate_seats,seats,48.218,45.8,50.91,spread,5
2025-06-10,polling,senate_seats,seats,47.736,47.16,48.2,spread,5
2025-06-10,academic,senate_seats,seats,48.222,45.8,50.91,spread,5
2025-06-11,polling,senate_seats,seats,47.7,46.98,48.2,spread,5
2025-06-11,academic,senate_seats,seats,48.204,45.8,50.91,spread,5
2025-06-12,polling,senate_seats,seats,47.746,47.21,48.2,spread,5
2025-06-12,academic,senate_seats,seats,48.226,45.8,50.91,spread,5
2025-06-13,polling,senate_seats,seats,47.746,47.21,48.2,spread,5
2025-06-13,academic,senate_seats,seats,48.226,45.8,50.91,spread,5
2025-06-14,polling,senate_seats,seats,47.78,47.38,48.2,spread,5
2025-06-14,academic,senate_seats,seats,48.242,45.8,50.91,spread,5
2025-06-15,polling,senate_seats,seats,47.742,47.19,48.2,spread,5
2025-06-15,academic,senate_seats,seats,48.224,45.8,50.91,spread,5
2025-06-16,polling,senate_seats,seats,47.77,47.33,48.2,spread,5
2025-06-16,academic,senate_seats,seats,48.238,45.8,50.91,spread,5
2025-06-17,polling,senate_seats,seats,47.722,47.09,48.2,spread,5
2025-06-17,academic,senate_seats,seats,48.214,45.8,50.91,spread,5
2025-06-18,polling,senate_seats,seats,47.712,47.04,48.2,spread,5
2025-06-18,academic,senate_seats,seats,48.21,45.8,50.91,spread,5
2025-06-19,polling,senate_seats,seats,47.672,46.84,48.2,spread,5
2025-06-19,academic,senate_seats,seats,48.19,45.8,50.91,spread,5
2025-06-20,polling,senate_seats,seats,47.672,46.84,48.2,spread,5
2025-06-20,academic,senate_seats,seats,48.194,45.8,50.91,spread,5
2025-06-21,polling,senate_seats,seats,47.68,46.88,48.2,spread,5
2025-06-21,academic,senate_seats,seats,48.198,45.8,50.91,spread,5
2025-06-22,polling,senate_seats,seats,47.682,46.89,48.2,spread,5
2025-06-22,academic,senate_seats,seats,48.2,45.8,50.91,spread,5
2025-06-23,polling,senate_seats,seats,47.704,47.0,48.2,spread,5
2025-06-23,academic,senate_seats,seats,48.212,45.8,50.91,spread,5
2025-06-24,polling,senate_seats,seats,47.704,47.0,48.2,spread,5
2025-06-24,academic,senate_seats,seats,48.214,45.8,50.91,spread,5
2025-06-25,polling,senate_seats,seats,47.726,47.11,48.2,spread,5
2025-06-25,academic,senate_seats,seats,48.224,45.8,50.91,spread,5
2025-06-26,polling,senate_seats,seats,47.726,47.11,48.2,spread,5
2025-06-26,academic,senate_seats,seats,48.224,45.8,50.91,spread,5
2025-06-27,polling,senate_seats,seats,47.702,46.99,48.2,spread,5
2025-06-27,academic,senate_seats,seats,48.21,45.8,50.9,spread,5
2025-06-28,polling,senate_seats,seats,47.702,46.99,48.2,spread,5
2025-06-28,academic,senate_seats,seats,48.208,45.8,50.9,spread,5
2025-06-29,polling,senate_seats,seats,47.712,47.04,48.2,spread,5
2025-06-29,academic,senate_seats,seats,48.214,45.8,50.9,spread,5
2025-06-30,polling,senate_seats,seats,47.73,47.13,48.2,spread,5
2025-06-30,academic,senate_seats,seats,48.256,45.8,51.07,spread,5
2025-07-01,polling,senate_seats,seats,47.73,47.13,48.2,spread,5
2025-07-01,academic,senate_seats,seats,48.292,45.8,51.17,spread,5
2025-07-02,polling,senate_seats,seats,47.744,47.2,48.2,spread,5
2025-07-02,academic,senate_seats,seats,48.298,45.8,51.17,spread,5
2025-07-03,polling,senate_seats,seats,47.714,47.05,48.2,spread,5
2025-07-03,academic,senate_seats,seats,48.284,45.8,51.17,spread,5
2025-07-04,polling,senate_seats,seats,47.716,47.06,48.2,spread,5
2025-07-04,academic,senate_seats,seats,48.282,45.8,51.17,spread,5
2025-07-05,polling,senate_seats,seats,47.682,46.89,48.2,spread,5
2025-07-05,academic,senate_seats,seats,48.268,45.8,51.17,spread,5
2025-07-06,polling,senate_seats,seats,47.73,47.13,48.2,spread,5
2025-07-06,academic,senate_seats,seats,48.288,45.8,51.17,spread,5
2025-07-07,polling,senate_seats,seats,47.732,47.14,48.2,spread,5
2025-07-07,academic,senate_seats,seats,48.286,45.8,51.17,spread,5
2025-07-08,polling,senate_seats,seats,47.748,47.22,48.2,spread,5
2025-07-08,academic,senate_seats,seats,48.294,45.8,51.17,spread,5
2025-07-09,polling,senate_seats,seats,47.766,47.31,48.2,spread,5
2025-07-09,academic,senate_seats,seats,48.302,45.8,51.17,spread,5
2025-07-10,polling,senate_seats,seats,47.84,47.68,48.2,spread,5
2025-07-10,academic,senate_seats,seats,48.334,45.8,51.17,spread,5
2025-07-11,polling,senate_seats,seats,47.84,47.68,48.2,spread,5
2025-07-11,academic,senate_seats,seats,48.336,45.8,51.17,spread,5
2025-07-12,polling,senate_seats,seats,47.842,47.69,48.2,spread,5
2025-07-12,academic,senate_seats,seats,48.336,45.8,51.16,spread,5
2025-07-13,polling,senate_seats,seats,47.856,47.72,48.2,spread,5
2025-07-13,academic,senate_seats,seats,48.344,45.8,51.16,spread,5
2025-07-14,polling,senate_seats,seats,47.758,47.27,48.2,spread,5
2025-07-14,academic,senate_seats,seats,48.306,45.8,51.16,spread,5
2025-07-15,polling,senate_seats,seats,47.758,47.27,48.2,spread,5
2025-07-15,academic,senate_seats,seats,48.306,45.8,51.16,spread,5
2025-07-16,polling,senate_seats,seats,47.704,47.0,48.2,spread,5
2025-07-16,academic,senate_seats,seats,48.278,45.8,51.16,spread,5
2025-07-17,polling,senate_seats,seats,47.726,47.11,48.2,spread,5
2025-07-17,academic,senate_seats,seats,48.29,45.8,51.16,spread,5
2025-07-18,polling,senate_seats,seats,47.774,47.35,48.2,spread,5
2025-07-18,academic,senate_seats,seats,48.312,45.8,51.16,spread,5
2025-07-19,polling,senate_seats,seats,47.774,47.35,48.2,spread,5
2025-07-19,academic,senate_seats,seats,48.312,45.8,51.16,spread,5
2025-07-20,polling,senate_seats,seats,47.79,47.43,48.2,spread,5
2025-07-20,academic,senate_seats,seats,48.32,45.8,51.16,spread,5
2025-07-21,polling,senate_seats,seats,47.784,47.4,48.2,spread,5
2025-07-21,academic,senate_seats,seats,48.32,45.8,51.16,spread,5
2025-07-22,polling,senate_seats,seats,47.788,47.42,48.2,spread,5
2025-07-22,academic,senate_seats,seats,48.322,45.8,51.16,spread,5
2025-07-23,polling,senate_seats,seats,47.792,47.44,48.2,spread,5
2025-07-23,academic,senate_seats,seats,48.324,45.8,51.16,spread,5
2025-07-24,polling,senate_seats,seats,47.804,47.5,48.2,spread,5
2025-07-24,academic,senate_seats,seats,48.33,45.8,51.16,spread,5
2025-07-25,polling,senate_seats,seats,47.804,47.5,48.2,spread,5
2025-07-25,academic,senate_seats,seats,48.33,45.8,51.16,spread,5
2025-07-26,polling,senate_seats,seats,47.804,47.5,48.2,spread,5
2025-07-26,academic,senate_seats,seats,48.33,45.8,51.16,spread,5
2025-07-27,polling,senate_seats,seats,47.798,47.47,48.2,spread,5
2025-07-27,academic,senate_seats,seats,48.326,45.8,51.16,spread,5
2025-07-28,polling,senate_seats,seats,47.818,47.57,48.2,spread,5
2025-07-28,academic,senate_seats,seats,48.36,45.8,51.27,spread,5
2025-07-29,polling,senate_seats,seats,47.822,47.59,48.2,spread,5
2025-07-29,academic,senate_seats,seats,48.362,45.8,51.27,spread,5
2025-07-30,polling,senate_seats,seats,47.822,47.59,48.2,spread,5
2025-07-30,academic,senate_seats,seats,48.366,45.8,51.27,spread,5
2025-07-31,polling,senate_seats,seats,47.848,47.72,48.2,spread,5
2025-07-31,academic,senate_seats,seats,48.39,45.8,51.33,spread,5
2025-08-01,polling,senate_seats,seats,47.848,47.72,48.2,spread,5
2025-08-01,academic,senate_seats,seats,48.422,45.8,51.5,spread,5
2025-08-02,polling,senate_seats,seats,47.848,47.72,48.2,spread,5
2025-08-02,academic,senate_seats,seats,48.422,45.8,51.5,spread,5
2025-08-03,polling,senate_seats,seats,47.854,47.72,48.2,spread,5
2025-08-03,academic,senate_seats,seats,48.42,45.8,51.5,spread,5
2025-08-04,polling,senate_seats,seats,47.912,47.72,48.2,spread,5
2025-08-04,academic,senate_seats,seats,48.458,45.8,51.55,spread,5
2025-08-05,polling,senate_seats,seats,47.912,47.72,48.2,spread,5
2025-08-05,academic,senate_seats,seats,48.458,45.8,51.55,spread,5
2025-08-06,polling,senate_seats,seats,47.946,47.72,48.21,spread,5
2025-08-06,academic,senate_seats,seats,48.472,45.8,51.55,spread,5
2025-08-07,polling,senate_seats,seats,47.944,47.72,48.2,spread,5
2025-08-07,academic,senate_seats,seats,48.47,45.8,51.54,spread,5
2025-08-08,polling,senate_seats,seats,47.918,47.72,48.2,spread,5
2025-08-08,academic,senate_seats,seats,48.458,45.8,51.54,spread,5
2025-08-09,polling,senate_seats,seats,47.904,47.72,48.2,spread,5
2025-08-09,academic,senate_seats,seats,48.45,45.8,51.54,spread,5
2025-08-10,polling,senate_seats,seats,47.902,47.72,48.2,spread,5
2025-08-10,academic,senate_seats,seats,48.446,45.8,51.54,spread,5
2025-08-11,polling,senate_seats,seats,47.896,47.72,48.2,spread,5
2025-08-11,academic,senate_seats,seats,48.442,45.8,51.54,spread,5
2025-08-12,polling,senate_seats,seats,47.9,47.72,48.2,spread,5
2025-08-12,academic,senate_seats,seats,48.454,45.8,51.59,spread,5
2025-08-13,polling,senate_seats,seats,47.9,47.72,48.2,spread,5
2025-08-13,academic,senate_seats,seats,48.45,45.8,51.59,spread,5
2025-08-14,polling,senate_seats,seats,47.896,47.72,48.2,spread,5
2025-08-14,academic,senate_seats,seats,48.448,45.8,51.59,spread,5
2025-08-15,polling,senate_seats,seats,47.896,47.72,48.2,spread,5
2025-08-15,academic,senate_seats,seats,48.45,45.8,51.59,spread,5
2025-08-16,polling,senate_seats,seats,47.896,47.72,48.2,spread,5
2025-08-16,academic,senate_seats,seats,48.45,45.8,51.59,spread,5
2025-08-17,polling,senate_seats,seats,47.892,47.72,48.2,spread,5
2025-08-17,academic,senate_seats,seats,48.452,45.8,51.59,spread,5
2025-08-18,polling,senate_seats,seats,47.886,47.72,48.2,spread,5
2025-08-18,academic,senate_seats,seats,48.452,45.8,51.59,spread,5
2025-08-19,polling,senate_seats,seats,47.886,47.72,48.2,spread,5
2025-08-19,academic,senate_seats,seats,48.45,45.8,51.58,spread,5
2025-08-20,polling,senate_seats,seats,47.886,47.72,48.2,spread,5
2025-08-20,academic,senate_seats,seats,48.452,45.8,51.58,spread,5
2025-08-21,polling,senate_seats,seats,47.866,47.72,48.2,spread,5
2025-08-21,academic,senate_seats,seats,48.45,45.8,51.62,spread,5
2025-08-22,polling,senate_seats,seats,47.866,47.72,48.2,spread,5
2025-08-22,academic,senate_seats,seats,48.45,45.8,51.62,spread,5
2025-08-23,polling,senate_seats,seats,47.866,47.72,48.2,spread,5
2025-08-23,academic,senate_seats,seats,48.452,45.8,51.62,spread,5
2025-08-24,polling,senate_seats,seats,47.82,47.58,48.2,spread,5
2025-08-24,academic,senate_seats,seats,48.428,45.8,51.62,spread,5
2025-08-25,polling,senate_seats,seats,47.798,47.47,48.2,spread,5
2025-08-25,academic,senate_seats,seats,48.42,45.8,51.62,spread,5
2025-08-26,polling,senate_seats,seats,47.766,47.31,48.2,spread,5
2025-08-26,academic,senate_seats,seats,48.404,45.8,51.62,spread,5
2025-08-27,polling,senate_seats,seats,47.766,47.31,48.2,spread,5
2025-08-27,academic,senate_seats,seats,48.404,45.8,51.62,spread,5
2025-08-28,polling,senate_seats,seats,47.766,47.31,48.2,spread,5
2025-08-28,academic,senate_seats,seats,48.404,45.8,51.62,spread,5
2025-08-29,polling,senate_seats,seats,47.766,47.31,48.2,spread,5
2025-08-29,academic,senate_seats,seats,48.404,45.8,51.62,spread,5
2025-08-30,polling,senate_seats,seats,47.77,47.33,48.2,spread,5
2025-08-30,academic,senate_seats,seats,48.406,45.8,51.62,spread,5
2025-08-31,polling,senate_seats,seats,47.784,47.4,48.2,spread,5
2025-08-31,academic,senate_seats,seats,48.412,45.8,51.62,spread,5
2025-09-01,polling,senate_seats,seats,47.83,47.63,48.2,spread,5
2025-09-01,academic,senate_seats,seats,48.47,45.8,51.83,spread,5
2025-09-02,polling,senate_seats,seats,47.844,47.7,48.2,spread,5
2025-09-02,academic,senate_seats,seats,48.484,45.8,51.87,spread,5
2025-09-03,polling,senate_seats,seats,47.844,47.7,48.2,spread,5
2025-09-03,academic,senate_seats,seats,48.482,45.8,51.87,spread,5
2025-09-04,polling,senate_seats,seats,47.844,47.7,48.2,spread,5
2025-09-04,academic,senate_seats,seats,48.482,45.8,51.87,spread,5
2025-09-05,polling,senate_seats,seats,47.844,47.7,48.2,spread,5
2025-09-05,academic,senate_seats,seats,48.482,45.8,51.87,spread,5
2025-09-06,polling,senate_seats,seats,47.844,47.7,48.2,spread,5
2025-09-06,academic,senate_seats,seats,48.482,45.8,51.87,spread,5
2025-09-07,polling,senate_seats,seats,47.848,47.72,48.2,spread,5
2025-09-07,academic,senate_seats,seats,48.482,45.8,51.87,spread,5
2025-09-08,polling,senate_seats,seats,47.84,47.68,48.2,spread,5
2025-09-08,academic,senate_seats,seats,48.478,45.8,51.87,spread,5
2025-09-09,polling,senate_seats,seats,47.84,47.68,48.2,spread,5
2025-09-09,academic,senate_seats,seats,48.482,45.8,51.87,spread,5
2025-09-10,polling,senate_seats,seats,47.84,47.68,48.2,spread,5
2025-09-10,academic,senate_seats,seats,48.482,45.8,51.87,spread,5
2025-09-11,polling,senate_seats,seats,47.84,47.68,48.2,spread,5
2025-09-11,academic,senate_seats,seats,48.488,45.8,51.91,spread,5
2025-09-12,polling,senate_seats,seats,47.844,47.7,48.2,spread,5
2025-09-12,academic,senate_seats,seats,48.49,45.8,51.91,spread,5
2025-09-13,polling,senate_seats,seats,47.84,47.68,48.2,spread,5
2025-09-13,academic,senate_seats,seats,48.488,45.8,51.91,spread,5
2025-09-14,polling,senate_seats,seats,47.862,47.72,48.2,spread,5
2025-09-14,academic,senate_seats,seats,48.506,45.8,51.96,spread,5
2025-09-15,polling,senate_seats,seats,47.862,47.72,48.2,spread,5
2025-09-15,academic,senate_seats,seats,48.51,45.8,51.96,spread,5
2025-09-16,polling,senate_seats,seats,47.904,47.72,48.2,spread,5
2025-09-16,academic,senate_seats,seats,48.526,45.8,51.96,spread,5
2025-09-17,polling,senate_seats,seats,47.904,47.72,48.2,spread,5
2025-09-17,academic,senate_seats,seats,48.526,45.8,51.96,spread,5
2025-09-18,polling,senate_seats,seats,47.914,47.72,48.2,spread,5
2025-09-18,academic,senate_seats,seats,48.53,45.8,51.96,spread,5
2025-09-19,polling,senate_seats,seats,47.918,47.72,48.2,spread,5
2025-09-19,academic,senate_seats,seats,48.536,45.8,51.96,spread,5
2025-09-20,polling,senate_seats,seats,47.92,47.72,48.2,spread,5
2025-09-20,academic,senate_seats,seats,48.536,45.8,51.95,spread,5
2025-09-21,polling,senate_seats,seats,47.912,47.72,48.2,spread,5
2025-09-21,academic,senate_seats,seats,48.532,45.8,51.95,spread,5
2025-09-22,polling,senate_seats,seats,47.848,47.72,48.2,spread,5
2025-09-22,academic,senate_seats,seats,48.504,45.8,51.95,spread,5
2025-09-23,polling,senate_seats,seats,47.836,47.66,48.2,spread,5
2025-09-23,academic,senate_seats,seats,48.508,45.8,51.99,spread,5
2025-09-24,polling,senate_seats,seats,47.822,47.59,48.2,spread,5
2025-09-24,academic,senate_seats,seats,48.498,45.8,51.99,spread,5
2025-09-25,polling,senate_seats,seats,47.822,47.59,48.2,spread,5
2025-09-25,academic,senate_seats,seats,48.5,45.8,51.99,spread,5
2025-09-26,polling,senate_seats,seats,47.822,47.59,48.2,spread,5
2025-09-26,academic,senate_seats,seats,48.5,45.8,51.99,spread,5
2025-09-27,polling,senate_seats,seats,47.822,47.59,48.2,spread,5
2025-09-27,academic,senate_seats,seats,48.5,45.8,51.99,spread,5
2025-09-28,polling,senate_seats,seats,47.82,47.58,48.2,spread,5
2025-09-28,academic,senate_seats,seats,48.502,45.8,51.99,spread,5
2025-09-29,polling,senate_seats,seats,47.82,47.58,48.2,spread,5
2025-09-29,academic,senate_seats,seats,48.502,45.8,51.99,spread,5
2025-09-30,polling,senate_seats,seats,47.82,47.58,48.2,spread,5
2025-09-30,academic,senate_seats,seats,48.516,45.8,52.04,spread,5
2025-10-01,polling,senate_seats,seats,47.82,47.58,48.2,spread,5
2025-10-01,academic,senate_seats,seats,48.552,45.8,52.3,spread,5
2025-10-02,polling,senate_seats,seats,47.804,47.5,48.2,spread,5
2025-10-02,academic,senate_seats,seats,48.544,45.8,52.3,spread,5
2025-10-03,polling,senate_seats,seats,47.798,47.47,48.2,spread,5
2025-10-03,academic,senate_seats,seats,48.542,45.8,52.3,spread,5
2025-10-04,polling,senate_seats,seats,47.798,47.47,48.2,spread,5
2025-10-04,academic,senate_seats,seats,48.54,45.8,52.3,spread,5
2025-10-05,polling,senate_seats,seats,47.798,47.47,48.2,spread,5
2025-10-05,academic,senate_seats,seats,48.54,45.8,52.3,spread,5
2025-10-06,polling,senate_seats,seats,47.822,47.59,48.2,spread,5
2025-10-06,academic,senate_seats,seats,48.56,45.8,52.35,spread,5
2025-10-07,polling,senate_seats,seats,47.88,47.52,48.24,spread,5
2025-10-07,academic,senate_seats,seats,48.554,45.8,52.35,spread,5
2025-10-08,polling,senate_seats,seats,47.872,47.52,48.24,spread,5
2025-10-08,academic,senate_seats,seats,48.556,45.8,52.35,spread,5
2025-10-09,polling,senate_seats,seats,47.854,47.43,48.24,spread,5
2025-10-09,academic,senate_seats,seats,48.548,45.8,52.35,spread,5
2025-10-10,polling,senate_seats,seats,47.839,47.35,48.24,spread,5
2025-10-10,academic,senate_seats,seats,48.54,45.8,52.35,spread,5
2025-10-11,polling,senate_seats,seats,47.84,47.35,48.24,spread,5
2025-10-11,academic,senate_seats,seats,48.54,45.8,52.35,spread,5
2025-10-12,polling,senate_seats,seats,47.598,47.37,47.84,spread,5
2025-10-12,academic,senate_seats,seats,48.542,45.8,52.35,spread,5
2025-10-13,polling,senate_seats,seats,47.644,47.47,47.84,spread,5
2025-10-13,academic,senate_seats,seats,48.562,45.8,52.35,spread,5
2025-10-14,polling,senate_seats,seats,47.662,47.34,47.88,spread,5
2025-10-14,academic,senate_seats,seats,48.558,45.8,52.34,spread,5
2025-10-15,polling,senate_seats,seats,47.698,47.34,47.88,spread,5
2025-10-15,academic,senate_seats,seats,48.584,45.8,52.39,spread,5
2025-10-16,polling,senate_seats,seats,47.74,47.43,47.88,spread,5
2025-10-16,academic,senate_seats,seats,48.58,45.8,52.39,spread,5
2025-10-17,polling,senate_seats,seats,47.674,47.3,47.88,spread,5
2025-10-17,academic,senate_seats,seats,48.58,45.8,52.39,spread,5
2025-10-18,polling,senate_seats,seats,47.676,47.3,47.88,spread,5
2025-10-18,academic,senate_seats,seats,48.582,45.8,52.39,spread,5
2025-10-19,polling,senate_seats,seats,47.686,47.3,47.88,spread,5
2025-10-19,academic,senate_seats,seats,48.586,45.8,52.39,spread,5
2025-10-20,polling,senate_seats,seats,47.698,47.3,47.88,spread,5
2025-10-20,academic,senate_seats,seats,48.59,45.8,52.39,spread,5
2025-10-21,polling,senate_seats,seats,47.75,47.39,47.97,spread,5
2025-10-21,academic,senate_seats,seats,48.59,45.8,52.39,spread,5
2025-10-22,polling,senate_seats,seats,47.866,47.72,48.09,spread,5
2025-10-22,academic,senate_seats,seats,48.59,45.8,52.39,spread,5
2025-10-23,polling,senate_seats,seats,47.858,47.72,48.09,spread,5
2025-10-23,academic,senate_seats,seats,48.586,45.8,52.39,spread,5
2025-10-24,polling,senate_seats,seats,47.858,47.72,48.09,spread,5
2025-10-24,academic,senate_seats,seats,48.586,45.8,52.39,spread,5
2025-10-25,polling,senate_seats,seats,47.858,47.72,48.09,spread,5
2025-10-25,academic,senate_seats,seats,48.586,45.8,52.39,spread,5
2025-10-26,polling,senate_seats,seats,47.87,47.72,48.09,spread,5
2025-10-26,academic,senate_seats,seats,48.59,45.8,52.39,spread,5
2025-10-27,polling,senate_seats,seats,47.846,47.72,48.01,spread,5
2025-10-27,academic,senate_seats,seats,48.584,45.8,52.39,spread,5
2025-10-28,polling,senate_seats,seats,47.942,47.64,48.13,spread,5
2025-10-28,academic,senate_seats,seats,48.588,45.8,52.39,spread,5
2025-10-29,polling,senate_seats,seats,47.95,47.64,48.13,spread,5
2025-10-29,academic,senate_seats,seats,48.592,45.8,52.39,spread,5
2025-10-30,polling,senate_seats,seats,47.856,47.64,48.13,spread,5
2025-10-30,academic,senate_seats,seats,48.594,45.8,52.39,spread,5
2025-10-31,polling,senate_seats,seats,47.956,47.77,48.13,spread,5
2025-10-31,academic,senate_seats,seats,48.592,45.8,52.38,spread,5
2025-11-01,polling,senate_seats,seats,47.956,47.77,48.13,spread,5
2025-11-01,academic,senate_seats,seats,48.536,45.8,52.11,spread,5
2025-11-02,polling,senate_seats,seats,47.998,47.83,48.13,spread,5
2025-11-02,academic,senate_seats,seats,48.536,45.8,52.11,spread,5
2025-11-03,polling,senate_seats,seats,47.998,47.83,48.13,spread,5
2025-11-03,academic,senate_seats,seats,48.538,45.8,52.11,spread,5
2025-11-04,polling,senate_seats,seats,47.928,47.6,48.13,spread,5
2025-11-04,academic,senate_seats,seats,48.61,45.8,52.11,spread,5
2025-11-05,polling,senate_seats,seats,47.958,47.6,48.32,spread,5
2025-11-05,academic,senate_seats,seats,48.626,45.8,52.2,spread,5
2025-11-06,polling,senate_seats,seats,47.988,47.6,48.32,spread,5
2025-11-06,academic,senate_seats,seats,48.642,45.8,52.25,spread,5
2025-11-07,polling,senate_seats,seats,48.02,47.69,48.32,spread,5
2025-11-07,academic,senate_seats,seats,48.642,45.8,52.25,spread,5
2025-11-08,polling,senate_seats,seats,48.02,47.69,48.32,spread,5
2025-11-08,academic,senate_seats,seats,48.642,45.8,52.25,spread,5
2025-11-09,polling,senate_seats,seats,48.03,47.69,48.33,spread,5
2025-11-09,academic,senate_seats,seats,48.644,45.8,52.25,spread,5
2025-11-10,polling,senate_seats,seats,48.048,47.69,48.33,spread,5
2025-11-10,academic,senate_seats,seats,48.666,45.8,52.3,spread,5
2025-11-11,polling,senate_seats,seats,48.234,47.98,48.48,spread,5
2025-11-11,academic,senate_seats,seats,48.672,45.8,52.34,spread,5
2025-11-12,polling,senate_seats,seats,48.23,48.04,48.48,spread,5
2025-11-12,academic,senate_seats,seats,48.676,45.8,52.34,spread,5
2025-11-13,polling,senate_seats,seats,48.21,48.05,48.48,spread,5
2025-11-13,academic,senate_seats,seats,48.69,45.8,52.34,spread,5
2025-11-14,polling,senate_seats,seats,48.312,48.21,48.52,spread,5
2025-11-14,academic,senate_seats,seats,48.702,45.8,52.34,spread,5
2025-11-15,polling,senate_seats,seats,48.312,48.21,48.52,spread,5
2025-11-15,academic,senate_seats,seats,48.704,45.8,52.34,spread,5
2025-11-16,polling,senate_seats,seats,48.318,48.21,48.52,spread,5
2025-11-16,academic,senate_seats,seats,48.708,45.8,52.34,spread,5
2025-11-17,polling,senate_seats,seats,48.34,48.21,48.52,spread,5
2025-11-17,academic,senate_seats,seats,48.714,45.8,52.34,spread,5
2025-11-18,polling,senate_seats,seats,48.282,48.13,48.41,spread,5
2025-11-18,academic,senate_seats,seats,48.71,45.8,52.33,spread,5
2025-11-19,polling,senate_seats,seats,48.588,48.37,48.84,spread,5
2025-11-19,academic,senate_seats,seats,48.71,45.8,52.33,spread,5
2025-11-20,polling,senate_seats,seats,48.604,48.37,48.84,spread,5
2025-11-20,academic,senate_seats,seats,48.73,45.8,52.38,spread,5
2025-11-21,polling,senate_seats,seats,48.604,48.37,48.84,spread,5
2025-11-21,academic,senate_seats,seats,48.728,45.8,52.38,spread,5
2025-11-22,polling,senate_seats,seats,48.604,48.37,48.84,spread,5
2025-11-22,academic,senate_seats,seats,48.728,45.8,52.38,spread,5
2025-11-23,polling,senate_seats,seats,48.6,48.37,48.84,spread,5
2025-11-23,academic,senate_seats,seats,48.724,45.8,52.38,spread,5
2025-11-24,polling,senate_seats,seats,48.552,48.37,48.76,spread,5
2025-11-24,academic,senate_seats,seats,48.722,45.8,52.38,spread,5
2025-11-25,polling,senate_seats,seats,48.606,48.37,48.88,spread,5
2025-11-25,academic,senate_seats,seats,48.724,45.8,52.38,spread,5
2025-11-26,polling,senate_seats,seats,48.6017,48.37,48.8,spread,6
2025-11-26,academic,senate_seats,seats,48.728,45.8,52.38,spread,5
2025-11-27,polling,senate_seats,seats,48.5983,48.37,48.8,spread,6
2025-11-27,academic,senate_seats,seats,48.73,45.8,52.38,spread,5
2025-11-28,polling,senate_seats,seats,48.5983,48.37,48.8,spread,6
2025-11-28,academic,senate_seats,seats,48.73,45.8,52.38,spread,5
2025-11-29,polling,senate_seats,seats,48.5894,48.33,48.7867,spread,6
2025-11-29,academic,senate_seats,seats,48.738,45.8,52.43,spread,5
2025-11-30,polling,senate_seats,seats,48.5856,48.33,48.7733,spread,6
2025-11-30,academic,senate_seats,seats,48.736,45.8,52.43,spread,5
2025-12-01,polling,senate_seats,seats,48.5783,48.33,48.76,spread,6
2025-12-01,academic,senate_seats,seats,48.642,45.8,51.98,spread,5
2025-12-02,polling,senate_seats,seats,48.6567,48.37,48.92,spread,6
2025-12-02,academic,senate_seats,seats,48.646,45.8,51.98,spread,5
2025-12-03,polling,senate_seats,seats,48.65,48.37,48.92,spread,6
2025-12-03,academic,senate_seats,seats,48.642,45.8,51.98,spread,5
2025-12-04,polling,senate_seats,seats,48.5367,48.05,48.8,spread,6
2025-12-04,academic,senate_seats,seats,48.608,45.8,51.98,spread,5
2025-12-05,polling,senate_seats,seats,48.515,47.92,48.72,spread,6
2025-12-05,academic,senate_seats,seats,48.604,45.8,52.02,spread,5
2025-12-06,polling,senate_seats,seats,48.37,47.89,48.72,spread,6
2025-12-06,academic,senate_seats,seats,48.604,45.8,52.02,spread,5
2025-12-07,polling,senate_seats,seats,48.37,47.89,48.72,spread,6
2025-12-07,academic,senate_seats,seats,48.608,45.8,52.02,spread,5
2025-12-08,polling,senate_seats,seats,48.3633,47.89,48.72,spread,6
2025-12-08,academic,senate_seats,seats,48.608,45.8,52.06,spread,5
2025-12-09,polling,senate_seats,seats,48.2411,47.92,48.6167,spread,6
2025-12-09,academic,senate_seats,seats,48.608,45.8,52.06,spread,5
2025-12-10,polling,senate_seats,seats,48.2156,47.86,48.6,spread,6
2025-12-10,academic,senate_seats,seats,48.604,45.8,52.06,spread,5
2025-12-11,polling,senate_seats,seats,48.2,47.87,48.6,spread,6
2025-12-11,academic,senate_seats,seats,48.604,45.8,52.06,spread,5
2025-12-12,polling,senate_seats,seats,48.2,47.87,48.6,spread,6
2025-12-12,academic,senate_seats,seats,48.604,45.8,52.06,spread,5
2025-12-13,polling,senate_seats,seats,48.21,47.87,48.6,spread,6
2025-12-13,academic,senate_seats,seats,48.606,45.8,52.06,spread,5
2025-12-14,polling,senate_seats,seats,48.2133,47.89,48.6,spread,6
2025-12-14,academic,senate_seats,seats,48.606,45.8,52.06,spread,5
2025-12-15,polling,senate_seats,seats,48.2133,47.89,48.6,spread,6
2025-12-15,academic,senate_seats,seats,48.614,45.8,52.1,spread,5
2025-12-16,polling,senate_seats,seats,48.13,47.83,48.6,spread,6
2025-12-16,academic,senate_seats,seats,48.608,45.8,52.1,spread,5
2025-12-17,polling,senate_seats,seats,48.0933,47.82,48.6,spread,6
2025-12-17,academic,senate_seats,seats,48.62,45.8,52.15,spread,5
2025-12-18,polling,senate_seats,seats,48.01,47.82,48.45,spread,6
2025-12-18,academic,senate_seats,seats,48.62,45.8,52.15,spread,5
2025-12-19,polling,senate_seats,seats,48.0483,47.78,48.41,spread,6
2025-12-19,academic,senate_seats,seats,48.648,45.8,52.2,spread,5
2025-12-20,polling,senate_seats,seats,48.3783,48.02,48.84,spread,6
2025-12-20,academic,senate_seats,seats,48.65,45.8,52.2,spread,5
2025-12-21,polling,senate_seats,seats,48.4033,48.02,48.84,spread,6
2025-12-21,market,senate_seats,seats,49.38,,,,1
2025-12-21,academic,senate_seats,seats,48.648,45.8,52.19,spread,5
2025-12-22,polling,senate_seats,seats,48.4533,48.0,49.0,spread,6
2025-12-22,market,senate_seats,seats,49.46,,,,1
2025-12-22,academic,senate_seats,seats,48.648,45.8,52.19,spread,5
2025-12-23,polling,senate_seats,seats,48.4567,48.0,48.8,spread,6
2025-12-23,market,senate_seats,seats,49.33,,,,1
2025-12-23,academic,senate_seats,seats,48.658,45.8,52.24,spread,5
2025-12-24,polling,senate_seats,seats,48.4567,48.0,48.8,spread,6
2025-12-24,market,senate_seats,seats,49.32,,,,1
2025-12-24,academic,senate_seats,seats,48.658,45.8,52.24,spread,5
2025-12-25,polling,senate_seats,seats,48.47,48.12,48.8,spread,6
2025-12-25,market,senate_seats,seats,49.3,,,,1
2025-12-25,academic,senate_seats,seats,48.668,45.8,52.24,spread,5
2025-12-26,polling,senate_seats,seats,48.405,48.12,48.8,spread,6
2025-12-26,market,senate_seats,seats,49.29,,,,1
2025-12-26,academic,senate_seats,seats,48.668,45.8,52.24,spread,5
2025-12-27,polling,senate_seats,seats,48.405,48.12,48.8,spread,6
2025-12-27,market,senate_seats,seats,49.29,,,,1
2025-12-27,academic,senate_seats,seats,48.668,45.8,52.24,spread,5
2025-12-28,polling,senate_seats,seats,48.4017,48.1,48.8,spread,6
2025-12-28,market,senate_seats,seats,49.29,,,,1
2025-12-28,academic,senate_seats,seats,48.668,45.8,52.24,spread,5
2025-12-29,polling,senate_seats,seats,48.4033,48.11,48.8,spread,6
2025-12-29,market,senate_seats,seats,49.3,,,,1
2025-12-29,academic,senate_seats,seats,48.672,45.8,52.24,spread,5
2025-12-30,polling,senate_seats,seats,48.4033,48.11,48.8,spread,6
2025-12-30,market,senate_seats,seats,49.33,,,,1
2025-12-30,academic,senate_seats,seats,48.672,45.8,52.24,spread,5
2025-12-31,polling,senate_seats,seats,48.4117,48.18,48.8,spread,6
2025-12-31,market,senate_seats,seats,49.33,,,,1
2025-12-31,academic,senate_seats,seats,48.68,45.8,52.24,spread,5
2026-01-01,polling,senate_seats,seats,48.4383,48.22,48.8,spread,6
2026-01-01,market,senate_seats,seats,49.37,,,,1
2026-01-01,academic,senate_seats,seats,48.68,45.8,52.15,spread,5
2026-01-02,polling,senate_seats,seats,48.4383,48.22,48.8,spread,6
2026-01-02,market,senate_seats,seats,49.37,,,,1
2026-01-02,academic,senate_seats,seats,48.684,45.8,52.15,spread,5
2026-01-03,polling,senate_seats,seats,48.4367,48.22,48.8,spread,6
2026-01-03,market,senate_seats,seats,49.39,,,,1
2026-01-03,academic,senate_seats,seats,48.68,45.8,52.15,spread,5
2026-01-04,polling,senate_seats,seats,48.5517,48.3,48.95,spread,6
2026-01-04,market,senate_seats,seats,49.33,,,,1
2026-01-04,academic,senate_seats,seats,48.674,45.8,52.15,spread,5
2026-01-05,polling,senate_seats,seats,48.5842,48.3,48.95,spread,6
2026-01-05,market,senate_seats,seats,49.33,,,,1
2026-01-05,academic,senate_seats,seats,48.694,45.8,52.14,spread,5
2026-01-06,polling,senate_seats,seats,48.5833,48.3,48.95,spread,6
2026-01-06,market,senate_seats,seats,49.33,,,,1
2026-01-06,academic,senate_seats,seats,48.696,45.8,52.14,spread,5
2026-01-07,polling,senate_seats,seats,48.5983,48.3,48.92,spread,6
2026-01-07,market,senate_seats,seats,49.34,,,,1
2026-01-07,academic,senate_seats,seats,48.7,45.8,52.19,spread,5
2026-01-08,polling,senate_seats,seats,48.5742,48.3,48.92,spread,6
2026-01-08,market,senate_seats,seats,49.35,,,,1
2026-01-08,academic,senate_seats,seats,48.696,45.8,52.24,spread,5
2026-01-09,polling,senate_seats,seats,48.56,48.16,48.92,spread,6
2026-01-09,market,senate_seats,seats,49.36,,,,1
2026-01-09,academic,senate_seats,seats,48.668,45.8,52.24,spread,5
2026-01-10,polling,senate_seats,seats,48.56,48.16,48.92,spread,6
2026-01-10,market,senate_seats,seats,49.33,,,,1
2026-01-10,academic,senate_seats,seats,48.668,45.8,52.24,spread,5
2026-01-11,polling,senate_seats,seats,48.5533,48.12,48.92,spread,6
2026-01-11,market,senate_seats,seats,49.33,,,,1
2026-01-11,academic,senate_seats,seats,48.664,45.8,52.24,spread,5
2026-01-12,polling,senate_seats,seats,48.5,48.2,48.88,spread,6
2026-01-12,market,senate_seats,seats,49.33,,,,1
2026-01-12,academic,senate_seats,seats,48.67,45.8,52.23,spread,5
2026-01-13,polling,senate_seats,seats,48.4867,48.16,48.8,spread,6
2026-01-13,market,senate_seats,seats,49.39,,,,1
2026-01-13,academic,senate_seats,seats,48.678,45.8,52.28,spread,5
2026-01-14,polling,senate_seats,seats,48.5117,48.31,48.8,spread,6
2026-01-14,market,senate_seats,seats,49.37,,,,1
2026-01-14,academic,senate_seats,seats,48.69,45.8,52.28,spread,5
2026-01-15,polling,senate_seats,seats,48.505,48.35,48.8,spread,6
2026-01-15,market,senate_seats,seats,49.35,,,,1
2026-01-15,academic,senate_seats,seats,48.694,45.8,52.28,spread,5
2026-01-16,polling,senate_seats,seats,48.365,48.26,48.49,spread,6
2026-01-16,market,senate_seats,seats,49.35,,,,1
2026-01-16,academic,senate_seats,seats,48.692,45.8,52.28,spread,5
2026-01-17,polling,senate_seats,seats,48.3667,48.26,48.49,spread,6
2026-01-17,market,senate_seats,seats,49.3,,,,1
2026-01-17,academic,senate_seats,seats,48.694,45.8,52.28,spread,5
2026-01-18,polling,senate_seats,seats,48.3633,48.26,48.49,spread,6
2026-01-18,market,senate_seats,seats,49.31,,,,1
2026-01-18,academic,senate_seats,seats,48.694,45.8,52.28,spread,5
2026-01-19,polling,senate_seats,seats,48.385,48.26,48.61,spread,6
2026-01-19,market,senate_seats,seats,49.31,,,,1
2026-01-19,academic,senate_seats,seats,48.698,45.8,52.28,spread,5
2026-01-20,polling,senate_seats,seats,48.4533,48.26,48.57,spread,6
2026-01-20,market,senate_seats,seats,49.33,,,,1
2026-01-20,academic,senate_seats,seats,48.726,45.8,52.33,spread,5
2026-01-21,polling,senate_seats,seats,48.4533,48.26,48.57,spread,6
2026-01-21,market,senate_seats,seats,49.36,,,,1
2026-01-21,academic,senate_seats,seats,48.726,45.8,52.33,spread,5
2026-01-22,polling,senate_seats,seats,48.5567,48.41,48.64,spread,6
2026-01-22,market,senate_seats,seats,49.37,,,,1
2026-01-22,academic,senate_seats,seats,48.726,45.8,52.33,spread,5
2026-01-23,polling,senate_seats,seats,48.6267,48.41,48.76,spread,6
2026-01-23,market,senate_seats,seats,49.35,,,,1
2026-01-23,academic,senate_seats,seats,48.726,45.8,52.33,spread,5
2026-01-24,polling,senate_seats,seats,48.635,48.41,48.76,spread,6
2026-01-24,market,senate_seats,seats,49.38,,,,1
2026-01-24,academic,senate_seats,seats,48.726,45.8,52.33,spread,5
2026-01-25,polling,senate_seats,seats,48.61,48.45,48.76,spread,6
2026-01-25,market,senate_seats,seats,49.38,,,,1
2026-01-25,academic,senate_seats,seats,48.722,45.8,52.33,spread,5
2026-01-26,polling,senate_seats,seats,48.6133,48.45,48.76,spread,6
2026-01-26,market,senate_seats,seats,49.39,,,,1
2026-01-26,academic,senate_seats,seats,48.726,45.8,52.32,spread,5
2026-01-27,polling,senate_seats,seats,48.6317,48.45,48.91,spread,6
2026-01-27,market,senate_seats,seats,49.5,,,,1
2026-01-27,academic,senate_seats,seats,48.736,45.8,52.37,spread,5
2026-01-28,polling,senate_seats,seats,48.605,48.41,48.76,spread,6
2026-01-28,market,senate_seats,seats,49.53,,,,1
2026-01-28,academic,senate_seats,seats,48.736,45.8,52.37,spread,5
2026-01-29,polling,senate_seats,seats,48.6083,48.41,48.76,spread,6
2026-01-29,market,senate_seats,seats,49.52,,,,1
2026-01-29,academic,senate_seats,seats,48.738,45.8,52.37,spread,5
2026-01-30,polling,senate_seats,seats,48.6633,48.45,49.03,spread,6
2026-01-30,market,senate_seats,seats,49.51,,,,1
2026-01-30,academic,senate_seats,seats,48.742,45.8,52.37,spread,5
2026-01-31,polling,senate_seats,seats,48.6667,48.45,49.03,spread,6
2026-01-31,market,senate_seats,seats,49.51,,,,1
2026-01-31,academic,senate_seats,seats,48.742,45.8,52.37,spread,5
2026-02-01,polling,senate_seats,seats,48.6978,48.41,49.07,spread,6
2026-02-01,market,senate_seats,seats,49.5,,,,1
2026-02-01,academic,senate_seats,seats,48.762,45.8,52.46,spread,5
2026-02-02,polling,senate_seats,seats,48.6822,48.38,49.07,spread,6
2026-02-02,market,senate_seats,seats,49.54,,,,1
2026-02-02,academic,senate_seats,seats,48.764,45.8,52.46,spread,5
2026-02-03,polling,senate_seats,seats,48.6933,48.38,49.07,spread,6
2026-02-03,market,senate_seats,seats,49.63,,,,1
2026-02-03,academic,senate_seats,seats,48.766,45.8,52.46,spread,5
2026-02-04,polling,senate_seats,seats,48.6217,48.34,48.91,spread,6
2026-02-04,market,senate_seats,seats,49.64,,,,1
2026-02-04,academic,senate_seats,seats,48.768,45.8,52.51,spread,5
2026-02-05,polling,senate_seats,seats,48.62,48.34,48.91,spread,6
2026-02-05,market,senate_seats,seats,49.58,,,,1
2026-02-05,academic,senate_seats,seats,48.768,45.8,52.51,spread,5
2026-02-06,polling,senate_seats,seats,48.6333,48.34,48.91,spread,6
2026-02-06,market,senate_seats,seats,49.58,,,,1
2026-02-06,academic,senate_seats,seats,48.776,45.8,52.55,spread,5
2026-02-07,polling,senate_seats,seats,48.6333,48.34,48.91,spread,6
2026-02-07,market,senate_seats,seats,49.58,,,,1
2026-02-07,academic,senate_seats,seats,48.774,45.8,52.55,spread,5
2026-02-08,polling,senate_seats,seats,48.6417,48.34,48.91,spread,6
2026-02-08,market,senate_seats,seats,49.6,,,,1
2026-02-08,academic,senate_seats,seats,48.78,45.8,52.55,spread,5
2026-02-09,polling,senate_seats,seats,48.645,48.34,48.91,spread,6
2026-02-09,market,senate_seats,seats,49.51,,,,1
2026-02-09,academic,senate_seats,seats,48.782,45.8,52.55,spread,5
2026-02-10,polling,senate_seats,seats,48.6317,48.38,48.91,spread,6
2026-02-10,market,senate_seats,seats,49.48,,,,1
2026-02-10,academic,senate_seats,seats,48.774,45.8,52.55,spread,5
2026-02-11,polling,senate_seats,seats,48.63,48.34,48.84,spread,6
2026-02-11,market,senate_seats,seats,49.48,,,,1
2026-02-11,academic,senate_seats,seats,48.776,45.8,52.55,spread,5
2026-02-12,polling,senate_seats,seats,48.5867,48.3,48.84,spread,6
2026-02-12,market,senate_seats,seats,49.48,,,,1
2026-02-12,academic,senate_seats,seats,48.762,45.8,52.55,spread,5
2026-02-13,polling,senate_seats,seats,48.5867,48.3,48.84,spread,6
2026-02-13,market,senate_seats,seats,49.49,,,,1
2026-02-13,academic,senate_seats,seats,48.762,45.8,52.55,spread,5
2026-02-14,polling,senate_seats,seats,48.58,48.3,48.84,spread,6
2026-02-14,market,senate_seats,seats,49.51,,,,1
2026-02-14,academic,senate_seats,seats,48.762,45.8,52.55,spread,5
2026-02-15,polling,senate_seats,seats,48.59,48.3,48.84,spread,6
2026-02-15,market,senate_seats,seats,49.51,,,,1
2026-02-15,academic,senate_seats,seats,48.768,45.8,52.55,spread,5
2026-02-16,polling,senate_seats,seats,48.6033,48.3,48.84,spread,6
2026-02-16,market,senate_seats,seats,49.58,,,,1
2026-02-16,academic,senate_seats,seats,48.774,45.8,52.55,spread,5
2026-02-17,polling,senate_seats,seats,48.5892,48.11,48.815,spread,6
2026-02-17,market,senate_seats,seats,49.58,,,,1
2026-02-17,academic,senate_seats,seats,48.776,45.8,52.55,spread,5
2026-02-18,polling,senate_seats,seats,48.605,48.11,48.91,spread,6
2026-02-18,market,senate_seats,seats,49.6,,,,1
2026-02-18,academic,senate_seats,seats,48.776,45.8,52.55,spread,5
2026-02-19,polling,senate_seats,seats,48.6167,48.11,48.91,spread,6
2026-02-19,market,senate_seats,seats,49.63,,,,1
2026-02-19,academic,senate_seats,seats,48.778,45.8,52.54,spread,5
2026-02-20,polling,senate_seats,seats,48.675,48.46,48.93,spread,6
2026-02-20,market,senate_seats,seats,49.63,,,,1
2026-02-20,academic,senate_seats,seats,49.058,47.16,52.54,spread,5
2026-02-21,polling,senate_seats,seats,48.665,48.38,48.95,spread,6
2026-02-21,market,senate_seats,seats,49.66,,,,1
2026-02-21,academic,senate_seats,seats,49.058,47.16,52.54,spread,5
2026-02-22,polling,senate_seats,seats,48.68,48.38,48.95,spread,6
2026-02-22,market,senate_seats,seats,49.69,,,,1
2026-02-22,academic,senate_seats,seats,49.066,47.16,52.54,spread,5
2026-02-23,polling,senate_seats,seats,48.6667,48.38,48.95,spread,6
2026-02-23,market,senate_seats,seats,49.77,,,,1
2026-02-23,academic,senate_seats,seats,49.056,47.16,52.54,spread,5
2026-02-24,polling,senate_seats,seats,48.7817,48.61,49.03,spread,6
2026-02-24,market,senate_seats,seats,49.65,,,,1
2026-02-24,academic,senate_seats,seats,49.054,47.16,52.54,spread,5
2026-02-25,polling,senate_seats,seats,48.785,48.61,49.03,spread,6
2026-02-25,market,senate_seats,seats,49.65,,,,1
2026-02-25,academic,senate_seats,seats,49.056,47.16,52.54,spread,5
2026-02-26,polling,senate_seats,seats,48.77,48.54,49.03,spread,6
2026-02-26,market,senate_seats,seats,49.65,,,,1
2026-02-26,academic,senate_seats,seats,49.048,47.16,52.54,spread,5
2026-02-27,polling,senate_seats,seats,48.7567,48.49,49.06,spread,6
2026-02-27,market,senate_seats,seats,49.77,,,,1
2026-02-27,academic,senate_seats,seats,49.042,47.16,52.54,spread,5
2026-02-28,polling,senate_seats,seats,48.7467,48.49,49.1,spread,6
2026-02-28,market,senate_seats,seats,49.65,,,,1
2026-02-28,academic,senate_seats,seats,49.042,47.16,52.54,spread,5
2026-03-01,polling,senate_seats,seats,48.7483,48.5,49.1,spread,6
2026-03-01,market,senate_seats,seats,49.65,,,,1
2026-03-01,academic,senate_seats,seats,49.246,47.16,53.12,spread,5
2026-03-02,polling,senate_seats,seats,48.745,48.48,49.1,spread,6
2026-03-02,market,senate_seats,seats,49.79,,,,1
2026-03-02,academic,senate_seats,seats,49.256,47.16,53.18,spread,5
2026-03-03,polling,senate_seats,seats,48.8017,48.44,49.1,spread,6
2026-03-03,market,senate_seats,seats,49.44,,,,1
2026-03-03,academic,senate_seats,seats,49.254,47.16,53.18,spread,5
2026-03-04,polling,senate_seats,seats,48.7772,48.44,49.1,spread,6
2026-03-04,market,senate_seats,seats,49.82,,,,1
2026-03-04,academic,senate_seats,seats,49.266,47.16,53.23,spread,5
2026-03-05,polling,senate_seats,seats,48.7261,48.46,49.03,spread,6
2026-03-05,market,senate_seats,seats,49.71,,,,1
2026-03-05,academic,senate_seats,seats,49.274,47.16,53.23,spread,5
2026-03-06,polling,senate_seats,seats,48.6367,48.46,48.88,spread,6
2026-03-06,market,senate_seats,seats,49.71,,,,1
2026-03-06,academic,senate_seats,seats,49.284,47.16,53.29,spread,5
2026-03-07,polling,senate_seats,seats,48.6167,48.42,48.88,spread,6
2026-03-07,market,senate_seats,seats,49.73,,,,1
2026-03-07,academic,senate_seats,seats,49.284,47.16,53.29,spread,5
2026-03-08,polling,senate_seats,seats,48.6333,48.46,48.88,spread,6
2026-03-08,market,senate_seats,seats,49.72,,,,1
2026-03-08,academic,senate_seats,seats,49.29,47.16,53.29,spread,5
2026-03-09,polling,senate_seats,seats,48.6094,48.35,48.8667,spread,6
2026-03-09,market,senate_seats,seats,49.92,,,,1
2026-03-09,academic,senate_seats,seats,49.276,47.16,53.29,spread,5
2026-03-10,polling,senate_seats,seats,48.6006,48.39,48.8533,spread,6
2026-03-10,market,senate_seats,seats,50.09,,,,1
2026-03-10,academic,senate_seats,seats,49.282,47.16,53.29,spread,5
2026-03-11,polling,senate_seats,seats,48.67,48.36,48.91,spread,6
2026-03-11,market,senate_seats,seats,50.09,,,,1
2026-03-11,academic,senate_seats,seats,49.286,47.16,53.33,spread,5
2026-03-12,polling,senate_seats,seats,48.6617,48.35,48.91,spread,6
2026-03-12,market,senate_seats,seats,50.09,,,,1
2026-03-12,academic,senate_seats,seats,49.286,47.16,53.33,spread,5
2026-03-13,polling,senate_seats,seats,48.6483,48.27,48.91,spread,6
2026-03-13,market,senate_seats,seats,50.09,,,,1
2026-03-13,academic,senate_seats,seats,49.28,47.16,53.33,spread,5
2026-03-14,polling,senate_seats,seats,48.6483,48.27,48.91,spread,6
2026-03-14,market,senate_seats,seats,50.28,,,,1
2026-03-14,academic,senate_seats,seats,49.28,47.16,53.33,spread,5
2026-03-15,polling,senate_seats,seats,48.645,48.25,48.91,spread,6
2026-03-15,market,senate_seats,seats,50.27,,,,1
2026-03-15,academic,senate_seats,seats,49.28,47.16,53.33,spread,5
2026-03-16,polling,senate_seats,seats,48.6583,48.33,48.91,spread,6
2026-03-16,market,senate_seats,seats,50.3,,,,1
2026-03-16,academic,senate_seats,seats,49.288,47.16,53.33,spread,5
2026-03-17,polling,senate_seats,seats,48.58,48.42,48.72,spread,6
2026-03-17,market,senate_seats,seats,50.33,,,,1
2026-03-17,academic,senate_seats,seats,49.306,47.16,53.33,spread,5
2026-03-18,polling,senate_seats,seats,48.5733,48.42,48.72,spread,6
2026-03-18,market,senate_seats,seats,50.46,,,,1
2026-03-18,academic,senate_seats,seats,49.302,47.16,53.33,spread,5
2026-03-19,polling,senate_seats,seats,48.5822,48.42,48.7333,spread,6
2026-03-19,market,senate_seats,seats,50.29,,,,1
2026-03-19,academic,senate_seats,seats,49.306,47.16,53.33,spread,5
2026-03-20,polling,senate_seats,seats,48.5828,48.38,48.7467,spread,6
2026-03-20,market,senate_seats,seats,50.29,,,,1
2026-03-20,academic,senate_seats,seats,49.308,47.16,53.33,spread,5
2026-03-21,polling,senate_seats,seats,48.6233,48.54,48.76,spread,6
2026-03-21,market,senate_seats,seats,50.33,,,,1
2026-03-21,academic,senate_seats,seats,49.308,47.16,53.33,spread,5
2026-03-22,polling,senate_seats,seats,48.625,48.55,48.76,spread,6
2026-03-22,market,senate_seats,seats,50.32,,,,1
2026-03-22,academic,senate_seats,seats,49.31,47.16,53.33,spread,5
2026-03-23,polling,senate_seats,seats,48.6267,48.56,48.76,spread,6
2026-03-23,market,senate_seats,seats,50.3,,,,1
2026-03-23,academic,senate_seats,seats,49.312,47.16,53.33,spread,5
2026-03-24,polling,senate_seats,seats,48.6406,48.54,48.76,spread,6
2026-03-24,market,senate_seats,seats,50.26,,,,1
2026-03-24,academic,senate_seats,seats,49.31,47.16,53.33,spread,5
2026-03-25,polling,senate_seats,seats,48.6594,48.5233,48.7767,spread,6
2026-03-25,market,senate_seats,seats,50.28,,,,1
2026-03-25,academic,senate_seats,seats,49.314,47.16,53.33,spread,5
2026-03-26,polling,senate_seats,seats,48.6867,48.46,48.84,spread,6
2026-03-26,market,senate_seats,seats,50.28,,,,1
2026-03-26,academic,senate_seats,seats,49.32,47.16,53.33,spread,5
2026-03-27,polling,senate_seats,seats,48.6964,48.4975,48.8775,spread,6
2026-03-27,market,senate_seats,seats,50.28,,,,1
2026-03-27,academic,senate_seats,seats,49.332,47.16,53.39,spread,5
2026-03-28,polling,senate_seats,seats,48.7094,48.535,48.915,spread,6
2026-03-28,market,senate_seats,seats,50.45,,,,1
2026-03-28,academic,senate_seats,seats,49.33,47.16,53.39,spread,5
2026-03-29,polling,senate_seats,seats,48.7225,48.5725,48.9525,spread,6
2026-03-29,market,senate_seats,seats,50.24,,,,1
2026-03-29,academic,senate_seats,seats,49.33,47.16,53.39,spread,5
2026-03-30,polling,senate_seats,seats,48.7406,48.61,48.99,spread,6
2026-03-30,market,senate_seats,seats,50.29,,,,1
2026-03-30,academic,senate_seats,seats,49.336,47.16,53.39,spread,5
2026-03-31,polling,senate_seats,seats,48.7428,48.555,49.025,spread,6
2026-03-31,market,senate_seats,seats,50.47,,,,1
2026-03-31,academic,senate_seats,seats,49.338,47.16,53.39,spread,5
2026-04-01,polling,senate_seats,seats,48.7433,48.5,49.06,spread,6
2026-04-01,market,senate_seats,seats,50.2,,,,1
2026-04-01,academic,senate_seats,seats,49.34,47.16,53.59,spread,5
2026-04-02,polling,senate_seats,seats,48.7506,48.52,49.06,spread,6
2026-04-02,market,senate_seats,seats,50.14,,,,1
2026-04-02,academic,senate_seats,seats,49.34,47.16,53.59,spread,5
2026-04-03,polling,senate_seats,seats,48.7594,48.54,49.06,spread,6
2026-04-03,market,senate_seats,seats,50.12,,,,1
2026-04-03,academic,senate_seats,seats,49.338,47.16,53.59,spread,5
2026-04-04,polling,senate_seats,seats,48.7379,48.455,49.0325,spread,6
2026-04-04,market,senate_seats,seats,50.43,,,,1
2026-04-04,academic,senate_seats,seats,49.338,47.16,53.59,spread,5
2026-04-05,polling,senate_seats,seats,48.6997,48.37,49.005,spread,6
2026-04-05,market,senate_seats,seats,50.24,,,,1
2026-04-05,academic,senate_seats,seats,49.33,47.16,53.59,spread,5
2026-04-06,polling,senate_seats,seats,48.6649,48.285,48.9775,spread,6
2026-04-06,market,senate_seats,seats,50.29,,,,1
2026-04-06,academic,senate_seats,seats,49.32,47.16,53.59,spread,5
2026-04-07,polling,senate_seats,seats,48.6133,48.2,48.95,spread,6
2026-04-07,market,senate_seats,seats,50.27,,,,1
2026-04-07,academic,senate_seats,seats,49.302,47.16,53.59,spread,5
2026-04-08,polling,senate_seats,seats,48.625,48.22,48.96,spread,6
2026-04-08,market,senate_seats,seats,50.29,,,,1
2026-04-08,academic,senate_seats,seats,49.304,47.16,53.59,spread,5
2026-04-09,polling,senate_seats,seats,48.6333,48.24,48.97,spread,6
2026-04-09,market,senate_seats,seats,50.27,,,,1
2026-04-09,academic,senate_seats,seats,49.306,47.16,53.59,spread,5
2026-04-10,polling,senate_seats,seats,48.6417,48.26,48.98,spread,6
2026-04-10,market,senate_seats,seats,50.41,,,,1
2026-04-10,academic,senate_seats,seats,49.304,47.16,53.59,spread,5
2026-04-11,polling,senate_seats,seats,48.6483,48.28,48.99,spread,6
2026-04-11,market,senate_seats,seats,50.47,,,,1
2026-04-11,academic,senate_seats,seats,49.308,47.16,53.59,spread,5
2026-04-12,polling,senate_seats,seats,48.6375,48.2,48.915,spread,6
2026-04-12,market,senate_seats,seats,50.47,,,,1
2026-04-12,academic,senate_seats,seats,49.318,47.16,53.59,spread,5
2026-04-13,polling,senate_seats,seats,48.6083,48.12,48.84,spread,6
2026-04-13,market,senate_seats,seats,50.46,,,,1
2026-04-13,academic,senate_seats,seats,49.318,47.16,53.59,spread,5
2026-04-14,polling,senate_seats,seats,48.6175,48.12,48.84,spread,6
2026-04-14,market,senate_seats,seats,50.42,,,,1
2026-04-14,academic,senate_seats,seats,49.324,47.16,53.59,spread,5
2026-04-15,polling,senate_seats,seats,48.6283,48.12,48.84,spread,6
2026-04-15,market,senate_seats,seats,50.41,,,,1
2026-04-15,academic,senate_seats,seats,49.33,47.16,53.59,spread,5
2026-04-16,polling,senate_seats,seats,48.6433,48.12,48.8575,spread,6
2026-04-16,market,senate_seats,seats,50.45,,,,1
2026-04-16,academic,senate_seats,seats,49.34,47.16,53.59,spread,5
2026-04-17,polling,senate_seats,seats,48.6417,48.12,48.875,spread,6
2026-04-17,market,senate_seats,seats,50.43,,,,1
2026-04-17,academic,senate_seats,seats,49.34,47.16,53.59,spread,5
2026-04-18,polling,senate_seats,seats,48.635,48.12,48.8925,spread,6
2026-04-18,market,senate_seats,seats,50.42,,,,1
2026-04-18,academic,senate_seats,seats,49.338,47.16,53.59,spread,5
2026-04-19,polling,senate_seats,seats,48.6417,48.12,48.91,spread,6
2026-04-19,market,senate_seats,seats,50.27,,,,1
2026-04-19,academic,senate_seats,seats,49.342,47.16,53.59,spread,5
2026-04-20,polling,senate_seats,seats,48.655,48.1675,48.92,spread,6
2026-04-20,market,senate_seats,seats,50.29,,,,1
2026-04-20,academic,senate_seats,seats,49.344,47.16,53.59,spread,5
2026-04-21,polling,senate_seats,seats,48.6767,48.215,48.93,spread,6
2026-04-21,market,senate_seats,seats,50.31,,,,1
2026-04-21,academic,senate_seats,seats,49.344,47.16,53.59,spread,5
2026-04-22,polling,senate_seats,seats,48.6983,48.2625,48.94,spread,6
2026-04-22,market,senate_seats,seats,50.4,,,,1
2026-04-22,academic,senate_seats,seats,49.344,47.16,53.59,spread,5
2026-04-23,polling,senate_seats,seats,48.7217,48.31,48.95,spread,6
2026-04-23,market,senate_seats,seats,50.32,,,,1
2026-04-23,academic,senate_seats,seats,49.344,47.16,53.59,spread,5
2026-04-24,polling,senate_seats,seats,48.7325,48.39,48.95,spread,6
2026-04-24,market,senate_seats,seats,50.3,,,,1
2026-04-24,academic,senate_seats,seats,49.344,47.16,53.59,spread,5
2026-04-25,polling,senate_seats,seats,48.745,48.47,48.95,spread,6
2026-04-25,market,senate_seats,seats,50.18,,,,1
2026-04-25,academic,senate_seats,seats,49.344,47.16,53.59,spread,5
2026-04-26,polling,senate_seats,seats,48.745,48.46,48.95,spread,6
2026-04-26,market,senate_seats,seats,50.21,,,,1
2026-04-26,academic,senate_seats,seats,49.346,47.16,53.59,spread,5
2026-04-27,polling,senate_seats,seats,48.7467,48.47,48.95,spread,6
2026-04-27,market,senate_seats,seats,50.21,,,,1
2026-04-27,academic,senate_seats,seats,49.346,47.16,53.59,spread,5
2026-04-28,polling,senate_seats,seats,48.7862,48.6275,48.95,spread,6
2026-04-28,market,senate_seats,seats,50.38,,,,1
2026-04-28,academic,senate_seats,seats,49.356,47.16,53.64,spread,5
2026-04-29,polling,senate_seats,seats,48.8258,48.65,48.97,spread,6
2026-04-29,market,senate_seats,seats,50.19,,,,1
2026-04-29,academic,senate_seats,seats,49.356,47.16,53.64,spread,5
2026-04-30,polling,senate_seats,seats,48.8887,48.68,49.015,spread,6
2026-04-30,market,senate_seats,seats,50.2,,,,1
2026-04-30,academic,senate_seats,seats,49.366,47.14,53.64,spread,5
2026-05-01,polling,senate_seats,seats,48.9283,48.69,49.1,spread,6
2026-05-01,market,senate_seats,seats,50.18,,,,1
2026-05-01,academic,senate_seats,seats,49.49,47.14,54.05,spread,5
2026-05-02,polling,senate_seats,seats,48.9004,48.67,49.04,spread,6
2026-05-02,market,senate_seats,seats,50.28,,,,1
2026-05-02,academic,senate_seats,seats,49.49,47.14,54.05,spread,5
2026-05-03,polling,senate_seats,seats,48.8508,48.65,49.02,spread,6
2026-05-03,market,senate_seats,seats,50.27,,,,1
2026-05-03,academic,senate_seats,seats,49.48,47.14,54.05,spread,5
2026-05-04,polling,senate_seats,seats,48.8146,48.61,49.0,spread,6
2026-05-04,market,senate_seats,seats,50.19,,,,1
2026-05-04,academic,senate_seats,seats,49.472,47.14,54.05,spread,5
2026-05-05,polling,senate_seats,seats,48.7883,48.61,48.98,spread,6
2026-05-05,market,senate_seats,seats,50.07,,,,1
2026-05-05,academic,senate_seats,seats,49.472,47.14,54.05,spread,5
2026-05-06,polling,senate_seats,seats,48.8167,48.65,49.04,spread,6
2026-05-06,market,senate_seats,seats,50.04,,,,1
2026-05-06,academic,senate_seats,seats,49.476,47.14,54.05,spread,5
2026-05-07,polling,senate_seats,seats,48.8517,48.65,49.1,spread,6
2026-05-07,market,senate_seats,seats,50.0,,,,1
2026-05-07,academic,senate_seats,seats,49.462,47.14,54.05,spread,5
2026-05-08,polling,senate_seats,seats,48.8633,48.725,49.04,spread,6
2026-05-08,market,senate_seats,seats,49.98,,,,1
2026-05-08,academic,senate_seats,seats,49.462,47.14,54.05,spread,5
2026-05-09,polling,senate_seats,seats,48.8783,48.76,49.02,spread,6
2026-05-09,market,senate_seats,seats,49.98,,,,1
2026-05-09,academic,senate_seats,seats,49.462,47.14,54.05,spread,5
2026-05-10,polling,senate_seats,seats,48.92,48.71,49.04,spread,6
2026-05-10,market,senate_seats,seats,49.85,,,,1
2026-05-10,academic,senate_seats,seats,49.456,47.14,54.05,spread,5
2026-05-11,polling,senate_seats,seats,48.98,48.77,49.155,spread,6
2026-05-11,market,senate_seats,seats,49.9,,,,1
2026-05-11,academic,senate_seats,seats,49.462,47.14,54.05,spread,5
2026-05-12,polling,senate_seats,seats,49.03,48.77,49.3325,spread,6
2026-05-12,market,senate_seats,seats,49.89,,,,1
2026-05-12,academic,senate_seats,seats,49.462,47.14,54.05,spread,5
2026-05-13,polling,senate_seats,seats,49.08,48.77,49.51,spread,6
2026-05-13,market,senate_seats,seats,49.93,,,,1
2026-05-13,academic,senate_seats,seats,49.462,47.14,54.05,spread,5
2026-05-14,polling,senate_seats,seats,49.0762,48.77,49.4275,spread,6
2026-05-14,market,senate_seats,seats,49.89,,,,1
2026-05-14,academic,senate_seats,seats,49.462,47.14,54.05,spread,5
2026-05-15,polling,senate_seats,seats,49.0858,48.8,49.345,spread,6
2026-05-15,market,senate_seats,seats,49.84,,,,1
2026-05-15,academic,senate_seats,seats,49.482,47.14,54.11,spread,5
2026-05-16,polling,senate_seats,seats,49.0821,48.8,49.28,spread,6
2026-05-16,market,senate_seats,seats,49.84,,,,1
2026-05-16,academic,senate_seats,seats,49.482,47.14,54.11,spread,5
2026-05-17,polling,senate_seats,seats,49.0833,48.8,49.28,spread,6
2026-05-17,market,senate_seats,seats,49.84,,,,1
2026-05-17,academic,senate_seats,seats,49.486,47.14,54.11,spread,5
2026-05-18,polling,senate_seats,seats,49.1467,48.82,49.355,spread,6
2026-05-18,market,senate_seats,seats,49.82,,,,1
2026-05-18,academic,senate_seats,seats,49.496,47.14,54.11,spread,5
2026-05-19,polling,senate_seats,seats,49.2,48.84,49.43,spread,6
2026-05-19,market,senate_seats,seats,49.83,,,,1
2026-05-19,academic,senate_seats,seats,49.502,47.14,54.11,spread,5
2026-05-20,polling,senate_seats,seats,49.2458,48.895,49.495,spread,6
2026-05-20,market,senate_seats,seats,49.91,,,,1
2026-05-20,academic,senate_seats,seats,49.51,47.14,54.11,spread,5
2026-05-21,polling,senate_seats,seats,49.2717,48.95,49.59,spread,6
2026-05-21,market,senate_seats,seats,49.9,,,,1
2026-05-21,academic,senate_seats,seats,49.508,47.14,54.11,spread,5
2026-05-22,polling,senate_seats,seats,49.2935,48.9775,49.58,spread,6
2026-05-22,market,senate_seats,seats,49.84,,,,1
2026-05-22,academic,senate_seats,seats,49.51,47.14,54.11,spread,5
2026-05-23,polling,senate_seats,seats,49.3137,49.005,49.59,spread,6
2026-05-23,market,senate_seats,seats,49.83,,,,1
2026-05-23,academic,senate_seats,seats,49.51,47.14,54.11,spread,5
2026-05-24,polling,senate_seats,seats,49.339,49.0325,49.65,spread,6
2026-05-24,market,senate_seats,seats,49.85,,,,1
2026-05-24,academic,senate_seats,seats,49.512,47.14,54.11,spread,5
2026-05-25,polling,senate_seats,seats,49.3775,49.06,49.71,spread,6
2026-05-25,market,senate_seats,seats,49.82,,,,1
2026-05-25,academic,senate_seats,seats,49.522,47.14,54.11,spread,5
2026-05-26,polling,senate_seats,seats,49.4031,49.06,49.7475,spread,6
2026-05-26,market,senate_seats,seats,50.0,,,,1
2026-05-26,academic,senate_seats,seats,49.512,47.14,54.11,spread,5
2026-05-27,polling,senate_seats,seats,49.4387,49.01,49.785,spread,6
2026-05-27,market,senate_seats,seats,49.77,,,,1
2026-05-27,academic,senate_seats,seats,49.508,47.14,54.11,spread,5
2026-05-28,polling,senate_seats,seats,49.4594,48.87,49.8225,spread,6
2026-05-28,market,senate_seats,seats,49.77,,,,1
2026-05-28,academic,senate_seats,seats,49.494,47.14,54.11,spread,5
2026-05-29,polling,senate_seats,seats,49.5033,48.87,49.86,spread,6
2026-05-29,market,senate_seats,seats,49.76,,,,1
2026-05-29,academic,senate_seats,seats,49.504,47.14,54.16,spread,5
2026-05-30,polling,senate_seats,seats,49.5092,48.87,49.86,spread,6
2026-05-30,market,senate_seats,seats,49.77,,,,1
2026-05-30,academic,senate_seats,seats,49.504,47.14,54.16,spread,5
2026-05-31,polling,senate_seats,seats,49.5183,48.89,49.86,spread,6
2026-05-31,market,senate_seats,seats,49.74,,,,1
2026-05-31,academic,senate_seats,seats,49.504,47.14,54.16,spread,5
2026-06-01,polling,senate_seats,seats,49.4636,48.86,49.78,spread,6
2026-06-01,market,senate_seats,seats,49.73,,,,1
2026-06-01,academic,senate_seats,seats,49.404,47.14,53.35,spread,5
2026-06-02,polling,senate_seats,seats,49.4606,48.88,49.78,spread,6
2026-06-02,market,senate_seats,seats,49.81,,,,1
2026-06-02,academic,senate_seats,seats,49.404,47.14,53.35,spread,5
2026-06-03,polling,senate_seats,seats,49.3842,48.88,49.665,spread,6
2026-06-03,market,senate_seats,seats,49.78,,,,1
2026-06-03,academic,senate_seats,seats,49.4,47.14,53.35,spread,5
2026-06-04,polling,senate_seats,seats,49.3044,48.86,49.55,spread,6
2026-06-04,market,senate_seats,seats,49.73,,,,1
2026-06-04,academic,senate_seats,seats,49.398,47.14,53.35,spread,5
2026-06-05,polling,senate_seats,seats,49.2147,48.78,49.435,spread,6
2026-06-05,market,senate_seats,seats,49.73,,,,1
2026-06-05,academic,senate_seats,seats,49.39,47.14,53.35,spread,5
2026-06-06,polling,senate_seats,seats,49.1367,48.77,49.36,spread,6
2026-06-06,market,senate_seats,seats,49.69,,,,1
2026-06-06,academic,senate_seats,seats,49.39,47.14,53.35,spread,5
2026-06-07,polling,senate_seats,seats,49.1208,48.73,49.36,spread,6
2026-06-07,market,senate_seats,seats,49.74,,,,1
2026-06-07,academic,senate_seats,seats,49.38,47.14,53.35,spread,5
2026-06-08,polling,senate_seats,seats,49.1133,48.74,49.36,spread,6
2026-06-08,market,senate_seats,seats,49.75,,,,1
2026-06-08,academic,senate_seats,seats,49.384,47.14,53.35,spread,5
2026-06-09,polling,senate_seats,seats,49.0386,48.71,49.3167,spread,6
2026-06-09,market,senate_seats,seats,49.79,,,,1
2026-06-09,academic,senate_seats,seats,49.38,47.14,53.35,spread,5
2026-06-10,polling,senate_seats,seats,48.9522,48.61,49.2733,spread,6
2026-06-10,market,senate_seats,seats,49.93,,,,1
2026-06-10,academic,senate_seats,seats,49.37,47.14,53.35,spread,5
2026-06-11,polling,senate_seats,seats,48.945,48.61,49.23,spread,6
2026-06-11,market,senate_seats,seats,49.8,,,,1
2026-06-11,academic,senate_seats,seats,49.37,47.14,53.35,spread,5
2026-06-12,polling,senate_seats,seats,48.9328,48.58,49.1867,spread,6
2026-06-12,market,senate_seats,seats,50.1,,,,1
2026-06-12,academic,senate_seats,seats,49.366,47.14,53.35,spread,5
2026-06-13,polling,senate_seats,seats,48.9022,48.58,49.1433,spread,6
2026-06-13,market,senate_seats,seats,49.74,,,,1
2026-06-13,academic,senate_seats,seats,49.366,47.14,53.35,spread,5
2026-06-14,polling,senate_seats,seats,48.875,48.6,49.1,spread,6
2026-06-14,market,senate_seats,seats,49.75,,,,1
2026-06-14,academic,senate_seats,seats,49.37,47.14,53.35,spread,5
2026-06-15,polling,senate_seats,seats,48.8633,48.53,49.1,spread,6
2026-06-15,market,senate_seats,seats,49.75,,,,1
2026-06-15,academic,senate_seats,seats,49.36,47.14,53.35,spread,5
2026-06-16,polling,senate_seats,seats,48.8817,48.64,49.1,spread,6
2026-06-16,market,senate_seats,seats,49.72,,,,1
2026-06-16,academic,senate_seats,seats,49.372,47.14,53.35,spread,5
2026-06-17,polling,senate_seats,seats,48.88,48.63,49.1,spread,6
2026-06-17,market,senate_seats,seats,49.76,,,,1
2026-06-17,academic,senate_seats,seats,49.37,47.14,53.35,spread,5
2026-06-18,polling,senate_seats,seats,48.8783,48.62,49.1,spread,6
2026-06-18,market,senate_seats,seats,49.6,,,,1
2026-06-18,academic,senate_seats,seats,49.37,47.14,53.35,spread,5
2026-06-19,polling,senate_seats,seats,48.8504,48.62,49.075,spread,6
2026-06-19,market,senate_seats,seats,49.63,,,,1
2026-06-19,academic,senate_seats,seats,49.37,47.14,53.35,spread,5
2026-06-20,polling,senate_seats,seats,48.8225,48.62,49.05,spread,6
2026-06-20,market,senate_seats,seats,49.59,,,,1
2026-06-20,academic,senate_seats,seats,49.374,47.14,53.35,spread,5
2026-06-21,polling,senate_seats,seats,48.8029,48.67,49.025,spread,6
2026-06-21,market,senate_seats,seats,50.05,,,,1
2026-06-21,academic,senate_seats,seats,49.38,47.14,53.35,spread,5
2026-06-22,polling,senate_seats,seats,48.7817,48.62,49.0,spread,6
2026-06-22,market,senate_seats,seats,49.59,,,,1
2026-06-22,academic,senate_seats,seats,49.384,47.14,53.35,spread,5
2026-06-23,polling,senate_seats,seats,48.7675,48.62,48.975,spread,6
2026-06-23,market,senate_seats,seats,49.58,,,,1
2026-06-23,academic,senate_seats,seats,49.378,47.14,53.35,spread,5
2026-06-24,polling,senate_seats,seats,48.76,48.62,48.95,spread,6
2026-06-24,market,senate_seats,seats,49.44,,,,1
2026-06-24,academic,senate_seats,seats,49.376,47.14,53.35,spread,5
2026-06-25,polling,senate_seats,seats,48.7783,48.65,48.97,spread,6
2026-06-25,market,senate_seats,seats,49.38,,,,1
2026-06-25,academic,senate_seats,seats,49.378,47.14,53.35,spread,5
2026-06-26,polling,senate_seats,seats,48.8067,48.73,48.99,spread,6
2026-06-26,market,senate_seats,seats,49.38,,,,1
2026-06-26,academic,senate_seats,seats,49.386,47.14,53.35,spread,5
2026-06-27,polling,senate_seats,seats,48.8083,48.73,48.99,spread,6
2026-06-27,market,senate_seats,seats,49.38,,,,1
2026-06-27,academic,senate_seats,seats,49.388,47.14,53.35,spread,5
2026-06-28,polling,senate_seats,seats,48.8167,48.73,48.99,spread,6
2026-06-28,market,senate_seats,seats,49.39,,,,1
2026-06-28,academic,senate_seats,seats,49.394,47.14,53.35,spread,5
2026-06-29,polling,senate_seats,seats,48.8137,48.69,49.012,spread,6
2026-06-29,market,senate_seats,seats,49.42,,,,1
2026-06-29,academic,senate_seats,seats,49.384,47.14,53.35,spread,5
2026-06-30,polling,senate_seats,seats,48.829,48.62,49.034,spread,6
2026-06-30,market,senate_seats,seats,49.46,,,,1
2026-06-30,academic,senate_seats,seats,49.39,47.14,53.35,spread,5
2026-07-01,polling,senate_seats,seats,48.8593,48.68,49.056,spread,6
2026-07-01,market,senate_seats,seats,49.61,,,,1
2026-07-01,academic,senate_seats,seats,49.396,47.14,53.35,spread,5
2026-07-02,polling,senate_seats,seats,48.898,48.74,49.078,spread,6
2026-07-02,market,senate_seats,seats,49.46,,,,1
2026-07-02,academic,senate_seats,seats,49.4,47.14,53.35,spread,5
2026-07-03,polling,senate_seats,seats,48.9283,48.79,49.1,spread,6
2026-07-03,market,senate_seats,seats,49.5,,,,1
2026-07-03,academic,senate_seats,seats,49.4,47.14,53.35,spread,5
2026-07-04,polling,senate_seats,seats,48.9283,48.79,49.1,spread,6
2026-07-04,market,senate_seats,seats,49.55,,,,1
2026-07-04,academic,senate_seats,seats,49.396,47.14,53.35,spread,5
2026-07-05,polling,senate_seats,seats,48.925,48.77,49.1,spread,6
2026-07-05,market,senate_seats,seats,49.46,,,,1
2026-07-05,academic,senate_seats,seats,49.394,47.14,53.35,spread,5
2026-07-06,polling,senate_seats,seats,48.9233,48.76,49.1,spread,6
2026-07-06,market,senate_seats,seats,49.3,,,,1
2026-07-06,academic,senate_seats,seats,49.338,47.14,53.35,spread,5
2026-07-07,polling,senate_seats,seats,48.915,48.71,49.1,spread,6
2026-07-07,market,senate_seats,seats,49.58,,,,1
2026-07-07,academic,senate_seats,seats,49.332,47.14,53.35,spread,5
2026-07-08,polling,senate_seats,seats,48.9183,48.73,49.1,spread,6
2026-07-08,market,senate_seats,seats,49.56,,,,1
2026-07-08,academic,senate_seats,seats,49.334,47.14,53.35,spread,5
2026-07-09,polling,senate_seats,seats,48.92,48.73,49.1,spread,6
2026-07-09,market,senate_seats,seats,49.57,,,,1
2026-07-09,academic,senate_seats,seats,49.334,47.14,53.35,spread,5
2026-07-10,polling,senate_seats,seats,48.9133,48.68,49.1,spread,6
2026-07-10,market,senate_seats,seats,49.6,,,,1
2026-07-10,academic,senate_seats,seats,49.334,47.14,53.35,spread,5
2026-07-11,polling,senate_seats,seats,48.915,48.68,49.1,spread,6
2026-07-11,market,senate_seats,seats,49.33,,,,1
2026-07-11,academic,senate_seats,seats,49.334,47.14,53.35,spread,5
2026-07-12,polling,senate_seats,seats,48.9033,48.6,49.14,spread,6
2026-07-12,market,senate_seats,seats,49.6,,,,1
2026-07-12,academic,senate_seats,seats,49.326,47.14,53.35,spread,5
2026-07-13,polling,senate_seats,seats,48.8867,48.51,49.13,spread,6
2026-07-13,market,senate_seats,seats,49.61,,,,1
2026-07-13,academic,senate_seats,seats,49.318,47.14,53.35,spread,5
2026-07-14,polling,senate_seats,seats,48.8867,48.5,49.14,spread,6
2026-07-14,market,senate_seats,seats,50.51,,,,1
2026-07-14,academic,senate_seats,seats,49.312,47.14,53.35,spread,5
2026-07-15,polling,senate_seats,seats,48.8867,48.5,49.14,spread,6
2026-07-15,market,senate_seats,seats,49.65,,,,1
2026-07-15,academic,senate_seats,seats,49.312,47.14,53.35,spread,5
2026-07-16,polling,senate_seats,seats,48.885,48.5,49.13,spread,6
2026-07-16,market,senate_seats,seats,49.77,,,,1
2026-07-16,academic,senate_seats,seats,49.314,47.14,53.35,spread,5
2026-07-17,polling,senate_seats,seats,48.8875,48.51,49.135,spread,6
2026-07-17,market,senate_seats,seats,49.77,,,,1
2026-07-17,academic,senate_seats,seats,49.314,47.14,53.35,spread,5
2026-07-18,polling,senate_seats,seats,48.8883,48.51,49.14,spread,6
2026-07-18,market,senate_seats,seats,49.74,,,,1
2026-07-18,academic,senate_seats,seats,49.314,47.14,53.35,spread,5
2026-07-19,polling,senate_seats,seats,48.7394,48.29,49.1067,spread,6
2026-07-19,market,senate_seats,seats,49.74,,,,1
2026-07-19,academic,senate_seats,seats,49.308,47.14,53.35,spread,5
2026-07-20,polling,senate_seats,seats,48.6489,47.93,49.1133,spread,6
2026-07-20,market,senate_seats,seats,49.68,,,,1
2026-07-20,academic,senate_seats,seats,49.346,47.14,53.35,spread,5
2026-07-21,polling,senate_seats,seats,48.6871,48.075,49.12,spread,6
2026-07-21,market,senate_seats,seats,49.65,,,,1
2026-07-21,academic,senate_seats,seats,49.348,47.14,53.4,spread,5
2026-07-22,polling,senate_seats,seats,48.7486,48.22,49.1267,spread,6
2026-07-22,market,senate_seats,seats,49.64,,,,1
2026-07-22,academic,senate_seats,seats,49.356,47.14,53.4,spread,5
2026-07-23,polling,senate_seats,seats,48.7901,48.365,49.1333,spread,6
2026-07-23,market,senate_seats,seats,49.61,,,,1
2026-07-23,academic,senate_seats,seats,49.35,47.14,53.4,spread,5
2026-07-24,polling,senate_seats,seats,48.8433,48.51,49.14,spread,6
2026-07-24,market,senate_seats,seats,49.61,,,,1
2026-07-24,academic,senate_seats,seats,49.35,47.14,53.4,spread,5
2026-07-25,polling,senate_seats,seats,48.8389,48.46,49.14,spread,6
2026-07-25,market,senate_seats,seats,49.62,,,,1
2026-07-25,academic,senate_seats,seats,49.35,47.14,53.4,spread,5
2026-07-26,polling,senate_seats,seats,48.8328,48.41,49.14,spread,6
2026-07-26,market,senate_seats,seats,49.66,,,,1
2026-07-26,academic,senate_seats,seats,49.348,47.14,53.4,spread,5
2026-07-27,polling,senate_seats,seats,48.8417,48.36,49.14,spread,6
2026-07-27,market,senate_seats,seats,49.68,,,,1
2026-07-27,academic,senate_seats,seats,49.362,47.14,53.4,spread,5
2026-07-28,polling,senate_seats,seats,48.8433,48.36,49.14,spread,6
2026-07-28,market,senate_seats,seats,49.69,,,,1
2026-07-28,academic,senate_seats,seats,49.362,47.14,53.4,spread,5
2026-07-29,polling,senate_seats,seats,48.8544,48.4,49.1767,spread,6
2026-07-29,market,senate_seats,seats,49.67,,,,1
2026-07-29,academic,senate_seats,seats,49.364,47.14,53.4,spread,5
2026-07-30,polling,senate_seats,seats,48.8639,48.44,49.2133,spread,6
2026-07-30,market,senate_seats,seats,49.69,,,,1
2026-07-30,academic,senate_seats,seats,49.364,47.14,53.4,spread,5
2026-07-31,polling,senate_seats,seats,48.9658,48.62,49.25,spread,6
2026-07-31,market,senate_seats,seats,49.89,,,,1
2026-07-31,academic,senate_seats,seats,49.406,47.33,53.4,spread,5
2026-08-01,polling,senate_seats,seats,49.0611,48.8,49.32,spread,6
2026-08-01,market,senate_seats,seats,49.78,,,,1
2026-08-01,academic,senate_seats,seats,49.398,47.33,53.4,spread,5
2026-08-02,polling,senate_seats,seats,49.1547,48.97,49.3233,spread,6
2026-08-02,market,senate_seats,seats,49.83,,,,1
2026-08-02,academic,senate_seats,seats,49.406,47.33,53.4,spread,5
2026-08-03,polling,senate_seats,seats,49.2433,49.03,49.4,spread,6
2026-08-03,market,senate_seats,seats,49.83,,,,1
2026-08-03,academic,senate_seats,seats,49.412,47.33,53.4,spread,5
2026-08-04,polling,senate_seats,seats,49.2561,49.06,49.455,spread,6
2026-08-04,market,senate_seats,seats,49.85,,,,1
2026-08-04,academic,senate_seats,seats,49.414,47.33,53.4,spread,5
2026-08-05,polling,senate_seats,seats,49.2756,49.1,49.51,spread,6
2026-08-05,market,senate_seats,seats,49.86,,,,1
2026-08-05,academic,senate_seats,seats,49.434,47.33,53.46,spread,5
2026-08-06,polling,senate_seats,seats,49.2858,49.13,49.4925,spread,6
2026-08-06,market,senate_seats,seats,49.86,,,,1
2026-08-06,academic,senate_seats,seats,49.434,47.33,53.46,spread,5
2026-08-07,polling,senate_seats,seats,49.2911,49.1,49.475,spread,6
2026-08-07,market,senate_seats,seats,49.97,,,,1
2026-08-07,academic,senate_seats,seats,49.432,47.33,53.46,spread,5
2026-08-08,polling,senate_seats,seats,49.3014,49.1,49.4575,spread,6
2026-08-08,market,senate_seats,seats,49.91,,,,1
2026-08-08,academic,senate_seats,seats,49.432,47.33,53.46,spread,5
2026-08-09,polling,senate_seats,seats,49.3233,49.17,49.44,spread,6
2026-08-09,market,senate_seats,seats,49.94,,,,1
2026-08-09,academic,senate_seats,seats,49.44,47.33,53.46,spread,5
2026-08-10,polling,senate_seats,seats,49.275,48.88,49.44,spread,6
2026-08-10,market,senate_seats,seats,49.89,,,,1
2026-08-10,academic,senate_seats,seats,49.406,47.33,53.46,spread,5
2026-08-11,polling,senate_seats,seats,49.2867,48.95,49.44,spread,6
2026-08-11,market,senate_seats,seats,49.91,,,,1
2026-08-11,academic,senate_seats,seats,49.416,47.33,53.46,spread,5
2026-08-12,polling,senate_seats,seats,49.2733,48.87,49.44,spread,6
2026-08-12,market,senate_seats,seats,49.83,,,,1
2026-08-12,academic,senate_seats,seats,49.408,47.33,53.46,spread,5
2026-08-13,polling,senate_seats,seats,49.2733,48.87,49.44,spread,6
2026-08-13,market,senate_seats,seats,49.86,,,,1
2026-08-13,academic,senate_seats,seats,49.408,47.33,53.46,spread,5
2026-08-14,polling,senate_seats,seats,49.2463,48.84,49.42,spread,6
2026-08-14,market,senate_seats,seats,49.9,,,,1
2026-08-14,academic,senate_seats,seats,49.406,47.33,53.46,spread,5
2026-08-15,polling,senate_seats,seats,49.2242,48.84,49.4,spread,6
2026-08-15,market,senate_seats,seats,49.79,,,,1
2026-08-15,academic,senate_seats,seats,49.408,47.33,53.46,spread,5
2026-08-16,polling,senate_seats,seats,49.2054,48.86,49.38,spread,6
2026-08-16,market,senate_seats,seats,49.71,,,,1
2026-08-16,academic,senate_seats,seats,49.41,47.33,53.46,spread,5
2026-08-17,polling,senate_seats,seats,49.1833,48.86,49.36,spread,6
2026-08-17,market,senate_seats,seats,49.51,,,,1
2026-08-17,academic,senate_seats,seats,49.408,47.33,53.46,spread,5
2026-08-18,polling,senate_seats,seats,49.1817,48.86,49.36,spread,6
2026-08-18,market,senate_seats,seats,49.64,,,,1
2026-08-18,academic,senate_seats,seats,49.408,47.33,53.46,spread,5
2026-08-19,polling,senate_seats,seats,49.1833,48.86,49.36,spread,6
2026-08-19,market,senate_seats,seats,49.77,,,,1
2026-08-19,academic,senate_seats,seats,49.41,47.33,53.46,spread,5
2026-08-20,polling,senate_seats,seats,49.1833,48.86,49.36,spread,6
2026-08-20,market,senate_seats,seats,49.81,,,,1
2026-08-20,academic,senate_seats,seats,49.41,47.33,53.46,spread,5
2026-08-21,polling,senate_seats,seats,49.1033,48.86,49.21,spread,6
2026-08-21,market,senate_seats,seats,49.87,,,,1
2026-08-21,academic,senate_seats,seats,49.41,47.33,53.46,spread,5
2026-08-22,polling,senate_seats,seats,49.1033,48.86,49.21,spread,6
2026-08-22,market,senate_seats,seats,49.88,,,,1
2026-08-22,academic,senate_seats,seats,49.41,47.33,53.46,spread,5
2026-08-23,polling,senate_seats,seats,49.1083,48.89,49.21,spread,6
2026-08-23,market,senate_seats,seats,49.96,,,,1
2026-08-23,academic,senate_seats,seats,49.412,47.33,53.46,spread,5
2026-08-24,polling,senate_seats,seats,49.1167,48.94,49.21,spread,6
2026-08-24,market,senate_seats,seats,49.96,,,,1
2026-08-24,academic,senate_seats,seats,49.42,47.33,53.46,spread,5
2026-08-25,polling,senate_seats,seats,49.2067,49.03,49.48,spread,6
2026-08-25,market,senate_seats,seats,49.94,,,,1
2026-08-25,academic,senate_seats,seats,49.608,47.33,54.26,spread,5
2026-08-26,polling,senate_seats,seats,49.2133,49.03,49.52,spread,6
2026-08-26,market,senate_seats,seats,49.95,,,,1
2026-08-26,academic,senate_seats,seats,49.602,47.33,54.26,spread,5
2026-08-27,polling,senate_seats,seats,49.1483,49.06,49.36,spread,6
2026-08-27,market,senate_seats,seats,50.0,,,,1
2026-08-27,academic,senate_seats,seats,49.438,47.33,53.46,spread,5
2026-08-28,polling,senate_seats,seats,49.1283,49.06,49.24,spread,6
2026-08-28,market,senate_seats,seats,49.99,,,,1
2026-08-28,academic,senate_seats,seats,49.444,47.33,53.46,spread,5
2026-08-29,polling,senate_seats,seats,49.1233,49.06,49.21,spread,6
2026-08-29,market,senate_seats,seats,49.99,,,,1
2026-08-29,academic,senate_seats,seats,49.44,47.33,53.46,spread,5
2026-08-30,polling,senate_seats,seats,49.1233,49.06,49.21,spread,6
2026-08-30,market,senate_seats,seats,50.03,,,,1
2026-08-30,academic,senate_seats,seats,49.44,47.33,53.46,spread,5
2026-08-31,polling,senate_seats,seats,49.1917,49.14,49.24,spread,6
2026-08-31,market,senate_seats,seats,50.03,,,,1
2026-08-31,academic,senate_seats,seats,49.604,47.33,54.26,spread,5
2026-09-01,polling,senate_seats,seats,49.2017,49.14,49.3,spread,6
2026-09-01,market,senate_seats,seats,50.07,,,,1
2026-09-01,academic,senate_seats,seats,49.612,47.33,54.27,spread,5
2026-09-02,polling,senate_seats,seats,49.1967,49.14,49.27,spread,6
2026-09-02,market,senate_seats,seats,50.07,,,,1
2026-09-02,academic,senate_seats,seats,49.614,47.33,54.3,spread,5
2026-09-03,polling,senate_seats,seats,49.1733,49.13,49.21,spread,6
2026-09-03,market,senate_seats,seats,50.06,,,,1
2026-09-03,academic,senate_seats,seats,49.6,47.33,54.3,spread,5
2026-09-04,polling,senate_seats,seats,49.18,49.14,49.21,spread,6
2026-09-04,market,senate_seats,seats,50.06,,,,1
2026-09-04,academic,senate_seats,seats,49.682,47.33,54.31,spread,5
2026-09-05,polling,senate_seats,seats,49.1367,48.95,49.21,spread,6
2026-09-05,market,senate_seats,seats,50.09,,,,1
2026-09-05,academic,senate_seats,seats,49.682,47.33,54.31,spread,5
2026-09-06,polling,senate_seats,seats,49.1367,48.95,49.21,spread,6
2026-09-06,market,senate_seats,seats,50.09,,,,1
2026-09-06,academic,senate_seats,seats,49.682,47.33,54.31,spread,5
2026-09-07,polling,senate_seats,seats,49.1467,48.91,49.44,spread,6
2026-09-07,market,senate_seats,seats,50.09,,,,1
2026-09-07,academic,senate_seats,seats,49.68,47.33,54.29,spread,5
2026-09-08,polling,senate_seats,seats,49.1483,48.91,49.44,spread,6
2026-09-08,market,senate_seats,seats,50.08,,,,1
2026-09-08,academic,senate_seats,seats,49.682,47.33,54.29,spread,5
2026-09-09,polling,senate_seats,seats,49.1717,48.91,49.44,spread,6
2026-09-09,market,senate_seats,seats,50.08,,,,1
2026-09-09,academic,senate_seats,seats,49.704,47.33,54.34,spread,5
2026-09-10,polling,senate_seats,seats,49.1867,48.91,49.44,spread,6
2026-09-10,market,senate_seats,seats,50.03,,,,1
2026-09-10,academic,senate_seats,seats,49.712,47.33,54.34,spread,5
2026-09-11,polling,senate_seats,seats,49.3233,48.99,49.67,spread,6
2026-09-11,market,senate_seats,seats,50.03,,,,1
2026-09-11,academic,senate_seats,seats,49.716,47.33,54.28,spread,5
2026-09-12,polling,senate_seats,seats,49.3783,49.21,49.67,spread,6
2026-09-12,market,senate_seats,seats,50.05,,,,1
2026-09-12,academic,senate_seats,seats,49.716,47.33,54.28,spread,5
2026-09-13,polling,senate_seats,seats,49.3767,49.25,49.59,spread,6
2026-09-13,market,senate_seats,seats,50.05,,,,1
2026-09-13,academic,senate_seats,seats,49.716,47.33,54.28,spread,5
2026-09-14,polling,senate_seats,seats,49.3783,49.25,49.59,spread,6
2026-09-14,market,senate_seats,seats,50.14,,,,1
2026-09-14,academic,senate_seats,seats,49.736,47.33,54.4,spread,5
2026-09-15,polling,senate_seats,seats,49.585,49.32,49.86,spread,6
2026-09-15,market,senate_seats,seats,50.24,,,,1
2026-09-15,academic,senate_seats,seats,49.746,47.33,54.38,spread,5
2026-09-16,polling,senate_seats,seats,49.7183,49.48,50.06,spread,6
2026-09-16,market,senate_seats,seats,50.3,,,,1
2026-09-16,academic,senate_seats,seats,49.638,47.33,53.92,spread,5
2026-09-17,polling,senate_seats,seats,49.825,49.51,50.1,spread,6
2026-09-17,market,senate_seats,seats,50.37,,,,1
2026-09-17,academic,senate_seats,seats,49.644,47.33,53.93,spread,5
2026-09-18,polling,senate_seats,seats,49.77,49.51,50.06,spread,6
2026-09-18,market,senate_seats,seats,50.47,,,,1
2026-09-18,academic,senate_seats,seats,49.646,47.33,53.93,spread,5
2026-09-19,polling,senate_seats,seats,49.8,49.51,50.06,spread,6
2026-09-19,market,senate_seats,seats,50.66,,,,1
2026-09-19,academic,senate_seats,seats,49.658,47.33,53.93,spread,5
2026-09-20,polling,senate_seats,seats,49.77,49.51,50.03,spread,6
2026-09-20,market,senate_seats,seats,50.96,,,,1
2026-09-20,academic,senate_seats,seats,49.658,47.33,53.93,spread,5
2026-09-21,polling,senate_seats,seats,49.76,49.51,49.97,spread,6
2026-09-21,market,senate_seats,seats,50.98,,,,1
2026-09-21,academic,senate_seats,seats,49.656,47.33,53.94,spread,5
2026-09-22,polling,senate_seats,seats,49.8617,49.63,50.19,spread,6
2026-09-22,market,senate_seats,seats,50.87,,,,1
2026-09-22,academic,senate_seats,seats,49.686,47.33,53.92,spread,5
2026-09-23,polling,senate_seats,seats,49.8633,49.63,50.2,spread,6
2026-09-23,market,senate_seats,seats,51.0,,,,1
2026-09-23,academic,senate_seats,seats,49.454,47.13,53.52,spread,5
2026-09-24,polling,senate_seats,seats,49.91,49.71,50.25,spread,6
2026-09-24,market,senate_seats,seats,50.99,,,,1
2026-09-24,academic,senate_seats,seats,49.456,47.13,53.51,spread,5
2026-09-25,polling,senate_seats,seats,49.9117,49.67,50.22,spread,6
2026-09-25,market,senate_seats,seats,50.8,,,,1
2026-09-25,academic,senate_seats,seats,49.456,47.13,53.5,spread,5
2026-09-26,polling,senate_seats,seats,49.9183,49.71,50.22,spread,6
2026-09-26,market,senate_seats,seats,50.81,,,,1
2026-09-26,academic,senate_seats,seats,49.456,47.13,53.5,spread,5
2026-09-27,polling,senate_seats,seats,49.9183,49.71,50.22,spread,6
2026-09-27,market,senate_seats,seats,50.82,,,,1
2026-09-27,academic,senate_seats,seats,49.456,47.13,53.5,spread,5
2026-09-28,polling,senate_seats,seats,49.9183,49.71,50.22,spread,6
2026-09-28,market,senate_seats,seats,50.83,,,,1
2026-09-28,academic,senate_seats,seats,49.456,47.13,53.48,spread,5
2026-09-29,polling,senate_seats,seats,49.9183,49.71,50.22,spread,6
2026-09-29,market,senate_seats,seats,50.85,,,,1
2026-09-29,academic,senate_seats,seats,49.456,47.13,53.48,spread,5
