endorser_key,endorser,party,method
aaron bean,Aaron Bean,R,descriptor+roster
aaron regunberg,Aaron Regunberg,D,wikipedia categories
aaron rouse,Aaron Rouse,D,wikipedia categories
abby finkenauer,Abby Finkenauer,D,descriptor+roster
abdullah hammoud,Abdullah Hammoud,D,wikipedia categories
abe hamadeh,Abe Hamadeh,R,descriptor+roster
abigail spanberger,Abigail Spanberger,D,descriptor+roster
aboul khan,Aboul Khan,R,wikipedia categories
adam botana,Adam Botana,R,wikipedia categories
adam ebbin,Adam Ebbin,D,wikipedia categories
adam gray,Adam Gray,D,descriptor+roster
adam hollier,Adam Hollier,D,wikipedia categories
adam kinzinger,Adam Kinzinger,R,descriptor+roster
adam kwasman,Adam Kwasman,R,wikipedia categories
adam neylon,Adam Neylon,R,wikipedia categories
adam pugh,Adam Pugh,R,wikipedia categories
adam schiff,Adam Schiff,D,descriptor+roster
adam smith washington politician,Adam Smith,D,descriptor+roster
adam zabner,Adam Zabner,D,wikipedia categories
adam zemke,Adam Zemke,D,wikipedia categories
adelita grijalva,Adelita Grijalva,D,descriptor+roster
adrian smith politician,Adrian Smith,R,descriptor+roster
adriano espaillat,Adriano Espaillat,D,descriptor+roster
adrienne a jones,Adrienne Jones,D,wikipedia categories
adrienne benavidez,Adrienne Benavidez,D,wikipedia categories
adrin nazarian,Adrin Nazarian,D,wikipedia categories
ako abdul samad,Ako Abdul-Samad,D,wikipedia categories
al d amato,Al D'Amato,R,descriptor+roster
al franken,Al Franken,D,descriptor+roster
al green politician,Al Green,D,descriptor+roster
al lawson,Al Lawson,D,descriptor+roster
al riley,Al Riley,D,wikipedia categories
al stirpe,Al Stirpe,D,wikipedia categories
alabama republican party,Alabama Republican Party,R,wikipedia categories
alan baker politician,Alan Baker,R,wikipedia categories
alan lasee,Alan Lasee,R,wikipedia categories
alan maisel,Alan Maisel,D,wikipedia categories
alan simpson american politician,Alan Simpson,R,descriptor+roster
alaska democratic party,Alaska Democratic Party,D,wikipedia categories
alaska republican party,Alaska Republican Party,R,wikipedia categories
albert a stirpe jr,Al Stirpe,D,wikipedia categories
albert wynn,Albert Wynn,D,descriptor+roster
alberta darling,Alberta Darling,R,wikipedia categories
albio sires,Albio Sires,D,descriptor+roster
alex andrade,Alex Andrade,R,wikipedia categories
alex garza,Alex Garza,D,wikipedia categories
alex mooney,Alex Mooney,R,descriptor+roster
alex padilla,Alex Padilla,D,descriptor+roster
alex rizo,Alex Rizo,R,wikipedia categories
alexandria ocasio cortez,Alexandria Ocasio-Cortez,D,descriptor+roster
allan kittleman,Allan Kittleman,R,wikipedia categories
allen boyd,Allen Boyd,D,descriptor+roster
allen farley,Allen Farley,R,wikipedia categories
allen west politician,Allen West,R,descriptor+roster
allison tant,Allison Tant,D,wikipedia categories
allyson schwartz,Allyson Schwartz,D,descriptor+roster
alma adams,Alma Adams,D,descriptor+roster
alonzo t washington,Alonzo T. Washington,D,wikipedia categories
alvin baldus,Alvin Baldus,D,wikipedia categories
amanda ragan,Amanda Ragan,D,wikipedia categories
ami bera,Ami Bera,D,descriptor+roster
amy klobuchar,Amy Klobuchar,D,descriptor+roster
amy paulin,Amy Paulin,D,wikipedia categories
ana quezada,Ana Quezada,D,wikipedia categories
ana sol gutierrez,Ana Sol Gutierrez,D,wikipedia categories
ander crenshaw,Ander Crenshaw,R,descriptor+roster
andre carson,André Carson,D,descriptor+roster
andrea salinas,Andrea Salinas,D,descriptor+roster
andrea stewart cousins,Andrea Stewart-Cousins,D,wikipedia categories
andrew barkis,Andrew Barkis,R,wikipedia categories
andrew boesenecker,Andrew Boesenecker,D,wikipedia categories
andrew brenner,Andrew Brenner,R,wikipedia categories
andrew chesney,Andrew Chesney,R,wikipedia categories
andrew clyde,Andrew Clyde,R,descriptor+roster
andrew garbarino,Andrew Garbarino,R,descriptor+roster
andrew josephson,Andrew Josephson,D,wikipedia categories
andrew lanza,Andrew Lanza,R,wikipedia categories
andrew prout,Andrew Prout,R,wikipedia categories
andrew romanoff,Andrew Romanoff,D,wikipedia categories
andrew young,Andrew Young,D,wikipedia categories
andy barr,Andy Barr,R,descriptor+roster
andy barr american politician,Andy Barr,R,descriptor+roster
andy biggs,Andy Biggs,R,descriptor+roster
andy harris politician,Andy Harris,R,descriptor+roster
andy jorgensen,Andy Jorgensen,D,wikipedia categories
andy kim,Andy Kim,D,descriptor+roster
andy kim politician,Andy Kim,D,descriptor+roster
andy levin,Andy Levin,D,descriptor+roster
andy meisner,Andy Meisner,D,wikipedia categories
andy ogles,Andy Ogles,R,descriptor+roster
angela alsobrooks,Angela Alsobrooks,D,descriptor+roster
angela romero,Angela Romero,D,wikipedia categories
angie craig,Angie Craig,D,descriptor+roster
angus king,Angus King,D,wikipedia categories
ann johnson politician,Ann Johnson,D,wikipedia categories
ann kirkpatrick,Ann Kirkpatrick,D,descriptor+roster
ann kitchen,Ann Kitchen,D,wikipedia categories
ann margaret ferrante,Ann-Margaret Ferrante,D,wikipedia categories
ann wagner,Ann Wagner,R,descriptor+roster
ann williams politician,Ann Williams,D,wikipedia categories
anna eshoo,Anna Eshoo,D,descriptor+roster
anna paulina luna,Anna Paulina Luna,R,descriptor+roster
anna tovar,Anna Tovar,D,wikipedia categories
anne gannon,Anne Gannon,D,wikipedia categories
anne healey,Anne Healey,D,wikipedia categories
anne hughes politician,Anne Hughes,D,wikipedia categories
anne kaiser,Anne Kaiser,D,wikipedia categories
anne meiman hughes,Anne Meiman Hughes,D,wikipedia categories
annette cleveland,Annette Cleveland,D,wikipedia categories
annette taddeo,Annette Taddeo,D,wikipedia categories
annie kuster,Annie Kuster,D,descriptor+roster
annie mcdaniel,Annie McDaniel,D,wikipedia categories
anthony brown maryland politician,Anthony Brown,D,descriptor+roster
anthony d esposito,Anthony D'Esposito,R,descriptor+roster
anthony deluca illinois politician,Anthony DeLuca,D,wikipedia categories
anthony h williams,Anthony Williams,D,wikipedia categories
anthony loubet,Anthony Loubet,R,wikipedia categories
anthony verrelli,Anthony Verrelli,D,wikipedia categories
antonio cabral,Antonio Cabral,D,wikipedia categories
april mcclain delaney,April McClain Delaney,D,descriptor+roster
arch beal,Arch Beal,D,wikipedia categories
aric nesbitt,Aric Nesbitt,R,wikipedia categories
arizona democratic party,Arizona Democratic Party,D,wikipedia categories
arizona green party,Arizona Green Party,G,wikipedia categories
armando martinez politician,Armando Martinez,D,wikipedia categories
armando walle,Armando Walle,D,wikipedia categories
art agnos,Art Agnos,D,wikipedia categories
art staed,Art Staed,D,wikipedia categories
art torres,Art Torres,D,wikipedia categories
arthenia joyner,Arthenia Joyner,D,wikipedia categories
arthur orr,Arthur Orr,R,wikipedia categories
aruna miller,Aruna Miller,D,wikipedia categories
asa hutchinson,Asa Hutchinson,R,wikipedia categories
ashley hinson,Ashley Hinson,R,descriptor+roster
ashley trantham,Ashley Trantham,R,wikipedia categories
audrey gibson,Audrey Gibson,D,wikipedia categories
august pfluger,August Pfluger,R,descriptor+roster
austin knudsen,Austin Knudsen,R,wikipedia categories
austin scott,Austin Scott,R,descriptor+roster
austin scott politician,Austin Scott,R,descriptor+roster
austin theriault,Austin Theriault,R,wikipedia categories
ayanna pressley,Ayanna Pressley,D,descriptor+roster
bakari sellers,Bakari Sellers,D,wikipedia categories
barack obama,Barack Obama,D,wikipedia categories
barbara b kennelly,Barbara B. Kennelly,D,descriptor+roster
barbara boxer,Barbara Boxer,D,descriptor+roster
barbara byrum,Barbara Byrum,D,wikipedia categories
barbara comstock,Barbara Comstock,R,descriptor+roster
barbara cubin,Barbara Cubin,R,descriptor+roster
barbara flynn currie,Barbara Flynn Currie,D,wikipedia categories
barbara lee,Barbara Lee,D,descriptor+roster
barbara mikulski,Barbara Mikulski,D,descriptor+roster
barbara roberts,Barbara Roberts,D,wikipedia categories
barney frank,Barney Frank,D,descriptor+roster
barry fleming,Barry Fleming,R,wikipedia categories
barry glassman,Barry Glassman,R,wikipedia categories
barry goldwater jr,Barry Goldwater Jr.,R,descriptor+roster
barry loudermilk,Barry Loudermilk,R,descriptor+roster
barry moore american politician,Barry Moore,R,descriptor+roster
bart stupak,Bart Stupak,D,descriptor+roster
becky skillman,Becky Skillman,R,wikipedia categories
ben cardin,Ben Cardin,D,descriptor+roster
ben carson 2016 presidential campaign,Ben Carson 2016 presidential campaign,R,wikipedia categories
ben chandler,Ben Chandler,D,descriptor+roster
ben cline,Ben Cline,R,descriptor+roster
ben nelson,Ben Nelson,D,descriptor+roster
ben nighthorse campbell,Ben Nighthorse Campbell,R,"descriptor+roster (switch, dated)"
ben ray lujan,Ben Ray Luján,D,wikipedia categories
ben sasse,Ben Sasse,R,descriptor+roster
benjamin f kramer,Benjamin Kramer,D,wikipedia categories
bennie thompson,Bennie Thompson,D,descriptor+roster
bernie moreno,Bernie Moreno,R,descriptor+roster
berny jacques,Berny Jacques,R,wikipedia categories
berta gardner,Berta Gardner,D,wikipedia categories
beth bye,Beth Bye,D,wikipedia categories
beth kerttula,Beth Kerttula,D,wikipedia categories
beth meyers,Beth Meyers,D,wikipedia categories
beth mizell,Beth Mizell,R,wikipedia categories
beth van duyne,Beth Van Duyne,R,descriptor+roster
beth wessel kroeschell,Beth Wessel-Kroeschell,D,wikipedia categories
beto o rourke,Beto O'Rourke,D,descriptor+roster
betsy b carr,Betsy Carr,D,wikipedia categories
betsy devos,Betsy DeVos,R,wikipedia categories
betsy markey,Betsy Markey,D,descriptor+roster
betty castor,Betty Castor,D,wikipedia categories
betty mccollum,Betty McCollum,D,descriptor+roster
betty montgomery,Betty Montgomery,R,wikipedia categories
betty yee,Betty Yee,D,wikipedia categories
bettylou decroce,BettyLou DeCroce,R,wikipedia categories
bev clarno,Bev Clarno,R,wikipedia categories
beverly byron,Beverly Byron,D,descriptor+roster
bill archer,Bill Archer,R,descriptor+roster
bill bradbury,Bill Bradbury,D,wikipedia categories
bill bradley,Bill Bradley,D,descriptor+roster
bill cassidy,Bill Cassidy,R,descriptor+roster
bill chumley,Bill Chumley,R,wikipedia categories
bill clay,Bill Clay,D,descriptor+roster
bill clinton,Bill Clinton,D,wikipedia categories
bill clyburn,Bill Clyburn,D,wikipedia categories
bill cowsert,Bill Cowsert,R,wikipedia categories
bill delahunt,Bill Delahunt,D,wikipedia categories
bill dotzler,Bill Dotzler,D,wikipedia categories
bill ferguson politician,Bill Ferguson,D,wikipedia categories
bill flores,Bill Flores,R,descriptor+roster
bill foster politician,Bill Foster,D,descriptor+roster
bill frist,Bill Frist,R,descriptor+roster
bill hagerty,Bill Hagerty,R,descriptor+roster
bill haslam,Bill Haslam,R,wikipedia categories
bill heckroth,Bill Heckroth,D,wikipedia categories
bill hitchens,Bill Hitchens,R,wikipedia categories
bill hixon,Bill Hixon,R,wikipedia categories
bill huizenga,Bill Huizenga,R,descriptor+roster
bill johnson ohio politician,Bill Johnson,R,descriptor+roster
bill keating,Bill Keating,D,descriptor+roster
bill keating politician,Bill Keating,D,descriptor+roster
bill kennemer,Bill Kennemer,R,wikipedia categories
bill magnarelli,Bill Magnarelli,D,wikipedia categories
bill mccollum,Bill McCollum,R,wikipedia categories
bill nelson,Bill Nelson,D,descriptor+roster
bill owens colorado politician,Bill Owens,R,wikipedia categories
bill owens new york politician,Bill Owens,D,descriptor+roster
bill pascrell,Bill Pascrell,D,descriptor+roster
bill posey,Bill Posey,R,descriptor+roster
bill reineke,Bill Reineke,R,wikipedia categories
bill ritter,Bill Ritter,D,wikipedia categories
bill schuette,Bill Schuette,R,wikipedia categories
bill seitz,Bill Seitz,R,wikipedia categories
bill thomas alaska politician,Bill Thomas,R,wikipedia categories
bill wielechowski,Bill Wielechowski,D,wikipedia categories
bill young florida politician,Bill Young,R,wikipedia categories
billy long,Billy Long,R,descriptor+roster
blaine luetkemeyer,Blaine Luetkemeyer,R,descriptor+roster
blaise ingoglia,Blaise Ingoglia,R,wikipedia categories
blake moore,Blake Moore,R,descriptor+roster
blake oshiro,Blake Oshiro,D,wikipedia categories
blanca rubio,Blanca Rubio,D,wikipedia categories
blanche lincoln,Blanche Lincoln,D,descriptor+roster
bo mitchell,Bo Mitchell,D,wikipedia categories
bob archuleta,Bob Archuleta,D,wikipedia categories
bob barr,Bob Barr,R,descriptor+roster
bob beauprez,Bob Beauprez,R,descriptor+roster
bob blumenfield,Bob Blumenfield,D,wikipedia categories
bob brady,Bob Brady,D,descriptor+roster
bob brown montana politician,Bob Brown,R,wikipedia categories
bob casey jr,Bob Casey Jr.,D,descriptor+roster
bob corker,Bob Corker,R,descriptor+roster
bob dold,Bob Dold,R,wikipedia categories
bob dole,Bob Dole,R,descriptor+roster
bob dvorsky,Bob Dvorsky,D,wikipedia categories
bob ehrlich,Bob Ehrlich,R,wikipedia categories
bob gardner,Bob Gardner,R,wikipedia categories
bob gibbs,Bob Gibbs,R,descriptor+roster
bob giuda,Bob Giuda,R,wikipedia categories
bob good,Bob Good,R,descriptor+roster
bob hall politician,Bob Hall,R,wikipedia categories
bob holden,Bob Holden,D,wikipedia categories
bob kerrey,Bob Kerrey,D,descriptor+roster
bob kressig,Bob Kressig,D,wikipedia categories
bob kulp,Bob Kulp,R,wikipedia categories
bob latta,Bob Latta,R,descriptor+roster
bob list,Bob List,R,wikipedia categories
bob mcdonnell,Bob McDonnell,R,wikipedia categories
bob mcewen,Bob McEwen,R,descriptor+roster
bob menendez,Bob Menendez,D,descriptor+roster
bob mensch,Bob Mensch,R,wikipedia categories
bob onder,Bob Onder,R,descriptor+roster
bob rucho,Bob Rucho,R,wikipedia categories
bob schaffer,Bob Schaffer,R,descriptor+roster
bob smith new hampshire politician,Bob Smith,R,descriptor+roster
bob taft,Bob Taft,R,wikipedia categories
bobby kaufmann,Bobby Kaufmann,R,wikipedia categories
bobby rush,Bobby Rush,D,descriptor+roster
bobby schostak,Bobby Schostak,R,wikipedia categories
bobby scott politician,Bobby Scott,D,descriptor+roster
bobby scott u s politician,Bobby Scott,D,descriptor+roster
bobby singleton politician,Bobby Singleton,D,wikipedia categories
bonnie watson coleman,Bonnie Watson Coleman,D,descriptor+roster
brad ashford,Brad Ashford,D,descriptor+roster
brad henry,Brad Henry,D,wikipedia categories
brad hoylman,Brad Hoylman,D,wikipedia categories
brad hoylman sigal,Brad Hoylman-Sigal,D,wikipedia categories
brad knott,Brad Knott,R,descriptor+roster
brad pfaff,Brad Pfaff,D,wikipedia categories
brad schneider,Brad Schneider,D,descriptor+roster
brad sherman,Brad Sherman,D,descriptor+roster
brad wenstrup,Brad Wenstrup,R,descriptor+roster
brady brammer,Brady Brammer,R,wikipedia categories
brandon gill,Brandon Gill,R,descriptor+roster
brandon newton,Brandon Newton,R,wikipedia categories
brandon shaffer,Brandon Shaffer,D,wikipedia categories
brenda carter,Brenda Carter,D,wikipedia categories
brenda gilmore,Brenda Gilmore,D,wikipedia categories
brenda jones politician,Brenda Jones,D,wikipedia categories
brenda lawrence,Brenda Lawrence,D,descriptor+roster
brendan boyle,Brendan Boyle,D,descriptor+roster
brendan crighton,Brendan Crighton,D,wikipedia categories
brent siegrist,Brent Siegrist,R,wikipedia categories
brett guthrie,Brett Guthrie,R,descriptor+roster
brett hulsey,Brett Hulsey,D,wikipedia categories
brian babin,Brian Babin,R,descriptor+roster
brian best iowa politician,Brian Best,R,wikipedia categories
brian boquist,Brian Boquist,R,wikipedia categories
brian feldman politician,Brian J. Feldman,D,wikipedia categories
brian fitzpatrick american politician,Brian Fitzpatrick,R,descriptor+roster
brian frosh,Brian Frosh,D,wikipedia categories
brian hatfield,Brian Hatfield,D,wikipedia categories
brian higgins,Brian Higgins,D,descriptor+roster
brian jack,Brian Jack,R,descriptor+roster
brian manktelow,Brian Manktelow,R,wikipedia categories
brian mast,Brian Mast,R,descriptor+roster
brian p kavanagh,Brian Kavanagh,D,wikipedia categories
brian schatz,Brian Schatz,D,descriptor+roster
brian schoenjahn,Brian Schoenjahn,D,wikipedia categories
brian schweitzer,Brian Schweitzer,D,wikipedia categories
brianna titone,Brianna Titone,D,wikipedia categories
bridger bolinder,Bridger Bolinder,R,wikipedia categories
brittany pettersen,Brittany Pettersen,D,descriptor+roster
brooklyn democratic party,Brooklyn Democratic Party,D,wikipedia categories
bruce ayers,Bruce Ayers,D,wikipedia categories
bruce braley,Bruce Braley,D,wikipedia categories
bruce d benson,Bryce Benson,R,wikipedia categories
bruce hunter politician,Bruce Hunter,D,wikipedia categories
bruce poliquin,Bruce Poliquin,R,wikipedia categories
bruce w bannister,Bruce Bannister,R,wikipedia categories
bruce westerman,Bruce Westerman,R,descriptor+roster
bryan avila,Bryan Avila,R,wikipedia categories
bryan c williams,Bryan C. Williams,R,wikipedia categories
bryan steil,Bryan Steil,R,descriptor+roster
bryce edgmon,Bryce Edgmon,D,wikipedia categories
bryce reeves,Bryce Reeves,R,wikipedia categories
buddy carter,Buddy Carter,R,descriptor+roster
buddy deloach,Buddy DeLoach,R,wikipedia categories
burgess owens,Burgess Owens,R,descriptor+roster
butch miller politician,Butch Miller,R,wikipedia categories
byron donalds,Byron Donalds,R,descriptor+roster
c anthony muse,C. Anthony Muse,D,wikipedia categories
c d davidsmeyer,C. D. Davidsmeyer,R,wikipedia categories
c t wilson,C. T. Wilson,D,wikipedia categories
cal forrest,Cal Forrest,R,wikipedia categories
cale case,Cale Case,R,wikipedia categories
california democratic party,California Democratic Party,D,wikipedia categories
california republican party,California Republican Party,R,wikipedia categories
cam kenney,Cam Kenney,D,wikipedia categories
cameron henry,Cameron Henry,R,wikipedia categories
candice miller,Candice Miller,R,descriptor+roster
candice pierucci,Candice Pierucci,R,wikipedia categories
candy noble,Candy Noble,R,wikipedia categories
carl albrecht politician,Carl Albrecht,R,wikipedia categories
carl anderson south carolina politician,Carl Anderson,D,wikipedia categories
carl ford politician,Carl Ford,R,wikipedia categories
carl zimmermann politician,Carl Zimmermann,D,wikipedia categories
carla nelson,Carla Nelson,R,wikipedia categories
carlie kotyza witthuhn,Carlie Kotyza-Witthuhn,D,wikipedia categories
carlos a gimenez,Carlos Giménez,R,wikipedia categories
carmine gentile,Carmine Gentile,D,wikipedia categories
carol hall politician,Carol Hall,R,wikipedia categories
carol hill evans,Carol Hill-Evans,D,wikipedia categories
carol miller politician,Carol Miller,R,descriptor+roster
carol moseley braun,Carol Moseley Braun,D,descriptor+roster
carol ronen,Carol Ronen,D,wikipedia categories
carol sente,Carol Sente,D,wikipedia categories
carol shea porter,Carol Shea-Porter,D,descriptor+roster
carolyn dykema,Carolyn Dykema,D,wikipedia categories
carolyn eslick,Carolyn Eslick,R,wikipedia categories
carolyn maloney,Carolyn Maloney,D,descriptor+roster
carolyn mccarthy,Carolyn McCarthy,D,descriptor+roster
case brittain,Case Brittain,R,wikipedia categories
casey murdock,Casey Murdock,R,wikipedia categories
catherine cortez masto,Catherine Cortez Masto,D,descriptor+roster
catherine hanaway,Catherine Hanaway,R,wikipedia categories
catherine miranda,Catherine Miranda,D,wikipedia categories
catherine nolan,Cathy Nolan,D,wikipedia categories
catherine sofikitis,Catherine Sofikitis,D,wikipedia categories
catherine stefani,Catherine Stefani,D,wikipedia categories
cathy mcmorris rodgers,Cathy McMorris Rodgers,R,descriptor+roster
cathy tilton,Cathy Tilton,R,wikipedia categories
cecil dolecheck,Cecil Dolecheck,R,wikipedia categories
cecil thomas politician,Cecil Thomas,D,wikipedia categories
cedric ross hayden,Cedric Hayden,R,wikipedia categories
cedrick frazier,Cedrick Frazier,D,wikipedia categories
celeste maloy,Celeste Maloy,R,descriptor+roster
chad caldwell,Chad Caldwell,R,wikipedia categories
charles boustany,Charles Boustany,R,descriptor+roster
charles d lavine,Charles D. Lavine,D,wikipedia categories
charles isenhart,Chuck Isenhart,D,wikipedia categories
charles lavine,Charles Lavine,D,wikipedia categories
charles mccall,Charles McCall,R,wikipedia categories
charles meier,Charles Meier,R,wikipedia categories
charles p pray,Charles P. Pray,D,wikipedia categories
charles rangel,Charles Rangel,D,descriptor+roster
charles taylor north carolina politician,Charles Taylor,R,descriptor+roster
charlie crist,Charlie Crist,D,descriptor+roster
charlie dent,Charlie Dent,R,descriptor+roster
charlie melancon,Charlie Melançon,D,wikipedia categories
charlie stone politician,Charlie Stone,R,wikipedia categories
chellie pingree,Chellie Pingree,D,descriptor+roster
cherelle parker,Cherelle Parker,D,wikipedia categories
cheri bustos,Cheri Bustos,D,descriptor+roster
cheryl acton,Cheryl Acton,R,wikipedia categories
cheryl kagan,Cheryl Kagan,D,wikipedia categories
chester a gerlach,Chester Gerlach,D,wikipedia categories
chester g atkins,Chester Atkins,D,descriptor+roster
chip curry,Chip Curry,D,wikipedia categories
chip huggins,Chip Huggins,R,wikipedia categories
chip limehouse,Chip Limehouse,R,wikipedia categories
chip roy,Chip Roy,R,descriptor+roster
chris blackshear,Chris Blackshear,R,wikipedia categories
chris carney,Chris Carney,D,descriptor+roster
chris coons,Chris Coons,D,descriptor+roster
chris danou,Chris Danou,D,wikipedia categories
chris deluzio,Chris Deluzio,D,descriptor+roster
chris dodd,Chris Dodd,D,descriptor+roster
chris erwin,Chris Erwin,R,wikipedia categories
chris giunchigliani,Chris Giunchigliani,D,wikipedia categories
chris hall politician,Chris Hall,D,wikipedia categories
chris jacobs politician,Chris Jacobs,R,descriptor+roster
chris john politician,Chris John,D,descriptor+roster
chris kannady,Chris Kannady,R,wikipedia categories
chris larson,Chris Larson,D,wikipedia categories
chris murphy,Chris Murphy,D,descriptor+roster
chris pappas american politician,Chris Pappas,D,descriptor+roster
chris rabb,Chris Rabb,D,wikipedia categories
chris sells,Chris Sells,R,wikipedia categories
chris smith new jersey politician,Chris Smith,R,descriptor+roster
chris stewart utah politician,Chris Stewart,R,descriptor+roster
chris van hollen,Chris Van Hollen,D,descriptor+roster
chris welch politician,Chris Welch,D,wikipedia categories
chris wooten,Chris Wooten,R,wikipedia categories
chrissy houlahan,Chrissy Houlahan,D,descriptor+roster
christal lloyd,Christal Lloyd,D,wikipedia categories
christina morales,Christina Morales,D,wikipedia categories
christine barber,Christine Barber,D,wikipedia categories
christine erickson,Christine Erickson,R,wikipedia categories
christine gregoire,Christine Gregoire,D,wikipedia categories
christine kehoe,Christine Kehoe,D,wikipedia categories
christine rolfes,Christine Rolfes,D,wikipedia categories
christine sinicki,Christine Sinicki,D,wikipedia categories
christine todd whitman,Christine Todd Whitman,R,wikipedia categories
christine watkins,Christine Watkins,R,wikipedia categories
christopher markey,Christopher Markey,D,wikipedia categories
christopher s friend,Christopher S. Friend,R,wikipedia categories
chuck benedict,Chuck Benedict,D,wikipedia categories
chuck calvert,Chuck Calvert,R,wikipedia categories
chuck efstration,Chuck Efstration,R,wikipedia categories
chuck fleischmann,Chuck Fleischmann,R,descriptor+roster
chuck grassley,Chuck Grassley,R,descriptor+roster
chuck hufstetler,Chuck Hufstetler,R,wikipedia categories
chuck martin politician,Chuck Martin,R,wikipedia categories
chuck schumer,Chuck Schumer,D,descriptor+roster
chuy garcia,Chuy García,D,descriptor+roster
cindy axne,Cindy Axne,D,descriptor+roster
cindy creem,Cindy Creem,D,wikipedia categories
cindy hyde smith,Cindy Hyde-Smith,R,descriptor+roster
cindy winckler,Cindy Winckler,D,wikipedia categories
ciro rodriguez,Ciro Rodriguez,D,descriptor+roster
clarke tucker,Clarke Tucker,D,wikipedia categories
claudia tenney,Claudia Tenney,R,descriptor+roster
claudine schneider,Claudine Schneider,R,wikipedia categories
clay higgins,Clay Higgins,R,descriptor+roster
clay scofield,Clay Scofield,R,wikipedia categories
clay yarborough,Clay Yarborough,R,wikipedia categories
cleo fields,Cleo Fields,D,descriptor+roster
cliff bentz,Cliff Bentz,R,descriptor+roster
clint crowe,Clint Crowe,R,wikipedia categories
coleman young ii,Coleman Young II,D,wikipedia categories
colin allred,Colin Allred,D,descriptor+roster
collin peterson,Collin Peterson,D,descriptor+roster
colorado republican party,Colorado Republican Party,R,wikipedia categories
connecticut democratic party,Connecticut Democratic Party,D,wikipedia categories
connecticut republican party,Connecticut Republican Party,R,wikipedia categories
connie lawson,Connie Lawson,R,wikipedia categories
connie mack iii,Connie Mack III,R,descriptor+roster
connie mack iv,Connie Mack IV,R,descriptor+roster
conor lamb,Conor Lamb,D,statewide fallback
cori bush,Cori Bush,D,descriptor+roster
corley ellis,Corley Ellis,R,wikipedia categories
cory booker,Cory Booker,D,descriptor+roster
cory gardner,Cory Gardner,R,descriptor+roster
cory maloy,Cory Maloy,R,wikipedia categories
cory mason,Cory Mason,D,wikipedia categories
cory mills,Cory Mills,R,descriptor+roster
craig a gagnon,Craig Gagnon,R,wikipedia categories
craig benson,Craig Benson,R,wikipedia categories
craig blair,Craig Blair,R,wikipedia categories
craig goldman,Craig Goldman,R,descriptor+roster
craig l rice,Craig L. Rice,D,wikipedia categories
creigh deeds,Creigh Deeds,D,wikipedia categories
cresent hardy,Cresent Hardy,R,descriptor+roster
cruz bustamante,Cruz Bustamante,D,wikipedia categories
crystal peoples stokes,Crystal D. Peoples-Stokes,D,wikipedia categories
curren price,Curren Price,D,wikipedia categories
curt hagman,Curt Hagman,R,wikipedia categories
cynthia lummis,Cynthia Lummis,R,wikipedia categories
cynthia mckinney,Cynthia McKinney,D,descriptor+roster
cynthia neeley,Cynthia Neeley,D,wikipedia categories
cynthia stone creem,Cynthia Stone Creem,D,wikipedia categories
cynthia willard lewis,Cynthia Willard-Lewis,D,wikipedia categories
dale strong,Dale Strong,R,descriptor+roster
damon thayer,Damon Thayer,R,wikipedia categories
dan bishop,Dan Bishop,R,descriptor+roster
dan brady illinois politician,Dan Brady,R,wikipedia categories
dan burton,Dan Burton,R,descriptor+roster
dan crenshaw,Dan Crenshaw,R,descriptor+roster
dan deasy,Dan Deasy,D,wikipedia categories
dan dockstader,Dan Dockstader,R,wikipedia categories
dan donahue,Daniel Donahue,D,wikipedia categories
dan frankel american politician,Dan Frankel,D,wikipedia categories
dan goldman,Dan Goldman,D,descriptor+roster
dan kapanke,Dan Kapanke,R,wikipedia categories
dan kildee,Dan Kildee,D,descriptor+roster
dan knodl,Dan Knodl,R,wikipedia categories
dan meuser,Dan Meuser,R,descriptor+roster
dan meyer wisconsin politician,Dan Meyer,R,wikipedia categories
dan moul,Dan Moul,R,wikipedia categories
dan newberry,Dan Newberry,R,wikipedia categories
dan newhouse,Dan Newhouse,R,descriptor+roster
dan patrick politician,Dan Patrick,R,wikipedia categories
dan quart,Dan Quart,D,wikipedia categories
dan ramos,Dan Ramos,D,wikipedia categories
dan rayfield,Dan Rayfield,D,wikipedia categories
dan saddler,Dan Saddler,R,wikipedia categories
dan schooff,Dan Schooff,D,wikipedia categories
dan stec,Dan Stec,R,wikipedia categories
dan sullivan u s senator,Dan Sullivan,R,descriptor+roster
dan troy,Dan Troy,D,wikipedia categories
dan weinberg,Dan Weinberg,D,wikipedia categories
dan wolf,Dan Wolf,D,wikipedia categories
dan wolgamott,Dan Wolgamott,D,wikipedia categories
dana rohrabacher,Dana Rohrabacher,R,descriptor+roster
dana trabulsy,Dana Trabulsy,R,wikipedia categories
daniel biss,Daniel Biss,D,wikipedia categories
daniel j evans,Daniel J. Evans,R,wikipedia categories
daniel j o donnell,Danny O'Donnell,D,wikipedia categories
daniel k webster,Daniel K. Webster,R,wikipedia categories
daniel mccay,Daniel McCay,R,wikipedia categories
daniel mongiardo,Daniel Mongiardo,D,wikipedia categories
daniel perez politician,Daniel Perez,R,wikipedia categories
daniel r benson,Dan Benson,D,wikipedia categories
daniel webster florida politician,Daniel Webster,R,descriptor+roster
danielle conrad,Danielle Conrad,D,wikipedia categories
danny crawford politician,Danny Crawford,R,wikipedia categories
danny davis illinois politician,Danny Davis,D,descriptor+roster
danny garrett,Danny Garrett,R,wikipedia categories
darcy jech,Darcy Jech,R,wikipedia categories
darin lahood,Darin LaHood,R,descriptor+roster
darlene taylor politician,Darlene Taylor,R,wikipedia categories
darrell issa,Darrell Issa,R,descriptor+roster
darren soto,Darren Soto,D,descriptor+roster
darryl rouson,Darryl Rouson,D,wikipedia categories
daryl beall,Daryl Beall,D,wikipedia categories
daryl jones politician,Daryl Jones,D,wikipedia categories
dave brat,Dave Brat,R,descriptor+roster
dave camp,Dave Camp,R,descriptor+roster
dave deyoe,Dave Deyoe,R,wikipedia categories
dave farnsworth,Dave Farnsworth,R,wikipedia categories
dave hansen politician,Dave Hansen,D,wikipedia categories
dave heineman,Dave Heineman,R,wikipedia categories
dave kinskey,Dave Kinskey,R,wikipedia categories
dave koehler,Dave Koehler,D,wikipedia categories
dave loebsack,Dave Loebsack,D,descriptor+roster
dave marsden politician,David Marsden,D,wikipedia categories
dave mccormick,Dave McCormick,R,descriptor+roster
dave min,Dave Min,D,descriptor+roster
dave murphy wisconsin politician,Dave Murphy,R,wikipedia categories
dave nagle,Dave Nagle,D,descriptor+roster
dave obey,Dave Obey,D,descriptor+roster
dave reichert,Dave Reichert,R,descriptor+roster
dave rogers massachusetts politician,Dave Rogers,D,wikipedia categories
dave syverson,Dave Syverson,R,wikipedia categories
dave trott politician,Dave Trott,R,descriptor+roster
dave upthegrove,Dave Upthegrove,D,wikipedia categories
davey hiott,Davey Hiott,R,wikipedia categories
david agema,David Agema,R,wikipedia categories
david alvarez politician,David Alvarez,D,wikipedia categories
david bonior,David Bonior,D,descriptor+roster
david borrero,David Borrero,R,wikipedia categories
david ciciline,David Ciciline,D,wikipedia categories
david cicilline,David Cicilline,D,descriptor+roster
david clark georgia politician,David Clark,R,wikipedia categories
david derby,David Derby,R,wikipedia categories
david faulkner politician,David Faulkner,R,wikipedia categories
david fraser hidalgo,David Fraser-Hidalgo,D,wikipedia categories
david h watters,David Watters,D,wikipedia categories
david hinkins,David Hinkins,R,wikipedia categories
david j leland,David J. Leland,D,wikipedia categories
david jacoby politician,David Jacoby,D,wikipedia categories
david johnson ohio politician,David Johnson,R,wikipedia categories
david joyce politician,David Joyce,R,descriptor+roster
david kerr iowa politician,David Kerr,R,wikipedia categories
david knight politician,David Knight,R,wikipedia categories
david lagrand,David LaGrand,D,wikipedia categories
david m mcintosh,David McIntosh,R,descriptor+roster
david maloney politician,David Maloney,R,wikipedia categories
david martin michigan politician,David Martin,R,wikipedia categories
david maxwell american politician,David Maxwell,R,wikipedia categories
david mcintosh politician,David McIntosh,R,descriptor+roster
david mckinley,David McKinley,R,descriptor+roster
david meade,David Meade,R,wikipedia categories
david orentlicher,David Orentlicher,D,wikipedia categories
david perdue,David Perdue,R,descriptor+roster
david price american politician,David Price,D,descriptor+roster
david r brinkley,David Brinkley,R,wikipedia categories
david rader,David Rader,R,wikipedia categories
david ralston,David Ralston,R,wikipedia categories
david rivera,David Rivera,R,descriptor+roster
david rouzer,David Rouzer,R,descriptor+roster
david schultheis,David Schultheis,R,wikipedia categories
david schweikert,David Schweikert,R,descriptor+roster
david scott georgia politician,David Scott,D,descriptor+roster
david sessions,David Sessions,R,wikipedia categories
david skaggs,David Skaggs,D,descriptor+roster
david smith florida politician,David Smith,R,wikipedia categories
david steffen,David Steffen,R,wikipedia categories
david taylor ohio politician,Dave Taylor,R,descriptor+roster
david trone,David Trone,D,descriptor+roster
david walters,David Walters,D,wikipedia categories
david whitaker politician,David Whitaker,D,wikipedia categories
david wilkerson politician,David Wilkerson,D,wikipedia categories
david young iowa politician,David Young,R,descriptor+roster
david zuckerman politician,David Zuckerman,D,wikipedia categories
dean black,Dean Black,R,wikipedia categories
dean burke,Dean Burke,R,wikipedia categories
dean fisher,Dean Fisher,R,wikipedia categories
dean heller,Dean Heller,R,descriptor+roster
dean phillips,Dean Phillips,D,descriptor+roster
deann vaught,DeAnn Vaught,R,wikipedia categories
deb fischer,Deb Fischer,R,descriptor+roster
debbie dingell,Debbie Dingell,D,descriptor+roster
debbie lesko,Debbie Lesko,R,descriptor+roster
debbie mayfield,Debbie Mayfield,R,wikipedia categories
debbie mucarsel powell,Debbie Mucarsel-Powell,D,descriptor+roster
debbie stabenow,Debbie Stabenow,D,descriptor+roster
debbie wasserman schultz,Debbie Wasserman Schultz,D,descriptor+roster
deborah berry,Deborah Berry,D,wikipedia categories
deborah j glick,Deborah Glick,D,wikipedia categories
deborah k ross,Deborah K. Ross,D,descriptor+roster
deborah ross politician,Deborah Ross,D,descriptor+roster
delaware democratic party,Delaware Democratic Party,D,wikipedia categories
delaware republican party,Delaware Republican Party,R,wikipedia categories
delia ramirez,Delia Ramirez,D,descriptor+roster
dell kerbs,Dell Kerbs,R,wikipedia categories
della au belatti,Della Au Belatti,D,wikipedia categories
delores mcquinn,Delores McQuinn,D,wikipedia categories
demi busatta,Demi Busatta,R,wikipedia categories
democratic party of arkansas,Democratic Party of Arkansas,D,wikipedia categories
democratic party of connecticut,Democratic Party of Connecticut,D,wikipedia categories
denise driehaus,Denise Driehaus,D,wikipedia categories
denise grimsley,Denise Grimsley,R,wikipedia categories
dennis baxley,Dennis Baxley,R,wikipedia categories
dennis conta,Dennis Conta,D,wikipedia categories
dennis daugaard,Dennis Daugaard,R,wikipedia categories
dennis deconcini,Dennis DeConcini,D,descriptor+roster
dennis hollingsworth,Dennis Hollingsworth,R,wikipedia categories
dennis linthicum,Dennis Linthicum,R,wikipedia categories
dennis moss,Dennis Moss,R,wikipedia categories
denver riggleman,Denver Riggleman,R,descriptor+roster
dereck e davis,Dereck E. Davis,D,wikipedia categories
derek brown politician,Derek Brown,R,wikipedia categories
derek kawakami,Derek Kawakami,D,wikipedia categories
derek kilmer,Derek Kilmer,D,descriptor+roster
derek kitchen,Derek Kitchen,D,wikipedia categories
derek tran,Derek Tran,D,descriptor+roster
derrick van orden,Derrick Van Orden,R,descriptor+roster
derrin owens,Derrin Owens,R,wikipedia categories
deval patrick,Deval Patrick,D,wikipedia categories
devin carney,Devin Carney,R,wikipedia categories
devon mathis,Devon Mathis,R,wikipedia categories
dewayne hill,Dewayne Hill,R,wikipedia categories
dewayne pemberton,Dewayne Pemberton,R,wikipedia categories
diana degette,Diana DeGette,D,descriptor+roster
diana dizoglio,Diana DiZoglio,D,wikipedia categories
diana harshbarger,Diana Harshbarger,R,descriptor+roster
diane black,Diane Black,R,descriptor+roster
diane grendell,Diane Grendell,R,wikipedia categories
diane savino,Diane Savino,D,wikipedia categories
diane watson,Diane Watson,D,descriptor+roster
dianna schimek,DiAnna Schimek,D,wikipedia categories
dianne byrum,Dianne Byrum,D,wikipedia categories
dick batchelor,Dick Batchelor,D,wikipedia categories
dick brewbaker,Dick Brewbaker,R,wikipedia categories
dick celeste,Dick Celeste,D,wikipedia categories
dick cheney,Dick Cheney,R,wikipedia categories
dick durbin,Dick Durbin,D,descriptor+roster
dick gephardt,Dick Gephardt,D,descriptor+roster
diemer true,Diemer True,R,wikipedia categories
dina titus,Dina Titus,D,descriptor+roster
dino rossi,Dino Rossi,R,wikipedia categories
doc hastings,Doc Hastings,R,descriptor+roster
dominic lariccia,Dominic LaRiccia,R,wikipedia categories
don bacon,Don Bacon,R,descriptor+roster
don beyer,Don Beyer,D,descriptor+roster
don davis north carolina politician,Don Davis,D,descriptor+roster
don harmon,Don Harmon,D,wikipedia categories
don ipson,Don Ipson,R,wikipedia categories
don nickles,Don Nickles,R,wikipedia categories
don young,Don Young,R,wikipedia categories
donald burkhart,Don Burkhart,R,wikipedia categories
donald mceachin,Donald McEachin,D,descriptor+roster
donald norcross,Donald Norcross,D,descriptor+roster
donald payne jr,Donald Payne Jr.,D,descriptor+roster
donald trump,Donald Trump,R,wikipedia categories
donna bullock politician,Donna Bullock,D,wikipedia categories
donna campbell,Donna Campbell,R,wikipedia categories
donna j seidel,Donna Seidel,D,wikipedia categories
donna lupardo,Donna Lupardo,D,wikipedia categories
donna shalala,Donna Shalala,D,descriptor+roster
donna soucy,Donna Soucy,D,wikipedia categories
donne trotter,Donne Trotter,D,wikipedia categories
donzella james,Donzella James,D,wikipedia categories
doris kelley,Doris Kelley,D,wikipedia categories
doris matsui,Doris Matsui,D,descriptor+roster
doug burgum,Doug Burgum,R,wikipedia categories
doug collins politician,Doug Collins,R,descriptor+roster
doug lamalfa,Doug LaMalfa,R,descriptor+roster
doug lamborn,Doug Lamborn,R,descriptor+roster
douglas h fisher,Douglas Fisher,D,wikipedia categories
dov hikind,Dov Hikind,D,wikipedia categories
drew edmondson,Drew Edmondson,D,wikipedia categories
drew ferguson politician,Drew Ferguson,R,descriptor+roster
drew macewen,Drew MacEwen,R,wikipedia categories
dustin hite,Dustin Hite,R,wikipedia categories
dusty johnson,Dusty Johnson,R,descriptor+roster
dutch ruppersberger,Dutch Ruppersberger,D,descriptor+roster
dwight evans politician,Dwight Evans,D,descriptor+roster
dwight takamine,Dwight Takamine,D,wikipedia categories
earl blumenauer,Earl Blumenauer,D,descriptor+roster
earl pomeroy,Earl Pomeroy,D,wikipedia categories
earl sears,Earl Sears,R,wikipedia categories
ed case,Ed Case,D,descriptor+roster
ed feighan,Ed Feighan,D,descriptor+roster
ed gillespie,Ed Gillespie,R,wikipedia categories
ed henry alabama politician,Ed Henry,R,wikipedia categories
ed hooper politician,Ed Hooper,R,wikipedia categories
ed markey,Ed Markey,D,descriptor+roster
ed mcbroom,Ed McBroom,R,wikipedia categories
ed perlmutter,Ed Perlmutter,D,descriptor+roster
ed rendell,Ed Rendell,D,wikipedia categories
ed schafer,Ed Schafer,R,wikipedia categories
ed setzler,Ed Setzler,R,wikipedia categories
eddie bernice johnson,Eddie Bernice Johnson,D,descriptor+roster
eddie day pashinski,Eddie Day Pashinski,D,wikipedia categories
eddie lumsden politician,Eddie Lumsden,R,wikipedia categories
eddie morales,Eddie Morales,D,wikipedia categories
edgar flores politician,Edgar Flores,D,wikipedia categories
edith ajello,Edith Ajello,D,wikipedia categories
edolphus towns,Ed Towns,D,descriptor+roster
edward r reilly,Edward R. Reilly,R,wikipedia categories
eileen filler corn,Eileen Filler-Corn,D,wikipedia categories
elaine bloom,Elaine Bloom,D,wikipedia categories
elaine schwartz,Elaine Schwartz,D,wikipedia categories
elbert guillory,Elbert Guillory,D,"wikipedia categories (majority {'D': 2, 'R': 1})"
eleanor holmes norton,Eleanor Holmes Norton,D,wikipedia categories
elena parent,Elena Parent,D,wikipedia categories
eleni kavros degraw,Eleni Kavros DeGraw,D,wikipedia categories
elesha gayman,Elesha Gayman,D,wikipedia categories
eli bebout,Eli Bebout,D,wikipedia categories
eli crane,Eli Crane,R,descriptor+roster
eliot engel,Eliot Engel,D,descriptor+roster
elise stefanik,Elise Stefanik,R,descriptor+roster
elissa slotkin,Elissa Slotkin,D,descriptor+roster
elizabeth bobo,Elizabeth Bobo,D,wikipedia categories
elizabeth h roberts,Elizabeth Roberts,D,wikipedia categories
elizabeth steiner,Elizabeth Steiner,D,wikipedia categories
elizabeth warren,Elizabeth Warren,D,descriptor+roster
ellen read,Ellen Read,D,wikipedia categories
ellen sauerbrey,Ellen Sauerbrey,R,wikipedia categories
eloise reyes,Eloise Reyes,D,wikipedia categories
eloise vitelli,Eloise Vitelli,D,wikipedia categories
emanuel cleaver,Emanuel Cleaver,D,descriptor+roster
emil jones,Emil Jones,D,wikipedia categories
emilia sykes,Emilia Sykes,D,descriptor+roster
emily cain,Emily Cain,D,wikipedia categories
emily randall,Emily Randall,D,descriptor+roster
emmanuel cleaver,Emmanuel Cleaver,D,descriptor+roster
emory dunahoo,Emory Dunahoo,R,wikipedia categories
eric burlison,Eric Burlison,R,descriptor+roster
eric cantor,Eric Cantor,R,descriptor+roster
eric croft,Eric Croft,D,wikipedia categories
eric gallager,Eric Gallager,D,wikipedia categories
eric genrich,Eric Genrich,D,wikipedia categories
eric householder,Eric Householder,R,wikipedia categories
eric johnson georgia politician,Eric Johnson,R,wikipedia categories
eric kearney,Eric Kearney,D,wikipedia categories
eric luedtke,Eric Luedtke,D,wikipedia categories
eric schmitt,Eric Schmitt,R,descriptor+roster
eric sorensen politician,Eric Sorensen,D,descriptor+roster
eric swalwell,Eric Swalwell,D,descriptor+roster
erik martin dilan,Erik Dilan,D,wikipedia categories
erin houchin,Erin Houchin,R,descriptor+roster
erin maye quade,Erin Maye Quade,D,wikipedia categories
esther agbaje,Esther Agbaje,D,wikipedia categories
eugene depasquale,Eugene DePasquale,D,wikipedia categories
eugene vindman,Eugene Vindman,D,descriptor+roster
eva clayton,Eva Clayton,D,descriptor+roster
evan jenne,Evan Jenne,D,wikipedia categories
evan low,Evan Low,D,wikipedia categories
evan vickers,Evan Vickers,R,wikipedia categories
f jay barrows,F. Jay Barrows,R,wikipedia categories
fabian nunez,Fabian Núñez,D,wikipedia categories
federico pena,Federico Peña,D,wikipedia categories
filemon vela jr,Filemon Vela Jr.,D,descriptor+roster
fiona mcfarland,Fiona McFarland,R,wikipedia categories
fran ulmer,Fran Ulmer,D,wikipedia categories
frank dermody,Frank Dermody,D,wikipedia categories
frank ginn,Frank Ginn,R,wikipedia categories
frank guinta,Frank Guinta,R,statewide fallback
frank iler,Frank Iler,R,wikipedia categories
frank j mrvan,Frank J. Mrvan,D,descriptor+roster
frank lucas oklahoma politician,Frank Lucas,R,descriptor+roster
frank mcnulty colorado politician,Frank McNulty,R,wikipedia categories
frank niceley,Frank Niceley,R,wikipedia categories
frank pallone,Frank Pallone,D,descriptor+roster
frank peterman,Frank Peterman,D,wikipedia categories
frank s turner,Frank S. Turner,D,wikipedia categories
frank simpson politician,Frank Simpson,R,wikipedia categories
frank wolf politician,Frank Wolf,R,descriptor+roster
fred davis jr,Fred Davis Jr.,D,wikipedia categories
fred durhal iii,Fred Durhal III,D,wikipedia categories
fred grandy,Fred Grandy,R,wikipedia categories
fred keller politician,Fred Keller,R,descriptor+roster
fred kessler,Fred Kessler,D,wikipedia categories
fred lippman,Fred Lippman,D,wikipedia categories
fred smith north carolina politician,Fred Smith,R,wikipedia categories
fred upton,Fred Upton,R,descriptor+roster
freddie powell sims,Freddie Powell Sims,D,wikipedia categories
frederica wilson,Frederica Wilson,D,descriptor+roster
fredrick love,Fredrick Love,D,wikipedia categories
freedom caucus,House Freedom Fund,R,wikipedia categories
french hill politician,French Hill,R,descriptor+roster
g k butterfield,G. K. Butterfield,D,descriptor+roster
g steven rowe,Steve Rowe,D,wikipedia categories
gabby giffords,Gabby Giffords,D,descriptor+roster
gabe amo,Gabe Amo,D,descriptor+roster
gabe evans,Gabe Evans,R,descriptor+roster
gabe vasquez,Gabe Vasquez,D,descriptor+roster
gail schwartz,Gail Schwartz,D,wikipedia categories
gale mastrofrancesco,Gale Mastrofrancesco,R,wikipedia categories
garland e pierce,Garland Pierce,D,wikipedia categories
garry mize,Garry Mize,R,wikipedia categories
gary ackerman,Gary Ackerman,D,descriptor+roster
gary george wisconsin politician,Gary George,D,wikipedia categories
gary hart,Gary Hart,D,descriptor+roster
gary hebl,Gary Hebl,D,wikipedia categories
gary hooser,Gary Hooser,D,wikipedia categories
gary locke,Gary Locke,D,wikipedia categories
gary mohr,Gary Mohr,R,wikipedia categories
gary palmer,Gary Palmer,R,descriptor+roster
gary palmer politician,Gary Palmer,R,descriptor+roster
gary peters,Gary Peters,D,descriptor+roster
gary siplin,Gary Siplin,D,wikipedia categories
gary stanislawski,Gary Stanislawski,R,wikipedia categories
gary stevens politician,Gary Stevens,R,wikipedia categories
gary tauchen,Gary Tauchen,R,wikipedia categories
gary turco,Gary Turco,D,wikipedia categories
gary vandeaver,Gary VanDeaver,R,wikipedia categories
gary worthan,Gary Worthan,R,wikipedia categories
gavin newsom,Gavin Newsom,D,wikipedia categories
gayle harrell,Gayle Harrell,R,wikipedia categories
gene wu,Gene Wu,D,wikipedia categories
genevieve mcdonald,Genevieve McDonald,D,wikipedia categories
geoff diehl,Geoff Diehl,R,wikipedia categories
geoff luxenberg,Geoff Luxenberg,D,wikipedia categories
george ariyoshi,George Ariyoshi,D,wikipedia categories
george c edwards,George C. Edwards,R,wikipedia categories
george dungan,George Dungan,D,wikipedia categories
george dungan iii,George Dungan III,D,wikipedia categories
george e young,George E. Young,D,wikipedia categories
george holding,George Holding,R,descriptor+roster
george latimer new york politician,George Latimer,D,descriptor+roster
george pataki,George Pataki,R,wikipedia categories
george santos,George Santos,R,descriptor+roster
george t whitesides,George T. Whitesides,D,descriptor+roster
george w bush,George W. Bush,R,wikipedia categories
gerald mullery,Gerald Mullery,D,wikipedia categories
geraldine thompson,Geraldine Thompson,D,wikipedia categories
geraldine valentino smith,Geraldine Valentino-Smith,D,wikipedia categories
gerry ward politician,Gerry Ward,D,wikipedia categories
gil cisneros,Gil Cisneros,D,descriptor+roster
gina raimondo,Gina Raimondo,D,wikipedia categories
ginny coppola,Ginny Coppola,R,wikipedia categories
ginny ehrhart,Ginny Ehrhart,R,wikipedia categories
ginny klevorn,Ginny Klevorn,D,wikipedia categories
ginny lyons,Ginny Lyons,D,wikipedia categories
ginny shaver,Ginny Shaver,R,wikipedia categories
giovanni capriglione,Giovanni Capriglione,R,wikipedia categories
glen mulready,Glen Mulready,R,wikipedia categories
glenn grothman,Glenn Grothman,R,descriptor+roster
glenn ivey,Glenn Ivey,D,descriptor+roster
glenn thompson politician,Glenn Thompson,R,descriptor+roster
gordon m johnson,Gordon M. Johnson,D,wikipedia categories
grace meng,Grace Meng,D,descriptor+roster
green party of arizona,Green Party of Arizona,G,wikipedia categories
green party of california,Green Party of California,G,wikipedia categories
green party of washington state,Green Party of Washington State,G,wikipedia categories
greg abbott,Greg Abbott,R,wikipedia categories
greg albritton,Greg Albritton,R,wikipedia categories
greg casar,Greg Casar,D,descriptor+roster
greg gianforte,Greg Gianforte,R,wikipedia categories
greg harris politician,Greg Harris,D,wikipedia categories
greg hembree,Greg Hembree,R,wikipedia categories
greg landsman,Greg Landsman,D,descriptor+roster
greg laughlin,Greg Laughlin,D,descriptor+roster
greg leding,Greg Leding,D,wikipedia categories
greg mccortney,Greg McCortney,R,wikipedia categories
greg meeks,Greg Meeks,D,descriptor+roster
greg murphy politician,Greg Murphy,R,descriptor+roster
greg pence,Greg Pence,R,descriptor+roster
greg reed,Greg Reed,R,wikipedia categories
greg rothman,Greg Rothman,R,wikipedia categories
greg smith oregon politician,Greg Smith,R,wikipedia categories
greg stanton,Greg Stanton,D,descriptor+roster
greg steube,Greg Steube,R,descriptor+roster
greg treat,Greg Treat,R,wikipedia categories
greg walden,Greg Walden,R,descriptor+roster
gregory costantino,Gregory Costantino,D,wikipedia categories
gregory meeks,Gregory Meeks,D,descriptor+roster
gus bilirakis,Gus Bilirakis,R,descriptor+roster
gustavo rivera politician,Gustavo Rivera,D,wikipedia categories
guy reschenthaler,Guy Reschenthaler,R,descriptor+roster
gwen graham,Gwen Graham,D,descriptor+roster
gwen moore,Gwen Moore,D,descriptor+roster
h lynn jondahl,Lynn Jondahl,D,wikipedia categories
hakeem jeffries,Hakeem Jeffries,D,descriptor+roster
hal daub,Hal Daub,R,descriptor+roster
hal rafter,Hal Rafter,D,wikipedia categories
hal rogers,Hal Rogers,R,descriptor+roster
haley stevens,Haley Stevens,D,descriptor+roster
hank brown,Hank Brown,R,descriptor+roster
hank johnson,Hank Johnson,D,descriptor+roster
hannah pingree,Hannah Pingree,D,wikipedia categories
harlan edmonds,Harlan Edmonds,R,wikipedia categories
harriet hageman,Harriet Hageman,R,descriptor+roster
harriette chandler,Harriette Chandler,D,wikipedia categories
harriette l chandler,Harriette L. Chandler,D,wikipedia categories
harry bronson,Harry Bronson,D,wikipedia categories
harry j warren,Harry J. Warren,R,wikipedia categories
harry shiver,Harry Shiver,R,wikipedia categories
hazelle p rogers,Hazelle P. Rogers,D,wikipedia categories
heath flora,Heath Flora,R,wikipedia categories
heather ammons crawford,Heather Ammons Crawford,R,wikipedia categories
heather somers,Heather Somers,R,wikipedia categories
heather steans,Heather Steans,D,wikipedia categories
helena moreno,Helena Moreno,D,wikipedia categories
henry bonilla,Henry Bonilla,R,descriptor+roster
henry brown south carolina politician,Henry Brown,R,descriptor+roster
henry cuellar,Henry Cuellar,D,descriptor+roster
henry genga,Henry Genga,D,wikipedia categories
henry mcmaster,Henry McMaster,R,wikipedia categories
henry yanez,Henry Yanez,D,wikipedia categories
herb conaway,Herb Conaway,D,descriptor+roster
herb kohl,Herb Kohl,D,descriptor+roster
herman quirmbach,Herman Quirmbach,D,wikipedia categories
hillary clinton,Hillary Clinton,D,wikipedia categories
hillary scholten,Hillary Scholten,D,descriptor+roster
hollis french,Hollis French,D,wikipedia categories
holly brink,Holly Brink,R,wikipedia categories
holly schepisi,Holly Schepisi,R,wikipedia categories
howard marklein,Howard Marklein,R,wikipedia categories
howard sanderford,Howard Sanderford,R,wikipedia categories
ian calderon,Ian Calderon,D,wikipedia categories
ilhan omar,Ilhan Omar,D,descriptor+roster
indiana democratic party,Indiana Democratic Party,D,wikipedia categories
indiana republican party,Indiana Republican Party,R,wikipedia categories
iowa democratic party,Iowa Democratic Party,D,wikipedia categories
irene haines,Irene Haines,R,wikipedia categories
iris martinez,Iris Martinez,D,wikipedia categories
j b jennings,J. B. Jennings,R,wikipedia categories
j b mccuskey,J.B. McCuskey,R,wikipedia categories
j b pritzker,J. B. Pritzker,D,wikipedia categories
j d scholten,J. D. Scholten,D,wikipedia categories
j david weeks,J. David Weeks,D,wikipedia categories
j gary pretlow,Gary Pretlow,D,wikipedia categories
j joseph curran jr,J. Joseph Curran Jr.,D,wikipedia categories
j t waggoner,J. T. Waggoner,R,wikipedia categories
jack bergman,Jack Bergman,R,descriptor+roster
jack cera,Jack Cera,D,wikipedia categories
jack ciattarelli,Jack Ciattarelli,R,wikipedia categories
jack johnson american politician,Jack Johnson,R,wikipedia categories
jack reed rhode island politician,Jack Reed,D,wikipedia categories
jack w williams politician,Jack W. Williams,R,wikipedia categories
jackie speier,Jackie Speier,D,descriptor+roster
jackie walorski,Jackie Walorski,R,descriptor+roster
jacky rosen,Jacky Rosen,D,descriptor+roster
jacob bossman,Jacob Bossman,R,wikipedia categories
jacob hummel,Jacob Hummel,D,wikipedia categories
jadine nollan,Jadine Nollan,R,wikipedia categories
jahana hayes,Jahana Hayes,D,descriptor+roster
jake ashby,Jake Ashby,R,wikipedia categories
jake auchincloss,Jake Auchincloss,D,descriptor+roster
jake corman,Jake Corman,R,wikipedia categories
jake ellzey,Jake Ellzey,R,descriptor+roster
jake laturner,Jake LaTurner,R,descriptor+roster
jake wheatley,Jake Wheatley,D,wikipedia categories
jamaal bowman,Jamaal Bowman,D,descriptor+roster
james arciero,James Arciero,D,wikipedia categories
james barcia,James Barcia,D,wikipedia categories
james beach,James Beach,D,wikipedia categories
james beverly,James Beverly,D,wikipedia categories
james buchanan florida politician,James Buchanan,R,wikipedia categories
james c greenwood,James Greenwood,R,descriptor+roster
james clayborne jr,James Clayborne Jr.,D,wikipedia categories
james e tierney,James E. Tierney,D,wikipedia categories
james f brennan,James Brennan,D,wikipedia categories
james f ports jr,James F. Ports Jr.,R,wikipedia categories
james g martin,Jim Martin,R,wikipedia categories
james j blanchard,James Blanchard,D,wikipedia categories
james j kennedy,James J. Kennedy,D,wikipedia categories
james j lyons jr,Jim Lyons,R,wikipedia categories
james lankford,James Lankford,R,descriptor+roster
james leewright,James Leewright,R,wikipedia categories
james rosapepe,James Rosapepe,D,wikipedia categories
james skoufis,James Skoufis,D,wikipedia categories
jamie eldridge,Jamie Eldridge,D,wikipedia categories
jamie long,Jamie Long,D,wikipedia categories
jamie raskin,Jamie Raskin,D,descriptor+roster
jan jones georgia politician,Jan Jones,R,wikipedia categories
jan lee,Jan Lee,D,wikipedia categories
jan schakowsky,Jan Schakowsky,D,descriptor+roster
jane bloomingdale,Jane Bloomingdale,R,wikipedia categories
jane kitchel,Jane Kitchel,D,wikipedia categories
jane norton,Jane Norton,R,wikipedia categories
jane swift,Jane Swift,R,wikipedia categories
janelle bynum,Janelle Bynum,D,descriptor+roster
janet bewley politician,Janet Bewley,D,wikipedia categories
janet cruz,Janet Cruz,D,wikipedia categories
janet howell,Janet Howell,D,wikipedia categories
janet mills,Janet Mills,D,wikipedia categories
janet napolitano,Janet Napolitano,D,wikipedia categories
janet petersen,Janet Petersen,D,wikipedia categories
janine boyd,Janine Boyd,D,wikipedia categories
janis ringhand,Janis Ringhand,D,wikipedia categories
jarad klein,Jarad Klein,R,wikipedia categories
jared golden,Jared Golden,D,descriptor+roster
jared huffman,Jared Huffman,D,descriptor+roster
jared moskowitz,Jared Moskowitz,D,descriptor+roster
jared polis,Jared Polis,D,wikipedia categories
jasmine crockett,Jasmine Crockett,D,descriptor+roster
jason carter politician,Jason Carter,D,wikipedia categories
jason crow,Jason Crow,D,descriptor+roster
jason kander,Jason Kander,D,wikipedia categories
jason kyle politician,Jason Kyle,R,wikipedia categories
jason lewis massachusetts politician,Jason Lewis,D,wikipedia categories
jason lewis minnesota politician,Jason Lewis,R,wikipedia categories
jason powell,Jason Powell,D,wikipedia categories
jason rapert,Jason Rapert,R,wikipedia categories
jason rojas,Jason Rojas,D,wikipedia categories
jason shoaf,Jason Shoaf,R,wikipedia categories
jason smith american politician,Jason Smith,R,descriptor+roster
jay adams politician,Jay Adams,R,wikipedia categories
jay costa,Jay Costa,D,wikipedia categories
jay hoffman politician,Jay Hoffman,D,wikipedia categories
jay inslee,Jay Inslee,D,wikipedia categories
jay jordan politician,Jay Jordan,R,wikipedia categories
jay livingstone,Jay Livingstone,D,wikipedia categories
jay obernolte,Jay Obernolte,R,descriptor+roster
jay trumbull,Jay Trumbull,R,wikipedia categories
jay walker legislator,Jay Walker,D,wikipedia categories
jb pritzker,JB Pritzker,D,wikipedia categories
jd rossetti,JD Rossetti,D,wikipedia categories
jd vance,JD Vance,R,descriptor+roster
jean carnahan,Jean Carnahan,D,descriptor+roster
jean schmidt,Jean Schmidt,R,wikipedia categories
jeanne shaheen,Jeanne Shaheen,D,descriptor+roster
jeb hensarling,Jeb Hensarling,R,descriptor+roster
jeff atwater,Jeff Atwater,R,wikipedia categories
jeff bradley politician,Jeff Bradley,R,wikipedia categories
jeff colyer,Jeff Colyer,R,wikipedia categories
jeff duncan politician,Jeff Duncan,R,descriptor+roster
jeff flake,Jeff Flake,R,wikipedia categories
jeff gallahan,Jeff Gallahan,R,wikipedia categories
jeff golden,Jeff Golden,D,wikipedia categories
jeff hurd,Jeff Hurd,R,descriptor+roster
jeff irwin politician,Jeff Irwin,D,wikipedia categories
jeff jackson politician,Jeff Jackson,D,descriptor+roster
jeff johnson south carolina politician,Jeff Johnson,R,wikipedia categories
jeff kaufmann,Jeff Kaufmann,R,wikipedia categories
jeff merkley,Jeff Merkley,D,descriptor+roster
jeff miller florida politician,Jeff Miller,R,descriptor+roster
jeff mullis,Jeff Mullis,R,wikipedia categories
jeff perry politician,Jeff Perry,R,wikipedia categories
jeff smith wisconsin politician,Jeff Smith,D,wikipedia categories
jeff van drew,Jeff Van Drew,R,"descriptor+roster (switch, dated)"
jefferson s burton,Jeff Burton,R,wikipedia categories
jefferson shreve,Jefferson Shreve,R,descriptor+roster
jeffrey a neubauer,Jeffrey Neubauer,D,wikipedia categories
jeffrey dinowitz,Jeffrey Dinowitz,D,wikipedia categories
jeffrey mursau,Jeffrey Mursau,R,wikipedia categories
jeffrey roy,Jeffrey Roy,D,wikipedia categories
jeffrey schoenberg,Jeffrey Schoenberg,D,wikipedia categories
jehan gordon booth,Jehan Gordon-Booth,D,wikipedia categories
jen kiggans,Jen Kiggans,R,descriptor+roster
jenna persons mulicka,Jenna Persons-Mulicka,R,wikipedia categories
jennifer canady,Jennifer Canady,R,wikipedia categories
jennifer granholm,Jennifer Granholm,D,wikipedia categories
jennifer leeper,Jennifer Leeper,D,wikipedia categories
jennifer mcclellan,Jennifer McClellan,D,descriptor+roster
jennifer wexton,Jennifer Wexton,D,descriptor+roster
jenniffer gonzalez colon,Jenniffer González-Colón,R,wikipedia categories
jeremy thiesfeldt,Jeremy Thiesfeldt,R,wikipedia categories
jerry carl,Jerry Carl,R,descriptor+roster
jerry govan jr,Jerry Govan Jr.,D,wikipedia categories
jerry kearns,Jerry Kearns,D,wikipedia categories
jerry l fielding,Jerry L. Fielding,R,wikipedia categories
jerry mcnerney,Jerry McNerney,D,wikipedia categories
jerry moran,Jerry Moran,R,descriptor+roster
jerry nadler,Jerry Nadler,D,descriptor+roster
jerry parisella,Jerry Parisella,D,wikipedia categories
jesse white politician,Jesse White,D,wikipedia categories
jessica king,Jessica King,D,wikipedia categories
jessica vega pederson,Jessica Vega Pederson,D,wikipedia categories
jessie danielson,Jessie Danielson,D,wikipedia categories
jessie rodriguez,Jessie Rodriguez,R,wikipedia categories
jesus chuy garcia,"Jesús ""Chuy"" García",D,descriptor+roster
jil tracy,Jil Tracy,R,wikipedia categories
jill billings,Jill Billings,D,wikipedia categories
jill tokuda,Jill Tokuda,D,descriptor+roster
jim baird politician,Jim Baird,R,descriptor+roster
jim banks,Jim Banks,R,descriptor+roster
jim boyd politician,Jim Boyd,R,wikipedia categories
jim brewster,Jim Brewster,D,wikipedia categories
jim bridenstine,Jim Bridenstine,R,descriptor+roster
jim buck indiana politician,Jim Buck,R,wikipedia categories
jim carns,Jim Carns,R,wikipedia categories
jim clyburn,Jim Clyburn,D,descriptor+roster
jim cooper,Jim Cooper,D,descriptor+roster
jim davis florida politician,Jim Davis,D,descriptor+roster
jim demint,Jim DeMint,R,descriptor+roster
jim douglas,Jim Douglas,R,wikipedia categories
jim doyle,Jim Doyle,D,wikipedia categories
jim durkin,Jim Durkin,R,wikipedia categories
jim geringer,Jim Geringer,R,wikipedia categories
jim guy tucker,Jim Guy Tucker,D,wikipedia categories
jim himes,Jim Himes,D,descriptor+roster
jim holperin,Jim Holperin,D,wikipedia categories
jim hunt,Jim Hunt,D,wikipedia categories
jim inhofe,Jim Inhofe,R,descriptor+roster
jim jordan,Jim Jordan,R,descriptor+roster
jim justice,Jim Justice,R,descriptor+roster
jim langevin,Jim Langevin,D,wikipedia categories
jim leach,Jim Leach,R,descriptor+roster
jim lykam,Jim Lykam,D,wikipedia categories
jim mcgovern american politician,Jim McGovern,D,descriptor+roster
jim mcgreevey,Jim McGreevey,D,wikipedia categories
jim mooney florida politician,Jim Mooney,R,wikipedia categories
jim moran,Jim Moran,D,descriptor+roster
jim oberweis,Jim Oberweis,R,wikipedia categories
jim olsen,Jim Olsen,R,wikipedia categories
jim risch,Jim Risch,R,descriptor+roster
jim rosapepe,Jim Rosapepe,D,wikipedia categories
jim ryun,Jim Ryun,R,descriptor+roster
jim sensenbrenner,Jim Sensenbrenner,R,wikipedia categories
jim steineke,Jim Steineke,R,wikipedia categories
jim struzzi,Jim Struzzi,R,wikipedia categories
jim talent,Jim Talent,R,wikipedia categories
jim tedisco,Jim Tedisco,R,wikipedia categories
jimmy dixon politician,Jimmy Dixon,R,wikipedia categories
jimmy duncan politician,Jimmy Duncan,R,descriptor+roster
jimmy gomez,Jimmy Gomez,D,descriptor+roster
jimmy panetta,Jimmy Panetta,D,descriptor+roster
jimmy patronis,Jimmy Patronis,R,wikipedia categories
joan ballweg,Joan Ballweg,R,wikipedia categories
joan bauer politician,Joan Bauer,D,wikipedia categories
joan lovely,Joan Lovely,D,wikipedia categories
joan millman,Joan Millman,D,wikipedia categories
joan voss,Joan Voss,D,wikipedia categories
joanne twomey,Joanne Twomey,D,wikipedia categories
joaquin arambula,Joaquin Arambula,D,wikipedia categories
joaquin castro,Joaquin Castro,D,descriptor+roster
jocasta zamarripa,JoCasta Zamarripa,D,wikipedia categories
jodey arrington,Jodey Arrington,R,descriptor+roster
jody hice,Jody Hice,R,descriptor+roster
joe baldacci,Joe Baldacci,D,wikipedia categories
joe barton,Joe Barton,R,descriptor+roster
joe bellino politician,Joe Bellino,R,wikipedia categories
joe biden,Joe Biden,D,wikipedia categories
joe bolkcom,Joe Bolkcom,D,wikipedia categories
joe bustos,Joe Bustos,R,wikipedia categories
joe courtney politician,Joe Courtney,D,descriptor+roster
joe faust politician,Joe Faust,R,wikipedia categories
joe frank harris,Joe Frank Harris,D,wikipedia categories
joe kennedy iii,Joe Kennedy III,D,descriptor+roster
joe lombardo,Joe Lombardo,R,wikipedia categories
joe manchin,Joe Manchin,D,descriptor+roster
joe maxwell,Joe Maxwell,D,wikipedia categories
joe miklosi,Joe Miklosi,D,wikipedia categories
joe mitchell politician,Joe Mitchell,R,wikipedia categories
joe neguse,Joe Neguse,D,descriptor+roster
joe parisi,Joe Parisi,D,wikipedia categories
joe pittman politician,Joe Pittman,R,wikipedia categories
joe polisena,Joe Polisena,D,wikipedia categories
joe sanfelippo,Joe Sanfelippo,R,wikipedia categories
joe schmick,Joe Schmick,R,wikipedia categories
joe schwarz,Joe Schwarz,R,descriptor+roster
joe stortini,Joe Stortini,D,wikipedia categories
joe towns,Joe Towns,D,wikipedia categories
joe walsh illinois politician,Joe Walsh,R,descriptor+roster
joe wilson,Joe Wilson,R,descriptor+roster
joe wilson american politician,Joe Wilson,R,descriptor+roster
joe wineke,Joe Wineke,D,wikipedia categories
joel fry politician,Joel Fry,R,wikipedia categories
joel hefley,Joel Hefley,R,descriptor+roster
john albers,John Albers,R,wikipedia categories
john antaramian,John Antaramian,D,wikipedia categories
john ashcroft,John Ashcroft,R,wikipedia categories
john astle,John Astle,D,wikipedia categories
john b larson,John Larson,D,descriptor+roster
john barrasso,John Barrasso,R,descriptor+roster
john barrow american politician,John Barrow,D,descriptor+roster
john becker politician,John Becker,R,wikipedia categories
john bel edwards,John Bel Edwards,D,wikipedia categories
john boccieri,John Boccieri,D,descriptor+roster
john boehner,John Boehner,R,descriptor+roster
john boozman,John Boozman,R,descriptor+roster
john breaux,John Breaux,D,descriptor+roster
john bucy iii,John Bucy III,D,wikipedia categories
john carney delaware politician,John Carney,D,wikipedia categories
john carter texas politician,John Carter,R,descriptor+roster
john cloutier,John Cloutier,D,wikipedia categories
john cornyn,John Cornyn,R,descriptor+roster
john culberson,John Culberson,R,descriptor+roster
john curran illinois politician,John Curran,R,wikipedia categories
john curtis,John Curtis,R,descriptor+roster
john d cherry,John D. Cherry Jr.,D,wikipedia categories
john d johnson politician,John Johnson,R,wikipedia categories
john delaney maryland politician,John Delaney,D,descriptor+roster
john dimaio,John DiMaio,R,wikipedia categories
john duarte politician,John Duarte,R,descriptor+roster
john e sweeney,John E. Sweeney,R,descriptor+roster
john engler,John Engler,R,wikipedia categories
john f campbell politician,John Campbell,D,wikipedia categories
john f keenan state senator,John F. Keenan,D,wikipedia categories
john f tierney,John Tierney,D,descriptor+roster
john fetterman,John Fetterman,D,descriptor+roster
john h robinson politician,John Robinson,D,wikipedia categories
john h rogers,John H. Rogers,D,wikipedia categories
john hickenlooper,John Hickenlooper,D,descriptor+roster
john hoeven,John Hoeven,R,descriptor+roster
john hoffman minnesota politician,John Hoffman,D,wikipedia categories
john horhn,John Horhn,D,wikipedia categories
john i sauls,John I. Sauls,R,wikipedia categories
john jagler,John Jagler,R,wikipedia categories
john james michigan politician,John James,R,descriptor+roster
john joseph cavanaugh iii,John Joseph Cavanaugh III,D,descriptor+roster
john joyce american politician,John Joyce,R,descriptor+roster
john katko,John Katko,R,descriptor+roster
john kennedy louisiana politician,John Kennedy,R,descriptor+roster
john kissel connecticut politician,John Kissel,R,wikipedia categories
john kitzhaber,John Kitzhaber,D,wikipedia categories
john kline politician,John Kline,R,descriptor+roster
john l bohanan jr,John Bohanan,D,wikipedia categories
john laird american politician,John Laird,D,wikipedia categories
john liu,John Liu,D,wikipedia categories
john lynch new hampshire governor,John Lynch,D,wikipedia categories
john mannion american politician,John Mannion,D,descriptor+roster
john mcguire virginia politician,John McGuire,R,descriptor+roster
john medinger,John Medinger,D,wikipedia categories
john moolenaar,John Moolenaar,R,descriptor+roster
john norquist,John Norquist,D,wikipedia categories
john p daley,John Daley,D,wikipedia categories
john patterson ohio state representative,John Patterson,D,wikipedia categories
john perez,John Pérez,D,wikipedia categories
john r bennett,John R. Bennett,R,wikipedia categories
john richard c king,John Richard C. King,D,wikipedia categories
john rose tennessee politician,John Rose,R,descriptor+roster
john rutherford florida politician,John Rutherford,R,descriptor+roster
john salazar,John Salazar,D,descriptor+roster
john sanchez,John Sanchez,R,wikipedia categories
john sarbanes,John Sarbanes,D,descriptor+roster
john shadegg,John Shadegg,R,descriptor+roster
john shimkus,John Shimkus,R,descriptor+roster
john snyder florida politician,John Snyder,R,wikipedia categories
john spiros,John Spiros,R,wikipedia categories
john steinbrink,John Steinbrink,D,wikipedia categories
john stevens tennessee politician,John Stevens,R,wikipedia categories
john tanner tennessee politician,John Tanner,D,descriptor+roster
john thune,John Thune,R,descriptor+roster
john w carlin,John W. Carlin,D,wikipedia categories
john wiley bryant,John Bryant,D,wikipedia categories
john wills politician,John Wills,R,wikipedia categories
john yarmuth,John Yarmuth,D,descriptor+roster
johnny olszewski,Johnny Olszewski,D,descriptor+roster
jolene ivey,Jolene Ivey,D,wikipedia categories
jon bramnick,Jon Bramnick,R,wikipedia categories
jon bruning,Jon Bruning,R,wikipedia categories
jon bumstead,Jon Bumstead,R,wikipedia categories
jon corzine,Jon Corzine,D,wikipedia categories
jon g burns,Jon G. Burns,R,wikipedia categories
jon hawkins utah politician,Jon Hawkins,R,wikipedia categories
jon huntsman jr,Jon Huntsman Jr.,R,wikipedia categories
jon husted,Jon Husted,R,wikipedia categories
jon l mills,Jon Mills,D,wikipedia categories
jon morgan new hampshire politician,Jon Morgan,D,wikipedia categories
jon ossoff,Jon Ossoff,D,descriptor+roster
jon s cardin,Jon Cardin,D,wikipedia categories
jon tester,Jon Tester,D,descriptor+roster
jonathan jackson illinois politician,Jonathan Jackson,D,descriptor+roster
joni ernst,Joni Ernst,R,descriptor+roster
jordan cunningham,Jordan Cunningham,R,wikipedia categories
jordan pace,Jordan Pace,R,wikipedia categories
jordan teuscher,Jordan Teuscher,R,wikipedia categories
jose m serrano,José M. Serrano,D,wikipedia categories
jose r rodriguez,José R. Rodríguez,D,wikipedia categories
joseph c boteler iii,Joseph C. Boteler III,R,wikipedia categories
joseph gibbons florida politician,Joseph Gibbons,D,wikipedia categories
joseph giglio,Joseph Giglio,R,wikipedia categories
joseph griffo,Joseph Griffo,R,wikipedia categories
joseph gullett,Joseph Gullett,R,wikipedia categories
joseph kenney,Joseph Kenney,R,wikipedia categories
joseph morelle,Joseph Morelle,D,descriptor+roster
joseph p riley jr,Joseph P. Riley Jr.,D,wikipedia categories
joseph pennacchio,Joseph Pennacchio,R,wikipedia categories
josh brecheen,Josh Brecheen,R,descriptor+roster
josh gottheimer,Josh Gottheimer,D,descriptor+roster
josh green politician,Josh Green,D,wikipedia categories
josh hawley,Josh Hawley,R,descriptor+roster
josh kimbrell,Josh Kimbrell,R,wikipedia categories
josh mandel,Josh Mandel,R,wikipedia categories
josh riley,Josh Riley,D,descriptor+roster
josh shapiro,Josh Shapiro,D,wikipedia categories
josh stein,Josh Stein,D,wikipedia categories
josie tomkow,Josie Tomkow,R,wikipedia categories
joyce beatty,Joyce Beatty,D,descriptor+roster
juan carlos planas,Juan-Carlos Planas,R,wikipedia categories
juan carlos porras,Juan Carlos Porras,R,wikipedia categories
juan ciscomani,Juan Ciscomani,R,descriptor+roster
juan vargas,Juan Vargas,D,descriptor+roster
judd gregg,Judd Gregg,R,descriptor+roster
judd strom,Judd Strom,R,wikipedia categories
judson sapp,Judson Sapp,R,wikipedia categories
judy chu,Judy Chu,D,descriptor+roster
judy schwank,Judy Schwank,D,wikipedia categories
julia brownley,Julia Brownley,D,descriptor+roster
julia c howard,Julia C. Howard,R,wikipedia categories
julia letlow,Julia Letlow,R,descriptor+roster
julian cyr,Julian Cyr,D,wikipedia categories
julie casimiro,Julie Casimiro,D,wikipedia categories
julie daniels,Julie Daniels,R,wikipedia categories
julie hamos,Julie Hamos,D,wikipedia categories
julie johnson politician,Julie Johnson,D,descriptor+roster
julie morrison,Julie Morrison,D,wikipedia categories
julio concepcion,Julio Concepcion,D,wikipedia categories
justin amash,Justin Amash,R,descriptor+roster
justin humphrey,Justin Humphrey,R,wikipedia categories
k l brown,K.L. Brown,R,wikipedia categories
kai kahele,Kai Kahele,D,descriptor+roster
kamala harris,Kamala Harris,D,wikipedia categories
kambrell garvin,Kambrell Garvin,D,wikipedia categories
kaohly her,Kaohly Her,D,wikipedia categories
karan english,Karan English,D,descriptor+roster
karen bass,Karen Bass,D,wikipedia categories
karen boback,Karen Boback,R,wikipedia categories
karen gonzalez pittman,Karen Gonzalez Pittman,R,wikipedia categories
karen hasara,Karen Hasara,R,wikipedia categories
karen keiser,Karen Keiser,D,wikipedia categories
karen mathiak,Karen Mathiak,R,wikipedia categories
karen may,Karen May,D,wikipedia categories
karen spilka,Karen Spilka,D,wikipedia categories
karen thurman,Karen Thurman,D,descriptor+roster
karl a brabenec,Karl A. Brabenec,R,wikipedia categories
karyn polito,Karyn Polito,R,wikipedia categories
kat cammack,Kat Cammack,R,descriptor+roster
kate brown,Kate Brown,D,wikipedia categories
kate hogan,Kate Hogan,D,wikipedia categories
katherine clark,Katherine Clark,D,descriptor+roster
kathleen dumais,Kathleen Dumais,D,wikipedia categories
kathleen matthews,Kathleen Matthews,D,wikipedia categories
kathleen rice,Kathleen Rice,D,descriptor+roster
kathleen riebe,Kathleen Riebe,D,wikipedia categories
kathleen sebelius,Kathleen Sebelius,D,wikipedia categories
kathleen willis,Kathleen Willis,D,wikipedia categories
kathy bernier,Kathy Bernier,R,wikipedia categories
kathy castor,Kathy Castor,D,descriptor+roster
kathy dahlkemper,Kathy Dahlkemper,D,wikipedia categories
kathy manning,Kathy Manning,D,descriptor+roster
katie britt,Katie Britt,R,descriptor+roster
katie edwards walpole,Katie Edwards-Walpole,D,wikipedia categories
katie hobbs,Katie Hobbs,D,wikipedia categories
katie porter,Katie Porter,D,descriptor+roster
katrina pierson,Katrina Pierson,R,wikipedia categories
kay bailey hutchison,Kay Bailey Hutchison,R,wikipedia categories
kay christofferson,Kay Christofferson,R,wikipedia categories
kay granger,Kay Granger,R,descriptor+roster
kay ivey,Kay Ivey,R,wikipedia categories
kay khan,Kay Khan,D,wikipedia categories
kay kirkpatrick,Kay Kirkpatrick,R,wikipedia categories
kay orr,Kay Orr,R,wikipedia categories
keith ammon,Keith Ammon,R,wikipedia categories
keith ellison,Keith Ellison,D,wikipedia categories
keith faber,Keith Faber,R,wikipedia categories
keith ingram,Keith Ingram,D,wikipedia categories
keith l t wright,Keith Wright,D,wikipedia categories
keith rothfus,Keith Rothfus,R,descriptor+roster
keith self,Keith Self,R,descriptor+roster
kelly armstrong,Kelly Armstrong,R,wikipedia categories
kelly morrison,Kelly Morrison,D,descriptor+roster
kelly seyarto,Kelly Seyarto,R,wikipedia categories
ken bragg,Ken Bragg,R,wikipedia categories
ken calvert,Ken Calvert,R,descriptor+roster
ken cuccinelli,Ken Cuccinelli,R,wikipedia categories
ken gordon massachusetts politician,Ken Gordon,D,wikipedia categories
ken haar,Ken Haar,D,wikipedia categories
ken johnson alabama politician,Ken Johnson,R,wikipedia categories
ken plum,Ken Plum,D,wikipedia categories
ken salazar,Ken Salazar,D,wikipedia categories
ken skowronski,Ken Skowronski,R,wikipedia categories
ken ulman,Ken Ulman,D,wikipedia categories
ken yager,Ken Yager,R,wikipedia categories
kendrick meek,Kendrick Meek,D,descriptor+roster
kenneth ulman,Kenneth Ulman,D,wikipedia categories
kenny marchant,Kenny Marchant,R,descriptor+roster
kent smith american politician,Kent Smith,D,wikipedia categories
kenton patzkowsky,Kenton Patzkowsky,R,wikipedia categories
kenyatta johnson,Kenyatta Johnson,D,wikipedia categories
kerry healy,Kerry Healy,R,wikipedia categories
kesha ram hinsdale,Kesha Ram Hinsdale,D,wikipedia categories
keven stratton,Keven Stratton,R,wikipedia categories
kevin avard,Kevin Avard,R,wikipedia categories
kevin brady,Kevin Brady,R,descriptor+roster
kevin byrne new york politician,Kevin Byrne,R,wikipedia categories
kevin cameron politician,Kevin Cameron,R,wikipedia categories
kevin cramer,Kevin Cramer,R,descriptor+roster
kevin david petersen,Kevin David Petersen,R,wikipedia categories
kevin hardee,Kevin Hardee,R,wikipedia categories
kevin hern,Kevin Hern,R,descriptor+roster
kevin lundberg,Kevin Lundberg,R,wikipedia categories
kevin mccarthy,Kevin McCarthy,R,descriptor+roster
kevin mccarthy politician,Kevin McCarthy,R,descriptor+roster
kevin mccarty,Kevin McCarty,D,wikipedia categories
kevin mullin,Kevin Mullin,D,descriptor+roster
kevin parker new york politician,Kevin Parker,D,wikipedia categories
kevin rader politician,Kevin Rader,D,wikipedia categories
kevin schmidt politician,Kevin Schmidt,R,wikipedia categories
kevin steele politician,Kevin Steele,R,wikipedia categories
kevin van de wege,Kevin Van De Wege,D,wikipedia categories
kevin witkos,Kevin Witkos,R,wikipedia categories
killian timoney,Killian Timoney,R,wikipedia categories
kim abbott,Kim Abbott,D,wikipedia categories
kim david,Kim David,R,wikipedia categories
kim jackson politician,Kim Jackson,D,wikipedia categories
kim king politician,Kim King,R,wikipedia categories
kim reynolds,Kim Reynolds,R,wikipedia categories
kim schrier,Kim Schrier,D,descriptor+roster
kim thatcher,Kim Thatcher,R,wikipedia categories
kimberly du buclet,Kimberly du Buclet,D,wikipedia categories
kimberly ferguson,Kimberly Ferguson,R,wikipedia categories
kimberly lightford,Kimberly Lightford,D,wikipedia categories
kionne mcghee,Kionne McGhee,D,wikipedia categories
kirill reznik,Kirill Reznik,D,wikipedia categories
kirk schuring,Kirk Schuring,R,wikipedia categories
kirk watson,Kirk Watson,D,wikipedia categories
kirsten gillibrand,Kirsten Gillibrand,D,descriptor+roster
kirsten running marquardt,Kirsten Running-Marquardt,D,wikipedia categories
kit bond,Kit Bond,R,wikipedia categories
kris jordan,Kris Jordan,R,wikipedia categories
kriselda valderrama,Kriselda Valderrama,D,wikipedia categories
kristen mcdonald rivet,Kristen McDonald Rivet,D,descriptor+roster
kristin bahner,Kristin Bahner,D,wikipedia categories
kristina roegner,Kristina Roegner,R,wikipedia categories
kumar p barve,Kumar Barve,D,wikipedia categories
kurt wallace,Kurt Wallace,R,wikipedia categories
kwame raoul,Kwame Raoul,D,wikipedia categories
kwanza hall,Kwanza Hall,D,wikipedia categories
kweisi mfume,Kweisi Mfume,D,descriptor+roster
kyle hilbert,Kyle Hilbert,R,wikipedia categories
kyle mullica,Kyle Mullica,D,wikipedia categories
kyrsten sinema,Kyrsten Sinema,D,descriptor+roster
lacy clay,Lacy Clay,D,descriptor+roster
lake ray,Lake Ray,R,wikipedia categories
lamar alexander,Lamar Alexander,R,descriptor+roster
lamar smith,Lamar Smith,R,descriptor+roster
lamonica mciver,LaMonica McIver,D,descriptor+roster
lance gooden,Lance Gooden,R,descriptor+roster
lane jean,Lane Jean,R,wikipedia categories
larry bomke,Larry Bomke,R,wikipedia categories
larry bucshon,Larry Bucshon,R,descriptor+roster
larry larocco,Larry LaRocco,D,wikipedia categories
lateefah simon,Lateefah Simon,D,descriptor+roster
laura friedman,Laura Friedman,D,descriptor+roster
laura gillen,Laura Gillen,D,descriptor+roster
laura kelly,Laura Kelly,D,wikipedia categories
laurel lee,Laurel Lee,R,descriptor+roster
laurel libby,Laurel Libby,R,wikipedia categories
lauren boebert,Lauren Boebert,R,descriptor+roster
lauren melo,Lauren Melo,R,wikipedia categories
lauren underwood,Lauren Underwood,D,descriptor+roster
laurie davies politician,Laurie Davies,R,wikipedia categories
laurie pohutsky,Laurie Pohutsky,D,wikipedia categories
lavon heidemann,Lavon Heidemann,R,wikipedia categories
lavora barnes,Lavora Barnes,D,wikipedia categories
lawrence j smith,Larry Smith,D,descriptor+roster
leah cushman,Leah Cushman,R,wikipedia categories
leanne krueger,Leanne Krueger,D,wikipedia categories
lee anderson american politician,Lee Anderson,R,wikipedia categories
lee harris politician,Lee Harris,D,wikipedia categories
lee hawkins,Lee Hawkins,R,wikipedia categories
lee hein,Lee Hein,R,wikipedia categories
lee hewitt,Lee Hewitt,R,wikipedia categories
lee terry,Lee Terry,R,descriptor+roster
lee zeldin,Lee Zeldin,R,descriptor+roster
lena taylor,Lena Taylor,D,wikipedia categories
lenny curry,Lenny Curry,R,wikipedia categories
leon howard south carolina politician,Leon Howard,D,wikipedia categories
leon lillie,Leon Lillie,D,wikipedia categories
leonard spencer,Leonard Spencer,D,wikipedia categories
leroy garcia,Leroy Garcia,D,wikipedia categories
leroy j jones jr,LeRoy J. Jones Jr.,D,wikipedia categories
leslie osborn,Leslie Osborn,R,wikipedia categories
leslie waters,Leslie Waters,R,wikipedia categories
lester chang,Lester Chang,R,wikipedia categories
letitia james,Letitia James,WF,wikipedia categories
libertarian party of idaho,Libertarian Party of Idaho,L,wikipedia categories
libertarian party of wisconsin,Libertarian Party,L,wikipedia categories
linda chaney,Linda Chaney,R,wikipedia categories
linda chapa lavia,Linda Chapa LaVia,D,wikipedia categories
linda chesterfield,Linda Chesterfield,D,wikipedia categories
linda dean campbell,Linda Dean Campbell,D,wikipedia categories
linda holmes,Linda Holmes,D,wikipedia categories
linda rosenthal,Linda Rosenthal,D,wikipedia categories
linda ryan politician,Linda Ryan,D,wikipedia categories
linda s carter,Linda S. Carter,D,wikipedia categories
linda sanborn,Linda Sanborn,D,wikipedia categories
linda sanchez,Linda Sánchez,D,descriptor+roster
lindsey graham,Lindsey Graham,R,descriptor+roster
lindsey tippins,Lindsey Tippins,R,wikipedia categories
lisa baker pennsylvania politician,Lisa Baker,R,wikipedia categories
lisa blunt rochester,Lisa Blunt Rochester,D,descriptor+roster
lisa brown washington politician,Lisa Brown,D,wikipedia categories
lisa mcclain,Lisa McClain,R,descriptor+roster
lisa murkowski,Lisa Murkowski,R,descriptor+roster
lisa subeck,Lisa Subeck,D,wikipedia categories
liz cheney,Liz Cheney,R,wikipedia categories
liz krueger,Liz Krueger,D,wikipedia categories
liz malia,Liz Malia,D,wikipedia categories
liz mathis,Liz Mathis,D,wikipedia categories
lizzie fletcher,Lizzie Fletcher,D,descriptor+roster
lloyd doggett,Lloyd Doggett,D,descriptor+roster
lloyd smucker,Lloyd Smucker,R,descriptor+roster
log cabin republicans,Log Cabin Republicans,R,wikipedia categories
lois frankel,Lois Frankel,D,descriptor+roster
lon johnson,Lon Johnson,D,wikipedia categories
loranne ausley,Loranne Ausley,D,wikipedia categories
loretta weinberg,Loretta Weinberg,D,wikipedia categories
lori berman,Lori Berman,D,wikipedia categories
lori trahan,Lori Trahan,D,descriptor+roster
lou barletta,Lou Barletta,R,descriptor+roster
lou correa,Lou Correa,D,descriptor+roster
lou d allesandro,Lou D'Allesandro,D,wikipedia categories
louie gohmert,Louie Gohmert,R,descriptor+roster
louis dipalma,Lou DiPalma,D,wikipedia categories
louis juris,Louis Juris,D,wikipedia categories
louise lucas,L. Louise Lucas,D,wikipedia categories
louisiana democratic party,Louisiana Democratic Party,D,wikipedia categories
louisiana republican party,Louisiana Republican Party,R,wikipedia categories
lucille roybal allard,Lucille Roybal-Allard,D,descriptor+roster
lucius parshall,Lucius Parshall,D,wikipedia categories
lucy mcbath,Lucy McBath,D,descriptor+roster
luis alejo,Luis Alejo,D,wikipedia categories
luis fortuno,Luis Fortuño,R,wikipedia categories
luis garcia politician,Luis Garcia,D,wikipedia categories
luis gutierrez,Luis Gutiérrez,D,wikipedia categories
luis r sepulveda,Luis R. Sepúlveda,D,wikipedia categories
luther olsen,Luther Olsen,R,wikipedia categories
lynn bromley,Lynn Bromley,D,wikipedia categories
mac mccutcheon alabama politician,Mac McCutcheon,R,wikipedia categories
mac thornberry,Mac Thornberry,R,descriptor+roster
mack butler,Mack Butler,R,wikipedia categories
mack mattingly,Mack Mattingly,R,descriptor+roster
madeleine dean,Madeleine Dean,D,descriptor+roster
madeleine kunin,Madeleine Kunin,D,wikipedia categories
madison cawthorn,Madison Cawthorn,R,descriptor+roster
mae beavers,Mae Beavers,R,wikipedia categories
maggie goodlander,Maggie Goodlander,D,descriptor+roster
maggie hassan,Maggie Hassan,D,descriptor+roster
mando martinez,Mando Martinez,D,wikipedia categories
manny diaz florida politician,Manny Diaz,D,wikipedia categories
marc molinaro,Marc Molinaro,R,wikipedia categories
marc pacheco,Marc Pacheco,D,wikipedia categories
marc plamondon,Marc Plamondon,D,wikipedia categories
marc veasey,Marc Veasey,D,descriptor+roster
marcia fudge,Marcia Fudge,D,wikipedia categories
marco rubio,Marco Rubio,R,descriptor+roster
marcos devers,Marcos Devers,D,wikipedia categories
marcus c evans jr,Marcus Evans,D,wikipedia categories
marcy kaptur,Marcy Kaptur,D,descriptor+roster
margaret craven politician,Margaret Craven,D,wikipedia categories
mari manoogian,Mari Manoogian,D,wikipedia categories
maria cantwell,Maria Cantwell,D,descriptor+roster
maria elena durazo,María Elena Durazo,D,wikipedia categories
maria elvira salazar,María Elvira Salazar,R,descriptor+roster
mariannette miller meeks,Mariannette Miller-Meeks,R,descriptor+roster
marie gluesenkamp perez,Marie Gluesenkamp Perez,D,descriptor+roster
marie newman,Marie Newman,D,descriptor+roster
marilyn reid,Marilyn Reid,R,wikipedia categories
marilyn stark,Marilyn Stark,R,wikipedia categories
marilyn strickland,Marilyn Strickland,D,descriptor+roster
mario diaz balart,Mario Díaz-Balart,R,descriptor+roster
maritza davila,Maritza Davila,D,wikipedia categories
marjorie decker,Marjorie Decker,D,wikipedia categories
marjorie taylor greene,Marjorie Taylor Greene,R,descriptor+roster
marjorie turnbull,Marjorie Turnbull,D,wikipedia categories
mark alford,Mark Alford,R,descriptor+roster
mark allen politician,Mark Allen,R,wikipedia categories
mark amodei,Mark Amodei,R,descriptor+roster
mark begich,Mark Begich,D,wikipedia categories
mark born,Mark Born,R,wikipedia categories
mark brewer michigan democrat,Mark Brewer,D,wikipedia categories
mark cusack,Mark Cusack,D,wikipedia categories
mark dayton,Mark Dayton,D,wikipedia categories
mark dion politician,Mark Dion,D,wikipedia categories
mark e green,Mark E. Green,R,descriptor+roster
mark eves,Mark Eves,D,wikipedia categories
mark f miller,Mark F. Miller,D,wikipedia categories
mark green tennessee politician,Mark Green,R,descriptor+roster
mark harris north carolina politician,Mark Harris,R,descriptor+roster
mark herring,Mark Herring,D,wikipedia categories
mark hillman,Mark Hillman,R,wikipedia categories
mark hutchison,Mark Hutchison,R,wikipedia categories
mark keam,Mark Keam,D,wikipedia categories
mark kelly,Mark Kelly,D,descriptor+roster
mark kirk,Mark Kirk,R,descriptor+roster
mark l walker,Mark Walker,D,wikipedia categories
mark lawson politician,Mark Lawson,R,wikipedia categories
mark lepak,Mark Lepak,R,wikipedia categories
mark longietti,Mark Longietti,D,wikipedia categories
mark mallory,Mark Mallory,D,wikipedia categories
mark mcbride,Mark McBride,R,wikipedia categories
mark mckenney,Mark McKenney,D,wikipedia categories
mark meadows michigan politician,Mark Meadows,D,wikipedia categories
mark messmer,Mark Messmer,R,descriptor+roster
mark obenshain,Mark Obenshain,R,wikipedia categories
mark pocan,Mark Pocan,D,descriptor+roster
mark romanchuk,Mark Romanchuk,R,wikipedia categories
mark sanford,Mark Sanford,R,wikipedia categories
mark schauer,Mark Schauer,D,descriptor+roster
mark schoesler,Mark Schoesler,R,wikipedia categories
mark schweiker,Mark Schweiker,R,wikipedia categories
mark smith iowa politician,Mark Smith,D,wikipedia categories
mark strong politician,Mark Strong,R,wikipedia categories
mark takano,Mark Takano,D,descriptor+roster
mark udall,Mark Udall,D,descriptor+roster
mark warner,Mark Warner,D,descriptor+roster
mark white texas politician,Mark White,D,wikipedia categories
marko liias,Marko Liias,D,wikipedia categories
markwayne mullin,Markwayne Mullin,R,descriptor+roster
marlin stutzman,Marlin Stutzman,R,descriptor+roster
marsha blackburn,Marsha Blackburn,R,descriptor+roster
martha fuller clark,Martha Fuller Clark,D,wikipedia categories
martha g scott,Martha Scott,D,wikipedia categories
martha layne collins,Martha Layne Collins,D,wikipedia categories
martin chavez,Martin Chávez,D,wikipedia categories
martin heinrich,Martin Heinrich,D,descriptor+roster
martin j schreiber,Martin Schreiber,D,wikipedia categories
martin momtahan,Martin Momtahan,R,wikipedia categories
martin o malley,Martin O'Malley,D,wikipedia categories
marty harbin,Marty Harbin,R,wikipedia categories
marty markowitz,Marty Markowitz,D,wikipedia categories
marty moylan,Marty Moylan,D,wikipedia categories
marty quinn oklahoma politician,Marty Quinn,R,wikipedia categories
marty walsh,Marty Walsh,D,wikipedia categories
marvin e holmes jr,Marvin E. Holmes Jr.,D,wikipedia categories
mary bono,Mary Bono,R,descriptor+roster
mary gay scanlon,Mary Gay Scanlon,D,descriptor+roster
mary jo daley,Mary Jo Daley,D,wikipedia categories
mary jo kilroy,Mary Jo Kilroy,D,descriptor+roster
mary keefe,Mary Keefe,D,wikipedia categories
mary mascher,Mary Mascher,D,wikipedia categories
mary miller politician,Mary Miller,R,descriptor+roster
mary nolan politician,Mary Nolan,D,wikipedia categories
mary rose oakar,Mary Rose Oakar,D,descriptor+roster
mary salas,Mary Salas,D,wikipedia categories
mary sue terry,Mary Sue Terry,D,wikipedia categories
maryland democratic party,Maryland Democratic Party,D,wikipedia categories
maryland republican party,Maryland Republican Party,R,wikipedia categories
massachusetts democratic party,Massachusetts Democratic Party,D,wikipedia categories
massachusetts republican party,Massachusetts Republican Party,R,wikipedia categories
matt bradford,Matt Bradford,D,wikipedia categories
matt cartwright,Matt Cartwright,D,descriptor+roster
matt claman,Matt Claman,D,wikipedia categories
matt dolan,Matt Dolan,R,wikipedia categories
matt dollar,Matt Dollar,R,wikipedia categories
matt dubnik,Matt Dubnik,R,wikipedia categories
matt e baker,Matt Baker,R,wikipedia categories
matt gaetz,Matt Gaetz,R,descriptor+roster
matt gaetz florida politician,Matt Gaetz,R,descriptor+roster
matt hall politician,Matt Hall,R,wikipedia categories
matt hatchett,Matt Hatchett,R,wikipedia categories
matt huffman,Matt Huffman,R,wikipedia categories
matt lesser,Matt Lesser,D,wikipedia categories
matt macpherson,Matt MacPherson,R,wikipedia categories
matt maddock,Matt Maddock,R,wikipedia categories
matt moonen,Matt Moonen,D,wikipedia categories
matt pinnell,Matt Pinnell,R,wikipedia categories
matt rosendale,Matt Rosendale,R,descriptor+roster
matt salmon,Matt Salmon,R,wikipedia categories
matt willhite,Matt Willhite,D,wikipedia categories
matt windschitl,Matt Windschitl,R,wikipedia categories
matthew bradford,Matthew Bradford,D,wikipedia categories
matthew dunlap,Matthew Dunlap,D,wikipedia categories
matthew shepherd,Matthew Shepherd,R,wikipedia categories
mattie hunter,Mattie Hunter,D,wikipedia categories
max abramson,Max Abramson,L,wikipedia categories
max baucus,Max Baucus,D,wikipedia categories
max burns,Max Burns,R,wikipedia categories
max cleland,Max Cleland,D,wikipedia categories
max miller politician,Max Miller,R,descriptor+roster
max rose,Max Rose,D,descriptor+roster
max wise,Max Wise,R,wikipedia categories
maxine dexter,Maxine Dexter,D,descriptor+roster
maxine waters,Maxine Waters,D,descriptor+roster
maxwell frost,Maxwell Frost,D,descriptor+roster
mazie hirono,Mazie Hirono,D,descriptor+roster
megan jones politician,Megan Jones,R,wikipedia categories
mel levine,Mel Levine,D,descriptor+roster
melanie stansbury,Melanie Stansbury,D,descriptor+roster
melissa agard,Melissa Agard,D,wikipedia categories
melissa hart politician,Melissa Hart,R,descriptor+roster
melissa hurtado,Melissa Hurtado,D,wikipedia categories
melissa lackey oremus,Melissa Lackey Oremus,R,wikipedia categories
melony griffith,Melony Griffith,D,wikipedia categories
melvin steinberg,Melvin Steinberg,D,wikipedia categories
merika coleman,Merika Coleman,D,wikipedia categories
mia costello,Mia Costello,R,wikipedia categories
mia gregerson,Mia Gregerson,D,wikipedia categories
micah caskey,Micah Caskey,R,wikipedia categories
michael a jackson politician,Michael A. Jackson,D,wikipedia categories
michael b carroll,Michael Carroll,D,wikipedia categories
michael baumgartner,Michael Baumgartner,R,descriptor+roster
michael benedetto,Michael Benedetto,D,wikipedia categories
michael bennet,Michael Bennet,D,descriptor+roster
michael bergan,Michael Bergan,R,wikipedia categories
michael bond american politician,Michael Bond,D,wikipedia categories
michael c burgess,Michael Burgess,R,descriptor+roster
michael caldwell,Michael Caldwell,R,wikipedia categories
michael cloud,Michael Cloud,R,descriptor+roster
michael coffey illinois politician,Michael Coffey,R,wikipedia categories
michael connelly illinois politician,Michael Connelly,R,wikipedia categories
michael cusick,Michael Cusick,D,wikipedia categories
michael d barnes,Michael Barnes,D,descriptor+roster
michael dembrow,Michael Dembrow,D,wikipedia categories
michael e carpenter,Michael E. Carpenter,D,wikipedia categories
michael gambrell,Michael Gambrell,R,wikipedia categories
michael gianaris,Michael Gianaris,D,wikipedia categories
michael gronstal,Michael Gronstal,D,wikipedia categories
michael guest politician,Michael Guest,R,descriptor+roster
michael hough politician,Michael Hough,R,wikipedia categories
michael j barrett,Michael J. Barrett,D,wikipedia categories
michael j fitzpatrick politician,Michael J. Fitzpatrick,R,wikipedia categories
michael j sheridan,Mike Sheridan,D,wikipedia categories
michael j skindell,Michael J. Skindell,D,wikipedia categories
michael mccaul,Michael McCaul,R,descriptor+roster
michael o brien ohio politician,Michael O'Brien,D,wikipedia categories
michael rodrigues politician,Michael Rodrigues,D,wikipedia categories
michael rulli,Michael Rulli,R,descriptor+roster
michael schlossberg,Michael Schlossberg,D,wikipedia categories
michael schraa,Michael Schraa,R,wikipedia categories
michael sheehy,Michael Sheehy,D,wikipedia categories
michael steele,Michael Steele,R,wikipedia categories
michael tannousis,Michael Tannousis,R,wikipedia categories
michael waltz,Michael Waltz,R,descriptor+roster
michael webber politician,Michael Webber,R,wikipedia categories
michaelle c solages,Michaelle Solages,D,wikipedia categories
micheal bergstrom,Micheal Bergstrom,R,wikipedia categories
michele bachmann,Michele Bachmann,R,wikipedia categories
michele lepore hagan,Michele Lepore-Hagan,D,wikipedia categories
michelle fischbach,Michelle Fischbach,R,descriptor+roster
michelle lujan grisham,Michelle Lujan Grisham,D,wikipedia categories
michelle salzman,Michelle Salzman,R,wikipedia categories
michigan democratic party,Michigan Democratic Party,D,wikipedia categories
mick mulvaney,Mick Mulvaney,R,wikipedia categories
mickey dollens,Mickey Dollens,D,wikipedia categories
mickey michaux,Mickey Michaux,D,wikipedia categories
miguel romero,Miguel Romero,D,wikipedia categories
mike beebe,Mike Beebe,D,wikipedia categories
mike bishop politician,Mike Bishop,R,descriptor+roster
mike bost,Mike Bost,R,descriptor+roster
mike bouchard,Mike Bouchard,R,wikipedia categories
mike braun,Mike Braun,R,descriptor+roster
mike burns south carolina politician,Mike Burns,R,wikipedia categories
mike carey politician,Mike Carey,R,descriptor+roster
mike cheokas,Mike Cheokas,R,wikipedia categories
mike coffman,Mike Coffman,R,descriptor+roster
mike collins politician,Mike Collins,R,descriptor+roster
mike conaway,Mike Conaway,R,descriptor+roster
mike crane,Mike Crane,R,wikipedia categories
mike crapo,Mike Crapo,R,descriptor+roster
mike dewine,Mike DeWine,R,wikipedia categories
mike doyle american politician,Mike Doyle,D,descriptor+roster
mike dugan politician,Mike Dugan,R,wikipedia categories
mike dunleavy politician,Mike Dunleavy,R,wikipedia categories
mike ezell,Mike Ezell,R,descriptor+roster
mike flood politician,Mike Flood,R,descriptor+roster
mike foley nebraska politician,Mike Foley,R,wikipedia categories
mike frerichs,Mike Frerichs,D,wikipedia categories
mike garcia politician,Mike Garcia,R,descriptor+roster
mike giallombardo,Mike Giallombardo,R,wikipedia categories
mike gronstal,Mike Gronstal,D,wikipedia categories
mike haridopolos,Mike Haridopolos,R,descriptor+roster
mike hilgers,Mike Hilgers,R,wikipedia categories
mike huckabee,Mike Huckabee,R,wikipedia categories
mike johnson,Mike Johnson,R,descriptor+roster
mike johnston colorado politician,Mike Johnston,D,wikipedia categories
mike jopek,Mike Jopek,D,wikipedia categories
mike kelly pennsylvania politician,Mike Kelly,R,descriptor+roster
mike kuglitsch,Mike Kuglitsch,R,wikipedia categories
mike lawler,Mike Lawler,R,descriptor+roster
mike lee,Mike Lee,R,descriptor+roster
mike levin,Mike Levin,D,descriptor+roster
mike mckell,Mike McKell,R,wikipedia categories
mike michaud,Mike Michaud,D,descriptor+roster
mike osburn,Mike Osburn,R,wikipedia categories
mike padden,Mike Padden,R,wikipedia categories
mike pence,Mike Pence,R,wikipedia categories
mike petersen utah politician,Mike Petersen,R,wikipedia categories
mike pompeo,Mike Pompeo,R,wikipedia categories
mike quigley,Mike Quigley,D,descriptor+roster
mike rogers alabama politician,Mike Rogers,R,descriptor+roster
mike rounds,Mike Rounds,R,descriptor+roster
mike rush,Mike Rush,D,wikipedia categories
mike schultz politician,Mike Schultz,R,wikipedia categories
mike sexton politician,Mike Sexton,R,wikipedia categories
mike simpson,Mike Simpson,R,descriptor+roster
mike sturla,Mike Sturla,D,wikipedia categories
mike sullivan wyoming politician,Mike Sullivan,D,wikipedia categories
mike thompson,Mike Thompson,D,descriptor+roster
mike turner,Mike Turner,R,descriptor+roster
mike wilson kentucky politician,Mike Wilson,R,wikipedia categories
mikie sherrill,Mikie Sherrill,D,descriptor+roster
mila jasey,Mila Jasey,D,wikipedia categories
minnesota democratic farmer labor party,Minnesota Democratic–Farmer–Labor Party,D,wikipedia categories
minnesota republican party,Minnesota Republican Party,R,wikipedia categories
mitch landrieu,Mitch Landrieu,D,wikipedia categories
mitch mcconnell,Mitch McConnell,R,descriptor+roster
mitchell s setzer,Mitchell S. Setzer,R,wikipedia categories
mitt romney,Mitt Romney,R,descriptor+roster
mo brooks,Mo Brooks,R,descriptor+roster
mohamud noor,Mohamud Noor,D,wikipedia categories
molly howard,Molly Howard,D,wikipedia categories
mondaire jones,Mondaire Jones,D,descriptor+roster
monica de la cruz,Monica De La Cruz,R,descriptor+roster
montana libertarian party,Montana Libertarian Party,L,wikipedia categories
montana republican party,Montana Republican Party,R,wikipedia categories
morgan carroll,Morgan Carroll,D,wikipedia categories
morgan luttrell,Morgan Luttrell,R,descriptor+roster
morgan meyer,Morgan Meyer,R,wikipedia categories
morgan rielly politician,Morgan Rielly,D,wikipedia categories
murrell smith,Murrell Smith,R,wikipedia categories
murrell smith jr,Murrell Smith,R,wikipedia categories
myra crownover,Myra Crownover,R,wikipedia categories
myrth york,Myrth York,D,wikipedia categories
nadine thomas,Nadine Thomas,D,wikipedia categories
nan orrock,Nan Orrock,D,wikipedia categories
nancy j king,Nancy J. King,D,wikipedia categories
nancy mace,Nancy Mace,R,descriptor+roster
nancy munoz,Nancy Munoz,R,wikipedia categories
nancy pelosi,Nancy Pelosi,D,descriptor+roster
nanette barragan,Nanette Barragán,D,descriptor+roster
napoleon harris,Napoleon Harris,D,wikipedia categories
natalie higgins,Natalie Higgins,D,wikipedia categories
natalie manley,Natalie Manley,D,wikipedia categories
nate willems,Nate Willems,D,wikipedia categories
nathan ballentine,Nathan Ballentine,R,wikipedia categories
nathan biah,Nathan Biah,D,wikipedia categories
nathan deal,Nathan Deal,R,"wikipedia categories (majority {'D': 1, 'R': 3})"
nathaniel ledbetter,Nathaniel Ledbetter,R,wikipedia categories
nathaniel moran,Nathaniel Moran,R,descriptor+roster
national republican senatorial committee,National Republican Senatorial Committee,R,wikipedia categories
neal collins politician,Neal Collins,R,wikipedia categories
neal dunn,Neal Dunn,R,descriptor+roster
nebraska democratic party,Nebraska Democratic Party,D,wikipedia categories
nebraska republican party,Nebraska Republican Party,R,wikipedia categories
ned lamont,Ned Lamont,D,wikipedia categories
neil abercrombie,Neil Abercrombie,D,wikipedia categories
neil breslin,Neil Breslin,D,wikipedia categories
nellie pou,Nellie Pou,D,descriptor+roster
nelson wolff,Nelson Wolff,D,wikipedia categories
new jersey libertarian party,New Jersey Libertarian Party,L,wikipedia categories
new york republican state committee,New York Republican State Committee,R,wikipedia categories
newt gingrich,Newt Gingrich,R,descriptor+roster
nic kipke,Nic Kipke,R,wikipedia categories
nicholas boldyga,Nicholas Boldyga,R,wikipedia categories
nicholas germana,Nicholas Germana,D,wikipedia categories
nick celebrezze,Nick Celebrezze,D,wikipedia categories
nick collins politician,Nick Collins,D,wikipedia categories
nick lalota,Nick LaLota,R,descriptor+roster
nick langworthy,Nick Langworthy,R,descriptor+roster
nick milroy,Nick Milroy,D,wikipedia categories
nickie antonio,Nickie Antonio,D,wikipedia categories
nicole klarides ditria,Nicole Klarides-Ditria,R,wikipedia categories
nicole la ha,Nicole La Ha,R,wikipedia categories
nicole malliotakis,Nicole Malliotakis,R,descriptor+roster
nikema williams,Nikema Williams,D,descriptor+roster
nikiya harris dodd,Nikiya Harris Dodd,D,wikipedia categories
nikki budzinski,Nikki Budzinski,D,descriptor+roster
nikki haley,Nikki Haley,R,wikipedia categories
nily rozic,Nily Rozic,D,wikipedia categories
nino vitale,Nino Vitale,R,wikipedia categories
nita lowey,Nita Lowey,D,descriptor+roster
norine hammond,Norine Hammond,R,wikipedia categories
norlin mommsen,Norlin Mommsen,R,wikipedia categories
norm coleman,Norm Coleman,R,descriptor+roster
norm dicks,Norm Dicks,D,wikipedia categories
norm thurston,Norm Thurston,R,wikipedia categories
norma torres,Norma Torres,D,descriptor+roster
north dakota democratic nonpartisan league,North Dakota Democratic–Nonpartisan League,D,wikipedia categories
north dakota republican party,North Dakota Republican Party,R,wikipedia categories
nydia velazquez,Nydia Velázquez,D,descriptor+roster
obie patterson,Obie Patterson,D,wikipedia categories
ohio democratic party,Democratic,D,wikipedia categories
ohio republican party,Ohio Republican Party,R,wikipedia categories
oklahoma republican party,Oklahoma Republican Party,R,wikipedia categories
pacific green party,Pacific Green Party,G,wikipedia categories
page walley,Page Walley,R,wikipedia categories
pam delissio,Pam DeLissio,D,wikipedia categories
pam faris,Pam Faris,D,wikipedia categories
pam helming,Pam Helming,R,wikipedia categories
pam jochum,Pam Jochum,D,wikipedia categories
parker griffith,Parker Griffith,D,descriptor+roster
parris glendening,Parris Glendening,D,wikipedia categories
pat fahy,Pat Fahy,D,wikipedia categories
pat fallon,Pat Fallon,R,descriptor+roster
pat gardner,Pat Gardner,D,wikipedia categories
pat grassley,Pat Grassley,R,wikipedia categories
pat harkins,Pat Harkins,D,wikipedia categories
pat harrigan,Pat Harrigan,R,descriptor+roster
pat jehlen,Pat Jehlen,D,wikipedia categories
pat mcdonough,Pat McDonough,R,wikipedia categories
pat quinn politician,Pat Quinn,D,wikipedia categories
pat roberts,Pat Roberts,R,descriptor+roster
pat ryan politician,Pat Ryan,D,descriptor+roster
pat toomey,Pat Toomey,R,descriptor+roster
patricia fahy,Patricia Fahy,D,wikipedia categories
patricia haddad,Patricia Haddad,D,wikipedia categories
patricia todd,Patricia Todd,D,wikipedia categories
patrick connick,Patrick Connick,R,wikipedia categories
patrick haddon,Patrick Haddon,R,wikipedia categories
patrick harkins,Patrick Harkins,D,wikipedia categories
patrick j ballantine,Patrick J. Ballantine,R,wikipedia categories
patrick j kennedy,Patrick J. Kennedy,D,descriptor+roster
patrick leahy,Patrick Leahy,D,descriptor+roster
patrick morrisey,Patrick Morrisey,R,wikipedia categories
patrick murphy florida politician,Patrick Murphy,D,descriptor+roster
patrick murphy pennsylvania politician,Patrick Murphy,D,wikipedia categories
patty judge,Patty Judge,D,wikipedia categories
patty murray,Patty Murray,D,descriptor+roster
paul bailey politician,Paul Bailey,R,wikipedia categories
paul broun,Paul Broun,R,wikipedia categories
paul e patton,Paul E. Patton,D,wikipedia categories
paul frost,Paul Frost,R,wikipedia categories
paul g pinsky,Paul G. Pinsky,D,wikipedia categories
paul gosar,Paul Gosar,R,descriptor+roster
paul krizek,Paul Krizek,D,wikipedia categories
paul lee politician,Paul Lee,R,wikipedia categories
paul lepage,Paul LePage,R,wikipedia categories
paul lundeen,Paul Lundeen,R,wikipedia categories
paul pate,Paul Pate,R,wikipedia categories
paul ryan,Paul Ryan,R,descriptor+roster
paul sarlo,Paul Sarlo,D,wikipedia categories
paul schimpf,Paul Schimpf,D,wikipedia categories
paul schmid,Paul Schmid,D,wikipedia categories
paul tittl,Paul Tittl,R,wikipedia categories
paul tonko,Paul Tonko,D,descriptor+roster
paula hicks hudson,Paula Hicks-Hudson,D,wikipedia categories
paula rawl calhoon,Paula Calhoon,R,wikipedia categories
paula stark,Paula Stark,R,wikipedia categories
pennsylvania democratic party,Pennsylvania Democratic Party,D,wikipedia categories
pennsylvania republican party,Pennsylvania Republican Party,R,wikipedia categories
pete aguilar,Pete Aguilar,D,descriptor+roster
pete kelly alaska politician,Pete Kelly,R,wikipedia categories
pete olson,Pete Olson,R,descriptor+roster
pete ricketts,Pete Ricketts,R,descriptor+roster
pete sessions,Pete Sessions,R,descriptor+roster
pete stauber,Pete Stauber,R,descriptor+roster
peter cianchette,Peter Cianchette,R,wikipedia categories
peter defazio,Peter DeFazio,D,descriptor+roster
peter deutsch,Peter Deutsch,D,descriptor+roster
peter durant,Peter Durant,R,wikipedia categories
peter franchot,Peter Franchot,D,wikipedia categories
peter j abbate jr,Peter J. Abbate Jr.,D,wikipedia categories
peter kostmayer,Peter Kostmayer,D,descriptor+roster
peter koutoujian,Peter Koutoujian,D,wikipedia categories
peter lucido,Peter Lucido,R,wikipedia categories
peter oberacker,Peter Oberacker,R,wikipedia categories
peter schweyer,Peter Schweyer,D,wikipedia categories
peter shumlin,Peter Shumlin,D,wikipedia categories
peter t king,Peter T. King,R,descriptor+roster
peter weinstein,Peter Weinstein,D,wikipedia categories
peter welch,Peter Welch,D,descriptor+roster
phil berger politician,Phil Berger,R,wikipedia categories
phil boyle,Phil Boyle,R,wikipedia categories
phil bredesen,Phil Bredesen,D,wikipedia categories
phil gramm,Phil Gramm,R,descriptor+roster
phil hare,Phil Hare,D,descriptor+roster
phil jensen,Phil Jensen,R,wikipedia categories
phil murphy,Phil Murphy,D,wikipedia categories
phil palmesano,Phil Palmesano,R,wikipedia categories
phil ramos,Phil Ramos,D,wikipedia categories
phil scott,Phil Scott,R,wikipedia categories
philip griffitts,Philip Griffitts,R,wikipedia categories
philip jones american politician,Philip Jones,D,wikipedia categories
philip ramos,Philip Ramos,D,wikipedia categories
philip wise,Philip Wise,D,wikipedia categories
phillip chen,Phillip Chen,R,wikipedia categories
phillip devillier,Phillip DeVillier,R,wikipedia categories
phyllis thede,Phyllis Thede,D,wikipedia categories
pramila jayapal,Pramila Jayapal,D,descriptor+roster
quico canseco,Quico Canseco,R,descriptor+roster
rachel plakon,Rachel Plakon,R,wikipedia categories
rafael anchia,Rafael Anchía,D,wikipedia categories
raja krishnamoorthi,Raja Krishnamoorthi,D,descriptor+roster
ralph hudgens,Ralph Hudgens,R,wikipedia categories
ralph nader,Ralph Nader,G,wikipedia categories
ralph norman,Ralph Norman,R,descriptor+roster
ralph northam,Ralph Northam,D,wikipedia categories
ralph poppell,Ralph Poppell,R,wikipedia categories
rand paul,Rand Paul,R,descriptor+roster
randall shedd,Randall Shedd,R,wikipedia categories
randy feenstra,Randy Feenstra,R,descriptor+roster
randy ligon,Randy Ligon,R,wikipedia categories
randy mcnally,Randy McNally,R,wikipedia categories
randy nix,Randy Nix,R,wikipedia categories
randy price,Randy Price,R,wikipedia categories
randy weber,Randy Weber,R,descriptor+roster
raphael warnock,Raphael Warnock,D,descriptor+roster
rashida tlaib,Rashida Tlaib,D,descriptor+roster
raul grijalva,Raúl Grijalva,D,descriptor+roster
raul ruiz politician,Raul Ruiz,D,descriptor+roster
raumesh akbari,Raumesh Akbari,D,wikipedia categories
ray miller ohio legislator,Ray Miller,D,wikipedia categories
raymond poe,Raymond Poe,R,wikipedia categories
reed gusciora,Reed Gusciora,D,wikipedia categories
reed ingram,Reed Ingram,R,wikipedia categories
reginald murdock,Reginald Murdock,D,wikipedia categories
rene garcia politician,René García,R,wikipedia categories
republican jewish coalition,Republican Jewish Coalition,R,wikipedia categories
republican main street partnership,Republican Main Street Partnership,R,wikipedia categories
republican national committee,Republican National Committee,R,wikipedia categories
republican national committeeman,Republican National Committeeman,R,wikipedia categories
republican party of iowa,Republican Party of Iowa,R,wikipedia categories
republican party of louisiana,Republican Party of Louisiana,R,wikipedia categories
republican party of minnesota,Republican Party of Minnesota,R,wikipedia categories
republican party united states,Republican,R,wikipedia categories
republican state committee of delaware,Delaware Republican Party,R,wikipedia categories
rex damschroder,Rex Damschroder,R,wikipedia categories
rex shipp,Rex Shipp,R,wikipedia categories
rhine mclin,Rhine McLin,D,wikipedia categories
rhode island democratic party,Rhode Island Democratic Party,D,wikipedia categories
rhode island republican party,Rhode Island Republican Party,R,wikipedia categories
rhonda baker,Rhonda Baker,R,wikipedia categories
rich mccormick,Rich McCormick,R,descriptor+roster
rich wingo,Rich Wingo,R,wikipedia categories
richard blumenthal,Richard Blumenthal,D,descriptor+roster
richard burr,Richard Burr,R,descriptor+roster
richard codey,Richard Codey,D,wikipedia categories
richard e myers,Richard Myers,D,wikipedia categories
richard hudson american politician,Richard Hudson,R,descriptor+roster
richard n gottfried,Richard Gottfried,D,wikipedia categories
richard neal,Richard Neal,D,descriptor+roster
richard shelby,Richard Shelby,R,"descriptor+roster (switch, dated)"
richard t moore,Richard T. Moore,D,wikipedia categories
richard womack,Richard Womack,R,wikipedia categories
richie yow,Richie Yow,R,wikipedia categories
rick allen politician,Rick Allen,R,descriptor+roster
rick crawford politician,Rick Crawford,R,descriptor+roster
rick jasperse,Rick Jasperse,R,wikipedia categories
rick larsen,Rick Larsen,D,descriptor+roster
rick olson iowa politician,Rick Olson,D,wikipedia categories
rick santorum,Rick Santorum,R,descriptor+roster
rick scott,Rick Scott,R,descriptor+roster
rick snyder,Rick Snyder,R,wikipedia categories
rick w allen,Rick W. Allen,R,descriptor+roster
rick williams georgia politician,Rick Williams,R,wikipedia categories
rick zbur,Rick Zbur,D,wikipedia categories
riley moore,Riley Moore,R,descriptor+roster
rita heard days,Rita Heard Days,D,wikipedia categories
rita mayfield,Rita Mayfield,D,wikipedia categories
ritchie torres,Ritchie Torres,D,descriptor+roster
ro foege,Ro Foege,D,wikipedia categories
ro khanna,Ro Khanna,D,descriptor+roster
rob bishop,Rob Bishop,R,wikipedia categories
rob bresnahan,Rob Bresnahan,R,descriptor+roster
rob hogg,Rob Hogg,D,wikipedia categories
rob mccolley,Rob McColley,R,wikipedia categories
rob menendez,Rob Menendez,D,descriptor+roster
rob nosse,Rob Nosse,D,wikipedia categories
rob portman,Rob Portman,R,descriptor+roster
rob simmons,Rob Simmons,R,descriptor+roster
rob swearingen,Rob Swearingen,R,wikipedia categories
rob wittman,Rob Wittman,R,descriptor+roster
robbie brackett,Robbie Brackett,R,wikipedia categories
robert a rivas,Robert A. Rivas,D,wikipedia categories
robert aderholt,Robert Aderholt,R,descriptor+roster
robert auth,Robert Auth,R,wikipedia categories
robert bacon iowa politician,Robert Bacon,R,wikipedia categories
robert cowles,Robert Cowles,R,wikipedia categories
robert deleo politician,Bob DeLeo,D,wikipedia categories
robert dickey american politician,Robert Dickey,R,wikipedia categories
robert dvorsky,Robert Dvorsky,D,wikipedia categories
robert f kennedy jr,Robert F. Kennedy Jr.,I,wikipedia categories
robert garcia california congressman,Robert Garcia,D,descriptor+roster
robert garcia california politician,Robert Garcia,D,descriptor+roster
robert jackson new york politician,Robert Jackson,D,wikipedia categories
robert list,Robert List,R,wikipedia categories
robert martwick,Robert Martwick,D,wikipedia categories
robert matzie,Robert Matzie,D,wikipedia categories
robert nichols politician,Robert Nichols,R,wikipedia categories
robert phillips politician,Robert Phillips,D,wikipedia categories
robert q williams,Robert Q. Williams,D,wikipedia categories
robert rita,Bob Rita,D,wikipedia categories
robert rodriguez politician,Robert Rodriguez,D,wikipedia categories
robert sampson politician,Rob Sampson,R,wikipedia categories
robert smith walker,Robert Smith Walker,R,descriptor+roster
robert starr,Robert Starr,D,wikipedia categories
robert torricelli,Robert Torricelli,D,descriptor+roster
robert w mcknight,Robert McKnight,D,wikipedia categories
robert wexler,Robert Wexler,D,descriptor+roster
robert wirch,Robert Wirch,D,wikipedia categories
robin comey,Robin Comey,D,wikipedia categories
robin kelly,Robin Kelly,D,descriptor+roster
robin l webb,Robin L. Webb,D,"wikipedia categories (majority {'D': 2, 'R': 1})"
robin titus,Robin Titus,R,wikipedia categories
robin vogt,Robin Vogt,D,wikipedia categories
robin vos,Robin Vos,R,wikipedia categories
roby smith,Roby Smith,R,wikipedia categories
robyn gabel,Robyn Gabel,D,wikipedia categories
rod blagojevich,Rod Blagojevich,D,wikipedia categories
rod smith politician,Rod Smith,D,wikipedia categories
rodney davis politician,Rodney Davis,R,descriptor+roster
rodney ellis,Rodney Ellis,D,wikipedia categories
rodney frelinghuysen,Rodney Frelinghuysen,R,descriptor+roster
roger hauck,Roger Hauck,R,wikipedia categories
roger marshall,Roger Marshall,R,descriptor+roster
roger thomas iowa politician,Roger Thomas,D,wikipedia categories
roger thompson politician,Roger Thompson,R,wikipedia categories
roger wicker,Roger Wicker,R,descriptor+roster
roger williams texas politician,Roger Williams,R,descriptor+roster
roland burris,Roland Burris,D,wikipedia categories
roland pederson,Roland Pederson,R,wikipedia categories
romaine quinn,Romaine Quinn,R,wikipedia categories
ron barber,Ron Barber,D,descriptor+roster
ron estes,Ron Estes,R,descriptor+roster
ron johnson,Ron Johnson,R,descriptor+roster
ron kind,Ron Kind,D,descriptor+roster
ron klein,Ron Klein,D,descriptor+roster
ron maag,Ron Maag,R,wikipedia categories
ron mariano,Ron Mariano,D,wikipedia categories
ron micheli,Ron Micheli,R,wikipedia categories
ron paul,Ron Paul,R,descriptor+roster
ron silver politician,Ron Silver,D,wikipedia categories
ron wyden,Ron Wyden,D,descriptor+roster
ronald n young,Ron Young,D,wikipedia categories
ronda storms,Ronda Storms,R,wikipedia categories
ronny jackson,Ronny Jackson,R,descriptor+roster
rosa delauro,Rosa DeLauro,D,descriptor+roster
rosalyn henderson myers,Rosalyn Henderson-Myers,D,wikipedia categories
rosie berger,Rosie Berger,R,wikipedia categories
ross paustian,Ross Paustian,R,wikipedia categories
ross turner,Ross Turner,R,wikipedia categories
roy barnes,Roy Barnes,D,wikipedia categories
roy blunt,Roy Blunt,R,descriptor+roster
roy cooper,Roy Cooper,D,wikipedia categories
roy dyson,Roy Dyson,D,descriptor+roster
roy romer,Roy Romer,D,wikipedia categories
royce west,Royce West,D,wikipedia categories
ruben diaz jr,Ruben Diaz Jr.,D,wikipedia categories
ruben gallego,Ruben Gallego,D,descriptor+roster
ruben hinojosa,Rubén Hinojosa,D,descriptor+roster
rudy boschwitz,Rudy Boschwitz,R,descriptor+roster
rudy yakym,Rudy Yakym,R,descriptor+roster
rush holt jr,Rush Holt Jr.,D,descriptor+roster
russ fulcher,Russ Fulcher,R,descriptor+roster
russell fry,Russell Fry,R,descriptor+roster
russell holmes,Russell Holmes,D,wikipedia categories
russell prescott,Russell Prescott,R,wikipedia categories
rusty paul,Rusty Paul,R,wikipedia categories
ruth ann gaines,Ruth Ann Gaines,D,wikipedia categories
ruth balser,Ruth Balser,D,wikipedia categories
ruth ward,Ruth Ward,R,wikipedia categories
ryan fecteau,Ryan Fecteau,D,wikipedia categories
ryan mackenzie,Ryan Mackenzie,R,descriptor+roster
ryan mishler,Ryan Mishler,R,wikipedia categories
ryan zinke,Ryan Zinke,R,descriptor+roster
sabrina cervantes,Sabrina Cervantes,D,wikipedia categories
sal didomenico,Sal DiDomenico,D,wikipedia categories
sal pace,Sal Pace,D,wikipedia categories
sally harrell,Sally Harrell,D,wikipedia categories
sally heyman,Sally Heyman,D,wikipedia categories
salud carbajal,Salud Carbajal,D,descriptor+roster
sam brownback,Sam Brownback,R,descriptor+roster
sam coppersmith,Sam Coppersmith,D,descriptor+roster
sam farr,Sam Farr,D,descriptor+roster
sam graves,Sam Graves,R,descriptor+roster
sam liccardo,Sam Liccardo,D,descriptor+roster
sam page missouri politician,Sam Page,D,wikipedia categories
sam singh,Sam Singh,D,wikipedia categories
samuel d thompson,Sam Thompson,R,"wikipedia categories (majority {'D': 1, 'R': 2})"
sandy galef,Sandy Galef,D,wikipedia categories
sandy pasch,Sandy Pasch,D,wikipedia categories
sandy salmon,Sandy Salmon,R,wikipedia categories
sanford bishop,Sanford Bishop,D,descriptor+roster
sara feigenholtz,Sara Feigenholtz,D,wikipedia categories
sarah elfreth,Sarah Elfreth,D,descriptor+roster
sarah huckabee sanders,Sarah Huckabee Sanders,R,wikipedia categories
sarah mcbride,Sarah McBride,D,wikipedia categories
sarah palin,Sarah Palin,R,wikipedia categories
sarah peake,Sarah Peake,D,wikipedia categories
saxby chambliss,Saxby Chambliss,R,descriptor+roster
scott a slater,Scott Slater,D,wikipedia categories
scott brown politician,Scott Brown,R,wikipedia categories
scott clemons,Scott Clemons,D,wikipedia categories
scott fitzgerald politician,Scott Fitzgerald,R,descriptor+roster
scott franklin politician,Scott Franklin,R,descriptor+roster
scott holcomb,Scott Holcomb,D,wikipedia categories
scott krug,Scott Krug,R,wikipedia categories
scott l fitzgerald,Scott L. Fitzgerald,R,descriptor+roster
scott mcinnis,Scott McInnis,R,descriptor+roster
scott oelslager,Scott Oelslager,R,wikipedia categories
scott perry,Scott Perry,R,descriptor+roster
scott peters politician,Scott Peters,D,descriptor+roster
scott sandall,Scott Sandall,R,wikipedia categories
scott stringer,Scott Stringer,D,wikipedia categories
scott taylor politician,Scott Taylor,R,descriptor+roster
scott tipton,Scott Tipton,R,wikipedia categories
scott walker politician,Scott Walker,R,wikipedia categories
scott wilk,Scott Wilk,R,wikipedia categories
sean casten,Sean Casten,D,descriptor+roster
sean duffy,Sean Duffy,R,wikipedia categories
sean garballey,Sean Garballey,D,wikipedia categories
sean mccann politician,Sean McCann,D,wikipedia categories
sean patrick maloney,Sean Patrick Maloney,D,descriptor+roster
sean ryan american politician,Sean Ryan,D,wikipedia categories
selena la rue hatch,Selena La Rue Hatch,D,wikipedia categories
seth magaziner,Seth Magaziner,D,descriptor+roster
seth morgan politician,Seth Morgan,R,wikipedia categories
seth moulton,Seth Moulton,D,descriptor+roster
seth rose,Seth Rose,D,wikipedia categories
shane jett,Shane Jett,R,wikipedia categories
shane wilkin,Shane Wilkin,R,wikipedia categories
shannon lundgren,Shannon Lundgren,R,wikipedia categories
shannon o brien massachusetts politician,Shannon O'Brien,D,wikipedia categories
sharice davids,Sharice Davids,D,descriptor+roster
sharon cooper,Sharon Cooper,R,wikipedia categories
sharon nelson,Sharon Nelson,D,wikipedia categories
sharon quirk silva,Sharon Quirk-Silva,D,wikipedia categories
sharon steckman,Sharon Steckman,D,wikipedia categories
shaunna o connell,Shaunna O'Connell,R,wikipedia categories
shavonda e sumter,Shavonda Sumter,D,wikipedia categories
shavonda sumter,Shavonda Sumter,D,wikipedia categories
sheila harsdorf,Sheila Harsdorf,R,wikipedia categories
sheila jackson lee,Sheila Jackson Lee,D,descriptor+roster
sheldon neeley,Sheldon Neeley,D,wikipedia categories
sheldon whitehouse,Sheldon Whitehouse,D,descriptor+roster
shelley mayer,Shelley Mayer,D,wikipedia categories
shelley moore capito,Shelley Moore Capito,R,descriptor+roster
shelli yoder,Shelli Yoder,D,wikipedia categories
shelly short,Shelly Short,R,wikipedia categories
shenna bellows,Shenna Bellows,D,wikipedia categories
sheri biggs,Sheri Biggs,R,descriptor+roster
sherrod brown,Sherrod Brown,D,descriptor+roster
sherry gay dagnogo,Sherry Gay-Dagnogo,D,wikipedia categories
shirley krug,Shirley Krug,D,wikipedia categories
shirley turner,Shirley Turner,D,wikipedia categories
shontel brown,Shontel Brown,D,descriptor+roster
shri thanedar,Shri Thanedar,D,descriptor+roster
silvana tabares,Silvana Tabares,D,wikipedia categories
smitty pignatelli,Smitty Pignatelli,D,wikipedia categories
sonny perdue,Sonny Perdue,R,"wikipedia categories (majority {'D': 1, 'R': 2})"
south carolina republican party,South Carolina Republican Party,R,wikipedia categories
stan gruszynski,Stan Gruszynski,D,wikipedia categories
stan gustafson,Stan Gustafson,R,wikipedia categories
stefani carter,Stefani Carter,R,wikipedia categories
steny hoyer,Steny Hoyer,D,descriptor+roster
stephanie bice,Stephanie Bice,R,descriptor+roster
stephanie gricius,Stephanie Gricius,R,wikipedia categories
stephanie kifowit,Stephanie Kifowit,D,wikipedia categories
stephanie murphy,Stephanie Murphy,D,descriptor+roster
stephen b kaufman,Stephen Kaufman,D,wikipedia categories
stephen f lynch,Stephen F. Lynch,D,descriptor+roster
stephen fincher,Stephen Fincher,R,descriptor+roster
stephen goldfinch,Stephen Goldfinch,R,wikipedia categories
stephen hawley,Stephen Hawley,R,wikipedia categories
stephen kinsey,Stephen Kinsey,D,wikipedia categories
stephen nass,Stephen Nass,R,wikipedia categories
stephen stepanek,Stephen Stepanek,R,wikipedia categories
stephen sweeney,Stephen Sweeney,D,wikipedia categories
steve bullock american politician,Steve Bullock,D,wikipedia categories
steve buyer,Steve Buyer,R,descriptor+roster
steve chabot,Steve Chabot,R,descriptor+roster
steve clouse,Steve Clouse,R,wikipedia categories
steve cohen politician,Steve Cohen,D,descriptor+roster
steve daines,Steve Daines,R,descriptor+roster
steve doyle wisconsin politician,Steve Doyle,D,wikipedia categories
steve englebright,Steve Englebright,D,wikipedia categories
steve gooch,Steve Gooch,R,wikipedia categories
steve grossman politician,Steve Grossman,D,wikipedia categories
steve haugaard,Steve Haugaard,R,wikipedia categories
steve hobbs washington politician,Steve Hobbs,D,wikipedia categories
steve huffman ohio politician,Steve Huffman,R,wikipedia categories
steve hurst,Steve Hurst,R,wikipedia categories
steve israel,Steve Israel,D,descriptor+roster
steve kagen,Steve Kagen,D,descriptor+roster
steve king,Steve King,R,descriptor+roster
steve kraus,Steve Kraus,R,wikipedia categories
steve largent,Steve Largent,R,descriptor+roster
steve lathrop,Steve Lathrop,D,wikipedia categories
steve santarsiero,Steve Santarsiero,D,wikipedia categories
steve scalise,Steve Scalise,R,descriptor+roster
steve schuh,Steve Schuh,R,wikipedia categories
steve simon,Steve Simon,D,wikipedia categories
steve sodders,Steve Sodders,D,wikipedia categories
steve tarvin,Steve Tarvin,R,wikipedia categories
steve toth,Steve Toth,R,wikipedia categories
steve womack,Steve Womack,R,descriptor+roster
steven cymbrowitz,Steven Cymbrowitz,D,wikipedia categories
steven holt,Steven Holt,R,wikipedia categories
steven horsford,Steven Horsford,D,descriptor+roster
steven j lund politician,Steven Lund,R,wikipedia categories
steven landek,Steven Landek,D,wikipedia categories
steven otis,Steve Otis,D,wikipedia categories
steven palazzo,Steven Palazzo,R,descriptor+roster
sue helm,Sue Helm,R,wikipedia categories
sue rezin,Sue Rezin,R,wikipedia categories
suhas subramanyam,Suhas Subramanyam,D,descriptor+roster
sukhee kang,Sukhee Kang,D,wikipedia categories
summer lee,Summer Lee,D,descriptor+roster
susan brooks,Susan Brooks,R,descriptor+roster
susan c lee,Susan C. Lee,D,wikipedia categories
susan collins,Susan Collins,R,descriptor+roster
susan combs,Susan Combs,R,wikipedia categories
susan holmes politician,Susan Holmes,R,wikipedia categories
susan manchester,Susan Manchester,R,wikipedia categories
susan turnbull,Susan Turnbull,D,wikipedia categories
susan webber politician,Susan Webber,D,wikipedia categories
susan wild,Susan Wild,D,descriptor+roster
susana mendoza,Susana Mendoza,D,wikipedia categories
susanne shore,Susanne Shore,R,wikipedia categories
susie lee,Susie Lee,D,descriptor+roster
suzan delbene,Suzan DelBene,D,descriptor+roster
suzanne bonamici,Suzanne Bonamici,D,descriptor+roster
suzanne crouch,Suzanne Crouch,R,wikipedia categories
sydney kamlager dove,Sydney Kamlager-Dove,D,descriptor+roster
sylleste davis,Sylleste Davis,R,wikipedia categories
sylvia garcia,Sylvia Garcia,D,descriptor+roster
sylvia larsen,Sylvia Larsen,D,wikipedia categories
t j rooney,T.J. Rooney,D,wikipedia categories
tackey chan,Tackey Chan,D,wikipedia categories
taffy howard,Taffy Howard,R,wikipedia categories
talmadge branch,Talmadge Branch,D,wikipedia categories
tammy baldwin,Tammy Baldwin,D,descriptor+roster
tammy duckworth,Tammy Duckworth,D,descriptor+roster
tammy townley,Tammy Townley,R,wikipedia categories
tammy west,Tammy West,R,wikipedia categories
tanya cook,Tanya Cook,D,wikipedia categories
tate reeves,Tate Reeves,R,wikipedia categories
ted budd,Ted Budd,R,descriptor+roster
ted cruz,Ted Cruz,R,descriptor+roster
ted kulongoski,Ted Kulongoski,D,wikipedia categories
ted lieu,Ted Lieu,D,descriptor+roster
ted poe,Ted Poe,R,descriptor+roster
ted strickland,Ted Strickland,D,wikipedia categories
ted yoho,Ted Yoho,R,descriptor+roster
teresa fedor,Teresa Fedor,D,wikipedia categories
teresa leger fernandez,Teresa Leger Fernandez,D,descriptor+roster
teresa tanzi,Teresa Tanzi,D,wikipedia categories
terrance carroll,Terrance Carroll,D,wikipedia categories
terri bryant,Terri Bryant,R,wikipedia categories
terri collins,Terri Collins,R,wikipedia categories
terri sewell,Terri Sewell,D,descriptor+roster
terry branstad,Terry Branstad,R,wikipedia categories
terry fields florida politician,Terry Fields,D,wikipedia categories
terry johnson ohio politician,Terry Johnson,R,wikipedia categories
terry mcauliffe,Terry McAuliffe,D,wikipedia categories
terry meza,Terry Meza,D,wikipedia categories
terry o donnell politician,Terry O'Donnell,R,wikipedia categories
terry rice,Terry Rice,R,wikipedia categories
thaddeus jones politician,Thaddeus Jones,D,wikipedia categories
thelma drake,Thelma Drake,R,descriptor+roster
theresa gavarone,Theresa Gavarone,R,wikipedia categories
therese murray,Therese Murray,D,wikipedia categories
thom tillis,Thom Tillis,R,descriptor+roster
thomas a loftus,Thomas Loftus,D,wikipedia categories
thomas dinapoli,Thomas DiNapoli,D,wikipedia categories
thomas duane,Thomas Duane,D,wikipedia categories
thomas f hartnett,Thomas F. Hartnett,R,descriptor+roster
thomas g courtney,Thomas G. Courtney,D,wikipedia categories
thomas j murphy jr,Thomas J. Murphy Jr.,D,wikipedia categories
thomas jeneary,Thomas Jeneary,R,wikipedia categories
thomas kean,Thomas Kean,R,wikipedia categories
thomas kean jr,Thomas Kean Jr.,R,descriptor+roster
thomas massie,Thomas Massie,R,descriptor+roster
thomas suozzi,Thomas Suozzi,D,descriptor+roster
tiara mack,Tiara Mack,D,wikipedia categories
tick segerblom,Tick Segerblom,D,wikipedia categories
tiffany esposito,Tiffany Esposito,R,wikipedia categories
tim ackert,Tim Ackert,R,wikipedia categories
tim bishop,Tim Bishop,D,descriptor+roster
tim briggs politician,Tim Briggs,D,wikipedia categories
tim burchett,Tim Burchett,R,descriptor+roster
tim carpenter,Tim Carpenter,D,wikipedia categories
tim freeman,Tim Freeman,R,wikipedia categories
tim griffin,Tim Griffin,R,wikipedia categories
tim holden,Tim Holden,D,wikipedia categories
tim johnson illinois politician,Tim Johnson,R,descriptor+roster
tim kaine,Tim Kaine,D,descriptor+roster
tim kennedy politician,Tim Kennedy,D,descriptor+roster
tim knopp,Tim Knopp,R,wikipedia categories
tim mcginnis,Tim McGinnis,R,wikipedia categories
tim moore north carolina politician,Tim Moore,R,descriptor+roster
tim pawlenty,Tim Pawlenty,R,wikipedia categories
tim ryan florida politician,Tim Ryan,D,wikipedia categories
tim ryan ohio politician,Tim Ryan,D,descriptor+roster
tim scott,Tim Scott,R,descriptor+roster
tim sheehy,Tim Sheehy,R,descriptor+roster
tim walberg,Tim Walberg,R,descriptor+roster
tim walz,Tim Walz,D,wikipedia categories
tim wirth,Tim Wirth,D,descriptor+roster
timothy j degeeter,Timothy J. DeGeeter,D,wikipedia categories
timothy m kennedy politician,Tim Kennedy,D,wikipedia categories
tina davis,Tina Davis,D,wikipedia categories
tina kotek,Tina Kotek,D,wikipedia categories
tina liebling,Tina Liebling,D,wikipedia categories
tina smith,Tina Smith,D,descriptor+roster
tobias read,Tobias Read,D,wikipedia categories
toby overdorf,Toby Overdorf,R,wikipedia categories
todd gloria,Todd Gloria,D,wikipedia categories
todd hiett,Todd Hiett,R,wikipedia categories
todd jones politician,Todd Jones,R,wikipedia categories
todd kaminsky,Todd Kaminsky,D,wikipedia categories
todd rokita,Todd Rokita,R,wikipedia categories
todd russ,Todd Russ,R,wikipedia categories
todd rutherford,Todd Rutherford,D,wikipedia categories
todd taylor,Todd Taylor,D,wikipedia categories
todd tiahrt,Todd Tiahrt,R,descriptor+roster
todd weiler,Todd Weiler,R,wikipedia categories
todd young,Todd Young,R,descriptor+roster
tom apodaca,Tom Apodaca,R,wikipedia categories
tom barrett wisconsin politician,Tom Barrett,D,wikipedia categories
tom brinkman,Tom Brinkman,R,wikipedia categories
tom butler alabama politician,Tom Butler,D,wikipedia categories
tom carper,Tom Carper,D,descriptor+roster
tom coburn,Tom Coburn,R,wikipedia categories
tom cole,Tom Cole,R,descriptor+roster
tom corbett,Tom Corbett,R,wikipedia categories
tom cotton,Tom Cotton,R,descriptor+roster
tom davis south carolina politician,Tom Davis,R,wikipedia categories
tom delay,Tom DeLay,R,descriptor+roster
tom delnicki,Tom Delnicki,R,wikipedia categories
tom dermody,Tom Dermody,R,wikipedia categories
tom emmer,Tom Emmer,R,descriptor+roster
tom fabricio,Tom Fabricio,R,wikipedia categories
tom harkin,Tom Harkin,D,descriptor+roster
tom hucker,Tom Hucker,D,wikipedia categories
tom j dugger,Tom J. Dugger,R,wikipedia categories
tom kirby politician,Tom Kirby,R,wikipedia categories
tom lackey,Tom Lackey,R,wikipedia categories
tom lee florida politician,Tom Lee,R,wikipedia categories
tom lubnau,Tom Lubnau,R,wikipedia categories
tom malinowski,Tom Malinowski,D,descriptor+roster
tom marino,Tom Marino,R,descriptor+roster
tom mcclintock,Tom McClintock,R,descriptor+roster
tom mcmillen,Tom McMillen,D,descriptor+roster
tom mcmillin,Tom McMillin,R,wikipedia categories
tom moore politician,Thomas Moore,R,wikipedia categories
tom morrison illinois politician,Tom Morrison,R,wikipedia categories
tom nelson wisconsin politician,Tom Nelson,D,wikipedia categories
tom o dea politician,Tom O'Dea,R,wikipedia categories
tom o halleran,Tom O'Halleran,D,descriptor+roster
tom osborne,Tom Osborne,R,descriptor+roster
tom perriello,Tom Perriello,D,wikipedia categories
tom reed politician,Tom Reed,R,descriptor+roster
tom rice,Tom Rice,R,descriptor+roster
tom ridge,Tom Ridge,R,wikipedia categories
tom rossin,Tom Rossin,D,wikipedia categories
tom schamberg,Tom Schamberg,D,wikipedia categories
tom sherman politician,Tom Sherman,D,wikipedia categories
tom suozzi,Tom Suozzi,D,descriptor+roster
tom tancredo,Tom Tancredo,R,descriptor+roster
tom tiffany,Tom Tiffany,R,descriptor+roster
tom udall,Tom Udall,D,wikipedia categories
tom umberg,Tom Umberg,D,wikipedia categories
tom vilsack,Tom Vilsack,D,wikipedia categories
tom wolf,Tom Wolf,D,wikipedia categories
tom young jr,Tom Young,R,wikipedia categories
tommy pope politician,Tommy Pope,R,wikipedia categories
tommy thompson,Tommy Thompson,R,wikipedia categories
tommy tuberville,Tommy Tuberville,R,descriptor+roster
toni atkins,Toni Atkins,D,wikipedia categories
toni hasenbeck,Toni Hasenbeck,R,wikipedia categories
toni preckwinkle,Toni Preckwinkle,D,wikipedia categories
tony caplan,Tony Caplan,D,wikipedia categories
tony cardenas,Tony Cárdenas,D,descriptor+roster
tony coelho,Tony Coelho,D,descriptor+roster
tony earl,Tony Earl,D,wikipedia categories
tony gonzales,Tony Gonzales,R,descriptor+roster
tony hill politician,Tony Hill,D,wikipedia categories
tony knowles politician,Tony Knowles,D,wikipedia categories
tony perkins politician,Tony Perkins,R,wikipedia categories
tony ross politician,Tony Ross,R,wikipedia categories
tony tinderholt,Tony Tinderholt,R,wikipedia categories
tony wied,Tony Wied,R,descriptor+roster
tracey mann,Tracey Mann,R,descriptor+roster
traci koster,Traci Koster,R,wikipedia categories
travis moore politician,Travis Moore,R,wikipedia categories
travis tranel,Travis Tranel,R,wikipedia categories
trent franks,Trent Franks,R,descriptor+roster
trent kelly,Trent Kelly,R,descriptor+roster
trevor lee politician,Trevor Lee,R,wikipedia categories
trey kelley,Trey Kelley,R,wikipedia categories
tricia farley bouvier,Tricia Farley-Bouvier,D,wikipedia categories
troy balderson,Troy Balderson,R,descriptor+roster
troy carter politician,Troy Carter,D,descriptor+roster
troy downing,Troy Downing,R,descriptor+roster
troy jackson,Troy Jackson,D,wikipedia categories
troy nehls,Troy Nehls,R,descriptor+roster
tulsi gabbard,Tulsi Gabbard,D,descriptor+roster
tyler august,Tyler August,R,wikipedia categories
tyler harper,Tyler Harper,R,wikipedia categories
tyler olson politician,Tyler Olson,D,wikipedia categories
tyler sirois,Tyler Sirois,R,wikipedia categories
utah democratic party,Utah Democratic Party,D,wikipedia categories
utah republican party,Utah Republican Party,R,wikipedia categories
val demings,Val Demings,D,descriptor+roster
val hoyle,Val Hoyle,D,descriptor+roster
valerie foushee,Valerie Foushee,D,descriptor+roster
van h wanggaard,Van H. Wanggaard,R,wikipedia categories
van wanggaard,Van Wanggaard,R,wikipedia categories
vance wilkins,Vance Wilkins,R,wikipedia categories
vanessa gibson,Vanessa Gibson,D,wikipedia categories
velmanette montgomery,Velmanette Montgomery,D,wikipedia categories
vermont democratic party,Vermont Democratic Party,D,wikipedia categories
vern buchanan,Vern Buchanan,R,descriptor+roster
vernon jones,Vernon Jones,D,wikipedia categories
vernon smith indiana politician,Vernon Smith,D,wikipedia categories
veronica escobar,Veronica Escobar,D,descriptor+roster
vicente gonzalez american politician,Vicente Gonzalez,D,descriptor+roster
vicky hartzler,Vicky Hartzler,R,descriptor+roster
victor gaston,Victor Gaston,R,wikipedia categories
victoria spartz,Victoria Spartz,R,descriptor+roster
vince fong,Vince Fong,R,descriptor+roster
vincent b dixie,Vincent B. Dixie,D,wikipedia categories
vincent candelora,Vincent Candelora,R,wikipedia categories
vincent dixie,Vincent Dixie,D,wikipedia categories
vincent hughes,Vincent Hughes,D,wikipedia categories
virgil bernero,Virgil Bernero,D,wikipedia categories
virginia foxx,Virginia Foxx,R,descriptor+roster
wally horn,Wally Horn,D,wikipedia categories
walt brooks,Walt Brooks,R,wikipedia categories
walt minnick,Walt Minnick,D,wikipedia categories
warren davidson,Warren Davidson,R,descriptor+roster
washington state republican party,Washington State Republican Party,R,wikipedia categories
wayne allard,Wayne Allard,R,descriptor+roster
wayne allyn root,Wayne Allyn Root,L,wikipedia categories
wayne d fontana,Wayne Fontana,D,wikipedia categories
wayne gilchrest,Wayne Gilchrest,R,descriptor+roster
wayne r parry,Wayne R. Parry,R,wikipedia categories
wayne rosenthal politician,Wayne Rosenthal,R,wikipedia categories
wayne scott,Wayne Scott,R,wikipedia categories
wendell gilliard,Wendell Gilliard,D,wikipedia categories
wendell r beitzel,Wendell R. Beitzel,R,wikipedia categories
wendy davis politician,Wendy Davis,D,wikipedia categories
wes climer,Wes Climer,R,wikipedia categories
wesley bell,Wesley Bell,D,descriptor+roster
wesley hunt,Wesley Hunt,R,descriptor+roster
weston newton,Weston Newton,R,wikipedia categories
wiley nickel,Wiley Nickel,D,descriptor+roster
will barclay,Will Barclay,R,wikipedia categories
will brownsberger,Will Brownsberger,D,wikipedia categories
will davis illinois politician,Will Davis,D,wikipedia categories
will robinson florida politician,Will Robinson,R,wikipedia categories
william a barclay,William A. Barclay,R,wikipedia categories
william a marovitz,William Marovitz,D,wikipedia categories
william barclay new york politician,William Barclay,R,wikipedia categories
william brownsberger,William Brownsberger,D,wikipedia categories
william colton,William Colton,D,wikipedia categories
william dolan,William Dolan,D,wikipedia categories
william lamberth,William Lamberth,R,wikipedia categories
william m straus,William M. Straus,D,wikipedia categories
william s cogswell jr,William Cogswell,R,wikipedia categories
william timmons,William Timmons,R,descriptor+roster
william timmons politician,William Timmons,R,descriptor+roster
william tong,William Tong,D,wikipedia categories
willie brown politician,Willie Brown,D,wikipedia categories
wilton simpson,Wilton Simpson,R,wikipedia categories
winsome earle sears,Winsome Earle-Sears,R,wikipedia categories
winsome sears,Winsome Sears,R,wikipedia categories
winston gardner jr,Winston Gardner Jr.,D,wikipedia categories
working families party,Working Families Party,WF,wikipedia categories
wyoming republican party,Wyoming Republican Party,R,wikipedia categories
yassamin ansari,Yassamin Ansari,D,descriptor+roster
yusuf hakeem,Yusuf Hakeem,D,wikipedia categories
yvette clarke,Yvette Clarke,D,descriptor+roster
yvette herrell,Yvette Herrell,R,descriptor+roster
zach nunn,Zach Nunn,R,descriptor+roster
zach wamp,Zach Wamp,R,descriptor+roster
zack space,Zack Space,D,descriptor+roster
zoe lofgren,Zoe Lofgren,D,descriptor+roster
