as_of,version,pred_change_in_party,nat_dem_share,sigma_nat,p_dem_majority_vote
2025-02-25,approval_only,-3.9896397172911646,52.67263971729116,2.0106990038198616,0.9081105281089066
2025-02-25,course,-3.4355698499314222,52.11856984993142,1.9556946081379105,0.8606584867341565
2025-02-25,sentiment,-3.0544463913865174,51.73744639138652,1.984849060933865,0.8093094529508762
2025-02-25,sentiment_change,-4.0523679476846,52.7353679476846,1.9646484381975713,0.9180832842091916
2025-02-26,approval_only,-3.9896397172911646,52.67263971729116,2.0106990038198616,0.9081105281089066
2025-02-26,course,-3.4355698499314222,52.11856984993142,1.9556946081379105,0.8606584867341565
2025-02-26,sentiment,-3.0544463913865174,51.73744639138652,1.984849060933865,0.8093094529508762
2025-02-26,sentiment_change,-4.0523679476846,52.7353679476846,1.9646484381975713,0.9180832842091916
2025-02-27,approval_only,-3.9896397172911646,52.67263971729116,2.0106990038198616,0.9081105281089066
2025-02-27,course,-3.4355698499314222,52.11856984993142,1.9556946081379105,0.8606584867341565
2025-02-27,sentiment,-3.0544463913865174,51.73744639138652,1.984849060933865,0.8093094529508762
2025-02-27,sentiment_change,-4.0523679476846,52.7353679476846,1.9646484381975713,0.9180832842091916
2025-02-28,approval_only,-3.9896397172911646,52.67263971729116,2.0106990038198616,0.9081105281089066
2025-02-28,course,-3.405499770306278,52.08849977030628,1.9568640402882718,0.8570747445511939
2025-02-28,sentiment,-3.031389347839311,51.71438934783931,1.9890285369853897,0.8056350410303585
2025-02-28,sentiment_change,-3.9505058299839044,52.6335058299839,1.9512034467477912,0.9114411321866593
2025-03-01,approval_only,-3.9896397172911646,52.67263971729116,2.0106990038198616,0.9081105281089066
2025-03-01,course,-3.405499770306278,52.08849977030628,1.9568640402882718,0.8570747445511939
2025-03-01,sentiment,-3.031389347839311,51.71438934783931,1.9890285369853897,0.8056350410303585
2025-03-01,sentiment_change,-3.9505058299839044,52.6335058299839,1.9512034467477912,0.9114411321866593
2025-03-02,approval_only,-4.035395153760294,52.71839515376029,2.011095530477307,0.9117641346363904
2025-03-02,course,-3.446391694257356,52.12939169425736,1.9576598071203795,0.861641305347228
2025-03-02,sentiment,-3.0776709612539532,51.76067096125395,1.988463400363898,0.8120411202741906
2025-03-02,sentiment_change,-3.9918679569512365,52.67486795695124,1.9524443877682307,0.9146580796883724
2025-03-03,approval_only,-4.035395153760294,52.71839515376029,2.011095530477307,0.9117641346363904
2025-03-03,course,-3.4386410279019834,52.12164102790199,1.9581765541285108,0.8607018232816339
2025-03-03,sentiment,-3.0709214999842063,51.75392149998421,1.9890452154251155,0.8110549892096043
2025-03-03,sentiment_change,-3.9852357948706407,52.66823579487064,1.952769019746628,0.9140910431294005
2025-03-04,approval_only,-4.035395153760294,52.71839515376029,2.011095530477307,0.9117641346363904
2025-03-04,course,-3.4386410279019834,52.12164102790199,1.9581765541285108,0.8607018232816339
2025-03-04,sentiment,-3.0709214999842063,51.75392149998421,1.9890452154251155,0.8110549892096043
2025-03-04,sentiment_change,-3.9852357948706407,52.66823579487064,1.952769019746628,0.9140910431294005
2025-03-05,approval_only,-4.055004626532778,52.73800462653278,2.0112821523780506,0.9132941790602238
2025-03-05,course,-3.45616613816673,52.13916613816673,1.9585383533043552,0.8626330695810781
2025-03-05,sentiment,-3.09075647716191,51.77375647716191,1.9888299840395736,0.8137658184998655
2025-03-05,sentiment_change,-4.002962420713782,52.68596242071378,1.953321367750385,0.9154458268687165
2025-03-06,approval_only,-3.9765667354428427,52.659566735442844,2.0105957230325693,0.907044974193739
2025-03-06,course,-3.3860656971077416,52.06906569710774,1.9571604590663239,0.8547846713106648
2025-03-06,sentiment,-3.0114165684510956,51.694416568451096,1.9897826953933089,0.8027704373609953
2025-03-06,sentiment_change,-3.9320559173412146,52.615055917341216,1.9511777177767118,0.9099171250815891
2025-03-07,approval_only,-3.96349375359452,52.64649375359452,2.010496893555732,0.9059697135343311
2025-03-07,course,-3.3743822902645766,52.05738229026458,1.9569487887670693,0.8534445167483917
2025-03-07,sentiment,-2.9981932503326263,51.681193250332626,1.9899652662176859,0.8008986475249376
2025-03-07,sentiment_change,-3.9202381667791197,52.60323816677912,1.9508375040358672,0.9089670084995066
2025-03-08,approval_only,-3.96349375359452,52.64649375359452,2.010496893555732,0.9059697135343311
2025-03-08,course,-3.3743822902645766,52.05738229026458,1.9569487887670693,0.8534445167483917
2025-03-08,sentiment,-2.9981932503326263,51.681193250332626,1.9899652662176859,0.8008986475249376
2025-03-08,sentiment_change,-3.9202381667791197,52.60323816677912,1.9508375040358672,0.9089670084995066
2025-03-09,approval_only,-3.96349375359452,52.64649375359452,2.010496893555732,0.9059697135343311
2025-03-09,course,-3.3743822902645766,52.05738229026458,1.9569487887670693,0.8534445167483917
2025-03-09,sentiment,-2.9981932503326263,51.681193250332626,1.9899652662176859,0.8008986475249376
2025-03-09,sentiment_change,-3.9202381667791197,52.60323816677912,1.9508375040358672,0.9089670084995066
2025-03-10,approval_only,-3.96349375359452,52.64649375359452,2.010496893555732,0.9059697135343311
2025-03-10,course,-3.3667569233652967,52.049756923365294,1.9574583162188377,0.8524853230215412
2025-03-10,sentiment,-2.99155290275546,51.67455290275546,1.990537230437339,0.7998979458568135
2025-03-10,sentiment_change,-3.9137132220993642,52.59671322209937,1.9511535522136223,0.9083825443014685
2025-03-11,approval_only,-4.028858662836133,52.711858662836136,2.0110355470384973,0.9112493700907667
2025-03-11,course,-3.425173957581121,52.10817395758112,1.958572995568296,0.8591219168790192
2025-03-11,sentiment,-3.057669493347806,51.74066949334781,1.9896971614601922,0.8091699021166114
2025-03-11,sentiment_change,-3.9728019749098378,52.655801974909835,1.9529107908419663,0.9130723414780748
2025-03-12,approval_only,-4.041931644684456,52.72493164468445,2.0111566259147002,0.9122765206250139
2025-03-12,course,-3.436857364424286,52.119857364424284,1.9588113317771974,0.8604217650899697
2025-03-12,sentiment,-3.0708928114662752,51.75389281146627,1.989549535015984,0.810990634747711
2025-03-12,sentiment_change,-3.9846197254719327,52.66761972547193,1.9532768505710674,0.9139858014150011
2025-03-13,approval_only,-4.107296553926068,52.79029655392607,2.011828717010258,0.9172707913743157
2025-03-13,course,-3.4952743986401114,52.17827439864011,1.9600799115233958,0.8667845066279176
2025-03-13,sentiment,-3.137009402058622,51.82000940205862,1.988913422779494,0.8199244583142076
2025-03-13,sentiment_change,-4.043708478282407,52.726708478282404,1.9551800587679928,0.9184328611030358
2025-03-14,approval_only,-4.107296553926068,52.79029655392607,2.011828717010258,0.9172707913743157
2025-03-14,course,-3.4952743986401114,52.17827439864011,1.9600799115233958,0.8667845066279176
2025-03-14,sentiment,-3.137009402058622,51.82000940205862,1.988913422779494,0.8199244583142076
2025-03-14,sentiment_change,-4.043708478282407,52.726708478282404,1.9551800587679928,0.9184328611030358
2025-03-15,approval_only,-4.159588481319359,52.84258848131936,2.0124463711590397,0.9210991881761224
2025-03-15,course,-3.5420080260127706,52.22500802601277,1.961186932573956,0.8717119934269699
2025-03-15,sentiment,-3.1899026745324983,51.8729026745325,1.9885270321560276,0.8268663719763842
2025-03-15,sentiment_change,-4.090979480530787,52.773979480530784,1.9567899449658297,0.9218487518233266
2025-03-16,approval_only,-4.133442517622713,52.81644251762271,2.012128661810109,0.9192033284762002
2025-03-16,course,-3.5186412123264406,52.20164121232644,1.9606231921440918,0.8692662370118533
2025-03-16,sentiment,-3.1634560382955597,51.84645603829556,1.9887066112508607,0.8234182987468761
2025-03-16,sentiment_change,-4.067343979406596,52.750343979406594,1.9559753133644842,0.9201563578037503
2025-03-17,approval_only,-4.133442517622713,52.81644251762271,2.012128661810109,0.9192033284762002
2025-03-17,course,-3.504637506448028,52.18763750644803,1.9615993365989872,0.867624399460191
2025-03-17,sentiment,-3.1512612841769316,51.83426128417693,1.9897924962962377,0.821692796383295
2025-03-17,sentiment_change,-4.055361158464979,52.73836115846498,1.9566033418880162,0.9191757087360807
2025-03-18,approval_only,-4.133442517622713,52.81644251762271,2.012128661810109,0.9192033284762002
2025-03-18,course,-3.504637506448028,52.18763750644803,1.9615993365989872,0.867624399460191
2025-03-18,sentiment,-3.1512612841769316,51.83426128417693,1.9897924962962377,0.821692796383295
2025-03-18,sentiment_change,-4.055361158464979,52.73836115846498,1.9566033418880162,0.9191757087360807
2025-03-19,approval_only,-4.172661463167682,52.85566146316768,2.0126118849287558,0.9220334841847884
2025-03-19,course,-3.5396877269775233,52.222687726977526,1.9624579487311054,0.8713097064112588
2025-03-19,sentiment,-3.1909312385323396,51.873931238532336,1.9895385467150406,0.826876134466129
2025-03-19,sentiment_change,-4.090814410151265,52.77381441015127,1.957840604845352,0.9217252500735622
2025-03-20,approval_only,-4.172661463167682,52.85566146316768,2.0126118849287558,0.9220334841847884
2025-03-20,course,-3.5396877269775233,52.222687726977526,1.9624579487311054,0.8713097064112588
2025-03-20,sentiment,-3.1909312385323396,51.873931238532336,1.9895385467150406,0.826876134466129
2025-03-20,sentiment_change,-4.090814410151265,52.77381441015127,1.957840604845352,0.9217252500735622
2025-03-21,approval_only,-4.172661463167682,52.85566146316768,2.0126118849287558,0.9220334841847884
2025-03-21,course,-3.5396877269775233,52.222687726977526,1.9624579487311054,0.8713097064112588
2025-03-21,sentiment,-3.1909312385323396,51.873931238532336,1.9895385467150406,0.826876134466129
2025-03-21,sentiment_change,-4.090814410151265,52.77381441015127,1.957840604845352,0.9217252500735622
2025-03-22,approval_only,-4.172661463167682,52.85566146316768,2.0126118849287558,0.9220334841847884
2025-03-22,course,-3.5396877269775233,52.222687726977526,1.9624579487311054,0.8713097064112588
2025-03-22,sentiment,-3.1909312385323396,51.873931238532336,1.9895385467150406,0.826876134466129
2025-03-22,sentiment_change,-4.090814410151265,52.77381441015127,1.957840604845352,0.9217252500735622
2025-03-23,approval_only,-4.172661463167682,52.85566146316768,2.0126118849287558,0.9220334841847884
2025-03-23,course,-3.5396877269775233,52.222687726977526,1.9624579487311054,0.8713097064112588
2025-03-23,sentiment,-3.1909312385323396,51.873931238532336,1.9895385467150406,0.826876134466129
2025-03-23,sentiment_change,-4.090814410151265,52.77381441015127,1.957840604845352,0.9217252500735622
2025-03-24,approval_only,-4.146515499471036,52.829515499471036,2.012285296430804,0.9201558190726099
2025-03-24,course,-3.4996978521163937,52.18269785211639,1.9630697066808387,0.8669051152918834
2025-03-24,sentiment,-3.150008852412787,51.83300885241279,1.9910131980830212,0.8213811172554996
2025-03-24,sentiment_change,-4.0529547338488285,52.73595473384883,1.957780411296076,0.9188650365348453
2025-03-25,approval_only,-4.159588481319359,52.84258848131936,2.0124463711590397,0.9210991881761224
2025-03-25,course,-3.5113812589595588,52.19438125895956,1.9633580157844912,0.8681454656440519
2025-03-25,sentiment,-3.1632321705312565,51.84623217053126,1.9909306057018612,0.8231201064018845
2025-03-25,sentiment_change,-4.064772484410924,52.74777248441092,1.958196014545276,0.919723819577963
2025-03-26,approval_only,-4.1399790085468755,52.822979008546874,2.0122064240415196,0.919680716969262
2025-03-26,course,-3.493856148694811,52.17685614869481,1.96292746674315,0.866281567148548
2025-03-26,sentiment,-3.143397193353553,51.82639719335355,1.9910570447834455,0.820507345791025
2025-03-26,sentiment_change,-4.047045858567782,52.730045858567784,1.9575744227291583,0.9184327210539249
2025-03-27,approval_only,-4.1399790085468755,52.822979008546874,2.0122064240415196,0.919680716969262
2025-03-27,course,-3.493856148694811,52.17685614869481,1.96292746674315,0.866281567148548
2025-03-27,sentiment,-3.143397193353553,51.82639719335355,1.9910570447834455,0.820507345791025
2025-03-27,sentiment_change,-4.047045858567782,52.730045858567784,1.9575744227291583,0.9184327210539249
2025-03-28,approval_only,-4.172661463167682,52.85566146316768,2.0126118849287558,0.9220334841847884
2025-03-28,course,-3.523064665802724,52.20606466580272,1.9636514286476339,0.8693768383121154
2025-03-28,sentiment,-3.176455488649726,51.85945548864973,1.9908548153784253,0.8248476766498697
2025-03-28,sentiment_change,-4.076590234973019,52.75959023497302,1.958616450046454,0.9205748412276571
2025-03-29,approval_only,-4.172661463167682,52.85566146316768,2.0126118849287558,0.9220334841847884
2025-03-29,course,-3.523064665802724,52.20606466580272,1.9636514286476339,0.8693768383121154
2025-03-29,sentiment,-3.176455488649726,51.85945548864973,1.9908548153784253,0.8248476766498697
2025-03-29,sentiment_change,-4.076590234973019,52.75959023497302,1.958616450046454,0.9205748412276571
2025-03-30,approval_only,-4.185734445016004,52.868734445016,2.0127818366448667,0.9229587559133425
2025-03-30,course,-3.534748072645888,52.21774807264589,1.9639499429827707,0.8705992541517629
2025-03-30,sentiment,-3.1896788067681943,51.87267880676819,1.990785827889588,0.8265638126910586
2025-03-30,sentiment_change,-4.088407985535113,52.77140798553511,1.95904171468842,0.9214181446948451
2025-03-31,approval_only,-4.159588481319359,52.84258848131936,2.0124463711590397,0.9210991881761224
2025-03-31,course,-3.4762505789835787,52.15925057898358,1.965523946847269,0.8640204932004909
2025-03-31,sentiment,-3.1140311951267377,51.797031195126735,1.9989882826038867,0.8156657729166752
2025-03-31,sentiment_change,-3.9486508727291527,52.63165087272915,1.9475231458600197,0.9116972695617905
2025-04-01,approval_only,-4.159588481319359,52.84258848131936,2.0124463711590397,0.9210991881761224
2025-04-01,course,-3.4762505789835787,52.15925057898358,1.965523946847269,0.8640204932004909
2025-04-01,sentiment,-3.1140311951267377,51.797031195126735,1.9989882826038867,0.8156657729166752
2025-04-01,sentiment_change,-3.9486508727291527,52.63165087272915,1.9475231458600197,0.9116972695617905
2025-04-02,approval_only,-4.179197954091842,52.86219795409184,2.0126963061130874,0.9224972450172378
2025-04-02,course,-3.4937756892483254,52.17677568924832,1.9659550362903735,0.8659039915638903
2025-04-02,sentiment,-3.133866172304441,51.816866172304444,1.9988277657145346,0.818315922922475
2025-04-02,sentiment_change,-3.966377498572294,52.64937749857229,1.9481276519227788,0.9130788564769798
2025-04-03,approval_only,-4.179197954091842,52.86219795409184,2.0126963061130874,0.9224972450172378
2025-04-03,course,-3.4937756892483254,52.17677568924832,1.9659550362903735,0.8659039915638903
2025-04-03,sentiment,-3.133866172304441,51.816866172304444,1.9988277657145346,0.818315922922475
2025-04-03,sentiment_change,-3.966377498572294,52.64937749857229,1.9481276519227788,0.9130788564769798
2025-04-04,approval_only,-4.231489881485133,52.91448988148513,2.013411599989177,0.9261268548391746
2025-04-04,course,-3.5405093166209847,52.223509316620984,1.967160653017092,0.8708280409511695
2025-04-04,sentiment,-3.1867594447783176,51.86975944477832,1.9984742338189598,0.8252587312397067
2025-04-04,sentiment_change,-4.013648500820674,52.69664850082067,1.9497931222547107,0.9166742199251786
2025-04-05,approval_only,-4.231489881485133,52.91448988148513,2.013411599989177,0.9261268548391746
2025-04-05,course,-3.5405093166209847,52.223509316620984,1.967160653017092,0.8708280409511695
2025-04-05,sentiment,-3.1867594447783176,51.86975944477832,1.9984742338189598,0.8252587312397067
2025-04-05,sentiment_change,-4.013648500820674,52.69664850082067,1.9497931222547107,0.9166742199251786
2025-04-06,approval_only,-4.224953390560972,52.90795339056097,2.0133183080861223,0.925680919543265
2025-04-06,course,-3.534667613199403,52.2176676131994,1.967005496197637,0.8702203491861947
2025-04-06,sentiment,-3.1801477857190834,51.863147785719086,1.9985124967632464,0.8244007904941968
2025-04-06,sentiment_change,-4.007739625539626,52.69073962553963,1.9495806909413933,0.9162318070482284
2025-04-07,approval_only,-4.224953390560972,52.90795339056097,2.0133183080861223,0.925680919543265
2025-04-07,course,-3.523348895665807,52.206348895665805,1.9678898177132476,0.8688933136522737
2025-04-07,sentiment,-3.170291182155794,51.85329118215579,1.999455718356762,0.8230102100279026
2025-04-07,sentiment_change,-3.9980543203303185,52.68105432033032,1.9501762143864843,0.9153994593105435
2025-04-08,approval_only,-4.257635845181778,52.94063584518178,2.01379584768916,0.9278886600526717
2025-04-08,course,-3.5525574127737185,52.235557412773716,1.96868183016852,0.8719297354277318
2025-04-08,sentiment,-3.203349477451968,51.886349477451965,1.999284822266763,0.8272904926192298
2025-04-08,sentiment_change,-4.027598696735556,52.71059869673556,1.9512558744981559,0.917607332464738
2025-04-09,approval_only,-4.323000754423391,53.00600075442339,2.014833970645691,0.9321418701171545
2025-04-09,course,-3.6109744469895437,52.293974446989544,1.9703610627884656,0.8778367498229811
2025-04-09,sentiment,-3.2694660680443137,51.952466068044316,1.9990700685168454,0.8356379731353041
2025-04-09,sentiment_change,-4.08668744954603,52.769687449546026,1.9535059062031548,0.9218759243745813
2025-04-10,approval_only,-4.323000754423391,53.00600075442339,2.014833970645691,0.9321418701171545
2025-04-10,course,-3.6109744469895437,52.293974446989544,1.9703610627884656,0.8778367498229811
2025-04-10,sentiment,-3.2694660680443137,51.952466068044316,1.9990700685168454,0.8356379731353041
2025-04-10,sentiment_change,-4.08668744954603,52.769687449546026,1.9535059062031548,0.9218759243745813
2025-04-11,approval_only,-4.323000754423391,53.00600075442339,2.014833970645691,0.9321418701171545
2025-04-11,course,-3.6109744469895437,52.293974446989544,1.9703610627884656,0.8778367498229811
2025-04-11,sentiment,-3.2694660680443137,51.952466068044316,1.9990700685168454,0.8356379731353041
2025-04-11,sentiment_change,-4.08668744954603,52.769687449546026,1.9535059062031548,0.9218759243745813
2025-04-12,approval_only,-4.368756190892521,53.05175619089252,2.0156264630435095,0.9349932284758734
2025-04-12,course,-3.6518663709406205,52.33486637094062,1.9716119150097395,0.8818414332182042
2025-04-12,sentiment,-3.315747681458956,51.99874768145896,1.9990205475934626,0.8413117148310263
2025-04-12,sentiment_change,-4.128049576513362,52.81104957651336,1.9551527101489807,0.9247495877585652
2025-04-13,approval_only,-4.368756190892521,53.05175619089252,2.0156264630435095,0.9349932284758734
2025-04-13,course,-3.6518663709406205,52.33486637094062,1.9716119150097395,0.8818414332182042
2025-04-13,sentiment,-3.315747681458956,51.99874768145896,1.9990205475934626,0.8413117148310263
2025-04-13,sentiment_change,-4.128049576513362,52.81104957651336,1.9551527101489807,0.9247495877585652
2025-04-14,approval_only,-4.368756190892521,53.05175619089252,2.0156264630435095,0.9349932284758734
2025-04-14,course,-3.637779132091481,52.32077913209148,1.9727513708906483,0.8802859484796893
2025-04-14,sentiment,-3.303480184878608,51.98648018487861,2.0002279903499898,0.8396759371525806
2025-04-14,sentiment_change,-4.115995277304519,52.79899527730452,1.955937778464679,0.9237884322073037
2025-04-15,approval_only,-4.368756190892521,53.05175619089252,2.0156264630435095,0.9349932284758734
2025-04-15,course,-3.637779132091481,52.32077913209148,1.9727513708906483,0.8802859484796893
2025-04-15,sentiment,-3.303480184878608,51.98648018487861,2.0002279903499898,0.8396759371525806
2025-04-15,sentiment_change,-4.115995277304519,52.79899527730452,1.955937778464679,0.9237884322073037
2025-04-16,approval_only,-4.368756190892521,53.05175619089252,2.0156264630435095,0.9349932284758734
2025-04-16,course,-3.637779132091481,52.32077913209148,1.9727513708906483,0.8802859484796893
2025-04-16,sentiment,-3.303480184878608,51.98648018487861,2.0002279903499898,0.8396759371525806
2025-04-16,sentiment_change,-4.115995277304519,52.79899527730452,1.955937778464679,0.9237884322073037
2025-04-17,approval_only,-4.368756190892521,53.05175619089252,2.0156264630435095,0.9349932284758734
2025-04-17,course,-3.637779132091481,52.32077913209148,1.9727513708906483,0.8802859484796893
2025-04-17,sentiment,-3.303480184878608,51.98648018487861,2.0002279903499898,0.8396759371525806
2025-04-17,sentiment_change,-4.115995277304519,52.79899527730452,1.955937778464679,0.9237884322073037
2025-04-18,approval_only,-4.368756190892521,53.05175619089252,2.0156264630435095,0.9349932284758734
2025-04-18,course,-3.637779132091481,52.32077913209148,1.9727513708906483,0.8802859484796893
2025-04-18,sentiment,-3.303480184878608,51.98648018487861,2.0002279903499898,0.8396759371525806
2025-04-18,sentiment_change,-4.115995277304519,52.79899527730452,1.955937778464679,0.9237884322073037
2025-04-19,approval_only,-4.368756190892521,53.05175619089252,2.0156264630435095,0.9349932284758734
2025-04-19,course,-3.637779132091481,52.32077913209148,1.9727513708906483,0.8802859484796893
2025-04-19,sentiment,-3.303480184878608,51.98648018487861,2.0002279903499898,0.8396759371525806
2025-04-19,sentiment_change,-4.115995277304519,52.79899527730452,1.955937778464679,0.9237884322073037
2025-04-20,approval_only,-4.368756190892521,53.05175619089252,2.0156264630435095,0.9349932284758734
2025-04-20,course,-3.637779132091481,52.32077913209148,1.9727513708906483,0.8802859484796893
2025-04-20,sentiment,-3.303480184878608,51.98648018487861,2.0002279903499898,0.8396759371525806
2025-04-20,sentiment_change,-4.115995277304519,52.79899527730452,1.955937778464679,0.9237884322073037
2025-04-21,approval_only,-4.353068612674533,53.036068612674534,2.0153486511620784,0.9340271214744132
2025-04-21,course,-3.6060082876000594,52.28900828760006,1.9737778161884854,0.8769163879304624
2025-04-21,sentiment,-3.272154430020586,51.955154430020585,2.001775586333725,0.8356436528572913
2025-04-21,sentiment_change,-4.086624844844189,52.76962484484419,1.9563715167943836,0.9215675488831516
2025-04-22,approval_only,-4.385751067295339,53.06875106729534,2.0159346051834346,0.9360264398728871
2025-04-22,course,-3.635216804707972,52.31821680470797,1.9747036883889748,0.8797938333451507
2025-04-22,sentiment,-3.3052127253167587,51.98821272531676,2.0017802540268868,0.8396991757724399
2025-04-22,sentiment_change,-4.116169221249426,52.79916922124943,1.9575843922546192,0.923628553908126
2025-04-23,approval_only,-4.418433521916145,53.10143352191614,2.016548159367158,0.9379746288027628
2025-04-23,course,-3.6644253218158838,52.347425321815884,1.9756610944486066,0.8826171864417514
2025-04-23,sentiment,-3.3382710206129316,52.02127102061293,2.001827223221061,0.8436835997831282
2025-04-23,sentiment_change,-4.145713597654662,52.82871359765466,1.9588272663524782,0.9256425042090151
2025-04-24,approval_only,-4.418433521916145,53.10143352191614,2.016548159367158,0.9379746288027628
2025-04-24,course,-3.6644253218158838,52.347425321815884,1.9756610944486066,0.8826171864417514
2025-04-24,sentiment,-3.3382710206129316,52.02127102061293,2.001827223221061,0.8436835997831282
2025-04-24,sentiment_change,-4.145713597654662,52.82871359765466,1.9588272663524782,0.9256425042090151
2025-04-25,approval_only,-4.49033492208192,53.17333492208192,2.0179950054073212,0.9420848493613242
2025-04-25,course,-3.7286840594532915,52.41168405945329,1.9778781590683963,0.888640313760335
2025-04-25,sentiment,-3.4109992702645133,52.09399927026451,2.0020794380960494,0.8521992098903417
2025-04-25,sentiment_change,-4.210711225746185,52.89371122574619,1.9616669015446586,0.9299110325490637
2025-04-26,approval_only,-4.49033492208192,53.17333492208192,2.0179950054073212,0.9420848493613242
2025-04-26,course,-3.7286840594532915,52.41168405945329,1.9778781590683963,0.888640313760335
2025-04-26,sentiment,-3.4109992702645133,52.09399927026451,2.0020794380960494,0.8521992098903417
2025-04-26,sentiment_change,-4.210711225746185,52.89371122574619,1.9616669015446586,0.9299110325490637
2025-04-27,approval_only,-4.49033492208192,53.17333492208192,2.0179950054073212,0.9420848493613242
2025-04-27,course,-3.7286840594532915,52.41168405945329,1.9778781590683963,0.888640313760335
2025-04-27,sentiment,-3.4109992702645133,52.09399927026451,2.0020794380960494,0.8521992098903417
2025-04-27,sentiment_change,-4.210711225746185,52.89371122574619,1.9616669015446586,0.9299110325490637
2025-04-28,approval_only,-4.549163340399371,53.23216334039937,2.0192778575738393,0.9452731116438791
2025-04-28,course,-3.762494305037646,52.44549430503765,1.981424230556603,0.8914377352734729
2025-04-28,sentiment,-3.454163127360861,52.137163127360864,2.004129219160334,0.8568740292133598
2025-04-28,sentiment_change,-4.247834021102035,52.93083402110204,1.965243274156709,0.93206308054853
2025-04-29,approval_only,-4.575309304096017,53.25830930409602,2.019876586221228,0.9466411020698864
2025-04-29,course,-3.785861118723976,52.46886111872398,1.9823175848257468,0.8935152960500754
2025-04-29,sentiment,-3.4806097635977995,52.1636097635978,2.004336860000385,0.8598095641428043
2025-04-29,sentiment_change,-4.271469522226225,52.954469522226226,1.9663613601399088,0.9335167458125381
2025-04-30,approval_only,-4.575309304096017,53.25830930409602,2.019876586221228,0.9466411020698864
2025-04-30,course,-3.779598800987835,52.462598800987834,1.9826839036791961,0.8928915249087692
2025-04-30,sentiment,-3.4099242130187584,52.09292421301876,2.0169453798743118,0.8502881996325498
2025-04-30,sentiment_change,-4.082076784326443,52.76507678432644,1.9524525933758066,0.921642528087993
2025-05-01,approval_only,-4.575309304096017,53.25830930409602,2.019876586221228,0.9466411020698864
2025-05-01,course,-3.779598800987835,52.462598800987834,1.9826839036791961,0.8928915249087692
2025-05-01,sentiment,-3.4099242130187584,52.09292421301876,2.0169453798743118,0.8502881996325498
2025-05-01,sentiment_change,-4.082076784326443,52.76507678432644,1.9524525933758066,0.921642528087993
2025-05-02,approval_only,-4.575309304096017,53.25830930409602,2.019876586221228,0.9466411020698864
2025-05-02,course,-3.779598800987835,52.462598800987834,1.9826839036791961,0.8928915249087692
2025-05-02,sentiment,-3.4099242130187584,52.09292421301876,2.0169453798743118,0.8502881996325498
2025-05-02,sentiment_change,-4.082076784326443,52.76507678432644,1.9524525933758066,0.921642528087993
2025-05-03,approval_only,-4.575309304096017,53.25830930409602,2.019876586221228,0.9466411020698864
2025-05-03,course,-3.779598800987835,52.462598800987834,1.9826839036791961,0.8928915249087692
2025-05-03,sentiment,-3.4099242130187584,52.09292421301876,2.0169453798743118,0.8502881996325498
2025-05-03,sentiment_change,-4.082076784326443,52.76507678432644,1.9524525933758066,0.921642528087993
2025-05-04,approval_only,-4.575309304096017,53.25830930409602,2.019876586221228,0.9466411020698864
2025-05-04,course,-3.779598800987835,52.462598800987834,1.9826839036791961,0.8928915249087692
2025-05-04,sentiment,-3.4099242130187584,52.09292421301876,2.0169453798743118,0.8502881996325498
2025-05-04,sentiment_change,-4.082076784326443,52.76507678432644,1.9524525933758066,0.921642528087993
2025-05-05,approval_only,-4.575309304096017,53.25830930409602,2.019876586221228,0.9466411020698864
2025-05-05,course,-3.7598909865368784,52.44289098653688,1.9844458454836351,0.8908421629693156
2025-05-05,sentiment,-3.392762187942564,52.075762187942566,2.01880893908776,0.8480747807696505
2025-05-05,sentiment_change,-4.065213018851299,52.7482130188513,1.9537993621065821,0.9202268950829258
2025-05-06,approval_only,-4.575309304096017,53.25830930409602,2.019876586221228,0.9466411020698864
2025-05-06,course,-3.7598909865368784,52.44289098653688,1.9844458454836351,0.8908421629693156
2025-05-06,sentiment,-3.392762187942564,52.075762187942566,2.01880893908776,0.8480747807696505
2025-05-06,sentiment_change,-4.065213018851299,52.7482130188513,1.9537993621065821,0.9202268950829258
2025-05-07,approval_only,-4.568772813171855,53.251772813171854,2.0197252571063715,0.9463018905774614
2025-05-07,course,-3.754049283115295,52.43704928311529,1.984220716243884,0.8903168309563542
2025-05-07,sentiment,-3.386150528883329,52.06915052888333,2.0187852827155663,0.8473062069215649
2025-05-07,sentiment_change,-4.059304143570252,52.74230414357025,1.9535352344554957,0.919805561594663
2025-05-08,approval_only,-4.568772813171855,53.251772813171854,2.0197252571063715,0.9463018905774614
2025-05-08,course,-3.754049283115295,52.43704928311529,1.984220716243884,0.8903168309563542
2025-05-08,sentiment,-3.386150528883329,52.06915052888333,2.0187852827155663,0.8473062069215649
2025-05-08,sentiment_change,-4.059304143570252,52.74230414357025,1.9535352344554957,0.919805561594663
2025-05-09,approval_only,-4.568772813171855,53.251772813171854,2.0197252571063715,0.9463018905774614
2025-05-09,course,-3.754049283115295,52.43704928311529,1.984220716243884,0.8903168309563542
2025-05-09,sentiment,-3.386150528883329,52.06915052888333,2.0187852827155663,0.8473062069215649
2025-05-09,sentiment_change,-4.059304143570252,52.74230414357025,1.9535352344554957,0.919805561594663
2025-05-10,approval_only,-4.568772813171855,53.251772813171854,2.0197252571063715,0.9463018905774614
2025-05-10,course,-3.754049283115295,52.43704928311529,1.984220716243884,0.8903168309563542
2025-05-10,sentiment,-3.386150528883329,52.06915052888333,2.0187852827155663,0.8473062069215649
2025-05-10,sentiment_change,-4.059304143570252,52.74230414357025,1.9535352344554957,0.919805561594663
2025-05-11,approval_only,-4.5543925331387,53.2373925331387,2.0193961976743227,0.9455490937428748
2025-05-11,course,-3.7411975355878138,52.424197535587815,1.9837298247046256,0.8891537820197302
2025-05-11,sentiment,-3.371604878953013,52.054604878953015,2.0187391438234172,0.8456055092719464
2025-05-11,sentiment_change,-4.046304617951947,52.72930461795195,1.9529583704130173,0.9188718514336269
2025-05-12,approval_only,-4.5543925331387,53.2373925331387,2.0193961976743227,0.9455490937428748
2025-05-12,course,-3.7229336482022912,52.40593364820229,1.985397053006035,0.8872083702957234
2025-05-12,sentiment,-3.3557002592865786,52.03870025928658,2.0204905776775495,0.8435156815208608
2025-05-12,sentiment_change,-4.030676405381735,52.71367640538173,1.9542290238598363,0.9175254366664609
2025-05-13,approval_only,-4.5543925331387,53.2373925331387,2.0193961976743227,0.9455490937428748
2025-05-13,course,-3.7229336482022912,52.40593364820229,1.985397053006035,0.8872083702957234
2025-05-13,sentiment,-3.3557002592865786,52.03870025928658,2.0204905776775495,0.8435156815208608
2025-05-13,sentiment_change,-4.030676405381735,52.71367640538173,1.9542290238598363,0.9175254366664609
2025-05-14,approval_only,-4.5543925331387,53.2373925331387,2.0193961976743227,0.9455490937428748
2025-05-14,course,-3.7229336482022912,52.40593364820229,1.985397053006035,0.8872083702957234
2025-05-14,sentiment,-3.3557002592865786,52.03870025928658,2.0204905776775495,0.8435156815208608
2025-05-14,sentiment_change,-4.030676405381735,52.71367640538173,1.9542290238598363,0.9175254366664609
2025-05-15,approval_only,-4.5543925331387,53.2373925331387,2.0193961976743227,0.9455490937428748
2025-05-15,course,-3.7229336482022912,52.40593364820229,1.985397053006035,0.8872083702957234
2025-05-15,sentiment,-3.3557002592865786,52.03870025928658,2.0204905776775495,0.8435156815208608
2025-05-15,sentiment_change,-4.030676405381735,52.71367640538173,1.9542290238598363,0.9175254366664609
2025-05-16,approval_only,-4.5543925331387,53.2373925331387,2.0193961976743227,0.9455490937428748
2025-05-16,course,-3.7229336482022912,52.40593364820229,1.985397053006035,0.8872083702957234
2025-05-16,sentiment,-3.3557002592865786,52.03870025928658,2.0204905776775495,0.8435156815208608
2025-05-16,sentiment_change,-4.030676405381735,52.71367640538173,1.9542290238598363,0.9175254366664609
2025-05-17,approval_only,-4.5543925331387,53.2373925331387,2.0193961976743227,0.9455490937428748
2025-05-17,course,-3.7229336482022912,52.40593364820229,1.985397053006035,0.8872083702957234
2025-05-17,sentiment,-3.3557002592865786,52.03870025928658,2.0204905776775495,0.8435156815208608
2025-05-17,sentiment_change,-4.030676405381735,52.71367640538173,1.9542290238598363,0.9175254366664609
2025-05-18,approval_only,-4.5543925331387,53.2373925331387,2.0193961976743227,0.9455490937428748
2025-05-18,course,-3.7229336482022912,52.40593364820229,1.985397053006035,0.8872083702957234
2025-05-18,sentiment,-3.3557002592865786,52.03870025928658,2.0204905776775495,0.8435156815208608
2025-05-18,sentiment_change,-4.030676405381735,52.71367640538173,1.9542290238598363,0.9175254366664609
2025-05-19,approval_only,-4.5543925331387,53.2373925331387,2.0193961976743227,0.9455490937428748
2025-05-19,course,-3.707885780189784,52.390885780189784,1.9867979281240113,0.8855866028001208
2025-05-19,sentiment,-3.342596224396429,52.02559622439643,2.021953670149869,0.8417802642454226
2025-05-19,sentiment_change,-4.017800106099777,52.70080010609978,1.9552960734039844,0.9164026728778336
2025-05-20,approval_only,-4.475954642048766,53.15895464204877,2.017694972703928,0.9412818383030888
2025-05-20,course,-3.6377853391307955,52.320785339130794,1.9842037199111664,0.8789251663321656
2025-05-20,sentiment,-3.263256315685614,51.946256315685616,2.0218214215869597,0.8321321848736676
2025-05-20,sentiment_change,-3.9468936027272097,52.62989360272721,1.9522151374517518,0.9110313130451462
2025-05-21,approval_only,-4.475954642048766,53.15895464204877,2.017694972703928,0.9412818383030888
2025-05-21,course,-3.6377853391307955,52.320785339130794,1.9842037199111664,0.8789251663321656
2025-05-21,sentiment,-3.263256315685614,51.946256315685616,2.0218214215869597,0.8321321848736676
2025-05-21,sentiment_change,-3.9468936027272097,52.62989360272721,1.9522151374517518,0.9110313130451462
2025-05-22,approval_only,-4.475954642048766,53.15895464204877,2.017694972703928,0.9412818383030888
2025-05-22,course,-3.6377853391307955,52.320785339130794,1.9842037199111664,0.8789251663321656
2025-05-22,sentiment,-3.263256315685614,51.946256315685616,2.0218214215869597,0.8321321848736676
2025-05-22,sentiment_change,-3.9468936027272097,52.62989360272721,1.9522151374517518,0.9110313130451462
2025-05-23,approval_only,-4.371370787262184,53.05437078726219,2.015673383624482,0.9351530887032516
2025-05-23,course,-3.544318084385475,52.22731808438547,1.9810251642509555,0.8695626223150172
2025-05-23,sentiment,-3.15746977073786,51.84046977073786,2.022020343978325,0.8186449791950341
2025-05-23,sentiment_change,-3.8523515982304506,52.53535159823045,1.9483766555013542,0.90341587696296
2025-05-24,approval_only,-4.371370787262184,53.05437078726219,2.015673383624482,0.9351530887032516
2025-05-24,course,-3.544318084385475,52.22731808438547,1.9810251642509555,0.8695626223150172
2025-05-24,sentiment,-3.15746977073786,51.84046977073786,2.022020343978325,0.8186449791950341
2025-05-24,sentiment_change,-3.8523515982304506,52.53535159823045,1.9483766555013542,0.90341587696296
2025-05-25,approval_only,-4.371370787262184,53.05437078726219,2.015673383624482,0.9351530887032516
2025-05-25,course,-3.544318084385475,52.22731808438547,1.9810251642509555,0.8695626223150172
2025-05-25,sentiment,-3.15746977073786,51.84046977073786,2.022020343978325,0.8186449791950341
2025-05-25,sentiment_change,-3.8523515982304506,52.53535159823045,1.9483766555013542,0.90341587696296
2025-05-26,approval_only,-4.384443769110507,53.067443769110504,2.015910636935575,0.9359474544304823
2025-05-26,course,-3.542087284961722,52.225087284961724,1.982701126824567,0.8691220219285485
2025-05-26,sentiment,-3.1585762730895466,51.841576273089544,2.0233195383218163,0.8186350708687522
2025-05-26,sentiment_change,-3.852263111708673,52.53526311170867,1.9498091806396305,0.9032444350585884
2025-05-27,approval_only,-4.384443769110507,53.067443769110504,2.015910636935575,0.9359474544304823
2025-05-27,course,-3.542087284961722,52.225087284961724,1.982701126824567,0.8691220219285485
2025-05-27,sentiment,-3.1585762730895466,51.841576273089544,2.0233195383218163,0.8186350708687522
2025-05-27,sentiment_change,-3.852263111708673,52.53526311170867,1.9498091806396305,0.9032444350585884
2025-05-28,approval_only,-4.384443769110507,53.067443769110504,2.015910636935575,0.9359474544304823
2025-05-28,course,-3.542087284961722,52.225087284961724,1.982701126824567,0.8691220219285485
2025-05-28,sentiment,-3.1585762730895466,51.841576273089544,2.0233195383218163,0.8186350708687522
2025-05-28,sentiment_change,-3.852263111708673,52.53526311170867,1.9498091806396305,0.9032444350585884
2025-05-29,approval_only,-4.384443769110507,53.067443769110504,2.015910636935575,0.9359474544304823
2025-05-29,course,-3.542087284961722,52.225087284961724,1.982701126824567,0.8691220219285485
2025-05-29,sentiment,-3.1585762730895466,51.841576273089544,2.0233195383218163,0.8186350708687522
2025-05-29,sentiment_change,-3.852263111708673,52.53526311170867,1.9498091806396305,0.9032444350585884
2025-05-30,approval_only,-4.384443769110507,53.067443769110504,2.015910636935575,0.9359474544304823
2025-05-30,course,-3.542087284961722,52.225087284961724,1.982701126824567,0.8691220219285485
2025-05-30,sentiment,-3.1585762730895466,51.841576273089544,2.0233195383218163,0.8186350708687522
2025-05-30,sentiment_change,-3.852263111708673,52.53526311170867,1.9498091806396305,0.9032444350585884
2025-05-31,approval_only,-4.384443769110507,53.067443769110504,2.015910636935575,0.9359474544304823
2025-05-31,course,-3.545154542628403,52.2281545426284,1.9824759203727806,0.8694776091695449
2025-05-31,sentiment,-3.0797128548484425,51.762712854848445,2.040818375847084,0.8061314543882201
2025-05-31,sentiment_change,-3.669094012166166,52.35209401216616,1.9461037972821142,0.8865949769583883
2025-06-01,approval_only,-4.384443769110507,53.067443769110504,2.015910636935575,0.9359474544304823
2025-06-01,course,-3.545154542628403,52.2281545426284,1.9824759203727806,0.8694776091695449
2025-06-01,sentiment,-3.0797128548484425,51.762712854848445,2.040818375847084,0.8061314543882201
2025-06-01,sentiment_change,-3.669094012166166,52.35209401216616,1.9461037972821142,0.8865949769583883
2025-06-02,approval_only,-4.384443769110507,53.067443769110504,2.015910636935575,0.9359474544304823
2025-06-02,course,-3.5331019282805567,52.21610192828056,1.9836110934656703,0.8680468411860488
2025-06-02,sentiment,-3.069217156800028,51.75221715680003,2.0420307493635423,0.8045746937584155
2025-06-02,sentiment_change,-3.65878071932336,52.34178071932336,1.9470154780849962,0.8854642412485414
2025-06-03,approval_only,-4.387058365480172,53.07005836548017,2.0159586175917017,0.9361053435070891
2025-06-03,course,-3.5354386096491908,52.21843860964919,1.9836884963785095,0.8682891401692082
2025-06-03,sentiment,-3.071861820423722,51.75486182042372,2.0420086596043774,0.8049346064015285
2025-06-03,sentiment_change,-3.6611442694357796,52.34414426943578,1.947101640899687,0.8856887234291039
2025-06-04,approval_only,-4.387058365480172,53.07005836548017,2.0159586175917017,0.9361053435070891
2025-06-04,course,-3.5354386096491908,52.21843860964919,1.9836884963785095,0.8682891401692082
2025-06-04,sentiment,-3.071861820423722,51.75486182042372,2.0420086596043774,0.8049346064015285
2025-06-04,sentiment_change,-3.6611442694357796,52.34414426943578,1.947101640899687,0.8856887234291039
2025-06-05,approval_only,-4.387058365480172,53.07005836548017,2.0159586175917017,0.9361053435070891
2025-06-05,course,-3.5354386096491908,52.21843860964919,1.9836884963785095,0.8682891401692082
2025-06-05,sentiment,-3.071861820423722,51.75486182042372,2.0420086596043774,0.8049346064015285
2025-06-05,sentiment_change,-3.6611442694357796,52.34414426943578,1.947101640899687,0.8856887234291039
2025-06-06,approval_only,-4.392287558219501,53.0752875582195,2.016055108797235,0.9364201410409557
2025-06-06,course,-3.5401119723864563,52.223111972386455,1.9838439043887617,0.8687726876918396
2025-06-06,sentiment,-3.0771511476711098,51.76015114767111,2.0419652755850666,0.8056531527355706
2025-06-06,sentiment_change,-3.665871369660617,52.348871369660614,1.9472745489827292,0.8861366186271963
2025-06-07,approval_only,-4.392287558219501,53.0752875582195,2.016055108797235,0.9364201410409557
2025-06-07,course,-3.5401119723864563,52.223111972386455,1.9838439043887617,0.8687726876918396
2025-06-07,sentiment,-3.0771511476711098,51.76015114767111,2.0419652755850666,0.8056531527355706
2025-06-07,sentiment_change,-3.665871369660617,52.348871369660614,1.9472745489827292,0.8861366186271963
2025-06-08,approval_only,-4.384443769110507,53.067443769110504,2.015910636935575,0.9359474544304823
2025-06-08,course,-3.5331019282805567,52.21610192828056,1.9836110934656703,0.8680468411860488
2025-06-08,sentiment,-3.069217156800028,51.75221715680003,2.0420307493635423,0.8045746937584155
2025-06-08,sentiment_change,-3.65878071932336,52.34178071932336,1.9470154780849962,0.8854642412485414
2025-06-09,approval_only,-4.384443769110507,53.067443769110504,2.015910636935575,0.9359474544304823
2025-06-09,course,-3.5275290858048702,52.21052908580487,1.9841412986303386,0.8673815600291099
2025-06-09,sentiment,-3.064364195425168,51.74736419542517,2.0425951912999527,0.803852504136333
2025-06-09,sentiment_change,-3.654012097781191,52.33701209778119,1.9474409578617193,0.8849386006327125
2025-06-10,approval_only,-4.384443769110507,53.067443769110504,2.015910636935575,0.9359474544304823
2025-06-10,course,-3.5275290858048702,52.21052908580487,1.9841412986303386,0.8673815600291099
2025-06-10,sentiment,-3.064364195425168,51.74736419542517,2.0425951912999527,0.803852504136333
2025-06-10,sentiment_change,-3.654012097781191,52.33701209778119,1.9474409578617193,0.8849386006327125
2025-06-11,approval_only,-4.441964889243126,53.124964889243124,2.017006994304255,0.939346140317287
2025-06-11,course,-3.578936075914796,52.2619360759148,1.9858933506876753,0.8726487956438587
2025-06-11,sentiment,-3.122546795146432,51.805546795146434,2.0421734780934417,0.8116869743161896
2025-06-11,sentiment_change,-3.7060102002544077,52.389010200254404,1.9493858809874929,0.889810205957498
2025-06-12,approval_only,-4.441964889243126,53.124964889243124,2.017006994304255,0.939346140317287
2025-06-12,course,-3.578936075914796,52.2619360759148,1.9858933506876753,0.8726487956438587
2025-06-12,sentiment,-3.122546795146432,51.805546795146434,2.0421734780934417,0.8116869743161896
2025-06-12,sentiment_change,-3.7060102002544077,52.389010200254404,1.9493858809874929,0.889810205957498
2025-06-13,approval_only,-4.441964889243126,53.124964889243124,2.017006994304255,0.939346140317287
2025-06-13,course,-3.578936075914796,52.2619360759148,1.9858933506876753,0.8726487956438587
2025-06-13,sentiment,-3.122546795146432,51.805546795146434,2.0421734780934417,0.8116869743161896
2025-06-13,sentiment_change,-3.7060102002544077,52.389010200254404,1.9493858809874929,0.889810205957498
2025-06-14,approval_only,-4.441964889243126,53.124964889243124,2.017006994304255,0.939346140317287
2025-06-14,course,-3.578936075914796,52.2619360759148,1.9858933506876753,0.8726487956438587
2025-06-14,sentiment,-3.122546795146432,51.805546795146434,2.0421734780934417,0.8116869743161896
2025-06-14,sentiment_change,-3.7060102002544077,52.389010200254404,1.9493858809874929,0.889810205957498
2025-06-15,approval_only,-4.441964889243126,53.124964889243124,2.017006994304255,0.939346140317287
2025-06-15,course,-3.578936075914796,52.2619360759148,1.9858933506876753,0.8726487956438587
2025-06-15,sentiment,-3.122546795146432,51.805546795146434,2.0421734780934417,0.8116869743161896
2025-06-15,sentiment_change,-3.7060102002544077,52.389010200254404,1.9493858809874929,0.889810205957498
2025-06-16,approval_only,-4.441964889243126,53.124964889243124,2.017006994304255,0.939346140317287
2025-06-16,course,-3.5734586996913693,52.25645869969137,1.98642055404617,0.8720095976142572
2025-06-16,sentiment,-3.1177769680135388,51.80077696801354,2.042733576233218,0.810990584449762
2025-06-16,sentiment_change,-3.7013232681604986,52.3843232681605,1.949810946317177,0.8893065265509503
2025-06-17,approval_only,-4.441964889243126,53.124964889243124,2.017006994304255,0.939346140317287
2025-06-17,course,-3.5734586996913693,52.25645869969137,1.98642055404617,0.8720095976142572
2025-06-17,sentiment,-3.1177769680135388,51.80077696801354,2.042733576233218,0.810990584449762
2025-06-17,sentiment_change,-3.7013232681604986,52.3843232681605,1.949810946317177,0.8893065265509503
2025-06-18,approval_only,-4.441964889243126,53.124964889243124,2.017006994304255,0.939346140317287
2025-06-18,course,-3.5734586996913693,52.25645869969137,1.98642055404617,0.8720095976142572
2025-06-18,sentiment,-3.1177769680135388,51.80077696801354,2.042733576233218,0.810990584449762
2025-06-18,sentiment_change,-3.7013232681604986,52.3843232681605,1.949810946317177,0.8893065265509503
2025-06-19,approval_only,-4.441964889243126,53.124964889243124,2.017006994304255,0.939346140317287
2025-06-19,course,-3.5734586996913693,52.25645869969137,1.98642055404617,0.8720095976142572
2025-06-19,sentiment,-3.1177769680135388,51.80077696801354,2.042733576233218,0.810990584449762
2025-06-19,sentiment_change,-3.7013232681604986,52.3843232681605,1.949810946317177,0.8893065265509503
2025-06-20,approval_only,-4.444579485612791,53.12757948561279,2.0170588579438036,0.9394969352182632
2025-06-20,course,-3.5757953810600025,52.258795381060004,1.9865026232459606,0.8722457871633141
2025-06-20,sentiment,-3.1204216316372326,51.803421631637235,2.0427175902646795,0.8113424512451572
2025-06-20,sentiment_change,-3.703686818272918,52.38668681827292,1.9499017813289572,0.8895245670293837
2025-06-21,approval_only,-4.444579485612791,53.12757948561279,2.0170588579438036,0.9394969352182632
2025-06-21,course,-3.5757953810600025,52.258795381060004,1.9865026232459606,0.8722457871633141
2025-06-21,sentiment,-3.1204216316372326,51.803421631637235,2.0427175902646795,0.8113424512451572
2025-06-21,sentiment_change,-3.703686818272918,52.38668681827292,1.9499017813289572,0.8895245670293837
2025-06-22,approval_only,-4.444579485612791,53.12757948561279,2.0170588579438036,0.9394969352182632
2025-06-22,course,-3.5757953810600025,52.258795381060004,1.9865026232459606,0.8722457871633141
2025-06-22,sentiment,-3.1204216316372326,51.803421631637235,2.0427175902646795,0.8113424512451572
2025-06-22,sentiment_change,-3.703686818272918,52.38668681827292,1.9499017813289572,0.8895245670293837
2025-06-23,approval_only,-4.444579485612791,53.12757948561279,2.0170588579438036,0.9394969352182632
2025-06-23,course,-3.5723764959009365,52.25537649590093,1.9868334182261362,0.8718461388957581
2025-06-23,sentiment,-3.117444386596767,51.800444386596766,2.0430684723126724,0.8109074537510623
2025-06-23,sentiment_change,-3.700761314907113,52.38376131490711,1.9501684416700606,0.8892097262056241
2025-06-24,approval_only,-4.444579485612791,53.12757948561279,2.0170588579438036,0.9394969352182632
2025-06-24,course,-3.5723764959009365,52.25537649590093,1.9868334182261362,0.8718461388957581
2025-06-24,sentiment,-3.117444386596767,51.800444386596766,2.0430684723126724,0.8109074537510623
2025-06-24,sentiment_change,-3.700761314907113,52.38376131490711,1.9501684416700606,0.8892097262056241
2025-06-25,approval_only,-4.444579485612791,53.12757948561279,2.0170588579438036,0.9394969352182632
2025-06-25,course,-3.5723764959009365,52.25537649590093,1.9868334182261362,0.8718461388957581
2025-06-25,sentiment,-3.117444386596767,51.800444386596766,2.0430684723126724,0.8109074537510623
2025-06-25,sentiment_change,-3.700761314907113,52.38376131490711,1.9501684416700606,0.8892097262056241
2025-06-26,approval_only,-4.444579485612791,53.12757948561279,2.0170588579438036,0.9394969352182632
2025-06-26,course,-3.5723764959009365,52.25537649590093,1.9868334182261362,0.8718461388957581
2025-06-26,sentiment,-3.117444386596767,51.800444386596766,2.0430684723126724,0.8109074537510623
2025-06-26,sentiment_change,-3.700761314907113,52.38376131490711,1.9501684416700606,0.8892097262056241
2025-06-27,approval_only,-4.517788183963398,53.2007881839634,2.0185825855649506,0.943591912959931
2025-06-27,course,-3.6378035742226604,52.32080357422266,1.9892146883868955,0.8783328879353745
2025-06-27,sentiment,-3.191494968060195,51.8744949680602,2.042730855721209,0.8205967545059848
2025-06-27,sentiment_change,-3.766940718054844,52.44994071805485,1.9527937684116798,0.8951848044301624
2025-06-28,approval_only,-4.517788183963398,53.2007881839634,2.0185825855649506,0.943591912959931
2025-06-28,course,-3.6378035742226604,52.32080357422266,1.9892146883868955,0.8783328879353745
2025-06-28,sentiment,-3.191494968060195,51.8744949680602,2.042730855721209,0.8205967545059848
2025-06-28,sentiment_change,-3.766940718054844,52.44994071805485,1.9527937684116798,0.8951848044301624
2025-06-29,approval_only,-4.517788183963398,53.2007881839634,2.0185825855649506,0.943591912959931
2025-06-29,course,-3.6378035742226604,52.32080357422266,1.9892146883868955,0.8783328879353745
2025-06-29,sentiment,-3.191494968060195,51.8744949680602,2.042730855721209,0.8205967545059848
2025-06-29,sentiment_change,-3.766940718054844,52.44994071805485,1.9527937684116798,0.8951848044301624
2025-06-30,approval_only,-4.517788183963398,53.2007881839634,2.0185825855649506,0.943591912959931
2025-06-30,course,-3.611983695906524,52.294983695906524,1.9913988890862118,0.8754314898836227
2025-06-30,sentiment,-3.1303556905801377,51.81335569058014,2.0563740519767704,0.8110634388649146
2025-06-30,sentiment_change,-3.630755635562844,52.31375563556284,1.9559563846456915,0.8815811644204872
2025-07-01,approval_only,-4.517788183963398,53.2007881839634,2.0185825855649506,0.943591912959931
2025-07-01,course,-3.611983695906524,52.294983695906524,1.9913988890862118,0.8754314898836227
2025-07-01,sentiment,-3.1303556905801377,51.81335569058014,2.0563740519767704,0.8110634388649146
2025-07-01,sentiment_change,-3.630755635562844,52.31375563556284,1.9559563846456915,0.8815811644204872
2025-07-02,approval_only,-4.517788183963398,53.2007881839634,2.0185825855649506,0.943591912959931
2025-07-02,course,-3.611983695906524,52.294983695906524,1.9913988890862118,0.8754314898836227
2025-07-02,sentiment,-3.1303556905801377,51.81335569058014,2.0563740519767704,0.8110634388649146
2025-07-02,sentiment_change,-3.630755635562844,52.31375563556284,1.9559563846456915,0.8815811644204872
2025-07-03,approval_only,-4.517788183963398,53.2007881839634,2.0185825855649506,0.943591912959931
2025-07-03,course,-3.611983695906524,52.294983695906524,1.9913988890862118,0.8754314898836227
2025-07-03,sentiment,-3.1303556905801377,51.81335569058014,2.0563740519767704,0.8110634388649146
2025-07-03,sentiment_change,-3.630755635562844,52.31375563556284,1.9559563846456915,0.8815811644204872
2025-07-04,approval_only,-4.517788183963398,53.2007881839634,2.0185825855649506,0.943591912959931
2025-07-04,course,-3.611983695906524,52.294983695906524,1.9913988890862118,0.8754314898836227
2025-07-04,sentiment,-3.1303556905801377,51.81335569058014,2.0563740519767704,0.8110634388649146
2025-07-04,sentiment_change,-3.630755635562844,52.31375563556284,1.9559563846456915,0.8815811644204872
2025-07-05,approval_only,-4.520402780333062,53.203402780333064,2.018639557546117,0.9437336803814586
2025-07-05,course,-3.614320377275156,52.297320377275156,1.9914857087910616,0.8756619755897884
2025-07-05,sentiment,-3.1330003542038316,51.81600035420383,2.0563567483245047,0.8114130433056421
2025-07-05,sentiment_change,-3.6331191856752625,52.31611918567526,1.9560474631618698,0.88180955534749
2025-07-06,approval_only,-4.520402780333062,53.203402780333064,2.018639557546117,0.9437336803814586
2025-07-06,course,-3.614320377275156,52.297320377275156,1.9914857087910616,0.8756619755897884
2025-07-06,sentiment,-3.1330003542038316,51.81600035420383,2.0563567483245047,0.8114130433056421
2025-07-06,sentiment_change,-3.6331191856752625,52.31611918567526,1.9560474631618698,0.88180955534749
2025-07-07,approval_only,-4.520402780333062,53.203402780333064,2.018639557546117,0.9437336803814586
2025-07-07,course,-3.6040159886718257,52.287015988671826,1.9925286540876745,0.8744735609079687
2025-07-07,sentiment,-3.12402705196145,51.80702705196145,2.057452154747871,0.8101051579593892
2025-07-07,sentiment_change,-3.6243018308537156,52.30730183085372,1.9569084084255994,0.8808117794343486
2025-07-08,approval_only,-4.520402780333062,53.203402780333064,2.018639557546117,0.9437336803814586
2025-07-08,course,-3.6040159886718257,52.287015988671826,1.9925286540876745,0.8744735609079687
2025-07-08,sentiment,-3.12402705196145,51.80702705196145,2.057452154747871,0.8101051579593892
2025-07-08,sentiment_change,-3.6243018308537156,52.30730183085372,1.9569084084255994,0.8808117794343486
2025-07-09,approval_only,-4.520402780333062,53.203402780333064,2.018639557546117,0.9437336803814586
2025-07-09,course,-3.6040159886718257,52.287015988671826,1.9925286540876745,0.8744735609079687
2025-07-09,sentiment,-3.12402705196145,51.80702705196145,2.057452154747871,0.8101051579593892
2025-07-09,sentiment_change,-3.6243018308537156,52.30730183085372,1.9569084084255994,0.8808117794343486
2025-07-10,approval_only,-4.520402780333062,53.203402780333064,2.018639557546117,0.9437336803814586
2025-07-10,course,-3.6040159886718257,52.287015988671826,1.9925286540876745,0.8744735609079687
2025-07-10,sentiment,-3.12402705196145,51.80702705196145,2.057452154747871,0.8101051579593892
2025-07-10,sentiment_change,-3.6243018308537156,52.30730183085372,1.9569084084255994,0.8808117794343486
2025-07-11,approval_only,-4.520402780333062,53.203402780333064,2.018639557546117,0.9437336803814586
2025-07-11,course,-3.6040159886718257,52.287015988671826,1.9925286540876745,0.8744735609079687
2025-07-11,sentiment,-3.12402705196145,51.80702705196145,2.057452154747871,0.8101051579593892
2025-07-11,sentiment_change,-3.6243018308537156,52.30730183085372,1.9569084084255994,0.8808117794343486
2025-07-12,approval_only,-4.520402780333062,53.203402780333064,2.018639557546117,0.9437336803814586
2025-07-12,course,-3.6040159886718257,52.287015988671826,1.9925286540876745,0.8744735609079687
2025-07-12,sentiment,-3.12402705196145,51.80702705196145,2.057452154747871,0.8101051579593892
2025-07-12,sentiment_change,-3.6243018308537156,52.30730183085372,1.9569084084255994,0.8808117794343486
2025-07-13,approval_only,-4.520402780333062,53.203402780333064,2.018639557546117,0.9437336803814586
2025-07-13,course,-3.6040159886718257,52.287015988671826,1.9925286540876745,0.8744735609079687
2025-07-13,sentiment,-3.12402705196145,51.80702705196145,2.057452154747871,0.8101051579593892
2025-07-13,sentiment_change,-3.6243018308537156,52.30730183085372,1.9569084084255994,0.8808117794343486
2025-07-14,approval_only,-4.520402780333062,53.203402780333064,2.018639557546117,0.9437336803814586
2025-07-14,course,-3.593818999602286,52.276818999602284,1.9935719433691053,0.8732896529932149
2025-07-14,sentiment,-3.115147275741281,51.79814727574128,2.0585442552300512,0.80880587050841
2025-07-14,sentiment_change,-3.61557637666146,52.29857637666146,1.9577686549638098,0.8798184421790392
2025-07-15,approval_only,-4.520402780333062,53.203402780333064,2.018639557546117,0.9437336803814586
2025-07-15,course,-3.593818999602286,52.276818999602284,1.9935719433691053,0.8732896529932149
2025-07-15,sentiment,-3.115147275741281,51.79814727574128,2.0585442552300512,0.80880587050841
2025-07-15,sentiment_change,-3.61557637666146,52.29857637666146,1.9577686549638098,0.8798184421790392
2025-07-16,approval_only,-4.520402780333062,53.203402780333064,2.018639557546117,0.9437336803814586
2025-07-16,course,-3.593818999602286,52.276818999602284,1.9935719433691053,0.8732896529932149
2025-07-16,sentiment,-3.115147275741281,51.79814727574128,2.0585442552300512,0.80880587050841
2025-07-16,sentiment_change,-3.61557637666146,52.29857637666146,1.9577686549638098,0.8798184421790392
2025-07-17,approval_only,-4.614528249640984,53.29752824964098,2.0208076008919438,0.9486378528701243
2025-07-17,course,-3.6779395288730736,52.360939528873075,1.996846377751291,0.88146341632954
2025-07-17,sentiment,-3.210355166194259,51.89335516619426,2.05811446785771,0.8211996367668102
2025-07-17,sentiment_change,-3.700664180708543,52.38366418070854,1.9612023431068306,0.8878950482712058
2025-07-18,approval_only,-4.614528249640984,53.29752824964098,2.0208076008919438,0.9486378528701243
2025-07-18,course,-3.6779395288730736,52.360939528873075,1.996846377751291,0.88146341632954
2025-07-18,sentiment,-3.210355166194259,51.89335516619426,2.05811446785771,0.8211996367668102
2025-07-18,sentiment_change,-3.700664180708543,52.38366418070854,1.9612023431068306,0.8878950482712058
2025-07-19,approval_only,-4.614528249640984,53.29752824964098,2.0208076008919438,0.9486378528701243
2025-07-19,course,-3.6779395288730736,52.360939528873075,1.996846377751291,0.88146341632954
2025-07-19,sentiment,-3.210355166194259,51.89335516619426,2.05811446785771,0.8211996367668102
2025-07-19,sentiment_change,-3.700664180708543,52.38366418070854,1.9612023431068306,0.8878950482712058
2025-07-20,approval_only,-4.6027625659774944,53.28576256597749,2.0205241509419967,0.9480457152382712
2025-07-20,course,-3.6674244627142256,52.35042446271422,1.9964230175428408,0.8804656683212388
2025-07-20,sentiment,-3.198454179887637,51.88145417988764,2.058149533591827,0.819680573121684
2025-07-20,sentiment_change,-3.6900282052026574,52.37302820520266,1.9607595267933964,0.8869103687318396
2025-07-21,approval_only,-4.589689584129172,53.27268958412917,2.0202133733313077,0.9473808799102876
2025-07-21,course,-3.6479187898264938,52.33091878982649,1.9967698153245745,0.8784644161186117
2025-07-21,sentiment,-3.1784190498179443,51.86141904981795,2.0590429471813736,0.8170079938322018
2025-07-21,sentiment_change,-3.6715170254737712,52.35451702547377,1.960945019342549,0.8850672260786785
2025-07-22,approval_only,-4.589689584129172,53.27268958412917,2.0202133733313077,0.9473808799102876
2025-07-22,course,-3.6479187898264938,52.33091878982649,1.9967698153245745,0.8784644161186117
2025-07-22,sentiment,-3.1784190498179443,51.86141904981795,2.0590429471813736,0.8170079938322018
2025-07-22,sentiment_change,-3.6715170254737712,52.35451702547377,1.960945019342549,0.8850672260786785
2025-07-23,approval_only,-4.621064740565146,53.304064740565146,2.02096660764199,0.9489642900325019
2025-07-23,course,-3.6759589662500893,52.358958966250086,1.9978978736819992,0.8811431115134819
2025-07-23,sentiment,-3.2101550133022707,51.89315501330227,2.0589477158284835,0.821076927715347
2025-07-23,sentiment_change,-3.699879626822799,52.3828796268228,1.9621263503898234,0.8877096298533658
2025-07-24,approval_only,-4.621064740565146,53.304064740565146,2.02096660764199,0.9489642900325019
2025-07-24,course,-3.6759589662500893,52.358958966250086,1.9978978736819992,0.8811431115134819
2025-07-24,sentiment,-3.2101550133022707,51.89315501330227,2.0589477158284835,0.821076927715347
2025-07-24,sentiment_change,-3.699879626822799,52.3828796268228,1.9621263503898234,0.8877096298533658
2025-07-25,approval_only,-4.621064740565146,53.304064740565146,2.02096660764199,0.9489642900325019
2025-07-25,course,-3.6759589662500893,52.358958966250086,1.9978978736819992,0.8811431115134819
2025-07-25,sentiment,-3.2101550133022707,51.89315501330227,2.0589477158284835,0.821076927715347
2025-07-25,sentiment_change,-3.699879626822799,52.3828796268228,1.9621263503898234,0.8877096298533658
2025-07-26,approval_only,-4.621064740565146,53.304064740565146,2.02096660764199,0.9489642900325019
2025-07-26,course,-3.6759589662500893,52.358958966250086,1.9978978736819992,0.8811431115134819
2025-07-26,sentiment,-3.2101550133022707,51.89315501330227,2.0589477158284835,0.821076927715347
2025-07-26,sentiment_change,-3.699879626822799,52.3828796268228,1.9621263503898234,0.8877096298533658
2025-07-27,approval_only,-4.621064740565146,53.304064740565146,2.02096660764199,0.9489642900325019
2025-07-27,course,-3.6759589662500893,52.358958966250086,1.9978978736819992,0.8811431115134819
2025-07-27,sentiment,-3.2101550133022707,51.89315501330227,2.0589477158284835,0.821076927715347
2025-07-27,sentiment_change,-3.699879626822799,52.3828796268228,1.9621263503898234,0.8877096298533658
2025-07-28,approval_only,-4.555699831323533,53.23869983132353,2.019425892538529,0.9456179023210819
2025-07-28,course,-3.6137829483515214,52.29678294835152,1.9959716323678751,0.8750740577022424
2025-07-28,sentiment,-3.1407650119324497,51.82376501193245,2.0595969954823055,0.8120554264881079
2025-07-28,sentiment_change,-3.6375743519870944,52.32057435198709,1.960019753739084,0.8817844773440362
2025-07-29,approval_only,-4.555699831323533,53.23869983132353,2.019425892538529,0.9456179023210819
2025-07-29,course,-3.6137829483515214,52.29678294835152,1.9959716323678751,0.8750740577022424
2025-07-29,sentiment,-3.1407650119324497,51.82376501193245,2.0595969954823055,0.8120554264881079
2025-07-29,sentiment_change,-3.6375743519870944,52.32057435198709,1.960019753739084,0.8817844773440362
2025-07-30,approval_only,-4.555699831323533,53.23869983132353,2.019425892538529,0.9456179023210819
2025-07-30,course,-3.6137829483515214,52.29678294835152,1.9959716323678751,0.8750740577022424
2025-07-30,sentiment,-3.1407650119324497,51.82376501193245,2.0595969954823055,0.8120554264881079
2025-07-30,sentiment_change,-3.6375743519870944,52.32057435198709,1.960019753739084,0.8817844773440362
2025-07-31,approval_only,-4.555699831323533,53.23869983132353,2.019425892538529,0.9456179023210819
2025-07-31,course,-3.5911984380319675,52.274198438031966,1.9980157686447297,0.8724874539454822
2025-07-31,sentiment,-3.117102200410276,51.80010220041028,2.0655293717230694,0.8082585188904531
2025-07-31,sentiment_change,-3.582874851562618,52.265874851562614,1.9623698989568112,0.8758856606208183
2025-08-01,approval_only,-4.589689584129172,53.27268958412917,2.0202133733313077,0.9473808799102876
2025-08-01,course,-3.6215752958241962,52.30457529582419,1.9991835795591164,0.8754951803649462
2025-08-01,sentiment,-3.1514828275182962,51.83448282751829,2.0653313131008035,0.8127906438411642
2025-08-01,sentiment_change,-3.6136010030240646,52.296601003024065,1.963587443888243,0.8789178967892899
2025-08-02,approval_only,-4.589689584129172,53.27268958412917,2.0202133733313077,0.9473808799102876
2025-08-02,course,-3.6215752958241962,52.30457529582419,1.9991835795591164,0.8754951803649462
2025-08-02,sentiment,-3.1514828275182962,51.83448282751829,2.0653313131008035,0.8127906438411642
2025-08-02,sentiment_change,-3.6136010030240646,52.296601003024065,1.963587443888243,0.8789178967892899
2025-08-03,approval_only,-4.589689584129172,53.27268958412917,2.0202133733313077,0.9473808799102876
2025-08-03,course,-3.6215752958241962,52.30457529582419,1.9991835795591164,0.8754951803649462
2025-08-03,sentiment,-3.1514828275182962,51.83448282751829,2.0653313131008035,0.8127906438411642
2025-08-03,sentiment_change,-3.6136010030240646,52.296601003024065,1.963587443888243,0.8789178967892899
2025-08-04,approval_only,-4.589689584129172,53.27268958412917,2.0202133733313077,0.9473808799102876
2025-08-04,course,-3.6227805572589817,52.305780557258984,1.999054141754147,0.8756342170655231
2025-08-04,sentiment,-3.152532397323136,51.835532397323135,2.065199068465347,0.8129425602264992
2025-08-04,sentiment_change,-3.614632332308344,52.297632332308346,1.9634815011723041,0.8790362987596573
2025-08-05,approval_only,-4.589689584129172,53.27268958412917,2.0202133733313077,0.9473808799102876
2025-08-05,course,-3.6227805572589817,52.305780557258984,1.999054141754147,0.8756342170655231
2025-08-05,sentiment,-3.152532397323136,51.835532397323135,2.065199068465347,0.8129425602264992
2025-08-05,sentiment_change,-3.614632332308344,52.297632332308346,1.9634815011723041,0.8790362987596573
2025-08-06,approval_only,-4.6485180024466235,53.33151800244662,2.021646398908848,0.9503157839922025
2025-08-06,course,-3.6753558880532236,52.358355888053225,2.001153813678994,0.8807009474398948
2025-08-06,sentiment,-3.2120373288562476,51.89503732885625,2.064960396562426,0.8206149644967049
2025-08-06,sentiment_change,-3.667812209837771,52.35081220983777,1.9656643587168647,0.8841395738078573
2025-08-07,approval_only,-4.6485180024466235,53.33151800244662,2.021646398908848,0.9503157839922025
2025-08-07,course,-3.6753558880532236,52.358355888053225,2.001153813678994,0.8807009474398948
2025-08-07,sentiment,-3.2120373288562476,51.89503732885625,2.064960396562426,0.8206149644967049
2025-08-07,sentiment_change,-3.667812209837771,52.35081220983777,1.9656643587168647,0.8841395738078573
2025-08-08,approval_only,-4.6485180024466235,53.33151800244662,2.021646398908848,0.9503157839922025
2025-08-08,course,-3.6753558880532236,52.358355888053225,2.001153813678994,0.8807009474398948
2025-08-08,sentiment,-3.2120373288562476,51.89503732885625,2.064960396562426,0.8206149644967049
2025-08-08,sentiment_change,-3.667812209837771,52.35081220983777,1.9656643587168647,0.8841395738078573
2025-08-09,approval_only,-4.6485180024466235,53.33151800244662,2.021646398908848,0.9503157839922025
2025-08-09,course,-3.6753558880532236,52.358355888053225,2.001153813678994,0.8807009474398948
2025-08-09,sentiment,-3.2120373288562476,51.89503732885625,2.064960396562426,0.8206149644967049
2025-08-09,sentiment_change,-3.667812209837771,52.35081220983777,1.9656643587168647,0.8841395738078573
2025-08-10,approval_only,-4.6485180024466235,53.33151800244662,2.021646398908848,0.9503157839922025
2025-08-10,course,-3.6753558880532236,52.358355888053225,2.001153813678994,0.8807009474398948
2025-08-10,sentiment,-3.2120373288562476,51.89503732885625,2.064960396562426,0.8206149644967049
2025-08-10,sentiment_change,-3.667812209837771,52.35081220983777,1.9656643587168647,0.8841395738078573
2025-08-11,approval_only,-4.6485180024466235,53.33151800244662,2.021646398908848,0.9503157839922025
2025-08-11,course,-3.6786554403969642,52.361655440396966,2.0007986268219584,0.8810707500850332
2025-08-11,sentiment,-3.214910656094254,51.897910656094254,2.064597166622558,0.8210213506761025
2025-08-11,sentiment_change,-3.6706356013932533,52.35363560139325,1.96537225739717,0.8844542761557203
2025-08-12,approval_only,-4.6485180024466235,53.33151800244662,2.021646398908848,0.9503157839922025
2025-08-12,course,-3.6786554403969642,52.361655440396966,2.0007986268219584,0.8810707500850332
2025-08-12,sentiment,-3.214910656094254,51.897910656094254,2.064597166622558,0.8210213506761025
2025-08-12,sentiment_change,-3.6706356013932533,52.35363560139325,1.96537225739717,0.8844542761557203
2025-08-13,approval_only,-4.6485180024466235,53.33151800244662,2.021646398908848,0.9503157839922025
2025-08-13,course,-3.6786554403969642,52.361655440396966,2.0007986268219584,0.8810707500850332
2025-08-13,sentiment,-3.214910656094254,51.897910656094254,2.064597166622558,0.8210213506761025
2025-08-13,sentiment_change,-3.6706356013932533,52.35363560139325,1.96537225739717,0.8844542761557203
2025-08-14,approval_only,-4.6485180024466235,53.33151800244662,2.021646398908848,0.9503157839922025
2025-08-14,course,-3.6786554403969642,52.361655440396966,2.0007986268219584,0.8810707500850332
2025-08-14,sentiment,-3.214910656094254,51.897910656094254,2.064597166622558,0.8210213506761025
2025-08-14,sentiment_change,-3.6706356013932533,52.35363560139325,1.96537225739717,0.8844542761557203
2025-08-15,approval_only,-4.6485180024466235,53.33151800244662,2.021646398908848,0.9503157839922025
2025-08-15,course,-3.6786554403969642,52.361655440396966,2.0007986268219584,0.8810707500850332
2025-08-15,sentiment,-3.214910656094254,51.897910656094254,2.064597166622558,0.8210213506761025
2025-08-15,sentiment_change,-3.6706356013932533,52.35363560139325,1.96537225739717,0.8844542761557203
2025-08-16,approval_only,-4.6485180024466235,53.33151800244662,2.021646398908848,0.9503157839922025
2025-08-16,course,-3.6786554403969642,52.361655440396966,2.0007986268219584,0.8810707500850332
2025-08-16,sentiment,-3.214910656094254,51.897910656094254,2.064597166622558,0.8210213506761025
2025-08-16,sentiment_change,-3.6706356013932533,52.35363560139325,1.96537225739717,0.8844542761557203
2025-08-17,approval_only,-4.6485180024466235,53.33151800244662,2.021646398908848,0.9503157839922025
2025-08-17,course,-3.6786554403969642,52.361655440396966,2.0007986268219584,0.8810707500850332
2025-08-17,sentiment,-3.214910656094254,51.897910656094254,2.064597166622558,0.8210213506761025
2025-08-17,sentiment_change,-3.6706356013932533,52.35363560139325,1.96537225739717,0.8844542761557203
2025-08-18,approval_only,-4.6485180024466235,53.33151800244662,2.021646398908848,0.9503157839922025
2025-08-18,course,-3.6847831804639135,52.36778318046392,2.000142063373096,0.8817553641373016
2025-08-18,sentiment,-3.2202468352505527,51.903246835250556,2.0639248208175713,0.8217746485613956
2025-08-18,sentiment_change,-3.675879042853432,52.35887904285343,1.9648320492619284,0.8850370895685402
2025-08-19,approval_only,-4.6485180024466235,53.33151800244662,2.021646398908848,0.9503157839922025
2025-08-19,course,-3.6847831804639135,52.36778318046392,2.000142063373096,0.8817553641373016
2025-08-19,sentiment,-3.2202468352505527,51.903246835250556,2.0639248208175713,0.8217746485613956
2025-08-19,sentiment_change,-3.675879042853432,52.35887904285343,1.9648320492619284,0.8850370895685402
2025-08-20,approval_only,-4.6485180024466235,53.33151800244662,2.021646398908848,0.9503157839922025
2025-08-20,course,-3.6847831804639135,52.36778318046392,2.000142063373096,0.8817553641373016
2025-08-20,sentiment,-3.2202468352505527,51.903246835250556,2.0639248208175713,0.8217746485613956
2025-08-20,sentiment_change,-3.675879042853432,52.35887904285343,1.9648320492619284,0.8850370895685402
2025-08-21,approval_only,-4.6485180024466235,53.33151800244662,2.021646398908848,0.9503157839922025
2025-08-21,course,-3.6847831804639135,52.36778318046392,2.000142063373096,0.8817553641373016
2025-08-21,sentiment,-3.2202468352505527,51.903246835250556,2.0639248208175713,0.8217746485613956
2025-08-21,sentiment_change,-3.675879042853432,52.35887904285343,1.9648320492619284,0.8850370895685402
2025-08-22,approval_only,-4.6485180024466235,53.33151800244662,2.021646398908848,0.9503157839922025
2025-08-22,course,-3.6847831804639135,52.36778318046392,2.000142063373096,0.8817553641373016
2025-08-22,sentiment,-3.2202468352505527,51.903246835250556,2.0639248208175713,0.8217746485613956
2025-08-22,sentiment_change,-3.675879042853432,52.35887904285343,1.9648320492619284,0.8850370895685402
2025-08-23,approval_only,-4.577923900465681,53.260923900465684,2.0199374251975364,0.9467762694502649
2025-08-23,course,-3.621692783510823,52.30469278351082,1.9976400639973062,0.8756899931441492
2025-08-23,sentiment,-3.1488409174108183,51.831840917410815,2.0642332302787127,0.8125734681791194
2025-08-23,sentiment_change,-3.6120631898181195,52.29506318981812,1.9622333701267178,0.8789226060948649
2025-08-24,approval_only,-4.577923900465681,53.260923900465684,2.0199374251975364,0.9467762694502649
2025-08-24,course,-3.621692783510823,52.30469278351082,1.9976400639973062,0.8756899931441492
2025-08-24,sentiment,-3.1488409174108183,51.831840917410815,2.0642332302787127,0.8125734681791194
2025-08-24,sentiment_change,-3.6120631898181195,52.29506318981812,1.9622333701267178,0.8789226060948649
2025-08-25,approval_only,-4.577923900465681,53.260923900465684,2.0199374251975364,0.9467762694502649
2025-08-25,course,-3.6313169750667997,52.3143169750668,1.9966226525346606,0.876795518228007
2025-08-25,sentiment,-3.1572218881791807,51.84022188817918,2.0631892873457263,0.8137849638428218
2025-08-25,sentiment_change,-3.6202985073208147,52.30329850732082,1.961400192807837,0.8798652387992512
2025-08-26,approval_only,-4.577923900465681,53.260923900465684,2.0199374251975364,0.9467762694502649
2025-08-26,course,-3.6313169750667997,52.3143169750668,1.9966226525346606,0.876795518228007
2025-08-26,sentiment,-3.1572218881791807,51.84022188817918,2.0631892873457263,0.8137849638428218
2025-08-26,sentiment_change,-3.6202985073208147,52.30329850732082,1.961400192807837,0.8798652387992512
2025-08-27,approval_only,-4.577923900465681,53.260923900465684,2.0199374251975364,0.9467762694502649
2025-08-27,course,-3.6313169750667997,52.3143169750668,1.9966226525346606,0.876795518228007
2025-08-27,sentiment,-3.1572218881791807,51.84022188817918,2.0631892873457263,0.8137849638428218
2025-08-27,sentiment_change,-3.6202985073208147,52.30329850732082,1.961400192807837,0.8798652387992512
2025-08-28,approval_only,-4.577923900465681,53.260923900465684,2.0199374251975364,0.9467762694502649
2025-08-28,course,-3.6313169750667997,52.3143169750668,1.9966226525346606,0.876795518228007
2025-08-28,sentiment,-3.1572218881791807,51.84022188817918,2.0631892873457263,0.8137849638428218
2025-08-28,sentiment_change,-3.6202985073208147,52.30329850732082,1.961400192807837,0.8798652387992512
2025-08-29,approval_only,-4.577923900465681,53.260923900465684,2.0199374251975364,0.9467762694502649
2025-08-29,course,-3.6313169750667997,52.3143169750668,1.9966226525346606,0.876795518228007
2025-08-29,sentiment,-3.1572218881791807,51.84022188817918,2.0631892873457263,0.8137849638428218
2025-08-29,sentiment_change,-3.6202985073208147,52.30329850732082,1.961400192807837,0.8798652387992512
2025-08-30,approval_only,-4.577923900465681,53.260923900465684,2.0199374251975364,0.9467762694502649
2025-08-30,course,-3.6313169750667997,52.3143169750668,1.9966226525346606,0.876795518228007
2025-08-30,sentiment,-3.1572218881791807,51.84022188817918,2.0631892873457263,0.8137849638428218
2025-08-30,sentiment_change,-3.6202985073208147,52.30329850732082,1.961400192807837,0.8798652387992512
2025-08-31,approval_only,-4.577923900465681,53.260923900465684,2.0199374251975364,0.9467762694502649
2025-08-31,course,-3.6201799085389696,52.30317990853897,1.9976928023107214,0.8755283809832288
2025-08-31,sentiment,-3.1424184332909073,51.825418433290906,2.0669709517756982,0.8114188603242449
2025-08-31,sentiment_change,-3.622239825707487,52.30523982570749,1.961305253066755,0.880074648836245
2025-09-01,approval_only,-4.577923900465681,53.260923900465684,2.0199374251975364,0.9467762694502649
2025-09-01,course,-3.6322265562460503,52.31522655624605,1.996416804710972,0.87691267758408
2025-09-01,sentiment,-3.152908935449198,51.8359089354492,2.0656687694653786,0.8129372349538666
2025-09-01,sentiment_change,-3.632548012959777,52.31554801295978,1.9602732019864362,0.8812457853896108
2025-09-02,approval_only,-4.577923900465681,53.260923900465684,2.0199374251975364,0.9467762694502649
2025-09-02,course,-3.6322265562460503,52.31522655624605,1.996416804710972,0.87691267758408
2025-09-02,sentiment,-3.152908935449198,51.8359089354492,2.0656687694653786,0.8129372349538666
2025-09-02,sentiment_change,-3.632548012959777,52.31554801295978,1.9602732019864362,0.8812457853896108
2025-09-03,approval_only,-4.577923900465681,53.260923900465684,2.0199374251975364,0.9467762694502649
2025-09-03,course,-3.6322265562460503,52.31522655624605,1.996416804710972,0.87691267758408
2025-09-03,sentiment,-3.152908935449198,51.8359089354492,2.0656687694653786,0.8129372349538666
2025-09-03,sentiment_change,-3.632548012959777,52.31554801295978,1.9602732019864362,0.8812457853896108
2025-09-04,approval_only,-4.577923900465681,53.260923900465684,2.0199374251975364,0.9467762694502649
2025-09-04,course,-3.6322265562460503,52.31522655624605,1.996416804710972,0.87691267758408
2025-09-04,sentiment,-3.152908935449198,51.8359089354492,2.0656687694653786,0.8129372349538666
2025-09-04,sentiment_change,-3.632548012959777,52.31554801295978,1.9602732019864362,0.8812457853896108
2025-09-05,approval_only,-4.631523126043804,53.3145231260438,2.0212232975643873,0.9494828546064669
2025-09-05,course,-3.6801285243030266,52.36312852430303,1.998275426883421,0.8815129693624058
2025-09-05,sentiment,-3.207124539734922,51.89012453973492,2.0653539907948373,0.8199455675990708
2025-09-05,sentiment_change,-3.681000790264366,52.36400079026436,1.962219391247485,0.8858517569516959
2025-09-06,approval_only,-4.631523126043804,53.3145231260438,2.0212232975643873,0.9494828546064669
2025-09-06,course,-3.6801285243030266,52.36312852430303,1.998275426883421,0.8815129693624058
2025-09-06,sentiment,-3.207124539734922,51.89012453973492,2.0653539907948373,0.8199455675990708
2025-09-06,sentiment_change,-3.681000790264366,52.36400079026436,1.962219391247485,0.8858517569516959
2025-09-07,approval_only,-4.624986635119642,53.30798663511964,2.0210625376849305,0.9491592893169809
2025-09-07,course,-3.674286820881444,52.35728682088144,1.998044306461848,0.8809595326578757
2025-09-07,sentiment,-3.200512880675687,51.88351288067569,2.0653864771136985,0.8191004009989503
2025-09-07,sentiment_change,-3.6750919149833186,52.35809191498332,1.9619777336544024,0.8852979618739343
2025-09-08,approval_only,-4.624986635119642,53.30798663511964,2.0210625376849305,0.9491592893169809
2025-09-08,course,-3.6907786159593856,52.37377861595939,1.996315993886615,0.8827958267021734
2025-09-08,sentiment,-3.2148743209755963,51.897874320975596,2.0636148267997054,0.8211311410317697
2025-09-08,sentiment_change,-3.6892037671702065,52.372203767170205,1.9605727227338543,0.8868518215962277
2025-09-09,approval_only,-4.624986635119642,53.30798663511964,2.0210625376849305,0.9491592893169809
2025-09-09,course,-3.6907786159593856,52.37377861595939,1.996315993886615,0.8827958267021734
2025-09-09,sentiment,-3.2148743209755963,51.897874320975596,2.0636148267997054,0.8211311410317697
2025-09-09,sentiment_change,-3.6892037671702065,52.372203767170205,1.9605727227338543,0.8868518215962277
2025-09-10,approval_only,-4.624986635119642,53.30798663511964,2.0210625376849305,0.9491592893169809
2025-09-10,course,-3.6907786159593856,52.37377861595939,1.996315993886615,0.8827958267021734
2025-09-10,sentiment,-3.2148743209755963,51.897874320975596,2.0636148267997054,0.8211311410317697
2025-09-10,sentiment_change,-3.6892037671702065,52.372203767170205,1.9605727227338543,0.8868518215962277
2025-09-11,approval_only,-4.624986635119642,53.30798663511964,2.0210625376849305,0.9491592893169809
2025-09-11,course,-3.6907786159593856,52.37377861595939,1.996315993886615,0.8827958267021734
2025-09-11,sentiment,-3.2148743209755963,51.897874320975596,2.0636148267997054,0.8211311410317697
2025-09-11,sentiment_change,-3.6892037671702065,52.372203767170205,1.9605727227338543,0.8868518215962277
2025-09-12,approval_only,-4.624986635119642,53.30798663511964,2.0210625376849305,0.9491592893169809
2025-09-12,course,-3.6907786159593856,52.37377861595939,1.996315993886615,0.8827958267021734
2025-09-12,sentiment,-3.2148743209755963,51.897874320975596,2.0636148267997054,0.8211311410317697
2025-09-12,sentiment_change,-3.6892037671702065,52.372203767170205,1.9605727227338543,0.8868518215962277
2025-09-13,approval_only,-4.624986635119642,53.30798663511964,2.0210625376849305,0.9491592893169809
2025-09-13,course,-3.6907786159593856,52.37377861595939,1.996315993886615,0.8827958267021734
2025-09-13,sentiment,-3.2148743209755963,51.897874320975596,2.0636148267997054,0.8211311410317697
2025-09-13,sentiment_change,-3.6892037671702065,52.372203767170205,1.9605727227338543,0.8868518215962277
2025-09-14,approval_only,-4.624986635119642,53.30798663511964,2.0210625376849305,0.9491592893169809
2025-09-14,course,-3.6907786159593856,52.37377861595939,1.996315993886615,0.8827958267021734
2025-09-14,sentiment,-3.2148743209755963,51.897874320975596,2.0636148267997054,0.8211311410317697
2025-09-14,sentiment_change,-3.6892037671702065,52.372203767170205,1.9605727227338543,0.8868518215962277
2025-09-15,approval_only,-4.624986635119642,53.30798663511964,2.0210625376849305,0.9491592893169809
2025-09-15,course,-3.711936324116544,52.39493632411654,1.9941412732074193,0.8851217396990673
2025-09-15,sentiment,-3.233298947351676,51.91629894735168,2.061372753675932,0.8237167703114677
2025-09-15,sentiment_change,-3.707308191140796,52.3903081911408,1.9588016585475545,0.8888227249521865
2025-09-16,approval_only,-4.6615909842949455,53.344590984294946,2.0219768972468577,0.9509483610179181
2025-09-16,course,-3.744649863277405,52.4276498632774,1.9954398286295087,0.8881215657116597
2025-09-16,sentiment,-3.27032423808339,51.95332423808339,2.061199372074503,0.8283497081035954
2025-09-16,sentiment_change,-3.740397892714661,52.42339789271466,1.960151400364816,0.891832408691063
2025-09-17,approval_only,-4.6615909842949455,53.344590984294946,2.0219768972468577,0.9509483610179181
2025-09-17,course,-3.744649863277405,52.4276498632774,1.9954398286295087,0.8881215657116597
2025-09-17,sentiment,-3.27032423808339,51.95332423808339,2.061199372074503,0.8283497081035954
2025-09-17,sentiment_change,-3.740397892714661,52.42339789271466,1.960151400364816,0.891832408691063
2025-09-18,approval_only,-4.6615909842949455,53.344590984294946,2.0219768972468577,0.9509483610179181
2025-09-18,course,-3.744649863277405,52.4276498632774,1.9954398286295087,0.8881215657116597
2025-09-18,sentiment,-3.27032423808339,51.95332423808339,2.061199372074503,0.8283497081035954
2025-09-18,sentiment_change,-3.740397892714661,52.42339789271466,1.960151400364816,0.891832408691063
2025-09-19,approval_only,-4.626293933304475,53.309293933304474,2.0210946020189304,0.9492241455778407
2025-09-19,course,-3.713104664800861,52.39610466480086,1.9941869806638033,0.8852299981312708
2025-09-19,sentiment,-3.234621279163523,51.91762127916353,2.061365674414677,0.8238836728984169
2025-09-19,sentiment_change,-3.708489966197006,52.39148996619701,1.958849215447606,0.8889313843681702
2025-09-20,approval_only,-4.6040698641623266,53.287069864162326,2.020555469967482,0.9481117982114436
2025-09-20,course,-3.6932428731674802,52.37624287316748,1.9934167055543848,0.8833782443950935
2025-09-20,sentiment,-3.2121416383621257,51.89514163836213,2.061494956860491,0.8210318436876511
2025-09-20,sentiment_change,-3.6883997902414443,52.37139979024144,1.9580472848048642,0.8870723129422873
2025-09-21,approval_only,-4.600147969607829,53.28314796960783,2.0204616444735537,0.9479133312510495
2025-09-21,course,-3.689737851114531,52.37273785111453,1.9932822646296222,0.8830489528008781
2025-09-21,sentiment,-3.2081746429265845,51.891174642926586,2.061519742227285,0.820525387272893
2025-09-21,sentiment_change,-3.6848544650728154,52.36785446507282,1.957907210201892,0.8867416187131029
2025-09-22,approval_only,-4.600147969607829,53.28314796960783,2.0204616444735537,0.9479133312510495
2025-09-22,course,-3.7096246647884747,52.39262466478847,1.9912861684001253,0.885230529143354
2025-09-22,sentiment,-3.2254925447064675,51.90849254470647,2.0594485652694874,0.8229590378379702
2025-09-22,sentiment_change,-3.701871398263444,52.38487139826344,1.9562817033103361,0.8885938123991635
2025-09-23,approval_only,-4.600147969607829,53.28314796960783,2.0204616444735537,0.9479133312510495
2025-09-23,course,-3.7096246647884747,52.39262466478847,1.9912861684001253,0.885230529143354
2025-09-23,sentiment,-3.2254925447064675,51.90849254470647,2.0594485652694874,0.8229590378379702
2025-09-23,sentiment_change,-3.701871398263444,52.38487139826344,1.9562817033103361,0.8885938123991635
2025-09-24,approval_only,-4.651132598816288,53.33413259881629,2.021712148347642,0.9504428632785636
2025-09-24,course,-3.755189951476818,52.438189951476815,1.9930600674497503,0.8893993331083371
2025-09-24,sentiment,-3.2770634853684975,51.960063485368494,2.059163166916508,0.8294195078846727
2025-09-24,sentiment_change,-3.7479606254556144,52.43096062545561,1.9581223539614667,0.8927848997441141
2025-09-25,approval_only,-4.651132598816288,53.33413259881629,2.021712148347642,0.9504428632785636
2025-09-25,course,-3.755189951476818,52.438189951476815,1.9930600674497503,0.8893993331083371
2025-09-25,sentiment,-3.2770634853684975,51.960063485368494,2.059163166916508,0.8294195078846727
2025-09-25,sentiment_change,-3.7479606254556144,52.43096062545561,1.9581223539614667,0.8927848997441141
2025-09-26,approval_only,-4.651132598816288,53.33413259881629,2.021712148347642,0.9504428632785636
2025-09-26,course,-3.755189951476818,52.438189951476815,1.9930600674497503,0.8893993331083371
2025-09-26,sentiment,-3.2770634853684975,51.960063485368494,2.059163166916508,0.8294195078846727
2025-09-26,sentiment_change,-3.7479606254556144,52.43096062545561,1.9581223539614667,0.8927848997441141
2025-09-27,approval_only,-4.651132598816288,53.33413259881629,2.021712148347642,0.9504428632785636
2025-09-27,course,-3.755189951476818,52.438189951476815,1.9930600674497503,0.8893993331083371
2025-09-27,sentiment,-3.2770634853684975,51.960063485368494,2.059163166916508,0.8294195078846727
2025-09-27,sentiment_change,-3.7479606254556144,52.43096062545561,1.9581223539614667,0.8927848997441141
2025-09-28,approval_only,-4.699502631655081,53.38250263165508,2.0229600841072464,0.952743364203293
2025-09-28,course,-3.798418556796527,52.48141855679653,1.994812764031752,0.8932383619815761
2025-09-28,sentiment,-3.3259897624068335,52.008989762406834,2.0589848886947735,0.8353980229315325
2025-09-28,sentiment_change,-3.791686302535365,52.47468630253537,1.9599361502251578,0.8966400211684841
2025-09-29,approval_only,-4.699502631655081,53.38250263165508,2.0229600841072464,0.952743364203293
2025-09-29,course,-3.815745681581747,52.498745681581745,1.9930935196495412,0.8950248615461006
2025-09-29,sentiment,-3.3410786273239603,52.02407862732396,2.057189649457229,0.8374188211767772
2025-09-29,sentiment_change,-3.806512937394527,52.48951293739453,1.958521590929476,0.8981567444808107
2025-09-30,approval_only,-4.699502631655081,53.38250263165508,2.0229600841072464,0.952743364203293
2025-09-30,course,-3.8080592799289317,52.49105927992893,1.993759260898148,0.8942457718351904
2025-09-30,sentiment,-3.3104494840896583,51.99344948408966,2.064931372488721,0.8328234741665367
2025-09-30,sentiment_change,-3.767458179262646,52.45045817926265,1.9604534235106446,0.8943401080614494
2025-10-01,approval_only,-4.699502631655081,53.38250263165508,2.0229600841072464,0.952743364203293
2025-10-01,course,-3.8080592799289317,52.49105927992893,1.993759260898148,0.8942457718351904
2025-10-01,sentiment,-3.3104494840896583,51.99344948408966,2.064931372488721,0.8328234741665367
2025-10-01,sentiment_change,-3.767458179262646,52.45045817926265,1.9604534235106446,0.8943401080614494
2025-10-02,approval_only,-4.699502631655081,53.38250263165508,2.0229600841072464,0.952743364203293
2025-10-02,course,-3.8080592799289317,52.49105927992893,1.993759260898148,0.8942457718351904
2025-10-02,sentiment,-3.3104494840896583,51.99344948408966,2.064931372488721,0.8328234741665367
2025-10-02,sentiment_change,-3.767458179262646,52.45045817926265,1.9604534235106446,0.8943401080614494
2025-10-03,approval_only,-4.699502631655081,53.38250263165508,2.0229600841072464,0.952743364203293
2025-10-03,course,-3.8080592799289317,52.49105927992893,1.993759260898148,0.8942457718351904
2025-10-03,sentiment,-3.3104494840896583,51.99344948408966,2.064931372488721,0.8328234741665367
2025-10-03,sentiment_change,-3.767458179262646,52.45045817926265,1.9604534235106446,0.8943401080614494
2025-10-04,approval_only,-4.711268315318572,53.39426831531857,2.023272686617406,0.9532886514625085
2025-10-04,course,-3.8185743460877806,52.50157434608778,1.9941913811839886,0.895157200565813
2025-10-04,sentiment,-3.322350470396281,52.00535047039628,2.0648758302203327,0.834268788876229
2025-10-04,sentiment_change,-3.7780941547685316,52.46109415476853,1.960893534907354,0.8952766113317163
2025-10-05,approval_only,-4.711268315318572,53.39426831531857,2.023272686617406,0.9532886514625085
2025-10-05,course,-3.8185743460877806,52.50157434608778,1.9941913811839886,0.895157200565813
2025-10-05,sentiment,-3.322350470396281,52.00535047039628,2.0648758302203327,0.834268788876229
2025-10-05,sentiment_change,-3.7780941547685316,52.46109415476853,1.960893534907354,0.8952766113317163
2025-10-06,approval_only,-4.711268315318572,53.39426831531857,2.023272686617406,0.9532886514625085
2025-10-06,course,-3.8354480061747633,52.518448006174765,1.9925304666397505,0.8968750333480048
2025-10-06,sentiment,-3.33704444766406,52.02004444766406,2.0631317297990583,0.8362385661110161
2025-10-06,sentiment_change,-3.7925327647484597,52.47553276474846,1.959520404260725,0.8967657818540065
2025-10-07,approval_only,-4.719112104427565,53.402112104427566,2.023483054066708,0.9536491123716339
2025-10-07,course,-3.842458050280663,52.52545805028066,1.992819650017631,0.8974721869421939
2025-10-07,sentiment,-3.3449784385351418,52.02797843853514,2.0630964480696425,0.8371908689405265
2025-10-07,sentiment_change,-3.7996234150857173,52.48262341508572,1.9598141408233605,0.8973802850834112
2025-10-08,approval_only,-4.719112104427565,53.402112104427566,2.023483054066708,0.9536491123716339
2025-10-08,course,-3.842458050280663,52.52545805028066,1.992819650017631,0.8974721869421939
2025-10-08,sentiment,-3.3449784385351418,52.02797843853514,2.0630964480696425,0.8371908689405265
2025-10-08,sentiment_change,-3.7996234150857173,52.48262341508572,1.9598141408233605,0.8973802850834112
2025-10-09,approval_only,-4.766174839081526,53.44917483908153,2.0247782543866406,0.9557611187295336
2025-10-09,course,-3.8845183149160567,52.56751831491606,1.9945921710636978,0.9009946307103875
2025-10-09,sentiment,-3.3925823837616313,52.07558238376163,2.062934397333603,0.8428237366828035
2025-10-09,sentiment_change,-3.842167317109258,52.52516731710926,1.961612778512078,0.9010036351079882
2025-10-10,approval_only,-4.766174839081526,53.44917483908153,2.0247782543866406,0.9557611187295336
2025-10-10,course,-3.8845183149160567,52.56751831491606,1.9945921710636978,0.9009946307103875
2025-10-10,sentiment,-3.3925823837616313,52.07558238376163,2.062934397333603,0.8428237366828035
2025-10-10,sentiment_change,-3.842167317109258,52.52516731710926,1.961612778512078,0.9010036351079882
2025-10-11,approval_only,-4.766174839081526,53.44917483908153,2.0247782543866406,0.9557611187295336
2025-10-11,course,-3.8845183149160567,52.56751831491606,1.9945921710636978,0.9009946307103875
2025-10-11,sentiment,-3.3925823837616313,52.07558238376163,2.062934397333603,0.8428237366828035
2025-10-11,sentiment_change,-3.842167317109258,52.52516731710926,1.961612778512078,0.9010036351079882
2025-10-12,approval_only,-4.732185086275887,53.41518508627588,2.0238371596808116,0.9542444706766791
2025-10-12,course,-3.854141457123827,52.53714145712382,1.9933055847075505,0.8984610190651218
2025-10-12,sentiment,-3.35820175665361,52.04120175665361,2.0630428977265183,0.8387694765276462
2025-10-12,sentiment_change,-3.8114411656478113,52.494441165647814,1.9603075369070335,0.8983976936908562
2025-10-13,approval_only,-4.732185086275887,53.41518508627588,2.0238371596808116,0.9542444706766791
2025-10-13,course,-3.863222684370074,52.54622268437007,1.9924227678092352,0.8993670033608884
2025-10-13,sentiment,-3.366109901420783,52.049109901420785,2.0621116757944846,0.8398142922248116
2025-10-13,sentiment_change,-3.81921187441353,52.50221187441353,1.959575251389156,0.8991839469673193
2025-10-14,approval_only,-4.732185086275887,53.41518508627588,2.0238371596808116,0.9542444706766791
2025-10-14,course,-3.863222684370074,52.54622268437007,1.9924227678092352,0.8993670033608884
2025-10-14,sentiment,-3.366109901420783,52.049109901420785,2.0621116757944846,0.8398142922248116
2025-10-14,sentiment_change,-3.81921187441353,52.50221187441353,1.959575251389156,0.8991839469673193
2025-10-15,approval_only,-4.732185086275887,53.41518508627588,2.0238371596808116,0.9542444706766791
2025-10-15,course,-3.863222684370074,52.54622268437007,1.9924227678092352,0.8993670033608884
2025-10-15,sentiment,-3.366109901420783,52.049109901420785,2.0621116757944846,0.8398142922248116
2025-10-15,sentiment_change,-3.81921187441353,52.50221187441353,1.959575251389156,0.8991839469673193
2025-10-16,approval_only,-4.732185086275887,53.41518508627588,2.0238371596808116,0.9542444706766791
2025-10-16,course,-3.863222684370074,52.54622268437007,1.9924227678092352,0.8993670033608884
2025-10-16,sentiment,-3.366109901420783,52.049109901420785,2.0621116757944846,0.8398142922248116
2025-10-16,sentiment_change,-3.81921187441353,52.50221187441353,1.959575251389156,0.8991839469673193
2025-10-17,approval_only,-4.68120045706743,53.364200457067426,2.0224808501390363,0.9518840908104383
2025-10-17,course,-3.8176573976817316,52.500657397681735,1.9905596056220412,0.8954888660839753
2025-10-17,sentiment,-3.314538960758754,51.99753896075875,2.062361877208353,0.8336197623832851
2025-10-17,sentiment_change,-3.773122647221361,52.45612264722136,1.9576845473134827,0.89518907562067
2025-10-18,approval_only,-4.68120045706743,53.364200457067426,2.0224808501390363,0.9518840908104383
2025-10-18,course,-3.8176573976817316,52.500657397681735,1.9905596056220412,0.8954888660839753
2025-10-18,sentiment,-3.314538960758754,51.99753896075875,2.062361877208353,0.8336197623832851
2025-10-18,sentiment_change,-3.773122647221361,52.45612264722136,1.9576845473134827,0.89518907562067
2025-10-19,approval_only,-4.68120045706743,53.364200457067426,2.0224808501390363,0.9518840908104383
2025-10-19,course,-3.8176573976817316,52.500657397681735,1.9905596056220412,0.8954888660839753
2025-10-19,sentiment,-3.314538960758754,51.99753896075875,2.062361877208353,0.8336197623832851
2025-10-19,sentiment_change,-3.773122647221361,52.45612264722136,1.9576845473134827,0.89518907562067
2025-10-20,approval_only,-4.68120045706743,53.364200457067426,2.0224808501390363,0.9518840908104383
2025-10-20,course,-3.825754129201547,52.50875412920155,1.9897835300709852,0.8963127174964909
2025-10-20,sentiment,-3.321589783655633,52.00458978365563,2.061540797632142,0.8345678732487324
2025-10-20,sentiment_change,-3.780050933551899,52.4630509335519,1.9570428970924634,0.8959048893640629
2025-10-21,approval_only,-4.68120045706743,53.364200457067426,2.0224808501390363,0.9518840908104383
2025-10-21,course,-3.825754129201547,52.50875412920155,1.9897835300709852,0.8963127174964909
2025-10-21,sentiment,-3.321589783655633,52.00458978365563,2.061540797632142,0.8345678732487324
2025-10-21,sentiment_change,-3.780050933551899,52.4630509335519,1.9570428970924634,0.8959048893640629
2025-10-22,approval_only,-4.68120045706743,53.364200457067426,2.0224808501390363,0.9518840908104383
2025-10-22,course,-3.825754129201547,52.50875412920155,1.9897835300709852,0.8963127174964909
2025-10-22,sentiment,-3.321589783655633,52.00458978365563,2.061540797632142,0.8345678732487324
2025-10-22,sentiment_change,-3.780050933551899,52.4630509335519,1.9570428970924634,0.8959048893640629
2025-10-23,approval_only,-4.730877788091055,53.41387778809106,2.023801552678439,0.9541852378999875
2025-10-23,course,-3.8701510752055732,52.55315107520558,1.9915945280448244,0.9000722380419991
2025-10-23,sentiment,-3.3718383925058157,52.054838392505815,2.0612920870911595,0.8405859745322783
2025-10-23,sentiment_change,-3.824958385687859,52.50795838568786,1.9588786271062686,0.8997807216803502
2025-10-24,approval_only,-4.730877788091055,53.41387778809106,2.023801552678439,0.9541852378999875
2025-10-24,course,-3.8701510752055732,52.55315107520558,1.9915945280448244,0.9000722380419991
2025-10-24,sentiment,-3.3718383925058157,52.054838392505815,2.0612920870911595,0.8405859745322783
2025-10-24,sentiment_change,-3.824958385687859,52.50795838568786,1.9588786271062686,0.8997807216803502
2025-10-25,approval_only,-4.730877788091055,53.41387778809106,2.023801552678439,0.9541852378999875
2025-10-25,course,-3.8701510752055732,52.55315107520558,1.9915945280448244,0.9000722380419991
2025-10-25,sentiment,-3.3718383925058157,52.054838392505815,2.0612920870911595,0.8405859745322783
2025-10-25,sentiment_change,-3.824958385687859,52.50795838568786,1.9588786271062686,0.8997807216803502
2025-10-26,approval_only,-4.730877788091055,53.41387778809106,2.023801552678439,0.9541852378999875
2025-10-26,course,-3.8701510752055732,52.55315107520558,1.9915945280448244,0.9000722380419991
2025-10-26,sentiment,-3.3718383925058157,52.054838392505815,2.0612920870911595,0.8405859745322783
2025-10-26,sentiment_change,-3.824958385687859,52.50795838568786,1.9588786271062686,0.8997807216803502
2025-10-27,approval_only,-4.730877788091055,53.41387778809106,2.023801552678439,0.9541852378999875
2025-10-27,course,-3.880031832314499,52.5630318323145,1.9906528301580364,0.9010457668499693
2025-10-27,sentiment,-3.380442786549467,52.063442786549466,2.0602925310447135,0.8417144444622999
2025-10-27,sentiment_change,-3.8334132435827524,52.516413243582754,1.9580958399732058,0.9006270641005015
2025-10-28,approval_only,-4.725648595351727,53.40864859535173,2.023659561166181,0.9539476342672726
2025-10-28,course,-3.8753584695772325,52.55835846957723,1.9904592681598332,0.9006581226841462
2025-10-28,sentiment,-3.375153459302079,52.058153459302076,2.060314713475712,0.8410907875225929
2025-10-28,sentiment_change,-3.8286861433579142,52.51168614335791,1.9579000569384217,0.9002271515581056
2025-10-29,approval_only,-4.7531018572332036,53.436101857233204,2.0244128058803614,0.9551831016610326
2025-10-29,course,-3.8998936239478796,52.58289362394788,1.9914843161638764,0.9026790907742805
2025-10-29,sentiment,-3.402922427350865,52.085922427350866,2.06020999190624,0.8443458153739709
2025-10-29,sentiment_change,-3.8535034195383133,52.53650341953831,1.9589364811321166,0.9023117659191566
2025-10-30,approval_only,-4.7531018572332036,53.436101857233204,2.0244128058803614,0.9551831016610326
2025-10-30,course,-3.8998936239478796,52.58289362394788,1.9914843161638764,0.9026790907742805
2025-10-30,sentiment,-3.402922427350865,52.085922427350866,2.06020999190624,0.8443458153739709
2025-10-30,sentiment_change,-3.8535034195383133,52.53650341953831,1.9589364811321166,0.9023117659191566
2025-10-31,approval_only,-4.7531018572332036,53.436101857233204,2.0244128058803614,0.9551831016610326
2025-10-31,course,-3.891221318045061,52.57422131804506,1.9922111688068243,0.9018461519147569
2025-10-31,sentiment,-3.355596804306514,52.038596804306515,2.072592754064728,0.8373432432566537
2025-10-31,sentiment_change,-3.771168680903557,52.45416868090356,1.9641330285694634,0.8942574273986449
2025-11-01,approval_only,-4.7531018572332036,53.436101857233204,2.0244128058803614,0.9551831016610326
2025-11-01,course,-3.891221318045061,52.57422131804506,1.9922111688068243,0.9018461519147569
2025-11-01,sentiment,-3.355596804306514,52.038596804306515,2.072592754064728,0.8373432432566537
2025-11-01,sentiment_change,-3.771168680903557,52.45416868090356,1.9641330285694634,0.8942574273986449
2025-11-02,approval_only,-4.7531018572332036,53.436101857233204,2.0244128058803614,0.9551831016610326
2025-11-02,course,-3.891221318045061,52.57422131804506,1.9922111688068243,0.9018461519147569
2025-11-02,sentiment,-3.355596804306514,52.038596804306515,2.072592754064728,0.8373432432566537
2025-11-02,sentiment_change,-3.771168680903557,52.45416868090356,1.9641330285694634,0.8942574273986449
2025-11-03,approval_only,-4.791013504593339,53.47401350459334,2.0254846120421446,0.9568412970253122
2025-11-03,course,-3.9338681931758757,52.616868193175875,1.992812226313302,0.9054343721389057
2025-11-03,sentiment,-3.4015771894407294,52.08457718944073,2.071478753458378,0.8428699451871633
2025-11-03,sentiment_change,-3.812940270001989,52.49594027000199,1.9648305842439244,0.8980125537555486
2025-11-04,approval_only,-4.8576857120197845,53.54068571201979,2.027458294360022,0.959626376379626
2025-11-04,course,-3.993453568076016,52.67645356807601,1.9954430894678339,0.9100856799843082
2025-11-04,sentiment,-3.4690161118449216,52.15201611184492,2.0712273488898885,0.8505988552064169
2025-11-04,sentiment_change,-3.873210797868672,52.55621079786867,1.9673989158677299,0.9030768337940949
2025-11-05,approval_only,-4.8576857120197845,53.54068571201979,2.027458294360022,0.959626376379626
2025-11-05,course,-3.993453568076016,52.67645356807601,1.9954430894678339,0.9100856799843082
2025-11-05,sentiment,-3.4690161118449216,52.15201611184492,2.0712273488898885,0.8505988552064169
2025-11-05,sentiment_change,-3.873210797868672,52.55621079786867,1.9673989158677299,0.9030768337940949
2025-11-06,approval_only,-4.861607606574281,53.54460760657428,2.027577912936946,0.9597851241447427
2025-11-06,course,-3.9969585901289655,52.67995859012896,1.9956018397079394,0.9103530860131164
2025-11-06,sentiment,-3.472983107280463,52.15598310728046,2.071217857993237,0.8510448948233174
2025-11-06,sentiment_change,-3.8767561230373007,52.5597561230373,1.9675538572450255,0.9033680373728382
2025-11-07,approval_only,-4.902133850304081,53.58513385030408,2.028836832757038,0.9613932800324756
2025-11-07,course,-4.033177151342777,52.71617715134278,1.9972681835611854,0.9130765153229058
2025-11-07,sentiment,-3.5139753934477174,52.196975393447715,2.071154257481359,0.8555980717645564
2025-11-07,sentiment_change,-3.9133911497797946,52.59639114977979,1.969179996018682,0.9063341585167545
2025-11-08,approval_only,-4.902133850304081,53.58513385030408,2.028836832757038,0.9613932800324756
2025-11-08,course,-4.033177151342777,52.71617715134278,1.9972681835611854,0.9130765153229058
2025-11-08,sentiment,-3.5139753934477174,52.196975393447715,2.071154257481359,0.8555980717645564
2025-11-08,sentiment_change,-3.9133911497797946,52.59639114977979,1.969179996018682,0.9063341585167545
2025-11-09,approval_only,-4.902133850304081,53.58513385030408,2.028836832757038,0.9613932800324756
2025-11-09,course,-4.033177151342777,52.71617715134278,1.9972681835611854,0.9130765153229058
2025-11-09,sentiment,-3.5139753934477174,52.196975393447715,2.071154257481359,0.8555980717645564
2025-11-09,sentiment_change,-3.9133911497797946,52.59639114977979,1.969179996018682,0.9063341585167545
2025-11-10,approval_only,-4.896904657564752,53.579904657564754,2.0286720503810654,0.9611890499605276
2025-11-10,course,-4.0381995798506845,52.72119957985068,1.9961218589847383,0.9135970640653688
2025-11-10,sentiment,-3.5171293876501677,52.200129387650165,2.0701630050644724,0.8560593040053434
2025-11-10,sentiment_change,-3.916960634143848,52.59996063414385,1.9681729805872208,0.9067496674551598
2025-11-11,approval_only,-4.907363043043411,53.59036304304341,2.02900230830495,0.9615965501851931
2025-11-11,course,-4.047546305325216,52.73054630532522,1.9965571351891571,0.9142856371703445
2025-11-11,sentiment,-3.5277080421449423,52.210708042144944,2.0701538009857816,0.857216186082586
2025-11-11,sentiment_change,-3.9264148345935235,52.60941483459352,1.9685971445211272,0.9075006253682641
2025-11-12,approval_only,-4.945274690403545,53.62827469040354,2.0302227204692094,0.9630418699603291
2025-11-12,course,-4.081428185170394,52.764428185170395,1.9981613486573013,0.9167420463442422
2025-11-12,sentiment,-3.566055664688503,52.249055664688505,2.0701555488872905,0.8613531002325471
2025-11-12,sentiment_change,-3.960686311223599,52.6436863112236,1.9701602168805368,0.9101798894955953
2025-11-13,approval_only,-4.96488416317603,53.64788416317603,2.03086823971286,0.9637701546855327
2025-11-13,course,-4.098953295435141,52.781953295435144,1.9990072908686722,0.9179884319731313
2025-11-13,sentiment,-3.5858906418662064,52.26889064186621,2.070178050617807,0.8634580230055271
2025-11-13,sentiment_change,-3.9784129370667403,52.66141293706674,1.9709843517884074,0.9115395254774376
2025-11-14,approval_only,-4.970113355915358,53.65311335591536,2.031042019910121,0.963962174727863
2025-11-14,course,-4.1036266581724075,52.78662665817241,1.9992347357126543,0.9183180426833214
2025-11-14,sentiment,-3.591179969113594,52.2741799691136,2.070186538017739,0.8640153295518752
2025-11-14,sentiment_change,-3.9831400372915784,52.666140037291576,1.971205920728919,0.9118991042513208
2025-11-15,approval_only,-4.955733075882204,53.6387330758822,2.0305657874188183,0.9634319070709265
2025-11-15,course,-4.090774910644926,52.773774910644924,1.998611146696447,0.9174088222979144
2025-11-15,sentiment,-3.5766343191832783,52.25963431918328,2.0701657173127437,0.8624786791019706
2025-11-15,sentiment_change,-3.970140511673274,52.65314051167327,1.970598429045885,0.9109072367009882
2025-11-16,approval_only,-4.955733075882204,53.6387330758822,2.0305657874188183,0.9634319070709265
2025-11-16,course,-4.090774910644926,52.773774910644924,1.998611146696447,0.9174088222979144
2025-11-16,sentiment,-3.5766343191832783,52.25963431918328,2.0701657173127437,0.8624786791019706
2025-11-16,sentiment_change,-3.970140511673274,52.65314051167327,1.970598429045885,0.9109072367009882
2025-11-17,approval_only,-4.955733075882204,53.6387330758822,2.0305657874188183,0.9634319070709265
2025-11-17,course,-4.099169974203054,52.78216997420306,1.9978111568714885,0.9181309834126633
2025-11-17,sentiment,-3.583944936586307,52.266944936586306,2.0693049113549717,0.8633534419885995
2025-11-17,sentiment_change,-3.9773240775296257,52.66032407752962,1.9699096861784902,0.9115690037887572
2025-11-18,approval_only,-4.934816304924888,53.61781630492489,2.0298824205324424,0.9626481069512223
2025-11-18,course,-4.08047652325399,52.76347652325399,1.9969161472499324,0.9168011880032418
2025-11-18,sentiment,-3.562787627596757,52.245787627596755,2.0692903128314697,0.8611041903265616
2025-11-18,sentiment_change,-3.958415676630274,52.641415676630274,1.9690386768277763,0.9101168196163792
2025-11-19,approval_only,-4.93612360310972,53.61912360310972,2.0299248066558504,0.9626975320258465
2025-11-19,course,-4.0816448639383065,52.76464486393831,1.9969717175867179,0.9168848472675993
2025-11-19,sentiment,-3.5641099594086034,52.247109959408604,2.069290734178798,0.8612455607864693
2025-11-19,sentiment_change,-3.9595974516864834,52.642597451686484,1.9690927591306613,0.9102081743678293
2025-11-20,approval_only,-4.942660094033882,53.62566009403388,2.0301373860230165,0.9629437795830665
2025-11-20,course,-4.08748656735989,52.77048656735989,1.9972503050053672,0.917302047463851
2025-11-20,sentiment,-3.5707216184678385,52.253721618467836,2.0692938230398514,0.8619508279543875
2025-11-20,sentiment_change,-3.9655063269675317,52.648506326967535,1.9693638824044628,0.910663759579474
2025-11-21,approval_only,-4.955733075882204,53.6387330758822,2.0305657874188183,0.9634319070709265
2025-11-21,course,-4.099169974203054,52.78216997420306,1.9978111568714885,0.9181309834126633
2025-11-21,sentiment,-3.583944936586307,52.266944936586306,2.0693049113549717,0.8633534419885995
2025-11-21,sentiment_change,-3.9773240775296257,52.66032407752962,1.9699096861784902,0.9115690037887572
2025-11-22,approval_only,-4.955733075882204,53.6387330758822,2.0305657874188183,0.9634319070709265
2025-11-22,course,-4.099169974203054,52.78216997420306,1.9978111568714885,0.9181309834126633
2025-11-22,sentiment,-3.583944936586307,52.266944936586306,2.0693049113549717,0.8633534419885995
2025-11-22,sentiment_change,-3.9773240775296257,52.66032407752962,1.9699096861784902,0.9115690037887572
2025-11-23,approval_only,-4.955733075882204,53.6387330758822,2.0305657874188183,0.9634319070709265
2025-11-23,course,-4.099169974203054,52.78216997420306,1.9978111568714885,0.9181309834126633
2025-11-23,sentiment,-3.583944936586307,52.266944936586306,2.0693049113549717,0.8633534419885995
2025-11-23,sentiment_change,-3.9773240775296257,52.66032407752962,1.9699096861784902,0.9115690037887572
2025-11-24,approval_only,-4.955733075882204,53.6387330758822,2.0305657874188183,0.9634319070709265
2025-11-24,course,-4.106037577725019,52.78903757772502,1.9971623663321139,0.9187180347959527
2025-11-24,sentiment,-3.589925406117854,52.27292540611786,2.0686047938561214,0.864066275908598
2025-11-24,sentiment_change,-3.9832006122138184,52.66620061221382,1.9693503894120294,0.9121075234775384
2025-11-25,approval_only,-4.9596549704367,53.6426549704367,2.030695150609552,0.9635772159994773
2025-11-25,course,-4.109542599777968,52.79254259977797,1.9973313549049962,0.918964014373385
2025-11-25,sentiment,-3.5938924015533953,52.2768924015534,2.0686091598409457,0.8644836723091813
2025-11-25,sentiment_change,-3.986745937382447,52.669745937382444,1.9695146897316362,0.9123764046431566
2025-11-26,approval_only,-4.98841553050301,53.67141553050301,2.031655690398693,0.9646270597459411
2025-11-26,course,-4.13524609483293,52.81824609483293,1.9985840722613168,0.9207480747756657
2025-11-26,sentiment,-3.622983701414027,52.30598370141403,2.068659188017268,0.8675156078812059
2025-11-26,sentiment_change,-4.012744988619056,52.695744988619055,1.9707325882456024,0.9143267121259812
2025-11-27,approval_only,-4.98841553050301,53.67141553050301,2.031655690398693,0.9646270597459411
2025-11-27,course,-4.13524609483293,52.81824609483293,1.9985840722613168,0.9207480747756657
2025-11-27,sentiment,-3.622983701414027,52.30598370141403,2.068659188017268,0.8675156078812059
2025-11-27,sentiment_change,-4.012744988619056,52.695744988619055,1.9707325882456024,0.9143267121259812
2025-11-28,approval_only,-4.98841553050301,53.67141553050301,2.031655690398693,0.9646270597459411
2025-11-28,course,-4.13524609483293,52.81824609483293,1.9985840722613168,0.9207480747756657
2025-11-28,sentiment,-3.622983701414027,52.30598370141403,2.068659188017268,0.8675156078812059
2025-11-28,sentiment_change,-4.012744988619056,52.695744988619055,1.9707325882456024,0.9143267121259812
2025-11-29,approval_only,-5.017176090569319,53.70017609056932,2.032637111433636,0.9656495771842698
2025-11-29,course,-4.160949589887894,52.84394958988789,1.9998604611341069,0.9224976169161216
2025-11-29,sentiment,-3.6520750012746594,52.33507500127466,2.0687409136113692,0.8704966819154828
2025-11-29,sentiment_change,-4.038744039855664,52.721744039855665,1.971973388305758,0.9162395210097758
2025-11-30,approval_only,-5.018483388754152,53.701483388754156,2.0326822171384826,0.9656954150858427
2025-11-30,course,-4.146580809891581,52.82958080989158,2.001129292579304,0.92131787423895
2025-11-30,sentiment,-3.600089751289352,52.28308975128935,2.0826442077933143,0.8635143667643763
2025-11-30,sentiment_change,-3.927671934082519,52.61067193408252,1.981276337864884,0.9061932286454285
2025-12-01,approval_only,-5.022405283308649,53.70540528330865,2.0328177927085815,0.9658325975281754
2025-12-01,course,-4.154781578227578,52.83778157822758,2.0008512035654036,0.9219465285938949
2025-12-01,sentiment,-3.6081459122516772,52.29114591225168,2.0821568797227017,0.8644148361185703
2025-12-01,sentiment_change,-3.9352353589874296,52.61823535898743,1.9810430723566934,0.9068567781205342
2025-12-02,approval_only,-5.022405283308649,53.70540528330865,2.0328177927085815,0.9658325975281754
2025-12-02,course,-4.154781578227578,52.83778157822758,2.0008512035654036,0.9219465285938949
2025-12-02,sentiment,-3.6081459122516772,52.29114591225168,2.0821568797227017,0.8644148361185703
2025-12-02,sentiment_change,-3.9352353589874296,52.61823535898743,1.9810430723566934,0.9068567781205342
2025-12-03,approval_only,-5.039400159711469,53.72240015971147,2.0334097650445835,0.9664213437867036
2025-12-03,course,-4.169970007123691,52.85297000712369,2.0016104357458935,0.9229701380314834
2025-12-03,sentiment,-3.625336225805686,52.30833622580569,2.082162332470839,0.8662039030808479
2025-12-03,sentiment_change,-3.9505984347181515,52.63359843471815,1.981753078779885,0.9080634114758832
2025-12-04,approval_only,-5.039400159711469,53.72240015971147,2.0334097650445835,0.9664213437867036
2025-12-04,course,-4.169970007123691,52.85297000712369,2.0016104357458935,0.9229701380314834
2025-12-04,sentiment,-3.625336225805686,52.30833622580569,2.082162332470839,0.8662039030808479
2025-12-04,sentiment_change,-3.9505984347181515,52.63359843471815,1.981753078779885,0.9080634114758832
2025-12-05,approval_only,-4.993644723242339,53.67664472324234,2.0318325783143836,0.9648149880209859
2025-12-05,course,-4.129078083172614,52.812078083172615,1.9995851488494867,0.920187033508388
2025-12-05,sentiment,-3.579054612391044,52.26205461239104,2.0821727040816747,0.8613470775277773
2025-12-05,sentiment_change,-3.9092363077508194,52.59223630775082,1.979859683471024,0.9047841403168144
2025-12-06,approval_only,-4.993644723242339,53.67664472324234,2.0318325783143836,0.9648149880209859
2025-12-06,course,-4.129078083172614,52.812078083172615,1.9995851488494867,0.920187033508388
2025-12-06,sentiment,-3.579054612391044,52.26205461239104,2.0821727040816747,0.8613470775277773
2025-12-06,sentiment_change,-3.9092363077508194,52.59223630775082,1.979859683471024,0.9047841403168144
2025-12-07,approval_only,-4.993644723242339,53.67664472324234,2.0318325783143836,0.9648149880209859
2025-12-07,course,-4.129078083172614,52.812078083172615,1.9995851488494867,0.920187033508388
2025-12-07,sentiment,-3.579054612391044,52.26205461239104,2.0821727040816747,0.8613470775277773
2025-12-07,sentiment_change,-3.9092363077508194,52.59223630775082,1.979859683471024,0.9047841403168144
2025-12-08,approval_only,-4.993644723242339,53.67664472324234,2.0318325783143836,0.9648149880209859
2025-12-08,course,-4.1308800086840245,52.81388000868402,1.999412647263228,0.9203386757421831
2025-12-08,sentiment,-3.5806237712081828,52.26362377120818,2.0819866616882834,0.8615351086820762
2025-12-08,sentiment_change,-3.9107781960867234,52.593778196086724,1.9797087918429452,0.9049328095823965
2025-12-09,approval_only,-4.993644723242339,53.67664472324234,2.0318325783143836,0.9648149880209859
2025-12-09,course,-4.1308800086840245,52.81388000868402,1.999412647263228,0.9203386757421831
2025-12-09,sentiment,-3.5806237712081828,52.26362377120818,2.0819866616882834,0.8615351086820762
2025-12-09,sentiment_change,-3.9107781960867234,52.593778196086724,1.9797087918429452,0.9049328095823965
2025-12-10,approval_only,-4.993644723242339,53.67664472324234,2.0318325783143836,0.9648149880209859
2025-12-10,course,-4.1308800086840245,52.81388000868402,1.999412647263228,0.9203386757421831
2025-12-10,sentiment,-3.5806237712081828,52.26362377120818,2.0819866616882834,0.8615351086820762
2025-12-10,sentiment_change,-3.9107781960867234,52.593778196086724,1.9797087918429452,0.9049328095823965
2025-12-11,approval_only,-4.835461642877637,53.51846164287764,2.0267878377627073,0.9587162487475744
2025-12-11,course,-3.9895107858817296,52.67251078588173,1.9928760399495162,0.9100449882800571
2025-12-11,sentiment,-3.420621621974706,52.1036216219747,2.082639115709912,0.8437703111044406
2025-12-11,sentiment_change,-3.767783414285377,52.450783414285375,1.9736138226673412,0.892840122190448
2025-12-12,approval_only,-4.8419981338017974,53.524998133801795,2.0269837277917198,0.9589858045477244
2025-12-12,course,-3.995352489303312,52.678352489303315,1.9931318694509181,0.9104919951810283
2025-12-12,sentiment,-3.4272332810339403,52.11023328103394,2.082593292431183,0.8445348493288397
2025-12-12,sentiment_change,-3.7736922895664238,52.456692289566426,1.9738518946097225,0.8933639641567264
2025-12-13,approval_only,-4.8433054319866296,53.52630543198663,2.0270230361341492,0.9590395279850139
2025-12-13,course,-3.9965208299876283,52.67952082998763,1.993183183505958,0.9105811680995847
2025-12-13,sentiment,-3.428555612845787,52.111555612845784,2.0825843228260164,0.844687441622707
2025-12-13,sentiment_change,-3.774874064622633,52.45787406462263,1.9738996520226417,0.8934684786713996
2025-12-14,approval_only,-4.840690835616965,53.52369083561697,2.026944462891469,0.9589320186092727
2025-12-14,course,-3.994184148618996,52.677184148619,1.993080604775721,0.9104027461600294
2025-12-14,sentiment,-3.425910949222094,52.10891094922209,2.0826023270543437,0.8443821519168455
2025-12-14,sentiment_change,-3.7725105145102154,52.455510514510216,1.9738041848670116,0.8932593650619566
2025-12-15,approval_only,-4.840690835616965,53.52369083561697,2.026944462891469,0.9589320186092727
2025-12-15,course,-3.9911948615950985,52.6741948615951,1.9933631549831892,0.9101289059335326
2025-12-15,sentiment,-3.423307808270482,52.10630780827048,2.082906979592086,0.8440479435676495
2025-12-15,sentiment_change,-3.7699526136615793,52.45295261366158,1.9740484153592357,0.8929923699632969
2025-12-16,approval_only,-4.840690835616965,53.52369083561697,2.026944462891469,0.9589320186092727
2025-12-16,course,-3.9911948615950985,52.6741948615951,1.9933631549831892,0.9101289059335326
2025-12-16,sentiment,-3.423307808270482,52.10630780827048,2.082906979592086,0.8440479435676495
2025-12-16,sentiment_change,-3.7699526136615793,52.45295261366158,1.9740484153592357,0.8929923699632969
2025-12-17,approval_only,-4.785784311854011,53.46878431185401,2.0253345984514866,0.9566158431973437
2025-12-17,course,-3.942124552853805,52.625124552853805,1.99125328164875,0.9063030302663946
2025-12-17,sentiment,-3.367769872172911,52.05076987217291,2.0833436239359346,0.837531880207649
2025-12-17,sentiment_change,-3.7203180613007802,52.40331806130078,1.9720854332099234,0.8885149485220621
2025-12-18,approval_only,-4.785784311854011,53.46878431185401,2.0253345984514866,0.9566158431973437
2025-12-18,course,-3.942124552853805,52.625124552853805,1.99125328164875,0.9063030302663946
2025-12-18,sentiment,-3.367769872172911,52.05076987217291,2.0833436239359346,0.837531880207649
2025-12-18,sentiment_change,-3.7203180613007802,52.40331806130078,1.9720854332099234,0.8885149485220621
2025-12-19,approval_only,-4.785784311854011,53.46878431185401,2.0253345984514866,0.9566158431973437
2025-12-19,course,-3.942124552853805,52.625124552853805,1.99125328164875,0.9063030302663946
2025-12-19,sentiment,-3.367769872172911,52.05076987217291,2.0833436239359346,0.837531880207649
2025-12-19,sentiment_change,-3.7203180613007802,52.40331806130078,1.9720854332099234,0.8885149485220621
2025-12-20,approval_only,-4.830232450138307,53.513232450138304,2.026631907910312,0.9584994744807244
2025-12-20,course,-3.9818481361205658,52.66484813612057,1.9929545507991104,0.9094106188952149
2025-12-20,sentiment,-3.4127291537757056,52.09572915377571,2.08298131092775,0.8428210751763228
2025-12-20,sentiment_change,-3.760498413211902,52.4434984132119,1.9736680237726696,0.8921511185368153
2025-12-21,approval_only,-4.830232450138307,53.513232450138304,2.026631907910312,0.9584994744807244
2025-12-21,course,-3.9818481361205658,52.66484813612057,1.9929545507991104,0.9094106188952149
2025-12-21,sentiment,-3.4127291537757056,52.09572915377571,2.08298131092775,0.8428210751763228
2025-12-21,sentiment_change,-3.760498413211902,52.4434984132119,1.9736680237726696,0.8921511185368153
2025-12-22,approval_only,-4.8380762392473,53.5210762392473,2.0268660634275997,0.9588242590096531
2025-12-22,course,-3.98549896147506,52.66849896147506,1.9935793007698217,0.9096408535006347
2025-12-22,sentiment,-3.417737858507551,52.10073785850755,2.0832682684274078,0.8433653240201346
2025-12-22,sentiment_change,-3.764714616088515,52.44771461608852,1.9742282039923735,0.8924815406826052
2025-12-23,approval_only,-4.856378413834952,53.53937841383495,2.027418508320996,0.9595733368417232
2025-12-23,course,-4.001855731055492,52.68485573105549,1.9943010979633404,0.91089130084616865
2025-12-23,sentiment,-3.436250503873408,52.11925050387341,2.08314694109404,0.8455020649099991
2025-12-23,sentiment_change,-3.781259466875448,52.46425946687545,1.9749007388718929,0.8939458354957082
2025-12-24,approval_only,-4.856378413834952,53.53937841383495,2.027418508320996,0.9595733368417232
2025-12-24,course,-4.001855731055492,52.68485573105549,1.9943010979633404,0.91089130084616865
2025-12-24,sentiment,-3.436250503873408,52.11925050387341,2.08314694109404,0.8455020649099991
2025-12-24,sentiment_change,-3.781259466875448,52.46425946687545,1.9749007388718929,0.8939458354957082
2025-12-25,approval_only,-4.899519253934416,53.582519253934414,2.0287543549119857,0.9612912852030172
2025-12-25,course,-4.040410973637935,52.72341097363793,1.9960407049986402,0.9137801731997466
2025-12-25,sentiment,-3.4798874536643565,52.162887453664354,2.08291137181141,0.8504572033844182
2025-12-25,sentiment_change,-3.8202580437303606,52.50325804373036,1.9765229068460457,0.8973321914864435
2025-12-26,approval_only,-4.898211955749584,53.58121195574958,2.02871318098094,0.9612401976604914
2025-12-26,course,-4.039242632953619,52.722242632953616,1.995987201875711,0.913693831284835
2025-12-26,sentiment,-3.47856512185251,52.16156512185251,2.0829174699177098,0.850308728044356
2025-12-26,sentiment_change,-3.8190762686741513,52.50207626867415,1.97647298964521,0.8972309110687333
2025-12-27,approval_only,-4.898211955749584,53.58121195574958,2.02871318098094,0.9612401976604914
2025-12-27,course,-4.039242632953619,52.722242632953616,1.995987201875711,0.913693831284835
2025-12-27,sentiment,-3.47856512185251,52.16156512185251,2.0829174699177098,0.850308728044356
2025-12-27,sentiment_change,-3.8190762686741513,52.50207626867415,1.97647298964521,0.8972309110687333
2025-12-28,approval_only,-4.9034411484889135,53.586441148488916,2.02887813666576,0.96144418742773
2025-12-28,course,-4.0439159956908854,52.72691599569089,1.9962015094936258,0.9140387518993341
2025-12-28,sentiment,-3.4838544490998977,52.1668544490999,2.0828934676706123,0.8509019994875491
2025-12-28,sentiment_change,-3.8238033688989885,52.506803368898986,1.9766729434143777,0.8976355341630422
2025-12-29,approval_only,-4.9034411484889135,53.586441148488916,2.02887813666576,0.96144418742773
2025-12-29,course,-4.039852713329062,52.72285271332906,1.9965907332050352,0.9136770348202179
2025-12-29,sentiment,-3.4803160479261503,52.16331604792615,2.0833120492151482,0.8504586031120112
2025-12-29,sentiment_change,-3.8203264617574293,52.50332646175743,1.9770106097050053,0.8972824813156934
2025-12-30,approval_only,-4.9034411484889135,53.586441148488916,2.02887813666576,0.96144418742773
2025-12-30,course,-4.039852713329062,52.72285271332906,1.9965907332050352,0.9136770348202179
2025-12-30,sentiment,-3.4803160479261503,52.16331604792615,2.0833120492151482,0.8504586031120112
2025-12-30,sentiment_change,-3.8203264617574293,52.50332646175743,1.9770106097050053,0.8972824813156934
2025-12-31,approval_only,-4.8864462720860935,53.5694462720861,2.028344565819987,0.9607776961858402
2025-12-31,course,-4.0093279960995405,52.69232799609954,1.99728269031647,0.91117007836336406
2025-12-31,sentiment,-3.397513490583453,52.080513490583456,2.1024317013976193,0.8388090108366277
2025-12-31,sentiment_change,-3.6560528462490076,52.339052846249004,1.9939018616258033,0.8796228075812342
2026-01-01,approval_only,-4.878602482977101,53.5616024829771,2.028100773227131,0.9604666352503181
2026-01-01,course,-4.002317951993643,52.68531795199364,1.9969687557437767,0.9106384526904353
2026-01-01,sentiment,-3.3895794997123723,52.072579499712376,2.102506266523553,0.8378760590336765
2026-01-01,sentiment_change,-3.648962195911751,52.33196219591175,1.993627479893812,0.8789407697306222
2026-01-02,approval_only,-4.885138973901261,53.56813897390126,2.028303825318953,0.9607260046281025
2026-01-02,course,-4.008159655415224,52.69115965541523,1.9972302448253896,0.9110816629472935
2026-01-02,sentiment,-3.3961911587716065,52.07919115877161,2.102443967995617,0.8386537765161364
2026-01-02,sentiment_change,-3.6548710711927983,52.3378710711928,1.9938560131225285,0.8795093499218312
2026-01-03,approval_only,-4.885138973901261,53.56813897390126,2.028303825318953,0.9607260046281025
2026-01-03,course,-4.008159655415224,52.69115965541523,1.9972302448253896,0.9110816629472935
2026-01-03,sentiment,-3.3961911587716065,52.07919115877161,2.102443967995617,0.8386537765161364
2026-01-03,sentiment_change,-3.6548710711927983,52.3378710711928,1.9938560131225285,0.8795093499218312
2026-01-04,approval_only,-4.885138973901261,53.56813897390126,2.028303825318953,0.9607260046281025
2026-01-04,course,-4.008159655415224,52.69115965541523,1.9972302448253896,0.9110816629472935
2026-01-04,sentiment,-3.3961911587716065,52.07919115877161,2.102443967995617,0.8386537765161364
2026-01-04,sentiment_change,-3.6548710711927983,52.3378710711928,1.9938560131225285,0.8795093499218312
2026-01-05,approval_only,-4.885138973901261,53.56813897390126,2.028303825318953,0.9607260046281025
2026-01-05,course,-4.000295622885294,52.683295622885296,1.9980022300451894,0.9103622812429236
2026-01-05,sentiment,-3.389342975589522,52.07234297558952,2.1032715755511866,0.8377604069941788
2026-01-05,sentiment_change,-3.6481419028923936,52.33114190289239,1.9945352912202072,0.8787507224523982
2026-01-06,approval_only,-4.8720659920529386,53.55506599205294,2.027898805396094,0.9602057415711278
2026-01-06,course,-3.988612216042129,52.67161221604213,1.9974796253876324,0.9094688884804213
2026-01-06,sentiment,-3.376119657471053,52.05911965747105,2.103396835619523,0.8361975781197929
2026-01-06,sentiment_change,-3.636324152330298,52.319324152330296,1.9940780093137824,0.8776067565887937
2026-01-07,approval_only,-4.881217079346765,53.56421707934676,2.0281818639707634,0.9605705655367301
2026-01-07,course,-3.9967906008323446,52.67979060083235,1.9978449319112874,0.9100950597485734
2026-01-07,sentiment,-3.385375980153981,52.06837598015398,2.1033084779852764,0.8372926391584001
2026-01-07,sentiment_change,-3.6445965777237648,52.32759657772377,1.9943976102807868,0.8784084387014041
2026-01-08,approval_only,-4.881217079346765,53.56421707934676,2.0281818639707634,0.9605705655367301
2026-01-08,course,-3.9967906008323446,52.67979060083235,1.9978449319112874,0.9100950597485734
2026-01-08,sentiment,-3.385375980153981,52.06837598015398,2.1033084779852764,0.8372926391584001
2026-01-08,sentiment_change,-3.6445965777237648,52.32759657772377,1.9943976102807868,0.8784084387014041
2026-01-09,approval_only,-4.881217079346765,53.56421707934676,2.0281818639707634,0.9605705655367301
2026-01-09,course,-3.9967906008323446,52.67979060083235,1.9978449319112874,0.9100950597485734
2026-01-09,sentiment,-3.385375980153981,52.06837598015398,2.1033084779852764,0.8372926391584001
2026-01-09,sentiment_change,-3.6445965777237648,52.32759657772377,1.9943976102807868,0.8784084387014041
2026-01-10,approval_only,-4.881217079346765,53.56421707934676,2.0281818639707634,0.9605705655367301
2026-01-10,course,-3.9967906008323446,52.67979060083235,1.9978449319112874,0.9100950597485734
2026-01-10,sentiment,-3.385375980153981,52.06837598015398,2.1033084779852764,0.8372926391584001
2026-01-10,sentiment_change,-3.6445965777237648,52.32759657772377,1.9943976102807868,0.8784084387014041
2026-01-11,approval_only,-4.881217079346765,53.56421707934676,2.0281818639707634,0.9605705655367301
2026-01-11,course,-3.9967906008323446,52.67979060083235,1.9978449319112874,0.9100950597485734
2026-01-11,sentiment,-3.385375980153981,52.06837598015398,2.1033084779852764,0.8372926391584001
2026-01-11,sentiment_change,-3.6445965777237648,52.32759657772377,1.9943976102807868,0.8784084387014041
2026-01-12,approval_only,-4.900826552119249,53.58382655211925,2.0287955721715654,0.9613423126422891
2026-01-12,course,-4.0056461820637175,52.68864618206372,1.9994957254187185,0.9106328153554891
2026-01-12,sentiment,-3.3976613289829993,52.080661328983,2.1040488308977463,0.838640178669227
2026-01-12,sentiment_change,-3.6549047805468113,52.33790478054681,1.9958465153060494,0.8792779816679321
2026-01-13,approval_only,-4.900826552119249,53.58382655211925,2.0287955721715654,0.9613423126422891
2026-01-13,course,-4.0056461820637175,52.68864618206372,1.9994957254187185,0.9106328153554891
2026-01-13,sentiment,-3.3976613289829993,52.080661328983,2.1040488308977463,0.838640178669227
2026-01-13,sentiment_change,-3.6549047805468113,52.33790478054681,1.9958465153060494,0.8792779816679321
2026-01-14,approval_only,-4.911284937597907,53.594284937597905,2.0291268697579805,0.9617483749362595
2026-01-14,course,-4.014992907538249,52.69799290753825,1.999922820186119,0.9113393079514298
2026-01-14,sentiment,-3.408239983477775,52.09123998347778,2.1039602634991645,0.8398773990965532
2026-01-14,sentiment_change,-3.6643589809964867,52.34735898099649,1.9962215040969327,0.8801827922073979
2026-01-15,approval_only,-4.9178214285220685,53.60082142852207,2.029335338237614,0.9620002245819103
2026-01-15,course,-4.020834610959832,52.70383461095983,2.0001913500296773,0.9117784236839004
2026-01-15,sentiment,-3.414851642537009,52.09785164253701,2.103906999912738,0.84064731611179
2026-01-15,sentiment_change,-3.6702678562775333,52.35326785627753,1.9964574051558261,0.8807455129938244
2026-01-16,approval_only,-4.943967392218714,53.62696739221872,2.030180031627455,0.9629928539070344
2026-01-16,course,-4.044201424646162,52.72720142464616,2.0012777324578326,0.9135162076604844
2026-01-16,sentiment,-3.4412982787739477,52.12429827877395,2.103710033111482,0.8437012380413211
2026-01-16,sentiment_change,-3.693903357401724,52.37690335740172,1.997412792976103,0.8829750461524373
2026-01-17,approval_only,-4.943967392218714,53.62696739221872,2.030180031627455,0.9629928539070344
2026-01-17,course,-4.044201424646162,52.72720142464616,2.0012777324578326,0.9135162076604844
2026-01-17,sentiment,-3.4412982787739477,52.12429827877395,2.103710033111482,0.8437012380413211
2026-01-17,sentiment_change,-3.693903357401724,52.37690335740172,1.997412792976103,0.8829750461524373
2026-01-18,approval_only,-4.943967392218714,53.62696739221872,2.030180031627455,0.9629928539070344
2026-01-18,course,-4.044201424646162,52.72720142464616,2.0012777324578326,0.9135162076604844
2026-01-18,sentiment,-3.4412982787739477,52.12429827877395,2.103710033111482,0.8437012380413211
2026-01-18,sentiment_change,-3.693903357401724,52.37690335740172,1.997412792976103,0.8829750461524373
2026-01-19,approval_only,-4.943967392218714,53.62696739221872,2.030180031627455,0.9629928539070344
2026-01-19,course,-4.032166710220616,52.715166710220615,2.0024889855692845,0.9124338622241552
2026-01-19,sentiment,-3.430818168395902,52.1138181683959,2.1050000437145795,0.8423562704162351
2026-01-19,sentiment_change,-3.6836053813304668,52.366605381330466,1.9984792142364778,0.8818336723037821
2026-01-20,approval_only,-4.996259319612004,53.679259319612,2.0319212810749248,0.9649086144661344
2026-01-20,course,-4.078900337593275,52.761900337593275,2.0047256200924033,0.915851252453313
2026-01-20,sentiment,-3.4837114408697785,52.166711440869776,2.1046890307835087,0.8483702552536676
2026-01-20,sentiment_change,-3.7308763835788454,52.413876383578845,2.0004548911639053,0.8862191659344661
2026-01-21,approval_only,-5.036785563341804,53.7197855633418,2.0333182188701824,0.9663313687998808
2026-01-21,course,-4.115118898807086,52.79811889880709,2.0065127206593245,0.9184194407008517
2026-01-21,sentiment,-3.524703727037034,52.207703727037035,2.104518814565675,0.852917883204954
2026-01-21,sentiment_change,-3.7675114103213403,52.45051141032134,2.002037675400276,0.8895255157074429
2026-01-22,approval_only,-5.030249072417642,53.71324907241764,2.033090106639957,0.9661054764527663
2026-01-22,course,-4.109277195385504,52.7922771953855,2.006221312330728,0.918009901982072
2026-01-22,sentiment,-3.5180920679777987,52.2010920679778,2.104542085132918,0.8521910773398315
2026-01-22,sentiment_change,-3.761602535040292,52.44460253504029,2.00177934295085,0.8889976466266538
2026-01-23,approval_only,-5.030249072417642,53.71324907241764,2.033090106639957,0.9661054764527663
2026-01-23,course,-4.109277195385504,52.7922771953855,2.006221312330728,0.918009901982072
2026-01-23,sentiment,-3.5180920679777987,52.2010920679778,2.104542085132918,0.8521910773398315
2026-01-23,sentiment_change,-3.761602535040292,52.44460253504029,2.00177934295085,0.8889976466266538
2026-01-24,approval_only,-5.030249072417642,53.71324907241764,2.033090106639957,0.9661054764527663
2026-01-24,course,-4.109277195385504,52.7922771953855,2.006221312330728,0.918009901982072
2026-01-24,sentiment,-3.5180920679777987,52.2010920679778,2.104542085132918,0.8521910773398315
2026-01-24,sentiment_change,-3.761602535040292,52.44460253504029,2.00177934295085,0.8889976466266538
2026-01-25,approval_only,-5.0237125814934815,53.706712581493484,2.0328630707075575,0.9658782147630849
2026-01-25,course,-4.103435491963921,52.78643549196392,2.0059311210730137,0.917598568293935
2026-01-25,sentiment,-3.5114804089185645,52.194480408918565,2.104566964884742,0.8514617020768864
2026-01-25,sentiment_change,-3.7556936597592445,52.438693659759245,2.001522180898486,0.8884677011722651
2026-01-26,approval_only,-5.0237125814934815,53.706712581493484,2.0328630707075575,0.9658782147630849
2026-01-26,course,-4.094509397377596,52.7775093973776,2.0068452357530244,0.916823487795535
2026-01-26,sentiment,-3.50370735729459,52.18670735729459,2.1055372463842867,0.8504931473526842
2026-01-26,sentiment_change,-3.748055696346948,52.431055696346945,2.0023298487018097,0.8876478068206444
2026-01-27,approval_only,-5.025019879678314,53.70801987967831,2.0329083917728776,0.9659237769624709
2026-01-27,course,-4.095677738061912,52.778677738061916,2.0069032698731615,0.9169064558847231
2026-01-27,sentiment,-3.5050296891064363,52.188029689106436,2.105532245703397,0.8506397819354904
2026-01-27,sentiment_change,-3.7492374714031573,52.432237471403155,2.0023813423153483,0.887754479876325
2026-01-28,approval_only,-5.018483388754152,53.701483388754156,2.0326822171384826,0.9656954150858427
2026-01-28,course,-4.089836034640331,52.77283603464033,2.006613586078659,0.9164908928166341
2026-01-28,sentiment,-3.498418030047202,52.181418030047205,2.1055578924627096,0.8499055816448821
2026-01-28,sentiment_change,-3.7433285961221108,52.42632859612211,2.0021243423546684,0.8872202809863277
2026-01-29,approval_only,-5.018483388754152,53.701483388754156,2.0326822171384826,0.9656954150858427
2026-01-29,course,-4.089836034640331,52.77283603464033,2.006613586078659,0.9164908928166341
2026-01-29,sentiment,-3.498418030047202,52.181418030047205,2.1055578924627096,0.8499055816448821
2026-01-29,sentiment_change,-3.7433285961221108,52.42632859612211,2.0021243423546684,0.8872202809863277
2026-01-30,approval_only,-4.998873915981669,53.68187391598167,2.0320101563404838,0.9650020163471564
2026-01-30,course,-4.072310924375583,52.755310924375586,2.0057518407819672,0.915233326399746
2026-01-30,sentiment,-3.4785830528694985,52.161583052869496,2.105644482594553,0.8476875667409688
2026-01-30,sentiment_change,-3.7256019702789684,52.408601970278966,2.0013603674916745,0.885605150172148
2026-01-31,approval_only,-4.998873915981669,53.68187391598167,2.0320101563404838,0.9650020163471564
2026-01-31,course,-4.0573215282782895,52.74032152827829,2.0072414019846123,0.9139076845648237
2026-01-31,sentiment,-3.4119864361214907,52.09498643612149,2.126042626261926,0.8377843412928916
2026-01-31,sentiment_change,-3.6046692543091945,52.28766925430919,2.019445294904432,0.8713552030725129
2026-02-01,approval_only,-5.001488512351333,53.68448851235134,2.0320992040884276,0.9650951940867445
2026-02-01,course,-4.059658209646922,52.74265820964692,2.0073544683544022,0.9140783553067678
2026-02-01,sentiment,-3.4146310997451836,52.097631099745186,2.1260190672504753,0.8380922278627914
2026-02-01,sentiment_change,-3.607032804421613,52.290032804421614,2.0195404620066557,0.8715896318996237
2026-02-02,approval_only,-5.001488512351333,53.68448851235134,2.0320992040884276,0.9650951940867445
2026-02-02,course,-4.053936201152077,52.736936201152076,2.0079543340313553,0.913566156203454
2026-02-02,sentiment,-3.4096482411172486,52.092648241117246,2.1266535706055674,0.8374446859002461
2026-02-02,sentiment_change,-3.602136543116539,52.285136543116536,2.020072486487277,0.8710177205471662
2026-02-03,approval_only,-5.001488512351333,53.68448851235134,2.0320992040884276,0.9650951940867445
2026-02-03,course,-4.053936201152077,52.736936201152076,2.0079543340313553,0.913566156203454
2026-02-03,sentiment,-3.4096482411172486,52.092648241117246,2.1266535706055674,0.8374446859002461
2026-02-03,sentiment_change,-3.602136543116539,52.285136543116536,2.020072486487277,0.8710177205471662
2026-02-04,approval_only,-4.934816304924888,53.61781630492489,2.0298824205324424,0.9626481069512223
2026-02-04,course,-3.994350826251937,52.67735082625194,2.0051290683768803,0.9091029139600775
2026-02-04,sentiment,-3.3422093187130564,52.02520931871305,2.1273303560226537,0.8294504147814259
2026-02-04,sentiment_change,-3.5418660152498553,52.22486601524986,2.017698948174998,0.8649158178338786
2026-02-05,approval_only,-4.972727952285023,53.65572795228502,2.031129169113578,0.9640578413234676
2026-02-05,course,-4.028232706097115,52.711232706097114,2.0067200162077836,0.9116645717086903
2026-02-05,sentiment,-3.380556941256617,52.063556941256614,2.12692522317375,0.8340282453052241
2026-02-05,sentiment_change,-3.5761374918799307,52.25913749187993,2.019033722991823,0.8684128945250408
2026-02-06,approval_only,-4.9779571450243525,53.660957145024355,2.0313039856189814,0.9642484897925965
2026-02-06,course,-4.0329060688343805,52.71590606883438,2.0069426814673874,0.9120129777111262
2026-02-06,sentiment,-3.385846268504004,52.068846268504004,2.126873541091111,0.8346530386124891
2026-02-06,sentiment_change,-3.580864592104768,52.26386459210477,2.0192209106387446,0.8688895786340247
2026-02-07,approval_only,-4.9779571450243525,53.660957145024355,2.0313039856189814,0.9642484897925965
2026-02-07,course,-4.0329060688343805,52.71590606883438,2.0069426814673874,0.9120129777111262
2026-02-07,sentiment,-3.385846268504004,52.068846268504004,2.126873541091111,0.8346530386124891
2026-02-07,sentiment_change,-3.580864592104768,52.26386459210477,2.0192209106387446,0.8688895786340247
2026-02-08,approval_only,-4.9779571450243525,53.660957145024355,2.0313039856189814,0.9642484897925965
2026-02-08,course,-4.0329060688343805,52.71590606883438,2.0069426814673874,0.9120129777111262
2026-02-08,sentiment,-3.385846268504004,52.068846268504004,2.126873541091111,0.8346530386124891
2026-02-08,sentiment_change,-3.580864592104768,52.26386459210477,2.0192209106387446,0.8688895786340247
2026-02-09,approval_only,-4.9779571450243525,53.660957145024355,2.0313039856189814,0.9642484897925965
2026-02-09,course,-4.027130360572642,52.71013036057264,2.0075506139135073,0.9114869779223349
2026-02-09,sentiment,-3.3808166468649627,52.063816646864964,2.127515238731733,0.8339916151344973
2026-02-09,sentiment_change,-3.5759223804850473,52.258922380485046,2.019758647737495,0.8683044718075685
2026-02-10,approval_only,-4.998873915981669,53.68187391598167,2.0320101563404838,0.9650020163471564
2026-02-10,course,-4.045823811521706,52.72882381152171,2.0084500463865536,0.9128746444479473
2026-02-10,sentiment,-3.4019739558545146,52.084973955854515,2.127319792079526,0.8364802083212348
2026-02-10,sentiment_change,-3.5948307813844,52.2778307813844,2.0205164584571396,0.8702028972386676
2026-02-11,approval_only,-5.022405283308649,53.70540528330865,2.0328177927085815,0.9658325975281754
2026-02-11,course,-4.066853943839403,52.749853943839405,2.0094768146727957,0.9144132320303792
2026-02-11,sentiment,-3.4257759284677594,52.10877592846776,2.127119383919103,0.8392490868885142
2026-02-11,sentiment_change,-3.616102732396171,52.29910273239617,2.0213832449785243,0.8723125269421214
2026-02-12,approval_only,-5.032863668787307,53.71586366878731,2.0331812223965566,0.9661959973465588
2026-02-12,course,-4.076200669313935,52.759200669313934,2.0099382164524973,0.9150894458224308
2026-02-12,sentiment,-3.436354582962534,52.119354582962536,2.127036932121846,0.8404692274000789
2026-02-12,sentiment_change,-3.6255569328458463,52.308556932845846,2.0217733215514753,0.873241305215194
2026-02-13,approval_only,-5.47995964799994,54.16295964799994,2.051273478776303,0.9787938282392126
2026-02-13,course,-4.475773183350174,53.15877318335018,2.0325427718678957,0.9399196271308239
2026-02-13,sentiment,-3.8885920626141823,52.57159206261418,2.127324329438548,0.8866375975371954
2026-02-13,sentiment_change,-4.029724002069489,52.71272400206949,2.0412069729042273,0.908072777197289
2026-02-14,approval_only,-5.47995964799994,54.16295964799994,2.051273478776303,0.9787938282392126
2026-02-14,course,-4.475773183350174,53.15877318335018,2.0325427718678957,0.9399196271308239
2026-02-14,sentiment,-3.8885920626141823,52.57159206261418,2.127324329438548,0.8866375975371954
2026-02-14,sentiment_change,-4.029724002069489,52.71272400206949,2.0412069729042273,0.908072777197289
2026-02-15,approval_only,-5.47995964799994,54.16295964799994,2.051273478776303,0.9787938282392126
2026-02-15,course,-4.475773183350174,53.15877318335018,2.0325427718678957,0.9399196271308239
2026-02-15,sentiment,-3.8885920626141823,52.57159206261418,2.127324329438548,0.8866375975371954
2026-02-15,sentiment_change,-4.029724002069489,52.71272400206949,2.0412069729042273,0.908072777197289
2026-02-16,approval_only,-5.47995964799994,54.16295964799994,2.051273478776303,0.9787938282392126
2026-02-16,course,-4.4718948668521055,53.1548948668521,2.0329676416842677,0.9396529436926414
2026-02-16,sentiment,-3.885214734034247,52.56821473403425,2.1277734388275795,0.8862832215360283
2026-02-16,sentiment_change,-4.026405368233933,52.70940536823393,2.041594398487803,0.9077626381480917
2026-02-17,approval_only,-5.089077490735094,53.77207749073509,2.0351818196460827,0.9680899923604714
2026-02-17,course,-4.122561002241475,52.805561002241475,2.0128851056408745,0.9183111266214331
2026-02-17,sentiment,-3.4898375222920164,52.172837522292014,2.1270997340102102,0.846491768033928
2026-02-17,sentiment_change,-3.673054626427297,52.356054626427294,2.024289080202509,0.877766185094245
2026-02-18,approval_only,-5.103457770768249,53.78645777076825,2.0357063567928475,0.96855876414279
2026-02-18,course,-4.135412749768956,52.81841274976895,2.0135479843126616,0.9192021055230071
2026-02-18,sentiment,-3.504383172222333,52.18738317222233,2.1270236277336574,0.8481138483363735
2026-02-18,sentiment_change,-3.6860541520456014,52.3690541520456,2.0248529623539246,0.8789971491287011
2026-02-19,approval_only,-5.103457770768249,53.78645777076825,2.0357063567928475,0.96855876414279
2026-02-19,course,-4.135412749768956,52.81841274976895,2.0135479843126616,0.9192021055230071
2026-02-19,sentiment,-3.504383172222333,52.18738317222233,2.1270236277336574,0.8481138483363735
2026-02-19,sentiment_change,-3.6860541520456014,52.3690541520456,2.0248529623539246,0.8789971491287011
2026-02-20,approval_only,-5.053780439744623,53.73678043974462,2.0339163451390174,0.9669123272228656
2026-02-20,course,-4.091015803764929,52.774015803764925,2.0112828879293105,0.9160876228111208
2026-02-20,sentiment,-3.4541345633721496,52.13713456337215,2.12731920154857,0.8424586132702936
2026-02-20,sentiment_change,-3.6411466999096405,52.32414669990964,2.0229287789262127,0.874701781135304
2026-02-21,approval_only,-5.032863668787307,53.71586366878731,2.0331812223965566,0.9661959973465588
2026-02-21,course,-4.072322352815866,52.75532235281587,2.010350114400334,0.9147452313542676
2026-02-21,sentiment,-3.4329772543825987,52.1159772543826,2.1274711533062036,0.8400339410571742
2026-02-21,sentiment_change,-3.6222382990102897,52.30523829901029,2.0221386373021124,0.8728568754466808
2026-02-22,approval_only,-5.042014756081133,53.72501475608113,2.0335014833454514,0.9665111011417085
2026-02-22,course,-4.080500737606082,52.76350073760608,2.0107566730216795,0.9153348098226446
2026-02-22,sentiment,-3.4422335770655277,52.12523357706553,2.127402669620236,0.8410979077639658
2026-02-22,sentiment_change,-3.6305107244037558,52.313510724403756,2.0224828612543337,0.8736666835768042
2026-02-23,approval_only,-5.072082614332275,53.755082614332274,2.0345686078291005,0.9675278030697864
2026-02-23,course,-4.104830784378933,52.78783078437893,2.012380854559769,0.9170256669245637
2026-02-23,sentiment,-3.4704337595456165,52.153433759545614,2.127485695878109,0.8442779660391345
2026-02-23,sentiment_change,-3.6555165691366556,52.33851656913666,2.0238712477156904,0.8760503937787676
2026-02-24,approval_only,-5.059009632483952,53.74200963248395,2.03410184627156,0.9670892479517793
2026-02-24,course,-4.093147377535768,52.776147377535764,2.011789361075119,0.9161973459150182
2026-02-24,sentiment,-3.457210441427147,52.14021044142714,2.127569547262562,0.8427781373807222
2026-02-24,sentiment_change,-3.6436988185745607,52.32669881857456,2.0233690836069607,0.8749101882904085
2026-02-25,approval_only,-5.062931527038449,53.74593152703845,2.034241423502199,0.9672213752240312
2026-02-25,course,-4.096652399588717,52.77965239958872,2.011966300016045,0.9164465966752697
2026-02-25,sentiment,-3.4611774368626884,52.14417743686269,2.1275437235291967,0.8432291435611965
2026-02-25,sentiment_change,-3.6472441437431895,52.33024414374319,2.0235192458500766,0.8752531329278006
2026-02-26,approval_only,-5.062931527038449,53.74593152703845,2.034241423502199,0.9672213752240312
2026-02-26,course,-4.096652399588717,52.77965239958872,2.011966300016045,0.9164465966752697
2026-02-26,sentiment,-3.4611774368626884,52.14417743686269,2.1275437235291967,0.8432291435611965
2026-02-26,sentiment_change,-3.6472441437431895,52.33024414374319,2.0235192458500766,0.8752531329278006
2026-02-27,approval_only,-5.005410406905829,53.68841040690583,2.0322330990652038,0.9652345413547874
2026-02-27,course,-4.045245409478793,52.728245409478795,2.009414995057529,0.912725501736634
2026-02-27,sentiment,-3.4029948371414243,52.08599483714143,2.127979870731269,0.8365235714921291
2026-02-27,sentiment_change,-3.5952460412699727,52.27824604126997,2.021358753418276,0.8701470320279944
2026-02-28,approval_only,-5.005410406905829,53.68841040690583,2.0322330990652038,0.9652345413547874
2026-02-28,course,-4.044332535173232,52.72733253517323,2.0095112459720097,0.912643051412705
2026-02-28,sentiment,-3.354722701636188,52.037722701636184,2.1436814005824263,0.8290890594877286
2026-02-28,sentiment_change,-3.5572190399310353,52.240219039931034,2.027778291089009,0.8653693444399523
2026-03-01,approval_only,-5.005410406905829,53.68841040690583,2.0322330990652038,0.9652345413547874
2026-03-01,course,-4.044332535173232,52.72733253517323,2.0095112459720097,0.912643051412705
2026-03-01,sentiment,-3.354722701636188,52.037722701636184,2.1436814005824263,0.8290890594877286
2026-03-01,sentiment_change,-3.5572190399310353,52.240219039931034,2.027778291089009,0.8653693444399523
2026-03-02,approval_only,-5.015868792384488,53.69886879238449,2.0325920488094975,0.9656036839847837
2026-03-02,course,-4.060266432053713,52.743266432053716,2.0092675638224717,0.9139216602443854
2026-03-02,sentiment,-3.3710376188267315,52.05403761882673,2.1428157829148025,0.831112140526965
2026-03-02,sentiment_change,-3.572309812310639,52.25530981231064,2.0275327989762895,0.8670044258973989
2026-03-03,approval_only,-5.026327177863146,53.709327177863145,2.0329537559016617,0.9659692841787488
2026-03-03,course,-4.069613157528245,52.752613157528245,2.0097267132881127,0.9146012061450077
2026-03-03,sentiment,-3.381616273321506,52.064616273321505,2.14269889418723,0.8323664025369983
2026-03-03,sentiment_change,-3.5817640127603143,52.26476401276032,2.027913276879203,0.8679590701650743
2026-03-04,approval_only,-5.026327177863146,53.709327177863145,2.0329537559016617,0.9659692841787488
2026-03-04,course,-4.069613157528245,52.752613157528245,2.0097267132881127,0.9146012061450077
2026-03-04,sentiment,-3.381616273321506,52.064616273321505,2.14269889418723,0.8323664025369983
2026-03-04,sentiment_change,-3.5817640127603143,52.26476401276032,2.027913276879203,0.8679590701650743
2026-03-05,approval_only,-5.026327177863146,53.709327177863145,2.0329537559016617,0.9659692841787488
2026-03-05,course,-4.069613157528245,52.752613157528245,2.0097267132881127,0.9146012061450077
2026-03-05,sentiment,-3.381616273321506,52.064616273321505,2.14269889418723,0.8323664025369983
2026-03-05,sentiment_change,-3.5817640127603143,52.26476401276032,2.027913276879203,0.8679590701650743
2026-03-06,approval_only,-5.009332301460327,53.692332301460326,2.0323673819996273,0.9653733866790045
2026-03-06,course,-4.0544247286321315,52.737424728632135,2.008982176857549,0.9134945665846086
2026-03-06,sentiment,-3.3644259597674973,52.047425959767494,2.1428908899877075,0.8303250117660738
2026-03-06,sentiment_change,-3.5664009370295915,52.24940093702959,2.02729650899193,0.8664050051585394
2026-03-07,approval_only,-5.009332301460327,53.692332301460326,2.0323673819996273,0.9653733866790045
2026-03-07,course,-4.0544247286321315,52.737424728632135,2.008982176857549,0.9134945665846086
2026-03-07,sentiment,-3.3644259597674973,52.047425959767494,2.1428908899877075,0.8303250117660738
2026-03-07,sentiment_change,-3.5664009370295915,52.24940093702959,2.02729650899193,0.8664050051585394
2026-03-08,approval_only,-5.009332301460327,53.692332301460326,2.0323673819996273,0.9653733866790045
2026-03-08,course,-4.0544247286321315,52.737424728632135,2.008982176857549,0.9134945665846086
2026-03-08,sentiment,-3.3644259597674973,52.047425959767494,2.1428908899877075,0.8303250117660738
2026-03-08,sentiment_change,-3.5664009370295915,52.24940093702959,2.02729650899193,0.8664050051585394
2026-03-09,approval_only,-4.993644723242339,53.67664472324234,2.0318325783143836,0.9648149880209859
2026-03-09,course,-4.065440665075561,52.74844066507556,2.0056871390744964,0.9147070643662432
2026-03-09,sentiment,-3.370359932981346,52.053359932981344,2.1402792096037646,0.83131854596804855
2026-03-09,sentiment_change,-3.573642694161223,52.25664269416122,2.0244001171575468,0.8675151456300579
2026-03-10,approval_only,-5.0080250032754945,53.69102500327549,2.0323225779198237,0.9653271605879594
2026-03-10,course,-4.078292412603043,52.76129241260304,2.0063072889884634,0.9156365151796357
2026-03-10,sentiment,-3.3849055829116628,52.06790558291166,2.1401044158722176,0.8330439208143957
2026-03-10,sentiment_change,-3.5866422197795282,52.26964221977953,2.0249105941601258,0.8688263680722663
2026-03-11,approval_only,-5.036785563341804,53.7197855633418,2.0333182188701824,0.9663313687998808
2026-03-11,course,-4.103995907658005,52.786995907658,2.007565285855658,0.9174690337306317
2026-03-11,sentiment,-3.4139968827722953,52.096996882772295,2.139777770237198,0.8364586325183725
2026-03-11,sentiment_change,-3.6126412710161375,52.29564127101614,2.025948429924128,0.8714179217029896
2026-03-12,approval_only,-5.009332301460327,53.692332301460326,2.0323673819996273,0.9653733866790045
2026-03-12,course,-4.079460753287359,52.76246075328736,2.006363958940291,0.9157205729573726
2026-03-12,sentiment,-3.38622791472351,52.06922791472351,2.1400889046796268,0.8332001777822812
2026-03-12,sentiment_change,-3.5878239948357376,52.27082399483574,2.024957280333132,0.8689450585418985
2026-03-13,approval_only,-5.009332301460327,53.692332301460326,2.0323673819996273,0.9653733866790045
2026-03-13,course,-4.079460753287359,52.76246075328736,2.006363958940291,0.9157205729573726
2026-03-13,sentiment,-3.38622791472351,52.06922791472351,2.1400889046796268,0.8332001777822812
2026-03-13,sentiment_change,-3.5878239948357376,52.27082399483574,2.024957280333132,0.8689450585418985
2026-03-14,approval_only,-5.009332301460327,53.692332301460326,2.0323673819996273,0.9653733866790045
2026-03-14,course,-4.079460753287359,52.76246075328736,2.006363958940291,0.9157205729573726
2026-03-14,sentiment,-3.38622791472351,52.06922791472351,2.1400889046796268,0.8332001777822812
2026-03-14,sentiment_change,-3.5878239948357376,52.27082399483574,2.024957280333132,0.8689450585418985
2026-03-15,approval_only,-5.009332301460327,53.692332301460326,2.0323673819996273,0.9653733866790045
2026-03-15,course,-4.079460753287359,52.76246075328736,2.006363958940291,0.9157205729573726
2026-03-15,sentiment,-3.38622791472351,52.06922791472351,2.1400889046796268,0.8332001777822812
2026-03-15,sentiment_change,-3.5878239948357376,52.27082399483574,2.024957280333132,0.8689450585418985
2026-03-16,approval_only,-5.014561494199656,53.697561494199654,2.0325470292689323,0.9655577354348437
2026-03-16,course,-4.12014875968977,52.80314875968977,2.0029402966172545,0.9191709803370016
2026-03-16,sentiment,-3.4228796347531887,52.10587963475319,2.1360766508855,0.8378999075980327
2026-03-16,sentiment_change,-3.623368439416603,52.3063684394166,2.021860305635925,0.8730059409643851
2026-03-17,approval_only,-5.014561494199656,53.697561494199654,2.0325470292689323,0.9655577354348437
2026-03-17,course,-4.12014875968977,52.80314875968977,2.0029402966172545,0.9191709803370016
2026-03-17,sentiment,-3.4228796347531887,52.10587963475319,2.1360766508855,0.8378999075980327
2026-03-17,sentiment_change,-3.623368439416603,52.3063684394166,2.021860305635925,0.8730059409643851
2026-03-18,approval_only,-5.076004508886771,53.75900450888677,2.0347094741147296,0.9676583315966854
2026-03-18,course,-4.175060771852645,52.85806077185264,2.0056501256366825,0.9229220727141592
2026-03-18,sentiment,-3.485029229909994,52.16802922990999,2.1354106197786114,0.8450126447522357
2026-03-18,sentiment_change,-3.6789118670584484,52.361911867058446,2.024086421264725,0.8783751629992114
2026-03-19,approval_only,-5.076004508886771,53.75900450888677,2.0347094741147296,0.9676583315966854
2026-03-19,course,-4.175060771852645,52.85806077185264,2.0056501256366825,0.9229220727141592
2026-03-19,sentiment,-3.485029229909994,52.16802922990999,2.1354106197786114,0.8450126447522357
2026-03-19,sentiment_change,-3.6789118670584484,52.361911867058446,2.024086421264725,0.8783751629992114
2026-03-20,approval_only,-5.085155596180598,53.7681555961806,2.0350396651976173,0.9679610471058964
2026-03-20,course,-4.183239156642861,52.86623915664286,2.006062924497275,0.9234674496504447
2026-03-20,sentiment,-3.494285552592923,52.17728555259292,2.135323398037127,0.8460530974345148
2026-03-20,sentiment_change,-3.6871842924519145,52.37018429245192,2.0244267582868254,0.8791589656558426
2026-03-21,approval_only,-5.085155596180598,53.7681555961806,2.0350396651976173,0.9679610471058964
2026-03-21,course,-4.183239156642861,52.86623915664286,2.006062924497275,0.9234674496504447
2026-03-21,sentiment,-3.494285552592923,52.17728555259292,2.135323398037127,0.8460530974345148
2026-03-21,sentiment_change,-3.6871842924519145,52.37018429245192,2.0244267582868254,0.8791589656558426
2026-03-22,approval_only,-5.094306683474423,53.77730668347442,2.0353719597670152,0.9682611854228532
2026-03-22,course,-4.1914175414330765,52.874417541433075,2.006478106192573,0.9240094204195278
2026-03-22,sentiment,-3.503541875275851,52.18654187527585,2.1352392819260233,0.8470886503229428
2026-03-22,sentiment_change,-3.6954567178453814,52.37845671784538,2.024769370344414,0.8799386807536462
2026-03-23,approval_only,-5.079926403441268,53.76292640344127,2.03485072694322,0.9677883835203582
2026-03-23,course,-4.221627040315693,52.904627040315695,2.0016208623541614,0.9266292081566284
2026-03-23,sentiment,-3.5264949643630628,52.20949496436306,2.1307502654570487,0.8501218939175696
2026-03-23,sentiment_change,-3.719304238982784,52.402304238982786,2.0203973536308006,0.8827852095391353
2026-03-24,approval_only,-5.124374541725564,53.807374541725565,2.036478582223211,0.9692294265104077
2026-03-24,course,-4.2613506235824525,52.94435062358245,2.003637756750582,0.9291517232138933
2026-03-24,sentiment,-3.5714542459658576,52.25445424596586,2.130344857111723,0.8550310564985625
2026-03-24,sentiment_change,-3.759484590893906,52.442484590893905,2.0220511197336752,0.8864618003896655
2026-03-25,approval_only,-5.137447523573887,53.82044752357389,2.036966792768281,0.9696419388213423
2026-03-25,course,-4.273034030425618,52.95603403042562,2.0042416668528262,0.9298788087852612
2026-03-25,sentiment,-3.584677564084327,52.26767756408432,2.130239597122197,0.8564528593389145
2026-03-25,sentiment_change,-3.7713023414560007,52.454302341456,2.0225477469956408,0.8875250366061334
2026-03-26,approval_only,-5.146598610867714,53.82959861086771,2.0373110873243876,0.9699276861334368
2026-03-26,course,-4.281212415215833,52.96421241521583,2.0046672949507296,0.9303838006024289
2026-03-26,sentiment,-3.593933886767255,52.27693388676725,2.1301696964695167,0.8574421578252214
2026-03-26,sentiment_change,-3.779574766849467,52.462574766849464,2.0228981481623065,0.8882644333267943
2026-03-27,approval_only,-5.15052050542221,53.83352050542221,2.0374592839694348,0.9700493951512595
2026-03-27,course,-4.284717437268783,52.96771743726878,2.0048504353813885,0.9305992295647606
2026-03-27,sentiment,-3.5979008822027962,52.28090088220279,2.1301406924163007,0.8578646401226898
2026-03-27,sentiment_change,-3.7831200920180956,52.466120092018095,2.023049016070366,0.8885800933115483
2026-03-28,approval_only,-5.15052050542221,53.83352050542221,2.0374592839694348,0.9700493951512595
2026-03-28,course,-4.284717437268783,52.96771743726878,2.0048504353813885,0.9305992295647606
2026-03-28,sentiment,-3.5979008822027962,52.28090088220279,2.1301406924163007,0.8578646401226898
2026-03-28,sentiment_change,-3.7831200920180956,52.466120092018095,2.023049016070366,0.8885800933115483
2026-03-29,approval_only,-5.15052050542221,53.83352050542221,2.0374592839694348,0.9700493951512595
2026-03-29,course,-4.284717437268783,52.96771743726878,2.0048504353813885,0.9305992295647606
2026-03-29,sentiment,-3.5979008822027962,52.28090088220279,2.1301406924163007,0.8578646401226898
2026-03-29,sentiment_change,-3.7831200920180956,52.466120092018095,2.023049016070366,0.8885800933115483
2026-03-30,approval_only,-5.188432152782346,53.87143215278235,2.038911686793699,0.9712028902745147
2026-03-30,course,-4.35945887308131,53.04245887308131,2.002800613242771,0.9356316169460835
2026-03-30,sentiment,-3.6718299603085054,52.35482996030851,2.1255922087042447,0.8660359502282827
2026-03-30,sentiment_change,-3.8523546525033865,52.535354652503386,2.020962353685694,0.8951749937292254
2026-03-31,approval_only,-5.210656221924494,53.893656221924495,2.0397797897990175,0.9718599915721639
2026-03-31,course,-4.36940684975631,53.05240684975631,2.004690403684171,0.9360746685184927
2026-03-31,sentiment,-3.6687537646659543,52.35175376466596,2.1336462913960004,0.8648176067919617
2026-03-31,sentiment_change,-3.8919151099252804,52.57491510992528,2.01863619978789,0.8989465096289393
2026-04-01,approval_only,-5.210656221924494,53.893656221924495,2.0397797897990175,0.9718599915721639
2026-04-01,course,-4.36940684975631,53.05240684975631,2.004690403684171,0.9360746685184927
2026-04-01,sentiment,-3.6687537646659543,52.35175376466596,2.1336462913960004,0.8648176067919617
2026-04-01,sentiment_change,-3.8919151099252804,52.57491510992528,2.01863619978789,0.8989465096289393
2026-04-02,approval_only,-5.228958396512146,53.91195839651215,2.0405039494959256,0.9723907554700909
2026-04-02,course,-4.385763619336741,53.06876361933674,2.005570511908218,0.9370064898816776
2026-04-02,sentiment,-3.6872664100318113,52.37026641003181,2.1335229440983348,0.8667079992242056
2026-04-02,sentiment_change,-3.9084599607122135,52.591459960712214,2.0193727354873148,0.9003064108065169
2026-04-03,approval_only,-5.266870043872282,53.94987004387228,2.0420305356968935,0.9734609821290292
2026-04-03,course,-4.419645499181919,53.10264549918192,2.00742375216906,0.938897674766639
2026-04-03,sentiment,-3.725614032575372,52.40861403257537,2.1333070153652356,0.8705619994850954
2026-04-03,sentiment_change,-3.942731437342288,52.62573143734229,2.020927295853385,0.9030744613453481
2026-04-04,approval_only,-5.266870043872282,53.94987004387228,2.0420305356968935,0.9734609821290292
2026-04-04,course,-4.419645499181919,53.10264549918192,2.00742375216906,0.938897674766639
2026-04-04,sentiment,-3.725614032575372,52.40861403257537,2.1333070153652356,0.8705619994850954
2026-04-04,sentiment_change,-3.942731437342288,52.62573143734229,2.020927295853385,0.9030744613453481
2026-04-05,approval_only,-5.266870043872282,53.94987004387228,2.0420305356968935,0.9734609821290292
2026-04-05,course,-4.419645499181919,53.10264549918192,2.00742375216906,0.938897674766639
2026-04-05,sentiment,-3.725614032575372,52.40861403257537,2.1333070153652356,0.8705619994850954
2026-04-05,sentiment_change,-3.942731437342288,52.62573143734229,2.020927295853385,0.9030744613453481
2026-04-06,approval_only,-5.251182465654295,53.934182465654295,2.0413945063772387,0.9730228577701441
2026-04-06,course,-4.448143693070489,53.13114369307049,2.002770529507481,0.9410214486374276
2026-04-06,sentiment,-3.7467719638495467,52.42977196384955,2.128997522500443,0.8731222797802729
2026-04-06,sentiment_change,-3.964932574686503,52.6479325746865,2.016683352774478,0.9054108093692526
2026-04-07,approval_only,-5.251182465654295,53.934182465654295,2.0413945063772387,0.9730228577701441
2026-04-07,course,-4.448143693070489,53.13114369307049,2.002770529507481,0.9410214486374276
2026-04-07,sentiment,-3.7467719638495467,52.42977196384955,2.128997522500443,0.8731222797802729
2026-04-07,sentiment_change,-3.964932574686503,52.6479325746865,2.016683352774478,0.9054108093692526
2026-04-08,approval_only,-5.251182465654295,53.934182465654295,2.0413945063772387,0.9730228577701441
2026-04-08,course,-4.448143693070489,53.13114369307049,2.002770529507481,0.9410214486374276
2026-04-08,sentiment,-3.7467719638495467,52.42977196384955,2.128997522500443,0.8731222797802729
2026-04-08,sentiment_change,-3.964932574686503,52.6479325746865,2.016683352774478,0.9054108093692526
2026-04-09,approval_only,-5.251182465654295,53.934182465654295,2.0413945063772387,0.9730228577701441
2026-04-09,course,-4.448143693070489,53.13114369307049,2.002770529507481,0.9410214486374276
2026-04-09,sentiment,-3.7467719638495467,52.42977196384955,2.128997522500443,0.8731222797802729
2026-04-09,sentiment_change,-3.964932574686503,52.6479325746865,2.016683352774478,0.9054108093692526
2026-04-10,approval_only,-5.251182465654295,53.934182465654295,2.0413945063772387,0.9730228577701441
2026-04-10,course,-4.448143693070489,53.13114369307049,2.002770529507481,0.9410214486374276
2026-04-10,sentiment,-3.7467719638495467,52.42977196384955,2.128997522500443,0.8731222797802729
2026-04-10,sentiment_change,-3.964932574686503,52.6479325746865,2.016683352774478,0.9054108093692526
2026-04-11,approval_only,-5.251182465654295,53.934182465654295,2.0413945063772387,0.9730228577701441
2026-04-11,course,-4.448143693070489,53.13114369307049,2.002770529507481,0.9410214486374276
2026-04-11,sentiment,-3.7467719638495467,52.42977196384955,2.128997522500443,0.8731222797802729
2026-04-11,sentiment_change,-3.964932574686503,52.6479325746865,2.016683352774478,0.9054108093692526
2026-04-12,approval_only,-5.251182465654295,53.934182465654295,2.0413945063772387,0.9730228577701441
2026-04-12,course,-4.448143693070489,53.13114369307049,2.002770529507481,0.9410214486374276
2026-04-12,sentiment,-3.7467719638495467,52.42977196384955,2.128997522500443,0.8731222797802729
2026-04-12,sentiment_change,-3.964932574686503,52.6479325746865,2.016683352774478,0.9054108093692526
2026-04-13,approval_only,-5.251182465654295,53.934182465654295,2.0413945063772387,0.9730228577701441
2026-04-13,course,-4.497410245877497,53.180410245877496,1.998517200474839,0.9442385182417652
2026-04-13,sentiment,-3.789674428594971,52.47267442859497,2.1240787337063396,0.8778115344482541
2026-04-13,sentiment_change,-4.007089435579101,52.690089435579104,2.012690581211662,0.9093174742112702
2026-04-14,approval_only,-5.251182465654295,53.934182465654295,2.0413945063772387,0.9730228577701441
2026-04-14,course,-4.497410245877497,53.180410245877496,1.998517200474839,0.9442385182417652
2026-04-14,sentiment,-3.789674428594971,52.47267442859497,2.1240787337063396,0.8778115344482541
2026-04-14,sentiment_change,-4.007089435579101,52.690089435579104,2.012690581211662,0.9093174742112702
2026-04-15,approval_only,-5.251182465654295,53.934182465654295,2.0413945063772387,0.9730228577701441
2026-04-15,course,-4.497410245877497,53.180410245877496,1.998517200474839,0.9442385182417652
2026-04-15,sentiment,-3.789674428594971,52.47267442859497,2.1240787337063396,0.8778115344482541
2026-04-15,sentiment_change,-4.007089435579101,52.690089435579104,2.012690581211662,0.9093174742112702
2026-04-16,approval_only,-5.251182465654295,53.934182465654295,2.0413945063772387,0.9730228577701441
2026-04-16,course,-4.497410245877497,53.180410245877496,1.998517200474839,0.9442385182417652
2026-04-16,sentiment,-3.789674428594971,52.47267442859497,2.1240787337063396,0.8778115344482541
2026-04-16,sentiment_change,-4.007089435579101,52.690089435579104,2.012690581211662,0.9093174742112702
2026-04-17,approval_only,-5.251182465654295,53.934182465654295,2.0413945063772387,0.9730228577701441
2026-04-17,course,-4.497410245877497,53.180410245877496,1.998517200474839,0.9442385182417652
2026-04-17,sentiment,-3.789674428594971,52.47267442859497,2.1240787337063396,0.8778115344482541
2026-04-17,sentiment_change,-4.007089435579101,52.690089435579104,2.012690581211662,0.9093174742112702
2026-04-18,approval_only,-5.181895661858185,53.864895661858185,2.038658709308318,0.9710069623131796
2026-04-18,course,-4.435488189608724,53.118488189608726,1.9952438374193493,0.9409691091445965
2026-04-18,sentiment,-3.719590842567084,52.402590842567086,2.124611079756169,0.8709383485950762
2026-04-18,sentiment_change,-3.944455357599999,52.6274553576,2.009993247359897,0.9044269421291825
2026-04-19,approval_only,-5.192354047336843,53.87535404733684,2.039063985520752,0.9713198632996003
2026-04-19,course,-4.444834915083255,53.127834915083255,1.9957291599494569,0.9414735280805439
2026-04-19,sentiment,-3.7301694970618593,52.41316949706186,2.124519255064682,0.8719937055488891
2026-04-19,sentiment_change,-3.9539095580496744,52.63690955804967,2.0103919953306875,0.9051791011510435
2026-04-20,approval_only,-5.192354047336843,53.87535404733684,2.039063985520752,0.9713198632996003
2026-04-20,course,-4.494847297986046,53.17784729798605,1.9917058935894305,0.944704282870387
2026-04-20,sentiment,-3.7737214480726555,52.456721448072656,2.1197411537899247,0.8767662780376411
2026-04-20,sentiment_change,-3.9967046177568006,52.6797046177568,2.006570582269634,0.9091378850084215
2026-04-21,approval_only,-5.192354047336843,53.87535404733684,2.039063985520752,0.9713198632996003
2026-04-21,course,-4.494847297986046,53.17784729798605,1.9917058935894305,0.944704282870387
2026-04-21,sentiment,-3.7737214480726555,52.456721448072656,2.1197411537899247,0.8767662780376411
2026-04-21,sentiment_change,-3.9967046177568006,52.6797046177568,2.006570582269634,0.9091378850084215
2026-04-22,approval_only,-5.324391164004901,54.0073911640049,2.0444149454984144,0.975011761547242
2026-04-22,course,-4.612849707102011,53.29584970710201,1.9980456804031128,0.9504811359998899
2026-04-22,sentiment,-3.9072769610691944,52.59027696106919,2.118873743980285,0.8892365786010805
2026-04-22,sentiment_change,-4.116063898433959,52.79906389843396,2.0117723487622383,0.9179391685855083
2026-04-23,approval_only,-5.324391164004901,54.0073911640049,2.0444149454984144,0.975011761547242
2026-04-23,course,-4.612849707102011,53.29584970710201,1.9980456804031128,0.9504811359998899
2026-04-23,sentiment,-3.9072769610691944,52.59027696106919,2.118873743980285,0.8892365786010805
2026-04-23,sentiment_change,-4.116063898433959,52.79906389843396,2.0117723487622383,0.9179391685855083
2026-04-24,approval_only,-5.324391164004901,54.0073911640049,2.0444149454984144,0.975011761547242
2026-04-24,course,-4.612849707102011,53.29584970710201,1.9980456804031128,0.9504811359998899
2026-04-24,sentiment,-3.9072769610691944,52.59027696106919,2.118873743980285,0.8892365786010805
2026-04-24,sentiment_change,-4.116063898433959,52.79906389843396,2.0117723487622383,0.9179391685855083
2026-04-25,approval_only,-5.324391164004901,54.0073911640049,2.0444149454984144,0.975011761547242
2026-04-25,course,-4.612849707102011,53.29584970710201,1.9980456804031128,0.9504811359998899
2026-04-25,sentiment,-3.9072769610691944,52.59027696106919,2.118873743980285,0.8892365786010805
2026-04-25,sentiment_change,-4.116063898433959,52.79906389843396,2.0117723487622383,0.9179391685855083
2026-04-26,approval_only,-5.281250323905436,53.96425032390543,2.04261893755856,0.9738568133149829
2026-04-26,course,-4.574294464519567,53.25729446451957,1.9959196749868378,0.9486578058132351
2026-04-26,sentiment,-3.863640011278246,52.54664001127824,2.1190854585287076,0.8852724561214287
2026-04-26,sentiment_change,-4.077065321579045,52.76006532157905,2.0100204476135493,0.9151475841706637
2026-04-27,approval_only,-5.281250323905436,53.96425032390543,2.04261893755856,0.9738568133149829
2026-04-27,course,-4.627457233746944,53.310457233746945,1.9919028938092123,0.9517393156306615
2026-04-27,sentiment,-3.909935392273976,52.59293539227397,2.1141738438907383,0.8899859220461285
2026-04-27,sentiment_change,-4.122556133078749,52.80555613307875,2.0061077739538478,0.9190195915125117
2026-04-28,approval_only,-5.281250323905436,53.96425032390543,2.04261893755856,0.9738568133149829
2026-04-28,course,-4.627457233746944,53.310457233746945,1.9919028938092123,0.9517393156306615
2026-04-28,sentiment,-3.909935392273976,52.59293539227397,2.1141738438907383,0.8899859220461285
2026-04-28,sentiment_change,-4.122556133078749,52.80555613307875,2.0061077739538478,0.9190195915125117
2026-04-29,approval_only,-5.270791938426778,53.953791938426775,2.0421904992513973,0.97356948179142
2026-04-29,course,-4.618110508272413,53.301110508272416,1.9914001845715719,0.9513092805544204
2026-04-29,sentiment,-3.8993567377792004,52.5823567377792,2.1142406176895063,0.889034776965176
2026-04-29,sentiment_change,-4.113101932629074,52.79610193262907,2.005698243124857,0.9183531349554921
2026-04-30,approval_only,-5.270791938426778,53.953791938426775,2.0421904992513973,0.97356948179142
2026-04-30,course,-4.58758399149449,53.27058399149449,1.99347239366437,0.949564617068934
2026-04-30,sentiment,-3.8876957042610734,52.57069570426107,2.1179364460698444,0.8875829373379265
2026-04-30,sentiment_change,-4.2021170904179685,52.88511709041797,1.9926732999070444,0.9261722556052588
2026-05-01,approval_only,-5.269484640241946,53.95248464024195,2.042137135583187,0.9735333608554235
2026-05-01,course,-4.5864156508101726,53.269415650810174,1.9934109825319517,0.9495089744937681
2026-05-01,sentiment,-3.886373372449227,52.56937337244923,2.117946058700975,0.8874625986375397
2026-05-01,sentiment_change,-4.200935315361759,52.88393531536176,1.9926200533372331,0.926094686317248
2026-05-02,approval_only,-5.311318182156578,53.994318182156576,2.043865825906576,0.9746668710817714
2026-05-02,course,-4.6238025527083,53.3068025527083,1.9954003199212038,0.9512617500194338
2026-05-02,sentiment,-3.928687990428328,52.61168799042833,2.1176701668377937,0.8912650219238406
2026-05-02,sentiment_change,-4.238752117160462,52.92175211716046,1.9943472066900354,0.9285418297483605
2026-05-03,approval_only,-5.311318182156578,53.994318182156576,2.043865825906576,0.9746668710817714
2026-05-03,course,-4.6238025527083,53.3068025527083,1.9954003199212038,0.9512617500194338
2026-05-03,sentiment,-3.928687990428328,52.61168799042833,2.1176701668377937,0.8912650219238406
2026-05-03,sentiment_change,-4.238752117160462,52.92175211716046,1.9943472066900354,0.9285418297483605
2026-05-04,approval_only,-5.317854673080739,54.00085467308074,2.0441398562335,0.9748398645301789
2026-05-04,course,-4.69351117889193,53.37651117889193,1.9910359349796825,0.9550434677657342
2026-05-04,sentiment,-3.9909164573639124,52.673916457363916,2.111976959050673,0.8972564795922947
2026-05-04,sentiment_change,-4.299311233327346,52.982311233327344,1.990297427825071,0.9329885550582762
2026-05-05,approval_only,-5.320469269450403,54.003469269450406,2.0442497648908096,0.9749087545825025
2026-05-05,course,-4.695847860260563,53.378847860260564,1.9911609823330652,0.9551444376160335
2026-05-05,sentiment,-3.9935611209876054,52.67656112098761,2.111961040641578,0.8974821479317001
2026-05-05,sentiment_change,-4.301674783439765,52.984674783439765,1.9904051477275884,0.9331320701960436
2026-05-06,approval_only,-5.336156847668391,54.01915684766839,2.044912773333824,0.9753184317326096
2026-05-06,course,-4.709867948472361,53.39286794847236,1.9919153629779545,0.9557458377831478
2026-05-06,sentiment,-4.0094291027297695,52.69242910272977,2.1118709166941154,0.8988280886941856
2026-05-06,sentiment_change,-4.315856084114279,52.99885608411428,1.9910554105871572,0.9339874673811295
2026-05-07,approval_only,-5.336156847668391,54.01915684766839,2.044912773333824,0.9753184317326096
2026-05-07,course,-4.709867948472361,53.39286794847236,1.9919153629779545,0.9557458377831478
2026-05-07,sentiment,-4.0094291027297695,52.69242910272977,2.1118709166941154,0.8988280886941856
2026-05-07,sentiment_change,-4.315856084114279,52.99885608411428,1.9910554105871572,0.9339874673811295
2026-05-08,approval_only,-5.342693338592552,54.02569333859255,2.0451908253468187,0.9754872896385873
2026-05-08,course,-4.715709651893943,53.398709651893945,1.9922317596496582,0.9559941971253906
2026-05-08,sentiment,-4.016040761789004,52.69904076178901,2.111836090548405,0.8993848232248511
2026-05-08,sentiment_change,-4.321764959395326,53.004764959395324,1.9913283476081736,0.9343410141394132
2026-05-09,approval_only,-5.342693338592552,54.02569333859255,2.0451908253468187,0.9754872896385873
2026-05-09,course,-4.715709651893943,53.398709651893945,1.9922317596496582,0.9559941971253906
2026-05-09,sentiment,-4.016040761789004,52.69904076178901,2.111836090548405,0.8993848232248511
2026-05-09,sentiment_change,-4.321764959395326,53.004764959395324,1.9913283476081736,0.9343410141394132
2026-05-10,approval_only,-5.342693338592552,54.02569333859255,2.0451908253468187,0.9754872896385873
2026-05-10,course,-4.715709651893943,53.398709651893945,1.9922317596496582,0.9559941971253906
2026-05-10,sentiment,-4.016040761789004,52.69904076178901,2.111836090548405,0.8993848232248511
2026-05-10,sentiment_change,-4.321764959395326,53.004764959395324,1.9913283476081736,0.9343410141394132
2026-05-11,approval_only,-5.342693338592552,54.02569333859255,2.0451908253468187,0.9754872896385873
2026-05-11,course,-4.782339129330768,53.465339129330765,1.9878139110815543,0.9593586468365382
2026-05-11,sentiment,-4.074063266792292,52.757063266792294,2.106257497773985,0.9047305893367077
2026-05-11,sentiment_change,-4.378779088690184,53.06177908869019,1.9871389255255016,0.938316985460176
2026-05-12,approval_only,-5.35315172407121,54.03615172407121,2.04563790758485,0.9757552298892783
2026-05-12,course,-4.7916858548053,53.4746858548053,1.9883165966775738,0.959729148977266
2026-05-12,sentiment,-4.084641921287067,52.767641921287066,2.1061989039808395,0.9055846118181489
2026-05-12,sentiment_change,-4.38823328913986,53.07123328913986,1.9875684264208937,0.9388536414916221
2026-05-13,approval_only,-5.362302811365036,54.04530281136503,2.046031323491476,0.9759874398181065
2026-05-13,course,-4.799864239595515,53.482864239595514,1.9887590099318926,0.9600507372359312
2026-05-13,sentiment,-4.093898243969996,52.776898243969995,2.1061510103620447,0.9063269242850317
2026-05-13,sentiment_change,-4.396505714533326,53.079505714533326,1.987946708699888,0.93931979641724
2026-05-14,approval_only,-5.362302811365036,54.04530281136503,2.046031323491476,0.9759874398181065
2026-05-14,course,-4.799864239595515,53.482864239595514,1.9887590099318926,0.9600507372359312
2026-05-14,sentiment,-4.093898243969996,52.776898243969995,2.1061510103620447,0.9063269242850317
2026-05-14,sentiment_change,-4.396505714533326,53.079505714533326,1.987946708699888,0.93931979641724
2026-05-15,approval_only,-5.362302811365036,54.04530281136503,2.046031323491476,0.9759874398181065
2026-05-15,course,-4.799864239595515,53.482864239595514,1.9887590099318926,0.9600507372359312
2026-05-15,sentiment,-4.093898243969996,52.776898243969995,2.1061510103620447,0.9063269242850317
2026-05-15,sentiment_change,-4.396505714533326,53.079505714533326,1.987946708699888,0.93931979641724
2026-05-16,approval_only,-5.362302811365036,54.04530281136503,2.046031323491476,0.9759874398181065
2026-05-16,course,-4.799864239595515,53.482864239595514,1.9887590099318926,0.9600507372359312
2026-05-16,sentiment,-4.093898243969996,52.776898243969995,2.1061510103620447,0.9063269242850317
2026-05-16,sentiment_change,-4.396505714533326,53.079505714533326,1.987946708699888,0.93931979641724
2026-05-17,approval_only,-5.362302811365036,54.04530281136503,2.046031323491476,0.9759874398181065
2026-05-17,course,-4.799864239595515,53.482864239595514,1.9887590099318926,0.9600507372359312
2026-05-17,sentiment,-4.093898243969996,52.776898243969995,2.1061510103620447,0.9063269242850317
2026-05-17,sentiment_change,-4.396505714533326,53.079505714533326,1.987946708699888,0.93931979641724
2026-05-18,approval_only,-5.3662247059195325,54.049224705919535,2.0462005639806957,0.9760863231080015
2026-05-18,course,-4.865332826006075,53.548332826006074,1.985269110835259,0.9630579886572512
2026-05-18,sentiment,-4.151824558332656,52.834824558332656,2.1012415065952554,0.9113506052748986
2026-05-18,sentiment_change,-4.4530725972131115,53.136072597213115,1.9845104987738686,0.9429780642426678
2026-05-19,approval_only,-5.3662247059195325,54.049224705919535,2.0462005639806957,0.9760863231080015
2026-05-19,course,-4.865332826006075,53.548332826006074,1.985269110835259,0.9630579886572512
2026-05-19,sentiment,-4.151824558332656,52.834824558332656,2.1012415065952554,0.9113506052748986
2026-05-19,sentiment_change,-4.4530725972131115,53.136072597213115,1.9845104987738686,0.9429780642426678
2026-05-20,approval_only,-5.3662247059195325,54.049224705919535,2.0462005639806957,0.9760863231080015
2026-05-20,course,-4.865332826006075,53.548332826006074,1.985269110835259,0.9630579886572512
2026-05-20,sentiment,-4.151824558332656,52.834824558332656,2.1012415065952554,0.9113506052748986
2026-05-20,sentiment_change,-4.4530725972131115,53.136072597213115,1.9845104987738686,0.9429780642426678
2026-05-21,approval_only,-5.363610109549869,54.04661010954987,2.0460876947523783,0.9760204431431229
2026-05-21,course,-4.862996144637442,53.54599614463744,1.9851436143540078,0.962971965660121
2026-05-21,sentiment,-4.149179894708963,52.832179894708965,2.1012559274376286,0.9111468439748122
2026-05-21,sentiment_change,-4.450709047100693,53.133709047100695,1.9844041636747007,0.9428513223831675
2026-05-22,approval_only,-5.363610109549869,54.04661010954987,2.0460876947523783,0.9760204431431229
2026-05-22,course,-4.862996144637442,53.54599614463744,1.9851436143540078,0.962971965660121
2026-05-22,sentiment,-4.149179894708963,52.832179894708965,2.1012559274376286,0.9111468439748122
2026-05-22,sentiment_change,-4.450709047100693,53.133709047100695,1.9844041636747007,0.9428513223831675
2026-05-23,approval_only,-5.363610109549869,54.04661010954987,2.0460876947523783,0.9760204431431229
2026-05-23,course,-4.862996144637442,53.54599614463744,1.9851436143540078,0.962971965660121
2026-05-23,sentiment,-4.149179894708963,52.832179894708965,2.1012559274376286,0.9111468439748122
2026-05-23,sentiment_change,-4.450709047100693,53.133709047100695,1.9844041636747007,0.9428513223831675
2026-05-24,approval_only,-5.363610109549869,54.04661010954987,2.0460876947523783,0.9760204431431229
2026-05-24,course,-4.862996144637442,53.54599614463744,1.9851436143540078,0.962971965660121
2026-05-24,sentiment,-4.149179894708963,52.832179894708965,2.1012559274376286,0.9111468439748122
2026-05-24,sentiment_change,-4.450709047100693,53.133709047100695,1.9844041636747007,0.9428513223831675
2026-05-25,approval_only,-5.355766320440875,54.03876632044087,2.045750100859102,0.9758217879425973
2026-05-25,course,-4.9184031295873885,53.60140312958739,1.9814991734456167,0.9654308014346888
2026-05-25,sentiment,-4.195600110414349,52.87860011041435,2.0966860122206143,0.9151127217696655
2026-05-25,sentiment_change,-4.497027979153828,53.18002797915383,1.9807808826597881,0.9458016693865823
2026-05-26,approval_only,-5.355766320440875,54.03876632044087,2.045750100859102,0.9758217879425973
2026-05-26,course,-4.9184031295873885,53.60140312958739,1.9814991734456167,0.9654308014346888
2026-05-26,sentiment,-4.195600110414349,52.87860011041435,2.0966860122206143,0.9151127217696655
2026-05-26,sentiment_change,-4.497027979153828,53.18002797915383,1.9807808826597881,0.9458016693865823
2026-05-27,approval_only,-5.355766320440875,54.03876632044087,2.045750100859102,0.9758217879425973
2026-05-27,course,-4.9184031295873885,53.60140312958739,1.9814991734456167,0.9654308014346888
2026-05-27,sentiment,-4.195600110414349,52.87860011041435,2.0966860122206143,0.9151127217696655
2026-05-27,sentiment_change,-4.497027979153828,53.18002797915383,1.9807808826597881,0.9458016693865823
2026-05-28,approval_only,-5.355766320440875,54.03876632044087,2.045750100859102,0.9758217879425973
2026-05-28,course,-4.9184031295873885,53.60140312958739,1.9814991734456167,0.9654308014346888
2026-05-28,sentiment,-4.195600110414349,52.87860011041435,2.0966860122206143,0.9151127217696655
2026-05-28,sentiment_change,-4.497027979153828,53.18002797915383,1.9807808826597881,0.9458016693865823
2026-05-29,approval_only,-5.355766320440875,54.03876632044087,2.045750100859102,0.9758217879425973
2026-05-29,course,-4.9184031295873885,53.60140312958739,1.9814991734456167,0.9654308014346888
2026-05-29,sentiment,-4.195600110414349,52.87860011041435,2.0966860122206143,0.9151127217696655
2026-05-29,sentiment_change,-4.497027979153828,53.18002797915383,1.9807808826597881,0.9458016693865823
2026-05-30,approval_only,-5.355766320440875,54.03876632044087,2.045750100859102,0.9758217879425973
2026-05-30,course,-4.9184031295873885,53.60140312958739,1.9814991734456167,0.9654308014346888
2026-05-30,sentiment,-4.195600110414349,52.87860011041435,2.0966860122206143,0.9151127217696655
2026-05-30,sentiment_change,-4.497027979153828,53.18002797915383,1.9807808826597881,0.9458016693865823
2026-05-31,approval_only,-5.355766320440875,54.03876632044087,2.045750100859102,0.9758217879425973
2026-05-31,course,-4.865638994726026,53.548638994726026,1.9843982306518682,0.9631337375580794
2026-05-31,sentiment,-4.188028010727254,52.87102801072725,2.0990076987697672,0.9143130499625848
2026-05-31,sentiment_change,-4.604542759215717,53.28754275921572,1.9684331002552464,0.9525533572649533
2026-06-01,approval_only,-5.355766320440875,54.03876632044087,2.045750100859102,0.9758217879425973
2026-06-01,course,-4.9223936816946905,53.60539368169469,1.9814231952732821,0.9655898766978837
2026-06-01,sentiment,-4.2374513175770145,52.92045131757701,2.095064699971724,0.9183362339183141
2026-06-01,sentiment_change,-4.653107136206196,53.336107136206195,1.9658401132651406,0.955155346465823
2026-06-02,approval_only,-5.355766320440875,54.03876632044087,2.045750100859102,0.9758217879425973
2026-06-02,course,-4.9223936816946905,53.60539368169469,1.9814231952732821,0.9655898766978837
2026-06-02,sentiment,-4.2374513175770145,52.92045131757701,2.095064699971724,0.9183362339183141
2026-06-02,sentiment_change,-4.653107136206196,53.336107136206195,1.9658401132651406,0.955155346465823
2026-06-03,approval_only,-5.38191228413752,54.06491228413752,2.04688132566268,0.9764780748083037
2026-06-03,course,-4.945760495381021,53.62876049538102,1.9826111484557045,0.966396976023742
2026-06-03,sentiment,-4.263897953813953,52.94689795381395,2.094883626731873,0.9202435982614492
2026-06-03,sentiment_change,-4.676742637330386,53.359742637330385,1.9669157454700024,0.9561936451665487
2026-06-04,approval_only,-5.38191228413752,54.06491228413752,2.04688132566268,0.9764780748083037
2026-06-04,course,-4.945760495381021,53.62876049538102,1.9826111484557045,0.966396976023742
2026-06-04,sentiment,-4.263897953813953,52.94689795381395,2.094883626731873,0.9202435982614492
2026-06-04,sentiment_change,-4.676742637330386,53.359742637330385,1.9669157454700024,0.9561936451665487
2026-06-05,approval_only,-5.35315172407121,54.03615172407121,2.04563790758485,0.9757552298892783
2026-06-05,course,-4.920057000326057,53.60305700032606,1.9813054828308627,0.9655081682144703
2026-06-05,sentiment,-4.23480665395332,52.91780665395332,2.095084229154248,0.9181434973385444
2026-06-05,sentiment_change,-4.6507435860937765,53.333743586093775,1.9657335962493734,0.9550502871399207
2026-06-06,approval_only,-5.35315172407121,54.03615172407121,2.04563790758485,0.9757552298892783
2026-06-06,course,-4.920057000326057,53.60305700032606,1.9813054828308627,0.9655081682144703
2026-06-06,sentiment,-4.23480665395332,52.91780665395332,2.095084229154248,0.9181434973385444
2026-06-06,sentiment_change,-4.6507435860937765,53.333743586093775,1.9657335962493734,0.9550502871399207
2026-06-07,approval_only,-5.35315172407121,54.03615172407121,2.04563790758485,0.9757552298892783
2026-06-07,course,-4.920057000326057,53.60305700032606,1.9813054828308627,0.9655081682144703
2026-06-07,sentiment,-4.23480665395332,52.91780665395332,2.095084229154248,0.9181434973385444
2026-06-07,sentiment_change,-4.6507435860937765,53.333743586093775,1.9657335962493734,0.9550502871399207
2026-06-08,approval_only,-5.35315172407121,54.03615172407121,2.04563790758485,0.9757552298892783
2026-06-08,course,-4.969466752511456,53.65246675251146,1.979010068876614,0.9675250585447983
2026-06-08,sentiment,-4.277833820061695,52.960833820061694,2.0918610915335973,0.921525329916573
2026-06-08,sentiment_change,-4.693022981158764,53.37602298115876,1.963691590559003,0.9572130773111776
2026-06-09,approval_only,-5.35315172407121,54.03615172407121,2.04563790758485,0.9757552298892783
2026-06-09,course,-4.969466752511456,53.65246675251146,1.979010068876614,0.9675250585447983
2026-06-09,sentiment,-4.277833820061695,52.960833820061694,2.0918610915335973,0.921525329916573
2026-06-09,sentiment_change,-4.693022981158764,53.37602298115876,1.963691590559003,0.9572130773111776
2026-06-10,approval_only,-5.35315172407121,54.03615172407121,2.04563790758485,0.9757552298892783
2026-06-10,course,-4.969466752511456,53.65246675251146,1.979010068876614,0.9675250585447983
2026-06-10,sentiment,-4.277833820061695,52.960833820061694,2.0918610915335973,0.921525329916573
2026-06-10,sentiment_change,-4.693022981158764,53.37602298115876,1.963691590559003,0.9572130773111776
2026-06-11,approval_only,-5.35315172407121,54.03615172407121,2.04563790758485,0.9757552298892783
2026-06-11,course,-4.969466752511456,53.65246675251146,1.979010068876614,0.9675250585447983
2026-06-11,sentiment,-4.277833820061695,52.960833820061694,2.0918610915335973,0.921525329916573
2026-06-11,sentiment_change,-4.693022981158764,53.37602298115876,1.963691590559003,0.9572130773111776
2026-06-12,approval_only,-5.35315172407121,54.03615172407121,2.04563790758485,0.9757552298892783
2026-06-12,course,-4.969466752511456,53.65246675251146,1.979010068876614,0.9675250585447983
2026-06-12,sentiment,-4.277833820061695,52.960833820061694,2.0918610915335973,0.921525329916573
2026-06-12,sentiment_change,-4.693022981158764,53.37602298115876,1.963691590559003,0.9572130773111776
2026-06-13,approval_only,-5.35315172407121,54.03615172407121,2.04563790758485,0.9757552298892783
2026-06-13,course,-4.969466752511456,53.65246675251146,1.979010068876614,0.9675250585447983
2026-06-13,sentiment,-4.277833820061695,52.960833820061694,2.0918610915335973,0.921525329916573
2026-06-13,sentiment_change,-4.693022981158764,53.37602298115876,1.963691590559003,0.9572130773111776
2026-06-14,approval_only,-5.35315172407121,54.03615172407121,2.04563790758485,0.9757552298892783
2026-06-14,course,-4.969466752511456,53.65246675251146,1.979010068876614,0.9675250585447983
2026-06-14,sentiment,-4.277833820061695,52.960833820061694,2.0918610915335973,0.921525329916573
2026-06-14,sentiment_change,-4.693022981158764,53.37602298115876,1.963691590559003,0.9572130773111776
2026-06-15,approval_only,-5.35315172407121,54.03615172407121,2.04563790758485,0.9757552298892783
2026-06-15,course,-5.013607960900247,53.696607960900245,1.9771912243480683,0.9692321083382404
2026-06-15,sentiment,-4.316273015191482,52.999273015191484,2.0891464793454375,0.9244483301748438
2026-06-15,sentiment_change,-4.730794139797911,53.413794139797915,1.9620359741529183,0.9590638475937154
2026-06-16,approval_only,-5.35315172407121,54.03615172407121,2.04563790758485,0.9757552298892783
2026-06-16,course,-5.013607960900247,53.696607960900245,1.9771912243480683,0.9692321083382404
2026-06-16,sentiment,-4.316273015191482,52.999273015191484,2.0891464793454375,0.9244483301748438
2026-06-16,sentiment_change,-4.730794139797911,53.413794139797915,1.9620359741529183,0.9590638475937154
2026-06-17,approval_only,-5.35315172407121,54.03615172407121,2.04563790758485,0.9757552298892783
2026-06-17,course,-5.013607960900247,53.696607960900245,1.9771912243480683,0.9692321083382404
2026-06-17,sentiment,-4.316273015191482,52.999273015191484,2.0891464793454375,0.9244483301748438
2026-06-17,sentiment_change,-4.730794139797911,53.413794139797915,1.9620359741529183,0.9590638475937154
2026-06-18,approval_only,-5.35315172407121,54.03615172407121,2.04563790758485,0.9757552298892783
2026-06-18,course,-5.013607960900247,53.696607960900245,1.9771912243480683,0.9692321083382404
2026-06-18,sentiment,-4.316273015191482,52.999273015191484,2.0891464793454375,0.9244483301748438
2026-06-18,sentiment_change,-4.730794139797911,53.413794139797915,1.9620359741529183,0.9590638475937154
2026-06-19,approval_only,-5.347922531331881,54.03092253133188,2.045414028238539,0.9756216021057358
2026-06-19,course,-5.008934598162981,53.69193459816298,1.9769609939019908,0.9690826880896289
2026-06-19,sentiment,-4.310983687944094,52.993983687944095,2.0891907211120726,0.9240829392220207
2026-06-19,sentiment_change,-4.726067039573073,53.409067039573074,1.96183062296269,0.9588678845191099
2026-06-20,approval_only,-5.235494887436307,53.91849488743631,2.0407646011786906,0.9725780700854698
2026-06-20,course,-4.908457299311763,53.59145729931176,1.9722028377648215,0.9656994977227445
2026-06-20,sentiment,-4.1972631521252595,52.88026315212526,2.0903925385142235,0.9158763640439577
2026-06-20,sentiment_change,-4.624434384739057,53.307434384739054,1.9576008904363345,0.9544414839205527
2026-06-21,approval_only,-5.235494887436307,53.91849488743631,2.0407646011786906,0.9725780700854698
2026-06-21,course,-4.908457299311763,53.59145729931176,1.9722028377648215,0.9656994977227445
2026-06-21,sentiment,-4.1972631521252595,52.88026315212526,2.0903925385142235,0.9158763640439577
2026-06-21,sentiment_change,-4.624434384739057,53.307434384739054,1.9576008904363345,0.9544414839205527
2026-06-22,approval_only,-5.235494887436307,53.91849488743631,2.0407646011786906,0.9725780700854698
2026-06-22,course,-4.942371685427185,53.62537168542718,1.9709928941976307,0.9670691043268858
2026-06-22,sentiment,-4.226796591584263,52.90979659158426,2.0884491567264796,0.9182325875587225
2026-06-22,sentiment_change,-4.653454561233367,53.33645456123337,1.9564960402102367,0.9559327504877413
2026-06-23,approval_only,-5.235494887436307,53.91849488743631,2.0407646011786906,0.9725780700854698
2026-06-23,course,-4.942371685427185,53.62537168542718,1.9709928941976307,0.9670691043268858
2026-06-23,sentiment,-4.226796591584263,52.90979659158426,2.0884491567264796,0.9182325875587225
2026-06-23,sentiment_change,-4.653454561233367,53.33645456123337,1.9564960402102367,0.9559327504877413
2026-06-24,approval_only,-5.235494887436307,53.91849488743631,2.0407646011786906,0.9725780700854698
2026-06-24,course,-4.942371685427185,53.62537168542718,1.9709928941976307,0.9670691043268858
2026-06-24,sentiment,-4.226796591584263,52.90979659158426,2.0884491567264796,0.9182325875587225
2026-06-24,sentiment_change,-4.653454561233367,53.33645456123337,1.9564960402102367,0.9559327504877413
2026-06-25,approval_only,-5.235494887436307,53.91849488743631,2.0407646011786906,0.9725780700854698
2026-06-25,course,-4.942371685427185,53.62537168542718,1.9709928941976307,0.9670691043268858
2026-06-25,sentiment,-4.226796591584263,52.90979659158426,2.0884491567264796,0.9182325875587225
2026-06-25,sentiment_change,-4.653454561233367,53.33645456123337,1.9564960402102367,0.9559327504877413
2026-06-26,approval_only,-5.235494887436307,53.91849488743631,2.0407646011786906,0.9725780700854698
2026-06-26,course,-4.942371685427185,53.62537168542718,1.9709928941976307,0.9670691043268858
2026-06-26,sentiment,-4.226796591584263,52.90979659158426,2.0884491567264796,0.9182325875587225
2026-06-26,sentiment_change,-4.653454561233367,53.33645456123337,1.9564960402102367,0.9559327504877413
2026-06-27,approval_only,-5.235494887436307,53.91849488743631,2.0407646011786906,0.9725780700854698
2026-06-27,course,-4.942371685427185,53.62537168542718,1.9709928941976307,0.9670691043268858
2026-06-27,sentiment,-4.226796591584263,52.90979659158426,2.0884491567264796,0.9182325875587225
2026-06-27,sentiment_change,-4.653454561233367,53.33645456123337,1.9564960402102367,0.9559327504877413
2026-06-28,approval_only,-5.235494887436307,53.91849488743631,2.0407646011786906,0.9725780700854698
2026-06-28,course,-4.942371685427185,53.62537168542718,1.9709928941976307,0.9670691043268858
2026-06-28,sentiment,-4.226796591584263,52.90979659158426,2.0884491567264796,0.9182325875587225
2026-06-28,sentiment_change,-4.653454561233367,53.33645456123337,1.9564960402102367,0.9559327504877413
2026-06-29,approval_only,-5.235494887436307,53.91849488743631,2.0407646011786906,0.9725780700854698
2026-06-29,course,-4.9786130614414486,53.66161306144145,1.9698437603165009,0.968474682408798
2026-06-29,sentiment,-4.258356428191229,52.94135642819123,2.0864746485576027,0.920689617634974
2026-06-29,sentiment_change,-4.684465918029012,53.36746591802901,1.9554199921951028,0.9574760178733533
2026-06-30,approval_only,-5.235494887436307,53.91849488743631,2.0407646011786906,0.9725780700854698
2026-06-30,course,-4.961797916733033,53.64479791673303,1.9706628984148007,0.9678092582276226
2026-06-30,sentiment,-4.234996500656537,52.917996500656535,2.0937607547244728,0.9182902744211774
2026-06-30,sentiment_change,-4.72968721691856,53.412687216918556,1.951236405505932,0.9598533715750851
2026-07-01,approval_only,-5.235494887436307,53.91849488743631,2.0407646011786906,0.9725780700854698
2026-07-01,course,-4.961797916733033,53.64479791673303,1.9706628984148007,0.9678092582276226
2026-07-01,sentiment,-4.234996500656537,52.917996500656535,2.0937607547244728,0.9182902744211774
2026-07-01,sentiment_change,-4.72968721691856,53.412687216918556,1.951236405505932,0.9598533715750851
2026-07-02,approval_only,-5.235494887436307,53.91849488743631,2.0407646011786906,0.9725780700854698
2026-07-02,course,-4.961797916733033,53.64479791673303,1.9706628984148007,0.9678092582276226
2026-07-02,sentiment,-4.234996500656537,52.917996500656535,2.0937607547244728,0.9182902744211774
2026-07-02,sentiment_change,-4.72968721691856,53.412687216918556,1.951236405505932,0.9598533715750851
2026-07-03,approval_only,-5.23157299288181,53.91457299288181,2.0406080824387907,0.9724658222596573
2026-07-03,course,-4.958292894680084,53.641292894680085,1.9705082093790975,0.9676912560242099
2026-07-03,sentiment,-4.231029505220996,52.914029505220995,2.0938196823889723,0.9179977565601364
2026-07-03,sentiment_change,-4.726141891749932,53.40914189174993,1.951096044767295,0.9597069779177066
2026-07-04,approval_only,-5.23157299288181,53.91457299288181,2.0406080824387907,0.9724658222596573
2026-07-04,course,-4.958292894680084,53.641292894680085,1.9705082093790975,0.9676912560242099
2026-07-04,sentiment,-4.231029505220996,52.914029505220995,2.0938196823889723,0.9179977565601364
2026-07-04,sentiment_change,-4.726141891749932,53.40914189174993,1.951096044767295,0.9597069779177066
2026-07-05,approval_only,-5.23157299288181,53.91457299288181,2.0406080824387907,0.9724658222596573
2026-07-05,course,-4.958292894680084,53.641292894680085,1.9705082093790975,0.9676912560242099
2026-07-05,sentiment,-4.231029505220996,52.914029505220995,2.0938196823889723,0.9179977565601364
2026-07-05,sentiment_change,-4.726141891749932,53.40914189174993,1.951096044767295,0.9597069779177066
2026-07-06,approval_only,-5.23157299288181,53.91457299288181,2.0406080824387907,0.9724658222596573
2026-07-06,course,-4.996031897526678,53.67903189752668,1.9693896838914136,0.9691264649679081
2026-07-06,sentiment,-4.263893510248827,52.94689351024883,2.0918455464425922,0.92054587878727
2026-07-06,sentiment_change,-4.758434751765152,53.44143475176515,1.9501350795964276,0.9611942534458162
2026-07-07,approval_only,-5.23157299288181,53.91457299288181,2.0406080824387907,0.9724658222596573
2026-07-07,course,-4.996031897526678,53.67903189752668,1.9693896838914136,0.9691264649679081
2026-07-07,sentiment,-4.263893510248827,52.94689351024883,2.0918455464425922,0.92054587878727
2026-07-07,sentiment_change,-4.758434751765152,53.44143475176515,1.9501350795964276,0.9611942534458162
2026-07-08,approval_only,-5.23157299288181,53.91457299288181,2.0406080824387907,0.9724658222596573
2026-07-08,course,-4.996031897526678,53.67903189752668,1.9693896838914136,0.9691264649679081
2026-07-08,sentiment,-4.263893510248827,52.94689351024883,2.0918455464425922,0.92054587878727
2026-07-08,sentiment_change,-4.758434751765152,53.44143475176515,1.9501350795964276,0.9611942534458162
2026-07-09,approval_only,-5.23157299288181,53.91457299288181,2.0406080824387907,0.9724658222596573
2026-07-09,course,-4.996031897526678,53.67903189752668,1.9693896838914136,0.9691264649679081
2026-07-09,sentiment,-4.263893510248827,52.94689351024883,2.0918455464425922,0.92054587878727
2026-07-09,sentiment_change,-4.758434751765152,53.44143475176515,1.9501350795964276,0.9611942534458162
2026-07-10,approval_only,-5.23157299288181,53.91457299288181,2.0406080824387907,0.9724658222596573
2026-07-10,course,-4.996031897526678,53.67903189752668,1.9693896838914136,0.9691264649679081
2026-07-10,sentiment,-4.263893510248827,52.94689351024883,2.0918455464425922,0.92054587878727
2026-07-10,sentiment_change,-4.758434751765152,53.44143475176515,1.9501350795964276,0.9611942534458162
2026-07-11,approval_only,-5.243338676545301,53.9263386765453,2.0410787879071615,0.972801302042062
2026-07-11,course,-5.006546963685526,53.68954696368553,1.969850724606057,0.9694663878154351
2026-07-11,sentiment,-4.2757944965554495,52.95879449655545,2.091666446995708,0.9214017055309549
2026-07-11,sentiment_change,-4.769070727271037,53.452070727271035,1.950550814990633,0.9616191655125117
2026-07-12,approval_only,-5.243338676545301,53.9263386765453,2.0410787879071615,0.972801302042062
2026-07-12,course,-5.006546963685526,53.68954696368553,1.969850724606057,0.9694663878154351
2026-07-12,sentiment,-4.2757944965554495,52.95879449655545,2.091666446995708,0.9214017055309549
2026-07-12,sentiment_change,-4.769070727271037,53.452070727271035,1.950550814990633,0.9616191655125117
2026-07-13,approval_only,-5.243338676545301,53.9263386765453,2.0410787879071615,0.972801302042062
2026-07-13,course,-5.047191720585289,53.73019172058529,1.9688219964500664,0.9709293655078147
2026-07-13,sentiment,-4.311188900073172,52.99418890007317,2.089664233229144,0.9240505691483889
2026-07-13,sentiment_change,-4.803850009867668,53.486850009867666,1.949640496756043,0.9631489214814323
2026-07-14,approval_only,-5.243338676545301,53.9263386765453,2.0410787879071615,0.972801302042062
2026-07-14,course,-5.047191720585289,53.73019172058529,1.9688219964500664,0.9709293655078147
2026-07-14,sentiment,-4.311188900073172,52.99418890007317,2.089664233229144,0.9240505691483889
2026-07-14,sentiment_change,-4.803850009867668,53.486850009867666,1.949640496756043,0.9631489214814323
2026-07-15,approval_only,-5.243338676545301,53.9263386765453,2.0410787879071615,0.972801302042062
2026-07-15,course,-5.047191720585289,53.73019172058529,1.9688219964500664,0.9709293655078147
2026-07-15,sentiment,-4.311188900073172,52.99418890007317,2.089664233229144,0.9240505691483889
2026-07-15,sentiment_change,-4.803850009867668,53.486850009867666,1.949640496756043,0.9631489214814323
2026-07-16,approval_only,-5.243338676545301,53.9263386765453,2.0410787879071615,0.972801302042062
2026-07-16,course,-5.047191720585289,53.73019172058529,1.9688219964500664,0.9709293655078147
2026-07-16,sentiment,-4.311188900073172,52.99418890007317,2.089664233229144,0.9240505691483889
2026-07-16,sentiment_change,-4.803850009867668,53.486850009867666,1.949640496756043,0.9631489214814323
2026-07-17,approval_only,-5.243338676545301,53.9263386765453,2.0410787879071615,0.972801302042062
2026-07-17,course,-5.047191720585289,53.73019172058529,1.9688219964500664,0.9709293655078147
2026-07-17,sentiment,-4.311188900073172,52.99418890007317,2.089664233229144,0.9240505691483889
2026-07-17,sentiment_change,-4.803850009867668,53.486850009867666,1.949640496756043,0.9631489214814323
2026-07-18,approval_only,-5.243338676545301,53.9263386765453,2.0410787879071615,0.972801302042062
2026-07-18,course,-5.047191720585289,53.73019172058529,1.9688219964500664,0.9709293655078147
2026-07-18,sentiment,-4.311188900073172,52.99418890007317,2.089664233229144,0.9240505691483889
2026-07-18,sentiment_change,-4.803850009867668,53.486850009867666,1.949640496756043,0.9631489214814323
2026-07-19,approval_only,-5.252489763839127,53.93548976383913,2.0414472749917243,0.9730596214893749
2026-07-19,course,-5.055370105375505,53.7383701053755,1.9691796832414947,0.9711809486780189
2026-07-19,sentiment,-4.3204452227561,53.0034452227561,2.0895251558476544,0.9246952172839215
2026-07-19,sentiment_change,-4.812122435261134,53.49512243526114,1.9499609574296588,0.963466052167771
2026-07-20,approval_only,-5.252489763839127,53.93548976383913,2.0414472749917243,0.9730596214893749
2026-07-20,course,-5.10121180638268,53.78421180638268,1.968240345067651,0.9727371760609486
2026-07-20,sentiment,-4.360365246570935,53.043365246570936,2.087423230403373,0.9275732696722576
2026-07-20,sentiment_change,-4.85134868719741,53.53434868719741,1.9490921516996733,0.9651095865364049
2026-07-21,approval_only,-5.252489763839127,53.93548976383913,2.0414472749917243,0.9730596214893749
2026-07-21,course,-5.10121180638268,53.78421180638268,1.968240345067651,0.9727371760609486
2026-07-21,sentiment,-4.360365246570935,53.043365246570936,2.087423230403373,0.9275732696722576
2026-07-21,sentiment_change,-4.85134868719741,53.53434868719741,1.9490921516996733,0.9651095865364049
2026-07-22,approval_only,-5.252489763839127,53.93548976383913,2.0414472749917243,0.9730596214893749
2026-07-22,course,-5.10121180638268,53.78421180638268,1.968240345067651,0.9727371760609486
2026-07-22,sentiment,-4.360365246570935,53.043365246570936,2.087423230403373,0.9275732696722576
2026-07-22,sentiment_change,-4.85134868719741,53.53434868719741,1.9490921516996733,0.9651095865364049
2026-07-23,approval_only,-5.252489763839127,53.93548976383913,2.0414472749917243,0.9730596214893749
2026-07-23,course,-5.10121180638268,53.78421180638268,1.968240345067651,0.9727371760609486
2026-07-23,sentiment,-4.360365246570935,53.043365246570936,2.087423230403373,0.9275732696722576
2026-07-23,sentiment_change,-4.85134868719741,53.53434868719741,1.9490921516996733,0.9651095865364049
2026-07-24,approval_only,-5.252489763839127,53.93548976383913,2.0414472749917243,0.9730596214893749
2026-07-24,course,-5.10121180638268,53.78421180638268,1.968240345067651,0.9727371760609486
2026-07-24,sentiment,-4.360365246570935,53.043365246570936,2.087423230403373,0.9275732696722576
2026-07-24,sentiment_change,-4.85134868719741,53.53434868719741,1.9490921516996733,0.9651095865364049
2026-07-25,approval_only,-5.290401411199262,53.97340141119926,2.0429960498765105,0.9741058559196284
2026-07-25,course,-5.135093686227858,53.818093686227854,1.9697308282164325,0.9737117724586616
2026-07-25,sentiment,-4.398712869114496,53.0817128691145,2.0868649893132867,0.9301244915602893
2026-07-25,sentiment_change,-4.885620163827485,53.56862016382748,1.9504187532792079,0.9663502537388493
2026-07-26,approval_only,-5.290401411199262,53.97340141119926,2.0429960498765105,0.9741058559196284
2026-07-26,course,-5.135093686227858,53.818093686227854,1.9697308282164325,0.9737117724586616
2026-07-26,sentiment,-4.398712869114496,53.0817128691145,2.0868649893132867,0.9301244915602893
2026-07-26,sentiment_change,-4.885620163827485,53.56862016382748,1.9504187532792079,0.9663502537388493
2026-07-27,approval_only,-5.290401411199262,53.97340141119926,2.0429960498765105,0.9741058559196284
2026-07-27,course,-5.184974803033793,53.86797480303379,1.9689609920707938,0.9752624882988736
2026-07-27,sentiment,-4.442150510542588,53.12515051054259,2.0847540699845966,0.9330696644679456
2026-07-27,sentiment_change,-4.9283029005432555,53.61130290054326,1.949642709398033,0.9680078753326076
2026-07-28,approval_only,-5.290401411199262,53.97340141119926,2.0429960498765105,0.9741058559196284
2026-07-28,course,-5.184974803033793,53.86797480303379,1.9689609920707938,0.9752624882988736
2026-07-28,sentiment,-4.442150510542588,53.12515051054259,2.0847540699845966,0.9330696644679456
2026-07-28,sentiment_change,-4.9283029005432555,53.61130290054326,1.949642709398033,0.9680078753326076
2026-07-29,approval_only,-5.290401411199262,53.97340141119926,2.0429960498765105,0.9741058559196284
2026-07-29,course,-5.184974803033793,53.86797480303379,1.9689609920707938,0.9752624882988736
2026-07-29,sentiment,-4.442150510542588,53.12515051054259,2.0847540699845966,0.9330696644679456
2026-07-29,sentiment_change,-4.9283029005432555,53.61130290054326,1.949642709398033,0.9680078753326076
2026-07-30,approval_only,-5.290401411199262,53.97340141119926,2.0429960498765105,0.9741058559196284
2026-07-30,course,-5.184974803033793,53.86797480303379,1.9689609920707938,0.9752624882988736
2026-07-30,sentiment,-4.442150510542588,53.12515051054259,2.0847540699845966,0.9330696644679456
2026-07-30,sentiment_change,-4.9283029005432555,53.61130290054326,1.949642709398033,0.9680078753326076
2026-07-31,approval_only,-5.432896913345979,54.11589691334598,2.0491357249012117,0.9777102893460814
2026-07-31,course,-5.3064632845825965,53.9894632845826,1.9750210285890775,0.9783062265546245
2026-07-31,sentiment,-4.5509608329936,53.2339608329936,2.0937713442784474,0.9387739462435148
2026-07-31,sentiment_change,-5.03953032099082,53.72253032099082,1.9563076949141518,0.9714689462680705
2026-08-01,approval_only,-5.432896913345979,54.11589691334598,2.0491357249012117,0.9777102893460814
2026-08-01,course,-5.3064632845825965,53.9894632845826,1.9750210285890775,0.9783062265546245
2026-08-01,sentiment,-4.5509608329936,53.2339608329936,2.0937713442784474,0.9387739462435148
2026-08-01,sentiment_change,-5.03953032099082,53.72253032099082,1.9563076949141518,0.9714689462680705
2026-08-02,approval_only,-5.432896913345979,54.11589691334598,2.0491357249012117,0.9777102893460814
2026-08-02,course,-5.3064632845825965,53.9894632845826,1.9750210285890775,0.9783062265546245
2026-08-02,sentiment,-4.5509608329936,53.2339608329936,2.0937713442784474,0.9387739462435148
2026-08-02,sentiment_change,-5.03953032099082,53.72253032099082,1.9563076949141518,0.9714689462680705
2026-08-03,approval_only,-5.432896913345979,54.11589691334598,2.0491357249012117,0.9777102893460814
2026-08-03,course,-5.353176115141645,54.03617611514164,1.97445346871756,0.9795330617503807
2026-08-03,sentiment,-4.59163945676639,53.27463945676639,2.091854738842177,0.9412582289433316
2026-08-03,sentiment_change,-5.079501989142465,53.762501989142464,1.9556461201264346,0.9728175435879246
2026-08-04,approval_only,-5.432896913345979,54.11589691334598,2.0491357249012117,0.9777102893460814
2026-08-04,course,-5.353176115141645,54.03617611514164,1.97445346871756,0.9795330617503807
2026-08-04,sentiment,-4.59163945676639,53.27463945676639,2.091854738842177,0.9412582289433316
2026-08-04,sentiment_change,-5.079501989142465,53.762501989142464,1.9556461201264346,0.9728175435879246
2026-08-05,approval_only,-5.432896913345979,54.11589691334598,2.0491357249012117,0.9777102893460814
2026-08-05,course,-5.353176115141645,54.03617611514164,1.97445346871756,0.9795330617503807
2026-08-05,sentiment,-4.59163945676639,53.27463945676639,2.091854738842177,0.9412582289433316
2026-08-05,sentiment_change,-5.079501989142465,53.762501989142464,1.9556461201264346,0.9728175435879246
2026-08-06,approval_only,-5.432896913345979,54.11589691334598,2.0491357249012117,0.9777102893460814
2026-08-06,course,-5.353176115141645,54.03617611514164,1.97445346871756,0.9795330617503807
2026-08-06,sentiment,-4.59163945676639,53.27463945676639,2.091854738842177,0.9412582289433316
2026-08-06,sentiment_change,-5.079501989142465,53.762501989142464,1.9556461201264346,0.9728175435879246
2026-08-07,approval_only,-5.414594738758327,54.097594738758325,2.048319083811338,0.9772750702223526
2026-08-07,course,-5.3368193455612145,54.01981934556122,1.9736738172337587,0.9791609050091555
2026-08-07,sentiment,-4.573126811400533,53.256126811400534,2.092076105333131,0.9401946083837881
2026-08-07,sentiment_change,-5.062957138355533,53.745957138355536,1.9549598056921613,0.9723257249009377
2026-08-08,approval_only,-5.414594738758327,54.097594738758325,2.048319083811338,0.9772750702223526
2026-08-08,course,-5.3368193455612145,54.01981934556122,1.9736738172337587,0.9791609050091555
2026-08-08,sentiment,-4.573126811400533,53.256126811400534,2.092076105333131,0.9401946083837881
2026-08-08,sentiment_change,-5.062957138355533,53.745957138355536,1.9549598056921613,0.9723257249009377
2026-08-09,approval_only,-5.414594738758327,54.097594738758325,2.048319083811338,0.9772750702223526
2026-08-09,course,-5.3368193455612145,54.01981934556122,1.9736738172337587,0.9791609050091555
2026-08-09,sentiment,-4.573126811400533,53.256126811400534,2.092076105333131,0.9401946083837881
2026-08-09,sentiment_change,-5.062957138355533,53.745957138355536,1.9549598056921613,0.9723257249009377
2026-08-10,approval_only,-5.414594738758327,54.097594738758325,2.048319083811338,0.9772750702223526
2026-08-10,course,-5.381354352240579,54.06435435224058,1.9733716370545786,0.9802815565137524
2026-08-10,sentiment,-4.611908935278436,53.294908935278436,2.0904208212688524,0.9425094594472456
2026-08-10,sentiment_change,-5.101065265968752,53.78406526596875,1.9545095904944003,0.9735703695721222
2026-08-11,approval_only,-5.414594738758327,54.097594738758325,2.048319083811338,0.9772750702223526
2026-08-11,course,-5.381354352240579,54.06435435224058,1.9733716370545786,0.9802815565137524
2026-08-11,sentiment,-4.611908935278436,53.294908935278436,2.0904208212688524,0.9425094594472456
2026-08-11,sentiment_change,-5.101065265968752,53.78406526596875,1.9545095904944003,0.9735703695721222
2026-08-12,approval_only,-5.414594738758327,54.097594738758325,2.048319083811338,0.9772750702223526
2026-08-12,course,-5.381354352240579,54.06435435224058,1.9733716370545786,0.9802815565137524
2026-08-12,sentiment,-4.611908935278436,53.294908935278436,2.0904208212688524,0.9425094594472456
2026-08-12,sentiment_change,-5.101065265968752,53.78406526596875,1.9545095904944003,0.9735703695721222
2026-08-13,approval_only,-5.414594738758327,54.097594738758325,2.048319083811338,0.9772750702223526
2026-08-13,course,-5.381354352240579,54.06435435224058,1.9733716370545786,0.9802815565137524
2026-08-13,sentiment,-4.611908935278436,53.294908935278436,2.0904208212688524,0.9425094594472456
2026-08-13,sentiment_change,-5.101065265968752,53.78406526596875,1.9545095904944003,0.9735703695721222
2026-08-14,approval_only,-5.414594738758327,54.097594738758325,2.048319083811338,0.9772750702223526
2026-08-14,course,-5.381354352240579,54.06435435224058,1.9733716370545786,0.9802815565137524
2026-08-14,sentiment,-4.611908935278436,53.294908935278436,2.0904208212688524,0.9425094594472456
2026-08-14,sentiment_change,-5.101065265968752,53.78406526596875,1.9545095904944003,0.9735703695721222
2026-08-15,approval_only,-5.414594738758327,54.097594738758325,2.048319083811338,0.9772750702223526
2026-08-15,course,-5.381354352240579,54.06435435224058,1.9733716370545786,0.9802815565137524
2026-08-15,sentiment,-4.611908935278436,53.294908935278436,2.0904208212688524,0.9425094594472456
2026-08-15,sentiment_change,-5.101065265968752,53.78406526596875,1.9545095904944003,0.9735703695721222
2026-08-16,approval_only,-5.414594738758327,54.097594738758325,2.048319083811338,0.9772750702223526
2026-08-16,course,-5.381354352240579,54.06435435224058,1.9733716370545786,0.9802815565137524
2026-08-16,sentiment,-4.611908935278436,53.294908935278436,2.0904208212688524,0.9425094594472456
2026-08-16,sentiment_change,-5.101065265968752,53.78406526596875,1.9545095904944003,0.9735703695721222
2026-08-17,approval_only,-5.4433552988246365,54.126355298824635,2.04960607785088,0.9779554695857031
2026-08-17,course,-5.451479487800348,54.13447948780035,1.9744977086151314,0.9818673317686024
2026-08-17,sentiment,-4.6796836371046355,53.36268363710464,2.0885650740149186,0.9463059774985916
2026-08-17,sentiment_change,-5.1650754385987705,53.84807543859877,1.9552678866666884,0.9754691656501242
2026-08-18,approval_only,-5.456428280672959,54.13942828067296,2.050197800576684,0.9782583906666951
2026-08-18,course,-5.463162894643513,54.14616289464351,1.9750525177921743,0.9821033217925237
2026-08-18,sentiment,-4.692906955223105,53.3759069552231,2.088409453480876,0.9470065150571272
2026-08-18,sentiment_change,-5.176893189160865,53.859893189160864,1.9557500001820727,0.9757871051134499
2026-08-19,approval_only,-5.456428280672959,54.13942828067296,2.050197800576684,0.9782583906666951
2026-08-19,course,-5.463162894643513,54.14616289464351,1.9750525177921743,0.9821033217925237
2026-08-19,sentiment,-4.692906955223105,53.3759069552231,2.088409453480876,0.9470065150571272
2026-08-19,sentiment_change,-5.176893189160865,53.859893189160864,1.9557500001820727,0.9757871051134499
2026-08-20,approval_only,-5.456428280672959,54.13942828067296,2.050197800576684,0.9782583906666951
2026-08-20,course,-5.463162894643513,54.14616289464351,1.9750525177921743,0.9821033217925237
2026-08-20,sentiment,-4.692906955223105,53.3759069552231,2.088409453480876,0.9470065150571272
2026-08-20,sentiment_change,-5.176893189160865,53.859893189160864,1.9557500001820727,0.9757871051134499
2026-08-21,approval_only,-5.456428280672959,54.13942828067296,2.050197800576684,0.9782583906666951
2026-08-21,course,-5.463162894643513,54.14616289464351,1.9750525177921743,0.9821033217925237
2026-08-21,sentiment,-4.692906955223105,53.3759069552231,2.088409453480876,0.9470065150571272
2026-08-21,sentiment_change,-5.176893189160865,53.859893189160864,1.9557500001820727,0.9757871051134499
2026-08-22,approval_only,-5.456428280672959,54.13942828067296,2.050197800576684,0.9782583906666951
2026-08-22,course,-5.463162894643513,54.14616289464351,1.9750525177921743,0.9821033217925237
2026-08-22,sentiment,-4.692906955223105,53.3759069552231,2.088409453480876,0.9470065150571272
2026-08-22,sentiment_change,-5.176893189160865,53.859893189160864,1.9557500001820727,0.9757871051134499
2026-08-23,approval_only,-5.456428280672959,54.13942828067296,2.050197800576684,0.9782583906666951
2026-08-23,course,-5.463162894643513,54.14616289464351,1.9750525177921743,0.9821033217925237
2026-08-23,sentiment,-4.692906955223105,53.3759069552231,2.088409453480876,0.9470065150571272
2026-08-23,sentiment_change,-5.176893189160865,53.859893189160864,1.9557500001820727,0.9757871051134499
2026-08-24,approval_only,-5.456428280672959,54.13942828067296,2.050197800576684,0.9782583906666951
2026-08-24,course,-5.504475915309096,54.18747591530909,1.975163898492782,0.9829997193447438
2026-08-24,sentiment,-4.728883298434601,53.4118832984346,2.0871518193479432,0.9489448386671699
2026-08-24,sentiment_change,-5.212244297895315,53.89524429789532,1.9556047825800973,0.9768054806887388
2026-08-25,approval_only,-5.456428280672959,54.13942828067296,2.050197800576684,0.9782583906666951
2026-08-25,course,-5.504475915309096,54.18747591530909,1.975163898492782,0.9829997193447438
2026-08-25,sentiment,-4.728883298434601,53.4118832984346,2.0871518193479432,0.9489448386671699
2026-08-25,sentiment_change,-5.212244297895315,53.89524429789532,1.9556047825800973,0.9768054806887388
2026-08-26,approval_only,-5.456428280672959,54.13942828067296,2.050197800576684,0.9782583906666951
2026-08-26,course,-5.504475915309096,54.18747591530909,1.975163898492782,0.9829997193447438
2026-08-26,sentiment,-4.728883298434601,53.4118832984346,2.0871518193479432,0.9489448386671699
2026-08-26,sentiment_change,-5.212244297895315,53.89524429789532,1.9556047825800973,0.9768054806887388
2026-08-27,approval_only,-5.430282316976314,54.11328231697631,2.049018557076234,0.97764859645548
2026-08-27,course,-5.481109101622766,54.16410910162276,1.9740705657192363,0.982545066830907
2026-08-27,sentiment,-4.7024366621976625,53.38543666219766,2.0874792175716466,0.9475750057334216
2026-08-27,sentiment_change,-5.188608796771125,53.87160879677113,1.954661943677553,0.9761878203417464
2026-08-28,approval_only,-5.430282316976314,54.11328231697631,2.049018557076234,0.97764859645548
2026-08-28,course,-5.481109101622766,54.16410910162276,1.9740705657192363,0.982545066830907
2026-08-28,sentiment,-4.7024366621976625,53.38543666219766,2.0874792175716466,0.9475750057334216
2026-08-28,sentiment_change,-5.188608796771125,53.87160879677113,1.954661943677553,0.9761878203417464
2026-08-29,approval_only,-5.430282316976314,54.11328231697631,2.049018557076234,0.97764859645548
2026-08-29,course,-5.481109101622766,54.16410910162276,1.9740705657192363,0.982545066830907
2026-08-29,sentiment,-4.7024366621976625,53.38543666219766,2.0874792175716466,0.9475750057334216
2026-08-29,sentiment_change,-5.188608796771125,53.87160879677113,1.954661943677553,0.9761878203417464
2026-08-30,approval_only,-5.430282316976314,54.11328231697631,2.049018557076234,0.97764859645548
2026-08-30,course,-5.481109101622766,54.16410910162276,1.9740705657192363,0.982545066830907
2026-08-30,sentiment,-4.7024366621976625,53.38543666219766,2.0874792175716466,0.9475750057334216
2026-08-30,sentiment_change,-5.188608796771125,53.87160879677113,1.954661943677553,0.9761878203417464
2026-08-31,approval_only,-5.388448775061681,54.07144877506168,2.0471667696833045,0.9766395318352304
2026-08-31,course,-5.466792441144345,54.14979244114434,1.97273743687241,0.9822920388883611
2026-08-31,sentiment,-4.6722838029400595,53.35528380294006,2.093349923823416,0.9455138907583339
2026-08-31,sentiment_change,-5.174284421778765,53.857284421778765,1.9539099663249222,0.9758168716889344
2026-09-01,approval_only,-5.388448775061681,54.07144877506168,2.0471667696833045,0.9766395318352304
2026-09-01,course,-5.466792441144345,54.14979244114434,1.97273743687241,0.9822920388883611
2026-09-01,sentiment,-4.6722838029400595,53.35528380294006,2.093349923823416,0.9455138907583339
2026-09-01,sentiment_change,-5.174284421778765,53.857284421778765,1.9539099663249222,0.9758168716889344
2026-09-02,approval_only,-5.388448775061681,54.07144877506168,2.0471667696833045,0.9766395318352304
2026-09-02,course,-5.466792441144345,54.14979244114434,1.97273743687241,0.9822920388883611
2026-09-02,sentiment,-4.6722838029400595,53.35528380294006,2.093349923823416,0.9455138907583339
2026-09-02,sentiment_change,-5.174284421778765,53.857284421778765,1.9539099663249222,0.9758168716889344
2026-09-03,approval_only,-5.388448775061681,54.07144877506168,2.0471667696833045,0.9766395318352304
2026-09-03,course,-5.466792441144345,54.14979244114434,1.97273743687241,0.9822920388883611
2026-09-03,sentiment,-4.6722838029400595,53.35528380294006,2.093349923823416,0.9455138907583339
2026-09-03,sentiment_change,-5.174284421778765,53.857284421778765,1.9539099663249222,0.9758168716889344
2026-09-04,approval_only,-5.388448775061681,54.07144877506168,2.0471667696833045,0.9766395318352304
2026-09-04,course,-5.466792441144345,54.14979244114434,1.97273743687241,0.9822920388883611
2026-09-04,sentiment,-4.6722838029400595,53.35528380294006,2.093349923823416,0.9455138907583339
2026-09-04,sentiment_change,-5.174284421778765,53.857284421778765,1.9539099663249222,0.9758168716889344
2026-09-05,approval_only,-5.388448775061681,54.07144877506168,2.0471667696833045,0.9766395318352304
2026-09-05,course,-5.466792441144345,54.14979244114434,1.97273743687241,0.9822920388883611
2026-09-05,sentiment,-4.6722838029400595,53.35528380294006,2.093349923823416,0.9455138907583339
2026-09-05,sentiment_change,-5.174284421778765,53.857284421778765,1.9539099663249222,0.9758168716889344
2026-09-06,approval_only,-5.388448775061681,54.07144877506168,2.0471667696833045,0.9766395318352304
2026-09-06,course,-5.466792441144345,54.14979244114434,1.97273743687241,0.9822920388883611
2026-09-06,sentiment,-4.6722838029400595,53.35528380294006,2.093349923823416,0.9455138907583339
2026-09-06,sentiment_change,-5.174284421778765,53.857284421778765,1.9539099663249222,0.9758168716889344
2026-09-07,approval_only,-5.41067284420383,54.09367284420383,2.048145162475732,0.9771807806465854
2026-09-07,course,-5.524005403974513,54.20700540397451,1.9739952154348792,0.9834642244997165
2026-09-07,sentiment,-4.7272897159112945,53.4102897159113,2.092079744657768,0.9484593395649829
2026-09-07,sentiment_change,-5.226335594365991,53.90933559436599,1.9547920352638612,0.977243004317341
2026-09-08,approval_only,-5.435511509715643,54.118511509715646,2.0492530609200723,0.9777718227533017
2026-09-08,course,-5.546203876976526,54.22920387697653,1.9749891054130009,0.9838783315866446
2026-09-08,sentiment,-4.752414020336386,53.43541402033639,2.091700408607411,0.9497466933905895
2026-09-08,sentiment_change,-5.24878932043397,53.93178932043397,1.9556408957190898,0.977810130100353
2026-09-09,approval_only,-5.449891789748797,54.1328917897488,2.049901414196706,0.9781074214035259
2026-09-09,course,-5.5590556245040075,54.242055624504005,1.975572726677859,0.9841134506897316
2026-09-09,sentiment,-4.7669596702667025,53.4499596702667,2.091491450300822,0.9504795571492204
2026-09-09,sentiment_change,-5.261788846052275,53.944788846052276,1.9561403018906853,0.9781323328788926
2026-09-10,approval_only,-5.46296477159712,54.14596477159712,2.0504952365354856,0.9784083828083802
2026-09-10,course,-5.5707390313471725,54.25373903134717,1.9761085112225418,0.9843242958524737
2026-09-10,sentiment,-4.780182988385172,53.46318298838517,2.091308272606037,0.9511379522352773
2026-09-10,sentiment_change,-5.2736065966143695,53.95660659661437,1.9565993686755005,0.9784213968736115
2026-09-11,approval_only,-5.482574244369604,54.1655742443696,2.0513938373113585,0.9788525505414041
2026-09-11,course,-5.588264141611919,54.27126414161192,1.9769214999341334,0.9846354575200479
2026-09-11,sentiment,-4.800017965562875,53.48301796556287,2.0910456248747886,0.9521116587223771
2026-09-11,sentiment_change,-5.291333222457512,53.97433322245751,1.9572969990248537,0.9788482102069588
2026-09-12,approval_only,-5.466886666151617,54.149886666151616,2.050674201718681,0.9784979113279257
2026-09-12,course,-5.574244053400122,54.25724405340012,1.9762702153400884,0.9843870159012046
2026-09-12,sentiment,-4.784149983820712,53.46714998382071,2.0912545795247333,0.9513340223566077
2026-09-12,sentiment_change,-5.277151921782998,53.960151921782995,1.9567380281151836,0.9785074076340015
2026-09-13,approval_only,-5.466886666151617,54.149886666151616,2.050674201718681,0.9784979113279257
2026-09-13,course,-5.574244053400122,54.25724405340012,1.9762702153400884,0.9843870159012046
2026-09-13,sentiment,-4.784149983820712,53.46714998382071,2.0912545795247333,0.9513340223566077
2026-09-13,sentiment_change,-5.277151921782998,53.960151921782995,1.9567380281151836,0.9785074076340015
2026-09-14,approval_only,-5.469501262521281,54.152501262521284,2.0507937216164356,0.978557403242112
2026-09-14,course,-5.619451048674334,54.302451048674335,1.976976692536275,0.9852327633639434
2026-09-14,sentiment,-4.824127117978,53.507127117978,2.0902825950432207,0.9533093066718037
2026-09-14,sentiment_change,-5.316199139754605,53.99919913975461,1.9570769289754746,0.9794963038954654
2026-09-15,approval_only,-5.469501262521281,54.152501262521284,2.0507937216164356,0.978557403242112
2026-09-15,course,-5.619451048674334,54.302451048674335,1.976976692536275,0.9852327633639434
2026-09-15,sentiment,-4.824127117978,53.507127117978,2.0902825950432207,0.9533093066718037
2026-09-15,sentiment_change,-5.316199139754605,53.99919913975461,1.9570769289754746,0.9794963038954654
2026-09-16,approval_only,-5.469501262521281,54.152501262521284,2.0507937216164356,0.978557403242112
2026-09-16,course,-5.619451048674334,54.302451048674335,1.976976692536275,0.9852327633639434
2026-09-16,sentiment,-4.824127117978,53.507127117978,2.0902825950432207,0.9533093066718037
2026-09-16,sentiment_change,-5.316199139754605,53.99919913975461,1.9570769289754746,0.9794963038954654
2026-09-17,approval_only,-5.469501262521281,54.152501262521284,2.0507937216164356,0.978557403242112
2026-09-17,course,-5.619451048674334,54.302451048674335,1.976976692536275,0.9852327633639434
2026-09-17,sentiment,-4.824127117978,53.507127117978,2.0902825950432207,0.9533093066718037
2026-09-17,sentiment_change,-5.316199139754605,53.99919913975461,1.9570769289754746,0.9794963038954654
2026-09-18,approval_only,-5.466886666151617,54.149886666151616,2.050674201718681,0.9784979113279257
2026-09-18,course,-5.617114367305701,54.3001143673057,1.9768698409840513,0.9851929471097826
2026-09-18,sentiment,-4.821482454354306,53.5044824543543,2.0903190666555918,0.9531827795000883
2026-09-18,sentiment_change,-5.313835589642187,53.99683558964219,1.9569859857434413,0.9794412138993915
2026-09-19,approval_only,-5.39367796780101,54.07667796780101,2.047395883979397,0.9767679522908146
2026-09-19,course,-5.5516872889839775,54.23468728898398,1.973958786901109,0.9840346246712945
2026-09-19,sentiment,-4.747431872890878,53.43043187289088,2.091445221463699,0.949520362934522
2026-09-19,sentiment_change,-5.2476561864944555,53.93065618649445,1.9545179342088939,0.9778405307282078
2026-09-20,approval_only,-5.39367796780101,54.07667796780101,2.047395883979397,0.9767679522908146
2026-09-20,course,-5.5516872889839775,54.23468728898398,1.973958786901109,0.9840346246712945
2026-09-20,sentiment,-4.747431872890878,53.43043187289088,2.091445221463699,0.949520362934522
2026-09-20,sentiment_change,-5.2476561864944555,53.93065618649445,1.9545179342088939,0.9778405307282078
2026-09-21,approval_only,-5.423745826052153,54.106745826052155,2.0487263735513017,0.9774936641789344
2026-09-21,course,-5.6271096806383145,54.31010968063831,1.9760884925539357,0.9854131696115985
2026-09-21,sentiment,-4.820124462494024,53.50312446249402,2.0900985302831523,0.9531364947689427
2026-09-21,sentiment_change,-5.316381202817923,53.99938120281792,1.9560102918026097,0.9795559362555876
2026-09-22,approval_only,-5.487803437108933,54.17080343710893,2.0516350572691215,0.978969536807162
2026-09-22,course,-5.684358374169822,54.367358374169825,1.9786496109960345,0.9863514188665305
2026-09-22,sentiment,-4.884918721274523,53.56791872127452,2.089147206018726,0.956166518733365
2026-09-22,sentiment_change,-5.374288180572187,54.057288180572186,1.958167538939242,0.9808664468951553
2026-09-23,approval_only,-5.537480768132559,54.22048076813256,2.053960045424312,0.9800509231396168
2026-09-23,course,-5.728755320173849,54.411755320173846,1.9807178380877037,0.9870381124009566
2026-09-23,sentiment,-4.935167330124706,53.618167330124706,2.0885163828329047,0.9583997338717761
2026-09-23,sentiment_change,-5.419195632708147,54.102195632708145,1.9599201536779731,0.9818273071531284
2026-09-24,approval_only,-5.544017259056719,54.22701725905672,2.054270457798192,0.9801892424882003
2026-09-24,course,-5.7345970235954304,54.417597023595434,1.980995296093059,0.9871259017654908
2026-09-24,sentiment,-4.94177898918394,53.62477898918394,2.0884403396458655,0.9586861778365064
2026-09-24,sentiment_change,-5.425104507989195,54.1081045079892,1.9601559295388942,0.9819502516438364
2026-09-25,approval_only,-5.544017259056719,54.22701725905672,2.054270457798192,0.9801892424882003
2026-09-25,course,-5.7345970235954304,54.417597023595434,1.980995296093059,0.9871259017654908
2026-09-25,sentiment,-4.94177898918394,53.62477898918394,2.0884403396458655,0.9586861778365064
2026-09-25,sentiment_change,-5.425104507989195,54.1081045079892,1.9601559295388942,0.9819502516438364
2026-09-26,approval_only,-5.544017259056719,54.22701725905672,2.054270457798192,0.9801892424882003
2026-09-26,course,-5.7345970235954304,54.417597023595434,1.980995296093059,0.9871259017654908
2026-09-26,sentiment,-4.94177898918394,53.62477898918394,2.0884403396458655,0.9586861778365064
2026-09-26,sentiment_change,-5.425104507989195,54.1081045079892,1.9601559295388942,0.9819502516438364
2026-09-27,approval_only,-5.545324557241552,54.22832455724155,2.0543326654899774,0.9802167974457613
2026-09-27,course,-5.7357653642797475,54.41876536427975,1.9810509360575386,0.9871433893183992
2026-09-27,sentiment,-4.943101320995788,53.62610132099579,2.0884253253018987,0.9587432625603804
2026-09-27,sentiment_change,-5.426286283045405,54.10928628304541,1.9602032288014735,0.9819747448987131
2026-09-28,approval_only,-5.481266946184772,54.164266946184775,2.0513336370871023,0.9788232085233745
2026-09-28,course,-5.730712844171482,54.413712844171485,1.979672140111615,0.9871102398352646
2026-09-28,sentiment,-4.923760709011095,53.6067607090111,2.0885011666383537,0.9579126938244581
2026-09-28,sentiment_change,-5.41304301112721,54.09604301112721,1.958647027049247,0.9817476830067222
2026-09-29,approval_only,-5.5322515753932295,54.21525157539323,2.0537124670542632,0.9799396117061736
2026-09-29,course,-5.776278130859825,54.45927813085982,1.9817570879967012,0.9877807264795941
2026-09-29,sentiment,-4.975331649673125,53.65833164967312,2.087818772915327,0.9601325767293599
2026-09-29,sentiment_change,-5.4591322383193805,54.14213223831938,1.9603957792437203,0.9826955979946101
2026-09-30,approval_only,-5.5322515753932295,54.21525157539323,2.0537124670542632,0.9799396117061736
2026-09-30,course,-5.897653898527071,54.58065389852707,1.9878272046689391,0.9893985582116951
2026-09-30,sentiment,-4.95484912001953,53.63784912001953,2.093900527800133,0.958837759439534
2026-09-30,sentiment_change,-5.4744343950143275,54.15743439501433,1.9593033983395733,0.983076685575546
2026-10-01,approval_only,-5.506105611696585,54.18910561169658,2.0524846043323075,0.9793742119635367
2026-10-01,course,-5.8742870848407405,54.55728708484074,1.9866606772429545,0.9891031240420938
2026-10-01,sentiment,-4.928402483782591,53.61140248378259,2.0942724624639553,0.9576838530573025
2026-10-01,sentiment_change,-5.450798893890138,54.13379889389014,1.9583901877018273,0.9826058810807401
2026-10-02,approval_only,-5.5466318554263845,54.22963185542638,2.0543949149119247,0.9802443161955731
2026-10-02,course,-5.910505646054552,54.59350564605455,1.9884771676021111,0.989557640510277
2026-10-02,sentiment,-4.9693947699498455,53.652394769949844,2.093706968924457,0.9594608239894041
2026-10-02,sentiment_change,-5.487433920632632,54.17043392063263,1.9598138670405103,0.9833304007829053
