sim,house_dem_seats,senate_dem_seats
1,236,47
2,218,47
3,229,49
4,220,48
5,258,51
6,267,52
7,241,53
8,251,50
9,221,50
10,254,52
11,242,52
12,217,49
13,233,49
14,221,47
15,238,50
16,251,48
17,260,56
18,234,51
19,217,47
20,240,53
21,224,50
22,244,50
23,219,51
24,220,49
25,219,47
26,244,54
27,224,52
28,265,53
29,222,49
30,250,52
31,226,49
32,228,47
33,235,51
34,221,53
35,214,47
36,225,48
37,219,49
38,217,48
39,227,49
40,232,49
41,223,48
42,235,47
43,222,47
44,214,44
45,261,54
46,223,50
47,228,49
48,216,47
49,231,48
50,233,52
51,235,48
52,242,52
53,252,48
54,257,51
55,256,51
56,229,52
57,230,47
58,249,54
59,225,48
60,241,50
61,229,46
62,238,51
63,248,49
64,250,53
65,238,52
66,249,51
67,227,47
68,222,51
69,226,48
70,234,51
71,209,47
72,228,51
73,229,49
74,236,52
75,247,50
76,244,50
77,252,53
78,242,51
79,207,47
80,241,53
81,220,48
82,251,49
83,235,47
84,236,49
85,235,51
86,224,46
87,258,49
88,243,50
89,233,47
90,230,49
91,245,50
92,206,46
93,230,47
94,248,48
95,232,49
96,236,48
97,257,53
98,226,49
99,224,52
100,231,51
101,240,48
102,240,51
103,220,53
104,228,51
105,238,52
106,220,48
107,221,50
108,247,51
109,254,51
110,224,49
111,247,49
112,225,48
113,240,53
114,237,53
115,246,52
116,224,52
117,227,49
118,245,50
119,216,47
120,250,54
121,227,52
122,211,47
123,230,53
124,237,50
125,262,54
126,235,52
127,231,49
128,276,54
129,237,50
130,228,51
131,276,57
132,223,47
133,223,50
134,245,47
135,251,49
136,234,48
137,238,50
138,255,54
139,248,53
140,264,51
141,234,48
142,218,46
143,242,49
144,222,51
145,255,51
146,243,47
147,282,53
148,245,51
149,215,49
150,232,52
151,233,51
152,248,52
153,223,51
154,237,48
155,218,50
156,235,50
157,254,50
158,244,49
159,249,53
160,246,50
161,241,51
162,234,52
163,265,53
164,252,55
165,229,49
166,223,45
167,232,46
168,246,48
169,218,46
170,263,53
171,242,48
172,232,52
173,214,48
174,237,51
175,229,50
176,221,44
177,228,45
178,248,51
179,228,50
180,246,47
181,253,53
182,207,49
183,240,48
184,241,51
185,241,53
186,268,54
187,248,49
188,234,48
189,236,53
190,234,49
191,230,51
192,241,50
193,216,46
194,232,52
195,238,51
196,221,50
197,224,47
198,232,51
199,246,51
200,214,45
201,225,49
202,257,52
203,252,48
204,247,52
205,232,51
206,251,48
207,221,49
208,243,52
209,232,49
210,246,48
211,233,46
212,230,49
213,223,50
214,247,51
215,245,53
216,241,51
217,226,52
218,236,54
219,219,52
220,231,51
221,269,51
222,231,50
223,234,54
224,248,50
225,224,48
226,252,52
227,236,52
228,257,49
229,284,56
230,232,49
231,231,53
232,225,51
233,244,46
234,257,53
235,215,44
236,247,50
237,222,51
238,224,49
239,219,50
240,221,48
241,228,52
242,231,49
243,226,44
244,226,50
245,240,52
246,259,49
247,230,50
248,236,51
249,241,55
250,242,51
251,231,46
252,236,50
253,228,48
254,256,51
255,220,47
256,222,48
257,227,51
258,232,52
259,231,50
260,234,48
261,229,47
262,233,51
263,229,50
264,224,47
265,249,47
266,249,50
267,245,51
268,243,51
269,229,47
270,247,49
271,213,49
272,213,49
273,239,51
274,258,54
275,241,51
276,241,53
277,219,49
278,246,50
279,216,49
280,229,50
281,251,49
282,233,49
283,230,51
284,246,55
285,235,51
286,235,52
287,234,49
288,222,48
289,233,52
290,231,48
291,221,52
292,286,55
293,279,55
294,239,47
295,238,48
296,223,46
297,240,48
298,234,50
299,262,50
300,222,47
301,252,51
302,248,49
303,254,50
304,230,50
305,246,49
306,261,51
307,214,45
308,233,50
309,218,50
310,237,50
311,239,48
312,239,46
313,224,47
314,255,54
315,227,52
316,225,50
317,244,49
318,230,48
319,226,50
320,238,49
321,228,48
322,223,47
323,228,46
324,256,51
325,222,47
326,239,51
327,229,50
328,234,50
329,221,50
330,218,50
331,246,47
332,244,48
333,257,51
334,224,54
335,230,49
336,229,51
337,238,51
338,230,51
339,236,51
340,229,51
341,250,51
342,226,47
343,230,53
344,223,44
345,234,51
346,232,49
347,258,52
348,245,51
349,243,51
350,233,46
351,254,53
352,249,53
353,235,51
354,258,50
355,216,47
356,251,50
357,247,48
358,213,47
359,243,51
360,244,48
361,217,48
362,229,50
363,259,50
364,242,55
365,262,56
366,220,46
367,240,50
368,232,49
369,240,48
370,226,48
371,245,48
372,239,50
373,230,50
374,245,49
375,235,48
376,230,48
377,234,50
378,235,51
379,222,46
380,247,50
381,218,46
382,262,51
383,268,52
384,239,50
385,245,51
386,261,52
387,260,55
388,252,48
389,243,50
390,239,48
391,225,50
392,224,51
393,230,48
394,218,47
395,218,46
396,222,48
397,234,51
398,237,53
399,223,47
400,231,50
401,235,51
402,263,53
403,243,50
404,227,49
405,241,49
406,266,51
407,262,53
408,224,48
409,233,50
410,220,48
411,228,53
412,240,50
413,237,48
414,224,48
415,238,53
416,257,54
417,235,48
418,234,47
419,216,51
420,224,51
421,228,48
422,251,52
423,229,50
424,213,46
425,235,50
426,238,51
427,242,47
428,256,52
429,235,49
430,218,46
431,234,49
432,238,53
433,269,52
434,212,47
435,265,55
436,237,49
437,220,54
438,240,47
439,203,47
440,208,49
441,254,53
442,249,54
443,227,47
444,225,49
445,218,48
446,226,52
447,223,46
448,254,52
449,248,51
450,234,48
451,237,51
452,251,48
453,263,55
454,242,52
455,217,48
456,228,50
457,215,49
458,236,50
459,248,52
460,257,53
461,233,48
462,262,53
463,240,49
464,209,52
465,225,46
466,237,49
467,242,50
468,233,50
469,255,53
470,237,49
471,219,50
472,220,47
473,217,49
474,216,47
475,241,50
476,241,51
477,254,56
478,238,50
479,249,50
480,213,46
481,228,49
482,209,50
483,226,49
484,230,48
485,231,52
486,262,51
487,224,50
488,248,51
489,240,52
490,252,51
491,228,53
492,237,50
493,253,52
494,236,49
495,239,52
496,252,52
497,238,51
498,268,53
499,232,50
500,219,47
501,235,52
502,211,48
503,257,50
504,236,51
505,238,49
506,219,48
507,234,50
508,217,46
509,276,49
510,259,51
511,232,48
512,242,50
513,247,50
514,249,47
515,230,48
516,243,49
517,250,53
518,244,51
519,242,49
520,262,55
521,226,48
522,233,48
523,236,50
524,226,49
525,238,50
526,251,51
527,255,52
528,243,52
529,224,48
530,212,48
531,254,52
532,233,50
533,231,55
534,227,50
535,237,52
536,233,48
537,245,48
538,248,50
539,240,52
540,235,48
541,229,49
542,224,46
543,251,51
544,262,51
545,220,50
546,257,51
547,250,51
548,240,52
549,257,52
550,228,50
551,227,49
552,247,51
553,231,52
554,224,52
555,217,50
556,238,49
557,237,50
558,227,48
559,234,48
560,239,53
561,258,51
562,249,50
563,255,51
564,247,53
565,233,46
566,244,47
567,240,52
568,216,48
569,223,50
570,222,52
571,240,52
572,268,53
573,241,51
574,252,52
575,243,49
576,236,51
577,251,54
578,230,47
579,219,47
580,247,54
581,230,49
582,226,48
583,248,52
584,241,51
585,230,51
586,246,49
587,234,50
588,227,46
589,229,50
590,231,47
591,248,50
592,216,52
593,242,47
594,232,48
595,258,50
596,229,51
597,230,53
598,236,48
599,243,53
600,231,53
601,245,52
602,239,51
603,247,53
604,231,49
605,244,49
606,231,50
607,228,49
608,218,46
609,247,50
610,236,49
611,231,51
612,269,54
613,256,49
614,271,53
615,244,52
616,232,48
617,245,53
618,248,53
619,235,48
620,255,51
621,244,50
622,254,52
623,237,54
624,220,50
625,216,45
626,233,49
627,218,50
628,224,49
629,224,52
630,241,54
631,217,49
632,255,52
633,254,51
634,233,51
635,224,52
636,239,49
637,243,48
638,231,48
639,219,46
640,239,52
641,224,49
642,238,52
643,231,50
644,221,48
645,248,52
646,235,51
647,243,47
648,239,51
649,235,50
650,240,52
651,245,50
652,246,51
653,242,53
654,218,47
655,250,50
656,240,48
657,258,50
658,250,51
659,235,49
660,229,49
661,236,52
662,216,51
663,230,50
664,242,51
665,236,52
666,233,52
667,232,48
668,212,46
669,242,52
670,247,49
671,232,50
672,226,49
673,236,50
674,209,46
675,234,49
676,231,53
677,215,47
678,245,55
679,228,50
680,230,47
681,236,49
682,238,50
683,235,52
684,228,51
685,234,53
686,229,50
687,254,51
688,241,50
689,216,50
690,235,53
691,238,49
692,219,48
693,245,51
694,229,50
695,231,50
696,250,50
697,244,49
698,217,47
699,233,50
700,270,54
701,236,49
702,224,49
703,255,51
704,248,51
705,260,53
706,273,53
707,251,52
708,240,48
709,227,50
710,244,52
711,230,47
712,224,52
713,231,49
714,224,51
715,246,49
716,237,48
717,227,47
718,231,50
719,227,49
720,221,49
721,226,49
722,272,53
723,225,48
724,230,50
725,219,46
726,232,50
727,229,50
728,213,46
729,221,47
730,246,49
731,247,49
732,220,49
733,228,50
734,251,50
735,241,53
736,269,54
737,248,51
738,237,50
739,211,48
740,230,48
741,248,51
742,262,50
743,247,49
744,241,52
745,237,52
746,225,49
747,250,49
748,256,52
749,257,55
750,230,49
751,226,48
752,243,50
753,236,50
754,238,48
755,238,50
756,223,48
757,226,51
758,236,49
759,229,48
760,259,52
761,240,49
762,218,49
763,232,51
764,269,54
765,225,49
766,241,51
767,235,50
768,249,51
769,243,51
770,274,53
771,220,51
772,209,46
773,229,50
774,238,51
775,212,47
776,220,49
777,219,47
778,227,49
779,247,52
780,232,51
781,221,48
782,222,48
783,239,52
784,224,48
785,267,55
786,243,49
787,233,50
788,256,53
789,262,53
790,239,48
791,230,52
792,219,50
793,235,46
794,229,50
795,237,51
796,246,52
797,224,49
798,251,52
799,250,56
800,253,47
801,271,55
802,230,51
803,236,51
804,220,52
805,225,48
806,248,51
807,211,48
808,248,52
809,234,51
810,216,47
811,263,54
812,238,49
813,247,49
814,252,51
815,247,48
816,225,50
817,257,53
818,212,45
819,236,48
820,211,46
821,237,50
822,233,50
823,241,50
824,233,48
825,241,52
826,244,52
827,253,51
828,254,55
829,225,49
830,239,49
831,219,47
832,216,47
833,253,54
834,219,46
835,274,54
836,245,50
837,253,53
838,238,53
839,235,51
840,260,53
841,258,52
842,238,53
843,241,53
844,227,47
845,276,54
846,216,49
847,236,51
848,235,52
849,255,52
850,232,52
851,255,49
852,223,49
853,255,52
854,243,50
855,244,52
856,237,51
857,259,52
858,241,52
859,228,50
860,239,51
861,241,51
862,246,51
863,267,51
864,257,52
865,247,51
866,236,53
867,255,52
868,244,48
869,228,48
870,219,49
871,244,51
872,219,51
873,222,48
874,258,50
875,261,52
876,223,48
877,263,51
878,244,51
879,232,50
880,255,52
881,251,49
882,234,53
883,224,52
884,242,54
885,238,50
886,233,52
887,221,48
888,265,53
889,223,48
890,213,48
891,236,51
892,241,53
893,226,50
894,240,50
895,242,49
896,228,48
897,235,53
898,237,47
899,234,48
900,221,47
901,226,51
902,231,48
903,238,49
904,229,49
905,243,51
906,266,53
907,230,50
908,230,49
909,228,53
910,238,51
911,225,50
912,223,49
913,270,53
914,218,48
915,239,48
916,234,49
917,225,48
918,230,51
919,237,51
920,239,53
921,223,46
922,243,52
923,234,52
924,256,49
925,226,50
926,227,48
927,232,46
928,245,50
929,273,52
930,216,47
931,229,50
932,258,48
933,231,49
934,228,48
935,236,48
936,241,50
937,227,50
938,235,48
939,256,50
940,231,52
941,218,49
942,230,51
943,245,52
944,260,51
945,261,55
946,273,55
947,230,45
948,233,48
949,255,51
950,219,50
951,232,50
952,241,49
953,231,47
954,231,51
955,237,51
956,260,52
957,249,48
958,237,51
959,231,48
960,229,51
961,233,48
962,219,51
963,238,48
964,231,50
965,262,50
966,215,45
967,221,49
968,248,53
969,232,48
970,245,51
971,237,52
972,233,47
973,239,53
974,248,50
975,229,48
976,248,49
977,229,50
978,261,55
979,221,50
980,237,51
981,246,52
982,247,50
983,225,51
984,223,50
985,249,54
986,261,53
987,233,50
988,239,48
989,251,52
990,218,50
991,235,50
992,241,50
993,234,51
994,236,52
995,224,50
996,244,51
997,247,53
998,212,51
999,240,54
1000,251,49
1001,235,52
1002,232,49
1003,239,47
1004,227,52
1005,236,48
1006,251,55
1007,236,49
1008,253,50
1009,233,48
1010,218,53
1011,220,48
1012,250,48
1013,221,45
1014,228,48
1015,235,49
1016,247,50
1017,238,51
1018,223,49
1019,248,53
1020,234,50
1021,248,51
1022,232,51
1023,225,46
1024,247,52
1025,236,50
1026,237,51
1027,250,52
1028,242,53
1029,227,49
1030,218,49
1031,223,50
1032,250,49
1033,240,50
1034,226,49
1035,247,48
1036,250,51
1037,229,47
1038,238,48
1039,246,52
1040,252,51
1041,249,50
1042,244,53
1043,257,52
1044,238,50
1045,234,48
1046,222,48
1047,244,51
1048,220,51
1049,247,50
1050,236,47
1051,251,51
1052,249,50
1053,256,52
1054,217,48
1055,255,53
1056,221,44
1057,231,50
1058,258,53
1059,245,53
1060,254,50
1061,234,50
1062,222,47
1063,223,49
1064,233,52
1065,232,47
1066,245,53
1067,263,53
1068,250,50
1069,243,47
1070,251,53
1071,241,47
1072,247,49
1073,269,50
1074,252,53
1075,220,47
1076,234,51
1077,229,48
1078,245,47
1079,218,46
1080,247,51
1081,221,51
1082,232,50
1083,253,53
1084,254,49
1085,235,49
1086,216,50
1087,246,51
1088,244,50
1089,248,51
1090,233,52
1091,236,50
1092,231,48
1093,226,47
1094,267,51
1095,262,54
1096,229,51
1097,218,51
1098,242,51
1099,214,45
1100,265,53
1101,238,49
1102,242,53
1103,235,51
1104,234,52
1105,257,52
1106,238,48
1107,234,51
1108,232,51
1109,232,54
1110,228,49
1111,217,50
1112,249,49
1113,232,50
1114,244,53
1115,234,51
1116,244,46
1117,207,49
1118,209,46
1119,218,50
1120,229,49
1121,246,50
1122,234,53
1123,232,50
1124,239,50
1125,239,49
1126,248,51
1127,241,48
1128,234,50
1129,241,48
1130,236,49
1131,227,47
1132,214,49
1133,228,50
1134,267,55
1135,236,51
1136,226,48
1137,234,48
1138,226,49
1139,244,50
1140,225,49
1141,259,50
1142,258,50
1143,228,46
1144,227,48
1145,235,47
1146,237,53
1147,217,50
1148,251,50
1149,225,49
1150,253,50
1151,226,47
1152,233,47
1153,235,49
1154,224,51
1155,254,48
1156,239,51
1157,259,52
1158,244,51
1159,241,49
1160,216,48
1161,223,48
1162,229,47
1163,275,53
1164,224,47
1165,239,50
1166,260,52
1167,244,51
1168,241,48
1169,252,50
1170,242,52
1171,234,52
1172,238,51
1173,233,50
1174,223,50
1175,230,49
1176,230,52
1177,239,48
1178,231,46
1179,235,50
1180,245,48
1181,265,52
1182,218,45
1183,234,49
1184,223,47
1185,226,48
1186,235,51
1187,230,48
1188,266,52
1189,236,50
1190,245,52
1191,226,47
1192,256,50
1193,238,48
1194,232,47
1195,232,51
1196,248,51
1197,228,48
1198,228,48
1199,234,52
1200,238,52
1201,231,53
1202,219,48
1203,234,49
1204,264,48
1205,260,50
1206,241,49
1207,213,45
1208,231,52
1209,237,50
1210,222,48
1211,221,49
1212,252,54
1213,230,48
1214,274,53
1215,240,51
1216,217,49
1217,232,53
1218,209,51
1219,251,51
1220,217,45
1221,252,53
1222,256,54
1223,233,48
1224,258,53
1225,223,50
1226,231,52
1227,221,50
1228,229,49
1229,204,47
1230,236,50
1231,227,47
1232,231,49
1233,237,47
1234,243,50
1235,244,50
1236,216,47
1237,256,50
1238,213,44
1239,256,51
1240,252,51
1241,232,49
1242,225,48
1243,225,48
1244,217,47
1245,231,49
1246,234,54
1247,234,49
1248,223,48
1249,253,52
1250,250,48
1251,217,51
1252,229,50
1253,250,53
1254,251,54
1255,237,50
1256,221,48
1257,234,51
1258,231,50
1259,241,51
1260,264,53
1261,236,50
1262,223,50
1263,215,49
1264,209,48
1265,218,50
1266,213,48
1267,250,51
1268,228,49
1269,233,48
1270,240,50
1271,256,50
1272,231,49
1273,218,49
1274,229,50
1275,216,49
1276,250,54
1277,214,50
1278,237,47
1279,228,48
1280,258,53
1281,242,50
1282,233,50
1283,252,49
1284,238,52
1285,257,50
1286,228,48
1287,231,51
1288,246,53
1289,247,52
1290,218,50
1291,230,51
1292,238,50
1293,217,50
1294,218,50
1295,234,49
1296,226,50
1297,245,50
1298,231,48
1299,227,46
1300,255,52
1301,230,47
1302,227,49
1303,238,48
1304,246,47
1305,255,51
1306,240,53
1307,235,49
1308,239,53
1309,217,48
1310,219,48
1311,229,50
1312,228,47
1313,210,47
1314,225,49
1315,233,51
1316,234,46
1317,245,48
1318,225,47
1319,249,52
1320,264,54
1321,233,51
1322,251,50
1323,247,51
1324,211,50
1325,244,48
1326,255,49
1327,225,48
1328,225,49
1329,270,54
1330,228,49
1331,225,48
1332,239,52
1333,227,49
1334,249,52
1335,249,54
1336,228,52
1337,259,50
1338,233,51
1339,230,50
1340,226,50
1341,241,50
1342,223,50
1343,244,50
1344,255,54
1345,231,50
1346,222,48
1347,254,52
1348,244,49
1349,227,50
1350,210,47
1351,239,53
1352,249,52
1353,244,52
1354,235,50
1355,239,50
1356,227,52
1357,237,55
1358,231,49
1359,243,52
1360,227,47
1361,224,50
1362,247,51
1363,226,47
1364,234,50
1365,213,51
1366,222,48
1367,234,51
1368,224,47
1369,227,52
1370,229,51
1371,230,49
1372,261,53
1373,217,50
1374,244,49
1375,248,51
1376,234,49
1377,226,51
1378,276,54
1379,225,49
1380,289,57
1381,237,50
1382,253,49
1383,236,51
1384,241,51
1385,245,49
1386,246,50
1387,257,52
1388,236,52
1389,227,49
1390,245,48
1391,233,53
1392,253,53
1393,218,49
1394,239,51
1395,225,48
1396,214,47
1397,214,50
1398,236,49
1399,235,50
1400,245,51
1401,249,51
1402,220,46
1403,236,52
1404,240,50
1405,247,49
1406,240,50
1407,233,48
1408,222,51
1409,222,49
1410,231,49
1411,228,49
1412,221,48
1413,229,48
1414,251,52
1415,268,53
1416,241,52
1417,224,50
1418,238,49
1419,241,53
1420,221,50
1421,230,47
1422,217,48
1423,267,54
1424,217,46
1425,227,52
1426,227,51
1427,231,50
1428,232,50
1429,243,51
1430,249,54
1431,220,48
1432,258,54
1433,233,48
1434,224,50
1435,213,47
1436,234,48
1437,234,48
1438,241,51
1439,246,51
1440,235,48
1441,250,51
1442,237,49
1443,230,54
1444,229,53
1445,230,51
1446,236,45
1447,255,51
1448,226,48
1449,218,48
1450,225,51
1451,229,48
1452,270,52
1453,234,48
1454,262,48
1455,209,50
1456,218,50
1457,227,52
1458,233,51
1459,232,53
1460,250,52
1461,233,50
1462,233,47
1463,229,47
1464,259,52
1465,237,52
1466,240,48
1467,222,47
1468,226,46
1469,232,52
1470,217,49
1471,267,53
1472,248,50
1473,250,55
1474,219,45
1475,228,49
1476,219,48
1477,232,53
1478,228,47
1479,238,47
1480,247,52
1481,258,55
1482,226,49
1483,221,48
1484,235,51
1485,229,48
1486,216,49
1487,252,53
1488,232,48
1489,214,48
1490,236,52
1491,246,46
1492,244,53
1493,241,53
1494,241,51
1495,237,50
1496,238,52
1497,245,51
1498,238,51
1499,239,50
1500,217,49
1501,232,49
1502,247,52
1503,236,49
1504,263,51
1505,240,49
1506,244,50
1507,265,51
1508,227,49
1509,248,51
1510,244,54
1511,235,51
1512,244,54
1513,268,52
1514,238,47
1515,229,46
1516,225,51
1517,256,49
1518,230,52
1519,234,51
1520,237,52
1521,254,55
1522,239,53
1523,224,53
1524,238,52
1525,222,49
1526,217,49
1527,253,53
1528,246,48
1529,239,51
1530,226,49
1531,252,53
1532,237,47
1533,234,50
1534,234,52
1535,250,50
1536,257,52
1537,217,49
1538,235,53
1539,243,48
1540,223,49
1541,222,47
1542,263,53
1543,240,52
1544,228,49
1545,230,53
1546,243,48
1547,227,48
1548,236,48
1549,231,51
1550,229,51
1551,227,48
1552,247,55
1553,260,50
1554,243,51
1555,212,48
1556,229,52
1557,219,50
1558,240,50
1559,232,48
1560,239,50
1561,230,53
1562,237,47
1563,222,49
1564,236,49
1565,225,49
1566,233,50
1567,241,49
1568,225,49
1569,238,50
1570,245,51
1571,232,47
1572,249,51
1573,260,50
1574,242,51
1575,254,52
1576,224,48
1577,238,52
1578,242,47
1579,245,51
1580,247,55
1581,216,44
1582,241,51
1583,221,50
1584,238,52
1585,229,49
1586,257,52
1587,221,47
1588,219,47
1589,250,50
1590,243,52
1591,236,47
1592,228,52
1593,230,49
1594,229,51
1595,227,49
1596,245,52
1597,247,50
1598,233,46
1599,264,52
1600,263,52
1601,227,49
1602,277,52
1603,266,52
1604,232,50
1605,245,49
1606,221,46
1607,236,52
1608,258,51
1609,240,51
1610,235,52
1611,251,51
1612,239,49
1613,231,50
1614,237,51
1615,280,53
1616,267,49
1617,241,49
1618,247,49
1619,214,49
1620,221,48
1621,246,51
1622,222,48
1623,226,50
1624,248,50
1625,225,51
1626,233,47
1627,251,53
1628,237,49
1629,229,48
1630,221,51
1631,239,47
1632,233,47
1633,243,51
1634,237,50
1635,230,50
1636,259,51
1637,228,49
1638,232,52
1639,277,55
1640,246,50
1641,239,46
1642,271,54
1643,239,48
1644,220,45
1645,229,47
1646,230,50
1647,230,53
1648,251,53
1649,250,49
1650,259,48
1651,256,49
1652,236,48
1653,237,51
1654,223,48
1655,223,50
1656,255,52
1657,236,52
1658,239,48
1659,244,51
1660,256,55
1661,256,54
1662,228,50
1663,246,51
1664,216,50
1665,243,50
1666,256,48
1667,240,51
1668,242,50
1669,222,48
1670,231,50
1671,231,48
1672,235,52
1673,220,51
1674,255,54
1675,228,53
1676,237,51
1677,214,50
1678,258,50
1679,255,53
1680,236,47
1681,254,52
1682,241,52
1683,220,46
1684,225,50
1685,226,50
1686,262,48
1687,232,50
1688,234,48
1689,271,52
1690,238,49
1691,245,51
1692,240,51
1693,238,53
1694,222,49
1695,264,53
1696,269,50
1697,233,51
1698,241,52
1699,295,53
1700,246,48
1701,247,52
1702,233,51
1703,239,50
1704,226,48
1705,226,48
1706,241,51
1707,219,48
1708,235,53
1709,254,52
1710,267,50
1711,264,50
1712,244,51
1713,222,48
1714,238,52
1715,208,49
1716,249,51
1717,221,48
1718,239,51
1719,244,48
1720,258,50
1721,231,49
1722,227,51
1723,219,48
1724,249,50
1725,250,49
1726,220,49
1727,256,54
1728,245,53
1729,240,48
1730,228,48
1731,233,51
1732,232,46
1733,250,51
1734,244,51
1735,216,49
1736,227,50
1737,245,51
1738,240,50
1739,262,53
1740,229,49
1741,245,48
1742,257,50
1743,231,50
1744,245,51
1745,238,52
1746,235,49
1747,231,49
1748,221,47
1749,248,50
1750,248,52
1751,259,51
1752,239,45
1753,232,50
1754,238,50
1755,227,52
1756,216,46
1757,233,51
1758,252,55
1759,240,52
1760,238,51
1761,231,52
1762,216,49
1763,237,52
1764,212,47
1765,237,48
1766,240,50
1767,260,49
1768,228,49
1769,225,48
1770,250,54
1771,248,50
1772,230,50
1773,239,48
1774,229,47
1775,236,52
1776,231,47
1777,239,49
1778,220,46
1779,241,51
1780,229,50
1781,225,49
1782,239,48
1783,249,48
1784,239,51
1785,230,52
1786,229,51
1787,257,53
1788,267,55
1789,225,49
1790,241,52
1791,225,47
1792,230,49
1793,214,46
1794,231,49
1795,234,50
1796,251,50
1797,246,54
1798,226,49
1799,239,53
1800,224,49
1801,228,49
1802,218,49
1803,255,52
1804,232,49
1805,224,48
1806,274,53
1807,253,49
1808,245,50
1809,241,54
1810,240,54
1811,219,48
1812,231,50
1813,223,51
1814,231,48
1815,241,50
1816,248,51
1817,235,48
1818,220,49
1819,235,50
1820,241,52
1821,252,48
1822,219,46
1823,234,50
1824,233,50
1825,248,53
1826,247,54
1827,239,50
1828,220,49
1829,247,49
1830,245,54
1831,246,48
1832,229,48
1833,240,48
1834,238,49
1835,252,52
1836,246,48
1837,218,49
1838,257,48
1839,257,51
1840,220,46
1841,261,52
1842,236,51
1843,228,51
1844,239,51
1845,264,47
1846,232,48
1847,242,51
1848,218,48
1849,251,56
1850,237,50
1851,231,48
1852,227,52
1853,254,52
1854,246,51
1855,227,51
1856,236,48
1857,246,51
1858,226,49
1859,243,48
1860,220,49
1861,223,46
1862,223,48
1863,243,48
1864,256,49
1865,242,50
1866,256,48
1867,241,51
1868,245,48
1869,226,49
1870,239,51
1871,220,50
1872,250,55
1873,250,51
1874,205,43
1875,253,51
1876,239,49
1877,239,50
1878,233,49
1879,241,51
1880,256,53
1881,234,49
1882,246,52
1883,238,50
1884,232,49
1885,246,50
1886,230,48
1887,235,45
1888,243,49
1889,254,51
1890,257,53
1891,266,52
1892,248,49
1893,248,48
1894,241,53
1895,235,53
1896,253,53
1897,215,44
1898,248,53
1899,211,49
1900,233,52
1901,236,51
1902,238,52
1903,218,49
1904,232,50
1905,251,50
1906,223,50
1907,230,48
1908,232,51
1909,252,54
1910,236,48
1911,249,54
1912,236,48
1913,220,45
1914,221,49
1915,247,55
1916,257,50
1917,253,52
1918,243,50
1919,225,48
1920,226,50
1921,220,50
1922,240,49
1923,227,49
1924,239,49
1925,219,50
1926,231,47
1927,242,53
1928,230,49
1929,226,48
1930,214,48
1931,249,53
1932,235,52
1933,232,48
1934,235,52
1935,240,51
1936,236,48
1937,228,48
1938,244,50
1939,246,51
1940,240,53
1941,235,49
1942,250,52
1943,230,49
1944,220,45
1945,234,52
1946,256,51
1947,230,51
1948,238,54
1949,222,47
1950,237,49
1951,258,50
1952,227,51
1953,252,49
1954,234,52
1955,238,49
1956,213,49
1957,236,50
1958,207,48
1959,249,51
1960,249,53
1961,237,51
1962,239,56
1963,224,47
1964,223,48
1965,229,50
1966,249,50
1967,244,51
1968,222,50
1969,232,49
1970,252,53
1971,255,49
1972,235,52
1973,228,50
1974,230,52
1975,236,50
1976,245,49
1977,231,52
1978,234,48
1979,225,49
1980,225,49
1981,238,50
1982,246,51
1983,205,47
1984,220,48
1985,232,50
1986,218,48
1987,241,51
1988,238,51
1989,237,48
1990,264,51
1991,232,49
1992,213,45
1993,223,49
1994,229,50
1995,253,49
1996,238,49
1997,265,55
1998,219,49
1999,235,51
2000,241,49
2001,230,50
2002,243,50
2003,219,48
2004,243,48
2005,247,48
2006,229,49
2007,243,52
2008,230,49
2009,220,50
2010,226,51
2011,246,52
2012,266,51
2013,227,46
2014,229,50
2015,251,52
2016,219,49
2017,226,49
2018,243,53
2019,252,50
2020,224,43
2021,239,53
2022,218,49
2023,228,51
2024,224,48
2025,259,53
2026,239,51
2027,236,47
2028,237,49
2029,256,52
2030,231,51
2031,220,47
2032,230,48
2033,251,52
2034,244,51
2035,240,49
2036,231,48
2037,270,58
2038,224,50
2039,224,44
2040,239,49
2041,249,50
2042,228,53
2043,231,49
2044,236,48
2045,244,50
2046,231,47
2047,232,52
2048,221,48
2049,226,48
2050,272,51
2051,218,47
2052,234,49
2053,225,46
2054,228,49
2055,219,47
2056,241,50
2057,263,55
2058,256,54
2059,217,49
2060,236,50
2061,220,47
2062,224,49
2063,234,53
2064,247,51
2065,218,51
2066,243,53
2067,229,49
2068,241,48
2069,226,48
2070,269,50
2071,243,49
2072,236,50
2073,269,56
2074,234,48
2075,245,50
2076,213,45
2077,233,50
2078,244,54
2079,247,51
2080,242,51
2081,228,48
2082,234,52
2083,239,53
2084,245,51
2085,237,52
2086,235,47
2087,229,53
2088,222,50
2089,228,49
2090,230,50
2091,237,45
2092,226,51
2093,237,51
2094,236,50
2095,257,53
2096,253,50
2097,246,55
2098,226,49
2099,236,50
2100,229,50
2101,240,50
2102,235,50
2103,220,46
2104,242,50
2105,240,51
2106,217,47
2107,229,51
2108,223,47
2109,235,51
2110,235,51
2111,230,48
2112,234,49
2113,259,53
2114,236,50
2115,259,47
2116,253,51
2117,218,49
2118,237,50
2119,227,45
2120,236,51
2121,230,51
2122,241,50
2123,227,50
2124,237,51
2125,239,48
2126,273,56
2127,235,50
2128,261,50
2129,240,51
2130,235,49
2131,273,52
2132,224,50
2133,222,51
2134,245,50
2135,246,49
2136,220,47
2137,211,47
2138,231,49
2139,225,48
2140,251,50
2141,227,47
2142,219,47
2143,229,49
2144,224,50
2145,210,50
2146,266,49
2147,266,53
2148,233,52
2149,241,51
2150,226,47
2151,215,48
2152,248,52
2153,219,48
2154,237,50
2155,256,52
2156,245,51
2157,239,54
2158,237,50
2159,226,49
2160,221,50
2161,234,51
2162,227,48
2163,219,46
2164,261,49
2165,244,52
2166,239,51
2167,221,46
2168,219,48
2169,240,50
2170,220,47
2171,243,52
2172,212,48
2173,221,50
2174,227,52
2175,231,52
2176,214,48
2177,247,51
2178,252,50
2179,222,51
2180,260,53
2181,259,51
2182,231,51
2183,212,50
2184,242,49
2185,243,48
2186,258,51
2187,247,50
2188,252,52
2189,236,47
2190,208,48
2191,225,46
2192,229,51
2193,218,48
2194,227,45
2195,229,51
2196,217,48
2197,225,49
2198,250,50
2199,228,47
2200,227,48
2201,255,48
2202,245,52
2203,235,52
2204,230,53
2205,230,48
2206,230,51
2207,245,52
2208,225,50
2209,259,47
2210,237,48
2211,249,51
2212,244,48
2213,253,51
2214,258,50
2215,224,51
2216,238,52
2217,272,54
2218,224,49
2219,237,49
2220,240,49
2221,222,49
2222,245,51
2223,254,47
2224,270,52
2225,226,46
2226,257,53
2227,235,49
2228,217,50
2229,221,52
2230,231,48
2231,231,45
2232,234,49
2233,244,47
2234,247,51
2235,231,50
2236,232,51
2237,250,49
2238,278,53
2239,232,45
2240,205,46
2241,225,53
2242,228,50
2243,246,54
2244,242,51
2245,214,46
2246,230,49
2247,252,52
2248,243,51
2249,242,52
2250,234,53
2251,234,51
2252,240,51
2253,246,50
2254,241,49
2255,245,50
2256,219,48
2257,237,52
2258,224,49
2259,230,49
2260,251,53
2261,251,51
2262,236,48
2263,231,47
2264,230,48
2265,216,47
2266,230,47
2267,225,48
2268,218,47
2269,222,46
2270,235,48
2271,234,47
2272,248,52
2273,241,49
2274,240,50
2275,228,50
2276,212,46
2277,255,54
2278,221,49
2279,270,53
2280,264,53
2281,218,51
2282,253,50
2283,240,52
2284,239,52
2285,234,49
2286,233,49
2287,278,53
2288,236,50
2289,223,50
2290,224,48
2291,239,50
2292,240,51
2293,229,49
2294,237,49
2295,236,50
2296,248,50
2297,246,50
2298,251,49
2299,212,45
2300,213,45
2301,251,54
2302,247,47
2303,238,52
2304,261,52
2305,226,49
2306,261,52
2307,233,52
2308,218,50
2309,236,49
2310,211,48
2311,202,44
2312,259,53
2313,242,48
2314,225,50
2315,218,50
2316,219,49
2317,249,50
2318,250,51
2319,223,46
2320,223,49
2321,240,51
2322,236,50
2323,225,49
2324,243,52
2325,232,49
2326,253,54
2327,277,54
2328,225,49
2329,231,51
2330,243,50
2331,233,48
2332,239,49
2333,247,53
2334,256,49
2335,229,48
2336,217,49
2337,251,50
2338,234,51
2339,224,48
2340,209,48
2341,253,52
2342,214,47
2343,224,49
2344,267,49
2345,236,52
2346,241,51
2347,232,51
2348,227,51
2349,253,50
2350,234,47
2351,230,50
2352,271,56
2353,213,48
2354,224,49
2355,226,47
2356,237,48
2357,227,48
2358,256,49
2359,248,54
2360,232,51
2361,221,49
2362,230,52
2363,247,53
2364,255,53
2365,231,50
2366,247,51
2367,230,47
2368,245,49
2369,235,49
2370,223,51
2371,240,52
2372,225,48
2373,239,48
2374,234,51
2375,221,47
2376,212,47
2377,284,55
2378,255,52
2379,236,50
2380,240,49
2381,263,54
2382,243,53
2383,241,49
2384,232,52
2385,231,48
2386,229,48
2387,235,48
2388,219,45
2389,254,56
2390,240,50
2391,222,48
2392,242,50
2393,233,50
2394,206,50
2395,242,51
2396,234,47
2397,253,50
2398,233,49
2399,226,50
2400,232,49
2401,268,57
2402,242,46
2403,236,49
2404,234,51
2405,230,49
2406,240,49
2407,233,47
2408,235,49
2409,233,53
2410,231,52
2411,228,49
2412,233,49
2413,235,50
2414,251,53
2415,252,56
2416,240,50
2417,232,52
2418,224,50
2419,260,54
2420,235,49
2421,220,46
2422,231,46
2423,220,51
2424,227,50
2425,224,46
2426,241,51
2427,218,46
2428,215,46
2429,202,49
2430,265,52
2431,246,53
2432,225,50
2433,230,50
2434,222,50
2435,249,53
2436,242,50
2437,228,47
2438,224,49
2439,235,47
2440,235,49
2441,222,50
2442,252,53
2443,229,49
2444,230,51
2445,225,48
2446,220,46
2447,241,49
2448,228,51
2449,243,49
2450,237,52
2451,209,46
2452,219,47
2453,245,50
2454,240,49
2455,258,53
2456,238,51
2457,253,52
2458,226,49
2459,247,53
2460,218,49
2461,236,50
2462,220,48
2463,227,48
2464,234,52
2465,230,50
2466,228,47
2467,241,49
2468,248,49
2469,217,48
2470,226,52
2471,243,50
2472,229,50
2473,237,48
2474,229,51
2475,237,48
2476,259,52
2477,270,51
2478,225,48
2479,244,51
2480,234,49
2481,276,55
2482,246,52
2483,230,48
2484,242,49
2485,251,48
2486,227,48
2487,234,49
2488,233,49
2489,238,49
2490,219,46
2491,224,49
2492,231,50
2493,257,49
2494,235,52
2495,242,52
2496,238,52
2497,232,47
2498,235,50
2499,204,43
2500,243,51
2501,242,51
2502,227,48
2503,212,48
2504,265,51
2505,281,54
2506,235,49
2507,234,49
2508,229,52
2509,227,51
2510,246,49
2511,239,51
2512,234,53
2513,234,50
2514,212,47
2515,224,50
2516,233,50
2517,253,54
2518,223,48
2519,228,46
2520,240,50
2521,217,48
2522,240,51
2523,223,48
2524,244,51
2525,237,51
2526,232,50
2527,220,50
2528,243,50
2529,242,47
2530,243,52
2531,239,46
2532,245,52
2533,239,51
2534,228,51
2535,249,50
2536,244,53
2537,229,48
2538,235,52
2539,232,49
2540,235,53
2541,226,48
2542,234,48
2543,246,51
2544,217,47
2545,224,47
2546,224,48
2547,223,47
2548,237,51
2549,239,51
2550,233,53
2551,250,52
2552,212,48
2553,234,45
2554,221,46
2555,234,48
2556,228,49
2557,236,48
2558,228,53
2559,230,47
2560,227,51
2561,229,54
2562,276,54
2563,230,50
2564,251,52
2565,281,54
2566,245,49
2567,261,51
2568,236,49
2569,218,48
2570,233,51
2571,231,49
2572,238,49
2573,250,48
2574,232,48
2575,223,49
2576,242,46
2577,244,52
2578,241,47
2579,245,51
2580,229,51
2581,234,50
2582,232,46
2583,250,51
2584,229,49
2585,223,46
2586,229,44
2587,262,56
2588,264,54
2589,218,48
2590,238,48
2591,231,51
2592,213,46
2593,227,49
2594,236,50
2595,219,48
2596,234,47
2597,243,49
2598,224,49
2599,234,47
2600,251,51
2601,243,51
2602,237,51
2603,220,48
2604,266,50
2605,243,51
2606,233,48
2607,231,49
2608,220,48
2609,248,48
2610,242,49
2611,220,47
2612,243,49
2613,225,50
2614,245,49
2615,231,50
2616,223,47
2617,242,48
2618,227,49
2619,227,51
2620,228,48
2621,233,50
2622,236,50
2623,244,50
2624,237,48
2625,236,48
2626,245,47
2627,223,50
2628,231,49
2629,238,47
2630,257,52
2631,234,49
2632,234,50
2633,248,53
2634,214,48
2635,228,49
2636,232,49
2637,265,51
2638,239,52
2639,254,52
2640,240,47
2641,240,52
2642,239,52
2643,253,53
2644,233,51
2645,230,52
2646,235,51
2647,230,50
2648,231,50
2649,244,50
2650,275,51
2651,235,46
2652,245,50
2653,248,51
2654,247,50
2655,227,50
2656,218,47
2657,220,48
2658,220,50
2659,242,53
2660,254,50
2661,262,54
2662,216,47
2663,261,54
2664,234,49
2665,224,51
2666,224,51
2667,243,51
2668,234,48
2669,210,46
2670,237,46
2671,238,46
2672,242,50
2673,222,53
2674,239,48
2675,245,53
2676,224,47
2677,223,47
2678,234,49
2679,208,50
2680,219,50
2681,246,53
2682,223,47
2683,221,44
2684,215,48
2685,244,49
2686,242,53
2687,251,50
2688,228,49
2689,238,47
2690,215,48
2691,251,48
2692,258,50
2693,225,48
2694,254,49
2695,237,50
2696,228,47
2697,219,51
2698,229,50
2699,240,50
2700,231,49
2701,223,49
2702,229,53
2703,225,50
2704,231,48
2705,226,49
2706,246,53
2707,220,51
2708,218,50
2709,230,47
2710,229,49
2711,238,51
2712,236,49
2713,228,49
2714,213,47
2715,212,49
2716,237,50
2717,236,49
2718,227,49
2719,226,48
2720,238,51
2721,224,48
2722,240,50
2723,228,52
2724,227,49
2725,236,52
2726,225,46
2727,232,51
2728,220,48
2729,226,46
2730,260,53
2731,225,50
2732,240,51
2733,228,51
2734,257,51
2735,239,52
2736,243,50
2737,225,51
2738,242,51
2739,238,49
2740,244,50
2741,231,50
2742,232,50
2743,218,49
2744,238,49
2745,247,51
2746,263,55
2747,239,52
2748,222,51
2749,240,54
2750,251,51
2751,220,50
2752,231,50
2753,263,56
2754,224,47
2755,254,49
2756,213,47
2757,236,49
2758,229,52
2759,237,49
2760,240,51
2761,250,52
2762,226,49
2763,228,50
2764,256,53
2765,234,49
2766,233,50
2767,251,51
2768,225,49
2769,233,48
2770,232,48
2771,226,50
2772,249,50
2773,242,54
2774,232,52
2775,229,48
2776,254,49
2777,231,53
2778,267,52
2779,250,52
2780,240,48
2781,210,46
2782,233,49
2783,216,46
2784,237,52
2785,239,49
2786,215,51
2787,266,52
2788,248,50
2789,227,52
2790,233,51
2791,244,52
2792,262,52
2793,213,51
2794,242,48
2795,237,49
2796,229,52
2797,223,48
2798,225,44
2799,243,48
2800,244,50
2801,233,50
2802,267,51
2803,258,50
2804,229,49
2805,243,50
2806,251,51
2807,260,53
2808,224,48
2809,254,52
2810,235,50
2811,225,52
2812,234,47
2813,255,50
2814,271,52
2815,234,48
2816,246,50
2817,227,48
2818,259,51
2819,231,51
2820,229,49
2821,238,50
2822,257,57
2823,237,46
2824,255,51
2825,246,51
2826,236,49
2827,249,48
2828,274,51
2829,219,46
2830,253,54
2831,238,52
2832,219,48
2833,227,48
2834,240,47
2835,258,50
2836,234,52
2837,227,50
2838,248,50
2839,236,49
2840,213,46
2841,246,50
2842,232,49
2843,236,52
2844,234,49
2845,231,48
2846,230,51
2847,249,52
2848,223,52
2849,242,51
2850,248,55
2851,228,50
2852,246,52
2853,232,50
2854,234,52
2855,231,47
2856,233,51
2857,235,51
2858,222,49
2859,218,47
2860,218,47
2861,224,54
2862,229,47
2863,238,52
2864,245,55
2865,228,50
2866,264,51
2867,239,51
2868,227,50
2869,263,53
2870,245,51
2871,228,48
2872,228,47
2873,246,53
2874,222,49
2875,249,49
2876,232,52
2877,242,50
2878,243,50
2879,246,51
2880,259,50
2881,220,48
2882,230,47
2883,239,50
2884,232,47
2885,248,55
2886,255,52
2887,236,50
2888,240,51
2889,237,48
2890,222,46
2891,222,45
2892,239,47
2893,238,52
2894,225,48
2895,217,46
2896,236,53
2897,232,52
2898,237,52
2899,262,49
2900,245,51
2901,225,49
2902,232,50
2903,204,48
2904,217,45
2905,229,51
2906,252,48
2907,238,52
2908,230,49
2909,249,51
2910,233,45
2911,248,54
2912,245,52
2913,237,51
2914,236,52
2915,220,47
2916,258,49
2917,251,53
2918,228,52
2919,229,47
2920,237,48
2921,242,55
2922,223,49
2923,229,48
2924,227,51
2925,231,50
2926,240,51
2927,237,48
2928,225,46
2929,250,52
2930,228,46
2931,213,47
2932,240,51
2933,240,50
2934,240,52
2935,234,48
2936,236,48
2937,230,52
2938,218,48
2939,242,51
2940,257,51
2941,246,51
2942,252,52
2943,244,47
2944,257,52
2945,247,48
2946,233,45
2947,237,49
2948,222,46
2949,220,46
2950,226,47
2951,230,49
2952,262,51
2953,262,53
2954,236,48
2955,220,47
2956,230,48
2957,249,52
2958,220,51
2959,247,54
2960,222,49
2961,228,48
2962,245,53
2963,228,51
2964,256,52
2965,240,52
2966,215,47
2967,220,50
2968,218,48
2969,249,52
2970,223,49
2971,221,51
2972,247,52
2973,245,50
2974,227,50
2975,227,49
2976,232,48
2977,224,49
2978,235,48
2979,212,47
2980,223,47
2981,229,51
2982,229,49
2983,232,52
2984,245,49
2985,227,51
2986,254,56
2987,247,53
2988,235,50
2989,230,49
2990,227,48
2991,232,47
2992,241,51
2993,227,48
2994,231,50
2995,246,52
2996,256,52
2997,239,51
2998,256,55
2999,235,49
3000,232,51
3001,243,50
3002,247,52
3003,250,51
3004,240,50
3005,232,48
3006,219,49
3007,243,53
3008,230,53
3009,241,50
3010,246,53
3011,259,52
3012,223,47
3013,232,52
3014,231,51
3015,239,48
3016,240,48
3017,251,52
3018,224,49
3019,261,51
3020,249,53
3021,259,52
3022,251,49
3023,252,51
3024,255,52
3025,281,54
3026,230,51
3027,257,50
3028,248,52
3029,248,49
3030,227,47
3031,266,57
3032,237,50
3033,221,45
3034,219,45
3035,232,53
3036,227,50
3037,235,49
3038,260,52
3039,238,46
3040,215,47
3041,200,49
3042,222,47
3043,234,50
3044,236,49
3045,239,51
3046,231,50
3047,232,49
3048,225,49
3049,232,48
3050,223,45
3051,221,49
3052,252,51
3053,247,50
3054,241,50
3055,224,48
3056,219,50
3057,240,50
3058,253,52
3059,226,49
3060,241,51
3061,233,49
3062,237,50
3063,230,49
3064,232,50
3065,244,54
3066,258,53
3067,244,51
3068,235,51
3069,232,48
3070,249,54
3071,253,55
3072,211,47
3073,244,49
3074,243,54
3075,240,49
3076,233,51
3077,237,51
3078,218,45
3079,249,50
3080,239,50
3081,227,48
3082,230,53
3083,216,47
3084,268,53
3085,248,52
3086,231,51
3087,218,46
3088,266,53
3089,234,48
3090,237,50
3091,240,50
3092,239,52
3093,227,49
3094,217,46
3095,247,54
3096,235,52
3097,252,52
3098,264,52
3099,221,48
3100,247,52
3101,223,49
3102,232,48
3103,219,47
3104,226,51
3105,241,53
3106,225,45
3107,246,49
3108,242,50
3109,227,50
3110,238,49
3111,239,53
3112,228,50
3113,206,45
3114,233,48
3115,231,50
3116,275,55
3117,250,52
3118,248,53
3119,235,51
3120,210,47
3121,244,48
3122,226,50
3123,217,50
3124,237,52
3125,256,51
3126,230,46
3127,223,49
3128,260,54
3129,206,44
3130,228,49
3131,248,53
3132,244,48
3133,234,54
3134,261,54
3135,245,50
3136,251,48
3137,213,45
3138,220,48
3139,229,50
3140,258,53
3141,209,48
3142,237,51
3143,234,50
3144,225,46
3145,235,52
3146,242,53
3147,240,49
3148,240,52
3149,243,48
3150,230,47
3151,262,50
3152,237,47
3153,243,51
3154,206,46
3155,253,53
3156,259,55
3157,226,47
3158,246,51
3159,232,52
3160,226,51
3161,222,52
3162,222,47
3163,228,49
3164,224,51
3165,233,46
3166,223,50
3167,241,49
3168,238,51
3169,210,47
3170,248,51
3171,237,49
3172,247,49
3173,230,48
3174,254,47
3175,231,52
3176,263,53
3177,232,54
3178,232,50
3179,239,51
3180,252,53
3181,249,56
3182,230,50
3183,262,54
3184,234,48
3185,225,49
3186,233,51
3187,242,52
3188,243,53
3189,250,51
3190,220,48
3191,242,52
3192,243,51
3193,243,54
3194,246,48
3195,229,46
3196,236,52
3197,217,48
3198,250,50
3199,258,52
3200,226,49
3201,232,49
3202,225,47
3203,244,51
3204,211,48
3205,248,47
3206,228,50
3207,260,51
3208,226,47
3209,250,51
3210,236,51
3211,243,48
3212,228,49
3213,232,50
3214,221,51
3215,252,52
3216,234,51
3217,234,50
3218,226,51
3219,249,51
3220,230,49
3221,221,50
3222,226,48
3223,245,50
3224,230,48
3225,238,50
3226,255,52
3227,238,48
3228,249,52
3229,245,56
3230,238,49
3231,232,50
3232,249,49
3233,213,48
3234,239,50
3235,220,49
3236,270,50
3237,245,50
3238,225,50
3239,234,47
3240,241,50
3241,225,47
3242,264,53
3243,241,49
3244,229,53
3245,254,48
3246,251,48
3247,208,48
3248,235,50
3249,243,47
3250,229,52
3251,230,47
3252,223,46
3253,213,52
3254,236,52
3255,230,49
3256,242,50
3257,222,50
3258,243,53
3259,255,52
3260,242,50
3261,222,49
3262,227,49
3263,222,47
3264,234,50
3265,230,52
3266,252,49
3267,266,52
3268,229,47
3269,218,47
3270,219,47
3271,238,49
3272,250,48
3273,229,45
3274,271,51
3275,230,48
3276,218,49
3277,241,48
3278,214,48
3279,223,48
3280,242,55
3281,229,49
3282,241,54
3283,241,49
3284,219,48
3285,214,47
3286,241,50
3287,232,49
3288,225,50
3289,215,48
3290,216,46
3291,241,55
3292,224,49
3293,241,49
3294,213,49
3295,230,49
3296,218,48
3297,242,49
3298,226,52
3299,224,50
3300,264,53
3301,237,46
3302,221,49
3303,247,53
3304,224,49
3305,240,49
3306,238,49
3307,257,51
3308,222,50
3309,233,51
3310,237,54
3311,258,51
3312,250,52
3313,254,53
3314,231,50
3315,247,48
3316,229,51
3317,260,53
3318,231,46
3319,243,51
3320,234,53
3321,219,50
3322,246,48
3323,244,49
3324,248,52
3325,225,50
3326,245,52
3327,237,52
3328,241,50
3329,238,52
3330,242,51
3331,218,50
3332,238,49
3333,221,47
3334,241,51
3335,260,49
3336,261,52
3337,254,51
3338,240,50
3339,228,49
3340,240,52
3341,244,48
3342,220,45
3343,232,49
3344,249,52
3345,242,49
3346,223,49
3347,225,46
3348,252,51
3349,212,47
3350,244,50
3351,222,47
3352,233,49
3353,233,49
3354,244,51
3355,244,50
3356,224,51
3357,223,46
3358,245,53
3359,211,41
3360,224,52
3361,233,50
3362,238,51
3363,257,51
3364,225,48
3365,225,51
3366,236,48
3367,243,50
3368,241,51
3369,253,50
3370,227,52
3371,232,49
3372,249,55
3373,208,48
3374,258,53
3375,242,49
3376,231,49
3377,222,45
3378,215,47
3379,226,48
3380,223,47
3381,255,50
3382,230,47
3383,257,51
3384,247,53
3385,272,54
3386,232,49
3387,225,49
3388,254,53
3389,231,54
3390,224,48
3391,237,50
3392,233,49
3393,228,49
3394,221,46
3395,243,51
3396,218,48
3397,213,50
3398,245,54
3399,208,44
3400,221,48
3401,231,51
3402,242,49
3403,216,46
3404,231,49
3405,243,51
3406,228,51
3407,236,49
3408,222,50
3409,281,53
3410,211,48
3411,216,50
3412,248,51
3413,230,48
3414,226,48
3415,254,54
3416,229,51
3417,234,47
3418,229,50
3419,238,50
3420,227,50
3421,233,49
3422,239,52
3423,237,48
3424,241,53
3425,226,50
3426,229,51
3427,232,49
3428,237,47
3429,245,50
3430,261,55
3431,238,48
3432,239,51
3433,229,50
3434,233,47
3435,236,50
3436,221,47
3437,235,48
3438,224,45
3439,229,52
3440,235,48
3441,238,49
3442,232,49
3443,256,55
3444,228,52
3445,250,53
3446,254,55
3447,249,51
3448,232,52
3449,229,48
3450,241,51
3451,231,52
3452,228,50
3453,215,48
3454,223,45
3455,257,50
3456,250,55
3457,235,51
3458,216,48
3459,220,48
3460,229,49
3461,242,50
3462,229,48
3463,221,48
3464,240,49
3465,236,53
3466,265,52
3467,233,51
3468,222,47
3469,239,51
3470,247,49
3471,227,49
3472,225,50
3473,222,48
3474,239,49
3475,239,51
3476,222,48
3477,231,50
3478,232,48
3479,229,53
3480,220,46
3481,259,52
3482,245,48
3483,224,49
3484,243,49
3485,248,52
3486,218,47
3487,265,52
3488,248,51
3489,253,52
3490,232,50
3491,249,52
3492,248,48
3493,225,49
3494,224,47
3495,252,53
3496,250,54
3497,274,51
3498,230,50
3499,225,50
3500,214,48
3501,225,51
3502,243,46
3503,234,49
3504,237,51
3505,230,47
3506,233,48
3507,239,50
3508,263,55
3509,234,50
3510,220,49
3511,237,50
3512,229,48
3513,229,47
3514,247,51
3515,254,51
3516,237,49
3517,248,52
3518,232,51
3519,235,46
3520,235,51
3521,241,49
3522,238,51
3523,253,50
3524,272,54
3525,239,49
3526,257,53
3527,247,50
3528,235,50
3529,248,51
3530,270,53
3531,246,52
3532,251,52
3533,234,48
3534,244,50
3535,212,47
3536,243,50
3537,251,53
3538,221,51
3539,255,54
3540,227,52
3541,212,51
3542,282,58
3543,231,48
3544,232,50
3545,227,50
3546,215,47
3547,218,49
3548,217,48
3549,220,52
3550,237,50
3551,257,51
3552,251,47
3553,248,48
3554,260,55
3555,252,53
3556,238,47
3557,253,48
3558,232,50
3559,212,49
3560,229,47
3561,214,49
3562,223,51
3563,214,47
3564,222,45
3565,240,52
3566,235,50
3567,227,51
3568,227,50
3569,246,53
3570,237,50
3571,236,51
3572,223,49
3573,239,50
3574,226,48
3575,238,50
3576,258,50
3577,246,51
3578,220,49
3579,221,50
3580,252,54
3581,234,49
3582,247,48
3583,221,50
3584,229,49
3585,239,51
3586,262,49
3587,264,53
3588,258,48
3589,228,50
3590,241,51
3591,249,51
3592,207,49
3593,243,51
3594,240,50
3595,239,50
3596,221,48
3597,207,45
3598,260,50
3599,238,50
3600,245,50
3601,229,50
3602,244,53
3603,238,52
3604,235,51
3605,210,52
3606,226,49
3607,236,52
3608,230,50
3609,220,51
3610,227,46
3611,248,48
3612,254,52
3613,236,51
3614,235,52
3615,219,52
3616,232,50
3617,233,53
3618,242,49
3619,258,52
3620,233,51
3621,216,48
3622,233,49
3623,220,51
3624,249,50
3625,219,49
3626,219,47
3627,233,49
3628,243,51
3629,225,46
3630,225,48
3631,239,51
3632,225,45
3633,220,47
3634,233,51
3635,243,52
3636,243,50
3637,239,50
3638,242,51
3639,229,48
3640,216,47
3641,224,50
3642,224,50
3643,217,48
3644,237,54
3645,224,51
3646,241,52
3647,217,50
3648,250,49
3649,221,50
3650,230,49
3651,232,49
3652,215,47
3653,263,52
3654,224,49
3655,219,49
3656,227,51
3657,228,54
3658,255,55
3659,244,49
3660,232,52
3661,244,51
3662,221,50
3663,232,49
3664,230,50
3665,224,44
3666,245,51
3667,247,52
3668,239,47
3669,224,49
3670,215,46
3671,230,48
3672,229,50
3673,233,49
3674,238,49
3675,256,53
3676,235,48
3677,253,51
3678,226,51
3679,256,53
3680,232,46
3681,234,47
3682,234,50
3683,239,53
3684,217,49
3685,246,49
3686,236,48
3687,211,46
3688,226,49
3689,203,44
3690,238,48
3691,234,47
3692,241,49
3693,264,56
3694,234,50
3695,235,50
3696,220,48
3697,210,47
3698,217,48
3699,232,48
3700,235,50
3701,241,49
3702,255,53
3703,279,54
3704,262,56
3705,243,48
3706,239,51
3707,261,52
3708,232,49
3709,263,51
3710,229,51
3711,223,49
3712,225,49
3713,215,49
3714,236,53
3715,243,48
3716,224,49
3717,234,46
3718,249,53
3719,220,49
3720,225,48
3721,241,51
3722,232,49
3723,238,51
3724,242,51
3725,232,48
3726,257,53
3727,233,52
3728,222,48
3729,240,53
3730,253,49
3731,243,48
3732,219,51
3733,242,46
3734,232,50
3735,219,47
3736,230,51
3737,231,53
3738,227,50
3739,233,47
3740,234,52
3741,252,49
3742,226,48
3743,219,52
3744,248,52
3745,229,52
3746,254,50
3747,237,50
3748,223,49
3749,231,51
3750,233,50
3751,232,48
3752,248,55
3753,224,50
3754,243,52
3755,240,50
3756,217,49
3757,262,49
3758,244,51
3759,236,52
3760,253,51
3761,244,50
3762,235,48
3763,221,46
3764,233,49
3765,217,47
3766,238,51
3767,236,51
3768,244,49
3769,238,48
3770,237,49
3771,219,47
3772,239,49
3773,226,46
3774,231,51
3775,227,46
3776,230,48
3777,269,51
3778,233,50
3779,222,49
3780,245,54
3781,270,52
3782,241,52
3783,230,48
3784,266,51
3785,249,50
3786,240,49
3787,244,47
3788,265,50
3789,226,48
3790,231,50
3791,254,53
3792,229,49
3793,253,50
3794,231,47
3795,225,49
3796,248,49
3797,217,49
3798,244,51
3799,232,50
3800,230,45
3801,226,49
3802,233,50
3803,241,50
3804,233,47
3805,244,53
3806,240,48
3807,259,54
3808,310,56
3809,240,49
3810,237,49
3811,227,52
3812,250,52
3813,234,53
3814,247,51
3815,232,51
3816,232,52
3817,245,51
3818,233,43
3819,251,52
3820,233,50
3821,225,49
3822,236,49
3823,228,48
3824,224,47
3825,233,49
3826,246,51
3827,238,46
3828,252,49
3829,230,50
3830,224,50
3831,269,52
3832,249,54
3833,236,50
3834,219,47
3835,250,51
3836,233,52
3837,256,51
3838,249,51
3839,267,49
3840,217,45
3841,254,50
3842,247,49
3843,218,47
3844,230,45
3845,273,53
3846,227,52
3847,221,51
3848,235,49
3849,231,50
3850,260,52
3851,225,48
3852,233,48
3853,228,51
3854,247,52
3855,223,50
3856,235,50
3857,274,52
3858,222,53
3859,232,50
3860,231,49
3861,250,53
3862,229,48
3863,226,47
3864,232,51
3865,240,52
3866,241,49
3867,217,48
3868,251,52
3869,241,51
3870,209,46
3871,228,49
3872,251,53
3873,242,50
3874,220,47
3875,226,50
3876,237,49
3877,245,51
3878,248,54
3879,245,54
3880,224,50
3881,213,47
3882,232,50
3883,220,50
3884,261,52
3885,253,50
3886,222,51
3887,227,51
3888,246,50
3889,249,54
3890,232,50
3891,254,51
3892,229,51
3893,218,47
3894,216,49
3895,265,49
3896,241,48
3897,234,55
3898,223,50
3899,230,52
3900,212,48
3901,227,48
3902,254,51
3903,229,49
3904,224,50
3905,250,52
3906,229,47
3907,223,46
3908,233,50
3909,218,48
3910,238,50
3911,232,47
3912,221,49
3913,240,49
3914,239,53
3915,222,48
3916,227,48
3917,220,48
3918,212,47
3919,237,50
3920,232,49
3921,229,53
3922,217,47
3923,228,48
3924,247,51
3925,231,50
3926,257,51
3927,229,47
3928,252,48
3929,232,51
3930,262,55
3931,225,50
3932,242,50
3933,256,55
3934,231,50
3935,245,50
3936,253,51
3937,235,50
3938,264,55
3939,273,51
3940,215,52
3941,220,47
3942,237,49
3943,243,53
3944,227,48
3945,242,49
3946,241,49
3947,229,52
3948,230,49
3949,222,49
3950,229,49
3951,229,52
3952,234,47
3953,231,48
3954,215,50
3955,248,52
3956,246,50
3957,232,50
3958,224,47
3959,242,50
3960,234,48
3961,249,51
3962,226,51
3963,227,48
3964,240,51
3965,245,53
3966,215,48
3967,225,47
3968,218,47
3969,239,49
3970,214,46
3971,212,47
3972,246,52
3973,232,52
3974,247,50
3975,238,50
3976,235,48
3977,230,50
3978,239,49
3979,233,51
3980,201,46
3981,229,55
3982,235,47
3983,244,56
3984,230,49
3985,245,54
3986,219,48
3987,240,52
3988,228,51
3989,230,47
3990,259,51
3991,225,49
3992,234,48
3993,224,50
3994,244,49
3995,229,49
3996,232,49
3997,238,49
3998,229,49
3999,235,50
4000,241,50
4001,211,47
4002,219,44
4003,237,49
4004,232,47
4005,231,49
4006,221,48
4007,236,50
4008,235,53
4009,266,51
4010,229,48
4011,220,51
4012,227,47
4013,245,51
4014,229,48
4015,256,52
4016,227,53
4017,227,49
4018,243,54
4019,256,50
4020,224,51
4021,221,48
4022,235,48
4023,247,51
4024,227,52
4025,232,48
4026,236,52
4027,242,49
4028,218,49
4029,226,51
4030,266,53
4031,238,51
4032,244,56
4033,212,49
4034,253,51
4035,244,49
4036,221,45
4037,224,49
4038,229,48
4039,217,47
4040,226,49
4041,224,49
4042,252,53
4043,227,46
4044,250,50
4045,220,48
4046,244,50
4047,241,49
4048,234,51
4049,240,52
4050,234,52
4051,232,49
4052,255,54
4053,232,50
4054,238,48
4055,236,48
4056,227,50
4057,229,51
4058,239,50
4059,235,49
4060,251,50
4061,257,53
4062,223,48
4063,217,47
4064,244,54
4065,222,49
4066,220,50
4067,260,56
4068,245,50
4069,223,50
4070,238,48
4071,225,51
4072,226,50
4073,252,51
4074,231,54
4075,224,51
4076,245,50
4077,258,48
4078,234,49
4079,228,48
4080,228,50
4081,268,51
4082,235,48
4083,230,47
4084,224,47
4085,265,52
4086,250,54
4087,241,54
4088,253,53
4089,236,48
4090,249,50
4091,239,48
4092,223,49
4093,218,46
4094,229,50
4095,247,50
4096,231,49
4097,215,48
4098,235,52
4099,230,48
4100,235,52
4101,251,49
4102,217,50
4103,227,51
4104,238,50
4105,234,50
4106,224,45
4107,215,46
4108,237,50
4109,257,50
4110,215,48
4111,235,51
4112,276,53
4113,239,51
4114,252,51
4115,233,50
4116,238,48
4117,250,53
4118,221,49
4119,267,52
4120,231,52
4121,232,50
4122,234,51
4123,230,49
4124,241,50
4125,233,51
4126,253,53
4127,218,49
4128,240,49
4129,242,52
4130,246,54
4131,242,48
4132,231,51
4133,241,51
4134,226,47
4135,239,52
4136,244,50
4137,243,54
4138,237,51
4139,208,47
4140,261,53
4141,255,50
4142,258,51
4143,259,53
4144,247,53
4145,237,51
4146,236,48
4147,249,51
4148,223,51
4149,242,54
4150,232,52
4151,232,49
4152,223,48
4153,241,50
4154,223,54
4155,227,51
4156,233,48
4157,246,51
4158,250,51
4159,247,53
4160,224,48
4161,230,50
4162,257,50
4163,221,49
4164,220,48
4165,233,51
4166,245,54
4167,246,52
4168,230,52
4169,228,49
4170,233,49
4171,229,51
4172,238,49
4173,255,51
4174,260,49
4175,227,50
4176,222,47
4177,223,50
4178,230,47
4179,219,48
4180,227,50
4181,254,54
4182,241,49
4183,224,50
4184,248,51
4185,230,53
4186,242,50
4187,225,48
4188,207,44
4189,246,48
4190,230,47
4191,235,50
4192,240,51
4193,254,51
4194,233,52
4195,247,51
4196,225,48
4197,223,49
4198,256,51
4199,226,52
4200,237,53
4201,231,49
4202,241,55
4203,241,51
4204,245,49
4205,228,47
4206,234,51
4207,225,52
4208,226,48
4209,240,51
4210,250,51
4211,238,50
4212,237,51
4213,232,47
4214,215,46
4215,240,52
4216,249,55
4217,231,51
4218,233,50
4219,223,47
4220,229,47
4221,259,52
4222,255,49
4223,239,47
4224,251,51
4225,222,47
4226,216,48
4227,223,49
4228,227,50
4229,238,50
4230,258,50
4231,231,47
4232,250,54
4233,224,48
4234,231,52
4235,255,50
4236,233,50
4237,221,48
4238,227,51
4239,230,50
4240,242,54
4241,236,47
4242,243,50
4243,257,52
4244,238,53
4245,240,50
4246,232,50
4247,222,49
4248,243,52
4249,242,53
4250,242,47
4251,224,51
4252,234,50
4253,241,50
4254,229,46
4255,245,51
4256,233,49
4257,266,52
4258,234,50
4259,254,49
4260,223,48
4261,235,46
4262,226,47
4263,233,51
4264,232,48
4265,225,50
4266,248,50
4267,264,51
4268,244,52
4269,237,49
4270,235,52
4271,227,47
4272,242,48
4273,228,49
4274,241,52
4275,254,52
4276,277,53
4277,248,47
4278,225,47
4279,221,48
4280,232,48
4281,222,49
4282,235,50
4283,265,54
4284,260,52
4285,236,50
4286,238,51
4287,218,48
4288,240,49
4289,211,50
4290,242,47
4291,245,50
4292,230,51
4293,268,51
4294,241,55
4295,216,49
4296,229,51
4297,227,52
4298,222,50
4299,275,52
4300,221,52
4301,216,48
4302,225,50
4303,221,51
4304,254,54
4305,246,53
4306,218,47
4307,230,48
4308,250,51
4309,235,49
4310,265,53
4311,254,52
4312,254,51
4313,221,50
4314,234,51
4315,247,52
4316,251,51
4317,228,50
4318,225,49
4319,240,50
4320,251,52
4321,232,49
4322,236,52
4323,264,49
4324,262,55
4325,231,48
4326,240,49
4327,235,49
4328,225,50
4329,245,54
4330,240,47
4331,235,49
4332,229,51
4333,284,53
4334,233,54
4335,228,50
4336,232,50
4337,253,49
4338,243,48
4339,268,52
4340,239,54
4341,247,54
4342,221,48
4343,263,53
4344,227,51
4345,236,51
4346,249,53
4347,242,52
4348,242,51
4349,221,51
4350,225,47
4351,261,52
4352,251,51
4353,245,49
4354,265,54
4355,233,48
4356,258,54
4357,243,48
4358,224,48
4359,243,52
4360,229,49
4361,221,49
4362,219,47
4363,229,49
4364,256,52
4365,237,48
4366,227,49
4367,240,49
4368,222,47
4369,253,52
4370,241,52
4371,243,50
4372,254,51
4373,242,52
4374,223,49
4375,237,52
4376,247,53
4377,227,49
4378,252,53
4379,243,50
4380,235,50
4381,226,52
4382,225,48
4383,226,50
4384,222,49
4385,249,50
4386,238,52
4387,240,51
4388,225,49
4389,252,56
4390,211,45
4391,231,51
4392,242,49
4393,221,47
4394,219,48
4395,219,46
4396,264,52
4397,217,47
4398,223,48
4399,247,51
4400,247,53
4401,227,46
4402,249,50
4403,236,51
4404,253,50
4405,234,52
4406,260,52
4407,234,50
4408,232,53
4409,234,48
4410,239,51
4411,244,51
4412,219,46
4413,252,51
4414,248,52
4415,224,50
4416,258,54
4417,244,51
4418,236,51
4419,221,50
4420,213,48
4421,253,54
4422,247,50
4423,245,52
4424,214,48
4425,257,52
4426,238,51
4427,241,49
4428,237,48
4429,231,48
4430,228,49
4431,249,49
4432,243,49
4433,238,52
4434,282,54
4435,241,52
4436,251,49
4437,247,48
4438,244,53
4439,238,53
4440,228,50
4441,230,49
4442,239,50
4443,247,51
4444,249,52
4445,231,51
4446,249,50
4447,228,46
4448,234,51
4449,220,46
4450,233,51
4451,247,54
4452,260,49
4453,227,49
4454,226,48
4455,231,49
4456,226,48
4457,225,48
4458,252,50
4459,245,51
4460,235,48
4461,217,47
4462,222,50
4463,219,47
4464,245,49
4465,234,51
4466,232,53
4467,234,49
4468,233,46
4469,222,50
4470,225,50
4471,228,49
4472,243,52
4473,231,50
4474,228,49
4475,226,48
4476,242,49
4477,244,53
4478,232,53
4479,224,47
4480,234,51
4481,244,51
4482,248,50
4483,229,48
4484,223,48
4485,235,49
4486,229,49
4487,238,50
4488,229,49
4489,272,52
4490,234,48
4491,243,49
4492,207,47
4493,216,48
4494,221,48
4495,224,51
4496,244,49
4497,245,49
4498,225,48
4499,262,53
4500,234,51
4501,231,48
4502,265,50
4503,242,51
4504,224,46
4505,235,49
4506,246,55
4507,240,48
4508,254,50
4509,241,49
4510,248,47
4511,245,52
4512,233,49
4513,241,50
4514,242,49
4515,242,52
4516,232,50
4517,263,52
4518,222,51
4519,241,50
4520,225,51
4521,226,51
4522,238,51
4523,231,51
4524,239,50
4525,216,48
4526,242,49
4527,219,49
4528,231,47
4529,241,50
4530,253,51
4531,251,52
4532,250,51
4533,213,47
4534,224,48
4535,211,46
4536,244,49
4537,238,53
4538,237,51
4539,237,50
4540,235,50
4541,235,52
4542,217,48
4543,244,51
4544,229,50
4545,209,51
4546,238,53
4547,232,51
4548,244,49
4549,219,49
4550,241,49
4551,239,49
4552,222,50
4553,230,49
4554,244,53
4555,247,52
4556,244,50
4557,275,55
4558,219,49
4559,213,46
4560,233,48
4561,229,48
4562,237,47
4563,239,51
4564,222,47
4565,278,54
4566,238,49
4567,236,51
4568,232,51
4569,254,49
4570,228,49
4571,230,50
4572,247,51
4573,240,53
4574,232,47
4575,240,49
4576,242,53
4577,233,48
4578,238,47
4579,231,50
4580,225,49
4581,255,53
4582,242,52
4583,234,50
4584,225,46
4585,245,51
4586,242,51
4587,260,52
4588,238,50
4589,209,49
4590,229,48
4591,226,49
4592,262,53
4593,223,50
4594,232,47
4595,215,46
4596,223,47
4597,234,52
4598,237,47
4599,236,52
4600,232,53
4601,234,52
4602,225,50
4603,249,52
4604,231,51
4605,229,46
4606,263,53
4607,264,53
4608,227,53
4609,244,51
4610,246,49
4611,229,48
4612,240,52
4613,218,48
4614,238,49
4615,230,52
4616,231,49
4617,227,44
4618,231,48
4619,223,49
4620,243,48
4621,236,50
4622,233,51
4623,220,45
4624,256,55
4625,240,51
4626,231,52
4627,227,47
4628,209,47
4629,233,50
4630,237,51
4631,227,50
4632,235,50
4633,223,50
4634,250,50
4635,237,52
4636,240,52
4637,223,47
4638,227,49
4639,236,49
4640,248,53
4641,227,48
4642,223,47
4643,237,49
4644,218,47
4645,223,49
4646,239,52
4647,233,50
4648,219,45
4649,222,51
4650,223,46
4651,230,48
4652,216,50
4653,252,52
4654,229,53
4655,227,50
4656,244,54
4657,241,47
4658,236,50
4659,223,48
4660,216,48
4661,213,50
4662,243,50
4663,233,55
4664,230,49
4665,223,49
4666,238,52
4667,246,52
4668,245,50
4669,247,51
4670,260,54
4671,228,51
4672,243,48
4673,229,47
4674,233,50
4675,242,52
4676,245,49
4677,232,51
4678,243,51
4679,249,53
4680,267,53
4681,223,49
4682,236,49
4683,220,51
4684,230,51
4685,248,52
4686,224,50
4687,218,47
4688,236,49
4689,224,46
4690,225,48
4691,257,48
4692,221,48
4693,243,50
4694,232,49
4695,231,53
4696,242,52
4697,249,53
4698,261,50
4699,235,50
4700,221,51
4701,235,48
4702,228,48
4703,222,47
4704,230,51
4705,266,54
4706,244,48
4707,249,51
4708,243,50
4709,226,48
4710,217,45
4711,235,53
4712,249,53
4713,244,55
4714,273,53
4715,238,49
4716,225,52
4717,245,53
4718,230,48
4719,247,50
4720,235,50
4721,241,52
4722,249,52
4723,218,52
4724,237,51
4725,220,47
4726,245,51
4727,219,48
4728,254,47
4729,237,47
4730,235,51
4731,228,48
4732,241,50
4733,241,49
4734,232,46
4735,232,46
4736,234,49
4737,215,47
4738,243,50
4739,226,51
4740,242,52
4741,239,52
4742,231,50
4743,222,49
4744,234,50
4745,243,54
4746,229,48
4747,230,48
4748,222,49
4749,239,52
4750,253,54
4751,223,49
4752,228,50
4753,243,48
4754,232,50
4755,225,48
4756,266,50
4757,235,54
4758,236,48
4759,225,49
4760,238,51
4761,231,51
4762,223,48
4763,227,49
4764,249,55
4765,235,51
4766,221,47
4767,230,51
4768,214,48
4769,239,50
4770,237,50
4771,267,49
4772,261,55
4773,257,53
4774,242,50
4775,273,54
4776,224,49
4777,210,47
4778,245,51
4779,232,49
4780,278,52
4781,213,49
4782,228,47
4783,235,50
4784,238,49
4785,254,50
4786,233,52
4787,219,50
4788,217,49
4789,251,52
4790,256,51
4791,212,46
4792,239,51
4793,232,48
4794,251,48
4795,240,49
4796,226,47
4797,255,51
4798,242,51
4799,247,51
4800,252,52
4801,227,50
4802,239,51
4803,227,46
4804,240,53
4805,221,47
4806,233,48
4807,232,48
4808,234,48
4809,236,49
4810,222,50
4811,239,48
4812,233,50
4813,226,47
4814,227,52
4815,248,52
4816,227,49
4817,227,46
4818,245,45
4819,215,46
4820,247,51
4821,231,50
4822,234,51
4823,266,54
4824,245,50
4825,234,53
4826,226,48
4827,249,49
4828,235,51
4829,246,52
4830,230,51
4831,214,47
4832,228,51
4833,262,52
4834,225,47
4835,214,46
4836,224,50
4837,232,51
4838,219,47
4839,240,51
4840,231,47
4841,235,45
4842,239,52
4843,247,52
4844,222,49
4845,247,52
4846,226,49
4847,238,50
4848,230,49
4849,243,47
4850,251,51
4851,248,52
4852,218,47
4853,243,50
4854,237,48
4855,229,49
4856,227,48
4857,232,48
4858,240,51
4859,231,46
4860,248,52
4861,223,52
4862,237,47
4863,255,49
4864,223,49
4865,254,53
4866,273,57
4867,240,52
4868,208,49
4869,237,50
4870,230,50
4871,245,52
4872,249,52
4873,232,51
4874,242,49
4875,244,48
4876,236,50
4877,252,52
4878,246,49
4879,272,53
4880,240,50
4881,265,53
4882,247,50
4883,257,52
4884,251,48
4885,244,49
4886,227,48
4887,238,51
4888,243,52
4889,260,54
4890,250,50
4891,228,48
4892,251,52
4893,221,49
4894,244,51
4895,242,51
4896,238,53
4897,228,51
4898,256,55
4899,239,51
4900,229,49
4901,246,52
4902,226,46
4903,241,53
4904,242,48
4905,230,49
4906,204,46
4907,229,48
4908,219,50
4909,243,50
4910,231,49
4911,260,51
4912,222,48
4913,235,50
4914,243,51
4915,227,51
4916,245,53
4917,248,49
4918,232,51
4919,252,51
4920,244,51
4921,243,52
4922,233,50
4923,253,50
4924,235,49
4925,246,49
4926,222,47
4927,243,52
4928,235,51
4929,260,54
4930,230,52
4931,259,49
4932,232,53
4933,235,51
4934,240,53
4935,215,49
4936,229,47
4937,260,52
4938,247,49
4939,251,50
4940,233,49
4941,234,48
4942,261,51
4943,242,49
4944,239,49
4945,227,50
4946,239,51
4947,251,53
4948,251,51
4949,239,47
4950,243,51
4951,239,50
4952,231,47
4953,259,53
4954,238,52
4955,252,52
4956,229,47
4957,301,55
4958,244,51
4959,214,48
4960,247,53
4961,225,48
4962,232,49
4963,244,48
4964,246,49
4965,231,51
4966,217,48
4967,237,47
4968,230,49
4969,248,48
4970,249,53
4971,221,46
4972,239,53
4973,243,53
4974,241,52
4975,260,50
4976,231,52
4977,257,50
4978,234,49
4979,237,46
4980,228,51
4981,243,50
4982,217,51
4983,244,53
4984,235,52
4985,225,52
4986,241,51
4987,257,53
4988,242,49
4989,226,47
4990,252,52
4991,218,49
4992,212,49
4993,226,50
4994,229,47
4995,261,53
4996,226,50
4997,234,50
4998,238,48
4999,218,46
5000,240,49
5001,223,50
5002,241,50
5003,247,51
5004,218,45
5005,228,50
5006,238,49
5007,255,51
5008,237,48
5009,223,51
5010,236,50
5011,262,53
5012,253,52
5013,218,48
5014,219,49
5015,242,54
5016,225,51
5017,218,48
5018,269,52
5019,238,52
5020,246,51
5021,216,48
5022,273,53
5023,277,52
5024,230,49
5025,236,52
5026,247,52
5027,258,52
5028,219,49
5029,237,50
5030,244,49
5031,238,47
5032,209,48
5033,222,49
5034,241,49
5035,245,53
5036,228,50
5037,266,50
5038,233,47
5039,219,50
5040,234,52
5041,230,49
5042,231,49
5043,229,46
5044,220,46
5045,250,50
5046,245,50
5047,229,49
5048,223,48
5049,239,49
5050,234,53
5051,234,50
5052,252,54
5053,231,49
5054,232,49
5055,234,51
5056,241,50
5057,242,50
5058,226,47
5059,221,50
5060,222,49
5061,233,47
5062,231,51
5063,262,52
5064,239,51
5065,234,51
5066,246,49
5067,217,47
5068,241,50
5069,234,50
5070,226,49
5071,226,46
5072,240,52
5073,247,51
5074,247,50
5075,240,49
5076,248,52
5077,214,50
5078,217,47
5079,227,50
5080,243,49
5081,232,45
5082,232,50
5083,236,50
5084,232,50
5085,254,52
5086,235,50
5087,226,53
5088,268,50
5089,234,50
5090,249,51
5091,223,47
5092,250,45
5093,256,54
5094,229,50
5095,264,53
5096,252,51
5097,232,49
5098,235,48
5099,234,50
5100,227,52
5101,221,48
5102,223,45
5103,220,50
5104,220,52
5105,250,52
5106,264,53
5107,237,49
5108,210,47
5109,241,51
5110,259,52
5111,255,51
5112,219,48
5113,220,50
5114,229,49
5115,238,49
5116,245,53
5117,230,49
5118,242,49
5119,235,52
5120,241,53
5121,234,51
5122,228,50
5123,234,48
5124,234,52
5125,229,49
5126,238,51
5127,233,50
5128,223,49
5129,237,52
5130,258,49
5131,218,45
5132,259,56
5133,227,50
5134,249,50
5135,257,51
5136,215,48
5137,234,51
5138,238,53
5139,266,49
5140,241,50
5141,244,51
5142,238,50
5143,250,50
5144,238,52
5145,241,49
5146,243,54
5147,250,52
5148,223,50
5149,220,48
5150,234,50
5151,218,48
5152,231,53
5153,271,53
5154,222,49
5155,241,53
5156,266,52
5157,248,50
5158,239,50
5159,233,48
5160,246,50
5161,231,49
5162,235,50
5163,242,53
5164,238,49
5165,252,50
5166,246,50
5167,257,51
5168,251,50
5169,259,53
5170,238,50
5171,248,54
5172,224,49
5173,254,51
5174,221,50
5175,246,52
5176,233,51
5177,238,50
5178,235,50
5179,239,50
5180,249,50
5181,244,50
5182,229,47
5183,237,50
5184,220,48
5185,226,48
5186,235,46
5187,246,52
5188,244,50
5189,239,52
5190,241,49
5191,246,53
5192,217,48
5193,229,48
5194,230,50
5195,250,51
5196,267,55
5197,257,51
5198,246,51
5199,227,49
5200,236,52
5201,235,50
5202,232,51
5203,246,51
5204,231,52
5205,225,46
5206,246,49
5207,242,49
5208,234,51
5209,224,48
5210,241,51
5211,221,50
5212,232,51
5213,248,50
5214,225,49
5215,260,52
5216,236,49
5217,235,49
5218,227,49
5219,247,49
5220,237,47
5221,256,52
5222,256,49
5223,254,54
5224,225,47
5225,243,49
5226,235,51
5227,240,51
5228,227,55
5229,222,50
5230,230,48
5231,214,50
5232,232,48
5233,247,49
5234,244,52
5235,235,50
5236,241,50
5237,236,50
5238,243,53
5239,252,53
5240,227,48
5241,219,49
5242,239,53
5243,217,47
5244,241,48
5245,218,47
5246,246,51
5247,244,48
5248,247,56
5249,231,52
5250,243,49
5251,250,49
5252,222,49
5253,213,49
5254,241,52
5255,240,48
5256,229,47
5257,244,49
5258,204,46
5259,227,48
5260,239,51
5261,236,51
5262,234,53
5263,247,53
5264,242,52
5265,232,51
5266,221,50
5267,225,50
5268,231,48
5269,242,53
5270,241,49
5271,246,53
5272,262,52
5273,238,48
5274,254,51
5275,241,51
5276,254,54
5277,229,49
5278,225,45
5279,250,52
5280,226,51
5281,247,50
5282,234,51
5283,226,49
5284,229,52
5285,227,49
5286,223,49
5287,230,50
5288,222,51
5289,231,51
5290,224,49
5291,241,50
5292,215,50
5293,237,51
5294,221,46
5295,267,50
5296,246,51
5297,260,54
5298,218,50
5299,221,45
5300,234,49
5301,274,51
5302,246,49
5303,259,53
5304,242,51
5305,217,47
5306,251,52
5307,218,47
5308,247,50
5309,232,49
5310,238,49
5311,230,52
5312,225,51
5313,218,43
5314,235,49
5315,243,47
5316,232,51
5317,230,51
5318,244,51
5319,236,50
5320,223,50
5321,248,52
5322,241,53
5323,245,51
5324,233,50
5325,264,52
5326,230,50
5327,262,52
5328,235,51
5329,228,51
5330,221,49
5331,256,52
5332,238,48
5333,252,53
5334,221,45
5335,249,50
5336,249,51
5337,229,54
5338,213,47
5339,241,51
5340,247,48
5341,226,52
5342,215,47
5343,256,52
5344,245,51
5345,211,48
5346,240,47
5347,241,51
5348,240,51
5349,265,52
5350,242,51
5351,238,51
5352,244,52
5353,241,50
5354,223,48
5355,245,50
5356,236,47
5357,251,52
5358,239,53
5359,226,49
5360,214,48
5361,244,50
5362,225,49
5363,252,53
5364,231,48
5365,250,49
5366,250,53
5367,225,50
5368,223,50
5369,241,49
5370,251,51
5371,252,52
5372,230,46
5373,224,47
5374,230,50
5375,237,50
5376,230,47
5377,248,48
5378,246,52
5379,224,47
5380,228,50
5381,245,52
5382,260,49
5383,250,49
5384,224,51
5385,240,53
5386,233,51
5387,249,50
5388,214,46
5389,227,48
5390,223,49
5391,239,48
5392,225,52
5393,220,50
5394,257,52
5395,240,52
5396,253,54
5397,235,49
5398,248,49
5399,236,49
5400,243,51
5401,232,51
5402,249,50
5403,235,48
5404,251,52
5405,241,50
5406,232,49
5407,237,54
5408,218,46
5409,255,53
5410,216,49
5411,232,48
5412,231,49
5413,242,50
5414,247,52
5415,287,53
5416,223,51
5417,267,53
5418,247,51
5419,238,52
5420,237,51
5421,252,53
5422,255,53
5423,249,53
5424,286,54
5425,225,49
5426,229,52
5427,258,50
5428,226,51
5429,242,51
5430,235,55
5431,215,51
5432,254,53
5433,226,49
5434,222,50
5435,219,46
5436,220,51
5437,255,49
5438,227,47
5439,234,50
5440,237,50
5441,233,49
5442,248,52
5443,246,52
5444,234,52
5445,256,50
5446,226,48
5447,253,52
5448,225,50
5449,217,47
5450,239,49
5451,237,48
5452,216,47
5453,253,51
5454,229,50
5455,213,52
5456,238,52
5457,249,49
5458,282,54
5459,237,50
5460,248,52
5461,243,52
5462,233,49
5463,221,50
5464,229,50
5465,290,57
5466,254,53
5467,215,46
5468,221,48
5469,222,48
5470,238,51
5471,229,49
5472,239,48
5473,254,52
5474,228,51
5475,248,52
5476,243,52
5477,241,50
5478,256,52
5479,254,49
5480,236,52
5481,219,50
5482,235,47
5483,254,52
5484,244,52
5485,229,51
5486,232,50
5487,227,47
5488,236,49
5489,222,51
5490,250,46
5491,255,50
5492,227,50
5493,223,47
5494,262,52
5495,254,53
5496,231,49
5497,242,52
5498,220,49
5499,218,48
5500,236,49
5501,233,50
5502,259,55
5503,252,49
5504,238,48
5505,268,53
5506,237,48
5507,267,53
5508,217,46
5509,229,50
5510,223,49
5511,243,49
5512,262,54
5513,230,52
5514,221,51
5515,228,51
5516,218,46
5517,221,49
5518,248,53
5519,228,52
5520,223,50
5521,218,47
5522,224,49
5523,244,49
5524,248,47
5525,234,50
5526,255,53
5527,228,50
5528,250,50
5529,224,47
5530,219,51
5531,238,51
5532,242,51
5533,242,50
5534,258,54
5535,216,49
5536,243,50
5537,223,47
5538,258,51
5539,218,45
5540,239,52
5541,242,47
5542,233,49
5543,240,50
5544,248,49
5545,239,50
5546,227,49
5547,238,51
5548,224,46
5549,229,49
5550,249,48
5551,223,48
5552,244,50
5553,233,46
5554,239,52
5555,223,51
5556,270,57
5557,244,52
5558,235,49
5559,237,50
5560,226,46
5561,266,51
5562,241,49
5563,242,51
5564,222,47
5565,264,49
5566,233,52
5567,212,49
5568,248,53
5569,235,48
5570,228,52
5571,233,49
5572,257,52
5573,256,51
5574,235,48
5575,250,49
5576,240,48
5577,247,51
5578,219,48
5579,224,47
5580,242,50
5581,235,49
5582,249,53
5583,235,51
5584,223,48
5585,221,49
5586,227,48
5587,225,46
5588,249,48
5589,263,51
5590,218,50
5591,246,49
5592,224,47
5593,236,50
5594,244,50
5595,245,51
5596,225,52
5597,217,46
5598,224,47
5599,227,48
5600,237,52
5601,236,49
5602,241,50
5603,245,50
5604,238,52
5605,218,50
5606,226,50
5607,233,51
5608,262,53
5609,225,49
5610,248,49
5611,226,48
5612,233,51
5613,258,54
5614,238,46
5615,262,50
5616,226,50
5617,255,47
5618,250,52
5619,255,54
5620,234,51
5621,240,51
5622,243,47
5623,244,49
5624,255,52
5625,236,51
5626,219,48
5627,226,51
5628,230,46
5629,253,52
5630,254,55
5631,238,49
5632,229,51
5633,242,47
5634,244,49
5635,256,52
5636,243,50
5637,237,50
5638,236,54
5639,214,48
5640,240,47
5641,219,48
5642,242,49
5643,213,45
5644,220,48
5645,237,49
5646,240,49
5647,221,50
5648,234,47
5649,236,49
5650,239,51
5651,244,50
5652,234,52
5653,228,50
5654,237,48
5655,243,50
5656,234,46
5657,235,50
5658,229,51
5659,211,47
5660,239,48
5661,227,49
5662,233,48
5663,221,49
5664,247,50
5665,223,49
5666,231,52
5667,228,51
5668,221,49
5669,236,52
5670,227,51
5671,242,49
5672,250,51
5673,220,46
5674,241,52
5675,226,48
5676,230,50
5677,225,49
5678,257,52
5679,224,50
5680,226,50
5681,226,50
5682,224,49
5683,231,50
5684,224,53
5685,235,51
5686,222,50
5687,235,49
5688,224,49
5689,219,45
5690,245,51
5691,249,52
5692,228,47
5693,227,49
5694,232,50
5695,239,51
5696,257,54
5697,224,49
5698,214,43
5699,243,47
5700,261,54
5701,247,48
5702,236,50
5703,244,50
5704,255,50
5705,230,51
5706,230,49
5707,225,48
5708,214,48
5709,231,51
5710,255,51
5711,215,48
5712,215,45
5713,220,50
5714,237,51
5715,234,51
5716,229,52
5717,217,49
5718,237,51
5719,234,50
5720,243,51
5721,225,49
5722,250,53
5723,229,53
5724,242,50
5725,223,50
5726,211,47
5727,266,49
5728,217,48
5729,236,54
5730,230,49
5731,228,49
5732,244,53
5733,252,55
5734,221,49
5735,234,50
5736,234,50
5737,218,47
5738,219,49
5739,222,50
5740,220,50
5741,239,49
5742,255,51
5743,220,53
5744,233,46
5745,267,50
5746,245,51
5747,236,51
5748,222,49
5749,234,47
5750,215,45
5751,247,53
5752,249,52
5753,259,50
5754,239,48
5755,232,47
5756,244,51
5757,241,50
5758,228,48
5759,220,48
5760,231,54
5761,220,48
5762,243,53
5763,254,52
5764,224,48
5765,232,50
5766,237,50
5767,231,50
5768,253,52
5769,273,53
5770,224,49
5771,239,52
5772,245,51
5773,246,50
5774,245,53
5775,234,54
5776,235,48
5777,239,49
5778,238,52
5779,262,56
5780,253,51
5781,220,48
5782,239,49
5783,233,51
5784,226,49
5785,245,49
5786,239,51
5787,237,53
5788,220,48
5789,234,50
5790,242,50
5791,271,52
5792,219,49
5793,248,48
5794,236,52
5795,229,52
5796,263,52
5797,232,52
5798,238,49
5799,225,47
5800,243,48
5801,222,48
5802,232,50
5803,216,47
5804,251,50
5805,242,49
5806,240,48
5807,227,45
5808,225,49
5809,230,48
5810,224,49
5811,226,50
5812,224,49
5813,227,50
5814,242,53
5815,232,51
5816,229,46
5817,244,51
5818,218,49
5819,230,49
5820,235,47
5821,235,46
5822,220,53
5823,244,48
5824,255,51
5825,214,46
5826,237,49
5827,256,52
5828,229,51
5829,235,48
5830,228,49
5831,232,49
5832,244,51
5833,233,49
5834,251,51
5835,244,54
5836,228,48
5837,232,50
5838,238,49
5839,263,51
5840,241,48
5841,216,48
5842,227,48
5843,238,50
5844,234,48
5845,263,51
5846,230,52
5847,239,51
5848,239,53
5849,224,47
5850,225,47
5851,219,46
5852,230,51
5853,245,52
5854,222,48
5855,244,48
5856,233,51
5857,244,48
5858,228,49
5859,232,48
5860,239,52
5861,248,53
5862,265,50
5863,229,48
5864,230,51
5865,241,52
5866,228,50
5867,224,52
5868,235,52
5869,237,48
5870,209,46
5871,221,48
5872,238,52
5873,237,51
5874,227,48
5875,237,51
5876,237,50
5877,234,51
5878,238,52
5879,234,47
5880,236,51
5881,244,52
5882,234,52
5883,238,49
5884,223,50
5885,240,51
5886,234,51
5887,250,55
5888,250,50
5889,227,49
5890,232,51
5891,218,49
5892,239,53
5893,244,52
5894,254,53
5895,245,51
5896,231,51
5897,227,49
5898,222,47
5899,233,49
5900,227,51
5901,235,48
5902,275,54
5903,234,50
5904,255,52
5905,253,49
5906,233,48
5907,238,50
5908,243,50
5909,238,51
5910,219,51
5911,244,54
5912,253,51
5913,229,49
5914,232,50
5915,231,51
5916,256,51
5917,230,53
5918,222,51
5919,241,52
5920,249,49
5921,216,48
5922,235,49
5923,256,49
5924,250,53
5925,261,54
5926,229,51
5927,244,52
5928,216,49
5929,241,50
5930,225,49
5931,235,52
5932,233,48
5933,214,48
5934,232,46
5935,224,49
5936,240,54
5937,249,52
5938,256,49
5939,243,50
5940,233,48
5941,242,52
5942,249,51
5943,237,50
5944,221,50
5945,232,49
5946,214,50
5947,233,51
5948,224,46
5949,239,50
5950,261,51
5951,241,52
5952,235,53
5953,236,52
5954,219,48
5955,223,48
5956,231,51
5957,223,48
5958,222,48
5959,254,52
5960,218,47
5961,247,51
5962,227,48
5963,244,52
5964,240,48
5965,232,50
5966,222,48
5967,244,48
5968,243,51
5969,220,48
5970,225,50
5971,236,48
5972,226,48
5973,230,51
5974,252,47
5975,232,51
5976,227,44
5977,235,48
5978,224,50
5979,256,49
5980,240,50
5981,225,52
5982,229,50
5983,231,48
5984,219,47
5985,233,48
5986,255,53
5987,234,49
5988,242,51
5989,246,47
5990,238,48
5991,246,52
5992,232,50
5993,231,50
5994,229,49
5995,231,53
5996,234,50
5997,235,48
5998,217,48
5999,232,51
6000,242,49
6001,231,49
6002,231,48
6003,244,49
6004,240,54
6005,236,49
6006,214,48
6007,261,56
6008,261,52
6009,217,47
6010,243,51
6011,232,51
6012,224,49
6013,252,49
6014,226,47
6015,231,48
6016,244,49
6017,248,49
6018,243,53
6019,233,50
6020,241,52
6021,258,56
6022,215,48
6023,244,46
6024,240,53
6025,229,47
6026,236,53
6027,241,51
6028,231,51
6029,241,52
6030,223,48
6031,214,47
6032,220,51
6033,238,52
6034,216,48
6035,227,50
6036,246,51
6037,215,48
6038,228,49
6039,233,49
6040,247,51
6041,234,52
6042,225,48
6043,226,49
6044,245,55
6045,236,47
6046,225,49
6047,239,49
6048,241,51
6049,253,50
6050,258,50
6051,221,52
6052,257,55
6053,217,48
6054,240,55
6055,226,50
6056,248,50
6057,230,50
6058,220,51
6059,228,47
6060,240,47
6061,211,49
6062,230,50
6063,246,51
6064,224,48
6065,232,51
6066,218,49
6067,213,50
6068,217,45
6069,220,50
6070,222,49
6071,228,46
6072,238,51
6073,225,47
6074,229,49
6075,269,51
6076,224,48
6077,245,47
6078,227,48
6079,241,51
6080,230,50
6081,235,47
6082,251,53
6083,217,50
6084,231,48
6085,244,53
6086,224,50
6087,240,51
6088,239,51
6089,247,49
6090,251,52
6091,214,45
6092,235,50
6093,240,50
6094,234,50
6095,240,48
6096,226,47
6097,239,53
6098,238,53
6099,229,51
6100,209,48
6101,233,49
6102,230,50
6103,228,50
6104,246,50
6105,225,49
6106,212,48
6107,229,50
6108,244,54
6109,237,49
6110,242,49
6111,240,49
6112,239,51
6113,229,50
6114,241,48
6115,229,52
6116,202,44
6117,240,52
6118,222,46
6119,217,46
6120,216,51
6121,238,52
6122,226,49
6123,232,50
6124,226,50
6125,240,49
6126,234,50
6127,217,46
6128,232,51
6129,210,49
6130,253,51
6131,232,47
6132,243,50
6133,228,48
6134,240,50
6135,309,59
6136,256,51
6137,236,50
6138,235,49
6139,235,52
6140,230,48
6141,234,48
6142,246,54
6143,229,48
6144,238,50
6145,231,48
6146,229,53
6147,251,51
6148,224,48
6149,234,47
6150,222,49
6151,237,52
6152,248,52
6153,242,48
6154,248,53
6155,225,54
6156,232,50
6157,235,50
6158,216,46
6159,225,46
6160,235,51
6161,229,47
6162,225,48
6163,217,45
6164,242,51
6165,240,50
6166,251,49
6167,236,51
6168,238,50
6169,239,52
6170,250,51
6171,212,47
6172,249,51
6173,228,52
6174,240,52
6175,240,49
6176,208,45
6177,227,53
6178,230,48
6179,257,51
6180,214,45
6181,282,54
6182,239,48
6183,225,48
6184,235,50
6185,222,48
6186,235,50
6187,239,50
6188,264,51
6189,268,53
6190,251,50
6191,246,52
6192,230,52
6193,211,50
6194,259,49
6195,225,48
6196,245,49
6197,234,50
6198,248,53
6199,217,46
6200,238,52
6201,225,54
6202,258,51
6203,252,51
6204,248,52
6205,230,48
6206,244,54
6207,263,53
6208,258,53
6209,231,51
6210,242,50
6211,220,50
6212,224,49
6213,220,47
6214,224,48
6215,239,51
6216,231,48
6217,232,52
6218,218,49
6219,241,52
6220,242,53
6221,232,53
6222,217,47
6223,246,50
6224,235,49
6225,230,49
6226,242,51
6227,219,49
6228,228,50
6229,214,46
6230,227,47
6231,241,48
6232,230,46
6233,237,51
6234,254,51
6235,251,50
6236,227,47
6237,259,49
6238,254,51
6239,231,49
6240,267,53
6241,255,52
6242,219,47
6243,236,53
6244,237,47
6245,232,50
6246,241,52
6247,254,49
6248,228,48
6249,281,55
6250,232,49
6251,229,46
6252,226,48
6253,234,52
6254,238,49
6255,243,50
6256,248,52
6257,240,51
6258,230,53
6259,244,50
6260,213,50
6261,210,47
6262,239,52
6263,237,50
6264,240,50
6265,239,47
6266,249,50
6267,263,54
6268,258,50
6269,242,51
6270,226,50
6271,225,46
6272,233,49
6273,267,54
6274,252,54
6275,240,51
6276,227,50
6277,222,49
6278,217,47
6279,234,49
6280,249,55
6281,213,46
6282,232,52
6283,231,49
6284,234,47
6285,250,53
6286,255,52
6287,260,51
6288,234,52
6289,231,49
6290,243,53
6291,224,49
6292,235,48
6293,232,50
6294,275,54
6295,231,50
6296,233,51
6297,231,52
6298,245,54
6299,232,49
6300,231,47
6301,238,51
6302,232,51
6303,254,51
6304,231,49
6305,240,50
6306,231,47
6307,219,50
6308,242,51
6309,244,51
6310,248,48
6311,264,53
6312,255,53
6313,243,52
6314,263,51
6315,218,50
6316,223,46
6317,241,52
6318,242,50
6319,236,52
6320,222,47
6321,251,49
6322,240,49
6323,244,49
6324,216,46
6325,236,52
6326,222,50
6327,210,47
6328,254,53
6329,248,53
6330,221,48
6331,225,52
6332,247,52
6333,237,48
6334,239,50
6335,237,49
6336,232,50
6337,212,46
6338,243,48
6339,236,51
6340,220,45
6341,236,52
6342,233,51
6343,241,47
6344,235,49
6345,238,50
6346,230,48
6347,241,49
6348,246,51
6349,216,46
6350,240,51
6351,220,51
6352,245,52
6353,216,48
6354,230,49
6355,233,48
6356,239,50
6357,271,55
6358,237,52
6359,231,49
6360,233,49
6361,269,52
6362,243,51
6363,268,56
6364,241,51
6365,242,49
6366,253,52
6367,247,51
6368,242,50
6369,227,51
6370,221,44
6371,241,52
6372,242,51
6373,233,52
6374,241,53
6375,224,47
6376,236,49
6377,221,50
6378,225,47
6379,239,48
6380,263,54
6381,232,50
6382,233,49
6383,239,47
6384,221,50
6385,238,53
6386,260,55
6387,247,51
6388,243,50
6389,226,48
6390,247,55
6391,246,50
6392,223,50
6393,267,52
6394,223,50
6395,224,47
6396,237,49
6397,255,50
6398,222,47
6399,247,53
6400,235,47
6401,257,52
6402,259,52
6403,235,51
6404,233,48
6405,220,48
6406,243,53
6407,230,49
6408,244,50
6409,234,47
6410,256,51
6411,226,49
6412,236,48
6413,231,51
6414,235,47
6415,235,51
6416,223,46
6417,230,50
6418,243,49
6419,234,48
6420,233,50
6421,233,49
6422,255,51
6423,223,50
6424,243,51
6425,222,50
6426,252,48
6427,247,51
6428,230,45
6429,223,49
6430,249,53
6431,241,52
6432,236,51
6433,234,51
6434,232,48
6435,233,49
6436,238,55
6437,229,50
6438,254,50
6439,240,50
6440,244,49
6441,247,52
6442,236,50
6443,231,50
6444,225,46
6445,209,49
6446,227,47
6447,247,52
6448,230,48
6449,237,49
6450,233,50
6451,234,53
6452,253,53
6453,239,49
6454,229,51
6455,234,49
6456,244,50
6457,215,47
6458,240,51
6459,240,50
6460,225,49
6461,259,52
6462,236,50
6463,240,50
6464,213,50
6465,250,55
6466,246,50
6467,246,51
6468,258,52
6469,235,50
6470,227,51
6471,258,51
6472,230,50
6473,236,50
6474,225,46
6475,216,46
6476,235,48
6477,245,53
6478,269,50
6479,244,49
6480,256,54
6481,235,49
6482,208,49
6483,235,49
6484,230,50
6485,224,51
6486,213,51
6487,243,50
6488,245,52
6489,233,49
6490,244,53
6491,237,49
6492,221,49
6493,217,51
6494,235,50
6495,222,50
6496,221,50
6497,247,54
6498,256,50
6499,221,46
6500,253,52
6501,200,49
6502,239,46
6503,238,50
6504,223,45
6505,232,49
6506,222,47
6507,230,51
6508,254,54
6509,234,47
6510,242,51
6511,239,51
6512,224,50
6513,229,52
6514,257,52
6515,241,52
6516,248,52
6517,226,46
6518,228,49
6519,240,51
6520,244,49
6521,231,50
6522,221,44
6523,233,51
6524,256,54
6525,232,50
6526,251,49
6527,236,51
6528,244,51
6529,264,55
6530,241,53
6531,230,45
6532,220,51
6533,226,48
6534,225,46
6535,232,49
6536,231,46
6537,241,51
6538,243,50
6539,225,48
6540,216,47
6541,228,50
6542,235,47
6543,244,50
6544,255,52
6545,243,50
6546,234,51
6547,247,49
6548,254,53
6549,231,48
6550,239,49
6551,209,46
6552,230,47
6553,229,49
6554,224,48
6555,244,49
6556,229,48
6557,243,52
6558,256,49
6559,244,54
6560,250,52
6561,226,50
6562,256,54
6563,229,50
6564,241,53
6565,214,48
6566,222,52
6567,236,48
6568,227,51
6569,253,50
6570,275,52
6571,238,49
6572,243,47
6573,254,53
6574,237,51
6575,239,53
6576,249,51
6577,232,50
6578,233,48
6579,247,49
6580,257,51
6581,255,49
6582,251,49
6583,236,49
6584,228,48
6585,226,48
6586,253,51
6587,250,53
6588,251,52
6589,229,47
6590,230,49
6591,240,50
6592,224,47
6593,254,52
6594,224,49
6595,251,53
6596,254,50
6597,240,53
6598,232,50
6599,260,50
6600,274,52
6601,236,50
6602,235,47
6603,228,49
6604,255,49
6605,248,49
6606,226,50
6607,224,49
6608,234,48
6609,256,52
6610,230,47
6611,232,52
6612,215,51
6613,207,48
6614,250,50
6615,217,47
6616,242,48
6617,226,51
6618,237,48
6619,236,53
6620,233,44
6621,228,48
6622,251,51
6623,222,48
6624,210,48
6625,241,51
6626,223,47
6627,223,47
6628,237,50
6629,243,53
6630,238,49
6631,235,51
6632,243,53
6633,233,51
6634,221,47
6635,242,48
6636,224,48
6637,231,49
6638,237,48
6639,246,54
6640,248,49
6641,246,50
6642,254,49
6643,238,53
6644,225,49
6645,249,50
6646,219,47
6647,245,49
6648,246,50
6649,240,48
6650,233,49
6651,259,54
6652,243,53
6653,231,46
6654,241,49
6655,248,51
6656,230,49
6657,242,49
6658,238,51
6659,236,47
6660,238,50
6661,258,52
6662,238,49
6663,219,48
6664,234,50
6665,226,48
6666,252,51
6667,227,47
6668,225,51
6669,256,52
6670,235,50
6671,234,51
6672,251,51
6673,231,47
6674,230,48
6675,233,51
6676,237,50
6677,234,50
6678,249,50
6679,229,48
6680,232,50
6681,229,50
6682,235,50
6683,226,50
6684,242,51
6685,215,48
6686,227,47
6687,229,48
6688,219,47
6689,225,50
6690,231,46
6691,249,46
6692,267,52
6693,245,50
6694,237,49
6695,230,47
6696,223,49
6697,229,47
6698,245,51
6699,234,50
6700,239,51
6701,238,50
6702,249,50
6703,242,51
6704,233,47
6705,251,52
6706,229,49
6707,242,49
6708,245,53
6709,226,53
6710,230,51
6711,288,53
6712,224,48
6713,242,49
6714,233,49
6715,232,48
6716,236,53
6717,227,49
6718,246,52
6719,234,50
6720,243,52
6721,226,49
6722,227,50
6723,241,52
6724,248,51
6725,214,48
6726,237,51
6727,233,51
6728,205,47
6729,270,55
6730,232,50
6731,235,51
6732,244,51
6733,227,48
6734,230,49
6735,244,50
6736,226,50
6737,227,50
6738,223,49
6739,240,52
6740,262,53
6741,238,51
6742,230,49
6743,223,50
6744,229,49
6745,220,46
6746,250,49
6747,251,51
6748,226,48
6749,244,48
6750,236,51
6751,227,49
6752,234,49
6753,226,51
6754,245,46
6755,223,46
6756,256,53
6757,231,49
6758,241,49
6759,224,51
6760,237,54
6761,224,50
6762,247,49
6763,204,45
6764,220,48
6765,225,49
6766,224,51
6767,243,51
6768,214,47
6769,235,52
6770,220,49
6771,252,52
6772,227,52
6773,246,51
6774,253,51
6775,225,50
6776,229,51
6777,248,53
6778,224,49
6779,240,50
6780,247,53
6781,223,50
6782,251,51
6783,242,48
6784,251,54
6785,245,51
6786,234,50
6787,254,51
6788,252,48
6789,207,44
6790,233,51
6791,230,50
6792,233,50
6793,235,49
6794,246,48
6795,252,54
6796,224,48
6797,230,48
6798,239,50
6799,253,52
6800,234,49
6801,241,48
6802,274,52
6803,243,52
6804,257,49
6805,242,50
6806,238,48
6807,226,49
6808,241,49
6809,223,49
6810,227,49
6811,227,48
6812,235,51
6813,255,54
6814,233,49
6815,217,46
6816,254,51
6817,243,48
6818,228,51
6819,248,52
6820,224,51
6821,216,48
6822,237,51
6823,275,55
6824,235,49
6825,214,50
6826,240,50
6827,236,51
6828,237,51
6829,236,50
6830,256,50
6831,230,50
6832,231,50
6833,247,49
6834,233,51
6835,241,49
6836,218,50
6837,230,47
6838,244,56
6839,223,50
6840,234,51
6841,222,50
6842,212,43
6843,238,49
6844,225,47
6845,234,51
6846,243,49
6847,248,51
6848,232,46
6849,244,49
6850,266,52
6851,237,48
6852,228,46
6853,232,50
6854,226,49
6855,263,49
6856,250,52
6857,216,49
6858,231,50
6859,239,50
6860,251,51
6861,245,51
6862,244,51
6863,238,53
6864,211,46
6865,217,46
6866,242,53
6867,231,47
6868,237,48
6869,230,47
6870,223,51
6871,250,53
6872,232,51
6873,235,48
6874,236,49
6875,252,50
6876,249,51
6877,228,51
6878,239,50
6879,233,51
6880,239,51
6881,246,50
6882,234,52
6883,233,49
6884,234,52
6885,227,49
6886,247,50
6887,226,50
6888,238,48
6889,266,48
6890,231,47
6891,217,48
6892,242,50
6893,248,47
6894,228,49
6895,216,46
6896,215,50
6897,236,50
6898,234,49
6899,248,53
6900,230,49
6901,259,49
6902,223,47
6903,236,50
6904,235,49
6905,245,50
6906,218,52
6907,222,50
6908,229,47
6909,245,51
6910,223,48
6911,236,48
6912,226,50
6913,218,48
6914,241,49
6915,241,49
6916,226,49
6917,227,47
6918,223,48
6919,262,52
6920,219,48
6921,254,54
6922,224,49
6923,229,49
6924,238,51
6925,231,50
6926,235,50
6927,253,52
6928,234,49
6929,222,46
6930,227,49
6931,234,49
6932,221,47
6933,215,47
6934,256,51
6935,239,52
6936,278,54
6937,228,49
6938,240,50
6939,227,51
6940,244,50
6941,231,52
6942,242,52
6943,221,49
6944,236,50
6945,253,52
6946,251,51
6947,277,59
6948,233,49
6949,229,50
6950,226,50
6951,239,53
6952,243,49
6953,258,54
6954,229,46
6955,231,49
6956,227,52
6957,245,51
6958,247,48
6959,217,47
6960,251,51
6961,250,54
6962,230,49
6963,224,50
6964,216,47
6965,205,46
6966,234,52
6967,239,52
6968,239,50
6969,226,50
6970,231,51
6971,226,48
6972,249,51
6973,226,46
6974,259,51
6975,218,50
6976,232,54
6977,228,48
6978,236,47
6979,229,49
6980,246,52
6981,231,51
6982,251,52
6983,246,51
6984,217,46
6985,224,45
6986,231,50
6987,227,53
6988,268,55
6989,230,50
6990,256,55
6991,236,49
6992,237,52
6993,238,48
6994,228,51
6995,225,47
6996,224,45
6997,258,47
6998,228,49
6999,254,50
7000,269,53
7001,227,47
7002,235,52
7003,232,51
7004,246,50
7005,234,54
7006,247,52
7007,268,54
7008,244,54
7009,232,50
7010,247,50
7011,240,51
7012,230,46
7013,250,51
7014,245,52
7015,241,49
7016,229,52
7017,234,53
7018,234,49
7019,219,49
7020,222,47
7021,228,48
7022,239,50
7023,239,54
7024,243,52
7025,230,48
7026,239,50
7027,226,50
7028,239,52
7029,242,51
7030,246,50
7031,249,47
7032,218,51
7033,240,48
7034,243,49
7035,227,49
7036,215,47
7037,247,51
7038,255,49
7039,231,49
7040,262,52
7041,242,49
7042,248,48
7043,235,50
7044,232,48
7045,246,53
7046,219,52
7047,235,51
7048,249,53
7049,237,51
7050,251,52
7051,267,52
7052,238,52
7053,233,48
7054,249,50
7055,215,44
7056,233,51
7057,243,47
7058,249,51
7059,270,52
7060,285,53
7061,254,48
7062,240,51
7063,219,50
7064,233,48
7065,224,49
7066,245,49
7067,261,50
7068,232,48
7069,244,53
7070,213,45
7071,276,53
7072,239,54
7073,246,48
7074,241,49
7075,225,50
7076,246,53
7077,251,49
7078,216,45
7079,218,50
7080,241,49
7081,227,50
7082,227,50
7083,235,51
7084,231,50
7085,211,50
7086,232,51
7087,252,50
7088,219,46
7089,238,49
7090,245,50
7091,242,49
7092,245,50
7093,248,49
7094,256,50
7095,229,46
7096,224,48
7097,264,51
7098,254,53
7099,259,50
7100,212,48
7101,210,48
7102,234,50
7103,235,46
7104,246,48
7105,240,48
7106,221,52
7107,259,54
7108,224,47
7109,268,50
7110,207,49
7111,236,48
7112,249,53
7113,222,50
7114,267,56
7115,255,52
7116,222,50
7117,231,51
7118,240,51
7119,260,54
7120,222,49
7121,240,50
7122,220,48
7123,217,48
7124,243,50
7125,221,47
7126,229,52
7127,247,53
7128,250,52
7129,228,53
7130,217,46
7131,239,48
7132,233,49
7133,238,51
7134,233,48
7135,221,47
7136,245,51
7137,226,47
7138,266,52
7139,249,51
7140,234,47
7141,252,50
7142,257,51
7143,252,51
7144,222,49
7145,216,46
7146,231,49
7147,223,47
7148,248,55
7149,226,49
7150,242,51
7151,244,50
7152,246,49
7153,229,53
7154,232,50
7155,228,47
7156,232,51
7157,209,48
7158,230,49
7159,218,49
7160,211,43
7161,237,50
7162,219,48
7163,226,48
7164,233,48
7165,228,47
7166,234,50
7167,260,49
7168,243,49
7169,250,52
7170,221,50
7171,227,49
7172,256,49
7173,250,50
7174,242,49
7175,238,46
7176,227,49
7177,218,51
7178,239,51
7179,233,50
7180,244,51
7181,250,49
7182,239,52
7183,240,47
7184,233,48
7185,235,52
7186,231,51
7187,242,48
7188,244,51
7189,232,50
7190,223,47
7191,243,48
7192,218,46
7193,249,53
7194,235,49
7195,235,52
7196,236,52
7197,239,50
7198,224,47
7199,218,48
7200,268,55
7201,220,45
7202,246,53
7203,241,50
7204,243,51
7205,235,50
7206,243,50
7207,233,48
7208,241,49
7209,224,50
7210,234,54
7211,226,47
7212,247,51
7213,233,49
7214,232,49
7215,231,48
7216,216,49
7217,249,54
7218,222,49
7219,252,51
7220,245,50
7221,250,51
7222,224,48
7223,227,50
7224,239,52
7225,230,46
7226,254,49
7227,215,52
7228,228,52
7229,226,48
7230,213,46
7231,255,51
7232,217,49
7233,220,49
7234,234,52
7235,248,50
7236,225,47
7237,222,49
7238,249,51
7239,253,49
7240,231,50
7241,222,47
7242,234,49
7243,230,52
7244,259,51
7245,238,50
7246,249,50
7247,236,47
7248,235,48
7249,251,51
7250,258,54
7251,215,48
7252,217,49
7253,251,55
7254,250,53
7255,221,50
7256,232,49
7257,224,50
7258,253,55
7259,212,47
7260,235,52
7261,247,53
7262,231,53
7263,252,54
7264,251,53
7265,233,51
7266,233,50
7267,248,56
7268,262,51
7269,224,52
7270,233,49
7271,245,49
7272,246,49
7273,260,48
7274,232,50
7275,211,46
7276,238,48
7277,236,48
7278,226,52
7279,223,49
7280,247,49
7281,215,49
7282,261,55
7283,243,50
7284,220,48
7285,215,46
7286,235,50
7287,234,52
7288,212,43
7289,252,54
7290,213,47
7291,230,52
7292,250,50
7293,204,45
7294,243,51
7295,239,50
7296,264,54
7297,226,50
7298,244,50
7299,221,45
7300,244,52
7301,228,51
7302,230,54
7303,228,53
7304,234,51
7305,226,50
7306,243,50
7307,252,53
7308,238,49
7309,243,53
7310,261,51
7311,235,49
7312,239,50
7313,218,48
7314,243,52
7315,262,54
7316,239,46
7317,232,49
7318,241,49
7319,233,48
7320,237,49
7321,230,50
7322,229,49
7323,232,50
7324,230,48
7325,238,52
7326,247,50
7327,256,49
7328,247,52
7329,224,48
7330,225,49
7331,234,52
7332,227,50
7333,230,47
7334,223,50
7335,258,49
7336,252,49
7337,224,49
7338,243,50
7339,238,50
7340,242,52
7341,245,51
7342,247,50
7343,231,50
7344,231,50
7345,235,49
7346,262,51
7347,267,53
7348,229,50
7349,266,49
7350,205,48
7351,234,48
7352,253,52
7353,233,51
7354,244,49
7355,262,51
7356,226,51
7357,223,49
7358,225,50
7359,235,48
7360,237,52
7361,239,49
7362,239,50
7363,236,48
7364,240,50
7365,242,48
7366,242,50
7367,229,48
7368,229,50
7369,227,46
7370,243,50
7371,251,52
7372,226,48
7373,239,50
7374,246,54
7375,232,49
7376,221,52
7377,242,51
7378,267,51
7379,252,53
7380,226,48
7381,224,50
7382,210,48
7383,225,45
7384,240,52
7385,224,49
7386,213,48
7387,234,49
7388,231,47
7389,236,49
7390,245,53
7391,234,51
7392,248,52
7393,228,47
7394,257,50
7395,229,52
7396,231,49
7397,231,49
7398,239,52
7399,229,47
7400,236,50
7401,253,53
7402,246,51
7403,257,52
7404,261,50
7405,234,49
7406,231,53
7407,232,49
7408,223,48
7409,242,51
7410,242,52
7411,246,53
7412,226,47
7413,223,51
7414,218,46
7415,238,50
7416,222,48
7417,251,52
7418,284,55
7419,253,51
7420,238,53
7421,217,46
7422,246,52
7423,229,49
7424,229,49
7425,230,50
7426,220,52
7427,242,51
7428,240,49
7429,207,46
7430,235,50
7431,252,52
7432,245,50
7433,228,50
7434,242,48
7435,222,52
7436,245,54
7437,229,48
7438,231,51
7439,249,51
7440,227,49
7441,233,48
7442,246,52
7443,224,49
7444,284,54
7445,256,53
7446,247,50
7447,230,48
7448,221,47
7449,219,47
7450,258,52
7451,249,49
7452,250,54
7453,230,47
7454,228,48
7455,218,46
7456,237,51
7457,260,51
7458,226,49
7459,228,52
7460,221,53
7461,214,50
7462,223,52
7463,238,48
7464,221,49
7465,234,49
7466,235,50
7467,237,49
7468,213,47
7469,241,48
7470,242,51
7471,248,50
7472,254,53
7473,228,48
7474,228,48
7475,211,48
7476,221,49
7477,253,53
7478,212,45
7479,263,50
7480,245,50
7481,228,49
7482,231,53
7483,242,49
7484,227,52
7485,237,49
7486,223,45
7487,227,50
7488,226,48
7489,241,55
7490,228,48
7491,230,51
7492,224,50
7493,224,45
7494,259,54
7495,232,48
7496,264,52
7497,234,50
7498,251,50
7499,231,49
7500,231,48
7501,241,51
7502,228,46
7503,221,50
7504,269,50
7505,241,50
7506,230,50
7507,231,47
7508,240,50
7509,247,53
7510,249,52
7511,235,50
7512,240,54
7513,229,47
7514,228,47
7515,224,48
7516,236,52
7517,231,52
7518,216,48
7519,235,47
7520,264,47
7521,251,52
7522,220,48
7523,226,51
7524,216,49
7525,242,50
7526,219,44
7527,253,50
7528,251,50
7529,233,51
7530,242,53
7531,229,49
7532,228,50
7533,256,49
7534,215,50
7535,243,50
7536,266,51
7537,247,51
7538,228,50
7539,235,48
7540,230,49
7541,229,50
7542,226,47
7543,241,51
7544,225,48
7545,228,48
7546,243,49
7547,254,52
7548,217,48
7549,212,49
7550,250,51
7551,243,47
7552,244,52
7553,252,51
7554,248,52
7555,247,48
7556,222,50
7557,231,48
7558,248,47
7559,258,51
7560,237,51
7561,228,45
7562,234,47
7563,237,47
7564,223,49
7565,241,50
7566,221,45
7567,252,52
7568,236,51
7569,238,50
7570,230,50
7571,225,49
7572,243,51
7573,234,49
7574,219,49
7575,267,55
7576,232,48
7577,229,47
7578,252,52
7579,232,47
7580,234,50
7581,262,50
7582,236,50
7583,247,50
7584,223,46
7585,232,48
7586,241,48
7587,227,48
7588,240,49
7589,223,52
7590,215,48
7591,213,51
7592,240,51
7593,250,50
7594,236,52
7595,237,50
7596,235,50
7597,250,49
7598,261,51
7599,220,50
7600,214,50
7601,244,51
7602,252,49
7603,231,50
7604,250,50
7605,223,45
7606,247,52
7607,222,46
7608,219,49
7609,250,51
7610,225,48
7611,235,49
7612,243,55
7613,235,50
7614,237,52
7615,225,48
7616,226,52
7617,242,49
7618,244,53
7619,261,53
7620,236,49
7621,234,50
7622,242,54
7623,236,50
7624,219,50
7625,240,52
7626,233,52
7627,222,48
7628,227,49
7629,232,52
7630,246,51
7631,261,51
7632,219,48
7633,242,52
7634,239,48
7635,251,53
7636,237,46
7637,220,46
7638,221,51
7639,249,49
7640,227,50
7641,238,52
7642,273,54
7643,233,50
7644,215,48
7645,217,49
7646,244,51
7647,215,45
7648,225,53
7649,218,49
7650,198,47
7651,230,50
7652,224,50
7653,248,50
7654,216,47
7655,269,52
7656,246,50
7657,244,53
7658,226,48
7659,229,48
7660,275,52
7661,249,52
7662,240,51
7663,231,53
7664,242,50
7665,242,51
7666,235,53
7667,249,51
7668,239,51
7669,241,49
7670,207,45
7671,235,50
7672,236,50
7673,248,51
7674,240,50
7675,228,50
7676,234,49
7677,214,46
7678,246,52
7679,252,51
7680,232,52
7681,265,50
7682,243,48
7683,246,48
7684,243,52
7685,225,50
7686,253,51
7687,218,51
7688,249,54
7689,258,55
7690,228,50
7691,238,50
7692,227,48
7693,256,51
7694,247,54
7695,244,52
7696,243,52
7697,232,47
7698,229,53
7699,241,53
7700,228,50
7701,224,50
7702,234,53
7703,235,52
7704,226,47
7705,249,50
7706,252,53
7707,239,48
7708,238,49
7709,256,53
7710,265,52
7711,221,50
7712,244,51
7713,231,48
7714,252,46
7715,246,51
7716,233,51
7717,218,49
7718,261,54
7719,251,54
7720,240,49
7721,230,47
7722,219,48
7723,248,52
7724,226,49
7725,230,48
7726,221,47
7727,243,49
7728,242,51
7729,266,50
7730,217,47
7731,225,46
7732,208,49
7733,242,47
7734,238,49
7735,233,53
7736,263,53
7737,223,48
7738,230,50
7739,245,54
7740,241,51
7741,236,52
7742,262,53
7743,212,49
7744,210,46
7745,237,49
7746,222,51
7747,240,47
7748,227,48
7749,222,51
7750,238,51
7751,271,52
7752,235,49
7753,244,50
7754,237,51
7755,256,53
7756,227,52
7757,249,48
7758,268,51
7759,226,52
7760,255,52
7761,232,52
7762,252,53
7763,241,51
7764,241,50
7765,230,48
7766,222,48
7767,229,47
7768,221,50
7769,291,51
7770,239,54
7771,252,54
7772,220,45
7773,240,49
7774,231,50
7775,241,49
7776,238,54
7777,232,50
7778,222,48
7779,225,49
7780,246,51
7781,253,52
7782,230,51
7783,269,55
7784,217,50
7785,266,53
7786,274,52
7787,250,52
7788,257,52
7789,244,51
7790,254,56
7791,226,50
7792,212,49
7793,233,46
7794,226,47
7795,232,49
7796,237,52
7797,269,51
7798,237,52
7799,253,52
7800,224,48
7801,237,52
7802,236,49
7803,236,48
7804,242,49
7805,259,50
7806,233,52
7807,234,49
7808,210,48
7809,224,48
7810,224,52
7811,237,52
7812,238,48
7813,223,51
7814,229,50
7815,230,48
7816,237,51
7817,235,51
7818,242,50
7819,220,49
7820,226,49
7821,243,52
7822,246,50
7823,221,49
7824,229,52
7825,234,52
7826,242,51
7827,237,51
7828,243,54
7829,227,47
7830,255,52
7831,236,52
7832,231,47
7833,235,52
7834,244,51
7835,211,46
7836,244,53
7837,237,52
7838,233,53
7839,223,45
7840,223,50
7841,227,49
7842,210,50
7843,226,46
7844,227,50
7845,218,50
7846,222,50
7847,252,49
7848,237,52
7849,220,51
7850,238,48
7851,250,49
7852,231,49
7853,213,49
7854,232,53
7855,233,46
7856,226,52
7857,230,51
7858,223,47
7859,239,52
7860,248,53
7861,250,51
7862,208,50
7863,286,54
7864,229,51
7865,230,49
7866,224,48
7867,241,47
7868,227,50
7869,218,46
7870,246,53
7871,248,51
7872,218,47
7873,227,46
7874,227,47
7875,235,51
7876,245,48
7877,252,51
7878,208,51
7879,227,48
7880,245,47
7881,234,52
7882,244,49
7883,235,50
7884,248,50
7885,232,52
7886,255,52
7887,242,52
7888,243,51
7889,232,48
7890,231,47
7891,218,48
7892,241,51
7893,233,48
7894,236,49
7895,240,48
7896,231,47
7897,231,50
7898,235,50
7899,231,49
7900,227,47
7901,235,50
7902,227,50
7903,245,53
7904,236,49
7905,230,51
7906,218,50
7907,220,47
7908,225,50
7909,231,44
7910,212,48
7911,227,49
7912,241,51
7913,255,50
7914,245,50
7915,226,50
7916,207,46
7917,231,50
7918,245,51
7919,215,46
7920,243,50
7921,239,53
7922,257,54
7923,235,50
7924,222,50
7925,240,53
7926,242,51
7927,263,53
7928,226,50
7929,243,51
7930,245,49
7931,231,50
7932,221,48
7933,259,50
7934,242,47
7935,249,52
7936,228,50
7937,250,52
7938,259,51
7939,212,47
7940,224,52
7941,237,49
7942,216,46
7943,227,46
7944,248,48
7945,256,53
7946,227,47
7947,232,48
7948,214,47
7949,222,49
7950,222,48
7951,251,51
7952,223,48
7953,223,48
7954,233,51
7955,223,52
7956,212,50
7957,234,53
7958,220,47
7959,239,52
7960,241,49
7961,216,47
7962,221,47
7963,227,48
7964,243,53
7965,216,49
7966,247,53
7967,228,49
7968,266,54
7969,226,47
7970,242,51
7971,221,46
7972,214,48
7973,251,51
7974,235,49
7975,240,53
7976,260,50
7977,224,48
7978,227,55
7979,232,49
7980,241,51
7981,238,49
7982,217,49
7983,231,50
7984,233,49
7985,237,48
7986,249,48
7987,242,49
7988,229,54
7989,231,48
7990,246,51
7991,228,51
7992,224,48
7993,251,54
7994,230,49
7995,287,55
7996,244,52
7997,229,52
7998,235,50
7999,232,49
8000,228,49
8001,231,51
8002,227,49
8003,240,53
8004,250,50
8005,236,47
8006,234,51
8007,226,51
8008,230,50
8009,218,49
8010,214,49
8011,266,53
8012,218,49
8013,251,53
8014,214,47
8015,235,51
8016,224,53
8017,246,52
8018,220,45
8019,243,49
8020,241,49
8021,230,48
8022,239,51
8023,235,52
8024,219,50
8025,231,50
8026,271,53
8027,258,57
8028,237,44
8029,217,50
8030,237,46
8031,233,52
8032,242,52
8033,249,52
8034,245,50
8035,223,52
8036,244,51
8037,228,47
8038,228,51
8039,245,55
8040,228,51
8041,232,48
8042,228,55
8043,231,52
8044,227,50
8045,246,51
8046,249,50
8047,224,51
8048,236,50
8049,228,49
8050,259,51
8051,231,50
8052,261,52
8053,219,48
8054,231,47
8055,248,50
8056,236,52
8057,242,52
8058,226,50
8059,234,49
8060,223,47
8061,240,49
8062,269,53
8063,232,49
8064,239,48
8065,235,50
8066,244,47
8067,244,49
8068,240,49
8069,220,48
8070,246,48
8071,218,48
8072,234,48
8073,229,48
8074,248,52
8075,256,51
8076,256,49
8077,222,47
8078,245,54
8079,236,52
8080,222,49
8081,249,50
8082,235,50
8083,231,50
8084,231,51
8085,222,49
8086,226,51
8087,229,48
8088,214,48
8089,234,50
8090,249,56
8091,210,48
8092,215,47
8093,229,53
8094,242,49
8095,252,51
8096,247,52
8097,234,48
8098,284,54
8099,233,53
8100,232,51
8101,230,50
8102,222,49
8103,230,47
8104,238,48
8105,229,51
8106,233,49
8107,210,45
8108,234,52
8109,231,46
8110,221,48
8111,242,49
8112,237,51
8113,244,54
8114,233,50
8115,247,52
8116,231,49
8117,236,53
8118,257,51
8119,225,49
8120,228,50
8121,232,50
8122,229,49
8123,257,51
8124,240,52
8125,238,55
8126,228,49
8127,230,48
8128,239,50
8129,241,52
8130,244,50
8131,234,48
8132,252,51
8133,230,49
8134,257,51
8135,245,48
8136,226,49
8137,250,51
8138,219,50
8139,220,48
8140,239,50
8141,244,49
8142,240,53
8143,234,50
8144,222,45
8145,217,49
8146,252,53
8147,225,50
8148,220,50
8149,244,49
8150,230,49
8151,247,53
8152,247,50
8153,229,49
8154,269,51
8155,258,47
8156,235,50
8157,239,46
8158,233,47
8159,230,49
8160,236,49
8161,238,49
8162,236,52
8163,243,52
8164,255,54
8165,224,48
8166,242,52
8167,229,51
8168,236,49
8169,258,53
8170,254,52
8171,242,53
8172,210,46
8173,229,54
8174,237,51
8175,232,51
8176,283,56
8177,237,51
8178,248,49
8179,242,51
8180,236,50
8181,242,49
8182,233,52
8183,244,52
8184,267,51
8185,242,51
8186,220,48
8187,241,51
8188,231,51
8189,230,52
8190,229,50
8191,238,50
8192,233,47
8193,277,52
8194,242,52
8195,249,54
8196,222,46
8197,222,55
8198,249,53
8199,225,51
8200,233,52
8201,207,47
8202,229,52
8203,235,51
8204,230,48
8205,237,48
8206,239,50
8207,219,49
8208,247,52
8209,237,48
8210,239,49
8211,228,48
8212,242,49
8213,251,49
8214,240,50
8215,238,51
8216,245,50
8217,243,52
8218,232,49
8219,237,51
8220,247,50
8221,226,49
8222,238,52
8223,242,51
8224,231,48
8225,232,50
8226,259,51
8227,228,49
8228,231,52
8229,237,50
8230,236,53
8231,257,51
8232,260,54
8233,233,51
8234,258,53
8235,250,53
8236,228,48
8237,225,49
8238,233,49
8239,224,48
8240,222,45
8241,234,55
8242,232,49
8243,232,48
8244,247,53
8245,239,50
8246,223,46
8247,227,51
8248,238,51
8249,228,49
8250,242,47
8251,254,52
8252,246,53
8253,254,48
8254,222,49
8255,243,53
8256,267,52
8257,220,50
8258,242,49
8259,224,46
8260,244,50
8261,242,51
8262,246,53
8263,226,51
8264,249,49
8265,228,49
8266,232,52
8267,221,49
8268,232,49
8269,232,47
8270,245,50
8271,254,50
8272,234,47
8273,262,49
8274,238,53
8275,227,52
8276,232,49
8277,252,51
8278,235,48
8279,240,49
8280,229,52
8281,234,51
8282,225,50
8283,234,52
8284,222,47
8285,224,49
8286,233,52
8287,232,47
8288,245,51
8289,246,55
8290,220,49
8291,228,50
8292,221,48
8293,261,51
8294,246,53
8295,237,51
8296,239,53
8297,216,44
8298,223,48
8299,217,50
8300,233,49
8301,220,51
8302,231,50
8303,253,52
8304,217,49
8305,231,50
8306,234,54
8307,280,55
8308,220,47
8309,248,52
8310,222,49
8311,234,50
8312,246,50
8313,234,52
8314,218,47
8315,233,52
8316,256,51
8317,245,50
8318,238,51
8319,262,53
8320,234,50
8321,236,48
8322,253,50
8323,247,52
8324,219,47
8325,234,50
8326,222,48
8327,244,53
8328,227,48
8329,228,50
8330,231,51
8331,259,52
8332,231,46
8333,235,51
8334,239,49
8335,230,50
8336,237,48
8337,232,48
8338,251,49
8339,218,48
8340,228,51
8341,248,53
8342,230,52
8343,231,46
8344,239,52
8345,250,52
8346,229,49
8347,244,51
8348,235,51
8349,243,51
8350,252,50
8351,238,52
8352,221,48
8353,234,48
8354,246,52
8355,239,48
8356,228,49
8357,257,51
8358,217,50
8359,260,51
8360,211,50
8361,235,49
8362,233,47
8363,228,49
8364,224,49
8365,256,54
8366,251,51
8367,234,52
8368,257,55
8369,236,52
8370,243,48
8371,244,48
8372,258,53
8373,219,48
8374,222,49
8375,237,51
8376,248,49
8377,249,48
8378,253,51
8379,244,50
8380,215,49
8381,217,48
8382,223,49
8383,242,52
8384,219,49
8385,240,51
8386,225,49
8387,240,53
8388,217,48
8389,270,53
8390,232,49
8391,243,53
8392,225,46
8393,227,46
8394,243,51
8395,249,51
8396,243,48
8397,229,51
8398,225,48
8399,227,47
8400,228,53
8401,234,50
8402,227,46
8403,254,52
8404,220,50
8405,266,55
8406,262,51
8407,238,52
8408,252,48
8409,205,47
8410,229,50
8411,250,54
8412,225,50
8413,225,49
8414,249,49
8415,222,53
8416,259,52
8417,238,50
8418,228,49
8419,249,52
8420,239,52
8421,232,51
8422,225,48
8423,269,50
8424,251,49
8425,243,52
8426,245,49
8427,264,50
8428,231,49
8429,221,49
8430,223,49
8431,218,45
8432,218,50
8433,233,48
8434,244,50
8435,239,53
8436,234,48
8437,237,49
8438,239,51
8439,236,50
8440,241,49
8441,259,50
8442,242,49
8443,238,51
8444,227,49
8445,232,48
8446,231,46
8447,218,48
8448,232,52
8449,227,48
8450,240,51
8451,239,52
8452,223,48
8453,247,49
8454,242,50
8455,218,51
8456,240,54
8457,246,53
8458,236,50
8459,242,50
8460,220,51
8461,216,49
8462,218,48
8463,251,51
8464,240,53
8465,247,51
8466,247,50
8467,222,52
8468,248,51
8469,263,50
8470,256,54
8471,237,48
8472,248,50
8473,246,50
8474,234,49
8475,241,49
8476,235,51
8477,227,47
8478,234,53
8479,245,52
8480,218,50
8481,265,51
8482,239,50
8483,224,49
8484,227,51
8485,234,51
8486,219,46
8487,239,51
8488,257,53
8489,238,50
8490,247,51
8491,211,50
8492,230,50
8493,237,51
8494,241,50
8495,248,49
8496,250,52
8497,257,51
8498,223,50
8499,230,49
8500,223,51
8501,243,48
8502,238,48
8503,250,49
8504,231,51
8505,246,50
8506,224,51
8507,239,51
8508,249,50
8509,227,44
8510,250,50
8511,248,52
8512,224,49
8513,247,51
8514,231,47
8515,211,48
8516,254,50
8517,224,45
8518,238,49
8519,225,47
8520,231,48
8521,251,53
8522,234,51
8523,251,51
8524,264,54
8525,249,50
8526,231,50
8527,252,52
8528,233,50
8529,249,51
8530,217,49
8531,242,52
8532,232,50
8533,221,51
8534,244,46
8535,227,52
8536,225,48
8537,249,49
8538,239,48
8539,246,53
8540,262,51
8541,242,51
8542,245,51
8543,228,50
8544,252,50
8545,257,51
8546,245,50
8547,248,50
8548,224,49
8549,233,46
8550,228,47
8551,215,50
8552,238,51
8553,248,50
8554,257,50
8555,243,52
8556,236,48
8557,254,54
8558,218,47
8559,240,51
8560,215,50
8561,244,51
8562,220,48
8563,250,50
8564,237,48
8565,239,51
8566,223,45
8567,233,49
8568,238,52
8569,228,50
8570,238,53
8571,242,49
8572,236,51
8573,265,52
8574,247,49
8575,246,52
8576,227,50
8577,233,51
8578,238,51
8579,232,48
8580,263,53
8581,242,49
8582,230,51
8583,235,48
8584,250,50
8585,263,53
8586,237,51
8587,242,51
8588,247,51
8589,248,52
8590,224,49
8591,226,50
8592,245,51
8593,231,51
8594,233,48
8595,237,50
8596,244,51
8597,219,48
8598,226,54
8599,223,47
8600,232,49
8601,233,52
8602,228,47
8603,229,50
8604,248,51
8605,233,49
8606,215,49
8607,251,55
8608,240,53
8609,249,56
8610,241,53
8611,258,53
8612,243,50
8613,241,49
8614,239,51
8615,249,53
8616,235,50
8617,230,48
8618,217,52
8619,231,50
8620,214,47
8621,237,51
8622,235,47
8623,244,52
8624,229,49
8625,250,49
8626,230,48
8627,259,53
8628,228,50
8629,223,47
8630,237,52
8631,251,47
8632,239,50
8633,235,51
8634,243,51
8635,227,50
8636,246,47
8637,237,53
8638,247,56
8639,213,49
8640,241,49
8641,227,51
8642,247,51
8643,232,52
8644,226,47
8645,267,52
8646,213,47
8647,244,54
8648,242,50
8649,247,51
8650,254,49
8651,261,53
8652,231,50
8653,253,53
8654,228,56
8655,232,51
8656,236,51
8657,226,48
8658,274,51
8659,229,49
8660,235,51
8661,231,46
8662,223,49
8663,221,48
8664,244,48
8665,243,49
8666,249,53
8667,244,52
8668,236,51
8669,253,48
8670,217,47
8671,232,50
8672,227,49
8673,261,50
8674,249,52
8675,232,49
8676,235,53
8677,238,53
8678,221,49
8679,207,47
8680,232,50
8681,254,50
8682,257,50
8683,226,48
8684,248,49
8685,239,51
8686,246,47
8687,229,51
8688,219,45
8689,237,49
8690,231,47
8691,240,53
8692,228,51
8693,242,50
8694,248,53
8695,250,51
8696,233,50
8697,248,49
8698,244,55
8699,244,51
8700,232,50
8701,248,53
8702,257,53
8703,232,48
8704,248,53
8705,240,50
8706,239,47
8707,244,49
8708,239,49
8709,234,52
8710,254,54
8711,222,50
8712,235,51
8713,261,53
8714,238,49
8715,247,53
8716,229,47
8717,219,47
8718,227,49
8719,228,49
8720,226,48
8721,238,54
8722,238,52
8723,233,48
8724,277,54
8725,233,49
8726,249,49
8727,266,53
8728,241,49
8729,247,48
8730,260,51
8731,242,55
8732,222,50
8733,238,50
8734,216,48
8735,230,48
8736,240,52
8737,232,46
8738,255,51
8739,242,50
8740,236,50
8741,226,47
8742,225,50
8743,258,53
8744,228,51
8745,231,48
8746,228,44
8747,217,51
8748,223,50
8749,231,52
8750,251,56
8751,254,52
8752,228,48
8753,234,46
8754,227,48
8755,230,50
8756,238,49
8757,236,50
8758,243,51
8759,236,53
8760,242,49
8761,244,49
8762,223,49
8763,237,50
8764,236,50
8765,252,49
8766,275,53
8767,249,49
8768,235,48
8769,228,50
8770,225,52
8771,218,50
8772,251,50
8773,240,52
8774,232,48
8775,224,47
8776,248,52
8777,242,50
8778,220,45
8779,230,51
8780,236,50
8781,256,49
8782,236,48
8783,232,48
8784,222,47
8785,210,49
8786,247,55
8787,254,52
8788,246,52
8789,224,47
8790,237,50
8791,235,51
8792,258,51
8793,231,55
8794,212,51
8795,225,50
8796,227,49
8797,242,46
8798,234,48
8799,242,49
8800,216,49
8801,241,52
8802,238,50
8803,222,46
8804,229,49
8805,241,48
8806,219,49
8807,229,50
8808,227,51
8809,229,50
8810,251,49
8811,243,49
8812,222,49
8813,258,53
8814,255,50
8815,269,49
8816,221,52
8817,228,46
8818,221,49
8819,241,50
8820,217,49
8821,223,47
8822,251,51
8823,247,52
8824,235,50
8825,244,49
8826,241,52
8827,238,48
8828,216,48
8829,236,50
8830,243,50
8831,230,48
8832,253,53
8833,240,54
8834,256,49
8835,221,50
8836,242,47
8837,242,53
8838,241,49
8839,246,54
8840,237,54
8841,253,51
8842,216,50
8843,254,49
8844,225,47
8845,233,49
8846,228,48
8847,247,47
8848,240,52
8849,218,49
8850,217,47
8851,235,51
8852,244,52
8853,221,49
8854,235,52
8855,245,50
8856,225,50
8857,252,53
8858,251,54
8859,241,53
8860,255,54
8861,227,49
8862,245,51
8863,227,48
8864,221,49
8865,249,49
8866,238,52
8867,222,51
8868,225,49
8869,224,50
8870,256,50
8871,284,51
8872,236,47
8873,228,49
8874,217,48
8875,226,49
8876,237,46
8877,222,47
8878,238,49
8879,234,51
8880,215,47
8881,245,51
8882,267,52
8883,206,47
8884,237,49
8885,248,50
8886,220,51
8887,253,50
8888,223,48
8889,249,50
8890,229,48
8891,246,52
8892,241,46
8893,253,49
8894,238,49
8895,218,49
8896,221,49
8897,232,49
8898,245,51
8899,224,50
8900,210,48
8901,246,52
8902,250,52
8903,227,51
8904,207,46
8905,226,48
8906,229,48
8907,241,51
8908,235,50
8909,233,50
8910,216,45
8911,226,53
8912,218,52
8913,222,49
8914,221,50
8915,207,45
8916,224,50
8917,247,45
8918,237,51
8919,251,53
8920,230,51
8921,255,52
8922,228,49
8923,246,48
8924,228,48
8925,222,47
8926,231,49
8927,224,47
8928,250,50
8929,223,50
8930,230,51
8931,235,49
8932,239,49
8933,232,50
8934,254,52
8935,248,50
8936,218,48
8937,243,52
8938,238,50
8939,240,49
8940,260,56
8941,239,53
8942,243,50
8943,249,49
8944,234,49
8945,225,51
8946,251,52
8947,223,45
8948,249,53
8949,230,50
8950,224,50
8951,238,50
8952,226,51
8953,217,48
8954,234,51
8955,258,50
8956,236,48
8957,237,49
8958,233,50
8959,223,46
8960,234,51
8961,222,49
8962,228,50
8963,224,52
8964,256,53
8965,236,51
8966,229,49
8967,229,48
8968,226,47
8969,231,50
8970,231,51
8971,211,48
8972,243,49
8973,233,54
8974,231,50
8975,217,50
8976,239,49
8977,244,51
8978,235,51
8979,247,50
8980,247,50
8981,228,52
8982,229,51
8983,247,51
8984,236,50
8985,226,47
8986,222,49
8987,244,48
8988,279,53
8989,239,48
8990,219,52
8991,240,49
8992,223,47
8993,216,46
8994,222,50
8995,229,50
8996,247,50
8997,231,53
8998,243,50
8999,230,49
9000,233,50
9001,235,48
9002,232,52
9003,269,54
9004,233,48
9005,220,48
9006,213,46
9007,231,47
9008,213,50
9009,230,48
9010,221,44
9011,248,51
9012,224,50
9013,234,50
9014,215,48
9015,222,48
9016,220,50
9017,254,51
9018,235,47
9019,232,49
9020,252,51
9021,219,48
9022,262,54
9023,233,48
9024,222,47
9025,225,51
9026,227,53
9027,257,52
9028,238,46
9029,267,55
9030,244,50
9031,252,52
9032,228,52
9033,215,50
9034,228,47
9035,263,51
9036,228,53
9037,243,51
9038,257,50
9039,271,53
9040,230,51
9041,228,48
9042,242,48
9043,228,50
9044,231,49
9045,214,51
9046,243,47
9047,241,50
9048,235,48
9049,236,51
9050,233,48
9051,226,49
9052,229,50
9053,260,52
9054,234,49
9055,250,50
9056,231,47
9057,232,52
9058,228,49
9059,240,53
9060,223,47
9061,222,48
9062,229,48
9063,234,50
9064,229,49
9065,208,46
9066,253,47
9067,224,52
9068,249,52
9069,233,49
9070,248,53
9071,238,51
9072,252,54
9073,228,48
9074,253,52
9075,238,51
9076,244,50
9077,240,48
9078,226,46
9079,217,47
9080,259,53
9081,239,47
9082,238,51
9083,258,50
9084,224,47
9085,222,47
9086,216,48
9087,233,50
9088,238,50
9089,237,49
9090,229,49
9091,233,49
9092,215,47
9093,237,50
9094,239,53
9095,230,49
9096,236,53
9097,225,47
9098,245,52
9099,247,52
9100,243,53
9101,237,50
9102,208,48
9103,249,50
9104,236,50
9105,233,48
9106,240,49
9107,268,51
9108,238,49
9109,240,52
9110,235,52
9111,229,49
9112,222,46
9113,219,48
9114,262,53
9115,261,53
9116,220,46
9117,218,50
9118,238,52
9119,252,51
9120,247,51
9121,250,49
9122,253,52
9123,222,49
9124,242,52
9125,253,45
9126,256,48
9127,255,50
9128,237,49
9129,246,53
9130,238,50
9131,248,51
9132,210,46
9133,241,52
9134,237,50
9135,233,50
9136,207,43
9137,226,50
9138,227,51
9139,229,50
9140,254,53
9141,238,51
9142,267,53
9143,241,50
9144,241,51
9145,257,47
9146,223,46
9147,244,52
9148,253,51
9149,239,50
9150,234,52
9151,208,48
9152,244,49
9153,248,49
9154,238,54
9155,246,51
9156,256,52
9157,214,49
9158,219,49
9159,240,51
9160,262,57
9161,227,52
9162,238,47
9163,257,52
9164,234,49
9165,240,50
9166,241,46
9167,228,51
9168,241,53
9169,257,49
9170,225,54
9171,236,50
9172,244,52
9173,229,48
9174,237,51
9175,236,50
9176,259,51
9177,229,49
9178,240,51
9179,237,49
9180,244,51
9181,226,48
9182,243,53
9183,235,50
9184,256,53
9185,222,51
9186,244,50
9187,228,50
9188,222,51
9189,238,52
9190,245,52
9191,229,48
9192,244,53
9193,241,49
9194,261,50
9195,244,50
9196,250,52
9197,232,51
9198,216,47
9199,264,53
9200,225,47
9201,217,48
9202,226,49
9203,238,52
9204,232,47
9205,264,52
9206,236,52
9207,230,50
9208,242,51
9209,230,51
9210,244,53
9211,213,48
9212,246,51
9213,248,48
9214,248,54
9215,252,51
9216,236,49
9217,221,46
9218,239,50
9219,240,53
9220,230,51
9221,236,48
9222,251,51
9223,255,49
9224,240,50
9225,242,53
9226,224,45
9227,212,47
9228,234,50
9229,241,48
9230,238,50
9231,218,49
9232,234,50
9233,244,50
9234,236,48
9235,248,54
9236,237,46
9237,270,51
9238,248,49
9239,236,49
9240,258,53
9241,239,51
9242,228,47
9243,247,50
9244,232,54
9245,277,51
9246,219,47
9247,236,50
9248,230,49
9249,226,49
9250,231,52
9251,247,52
9252,219,46
9253,223,49
9254,249,48
9255,249,49
9256,245,53
9257,245,52
9258,235,53
9259,250,55
9260,218,50
9261,246,50
9262,235,50
9263,234,48
9264,246,49
9265,231,47
9266,230,47
9267,234,49
9268,249,51
9269,209,48
9270,217,50
9271,218,47
9272,226,49
9273,225,50
9274,259,52
9275,216,49
9276,233,46
9277,249,50
9278,232,51
9279,238,51
9280,223,48
9281,274,54
9282,211,49
9283,229,49
9284,223,48
9285,218,47
9286,244,48
9287,271,54
9288,235,52
9289,240,50
9290,229,49
9291,235,51
9292,213,46
9293,256,51
9294,240,51
9295,221,50
9296,212,44
9297,227,50
9298,222,52
9299,228,49
9300,231,50
9301,242,49
9302,247,54
9303,224,48
9304,243,48
9305,221,50
9306,228,50
9307,232,51
9308,246,52
9309,245,51
9310,226,46
9311,233,46
9312,258,57
9313,251,49
9314,235,50
9315,239,48
9316,239,52
9317,230,51
9318,235,51
9319,232,50
9320,229,49
9321,218,49
9322,240,50
9323,225,47
9324,231,49
9325,238,48
9326,224,49
9327,230,46
9328,219,52
9329,223,46
9330,240,52
9331,229,51
9332,232,47
9333,227,49
9334,235,50
9335,217,49
9336,254,51
9337,228,49
9338,224,49
9339,227,49
9340,242,50
9341,236,49
9342,215,49
9343,218,47
9344,233,51
9345,242,51
9346,256,50
9347,216,50
9348,245,49
9349,229,49
9350,239,48
9351,248,49
9352,236,51
9353,217,48
9354,230,48
9355,248,56
9356,229,48
9357,226,48
9358,235,51
9359,234,51
9360,216,46
9361,237,52
9362,230,48
9363,230,47
9364,231,47
9365,222,49
9366,242,49
9367,262,51
9368,257,49
9369,238,52
9370,222,49
9371,237,48
9372,266,54
9373,236,49
9374,229,50
9375,221,48
9376,238,50
9377,255,49
9378,230,50
9379,245,50
9380,230,50
9381,231,51
9382,219,49
9383,232,52
9384,211,45
9385,233,48
9386,254,52
9387,223,49
9388,240,51
9389,261,51
9390,238,50
9391,253,50
9392,235,49
9393,223,48
9394,247,52
9395,240,45
9396,226,48
9397,215,49
9398,248,52
9399,240,48
9400,229,48
9401,218,48
9402,206,44
9403,229,50
9404,252,51
9405,237,51
9406,237,49
9407,233,52
9408,251,54
9409,229,50
9410,230,51
9411,223,47
9412,227,50
9413,231,47
9414,235,52
9415,245,53
9416,220,47
9417,260,49
9418,269,53
9419,219,50
9420,242,50
9421,244,52
9422,247,48
9423,239,49
9424,217,47
9425,243,50
9426,243,51
9427,251,51
9428,222,52
9429,234,50
9430,228,51
9431,237,53
9432,251,53
9433,228,50
9434,260,54
9435,238,52
9436,258,50
9437,239,50
9438,242,50
9439,241,53
9440,228,48
9441,242,51
9442,223,46
9443,225,51
9444,236,51
9445,254,49
9446,229,50
9447,234,48
9448,259,50
9449,244,53
9450,216,49
9451,241,48
9452,235,47
9453,242,50
9454,216,48
9455,228,46
9456,229,49
9457,240,50
9458,238,52
9459,243,52
9460,229,48
9461,211,48
9462,243,53
9463,216,50
9464,253,54
9465,238,49
9466,255,52
9467,236,49
9468,216,48
9469,267,53
9470,226,49
9471,237,49
9472,250,50
9473,217,48
9474,223,47
9475,232,48
9476,261,49
9477,215,49
9478,237,47
9479,236,50
9480,228,50
9481,247,50
9482,228,48
9483,233,50
9484,267,52
9485,225,49
9486,253,49
9487,218,48
9488,265,54
9489,234,49
9490,222,48
9491,239,48
9492,235,50
9493,220,48
9494,218,47
9495,244,50
9496,233,49
9497,232,49
9498,234,52
9499,247,52
9500,231,50
9501,251,51
9502,213,49
9503,236,51
9504,229,52
9505,230,50
9506,240,47
9507,224,49
9508,237,51
9509,261,51
9510,222,50
9511,230,50
9512,239,50
9513,212,46
9514,213,46
9515,228,51
9516,253,52
9517,241,52
9518,244,52
9519,229,47
9520,259,56
9521,257,53
9522,241,48
9523,240,50
9524,243,47
9525,254,52
9526,229,50
9527,233,52
9528,228,48
9529,256,49
9530,221,47
9531,234,50
9532,228,54
9533,231,50
9534,213,48
9535,234,51
9536,239,51
9537,219,47
9538,254,55
9539,240,52
9540,247,50
9541,239,49
9542,244,50
9543,225,48
9544,245,51
9545,231,49
9546,224,47
9547,252,52
9548,247,52
9549,232,51
9550,241,51
9551,224,50
9552,253,56
9553,225,49
9554,234,46
9555,247,50
9556,245,49
9557,238,49
9558,229,51
9559,232,52
9560,237,49
9561,244,47
9562,262,49
9563,218,50
9564,259,51
9565,228,50
9566,237,50
9567,261,51
9568,229,50
9569,232,52
9570,222,49
9571,256,53
9572,232,50
9573,243,51
9574,225,49
9575,233,49
9576,233,47
9577,256,55
9578,237,48
9579,217,50
9580,258,49
9581,241,51
9582,242,51
9583,235,52
9584,245,54
9585,224,48
9586,245,49
9587,236,49
9588,237,51
9589,213,47
9590,254,51
9591,234,51
9592,243,50
9593,226,50
9594,250,51
9595,207,47
9596,234,49
9597,237,53
9598,230,50
9599,234,49
9600,220,49
9601,233,49
9602,263,50
9603,214,50
9604,230,48
9605,247,48
9606,215,47
9607,228,46
9608,236,47
9609,249,49
9610,224,46
9611,228,47
9612,254,53
9613,221,49
9614,251,53
9615,244,52
9616,242,52
9617,210,47
9618,257,50
9619,228,49
9620,251,49
9621,226,47
9622,231,51
9623,247,53
9624,221,47
9625,254,51
9626,269,53
9627,240,51
9628,234,49
9629,230,50
9630,222,52
9631,243,50
9632,247,47
9633,239,51
9634,231,48
9635,220,50
9636,264,50
9637,241,51
9638,232,52
9639,214,45
9640,250,52
9641,246,47
9642,238,49
9643,236,54
9644,236,54
9645,241,54
9646,254,54
9647,234,50
9648,224,47
9649,227,49
9650,235,49
9651,252,53
9652,235,53
9653,267,52
9654,229,51
9655,228,46
9656,248,50
9657,241,48
9658,216,46
9659,238,54
9660,235,49
9661,234,49
9662,252,54
9663,239,45
9664,227,48
9665,240,49
9666,216,48
9667,230,52
9668,220,52
9669,228,49
9670,244,52
9671,244,52
9672,233,46
9673,227,51
9674,246,52
9675,241,51
9676,242,50
9677,259,56
9678,241,50
9679,233,51
9680,245,51
9681,262,52
9682,220,48
9683,229,45
9684,228,52
9685,243,55
9686,246,53
9687,218,49
9688,226,49
9689,236,49
9690,242,50
9691,237,53
9692,210,49
9693,249,53
9694,241,52
9695,233,50
9696,226,54
9697,229,49
9698,227,47
9699,218,49
9700,226,52
9701,268,51
9702,255,50
9703,251,53
9704,230,50
9705,217,47
9706,234,49
9707,235,52
9708,249,54
9709,245,51
9710,230,51
9711,238,50
9712,236,48
9713,244,49
9714,241,49
9715,247,46
9716,235,48
9717,233,52
9718,231,48
9719,237,52
9720,215,48
9721,211,49
9722,212,46
9723,233,45
9724,229,48
9725,227,49
9726,251,49
9727,244,52
9728,227,53
9729,223,49
9730,232,48
9731,222,50
9732,259,53
9733,217,50
9734,238,52
9735,238,52
9736,235,52
9737,235,47
9738,256,53
9739,235,51
9740,248,53
9741,272,53
9742,241,49
9743,233,51
9744,221,50
9745,219,47
9746,221,49
9747,254,53
9748,216,45
9749,221,50
9750,228,50
9751,253,54
9752,255,50
9753,251,51
9754,218,49
9755,226,50
9756,246,51
9757,245,52
9758,230,48
9759,242,49
9760,231,55
9761,223,50
9762,229,48
9763,239,50
9764,236,52
9765,248,50
9766,228,48
9767,247,51
9768,231,49
9769,223,50
9770,257,50
9771,241,54
9772,245,52
9773,220,48
9774,226,50
9775,234,49
9776,235,50
9777,266,51
9778,227,49
9779,222,46
9780,243,50
9781,229,48
9782,224,50
9783,221,46
9784,229,47
9785,217,50
9786,235,47
9787,236,50
9788,252,55
9789,248,51
9790,245,50
9791,223,49
9792,231,49
9793,218,47
9794,236,49
9795,224,50
9796,233,50
9797,227,48
9798,225,49
9799,234,48
9800,252,56
9801,224,49
9802,226,48
9803,247,49
9804,235,50
9805,237,50
9806,214,50
9807,228,50
9808,226,48
9809,240,48
9810,228,50
9811,223,48
9812,225,50
9813,213,46
9814,237,49
9815,222,51
9816,215,49
9817,254,50
9818,248,59
9819,238,50
9820,230,48
9821,220,47
9822,231,51
9823,237,51
9824,208,46
9825,252,49
9826,223,48
9827,229,50
9828,251,53
9829,221,47
9830,252,53
9831,254,51
9832,241,48
9833,210,47
9834,236,49
9835,232,48
9836,250,50
9837,235,49
9838,235,46
9839,226,50
9840,240,51
9841,257,53
9842,222,51
9843,266,53
9844,236,47
9845,242,53
9846,235,50
9847,226,51
9848,233,52
9849,271,54
9850,227,48
9851,256,51
9852,249,48
9853,263,53
9854,232,49
9855,214,47
9856,229,50
9857,201,49
9858,233,48
9859,218,51
9860,234,48
9861,241,48
9862,232,49
9863,222,49
9864,261,52
9865,249,51
9866,239,50
9867,245,50
9868,214,50
9869,221,46
9870,211,48
9871,216,46
9872,258,54
9873,224,51
9874,232,50
9875,224,48
9876,220,51
9877,220,49
9878,235,51
9879,243,55
9880,233,51
9881,210,45
9882,224,48
9883,236,52
9884,229,50
9885,219,52
9886,234,50
9887,219,50
9888,231,51
9889,214,47
9890,218,49
9891,235,51
9892,231,50
9893,225,49
9894,244,48
9895,231,51
9896,227,51
9897,247,55
9898,284,53
9899,260,50
9900,232,50
9901,237,49
9902,225,47
9903,234,49
9904,243,52
9905,233,48
9906,249,52
9907,227,52
9908,220,50
9909,245,50
9910,235,50
9911,242,50
9912,235,51
9913,239,49
9914,244,48
9915,244,50
9916,219,48
9917,241,51
9918,224,50
9919,224,47
9920,224,49
9921,248,52
9922,227,49
9923,224,49
9924,228,51
9925,234,49
9926,231,47
9927,239,51
9928,223,49
9929,229,49
9930,227,46
9931,240,49
9932,223,48
9933,239,51
9934,245,47
9935,240,52
9936,228,50
9937,256,54
9938,235,51
9939,236,49
9940,246,50
9941,230,48
9942,230,51
9943,239,50
9944,225,51
9945,227,52
9946,216,50
9947,243,52
9948,228,49
9949,234,53
9950,237,50
9951,228,48
9952,258,51
9953,231,52
9954,253,52
9955,236,51
9956,248,52
9957,245,54
9958,253,57
9959,238,50
9960,244,47
9961,253,52
9962,231,47
9963,239,46
9964,227,50
9965,224,45
9966,245,52
9967,237,49
9968,228,46
9969,239,51
9970,248,51
9971,220,46
9972,240,51
9973,233,50
9974,241,47
9975,223,52
9976,225,48
9977,231,49
9978,248,49
9979,229,47
9980,218,52
9981,218,47
9982,246,50
9983,244,50
9984,242,51
9985,232,52
9986,239,51
9987,241,49
9988,236,50
9989,221,45
9990,209,47
9991,226,49
9992,229,50
9993,227,51
9994,248,50
9995,233,49
9996,232,50
9997,249,53
9998,248,52
9999,236,48
10000,224,51
